Year,Month,Day,Weekend?,Hour,Collision Type,Injury Type,Primary Factor,Reported_Location,Latitude,Longitude
2015,6,2,Weekday,1100,2-Car,No injury/unknown,UNSAFE BACKING,E MAPLECREST & N HEADLEY,39.188944,-86.5144
2015,6,4,Weekday,1900,2-Car,Non-incapacitating,FAILURE TO YIELD RIGHT OF WAY,S CURRY & W 3RD,39.16463971,-86.5829157
2015,6,5,Weekday,1300,2-Car,No injury/unknown,UNSAFE BACKING,10TH & COLLEGE,39.171744,-86.534768
2015,6,2,Weekday,1100,3+ Cars,Non-incapacitating,FOLLOWING TOO CLOSELY,MADISON & WEST 2ND,39.16141033,-86.53743549
2015,6,2,Weekday,1300,2-Car,No injury/unknown,IMPROPER TURNING,N WALNUT,39.16871445,-86.53356669
2015,6,5,Weekday,1700,1-Car,No injury/unknown,OTHER (ENVIRONMENTAL) - EXPLAIN IN NARR,ARLINGTON & SR46W,39.20840345,-86.58055083
2015,6,5,Weekday,2100,1-Car,No injury/unknown,OTHER (DRIVER) - EXPLAIN IN NARRATIVE,RATLIFF,39.21679527,-86.64838135
2015,6,2,Weekday,1700,2-Car,No injury/unknown,FOLLOWING TOO CLOSELY,FULLERTON & SR7N,39.12221146,-86.57353973
2015,5,5,Weekday,2200,1-Car,No injury/unknown,RAN OFF ROAD RIGHT,TOWER & W ISON,39.104944,-86.61032
2015,6,2,Weekday,1300,2-Car,No injury/unknown,OTHER (DRIVER) - EXPLAIN IN NARRATIVE,WEST 2ND,39.16144,-86.527152
2015,6,3,Weekday,800,2-Car,No injury/unknown,UNSAFE BACKING,11TH & FORREST,39.17341992,-86.52240141
2015,6,3,Weekday,900,2-Car,No injury/unknown,FAILURE TO YIELD RIGHT OF WAY,LEONARD SPRINGS & SR45W,39.142048,-86.582592
2015,6,3,Weekday,900,2-Car,No injury/unknown,UNSAFE BACKING,JONES & JORDAN,39.16540012,-86.51645322
2015,6,6,Weekday,1100,2-Car,No injury/unknown,,LIBERTY,39.145264,-86.577616
2015,6,3,Weekday,800,2-Car,No injury/unknown,UNSAFE BACKING,W 8TH,39.169664,-86.550928
2015,6,3,Weekday,900,2-Car,No injury/unknown,ACCELERATOR FAILURE OR DEFECTIVE,SOUTH FAIRFAX & WALNUT STREET,39.10715997,-86.52650982
2015,6,2,Weekday,2000,2-Car,No injury/unknown,UNSAFE BACKING,N GATES,39.16987228,-86.57498168
2015,6,2,Weekday,2000,2-Car,No injury/unknown,OTHER (DRIVER) - EXPLAIN IN NARRATIVE,N DANIELS,39.16671172,-86.59908838
2015,6,7,Weekend,2300,1-Car,No injury/unknown,ANIMAL/OBJECT IN ROADWAY,CHAPEL HILL & SR446S,39.02483704,-86.40536989
2015,5,6,Weekend,2100,2-Car,Non-incapacitating,FOLLOWING TOO CLOSELY,2ND & ROGERS,39.16140027,-86.53867028
2015,6,4,Weekday,800,2-Car,No injury/unknown,FAILURE TO YIELD RIGHT OF WAY,2ND & COLLEGE MALL,39.160944,-86.497696
2015,6,4,Weekday,600,1-Car,Incapacitating,RAN OFF ROAD RIGHT,RUSH RIDGE & SR446S,39.08472,-86.420688
2015,6,2,Weekday,2200,Moped/Motorcycle,Incapacitating,UNSAFE SPEED,E MONROE DAM & S VALLEY MISSION,39.009344,-86.510096
2015,6,4,Weekday,1400,2-Car,No injury/unknown,UNSAFE BACKING,N COLLEGE,39.168656,-86.534784
2015,6,4,Weekday,1500,3+ Cars,No injury/unknown,FOLLOWING TOO CLOSELY,S LIBERTY & W 3RD,39.14874854,-86.57913006
2015,6,4,Weekday,2200,2-Car,Non-incapacitating,FAILURE TO YIELD RIGHT OF WAY,WALNUT & WINSLOW,39.13597025,-86.5311098
2015,6,5,Weekday,700,Moped/Motorcycle,Incapacitating,FOLLOWING TOO CLOSELY,E 1ST & S WALNUT,39.159344,-86.5336
2015,6,5,Weekday,700,2-Car,No injury/unknown,DISREGARD SIGNAL/REG SIGN,COLLEGE & KIRKWOOD,39.16664,-86.5348
2015,6,5,Weekday,1000,2-Car,No injury/unknown,UNSAFE BACKING,S COLLEGE MALL,39.15760751,-86.49780963
2015,6,5,Weekday,800,1-Car,No injury/unknown,DRIVER ASLEEP OR FATIGUED,EAST SR RD 46,39.18658829,-86.54039001
2015,6,5,Weekday,1200,2-Car,No injury/unknown,OTHER (DRIVER) - EXPLAIN IN NARRATIVE,N SMITH,39.172048,-86.4816
2015,6,5,Weekday,1400,2-Car,No injury/unknown,FAILURE TO YIELD RIGHT OF WAY,10TH & LINCOLN,39.171712,-86.530992
2015,6,5,Weekday,1500,3+ Cars,No injury/unknown,FOLLOWING TOO CLOSELY,SR37N & W VERNAL,39.12373205,-86.56252288
2015,6,5,Weekday,1600,2-Car,No injury/unknown,FOLLOWING TOO CLOSELY,E 10TH & SR4546S,39.176848,-86.478192
2015,6,5,Weekday,1800,1-Car,Incapacitating,RAN OFF ROAD RIGHT,N WALNUT & SR46E,39.186368,-86.5344
2015,6,5,Weekday,1600,2-Car,No injury/unknown,FAILURE TO YIELD RIGHT OF WAY,S WALNUT,39.13736,-86.529904
2015,6,5,Weekday,1600,1-Car,Incapacitating,RAN OFF ROAD RIGHT,DALLAS & HARTSTRAIT,39.19955087,-86.61207966
2015,6,5,Weekday,1500,2-Car,No injury/unknown,UNSAFE BACKING,SOUTH OLD STATE ROAD 37,39.0138258,-86.54091596
2015,6,5,Weekday,1800,2-Car,No injury/unknown,FOLLOWING TOO CLOSELY,FRANKLIN & W 3RD,39.164688,-86.5712
2015,6,5,Weekday,2100,Pedestrian,Non-incapacitating,FAILURE TO YIELD RIGHT OF WAY,KINSER & SR4546W,39.186544,-86.537888
2015,6,6,Weekday,0,2-Car,Incapacitating,WRONG WAY ON ONE WAY,17TH & SR46E,39.18226243,-86.51045827
2015,6,5,Weekday,900,1-Car,No injury/unknown,ANIMAL/OBJECT IN ROADWAY,EVANS & HARMONY,39.07731105,-86.62865271
2015,6,6,Weekday,800,1-Car,No injury/unknown,RAN OFF ROAD RIGHT,6TH & COLLEGE,39.167648,-86.534784
2015,6,6,Weekday,900,2-Car,No injury/unknown,UNSAFE BACKING,S CLARIZZ,39.15260696,-86.49272918
2015,6,6,Weekday,1100,2-Car,No injury/unknown,FAILURE TO YIELD RIGHT OF WAY,SO WALNUT & W 1ST,39.176848,-86.533424
2015,6,6,Weekday,1200,2-Car,No injury/unknown,FOLLOWING TOO CLOSELY,2ND & MADISON,39.161488,-86.537296
2015,6,6,Weekday,1200,2-Car,No injury/unknown,FAILURE TO YIELD RIGHT OF WAY,3RD & ROSE,39.164352,-86.510944
2015,6,6,Weekday,1300,3+ Cars,No injury/unknown,FOLLOWING TOO CLOSELY,3RD & UNION,39.164352,-86.5088
2015,6,6,Weekday,1500,2-Car,No injury/unknown,FAILURE TO YIELD RIGHT OF WAY,2ND & MITCHELL,39.16112,-86.514096
2015,6,6,Weekday,1600,2-Car,No injury/unknown,UNSAFE LANE MOVEMENT,3RD & CURRY,39.164544,-86.560096
2015,6,6,Weekday,1700,2-Car,No injury/unknown,UNSAFE BACKING,N DUNN,39.206144,-86.528592
2015,6,6,Weekday,1800,2-Car,No injury/unknown,FAILURE TO YIELD RIGHT OF WAY,SR37 & W 3RD,39.164752,-86.573104
2015,6,6,Weekend,2300,1-Car,Incapacitating,RAN OFF ROAD RIGHT,WEST VERNAL,39.17356873,-86.55478668
2015,6,7,Weekend,0,1-Car,No injury/unknown,OTHER (DRIVER) - EXPLAIN IN NARRATIVE,W KIRKWOOD,39.166784,-86.5468
2015,6,7,Weekend,1000,2-Car,Incapacitating,FAILURE TO YIELD RIGHT OF WAY,ATWATER & E 3RD,39.164448,-86.528096
2015,6,7,Weekend,1000,2-Car,Incapacitating,FAILURE TO YIELD RIGHT OF WAY,ACCESS ROAD TO CHASE BANK & COUNRTYCLUB,0,0
2015,6,6,Weekend,2200,1-Car,No injury/unknown,FOLLOWING TOO CLOSELY,S BREEDEN & SR45W,39.086832,-86.671984
2015,6,6,Weekend,2000,2-Car,No injury/unknown,OTHER (DRIVER) - EXPLAIN IN NARRATIVE,E 3RD & S PETE ELLIS,39.16424,-86.495088
2015,6,7,Weekend,2000,2-Car,No injury/unknown,,E 3RD,39.16424,-86.49250645
2015,6,7,Weekend,1000,2-Car,Incapacitating,BRAKE FAILURE OR DEFECTIVE,LEONARD SPRINGS & SR45,39.142048,-86.582592
2015,6,7,Weekend,1300,1-Car,No injury/unknown,RAN OFF ROAD RIGHT,ROCKPORT & TAPP,39.13426528,-86.55084379
2015,6,7,Weekend,2100,2-Car,No injury/unknown,UNSAFE BACKING,N WALNUT,39.16865861,-86.53356767
2015,6,7,Weekend,1500,2-Car,No injury/unknown,OTHER (DRIVER) - EXPLAIN IN NARRATIVE,S OAKLAWN,39.13090897,-86.50070953
2015,6,5,Weekday,1300,2-Car,No injury/unknown,OTHER (DRIVER) - EXPLAIN IN NARRATIVE,ASSOCIATION & FIRST,39.2308,-86.622032
2015,6,1,Weekend,1400,1-Car,No injury/unknown,UNSAFE BACKING,S VICTOR,39.10649041,-86.55034722
2015,6,1,Weekend,1800,2-Car,No injury/unknown,FAILURE TO YIELD RIGHT OF WAY,ASTER & ZINNIA,39.03616995,-86.51847995
2015,6,7,Weekend,2100,1-Car,No injury/unknown,ANIMAL/OBJECT IN ROADWAY,S OLD STATE RD 37 & SR37S,39.09265515,-86.5313034
2015,6,1,Weekend,0,1-Car,No injury/unknown,RAN OFF ROAD RIGHT,OARD & SR48W,39.16400931,-86.62335763
2015,6,7,Weekend,1600,1-Car,No injury/unknown,UNSAFE SPEED,S LEONARD SPRINGS & W MAY,39.09344,-86.591792
2015,6,7,Weekend,1700,2-Car,No injury/unknown,FAILURE TO YIELD RIGHT OF WAY,S SMITH & W WOODYARD,39.1906355,-86.58307661
2015,6,4,Weekday,1800,2-Car,No injury/unknown,UNSAFE LANE MOVEMENT,S CURRY & W 3RD,39.16463971,-86.58292002
2015,6,2,Weekday,900,1-Car,No injury/unknown,UNSAFE BACKING,7TH & N COLLEGE,39.168656,-86.534784
2015,6,2,Weekday,1100,2-Car,No injury/unknown,FOLLOWING TOO CLOSELY,MONROE,0,0
2015,6,2,Weekday,1400,Moped/Motorcycle,Incapacitating,RAN OFF ROAD RIGHT,N OLD SR 37 & N PAYNE,39.27496,-86.499216
2015,6,2,Weekday,1600,2-Car,Incapacitating,DRIVER DISTRACTED - EXPLAIN IN NARRATIVE,B LINE & COUNTRY CLUB,0,0
2015,6,2,Weekday,2000,2-Car,No injury/unknown,UNSAFE BACKING,6TH & WALNUT,39.167648,-86.533584
2015,6,2,Weekday,2100,Cyclist,Incapacitating,IMPROPER PASSING,N ADAMS & W 7TH,39.168576,-86.5496
2015,6,3,Weekday,700,1-Car,No injury/unknown,OTHER (DRIVER) - EXPLAIN IN NARRATIVE,N MORTON,39.16786971,-86.536
2015,6,3,Weekday,600,2-Car,No injury/unknown,FOLLOWING TOO CLOSELY,BLOOMFIELD & SR37S,39.1475296,-86.57295227
2015,6,2,Weekday,900,2-Car,No injury/unknown,,NORTH MORTON,39.16786971,-86.536
2015,6,3,Weekday,800,1-Car,Incapacitating,RAN OFF ROAD RIGHT,BROWNRIDGE & SO SMITH,39.161248,-86.480688
2015,6,2,Weekday,2100,Cyclist,Non-incapacitating,IMPROPER TURNING,E 3RD & S HILLSDALE,39.164272,-86.502416
2015,6,3,Weekday,1500,1-Car,Non-incapacitating,DRIVER ILLNESS,ADAMS & ADAMS HILL,39.155952,-86.550592
2015,6,3,Weekday,1800,2-Car,No injury/unknown,IMPROPER TURNING,S BRANDON,0,0
2015,6,3,Weekday,1700,2-Car,No injury/unknown,FAILURE TO YIELD RIGHT OF WAY,S LIBERTY & W 3RD,39.16461021,-86.57913006
2015,6,4,Weekday,400,1-Car,No injury/unknown,LEFT OF CENTER,MOORES & SR 446,39.15035024,-86.47130328
2015,6,3,Weekday,1300,2-Car,No injury/unknown,OTHER (DRIVER) - EXPLAIN IN NARRATIVE,W 11TH,39.173344,-86.544272
2015,6,4,Weekday,600,2-Car,No injury/unknown,LEFT OF CENTER,DUNLAP & SR45W,39.119344,-86.618896
2015,6,4,Weekday,1800,2-Car,No injury/unknown,UNSAFE BACKING,WEST 2ND,39.16026688,-86.54013824
2015,6,4,Weekday,900,3+ Cars,No injury/unknown,OTHER (DRIVER) - EXPLAIN IN NARRATIVE,2ND & MORTON,39.16139022,-86.53630994
2015,6,3,Weekday,1600,2-Car,No injury/unknown,FAILURE TO YIELD RIGHT OF WAY,LIBERTY & W 3RD,39.16461021,-86.57908677
2015,6,4,Weekday,1600,1-Car,Non-incapacitating,OTHER (DRIVER) - EXPLAIN IN NARRATIVE,E 3RD,39.16464,-86.56913891
2015,6,4,Weekday,1600,2-Car,No injury/unknown,UNSAFE BACKING,N GATES,0,0
2015,6,4,Weekday,1600,2-Car,No injury/unknown,DISREGARD SIGNAL/REG SIGN,MATTHEWS & SR46W,39.234768,-86.626384
2015,6,4,Weekday,2200,2-Car,No injury/unknown,LEFT OF CENTER,GLASCOW,0,0
2015,6,4,Weekday,1000,2-Car,No injury/unknown,FOLLOWING TOO CLOSELY,E 3RD & S SMITH,39.16424,-86.480688
2015,6,5,Weekday,800,2-Car,No injury/unknown,FOLLOWING TOO CLOSELY,3RD & SMITH,39.16424,-86.480688
2015,6,7,Weekend,0,1-Car,No injury/unknown,OVERCORRECTING/OVERSTEERING,FRIENDSHIP & GROSS,39.14029031,-86.4023659
2015,6,5,Weekday,800,1-Car,Non-incapacitating,SPEED TOO FAST FOR WEATHER CONDITIONS,DUNN & SR37N,39.18363953,-86.52836915
2015,6,5,Weekday,700,2-Car,No injury/unknown,FOLLOWING TOO CLOSELY,FEE & SR46E,39.186032,-86.51984
2015,6,5,Weekday,1400,2-Car,No injury/unknown,FAILURE TO YIELD RIGHT OF WAY,S COLLEGE & W KIRKWOOD,39.16664,-86.5348
2015,6,5,Weekday,1400,2-Car,No injury/unknown,FOLLOWING TOO CLOSELY,SR37S & VERNAL,39.176544,-86.5624
2015,6,5,Weekday,1400,1-Car,No injury/unknown,RAN OFF ROAD RIGHT,SR37S & SR46W,39.194144,-86.554592
2015,6,4,Weekday,1900,2-Car,Non-incapacitating,FAILURE TO YIELD RIGHT OF WAY,N STARNES & W RATLIFF,39.2168697,-86.65871992
2015,6,7,Weekend,2100,1-Car,No injury/unknown,OVERCORRECTING/OVERSTEERING,S GARRISON CHAPEL & SR48W,39.16620381,-86.65587519
2015,6,5,Weekday,1800,1-Car,No injury/unknown,RAN OFF ROAD RIGHT,E COLLINS & N MT GILEAD,39.1958089,-86.44152
2015,6,6,Weekday,0,1-Car,No injury/unknown,SPEED TOO FAST FOR WEATHER CONDITIONS,S LEONARD SPRINGS & W LIZZY,39.1987365,-86.59514017
2015,6,5,Weekday,800,2-Car,No injury/unknown,FAILURE TO YIELD RIGHT OF WAY,MONROE PARK & THAT,0,0
2015,6,6,Weekday,1000,2-Car,Non-incapacitating,TIRE FAILURE OR DEFECTIVE,PATTERSON & ROGERS,39.15379018,-86.53874142
2015,6,6,Weekday,1200,2-Car,No injury/unknown,FAILURE TO YIELD RIGHT OF WAY,NUCKLES & VERNAL,39.17677,-86.56129002
2015,6,6,Weekday,700,2-Car,Incapacitating,LEFT OF CENTER,EAST CHAPEL & SR45,0,0
2015,6,4,Weekday,800,2-Car,No injury/unknown,UNSAFE SPEED,SR37,38.99468154,-86.53719892
2015,6,6,Weekday,1400,1-Car,No injury/unknown,RAN OFF ROAD RIGHT,WAPPEHANI & WEIMER,39.12284225,-86.56384013
2015,6,6,Weekday,1600,2-Car,No injury/unknown,FAILURE TO YIELD RIGHT OF WAY,E MAXWELL & S HAWTHORNE,39.157888,-86.520272
2015,6,6,Weekday,1500,2-Car,Incapacitating,FOLLOWING TOO CLOSELY,S KEGG & W TAPP,0,0
2015,6,6,Weekday,1400,1-Car,Non-incapacitating,SPEED TOO FAST FOR WEATHER CONDITIONS,11TH & WALNUT,39.173248,-86.533488
2015,6,6,Weekday,1500,2-Car,No injury/unknown,DISREGARD SIGNAL/REG SIGN,3RD & MAPLE,0,0
2015,6,6,Weekday,1800,2-Car,No injury/unknown,OTHER (DRIVER) - EXPLAIN IN NARRATIVE,CURRY & GIFFORD,39.156896,-86.582704
2015,6,6,Weekday,1600,2-Car,No injury/unknown,DISREGARD SIGNAL/REG SIGN,E 3RD & S WASHINGTON,39.16464,-86.5324
2015,6,6,Weekday,1100,2-Car,No injury/unknown,IMPROPER LANE USAGE,8TH & COLLEGE,39.16938721,-86.534784
2015,6,6,Weekday,1500,2-Car,No injury/unknown,SPEED TOO FAST FOR WEATHER CONDITIONS,CATHCART & PIAZZA,39.14885022,-86.49986006
2015,6,6,Weekday,1500,2-Car,No injury/unknown,FOLLOWING TOO CLOSELY,S LIBERTY & SR45W,39.14521676,-86.57748603
2015,6,6,Weekday,1200,2-Car,Incapacitating,IMPROPER TURNING,E 3RD & S KINGSTON,39.16424,-86.492944
2015,6,7,Weekend,600,2-Car,No injury/unknown,FAILURE TO YIELD RIGHT OF WAY,LEONARD SPRINGS & SR45W,39.142048,-86.582592
2015,6,5,Weekday,1100,2-Car,No injury/unknown,UNSAFE BACKING,RUSSELL & SR45N,39.20498151,-86.46344752
2015,6,6,Weekday,500,1-Car,No injury/unknown,ANIMAL/OBJECT IN ROADWAY,SR37N & WYLIE,39.19857096,-86.5295245
2015,6,6,Weekend,2200,2-Car,No injury/unknown,SPEED TOO FAST FOR WEATHER CONDITIONS,SOUTH RED OAK & SR446S,0,0
2015,6,1,Weekend,1000,2-Car,No injury/unknown,DISREGARD SIGNAL/REG SIGN,SR37S & W FULLERTON,0,0
2015,6,6,Weekday,1600,2-Car,No injury/unknown,FAILURE TO YIELD RIGHT OF WAY,N DANIELS,0,0
2015,6,7,Weekend,1500,1-Car,No injury/unknown,OTHER (VEHICLE) - EXPLAIN IN NARRATIVE,S CRAMER,39.123149,-86.545593
2015,6,4,Weekday,1500,Moped/Motorcycle,Incapacitating,RAN OFF ROAD RIGHT,N RICHARDSON & SR45E,39.24700928,-86.39276627
2015,6,5,Weekday,1600,2-Car,No injury/unknown,UNSAFE BACKING,EAGLEVIEW,39.13370271,-86.54604032
2015,6,7,Weekend,1500,1-Car,No injury/unknown,RAN OFF ROAD RIGHT,KNAPP & W STATE RD 48,39.17540465,-86.60168007
2015,6,7,Weekend,1500,2-Car,Non-incapacitating,LEFT OF CENTER,PAYNETOWN & SR446S,39.09612677,-86.42389248
2015,6,4,Weekday,2300,1-Car,Incapacitating,RAN OFF ROAD RIGHT,RUSH RIDGE & SR446,39.08102094,-86.41862099
2015,6,1,Weekday,2300,1-Car,Incapacitating,OTHER (DRIVER) - EXPLAIN IN NARRATIVE,EAST HUPP & SOUTH FAIRFAX,39.09464,-86.516896
2015,6,1,Weekend,1300,2-Car,No injury/unknown,FOLLOWING TOO CLOSELY,PETE ELLIS & THIRD,39.16424,-86.495088
2015,6,6,Weekday,700,2-Car,Incapacitating,LEFT OF CENTER,NIMIT & RHORER,39.12145011,-86.52385698
2015,6,2,Weekday,600,1-Car,No injury/unknown,ANIMAL/OBJECT IN ROADWAY,BURCH & SR45W,39.08812773,-86.66905971
2015,6,2,Weekday,1000,2-Car,No injury/unknown,FOLLOWING TOO CLOSELY,2ND & PATTERSON,39.16074984,-86.54850997
2015,6,2,Weekday,1300,2-Car,No injury/unknown,UNSAFE BACKING,N HEADLEY,39.18671619,-86.51449029
2015,6,2,Weekday,1100,2-Car,No injury/unknown,UNSAFE SPEED,10TH & 1799 EAST 10TH PARKING LOT,39.17987132,-86.511383
2015,6,6,Weekday,1800,2-Car,Incapacitating,SPEED TOO FAST FOR WEATHER CONDITIONS,S WICKENS & W ROCKCREST,0,0
2015,6,1,Weekend,1000,1-Car,Non-incapacitating,OTHER (VEHICLE) - EXPLAIN IN NARRATIVE,SR446S & WALDRIP CREEK,39.06971087,-86.41607391
2015,6,1,Weekend,1600,2-Car,No injury/unknown,LEFT OF CENTER,SISCOE & SR46W,39.27146912,-86.67016876
2015,6,1,Weekend,1600,2-Car,No injury/unknown,LEFT OF CENTER,SISCOE & SR46W,39.27146912,-86.67016876
2015,6,2,Weekday,1500,2-Car,No injury/unknown,FOLLOWING TOO CLOSELY,WALNUT & WINSLOW,39.13597025,-86.5311098
2015,6,2,Weekday,2300,2-Car,No injury/unknown,ROADWAY SURFACE CONDITION,3RD & CORY,39.164544,-86.560096
2015,6,3,Weekday,600,2-Car,No injury/unknown,DISREGARD SIGNAL/REG SIGN,KIRKWOOD & ROGERS,39.166672,-86.538608
2015,6,2,Weekday,800,2-Car,No injury/unknown,IMPROPER TURNING,OLD STATE ROAD 37 & RHORER,39.121552,-86.531296
2015,6,2,Weekday,1200,2-Car,No injury/unknown,FAILURE TO YIELD RIGHT OF WAY,KIRKWOOD & WASHINGTON,39.16664,-86.5324
2015,6,3,Weekday,1000,1-Car,No injury/unknown,UNSAFE BACKING,THIRTEENTH & WOODLAWN,39.17518886,-86.5235621
2015,6,3,Weekday,1200,2-Car,No injury/unknown,UNSAFE BACKING,EAST 7TH,39.168752,-86.5436
2015,6,2,Weekday,1500,2-Car,No injury/unknown,IMPROPER TURNING,S LIBERTY,39.16128024,-86.57919779
2015,6,2,Weekday,1700,3+ Cars,No injury/unknown,DRIVER DISTRACTED - EXPLAIN IN NARRATIVE,ALLEN & WALNUT,39.1556,-86.53368003
2015,6,2,Weekday,1500,2-Car,No injury/unknown,OTHER (ENVIRONMENTAL) - EXPLAIN IN NARR,N RED HILL & SR46W,39.24589916,-86.64042258
2015,6,7,Weekend,2200,1-Car,No injury/unknown,ANIMAL/OBJECT IN ROADWAY,FAIRFAX & WILL SOWDERS,39.05050845,-86.49855986
2015,6,3,Weekday,1500,3+ Cars,No injury/unknown,FOLLOWING TOO CLOSELY,BUNGER & SR45W,39.12936,-86.604336
2015,6,3,Weekday,1600,2-Car,Non-incapacitating,FAILURE TO YIELD RIGHT OF WAY,CURRY & INDUSTRIAL,39.143808,-86.582592
2015,6,5,Weekday,2100,2-Car,No injury/unknown,UNSAFE BACKING,W VERNAL,39.179248,-86.58292
2015,6,3,Weekday,1300,1-Car,No injury/unknown,ANIMAL/OBJECT IN ROADWAY,E RAMP CREEK & S SHIELDS RIDGE,39.083024,-86.472912
2015,6,3,Weekday,1300,2-Car,No injury/unknown,FOLLOWING TOO CLOSELY,7TH & ADAMS,39.16884964,-86.5495696
2015,6,3,Weekday,2300,1-Car,No injury/unknown,RAN OFF ROAD RIGHT,E SAMPLE & S OLD STATE 37,39.25864,-86.5012
2015,7,4,Weekday,1200,2-Car,No injury/unknown,OTHER (DRIVER) - EXPLAIN IN NARRATIVE,E 3RD,39.16426624,-86.50093216
2015,7,4,Weekday,1700,2-Car,No injury/unknown,FOLLOWING TOO CLOSELY,SALE & SR46W,39.23384,-86.624704
2015,7,4,Weekday,2000,1-Car,No injury/unknown,RAN OFF ROAD RIGHT,S HARMONY & W MAY,39.093744,-86.638304
2015,7,4,Weekday,2200,1-Car,Non-incapacitating,RAN OFF ROAD RIGHT,FOSTER FISCUS & SR46W,39.28017044,-86.67959924
2015,7,4,Weekday,1800,2-Car,No injury/unknown,UNSAFE BACKING,WALNUT,39.165648,-86.5336
2015,7,4,Weekday,1600,2-Car,No injury/unknown,UNSAFE BACKING,EAST 3RD,39.16452114,-86.551072
2015,7,4,Weekday,1900,2-Car,Incapacitating,FAILURE TO YIELD RIGHT OF WAY,MOORES & SR446S,39.150352,-86.471296
2015,6,2,Weekday,700,2-Car,No injury/unknown,FAILURE TO YIELD RIGHT OF WAY,CURRY & SR48,39.16463589,-86.58291865
2015,7,4,Weekday,1600,2-Car,Incapacitating,FAILURE TO YIELD RIGHT OF WAY,CURRY & GRANDE,39.1671886,-86.58296078
2015,7,4,Weekday,800,2-Car,No injury/unknown,OTHER (DRIVER) - EXPLAIN IN NARRATIVE,CLARIZZ & SR46E,39.16424,-86.4908
2015,7,4,Weekday,1100,3+ Cars,Non-incapacitating,FAILURE TO YIELD RIGHT OF WAY,3RD & LIBERTY,0,0
2015,7,5,Weekday,800,2-Car,Incapacitating,FAILURE TO YIELD RIGHT OF WAY,SR37S & W FULLERTON,39.122352,-86.5712
2015,7,5,Weekday,1700,2-Car,No injury/unknown,FOLLOWING TOO CLOSELY,PATTERSON & W 2ND,39.16074984,-86.54850997
2015,7,5,Weekday,1500,3+ Cars,Non-incapacitating,FOLLOWING TOO CLOSELY,S KIMBLE & W 3RD,39.16464,-86.568
2015,7,5,Weekday,2300,2-Car,No injury/unknown,UNSAFE BACKING,E 3RD & S MORNINGSIDE,39.16424,-86.473696
2015,7,6,Weekday,0,2-Car,No injury/unknown,UNSAFE BACKING,W GRAY,39.17297374,-86.55764832
2015,7,4,Weekday,1100,3+ Cars,No injury/unknown,VIEW OBSTRUCTED,FRIENDSHIP & SR46,39.15483009,-86.40734052
2015,7,6,Weekday,1800,3+ Cars,Non-incapacitating,FAILURE TO YIELD RIGHT OF WAY,N KINSER & STATE ROAD 45 46,39.186544,-86.537888
2015,7,7,Weekend,200,2-Car,No injury/unknown,LEFT OF CENTER,3412 N VALLEYVIEW DR & WINDING,39.20140906,-86.546447
2015,7,7,Weekend,700,2-Car,No injury/unknown,OTHER (DRIVER) - EXPLAIN IN NARRATIVE,S LIBERTY,39.145264,-86.577616
2015,6,3,Weekday,1600,2-Car,Non-incapacitating,FOLLOWING TOO CLOSELY,N CURRY & SR46W,0,0
2015,7,5,Weekday,1500,2-Car,No injury/unknown,LEFT OF CENTER,E CARDINAL GLEN & S WALNUT STREET,0,0
2015,7,1,Weekend,200,1-Car,No injury/unknown,RAN OFF ROAD RIGHT,LEMON & VERNAL,39.17754605,-86.5596216
2015,7,6,Weekend,2200,1-Car,No injury/unknown,OTHER TELEMATICS IN USE,E BRESSINGHAM & S CHEEKWOOD,39.1504898,-86.49929009
2015,7,6,Weekend,2300,2-Car,Incapacitating,DISREGARD SIGNAL/REG SIGN,BLOOMFIELD & LIBERTY,,
2015,7,7,Weekend,2300,2-Car,No injury/unknown,OTHER (DRIVER) - EXPLAIN IN NARRATIVE,GARRISON CHAPEL & SR45W,39.111024,-86.638304
2015,7,7,Weekend,900,2-Car,No injury/unknown,,SOUTH COLLEGE,39.16439438,-86.53450775
2015,7,7,Weekend,1600,Pedestrian,Non-incapacitating,OTHER (DRIVER) - EXPLAIN IN NARRATIVE,S WEIMER & W TAPP,39.24219879,-86.56199008
2015,7,7,Weekend,1200,2-Car,No injury/unknown,LEFT OF CENTER,WALDRIP CREEK,39.061184,-86.414416
2015,7,7,Weekend,1400,2-Car,No injury/unknown,UNSAFE SPEED,SOUTH OLD STATE ROAD 37,39.138688,-86.465968
2015,7,6,Weekday,1700,2-Car,Non-incapacitating,FOLLOWING TOO CLOSELY,DODDS & ROGERS,,
2015,7,2,Weekday,700,2-Car,No injury/unknown,FAILURE TO YIELD RIGHT OF WAY,10TH & GRANT,39.171696,-86.529696
2015,7,2,Weekday,1100,2-Car,No injury/unknown,FAILURE TO YIELD RIGHT OF WAY,ACUFF & SR37,39.20824,-86.554704
2015,7,2,Weekday,1200,2-Car,No injury/unknown,FOLLOWING TOO CLOSELY,STRONG & W ALLEN,0,0
2015,7,2,Weekday,1500,2-Car,No injury/unknown,FAILURE TO YIELD RIGHT OF WAY,WALNUT ST & WINSLOW,0,0
2015,7,1,Weekend,1700,2-Car,No injury/unknown,UNSAFE BACKING,E LAW,39.17297448,-86.51331469
2015,7,6,Weekday,1300,2-Car,No injury/unknown,OTHER (DRIVER) - EXPLAIN IN NARRATIVE,HARMONY,,
2015,7,2,Weekday,1400,2-Car,No injury/unknown,UNSAFE LANE MOVEMENT,SMITH & SR46W,39.210144,-86.5832