Year,Month,Day,Weekend?,Hour,Collision Type,Injury Type,Primary Factor,Reported_Location,Latitude,Longitude
2015,10,5,Weekday,700,Bus,Incapacitating,FOLLOWING TOO CLOSELY,2876 S WALNUT & PINEWOOD,39.1526518,-86.53142587
2015,10,5,Weekday,1100,2-Car,No injury/unknown,UNSAFE LANE MOVEMENT,E 3RD & N WALNUT,39.16464,-86.5336
2015,10,5,Weekday,1000,2-Car,No injury/unknown,FAILURE TO YIELD RIGHT OF WAY,W CASCADE & W GOURLEY,39.1852,-86.541952
2015,10,5,Weekday,1200,2-Car,No injury/unknown,OTHER (DRIVER) - EXPLAIN IN NARRATIVE,1ST & WALNUT,39.159344,-86.5336
2015,10,5,Weekday,1200,Pedestrian,Incapacitating,DISREGARD SIGNAL/REG SIGN,S FAIRVIEW & W 4TH,39.165712,-86.5408
2015,10,4,Weekday,1600,2-Car,No injury/unknown,UNSAFE BACKING,W WYLIE,39.15944,-86.55776914
2015,10,4,Weekday,1700,Moped/Motorcycle,No injury/unknown,UNSAFE SPEED,SMITH & SR46W,39.210144,-86.5832
2015,10,5,Weekday,1700,2-Car,No injury/unknown,FAILURE TO YIELD RIGHT OF WAY,SIMPSON CHAPEL & SR37N,39.26616,-86.522752
2015,10,5,Weekday,1700,1-Car,No injury/unknown,ANIMAL/OBJECT IN ROADWAY,S OLD STATE ROAD 37 & S ROGERS,39.099408,-86.537904
2015,10,4,Weekday,2300,1-Car,No injury/unknown,DRIVER DISTRACTED - EXPLAIN IN NARRATIVE,2ND & WOODCREST,39.160944,-86.5024
2015,10,6,Weekday,0,1-Car,No injury/unknown,RAN OFF ROAD RIGHT,MT CARMEL & STINESVILLE,39.29611928,-86.65930657
2015,10,4,Weekday,900,2-Car,No injury/unknown,UNSAFE BACKING,E 2ND,39.16144,-86.5324
2015,10,1,Weekend,1400,2-Car,No injury/unknown,DRIVER DISTRACTED - EXPLAIN IN NARRATIVE,SAMPLE & SR37N,39.26890488,-86.52287361
2015,10,2,Weekday,1300,2-Car,No injury/unknown,UNSAFE LANE MOVEMENT,N CURRY & W VERNAL,39.2003166,-86.58308029
2015,10,6,Weekday,1200,2-Car,No injury/unknown,IMPROPER LANE USAGE,S WALNUT,39.16464,-86.5336
2015,10,6,Weekday,1500,Bus,No injury/unknown,FAILURE TO YIELD RIGHT OF WAY,SOUTH WALNUT & WINSLOW,39.13597025,-86.5311098
2015,10,6,Weekday,1400,2-Car,No injury/unknown,FAILURE TO YIELD RIGHT OF WAY,8TH & GRANT,39.169552,-86.529696
2015,10,5,Weekday,1600,3+ Cars,No injury/unknown,FOLLOWING TOO CLOSELY,3RD & WYNNEDALE,39.16455992,-86.57019026
2015,10,6,Weekday,1500,Pedestrian,Incapacitating,RAN OFF ROAD RIGHT,2951 N BANKERS & E RUSGAN,39.200752,-86.532592
2015,10,6,Weekday,1500,2-Car,No injury/unknown,FAILURE TO YIELD RIGHT OF WAY,GOURLEY & KINSER,39.185392,-86.537856
2015,10,6,Weekend,1900,2-Car,No injury/unknown,FAILURE TO YIELD RIGHT OF WAY,3RD & PETE ELLIS,39.16424,-86.495088
2015,10,6,Weekend,2000,2-Car,No injury/unknown,FAILURE TO YIELD RIGHT OF WAY,EAST 2ND & HIGH,39.1609899,-86.50846995
2015,10,6,Weekend,2100,2-Car,No injury/unknown,FAILURE TO YIELD RIGHT OF WAY,EAST 10TH & NORTH WALNUT,39.171744,-86.53352
2015,10,4,Weekday,1000,2-Car,No injury/unknown,IMPROPER TURNING,SR446S & WALDRIP CREEK,39.33315386,-86.42356109
2015,10,6,Weekday,800,2-Car,Incapacitating,FAILURE TO YIELD RIGHT OF WAY,KINSER & SR4546W,39.186544,-86.537888
2015,10,5,Weekday,1000,2-Car,No injury/unknown,FOLLOWING TOO CLOSELY,SR37N & TAPP,39.13704,-86.572896
2015,10,5,Weekday,1200,2-Car,No injury/unknown,UNSAFE BACKING,ROLLING RIDGE,39.133744,-86.50592
2015,10,7,Weekend,900,2-Car,Incapacitating,FAILURE TO YIELD RIGHT OF WAY,7TH & SR45E,39.167648,-86.500096
2015,10,6,Weekday,1300,2-Car,Non-incapacitating,FOLLOWING TOO CLOSELY,EAST 10TH & NORTH PETE ELLIS,39.171504,-86.495312
2015,10,7,Weekend,1300,2-Car,No injury/unknown,SPEED TOO FAST FOR WEATHER CONDITIONS,OLDSTATE ROAD 37 S & STATE ROAD 37 S,0,0
2015,10,6,Weekday,1600,2-Car,No injury/unknown,IMPROPER TURNING,HICKORY & SR48W,39.164832,-86.585856
2015,10,7,Weekend,1400,2-Car,No injury/unknown,UNSAFE LANE MOVEMENT,3RD & COLLEGE MALL,39.16424,-86.4984
2015,10,7,Weekend,1400,2-Car,No injury/unknown,SPEED TOO FAST FOR WEATHER CONDITIONS,OLD SR 37 & RHORER,39.121552,-86.531296
2015,10,7,Weekend,1600,1-Car,Incapacitating,SPEED TOO FAST FOR WEATHER CONDITIONS,DUNN & SR37N,39.17863846,-86.52834115
2015,10,7,Weekend,1700,1-Car,No injury/unknown,IMPROPER TURNING,7TH & HIGHWAY 45 46,39.167648,-86.500096
2015,10,7,Weekend,1600,2-Car,No injury/unknown,SPEED TOO FAST FOR WEATHER CONDITIONS,DUNN & OLD STATE ROAD 37 N,39.20801975,-86.52873294
2015,10,7,Weekend,1600,2-Car,No injury/unknown,LEFT OF CENTER,E SCHACHT & S FAIRFAX,39.10704,-86.523488
2015,10,7,Weekend,1700,2-Car,No injury/unknown,SPEED TOO FAST FOR WEATHER CONDITIONS,N HARTSTRAIT & W VERNAL,39.186752,-86.611504
2015,10,7,Weekend,1800,1-Car,No injury/unknown,RAN OFF ROAD RIGHT,E MARTIN & E STATE ROAD 45,39.20474008,-86.46328441
2015,10,7,Weekend,2000,1-Car,No injury/unknown,ANIMAL/OBJECT IN ROADWAY,E STATE ROAD 45 & N PATHWAYS,39.24077593,-86.38299354
2015,10,7,Weekend,1600,1-Car,No injury/unknown,RAN OFF ROAD RIGHT,W REEVES,39.24152825,-86.68116535
2015,10,7,Weekend,1800,2-Car,No injury/unknown,FAILURE TO YIELD RIGHT OF WAY,BLACK OAKS & ROBINSON,39.24069106,-86.44136351
2015,10,7,Weekend,1900,2-Car,No injury/unknown,SPEED TOO FAST FOR WEATHER CONDITIONS,S OLD RICHARDSON & SR446S,0,0
2015,10,7,Weekend,500,1-Car,No injury/unknown,ANIMAL/OBJECT IN ROADWAY,SR45N & W 3RD,39.164752,-86.573104
2015,10,1,Weekend,700,2-Car,No injury/unknown,FAILURE TO YIELD RIGHT OF WAY,SR37S & VERNAL,39.17856339,-86.56000817
2015,10,7,Weekend,800,Pedestrian,Non-incapacitating,PEDESTRIAN ACTION,KINSER & SR4546W,39.186544,-86.537888
2015,10,7,Weekend,1500,2-Car,No injury/unknown,FOLLOWING TOO CLOSELY,E 3RD ST & S PETE ELLIS,39.16424,-86.495088
2015,10,7,Weekend,1100,2-Car,No injury/unknown,OTHER (DRIVER) - EXPLAIN IN NARRATIVE,E MAXWELL & S STULL,39.15792,-86.52472
2015,10,1,Weekend,1500,2-Car,No injury/unknown,FAILURE TO YIELD RIGHT OF WAY,FEE & SR4546W,39.186032,-86.51984
2015,10,1,Weekday,2000,2-Car,Incapacitating,,E MORNINGSIDE & N SMITH,39.166432,-86.4812
2015,10,7,Weekend,1500,2-Car,Incapacitating,OVERCORRECTING/OVERSTEERING,SR37N & WINERY,39.24858074,-86.52267895
2015,10,1,Weekend,1400,1-Car,No injury/unknown,UNSAFE SPEED,MAIN FOREST & ROSENBAUM,0,0
2015,10,1,Weekend,1600,2-Car,No injury/unknown,FOLLOWING TOO CLOSELY,BURMA & SR37N,39.31561299,-86.51117113
2015,10,1,Weekend,1700,2-Car,Non-incapacitating,FOLLOWING TOO CLOSELY,S WYNNEDALE & W 3RD,39.16455992,-86.57019026
2015,10,2,Weekday,700,2-Car,No injury/unknown,FOLLOWING TOO CLOSELY,WALNUT ST & WINSLOW,0,0
2015,10,2,Weekday,600,1-Car,No injury/unknown,ANIMAL/OBJECT IN ROADWAY,BRYANTS CREEK & SR37,0,0
2015,10,2,Weekday,800,2-Car,No injury/unknown,FAILURE TO YIELD RIGHT OF WAY,SALE & SR46,39.23384,-86.624704
2015,10,2,Weekday,1100,2-Car,No injury/unknown,UNSAFE BACKING,S LIBERTY,39.145264,-86.577616
2015,10,2,Weekday,700,Bus,Incapacitating,LEFT OF CENTER,COOPERATIVE & TAPP,0,0
2015,10,2,Weekday,1200,2-Car,No injury/unknown,FAILURE TO YIELD RIGHT OF WAY,N COLLEGE & W 9TH,39.170544,-86.534768
2015,10,1,Weekend,1300,2-Car,No injury/unknown,UNSAFE BACKING,STATE ROAD 48,39.16435242,-86.61186981
2015,10,2,Weekday,1200,2-Car,No injury/unknown,FAILURE TO YIELD RIGHT OF WAY,E HILLSIDE & OLIVE,39.150656,-86.5188
2015,10,1,Weekend,1100,3+ Cars,No injury/unknown,FOLLOWING TOO CLOSELY,BRYANTS CREEK & SR37N,0,0
2015,10,2,Weekday,1700,2-Car,No injury/unknown,FOLLOWING TOO CLOSELY,EAST 17TH & WALNUT GROVE,39.1790197,-86.5210998
2015,10,2,Weekday,1700,2-Car,No injury/unknown,UNSAFE BACKING,E LINGELBACH,39.17782679,-86.50843776
2015,9,7,Weekend,2100,2-Car,No injury/unknown,,W BRANCH,39.15678,-86.546569
2015,10,2,Weekday,1900,2-Car,No injury/unknown,UNSAFE BACKING,EAST 3RD,39.0803238,-86.51676334
2015,10,2,Weekday,1600,2-Car,Non-incapacitating,FAILURE TO YIELD RIGHT OF WAY,E ATWATER & S HENDERSON,39.16313969,-86.52727022
2015,10,2,Weekday,500,2-Car,No injury/unknown,FOLLOWING TOO CLOSELY,S BUNGER & SR45W,39.12936,-86.604336
2015,10,4,Weekday,1100,2-Car,No injury/unknown,FAILURE TO YIELD RIGHT OF WAY,CURRY & VERNAL,0,0
2015,10,2,Weekday,1200,2-Car,No injury/unknown,OTHER (DRIVER) - EXPLAIN IN NARRATIVE,GRIMES & WALNUT,39.15335029,-86.53371021
2015,10,3,Weekday,800,2-Car,Non-incapacitating,FOLLOWING TOO CLOSELY,E 10TH & N SMITH,39.172752,-86.482288
2015,10,3,Weekday,900,Bus,No injury/unknown,FOLLOWING TOO CLOSELY,ADAMS & KIRKWOOD,39.166816,-86.549488
2015,10,6,Weekday,1300,2-Car,No injury/unknown,FOLLOWING TOO CLOSELY,CAPITOL & SR46W,39.22319326,-86.60910588
2015,10,3,Weekday,1100,2-Car,No injury/unknown,FOLLOWING TOO CLOSELY,E 3RD & MITCHELL,39.16424,-86.514096
2015,10,3,Weekday,1100,1-Car,No injury/unknown,ROADWAY SURFACE CONDITION,N DUNN & N OLD STATE ROAD 37,39.208048,-86.528704
2015,10,3,Weekday,1100,2-Car,No injury/unknown,OVERCORRECTING/OVERSTEERING,BASSWOOD & BLOOMFIELD,39.14977205,-86.56891458
2015,11,3,Weekday,1300,2-Car,No injury/unknown,FAILURE TO YIELD RIGHT OF WAY,SMITH & WOODYARD,0,0
2015,11,5,Weekday,800,1-Car,No injury/unknown,OTHER (DRIVER) - EXPLAIN IN NARRATIVE,MATTHEWS & VINE,39.23532177,-86.62544776
2015,11,4,Weekday,1500,2-Car,No injury/unknown,SPEED TOO FAST FOR WEATHER CONDITIONS,S BREEDEN & SR45W,39.0881573,-86.66901213
2015,11,5,Weekday,1700,2-Car,No injury/unknown,FAILURE TO YIELD RIGHT OF WAY,10TH & WOODLAWN,39.171632,-86.523536
2015,11,5,Weekday,1400,3+ Cars,Non-incapacitating,DRIVER DISTRACTED - EXPLAIN IN NARRATIVE,1ST & COLLEGE,39.16026391,-86.53486682
2015,11,5,Weekday,1700,2-Car,No injury/unknown,FOLLOWING TOO CLOSELY,E 10TH & N JORDAN,39.171552,-86.515728
2015,11,3,Weekday,1700,1-Car,No injury/unknown,ANIMAL/OBJECT IN ROADWAY,W WOODYARD & WOLCOT,0,0
2015,11,5,Weekday,1800,3+ Cars,No injury/unknown,FOLLOWING TOO CLOSELY,NORTH KINSER & SR46E,39.18662255,-86.53964972
2015,11,6,Weekday,0,1-Car,No injury/unknown,RAN OFF ROAD RIGHT,WEST WALCOTT & WEST WOODYARD,39.201488,-86.601968
2015,11,5,Weekday,2100,2-Car,No injury/unknown,FAILURE TO YIELD RIGHT OF WAY,E MOORES PIKE & S CLARIZZ,39.15033948,-86.49132414
2015,11,5,Weekday,1100,2-Car,Non-incapacitating,FAILURE TO YIELD RIGHT OF WAY,3RD & LIBERTY,39.16461021,-86.57908677
2015,11,6,Weekday,1300,2-Car,No injury/unknown,,NORTH INDIANA,39.17588806,-86.52718353
2015,11,6,Weekday,900,2-Car,No injury/unknown,IMPROPER TURNING,S HIGHLAND,39.14185333,-86.51425933
2015,11,4,Weekday,700,3+ Cars,No injury/unknown,RAN OFF ROAD RIGHT,MOFFETT,39.09947968,-86.51124579
2015,11,6,Weekday,1200,2-Car,No injury/unknown,UNSAFE BACKING,EAST THIRD,39.163619,-86.49514
2015,11,6,Weekday,1200,2-Car,Incapacitating,FAILURE TO YIELD RIGHT OF WAY,N FRITIZ & N WALNUT,39.22312501,-86.53308995
2015,11,4,Weekday,1700,2-Car,No injury/unknown,UNSAFE BACKING,SOUTH WALNUT,39.13630217,-86.53103537
2015,11,6,Weekday,1500,2-Car,No injury/unknown,FAILURE TO YIELD RIGHT OF WAY,MONROE & SR46W,39.186944,-86.5468
2015,11,6,Weekday,1600,2-Car,No injury/unknown,FAILURE TO YIELD RIGHT OF WAY,EAST 3RD & KINGSTON,39.16424,-86.492944
2015,11,6,Weekday,1700,2-Car,No injury/unknown,FAILURE TO YIELD RIGHT OF WAY,3RD & SWAIN,39.16425012,-86.51525996
2015,11,5,Weekday,2100,2-Car,No injury/unknown,,10TH & 800 N SMITH,39.172752,-86.482288
2015,11,6,Weekend,2000,2-Car,No injury/unknown,FOLLOWING TOO CLOSELY,LOVE & SR46W,39.2187363,-86.60160144
2015,11,6,Weekend,2300,1-Car,No injury/unknown,ANIMAL/OBJECT IN ROADWAY,SR46 & WOODVIEW,39.15156773,-86.38607313
2015,10,3,Weekday,1100,2-Car,No injury/unknown,OTHER (DRIVER) - EXPLAIN IN NARRATIVE,BLOOMFIELD & SR37N,0,0
2015,10,3,Weekday,900,Cyclist,Non-incapacitating,FAILURE TO YIELD RIGHT OF WAY,ALLEN & MORTON,0,0
2015,10,3,Weekday,1200,2-Car,No injury/unknown,FOLLOWING TOO CLOSELY,S LANDMARK & W BLOOMFIELD,39.15993981,-86.55382007
2015,10,3,Weekday,1300,2-Car,No injury/unknown,SPEED TOO FAST FOR WEATHER CONDITIONS,CLUBHOUSE & KINSER,0,0
2015,10,3,Weekday,1500,1-Car,Non-incapacitating,IMPROPER TURNING,3RD & SR4546E,39.164448,-86.471888
2015,10,2,Weekday,1900,1-Car,No injury/unknown,IMPROPER TURNING,KINSER,0,0
2015,10,3,Weekday,1700,Bus,No injury/unknown,FAILURE TO YIELD RIGHT OF WAY,BLOOMFIELD & LIBERTY,0,0
2015,10,3,Weekday,1700,2-Car,Non-incapacitating,FOLLOWING TOO CLOSELY,CONSTITUTION & LIBERTY,39.14872891,-86.57591446
2015,10,3,Weekday,1500,2-Car,No injury/unknown,FOLLOWING TOO CLOSELY,KIRKWOOD & WALNUT,39.16664,-86.5336
2015,10,3,Weekday,1700,2-Car,Incapacitating,FOLLOWING TOO CLOSELY,CURRY & WOODLYN,0,0
2015,10,3,Weekday,1800,2-Car,Incapacitating,SPEED TOO FAST FOR WEATHER CONDITIONS,KINSER & SR46W,39.186544,-86.537888
2015,10,3,Weekday,1900,2-Car,Non-incapacitating,SPEED TOO FAST FOR WEATHER CONDITIONS,10TH & JORDAN,39.1723724,-86.51562955
2015,10,3,Weekday,1900,2-Car,No injury/unknown,IMPROPER TURNING,10TH & COLLEGE,39.171744,-86.534768
2015,10,3,Weekday,1800,2-Car,No injury/unknown,DRIVER DISTRACTED - EXPLAIN IN NARRATIVE,ATWATER & WOODLAWN,39.16312024,-86.52261432
2015,10,2,Weekday,1900,2-Car,Incapacitating,DISREGARD SIGNAL/REG SIGN,KINSER & SR45E,39.186544,-86.537888
2015,10,3,Weekday,2000,2-Car,No injury/unknown,,N WALNUT,39.193952,-86.533296
2015,10,3,Weekday,2000,2-Car,Non-incapacitating,SPEED TOO FAST FOR WEATHER CONDITIONS,HILLSIDE & NANCY,39.15050983,-86.51106029
2015,10,3,Weekday,1400,2-Car,No injury/unknown,BRAKE FAILURE OR DEFECTIVE,14TH & N WALNUT,39.175952,-86.53344
2015,10,3,Weekday,1900,3+ Cars,No injury/unknown,SPEED TOO FAST FOR WEATHER CONDITIONS,S FRANKLIN & W 3RD,39.164688,-86.5712
2015,10,4,Weekday,600,2-Car,No injury/unknown,FAILURE TO YIELD RIGHT OF WAY,LEONARD SPRINGS & MAYBURY,0,0
2015,10,4,Weekday,1000,2-Car,No injury/unknown,FOLLOWING TOO CLOSELY,COLLEGE MALL & E3RD,39.16424,-86.4984
2015,10,4,Weekday,700,2-Car,Incapacitating,OTHER (DRIVER) - EXPLAIN IN NARRATIVE,PATTERSON & ROGERS,39.15379018,-86.53875008
2015,10,4,Weekday,1000,2-Car,No injury/unknown,FOLLOWING TOO CLOSELY,2ND & PATTERSON,39.16074984,-86.54850997
2015,10,3,Weekday,1600,2-Car,No injury/unknown,SPEED TOO FAST FOR WEATHER CONDITIONS,S WALNUT & W GRIMES,39.15344,-86.5336
2015,10,4,Weekday,1300,2-Car,No injury/unknown,BRAKE FAILURE OR DEFECTIVE,17TH & SR4546E,39.17984,-86.507088
2015,10,3,Weekday,1400,2-Car,Incapacitating,DISREGARD SIGNAL/REG SIGN,3RD & SR37S,39.164752,-86.573104
2015,10,4,Weekday,1300,2-Car,Incapacitating,UNSAFE LANE MOVEMENT,EAST 17TH & SR46,0,0
2015,10,2,Weekday,1400,2-Car,No injury/unknown,FAILURE TO YIELD RIGHT OF WAY,LEONARD SPRINGS & SR45W,39.14184549,-86.5830501
2015,10,3,Weekday,1700,2-Car,No injury/unknown,SPEED TOO FAST FOR WEATHER CONDITIONS,E RHORER & S WALNUT STREET,39.12141648,-86.53135125
2015,10,3,Weekday,1900,1-Car,Non-incapacitating,RAN OFF ROAD RIGHT,FAIRFAX & WALNUT STREET,39.24442432,-86.52650724
2015,10,4,Weekday,1400,2-Car,No injury/unknown,SPEED TOO FAST FOR WEATHER CONDITIONS,HENDERSON & HILLSIDE,39.15064,-86.52696
2015,10,4,Weekday,1300,2-Car,No injury/unknown,FOLLOWING TOO CLOSELY,S LIBERTY & W 3RD,0,0
2015,10,4,Weekday,1600,Pedestrian,Incapacitating,FAILURE TO YIELD RIGHT OF WAY,JORDAN & LAW,39.173552,-86.515488
2015,10,4,Weekday,2000,1-Car,Incapacitating,DRIVER DISTRACTED - EXPLAIN IN NARRATIVE,E KIRKWOOD & N DUNN,39.16664,-86.528192
2015,10,4,Weekday,1200,2-Car,No injury/unknown,FOLLOWING TOO CLOSELY,S ADAMS & W TAPP,0,0
2015,10,5,Weekday,800,2-Car,No injury/unknown,FOLLOWING TOO CLOSELY,E3RD & S WALNUT,39.16464,-86.5336
2015,10,4,Weekday,800,2-Car,No injury/unknown,FOLLOWING TOO CLOSELY,ANNA LEE & BLOOMFIELD,39.15802002,-86.55759997
2015,10,5,Weekday,1000,2-Car,Non-incapacitating,DISREGARD SIGNAL/REG SIGN,SR 37 & W 3RD,0,0
2015,10,5,Weekday,1600,2-Car,No injury/unknown,FAILURE TO YIELD RIGHT OF WAY,15TH & DUNN,39.176944,-86.528272
2015,10,5,Weekday,2200,2-Car,No injury/unknown,FOLLOWING TOO CLOSELY,17TH,39.17984,-86.507088
2015,10,5,Weekday,2100,2-Car,No injury/unknown,UNSAFE BACKING,S LIBERTY,39.189248,-86.531472
2015,10,5,Weekday,2300,2-Car,No injury/unknown,UNSAFE BACKING,N WOODBURN & W 13TH,39.17549998,-86.5360102
2015,10,6,Weekday,800,Bus,No injury/unknown,RAN OFF ROAD RIGHT,E WINSLOW & S HENDERSON,39.136144,-86.5268
2015,10,5,Weekday,1400,2-Car,No injury/unknown,FAILURE TO YIELD RIGHT OF WAY,FLATWOODS & SR46W,39.24949408,-86.65024812
2015,10,6,Weekday,900,2-Car,Non-incapacitating,DISREGARD SIGNAL/REG SIGN,DODDS & ROGERS,39.15747017,-86.53869979
2015,10,6,Weekday,1000,2-Car,No injury/unknown,,N GATES,39.16987228,-86.57498168
2015,10,6,Weekday,1400,2-Car,Non-incapacitating,FOLLOWING TOO CLOSELY,3RD & CLIFTON,39.1642803,-86.50968968
2015,10,6,Weekday,1400,3+ Cars,No injury/unknown,FOLLOWING TOO CLOSELY,ATWATER & S PARK,39.16311018,-86.52403877
2015,10,5,Weekday,100,1-Car,No injury/unknown,IMPROPER LANE USAGE,ACADIA,39.13603116,-86.518496
2015,10,6,Weekday,1300,2-Car,No injury/unknown,FOLLOWING TOO CLOSELY,11TH & ROGERS,39.173184,-86.538528
2015,10,5,Weekday,2100,2-Car,No injury/unknown,UNSAFE LANE MOVEMENT,4TH & INDIANA,39.16619692,-86.52687456
2015,10,5,Weekday,2200,2-Car,No injury/unknown,IMPROPER TURNING,BROWNSTONE,0,0
2015,10,6,Weekend,2000,3+ Cars,No injury/unknown,FOLLOWING TOO CLOSELY,RANGE,39.171504,-86.495312
2015,10,6,Weekday,1400,2-Car,No injury/unknown,,123 S KINGSTON & LONGVIEW,39.166848,-86.4928
2015,10,6,Weekday,1700,2-Car,No injury/unknown,FOLLOWING TOO CLOSELY,HEATHER & WALNUT ST,39.123856,-86.526656
2015,10,6,Weekend,2100,2-Car,Non-incapacitating,FAILURE TO YIELD RIGHT OF WAY,E 10TH & N INDIANA,39.17168,-86.527024
2015,10,6,Weekend,2000,1-Car,No injury/unknown,ANIMAL/OBJECT IN ROADWAY,ROGERS & S OLD SR 37,0,0
2015,10,6,Weekend,2300,2-Car,No injury/unknown,DISREGARD SIGNAL/REG SIGN,3RD & COLLEGE MALL,39.16424,-86.4984
2015,10,6,Weekend,2200,2-Car,No injury/unknown,IMPROPER LANE USAGE,BLOOMFIELD & HIGHWAY 37 OFF RAMP,0,0
2015,10,6,Weekend,2300,Pedestrian,Non-incapacitating,PEDESTRIAN ACTION,ATWATER & JORDAN,39.16304983,-86.51638984
2015,10,7,Weekend,400,1-Car,No injury/unknown,HOLES/RUTS IN SURFACE,DAISY,39.22788754,-86.60496175
2015,10,7,Weekend,900,1-Car,No injury/unknown,OTHER (DRIVER) - EXPLAIN IN NARRATIVE,S ROLLING RIDGE & W BLOOMFIELD,39.15496029,-86.56322993
2015,10,5,Weekday,1600,2-Car,No injury/unknown,UNSAFE BACKING,SOUTH ENDWRIGHT,39.14486311,-86.59636996
2015,10,5,Weekday,1400,2-Car,No injury/unknown,FOLLOWING TOO CLOSELY,SR37S & W VICTOR,39.105552,-86.551104
2015,10,5,Weekday,1600,3+ Cars,Incapacitating,FOLLOWING TOO CLOSELY,SR45W & W AIRPORT,39.13591678,-86.59513562
2015,10,5,Weekday,100,1-Car,No injury/unknown,IMPROPER TURNING,ACADIA & EAST WINSLOW,39.136048,-86.518496
2015,10,7,Weekend,1900,2-Car,Non-incapacitating,FAILURE TO YIELD RIGHT OF WAY,E 10TH & N INDIANA,39.17168,-86.527024
2015,10,7,Weekend,2000,2-Car,No injury/unknown,FAILURE TO YIELD RIGHT OF WAY,S MADISON & W KIRKWOOD,39.166656,-86.537296
2015,10,7,Weekend,1500,2-Car,No injury/unknown,UNSAFE SPEED,1600 N WILLIS TRAILER 224 & W 17TH,0,0
2015,10,7,Weekend,1900,2-Car,No injury/unknown,FAILURE TO YIELD RIGHT OF WAY,E 2ND & S WOODSCREST,0,0
2015,10,7,Weekend,2000,2-Car,No injury/unknown,IMPROPER PASSING,S LEONARD SPRINGS & W STATE ROAD 45,0,0
2015,10,7,Weekend,2000,1-Car,No injury/unknown,OTHER (DRIVER) - EXPLAIN IN NARRATIVE,6TH & WALDRON,39.167696,-86.5436
2015,10,7,Weekend,2000,2-Car,No injury/unknown,FAILURE TO YIELD RIGHT OF WAY,E 3RD & S OVERHILL,39.164272,-86.501488
2015,11,1,Weekend,100,2-Car,No injury/unknown,FAILURE TO YIELD RIGHT OF WAY,E 10TH & N INDIANA,39.17168,-86.527024
2015,11,1,Weekend,0,1-Car,No injury/unknown,SPEED TOO FAST FOR WEATHER CONDITIONS,E 19TH & N DUNN,39.18104,-86.5284
2015,11,1,Weekend,100,1-Car,No injury/unknown,SPEED TOO FAST FOR WEATHER CONDITIONS,ELM & KIRKWOOD,39.166768,-86.5452
2015,10,7,Weekend,2300,2-Car,No injury/unknown,FAILURE TO YIELD RIGHT OF WAY,E 3RD & S WASHINGTON,39.16464,-86.5324
2015,11,1,Weekend,1300,2-Car,No injury/unknown,IMPROPER TURNING,AZALEA & HIGHLAND,39.14445341,-86.51739825
2015,11,1,Weekend,1700,2-Car,No injury/unknown,FOLLOWING TOO CLOSELY,10 TH & SR46E,38.96016476,-86.53102874
2015,11,1,Weekend,1500,2-Car,No injury/unknown,,202 E DODDS & LINCOLN,39.180675,-86.53162494
2015,11,1,Weekend,1700,2-Car,No injury/unknown,FOLLOWING TOO CLOSELY,SOUTH PATTERSON & WEST 3RD,39.16344009,-86.55128002
2015,10,4,Weekday,2100,1-Car,No injury/unknown,UNSAFE BACKING,W HENNESSEY,39.12535477,-86.55380249
2015,11,1,Weekday,2100,1-Car,No injury/unknown,ANIMAL/OBJECT IN ROADWAY,POPLAR & SR46W,39.23852734,-86.62993739
2015,11,1,Weekend,100,1-Car,No injury/unknown,SPEED TOO FAST FOR WEATHER CONDITIONS,LAW & UNION,39.17234033,-86.50966018
2015,11,2,Weekday,700,2-Car,No injury/unknown,FOLLOWING TOO CLOSELY,E WINSLOW & S WALNUT,39.136144,-86.528688
2015,11,2,Weekday,700,2-Car,No injury/unknown,FOLLOWING TOO CLOSELY,HENDERSON & SOUTH,39.14200667,-86.5268
2015,10,6,Weekday,1500,2-Car,No injury/unknown,DISREGARD SIGNAL/REG SIGN,HARTSTRAIGHT & TEMPERANCE,39.22766022,-86.61594003
2015,11,2,Weekday,800,2-Car,No injury/unknown,UNSAFE SPEED,10TH & WALNUT,39.1716,-86.520896
2015,11,2,Weekday,1000,2-Car,No injury/unknown,UNSAFE BACKING,S COLLEGE MALL,39.16394547,-86.49833535
2015,11,2,Weekday,1200,2-Car,No injury/unknown,FOLLOWING TOO CLOSELY,SR37N & VERNAL,39.17635934,-86.56266121
2015,11,2,Weekday,1200,2-Car,No injury/unknown,FAILURE TO YIELD RIGHT OF WAY,3RD & SWAIN,39.16425012,-86.51525996
2015,11,2,Weekday,1300,2-Car,No injury/unknown,FOLLOWING TOO CLOSELY,N WALNUT & W 8TH,39.169552,-86.533552
2015,11,1,Weekday,2100,1-Car,Incapacitating,RAN OFF ROAD RIGHT,E CHAMBERS,39.30432,-86.5168
2015,11,2,Weekday,1400,2-Car,Non-incapacitating,FAILURE TO YIELD RIGHT OF WAY,MILLER & WALNUT,39.14681026,-86.53250397
2015,11,2,Weekday,1500,1-Car,No injury/unknown,UNSAFE LANE MOVEMENT,ADAMS HILL & COUNTRYSIDE,39.14240018,-86.55079265
2015,11,2,Weekday,1300,2-Car,No injury/unknown,UNSAFE LANE MOVEMENT,3RD & WALNUT,39.16464,-86.5336