Year,Month,Day,Weekend?,Hour,Collision Type,Injury Type,Primary Factor,Reported_Location,Latitude,Longitude
2015,12,5,Weekday,1800,2-Car,No injury/unknown,UNSAFE BACKING,S OLD STATE ROAD 37,39.137088,-86.53056
2015,12,6,Weekday,1200,2-Car,Incapacitating,FAILURE TO YIELD RIGHT OF WAY,HARRELL & SCHACHT,39.10844526,-86.49855535
2015,12,6,Weekday,1500,2-Car,No injury/unknown,FAILURE TO YIELD RIGHT OF WAY,KMART & W 3RD,39.16461684,-86.57481413
2015,12,6,Weekday,1300,2-Car,No injury/unknown,IMPROPER LANE USAGE,3RD,39.16470933,-86.57183467
2015,12,6,Weekday,1800,Pedestrian,Incapacitating,PEDESTRIAN ACTION,S PATTERSON & W 3RD,39.16344009,-86.55128002
2015,12,6,Weekday,1300,2-Car,No injury/unknown,FOLLOWING TOO CLOSELY,2750 S WALNUT & WINSLOW,39.10165998,-86.532684
2015,12,5,Weekday,1000,2-Car,No injury/unknown,UNSAFE LANE MOVEMENT,STATE ROAD 45,39.14186,-86.57995163
2015,12,6,Weekday,1000,2-Car,No injury/unknown,UNSAFE BACKING,SR45W,39.125312,-86.610496
2015,12,6,Weekday,1600,Pedestrian,Non-incapacitating,FAILURE TO YIELD RIGHT OF WAY,S LIBERTY,39.145264,-86.577616
2015,12,7,Weekend,100,1-Car,No injury/unknown,RAN OFF ROAD RIGHT,7769 S ZIKES & STATE ROAD 37,0,0
2015,12,6,Weekday,700,3+ Cars,No injury/unknown,DRIVER DISTRACTED - EXPLAIN IN NARRATIVE,KINSER & SR4546W,39.186544,-86.537888
2015,12,7,Weekend,1000,2-Car,No injury/unknown,UNSAFE BACKING,SOUTH WALNUT,39.14648987,-86.53246164
2015,12,7,Weekend,1100,2-Car,No injury/unknown,FAILURE TO YIELD RIGHT OF WAY,E 3RD & SO GRANT,39.16464,-86.529728
2015,12,7,Weekend,1200,3+ Cars,No injury/unknown,FOLLOWING TOO CLOSELY,3RD & KINGSTON,39.16424,-86.492944
2015,12,6,Weekday,1400,2-Car,No injury/unknown,FAILURE TO YIELD RIGHT OF WAY,WALNUT & WINSLOW,39.13597025,-86.5311098
2015,12,6,Weekday,1800,2-Car,Incapacitating,FAILURE TO YIELD RIGHT OF WAY,SMITHVILLE & SR37S,39.16424,-86.480688
2015,12,4,Weekday,1400,2-Car,No injury/unknown,UNSAFE BACKING,3RD,39.16464,-86.56913891
2015,12,6,Weekday,1600,2-Car,No injury/unknown,FAILURE TO YIELD RIGHT OF WAY,CONSTITUTION & CURRY,39.15127024,-86.58265059
2015,12,6,Weekend,1900,2-Car,No injury/unknown,DRIVER DISTRACTED - EXPLAIN IN NARRATIVE,BURMA & SR37N,39.31763107,-86.51064363
2015,12,7,Weekend,1600,2-Car,No injury/unknown,FOLLOWING TOO CLOSELY,BURMA & SR37N,39.31831096,-86.51055935
2015,12,7,Weekend,2000,1-Car,Incapacitating,RAN OFF ROAD RIGHT,BLOOMFIELD & SR37S,39.15473522,-86.5731008
2015,12,7,Weekend,1400,Pedestrian,Incapacitating,FAILURE TO YIELD RIGHT OF WAY,N GATES & W JACOB,39.16562006,-86.57600425
2015,12,7,Weekend,2200,1-Car,No injury/unknown,RAN OFF ROAD RIGHT,SR 45 & SR37S,39.19928629,-86.57504272
2015,12,7,Weekend,1100,2-Car,No injury/unknown,FAILURE TO YIELD RIGHT OF WAY,SR37S & W SR 45,39.1464386,-86.57504272
2015,12,6,Weekday,1300,1-Car,No injury/unknown,IMPROPER TURNING,SR46W,39.245574,-86.635658
2015,12,1,Weekend,1100,2-Car,No injury/unknown,IMPROPER TURNING,N GATES,39.16781209,-86.57606229
2015,12,7,Weekend,1600,1-Car,No injury/unknown,ANIMAL/OBJECT IN ROADWAY,1712 S HIGH & ARDEN,39.16385694,-86.508674
2015,12,5,Weekday,1200,2-Car,No injury/unknown,FAILURE TO YIELD RIGHT OF WAY,ALEXANDER & GATES,39.16876025,-86.57641969
2015,12,6,Weekday,1100,2-Car,No injury/unknown,OVERSIZE/OVERWEIGHT LOAD,BURMA & SR37N,39.16432,-86.50824
2015,12,7,Weekend,1900,2-Car,No injury/unknown,FAILURE TO YIELD RIGHT OF WAY,N GATES & W 3RD,39.16458497,-86.57620081
2015,12,1,Weekend,1400,2-Car,No injury/unknown,FOLLOWING TOO CLOSELY,COLLEGE MALL & E 3RD,39.16424,-86.4984
2015,12,1,Weekday,2200,2-Car,No injury/unknown,IMPROPER TURNING,E 3RD,39.16423674,-86.49805388
2015,12,1,Weekend,1300,1-Car,No injury/unknown,OTHER (VEHICLE) - EXPLAIN IN NARRATIVE,S FAIRFAX & SCHACHT,39.10704,-86.523488
2015,12,6,Weekday,1300,2-Car,No injury/unknown,OTHER (DRIVER) - EXPLAIN IN NARRATIVE,W GORDON,39.121648,-86.539088
2015,12,2,Weekday,1000,2-Car,No injury/unknown,FOLLOWING TOO CLOSELY,SR46 & UNIONVILLE,0,0
2015,12,2,Weekday,900,2-Car,No injury/unknown,UNSAFE BACKING,1800 N RANGE RD & RANGE,39.184208,-86.492816
2015,12,2,Weekday,900,2-Car,Incapacitating,FOLLOWING TOO CLOSELY,CURRY & PROFILE,0,0
2015,12,2,Weekday,1000,2-Car,No injury/unknown,OTHER (DRIVER) - EXPLAIN IN NARRATIVE,8TH & COLLEGE,39.169552,-86.534784
2015,12,2,Weekday,1100,2-Car,No injury/unknown,UNSAFE LANE MOVEMENT,14TH & WALNUT,39.175952,-86.53344
2015,12,2,Weekday,1500,2-Car,Non-incapacitating,FOLLOWING TOO CLOSELY,E 3RD & S SMITH,39.16424,-86.480688
2015,12,2,Weekday,1700,1-Car,No injury/unknown,OVERCORRECTING/OVERSTEERING,DUNN & SR37N,39.17863846,-86.52835845
2015,12,2,Weekday,1800,1-Car,No injury/unknown,ANIMAL/OBJECT IN ROADWAY,ARLINGTON & SR46W,39.20891792,-86.58132778
2015,12,2,Weekday,2200,2-Car,No injury/unknown,FOLLOWING TOO CLOSELY,SR46W & UNIONVALLEY,0,0
2015,12,2,Weekday,1600,2-Car,No injury/unknown,FOLLOWING TOO CLOSELY,FORREST PARK & SMITH,0,0
2015,12,2,Weekday,1700,2-Car,No injury/unknown,FOLLOWING TOO CLOSELY,SR4400W & UNIONVALLEY,0,0
2015,12,2,Weekday,2100,2-Car,Non-incapacitating,FOLLOWING TOO CLOSELY,E HILLSIDE & S OLIVE,39.15056013,-86.51882998
2015,12,3,Weekday,2000,2-Car,No injury/unknown,UNSAFE BACKING,COOLIDGE & S MADISON,39.13064182,-86.53767988
2015,12,2,Weekday,1800,2-Car,No injury/unknown,FOLLOWING TOO CLOSELY,EAST 3RD & SOUTH SMITH,39.16424,-86.480688
2015,12,3,Weekday,1400,2-Car,Incapacitating,FAILURE TO YIELD RIGHT OF WAY,LONGVIEW & PETE ELLIS,39.166944,-86.495056
2015,12,3,Weekday,1500,2-Car,No injury/unknown,FAILURE TO YIELD RIGHT OF WAY,3RD & LIBERTY,39.12759965,-86.57913006
2015,12,3,Weekday,1600,2-Car,No injury/unknown,UNSAFE BACKING,3400 INDIAN CREEK & FARINTON,39.13438,-86.57640301
2015,12,2,Weekday,1800,2-Car,No injury/unknown,VIEW OBSTRUCTED,E 4TH & S WASHINGTON,39.16557983,-86.53235033
2015,12,3,Weekday,1500,2-Car,No injury/unknown,FOLLOWING TOO CLOSELY,S KEGG & W TAPP,0,0
2015,12,1,Weekend,1600,1-Car,No injury/unknown,RAN OFF ROAD RIGHT,E GROSS & S FRIENDSHIP,39.139344,-86.401088
2015,12,2,Weekday,1500,2-Car,No injury/unknown,FAILURE TO YIELD RIGHT OF WAY,N CURRY & W VERNAL,39.179248,-86.5832
2015,12,3,Weekday,1700,Moped/Motorcycle,No injury/unknown,IMPROPER PASSING,SOUTH GORE & SOUTH OLD SR 37,39.032544,-86.541696
2015,12,3,Weekday,1900,2-Car,No injury/unknown,FAILURE TO YIELD RIGHT OF WAY,SR45W,39.125312,-86.610496
2015,12,4,Weekday,100,1-Car,No injury/unknown,RAN OFF ROAD RIGHT,3RD & PETE ELLIS,39.16533862,-86.495088
2015,12,4,Weekday,700,2-Car,No injury/unknown,UNSAFE LANE MOVEMENT,SR37S,0,0
2015,12,4,Weekday,900,2-Car,Non-incapacitating,FAILURE TO YIELD RIGHT OF WAY,SR37N & SR45W,39.148144,-86.572992
2015,12,4,Weekday,1200,2-Car,No injury/unknown,FOLLOWING TOO CLOSELY,E 3RD & PETE ELLIS,39.16424,-86.495088
2015,12,4,Weekday,1600,2-Car,Incapacitating,FOLLOWING TOO CLOSELY,DUNN & SR 45 46 BYPASS,39.186352,-86.528496
2015,12,4,Weekday,1600,3+ Cars,No injury/unknown,FOLLOWING TOO CLOSELY,SOUTH LIBERTY & WEST 3RD,39.05886576,-86.57913006
2015,12,4,Weekday,1900,1-Car,Incapacitating,OBSTRUCTION NOT MARKED,S PATTERSON & W PROSPECT,0,0
2015,12,4,Weekday,500,2-Car,No injury/unknown,LEFT OF CENTER,HARTSTRAIT & SR46W,39.22766271,-86.61588976
2015,12,3,Weekday,100,1-Car,Incapacitating,UNSAFE SPEED,W MAY,39.09349863,-86.59996102
2015,12,5,Weekday,100,2-Car,No injury/unknown,UNSAFE BACKING,E 10TH,39.17149326,-86.51131082
2015,12,4,Weekday,2100,2-Car,No injury/unknown,FAILURE TO YIELD RIGHT OF WAY,E WINSLOW & S WALNUT STREET,39.1359897,-86.52879975
2015,12,5,Weekday,600,2-Car,No injury/unknown,DISREGARD SIGNAL/REG SIGN,KIRKWOOD & S WALNUT,39.16658029,-86.53361029
2015,12,4,Weekday,1200,2-Car,No injury/unknown,UNSAFE SPEED,10TH & SR46E,39.171648,-86.502096
2015,12,4,Weekday,1200,2-Car,No injury/unknown,FOLLOWING TOO CLOSELY,GORDON & OLD 37,39.12141994,-86.53134986
2015,12,3,Weekday,1700,2-Car,No injury/unknown,UNSAFE BACKING,E 3RD,39.16423861,-86.49522852
2015,12,5,Weekday,2300,1-Car,No injury/unknown,RAN OFF ROAD RIGHT,N MAPLE GROVE & W ARLINGTON,39.19968,-86.55968
2015,12,5,Weekday,1100,2-Car,No injury/unknown,UNSAFE BACKING,OLD 37 S,39.12023926,-86.52938079
2015,12,4,Weekday,900,1-Car,No injury/unknown,RAN OFF ROAD RIGHT,ANDERSON & DORA,39.2701267,-86.48186315
2015,12,4,Weekday,1100,1-Car,No injury/unknown,RAN OFF ROAD RIGHT,HAYS & SR446S,39.04660773,-86.40828939
2015,12,5,Weekday,1200,2-Car,No injury/unknown,FOLLOWING TOO CLOSELY,NORTH & WALNUT,39.144752,-86.531888
2015,12,5,Weekday,1000,2-Car,No injury/unknown,FAILURE TO YIELD RIGHT OF WAY,GATES,39.16803807,-86.57621853
2015,12,7,Weekend,200,1-Car,No injury/unknown,ANIMAL/OBJECT IN ROADWAY,S BREEDEN & SR45W,39.08693531,-86.67113914
2015,12,7,Weekend,0,1-Car,No injury/unknown,ANIMAL/OBJECT IN ROADWAY,E BAYLESS & N SR 37 BUSINESS,0,0
2015,12,5,Weekday,1000,2-Car,No injury/unknown,OTHER (ENVIRONMENTAL) - EXPLAIN IN NARR,INGRAM & SR37S,38.99476252,-86.53728083
2015,12,4,Weekday,1700,2-Car,Incapacitating,FAILURE TO YIELD RIGHT OF WAY,DILLMAN & S OLD SR 37,39.092944,-86.544
2015,12,5,Weekday,2200,2-Car,No injury/unknown,UNSAFE BACKING,W FESTIVE,39.130144,-86.577024
2015,12,7,Weekend,200,1-Car,No injury/unknown,ANIMAL/OBJECT IN ROADWAY,INGRAM & SR37,38.99366392,-86.5372677
2015,12,1,Weekend,0,1-Car,No injury/unknown,IMPROPER LANE USAGE,NORTH & WALNUT,39.14555447,-86.53212815
2015,12,1,Weekend,0,1-Car,No injury/unknown,SPEED TOO FAST FOR WEATHER CONDITIONS,BASSWOOD & BLOOMFIELD,39.20263248,-86.56889006
2015,12,1,Weekend,1100,2-Car,No injury/unknown,SPEED TOO FAST FOR WEATHER CONDITIONS,10 & SR46E,39.280386,-84.94479
2015,12,2,Weekday,900,2-Car,No injury/unknown,FAILURE TO YIELD RIGHT OF WAY,OLD STATE ROAD 37 & SR37S,39.28445816,-86.49533081
2015,12,1,Weekend,600,1-Car,No injury/unknown,ANIMAL/OBJECT IN ROADWAY,SR37 & ZIKES,39.04918134,-86.53588594
2015,12,1,Weekend,1600,1-Car,Incapacitating,UNSAFE SPEED,I69S,0,0
2015,12,2,Weekday,700,1-Car,No injury/unknown,ROADWAY SURFACE CONDITION,FARR ROAD & FISH ROAD,39.306768,-86.476816
2015,12,2,Weekday,1400,2-Car,No injury/unknown,DISREGARD SIGNAL/REG SIGN,ASSOCIATION & SALE,39.233056,-86.6256
2015,12,2,Weekday,1700,3+ Cars,No injury/unknown,FOLLOWING TOO CLOSELY,E 3RD & WALNUT,39.16464,-86.5336
2015,12,2,Weekday,1700,2-Car,No injury/unknown,LEFT OF CENTER,RUNKLE & S WELMIR,0,0
2015,12,2,Weekday,700,2-Car,No injury/unknown,OTHER (DRIVER) - EXPLAIN IN NARRATIVE,FARRINGTON & MARKET,39.136144,-86.580704
2015,12,7,Weekend,1500,1-Car,Incapacitating,RAN OFF ROAD RIGHT,E MARIE & S FAIRFAX,39.10568006,-86.5224798
2015,12,1,Weekend,1600,3+ Cars,No injury/unknown,UNSAFE SPEED,W SR 45,39.14186096,-86.5799179
2015,12,3,Weekday,600,1-Car,No injury/unknown,ANIMAL/OBJECT IN ROADWAY,MONROE DAM & SR37S,39.02059174,-86.53601714
2015,12,2,Weekday,1200,2-Car,No injury/unknown,SPEED TOO FAST FOR WEATHER CONDITIONS,BASSWOOD & MULLER,39.15858999,-86.56790971
2015,12,2,Weekday,700,1-Car,No injury/unknown,RAN OFF ROAD RIGHT,FAIRFAX & WALNUT STREET,39.10715819,-86.52650724
2015,12,2,Weekday,1500,Bus,No injury/unknown,UNSAFE LANE MOVEMENT,S COLLEGE & W KIRKWOOD,39.16664,-86.5348
2015,12,3,Weekday,1700,1-Car,No injury/unknown,OVERCORRECTING/OVERSTEERING,SR37S & W 3RD,39.16747214,-86.57272682
2015,12,3,Weekday,1800,2-Car,No injury/unknown,FOLLOWING TOO CLOSELY,BLOOMFIELD & STATE ROAD 37 RAMP 15,0,0
2015,12,3,Weekday,2100,2-Car,Non-incapacitating,FAILURE TO YIELD RIGHT OF WAY,3RD & LIBERTY,39.16461021,-86.57913006
2015,10,1,Weekend,1200,2-Car,No injury/unknown,UNSAFE LANE MOVEMENT,ATWATER & MITCHELL,39.16308001,-86.5141797
2015,12,4,Weekday,1200,3+ Cars,No injury/unknown,IMPROPER TURNING,NORTH CURRY PIKE & PROFILE PARKWAY,39.14023084,-86.5829797
2015,12,4,Weekday,1800,2-Car,No injury/unknown,FOLLOWING TOO CLOSELY,SOUTH FAIRFAX & SOUTH WALNUT STREET,0,0
2015,12,2,Weekday,2200,1-Car,Incapacitating,RAN OFF ROAD RIGHT,ALLEN & BLOOMFIELD,39.156144,-86.561296
2015,12,4,Weekday,1800,1-Car,No injury/unknown,ANIMAL/OBJECT IN ROADWAY,I69,0,0
2015,12,2,Weekday,1300,2-Car,No injury/unknown,FAILURE TO YIELD RIGHT OF WAY,CURRY & FARMER,0,0
2015,12,3,Weekday,500,1-Car,No injury/unknown,RAN OFF ROAD RIGHT,MCNEELY,39.238513,-86.613235
2015,12,5,Weekday,1200,2-Car,No injury/unknown,FAILURE TO YIELD RIGHT OF WAY,LONGVIEW & PETE ELLIS,39.166944,-86.495056
2015,12,5,Weekday,1100,2-Car,No injury/unknown,FOLLOWING TOO CLOSELY,CONSTITUTION & LIBERTY,39.149552,-86.575936
2015,12,5,Weekday,1400,2-Car,No injury/unknown,FOLLOWING TOO CLOSELY,E 4TH & WALNUT,39.165648,-86.5336
2015,12,4,Weekday,1600,2-Car,No injury/unknown,FOLLOWING TOO CLOSELY,CONSTITUTION & LIBERTY,39.25690807,-86.5768703
2015,12,3,Weekday,1600,1-Car,No injury/unknown,OTHER (DRIVER) - EXPLAIN IN NARRATIVE,N DANIELS,39.16936111,-86.59674835
2015,12,5,Weekday,1500,2-Car,No injury/unknown,OTHER (VEHICLE) - EXPLAIN IN NARRATIVE,SUMMIT & W 13TH,39.175152,-86.548048
2015,12,4,Weekday,2100,2-Car,No injury/unknown,UNSAFE BACKING,RAUBS,39.22990074,-86.635728
2015,12,4,Weekday,900,1-Car,No injury/unknown,ANIMAL/OBJECT IN ROADWAY,BURMA & SR37,39.31359897,-86.51172699
2015,12,3,Weekday,1400,2-Car,No injury/unknown,ANIMAL/OBJECT IN ROADWAY,INGRAM & SR37S,39.09734018,-86.59564208
2015,12,2,Weekday,800,1-Car,No injury/unknown,ANIMAL/OBJECT IN ROADWAY,OLD STATE ROAD 37 SOUTH & WEST CHUMLEY,,
2014,4,5,Weekday,900,3+ Cars,Non-incapacitating,FAILURE TO YIELD RIGHT OF WAY,SR45W & WALMART,40.89924136,-85.51386595
2014,1,5,Weekday,1700,2-Car,No injury/unknown,UNSAFE BACKING,EAST 7TH ST,40.615528,-87.313484
2014,10,3,Weekday,1200,1-Car,No injury/unknown,OVERSIZE/OVERWEIGHT LOAD,S 3RD & W 4TH,40.48158309,-85.63315222
2014,9,6,Weekend,2000,2-Car,No injury/unknown,DRIVER DISTRACTED - EXPLAIN IN NARRATIVE,ADAMS & MONROE ST,40.1918609,-85.38064135
2014,10,6,Weekday,700,3+ Cars,Incapacitating,FOLLOWING TOO CLOSELY,S WALNUT & SOUTH,40.03117049,-86.12608024
2014,3,6,Weekday,800,2-Car,No injury/unknown,FOLLOWING TOO CLOSELY,CROSSOVER ROAD & SR37N,39.56472121,-86.51947021
2014,10,2,Weekday,1300,Moped/Motorcycle,Incapacitating,LEFT OF CENTER,OLD RICHARDSON & SR446S,39.5315596,-86.42645263
2014,9,2,Weekday,1600,1-Car,Non-incapacitating,RAN OFF ROAD RIGHT,HACKERS CREEK RD & MAIN FOREST,39.51752291,-86.47167988
2014,9,1,Weekend,300,1-Car,No injury/unknown,RAN OFF ROAD RIGHT,OLD DUTCH CHURCH RD & RED HILL ROAD RD,39.48158564,-86.63486972
2014,5,3,Weekday,500,1-Car,No injury/unknown,RAN OFF ROAD RIGHT,WOODCREST DR,39.43796158,-86.39395141
2014,3,6,Weekend,2000,1-Car,No injury/unknown,ANIMAL/OBJECT IN ROADWAY,BOTTOM & SR37S,39.43547095,-86.55792236
2014,10,5,Weekday,0,1-Car,No injury/unknown,UNSAFE SPEED,GOURLEY PK & OLD STATE ROAD 37,39.39678004,-86.53521023
2014,7,7,Weekend,800,1-Car,No injury/unknown,RAN OFF ROAD RIGHT,E MAIN FORREST & N ROSENBAUM  RD,39.38752459,-86.42219656
2014,1,6,Weekend,2000,2-Car,No injury/unknown,UNSAFE LANE MOVEMENT,N CROSSOVER & SR37N,39.38283344,-86.51870072
2014,3,2,Weekday,600,1-Car,Non-incapacitating,ROADWAY SURFACE CONDITION,BOTTOM ROAD & SR37N,39.3824478,-86.55792236
2014,2,6,Weekday,1500,2-Car,No injury/unknown,LEFT OF CENTER,HWY 37 SOUTH & OLD ST RD 37 SOUTH RD,39.36887546,-86.48436457
2014,10,2,Weekday,1100,1-Car,No injury/unknown,ANIMAL/OBJECT IN ROADWAY,BUSKIRK & FRY,39.36269731,-86.55248179
2014,9,1,Weekend,400,1-Car,Incapacitating,RAN OFF ROAD RIGHT,NORTH UNION VALLEY RD & WEST TANGLEWOOD,39.34305607,-86.59276977
2014,4,7,Weekend,100,1-Car,Fatal,OBSTRUCTION NOT MARKED,MOON RD & W SAND COLLEGE,39.34234251,-86.65127245
2014,3,7,Weekend,1000,1-Car,Non-incapacitating,ANIMAL/OBJECT IN ROADWAY,BURMA RD & SALEM,39.3392379,-86.54964776
2014,1,4,Weekday,1800,1-Car,No injury/unknown,ANIMAL/OBJECT IN ROADWAY,OLD ST RD 37S & SR37S,39.33749218,-86.49533081
2014,10,6,Weekend,2200,1-Car,No injury/unknown,SPEED TOO FAST FOR WEATHER CONDITIONS,BRYANTS CREEK & SR37N,39.33650147,-86.51086393
2014,3,1,Weekday,2200,1-Car,Non-incapacitating,RAN OFF ROAD RIGHT,BURMA RD & SPRADLING,39.33346643,-86.53310219
2014,1,7,Weekend,2300,1-Car,No injury/unknown,RAN OFF ROAD RIGHT,OLD STATE RD 37 RD & SAMPLE,39.33281908,-86.50128029
2014,12,6,Weekday,1500,1-Car,Non-incapacitating,DRIVER ILLNESS,BRYANTS CREEK & SR37N,39.33184541,-86.51438677
2014,1,1,Weekday,2200,1-Car,No injury/unknown,ANIMAL/OBJECT IN ROADWAY,BRYANTS CREEK & SR37N,39.32998958,-86.51525817
2014,4,1,Weekend,1400,2-Car,Non-incapacitating,UNSAFE LANE MOVEMENT,BURMA & SR37N,39.32828874,-86.51388174
2014,1,2,Weekday,1500,1-Car,No injury/unknown,SPEED TOO FAST FOR WEATHER CONDITIONS,BURMA & SR37N,39.31968099,-86.51067443
2014,4,7,Weekend,200,1-Car,No injury/unknown,RAN OFF ROAD RIGHT,NORTH MOUNT PLEASANT & WEST BURMA RD,39.317216,-86.57976
2014,2,3,Weekday,700,2-Car,No injury/unknown,SPEED TOO FAST FOR WEATHER CONDITIONS,SR37S,39.31700127,-86.5108666
2014,12,7,Weekend,300,1-Car,No injury/unknown,SPEED TOO FAST FOR WEATHER CONDITIONS,BURMA & SR37N,39.31614939,-86.51101878
2014,11,1,Weekday,1900,1-Car,No injury/unknown,ANIMAL/OBJECT IN ROADWAY,BURMA & SR37N,39.31561299,-86.51117113
2014,2,3,Weekday,800,1-Car,No injury/unknown,SPEED TOO FAST FOR WEATHER CONDITIONS,BURMA & SR37S,39.3148084,-86.51139966
2014,6,2,Weekday,500,1-Car,No injury/unknown,ANIMAL/OBJECT IN ROADWAY,SR37N & WEST BURMA,39.314272,-86.511552
2014,10,5,Weekday,700,1-Car,No injury/unknown,ANIMAL/OBJECT IN ROADWAY,SR37,39.31416208,-86.51167738
2014,7,7,Weekend,2100,1-Car,No injury/unknown,ANIMAL/OBJECT IN ROADWAY,BURMA & SR37N,39.31400279,-86.511622
2014,4,4,Weekday,600,Pedestrian,Non-incapacitating,PEDESTRIAN ACTION,WEST WOLF MOUNTAIN RD,39.31304932,-86.666893
2014,3,3,Weekday,1400,1-Car,No injury/unknown,RAN OFF ROAD RIGHT,N COUNTY LINE RD & N WOLF MOUNTAIN,39.310928,-86.685424
2014,8,3,Weekday,2100,1-Car,No injury/unknown,UNSAFE SPEED,BEAN BLOSSOM & MAIN FOREST RD,39.31077361,-86.42810277
2014,3,3,Weekday,800,2-Car,No injury/unknown,IMPROPER LANE USAGE,N CROSSOVER & SR37S,39.31006077,-86.51947021
2014,2,6,Weekday,1500,1-Car,No injury/unknown,RAN OFF ROAD RIGHT,N BUSKIRK & W FRY RD,39.30962931,-86.55243851
2014,2,4,Weekday,900,Bus,No injury/unknown,UNSAFE BACKING,8223 N BOTTOM RD & W PRATHER,39.308592,-86.602176
2014,10,1,Weekend,1300,2-Car,No injury/unknown,FOLLOWING TOO CLOSELY,SR37 & SR45W,39.30670166,-86.5161972
2014,3,1,Weekend,500,2-Car,Non-incapacitating,SPEED TOO FAST FOR WEATHER CONDITIONS,E CHAMBERS & SR37N,39.30565079,-86.51636386
2014,4,3,Weekday,1500,2-Car,No injury/unknown,FAILURE TO YIELD RIGHT OF WAY,CHAMBERS & SR37N,39.30432,-86.5168
2014,10,4,Weekday,1300,2-Car,No injury/unknown,OVERCORRECTING/OVERSTEERING,DILLMAN & VICTOR,39.30412235,-86.55929983
2014,11,3,Weekday,1900,1-Car,No injury/unknown,RAN OFF ROAD RIGHT,CHAMBERS & SR37N,39.30406189,-86.51651001
2014,1,1,Weekend,1600,1-Car,No injury/unknown,SPEED TOO FAST FOR WEATHER CONDITIONS,CHAMBERS PIKE & SR37,39.30404015,-86.51626295
2014,12,5,Weekday,1700,3+ Cars,Incapacitating,DRIVER DISTRACTED - EXPLAIN IN NARRATIVE,SR37S & W VERNAL,39.30355273,-86.56252289
2014,9,2,Weekday,200,1-Car,No injury/unknown,RAN OFF ROAD RIGHT,CHAMBERS & SR37N,39.30218905,-86.51748921
2014,6,5,Weekday,0,1-Car,No injury/unknown,ANIMAL/OBJECT IN ROADWAY,BURMA & SR37S,39.30152476,-86.51770406
2014,7,2,Weekday,1100,2-Car,No injury/unknown,TIRE FAILURE OR DEFECTIVE,CROSSOVER & SR37N,39.29944992,-86.51947021
2014,1,5,Weekday,800,1-Car,No injury/unknown,SPEED TOO FAST FOR WEATHER CONDITIONS,CHAMBERS & SR37N,39.29897788,-86.51843531
2014,10,7,Weekend,1400,1-Car,No injury/unknown,ANIMAL/OBJECT IN ROADWAY,8600 STINSVILLE RD & MAIN,39.298944,-86.6532
2014,4,4,Weekday,1700,2-Car,Incapacitating,FAILURE TO YIELD RIGHT OF WAY,N OLD DUTCH CHURCH & N RED HILL RD,39.2986878,-86.63486972
2014,7,2,Weekday,800,2-Car,Non-incapacitating,FOLLOWING TOO CLOSELY,SMITH PIKE PIKE & WOODYARD ROAD,39.29645443,-86.58308029
2014,1,5,Weekday,1600,1-Car,No injury/unknown,RAN OFF ROAD RIGHT,N RED HILL & W WALKER LN,39.295952,-86.639808
2014,3,2,Weekday,1300,1-Car,No injury/unknown,RAN OFF ROAD RIGHT,MOUNT TABOR RD,39.29093552,-86.62451171
2014,6,4,Weekday,600,2-Car,No injury/unknown,FOLLOWING TOO CLOSELY,NORTH FOX HOLLOW & SR37N,39.29042148,-86.51795556
2014,1,6,Weekday,900,2-Car,No injury/unknown,IMPROPER LANE USAGE,NORTH BOTTOM & NORTH WOODALL RD,39.290288,-86.576992
2014,10,4,Weekday,700,1-Car,No injury/unknown,FAILURE TO YIELD RIGHT OF WAY,BOTTOM RDS & DITTEMORE,39.28949104,-86.56278428
2014,10,7,Weekend,1800,1-Car,No injury/unknown,RAN OFF ROAD RIGHT,N FISH,39.288544,-86.480816
2014,12,5,Weekday,1700,1-Car,No injury/unknown,DRIVER DISTRACTED - EXPLAIN IN NARRATIVE,STATE ROAD 37 N,39.28844,-86.518728
2014,5,7,Weekend,1500,1-Car,Non-incapacitating,RAN OFF ROAD RIGHT,BOTTOM RD & WOODALL,39.28492649,-86.57690668
2014,10,4,Weekday,700,1-Car,No injury/unknown,RAN OFF ROAD RIGHT,HEDRICK & STINESVILLE,39.28449039,-86.66302773
2014,5,3,Weekday,800,2-Car,No injury/unknown,FOLLOWING TOO CLOSELY,OLD STATE 37 & SR37S,39.28445816,-86.49533081
2014,1,1,Weekend,900,1-Car,No injury/unknown,RAN OFF ROAD RIGHT,MOUNT TABOR RD & WOODLAND,39.28344,-86.624192
2014,4,7,Weekend,1600,1-Car,Non-incapacitating,UNSAFE SPEED,MT TABOR RD & WOODLAND,39.28344,-86.624192
2014,7,3,Weekday,900,1-Car,No injury/unknown,RAN OFF ROAD RIGHT,WOODALL RD & WOODLAND,39.28339463,-86.58291793
2014,7,4,Weekday,600,1-Car,No injury/unknown,RAN OFF ROAD RIGHT,E ANDERSON RD & N LOW GAP RD RD,39.282576,-86.411808
2014,11,2,Weekday,500,1-Car,No injury/unknown,ANIMAL/OBJECT IN ROADWAY,SR36N & W VERNAL,39.28239736,-86.56252289
2014,8,5,Weekday,600,2-Car,No injury/unknown,FOLLOWING TOO CLOSELY,COUNTY LINE & SR46W,39.281744,-86.6848
2014,12,5,Weekday,0,1-Car,No injury/unknown,RAN OFF ROAD RIGHT,HEDRICK,39.2814064,-86.67684174