Year,Month,Day,Weekend?,Hour,Collision Type,Injury Type,Primary Factor,Reported_Location,Latitude,Longitude
2014,1,5,Weekday,1900,1-Car,No injury/unknown,OVERCORRECTING/OVERSTEERING,N MT GILEAD & SR45E,39.28106985,-86.46720886
2014,2,1,Weekend,1200,2-Car,Incapacitating,FAILURE TO YIELD RIGHT OF WAY,SR37N & WINERY,39.28076172,-86.52158355
2014,7,2,Weekday,2000,1-Car,Non-incapacitating,RAN OFF ROAD RIGHT,WOODALL & WOODLAND RD,39.28068012,-86.58320686
2014,9,7,Weekend,1400,2-Car,No injury/unknown,UNSAFE SPEED,SR37N & WINERY RD,39.28039983,-86.52268029
2014,10,6,Weekday,1400,3+ Cars,Non-incapacitating,LEFT OF CENTER,MERRITT & SR446S,39.27911703,-86.42514778
2014,2,5,Weekday,1500,2-Car,No injury/unknown,TIRE FAILURE OR DEFECTIVE,HEDRICK & SR46W,39.27761903,-86.67732778
2014,11,1,Weekend,1100,1-Car,No injury/unknown,ANIMAL/OBJECT IN ROADWAY,BOTTOM & SR37,39.27640152,-86.55792236
2014,7,6,Weekday,1300,1-Car,No injury/unknown,ANIMAL/OBJECT IN ROADWAY,BOTTOM & SR37N,39.27640152,-86.55792236
2014,8,2,Weekday,500,1-Car,Non-incapacitating,RAN OFF ROAD RIGHT,BOTTOM RD,39.27640152,-86.55792236
2014,6,6,Weekend,2100,2-Car,Non-incapacitating,FAILURE TO YIELD RIGHT OF WAY,SR37N & THAMES,39.27473068,-86.51846313
2014,7,6,Weekday,500,1-Car,No injury/unknown,RAN OFF ROAD RIGHT,N BARR & N MT TABOR,39.273888,-86.621456
2014,7,4,Weekday,2200,1-Car,No injury/unknown,RAN OFF ROAD RIGHT,WOODALL RD & WOODLAND,39.27368641,-86.58162091
2014,1,7,Weekend,2100,1-Car,No injury/unknown,RAN OFF ROAD RIGHT,SR46 & STINESVILLE RD,39.2719099,-86.66333225
2014,4,1,Weekend,1200,2-Car,No injury/unknown,UNSAFE BACKING,37 HWY,39.27168,-86.522992
2014,5,7,Weekend,2300,1-Car,No injury/unknown,ANIMAL/OBJECT IN ROADWAY,SR46E & STINESVILLE ROAD,39.27157583,-86.6708465
2014,11,3,Weekday,1200,1-Car,No injury/unknown,RAN OFF ROAD RIGHT,NORTHSHORE,39.27069855,-86.40746307
2014,3,7,Weekend,1100,2-Car,No injury/unknown,IMPROPER TURNING,S LIBERTY DR & W 3RD,39.27035465,-86.57913006
2014,11,2,Weekday,2000,2-Car,No injury/unknown,INSECURE/LEAKY LOAD,N PURCELL & SR37N,39.26973827,-86.52761719
2014,8,2,Weekday,1700,2-Car,No injury/unknown,FAILURE TO YIELD RIGHT OF WAY,SR37N,39.26891991,-86.52287428
2014,9,1,Weekend,1400,1-Car,No injury/unknown,ACCELERATOR FAILURE OR DEFECTIVE,SR37N,39.26891991,-86.52287428
2014,9,5,Weekday,1500,2-Car,No injury/unknown,FOLLOWING TOO CLOSELY,SAMPLE & SR37N,39.26890488,-86.52287361
2014,3,1,Weekend,300,1-Car,No injury/unknown,RAN OFF ROAD RIGHT,E SAMPLE & SR37N,39.2686304,-86.52286144
2014,3,2,Weekday,1700,2-Car,No injury/unknown,OTHER (DRIVER) - EXPLAIN IN NARRATIVE,E ANDERSON RD,39.2676891,-86.48645667
2014,1,7,Weekend,2300,1-Car,Non-incapacitating,ANIMAL/OBJECT IN ROADWAY,SAMPLE & SR37S,39.26766969,-86.52281888
2014,9,1,Weekend,1500,Moped/Motorcycle,Non-incapacitating,RAN OFF ROAD RIGHT,COYLE & SHILO RD,39.26735305,-86.44578108
2014,12,4,Weekday,1000,2-Car,No injury/unknown,FOLLOWING TOO CLOSELY,SR46W & STINESVILLE,39.26681667,-86.66570028
2014,11,7,Weekend,0,1-Car,No injury/unknown,ANIMAL/OBJECT IN ROADWAY,SAMPLE & SR37N,39.26670898,-86.52277632
2014,8,1,Weekend,1100,1-Car,Non-incapacitating,DRIVER DISTRACTED - EXPLAIN IN NARRATIVE,COWDEN RD & MT TABOR,39.2667052,-86.6212264
2014,10,7,Weekend,400,1-Car,No injury/unknown,RAN OFF ROAD RIGHT,SR46W & STINESVILLE,39.26631271,-86.66517575
2014,7,4,Weekday,1100,1-Car,Non-incapacitating,RAN OFF ROAD RIGHT,E ANDERSON RD & N OLD STATE ROAD 37,39.266,-86.501696
2014,8,6,Weekday,800,1-Car,No injury/unknown,RAN OFF ROAD RIGHT,E ANDERSON RD & N OLD STATE ROAD 37,39.266,-86.501696
2014,10,5,Weekday,1100,1-Car,No injury/unknown,RAN OFF ROAD RIGHT,E ANDERSON RD & N OLD STATE 37,39.266,-86.501696
2014,1,4,Weekday,1900,1-Car,No injury/unknown,ANIMAL/OBJECT IN ROADWAY,ANDERSON RD & DORA,39.26592158,-86.49001527
2014,9,2,Weekday,1200,2-Car,No injury/unknown,FAILURE TO YIELD RIGHT OF WAY,N WAYPORT & SR37S,39.26576946,-86.52273805
2014,4,1,Weekend,500,2-Car,No injury/unknown,UNSAFE LANE MOVEMENT,45 46 BYPASS & NORTH WALNUT ST,39.26568238,-86.53453968
2014,8,1,Weekend,1600,1-Car,Non-incapacitating,RAN OFF ROAD RIGHT,NORTH MAPLE GROVE RD & WEST DELAP,39.265456,-86.569392
2014,3,1,Weekend,1600,1-Car,No injury/unknown,UNSAFE BACKING,DELAP RD,39.26374817,-86.57717895
2014,1,4,Weekday,1300,2-Car,Non-incapacitating,FAILURE TO YIELD RIGHT OF WAY,SR37 & WAYPORT,39.26307137,-86.52255833
2014,1,6,Weekday,1400,2-Car,No injury/unknown,UNSAFE SPEED,N WAYPORT & SR37N,39.263024,-86.52264
2014,8,2,Weekday,2100,2-Car,No injury/unknown,FAILURE TO YIELD RIGHT OF WAY,SR37N & WAYPORT,39.263024,-86.52264
2014,9,1,Weekend,0,2-Car,No injury/unknown,FAILURE TO YIELD RIGHT OF WAY,SR37N & WAYPORT,39.263024,-86.52264
2014,9,3,Weekday,500,Moped/Motorcycle,No injury/unknown,UNSAFE LANE MOVEMENT,SR37N & WAYPORT,39.263024,-86.52264
2014,11,6,Weekday,1800,2-Car,Incapacitating,FAILURE TO YIELD RIGHT OF WAY,SR37N & WAYPORT,39.263024,-86.52264
2014,11,2,Weekday,1200,2-Car,No injury/unknown,TIRE FAILURE OR DEFECTIVE,SR37 & SR37N,39.26193629,-86.52270895
2014,12,4,Weekday,1600,2-Car,No injury/unknown,DRIVER DISTRACTED - EXPLAIN IN NARRATIVE,SR37 & WEST FULLERTON,39.26164302,-86.57353973
2014,12,5,Weekday,700,1-Car,No injury/unknown,RAN OFF ROAD RIGHT,MOUNT TABOR,39.26144131,-86.62067145
2014,5,6,Weekday,1800,1-Car,Non-incapacitating,UNSAFE LANE MOVEMENT,N WAYPORT & SR37N,39.26135336,-86.52291349
2014,1,4,Weekday,1600,2-Car,No injury/unknown,ROADWAY SURFACE CONDITION,DELAP & WOODALL RD,39.261296,-86.583248
2014,4,3,Weekday,300,1-Car,Incapacitating,RAN OFF ROAD RIGHT,N MT GILEAD RD & UPPER BIRDIE GALYAN,39.26059067,-86.42372019
2014,7,4,Weekday,2200,1-Car,No injury/unknown,RAN OFF ROAD RIGHT,SR37N & WAYPORT,39.26041222,-86.52349167
2014,8,6,Weekend,1900,1-Car,Non-incapacitating,SPEED TOO FAST FOR WEATHER CONDITIONS,SR37N & WAYPORT,39.2597949,-86.52387837
2014,11,2,Weekday,800,Bus,Non-incapacitating,LEFT OF CENTER,CHAFIN CHAPEL & SR46W,39.25962636,-86.65763204
2014,9,5,Weekday,1800,2-Car,No injury/unknown,FOLLOWING TOO CLOSELY,CHAFIN CHAPEL & SR46W,39.25962636,-86.65754537
2014,1,5,Weekday,100,1-Car,No injury/unknown,RAN OFF ROAD RIGHT,CHAFIN CHAPEL & SR46W,39.25960159,-86.64379365
2014,10,4,Weekday,800,1-Car,No injury/unknown,RAN OFF ROAD RIGHT,OLD ST RD 37 & S ROGERS,39.25766202,-86.53789982
2014,10,4,Weekday,1500,1-Car,Non-incapacitating,RAN OFF ROAD RIGHT,MILLER,39.255568,-86.469632
2014,1,7,Weekend,2000,1-Car,No injury/unknown,ANIMAL/OBJECT IN ROADWAY,EAST SPARKS & SR37N,39.25531635,-86.51507479
2014,5,2,Weekday,1500,2-Car,Incapacitating,LEFT OF CENTER,SR46W & W FLATWOODS,39.25516621,-86.65524513
2014,2,7,Weekend,0,2-Car,Fatal,LEFT OF CENTER,FLATWOODS & SR46W,39.25501235,-86.65516921
2014,8,4,Weekday,700,2-Car,Incapacitating,FAILURE TO YIELD RIGHT OF WAY,COWDEN & DELAP RD,39.254128,-86.592464
2014,11,7,Weekend,100,1-Car,No injury/unknown,ANIMAL/OBJECT IN ROADWAY,FLATWOODS & STARNES,39.25248,-86.659104
2014,6,1,Weekend,700,1-Car,No injury/unknown,ANIMAL/OBJECT IN ROADWAY,FLATWOODS & SR46E,39.252448,-86.653904
2014,6,5,Weekday,900,2-Car,No injury/unknown,FOLLOWING TOO CLOSELY,FLATWOODS & SR46W,39.252448,-86.653904
2014,1,7,Weekend,1200,2-Car,Fatal,LEFT OF CENTER,FLATWOODS & SR46W,39.25224102,-86.6536718
2014,9,1,Weekend,0,1-Car,No injury/unknown,RAN OFF ROAD RIGHT,EAST WYLIE RD & SR37N,39.251648,-86.529056
2014,9,1,Weekend,0,1-Car,Incapacitating,RAN OFF ROAD RIGHT,EAST WYLIE RD & SR37N,39.251648,-86.529056
2014,10,5,Weekday,1700,2-Car,Non-incapacitating,OTHER (DRIVER) - EXPLAIN IN NARRATIVE,E SOUTHSHORE & N SHUFFLE CREEK,39.25137709,-86.40089632
2014,1,7,Weekend,1800,1-Car,No injury/unknown,RAN OFF ROAD RIGHT,NORTH RICHARDSON & SOUTH SHORE DR,39.25128,-86.388368
2014,1,1,Weekday,2000,2-Car,No injury/unknown,UNSAFE BACKING,SR46W RD,39.2512,-86.652504
2014,3,3,Weekday,1800,2-Car,No injury/unknown,UNSAFE BACKING,W STATE ROAD 46 HWY,39.2512,-86.652504
2014,3,2,Weekday,1200,2-Car,No injury/unknown,UNSAFE BACKING,SR  46 HWY,39.2512,-86.652504
2014,4,3,Weekday,0,2-Car,No injury/unknown,UNSAFE BACKING,SR46W,39.2512,-86.652504
2014,7,3,Weekday,1700,2-Car,No injury/unknown,FAILURE TO YIELD RIGHT OF WAY,W STATE ROAD 46 HWY,39.2512,-86.652504
2014,7,3,Weekday,1600,2-Car,No injury/unknown,UNSAFE BACKING,W STATE ROAD 46 RD,39.2512,-86.652504
2014,8,4,Weekday,1000,2-Car,No injury/unknown,UNSAFE BACKING,WEST STATE ROAD 46 RD,39.2512,-86.652504
2014,10,7,Weekend,2000,Cyclist,Non-incapacitating,HEADLIGHT DEFECTIVE OR NOT ON,SR46W,39.2512,-86.652504
2014,10,5,Weekday,2300,1-Car,No injury/unknown,RAN OFF ROAD RIGHT,SR46W,39.2512,-86.652504
2014,11,6,Weekday,1600,2-Car,No injury/unknown,UNSAFE BACKING,SR46W,39.2512,-86.652504
2014,6,1,Weekend,1100,1-Car,No injury/unknown,RAN OFF ROAD RIGHT,E SOUTHSHORE DR & N RICHARDSON,39.25114131,-86.38886766
2014,11,1,Weekend,0,1-Car,No injury/unknown,OTHER (DRIVER) - EXPLAIN IN NARRATIVE,SR37N & WALNUT,39.250688,-86.529744
2014,11,6,Weekday,1500,2-Car,No injury/unknown,FOLLOWING TOO CLOSELY,NORTH WALNUT,39.250688,-86.529744
2014,1,5,Weekday,2000,1-Car,No injury/unknown,RAN OFF ROAD RIGHT,FLATWOODS RD & SR46W,39.25037815,-86.65158204
2014,9,5,Weekday,2000,2-Car,Non-incapacitating,FOLLOWING TOO CLOSELY,MATTHEWS & N MOUNT TABOR RD,39.250048,-86.621664
2014,12,1,Weekend,1000,1-Car,No injury/unknown,ANIMAL/OBJECT IN ROADWAY,E ROBINSON & HUDOFF,39.249248,-86.463888
2014,10,6,Weekend,2100,2-Car,Non-incapacitating,LEFT OF CENTER,SHUFFLE CREEK & SR45E,39.24893188,-86.40267296
2014,2,3,Weekday,1800,1-Car,Non-incapacitating,RAN OFF ROAD RIGHT,N UNION VALLEY RD & W MCNEELEY,39.24809403,-86.59277983
2014,5,5,Weekday,700,2-Car,No injury/unknown,FOLLOWING TOO CLOSELY,N MAPLE GROVE & W MAPLE GROVE RD,39.24744,-86.547792
2014,5,5,Weekday,2000,1-Car,No injury/unknown,RAN OFF ROAD RIGHT,BOTTOM & W MAPLE GROVE RD,39.24744,-86.547792
2014,12,1,Weekday,1900,1-Car,No injury/unknown,DRIVER DISTRACTED - EXPLAIN IN NARRATIVE,N BOTTOM & W MAPLE GROVE,39.24744,-86.547792
2014,10,5,Weekday,1700,1-Car,No injury/unknown,RAN OFF ROAD RIGHT,N MAPLE GROVE & W MAPLE GROVE,39.24744,-86.547792
2014,11,1,Weekend,1500,2-Car,No injury/unknown,FAILURE TO YIELD RIGHT OF WAY,N BOTTOM & W MAPLE GROVE,39.24744,-86.547792
2014,2,3,Weekday,900,1-Car,Non-incapacitating,UNSAFE SPEED,E ROBINSON & N OLD SR37 RD,39.24629637,-86.49941683
2014,1,3,Weekday,500,1-Car,No injury/unknown,RAN OFF ROAD RIGHT,SHILO RD & TUNNEL,39.246208,-86.431904
2014,1,3,Weekday,1000,1-Car,No injury/unknown,RAN OFF ROAD RIGHT,N RED HILL RD & W STATE 46,39.245744,-86.636896
2014,4,2,Weekday,1700,2-Car,No injury/unknown,FAILURE TO YIELD RIGHT OF WAY,REDHILL & SR46W,39.24573911,-86.6367148
2014,4,3,Weekday,1400,2-Car,No injury/unknown,IMPROPER TURNING,RED HILL & SR46W,39.24570968,-86.63679967
2014,1,5,Weekday,2000,1-Car,No injury/unknown,OVERCORRECTING/OVERSTEERING,N MATTHEWS DR & W MAPLE GROVE,39.245408,-86.6204
2014,5,7,Weekend,1400,2-Car,No injury/unknown,UNSAFE BACKING,MAPLE GROVE RD,39.244848,-86.60839618
2014,1,4,Weekday,1600,1-Car,No injury/unknown,RAN OFF ROAD RIGHT,N UNION VALLEY RD & W MAPLE GROVE,39.244752,-86.5928
2014,8,1,Weekend,600,1-Car,No injury/unknown,RAN OFF ROAD RIGHT,UNION VALLEY RD & W MAPLE GROVE RD,39.244752,-86.5928
2014,9,2,Weekday,1600,2-Car,No injury/unknown,RAN OFF ROAD RIGHT,MATTEWS & SR46W,39.2437706,-86.6211142
2014,9,2,Weekday,1200,Moped/Motorcycle,Non-incapacitating,RAN OFF ROAD RIGHT,N PATHWAYS & SR45E,39.24370956,-86.38459777
2014,9,7,Weekend,700,Moped/Motorcycle,Non-incapacitating,RAN OFF ROAD RIGHT,N PATHWAYS & SR45E,39.24370956,-86.38454594
2014,10,4,Weekday,2000,2-Car,Incapacitating,LEFT OF CENTER,OLD 37 & ROBINSON RD,39.24355713,-86.49343967
2014,10,6,Weekend,2300,1-Car,Incapacitating,RAN OFF ROAD RIGHT,MAPLE GROVE & UNION VALLEY,39.24310411,-86.59278706
2014,3,3,Weekday,1400,2-Car,No injury/unknown,IMPROPER TURNING,N MATHEWS DR,39.242544,-86.622304
2014,8,7,Weekend,1500,1-Car,No injury/unknown,RAN OFF ROAD RIGHT,COUNTY LINE & WEST REEVES RD,39.24172799,-86.68436718
2014,11,3,Weekday,1000,2-Car,No injury/unknown,RAN OFF ROAD RIGHT,N TUNNEL,39.24108891,-86.43607295
2014,2,2,Weekday,1500,2-Car,No injury/unknown,OTHER (DRIVER) - EXPLAIN IN NARRATIVE,1 & TEMPERANCE ST,39.24106979,-86.63207244
2014,2,5,Weekday,700,1-Car,No injury/unknown,ANIMAL/OBJECT IN ROADWAY,SR37N & WYLIE,39.24082118,-86.5226593
2014,10,5,Weekday,1300,2-Car,No injury/unknown,OTHER (DRIVER) - EXPLAIN IN NARRATIVE,NEHRT & ROBINSON,39.24065016,-86.4434028
2014,6,7,Weekend,1200,2-Car,No injury/unknown,BRAKE FAILURE OR DEFECTIVE,NEHRT & ROBINSON RD,39.24065016,-86.44322991
2014,8,2,Weekday,1100,1-Car,Incapacitating,SPEED TOO FAST FOR WEATHER CONDITIONS,E ROBINSON RD & NEHRT,39.24065016,-86.44321262
2014,12,3,Weekday,800,1-Car,No injury/unknown,ANIMAL/OBJECT IN ROADWAY,E ROBINSON & N OLD STATE RD 37,39.24028002,-86.49909698
2014,7,7,Weekend,1100,1-Car,Non-incapacitating,RAN OFF ROAD RIGHT,N RICHARDSON & SR45E,39.23984,-86.387696
2014,2,4,Weekday,800,1-Car,No injury/unknown,RAN OFF ROAD RIGHT,EAST DOLEN & OLD IN 37 HWY,39.23947404,-86.49948975
2014,8,3,Weekday,2100,2-Car,No injury/unknown,FOLLOWING TOO CLOSELY,MAIN ST & TEMPERANCE,39.238848,-86.630096
2014,9,3,Weekday,1200,2-Car,No injury/unknown,LEFT OF CENTER,MCNEELY & RIDGEWAY DR,39.23765011,-86.60691976
2014,10,2,Weekday,1700,2-Car,No injury/unknown,FAILURE TO YIELD RIGHT OF WAY,POPLAR & SR46W,39.23763013,-86.62949361
2014,1,7,Weekend,2000,1-Car,No injury/unknown,SPEED TOO FAST FOR WEATHER CONDITIONS,N UNION VALLEY & W MCNEELY ST,39.23749936,-86.59283608
2014,12,7,Weekend,1700,2-Car,No injury/unknown,FOLLOWING TOO CLOSELY,POPLAR & SR46W,39.23736097,-86.62936048
2014,1,7,Weekend,400,1-Car,No injury/unknown,RAN OFF ROAD RIGHT,LENTZ RD & NEHRT,39.23712,-86.463408
2014,4,2,Weekday,1800,2-Car,No injury/unknown,UNSAFE BACKING,W REEVES RD,39.23645501,-86.67777494
2014,9,2,Weekday,1500,2-Car,No injury/unknown,OTHER (DRIVER) - EXPLAIN IN NARRATIVE,EDGEWOOD DR,39.2364,-86.631248
2014,10,1,Weekend,1400,Moped/Motorcycle,No injury/unknown,RAN OFF ROAD RIGHT,EDGEWOOD  PARKING LOT DR,39.2364,-86.631248
2014,1,6,Weekday,1400,2-Car,No injury/unknown,ROADWAY SURFACE CONDITION,EDGEWOOD & EDGEWOOD DR,39.236288,-86.628336
2014,3,5,Weekday,700,1-Car,No injury/unknown,RAN OFF ROAD RIGHT,DELAP & MATHEWS DR,39.23613303,-86.6206701
2014,2,6,Weekend,2300,2-Car,Non-incapacitating,DISREGARD SIGNAL/REG SIGN,MAIN ST & MATTHEWS,39.236096,-86.625168
2014,2,5,Weekday,1400,1-Car,Non-incapacitating,RAN OFF ROAD RIGHT,ROBINSON & TUNNEL RD,39.235147,-86.436288
2014,5,3,Weekday,1500,2-Car,Non-incapacitating,FOLLOWING TOO CLOSELY,CHANDLER & SR46W,39.23506165,-86.61779785
2014,6,1,Weekday,2200,1-Car,No injury/unknown,UNSAFE BACKING,MATTHEWS & SR46W,39.23496393,-86.62663149
2014,12,4,Weekday,0,2-Car,No injury/unknown,UNSAFE LANE MOVEMENT,MATTHEWS & SR46E,39.23496393,-86.62663149
2014,1,6,Weekday,700,2-Car,No injury/unknown,UNSAFE BACKING,ASSOCIATION ST & SALE,39.23489967,-86.62821765
2014,1,3,Weekday,1300,3+ Cars,No injury/unknown,ROADWAY SURFACE CONDITION,MATTHEWS & SR46W,39.234768,-86.626384
2014,8,6,Weekday,1300,2-Car,No injury/unknown,OTHER (ENVIRONMENTAL) - EXPLAIN IN NARR,MATTHEWS & SR46W,39.234768,-86.626384
2014,11,5,Weekday,1100,2-Car,No injury/unknown,FOLLOWING TOO CLOSELY,MATTHEWS & SR46W,39.234768,-86.626384
2014,3,1,Weekend,1600,1-Car,No injury/unknown,SPEED TOO FAST FOR WEATHER CONDITIONS,SR37S,39.23438854,-86.5415463
2014,5,5,Weekday,2000,2-Car,No injury/unknown,UNSAFE SPEED,ASSOCIATION & CHERRY ST,39.23418,-86.62702019
2014,12,4,Weekday,1600,2-Car,No injury/unknown,UNSAFE BACKING,WEST TEMPERANCE,39.23403394,-86.62519693
2014,11,4,Weekday,900,2-Car,No injury/unknown,UNSAFE LANE MOVEMENT,KELLI & SR46W,39.23389053,-86.61813355
2014,1,4,Weekday,1400,2-Car,No injury/unknown,FAILURE TO YIELD RIGHT OF WAY,N SALE & SR46E,39.23384,-86.624704
2014,2,3,Weekday,1700,2-Car,No injury/unknown,ROADWAY SURFACE CONDITION,S SALE & SR46W,39.23384,-86.624704
2014,5,3,Weekday,1900,2-Car,No injury/unknown,FOLLOWING TOO CLOSELY,SALE & SR46W,39.23384,-86.624704
2014,7,6,Weekday,1700,2-Car,No injury/unknown,IMPROPER TURNING,SALE & SR46W,39.23384,-86.624704
2014,7,7,Weekend,1100,2-Car,No injury/unknown,IMPROPER TURNING,NORTH SALE & SR46W,39.23384,-86.624704
2014,8,2,Weekday,1300,Moped/Motorcycle,No injury/unknown,FAILURE TO YIELD RIGHT OF WAY,SALE & SR46W,39.23384,-86.624704
2014,8,2,Weekday,700,2-Car,No injury/unknown,FAILURE TO YIELD RIGHT OF WAY,SALE & SR46W,39.23384,-86.624704
2014,10,6,Weekday,900,2-Car,No injury/unknown,IMPROPER TURNING,SALE & SR46E,39.23384,-86.624704
2014,9,7,Weekend,1300,2-Car,Non-incapacitating,IMPROPER LANE USAGE,NORTH SALE & SR46W,39.23384,-86.624704
2014,10,2,Weekday,1600,2-Car,No injury/unknown,DRIVER DISTRACTED - EXPLAIN IN NARRATIVE,46 & SALE,39.23384,-86.624704
2014,12,6,Weekday,1400,2-Car,No injury/unknown,OTHER (ENVIRONMENTAL) - EXPLAIN IN NARR,SALE & SR46W,39.23384,-86.624704
2014,2,6,Weekday,1700,1-Car,No injury/unknown,SPEED TOO FAST FOR WEATHER CONDITIONS,BOTTOM & SR37,39.2338145,-86.54121076
2014,5,7,Weekend,1000,1-Car,No injury/unknown,RAN OFF ROAD RIGHT,FIFTH & SR46W,39.23377991,-86.62393951
2014,12,6,Weekday,800,1-Car,No injury/unknown,RAN OFF ROAD RIGHT,SR37N & SR46W,39.2336077,-86.62436717
2014,8,6,Weekday,600,Pedestrian,Fatal,PEDESTRIAN ACTION,FITH & SR46E,39.23343737,-86.62428439
2014,9,1,Weekday,2300,2-Car,No injury/unknown,OTHER (DRIVER) - EXPLAIN IN NARRATIVE,ASSOCIATION & SALE ST,39.23320997,-86.62542404
2014,10,6,Weekday,1400,2-Car,No injury/unknown,FAILURE TO YIELD RIGHT OF WAY,ASSOCIATION ST & SALE,39.233056,-86.6256
2014,10,7,Weekend,1300,2-Car,No injury/unknown,UNSAFE BACKING,N TUNNEL RD,39.2326889,-86.43321991
2014,4,1,Weekend,1200,2-Car,No injury/unknown,FOLLOWING TOO CLOSELY,SR37S & SR45W,39.232688,-86.623056
2014,5,6,Weekend,1900,2-Car,No injury/unknown,FOLLOWING TOO CLOSELY,SR37S & SR45W,39.232688,-86.623056
2014,2,5,Weekday,1200,2-Car,No injury/unknown,FOLLOWING TOO CLOSELY,N WALNUT ST,39.232544,-86.540704
2014,4,6,Weekday,1600,2-Car,No injury/unknown,UNSAFE BACKING,N WALNUT ST,39.232544,-86.540704
2014,8,3,Weekday,0,2-Car,No injury/unknown,UNSAFE BACKING,N WALNUT ST,39.232544,-86.540704
2014,10,2,Weekday,1800,2-Car,No injury/unknown,DRIVER DISTRACTED - EXPLAIN IN NARRATIVE,N WALNUT,39.232544,-86.540704
2014,2,3,Weekday,700,1-Car,No injury/unknown,SPEED TOO FAST FOR WEATHER CONDITIONS,OAK & SALE ST,39.232512,-86.626224
2014,10,7,Weekend,1500,3+ Cars,Incapacitating,UNSAFE LANE MOVEMENT,2ND & SR46W,39.23220279,-86.62237172
2014,2,4,Weekday,1400,1-Car,No injury/unknown,RAN OFF ROAD RIGHT,N OLD STATE ROAD 37 RD & OLD MEYERS,39.23183978,-86.50635973
2014,11,7,Weekend,1900,1-Car,No injury/unknown,LEFT OF CENTER,E OLD MEYERS & N OLD SR 37,39.23183978,-86.50637703
2014,4,3,Weekday,2000,1-Car,No injury/unknown,RAN OFF ROAD RIGHT,DAISY & WILDFLOWER DR,39.23175998,-86.60598321
2014,12,3,Weekday,1800,2-Car,No injury/unknown,FAILURE TO YIELD RIGHT OF WAY,1ST & VINE,39.231744,-86.620992
2014,1,2,Weekday,900,2-Car,No injury/unknown,ROADWAY SURFACE CONDITION,FENCELINE RD & GILMORE,39.231696,-86.67408
2014,2,7,Weekend,1400,1-Car,No injury/unknown,ROADWAY SURFACE CONDITION,FENCE LINE & GILMORE RD,39.23165962,-86.67299813
2014,3,7,Weekend,2200,1-Car,No injury/unknown,RAN OFF ROAD RIGHT,N FLOYD & SR45E,39.23162842,-86.42171782
2014,3,6,Weekend,2100,1-Car,No injury/unknown,ANIMAL/OBJECT IN ROADWAY,SHUFFLE CREEK & SR45E,39.23137841,-86.41023212
2014,11,3,Weekday,1500,3+ Cars,No injury/unknown,TIRE FAILURE OR DEFECTIVE,W REEVES,39.2313605,-86.64098947
2014,1,6,Weekend,2000,1-Car,No injury/unknown,RAN OFF ROAD RIGHT,N LOUDEN & W REEVES RD,39.231344,-86.640096
2014,5,3,Weekday,800,2-Car,Non-incapacitating,OTHER (DRIVER) - EXPLAIN IN NARRATIVE,REEVES RD,39.23131742,-86.64016574
2014,5,6,Weekend,2200,1-Car,No injury/unknown,ANIMAL/OBJECT IN ROADWAY,N UNION VALLEY RD & W TANGLEWOOD,39.23120007,-86.59276977
2014,12,6,Weekday,600,2-Car,No injury/unknown,DRIVER ASLEEP OR FATIGUED,SALE & THOMAS,39.231152,-86.6308
2014,2,3,Weekday,700,1-Car,Non-incapacitating,SPEED TOO FAST FOR WEATHER CONDITIONS,REEVES & THOMAS RD,39.2310157,-86.63077848
2014,10,6,Weekday,1000,2-Car,No injury/unknown,IMPROPER TURNING,1ST & SR46E,39.230884,-86.62051411
2014,1,5,Weekday,1000,1-Car,No injury/unknown,SPEED TOO FAST FOR WEATHER CONDITIONS,BOTTOM & SR37,39.23043218,-86.54352292
2014,1,5,Weekday,900,1-Car,No injury/unknown,SPEED TOO FAST FOR WEATHER CONDITIONS,BOTTOM & SR37,39.23041474,-86.54353454
2014,1,5,Weekday,2100,1-Car,No injury/unknown,RAN OFF ROAD RIGHT,E BOLTINGHOUSE RD & E EARL YOUNG,39.23031025,-86.47342319
2014,6,4,Weekday,1300,2-Car,No injury/unknown,UNSAFE BACKING,BOLTINGHOUSE RD & EARL YOUNG,39.23031025,-86.4733886
2014,10,1,Weekend,1400,2-Car,No injury/unknown,UNSAFE BACKING,W SUSAN DR,39.229952,-86.636784
2014,12,7,Weekend,900,2-Car,No injury/unknown,SPEED TOO FAST FOR WEATHER CONDITIONS,HARTSTRAIT & SR46W,39.22766271,-86.61593307
2014,7,2,Weekday,1400,1-Car,Non-incapacitating,DRIVER ILLNESS,HARTSTRAIT & SR46W,39.22766271,-86.61603701
2014,7,4,Weekday,900,2-Car,No injury/unknown,DRIVER DISTRACTED - EXPLAIN IN NARRATIVE,HARTSTRAIT & SR46W,39.22766271,-86.61593307
2014,9,6,Weekend,2100,2-Car,No injury/unknown,DRIVER DISTRACTED - EXPLAIN IN NARRATIVE,HARTSTRAIT RD & SR46W,39.22766271,-86.61593307
2014,9,7,Weekend,400,1-Car,Non-incapacitating,UNSAFE SPEED,HART STRAIT & SR46W,39.22766271,-86.61588976
2014,12,3,Weekday,700,2-Car,No injury/unknown,FAILURE TO YIELD RIGHT OF WAY,PARK & SR46E,39.22729874,-86.61971283
2014,12,1,Weekend,1800,1-Car,No injury/unknown,UNSAFE SPEED,PARK & SR46W,39.22729874,-86.61971673