Year,Month,Day,Weekend?,Hour,Collision Type,Injury Type,Primary Factor,Reported_Location,Latitude,Longitude
2014,1,4,Weekday,800,2-Car,No injury/unknown,FAILURE TO YIELD RIGHT OF WAY,17TH ST & WALNUT,39.17895701,-86.53321635
2014,9,4,Weekday,1200,1-Car,No injury/unknown,OTHER (DRIVER) - EXPLAIN IN NARRATIVE,E 17TH ST,39.17895065,-86.52955121
2014,1,6,Weekday,1500,2-Car,No injury/unknown,UNSAFE LANE MOVEMENT,17TH & N WALNUT ST,39.178944,-86.533392
2014,4,3,Weekday,2300,1-Car,No injury/unknown,RAN OFF ROAD RIGHT,17TH & WALNUT ST,39.178944,-86.533392
2014,10,2,Weekday,2200,2-Car,No injury/unknown,DISREGARD SIGNAL/REG SIGN,17TH & N WALNUT,39.178944,-86.533392
2014,8,4,Weekday,1500,2-Car,No injury/unknown,FOLLOWING TOO CLOSELY,17TH ST & N WALNUT,39.178944,-86.533392
2014,10,6,Weekend,1900,2-Car,No injury/unknown,LEFT OF CENTER,17TH ST & WALNUT,39.178944,-86.533392
2014,10,6,Weekday,1700,2-Car,No injury/unknown,FAILURE TO YIELD RIGHT OF WAY,E 17TH & N WALNUT ST,39.178944,-86.533392
2014,10,4,Weekday,1500,2-Car,Non-incapacitating,SPEED TOO FAST FOR WEATHER CONDITIONS,17TH & WALNUT,39.178944,-86.533392
2014,10,4,Weekday,2100,1-Car,No injury/unknown,SPEED TOO FAST FOR WEATHER CONDITIONS,E 17TH & N WALNUT,39.178944,-86.533392
2014,10,1,Weekend,1200,Bus,No injury/unknown,IMPROPER TURNING,N WALNUT & W 17TH,39.178944,-86.533392
2014,11,2,Weekday,1500,2-Car,Non-incapacitating,IMPROPER TURNING,17TH & WALNUT,39.178944,-86.533392
2014,12,6,Weekday,1400,2-Car,No injury/unknown,FAILURE TO YIELD RIGHT OF WAY,N CURRY & W JONATHAN,39.17893539,-86.58297971
2014,5,1,Weekend,1100,2-Car,No injury/unknown,UNSAFE BACKING,EAST 17TH ST,39.17893387,-86.51529148
2014,3,1,Weekend,200,2-Car,No injury/unknown,DISREGARD SIGNAL/REG SIGN,17TH & FEE LN,39.178928,-86.518992
2014,4,3,Weekday,900,2-Car,No injury/unknown,UNSAFE BACKING,LAW & NORTH FOSTER DR,39.17887868,-86.51666007
2014,5,5,Weekday,2200,1-Car,No injury/unknown,OBSTRUCTION NOT MARKED,E 17TH ST,39.17887431,-86.51463227
2014,5,6,Weekend,2100,2-Car,No injury/unknown,UNSAFE BACKING,17TH ST,39.178848,-86.51144
2014,1,7,Weekend,2100,2-Car,No injury/unknown,UNSAFE BACKING,1414 N JORDAN (PARKING) AVE & N JORDAN,39.178848,-86.511088
2014,1,6,Weekday,1100,Bus,No injury/unknown,OTHER (DRIVER) - EXPLAIN IN NARRATIVE,17TH & N JORDAN (EXTENSION) AVE,39.178848,-86.511088
2014,2,2,Weekday,1900,2-Car,No injury/unknown,FAILURE TO YIELD RIGHT OF WAY,17TH ST & JORDAN,39.178848,-86.511088
2014,3,2,Weekday,700,Pedestrian,Non-incapacitating,PEDESTRIAN ACTION,17TH & NORTH JORDAN (EXTENSION) AVE,39.178848,-86.511088
2014,4,6,Weekend,2100,2-Car,No injury/unknown,FOLLOWING TOO CLOSELY,17TH ST & JORDAN,39.178848,-86.511088
2014,4,2,Weekday,1000,1-Car,No injury/unknown,SPEED TOO FAST FOR WEATHER CONDITIONS,17TH ST & JORDAN,39.178848,-86.511088
2014,8,4,Weekday,1400,2-Car,No injury/unknown,UNSAFE SPEED,17TH & JORDAN AVE,39.178848,-86.511088
2014,8,6,Weekday,1500,Cyclist,Non-incapacitating,FAILURE TO YIELD RIGHT OF WAY,1640 NORTH JORDAN & NORTH JORDAN AVE,39.178848,-86.511088
2014,9,4,Weekday,2100,2-Car,No injury/unknown,IMPROPER PASSING,17TH ST & JORDAN,39.178848,-86.511088
2014,9,7,Weekend,1600,2-Car,Non-incapacitating,UNSAFE SPEED,E 17TH ST & N JORDAN AVE,39.178848,-86.511088
2014,11,4,Weekday,900,1-Car,No injury/unknown,OTHER (DRIVER) - EXPLAIN IN NARRATIVE,101 N JORDAN (MAC CIRCLE) & JORDAN,39.178848,-86.511088
2014,10,4,Weekday,1600,2-Car,No injury/unknown,FOLLOWING TOO CLOSELY,EAST 17TH ST & JORDAN,39.17884774,-86.51092342
2014,4,2,Weekday,2000,2-Car,No injury/unknown,FAILURE TO YIELD RIGHT OF WAY,EAST 17TH & JORDAN AVE,39.17883778,-86.51245301
2014,1,5,Weekday,1600,2-Car,Non-incapacitating,LEFT OF CENTER,OAKDALE & PECAN LN,39.17873876,-86.57032974
2014,5,6,Weekday,1500,1-Car,No injury/unknown,ANIMAL/OBJECT IN ROADWAY,CURRY PIKE & VERNAL,39.17869919,-86.58316993
2014,1,4,Weekday,1400,2-Car,No injury/unknown,UNSAFE BACKING,NORTH MADISON & WEST KENWOOD DR,39.178464,-86.537776
2014,5,4,Weekday,900,2-Car,No injury/unknown,UNSAFE BACKING,KENWOOD DR & MADISON,39.178464,-86.537776
2014,6,3,Weekday,1900,2-Car,No injury/unknown,UNSAFE BACKING,KENWOOD & MADISON ST,39.178464,-86.537776
2014,10,6,Weekday,1700,Moped/Motorcycle,Non-incapacitating,FOLLOWING TOO CLOSELY,KENWOOD & MADISON AVE,39.178464,-86.537776
2014,8,1,Weekday,1900,2-Car,No injury/unknown,FOLLOWING TOO CLOSELY,BURKS & WALNUT STREET PIKE,39.1783895,-86.5267197
2014,5,3,Weekday,800,2-Car,No injury/unknown,UNSAFE BACKING,HOWE & MAPLE ST,39.1782709,-86.5422403
2014,2,6,Weekday,1400,Pedestrian,Incapacitating,PEDESTRIAN ACTION,EAST 17TH & FEE LN,39.17818781,-86.51884063
2014,5,4,Weekday,1500,2-Car,No injury/unknown,UNSAFE BACKING,JORDAN AVE,39.17811584,-86.51296234
2014,11,6,Weekend,2200,2-Car,No injury/unknown,UNSAFE BACKING,SOUTH COLLEGE MALL,39.1779549,-86.53472773
2014,7,4,Weekday,1300,Pedestrian,Non-incapacitating,FAILURE TO YIELD RIGHT OF WAY,1ST & WALNUT ST,39.17784,-86.533408
2014,6,6,Weekday,1500,2-Car,Non-incapacitating,DISREGARD SIGNAL/REG SIGN,EAST 1ST & SOUTH WALNUT ST,39.17784,-86.533408
2014,9,2,Weekday,1000,2-Car,No injury/unknown,OTHER (DRIVER) - EXPLAIN IN NARRATIVE,1ST & WALNUT AVE,39.17784,-86.533408
2014,10,6,Weekday,900,Pedestrian,Incapacitating,FAILURE TO YIELD RIGHT OF WAY,1ST & WALNUT,39.17784,-86.533408
2014,11,4,Weekday,1400,2-Car,No injury/unknown,IMPROPER TURNING,16TH & N WALNUT,39.17784,-86.533408
2014,9,3,Weekday,1200,Bus,No injury/unknown,IMPROPER TURNING,E LINGELBACH LN,39.17783417,-86.50846123
2014,1,6,Weekend,2200,2-Car,No injury/unknown,IMPROPER TURNING,15 & WALNUT ST,39.17774963,-86.53352355
2014,1,4,Weekday,1600,2-Car,Non-incapacitating,DRIVER DISTRACTED - EXPLAIN IN NARRATIVE,16TH & MADISON ST,39.177744,-86.53776
2014,10,2,Weekday,100,3+ Cars,Non-incapacitating,RAN OFF ROAD RIGHT,N DUNN ST,39.177744,-86.52832
2014,8,3,Weekday,1500,2-Car,No injury/unknown,OVERCORRECTING/OVERSTEERING,17TH & MAPLE ST,39.17766672,-86.542096
2014,5,5,Weekday,1600,2-Car,No injury/unknown,UNSAFE BACKING,W HENSONBURG RD & W VERNAL,39.177648,-86.562
2014,3,6,Weekday,1700,Bus,No injury/unknown,UNSAFE LANE MOVEMENT,EAST LINGELBACH LN,39.17763522,-86.50797999
2014,8,6,Weekday,1400,2-Car,No injury/unknown,FOLLOWING TOO CLOSELY,SR37 & VERNAL,39.17755293,-86.561248
2014,1,7,Weekend,1300,1-Car,No injury/unknown,OVERCORRECTING/OVERSTEERING,W 15TH ST,39.177552,-86.547104
2014,12,6,Weekday,1700,2-Car,No injury/unknown,UNSAFE BACKING,VERNAL,39.17750168,-86.58057404
2014,1,3,Weekday,1100,1-Car,No injury/unknown,SPEED TOO FAST FOR WEATHER CONDITIONS,VERNAL PIKE,39.17750168,-86.58057403
2014,8,6,Weekend,2300,2-Car,No injury/unknown,UNSAFE LANE MOVEMENT,VERNAL PIKE,39.17750168,-86.58057403
2014,3,2,Weekday,1000,1-Car,No injury/unknown,IMPROPER TURNING,W INDUSTRIAL PARK DR & W VERNAL,39.17740084,-86.5621375
2014,12,7,Weekend,1500,2-Car,No injury/unknown,OTHER (VEHICLE) - EXPLAIN IN NARRATIVE,S COLLEGE MALL,39.17739651,-86.53473203
2014,6,7,Weekend,1000,2-Car,Non-incapacitating,SPEED TOO FAST FOR WEATHER CONDITIONS,SR37N & W VERNAL,39.17735176,-86.56144328
2014,3,6,Weekday,1200,2-Car,No injury/unknown,OTHER (DRIVER) - EXPLAIN IN NARRATIVE,N FEE LN,39.17729391,-86.5189799
2014,8,1,Weekend,100,2-Car,No injury/unknown,IMPROPER TURNING,N FEE LN,39.17729391,-86.5189799
2014,11,6,Weekend,1900,2-Car,No injury/unknown,UNSAFE BACKING,N FEE,39.17729391,-86.5189799
2014,12,1,Weekend,1700,2-Car,No injury/unknown,UNSAFE LANE MOVEMENT,JORDAN & LINGELBACH,39.1771502,-86.51253015
2014,3,4,Weekday,1000,2-Car,Non-incapacitating,UNSAFE BACKING,SR37N & VERNAL PIKE,39.1770668,-86.56258822
2014,6,3,Weekday,1500,1-Car,No injury/unknown,RAN OFF ROAD RIGHT,LEMON & VERNAL PIKE,39.17705744,-86.55882726
2014,7,4,Weekday,1900,1-Car,No injury/unknown,ANIMAL/OBJECT IN ROADWAY,LEMON & W VERNAL PIKE,39.17704,-86.5588
2014,2,5,Weekday,1500,2-Car,No injury/unknown,UNSAFE LANE MOVEMENT,1ST & COLLEGE AVE,39.17701733,-86.53473494
2014,1,6,Weekend,2100,2-Car,No injury/unknown,UNSAFE SPEED,SR37 & VERNAL,39.17701553,-86.5615451
2014,11,4,Weekday,1000,1-Car,No injury/unknown,IMPROPER TURNING,S WALNUT,39.17698971,-86.53342171
2014,2,5,Weekday,1300,2-Car,Non-incapacitating,UNSAFE LANE MOVEMENT,SR37N & VERNAL,39.17694788,-86.56192165
2014,4,3,Weekday,1700,2-Car,No injury/unknown,FAILURE TO YIELD RIGHT OF WAY,15TH & N DUNN ST,39.176944,-86.528272
2014,10,6,Weekday,100,2-Car,No injury/unknown,OTHER (DRIVER) - EXPLAIN IN NARRATIVE,15TH & DUNN,39.176944,-86.528272
2014,9,7,Weekend,200,2-Car,No injury/unknown,OTHER (DRIVER) - EXPLAIN IN NARRATIVE,15TH ST & DUNN,39.176944,-86.528272
2014,5,7,Weekend,100,3+ Cars,No injury/unknown,OTHER (DRIVER) - EXPLAIN IN NARRATIVE,15TH ST,39.17693225,-86.52924767
2014,9,5,Weekday,900,2-Car,Non-incapacitating,FOLLOWING TOO CLOSELY,SR37S & VERNAL,39.17691917,-86.56167982
2014,3,2,Weekday,1500,Moped/Motorcycle,Non-incapacitating,RAN OFF ROAD RIGHT,37 & VERNAL PIKE,39.17691584,-86.5626279
2014,1,3,Weekday,900,2-Car,No injury/unknown,FAILURE TO YIELD RIGHT OF WAY,N WOODBURN & W 15TH ST,39.176912,-86.536064
2014,2,3,Weekday,1700,2-Car,No injury/unknown,SPEED TOO FAST FOR WEATHER CONDITIONS,S COLLEGE & W 1ST ST,39.17688,-86.534736
2014,4,5,Weekday,1000,2-Car,No injury/unknown,FAILURE TO YIELD RIGHT OF WAY,N COLLEGE AVE & W 15TH,39.17688,-86.534736
2014,7,4,Weekday,1500,2-Car,Non-incapacitating,DISREGARD SIGNAL/REG SIGN,1ST & COLLEGE AVE,39.17688,-86.534736
2014,7,5,Weekday,1100,Pedestrian,Non-incapacitating,PEDESTRIAN ACTION,1ST & COLLEGE AVE,39.17688,-86.534736
2014,8,7,Weekend,1500,2-Car,No injury/unknown,FOLLOWING TOO CLOSELY,S COLLEGE AVE & W 1ST,39.17688,-86.534736
2014,12,2,Weekday,1700,2-Car,No injury/unknown,BRAKE FAILURE OR DEFECTIVE,S COLLEGE & W 1ST,39.17688,-86.534736
2014,3,4,Weekday,200,1-Car,No injury/unknown,RAN OFF ROAD RIGHT,N LINDBERGH DR & W 15TH,39.176848,-86.552592
2014,3,4,Weekday,200,2-Car,No injury/unknown,UNSAFE BACKING,1100 N LINDBERGH ST & W 15TH,39.176848,-86.552592
2014,7,4,Weekday,800,Moped/Motorcycle,Non-incapacitating,FAILURE TO YIELD RIGHT OF WAY,15TH & LINDBERGH DR,39.176848,-86.552592
2014,1,4,Weekday,700,1-Car,No injury/unknown,RAN OFF ROAD RIGHT,N WALNUT ST & W 15TH,39.176848,-86.533424
2014,1,2,Weekday,1400,Pedestrian,Non-incapacitating,FAILURE TO YIELD RIGHT OF WAY,15TH ST & N WALNUT,39.176848,-86.533424
2014,2,4,Weekday,800,2-Car,Non-incapacitating,FAILURE TO YIELD RIGHT OF WAY,E 15TH & N WALNUT ST,39.176848,-86.533424
2014,5,7,Weekend,300,Pedestrian,No injury/unknown,FAILURE TO YIELD RIGHT OF WAY,15TH & WALNUT ST,39.176848,-86.533424
2014,9,7,Weekend,1400,2-Car,No injury/unknown,FAILURE TO YIELD RIGHT OF WAY,E 15TH ST & N WALNUT,39.176848,-86.533424
2014,8,4,Weekday,2200,2-Car,No injury/unknown,IMPROPER TURNING,N WALNUT ST & W 15TH,39.176848,-86.533424
2014,12,4,Weekday,200,2-Car,No injury/unknown,FAILURE TO YIELD RIGHT OF WAY,15TH & WALNUT,39.176848,-86.533424
2014,2,7,Weekend,1800,2-Car,No injury/unknown,IMPROPER TURNING,E 10TH ST & SR45,39.176848,-86.478192
2014,3,2,Weekday,2100,2-Car,No injury/unknown,FOLLOWING TOO CLOSELY,10TH & SR4546N,39.176848,-86.478192
2014,7,6,Weekday,1000,2-Car,No injury/unknown,UNSAFE LANE MOVEMENT,10TH & SR4546N,39.176848,-86.478192
2014,8,6,Weekday,1500,2-Car,No injury/unknown,IMPROPER LANE USAGE,10TH & SR45S,39.176848,-86.478192
2014,10,5,Weekday,1700,1-Car,No injury/unknown,OTHER (VEHICLE) - EXPLAIN IN NARRATIVE,10TH & SR45E,39.176848,-86.478192
2014,10,3,Weekday,1800,2-Car,No injury/unknown,FOLLOWING TOO CLOSELY,10TH & SR4546S,39.176848,-86.478192
2014,12,6,Weekday,1500,2-Car,No injury/unknown,FOLLOWING TOO CLOSELY,10TH & SR4546S,39.176848,-86.478192
2014,1,6,Weekday,1500,2-Car,No injury/unknown,FOLLOWING TOO CLOSELY,E 10TH ST & E SR 45,39.17680018,-86.47848017
2014,8,6,Weekday,800,2-Car,Non-incapacitating,FOLLOWING TOO CLOSELY,N OLD SR 37 & W VERNAL PIKE,39.17674072,-86.5623951
2014,10,4,Weekday,800,2-Car,No injury/unknown,FAILURE TO YIELD RIGHT OF WAY,15TH & JACKSON,39.17664,-86.539712
2014,5,6,Weekday,1500,2-Car,No injury/unknown,UNSAFE LANE MOVEMENT,1ST & S ROGERS ST,39.17664,-86.538496
2014,10,3,Weekday,1200,2-Car,No injury/unknown,FOLLOWING TOO CLOSELY,1ST & ROGERS,39.17664,-86.538496
2014,4,5,Weekday,1000,2-Car,No injury/unknown,UNSAFE BACKING,E LINGELBACH LN,39.17662449,-86.50977887
2014,2,3,Weekday,800,2-Car,No injury/unknown,UNSAFE BACKING,EAST LINGELBACH LN,39.17662449,-86.50977887
2014,10,2,Weekday,700,2-Car,No injury/unknown,FOLLOWING TOO CLOSELY,SR37N & VERNAL,39.17662048,-86.56252289
2014,2,3,Weekday,1400,2-Car,No injury/unknown,FOLLOWING TOO CLOSELY,SR37S & VERNAL,39.17662048,-86.56252288
2014,3,6,Weekday,500,3+ Cars,Non-incapacitating,DRIVER ASLEEP OR FATIGUED,SR37S & VERNAL,39.17662048,-86.56252288
2014,3,2,Weekday,1400,2-Car,No injury/unknown,DISREGARD SIGNAL/REG SIGN,SR37N & VERNAL,39.17662048,-86.56252288
2014,6,6,Weekday,100,2-Car,Non-incapacitating,DISREGARD SIGNAL/REG SIGN,SR37S & VERNAL,39.17662048,-86.56252288
2014,7,5,Weekday,800,2-Car,No injury/unknown,FAILURE TO YIELD RIGHT OF WAY,SR37N & W VERNAL,39.17662048,-86.56252288
2014,10,3,Weekday,1700,2-Car,Non-incapacitating,,SR37S & W VERNAL,39.17662048,-86.56252288
2014,8,1,Weekend,1500,2-Car,No injury/unknown,FOLLOWING TOO CLOSELY,SR37N & VERNAL,39.17662048,-86.56252288
2014,10,7,Weekend,1400,2-Car,No injury/unknown,FOLLOWING TOO CLOSELY,SR37S & VERNAL,39.17662048,-86.56252288
2014,12,4,Weekday,1800,2-Car,Incapacitating,FOLLOWING TOO CLOSELY,SR37S & W VERNAL,39.17662048,-86.56252289
2014,12,6,Weekday,1200,1-Car,No injury/unknown,ANIMAL/OBJECT IN ROADWAY,SR48 & VERNAL,39.17662048,-86.56243633
2014,5,2,Weekday,800,3+ Cars,Non-incapacitating,FOLLOWING TOO CLOSELY,2ND & PATTERSON ST,39.17660994,-86.54850997
2014,1,2,Weekday,700,2-Car,No injury/unknown,,SR37S & VERNAL,39.176544,-86.5624
2014,2,3,Weekday,1000,2-Car,No injury/unknown,FAILURE TO YIELD RIGHT OF WAY,SR37N & W VERNAL,39.176544,-86.5624
2014,3,7,Weekend,1300,2-Car,No injury/unknown,BRAKE FAILURE OR DEFECTIVE,SR37N & VERNAL,39.176544,-86.5624
2014,4,4,Weekday,1400,2-Car,No injury/unknown,DISREGARD SIGNAL/REG SIGN,US37N & W VERNAL PIKE,39.176544,-86.5624
2014,5,7,Weekend,0,1-Car,No injury/unknown,ANIMAL/OBJECT IN ROADWAY,SR37N & W VERNAL,39.176544,-86.5624
2014,6,3,Weekday,1400,2-Car,Non-incapacitating,FOLLOWING TOO CLOSELY,SR37S & VERNAL,39.176544,-86.5624
2014,6,2,Weekday,1600,2-Car,No injury/unknown,UNSAFE LANE MOVEMENT,SR37N & VERNAL,39.176544,-86.5624
2014,7,5,Weekday,1200,2-Car,No injury/unknown,FOLLOWING TOO CLOSELY,SR37S & VERNAL,39.176544,-86.5624
2014,9,5,Weekday,700,2-Car,No injury/unknown,FOLLOWING TOO CLOSELY,SR37N & VERNAL,39.176544,-86.5624
2014,12,6,Weekend,2000,2-Car,No injury/unknown,IMPROPER LANE USAGE,WEST VERNAL,39.176544,-86.5624
2014,4,4,Weekday,400,2-Car,No injury/unknown,FOLLOWING TOO CLOSELY,CURRY PIKE & VERNAL,39.17650909,-86.58312857
2014,4,3,Weekday,1500,2-Car,No injury/unknown,DRIVER DISTRACTED - EXPLAIN IN NARRATIVE,N SMITH PIKE & W FORREST PARK,39.17646159,-86.58315002
2014,1,1,Weekend,1500,2-Car,No injury/unknown,IMPROPER TURNING,FEE & NORTH FOSTER DR,39.17645015,-86.51891207
2014,12,2,Weekday,800,2-Car,Non-incapacitating,FOLLOWING TOO CLOSELY,FEE & FOSTER,39.17645015,-86.51886016
2014,10,5,Weekday,1700,2-Car,No injury/unknown,FOLLOWING TOO CLOSELY,E 10TH ST & SR4546,39.17644386,-86.47890519
2014,1,6,Weekday,1100,2-Car,Non-incapacitating,FOLLOWING TOO CLOSELY,SR37N & VERNAL,39.17635934,-86.56266121
2014,3,4,Weekday,100,3+ Cars,No injury/unknown,FOLLOWING TOO CLOSELY,SR37N & VERNAL PIKE,39.17635934,-86.56266121
2014,6,4,Weekday,2100,2-Car,No injury/unknown,FAILURE TO YIELD RIGHT OF WAY,SR37N & W VERNAL,39.17635934,-86.56266121
2014,9,5,Weekday,1300,2-Car,No injury/unknown,OTHER TELEMATICS IN USE,SR37N & VERNAL,39.17635934,-86.56266121
2014,3,4,Weekday,200,2-Car,No injury/unknown,UNSAFE SPEED,15TH & LINDBERGH DR,39.17629869,-86.552592
2014,3,3,Weekday,1000,1-Car,No injury/unknown,UNSAFE BACKING,NORTH RANGE RD,39.17625234,-86.49542234
2014,2,4,Weekday,400,1-Car,No injury/unknown,OTHER (ENVIRONMENTAL) - EXPLAIN IN NARR,PETE ELLIS & RANGE RD,39.17622354,-86.49545275
2014,2,7,Weekend,2100,3+ Cars,No injury/unknown,FAILURE TO YIELD RIGHT OF WAY,14TH ST & INDIANA,39.176192,-86.52712
2014,2,5,Weekday,1700,2-Car,No injury/unknown,FOLLOWING TOO CLOSELY,14TH & INDIANA AVE,39.176192,-86.52712
2014,4,2,Weekday,1400,3+ Cars,No injury/unknown,FAILURE TO YIELD RIGHT OF WAY,14TH & INDIANA AVE,39.176192,-86.52712
2014,11,6,Weekday,1500,2-Car,No injury/unknown,FAILURE TO YIELD RIGHT OF WAY,14TH & N INDIANA,39.176192,-86.52712
2014,3,6,Weekday,0,2-Car,No injury/unknown,,EAST 14TH ST & N DUNN,39.17616,-86.528224
2014,5,3,Weekday,1600,1-Car,No injury/unknown,RAN OFF ROAD RIGHT,E 14TH & N DUNN ST,39.17616,-86.528224
2014,2,7,Weekend,0,2-Car,No injury/unknown,OTHER (VEHICLE) - EXPLAIN IN NARRATIVE,N FEE LN,39.17612549,-86.51898236
2014,11,1,Weekday,2000,2-Car,No injury/unknown,UNSAFE BACKING,N FEE,39.17612549,-86.51898236
2014,11,3,Weekday,2200,2-Car,No injury/unknown,FAILURE TO YIELD RIGHT OF WAY,S CURRY,39.17606857,-86.58310629
2014,4,3,Weekday,1700,2-Car,No injury/unknown,UNSAFE BACKING,N JORDAN AVE,39.17606521,-86.51339983
2014,9,7,Weekend,1400,1-Car,No injury/unknown,UNSAFE BACKING,N ROGERS ST,39.17605029,-86.53850971
2014,3,1,Weekend,1700,2-Car,No injury/unknown,SPEED TOO FAST FOR WEATHER CONDITIONS,LINDBERG DR & W14TH,39.176048,-86.552592
2014,1,5,Weekday,1100,3+ Cars,Non-incapacitating,FAILURE TO YIELD RIGHT OF WAY,14TH & INDIANA AVE,39.17602723,-86.52711617
2014,8,4,Weekday,1400,2-Car,No injury/unknown,DISREGARD SIGNAL/REG SIGN,N WOODBURN & W 14 ST,39.176016,-86.53608
2014,1,1,Weekend,400,Moped/Motorcycle,No injury/unknown,IMPROPER TURNING,14TH ST,39.17600327,-86.53063151
2014,4,2,Weekday,1500,2-Car,No injury/unknown,FAILURE TO YIELD RIGHT OF WAY,14TH ST & LINCOLN,39.17600218,-86.53071959
2014,12,6,Weekday,1600,2-Car,No injury/unknown,IMPROPER LANE USAGE,E 14TH & N LINCOLN,39.176,-86.530896
2014,12,3,Weekday,200,2-Car,No injury/unknown,OTHER (DRIVER) - EXPLAIN IN NARRATIVE,14TH & LINCOLN,39.176,-86.530896
2014,7,2,Weekday,1700,2-Car,No injury/unknown,SPEED TOO FAST FOR WEATHER CONDITIONS,SR37N & VERNAL,39.17599001,-86.56318363
2014,12,4,Weekday,1200,2-Car,No injury/unknown,FOLLOWING TOO CLOSELY,SR37N & VERNAL,39.17599001,-86.56318363
2014,1,7,Weekend,1700,2-Car,No injury/unknown,FAILURE TO YIELD RIGHT OF WAY,14TH ST & N COLLEGE,39.175984,-86.534736
2014,2,5,Weekday,1600,2-Car,No injury/unknown,FAILURE TO YIELD RIGHT OF WAY,14TH & COLLEGE AVE,39.175984,-86.534736
2014,2,1,Weekend,1600,2-Car,No injury/unknown,UNSAFE BACKING,N COLLEGE AVE,39.175984,-86.534736
2014,2,6,Weekday,1500,2-Car,No injury/unknown,FAILURE TO YIELD RIGHT OF WAY,14TH ST & NORTH COLLEGE,39.175984,-86.534736
2014,3,6,Weekday,900,2-Car,No injury/unknown,UNSAFE BACKING,N COLLEGE AVE,39.175984,-86.534736
2014,4,5,Weekday,1300,2-Car,No injury/unknown,OTHER (DRIVER) - EXPLAIN IN NARRATIVE,N COLLEGE AVE,39.175984,-86.534736
2014,1,3,Weekday,800,2-Car,No injury/unknown,SPEED TOO FAST FOR WEATHER CONDITIONS,14TH & WALNUT ST,39.175952,-86.53344
2014,1,6,Weekday,1500,2-Car,No injury/unknown,UNSAFE LANE MOVEMENT,14TH & N WALNUT ST,39.175952,-86.53344
2014,2,7,Weekend,0,2-Car,Non-incapacitating,FAILURE TO YIELD RIGHT OF WAY,14TH & N WALNUT ST,39.175952,-86.53344
2014,2,7,Weekend,1800,2-Car,No injury/unknown,FAILURE TO YIELD RIGHT OF WAY,N WALNUT ST & W 14TH,39.175952,-86.53344
2014,5,2,Weekday,700,Cyclist,Non-incapacitating,FAILURE TO YIELD RIGHT OF WAY,14TH & WALNUT ST,39.175952,-86.53344
2014,4,6,Weekday,1400,2-Car,Non-incapacitating,UNSAFE LANE MOVEMENT,14TH & WALNUT ST,39.175952,-86.53344
2014,7,6,Weekday,800,2-Car,No injury/unknown,IMPROPER TURNING,N WALNUT ST & W 14TH,39.175952,-86.53344
2014,10,4,Weekday,1200,2-Car,Non-incapacitating,IMPROPER LANE USAGE,14TH & WALNUT,39.175952,-86.53344
2014,10,1,Weekend,1000,2-Car,No injury/unknown,IMPROPER TURNING,N WALNUT & W 14TH,39.175952,-86.53344
2014,11,6,Weekday,1100,2-Car,Non-incapacitating,IMPROPER TURNING,14TH & WALNUT,39.175952,-86.53344
2014,12,6,Weekday,1100,2-Car,No injury/unknown,UNSAFE BACKING,14TH & WALNUT,39.175952,-86.53344
2014,3,2,Weekday,800,2-Car,No injury/unknown,,14TH & LINBERGH AVE,39.1759003,-86.55255004
2014,4,7,Weekend,300,3+ Cars,No injury/unknown,OTHER (DRIVER) - EXPLAIN IN NARRATIVE,N UNION & N UNION ST,39.17579639,-86.5099962
2014,12,7,Weekend,800,2-Car,No injury/unknown,ROADWAY SURFACE CONDITION,14TH & MADISON,39.17577334,-86.537696
2014,2,3,Weekday,1000,2-Car,No injury/unknown,IMPROPER TURNING,N SUNRISE GREETING CT,39.17567062,-86.57728577
2014,4,5,Weekday,2300,1-Car,No injury/unknown,UNSAFE BACKING,INDUSTRIAL PARK DR,39.17562866,-86.56706237
2014,11,2,Weekday,1800,2-Car,No injury/unknown,UNSAFE SPEED,SR37 & VERNAL,39.17562068,-86.56370604
2014,2,2,Weekday,700,2-Car,No injury/unknown,FOLLOWING TOO CLOSELY,EAST UNIVERSITY & SR45N,39.17557144,-86.50099182
2014,2,6,Weekday,900,2-Car,No injury/unknown,,E BROWNSTONE DR,39.17555237,-86.53058624
2014,3,7,Weekend,400,2-Car,No injury/unknown,,EAST BROWNSTONE DR,39.17555237,-86.53058624
2014,11,6,Weekday,1300,2-Car,No injury/unknown,LEFT OF CENTER,13TH & DUNN,39.175552,-86.528192
2014,2,7,Weekend,800,2-Car,No injury/unknown,FAILURE TO YIELD RIGHT OF WAY,100 N DANIELS WAY & SR48W,39.17551264,-86.59904479
2014,1,7,Weekend,1400,2-Car,No injury/unknown,FAILURE TO YIELD RIGHT OF WAY,13TH & INDIANA AVE,39.175504,-86.527104
2014,3,6,Weekday,500,2-Car,No injury/unknown,,13TH & NORTH INDIANA AVE,39.175504,-86.527104
2014,12,4,Weekday,900,2-Car,No injury/unknown,FAILURE TO YIELD RIGHT OF WAY,E 13TH & N INDIANA,39.175504,-86.527104