Year,Month,Day,Weekend?,Hour,Collision Type,Injury Type,Primary Factor,Reported_Location,Latitude,Longitude
2014,11,7,Weekend,1600,2-Car,No injury/unknown,UNSAFE BACKING,S GATES & W 3RD,39.16459009,-86.57619976
2014,4,2,Weekday,1700,3+ Cars,Non-incapacitating,FOLLOWING TOO CLOSELY,GATES & W THIRD ST,39.16459009,-86.57624304
2014,10,5,Weekday,1900,2-Car,No injury/unknown,IMPROPER LANE USAGE,GATES & WEST THIRD ST,39.16459009,-86.57624304
2014,4,5,Weekday,1600,3+ Cars,No injury/unknown,FOLLOWING TOO CLOSELY,3RD ST & GATES,39.16459009,-86.57620841
2014,2,6,Weekday,1600,2-Car,No injury/unknown,SPEED TOO FAST FOR WEATHER CONDITIONS,GATES & THIRD ST,39.16459009,-86.57619976
2014,12,7,Weekend,1400,2-Car,No injury/unknown,FAILURE TO YIELD RIGHT OF WAY,3RD & GATES,39.16459009,-86.57619976
2014,12,2,Weekday,1200,2-Car,No injury/unknown,FOLLOWING TOO CLOSELY,GATES & W 3RD,39.16459009,-86.57619976
2014,1,6,Weekday,1400,2-Car,Non-incapacitating,DISREGARD SIGNAL/REG SIGN,GATES & W 3RD ST,39.16459009,-86.57619975
2014,2,4,Weekday,1000,2-Car,No injury/unknown,FOLLOWING TOO CLOSELY,GATES & W 3RD ST,39.16459009,-86.57619975
2014,4,5,Weekday,2200,2-Car,No injury/unknown,BRAKE FAILURE OR DEFECTIVE,3RD ST & GATES,39.16459009,-86.57619975
2014,5,5,Weekday,1000,2-Car,No injury/unknown,FAILURE TO YIELD RIGHT OF WAY,S GATES & W 3RD ST ST,39.16459009,-86.57619975
2014,6,3,Weekday,1400,2-Car,No injury/unknown,FOLLOWING TOO CLOSELY,GATES DR & W THIRD,39.16459009,-86.57619975
2014,7,4,Weekday,1200,3+ Cars,Non-incapacitating,FOLLOWING TOO CLOSELY,3RD ST & GATES,39.16459009,-86.57619975
2014,8,2,Weekday,1600,2-Car,No injury/unknown,OTHER (DRIVER) - EXPLAIN IN NARRATIVE,3RD ST & GATES,39.16459009,-86.57619975
2014,9,4,Weekday,1500,2-Car,No injury/unknown,FAILURE TO YIELD RIGHT OF WAY,GATES & W 3RD ST,39.16459009,-86.57619975
2014,10,3,Weekday,1700,2-Car,No injury/unknown,FOLLOWING TOO CLOSELY,S GATES & W 3RD,39.16459009,-86.57619975
2014,9,3,Weekday,700,2-Car,Non-incapacitating,OTHER (ENVIRONMENTAL) - EXPLAIN IN NARR,GATES & W 3RD ST,39.16459009,-86.57619542
2014,10,4,Weekday,1200,2-Car,No injury/unknown,FOLLOWING TOO CLOSELY,GATES & W 3RD,39.16459009,-86.57619109
2014,9,6,Weekday,1300,2-Car,Non-incapacitating,FAILURE TO YIELD RIGHT OF WAY,GATES & W 3RD ST,39.16459009,-86.57618936
2014,5,3,Weekday,2300,2-Car,No injury/unknown,OTHER (DRIVER) - EXPLAIN IN NARRATIVE,N GATES & W 3RD ST,39.16458497,-86.57620081
2014,10,4,Weekday,1400,2-Car,No injury/unknown,DISREGARD SIGNAL/REG SIGN,N GATES & W 3RD,39.16458497,-86.57620081
2014,7,2,Weekday,2200,2-Car,No injury/unknown,UNSAFE BACKING,EAST 3RD ST,39.16456,-86.5550845
2014,9,2,Weekday,1700,2-Car,No injury/unknown,FOLLOWING TOO CLOSELY,3RD ST & WYNNEDALE,39.16455992,-86.57019026
2014,5,7,Weekend,1000,3+ Cars,Non-incapacitating,FOLLOWING TOO CLOSELY,3RD ST & YANCY,39.16455992,-86.56949746
2014,3,6,Weekday,1400,3+ Cars,Non-incapacitating,FOLLOWING TOO CLOSELY,S CORY & W THIRD ST,39.164544,-86.560096
2014,4,1,Weekend,1500,1-Car,No injury/unknown,RAN OFF ROAD RIGHT,3RD ST & CORY,39.164544,-86.560096
2014,6,2,Weekday,2200,Moped/Motorcycle,Non-incapacitating,FOLLOWING TOO CLOSELY,3RD & CURRY PIKE,39.164544,-86.560096
2014,9,2,Weekday,900,Pedestrian,Non-incapacitating,OTHER (DRIVER) - EXPLAIN IN NARRATIVE,S CURRY PIKE & WEST SR 48 3RD ST,39.164544,-86.560096
2014,9,6,Weekend,2300,1-Car,No injury/unknown,RAN OFF ROAD RIGHT,3RD & CURRY PIKE,39.164544,-86.560096
2014,12,3,Weekday,1700,2-Car,No injury/unknown,DRIVER DISTRACTED - EXPLAIN IN NARRATIVE,3RD & CORY,39.164544,-86.560096
2014,10,6,Weekday,900,3+ Cars,No injury/unknown,OTHER (DRIVER) - EXPLAIN IN NARRATIVE,ADAMS ST,39.164544,-86.552192
2014,10,2,Weekday,900,2-Car,No injury/unknown,FAILURE TO YIELD RIGHT OF WAY,3RD & JOHNSON,39.16451029,-86.56500019
2014,1,5,Weekday,900,1-Car,No injury/unknown,RAN OFF ROAD RIGHT,S MUELLER PKWY & W 3RD,39.16450345,-86.56269914
2014,1,6,Weekday,900,2-Car,Non-incapacitating,FOLLOWING TOO CLOSELY,MULLER & W 3RD ST,39.16450024,-86.56270019
2014,3,2,Weekday,1000,2-Car,No injury/unknown,SPEED TOO FAST FOR WEATHER CONDITIONS,3RD & MULLER PKWY,39.16450024,-86.56270019
2014,11,7,Weekend,900,1-Car,No injury/unknown,OVERCORRECTING/OVERSTEERING,KINGS & SR46E,39.16445976,-86.44879804
2014,1,2,Weekday,100,2-Car,No injury/unknown,,E 3RD & S DUNN ST,39.164448,-86.528096
2014,1,3,Weekday,800,Bus,No injury/unknown,ROADWAY SURFACE CONDITION,3RD ST & DUNN,39.164448,-86.528096
2014,4,5,Weekday,1400,2-Car,No injury/unknown,IMPROPER LANE USAGE,3RD ST & DUNN,39.164448,-86.528096
2014,4,5,Weekday,1100,2-Car,No injury/unknown,UNSAFE BACKING,925 E ATWATER (ATWATER GARAGE) AVE & ATWATER,39.164448,-86.528096
2014,4,1,Weekday,1900,1-Car,No injury/unknown,RAN OFF ROAD RIGHT,E ATWATER & S DUNN ST,39.164448,-86.528096
2014,5,3,Weekday,1000,2-Car,No injury/unknown,IMPROPER TURNING,ATWATER & DUNN ST,39.164448,-86.528096
2014,7,4,Weekday,1200,2-Car,Non-incapacitating,FOLLOWING TOO CLOSELY,E 3RD & SO DUNN ST,39.164448,-86.528096
2014,7,7,Weekend,1600,Moped/Motorcycle,Non-incapacitating,UNSAFE LANE MOVEMENT,ATWATER AVE & DUNN,39.164448,-86.528096
2014,9,2,Weekday,1600,2-Car,No injury/unknown,FOLLOWING TOO CLOSELY,DUNN & E 3RD ST,39.164448,-86.528096
2014,10,3,Weekday,2300,2-Car,No injury/unknown,FOLLOWING TOO CLOSELY,ATWATER & E 3RD,39.164448,-86.528096
2014,8,2,Weekday,2200,2-Car,No injury/unknown,UNSAFE LANE MOVEMENT,E 3RD & E ATWATER AVE,39.164448,-86.528096
2014,12,3,Weekday,1500,2-Car,No injury/unknown,UNSAFE LANE MOVEMENT,E 3RD & E ATWATER,39.164448,-86.528096
2014,8,3,Weekday,700,2-Car,No injury/unknown,UNSAFE BACKING,EAST 3RD ST,39.164448,-86.527744
2014,8,3,Weekday,2200,2-Car,No injury/unknown,UNSAFE BACKING,E 3RD ST,39.164448,-86.527744
2014,11,5,Weekday,1100,2-Car,No injury/unknown,UNSAFE BACKING,E 3RD,39.164448,-86.52769371
2014,7,6,Weekday,1400,Bus,No injury/unknown,OTHER (DRIVER) - EXPLAIN IN NARRATIVE,3RD ST & FESS,39.164448,-86.52685044
2014,2,3,Weekday,1400,2-Car,No injury/unknown,FOLLOWING TOO CLOSELY,E 3RD ST & S INDIANA,39.164448,-86.5268
2014,2,2,Weekday,1100,2-Car,No injury/unknown,UNSAFE SPEED,3RD ST & INDIANA,39.164448,-86.5268
2014,2,4,Weekday,1500,2-Car,Non-incapacitating,UNSAFE LANE MOVEMENT,3RD & INDIANA AVE,39.164448,-86.5268
2014,3,1,Weekend,1800,3+ Cars,No injury/unknown,SPEED TOO FAST FOR WEATHER CONDITIONS,3RD ST & INDIANA,39.164448,-86.5268
2014,3,5,Weekday,1500,2-Car,No injury/unknown,FOLLOWING TOO CLOSELY,3RD ST & INDIANA,39.164448,-86.5268
2014,6,7,Weekend,1500,2-Car,Non-incapacitating,SPEED TOO FAST FOR WEATHER CONDITIONS,3RD ST & INDIANA,39.164448,-86.5268
2014,10,1,Weekend,0,2-Car,No injury/unknown,FOLLOWING TOO CLOSELY,3RD ST & INDIANA,39.164448,-86.5268
2014,10,2,Weekday,1100,Pedestrian,Non-incapacitating,FAILURE TO YIELD RIGHT OF WAY,INDIANA & THIRD,39.164448,-86.5268
2014,11,5,Weekday,1500,Bus,No injury/unknown,FAILURE TO YIELD RIGHT OF WAY,E 3RD & INDIANA,39.164448,-86.5268
2014,11,4,Weekday,2100,Bus,No injury/unknown,OTHER (DRIVER) - EXPLAIN IN NARRATIVE,3RD & INDIANA,39.164448,-86.5268
2014,12,3,Weekday,1600,Pedestrian,Non-incapacitating,PEDESTRIAN ACTION,INDIANA & THIRD,39.164448,-86.5268
2014,1,2,Weekday,1800,2-Car,No injury/unknown,FOLLOWING TOO CLOSELY,E 3RD ST & S FESS,39.164448,-86.525792
2014,3,4,Weekday,1000,2-Car,Non-incapacitating,FAILURE TO YIELD RIGHT OF WAY,3RD ST & FESS,39.164448,-86.525792
2014,10,5,Weekday,900,2-Car,No injury/unknown,IMPROPER LANE USAGE,3RD & FESS,39.164448,-86.525792
2014,12,2,Weekday,1500,1-Car,No injury/unknown,OVERCORRECTING/OVERSTEERING,E 3RD & S FESS,39.164448,-86.525792
2014,12,6,Weekday,1700,2-Car,No injury/unknown,IMPROPER TURNING,3RD & FESS,39.164448,-86.525792
2014,4,7,Weekend,1100,2-Car,Non-incapacitating,IMPROPER TURNING,446 & E 3RD ST,39.164448,-86.471888
2014,5,4,Weekday,1200,2-Car,No injury/unknown,FOLLOWING TOO CLOSELY,446 & EAST 3RD ST,39.164448,-86.471888
2014,6,4,Weekday,900,2-Car,Non-incapacitating,FOLLOWING TOO CLOSELY,E 3RD & SR4546,39.164448,-86.471888
2014,6,3,Weekday,700,2-Car,No injury/unknown,OTHER (DRIVER) - EXPLAIN IN NARRATIVE,3RD & PETE ELLIS DR,39.16444599,-86.495088
2014,2,5,Weekday,900,2-Car,No injury/unknown,UNSAFE SPEED,3RD ST & FESS,39.16444377,-86.52565098
2014,3,1,Weekend,1800,2-Car,No injury/unknown,UNSAFE BACKING,W THIRD ST,39.16444056,-86.57150186
2014,5,6,Weekday,1500,2-Car,No injury/unknown,UNSAFE BACKING,E 3RD ST,39.16443539,-86.5253718
2014,11,4,Weekday,1100,2-Car,No injury/unknown,FOLLOWING TOO CLOSELY,3RD & LANDMARK,39.16442983,-86.55630983
2014,1,1,Weekend,1200,2-Car,Non-incapacitating,FAILURE TO YIELD RIGHT OF WAY,LANDMARK & W THIRD ST,39.16442983,-86.55630983
2014,2,5,Weekday,1200,Bus,No injury/unknown,FAILURE TO YIELD RIGHT OF WAY,S LANDMARK & W 3RD ST,39.16442983,-86.55630983
2014,4,2,Weekday,1000,Bus,Non-incapacitating,FOLLOWING TOO CLOSELY,S LANDMARK AVE & W 3RD,39.16442983,-86.55630983
2014,8,4,Weekday,1300,2-Car,No injury/unknown,DISREGARD SIGNAL/REG SIGN,3RD ST & LANDMARK,39.16442983,-86.55630983
2014,10,2,Weekday,1300,3+ Cars,No injury/unknown,FAILURE TO YIELD RIGHT OF WAY,3RD & LANDMARK,39.16442983,-86.55630983
2014,3,3,Weekday,800,2-Car,No injury/unknown,FOLLOWING TOO CLOSELY,3RD ST & LANDMARK,39.16442983,-86.55628386
2014,8,6,Weekday,1200,2-Car,Non-incapacitating,FOLLOWING TOO CLOSELY,3RD ST & FESS,39.16442686,-86.5250869
2014,6,4,Weekday,1400,2-Car,No injury/unknown,UNSAFE BACKING,EAST 3RD ST,39.16442667,-86.52508089
2014,4,4,Weekday,1000,2-Car,No injury/unknown,UNSAFE BACKING,E 3RD ST,39.164417,-86.54695971
2014,8,6,Weekday,0,2-Car,No injury/unknown,OTHER (DRIVER) - EXPLAIN IN NARRATIVE,3RD ST & WESTPLEX,39.16440971,-86.55389986
2014,4,6,Weekday,1600,2-Car,No injury/unknown,FOLLOWING TOO CLOSELY,3RD ST & WOODLAWN,39.16440489,-86.52435475
2014,1,4,Weekday,2100,1-Car,No injury/unknown,WRONG WAY ON ONE WAY,W 3RD ST & WALKER,39.1644,-86.546304
2014,9,7,Weekend,1200,2-Car,Non-incapacitating,FOLLOWING TOO CLOSELY,3RD & SR46N,39.16439362,-86.47225613
2014,8,6,Weekday,1100,2-Car,No injury/unknown,IMPROPER TURNING,EAST 3RD ST,39.16439273,-86.52394958
2014,2,5,Weekday,800,2-Car,No injury/unknown,OTHER (DRIVER) - EXPLAIN IN NARRATIVE,3RD ST & WOODLAWN,39.164352,-86.52223919
2014,4,4,Weekday,2000,2-Car,No injury/unknown,UNSAFE BACKING,3RD & WOODLAWN AVE,39.164352,-86.522592
2014,4,3,Weekday,1700,2-Car,Non-incapacitating,FOLLOWING TOO CLOSELY,3RD ST & WOODLAWN,39.164352,-86.522592
2014,5,5,Weekday,1300,2-Car,No injury/unknown,OTHER (DRIVER) - EXPLAIN IN NARRATIVE,3RD ST & WOODLAWN,39.164352,-86.522592
2014,7,1,Weekend,1200,Moped/Motorcycle,Non-incapacitating,IMPROPER TURNING,3RD ST & WOODLAWN,39.164352,-86.522592
2014,10,6,Weekday,1000,Cyclist,Incapacitating,IMPROPER LANE USAGE,E 3RD & WOODLAWN,39.164352,-86.522592
2014,10,5,Weekday,2100,2-Car,Non-incapacitating,UNSAFE LANE MOVEMENT,3RD & WOODLAWN,39.164352,-86.522592
2014,11,5,Weekday,1300,2-Car,No injury/unknown,IMPROPER LANE USAGE,3RD & WOODLAWN,39.164352,-86.522592
2014,12,5,Weekday,1000,2-Car,No injury/unknown,UNSAFE BACKING,E 3RD & S WOODLAWN,39.164352,-86.522592
2014,3,2,Weekday,1200,2-Car,No injury/unknown,UNSAFE BACKING,E 3RD ST,39.164352,-86.52246922
2014,1,5,Weekday,1600,3+ Cars,Non-incapacitating,FOLLOWING TOO CLOSELY,3RD ST & FACULTY,39.164352,-86.521088
2014,9,2,Weekday,1000,1-Car,No injury/unknown,UNSAFE BACKING,EAST 3RD ST,39.164352,-86.521088
2014,10,2,Weekday,1600,2-Car,No injury/unknown,FOLLOWING TOO CLOSELY,3RD & ROSE,39.164352,-86.510944
2014,1,6,Weekday,1100,2-Car,No injury/unknown,FOLLOWING TOO CLOSELY,3RD ST & UNION,39.164352,-86.5088
2014,2,3,Weekday,1500,3+ Cars,No injury/unknown,FOLLOWING TOO CLOSELY,3RD ST & UNION,39.164352,-86.5088
2014,4,3,Weekday,1600,2-Car,No injury/unknown,FAILURE TO YIELD RIGHT OF WAY,3RD ST & UNION,39.164352,-86.5088
2014,5,7,Weekend,1100,2-Car,No injury/unknown,UNSAFE BACKING,3RD & UNION ST,39.164352,-86.5088
2014,12,4,Weekday,800,2-Car,No injury/unknown,FAILURE TO YIELD RIGHT OF WAY,3RD & UNION,39.164352,-86.5088
2014,8,6,Weekday,1700,Moped/Motorcycle,Non-incapacitating,UNSAFE SPEED,MORNINGSIDE & SR46,39.16434498,-86.48193322
2014,2,3,Weekday,1400,1-Car,No injury/unknown,OTHER (DRIVER) - EXPLAIN IN NARRATIVE,S FESS AVE,39.16433371,-86.52579363
2014,3,3,Weekday,1500,2-Car,No injury/unknown,UNSAFE BACKING,S FESS AVE,39.16433371,-86.52579363
2014,3,5,Weekday,1300,1-Car,No injury/unknown,DRIVER DISTRACTED - EXPLAIN IN NARRATIVE,S FESS AVE,39.16433371,-86.52579363
2014,4,2,Weekday,1700,1-Car,No injury/unknown,UNSAFE BACKING,S FESS AVE,39.16433371,-86.52579363
2014,2,3,Weekday,700,3+ Cars,No injury/unknown,FOLLOWING TOO CLOSELY,BURMA & SR37N,39.16432,-86.50824
2014,9,5,Weekday,1600,2-Car,No injury/unknown,FOLLOWING TOO CLOSELY,BURMA & SR37N,39.16432,-86.50824
2014,9,2,Weekday,1700,2-Car,No injury/unknown,FOLLOWING TOO CLOSELY,BRYAN & E 3RD ST,39.16432,-86.50824
2014,3,1,Weekend,1700,2-Car,No injury/unknown,FOLLOWING TOO CLOSELY,HENDERSON ST & THIRD,39.16430652,-86.52691309
2014,9,1,Weekend,1500,2-Car,Non-incapacitating,DISREGARD SIGNAL/REG SIGN,HENDERSON ST & THIRD,39.16430652,-86.52691309
2014,9,7,Weekend,1000,2-Car,No injury/unknown,DISREGARD SIGNAL/REG SIGN,HENDERSON ST & THIRD,39.16430652,-86.52691309
2014,9,2,Weekday,1500,2-Car,Non-incapacitating,DISREGARD SIGNAL/REG SIGN,INDIANA & THIRD ST,39.16430652,-86.52691309
2014,11,6,Weekday,1100,2-Car,No injury/unknown,FOLLOWING TOO CLOSELY,3RD & JEFFERSON,39.164304,-86.50663919
2014,1,6,Weekday,900,2-Car,No injury/unknown,FAILURE TO YIELD RIGHT OF WAY,E 3RD ST & SO JEFFERSON,39.164304,-86.506992
2014,4,2,Weekday,1200,2-Car,Non-incapacitating,OTHER (DRIVER) - EXPLAIN IN NARRATIVE,EAST THIRD ST & JEFFERSON,39.164304,-86.506992
2014,4,4,Weekday,1000,2-Car,No injury/unknown,FAILURE TO YIELD RIGHT OF WAY,E 3RD ST & JEFFERSON,39.164304,-86.506992
2014,5,7,Weekend,1800,3+ Cars,No injury/unknown,FOLLOWING TOO CLOSELY,3RD ST & JEFFERSON,39.164304,-86.506992
2014,10,7,Weekend,1700,2-Car,No injury/unknown,DRIVER DISTRACTED - EXPLAIN IN NARRATIVE,3RD & JEFFERSON,39.164304,-86.506992
2014,12,6,Weekday,1000,Bus,No injury/unknown,FOLLOWING TOO CLOSELY,E 3RD & SO JEFFERSON,39.164304,-86.506992
2014,12,6,Weekday,1000,2-Car,No injury/unknown,UNSAFE BACKING,E 3RD & SO JEFFERSON,39.164304,-86.506992
2014,3,4,Weekday,1200,2-Car,No injury/unknown,OTHER (DRIVER) - EXPLAIN IN NARRATIVE,2200 EAST THIRD ST & ROOSEVELT,39.164304,-86.505792
2014,4,6,Weekday,1200,2-Car,Non-incapacitating,FOLLOWING TOO CLOSELY,E 3RD ST & ROOSEVELT,39.164304,-86.505792
2014,10,2,Weekday,900,1-Car,No injury/unknown,ANIMAL/OBJECT IN ROADWAY,ROOSEVELT & THIRD,39.164304,-86.505792
2014,8,4,Weekday,1600,3+ Cars,No injury/unknown,FOLLOWING TOO CLOSELY,3RD ST & ROOSEVELT,39.164304,-86.505792
2014,8,4,Weekday,1700,Moped/Motorcycle,Non-incapacitating,FAILURE TO YIELD RIGHT OF WAY,3RD ST & ROOSEVELT,39.164304,-86.505792
2014,8,7,Weekend,1400,2-Car,Non-incapacitating,FOLLOWING TOO CLOSELY,3RD ST & ROOSEVELT,39.164304,-86.505792
2014,12,5,Weekday,1300,3+ Cars,No injury/unknown,FOLLOWING TOO CLOSELY,E 3RD & S ROOSEVELT,39.164304,-86.505792
2014,9,2,Weekday,1700,2-Car,No injury/unknown,FOLLOWING TOO CLOSELY,INDIANA & THIRD ST,39.16429977,-86.52667208
2014,11,5,Weekday,900,2-Car,No injury/unknown,FOLLOWING TOO CLOSELY,3RD & UNION,39.16429079,-86.50907108
2014,2,2,Weekday,1700,2-Car,No injury/unknown,FOLLOWING TOO CLOSELY,CLARK & THIRD ST,39.164288,-86.5048
2014,10,5,Weekday,800,2-Car,No injury/unknown,OTHER (DRIVER) - EXPLAIN IN NARRATIVE,CLARK & EAST THIRD ST,39.164288,-86.5048
2014,9,6,Weekday,1000,2-Car,No injury/unknown,IMPROPER TURNING,HENDERSON & THIRD ST,39.16427777,-86.52588752
2014,8,6,Weekday,1300,3+ Cars,Non-incapacitating,ROADWAY SURFACE CONDITION,INDIANA & THIRD ST,39.1642777,-86.52587125
2014,9,3,Weekday,1600,2-Car,No injury/unknown,IMPROPER TURNING,HENDERSON & THIRD ST,39.1642777,-86.52587125
2014,4,4,Weekday,2000,Pedestrian,Non-incapacitating,IMPROPER TURNING,JORDAN AVE & THIRD,39.16427532,-86.51640856
2014,5,6,Weekday,1200,2-Car,Non-incapacitating,FAILURE TO YIELD RIGHT OF WAY,BALLANTINE RD & THIRD,39.16427388,-86.5191192
2014,10,4,Weekday,1000,2-Car,No injury/unknown,FOLLOWING TOO CLOSELY,3RD & SR46E,39.16427359,-86.47343037
2014,1,7,Weekend,1300,2-Car,No injury/unknown,UNSAFE LANE MOVEMENT,JORDAN & THIRD ST,39.16427294,-86.51583434
2014,2,7,Weekend,1900,2-Car,No injury/unknown,FOLLOWING TOO CLOSELY,ROSE AVE & THIRD,39.16427246,-86.51094323
2014,2,1,Weekday,1900,2-Car,No injury/unknown,FOLLOWING TOO CLOSELY,ROSE & THIRD ST,39.16427246,-86.51094323
2014,1,6,Weekday,1800,2-Car,No injury/unknown,FAILURE TO YIELD RIGHT OF WAY,E 3RD ST & S HILLSDALE,39.164272,-86.502416
2014,1,3,Weekday,1900,2-Car,No injury/unknown,UNSAFE LANE MOVEMENT,E 3RD ST & HILLSDALE,39.164272,-86.502416
2014,6,6,Weekday,1300,3+ Cars,Non-incapacitating,FOLLOWING TOO CLOSELY,E 3RD ST & S HILLSDALE,39.164272,-86.502416
2014,8,2,Weekday,1700,2-Car,No injury/unknown,FAILURE TO YIELD RIGHT OF WAY,EAST THIRD ST & WOODCREST,39.164272,-86.502416
2014,8,2,Weekday,1800,2-Car,No injury/unknown,,E 3RD ST,39.164272,-86.50232131
2014,5,6,Weekday,1500,Bus,No injury/unknown,UNSAFE LANE MOVEMENT,E 3RD ST,39.164272,-86.50230237
2014,1,2,Weekday,1800,2-Car,No injury/unknown,IMPROPER PASSING,E 3RD ST,39.164272,-86.50184784
2014,5,3,Weekday,1500,2-Car,No injury/unknown,UNSAFE BACKING,E 3RD ST,39.164272,-86.50177208
2014,6,6,Weekday,1500,2-Car,No injury/unknown,IMPROPER LANE USAGE,E 3RD ST,39.164272,-86.50177208
2014,11,5,Weekday,1700,2-Car,Non-incapacitating,UNSAFE BACKING,E 3RD,39.164272,-86.50177208
2014,1,6,Weekday,800,3+ Cars,No injury/unknown,FOLLOWING TOO CLOSELY,3RD ST & OVERHILL,39.164272,-86.501488
2014,2,6,Weekday,1400,3+ Cars,No injury/unknown,FAILURE TO YIELD RIGHT OF WAY,EAST THIRD ST & OVERHILL,39.164272,-86.501488
2014,4,5,Weekday,1600,2-Car,No injury/unknown,FAILURE TO YIELD RIGHT OF WAY,3RD ST & OVERHILL,39.164272,-86.501488
2014,9,7,Weekend,200,2-Car,Incapacitating,OTHER (DRIVER) - EXPLAIN IN NARRATIVE,3RD ST & OVERHILL,39.164272,-86.501488
2014,9,3,Weekday,1200,Moped/Motorcycle,No injury/unknown,FOLLOWING TOO CLOSELY,E 3RD ST & SO OVERHILL,39.164272,-86.501488
2014,12,7,Weekend,1500,Moped/Motorcycle,Non-incapacitating,FAILURE TO YIELD RIGHT OF WAY,3RD & OVERHILL,39.164272,-86.501488
2014,1,4,Weekday,2200,1-Car,Non-incapacitating,SPEED TOO FAST FOR WEATHER CONDITIONS,MITCHELL ST & THIRD,39.16427137,-86.51420373
2014,2,7,Weekend,100,1-Car,No injury/unknown,WRONG WAY ON ONE WAY,MITCHELL & THIRD ST,39.16427137,-86.51420373
2014,6,4,Weekday,1300,2-Car,No injury/unknown,IMPROPER LANE USAGE,BALLANTINE & THIRD ST,39.16427024,-86.51912972
2014,6,5,Weekday,1600,2-Car,No injury/unknown,IMPROPER LANE USAGE,3RD ST & BALLANTINE,39.16427024,-86.51912972
2014,10,6,Weekday,1200,3+ Cars,Non-incapacitating,FOLLOWING TOO CLOSELY,3RD ST & BALLANTINE,39.16427024,-86.51912972
2014,11,1,Weekend,0,2-Car,No injury/unknown,OTHER (DRIVER) - EXPLAIN IN NARRATIVE,3RD & HIGHLAND,39.16427024,-86.51772022
2014,4,4,Weekday,1200,2-Car,Non-incapacitating,FOLLOWING TOO CLOSELY,3RD ST & HIGHLAND,39.16427024,-86.51772022
2014,8,7,Weekend,1200,2-Car,No injury/unknown,IMPROPER LANE USAGE,3RD ST & HIGHLAND,39.16427024,-86.51772022
2014,9,2,Weekday,1500,Pedestrian,No injury/unknown,PEDESTRIAN ACTION,E 3RD ST & HIGHLAND,39.16427024,-86.51772022
2014,9,4,Weekday,1600,2-Car,Non-incapacitating,FOLLOWING TOO CLOSELY,3RD ST & HIGHLAND,39.16427024,-86.51772022
2014,10,6,Weekday,1300,2-Car,No injury/unknown,IMPROPER LANE USAGE,3RD & HIGHLAND,39.16427024,-86.51772022
2014,10,1,Weekend,1100,2-Car,No injury/unknown,IMPROPER LANE USAGE,3RD & HIGHLAND,39.16427024,-86.51772022
2014,12,2,Weekday,1300,2-Car,No injury/unknown,UNSAFE LANE MOVEMENT,3RD & WOODSCREST,39.16427024,-86.50242315
2014,2,3,Weekday,900,2-Car,No injury/unknown,OTHER (DRIVER) - EXPLAIN IN NARRATIVE,3RD ST & WOODSCREST,39.16427024,-86.50241017
2014,3,5,Weekday,2200,2-Car,Non-incapacitating,FAILURE TO YIELD RIGHT OF WAY,E 3RD ST & WOODSCREST,39.16427024,-86.50241017
2014,5,5,Weekday,1300,2-Car,No injury/unknown,BRAKE FAILURE OR DEFECTIVE,3RD ST & WOODSCREST,39.16427024,-86.50241017
2014,8,6,Weekday,1600,2-Car,Non-incapacitating,FAILURE TO YIELD RIGHT OF WAY,E 3RD ST & S WOODSCREST,39.16427024,-86.50241017
2014,6,3,Weekday,1100,2-Car,No injury/unknown,FAILURE TO YIELD RIGHT OF WAY,3RD ST & OVERHILL,39.16427017,-86.50131161
2014,4,6,Weekday,1700,2-Car,No injury/unknown,IMPROPER TURNING,SWAIN & THIRD ST,39.16426988,-86.51527565
2014,7,2,Weekday,1900,2-Car,No injury/unknown,IMPROPER TURNING,SWAIN & THIRD ST,39.16426988,-86.51527565
2014,8,3,Weekday,1800,2-Car,No injury/unknown,IMPROPER LANE USAGE,SWAIN & THIRD ST,39.16426988,-86.51527565
2014,8,1,Weekend,1200,2-Car,No injury/unknown,UNSAFE LANE MOVEMENT,SWAIN AVE & THIRD,39.16426988,-86.51527565
2014,9,2,Weekday,1800,2-Car,No injury/unknown,IMPROPER LANE USAGE,SWAIN & THIRD ST,39.16426988,-86.51527565
2014,4,4,Weekday,2000,2-Car,No injury/unknown,UNSAFE LANE MOVEMENT,BALLANTINE & THIRD ST,39.16426813,-86.51844288
2014,5,2,Weekday,1200,2-Car,No injury/unknown,UNSAFE BACKING,E 3RD ST,39.16426743,-86.50104686
2014,10,5,Weekday,1900,3+ Cars,No injury/unknown,FOLLOWING TOO CLOSELY,BRYAN & THIRD ST,39.16426693,-86.5082519
2014,5,7,Weekend,1200,3+ Cars,Non-incapacitating,FOLLOWING TOO CLOSELY,FESS & THIRD ST,39.16426449,-86.5226336
2014,6,1,Weekend,1400,2-Car,No injury/unknown,IMPROPER TURNING,THIRD & WOODLAWN AVE,39.16426449,-86.5226336
2014,9,2,Weekday,900,2-Car,Non-incapacitating,UNSAFE LANE MOVEMENT,THIRD & WOODLAWN AVE,39.16426449,-86.5226336
2014,12,7,Weekend,2300,2-Car,No injury/unknown,UNSAFE LANE MOVEMENT,THIRD & WOODLAWN,39.16426449,-86.5226336