Year,Month,Day,Weekend?,Hour,Collision Type,Injury Type,Primary Factor,Reported_Location,Latitude,Longitude
2014,12,4,Weekday,1500,2-Car,No injury/unknown,UNSAFE LANE MOVEMENT,COLLEGE & SIXTH,0,0
2014,12,4,Weekday,1700,2-Car,No injury/unknown,DISREGARD SIGNAL/REG SIGN,BLOOMFIELD & RAMP 17,0,0
2014,5,5,Weekday,2200,2-Car,No injury/unknown,DRIVER DISTRACTED - EXPLAIN IN NARRATIVE,3RD ST & STATE ROAD 37,0,0
2014,6,4,Weekday,2300,2-Car,No injury/unknown,UNSAFE BACKING,WEST SUDBERRY DR,0,0
2014,6,5,Weekday,1800,2-Car,Non-incapacitating,LEFT OF CENTER,EAST ROBINSON RD & NORTH OLD 37,0,0
2014,6,6,Weekday,1200,1-Car,No injury/unknown,OTHER (DRIVER) - EXPLAIN IN NARRATIVE,BLOOMFIELD RD,0,0
2014,6,6,Weekday,1500,2-Car,No injury/unknown,FOLLOWING TOO CLOSELY,S FAIRFAX RD & S WALNUT STREET,0,0
2014,6,7,Weekend,2100,1-Car,No injury/unknown,ANIMAL/OBJECT IN ROADWAY,CONNAUGHT & SR37N,0,0
2014,6,2,Weekday,600,1-Car,No injury/unknown,ANIMAL/OBJECT IN ROADWAY,HENDRICK & SR46E,0,0
2014,7,3,Weekday,1200,2-Car,No injury/unknown,FAILURE TO YIELD RIGHT OF WAY,3RD ST & WOODSCREST,0,0
2014,7,3,Weekday,1600,2-Car,No injury/unknown,FOLLOWING TOO CLOSELY,S LIBERTY DR & STATE ROAD 45,0,0
2014,7,3,Weekday,2000,1-Car,No injury/unknown,SPEED TOO FAST FOR WEATHER CONDITIONS,CONSITIUTION & S LIBERTY DR,0,0
2014,6,6,Weekday,1600,2-Car,No injury/unknown,FAILURE TO YIELD RIGHT OF WAY,HARTSTRAIT ROAD & SR46W,0,0
2014,7,4,Weekday,1400,2-Car,No injury/unknown,FOLLOWING TOO CLOSELY,GORDON PIKE & ROGERS,0,0
2014,7,5,Weekday,200,2-Car,No injury/unknown,OTHER (DRIVER) - EXPLAIN IN NARRATIVE,E CARDINAL GLEN DR & S WALNUT STREET,0,0
2014,7,5,Weekday,1200,2-Car,No injury/unknown,OVERCORRECTING/OVERSTEERING,E KIRKWOOD AVE,0,0
2014,7,6,Weekday,1200,1-Car,Non-incapacitating,RAN OFF ROAD RIGHT,ADAMS ST & BLOOMFIELD,0,0
2014,7,7,Weekend,1300,Moped/Motorcycle,No injury/unknown,UNSAFE BACKING,BLOOMFIELD & LEONARD SPRINGS RD,0,0
2014,7,7,Weekend,2000,2-Car,No injury/unknown,FOLLOWING TOO CLOSELY,W JACOB DR,0,0
2014,10,1,Weekend,1400,2-Car,No injury/unknown,FOLLOWING TOO CLOSELY,BLOOMFIELD & LIBERTY,0,0
2014,12,7,Weekend,700,2-Car,No injury/unknown,SPEED TOO FAST FOR WEATHER CONDITIONS,COUNTY LINE & SR45,0,0
2014,12,7,Weekend,2200,1-Car,No injury/unknown,RAN OFF ROAD RIGHT,CHAPEL HILL & HUNTERS CREEK,0,0
2014,12,2,Weekday,1800,2-Car,No injury/unknown,FAILURE TO YIELD RIGHT OF WAY,CAMPBELLS PARK & HARTSTRAIGHT,0,0
2014,12,3,Weekday,1100,3+ Cars,Non-incapacitating,FOLLOWING TOO CLOSELY,HUNTERS GLEN & SARE,0,0
2014,12,3,Weekday,1700,2-Car,No injury/unknown,DRIVER DISTRACTED - EXPLAIN IN NARRATIVE,45 46 & MARTHA,0,0
2014,12,3,Weekday,400,1-Car,No injury/unknown,UNSAFE BACKING,WICKENS,0,0
2014,12,4,Weekday,500,1-Car,No injury/unknown,SPEED TOO FAST FOR WEATHER CONDITIONS,DUNN & OLD 37,0,0
2014,12,6,Weekend,1900,2-Car,No injury/unknown,FAILURE TO YIELD RIGHT OF WAY,SR46W,0,0
2014,12,7,Weekend,200,1-Car,Non-incapacitating,RAN OFF ROAD RIGHT,MOORES & RENWICK,0,0
2013,10,5,Weekday,1200,2-Car,No injury/unknown,IMPROPER TURNING,5TH ST & WALNUT,41.22866547,-85.81796868
2013,6,6,Weekday,1700,1-Car,No injury/unknown,OTHER (DRIVER) - EXPLAIN IN NARRATIVE,1ST ST & NORTH SOUTH,40.60466646,-86.86640566
2013,3,6,Weekday,1600,2-Car,No injury/unknown,FOLLOWING TOO CLOSELY,E 3RD ST & S PARK,40.25679758,-85.67143555
2013,12,6,Weekday,600,1-Car,No injury/unknown,SPEED TOO FAST FOR WEATHER CONDITIONS,INGRAM & SR37S,39.992208,-86.59564208
2013,11,7,Weekend,1800,1-Car,No injury/unknown,ANIMAL/OBJECT IN ROADWAY,MONROE DAM & SR37S,39.57675709,-86.53836059
2013,12,6,Weekday,1100,2-Car,No injury/unknown,SPEED TOO FAST FOR WEATHER CONDITIONS,10TH ST & PARK,39.45742966,-87.40306548
2013,11,3,Weekday,500,1-Car,No injury/unknown,RAN OFF ROAD RIGHT,BOTTOM & MT TABOR RD,39.4168988,-86.63320004
2013,5,6,Weekend,2200,2-Car,No injury/unknown,UNSAFE LANE MOVEMENT,BOTTOMS & SR37S,39.41638261,-86.55792236
2013,10,6,Weekday,200,1-Car,No injury/unknown,IMPROPER LANE USAGE,MT GILEAD & SR45E,39.39745182,-86.46720886
2013,3,6,Weekday,1500,3+ Cars,Non-incapacitating,FOLLOWING TOO CLOSELY,SR37S & VERNAL,39.38900649,-86.55998992
2013,12,2,Weekday,1900,1-Car,Non-incapacitating,RAN OFF ROAD RIGHT,BOTTOM & SR37N,39.3824478,-86.55792236
2013,11,3,Weekday,700,1-Car,Non-incapacitating,RAN OFF ROAD RIGHT,BARR & MT TABOR RD,39.3799397,-86.62183016
2013,11,1,Weekend,1000,1-Car,Non-incapacitating,ANIMAL/OBJECT IN ROADWAY,COOKSEY & SR37N,39.37599609,-86.50932888
2013,11,6,Weekday,1000,1-Car,No injury/unknown,SPEED TOO FAST FOR WEATHER CONDITIONS,BOTTOM & SIMPSON CHAPEL RD,39.37564801,-86.54774017
2013,7,6,Weekday,300,1-Car,No injury/unknown,RAN OFF ROAD RIGHT,ANDERSON & OLD STATE ROAD 37 RD,39.37191774,-86.50191999
2013,5,6,Weekday,1200,2-Car,No injury/unknown,OTHER (DRIVER) - EXPLAIN IN NARRATIVE,DUNN & OLD SR 37 RD,39.36681223,-86.52871996
2013,12,2,Weekday,1500,1-Car,No injury/unknown,UNSAFE SPEED,RED HILL RD & W CHAFIN CHAPEL,39.36549062,-86.63475975
2013,3,1,Weekend,1700,1-Car,Non-incapacitating,RAN OFF ROAD RIGHT,EAST MERRITT & SR446S,39.36357228,-86.42514777
2013,12,7,Weekend,1000,1-Car,No injury/unknown,RAN OFF ROAD RIGHT,MT TABOR RD & WOODLAND,39.36291853,-86.62419989
2013,12,7,Weekend,1100,1-Car,No injury/unknown,RAN OFF ROAD RIGHT,MT TABOR RD & WOODLAND,39.36291853,-86.62419989
2013,11,4,Weekday,500,1-Car,No injury/unknown,ANIMAL/OBJECT IN ROADWAY,SR37N & ZIKES,39.36101269,-86.53515625
2013,5,6,Weekend,2200,1-Car,No injury/unknown,RAN OFF ROAD RIGHT,EARL YOUNG & LENTZ RD,39.35901148,-86.46848022
2013,10,4,Weekday,1700,1-Car,No injury/unknown,SPEED TOO FAST FOR WEATHER CONDITIONS,BOLTINGHOUSE RD & EARL YOUNG,39.35741645,-86.47337995
2013,4,5,Weekday,2300,1-Car,Non-incapacitating,RAN OFF ROAD RIGHT,UNION VALLEY RD & W MCNEELY,39.34344061,-86.59277113
2013,10,3,Weekday,1100,Bus,No injury/unknown,RAN OFF ROAD RIGHT,MAPLE GROVE CHURCH & MAPLE GROVE RD,39.34320045,-86.5722502
2013,2,3,Weekday,1300,1-Car,No injury/unknown,ANIMAL/OBJECT IN ROADWAY,ANDERSON ROAD & BEAN BLOSSOM ROAD RD,39.33996348,-86.4321485
2013,12,2,Weekday,900,1-Car,No injury/unknown,RAN OFF ROAD RIGHT,NORTH BOTTOM & SR37N,39.33871061,-86.54191693
2013,12,5,Weekday,1600,1-Car,No injury/unknown,SPEED TOO FAST FOR WEATHER CONDITIONS,BRYANTS CREEK & SR37N,39.334368,-86.5124
2013,3,6,Weekday,1800,2-Car,Non-incapacitating,RAN OFF ROAD RIGHT,FULLERTON & SR37S,39.33345989,-86.56779479
2013,5,1,Weekend,1700,1-Car,No injury/unknown,RAN OFF ROAD RIGHT,WAMPLER RD,39.332859,-86.595306
2013,1,4,Weekday,2000,1-Car,Non-incapacitating,RAN OFF ROAD RIGHT,E HACKERS CREEK RD & MORGAN COUNTY,39.33018905,-86.46517363
2013,10,6,Weekend,1900,1-Car,No injury/unknown,ANIMAL/OBJECT IN ROADWAY,CROSSOVER & SR37N,39.32978121,-86.51870072
2013,2,6,Weekday,1300,1-Car,No injury/unknown,RAN OFF ROAD RIGHT,MONROE DAM & VALLEY MISSION RD,39.32520664,-86.510099
2013,3,2,Weekday,1700,2-Car,No injury/unknown,LEFT OF CENTER,NORTH BOWMAN RD & NORTH LIBERTY HOLLOW,39.32386203,-86.59936208
2013,10,3,Weekday,1000,1-Car,No injury/unknown,RAN OFF ROAD RIGHT,BOTTOM & DITTEMORE RD,39.3176477,-86.55560534
2013,11,1,Weekend,1800,1-Car,No injury/unknown,ANIMAL/OBJECT IN ROADWAY,SR37N & SR46W,39.31411041,-86.58039093
2013,6,3,Weekday,1200,2-Car,Non-incapacitating,UNSAFE LANE MOVEMENT,SR37N,39.31409746,-86.51169575
2013,11,7,Weekend,700,1-Car,No injury/unknown,ANIMAL/OBJECT IN ROADWAY,BURMA & SR37N,39.31409746,-86.51169575
2013,12,1,Weekday,2200,2-Car,No injury/unknown,ACCELERATOR FAILURE OR DEFECTIVE,E SAMPLE & SR37N,39.31349208,-86.51318359
2013,1,2,Weekday,1800,1-Car,No injury/unknown,ANIMAL/OBJECT IN ROADWAY,BURMA & SR37S,39.31233946,-86.51241759
2013,7,1,Weekend,1500,Moped/Motorcycle,Incapacitating,OTHER (DRIVER) - EXPLAIN IN NARRATIVE,N BOTTOM RD & W PRATHER,39.308592,-86.602176
2013,7,2,Weekday,1100,2-Car,Non-incapacitating,FOLLOWING TOO CLOSELY,SR37S & SR45W,39.30670166,-86.5161972
2013,7,6,Weekday,1700,2-Car,No injury/unknown,FOLLOWING TOO CLOSELY,SR37S & SR45W,39.30670166,-86.5161972
2013,9,2,Weekday,1400,Moped/Motorcycle,Non-incapacitating,FAILURE TO YIELD RIGHT OF WAY,SR37S & SR46E,39.30670166,-86.5161972
2013,9,2,Weekday,1500,2-Car,Non-incapacitating,FOLLOWING TOO CLOSELY,SR 37 & SR45W,39.30670166,-86.5161972
2013,11,3,Weekday,2100,2-Car,No injury/unknown,IMPROPER TURNING,SR37N & SR45W,39.30670166,-86.5161972
2013,1,5,Weekday,1800,1-Car,No injury/unknown,ROADWAY SURFACE CONDITION,MT TABOR RD & TABOR HILL,39.30579968,-86.6310697
2013,11,6,Weekday,1700,2-Car,No injury/unknown,FAILURE TO YIELD RIGHT OF WAY,E CHAMBERS & OLD STATE ROAD 37 N RD,39.30564009,-86.48694992
2013,5,6,Weekday,1200,2-Car,No injury/unknown,FOLLOWING TOO CLOSELY,CHAMBERS & SR37N,39.30405213,-86.51672595
2013,11,1,Weekend,1800,1-Car,No injury/unknown,ANIMAL/OBJECT IN ROADWAY,SR37S & SR46E,39.30352418,-86.58039093
2013,7,3,Weekday,1100,1-Car,No injury/unknown,RAN OFF ROAD RIGHT,EDAR & HANDY RD,39.30328772,-86.48303993
2013,3,4,Weekday,2000,1-Car,Non-incapacitating,RAN OFF ROAD RIGHT,N LITTLE WOLF MOUNTAIN RD & WOLF MOUNTAIN,39.30224,-86.663808
2013,11,2,Weekday,0,1-Car,No injury/unknown,RAN OFF ROAD RIGHT,GRIFFITH CEMETARY & SR37,39.30181481,-86.53163909
2013,1,6,Weekday,1000,2-Car,No injury/unknown,IMPROPER TURNING,CROSSOVER & SR37N,39.29945374,-86.51947021
2013,8,7,Weekend,900,2-Car,No injury/unknown,UNSAFE LANE MOVEMENT,CROSSOVER & SR37N,39.29944992,-86.51947021
2013,9,5,Weekday,400,1-Car,No injury/unknown,ANIMAL/OBJECT IN ROADWAY,CROSS OVER & SR37S,39.29944992,-86.51947021
2013,11,3,Weekday,1800,2-Car,No injury/unknown,FOLLOWING TOO CLOSELY,SR46W & STINESVILLE,39.29790878,-86.65662337
2013,10,7,Weekend,2000,1-Car,No injury/unknown,ANIMAL/OBJECT IN ROADWAY,N LOUDEN RD & W RATLIFF,39.29598351,-86.63987003
2013,2,5,Weekday,1900,1-Car,No injury/unknown,RAN OFF ROAD RIGHT,W WALKER LN,39.29591314,-86.63512294
2013,10,3,Weekday,100,1-Car,Non-incapacitating,UNSAFE SPEED,MT TABOR RD & WALKER,39.29584,-86.626304
2013,9,2,Weekday,800,1-Car,No injury/unknown,RAN OFF ROAD RIGHT,JENNER & WALKER LN,39.29532968,-86.6308281
2013,12,7,Weekend,1100,2-Car,No injury/unknown,FAILURE TO YIELD RIGHT OF WAY,17 & JORDAN AVE,39.29525492,-86.516358
2013,1,5,Weekday,1900,2-Car,No injury/unknown,SPEED TOO FAST FOR WEATHER CONDITIONS,CROSSOVER & SR37N,39.29523138,-86.51826281
2013,10,6,Weekday,1000,1-Car,Incapacitating,SPEED TOO FAST FOR WEATHER CONDITIONS,DENNY & W DITTEMORE RD,39.29506011,-86.54623009
2013,10,1,Weekend,1200,2-Car,No injury/unknown,FOLLOWING TOO CLOSELY,SR46W & STINESVILLE,39.29341125,-86.66164124
2013,11,1,Weekday,1900,1-Car,No injury/unknown,ANIMAL/OBJECT IN ROADWAY,FOX HOLLOW & SR37S,39.29096293,-86.51785174
2013,11,2,Weekday,2300,1-Car,No injury/unknown,ANIMAL/OBJECT IN ROADWAY,FOX HOLLOW & SR37,39.28773112,-86.51892553
2013,12,1,Weekend,700,1-Car,No injury/unknown,RAN OFF ROAD RIGHT,ANDERSON RD & FARR,39.28734514,-86.44117668
2013,12,6,Weekday,800,2-Car,No injury/unknown,SPEED TOO FAST FOR WEATHER CONDITIONS,SAMPLE & SR37S,39.28717211,-86.52255288
2013,12,2,Weekday,700,1-Car,No injury/unknown,ROADWAY SURFACE CONDITION,S ROCKPORT RD & W HENNESSY,39.286659,-86.55672021
2013,6,5,Weekday,1600,3+ Cars,Non-incapacitating,FOLLOWING TOO CLOSELY,17TH & KINSER PIKE,39.28482323,-86.53775028
2013,8,7,Weekend,1500,2-Car,No injury/unknown,OTHER (DRIVER) - EXPLAIN IN NARRATIVE,OLD 37 & SR37W,39.28445816,-86.49533081
2013,10,5,Weekday,1000,2-Car,No injury/unknown,UNSAFE BACKING,OLD SR 37 & SR37S,39.28445816,-86.49533081
2013,8,3,Weekday,1200,2-Car,No injury/unknown,UNSAFE LANE MOVEMENT,CROSSOVER & SR37N,39.28353364,-86.51947021
2013,5,5,Weekday,800,1-Car,No injury/unknown,ANIMAL/OBJECT IN ROADWAY,MT TABOR ROAD RD & WOODLAND ROAD,39.28344,-86.624192
2013,12,7,Weekend,100,1-Car,No injury/unknown,RAN OFF ROAD RIGHT,CLUBHOUSE DR & OLD SR 37,39.28280781,-86.53685979
2013,12,7,Weekend,900,1-Car,No injury/unknown,RAN OFF ROAD RIGHT,ANDERSON RD & LOW GAP,39.28258279,-86.41321091
2013,11,4,Weekday,1700,1-Car,No injury/unknown,RAN OFF ROAD RIGHT,ANDERSON & N LOW GAP RD,39.282576,-86.411808
2013,5,6,Weekday,1800,2-Car,Non-incapacitating,UNSAFE BACKING,8670 WEST HEDRICK ROAD & WEST HEDRICK ROAD RD,39.28208142,-86.66213036
2013,12,2,Weekday,1000,2-Car,Non-incapacitating,LEFT OF CENTER,COUNTY LINE & SR46W,39.28186607,-86.69362998
2013,12,7,Weekend,1500,3+ Cars,No injury/unknown,FOLLOWING TOO CLOSELY,N COUNTY LINE & SR46W,39.281744,-86.6848
2013,5,6,Weekend,1900,2-Car,No injury/unknown,UNSAFE SPEED,HODGE & RED HILL RD,39.28140029,-86.63969032
2013,11,6,Weekday,600,1-Car,No injury/unknown,ANIMAL/OBJECT IN ROADWAY,COUNTY LINE & SR46W,39.28130328,-86.68312646
2013,12,2,Weekday,200,1-Car,No injury/unknown,ROADWAY SURFACE CONDITION,COUNTY LINE & SR46W,39.28130328,-86.68312646
2013,7,4,Weekday,700,2-Car,Non-incapacitating,LEFT OF CENTER,BARR & W WOODLAND RD,39.28108983,-86.60720637
2013,1,7,Weekend,800,1-Car,No injury/unknown,RAN OFF ROAD RIGHT,KINZER & SR37N,39.28092024,-86.54624938
2013,5,6,Weekday,200,1-Car,No injury/unknown,DRIVER DISTRACTED - EXPLAIN IN NARRATIVE,SR37S,39.28081758,-86.52294918
2013,11,1,Weekend,1700,1-Car,No injury/unknown,UNSAFE BACKING,VIXEN DR,39.28077698,-86.50963592
2013,10,1,Weekend,800,1-Car,No injury/unknown,ANIMAL/OBJECT IN ROADWAY,SR37N & WINERY,39.28076172,-86.52158355
2013,10,1,Weekend,1000,1-Car,No injury/unknown,ANIMAL/OBJECT IN ROADWAY,WOODALL RD & WOODLAND,39.28068617,-86.58337873
2013,12,5,Weekday,2000,1-Car,No injury/unknown,ANIMAL/OBJECT IN ROADWAY,SIMPSON CHAPEL & SR37S,39.280496,-86.522864
2013,12,1,Weekday,2000,2-Car,No injury/unknown,LEFT OF CENTER,COUNTY LINE & SR46W,39.27827613,-86.67792565
2013,2,6,Weekday,1100,2-Car,No injury/unknown,FOLLOWING TOO CLOSELY,CROSSOVER & SR37N,39.27823203,-86.51947021
2013,4,1,Weekday,2100,1-Car,No injury/unknown,ANIMAL/OBJECT IN ROADWAY,ANDERSON RD & FISH,39.27799992,-86.46902002
2013,12,3,Weekday,1700,3+ Cars,No injury/unknown,DRIVER DISTRACTED - EXPLAIN IN NARRATIVE,HEDRICK & SR46W,39.27775955,-86.67730469
2013,2,6,Weekend,2300,1-Car,Non-incapacitating,RAN OFF ROAD RIGHT,SR46W & W HEDRICK,39.27761942,-86.67729238
2013,9,7,Weekend,2100,1-Car,No injury/unknown,ANIMAL/OBJECT IN ROADWAY,BOTTOM & SR37N,39.27640152,-86.55792236
2013,9,7,Weekend,2100,1-Car,No injury/unknown,ANIMAL/OBJECT IN ROADWAY,BOTTOM & SR37,39.27640152,-86.55792236
2013,6,4,Weekday,1100,2-Car,No injury/unknown,UNSAFE BACKING,THAMES DR,39.27497101,-86.51756286
2013,5,5,Weekday,0,1-Car,No injury/unknown,RAN OFF ROAD RIGHT,DELAP & WOODALL RD,39.27462306,-86.57803103
2013,10,4,Weekday,800,1-Car,Non-incapacitating,RAN OFF ROAD RIGHT,BARR & NORTH MT TABOR RD,39.273888,-86.621456
2013,7,3,Weekday,1600,2-Car,Non-incapacitating,LEFT OF CENTER,SIMPSON CHAPEL & W SAMPLE RD,39.27156615,-86.52751062
2013,5,1,Weekend,1600,1-Car,Non-incapacitating,RAN OFF ROAD RIGHT,7888 E NORTHSHORE DR & N NORTH BAY,39.271145,-86.4119012
2013,12,5,Weekday,1700,1-Car,No injury/unknown,RAN OFF ROAD RIGHT,E WHISNAND & SR37N,39.27075204,-86.53192901
2013,3,7,Weekend,1200,1-Car,Non-incapacitating,OTHER (DRIVER) - EXPLAIN IN NARRATIVE,OARD RD & STATE ROAD 48,39.2705651,-86.62014976
2013,7,2,Weekday,800,2-Car,No injury/unknown,FOLLOWING TOO CLOSELY,SAMPLE & SR37N,39.27027733,-86.52293441
2013,5,1,Weekend,1000,1-Car,No injury/unknown,OVERCORRECTING/OVERSTEERING,HIGHWAY BUSINESS 37 & SR37N,39.26955347,-86.54051208
2013,10,6,Weekend,2200,Moped/Motorcycle,Non-incapacitating,RAN OFF ROAD RIGHT,REDHILL & SR46W,39.26932907,-86.63477655
2013,5,4,Weekday,1700,2-Car,Non-incapacitating,RAN OFF ROAD RIGHT,SIMPSON & SR37,39.26822318,-86.52294972
2013,8,3,Weekday,400,1-Car,No injury/unknown,ANIMAL/OBJECT IN ROADWAY,SR46 & STINESVILLE RD,39.26801274,-86.66489961
2013,12,5,Weekday,2100,1-Car,No injury/unknown,SPEED TOO FAST FOR WEATHER CONDITIONS,SAMPLE & SR37N,39.26753244,-86.5228128
2013,12,2,Weekday,1300,2-Car,Incapacitating,FOLLOWING TOO CLOSELY,SAMPLE & SR37N,39.26753244,-86.5228128
2013,9,4,Weekday,1100,1-Car,No injury/unknown,RAN OFF ROAD RIGHT,ANDERSON RD & DORA,39.26706271,-86.48772031
2013,9,1,Weekend,1600,2-Car,No injury/unknown,FOLLOWING TOO CLOSELY,SAMPLE & SR37N,39.26698347,-86.52278848
2013,7,6,Weekend,2100,1-Car,No injury/unknown,ANIMAL/OBJECT IN ROADWAY,COWDEN & N MT TABOR RD,39.266864,-86.620704
2013,12,1,Weekend,1700,1-Car,No injury/unknown,ANIMAL/OBJECT IN ROADWAY,N MT TABOR RD & W COWDEN,39.266864,-86.620704
2013,11,4,Weekday,1500,2-Car,Non-incapacitating,LEFT OF CENTER,N FOX HOLLOW RD & N OLD 37,39.26677018,-86.50152812
2013,1,4,Weekday,1200,2-Car,No injury/unknown,UNSAFE BACKING,46 & STINESVILLE RD,39.266752,-86.6656
2013,4,6,Weekday,1500,Bus,No injury/unknown,FOLLOWING TOO CLOSELY,2ND & PATTERSON DR,39.26648386,-86.54850997
2013,12,4,Weekday,2000,2-Car,No injury/unknown,FAILURE TO YIELD RIGHT OF WAY,SAMPLE & SR37N,39.26616,-86.522752
2013,9,2,Weekday,2300,1-Car,No injury/unknown,ANIMAL/OBJECT IN ROADWAY,ANDERSON RD & OLD SR 37,39.266,-86.501696
2013,12,5,Weekday,2300,1-Car,No injury/unknown,LEFT OF CENTER,SAMPLE RD & SR37,39.26597022,-86.52277657
2013,8,3,Weekday,1900,1-Car,No injury/unknown,SPEED TOO FAST FOR WEATHER CONDITIONS,E ANDERSON RD & N OLD 37,39.26589981,-86.5021276
2013,12,2,Weekday,500,1-Car,No injury/unknown,ROADWAY SURFACE CONDITION,BOTTOM & SR37N,39.26579689,-86.55792236
2013,7,4,Weekday,700,1-Car,No injury/unknown,RAN OFF ROAD RIGHT,ROCKPORT RD & VICTOR,39.26474052,-86.60648994
2013,9,5,Weekday,1700,2-Car,No injury/unknown,LEFT OF CENTER,N JOHN YOUNG RD & SHILO,39.26461397,-86.43472029
2013,8,7,Weekend,1300,2-Car,No injury/unknown,UNSAFE LANE MOVEMENT,SAMPLE & SR37S,39.26449949,-86.52249594
2013,12,3,Weekday,800,3+ Cars,Non-incapacitating,SPEED TOO FAST FOR WEATHER CONDITIONS,FIELDSTONE & KIRBY RD,39.26366666,-86.61046028
2013,3,3,Weekday,1200,2-Car,No injury/unknown,DRIVER DISTRACTED - EXPLAIN IN NARRATIVE,WAYPORT ROAD RD,39.26360321,-86.5217514
2013,7,2,Weekday,700,2-Car,No injury/unknown,UNSAFE BACKING,WAYPORT RD,39.26330942,-86.52144356
2013,1,4,Weekday,1500,2-Car,No injury/unknown,IMPROPER PASSING,SR37 & WAYPORT,39.26307137,-86.52255833
2013,1,4,Weekday,1100,1-Car,No injury/unknown,RAN OFF ROAD RIGHT,SR37 & WAYPORT RD,39.2630409,-86.523358
2013,6,7,Weekend,1200,2-Car,No injury/unknown,DRIVER DISTRACTED - EXPLAIN IN NARRATIVE,LAWSON & NORTH BOTTOM RD,39.26248,-86.546096
2013,1,6,Weekday,1600,2-Car,Non-incapacitating,FAILURE TO YIELD RIGHT OF WAY,BASSWOOD DR & COPPER BEECH,39.26241338,-86.57108008
2013,7,1,Weekday,1900,2-Car,No injury/unknown,FAILURE TO YIELD RIGHT OF WAY,SR37N & WAYPORT,39.26179886,-86.52230834
2013,6,3,Weekday,2200,1-Car,No injury/unknown,ANIMAL/OBJECT IN ROADWAY,SR37 & WAYPORT,39.26090774,-86.52311797
2013,5,6,Weekend,2000,Bus,No injury/unknown,UNSAFE LANE MOVEMENT,SAMPLE & SR37N,39.26049042,-86.51318359
2013,1,3,Weekday,2200,1-Car,No injury/unknown,RAN OFF ROAD RIGHT,SR37N & WAYPORT,39.26041222,-86.52349167
2013,4,4,Weekday,1100,2-Car,No injury/unknown,DRIVER DISTRACTED - EXPLAIN IN NARRATIVE,CHAFIN CHAPEL & SR46W,39.25962637,-86.65754539
2013,2,2,Weekday,800,1-Car,No injury/unknown,ANIMAL/OBJECT IN ROADWAY,SR37 & WAYPORT,39.25918397,-86.52433306
2013,6,7,Weekend,1100,2-Car,Non-incapacitating,UNSAFE SPEED,HARTSTRAIGHT RD & VERNAL,39.25660077,-86.6112703
2013,5,4,Weekday,900,2-Car,Non-incapacitating,FAILURE TO YIELD RIGHT OF WAY,FLATWOODS & SR46W,39.25578165,-86.65554879
2013,11,4,Weekday,1000,2-Car,No injury/unknown,UNSAFE BACKING,E MILLER DR,39.255568,-86.469632
2013,4,7,Weekend,1800,2-Car,Non-incapacitating,IMPROPER PASSING,SOUTH OLD STATE ROAD 37 & SR37S,39.25457699,-86.52745745
2013,10,7,Weekend,600,1-Car,Non-incapacitating,OTHER (DRIVER) - EXPLAIN IN NARRATIVE,4594 W COWDEN RD & DUNLAP,39.25371803,-86.59237876
2013,2,7,Weekend,1900,2-Car,No injury/unknown,OVERCORRECTING/OVERSTEERING,EAST SOUTHSHORE DR & TUNNEL,39.25316237,-86.41665683
2013,1,7,Weekend,1900,2-Car,Incapacitating,LEFT OF CENTER,SR46W & W FLATWOODS,39.25241966,-86.65398335
2013,1,5,Weekday,1800,2-Car,No injury/unknown,SPEED TOO FAST FOR WEATHER CONDITIONS,FLATWOODS & SR46E,39.25241966,-86.65408733
2013,10,3,Weekday,1700,2-Car,No injury/unknown,FOLLOWING TOO CLOSELY,DELAP RD & MT TABOR,39.2520301,-86.6206701
2013,6,5,Weekday,1900,2-Car,No injury/unknown,DISREGARD SIGNAL/REG SIGN,UNION VALLEY & W DELAP RD,39.251904,-86.592816
2013,3,5,Weekday,500,1-Car,No injury/unknown,ANIMAL/OBJECT IN ROADWAY,E WYLIE RD & SR37,39.251648,-86.529056
2013,12,2,Weekday,1700,2-Car,Non-incapacitating,FAILURE TO YIELD RIGHT OF WAY,SR37N & WYLIE,39.25145518,-86.52923177
2013,6,6,Weekday,1200,2-Car,Incapacitating,FAILURE TO YIELD RIGHT OF WAY,E WYLIE & SR37N,39.25141907,-86.5226593
2013,9,1,Weekday,2200,1-Car,No injury/unknown,RAN OFF ROAD RIGHT,E WYLIE RD & OLD STATE 37 NORTH,39.25136022,-86.50120954
2013,3,4,Weekday,2200,1-Car,No injury/unknown,ANIMAL/OBJECT IN ROADWAY,EAST WYLE RD & NORTH OLD STATE ROAD 37,39.251296,-86.500832
2013,1,4,Weekday,1900,2-Car,No injury/unknown,UNSAFE BACKING,WEST STATE ROAD 46 HWY,39.2512,-86.652504
2013,1,4,Weekday,1700,2-Car,No injury/unknown,FAILURE TO YIELD RIGHT OF WAY,W SR 46 HWY,39.2512,-86.652504
2013,1,2,Weekday,1700,2-Car,No injury/unknown,FOLLOWING TOO CLOSELY,W STATE ROAD 46 HWY,39.2512,-86.652504
2013,3,5,Weekday,2200,2-Car,No injury/unknown,UNSAFE BACKING,STATE ROAD 46 HWY,39.2512,-86.652504
2013,3,6,Weekend,1900,1-Car,No injury/unknown,DRIVER ASLEEP OR FATIGUED,SR46W,39.2512,-86.652504
2013,1,5,Weekday,1500,2-Car,No injury/unknown,UNSAFE BACKING,WEST STATE ROAD 46 HWY,39.2512,-86.652504
2013,4,6,Weekend,2300,1-Car,No injury/unknown,OVERCORRECTING/OVERSTEERING,SR46W,39.2512,-86.652504