Year,Month,Day,Weekend?,Hour,Collision Type,Injury Type,Primary Factor,Reported_Location,Latitude,Longitude
2013,5,2,Weekday,1200,2-Car,No injury/unknown,UNSAFE BACKING,W STATE ROAD 46 ST,39.2512,-86.652504
2013,8,4,Weekday,1200,2-Car,No injury/unknown,UNSAFE BACKING,STATE ROAD 46 HWY,39.2512,-86.652504
2013,8,5,Weekday,1000,1-Car,No injury/unknown,OTHER (ENVIRONMENTAL) - EXPLAIN IN NARR,WEST STATE ROAD 46 HWY,39.2512,-86.652504
2013,8,5,Weekday,1500,2-Car,No injury/unknown,UNSAFE BACKING,SR46W,39.2512,-86.652504
2013,11,6,Weekday,1600,2-Car,No injury/unknown,UNSAFE BACKING,WEST STATE ROAD 46 HWY,39.2512,-86.652504
2013,4,5,Weekday,700,2-Car,No injury/unknown,FAILURE TO YIELD RIGHT OF WAY,RICHARDSON & SOUTHSHORE DR,39.25114131,-86.38882447
2013,2,5,Weekday,1800,1-Car,Non-incapacitating,RAN OFF ROAD RIGHT,MILLER & ROBINSON RD,39.25103031,-86.46972422
2013,6,7,Weekend,1900,1-Car,Non-incapacitating,OTHER (DRIVER) - EXPLAIN IN NARRATIVE,5501 ROBINSON RD & HUDOFF,39.2510133,-86.46846041
2013,4,4,Weekday,800,2-Car,No injury/unknown,UNSAFE BACKING,WALNUT & WALNUT STREET PIKE,39.250688,-86.529744
2013,5,5,Weekday,1700,2-Car,No injury/unknown,FOLLOWING TOO CLOSELY,N WALNUT ST & SR37N,39.250688,-86.529744
2013,8,6,Weekday,700,2-Car,No injury/unknown,FOLLOWING TOO CLOSELY,SR37N & WALNUT,39.250688,-86.529744
2013,2,6,Weekday,600,1-Car,Non-incapacitating,RAN OFF ROAD RIGHT,FLATWOODS & SR46W,39.25037815,-86.65158204
2013,7,5,Weekday,1200,2-Car,No injury/unknown,OTHER (DRIVER) - EXPLAIN IN NARRATIVE,KNIGHTRIDGE & SR446S,39.24989179,-86.46687098
2013,12,1,Weekday,2100,1-Car,Non-incapacitating,ROADWAY SURFACE CONDITION,BOTTOM & SR37N,39.24988995,-86.55792236
2013,12,1,Weekday,2100,1-Car,No injury/unknown,ROADWAY SURFACE CONDITION,BOTTOM & SR37N,39.24988995,-86.55792236
2013,7,1,Weekend,1500,2-Car,No injury/unknown,OTHER (DRIVER) - EXPLAIN IN NARRATIVE,BUSINESS 37 & SR37N,39.24837079,-86.54051208
2013,8,3,Weekday,2000,2-Car,No injury/unknown,OTHER (DRIVER) - EXPLAIN IN NARRATIVE,SR46W & UNION VALLEY,39.24765015,-86.59285736
2013,7,6,Weekday,1800,2-Car,Non-incapacitating,FOLLOWING TOO CLOSELY,SR46W & UNION VALLEY,39.24765015,-86.59285736
2013,9,5,Weekday,1800,2-Car,No injury/unknown,IMPROPER LANE USAGE,SR46W & UNION VALLEY,39.24765015,-86.59288333
2013,7,4,Weekday,1400,2-Car,No injury/unknown,LEFT OF CENTER,NORTH BOTTOM ROAD RD & WEST MAPLE GROVE ROAD,39.24744,-86.547792
2013,12,5,Weekday,1900,1-Car,Non-incapacitating,RAN OFF ROAD RIGHT,N MAPLE GROVE & W MAPLE GROVE RD,39.24744,-86.547792
2013,6,1,Weekend,1400,2-Car,No injury/unknown,FAILURE TO YIELD RIGHT OF WAY,RED HILL RD & SR46,39.245744,-86.636896
2013,10,4,Weekday,1700,2-Car,No injury/unknown,OTHER (DRIVER) - EXPLAIN IN NARRATIVE,RED HILL & SR46W,39.245744,-86.636896
2013,7,2,Weekday,1100,2-Car,No injury/unknown,FAILURE TO YIELD RIGHT OF WAY,MAPLE GROVE & MATTHEWS DR,39.245408,-86.6204
2013,7,7,Weekend,1500,1-Car,No injury/unknown,OTHER (ENVIRONMENTAL) - EXPLAIN IN NARR,MAPLE GROVE RD & N MATTHEWS,39.24534,-86.62061658
2013,11,2,Weekday,1600,1-Car,No injury/unknown,ANIMAL/OBJECT IN ROADWAY,CONNAUGHT & SR37N,39.24464873,-86.53384054
2013,12,7,Weekend,1000,1-Car,No injury/unknown,SPEED TOO FAST FOR WEATHER CONDITIONS,OLD SR 37 & WALNUT ST,39.24419236,-86.53415009
2013,8,3,Weekday,1600,2-Car,No injury/unknown,FAILURE TO YIELD RIGHT OF WAY,CONNAUGHT & SR37N,39.24419022,-86.533432
2013,6,2,Weekday,2200,1-Car,No injury/unknown,ANIMAL/OBJECT IN ROADWAY,MAPLE GROVE & UNION VALLEY RD,39.24406538,-86.59279461
2013,9,4,Weekday,1700,2-Car,No injury/unknown,FOLLOWING TOO CLOSELY,MATTHEWS & SR46W,39.2437706,-86.62110727
2013,8,7,Weekend,800,1-Car,Non-incapacitating,ROADWAY SURFACE CONDITION,IN 45 N & SHUFFLE CREEK RD,39.24282322,-86.40429497
2013,1,5,Weekday,2100,2-Car,No injury/unknown,ROADWAY SURFACE CONDITION,MAPLE GROVE & UNION VALLEY RD,39.24200551,-86.59277843
2013,6,1,Weekend,1000,1-Car,Non-incapacitating,OVERCORRECTING/OVERSTEERING,COUNTY LINE ROAD & REEVES ROAD RD,39.24175548,-86.68418348
2013,9,1,Weekend,1800,1-Car,No injury/unknown,SPEED TOO FAST FOR WEATHER CONDITIONS,N COUNTY LINE & REEVES RD,39.24172799,-86.68419815
2013,6,7,Weekend,1200,1-Car,No injury/unknown,ANIMAL/OBJECT IN ROADWAY,KNIGHTRIDGE SOUTH & SR446S,39.24153388,-86.45682164
2013,1,3,Weekday,900,2-Car,No injury/unknown,FOLLOWING TOO CLOSELY,RIDGE SPRINGS & SR46W,39.24104,-86.632096
2013,4,6,Weekday,0,1-Car,No injury/unknown,UNSAFE BACKING,SR46E,39.24066925,-86.63175201
2013,5,7,Weekend,1500,1-Car,Non-incapacitating,SPEED TOO FAST FOR WEATHER CONDITIONS,E ROBINSON RD & NEHRT,39.24065016,-86.44318669
2013,3,3,Weekday,800,1-Car,No injury/unknown,ROADWAY SURFACE CONDITION,OLD STATE ROAD 37 N RD & ROBINSON,39.24032,-86.49928
2013,12,5,Weekday,1200,1-Car,No injury/unknown,RAN OFF ROAD RIGHT,4580 EAST ROBINSON RD & NORTH OLD SR 37,39.24032,-86.49928
2013,11,5,Weekday,2300,1-Car,No injury/unknown,OTHER (DRIVER) - EXPLAIN IN NARRATIVE,N VALLEY VIEW DR & RIDGEWAY,39.239952,-86.606704
2013,10,3,Weekday,0,1-Car,No injury/unknown,ANIMAL/OBJECT IN ROADWAY,JUDY & SR46W,39.2395493,-86.63076905
2013,7,3,Weekday,1400,3+ Cars,Non-incapacitating,DISREGARD SIGNAL/REG SIGN,DILLMAN RD & OLD STATE ROAD 37,39.23944,-86.499392
2013,11,7,Weekend,1100,2-Car,No injury/unknown,FAILURE TO YIELD RIGHT OF WAY,COLLEGE & SR37N,39.23923043,-86.53453826
2013,11,4,Weekday,1100,2-Car,No injury/unknown,IMPROPER PASSING,RIDGE SPRINGS LN & ROSEWOOD,39.238736,-86.63872
2013,4,4,Weekday,700,2-Car,No injury/unknown,FOLLOWING TOO CLOSELY,46 & GRANT ST,39.23836136,-86.62767791
2013,10,6,Weekday,1500,2-Car,No injury/unknown,OTHER (DRIVER) - EXPLAIN IN NARRATIVE,GRANT & SR46W,39.23836136,-86.62767791
2013,10,5,Weekday,700,2-Car,No injury/unknown,FAILURE TO YIELD RIGHT OF WAY,GRANT & SR46W,39.23836136,-86.62767791
2013,12,5,Weekday,500,2-Car,No injury/unknown,FAILURE TO YIELD RIGHT OF WAY,GRANT & SR46W,39.23836136,-86.62767791
2013,11,4,Weekday,1300,2-Car,No injury/unknown,FAILURE TO YIELD RIGHT OF WAY,ACADIA CT,39.237248,-86.539216
2013,5,2,Weekday,900,2-Car,No injury/unknown,OTHER (VEHICLE) - EXPLAIN IN NARRATIVE,POPLAR DR & SR46W,39.237248,-86.629296
2013,6,2,Weekday,0,1-Car,No injury/unknown,RAN OFF ROAD RIGHT,EDGEWOOD & POPLAR DR,39.237152,-86.6304
2013,10,3,Weekday,2100,2-Car,No injury/unknown,FAILURE TO YIELD RIGHT OF WAY,EDGEWOOD & SR46W,39.23670959,-86.63545989
2013,8,7,Weekend,2100,1-Car,Non-incapacitating,UNSAFE SPEED,MORGAN & SHUFFLE CREEK RD,39.23670739,-86.41081274
2013,10,4,Weekday,1400,2-Car,Non-incapacitating,FAILURE TO YIELD RIGHT OF WAY,EDGEWOOD DR & SCHOOL,39.23666718,-86.63133907
2013,6,2,Weekday,1600,2-Car,Incapacitating,DISREGARD SIGNAL/REG SIGN,MAIN ST & MATTHEWS,39.236096,-86.625168
2013,10,6,Weekday,300,2-Car,Non-incapacitating,FAILURE TO YIELD RIGHT OF WAY,MATTHEW & SR46W,39.2360426,-86.62509441
2013,9,7,Weekend,100,2-Car,No injury/unknown,OTHER (DRIVER) - EXPLAIN IN NARRATIVE,WEST VINE ST,39.235728,-86.626032
2013,3,1,Weekend,300,2-Car,No injury/unknown,OTHER (DRIVER) - EXPLAIN IN NARRATIVE,MATTHEWS DR & VINE STREET ST,39.235504,-86.625712
2013,9,6,Weekday,1400,2-Car,No injury/unknown,UNSAFE LANE MOVEMENT,SOUTH WALNUT & SR46W,39.235376,-86.627168
2013,5,7,Weekend,1700,2-Car,No injury/unknown,IMPROPER TURNING,NORTH SALE & WEST MAIN ST,39.234944,-86.623392
2013,6,1,Weekend,1300,2-Car,No injury/unknown,FAILURE TO YIELD RIGHT OF WAY,MATTHEWS & SR46W,39.234768,-86.626384
2013,6,1,Weekend,1600,2-Car,No injury/unknown,DISREGARD SIGNAL/REG SIGN,MATTHEWS DR & SR46W,39.234768,-86.626384
2013,8,5,Weekday,1900,2-Car,Non-incapacitating,DISREGARD SIGNAL/REG SIGN,MATTHEWS DR & SR46W,39.234768,-86.626384
2013,8,4,Weekday,700,2-Car,Non-incapacitating,DISREGARD SIGNAL/REG SIGN,MATTHEWS & SR46W,39.234768,-86.626384
2013,1,4,Weekday,200,1-Car,No injury/unknown,RAN OFF ROAD RIGHT,BREEDEN RD & TOP PHILLIPS,39.23428818,-86.67456977
2013,11,6,Weekday,1600,2-Car,No injury/unknown,OTHER (DRIVER) - EXPLAIN IN NARRATIVE,N SALE ST & TEMPERANCE,39.23414396,-86.62434641
2013,10,5,Weekday,1500,2-Car,No injury/unknown,UNSAFE BACKING,WEST TEMPERANCE ST ST,39.2340889,-86.62478637
2013,1,4,Weekday,1200,1-Car,No injury/unknown,ANIMAL/OBJECT IN ROADWAY,SR37S,39.23392962,-86.54127818
2013,3,2,Weekday,1600,2-Car,No injury/unknown,FAILURE TO YIELD RIGHT OF WAY,SALE & TEMPERANCE ST,39.23384,-86.624704
2013,4,4,Weekday,1000,2-Car,No injury/unknown,FAILURE TO YIELD RIGHT OF WAY,SALE & SR46W,39.23384,-86.624704
2013,8,7,Weekend,1000,2-Car,No injury/unknown,UNSAFE BACKING,SALE & WEST TEMPERANCE ST,39.23384,-86.624704
2013,9,1,Weekend,1800,1-Car,Non-incapacitating,DISREGARD SIGNAL/REG SIGN,N SALE & SR46W,39.23384,-86.624704
2013,11,1,Weekend,1600,2-Car,No injury/unknown,DRIVER DISTRACTED - EXPLAIN IN NARRATIVE,SALE ST & SR46W,39.23384,-86.624704
2013,11,6,Weekday,1000,2-Car,No injury/unknown,FOLLOWING TOO CLOSELY,SALE & SR46W,39.23384,-86.624704
2013,12,7,Weekend,2100,2-Car,No injury/unknown,DRIVER DISTRACTED - EXPLAIN IN NARRATIVE,WEST TEMPERANCE ST,39.23374176,-86.62436676
2013,9,4,Weekday,800,2-Car,No injury/unknown,FAILURE TO YIELD RIGHT OF WAY,KELLI & SR46W,39.233181,-86.61887359
2013,3,2,Weekday,700,Bus,No injury/unknown,ROADWAY SURFACE CONDITION,ASSOCIATION & SALE ST,39.23308969,-86.62547998
2013,7,6,Weekday,1300,2-Car,No injury/unknown,FAILURE TO YIELD RIGHT OF WAY,SALE & SR46E,39.23302841,-86.62554931
2013,9,4,Weekday,700,2-Car,No injury/unknown,FAILURE TO YIELD RIGHT OF WAY,BOTTOM RD & SR37,39.23285989,-86.54190129
2013,7,3,Weekday,1300,3+ Cars,Non-incapacitating,DISREGARD SIGNAL/REG SIGN,SR37 & SR46W,39.232688,-86.623056
2013,5,5,Weekday,1000,2-Car,No injury/unknown,UNSAFE BACKING,N WALNUT ST,39.232544,-86.540704
2013,8,6,Weekday,100,2-Car,No injury/unknown,UNSAFE BACKING,N WALNUT ST,39.232544,-86.540704
2013,12,7,Weekend,1800,3+ Cars,No injury/unknown,ROADWAY SURFACE CONDITION,N WALNUT ST,39.232544,-86.540704
2013,7,7,Weekend,500,1-Car,No injury/unknown,RAN OFF ROAD RIGHT,ERAL YOUNG & LENTZ RD,39.23190013,-86.46851049
2013,6,1,Weekend,100,1-Car,No injury/unknown,ANIMAL/OBJECT IN ROADWAY,OLD MYERS & SR37N,39.23185808,-86.50634149
2013,7,3,Weekday,1300,1-Car,No injury/unknown,ANIMAL/OBJECT IN ROADWAY,N OLD 37 & OLD MEYERS RD,39.23183978,-86.50670575
2013,1,5,Weekday,1800,1-Car,Non-incapacitating,SPEED TOO FAST FOR WEATHER CONDITIONS,CHAMBERS & SR37N,39.23179578,-86.50701904
2013,4,4,Weekday,1800,2-Car,No injury/unknown,FOLLOWING TOO CLOSELY,17TH & JORDAN AVE,39.23172136,-86.51093021
2013,9,6,Weekend,2000,1-Car,Non-incapacitating,UNSAFE SPEED,W GILMORE & W REEVES RD,39.231648,-86.671296
2013,7,6,Weekday,400,1-Car,No injury/unknown,OTHER (VEHICLE) - EXPLAIN IN NARRATIVE,OAK ST,39.23138808,-86.62459363
2013,7,2,Weekday,1100,2-Car,No injury/unknown,LEFT OF CENTER,HILLVIEW & SR37N,39.23136332,-86.53076171
2013,5,6,Weekday,1100,2-Car,No injury/unknown,UNSAFE LANE MOVEMENT,1ST & SR46E,39.23125467,-86.62103537
2013,2,6,Weekend,2000,2-Car,No injury/unknown,LEFT OF CENTER,SALE ST & THOMAS,39.231152,-86.6308
2013,10,6,Weekday,300,1-Car,No injury/unknown,DRIVER DISTRACTED - EXPLAIN IN NARRATIVE,OLD MYERS RD & OLD SR 37 NORTH,39.23066881,-86.50493342
2013,3,7,Weekend,800,2-Car,No injury/unknown,FAILURE TO YIELD RIGHT OF WAY,BRUMMETTS CREEK & SR46E,39.230544,-86.42
2013,10,6,Weekday,900,1-Car,No injury/unknown,ANIMAL/OBJECT IN ROADWAY,BRUMMETTS CREEK & SR46E,39.230544,-86.42
2013,12,2,Weekday,700,2-Car,No injury/unknown,ANIMAL/OBJECT IN ROADWAY,SALE & THOMAS RD,39.23047063,-86.63069096
2013,12,1,Weekend,0,1-Car,No injury/unknown,RAN OFF ROAD RIGHT,16TH & MONROE ST,39.23029921,-86.54709979
2013,3,7,Weekend,1400,2-Car,Non-incapacitating,FAILURE TO YIELD RIGHT OF WAY,SR45E & TUNNEL,39.230048,-86.4316
2013,10,1,Weekday,2000,1-Car,Non-incapacitating,RAN OFF ROAD RIGHT,3420 E OLD MEYERS RD & LITTLE HORSE,39.22984,-86.502
2013,2,4,Weekday,1100,2-Car,No injury/unknown,OTHER (DRIVER) - EXPLAIN IN NARRATIVE,PAUL & SR46W,39.22981269,-86.61900411
2013,11,1,Weekend,100,1-Car,Incapacitating,RAN OFF ROAD RIGHT,2855 OLD MYERS RD & LITTLE HORSE,39.22975041,-86.50376193
2013,9,2,Weekday,1600,1-Car,No injury/unknown,,N THOMAS RD,39.22918571,-86.63056818
2013,11,5,Weekday,1800,1-Car,No injury/unknown,ANIMAL/OBJECT IN ROADWAY,ACUFF & SR37S,39.22907327,-86.55677032
2013,3,6,Weekday,1700,2-Car,No injury/unknown,UNSAFE BACKING,W 3RD ST,39.228944,-86.627504
2013,3,1,Weekend,1600,2-Car,No injury/unknown,IMPROPER TURNING,W 3RD ST,39.228944,-86.627504
2013,1,2,Weekday,1900,2-Car,No injury/unknown,OTHER (DRIVER) - EXPLAIN IN NARRATIVE,KINSER & SR46W,39.22796249,-86.54624938
2013,3,6,Weekday,1500,2-Car,No injury/unknown,FAILURE TO YIELD RIGHT OF WAY,KINSER & SR46W,39.22796249,-86.54624938
2013,1,5,Weekday,2000,1-Car,No injury/unknown,ROADWAY SURFACE CONDITION,HART STRAIT & SR46W,39.2276627,-86.61593307
2013,4,5,Weekday,1800,2-Car,No injury/unknown,DISREGARD SIGNAL/REG SIGN,HARTSTRAIT & SR46W,39.2276627,-86.61593307
2013,12,7,Weekend,0,1-Car,No injury/unknown,RAN OFF ROAD RIGHT,1ST & CHESTER DR,39.22662942,-86.62438815
2013,11,5,Weekday,1500,2-Car,No injury/unknown,DRIVER DISTRACTED - EXPLAIN IN NARRATIVE,SR46W & TEMPERANCE,39.226352,-86.614192
2013,11,7,Weekend,1100,2-Car,No injury/unknown,UNSAFE LANE MOVEMENT,SR46W & TEMPERANCE,39.22626374,-86.61405676
2013,9,5,Weekday,1500,2-Car,No injury/unknown,UNSAFE BACKING,11TH & COLLEGE AVE,39.2261637,-86.53479985
2013,10,3,Weekday,1200,2-Car,No injury/unknown,VIEW OBSTRUCTED,LAKEVIEW & SR46W,39.22571945,-86.60509594
2013,11,5,Weekday,2200,1-Car,No injury/unknown,ANIMAL/OBJECT IN ROADWAY,LOESCH RD & PROFILE,39.22478185,-86.58868007
2013,4,6,Weekday,1300,2-Car,No injury/unknown,UNSAFE BACKING,STONE MILL RD,39.22420883,-86.53900146
2013,8,4,Weekday,1600,2-Car,No injury/unknown,FOLLOWING TOO CLOSELY,CAPATIL AVE & SR46W,39.22377014,-86.6088531
2013,12,7,Weekend,900,1-Car,No injury/unknown,ROADWAY SURFACE CONDITION,BOTTOM ROAD & SR37N,39.22337838,-86.55792236
2013,7,4,Weekday,1400,1-Car,No injury/unknown,RAN OFF ROAD RIGHT,PARK ST & PARK ST ST,39.223248,-86.6188
2013,9,2,Weekday,1500,2-Car,No injury/unknown,FAILURE TO YIELD RIGHT OF WAY,LOST MANS & UNIONVALLEY RD,39.222848,-86.592704
2013,9,1,Weekend,100,1-Car,No injury/unknown,RAN OFF ROAD RIGHT,4855 N THOMAS RD & TECUMSEH,39.222848,-86.63048
2013,9,5,Weekday,1600,1-Car,No injury/unknown,ANIMAL/OBJECT IN ROADWAY,W LOST MANS LN & WHITE RIVER,39.22284029,-86.58894351
2013,1,2,Weekday,1100,2-Car,No injury/unknown,OTHER (DRIVER) - EXPLAIN IN NARRATIVE,N KINSER PIKE,39.222752,-86.550096
2013,3,5,Weekday,700,2-Car,No injury/unknown,FOLLOWING TOO CLOSELY,SOUTH OLD ST RD 37 RD & WHISNAND,39.22257277,-86.5171255
2013,2,3,Weekday,600,1-Car,No injury/unknown,RAN OFF ROAD RIGHT,N LAKEVIEW DR,39.22243037,-86.6053502
2013,3,7,Weekend,1100,1-Car,No injury/unknown,DRIVER DISTRACTED - EXPLAIN IN NARRATIVE,SMITH PIKE & WOODYARD,39.22238412,-86.58308029
2013,2,3,Weekday,1000,2-Car,No injury/unknown,FAILURE TO YIELD RIGHT OF WAY,SR37N & WHISNAND,39.22203827,-86.53192901
2013,12,6,Weekday,1400,2-Car,No injury/unknown,SPEED TOO FAST FOR WEATHER CONDITIONS,SR37S & STONEBELT,39.22143593,-86.52886962
2013,3,1,Weekend,1600,2-Car,No injury/unknown,OTHER (DRIVER) - EXPLAIN IN NARRATIVE,LANTERN & MUSKET DR,39.22117077,-86.61874274
2013,2,1,Weekend,1300,2-Car,No injury/unknown,ROADWAY SURFACE CONDITION,LAKEVIEW DR & SR46W,39.221152,-86.6056
2013,8,5,Weekday,1200,2-Car,Incapacitating,FAILURE TO YIELD RIGHT OF WAY,LAKEVIEW & SR46W,39.221152,-86.6056
2013,10,4,Weekday,1300,2-Car,No injury/unknown,FAILURE TO YIELD RIGHT OF WAY,LAKEVIEW & SR46W,39.221152,-86.6056
2013,12,3,Weekday,1800,1-Car,No injury/unknown,ANIMAL/OBJECT IN ROADWAY,MAYFIELD & UNION VALLEY RD,39.22102484,-86.59269773
2013,5,6,Weekday,800,3+ Cars,No injury/unknown,FAILURE TO YIELD RIGHT OF WAY,MAEFIELD & UNION VALLEY RD,39.22100969,-86.59268997
2013,11,5,Weekday,700,1-Car,No injury/unknown,ANIMAL/OBJECT IN ROADWAY,HARVEST & UNION VALLEY RD,39.22100969,-86.59268997
2013,7,3,Weekday,1700,1-Car,No injury/unknown,ANIMAL/OBJECT IN ROADWAY,HARBISON & HARTSTRAIT RD,39.220944,-86.612192
2013,11,5,Weekday,500,1-Car,No injury/unknown,ANIMAL/OBJECT IN ROADWAY,NORTH KINSER & SR37N,39.22088285,-86.55024525
2013,8,3,Weekday,1600,2-Car,Non-incapacitating,FAILURE TO YIELD RIGHT OF WAY,WALNUT ST & WINLSOW,39.22050395,-86.5311098
2013,10,1,Weekday,2300,2-Car,No injury/unknown,FAILURE TO YIELD RIGHT OF WAY,CANSTER & N SHADOW WOOD DR,39.22035027,-86.58428432
2013,6,4,Weekday,2300,1-Car,No injury/unknown,RAN OFF ROAD RIGHT,HARBISON & HARTSTRAIGHT RD,39.22025908,-86.61213142
2013,1,3,Weekday,2000,2-Car,No injury/unknown,FAILURE TO YIELD RIGHT OF WAY,MT GILEAD & SR45E,39.21901703,-86.42536926
2013,3,1,Weekend,500,1-Car,No injury/unknown,RAN OFF ROAD RIGHT,MT GILEAD & SR45E,39.21901703,-86.42541247
2013,3,5,Weekday,1800,2-Car,No injury/unknown,ANIMAL/OBJECT IN ROADWAY,SIMPSON CHAPEL ROAD & SR37S,39.21898216,-86.54723358
2013,2,3,Weekday,2100,1-Car,No injury/unknown,RAN OFF ROAD RIGHT,EARL YOUNG & SR45,39.21897935,-86.45289344
2013,8,2,Weekday,1700,2-Car,No injury/unknown,FOLLOWING TOO CLOSELY,SR37S & VERNAL,39.21893123,-86.56252288
2013,8,4,Weekday,1200,2-Car,Non-incapacitating,FOLLOWING TOO CLOSELY,LOVE & SR46W,39.21849352,-86.60119115
2013,10,5,Weekday,1700,2-Car,No injury/unknown,IMPROPER TURNING,JONES & JORDAN AVE,39.21827341,-86.51640996
2013,9,2,Weekday,1500,2-Car,No injury/unknown,FAILURE TO YIELD RIGHT OF WAY,SR46 & UNION VALLEY,39.21810913,-86.59268951
2013,11,4,Weekday,1500,2-Car,Non-incapacitating,FAILURE TO YIELD RIGHT OF WAY,SR46W & UNION VALLEY,39.21810913,-86.5927419
2013,5,1,Weekend,1300,2-Car,Incapacitating,LEFT OF CENTER,OLD RIHARDSON ROAD & SR446S,39.21780428,-86.43133871
2013,1,7,Weekend,1700,2-Car,No injury/unknown,IMPROPER LANE USAGE,RIDGEWOOD & SR46,39.21738915,-86.59900719
2013,6,3,Weekday,2300,2-Car,No injury/unknown,FAILURE TO YIELD RIGHT OF WAY,RIDGWOOD & SR46W,39.21738139,-86.59893745
2013,8,2,Weekday,1200,2-Car,Non-incapacitating,FAILURE TO YIELD RIGHT OF WAY,RIDGEWOOD & SR46W,39.21738052,-86.59898376
2013,12,2,Weekday,900,2-Car,Non-incapacitating,FAILURE TO YIELD RIGHT OF WAY,3RD & LANDMARK AVE,39.21730181,-86.55630983
2013,5,5,Weekday,600,1-Car,No injury/unknown,ANIMAL/OBJECT IN ROADWAY,RIDGEWOOD & SR46W,39.217248,-86.598992
2013,12,6,Weekday,500,2-Car,No injury/unknown,IMPROPER TURNING,SR46N & THIRD,39.21712186,-86.47205024
2013,3,7,Weekend,1400,2-Car,No injury/unknown,FAILURE TO YIELD RIGHT OF WAY,RATLIFF & STARNES RD,39.2168697,-86.65871992
2013,9,1,Weekend,1200,2-Car,Non-incapacitating,FOLLOWING TOO CLOSELY,BRIAR GATE & SR46W,39.21672821,-86.5963908
2013,7,6,Weekend,1900,1-Car,No injury/unknown,ANIMAL/OBJECT IN ROADWAY,N BUISNESS 37 RD & WISHNAND,39.21671718,-86.53976999
2013,4,5,Weekday,600,2-Car,Non-incapacitating,FAILURE TO YIELD RIGHT OF WAY,BRIARGATE & SR46W,39.21662779,-86.59651279
2013,4,6,Weekday,1400,2-Car,No injury/unknown,DRIVER ILLNESS,W RICHLAND PLAZA DR,39.21655923,-86.59484311
2013,1,5,Weekday,1800,2-Car,Non-incapacitating,UNSAFE LANE MOVEMENT,BRIARGATE & SR46,39.21651801,-86.59613201
2013,8,6,Weekday,200,2-Car,No injury/unknown,UNSAFE LANE MOVEMENT,SR46 & UNION VALLEY,39.21607567,-86.59449891
2013,3,5,Weekday,800,2-Car,No injury/unknown,FAILURE TO YIELD RIGHT OF WAY,LYNWEST & UNIONVALLEY RD,39.21584,-86.5928
2013,12,5,Weekday,1300,2-Car,Incapacitating,LEFT OF CENTER,UNION VALLEY RD & W LYNWEST,39.21584,-86.5928
2013,9,5,Weekday,2100,3+ Cars,No injury/unknown,FAILURE TO YIELD RIGHT OF WAY,OUTBACK & SR46,39.21535861,-86.59301239
2013,6,4,Weekday,1700,2-Car,No injury/unknown,UNSAFE BACKING,RATLIFF & THOMAS RD,39.21520002,-86.63040988
2013,3,7,Weekend,1200,2-Car,Incapacitating,UNSAFE LANE MOVEMENT,SR46W & UNION VALLEY,39.215152,-86.5928
2013,3,3,Weekday,700,2-Car,No injury/unknown,DRIVER DISTRACTED - EXPLAIN IN NARRATIVE,SR46 & UNION VALLEY ROAD RD,39.215152,-86.5928
2013,7,3,Weekday,1100,3+ Cars,No injury/unknown,DRIVER DISTRACTED - EXPLAIN IN NARRATIVE,SR46W & UNION VALLEY ROAD,39.215152,-86.5928
2013,9,5,Weekday,700,2-Car,No injury/unknown,FAILURE TO YIELD RIGHT OF WAY,SR46W & UNION VALLEY,39.215152,-86.5928
2013,4,7,Weekend,100,1-Car,No injury/unknown,ANIMAL/OBJECT IN ROADWAY,ACUFF & SR37,39.21514332,-86.55345656
2013,2,2,Weekday,2000,2-Car,No injury/unknown,FAILURE TO YIELD RIGHT OF WAY,SR46W & UNION VALLEY,39.21513482,-86.59267202
2013,8,5,Weekday,800,2-Car,No injury/unknown,UNSAFE LANE MOVEMENT,KINSER & SR37S,39.21496269,-86.55331485
2013,3,3,Weekday,800,1-Car,No injury/unknown,SPEED TOO FAST FOR WEATHER CONDITIONS,BETHEL LN & ROBBS,39.21481982,-86.4679972
2013,1,5,Weekday,900,2-Car,Non-incapacitating,FAILURE TO YIELD RIGHT OF WAY,BETHAL LANE LN & BOLTINGHOUSE ROAD,39.214752,-86.472896
2013,3,1,Weekend,1700,1-Car,No injury/unknown,ANIMAL/OBJECT IN ROADWAY,BETHEL & E BOLTINGHOUSE RD,39.214752,-86.472896
2013,7,4,Weekday,1900,2-Car,No injury/unknown,FAILURE TO YIELD RIGHT OF WAY,E BETHEL & E BOLTINGHOUSE RD,39.214752,-86.472896
2013,3,5,Weekday,2000,2-Car,Non-incapacitating,FOLLOWING TOO CLOSELY,OUTBACK & SR46W,39.21467972,-86.59262847
2013,4,2,Weekday,1300,2-Car,No injury/unknown,DRIVER ILLNESS,OUTBACK & SR46W,39.21467972,-86.59262847
2013,8,4,Weekday,1500,Moped/Motorcycle,No injury/unknown,FOLLOWING TOO CLOSELY,OUTBACK & SR46W,39.21467972,-86.59262847
2013,12,6,Weekday,1600,1-Car,No injury/unknown,ROADWAY SURFACE CONDITION,BRUMMETTS CREEK RD & NORTH MCCOY,39.21457976,-86.39936976
2013,10,5,Weekday,1500,1-Car,No injury/unknown,RAN OFF ROAD RIGHT,HILLCREST & N RIDGEWOOD DR,39.2140616,-86.598
2013,2,2,Weekday,1600,2-Car,No injury/unknown,DISREGARD SIGNAL/REG SIGN,BLUE SPRINGS LANE & SR46E,39.21375275,-86.7153778