Year,Month,Day,Weekend?,Hour,Collision Type,Injury Type,Primary Factor,Reported_Location,Latitude,Longitude
2013,2,6,Weekday,700,1-Car,No injury/unknown,ROADWAY SURFACE CONDITION,FAIRFAX & OLD STATE ROAD 37 RD,39.21284949,-86.53149001
2013,11,4,Weekday,800,2-Car,No injury/unknown,FAILURE TO YIELD RIGHT OF WAY,BETHEL LN & HINKLE,39.21282023,-86.50541022
2013,1,3,Weekday,2000,2-Car,No injury/unknown,FAILURE TO YIELD RIGHT OF WAY,BETHEL & HINKLE RD,39.21280418,-86.50541992
2013,12,6,Weekday,1500,2-Car,No injury/unknown,ROADWAY SURFACE CONDITION,BETHEL & HINKLE RD,39.21280418,-86.50541992
2013,1,4,Weekday,1200,2-Car,No injury/unknown,FAILURE TO YIELD RIGHT OF WAY,E MOORES PIKE,39.212528,-86.496128
2013,8,1,Weekend,1100,2-Car,No injury/unknown,FOLLOWING TOO CLOSELY,OUTBACK & SR46W,39.2125206,-86.59179687
2013,10,7,Weekend,1000,2-Car,No injury/unknown,LEFT OF CENTER,COFFEY & SMITH PIKE,39.21232296,-86.58315002
2013,3,3,Weekday,900,2-Car,Non-incapacitating,FAILURE TO YIELD RIGHT OF WAY,DEER PARK & SR46W,39.21211628,-86.58719271
2013,4,6,Weekday,1500,2-Car,Non-incapacitating,FAILURE TO YIELD RIGHT OF WAY,FORREST PARK & SR46W,39.21206495,-86.58700777
2013,12,2,Weekday,0,2-Car,Non-incapacitating,FAILURE TO YIELD RIGHT OF WAY,FORREST PARK & SR46W,39.21205902,-86.58701324
2013,4,4,Weekday,1700,2-Car,No injury/unknown,OTHER (DRIVER) - EXPLAIN IN NARRATIVE,FOREST PARK & SR46W,39.212048,-86.5872
2013,7,7,Weekend,1900,2-Car,No injury/unknown,FOLLOWING TOO CLOSELY,DEER PARK & SR46W,39.212048,-86.5872
2013,7,6,Weekday,1500,2-Car,Non-incapacitating,FAILURE TO YIELD RIGHT OF WAY,NORTH DEER PARK & SR46E,39.212048,-86.5872
2013,10,7,Weekend,1500,1-Car,No injury/unknown,SPEED TOO FAST FOR WEATHER CONDITIONS,E BETHEL LN & HINKLE,39.21181186,-86.49858633
2013,10,1,Weekend,900,1-Car,No injury/unknown,SPEED TOO FAST FOR WEATHER CONDITIONS,BETHAL & SR45E,39.21171951,-86.46336161
2013,5,6,Weekday,1600,2-Car,No injury/unknown,FAILURE TO YIELD RIGHT OF WAY,SMITH & SR46W,39.21055646,-86.58390563
2013,10,5,Weekday,1800,2-Car,No injury/unknown,IMPROPER TURNING,N SMITH PIKE & W 46,39.210144,-86.5832
2013,12,6,Weekday,200,1-Car,Non-incapacitating,RAN OFF ROAD RIGHT,ARLINGTON & SR46W,39.20998263,-86.58294449
2013,12,2,Weekday,1800,3+ Cars,No injury/unknown,FAILURE TO YIELD RIGHT OF WAY,E BETHEL & SR45E,39.209952,-86.463392
2013,5,6,Weekday,1600,2-Car,No injury/unknown,VIEW OBSTRUCTED,SMITH PIKE & SR46,39.20991579,-86.58276778
2013,6,3,Weekday,1100,2-Car,Non-incapacitating,DISREGARD SIGNAL/REG SIGN,SMITH & SR46,39.20991579,-86.58276778
2013,2,6,Weekday,900,2-Car,No injury/unknown,FOLLOWING TOO CLOSELY,ARLINGTON & SR46E,39.209808,-86.582672
2013,9,6,Weekday,1500,2-Car,No injury/unknown,FOLLOWING TOO CLOSELY,ARLINGTON & SR46W,39.209808,-86.582672
2013,1,4,Weekday,1600,2-Car,Non-incapacitating,FAILURE TO YIELD RIGHT OF WAY,SMITH PIKE & SR46,39.20947444,-86.58310609
2013,10,5,Weekday,1600,2-Car,No injury/unknown,FAILURE TO YIELD RIGHT OF WAY,SR46W & W FORREST PARK,39.20933914,-86.58882904
2013,2,5,Weekday,1500,2-Car,No injury/unknown,FOLLOWING TOO CLOSELY,SR37S & VERNAL,39.20918201,-86.55998992
2013,11,4,Weekday,1500,2-Car,No injury/unknown,DRIVER DISTRACTED - EXPLAIN IN NARRATIVE,HARTSTRAIT & RATLIFF RD,39.20911264,-86.6113738
2013,5,1,Weekend,300,2-Car,No injury/unknown,UNSAFE BACKING,BAUGH RD & BETHEL,39.20885771,-86.48676742
2013,5,7,Weekend,600,1-Car,No injury/unknown,ANIMAL/OBJECT IN ROADWAY,SR37N & W ACUFF,39.20851117,-86.55464797
2013,4,2,Weekday,900,1-Car,No injury/unknown,RAN OFF ROAD RIGHT,ACUFF & KINSER PIKE,39.20835435,-86.54741802
2013,9,1,Weekend,1200,1-Car,No injury/unknown,SPEED TOO FAST FOR WEATHER CONDITIONS,BETHEL & SR45E,39.20830531,-86.46331025
2013,12,7,Weekend,400,1-Car,No injury/unknown,RAN OFF ROAD RIGHT,WEST STATE ROAD 46 HWY,39.20824814,-86.58039093
2013,5,5,Weekday,800,2-Car,Non-incapacitating,SPEED TOO FAST FOR WEATHER CONDITIONS,3525 PROW RD & ACUFF,39.20824,-86.552192
2013,4,4,Weekday,300,2-Car,No injury/unknown,FAILURE TO YIELD RIGHT OF WAY,ACUFF & SR37N,39.20824,-86.554704
2013,10,1,Weekend,1000,Moped/Motorcycle,Non-incapacitating,FAILURE TO YIELD RIGHT OF WAY,ACUFF & SR37N,39.20824,-86.554704
2013,12,2,Weekday,800,2-Car,Incapacitating,FAILURE TO YIELD RIGHT OF WAY,ACUFF & SR37N,39.20824,-86.554704
2013,2,1,Weekend,1000,2-Car,No injury/unknown,FAILURE TO YIELD RIGHT OF WAY,FORREST PARK & SMITH PIKE PIKE,39.20822024,-86.58315002
2013,6,2,Weekday,1700,1-Car,Non-incapacitating,SPEED TOO FAST FOR WEATHER CONDITIONS,FORREST PARK & SMITH PIKE,39.20822024,-86.58315002
2013,8,6,Weekday,1600,2-Car,No injury/unknown,FOLLOWING TOO CLOSELY,N SMITH PIKE & W FORREST PARK,39.20822024,-86.58315002
2013,6,4,Weekday,1700,2-Car,No injury/unknown,SPEED TOO FAST FOR WEATHER CONDITIONS,FORREST PARK & SMITH PIKE,39.20822024,-86.58315002
2013,7,7,Weekend,1700,3+ Cars,Non-incapacitating,FOLLOWING TOO CLOSELY,FORREST PARK & SMITH PIKE,39.20822024,-86.58315002
2013,9,6,Weekday,1700,2-Car,No injury/unknown,UNSAFE SPEED,FORREST PARK & N SMITH PIKE,39.20822024,-86.58315002
2013,5,6,Weekday,1200,1-Car,Non-incapacitating,SPEED TOO FAST FOR WEATHER CONDITIONS,N DUNN & N SR 37 RD,39.208182,-86.52943611
2013,2,4,Weekday,1100,2-Car,No injury/unknown,OTHER (DRIVER) - EXPLAIN IN NARRATIVE,SMITHPIKE CROSSING XING,39.208144,-86.5832
2013,7,6,Weekday,1600,1-Car,No injury/unknown,SPEED TOO FAST FOR WEATHER CONDITIONS,FOREST PARK & N SMITH PIKE,39.208144,-86.5832
2013,10,4,Weekday,1500,2-Car,No injury/unknown,FOLLOWING TOO CLOSELY,FOREST PARK & SMITH PIKE,39.20810568,-86.58315422
2013,8,5,Weekday,1500,1-Car,No injury/unknown,RAN OFF ROAD RIGHT,4000 BLK N OLD STATE RD 37 RD & N DUNN,39.208048,-86.528704
2013,7,6,Weekday,1500,1-Car,Non-incapacitating,ANIMAL/OBJECT IN ROADWAY,DUNN & OLD STATE ROAD 37 N RD,39.208048,-86.528704
2013,10,4,Weekday,500,1-Car,No injury/unknown,SPEED TOO FAST FOR WEATHER CONDITIONS,DUNN & OLD SR 37 HWY,39.208048,-86.528704
2013,10,4,Weekday,2100,1-Car,No injury/unknown,RAN OFF ROAD RIGHT,DUNN & N OLD STATE ROAD 37 RD,39.208048,-86.528704
2013,11,4,Weekday,1900,1-Car,No injury/unknown,SPEED TOO FAST FOR WEATHER CONDITIONS,N DUNN & OLD STATE ROAD 37 RD,39.208048,-86.528704
2013,11,5,Weekday,1100,1-Car,No injury/unknown,SPEED TOO FAST FOR WEATHER CONDITIONS,DUNN & NORTH OLD STATE ROAD 37 RD,39.208048,-86.528704
2013,11,4,Weekday,1500,3+ Cars,No injury/unknown,FOLLOWING TOO CLOSELY,FOREST PARK & SMITH PIKE,39.20797921,-86.5832
2013,11,5,Weekday,600,1-Car,No injury/unknown,ANIMAL/OBJECT IN ROADWAY,ACUFF & SR37N,39.207901,-86.55677032
2013,11,5,Weekday,1500,2-Car,No injury/unknown,IMPROPER PASSING,ACUFF & SR37S,39.207901,-86.55677032
2013,7,7,Weekend,1800,2-Car,No injury/unknown,UNSAFE BACKING,S OLD STATE ROAD 37 RD,39.20786775,-86.52824978
2013,1,1,Weekday,2200,1-Car,No injury/unknown,LEFT OF CENTER,SMITH PIKE & SR46,39.20773413,-86.58315341
2013,2,5,Weekday,1700,2-Car,Non-incapacitating,LEFT OF CENTER,N MOUNT GILLIAD RD & N UPPER BIRDIE GALYAN,39.20765826,-86.42368197
2013,4,4,Weekday,1700,2-Car,No injury/unknown,OTHER (DRIVER) - EXPLAIN IN NARRATIVE,SR46 & SR46W,39.207648,-86.573792
2013,5,2,Weekday,1700,2-Car,No injury/unknown,FAILURE TO YIELD RIGHT OF WAY,SR46 & SR46W,39.207648,-86.573792
2013,5,3,Weekday,1500,3+ Cars,No injury/unknown,DRIVER DISTRACTED - EXPLAIN IN NARRATIVE,SR46 & SR46W,39.207648,-86.573792
2013,10,5,Weekday,1500,2-Car,No injury/unknown,DRIVER DISTRACTED - EXPLAIN IN NARRATIVE,SR46 & SR46W,39.207648,-86.573792
2013,6,3,Weekday,1900,2-Car,No injury/unknown,FOLLOWING TOO CLOSELY,ARLINGTON & SR46W,39.20762703,-86.57987873
2013,5,6,Weekend,2000,1-Car,No injury/unknown,ANIMAL/OBJECT IN ROADWAY,ARLINGTON & SR46W,39.20762703,-86.57996531
2013,4,2,Weekday,2000,1-Car,Non-incapacitating,DRIVER ILLNESS,3500 BLK SOUTH ROCKPORT RD & HENNESSY,39.20741798,-86.55671533
2013,2,4,Weekday,1500,2-Car,No injury/unknown,OTHER (DRIVER) - EXPLAIN IN NARRATIVE,SMITH PIKE & WEST 46,39.20739745,-86.5832
2013,1,4,Weekday,900,2-Car,No injury/unknown,FAILURE TO YIELD RIGHT OF WAY,N OLD STATE RD 37 & N WALNUT ST,39.20704,-86.534704
2013,8,1,Weekend,1600,2-Car,No injury/unknown,IMPROPER TURNING,OLD STATE ROAD 37 & WALNUT ST,39.20704,-86.534704
2013,9,1,Weekend,1800,1-Car,No injury/unknown,SPEED TOO FAST FOR WEATHER CONDITIONS,OLD SR 37 ST & WALNUT,39.20704,-86.534704
2013,10,7,Weekend,1500,2-Car,No injury/unknown,FAILURE TO YIELD RIGHT OF WAY,OLD STATE RD 37 & WALNUT ST,39.20704,-86.534704
2013,6,3,Weekday,900,2-Car,No injury/unknown,OTHER (DRIVER) - EXPLAIN IN NARRATIVE,KINSER PIKE & SR4546W,39.20695017,-86.54271697
2013,10,7,Weekend,1200,2-Car,No injury/unknown,FAILURE TO YIELD RIGHT OF WAY,1700 N WALNUT ST & OLD SR 37,39.20676558,-86.5347187
2013,6,6,Weekday,1500,2-Car,No injury/unknown,UNSAFE BACKING,W STASTE ROAD 46 RD,39.20659952,-86.57143749
2013,3,3,Weekday,1300,2-Car,Incapacitating,LEFT OF CENTER,ACUFF ROAD RD & MAPLE GROVE ROAD,39.206352,-86.557696
2013,9,7,Weekend,900,2-Car,No injury/unknown,IMPROPER TURNING,ACUFF RD & N MAPLE GROVE,39.206352,-86.557696
2013,10,7,Weekend,100,1-Car,No injury/unknown,RAN OFF ROAD RIGHT,ACUFF RD & MAPLE GROVE,39.206352,-86.557696
2013,12,2,Weekday,1200,2-Car,No injury/unknown,FAILURE TO YIELD RIGHT OF WAY,ACUFF RD & MAPLE GROVE,39.206352,-86.557696
2013,1,4,Weekday,1400,2-Car,No injury/unknown,FAILURE TO YIELD RIGHT OF WAY,W SR 46 HWY,39.206312,-86.571312
2013,8,6,Weekday,1200,2-Car,No injury/unknown,FOLLOWING TOO CLOSELY,S STATE RD 46 HWY,39.206312,-86.571312
2013,9,4,Weekday,1100,2-Car,No injury/unknown,DISREGARD SIGNAL/REG SIGN,HARTSTRAIT & SR46W,39.20619965,-86.61134338
2013,10,6,Weekday,900,2-Car,No injury/unknown,VIEW OBSTRUCTED,HARTSTRAIT & SR46W,39.20619965,-86.61134338
2013,10,4,Weekday,1600,2-Car,No injury/unknown,FOLLOWING TOO CLOSELY,HARTSTRAIGHT & SR46W,39.20619965,-86.61134338
2013,6,4,Weekday,1300,2-Car,Non-incapacitating,FAILURE TO YIELD RIGHT OF WAY,ROHRER & WALNUT ST,39.2059222,-86.53134986
2013,6,4,Weekday,1400,2-Car,No injury/unknown,UNSAFE LANE MOVEMENT,ACUFF & SR37,39.20483826,-86.55366582
2013,4,4,Weekday,2000,2-Car,No injury/unknown,FOLLOWING TOO CLOSELY,DUNN & SR4546W,39.20448303,-86.52912139
2013,8,3,Weekday,0,1-Car,No injury/unknown,CELL PHONE USAGE,HEADLY RD & HINKLE,39.20437535,-86.50831326
2013,12,6,Weekday,900,2-Car,No injury/unknown,UNSAFE BACKING,LAW & UNION ST,39.20406993,-86.50966018
2013,1,3,Weekday,1200,2-Car,No injury/unknown,WRONG WAY ON ONE WAY,SR37N & W WHITEHALL CROSSING,39.20361185,-86.5724945
2013,3,6,Weekday,900,Bus,No injury/unknown,OTHER (DRIVER) - EXPLAIN IN NARRATIVE,N KINSER PKWY,39.20304,-86.547392
2013,11,4,Weekday,800,2-Car,No injury/unknown,LEFT OF CENTER,N KINSER PIKE,39.20304,-86.547392
2013,12,5,Weekday,700,2-Car,No injury/unknown,UNSAFE BACKING,N KINSER PIKE,39.20304,-86.547392
2013,8,5,Weekday,1400,3+ Cars,No injury/unknown,LEFT OF CENTER,HARTSTRAIT RD & SEKIU,39.20268014,-86.61131992
2013,11,3,Weekday,800,2-Car,No injury/unknown,FOLLOWING TOO CLOSELY,SMITH & SR46E,39.20220184,-86.58310926
2013,9,1,Weekend,1300,2-Car,Non-incapacitating,DISREGARD SIGNAL/REG SIGN,SMITH & SR46W,39.20220184,-86.58312225
2013,10,4,Weekday,500,1-Car,No injury/unknown,RAN OFF ROAD RIGHT,SMITH PIKE CROSSING ALY,39.20220184,-86.58312225
2013,5,7,Weekend,1400,2-Car,No injury/unknown,,W CLUB HOUSE DR,39.201952,-86.537792
2013,5,7,Weekend,2300,2-Car,No injury/unknown,UNSAFE BACKING,SERENDIPITY DR,39.20188522,-86.48239135
2013,12,1,Weekday,1900,1-Car,No injury/unknown,IMPROPER TURNING,N NORWAY DR & N SMITH,39.20188017,-86.58311985
2013,10,5,Weekday,1100,2-Car,No injury/unknown,OTHER (VEHICLE) - EXPLAIN IN NARRATIVE,THIRTEENTH & WALNUT GRV,39.20157304,-86.52103006
2013,3,6,Weekend,2300,1-Car,No injury/unknown,RAN OFF ROAD RIGHT,WALCOTT & WOODYARD RD,39.20121968,-86.60179171
2013,4,1,Weekend,200,1-Car,No injury/unknown,SPEED TOO FAST FOR WEATHER CONDITIONS,WALNUT STREET PIKE,39.20095325,-86.53521736
2013,1,2,Weekday,1600,2-Car,No injury/unknown,OVERCORRECTING/OVERSTEERING,CLUB HOUSE & KINSER PIKE,39.20082003,-86.54285989
2013,12,5,Weekday,1600,2-Car,No injury/unknown,LEFT OF CENTER,N KINSER PIKE & W CLUBHOUSE,39.20082003,-86.54285989
2013,1,5,Weekday,1400,1-Car,No injury/unknown,RAN OFF ROAD RIGHT,N KINSER PIKE,39.20077896,-86.54376983
2013,8,2,Weekday,700,2-Car,No injury/unknown,UNSAFE LANE MOVEMENT,KINSER PIKE,39.20061493,-86.5491333
2013,8,5,Weekday,1200,2-Car,No injury/unknown,UNSAFE BACKING,KINSER PIKE,39.20061493,-86.5491333
2013,10,3,Weekday,1500,2-Car,Non-incapacitating,LEFT OF CENTER,N KINSER PIKE,39.20061493,-86.5491333
2013,11,5,Weekday,700,2-Car,No injury/unknown,OTHER (DRIVER) - EXPLAIN IN NARRATIVE,N KINSER PIKE,39.20061493,-86.5491333
2013,6,3,Weekday,1700,2-Car,No injury/unknown,FAILURE TO YIELD RIGHT OF WAY,KINSER & SR4546E,39.20059967,-86.54271697
2013,10,2,Weekday,1500,2-Car,Incapacitating,FAILURE TO YIELD RIGHT OF WAY,KINSER & SR46E,39.20059967,-86.54271697
2013,11,4,Weekday,900,2-Car,No injury/unknown,DISREGARD SIGNAL/REG SIGN,KINSER & SR46W,39.20059967,-86.54271697
2013,2,2,Weekday,0,1-Car,No injury/unknown,RAN OFF ROAD RIGHT,HEADLY RD & HINKLE,39.20053715,-86.51415019
2013,10,7,Weekend,1800,1-Car,No injury/unknown,UNSAFE SPEED,HEADLY RD & HINKLE,39.20053715,-86.51415019
2013,2,6,Weekday,800,2-Car,No injury/unknown,OTHER (DRIVER) - EXPLAIN IN NARRATIVE,1469 E 17TH (WESTPARKING LOT) ST & 17TH,39.20047783,-86.513481
2013,11,4,Weekday,1300,1-Car,No injury/unknown,RAN OFF ROAD RIGHT,WALCOTT & WOODYARD RD,39.20033623,-86.6010068
2013,12,7,Weekend,2100,1-Car,No injury/unknown,ANIMAL/OBJECT IN ROADWAY,OLD STATE RD 46 & SR46E,39.2003026,-86.11331563
2013,2,5,Weekday,1800,2-Car,Non-incapacitating,FAILURE TO YIELD RIGHT OF WAY,MAPLE GROVE RD & W ARLINGTON,39.1999336,-86.55979908
2013,10,6,Weekend,1900,1-Car,No injury/unknown,RAN OFF ROAD RIGHT,N MAPLE GROVE & W ARLINGTON RD,39.19990337,-86.5597961
2013,2,5,Weekday,1500,2-Car,No injury/unknown,UNSAFE BACKING,7TH & UNION ST,39.19982592,-86.50945968
2013,4,5,Weekday,1300,2-Car,Non-incapacitating,FAILURE TO YIELD RIGHT OF WAY,MILLER & WALNUT ST,39.19973849,-86.53265006
2013,10,3,Weekday,1800,1-Car,No injury/unknown,SPEED TOO FAST FOR WEATHER CONDITIONS,ARLINGTON & N MAPLE GROVE RD,39.19968,-86.55968
2013,11,5,Weekday,1300,1-Car,No injury/unknown,RAN OFF ROAD RIGHT,3450 NORTH MAPLE GROVE RD RD & ARLINGTON,39.19968,-86.55968
2013,9,5,Weekday,1800,2-Car,Non-incapacitating,SPEED TOO FAST FOR WEATHER CONDITIONS,MOUNT GILEAD & UPPER BIRDIE GALYAN RD,39.19899853,-86.41871029
2013,1,5,Weekday,1800,1-Car,No injury/unknown,RAN OFF ROAD RIGHT,DILLMAN & SR37S,39.1986414,-86.55418395
2013,1,5,Weekday,1900,1-Car,No injury/unknown,RAN OFF ROAD RIGHT,DUNN & KENWOOD PL,39.19851139,-86.52876357
2013,6,1,Weekend,1100,1-Car,Non-incapacitating,ROADWAY SURFACE CONDITION,CLUB HOUSE & NORTH OLD SR 37 RD,39.19824,-86.5368
2013,9,5,Weekday,1500,2-Car,No injury/unknown,FOLLOWING TOO CLOSELY,N KINSER PIKE & WINDING,39.198144,-86.542096
2013,10,3,Weekday,1000,2-Car,No injury/unknown,OTHER (DRIVER) - EXPLAIN IN NARRATIVE,SUNRISE DR & TENTH,39.19802074,-86.51247985
2013,1,5,Weekday,1100,2-Car,No injury/unknown,FAILURE TO YIELD RIGHT OF WAY,LIBERTY DR & SR45W,39.1978658,-86.57777018
2013,9,7,Weekend,2100,1-Car,Non-incapacitating,RAN OFF ROAD RIGHT,N ACUFF & N KINSER PIKE,39.19776276,-86.54749135
2013,12,6,Weekday,800,2-Car,Non-incapacitating,FAILURE TO YIELD RIGHT OF WAY,45 46 & N WALNUT ST,39.19691037,-86.53453968
2013,12,6,Weekday,1300,2-Car,No injury/unknown,SPEED TOO FAST FOR WEATHER CONDITIONS,BLUE RIDGE & WALNUT ST,39.19691004,-86.53452023
2013,7,3,Weekday,1400,2-Car,No injury/unknown,UNSAFE LANE MOVEMENT,SR37 & SR46W,39.19665319,-86.55731999
2013,11,4,Weekday,1100,1-Car,No injury/unknown,ANIMAL/OBJECT IN ROADWAY,RANGE & SR45N,39.19638274,-86.49550628
2013,2,6,Weekday,500,1-Car,No injury/unknown,ROADWAY SURFACE CONDITION,SR37S & VICTOR,39.19594478,-86.56349182
2013,5,3,Weekday,1700,2-Car,Non-incapacitating,UNSAFE LANE MOVEMENT,GORDON & WALNUT ST,39.19535942,-86.53134986
2013,1,2,Weekday,0,1-Car,No injury/unknown,ANIMAL/OBJECT IN ROADWAY,SR37 & SR46W,39.1951508,-86.55579153
2013,10,3,Weekday,0,1-Car,Incapacitating,RAN OFF ROAD RIGHT,HEADLEY RD & MAPLECREST,39.1950292,-86.51242074
2013,2,6,Weekday,900,2-Car,No injury/unknown,UNSAFE SPEED,1001 E 17TH  (BLUE LOT WEST) ST & 17TH,39.19483996,-86.53349103
2013,11,2,Weekday,500,1-Car,No injury/unknown,ANIMAL/OBJECT IN ROADWAY,SR37N & SR4546,39.19469329,-86.55459784
2013,4,7,Weekend,0,1-Car,No injury/unknown,RAN OFF ROAD RIGHT,LOESCH & WOODYARD RD,39.19451413,-86.592344
2013,3,6,Weekday,800,2-Car,No injury/unknown,DRIVER DISTRACTED - EXPLAIN IN NARRATIVE,SR37 & SR46W,39.19434263,-86.55483577
2013,1,5,Weekday,1800,3+ Cars,No injury/unknown,ROADWAY SURFACE CONDITION,SR37 & SR46W,39.194144,-86.554592
2013,3,6,Weekday,1200,2-Car,No injury/unknown,IMPROPER LANE USAGE,SR37 & SR46 W HWY,39.194144,-86.554592
2013,7,2,Weekday,300,Moped/Motorcycle,Non-incapacitating,OTHER (ENVIRONMENTAL) - EXPLAIN IN NARR,SR37N & SR46E,39.194144,-86.554592
2013,7,1,Weekend,1400,2-Car,Incapacitating,FAILURE TO YIELD RIGHT OF WAY,SR37S & SR46W,39.194144,-86.554592
2013,12,5,Weekday,1700,2-Car,No injury/unknown,FOLLOWING TOO CLOSELY,RUSSELL & SR45E,39.19403828,-86.4677375
2013,6,7,Weekend,1800,1-Car,No injury/unknown,RAN OFF ROAD RIGHT,LOESCH & W WOODYARD RD,39.193872,-86.590784
2013,7,4,Weekday,800,2-Car,No injury/unknown,FOLLOWING TOO CLOSELY,N CURRY & SR46W,39.19377136,-86.5711975
2013,11,6,Weekend,2200,1-Car,No injury/unknown,ANIMAL/OBJECT IN ROADWAY,N CURRY & SR46W,39.19377136,-86.57120616
2013,12,2,Weekday,800,1-Car,No injury/unknown,ROADWAY SURFACE CONDITION,N CURRY & SR46W,39.19377136,-86.57128408
2013,11,3,Weekday,700,2-Car,No injury/unknown,UNSAFE SPEED,ARLINGTON & SR37N,39.19345736,-86.554592
2013,3,7,Weekend,0,1-Car,No injury/unknown,RAN OFF ROAD RIGHT,GETTYS CREEK & MT GILEAD RD,39.19344,-86.436288
2013,12,7,Weekend,500,1-Car,No injury/unknown,UNSAFE SPEED,GETTYS CREEK & MOUNT GILLEAD RD,39.19344,-86.436288
2013,6,5,Weekday,1100,2-Car,No injury/unknown,,N BROWNCLIFF LN,39.19333267,-86.51803588
2013,9,6,Weekday,200,1-Car,Non-incapacitating,RAN OFF ROAD RIGHT,LOESCH & WOODYARD RD,39.19323108,-86.5892232
2013,11,6,Weekend,2300,2-Car,No injury/unknown,IMPROPER PASSING,FRITZ & N WALNUT ST,39.19261238,-86.53309648
2013,2,7,Weekend,0,1-Car,No injury/unknown,RAN OFF ROAD RIGHT,ARLINGTON RD & PROW,39.192352,-86.552592
2013,7,2,Weekday,400,1-Car,No injury/unknown,RAN OFF ROAD RIGHT,ARLINGTON RD & PROW,39.192352,-86.552592
2013,10,7,Weekend,1000,Moped/Motorcycle,Non-incapacitating,LEFT OF CENTER,2542 N CASCADE DR & CLOVER TERRECE,39.19213358,-86.53933802
2013,4,3,Weekday,1600,2-Car,No injury/unknown,OTHER (DRIVER) - EXPLAIN IN NARRATIVE,TAMARRACK TRL,39.19189072,-86.52085113
2013,3,2,Weekday,1300,Pedestrian,No injury/unknown,IMPROPER PASSING,JONES & ROSE AVE,39.19172672,-86.51090003
2013,2,4,Weekday,1400,2-Car,No injury/unknown,FAILURE TO YIELD RIGHT OF WAY,JACOB DR & SUSAN,39.19141222,-86.57266996
2013,10,4,Weekday,1100,2-Car,No injury/unknown,DRIVER DISTRACTED - EXPLAIN IN NARRATIVE,DUNN & GLENDORA DR,39.191248,-86.528432
2013,9,6,Weekday,1400,2-Car,No injury/unknown,FAILURE TO YIELD RIGHT OF WAY,FRITZ & N WALNUT ST,39.191248,-86.532896
2013,5,1,Weekend,1800,2-Car,Non-incapacitating,FOLLOWING TOO CLOSELY,2600 BLK N WALNUT ST & FRITZ,39.19105963,-86.53294545
2013,6,6,Weekday,0,Moped/Motorcycle,Non-incapacitating,UNSAFE SPEED,46 & SR37S,39.19084859,-86.55465063
2013,12,4,Weekday,1500,2-Car,No injury/unknown,FAILURE TO YIELD RIGHT OF WAY,SMITH & WOODYARD RD,39.1906397,-86.58308029
2013,12,2,Weekday,400,1-Car,No injury/unknown,SPEED TOO FAST FOR WEATHER CONDITIONS,MARTHA & SR46E,39.19036642,-86.5319519
2013,8,7,Weekend,1100,2-Car,No injury/unknown,DRIVER DISTRACTED - EXPLAIN IN NARRATIVE,OBRIEN PL & STONEYCREST,39.19028995,-86.54395021
2013,11,4,Weekday,300,3+ Cars,Non-incapacitating,FAILURE TO YIELD RIGHT OF WAY,CURRY PIKE & WOODYARD,39.19028029,-86.58252976
2013,3,3,Weekday,1700,2-Car,No injury/unknown,DRIVER DISTRACTED - EXPLAIN IN NARRATIVE,CURRY PIKE & WOODYARD,39.19025117,-86.58254201
2013,8,3,Weekday,700,3+ Cars,No injury/unknown,FOLLOWING TOO CLOSELY,KINSER PIKE & W SKYLINE,39.19001387,-86.53773267
2013,11,1,Weekend,600,1-Car,No injury/unknown,ANIMAL/OBJECT IN ROADWAY,E GLENDORA & N WALNUT ST,39.189968,-86.533232
2013,6,5,Weekday,2200,2-Car,No injury/unknown,IMPROPER TURNING,WALNUT ST,39.18961577,-86.53335951
2013,6,7,Weekend,600,2-Car,No injury/unknown,FAILURE TO YIELD RIGHT OF WAY,OLD SR 37 N & SR37N,39.18955883,-86.53527832
2013,9,6,Weekday,200,1-Car,No injury/unknown,ANIMAL/OBJECT IN ROADWAY,CURRY & WOODYARD RD,39.18948198,-86.57982113
2013,1,5,Weekday,2200,2-Car,No injury/unknown,ROADWAY SURFACE CONDITION,FOSTER DR & LAW,39.18945555,-86.51666007
2013,3,7,Weekend,300,1-Car,No injury/unknown,RAN OFF ROAD RIGHT,S WALNUT ST,39.18940963,-86.53339331
2013,12,3,Weekday,700,1-Car,No injury/unknown,RAN OFF ROAD RIGHT,N STARNES & W HOWARD RD,39.18934017,-86.66065364
2013,2,5,Weekday,900,2-Car,No injury/unknown,LEFT OF CENTER,SOUTH LIBERTY DR,39.189248,-86.531472
2013,3,7,Weekend,1500,2-Car,No injury/unknown,FAILURE TO YIELD RIGHT OF WAY,LIBERTY DR,39.189248,-86.531472
2013,4,2,Weekday,1100,2-Car,No injury/unknown,UNSAFE BACKING,S LIBERTY DR,39.189248,-86.531472
2013,5,2,Weekday,800,3+ Cars,No injury/unknown,DRIVER ASLEEP OR FATIGUED,S LIBERTY DR,39.189248,-86.531472
2013,1,6,Weekday,1500,2-Car,No injury/unknown,DRIVER DISTRACTED - EXPLAIN IN NARRATIVE,GILBERT & N WALNUT ST,39.189248,-86.53344
2013,1,3,Weekday,0,1-Car,Non-incapacitating,RAN OFF ROAD RIGHT,HOWARD RD & STARNES,39.18920404,-86.65717506