Year,Month,Day,Weekend?,Hour,Collision Type,Injury Type,Primary Factor,Reported_Location,Latitude,Longitude
2013,8,7,Weekend,800,1-Car,Non-incapacitating,OVERCORRECTING/OVERSTEERING,THOMAS & VERNAL PIKE,39.18903012,-86.63000869
2013,7,3,Weekday,1600,1-Car,No injury/unknown,RAN OFF ROAD RIGHT,COUNTRY CLUB & MILTON DR,39.188924,-86.53937973
2013,3,4,Weekday,1700,1-Car,No injury/unknown,SPEED TOO FAST FOR WEATHER CONDITIONS,E COMMODORE TRL,39.18871307,-86.48529052
2013,7,2,Weekday,2200,1-Car,No injury/unknown,UNSAFE SPEED,HEADLEY RD & MAPLECREST,39.18866935,-86.5144
2013,2,6,Weekday,1000,1-Car,No injury/unknown,RAN OFF ROAD RIGHT,N ORRIS DR & W COTTAGE GROVE,39.1884748,-86.54492989
2013,5,5,Weekday,0,2-Car,No injury/unknown,FAILURE TO YIELD RIGHT OF WAY,KINSER & PARRISH RD,39.18807015,-86.53777535
2013,3,7,Weekend,900,2-Car,No injury/unknown,UNSAFE BACKING,W RAPPEL AVE,39.18768311,-86.54618835
2013,10,7,Weekend,1300,1-Car,No injury/unknown,BRAKE FAILURE OR DEFECTIVE,LOESCH RD,39.18765843,-86.59259073
2013,1,6,Weekday,1800,2-Car,No injury/unknown,UNSAFE BACKING,N KINSER PIKE,39.18763351,-86.53923797
2013,5,7,Weekend,1600,2-Car,No injury/unknown,UNSAFE BACKING,NORTH KINSER PIKE,39.18763351,-86.53923797
2013,9,1,Weekend,1800,2-Car,No injury/unknown,,KINSER PIKE,39.18763351,-86.53923797
2013,4,2,Weekday,1700,2-Car,No injury/unknown,FOLLOWING TOO CLOSELY,10TH & SR4546E,39.18753735,-86.52827453
2013,1,2,Weekday,1100,2-Car,No injury/unknown,FAILURE TO YIELD RIGHT OF WAY,SR37 & SR45W,39.187344,-86.5552
2013,2,2,Weekday,800,2-Car,No injury/unknown,FOLLOWING TOO CLOSELY,SR37 & SR45W,39.187344,-86.5552
2013,3,4,Weekday,1300,2-Car,Non-incapacitating,FAILURE TO YIELD RIGHT OF WAY,SR37 & SR45W,39.187344,-86.5552
2013,4,7,Weekend,1000,2-Car,No injury/unknown,FOLLOWING TOO CLOSELY,SR37 & STATE ROAD 45 HWY,39.187344,-86.5552
2013,7,2,Weekday,1700,2-Car,Non-incapacitating,FOLLOWING TOO CLOSELY,SR37 & W 45 RD,39.187344,-86.5552
2013,11,6,Weekday,1700,1-Car,Non-incapacitating,OTHER (DRIVER) - EXPLAIN IN NARRATIVE,RAMP 9 RAMP,39.1872294,-86.55509949
2013,6,5,Weekday,1200,1-Car,No injury/unknown,OVERSIZE/OVERWEIGHT LOAD,SR37 & SR45W,39.18719976,-86.55167597
2013,12,1,Weekend,1800,2-Car,No injury/unknown,SPEED TOO FAST FOR WEATHER CONDITIONS,SR37 & SR46,39.18713206,-86.55800568
2013,4,1,Weekend,1800,Moped/Motorcycle,Non-incapacitating,OTHER (ENVIRONMENTAL) - EXPLAIN IN NARR,45 46 & NB 37 RAMP,39.18712961,-86.55806065
2013,1,5,Weekday,1800,2-Car,Non-incapacitating,FOLLOWING TOO CLOSELY,MONROE & SR46W,39.18712742,-86.55032137
2013,3,7,Weekend,100,1-Car,No injury/unknown,ANIMAL/OBJECT IN ROADWAY,MONROE & SR4546W,39.186944,-86.5468
2013,9,1,Weekday,2200,1-Car,No injury/unknown,ANIMAL/OBJECT IN ROADWAY,ARLINGTON & SR37N,39.18693924,-86.55130767
2013,11,5,Weekday,900,2-Car,No injury/unknown,FOLLOWING TOO CLOSELY,ARLINGTON & SR46W,39.18693924,-86.55133364
2013,7,6,Weekday,1600,1-Car,No injury/unknown,RAN OFF ROAD RIGHT,N STONELAKE DR & W SR 45 46,39.18691963,-86.54664811
2013,5,3,Weekday,1600,2-Car,Non-incapacitating,FAILURE TO YIELD RIGHT OF WAY,45 46 BYP & MONROE,39.18679791,-86.54665985
2013,12,6,Weekend,2300,1-Car,Non-incapacitating,RAN OFF ROAD RIGHT,HARTSTRAIT RD & VERNAL,39.186752,-86.611504
2013,9,4,Weekday,2000,1-Car,No injury/unknown,ANIMAL/OBJECT IN ROADWAY,MCMULLEN & W VERNAL PIKE,39.18672033,-86.60840666
2013,10,2,Weekday,900,2-Car,No injury/unknown,OTHER (ENVIRONMENTAL) - EXPLAIN IN NARR,14TH & INDIANA AVE,39.18668773,-86.52701005
2013,5,5,Weekday,2300,1-Car,No injury/unknown,ANIMAL/OBJECT IN ROADWAY,SR46,39.18667644,-86.55956032
2013,10,6,Weekday,1000,3+ Cars,Fatal,FAILURE TO YIELD RIGHT OF WAY,45 46 BYP & KINSER,39.18657245,-86.53763294
2013,12,4,Weekday,1900,2-Car,Non-incapacitating,OTHER (DRIVER) - EXPLAIN IN NARRATIVE,NORTH KINSER & SR46E,39.18656757,-86.53841652
2013,9,6,Weekday,1500,2-Car,No injury/unknown,FOLLOWING TOO CLOSELY,KINSER & SR45W,39.18655971,-86.53824035
2013,11,2,Weekday,1800,2-Car,No injury/unknown,FAILURE TO YIELD RIGHT OF WAY,JONES & JORDAN AVE,39.18654943,-86.51640996
2013,6,3,Weekday,1800,2-Car,Non-incapacitating,UNSAFE LANE MOVEMENT,KINSER PIKE & SR4546,39.186544,-86.537888
2013,7,1,Weekend,1700,1-Car,Non-incapacitating,OVERCORRECTING/OVERSTEERING,NORTH KINSER & SR4546E,39.186544,-86.537888
2013,8,5,Weekday,1500,2-Car,No injury/unknown,DRIVER DISTRACTED - EXPLAIN IN NARRATIVE,KINSER & SR46W,39.186544,-86.537888
2013,9,6,Weekday,1400,2-Car,No injury/unknown,FOLLOWING TOO CLOSELY,KINSER & SR45E,39.186544,-86.537888
2013,9,6,Weekend,2200,2-Car,Non-incapacitating,FAILURE TO YIELD RIGHT OF WAY,KINSER & SR46W,39.186544,-86.537888
2013,10,7,Weekend,1900,2-Car,No injury/unknown,IMPROPER TURNING,N KINSER PIKE & SR4546,39.186544,-86.537888
2013,11,3,Weekday,1300,2-Car,Non-incapacitating,DISREGARD SIGNAL/REG SIGN,KINSER & STATE ROAD 45 46 BYP,39.186544,-86.537888
2013,11,3,Weekday,1900,2-Car,No injury/unknown,FOLLOWING TOO CLOSELY,KINSER & SR46E,39.186544,-86.537888
2013,12,4,Weekday,1800,2-Car,No injury/unknown,DRIVER DISTRACTED - EXPLAIN IN NARRATIVE,KINSER & SR46E,39.186544,-86.537888
2013,12,4,Weekday,1800,Pedestrian,Non-incapacitating,FOLLOWING TOO CLOSELY,KINSER & STATE ROAD 45 46 BYP,39.186544,-86.537888
2013,2,6,Weekday,1500,2-Car,No injury/unknown,FOLLOWING TOO CLOSELY,ARLINGTON RD & GOURLEY,39.186544,-86.551168
2013,12,4,Weekday,700,3+ Cars,No injury/unknown,FOLLOWING TOO CLOSELY,KINSER & SR46E,39.18653339,-86.53771207
2013,10,1,Weekend,1100,2-Car,No injury/unknown,SPEED TOO FAST FOR WEATHER CONDITIONS,SR45S & TENTH,39.18649879,-86.53102874
2013,11,1,Weekend,0,1-Car,No injury/unknown,,W GOURLEY PIKE,39.18647506,-86.54545847
2013,10,5,Weekday,1300,1-Car,Non-incapacitating,RAN OFF ROAD RIGHT,THOMAS & VERNAL PIKE,39.18646982,-86.63578101
2013,9,4,Weekday,800,2-Car,No injury/unknown,RAN OFF ROAD RIGHT,W GOURLEY PIKE,39.18644931,-86.5469022
2013,5,5,Weekday,400,1-Car,No injury/unknown,ANIMAL/OBJECT IN ROADWAY,MONROE & SR4546E,39.18642044,-86.54669849
2013,12,1,Weekday,2200,Pedestrian,Non-incapacitating,SPEED TOO FAST FOR WEATHER CONDITIONS,N MONROE & W GOURLEY PIKE,39.18641798,-86.54671631
2013,2,2,Weekday,1600,2-Car,No injury/unknown,OTHER (VEHICLE) - EXPLAIN IN NARRATIVE,EAST 45 46 BYP,39.18637365,-86.53420172
2013,1,2,Weekday,2100,3+ Cars,No injury/unknown,FOLLOWING TOO CLOSELY,HIGHWAY 46 BYP & WALNUT,39.186368,-86.5344
2013,6,1,Weekend,1300,2-Car,No injury/unknown,UNSAFE LANE MOVEMENT,SR45 & WALNUT ST,39.186368,-86.5344
2013,4,4,Weekday,1000,2-Car,No injury/unknown,FOLLOWING TOO CLOSELY,N WALNUT & SR4546E,39.186368,-86.5344
2013,6,6,Weekday,800,2-Car,Non-incapacitating,FOLLOWING TOO CLOSELY,N WALNUT ST & SR4546,39.186368,-86.5344
2013,7,3,Weekday,1200,2-Car,No injury/unknown,FAILURE TO YIELD RIGHT OF WAY,N WALNUT ST & SR 45 46 BYPASS,39.186368,-86.5344
2013,9,1,Weekend,400,2-Car,Non-incapacitating,DISREGARD SIGNAL/REG SIGN,N WALNUT & SR4546W,39.186368,-86.5344
2013,11,2,Weekday,1000,2-Car,Non-incapacitating,FOLLOWING TOO CLOSELY,ST RD 45 46 BYP & WALNUT,39.186368,-86.5344
2013,6,2,Weekday,1800,2-Car,No injury/unknown,FOLLOWING TOO CLOSELY,SR46W & WALNUT,39.18636592,-86.53404709
2013,2,6,Weekend,2100,2-Car,No injury/unknown,UNSAFE BACKING,W SR 45 HWY,39.18636,-86.533048
2013,2,4,Weekday,1600,2-Car,No injury/unknown,UNSAFE BACKING,W SR 45 HWY,39.18636,-86.533048
2013,3,7,Weekend,1300,2-Car,No injury/unknown,UNSAFE BACKING,WEST STATE ROAD 45 HWY,39.18636,-86.533048
2013,5,5,Weekday,1500,2-Car,No injury/unknown,IMPROPER LANE USAGE,W SR 45 HWY,39.18636,-86.533048
2013,8,3,Weekday,1600,2-Car,No injury/unknown,UNSAFE BACKING,SR45W,39.18636,-86.533048
2013,8,7,Weekend,1800,2-Car,No injury/unknown,IMPROPER TURNING,W STATE ROAD 45,39.18636,-86.533048
2013,10,5,Weekday,1200,2-Car,No injury/unknown,FAILURE TO YIELD RIGHT OF WAY,W SR 45 RD,39.18636,-86.533048
2013,12,3,Weekday,2000,2-Car,Non-incapacitating,FOLLOWING TOO CLOSELY,N DUNN & SR46E,39.18635202,-86.52779016
2013,12,2,Weekday,500,1-Car,No injury/unknown,ROADWAY SURFACE CONDITION,MILO B SAMPSON LN & SR 45 46,39.186352,-86.522192
2013,1,5,Weekday,1800,2-Car,No injury/unknown,SPEED TOO FAST FOR WEATHER CONDITIONS,4546 & DUNN ST,39.186352,-86.528496
2013,9,7,Weekend,1100,2-Car,No injury/unknown,DISREGARD SIGNAL/REG SIGN,DUNN & SR46E,39.186352,-86.528496
2013,10,5,Weekday,1500,2-Car,No injury/unknown,SPEED TOO FAST FOR WEATHER CONDITIONS,DUNN & SR4546E,39.186352,-86.528496
2013,4,6,Weekday,1200,2-Car,No injury/unknown,FAILURE TO YIELD RIGHT OF WAY,N COLLEGE & SR4546E,39.186352,-86.534704
2013,7,6,Weekend,1900,Moped/Motorcycle,Non-incapacitating,UNSAFE SPEED,COLLEGE & OLD SR 37,39.186352,-86.534704
2013,8,3,Weekday,2200,1-Car,No injury/unknown,RAN OFF ROAD RIGHT,COLLEGE & OLD SR 37 RD,39.186352,-86.534704
2013,8,6,Weekday,1800,2-Car,No injury/unknown,UNSAFE LANE MOVEMENT,COLLEGE & SR46E,39.186352,-86.534704
2013,12,3,Weekday,1800,2-Car,No injury/unknown,FOLLOWING TOO CLOSELY,N WALNUT & STATE RD 45 46 BYP,39.18633007,-86.53453968
2013,9,4,Weekday,1500,2-Car,No injury/unknown,OTHER (DRIVER) - EXPLAIN IN NARRATIVE,MATLOCK & SR4545E,39.18632126,-86.5284143
2013,1,5,Weekday,1800,2-Car,No injury/unknown,SPEED TOO FAST FOR WEATHER CONDITIONS,45 46 BYP & DUNN,39.18632001,-86.52842022
2013,12,6,Weekday,800,2-Car,No injury/unknown,FAILURE TO YIELD RIGHT OF WAY,MARTHA & ST RD 45 46 BYP,39.18632001,-86.53164021
2013,5,7,Weekend,1100,2-Car,Non-incapacitating,FOLLOWING TOO CLOSELY,DUNN & SR46,39.18630288,-86.52839688
2013,10,6,Weekday,1600,2-Car,No injury/unknown,FOLLOWING TOO CLOSELY,DUNN ST & SR46,39.18630288,-86.52839688
2013,12,4,Weekday,1700,2-Car,No injury/unknown,FOLLOWING TOO CLOSELY,DUNN ST & SR46,39.18630288,-86.52839688
2013,12,6,Weekend,2100,2-Car,No injury/unknown,FOLLOWING TOO CLOSELY,DUNN ST & SR46,39.18630288,-86.52839688
2013,9,6,Weekday,1500,1-Car,No injury/unknown,SPEED TOO FAST FOR WEATHER CONDITIONS,COLLEGE & WALNUT ST,39.18629379,-86.53455208
2013,11,7,Weekend,1500,2-Car,No injury/unknown,FAILURE TO YIELD RIGHT OF WAY,SR45 & WALNUT,39.18629379,-86.53455208
2013,8,2,Weekday,1500,2-Car,Non-incapacitating,FAILURE TO YIELD RIGHT OF WAY,N MILO B SAMPSON & SR46,39.18623663,-86.52222917
2013,12,7,Weekend,900,1-Car,No injury/unknown,SPEED TOO FAST FOR WEATHER CONDITIONS,FEE & SR46E,39.18616889,-86.52088402
2013,12,2,Weekday,600,2-Car,No injury/unknown,SPEED TOO FAST FOR WEATHER CONDITIONS,W OLD VERNAL & W VERNAL PIKE,39.18611012,-86.59628011
2013,11,3,Weekday,1700,2-Car,Non-incapacitating,FOLLOWING TOO CLOSELY,4546 & SR4546S,39.18599865,-86.51969433
2013,9,3,Weekday,1300,2-Car,No injury/unknown,UNSAFE BACKING,E STATE ROAD 45 46 BYP,39.18597794,-86.5307846
2013,8,1,Weekend,1100,2-Car,No injury/unknown,OVERCORRECTING/OVERSTEERING,FEE & SR46,39.18587599,-86.51907397
2013,9,2,Weekday,700,2-Car,No injury/unknown,OTHER (VEHICLE) - EXPLAIN IN NARRATIVE,N KINSER PIKE,39.18584,-86.537872
2013,1,3,Weekday,800,2-Car,No injury/unknown,FOLLOWING TOO CLOSELY,FAIRVIEW & PATTERSON DR,39.18554434,-86.5410903
2013,12,1,Weekend,1700,2-Car,No injury/unknown,LEFT OF CENTER,GETTYS CREEK & SR46E,39.18532944,-86.42052223
2013,1,7,Weekend,1600,Bus,No injury/unknown,FAILURE TO YIELD RIGHT OF WAY,W GOURLEY PIKE,39.185232,-86.54060206
2013,2,7,Weekend,2200,2-Car,No injury/unknown,IMPROPER TURNING,W GOURLEY PIKE,39.185232,-86.54060206
2013,4,5,Weekday,2300,1-Car,No injury/unknown,RAN OFF ROAD RIGHT,W GOURLEY PIKE,39.185232,-86.54060206
2013,9,1,Weekend,1200,Bus,No injury/unknown,UNSAFE BACKING,W GOURLEY PIKE,39.185232,-86.54060206
2013,11,5,Weekday,200,Moped/Motorcycle,Non-incapacitating,RAN OFF ROAD RIGHT,W GOURLEY PIKE,39.185232,-86.54060206
2013,11,1,Weekend,600,1-Car,No injury/unknown,RAN OFF ROAD RIGHT,W GOURLEY PIKE,39.1852192,-86.541616
2013,9,4,Weekday,1600,2-Car,No injury/unknown,UNSAFE BACKING,W CASCADE AVE,39.18518476,-86.54393211
2013,10,3,Weekday,1600,2-Car,No injury/unknown,SPEED TOO FAST FOR WEATHER CONDITIONS,GOURLEY & W GOURLEY PIKE,39.185152,-86.535296
2013,2,7,Weekend,1900,1-Car,Non-incapacitating,STEERING FAILURE,GOURLEY PIKE & KINSER,39.18509471,-86.53686857
2013,3,2,Weekday,900,2-Car,No injury/unknown,FAILURE TO YIELD RIGHT OF WAY,GOURLEY & KINSER PIKE,39.18506004,-86.53777979
2013,7,2,Weekday,1700,1-Car,No injury/unknown,RAN OFF ROAD RIGHT,GOURLEY PIKE & KINSER,39.18506004,-86.53777979
2013,10,3,Weekday,0,2-Car,No injury/unknown,LEFT OF CENTER,N FEE & SR46E,39.18504585,-86.51656815
2013,3,6,Weekday,900,2-Car,No injury/unknown,BRAKE FAILURE OR DEFECTIVE,W GOURLEY PIKE,39.18503523,-86.54018439
2013,5,4,Weekday,400,2-Car,No injury/unknown,UNSAFE BACKING,GOURLEY PIKE,39.18503523,-86.54018439
2013,11,1,Weekend,100,2-Car,No injury/unknown,DRIVER DISTRACTED - EXPLAIN IN NARRATIVE,WEST GOURLEY PIKE,39.18503523,-86.54018439
2013,4,7,Weekend,2300,2-Car,No injury/unknown,LEFT OF CENTER,N FEE & N JORDAN AVE,39.18384,-86.5192
2013,3,3,Weekday,1300,2-Car,No injury/unknown,DRIVER DISTRACTED - EXPLAIN IN NARRATIVE,FISHER & NORTH JORDAN EXTENSION AVE,39.18377079,-86.51688355
2013,1,1,Weekend,1400,2-Car,Non-incapacitating,FAILURE TO YIELD RIGHT OF WAY,FISHER & JORDAN AVE,39.1837699,-86.51685557
2013,4,1,Weekend,300,1-Car,Non-incapacitating,RAN OFF ROAD RIGHT,SR37N,39.18373669,-86.55608654
2013,10,6,Weekday,900,1-Car,No injury/unknown,OVERCORRECTING/OVERSTEERING,N DUNN & SR37N,39.18363953,-86.52833887
2013,8,5,Weekday,1600,2-Car,Non-incapacitating,DISREGARD SIGNAL/REG SIGN,DUNN & SR46E,39.18363953,-86.5283432
2013,10,5,Weekday,1200,3+ Cars,No injury/unknown,FOLLOWING TOO CLOSELY,DUNN & SR46E,39.18363953,-86.5283432
2013,6,2,Weekday,900,2-Car,No injury/unknown,UNSAFE BACKING,SOUTH WALNUT ST,39.18350109,-86.53424
2013,6,5,Weekday,2300,2-Car,No injury/unknown,UNSAFE BACKING,WALNUT ST,39.18347943,-86.53423289
2013,6,5,Weekday,400,2-Car,No injury/unknown,OTHER (DRIVER) - EXPLAIN IN NARRATIVE,AMARYLLIS DR,39.18336488,-86.53938174
2013,2,6,Weekday,1100,2-Car,No injury/unknown,FAILURE TO YIELD RIGHT OF WAY,OLD SR 37 & WALNUT ST,39.18336019,-86.53415009
2013,4,5,Weekday,1700,2-Car,Non-incapacitating,FAILURE TO YIELD RIGHT OF WAY,OLD STATE ROAD 37 & WALNUT ST,39.18336019,-86.53415009
2013,10,7,Weekend,2300,2-Car,No injury/unknown,IMPROPER TURNING,SR OLD 37 & WALNUT ST,39.18336019,-86.53415009
2013,8,6,Weekday,1200,2-Car,No injury/unknown,FAILURE TO YIELD RIGHT OF WAY,SR46 BYP,39.18328705,-86.511731
2013,1,5,Weekday,2200,2-Car,No injury/unknown,OTHER (ENVIRONMENTAL) - EXPLAIN IN NARR,VARSITY LN,39.18325043,-86.52952575
2013,1,1,Weekend,1200,2-Car,No injury/unknown,OTHER (ENVIRONMENTAL) - EXPLAIN IN NARR,NORTH DUNN ST,39.18313757,-86.52827404
2013,6,2,Weekday,700,1-Car,No injury/unknown,ANIMAL/OBJECT IN ROADWAY,E BALFOUR & SR46,39.18312766,-86.51147092
2013,9,2,Weekday,0,2-Car,No injury/unknown,,17TH & JORDAN AVE,39.18306125,-86.51093021
2013,1,6,Weekday,900,2-Car,No injury/unknown,SPEED TOO FAST FOR WEATHER CONDITIONS,DUNN ST & VARSITY,39.1830001,-86.5283297
2013,8,5,Weekday,1600,2-Car,Non-incapacitating,FOLLOWING TOO CLOSELY,DUNN ST & VARSITY,39.1830001,-86.5283297
2013,9,3,Weekday,1200,1-Car,No injury/unknown,OBSTRUCTION NOT MARKED,DUNN ST & VARSITY,39.1830001,-86.5283297
2013,8,5,Weekday,900,2-Car,No injury/unknown,,E VARSITY LN,39.182976,-86.528416
2013,8,5,Weekday,1000,Pedestrian,Non-incapacitating,OTHER (DRIVER) - EXPLAIN IN NARRATIVE,ARLINGTON VALLEY DR & NORTH WILLIS,39.1828,-86.544032
2013,11,7,Weekend,400,1-Car,No injury/unknown,UNSAFE SPEED,INDUSTRIAL PARK DR & VERNAL,39.18268927,-86.56205981
2013,9,6,Weekend,2200,2-Car,No injury/unknown,OTHER (DRIVER) - EXPLAIN IN NARRATIVE,WALNUT ST,39.18250456,-86.53403207
2013,10,6,Weekday,500,1-Car,No injury/unknown,ANIMAL/OBJECT IN ROADWAY,GETTYS CREEK RD & KERR CREEK,39.18244668,-86.41684032
2013,11,1,Weekend,800,2-Car,No injury/unknown,OTHER (DRIVER) - EXPLAIN IN NARRATIVE,N FEE LN,39.18242962,-86.51914028
2013,3,3,Weekday,2300,2-Car,No injury/unknown,UNSAFE SPEED,BALFOUR & NORTH JORDAN AVE,39.18241002,-86.51259988
2013,11,6,Weekday,1800,2-Car,Non-incapacitating,DRIVER ASLEEP OR FATIGUED,EAST 17TH & FEE LN,39.18232313,-86.5191617
2013,4,3,Weekday,1600,3+ Cars,No injury/unknown,UNSAFE LANE MOVEMENT,CURRY PIKE & VERNAL,39.1820853,-86.58309302
2013,12,2,Weekday,1400,2-Car,No injury/unknown,UNSAFE BACKING,KINSER PIKE,39.18201707,-86.53771005
2013,6,5,Weekday,1200,Moped/Motorcycle,No injury/unknown,OTHER (VEHICLE) - EXPLAIN IN NARRATIVE,WALNUT ST,39.18183804,-86.53387784
2013,4,4,Weekday,0,2-Car,No injury/unknown,UNSAFE BACKING,20TH ST & WASHINGTON,39.18179981,-86.53231009
2013,10,3,Weekday,2000,2-Car,No injury/unknown,UNSAFE BACKING,N COLLEGE AVE,39.18157757,-86.53471023
2013,3,3,Weekday,2000,2-Car,No injury/unknown,OTHER (DRIVER) - EXPLAIN IN NARRATIVE,E 19TH ST & N WALNUT,39.181552,-86.5336
2013,4,5,Weekday,2300,1-Car,No injury/unknown,SPEED TOO FAST FOR WEATHER CONDITIONS,19TH & WALNUT ST,39.181552,-86.5336
2013,11,1,Weekend,1200,1-Car,No injury/unknown,SPEED TOO FAST FOR WEATHER CONDITIONS,S BASSWOOD DR & W BLOOMFIELD,39.1814916,-86.56889006
2013,12,4,Weekday,2000,1-Car,No injury/unknown,UNSAFE BACKING,N RANGE RD,39.1814028,-86.49475391
2013,5,5,Weekday,1200,1-Car,No injury/unknown,RAN OFF ROAD RIGHT,ORD RD & VERNAL,39.181344,-86.637104
2013,6,3,Weekday,1200,2-Car,Non-incapacitating,DRIVER DISTRACTED - EXPLAIN IN NARRATIVE,2480 CURRY PIKE & VERNAL,39.18130772,-86.5831625
2013,7,3,Weekday,1300,2-Car,No injury/unknown,UNSAFE BACKING,E 19TH ST & N WASHINGTON,39.18128,-86.531792
2013,11,3,Weekday,1400,2-Car,No injury/unknown,FAILURE TO YIELD RIGHT OF WAY,BLOOMFIELD & LANDMARK AVE,39.18108618,-86.55382007
2013,5,7,Weekend,1600,Moped/Motorcycle,No injury/unknown,UNSAFE SPEED,N ARLINGTON PARK DR,39.18108369,-86.54917498
2013,2,3,Weekday,1200,2-Car,Non-incapacitating,FAILURE TO YIELD RIGHT OF WAY,E 19TH & N DUNN ST,39.18104,-86.5284
2013,4,6,Weekday,1300,2-Car,No injury/unknown,FAILURE TO YIELD RIGHT OF WAY,19TH ST & DUNN,39.18104,-86.5284
2013,8,5,Weekday,1900,Cyclist,Non-incapacitating,FAILURE TO YIELD RIGHT OF WAY,E 19TH & N DUNN ST,39.18104,-86.5284
2013,12,1,Weekend,100,1-Car,No injury/unknown,OTHER (DRIVER) - EXPLAIN IN NARRATIVE,NORTH JORDAN AVE,39.18101883,-86.51049804
2013,12,6,Weekday,200,1-Car,Non-incapacitating,SPEED TOO FAST FOR WEATHER CONDITIONS,DUNN & NINETEENTH ST,39.1810143,-86.52832197
2013,5,5,Weekday,1200,1-Car,Non-incapacitating,OTHER (DRIVER) - EXPLAIN IN NARRATIVE,N COLLEGE AVE,39.18097484,-86.53471248
2013,7,2,Weekday,1500,2-Car,No injury/unknown,UNSAFE LANE MOVEMENT,MCNUTT CIRCLE DR & N FEE,39.18077087,-86.51912256
2013,12,3,Weekday,1900,2-Car,Non-incapacitating,FOLLOWING TOO CLOSELY,FEE & SR46W,39.18077087,-86.51912689
2013,2,3,Weekday,1500,2-Car,No injury/unknown,FAILURE TO YIELD RIGHT OF WAY,FEE & SR4546E,39.18077087,-86.51913452
2013,2,1,Weekend,1400,2-Car,No injury/unknown,IMPROPER TURNING,1ST & COLLEGE AVE,39.1805159,-86.53499029
2013,7,1,Weekend,700,1-Car,No injury/unknown,ANIMAL/OBJECT IN ROADWAY,EAST 17TH & SR46,39.18049191,-86.50791551
2013,10,1,Weekend,200,2-Car,No injury/unknown,UNSAFE BACKING,N JORDAN AVE,39.18048859,-86.5116806
2013,1,6,Weekend,2000,2-Car,No injury/unknown,UNSAFE BACKING,N WILLIS DR,39.18045807,-86.54541015
2013,5,4,Weekday,1900,2-Car,No injury/unknown,UNSAFE BACKING,N WILLIS DR,39.18045807,-86.54541015
2013,10,5,Weekday,0,3+ Cars,No injury/unknown,OTHER (DRIVER) - EXPLAIN IN NARRATIVE,N WILLIS DR,39.18045807,-86.54541015
2013,9,7,Weekend,1200,3+ Cars,Non-incapacitating,DRIVER DISTRACTED - EXPLAIN IN NARRATIVE,S GATES DR & W 3RD,39.18045175,-86.57619975
2013,3,5,Weekday,1800,1-Car,No injury/unknown,UNSAFE BACKING,NORTH JACKSON ST,39.18040363,-86.53992675
2013,1,2,Weekday,1500,2-Car,No injury/unknown,,W MARBLE LN,39.18040104,-86.54064305
2013,1,4,Weekday,2300,2-Car,No injury/unknown,UNSAFE BACKING,N FEE LN,39.18023743,-86.51914715
2013,9,7,Weekend,1300,2-Car,No injury/unknown,UNSAFE BACKING,N WASHINGTON ST,39.18004364,-86.53213543
2013,3,3,Weekday,1800,2-Car,No injury/unknown,UNSAFE SPEED,17TH & NORTH JORDAN AVE,39.17994662,-86.511088
2013,1,1,Weekend,1000,2-Car,No injury/unknown,,N DUNN ST,39.179936,-86.5284
2013,4,6,Weekday,1000,2-Car,No injury/unknown,,N DUNN ST,39.179936,-86.5284
2013,12,6,Weekday,1500,2-Car,Non-incapacitating,FAILURE TO YIELD RIGHT OF WAY,EAST 17TH & SR46,39.17990595,-86.50733475
2013,3,3,Weekday,1700,2-Car,No injury/unknown,FOLLOWING TOO CLOSELY,17TH & SR4546N,39.17984,-86.507088
2013,8,3,Weekday,2100,2-Car,No injury/unknown,DISREGARD SIGNAL/REG SIGN,17TH & SR4546S,39.17984,-86.507088
2013,9,5,Weekday,1600,2-Car,Non-incapacitating,FAILURE TO YIELD RIGHT OF WAY,17TH & SR4546N,39.17984,-86.507088
2013,9,7,Weekend,2000,2-Car,No injury/unknown,FOLLOWING TOO CLOSELY,17TH & SR4546S,39.17984,-86.507088
2013,10,6,Weekday,1400,2-Car,No injury/unknown,OTHER (DRIVER) - EXPLAIN IN NARRATIVE,1001 E 17TH ST & 17TH,39.17984,-86.507088
2013,12,3,Weekday,1800,2-Car,No injury/unknown,SPEED TOO FAST FOR WEATHER CONDITIONS,17TH & SR46W,39.17984,-86.507088
2013,1,6,Weekend,2000,2-Car,No injury/unknown,FOLLOWING TOO CLOSELY,EAST 17TH & SR46,39.17979888,-86.50723113
2013,3,3,Weekday,1700,2-Car,No injury/unknown,ROADWAY SURFACE CONDITION,EAST 17TH & SR46,39.17979888,-86.50723113
2013,8,2,Weekday,1200,2-Car,Non-incapacitating,FAILURE TO YIELD RIGHT OF WAY,EAST 17TH ST & SR46,39.17979888,-86.50723113
2013,6,5,Weekday,1700,2-Car,No injury/unknown,FOLLOWING TOO CLOSELY,17TH ST & 45 46,39.17973988,-86.50718986
2013,11,6,Weekday,1500,2-Car,No injury/unknown,FOLLOWING TOO CLOSELY,17TH & 45 46 BYP,39.17973988,-86.50718986
2013,7,4,Weekday,1400,2-Car,No injury/unknown,OTHER (DRIVER) - EXPLAIN IN NARRATIVE,N FEE LN,39.17970501,-86.51898957