Year,Month,Day,Weekend?,Hour,Collision Type,Injury Type,Primary Factor,Reported_Location,Latitude,Longitude
2013,8,2,Weekday,2100,1-Car,No injury/unknown,ANIMAL/OBJECT IN ROADWAY,PRAIRIE GREEN & SR45E,39.17950821,-86.47551777
2013,11,4,Weekday,1700,2-Car,No injury/unknown,OTHER (DRIVER) - EXPLAIN IN NARRATIVE,WASHINGTON ST & WYLIE,39.1795055,-86.53242006
2013,5,2,Weekday,1900,2-Car,No injury/unknown,UNSAFE LANE MOVEMENT,10TH & 45 46 BYP,39.17946254,-86.50220967
2013,12,4,Weekday,1900,2-Car,No injury/unknown,UNSAFE BACKING,EAST 17TH ST,39.17942429,-86.53018951
2013,6,3,Weekday,1200,2-Car,No injury/unknown,OTHER (DRIVER) - EXPLAIN IN NARRATIVE,EAST SEVENTEENTH ST,39.17932129,-86.51348114
2013,7,3,Weekday,1800,1-Car,No injury/unknown,RAN OFF ROAD RIGHT,FLUCK MILL & VICTOR PIKE,39.17927909,-86.57107003
2013,6,1,Weekend,1700,1-Car,No injury/unknown,OTHER (ENVIRONMENTAL) - EXPLAIN IN NARR,4100 WEST VERNAL PIKE & CURRY,39.179248,-86.58251187
2013,8,5,Weekday,1400,2-Car,No injury/unknown,FOLLOWING TOO CLOSELY,CURRY & VERNAL PIKE,39.179248,-86.58302356
2013,12,6,Weekend,2100,1-Car,No injury/unknown,RAN OFF ROAD RIGHT,17TH ST & MONROE,39.179248,-86.54675111
2013,9,2,Weekday,2300,1-Car,No injury/unknown,UNSAFE BACKING,W 17TH ST,39.179248,-86.54678008
2013,2,2,Weekday,700,3+ Cars,Incapacitating,FAILURE TO YIELD RIGHT OF WAY,N MONROE & W 17TH ST,39.179248,-86.547104
2013,6,7,Weekend,1600,2-Car,Non-incapacitating,FAILURE TO YIELD RIGHT OF WAY,17TH ST & MONROE,39.179248,-86.547104
2013,7,3,Weekday,1600,1-Car,Incapacitating,RAN OFF ROAD RIGHT,17TH ST & MONROE,39.179248,-86.547104
2013,1,5,Weekday,1900,2-Car,No injury/unknown,SPEED TOO FAST FOR WEATHER CONDITIONS,17TH ST & LINDBERGH,39.179248,-86.552592
2013,3,3,Weekday,1800,1-Car,No injury/unknown,SPEED TOO FAST FOR WEATHER CONDITIONS,17TH ST & LINDBERGH,39.179248,-86.552592
2013,9,5,Weekday,2200,2-Car,No injury/unknown,DRIVER DISTRACTED - EXPLAIN IN NARRATIVE,W VERNAL 124 PIKE,39.179248,-86.574224
2013,12,4,Weekday,1500,2-Car,No injury/unknown,FAILURE TO YIELD RIGHT OF WAY,ANN AVE & W VERNAL,39.179248,-86.580384
2013,9,3,Weekday,2000,2-Car,No injury/unknown,,W VERNAL PIKE,39.179248,-86.58292
2013,4,7,Weekend,1300,2-Car,No injury/unknown,FOLLOWING TOO CLOSELY,NORTH CURRY PIKE & VERNAL,39.179248,-86.5832
2013,9,2,Weekday,800,2-Car,No injury/unknown,DISREGARD SIGNAL/REG SIGN,CURRY PIKE & VERNAL,39.179248,-86.5832
2013,12,2,Weekday,500,3+ Cars,No injury/unknown,DISREGARD SIGNAL/REG SIGN,N CURRY & W VERNAL PIKE,39.179248,-86.5832
2013,2,2,Weekday,1800,1-Car,No injury/unknown,SPEED TOO FAST FOR WEATHER CONDITIONS,ARLINGTON RD & MONROE,39.1792202,-86.54709979
2013,11,2,Weekday,2100,2-Car,Non-incapacitating,FAILURE TO YIELD RIGHT OF WAY,NORTH MONROE ST & WEST 17 TH,39.1792202,-86.54709979
2013,10,3,Weekday,1500,Pedestrian,Non-incapacitating,PEDESTRIAN ACTION,930 W 17TH ST & MONROE,39.1792045,-86.54604821
2013,2,1,Weekend,500,1-Car,No injury/unknown,DRIVER ASLEEP OR FATIGUED,800 BLK W 17TH ST & MAPLE,39.17919813,-86.54596864
2013,8,3,Weekday,1100,2-Car,No injury/unknown,UNSAFE BACKING,NORTH DUNN ST,39.1791687,-86.52874755
2013,11,5,Weekday,1500,2-Car,Incapacitating,DISREGARD SIGNAL/REG SIGN,CURRY PIKE & VERNAL,39.17916412,-86.58307659
2013,11,6,Weekend,1900,2-Car,No injury/unknown,FOLLOWING TOO CLOSELY,CURRY PIKE & VERNAL,39.17915985,-86.58308029
2013,10,7,Weekend,200,1-Car,No injury/unknown,RAN OFF ROAD RIGHT,17TH ST & CRESENT,39.17911886,-86.55654053
2013,2,6,Weekday,100,2-Car,No injury/unknown,OVERCORRECTING/OVERSTEERING,17TH & N WILLIS DR,39.179104,-86.544016
2013,7,4,Weekday,2200,Moped/Motorcycle,Non-incapacitating,OVERCORRECTING/OVERSTEERING,17TH ST & WILLIS,39.179104,-86.544016
2013,4,4,Weekday,2000,1-Car,Non-incapacitating,RAN OFF ROAD RIGHT,17TH ST & LINDBERG,39.17908005,-86.55261978
2013,6,4,Weekday,1600,3+ Cars,Non-incapacitating,FOLLOWING TOO CLOSELY,17TH ST & LINDBERGH,39.17908005,-86.55261978
2013,9,2,Weekday,2200,Moped/Motorcycle,Non-incapacitating,ANIMAL/OBJECT IN ROADWAY,N LINDBERG & W 17TH ST,39.17908005,-86.55261978
2013,12,2,Weekday,1700,1-Car,No injury/unknown,DRIVER DISTRACTED - EXPLAIN IN NARRATIVE,17TH ST & LINDBERGH,39.17908005,-86.55261978
2013,8,5,Weekday,200,2-Car,No injury/unknown,IMPROPER LANE USAGE,18TH & LINCOLN ST,39.17907478,-86.53084761
2013,5,2,Weekday,1200,1-Car,No injury/unknown,UNSAFE BACKING,SEVENTEENTH ST,39.17906329,-86.5209221
2013,9,5,Weekday,1800,2-Car,No injury/unknown,UNSAFE BACKING,N JORDAN AVE,39.17904473,-86.511088
2013,10,7,Weekend,800,3+ Cars,No injury/unknown,OTHER (DRIVER) - EXPLAIN IN NARRATIVE,N JORDAN AVE,39.17904473,-86.511088
2013,4,3,Weekday,1600,2-Car,No injury/unknown,FOLLOWING TOO CLOSELY,CURRY PIKE & VERNAL,39.1790422,-86.58318872
2013,3,3,Weekday,1800,3+ Cars,No injury/unknown,ROADWAY SURFACE CONDITION,17TH & DUNN ST,39.17904,-86.5284
2013,9,5,Weekday,900,2-Car,No injury/unknown,OTHER (DRIVER) - EXPLAIN IN NARRATIVE,DUNN & SEVENTEENTH ST,39.17904,-86.5284
2013,9,7,Weekend,800,2-Car,No injury/unknown,IMPROPER TURNING,701 EAST 17TH ST & DUNN,39.17904,-86.5284
2013,9,2,Weekday,1900,2-Car,No injury/unknown,FAILURE TO YIELD RIGHT OF WAY,17TH ST & LINCOLN,39.17904,-86.530848
2013,9,1,Weekend,0,Pedestrian,Incapacitating,PEDESTRIAN ACTION,17TH ST & LINCOLN,39.17904,-86.530848
2013,2,5,Weekday,1800,2-Car,No injury/unknown,,W 17TH ST,39.17904,-86.531888
2013,7,2,Weekday,800,2-Car,No injury/unknown,FAILURE TO YIELD RIGHT OF WAY,N MAPLE & W 17TH ST,39.17904,-86.542096
2013,2,1,Weekend,1200,2-Car,No injury/unknown,IMPROPER TURNING,17TH ST & WOODLAWN,39.17903982,-86.52360029
2013,5,1,Weekend,1700,2-Car,Non-incapacitating,DISREGARD SIGNAL/REG SIGN,N KINSER & W 17TH ST,39.17903982,-86.53775028
2013,5,2,Weekday,2100,Moped/Motorcycle,Non-incapacitating,FAILURE TO YIELD RIGHT OF WAY,17TH & KINSER PIKE,39.17903982,-86.53775028
2013,11,4,Weekday,1300,2-Car,Non-incapacitating,FAILURE TO YIELD RIGHT OF WAY,17TH ST & KINSER,39.17903982,-86.53775028
2013,12,4,Weekday,1700,2-Car,No injury/unknown,FOLLOWING TOO CLOSELY,17TH ST & MADISON,39.17903982,-86.53775028
2013,1,6,Weekday,100,1-Car,No injury/unknown,IMPROPER LANE USAGE,E 17TH ST,39.17903837,-86.52827755
2013,9,3,Weekday,1600,2-Car,No injury/unknown,IMPROPER TURNING,EAST 17TH ST & FESS,39.17903286,-86.52526707
2013,8,4,Weekday,1800,2-Car,No injury/unknown,FAILURE TO YIELD RIGHT OF WAY,EAST 17TH ST & INDIANA,39.17903251,-86.52706252
2013,11,4,Weekday,1400,2-Car,No injury/unknown,DRIVER DISTRACTED - EXPLAIN IN NARRATIVE,EAST 17TH ST & INDIANA,39.17903251,-86.52706252
2013,9,3,Weekday,1700,2-Car,Non-incapacitating,FOLLOWING TOO CLOSELY,JACKSON & W 17TH ST,39.179024,-86.539616
2013,11,7,Weekend,200,1-Car,No injury/unknown,ANIMAL/OBJECT IN ROADWAY,17TH & SR46E,39.17901993,-86.52598367
2013,7,2,Weekday,1800,2-Car,No injury/unknown,FOLLOWING TOO CLOSELY,17TH & SR45N,39.17901993,-86.52600097
2013,10,1,Weekday,2100,2-Car,Non-incapacitating,OTHER (DRIVER) - EXPLAIN IN NARRATIVE,17TH & SR4546S,39.17901993,-86.52600097
2013,11,6,Weekday,1000,2-Car,No injury/unknown,FOLLOWING TOO CLOSELY,17TH & SR46S,39.17901993,-86.52600097
2013,11,6,Weekday,1300,2-Car,No injury/unknown,UNSAFE BACKING,17TH & SR46W,39.17901993,-86.52600097
2013,11,5,Weekday,700,2-Car,Incapacitating,FAILURE TO YIELD RIGHT OF WAY,17TH & SR46,39.17901993,-86.52600097
2013,10,6,Weekday,1200,2-Car,Non-incapacitating,DRIVER DISTRACTED - EXPLAIN IN NARRATIVE,17TH ST & WALNUT,39.1790197,-86.5210998
2013,6,3,Weekday,900,1-Car,No injury/unknown,OTHER (DRIVER) - EXPLAIN IN NARRATIVE,EAST 17TH (YELLOW LOT) ST & FESS,39.1790197,-86.52601318
2013,11,7,Weekend,1900,2-Car,No injury/unknown,UNSAFE LANE MOVEMENT,17TH ST & INDIANA,39.1790197,-86.52705028
2013,1,6,Weekday,1600,2-Car,No injury/unknown,ENGINE FAILURE OR DEFECTIVE,17TH ST & COLLEGE,39.1790197,-86.53470567
2013,8,3,Weekday,1500,2-Car,No injury/unknown,FOLLOWING TOO CLOSELY,17TH ST & WOODBURN,39.1790197,-86.53594985
2013,10,6,Weekday,1600,2-Car,No injury/unknown,DRIVER DISTRACTED - EXPLAIN IN NARRATIVE,17TH ST & JACKSON,39.1790197,-86.53967007
2013,8,3,Weekday,1300,1-Car,No injury/unknown,OTHER (DRIVER) - EXPLAIN IN NARRATIVE,WEST 17TH ST,39.17901461,-86.53064485
2013,11,2,Weekday,2100,Pedestrian,Non-incapacitating,PEDESTRIAN ACTION,17TH ST & DUNN,39.17901032,-86.5283297
2013,6,4,Weekday,900,2-Car,No injury/unknown,FAILURE TO YIELD RIGHT OF WAY,E 17TH ST,39.179008,-86.525888
2013,5,7,Weekend,2200,2-Car,No injury/unknown,UNSAFE BACKING,EAST 17TH ST,39.179008,-86.525888
2013,11,6,Weekday,1400,3+ Cars,No injury/unknown,UNSAFE BACKING,E 17TH ST,39.179008,-86.525888
2013,11,6,Weekday,1300,2-Car,No injury/unknown,UNSAFE BACKING,E 17TH ST,39.179008,-86.525888
2013,8,5,Weekday,1400,1-Car,No injury/unknown,OTHER (DRIVER) - EXPLAIN IN NARRATIVE,1001 EAST 17TH (LOADING DOCK) ST & FEE,39.17899797,-86.51885612
2013,6,3,Weekday,500,Pedestrian,Non-incapacitating,FAILURE TO YIELD RIGHT OF WAY,17TH ST & MADISON,39.178992,-86.537792
2013,6,6,Weekday,800,2-Car,Non-incapacitating,FOLLOWING TOO CLOSELY,17TH ST & KINSER,39.178992,-86.537792
2013,7,2,Weekday,2200,2-Car,No injury/unknown,IMPROPER PASSING,MADISON & W 17TH ST,39.178992,-86.537792
2013,10,4,Weekday,800,2-Car,No injury/unknown,DISREGARD SIGNAL/REG SIGN,N MADISON & W 17TH ST,39.178992,-86.537792
2013,11,7,Weekend,2300,2-Car,No injury/unknown,SPEED TOO FAST FOR WEATHER CONDITIONS,KINSER & W 17TH ST,39.178992,-86.537792
2013,8,6,Weekday,700,1-Car,No injury/unknown,ANIMAL/OBJECT IN ROADWAY,PACKING HOUSE & VERNAL PIKE,39.17899144,-86.56327218
2013,4,5,Weekday,2100,2-Car,No injury/unknown,FOLLOWING TOO CLOSELY,17TH ST & FEE,39.1789902,-86.51894482
2013,9,3,Weekday,1100,2-Car,No injury/unknown,FAILURE TO YIELD RIGHT OF WAY,W 17TH ST & WOODBURN,39.178976,-86.536032
2013,10,2,Weekday,1700,2-Car,No injury/unknown,UNSAFE BACKING,E 17TH ST,39.17897394,-86.52938043
2013,9,6,Weekday,1300,2-Car,No injury/unknown,IMPROPER PASSING,W 17TH ST & WOODBURN,39.17897363,-86.53583794
2013,12,6,Weekday,300,2-Car,No injury/unknown,IMPROPER LANE USAGE,17TH ST & GRANT,39.17897008,-86.5297003
2013,6,6,Weekday,1600,2-Car,Non-incapacitating,FAILURE TO YIELD RIGHT OF WAY,17TH ST & LINCOLN,39.17897008,-86.53097033
2013,8,6,Weekday,1500,2-Car,No injury/unknown,FOLLOWING TOO CLOSELY,17TH ST & LINCOLN,39.17897008,-86.53097033
2013,3,1,Weekend,1600,2-Car,No injury/unknown,FOLLOWING TOO CLOSELY,17TH ST & WALNUT,39.17897008,-86.53349027
2013,10,3,Weekday,2200,3+ Cars,No injury/unknown,BRAKE FAILURE OR DEFECTIVE,17TH & WALNUT ST,39.17897008,-86.53349027
2013,11,4,Weekday,1400,3+ Cars,Non-incapacitating,SPEED TOO FAST FOR WEATHER CONDITIONS,17TH & WALNUT ST,39.17897008,-86.53349027
2013,11,4,Weekday,1700,2-Car,No injury/unknown,SPEED TOO FAST FOR WEATHER CONDITIONS,17TH ST & WALNUT,39.17897008,-86.53349027
2013,12,6,Weekday,1200,2-Car,No injury/unknown,SPEED TOO FAST FOR WEATHER CONDITIONS,N WALNUT & W 17TH ST,39.17897008,-86.53349027
2013,10,5,Weekday,0,Pedestrian,Non-incapacitating,FAILURE TO YIELD RIGHT OF WAY,E 17TH & N GRANT ST,39.17896484,-86.52969872
2013,8,3,Weekday,1800,3+ Cars,No injury/unknown,FOLLOWING TOO CLOSELY,EAST 17TH & WASHINGTON ST,39.17896401,-86.53223986
2013,4,7,Weekend,2100,2-Car,No injury/unknown,OTHER (DRIVER) - EXPLAIN IN NARRATIVE,E 17TH ST,39.17896,-86.521088
2013,9,3,Weekday,1200,1-Car,No injury/unknown,OTHER (VEHICLE) - EXPLAIN IN NARRATIVE,EAST 17TH ST,39.17896,-86.521088
2013,9,7,Weekend,2200,2-Car,No injury/unknown,FOLLOWING TOO CLOSELY,17TH ST & WALNUT,39.17896,-86.521088
2013,11,7,Weekend,1300,2-Car,No injury/unknown,IMPROPER TURNING,E 17TH ST,39.17896,-86.521088
2013,1,1,Weekend,1400,2-Car,No injury/unknown,FOLLOWING TOO CLOSELY,17TH ST & COLLEGE,39.17896,-86.53472
2013,6,2,Weekday,0,2-Car,No injury/unknown,DISREGARD SIGNAL/REG SIGN,17TH & COLLEGE AVE,39.17896,-86.53472
2013,5,6,Weekday,1100,2-Car,No injury/unknown,FOLLOWING TOO CLOSELY,N COLLEGE & W 17TH ST,39.17896,-86.53472
2013,6,7,Weekend,2200,Moped/Motorcycle,Non-incapacitating,FAILURE TO YIELD RIGHT OF WAY,17TH & COLLEGE AVE,39.17896,-86.53472
2013,12,1,Weekend,1500,2-Car,No injury/unknown,FAILURE TO YIELD RIGHT OF WAY,NORTH COLLEGE ST & WEST 17TH,39.17896,-86.53472
2013,5,6,Weekday,1100,2-Car,No injury/unknown,UNSAFE BACKING,EAST 17TH ST,39.17895463,-86.52073632
2013,10,7,Weekend,1100,2-Car,No injury/unknown,IMPROPER TURNING,17TH ST & WALNUT,39.17895441,-86.53325148
2013,8,1,Weekday,2300,2-Car,No injury/unknown,VIEW OBSTRUCTED,E 17TH ST,39.17895065,-86.52955121
2013,9,3,Weekday,900,1-Car,No injury/unknown,OTHER (DRIVER) - EXPLAIN IN NARRATIVE,W 17TH ST,39.1789454,-86.52013144
2013,1,5,Weekday,2000,2-Car,No injury/unknown,SPEED TOO FAST FOR WEATHER CONDITIONS,17TH ST & WALNUT,39.178944,-86.533392
2013,2,2,Weekday,1200,2-Car,Non-incapacitating,DISREGARD SIGNAL/REG SIGN,17TH & N WALNUT ST,39.178944,-86.533392
2013,3,4,Weekday,600,2-Car,No injury/unknown,FAILURE TO YIELD RIGHT OF WAY,N WALNUT & W 17TH ST,39.178944,-86.533392
2013,9,1,Weekday,1900,Moped/Motorcycle,Incapacitating,SPEED TOO FAST FOR WEATHER CONDITIONS,17TH ST & WALNUT,39.178944,-86.533392
2013,10,5,Weekday,2100,2-Car,No injury/unknown,FOLLOWING TOO CLOSELY,E 17TH ST & N WALNUT,39.178944,-86.533392
2013,11,4,Weekday,1100,2-Car,No injury/unknown,FOLLOWING TOO CLOSELY,N WALNUT & W 17TH ST,39.178944,-86.533392
2013,12,5,Weekday,100,1-Car,No injury/unknown,SPEED TOO FAST FOR WEATHER CONDITIONS,17TH ST & WALNUT,39.178944,-86.533392
2013,10,1,Weekend,1200,2-Car,No injury/unknown,FOLLOWING TOO CLOSELY,17TH ST & FEE,39.17893608,-86.51952122
2013,10,1,Weekend,0,2-Car,Non-incapacitating,FAILURE TO YIELD RIGHT OF WAY,17TH ST & FEE,39.178928,-86.518992
2013,11,1,Weekend,0,1-Car,No injury/unknown,DRIVER DISTRACTED - EXPLAIN IN NARRATIVE,17TH ST & FEE,39.17891282,-86.51775706
2013,12,7,Weekend,600,1-Car,No injury/unknown,SPEED TOO FAST FOR WEATHER CONDITIONS,17TH ST & NORTH JORDAN,39.1789117,-86.51056504
2013,7,3,Weekday,300,2-Car,No injury/unknown,RAN OFF ROAD RIGHT,17TH & N LINCOLN ST,39.17890268,-86.53084976
2013,4,3,Weekday,900,2-Car,No injury/unknown,VIEW OBSTRUCTED,SEVENTEENTH & SR45N,39.17889786,-86.51591491
2013,8,4,Weekday,1600,Cyclist,Non-incapacitating,PEDESTRIAN ACTION,1ST & S LINCOLN ST,39.17889057,-86.53084992
2013,9,1,Weekend,1400,2-Car,No injury/unknown,,E 17TH ST,39.17887129,-86.51438724
2013,1,7,Weekend,200,2-Car,No injury/unknown,FOLLOWING TOO CLOSELY,17TH ST & JORDAN,39.178848,-86.511088
2013,2,7,Weekend,2300,2-Car,No injury/unknown,UNSAFE BACKING,N JORDAN AVE,39.178848,-86.511088
2013,5,2,Weekday,800,1-Car,Non-incapacitating,OTHER (DRIVER) - EXPLAIN IN NARRATIVE,105 NORTH JORDAN (GARAGE) AVE & JORDAN,39.178848,-86.511088
2013,9,1,Weekend,1400,2-Car,No injury/unknown,ROADWAY SURFACE CONDITION,17TH ST & JORDAN,39.178848,-86.511088
2013,12,7,Weekend,700,2-Car,No injury/unknown,SPEED TOO FAST FOR WEATHER CONDITIONS,EAST 17TH ST & NORTH JORDAN,39.178848,-86.511088
2013,10,4,Weekday,1100,2-Car,No injury/unknown,FAILURE TO YIELD RIGHT OF WAY,17TH ST & JORDAN,39.178848,-86.51126444
2013,1,3,Weekday,1000,1-Car,No injury/unknown,OTHER (DRIVER) - EXPLAIN IN NARRATIVE,EAST 17TH ST,39.178848,-86.51144
2013,4,4,Weekday,600,2-Car,No injury/unknown,UNSAFE BACKING,EAST 17TH ST,39.178848,-86.51144
2013,4,6,Weekday,1700,1-Car,No injury/unknown,,EAST 17TH ST,39.178848,-86.51144
2013,5,5,Weekday,2200,Bus,No injury/unknown,UNSAFE BACKING,17TH ST,39.178848,-86.51192519
2013,5,5,Weekday,1200,1-Car,No injury/unknown,UNSAFE BACKING,EAST 17TH ST,39.178848,-86.51192519
2013,10,3,Weekday,1900,2-Car,No injury/unknown,FOLLOWING TOO CLOSELY,EAST 17TH ST & JORDAN,39.17884657,-86.51094249
2013,11,4,Weekday,1700,2-Car,No injury/unknown,FOLLOWING TOO CLOSELY,EAST 17TH ST & JORDAN,39.17883778,-86.51245301
2013,10,4,Weekday,900,2-Car,No injury/unknown,FOLLOWING TOO CLOSELY,17TH ST & JORDAN,39.17882994,-86.51244029
2013,10,5,Weekday,1400,2-Car,No injury/unknown,FAILURE TO YIELD RIGHT OF WAY,17TH ST & JORDAN,39.17882994,-86.51244029
2013,11,7,Weekend,2300,1-Car,No injury/unknown,SPEED TOO FAST FOR WEATHER CONDITIONS,17TH ST & JORDAN,39.17882994,-86.51244029
2013,12,3,Weekday,1200,3+ Cars,No injury/unknown,UNSAFE BACKING,EAST 17TH ST,39.17879708,-86.51074916
2013,12,5,Weekday,1700,2-Car,No injury/unknown,FOLLOWING TOO CLOSELY,SR37 & VERNAL,39.17861085,-86.55932963
2013,9,3,Weekday,1100,1-Car,No injury/unknown,RAN OFF ROAD RIGHT,17TH & MADISON ST,39.17858013,-86.53777952
2013,11,6,Weekend,2300,1-Car,No injury/unknown,ANIMAL/OBJECT IN ROADWAY,SR37N & VERNAL,39.17856339,-86.56000817
2013,11,4,Weekday,700,Cyclist,Non-incapacitating,OTHER (DRIVER) - EXPLAIN IN NARRATIVE,BURKS & WALNUT STREET PIKE,39.1783895,-86.5267197
2013,11,7,Weekend,400,1-Car,No injury/unknown,RAN OFF ROAD RIGHT,GRANT ST,39.17830276,-86.52934265
2013,4,3,Weekday,700,2-Car,No injury/unknown,FAILURE TO YIELD RIGHT OF WAY,WALNUT ST & WINSLOW,39.1782371,-86.5311098
2013,2,3,Weekday,800,2-Car,No injury/unknown,FAILURE TO YIELD RIGHT OF WAY,6TH & MORTON ST,39.17815533,-86.53611011
2013,10,7,Weekend,1500,2-Car,No injury/unknown,ROADWAY SURFACE CONDITION,EAST 17TH ST,39.17807867,-86.52517226
2013,9,3,Weekday,1800,Pedestrian,Non-incapacitating,VIEW OBSTRUCTED,EAST 17TH & FEE LN,39.17802255,-86.51883073
2013,1,2,Weekday,2100,2-Car,No injury/unknown,UNSAFE BACKING,N FEE LN,39.17800784,-86.51889301
2013,5,7,Weekend,2000,1-Car,Non-incapacitating,UNSAFE BACKING,NORTH JACKSON ST,39.17782237,-86.53966106
2013,7,6,Weekday,1400,2-Car,No injury/unknown,FAILURE TO YIELD RIGHT OF WAY,16TH ST & LINCOLN,39.17775974,-86.53097972
2013,2,3,Weekday,200,2-Car,No injury/unknown,,MADISON & W 16TH ST,39.177744,-86.53740712
2013,8,3,Weekday,1200,2-Car,No injury/unknown,FAILURE TO YIELD RIGHT OF WAY,MADISON & W 16 ST,39.177744,-86.53776
2013,9,1,Weekend,1500,2-Car,No injury/unknown,IMPROPER LANE USAGE,16TH & MADISON ST,39.17773023,-86.53774023
2013,5,1,Weekend,100,2-Car,No injury/unknown,,N MAPLE ST,39.1776992,-86.542096
2013,11,7,Weekend,1400,2-Car,No injury/unknown,FOLLOWING TOO CLOSELY,SR37S & VERNAL,39.1775537,-86.5612041
2013,1,6,Weekday,1000,2-Car,No injury/unknown,FOLLOWING TOO CLOSELY,SR37S & VERNAIL,39.17744827,-86.55998992
2013,4,5,Weekday,300,Moped/Motorcycle,Incapacitating,RAN OFF ROAD RIGHT,ANGELINA & W VERNAL PIKE,39.17744827,-86.55998992
2013,4,5,Weekday,900,2-Car,No injury/unknown,IMPROPER TURNING,8TH & COLLEGE AVE,39.17744176,-86.53484009
2013,12,6,Weekday,0,2-Car,No injury/unknown,RAN OFF ROAD RIGHT,DUNN ST,39.17734528,-86.52803039
2013,4,7,Weekend,200,2-Car,No injury/unknown,UNSAFE BACKING,N FEE LN,39.17729391,-86.5189799
2013,2,5,Weekday,1800,2-Car,Non-incapacitating,FAILURE TO YIELD RIGHT OF WAY,300 BLK N JACOB DR & ALEXANDER,39.17723078,-86.57355088
2013,1,3,Weekday,800,Bus,No injury/unknown,OTHER (DRIVER) - EXPLAIN IN NARRATIVE,15TH & INDIANA AVE,39.177152,-86.527152
2013,1,3,Weekday,900,2-Car,No injury/unknown,FAILURE TO YIELD RIGHT OF WAY,JORDAN AVE & LINGELBACH,39.1771502,-86.51253014
2013,1,5,Weekday,1500,2-Car,No injury/unknown,OTHER (DRIVER) - EXPLAIN IN NARRATIVE,JORDAN & LINGELBACH LN,39.1771502,-86.5125561
2013,8,5,Weekday,1600,2-Car,No injury/unknown,UNSAFE BACKING,SR37S & VERNAL,39.17714982,-86.56168247
2013,5,5,Weekday,1900,2-Car,No injury/unknown,FOLLOWING TOO CLOSELY,N MAPLE ST,39.1771009,-86.542096
2013,6,1,Weekend,1100,2-Car,No injury/unknown,FOLLOWING TOO CLOSELY,SR37N & W VERNAL,39.17704885,-86.56180206
2013,3,6,Weekday,1400,2-Car,No injury/unknown,UNSAFE SPEED,SR37S & VERNAL,39.17701553,-86.5615451
2013,12,6,Weekend,2100,2-Car,No injury/unknown,FOLLOWING TOO CLOSELY,10TH & SR4546S,39.17698007,-86.53102874
2013,2,6,Weekday,1700,2-Car,No injury/unknown,FOLLOWING TOO CLOSELY,SR37N & VERNAL,39.17694788,-86.56192165
2013,12,4,Weekday,0,3+ Cars,No injury/unknown,OTHER (DRIVER) - EXPLAIN IN NARRATIVE,15TH ST & GRANT,39.17693119,-86.52933538
2013,10,7,Weekend,2200,2-Car,No injury/unknown,UNSAFE BACKING,EAST 15TH ST,39.17692624,-86.52950383
2013,12,1,Weekday,2000,2-Car,No injury/unknown,UNSAFE BACKING,EAST 15TH ST,39.17692624,-86.52950383
2013,4,6,Weekend,2000,2-Car,No injury/unknown,OTHER (DRIVER) - EXPLAIN IN NARRATIVE,EAST 15TH ST & LINCOLN,39.176896,-86.53088
2013,11,7,Weekend,1500,2-Car,No injury/unknown,FAILURE TO YIELD RIGHT OF WAY,15TH ST & WASHINGTON,39.17685986,-86.53223969
2013,1,5,Weekday,2200,1-Car,No injury/unknown,SPEED TOO FAST FOR WEATHER CONDITIONS,EAST 10TH ST & SR4546,39.176848,-86.478192
2013,1,3,Weekday,1300,2-Car,No injury/unknown,UNSAFE LANE MOVEMENT,E 10TH ST & SR4546,39.176848,-86.478192
2013,3,4,Weekday,800,2-Car,No injury/unknown,OTHER (ENVIRONMENTAL) - EXPLAIN IN NARR,EAST 10TH ST & SR4546,39.176848,-86.478192
2013,6,4,Weekday,1200,2-Car,No injury/unknown,FAILURE TO YIELD RIGHT OF WAY,10TH ST & SR4546,39.176848,-86.478192
2013,6,4,Weekday,2300,2-Car,No injury/unknown,UNSAFE SPEED,E 10TH ST & SR4546,39.176848,-86.478192
2013,7,3,Weekday,1500,2-Car,No injury/unknown,UNSAFE LANE MOVEMENT,10TH ST & CR4546,39.176848,-86.478192
2013,9,3,Weekday,1000,2-Car,No injury/unknown,UNSAFE BACKING,10TH & 1827 EAST 10TH ST,39.176848,-86.478192
2013,9,6,Weekday,1800,2-Car,No injury/unknown,IMPROPER TURNING,10TH & SR4546N,39.176848,-86.478192
2013,10,5,Weekday,1100,2-Car,No injury/unknown,FOLLOWING TOO CLOSELY,45 46 & E 10TH ST,39.176848,-86.478192
2013,11,1,Weekend,1400,3+ Cars,No injury/unknown,FOLLOWING TOO CLOSELY,10TH ST & SR4546,39.176848,-86.478192
2013,12,2,Weekday,1600,2-Car,No injury/unknown,FOLLOWING TOO CLOSELY,10TH & SR4546N,39.176848,-86.478192
2013,12,6,Weekday,1300,2-Car,No injury/unknown,DRIVER DISTRACTED - EXPLAIN IN NARRATIVE,10TH & SR4546S,39.176848,-86.478192