Year,Month,Day,Weekend?,Hour,Collision Type,Injury Type,Primary Factor,Reported_Location,Latitude,Longitude
2013,1,1,Weekend,1600,2-Car,No injury/unknown,FAILURE TO YIELD RIGHT OF WAY,15TH & WALNUT ST,39.176848,-86.533424
2013,8,3,Weekday,1700,2-Car,No injury/unknown,DRIVER DISTRACTED - EXPLAIN IN NARRATIVE,15TH & N WALNUT ST,39.176848,-86.533424
2013,6,2,Weekday,100,1-Car,No injury/unknown,ANIMAL/OBJECT IN ROADWAY,SR37N & SR45W,39.17682626,-86.57756805
2013,3,1,Weekend,900,2-Car,Non-incapacitating,DRIVER DISTRACTED - EXPLAIN IN NARRATIVE,SR37S & W VERNAL,39.17674594,-86.56216082
2013,11,5,Weekday,1200,2-Car,No injury/unknown,FAILURE TO YIELD RIGHT OF WAY,LIBERTY DR & SR 45,39.17672749,-86.57777018
2013,8,5,Weekday,600,1-Car,No injury/unknown,UNSAFE BACKING,N MAPLE ST,39.17668852,-86.542096
2013,5,7,Weekend,300,1-Car,No injury/unknown,RAN OFF ROAD RIGHT,15TH ST & HANCOCK,39.17666003,-86.54892973
2013,4,1,Weekend,300,3+ Cars,No injury/unknown,OTHER (DRIVER) - EXPLAIN IN NARRATIVE,15 TH ST & ROGERS,39.17664,-86.538496
2013,2,4,Weekday,900,Pedestrian,Non-incapacitating,FAILURE TO YIELD RIGHT OF WAY,S ROGERS & W 1ST ST,39.17664,-86.538496
2013,7,1,Weekday,2100,3+ Cars,Incapacitating,DISREGARD SIGNAL/REG SIGN,SR37S & VERNAL,39.17662048,-86.56252288
2013,7,1,Weekend,1700,3+ Cars,Non-incapacitating,FOLLOWING TOO CLOSELY,SR37N & W VERNAL,39.17662048,-86.56252288
2013,9,3,Weekday,1500,2-Car,No injury/unknown,FOLLOWING TOO CLOSELY,SR37N & VERNAL,39.17662048,-86.56252288
2013,9,1,Weekday,2000,2-Car,No injury/unknown,FOLLOWING TOO CLOSELY,SR37S & VERNAL,39.17662048,-86.56252288
2013,10,3,Weekday,1400,2-Car,No injury/unknown,FOLLOWING TOO CLOSELY,SR37S & VERNAL,39.17662048,-86.56252288
2013,1,5,Weekday,0,2-Car,No injury/unknown,UNSAFE BACKING,NORTH FEE LN,39.17658828,-86.51891313
2013,2,6,Weekday,1000,2-Car,No injury/unknown,,N FEE LN,39.17658828,-86.51891313
2013,1,3,Weekday,600,2-Car,No injury/unknown,FAILURE TO YIELD RIGHT OF WAY,SR37N & VERNAL,39.176544,-86.5624
2013,5,1,Weekend,1500,2-Car,No injury/unknown,FOLLOWING TOO CLOSELY,SR37S & VERNAL,39.176544,-86.5624
2013,8,2,Weekday,1100,2-Car,Incapacitating,FOLLOWING TOO CLOSELY,SR37N & VERNAL,39.176544,-86.5624
2013,9,1,Weekend,1800,2-Car,No injury/unknown,UNSAFE LANE MOVEMENT,SR37N & VERNAL PIKE,39.176544,-86.5624
2013,10,7,Weekend,1000,2-Car,No injury/unknown,,SR37N & VERNAL,39.176544,-86.5624
2013,9,5,Weekday,1200,2-Car,No injury/unknown,FOLLOWING TOO CLOSELY,E LINGELBACH & JORDAN AVE,39.17654097,-86.50991863
2013,3,3,Weekday,1500,2-Car,No injury/unknown,FOLLOWING TOO CLOSELY,HARTSTRAIGHT & SR46W,39.17649078,-86.61120069
2013,1,3,Weekday,1300,2-Car,No injury/unknown,FOLLOWING TOO CLOSELY,HARTSTRAIGHT & SR46W,39.17649078,-86.61121368
2013,5,5,Weekday,1800,2-Car,No injury/unknown,FAILURE TO YIELD RIGHT OF WAY,HARTSTRAIGHT & SR46W,39.17649078,-86.61125698
2013,5,4,Weekday,1300,2-Car,No injury/unknown,FOLLOWING TOO CLOSELY,SR37N & VERNAL,39.176455,-86.56232349
2013,8,1,Weekday,1900,2-Car,Incapacitating,DISREGARD SIGNAL/REG SIGN,SR37 & VERNAL,39.176455,-86.56232349
2013,9,6,Weekday,1600,2-Car,No injury/unknown,UNSAFE LANE MOVEMENT,SR37N & VERNAL,39.176455,-86.56232349
2013,11,4,Weekday,900,2-Car,No injury/unknown,UNSAFE LANE MOVEMENT,SR37 & VERNAL PIKE,39.176455,-86.56232349
2013,1,5,Weekday,1800,2-Car,No injury/unknown,SPEED TOO FAST FOR WEATHER CONDITIONS,SR37N & VERNAL,39.17635934,-86.56266121
2013,5,3,Weekday,1700,3+ Cars,No injury/unknown,FOLLOWING TOO CLOSELY,SR37N & VERNAL,39.17635934,-86.56266121
2013,9,1,Weekend,1400,2-Car,No injury/unknown,IMPROPER TURNING,14TH & INDIANA AVE,39.176192,-86.52712
2013,3,6,Weekday,1200,2-Car,No injury/unknown,FAILURE TO YIELD RIGHT OF WAY,14TH ST & DUNN,39.17616,-86.528224
2013,3,7,Weekend,0,2-Car,No injury/unknown,RAN OFF ROAD RIGHT,E 14TH ST & N DUNN,39.17616,-86.528224
2013,1,4,Weekday,1700,2-Car,No injury/unknown,UNSAFE BACKING,S PARK AVE,39.176144,-86.524688
2013,5,5,Weekday,900,2-Car,No injury/unknown,OTHER (DRIVER) - EXPLAIN IN NARRATIVE,N FEE LN,39.17612549,-86.51898236
2013,6,6,Weekday,1600,2-Car,No injury/unknown,OTHER (DRIVER) - EXPLAIN IN NARRATIVE,N FEE LN,39.17612549,-86.51898236
2013,7,6,Weekday,1200,2-Car,No injury/unknown,OTHER (VEHICLE) - EXPLAIN IN NARRATIVE,N FEE LN,39.17612549,-86.51898236
2013,8,7,Weekend,1200,2-Car,No injury/unknown,UNSAFE BACKING,N FEE LN,39.17612549,-86.51898236
2013,11,7,Weekend,1600,2-Car,No injury/unknown,,N FEE LN,39.17612549,-86.51898236
2013,1,5,Weekday,1000,2-Car,No injury/unknown,FAILURE TO YIELD RIGHT OF WAY,FOURTEENTH & INDIANA AVE,39.17612362,-86.52701309
2013,5,5,Weekday,1900,Moped/Motorcycle,Non-incapacitating,FAILURE TO YIELD RIGHT OF WAY,14TH & INDIANA AVE,39.17611018,-86.52701005
2013,3,6,Weekday,1200,2-Car,No injury/unknown,,N ROGERS ST,39.17604828,-86.53881835
2013,1,7,Weekend,1200,1-Car,No injury/unknown,RAN OFF ROAD RIGHT,14TH & MADISON ST,39.176048,-86.537696
2013,8,6,Weekday,700,1-Car,No injury/unknown,RAN OFF ROAD RIGHT,14TH & MADISON ST,39.176048,-86.537696
2013,12,6,Weekday,800,2-Car,Non-incapacitating,DRIVER DISTRACTED - EXPLAIN IN NARRATIVE,14TH & MADISON ST,39.176048,-86.537696
2013,2,7,Weekend,1200,2-Car,No injury/unknown,,E BARRINGTON DR,39.176016,-86.5296
2013,1,7,Weekend,2200,2-Car,No injury/unknown,FAILURE TO YIELD RIGHT OF WAY,14TH & N COLLEGE AVE,39.175984,-86.534736
2013,6,6,Weekday,1500,2-Car,No injury/unknown,FAILURE TO YIELD RIGHT OF WAY,14TH ST & COLLEGE,39.175984,-86.534736
2013,8,6,Weekday,1800,2-Car,No injury/unknown,LEFT OF CENTER,N COLLEGE AVE,39.175984,-86.534736
2013,11,4,Weekday,1200,2-Car,No injury/unknown,UNSAFE BACKING,NORTH COLLEGE AVE,39.175984,-86.534736
2013,4,5,Weekday,1300,2-Car,No injury/unknown,FAILURE TO YIELD RIGHT OF WAY,14TH & MADISON ST,39.17597003,-86.53771005
2013,1,1,Weekend,1400,2-Car,No injury/unknown,FAILURE TO YIELD RIGHT OF WAY,14TH & WALNUT ST,39.175952,-86.53344
2013,4,7,Weekend,1500,2-Car,No injury/unknown,UNSAFE LANE MOVEMENT,NORTH WALNUT ST & WEST 14TH,39.175952,-86.53344
2013,5,1,Weekday,2200,2-Car,No injury/unknown,FOLLOWING TOO CLOSELY,14TH & WALNUT ST,39.175952,-86.53344
2013,9,1,Weekend,0,2-Car,No injury/unknown,FOLLOWING TOO CLOSELY,14TH & N WALNUT ST,39.175952,-86.53344
2013,9,6,Weekend,2100,1-Car,No injury/unknown,RAN OFF ROAD RIGHT,14TH ST & WALNUT,39.175952,-86.53344
2013,10,3,Weekday,1500,2-Car,No injury/unknown,FAILURE TO YIELD RIGHT OF WAY,14TH & N WALNUT ST,39.175952,-86.53344
2013,10,1,Weekend,1100,2-Car,No injury/unknown,FAILURE TO YIELD RIGHT OF WAY,14TH & WALNUT ST,39.175952,-86.53344
2013,2,6,Weekday,1600,2-Car,Non-incapacitating,FAILURE TO YIELD RIGHT OF WAY,14TH & WALNUT ST,39.17594992,-86.53356
2013,7,7,Weekend,1700,2-Car,No injury/unknown,IMPROPER TURNING,14TH & WALNUT ST,39.17594992,-86.53356
2013,12,5,Weekday,2300,2-Car,No injury/unknown,IMPROPER TURNING,14TH & N WALNUT ST,39.17594992,-86.53356
2013,2,2,Weekday,1500,2-Car,No injury/unknown,FAILURE TO YIELD RIGHT OF WAY,14TH & COLLEGE AVE,39.17594992,-86.53476968
2013,3,6,Weekday,1300,2-Car,No injury/unknown,DISREGARD SIGNAL/REG SIGN,14TH & COLLEGE AVE,39.17594992,-86.53476968
2013,10,6,Weekday,1700,2-Car,Non-incapacitating,UNSAFE LANE MOVEMENT,14TH & COLLEGE AVE,39.17594992,-86.53476968
2013,10,7,Weekend,1700,2-Car,No injury/unknown,FOLLOWING TOO CLOSELY,EAST 17TH & JORDAN AVE,39.1759274,-86.51337805
2013,12,3,Weekday,1600,Cyclist,No injury/unknown,FAILURE TO YIELD RIGHT OF WAY,45 46 BYPASS & RANGE ROAD RD,39.17579093,-86.50450378
2013,3,1,Weekend,1800,2-Car,No injury/unknown,UNSAFE LANE MOVEMENT,SR37 & SR45,39.17576051,-86.56335743
2013,5,4,Weekday,900,Moped/Motorcycle,Non-incapacitating,FAILURE TO YIELD RIGHT OF WAY,FOX HOLLOW RD & VIXEN,39.17571902,-86.51236988
2013,5,5,Weekday,0,1-Car,No injury/unknown,ANIMAL/OBJECT IN ROADWAY,14TH & RANGE RD,39.17563006,-86.49592659
2013,5,4,Weekday,2300,1-Car,No injury/unknown,IMPROPER TURNING,10TH & RANGE RD,39.1756238,-86.495296
2013,1,1,Weekend,100,2-Car,No injury/unknown,UNSAFE BACKING,NORTH JORDAN AVE,39.17560577,-86.51441192
2013,6,2,Weekday,1700,2-Car,No injury/unknown,FAILURE TO YIELD RIGHT OF WAY,INDUSTRIAL & SR45E,39.17559814,-86.5646286
2013,12,5,Weekday,1100,2-Car,Incapacitating,LEFT OF CENTER,E 13TH ST & N DUNN,39.175552,-86.528192
2013,2,5,Weekday,200,2-Car,No injury/unknown,SPEED TOO FAST FOR WEATHER CONDITIONS,MADISON ST,39.17551609,-86.537696
2013,3,2,Weekday,1500,2-Car,Non-incapacitating,FAILURE TO YIELD RIGHT OF WAY,13TH & INDIANA AVE,39.175504,-86.527104
2013,4,3,Weekday,1600,2-Car,No injury/unknown,UNSAFE BACKING,13TH ST & INDIANA,39.175504,-86.527104
2013,9,7,Weekend,1500,2-Car,Non-incapacitating,FAILURE TO YIELD RIGHT OF WAY,13TH ST & INDIANA,39.175504,-86.527104
2013,9,5,Weekday,1300,2-Car,Non-incapacitating,FAILURE TO YIELD RIGHT OF WAY,13TH & INDIANA AVE,39.175504,-86.527104
2013,3,1,Weekend,1500,2-Car,No injury/unknown,FAILURE TO YIELD RIGHT OF WAY,N JORDAN AVE,39.17550246,-86.51384749
2013,2,7,Weekend,1400,2-Car,No injury/unknown,OTHER (DRIVER) - EXPLAIN IN NARRATIVE,EAST 13TH ST,39.17550008,-86.52702563
2013,6,4,Weekday,1600,2-Car,No injury/unknown,UNSAFE LANE MOVEMENT,6TH & WALNUT ST,39.17548134,-86.53360024
2013,1,4,Weekday,1200,1-Car,No injury/unknown,OTHER (DRIVER) - EXPLAIN IN NARRATIVE,13TH & 900 N FESS AVE,39.17544,-86.525824
2013,2,1,Weekend,100,2-Car,No injury/unknown,IMPROPER TURNING,N JORDAN AVE,39.17539053,-86.51397285
2013,3,3,Weekday,100,2-Car,No injury/unknown,RAN OFF ROAD RIGHT,NORTH COLLEGE RD,39.17528784,-86.53474939
2013,10,5,Weekday,1400,2-Car,No injury/unknown,OTHER (DRIVER) - EXPLAIN IN NARRATIVE,N CURRY PIKE,39.1752739,-86.58629608
2013,9,1,Weekend,1100,2-Car,Non-incapacitating,FOLLOWING TOO CLOSELY,INDIANA AVE & THIRTEENTH,39.17524746,-86.52701896
2013,12,1,Weekday,2100,2-Car,No injury/unknown,FAILURE TO YIELD RIGHT OF WAY,INDIANA AVE & THIRTEENTH,39.17524746,-86.52701896
2013,1,5,Weekday,1000,2-Car,No injury/unknown,OTHER (DRIVER) - EXPLAIN IN NARRATIVE,NORTH FEE LN,39.17524114,-86.51896409
2013,4,5,Weekday,1400,2-Car,No injury/unknown,UNSAFE BACKING,N FEE LN,39.17524114,-86.51896409
2013,4,2,Weekday,2000,2-Car,No injury/unknown,UNSAFE BACKING,N FEE LN,39.17524114,-86.51896409
2013,5,5,Weekday,1700,2-Car,No injury/unknown,OTHER (DRIVER) - EXPLAIN IN NARRATIVE,NORTH FEE LN,39.17524114,-86.51896409
2013,8,4,Weekday,1100,2-Car,No injury/unknown,UNSAFE BACKING,N FEE LN,39.17524114,-86.51896409
2013,9,7,Weekend,2100,2-Car,No injury/unknown,UNSAFE BACKING,N FEE LN,39.17524114,-86.51896409
2013,10,5,Weekday,1700,2-Car,No injury/unknown,UNSAFE BACKING,N FEE LN,39.17524114,-86.51896409
2013,12,1,Weekend,200,3+ Cars,No injury/unknown,SPEED TOO FAST FOR WEATHER CONDITIONS,NORTH FEE LN,39.17524114,-86.51896409
2013,4,2,Weekday,1500,2-Car,No injury/unknown,FAILURE TO YIELD RIGHT OF WAY,13TH & INDIANA AVE,39.1752398,-86.52699999
2013,4,1,Weekend,1400,2-Car,No injury/unknown,FAILURE TO YIELD RIGHT OF WAY,13TH & INDIANA AVE,39.1752398,-86.52699999
2013,11,3,Weekday,1900,2-Car,Non-incapacitating,FAILURE TO YIELD RIGHT OF WAY,13TH & INDIANA AVE,39.1752398,-86.52699999
2013,7,7,Weekend,1600,2-Car,No injury/unknown,FAILURE TO YIELD RIGHT OF WAY,3RD & CURRY PIKE,39.17523429,-86.58292002
2013,10,4,Weekday,1200,2-Car,No injury/unknown,FAILURE TO YIELD RIGHT OF WAY,13TH ST & WALNUT,39.175232,-86.520976
2013,10,1,Weekend,1300,2-Car,No injury/unknown,FOLLOWING TOO CLOSELY,RANGE & SR45N,39.17522812,-86.49550628
2013,10,5,Weekday,1800,2-Car,No injury/unknown,UNSAFE LANE MOVEMENT,RANGE & SR4546N,39.17522812,-86.49550628
2013,6,6,Weekday,1600,3+ Cars,Non-incapacitating,FAILURE TO YIELD RIGHT OF WAY,E 10TH ST & N RUSSELL,39.175152,-86.4812
2013,3,6,Weekday,100,1-Car,Incapacitating,DRIVER DISTRACTED - EXPLAIN IN NARRATIVE,E 13TH ST & N FEE,39.175152,-86.518992
2013,9,1,Weekend,1300,Pedestrian,Non-incapacitating,PEDESTRIAN ACTION,1101 N FEE (SOUTH LOT) LN & 13TH,39.175152,-86.518992
2013,12,4,Weekday,1400,2-Car,No injury/unknown,FOLLOWING TOO CLOSELY,13TH ST & FEE,39.175152,-86.518992
2013,3,4,Weekday,1800,2-Car,No injury/unknown,UNSAFE BACKING,NORTH ROGERS & WEST 13TH ST,39.175152,-86.538512
2013,11,7,Weekend,2000,2-Car,No injury/unknown,FAILURE TO YIELD RIGHT OF WAY,THIRTEENTH & WALNUT GROVE ST,39.17512767,-86.52103911
2013,7,6,Weekend,2200,1-Car,No injury/unknown,RAN OFF ROAD RIGHT,SR37S & VERNAL,39.17506668,-86.56448965
2013,9,2,Weekday,1500,Bus,No injury/unknown,IMPROPER TURNING,N CRESCENT RD & W VERNAL,39.17504,-86.556496
2013,11,1,Weekend,0,1-Car,No injury/unknown,OTHER (DRIVER) - EXPLAIN IN NARRATIVE,W CRESCENT & W VERNAL PIKE,39.17504,-86.556496
2013,12,1,Weekend,1800,2-Car,No injury/unknown,FOLLOWING TOO CLOSELY,CRESCENT & VERNAL PIKE,39.1749803,-86.55653983
2013,10,4,Weekday,2300,2-Car,No injury/unknown,IMPROPER TURNING,WOODBRIDGE DR,39.17485423,-86.49131789
2013,8,2,Weekday,1600,3+ Cars,Incapacitating,DRIVER DISTRACTED - EXPLAIN IN NARRATIVE,SR37N & VERNAL,39.17469734,-86.56501204
2013,11,3,Weekday,1000,2-Car,No injury/unknown,UNSAFE SPEED,SR37 & VERNAL,39.17459151,-86.56491138
2013,10,5,Weekday,1300,2-Car,No injury/unknown,UNSAFE BACKING,FAIRVIEW ST & KIRKWOOD,39.17457121,-86.54091998
2013,9,1,Weekend,1000,2-Car,No injury/unknown,FOLLOWING TOO CLOSELY,JORDAN AVE & LAW,39.17452715,-86.5148379
2013,2,7,Weekend,800,1-Car,No injury/unknown,RAN OFF ROAD RIGHT,SR37N & W VERNAL,39.17451267,-86.56527324
2013,8,3,Weekday,800,2-Car,No injury/unknown,IMPROPER LANE USAGE,W 12TH ST,39.17441927,-86.53085976
2013,11,1,Weekend,1000,1-Car,No injury/unknown,DRIVER ASLEEP OR FATIGUED,W 12TH ST,39.17441927,-86.53085976
2013,2,1,Weekend,400,2-Car,No injury/unknown,WRONG WAY ON ONE WAY,E 12TH & N LINCOLN ST,39.174416,-86.530992
2013,3,1,Weekday,1900,2-Car,No injury/unknown,OTHER (DRIVER) - EXPLAIN IN NARRATIVE,12TH & LINCOLN ST,39.174416,-86.530992
2013,4,7,Weekend,100,3+ Cars,No injury/unknown,UNSAFE BACKING,E 12TH & N LINCOLN ST,39.174416,-86.530992
2013,4,6,Weekend,2200,2-Car,No injury/unknown,FAILURE TO YIELD RIGHT OF WAY,12TH ST & INDIANA,39.174368,-86.527088
2013,7,5,Weekday,1500,2-Car,No injury/unknown,FAILURE TO YIELD RIGHT OF WAY,12TH & INDIANA AVE,39.174368,-86.527088
2013,10,7,Weekend,1100,2-Car,No injury/unknown,FAILURE TO YIELD RIGHT OF WAY,12TH ST & INDIANA,39.174368,-86.527088
2013,11,7,Weekend,1200,2-Car,No injury/unknown,FAILURE TO YIELD RIGHT OF WAY,12TH & INDIANA AVE,39.174368,-86.527088
2013,4,7,Weekend,100,3+ Cars,No injury/unknown,OTHER (DRIVER) - EXPLAIN IN NARRATIVE,12TH ST & WASHINGTON,39.174368,-86.5324
2013,1,1,Weekend,1300,1-Car,No injury/unknown,RAN OFF ROAD RIGHT,INDIANA AVE & TWELVETH,39.17436283,-86.52699273
2013,4,7,Weekend,1600,2-Car,No injury/unknown,FAILURE TO YIELD RIGHT OF WAY,INDIANA & TWELVETH ST,39.17436283,-86.52699273
2013,4,3,Weekday,1500,Moped/Motorcycle,No injury/unknown,UNSAFE BACKING,12TH ST & SUMMIT,39.174352,-86.54852929
2013,1,1,Weekend,100,2-Car,No injury/unknown,IMPROPER PASSING,E 12TH & N WALNUT ST,39.174352,-86.533472
2013,1,4,Weekday,1800,2-Car,No injury/unknown,FAILURE TO YIELD RIGHT OF WAY,12TH & INDIANA AVE,39.17434998,-86.52698993
2013,9,4,Weekday,1600,3+ Cars,Non-incapacitating,FOLLOWING TOO CLOSELY,12TH & INDIANA AVE,39.17434998,-86.52698993
2013,10,5,Weekday,1400,Cyclist,Non-incapacitating,FAILURE TO YIELD RIGHT OF WAY,12TH ST & WOODLAWN,39.17428024,-86.52355
2013,4,4,Weekday,100,3+ Cars,No injury/unknown,UNSAFE LANE MOVEMENT,12TH & LINCOLN ST,39.17414134,-86.530992
2013,1,5,Weekday,2300,1-Car,Non-incapacitating,RAN OFF ROAD RIGHT,W VERNAL PIKE,39.17381823,-86.55565738
2013,11,4,Weekday,1700,2-Car,No injury/unknown,FAILURE TO YIELD RIGHT OF WAY,ATWATER & WOODLAWN AVE,39.17369428,-86.52261994
2013,2,5,Weekday,1600,2-Car,No injury/unknown,UNSAFE BACKING,DANIELS WAY,39.17368698,-86.59799957
2013,9,1,Weekend,1400,2-Car,No injury/unknown,FOLLOWING TOO CLOSELY,ATWATER & MITCHELL ST,39.17365404,-86.5141797
2013,1,2,Weekday,900,2-Car,No injury/unknown,UNSAFE SPEED,JORDAN & LAW LN,39.17364542,-86.51618343
2013,8,4,Weekday,2000,2-Car,No injury/unknown,,FOSTER DR & LAW,39.17359024,-86.51666007
2013,1,5,Weekday,1900,3+ Cars,Non-incapacitating,SPEED TOO FAST FOR WEATHER CONDITIONS,JORDAN & LAW LN,39.173552,-86.515488
2013,1,5,Weekday,1900,3+ Cars,No injury/unknown,SPEED TOO FAST FOR WEATHER CONDITIONS,JORDAN & LAW LN,39.173552,-86.515488
2013,2,5,Weekday,900,2-Car,No injury/unknown,IMPROPER TURNING,801 N JORDAN (DOCK) AVE & LAW,39.173552,-86.515488
2013,5,7,Weekend,1200,2-Car,No injury/unknown,DISREGARD SIGNAL/REG SIGN,JORDAN AVE & LAW,39.173552,-86.515488
2013,2,7,Weekend,800,2-Car,No injury/unknown,SPEED TOO FAST FOR WEATHER CONDITIONS,ELEVENTH & INDIANA AVE,39.17347472,-86.52699102
2013,2,5,Weekday,1700,1-Car,No injury/unknown,OTHER (DRIVER) - EXPLAIN IN NARRATIVE,11TH ST & GRANT,39.17347021,-86.52973987
2013,8,5,Weekday,1200,2-Car,No injury/unknown,FAILURE TO YIELD RIGHT OF WAY,11TH ST & INDIANA,39.17346016,-86.52696982
2013,8,1,Weekday,1900,2-Car,No injury/unknown,UNSAFE BACKING,E 11TH ST,39.17344,-86.528112
2013,1,1,Weekend,1200,2-Car,No injury/unknown,FAILURE TO YIELD RIGHT OF WAY,E 11TH ST & N GRANT,39.17344,-86.529696
2013,9,5,Weekday,200,3+ Cars,No injury/unknown,UNSAFE LANE MOVEMENT,11TH & LINCOLN ST,39.17344,-86.530992
2013,2,2,Weekday,2100,2-Car,No injury/unknown,OTHER (DRIVER) - EXPLAIN IN NARRATIVE,MAPLE ST & SMITH,39.17343404,-86.54222019
2013,8,4,Weekday,1600,3+ Cars,Non-incapacitating,FOLLOWING TOO CLOSELY,SMITH & WALNUT ST,39.17342398,-86.53362974
2013,1,2,Weekday,1700,2-Car,No injury/unknown,UNSAFE BACKING,JORDAN & LAW LN,39.17340986,-86.51542237
2013,12,5,Weekday,1700,2-Car,No injury/unknown,WRONG WAY ON ONE WAY,JORDAN & LAW LN,39.17340986,-86.51543448
2013,3,3,Weekday,1000,2-Car,No injury/unknown,UNSAFE BACKING,JORDAN & LAW LN,39.17340986,-86.51543967
2013,6,5,Weekday,1500,2-Car,No injury/unknown,FOLLOWING TOO CLOSELY,JORDAN & LAW LN,39.17340986,-86.51545697
2013,5,5,Weekday,800,2-Car,No injury/unknown,,N MAPLE & W 11TH ST,39.173408,-86.542
2013,12,6,Weekday,1200,2-Car,No injury/unknown,UNSAFE BACKING,E 10TH ST,39.17339325,-86.49424743
2013,1,3,Weekday,900,2-Car,No injury/unknown,OTHER (DRIVER) - EXPLAIN IN NARRATIVE,EAST ELEVENTH ST,39.17337365,-86.5222337
2013,10,6,Weekday,900,2-Car,No injury/unknown,FAILURE TO YIELD RIGHT OF WAY,MONROE & W 11TH ST,39.173344,-86.547104
2013,5,7,Weekend,1300,2-Car,No injury/unknown,FAILURE TO YIELD RIGHT OF WAY,WEST 11TH ST,39.173344,-86.54734825
2013,2,5,Weekday,700,2-Car,Non-incapacitating,IMPROPER TURNING,N LINDBERGH & W 11TH ST,39.173344,-86.552592
2013,4,4,Weekday,1300,2-Car,No injury/unknown,FAILURE TO YIELD RIGHT OF WAY,NORTH JORDAN AVE,39.17328849,-86.51554025
2013,8,4,Weekday,1300,2-Car,No injury/unknown,FAILURE TO YIELD RIGHT OF WAY,11TH & WALNUT ST,39.17327978,-86.53359018
2013,2,4,Weekday,2200,2-Car,No injury/unknown,FOLLOWING TOO CLOSELY,11TH & COLLEGE AVE,39.17327978,-86.53479985
2013,3,6,Weekend,1900,2-Car,No injury/unknown,FAILURE TO YIELD RIGHT OF WAY,11TH & COLLEGE AVE,39.17327978,-86.53479985
2013,10,3,Weekday,1400,2-Car,No injury/unknown,FOLLOWING TOO CLOSELY,11TH ST & COLLEGE,39.17327978,-86.53479985
2013,12,5,Weekday,1500,2-Car,No injury/unknown,UNSAFE LANE MOVEMENT,11TH & COLLEGE AVE,39.17327978,-86.53479985
2013,9,4,Weekday,1800,Moped/Motorcycle,No injury/unknown,FAILURE TO YIELD RIGHT OF WAY,11TH ST & MORTON,39.17326972,-86.53605982
2013,10,3,Weekday,1500,2-Car,No injury/unknown,FAILURE TO YIELD RIGHT OF WAY,11TH ST & MORTON,39.17326972,-86.53605982
2013,1,4,Weekday,800,Bus,No injury/unknown,OTHER (DRIVER) - EXPLAIN IN NARRATIVE,11TH ST & BLAIR,39.17326972,-86.54378995
2013,5,4,Weekday,1800,1-Car,Non-incapacitating,DRIVER ILLNESS,11TH ST & ROGERS,39.17326033,-86.53858408
2013,8,5,Weekday,2100,2-Car,No injury/unknown,FAILURE TO YIELD RIGHT OF WAY,11TH & WALNUT ST,39.173248,-86.533488
2013,9,3,Weekday,1100,2-Car,No injury/unknown,UNSAFE LANE MOVEMENT,11TH & N WALNUT ST,39.173248,-86.533488
2013,12,1,Weekend,1800,2-Car,No injury/unknown,OTHER (DRIVER) - EXPLAIN IN NARRATIVE,11TH ST & ADAMS,39.17324021,-86.54981017
2013,3,6,Weekend,2200,1-Car,No injury/unknown,VIEW OBSTRUCTED,ELEVENTH ST & FORREST,39.17323718,-86.52214409
2013,2,1,Weekend,200,2-Car,No injury/unknown,FAILURE TO YIELD RIGHT OF WAY,11TH ST & COLLEGE,39.173232,-86.534752
2013,6,6,Weekday,1200,2-Car,No injury/unknown,IMPROPER TURNING,11TH ST & COLLEGE,39.173232,-86.534752
2013,7,5,Weekday,1000,2-Car,No injury/unknown,FOLLOWING TOO CLOSELY,11TH & COLLEGE AVE,39.173232,-86.534752
2013,9,3,Weekday,800,2-Car,No injury/unknown,FOLLOWING TOO CLOSELY,11TH & COLLEGE AVE,39.173232,-86.534752
2013,12,2,Weekday,1900,2-Car,No injury/unknown,DISREGARD SIGNAL/REG SIGN,11TH & NORTH COLLEGE ST,39.173232,-86.534752
2013,2,3,Weekday,1300,2-Car,No injury/unknown,FOLLOWING TOO CLOSELY,11TH ST & LINDBURGH,39.17323016,-86.55252993
2013,1,5,Weekday,2100,2-Car,No injury/unknown,ROADWAY SURFACE CONDITION,11TH & N MORTON ST,39.173216,-86.536
2013,10,2,Weekday,1200,Moped/Motorcycle,No injury/unknown,UNSAFE BACKING,N MORTON ST,39.173216,-86.536
2013,1,5,Weekday,2100,2-Car,No injury/unknown,SPEED TOO FAST FOR WEATHER CONDITIONS,11TH ST & ROGERS,39.173184,-86.538528
2013,9,6,Weekday,1000,2-Car,No injury/unknown,VIEW OBSTRUCTED,11TH & ROGERS ST,39.173184,-86.538528
2013,11,7,Weekend,1500,1-Car,No injury/unknown,ANIMAL/OBJECT IN ROADWAY,SMITH & SR45,39.17304602,-86.48245722
2013,5,6,Weekend,2000,2-Car,No injury/unknown,UNSAFE BACKING,LAW LN,39.17302832,-86.51339918
2013,5,5,Weekday,1800,2-Car,No injury/unknown,UNSAFE BACKING,E LAW LN,39.17302832,-86.51339918
2013,9,2,Weekday,1400,2-Car,No injury/unknown,UNSAFE BACKING,E LAW LN,39.17302832,-86.51339918