Year,Month,Day,Weekend?,Hour,Collision Type,Injury Type,Primary Factor,Reported_Location,Latitude,Longitude
2013,5,6,Weekday,1100,2-Car,No injury/unknown,OTHER (DRIVER) - EXPLAIN IN NARRATIVE,SR37 & W 3RD ST,39.164752,-86.573104
2013,6,7,Weekend,1800,Pedestrian,Non-incapacitating,PEDESTRIAN ACTION,3RD ST & US37N,39.164752,-86.573104
2013,6,5,Weekday,2200,2-Car,No injury/unknown,DISREGARD SIGNAL/REG SIGN,37 & WEST 3RD ST ST,39.164752,-86.573104
2013,7,3,Weekday,1000,2-Car,No injury/unknown,FOLLOWING TOO CLOSELY,SR37 & W 3RD ST,39.164752,-86.573104
2013,9,3,Weekday,700,2-Car,No injury/unknown,FAILURE TO YIELD RIGHT OF WAY,SR37 & SR48W,39.164752,-86.573104
2013,9,6,Weekday,1700,2-Car,Non-incapacitating,FOLLOWING TOO CLOSELY,SR37 & W 3RD ST,39.164752,-86.573104
2013,9,1,Weekday,2100,2-Car,No injury/unknown,FOLLOWING TOO CLOSELY,3RD ST & SR37,39.164752,-86.573104
2013,10,5,Weekday,1300,3+ Cars,Non-incapacitating,FOLLOWING TOO CLOSELY,3RD & SR37,39.164752,-86.573104
2013,10,7,Weekend,1600,2-Car,No injury/unknown,FOLLOWING TOO CLOSELY,3RD & SR37N,39.164752,-86.573104
2013,11,3,Weekday,500,2-Car,No injury/unknown,FAILURE TO YIELD RIGHT OF WAY,SR37 & W 3RD ST,39.164752,-86.573104
2013,12,2,Weekday,1200,3+ Cars,No injury/unknown,FOLLOWING TOO CLOSELY,3RD ST & STATE ROAD 37,39.164752,-86.573104
2013,1,3,Weekday,2200,2-Car,No injury/unknown,UNSAFE LANE MOVEMENT,3RD ST,39.16474251,-86.57282163
2013,1,3,Weekday,1900,2-Car,No injury/unknown,,W 3RD ST,39.16474251,-86.57282163
2013,3,4,Weekday,0,2-Car,No injury/unknown,OTHER (VEHICLE) - EXPLAIN IN NARRATIVE,W 3RD ST,39.16474251,-86.57282163
2013,4,4,Weekday,1600,2-Car,No injury/unknown,SPEED TOO FAST FOR WEATHER CONDITIONS,PARK SQUARE DR & WEST STATE ROAD 48,39.16474029,-86.59259006
2013,8,4,Weekday,1400,2-Car,No injury/unknown,OVERCORRECTING/OVERSTEERING,W 3RD ST,39.16473898,-86.57271675
2013,9,3,Weekday,1600,3+ Cars,No injury/unknown,UNSAFE SPEED,PROFILE & SR48,39.16473203,-86.59292201
2013,3,6,Weekday,1200,2-Car,No injury/unknown,FOLLOWING TOO CLOSELY,SR37 & WEST 3RD ST,39.16472831,-86.57239903
2013,6,7,Weekend,1500,2-Car,No injury/unknown,,E 3RD ST,39.16472732,-86.57236983
2013,3,2,Weekday,2000,1-Car,No injury/unknown,UNSAFE SPEED,ROGERS ST,39.16472,-86.538592
2013,5,7,Weekend,1100,1-Car,No injury/unknown,RAN OFF ROAD RIGHT,SOUTH ROGERS ST,39.16472,-86.538592
2013,7,3,Weekday,1500,1-Car,No injury/unknown,DRIVER DISTRACTED - EXPLAIN IN NARRATIVE,S ROGERS ST,39.16472,-86.538592
2013,7,6,Weekend,2000,2-Car,No injury/unknown,UNSAFE BACKING,E 3RD ST,39.16470933,-86.57183467
2013,9,4,Weekday,1500,2-Car,No injury/unknown,OTHER (DRIVER) - EXPLAIN IN NARRATIVE,E 3RD ST,39.16470933,-86.57183467
2013,10,6,Weekday,1400,2-Car,No injury/unknown,OTHER (DRIVER) - EXPLAIN IN NARRATIVE,E 3RD ST,39.16470933,-86.57183467
2013,3,5,Weekday,1600,2-Car,No injury/unknown,UNSAFE BACKING,E 3RD ST,39.16470536,-86.57171634
2013,11,5,Weekday,1800,Cyclist,Non-incapacitating,,3RD & S MADISON ST,39.164704,-86.537296
2013,7,6,Weekday,1700,2-Car,No injury/unknown,OTHER (DRIVER) - EXPLAIN IN NARRATIVE,E 3RD ST,39.1647021,-86.57161953
2013,10,5,Weekday,1700,3+ Cars,No injury/unknown,OTHER (DRIVER) - EXPLAIN IN NARRATIVE,FRANKLIN & W 3RD ST,39.16469985,-86.57155249
2013,7,5,Weekday,1200,2-Car,No injury/unknown,OTHER (DRIVER) - EXPLAIN IN NARRATIVE,FRANKLIN & WEST THIRD ST,39.164688,-86.5712
2013,9,3,Weekday,300,1-Car,Non-incapacitating,UNSAFE LANE MOVEMENT,FRANKLIN RD & W 3RD,39.164688,-86.5712
2013,1,5,Weekday,1300,Bus,No injury/unknown,FOLLOWING TOO CLOSELY,WEST 3RD ST & WYNNDALE,39.164672,-86.570288
2013,6,6,Weekend,1900,2-Car,No injury/unknown,FAILURE TO YIELD RIGHT OF WAY,EAST 3RD ST,39.16466933,-86.57021333
2013,4,1,Weekend,1200,2-Car,No injury/unknown,UNSAFE BACKING,E 3RD ST,39.16466933,-86.57021333
2013,7,6,Weekday,1100,2-Car,No injury/unknown,OTHER (DRIVER) - EXPLAIN IN NARRATIVE,EAST 3RD ST,39.16466933,-86.57021333
2013,7,3,Weekday,1500,2-Car,No injury/unknown,FAILURE TO YIELD RIGHT OF WAY,E 3RD ST,39.16466933,-86.57021333
2013,6,2,Weekday,1200,2-Car,No injury/unknown,,WEST THIRD ST,39.1646605,-86.57929301
2013,1,1,Weekend,1400,2-Car,Incapacitating,FAILURE TO YIELD RIGHT OF WAY,3RD ST & CURRY,39.16465983,-86.58292002
2013,4,5,Weekday,1200,2-Car,No injury/unknown,FOLLOWING TOO CLOSELY,S CURRY & SR 48 RD,39.16465983,-86.58292002
2013,8,5,Weekday,1700,2-Car,No injury/unknown,FOLLOWING TOO CLOSELY,CURRY & W 3RD ST,39.16465983,-86.58292002
2013,9,3,Weekday,700,2-Car,Non-incapacitating,FAILURE TO YIELD RIGHT OF WAY,CURRY PIKE & W THIRD,39.16465983,-86.58292002
2013,9,3,Weekday,1100,2-Car,No injury/unknown,OTHER (DRIVER) - EXPLAIN IN NARRATIVE,3RD ST & CURRY,39.16465983,-86.58292002
2013,10,5,Weekday,1600,2-Car,No injury/unknown,OTHER (ENVIRONMENTAL) - EXPLAIN IN NARR,3RD & CURRY PIKE,39.16465983,-86.58292002
2013,9,3,Weekday,1800,2-Car,No injury/unknown,FOLLOWING TOO CLOSELY,CURRY & THIRD ST,39.16465983,-86.58293734
2013,8,2,Weekday,600,2-Car,Non-incapacitating,IMPROPER TURNING,S CURRY & W 3RD ST,39.16465983,-86.58293951
2013,12,7,Weekend,2200,3+ Cars,No injury/unknown,FOLLOWING TOO CLOSELY,S COLLEGE AVE & W 1ST,39.16465636,-86.53499029
2013,7,2,Weekday,1400,2-Car,Non-incapacitating,FAILURE TO YIELD RIGHT OF WAY,3800 BLK W 3RD ST & S CURRY,39.16465575,-86.58296153
2013,12,4,Weekday,1200,2-Car,No injury/unknown,FAILURE TO YIELD RIGHT OF WAY,W 3RD ST,39.16465513,-86.57863721
2013,10,4,Weekday,1300,2-Car,No injury/unknown,DRIVER DISTRACTED - EXPLAIN IN NARRATIVE,3RD ST & WASHINGTON,39.16464,-86.53257641
2013,2,2,Weekday,2000,1-Car,No injury/unknown,ANIMAL/OBJECT IN ROADWAY,3RD ST & WALNUT,39.16464,-86.53324719
2013,4,5,Weekday,1100,2-Car,Non-incapacitating,FOLLOWING TOO CLOSELY,3RD ST & WALNUT,39.16464,-86.53333539
2013,2,1,Weekend,1200,2-Car,No injury/unknown,FAILURE TO YIELD RIGHT OF WAY,E 3RD ST & GRANT,39.16464,-86.529728
2013,1,7,Weekend,900,2-Car,No injury/unknown,FAILURE TO YIELD RIGHT OF WAY,3RD ST & GRANT,39.16464,-86.529728
2013,2,5,Weekday,1900,2-Car,No injury/unknown,FAILURE TO YIELD RIGHT OF WAY,EAST 3RD ST & GRANT,39.16464,-86.529728
2013,4,2,Weekday,200,2-Car,No injury/unknown,OTHER (DRIVER) - EXPLAIN IN NARRATIVE,3RD & GRANT ST,39.16464,-86.529728
2013,4,7,Weekend,1200,2-Car,No injury/unknown,FAILURE TO YIELD RIGHT OF WAY,E 3RD ST & S GRANT,39.16464,-86.529728
2013,10,6,Weekday,1300,2-Car,No injury/unknown,UNSAFE LANE MOVEMENT,E 3RD ST & GRANT,39.16464,-86.529728
2013,5,4,Weekday,1100,Bus,No injury/unknown,UNSAFE SPEED,3RD ST & LINCOLN,39.16464,-86.531024
2013,10,4,Weekday,1300,2-Car,No injury/unknown,DISREGARD SIGNAL/REG SIGN,EAST 3RD ST & SOUTH LINCOLN,39.16464,-86.531024
2013,2,6,Weekday,1600,3+ Cars,Non-incapacitating,DISREGARD SIGNAL/REG SIGN,3RD ST & WASHINGTON,39.16464,-86.5324
2013,1,5,Weekday,1900,2-Car,No injury/unknown,DISREGARD SIGNAL/REG SIGN,E 3RD ST & S WASHINGTON,39.16464,-86.5324
2013,4,6,Weekday,1100,2-Car,No injury/unknown,,S WASHINGTON ST,39.16464,-86.5324
2013,10,2,Weekday,1100,2-Car,Non-incapacitating,CELL PHONE USAGE,E 3RD ST & WASHINGTON,39.16464,-86.5324
2013,11,3,Weekday,900,2-Car,No injury/unknown,UNSAFE BACKING,E 3RD ST,39.16464,-86.5324
2013,12,5,Weekday,1200,2-Car,No injury/unknown,DISREGARD SIGNAL/REG SIGN,3RD ST & WASHINGTON,39.16464,-86.5324
2013,12,3,Weekday,1100,2-Car,No injury/unknown,DISREGARD SIGNAL/REG SIGN,3RD ST & WASHINGTON,39.16464,-86.5324
2013,1,1,Weekend,100,2-Car,No injury/unknown,OTHER (VEHICLE) - EXPLAIN IN NARRATIVE,SOUTH WALNUT ST,39.16464,-86.5336
2013,3,6,Weekday,1500,2-Car,No injury/unknown,,S WALNUT ST,39.16464,-86.5336
2013,5,3,Weekday,1000,3+ Cars,No injury/unknown,FOLLOWING TOO CLOSELY,3RD & S WALNUT ST,39.16464,-86.5336
2013,8,3,Weekday,1600,2-Car,No injury/unknown,FAILURE TO YIELD RIGHT OF WAY,S WALNUT ST,39.16464,-86.5336
2013,11,3,Weekday,1100,2-Car,No injury/unknown,UNSAFE BACKING,SOUTH WALNUT ST,39.16464,-86.5336
2013,11,3,Weekday,1200,2-Car,No injury/unknown,UNSAFE BACKING,S WALNUT ST & SR37,39.16464,-86.5336
2013,1,5,Weekday,2200,3+ Cars,No injury/unknown,SPEED TOO FAST FOR WEATHER CONDITIONS,COLLEGE & SR37S,39.16464,-86.534816
2013,1,3,Weekday,1100,2-Car,No injury/unknown,IMPROPER TURNING,SO COLLEGE AVE & W 3RD,39.16464,-86.534816
2013,2,2,Weekday,1900,2-Car,Non-incapacitating,DISREGARD SIGNAL/REG SIGN,3RD ST & COLLEGE,39.16464,-86.534816
2013,4,3,Weekday,1400,2-Car,Non-incapacitating,FAILURE TO YIELD RIGHT OF WAY,COLLEGE & WEST 3RD ST,39.16464,-86.534816
2013,5,1,Weekend,1100,2-Car,No injury/unknown,DISREGARD SIGNAL/REG SIGN,S COLLEGE AVE & W 3RD,39.16464,-86.534816
2013,8,4,Weekday,1800,2-Car,No injury/unknown,DISREGARD SIGNAL/REG SIGN,3RD & COLLEGE AVE,39.16464,-86.534816
2013,7,6,Weekday,1200,Cyclist,Non-incapacitating,DISREGARD SIGNAL/REG SIGN,S COLLEGE AVE & W 3RD,39.16464,-86.534816
2013,11,5,Weekday,2300,2-Car,Non-incapacitating,FAILURE TO YIELD RIGHT OF WAY,E 3RD & S COLLEGE AVE,39.16464,-86.534816
2013,4,5,Weekday,1100,2-Car,No injury/unknown,FOLLOWING TOO CLOSELY,3RD ST & KIMBLE,39.16464,-86.568
2013,6,5,Weekday,1500,3+ Cars,Non-incapacitating,FOLLOWING TOO CLOSELY,KIMBLE & WEST THIRD ST,39.16464,-86.568
2013,6,7,Weekend,1300,3+ Cars,No injury/unknown,DRIVER DISTRACTED - EXPLAIN IN NARRATIVE,2500 W 3RD ST & S KIMBLE,39.16464,-86.568
2013,6,4,Weekday,1300,2-Car,No injury/unknown,FOLLOWING TOO CLOSELY,KIMBLE & W 3RD ST,39.16464,-86.568
2013,5,6,Weekday,1200,2-Car,No injury/unknown,FOLLOWING TOO CLOSELY,KIMBLE & WEST 3RD ST,39.16464,-86.568
2013,9,4,Weekday,2100,2-Car,No injury/unknown,IMPROPER LANE USAGE,3RD ST & KIMBLE,39.16464,-86.568
2013,11,5,Weekday,1600,2-Car,No injury/unknown,UNSAFE BACKING,E 3RD ST,39.16464,-86.56905455
2013,3,4,Weekday,1300,2-Car,No injury/unknown,UNSAFE BACKING,E 3RD ST,39.16464,-86.56913891
2013,10,4,Weekday,800,3+ Cars,Non-incapacitating,FOLLOWING TOO CLOSELY,CURRY & W 3RD ST,39.16463971,-86.58292002
2013,11,4,Weekday,1000,2-Car,No injury/unknown,FOLLOWING TOO CLOSELY,3RD ST & CURRY,39.16463971,-86.58292002
2013,11,7,Weekend,2200,2-Car,No injury/unknown,FAILURE TO YIELD RIGHT OF WAY,3RD & CURRY PIKE,39.16463971,-86.58292002
2013,11,6,Weekday,1800,2-Car,No injury/unknown,FOLLOWING TOO CLOSELY,S CURRY & W 3RD ST,39.16463971,-86.58296332
2013,4,4,Weekday,1700,2-Car,No injury/unknown,FAILURE TO YIELD RIGHT OF WAY,W THIRD ST,39.16462563,-86.57083064
2013,9,6,Weekday,800,1-Car,Non-incapacitating,OTHER (DRIVER) - EXPLAIN IN NARRATIVE,W 3RD ST,39.16462094,-86.58336393
2013,7,3,Weekday,1100,2-Car,No injury/unknown,FAILURE TO YIELD RIGHT OF WAY,3RD ST & MADISON,39.16462027,-86.53741031
2013,3,5,Weekday,1900,2-Car,No injury/unknown,FAILURE TO YIELD RIGHT OF WAY,3RD ST & LIBERTY,39.16461021,-86.57908677
2013,12,3,Weekday,1200,2-Car,No injury/unknown,OTHER (DRIVER) - EXPLAIN IN NARRATIVE,3RD ST & LIBERTY,39.16461021,-86.57911708
2013,3,2,Weekday,900,2-Car,No injury/unknown,DISREGARD SIGNAL/REG SIGN,3RD ST & LIBERTY,39.16461021,-86.57913006
2013,5,3,Weekday,2200,2-Car,No injury/unknown,FAILURE TO YIELD RIGHT OF WAY,3RD ST & LIBERTY,39.16461021,-86.57913006
2013,7,2,Weekday,2000,2-Car,No injury/unknown,FAILURE TO YIELD RIGHT OF WAY,3RD ST & LIBERTY,39.16461021,-86.57913006
2013,8,2,Weekday,1300,2-Car,No injury/unknown,FOLLOWING TOO CLOSELY,S LIBERTY & W 3RD ST,39.16461021,-86.57913006
2013,12,5,Weekday,800,2-Car,No injury/unknown,FAILURE TO YIELD RIGHT OF WAY,3RD & LIBERTY DR,39.16461021,-86.57913006
2013,9,7,Weekend,1300,2-Car,No injury/unknown,UNSAFE LANE MOVEMENT,LIBERTY & W 3RD ST,39.16461021,-86.57913872
2013,3,7,Weekend,1100,2-Car,No injury/unknown,FAILURE TO YIELD RIGHT OF WAY,SO LIBERTY & W 3RD ST,39.16461021,-86.57914045
2013,8,3,Weekday,1800,2-Car,Non-incapacitating,DISREGARD SIGNAL/REG SIGN,3RD ST & WASHINGTON,39.16460015,-86.53235971
2013,10,7,Weekend,1600,2-Car,Non-incapacitating,FOLLOWING TOO CLOSELY,3RD ST & WASHINGTON,39.16460015,-86.53235971
2013,11,4,Weekday,1600,2-Car,No injury/unknown,DISREGARD SIGNAL/REG SIGN,3RD ST & WASHINGTON,39.16460015,-86.53235971
2013,7,6,Weekday,1100,Moped/Motorcycle,Non-incapacitating,FAILURE TO YIELD RIGHT OF WAY,3RD & WALNUT ST,39.16460015,-86.53362974
2013,11,2,Weekday,1300,2-Car,No injury/unknown,FOLLOWING TOO CLOSELY,THIRD ST & WALNUT,39.16460015,-86.53362974
2013,2,6,Weekend,2000,2-Car,No injury/unknown,FAILURE TO YIELD RIGHT OF WAY,3RD ST & COLLEGE,39.16460015,-86.53489977
2013,9,6,Weekday,1500,2-Car,No injury/unknown,FAILURE TO YIELD RIGHT OF WAY,3RD ST & COLLEGE,39.16460015,-86.53489977
2013,11,6,Weekday,1200,2-Car,No injury/unknown,DISREGARD SIGNAL/REG SIGN,3RD & COLLEGE AVE,39.16460015,-86.53489977
2013,11,7,Weekend,2100,2-Car,No injury/unknown,DISREGARD SIGNAL/REG SIGN,3RD ST & COLLEGE,39.16460015,-86.53489977
2013,10,4,Weekday,700,1-Car,No injury/unknown,OTHER (DRIVER) - EXPLAIN IN NARRATIVE,W 3RD ST,39.16460015,-86.58302865
2013,7,1,Weekend,0,Moped/Motorcycle,Non-incapacitating,RAN OFF ROAD RIGHT,3RD & ROGERS ST,39.16459641,-86.538592
2013,7,2,Weekday,1700,2-Car,No injury/unknown,FOLLOWING TOO CLOSELY,3RD & LINCOLN ST,39.16459009,-86.5311098
2013,9,5,Weekday,1600,3+ Cars,Non-incapacitating,FOLLOWING TOO CLOSELY,GATES & W 3RD ST,39.16459009,-86.57617378
2013,2,5,Weekday,1600,2-Car,No injury/unknown,DRIVER DISTRACTED - EXPLAIN IN NARRATIVE,GATES & W 3RD ST,39.16459009,-86.57619975
2013,3,4,Weekday,1800,Bus,No injury/unknown,DISREGARD SIGNAL/REG SIGN,3RD ST & GATES,39.16459009,-86.57619975
2013,4,7,Weekend,1100,2-Car,No injury/unknown,FAILURE TO YIELD RIGHT OF WAY,GATES & W 3RD ST,39.16459009,-86.57619975
2013,5,2,Weekday,2200,2-Car,No injury/unknown,DISREGARD SIGNAL/REG SIGN,GATES & WEST 3RD ST,39.16459009,-86.57619975
2013,4,4,Weekday,1600,Bus,No injury/unknown,FAILURE TO YIELD RIGHT OF WAY,3RD & GATES DR,39.16459009,-86.57619975
2013,8,3,Weekday,1100,2-Car,No injury/unknown,FOLLOWING TOO CLOSELY,GATES & W 3RD ST,39.16459009,-86.57619975
2013,8,5,Weekday,1400,2-Car,No injury/unknown,FOLLOWING TOO CLOSELY,3RD ST & GATES,39.16459009,-86.57619975
2013,6,1,Weekend,1800,1-Car,Non-incapacitating,RAN OFF ROAD RIGHT,3RD ST & GATES,39.16459009,-86.57619975
2013,6,3,Weekday,1600,3+ Cars,Non-incapacitating,FOLLOWING TOO CLOSELY,GATES & W 3RD ST,39.16459009,-86.57619975
2013,8,5,Weekday,1600,3+ Cars,No injury/unknown,FOLLOWING TOO CLOSELY,GATES & W 3RD ST,39.16459009,-86.57619975
2013,11,3,Weekday,1600,3+ Cars,No injury/unknown,FOLLOWING TOO CLOSELY,3RD ST & GATES,39.16459009,-86.57619975
2013,12,4,Weekday,1400,2-Car,No injury/unknown,FAILURE TO YIELD RIGHT OF WAY,3RD ST & GATES,39.16459009,-86.57619975
2013,1,3,Weekday,800,2-Car,No injury/unknown,FAILURE TO YIELD RIGHT OF WAY,GATES & SR48,39.16458572,-86.57618347
2013,2,1,Weekend,1200,1-Car,No injury/unknown,OTHER (DRIVER) - EXPLAIN IN NARRATIVE,400 3RD ST & DUNN,39.16457778,-86.52830149
2013,1,1,Weekend,1700,1-Car,No injury/unknown,RAN OFF ROAD RIGHT,GRANT ST & THIRD,39.16456997,-86.52982972
2013,5,6,Weekday,1300,2-Car,No injury/unknown,,3RD ST & GRANT,39.16456997,-86.52982972
2013,5,3,Weekday,1400,2-Car,Non-incapacitating,FAILURE TO YIELD RIGHT OF WAY,3RD ST & GRANT,39.16456997,-86.52982972
2013,7,3,Weekday,1500,2-Car,No injury/unknown,FOLLOWING TOO CLOSELY,3RD ST & GRANT,39.16456997,-86.52982972
2013,11,1,Weekend,1200,2-Car,Non-incapacitating,UNSAFE LANE MOVEMENT,E 3RD ST & S GRANT,39.16456997,-86.52982972
2013,3,7,Weekend,1200,2-Car,No injury/unknown,UNSAFE BACKING,(NS ALLEY) E 3RD ST & S GRANT,39.16456997,-86.52984703
2013,5,3,Weekday,1400,2-Car,No injury/unknown,UNSAFE BACKING,EAST 3RD ST,39.16456,-86.5550845
2013,8,2,Weekday,1500,2-Car,No injury/unknown,FAILURE TO YIELD RIGHT OF WAY,THIRD ST & YANCY,39.16455992,-86.56948015
2013,2,6,Weekday,1200,2-Car,No injury/unknown,DRIVER DISTRACTED - EXPLAIN IN NARRATIVE,3RD ST & FRANKLIN,39.16455992,-86.5701816
2013,4,1,Weekend,1300,Moped/Motorcycle,Non-incapacitating,FAILURE TO YIELD RIGHT OF WAY,3RD ST & FRANKLIN,39.16455992,-86.57019026
2013,8,6,Weekday,1600,2-Car,Non-incapacitating,FOLLOWING TOO CLOSELY,3RD ST & FRANKLIN,39.16455992,-86.57019026
2013,9,1,Weekend,1500,2-Car,Non-incapacitating,BRAKE FAILURE OR DEFECTIVE,3RD ST & WYNNEDALE,39.16455992,-86.57019026
2013,12,6,Weekday,300,1-Car,No injury/unknown,RAN OFF ROAD RIGHT,FRANKLIN RD & W 3RD,39.16455992,-86.57019026
2013,12,2,Weekday,2200,3+ Cars,No injury/unknown,FOLLOWING TOO CLOSELY,THIRD & WYNNEDALE DR,39.16455992,-86.57019026
2013,2,1,Weekend,1800,2-Car,No injury/unknown,,W 3RD ST,39.16455981,-86.55584763
2013,7,3,Weekday,100,2-Car,No injury/unknown,UNSAFE BACKING,W 3RD ST,39.16454406,-86.55360366
2013,2,4,Weekday,1600,2-Car,No injury/unknown,FAILURE TO YIELD RIGHT OF WAY,3RD & CORY LN,39.164544,-86.560096
2013,3,2,Weekday,1700,2-Car,No injury/unknown,DRIVER ASLEEP OR FATIGUED,S CURRY PIKE & W 3RD,39.164544,-86.560096
2013,5,2,Weekday,1300,2-Car,No injury/unknown,UNSAFE LANE MOVEMENT,3RD & CURRY PIKE,39.164544,-86.560096
2013,8,7,Weekend,1600,2-Car,No injury/unknown,FAILURE TO YIELD RIGHT OF WAY,CORY & THIRD ST,39.164544,-86.560096
2013,10,4,Weekday,1600,2-Car,Non-incapacitating,FOLLOWING TOO CLOSELY,KIMBLE & THIRD ST,39.1645398,-86.56798152
2013,1,3,Weekday,200,1-Car,No injury/unknown,RAN OFF ROAD RIGHT,S KIMBLE DR & W 3RD,39.1645398,-86.56799018
2013,5,5,Weekday,1700,2-Car,No injury/unknown,FOLLOWING TOO CLOSELY,3RD ST & KIMBLE,39.1645398,-86.56799018
2013,6,5,Weekday,1700,2-Car,Non-incapacitating,FOLLOWING TOO CLOSELY,3RD ST & KIMBLE,39.1645398,-86.56799018
2013,11,6,Weekday,1700,2-Car,No injury/unknown,FOLLOWING TOO CLOSELY,3RD ST & KIMBLE,39.1645398,-86.56799018
2013,9,5,Weekday,1100,2-Car,No injury/unknown,LEFT OF CENTER,S ADAMS & W 3RD ST,39.164512,-86.550624
2013,5,6,Weekday,1700,2-Car,No injury/unknown,DRIVER DISTRACTED - EXPLAIN IN NARRATIVE,3RD ST & MULLER,39.16450024,-86.56267422
2013,1,5,Weekday,1900,2-Car,No injury/unknown,SPEED TOO FAST FOR WEATHER CONDITIONS,MULLER & W 3RD ST,39.16450024,-86.56270019
2013,2,4,Weekday,1600,2-Car,Non-incapacitating,FAILURE TO YIELD RIGHT OF WAY,3RD ST & MULLER,39.16450024,-86.56270019
2013,3,6,Weekday,1700,2-Car,No injury/unknown,UNSAFE LANE MOVEMENT,MULLER & WEST 3 ST ST,39.16450024,-86.56270019
2013,3,2,Weekday,800,2-Car,No injury/unknown,SPEED TOO FAST FOR WEATHER CONDITIONS,MULLER PKWY & W 3RD,39.16450024,-86.56270019
2013,6,6,Weekday,200,1-Car,No injury/unknown,RAN OFF ROAD RIGHT,S MULLER PKWY & W 3RD,39.16450024,-86.56270019
2013,4,7,Weekend,1900,2-Car,No injury/unknown,FAILURE TO YIELD RIGHT OF WAY,MULLER & WEST THIRD ST,39.16450024,-86.56270019
2013,8,5,Weekday,1400,1-Car,No injury/unknown,DISREGARD SIGNAL/REG SIGN,3RD ST & MULLER,39.16450024,-86.56270019
2013,4,7,Weekend,800,1-Car,No injury/unknown,,MULLER & W 3RD ST,39.16450024,-86.56271318
2013,9,3,Weekday,1200,3+ Cars,No injury/unknown,OTHER (VEHICLE) - EXPLAIN IN NARRATIVE,E 3RD ST,39.164491,-86.549814
2013,1,1,Weekend,1400,2-Car,No injury/unknown,UNSAFE BACKING,3RD ST,39.164488,-86.54969829
2013,12,6,Weekday,1600,1-Car,No injury/unknown,OBSTRUCTION NOT MARKED,E 3RD ST,39.164488,-86.54969829
2013,9,6,Weekday,1600,2-Car,No injury/unknown,DRIVER ASLEEP OR FATIGUED,3RD ST & CORY,39.16448012,-86.56015008
2013,12,4,Weekday,1000,2-Car,No injury/unknown,IMPROPER LANE USAGE,CORY & THIRD ST,39.16448012,-86.56015008
2013,6,7,Weekend,1300,1-Car,Non-incapacitating,RAN OFF ROAD RIGHT,WEST 3RD ST,39.16447742,-86.54929031
2013,7,2,Weekday,900,2-Car,No injury/unknown,FOLLOWING TOO CLOSELY,SR37N,39.16446797,-86.57233285
2013,9,6,Weekday,800,2-Car,No injury/unknown,,S COLLEGE AVE,39.16446694,-86.53481763
2013,5,3,Weekday,1200,2-Car,No injury/unknown,UNSAFE BACKING,EAST 3RD ST,39.1644625,-86.54871471
2013,11,4,Weekday,1200,2-Car,No injury/unknown,OVERCORRECTING/OVERSTEERING,E 3RD ST,39.1644625,-86.54871471
2013,12,6,Weekday,0,2-Car,No injury/unknown,SPEED TOO FAST FOR WEATHER CONDITIONS,3RD ST & DUNN,39.16444995,-86.52821972
2013,1,2,Weekday,1300,2-Car,Non-incapacitating,FOLLOWING TOO CLOSELY,E 3RD ST & SR 45 46 BYPASS,39.164448,-86.471888
2013,2,4,Weekday,800,3+ Cars,Non-incapacitating,FOLLOWING TOO CLOSELY,3RD ST & SR 45 46,39.164448,-86.471888
2013,3,2,Weekday,1300,2-Car,No injury/unknown,FOLLOWING TOO CLOSELY,3RD & SR 45 46 BYP,39.164448,-86.471888
2013,7,6,Weekday,1200,2-Car,Non-incapacitating,FOLLOWING TOO CLOSELY,EAST THIRD ST & SR4546,39.164448,-86.471888
2013,1,3,Weekday,800,2-Car,No injury/unknown,FOLLOWING TOO CLOSELY,FESS & THIRD ST,39.164448,-86.525792
2013,3,5,Weekday,1300,2-Car,Non-incapacitating,FAILURE TO YIELD RIGHT OF WAY,FESS & THIRD ST,39.164448,-86.525792
2013,9,6,Weekday,1700,3+ Cars,No injury/unknown,FOLLOWING TOO CLOSELY,E 3RD ST & S FESS,39.164448,-86.525792
2013,11,1,Weekend,1500,3+ Cars,No injury/unknown,FOLLOWING TOO CLOSELY,3RD ST & FESS,39.164448,-86.525792
2013,12,4,Weekday,1200,2-Car,No injury/unknown,FAILURE TO YIELD RIGHT OF WAY,FESS & THIRD ST,39.164448,-86.525792
2013,7,2,Weekday,1200,2-Car,No injury/unknown,FAILURE TO YIELD RIGHT OF WAY,3RD ST & INDIANA,39.164448,-86.52591797
2013,1,3,Weekday,1500,2-Car,No injury/unknown,FOLLOWING TOO CLOSELY,3RD ST & INDIANA,39.164448,-86.52669416
2013,8,2,Weekday,1400,2-Car,No injury/unknown,UNSAFE LANE MOVEMENT,INDIANA & THIRD ST,39.164448,-86.5268
2013,8,6,Weekday,800,1-Car,No injury/unknown,UNSAFE BACKING,3RD ST & INDIANA,39.164448,-86.5268
2013,9,2,Weekday,1300,2-Car,No injury/unknown,FOLLOWING TOO CLOSELY,3RD ST & INDIANA,39.164448,-86.5268
2013,12,7,Weekend,100,2-Car,No injury/unknown,SPEED TOO FAST FOR WEATHER CONDITIONS,E 3RD ST & S INDIANA,39.164448,-86.5268
2013,12,6,Weekend,2100,2-Car,No injury/unknown,FAILURE TO YIELD RIGHT OF WAY,INDIANA 37 & W 3RD ST,39.164448,-86.5268
2013,1,3,Weekday,2000,2-Car,No injury/unknown,LEFT OF CENTER,3RD ST & ATWATER,39.164448,-86.528096