Year,Month,Day,Weekend?,Hour,Collision Type,Injury Type,Primary Factor,Reported_Location,Latitude,Longitude
2013,11,1,Weekend,1300,1-Car,No injury/unknown,UNSAFE BACKING,WEST 3RD ST,39.16424,-86.4903102
2013,1,1,Weekday,1900,2-Car,No injury/unknown,FAILURE TO YIELD RIGHT OF WAY,3RD & S CLARIZZ BLVD,39.16424,-86.4908
2013,6,6,Weekday,1200,2-Car,Non-incapacitating,FAILURE TO YIELD RIGHT OF WAY,E3RD & SO CLARIZZ BLVD,39.16424,-86.4908
2013,12,6,Weekday,900,2-Car,Non-incapacitating,FOLLOWING TOO CLOSELY,3RD ST & CLARIZZ,39.16424,-86.4908
2013,6,6,Weekday,800,2-Car,No injury/unknown,UNSAFE BACKING,E 3RD ST,39.16424,-86.49250645
2013,10,5,Weekday,1600,2-Car,No injury/unknown,FAILURE TO YIELD RIGHT OF WAY,E 3RD ST,39.16424,-86.49250645
2013,5,5,Weekday,1600,1-Car,No injury/unknown,UNSAFE BACKING,E 3RD ST,39.16424,-86.49259396
2013,4,4,Weekday,1200,2-Car,No injury/unknown,DRIVER DISTRACTED - EXPLAIN IN NARRATIVE,3200 E THIRD ST & KINGSTON,39.16424,-86.492944
2013,2,7,Weekend,1600,2-Car,No injury/unknown,FAILURE TO YIELD RIGHT OF WAY,E 3RD & S KINGSTON DR,39.16424,-86.492944
2013,3,4,Weekday,300,1-Car,No injury/unknown,RAN OFF ROAD RIGHT,E THIRD ST & KINGSTON,39.16424,-86.492944
2013,5,5,Weekday,1000,Pedestrian,Non-incapacitating,FAILURE TO YIELD RIGHT OF WAY,E 3RD ST & SOUTH KINGSTON,39.16424,-86.492944
2013,9,7,Weekend,1300,2-Car,Non-incapacitating,FOLLOWING TOO CLOSELY,3RD ST & KINGSTON,39.16424,-86.492944
2013,9,6,Weekday,1300,3+ Cars,No injury/unknown,UNSAFE SPEED,E 3RD ST & KINGSTON,39.16424,-86.492944
2013,10,4,Weekday,1500,2-Car,Non-incapacitating,FAILURE TO YIELD RIGHT OF WAY,E 3RD ST & KINGSTON,39.16424,-86.492944
2013,6,6,Weekday,1300,2-Car,No injury/unknown,OTHER (DRIVER) - EXPLAIN IN NARRATIVE,W 3RD ST,39.16424,-86.49307941
2013,9,4,Weekday,1000,2-Car,No injury/unknown,OTHER (DRIVER) - EXPLAIN IN NARRATIVE,W 3RD ST,39.16424,-86.49307941
2013,2,6,Weekend,2100,1-Car,No injury/unknown,UNSAFE BACKING,E 3RD ST,39.16424,-86.49368135
2013,6,7,Weekend,2200,2-Car,No injury/unknown,IMPROPER TURNING,E 3RD ST,39.16424,-86.4939483
2013,2,6,Weekday,1300,2-Car,No injury/unknown,UNSAFE BACKING,E 3RD ST,39.16424,-86.49406114
2013,4,2,Weekday,1300,2-Car,No injury/unknown,IMPROPER TURNING,E 3RD ST,39.16424,-86.49425989
2013,4,7,Weekend,1000,2-Car,No injury/unknown,UNSAFE BACKING,E 3RD ST,39.16424,-86.49425989
2013,5,5,Weekday,1200,2-Car,No injury/unknown,UNSAFE BACKING,E 3RD ST,39.16424,-86.49425989
2013,7,5,Weekday,1600,2-Car,No injury/unknown,UNSAFE BACKING,E 3RD ST,39.16424,-86.49425989
2013,9,6,Weekday,1100,2-Car,No injury/unknown,UNSAFE BACKING,E 3RD ST,39.16424,-86.49425989
2013,9,2,Weekday,1400,2-Car,No injury/unknown,,E 3RD ST,39.16424,-86.49425989
2013,7,5,Weekday,2100,1-Car,No injury/unknown,UNSAFE BACKING,E 3RD ST,39.16424,-86.49462535
2013,3,1,Weekday,2000,2-Car,Non-incapacitating,DISREGARD SIGNAL/REG SIGN,3RD ST & PETE ELLIS,39.16424,-86.495088
2013,8,5,Weekday,1100,2-Car,Non-incapacitating,FAILURE TO YIELD RIGHT OF WAY,E 3RD ST & PETE ELLIS,39.16424,-86.495088
2013,8,7,Weekend,1300,2-Car,No injury/unknown,FAILURE TO YIELD RIGHT OF WAY,E 3RD ST & PETE ELLIS,39.16424,-86.495088
2013,10,2,Weekday,1100,2-Car,No injury/unknown,FAILURE TO YIELD RIGHT OF WAY,E THIRD ST & PETE ELLIS,39.16424,-86.495088
2013,12,5,Weekday,1500,2-Car,No injury/unknown,FOLLOWING TOO CLOSELY,3RD ST & PETE ELLIS,39.16424,-86.495088
2013,2,6,Weekday,1200,2-Car,No injury/unknown,FOLLOWING TOO CLOSELY,3RD & S COLLEGE MALL RD,39.16424,-86.4984
2013,1,7,Weekend,900,2-Car,No injury/unknown,FAILURE TO YIELD RIGHT OF WAY,COLLEGE MALL RD & E 3RD,39.16424,-86.4984
2013,1,6,Weekday,1200,2-Car,No injury/unknown,DISREGARD SIGNAL/REG SIGN,3RD ST & COLLEGE MALL,39.16424,-86.4984
2013,2,7,Weekend,2000,2-Car,No injury/unknown,IMPROPER TURNING,E 3RD ST,39.16424,-86.4984
2013,4,7,Weekend,1100,2-Car,No injury/unknown,UNSAFE BACKING,E 3RD ST,39.16424,-86.4984
2013,4,1,Weekend,1500,2-Car,No injury/unknown,UNSAFE LANE MOVEMENT,3RD ST & COLLEGE MALL,39.16424,-86.4984
2013,2,3,Weekday,1900,2-Car,Non-incapacitating,LEFT OF CENTER,3RD & COLLEGE MALL RD,39.16424,-86.4984
2013,6,3,Weekday,1200,2-Car,No injury/unknown,FAILURE TO YIELD RIGHT OF WAY,3RD & COLLEGE MALL RD,39.16424,-86.4984
2013,4,2,Weekday,2300,2-Car,Non-incapacitating,FOLLOWING TOO CLOSELY,EAST 3RD ST & SOUTH COLLEGE MALL,39.16424,-86.4984
2013,4,7,Weekend,1400,2-Car,No injury/unknown,FAILURE TO YIELD RIGHT OF WAY,E 3RD ST & S COLLEGE MALL,39.16424,-86.4984
2013,4,7,Weekend,1800,2-Car,No injury/unknown,FOLLOWING TOO CLOSELY,3RD & SOUTH COLLEGE MALL RD,39.16424,-86.4984
2013,5,3,Weekday,1200,2-Car,No injury/unknown,OTHER (DRIVER) - EXPLAIN IN NARRATIVE,COLLEGE MALL & EAST THIRD ST,39.16424,-86.4984
2013,6,6,Weekday,1800,2-Car,No injury/unknown,FAILURE TO YIELD RIGHT OF WAY,3RD ST & COLLEGE MALL,39.16424,-86.4984
2013,7,1,Weekday,1900,2-Car,No injury/unknown,IMPROPER TURNING,3RD ST & COLLEGE MALL,39.16424,-86.4984
2013,8,1,Weekend,1200,3+ Cars,No injury/unknown,FOLLOWING TOO CLOSELY,E 3RD & S COLLEGE MALL RD,39.16424,-86.4984
2013,12,1,Weekend,1800,2-Car,No injury/unknown,FOLLOWING TOO CLOSELY,3RD & S COLLEGE MALL RD,39.16424,-86.4984
2013,12,3,Weekday,1400,2-Car,Non-incapacitating,OTHER (DRIVER) - EXPLAIN IN NARRATIVE,3RD ST & COLLEGE MALL,39.16424,-86.4984
2013,1,5,Weekday,800,2-Car,No injury/unknown,OTHER (DRIVER) - EXPLAIN IN NARRATIVE,EAST THIRD ST & SWAIN,39.16424,-86.5152
2013,2,7,Weekend,1300,2-Car,No injury/unknown,UNSAFE BACKING,EAST 3RD ST,39.16424,-86.51605714
2013,10,2,Weekday,2100,2-Car,No injury/unknown,UNSAFE BACKING,EAST 3RD ST,39.16424,-86.51605714
2013,6,2,Weekday,1800,1-Car,No injury/unknown,OTHER (DRIVER) - EXPLAIN IN NARRATIVE,E 3RD ST,39.16424,-86.51757551
2013,5,1,Weekend,1600,2-Car,No injury/unknown,FOLLOWING TOO CLOSELY,3RD ST & HIGHLAND,39.16424,-86.5176
2013,2,2,Weekday,1400,2-Car,No injury/unknown,OTHER (DRIVER) - EXPLAIN IN NARRATIVE,E 3RD ST,39.16423861,-86.49522852
2013,4,5,Weekday,1200,1-Car,No injury/unknown,RAN OFF ROAD RIGHT,E 3RD ST,39.16423861,-86.49522852
2013,5,2,Weekday,1500,2-Car,No injury/unknown,FAILURE TO YIELD RIGHT OF WAY,E 3RD ST,39.16423861,-86.49522852
2013,5,2,Weekday,800,1-Car,No injury/unknown,OTHER (DRIVER) - EXPLAIN IN NARRATIVE,EAST THIRD ST,39.16423604,-86.52510769
2013,2,6,Weekday,1100,2-Car,No injury/unknown,FAILURE TO YIELD RIGHT OF WAY,E 3RD ST & PARK RIDGE,39.16421995,-86.4763002
2013,4,6,Weekday,1700,2-Car,No injury/unknown,FOLLOWING TOO CLOSELY,3RD ST & PARK RIDGE,39.16421995,-86.4763002
2013,6,7,Weekend,1700,2-Car,Non-incapacitating,SPEED TOO FAST FOR WEATHER CONDITIONS,E 3RD ST & PARKRIDGE,39.16421995,-86.4763002
2013,8,6,Weekday,1300,2-Car,Non-incapacitating,FAILURE TO YIELD RIGHT OF WAY,PARK RIDGE & THIRD ST,39.16421995,-86.4763002
2013,7,2,Weekday,1900,2-Car,Non-incapacitating,FOLLOWING TOO CLOSELY,3RD & SR37N,39.1642189,-86.48274993
2013,10,6,Weekday,1100,2-Car,No injury/unknown,FOLLOWING TOO CLOSELY,3RD & SR46E,39.1642189,-86.48274993
2013,5,6,Weekday,1400,1-Car,Non-incapacitating,RAN OFF ROAD RIGHT,E 3RD ST & S PARKRIDGE,39.16421882,-86.47630972
2013,9,1,Weekend,1700,2-Car,No injury/unknown,OTHER (DRIVER) - EXPLAIN IN NARRATIVE,3RD & S HIGH ST,39.16421467,-86.508288
2013,3,6,Weekday,1100,2-Car,No injury/unknown,UNSAFE BACKING,E THIRD ST,39.16421391,-86.51622354
2013,11,6,Weekday,1400,2-Car,Non-incapacitating,FOLLOWING TOO CLOSELY,3RD & SR46N,39.16421127,-86.49083709
2013,12,4,Weekday,1100,3+ Cars,Non-incapacitating,OTHER (DRIVER) - EXPLAIN IN NARRATIVE,3RD & SR46E,39.16421127,-86.49083709
2013,1,4,Weekday,1200,2-Car,Non-incapacitating,OTHER (DRIVER) - EXPLAIN IN NARRATIVE,3RD ST & SMITH,39.16420989,-86.48122005
2013,3,6,Weekday,1800,2-Car,No injury/unknown,LEFT OF CENTER,SMITH RD & THIRD,39.16420989,-86.48122005
2013,10,1,Weekday,1900,2-Car,Non-incapacitating,DISREGARD SIGNAL/REG SIGN,3RD ST & SMITH,39.16420989,-86.48122005
2013,10,2,Weekday,1600,2-Car,No injury/unknown,UNSAFE LANE MOVEMENT,3RD ST & SMITH,39.16420989,-86.48129356
2013,5,4,Weekday,1800,2-Car,No injury/unknown,FOLLOWING TOO CLOSELY,3RD ST & PLEASANT RIDGE,39.16420989,-86.48928008
2013,7,3,Weekday,1800,2-Car,Non-incapacitating,DISREGARD SIGNAL/REG SIGN,3RD ST & KINGSTON,39.16420989,-86.49303987
2013,12,5,Weekday,1400,Bus,No injury/unknown,FOLLOWING TOO CLOSELY,3RD ST & KINGSTON,39.16420989,-86.49303987
2013,11,6,Weekday,1600,2-Car,No injury/unknown,UNSAFE BACKING,3RD ST,39.16420519,-86.49962872
2013,12,6,Weekday,1300,2-Car,No injury/unknown,ROADWAY SURFACE CONDITION,BASSWOOD DR & GREEN LEAF,39.16420139,-86.5725097
2013,3,5,Weekday,1800,2-Car,No injury/unknown,DISREGARD SIGNAL/REG SIGN,E THIRD ST,39.16416496,-86.49437427
2013,4,2,Weekday,1500,2-Car,No injury/unknown,OTHER (DRIVER) - EXPLAIN IN NARRATIVE,THIRD ST,39.16416496,-86.49437427
2013,5,2,Weekday,1900,2-Car,No injury/unknown,UNSAFE BACKING,EAST THIRD ST,39.16416496,-86.4947424
2013,7,4,Weekday,1400,2-Car,No injury/unknown,UNSAFE BACKING,EAST THIRD ST,39.16416496,-86.4947424
2013,9,5,Weekday,100,2-Car,No injury/unknown,FAILURE TO YIELD RIGHT OF WAY,EAST THIRD ST,39.16416496,-86.4947424
2013,10,7,Weekend,1300,2-Car,No injury/unknown,FAILURE TO YIELD RIGHT OF WAY,E THIRD ST,39.16416496,-86.4947424
2013,11,3,Weekday,1200,2-Car,No injury/unknown,OTHER (DRIVER) - EXPLAIN IN NARRATIVE,WEST 3RD ST,39.16414261,-86.58426666
2013,1,4,Weekday,2100,2-Car,No injury/unknown,OTHER (DRIVER) - EXPLAIN IN NARRATIVE,3RD & CLIFTON AVE,39.16410267,-86.5096
2013,3,5,Weekday,1800,2-Car,No injury/unknown,UNSAFE BACKING,S FESS AVE,39.16406237,-86.52593381
2013,5,5,Weekday,2100,1-Car,No injury/unknown,IMPROPER TURNING,S FESS AVE,39.16406237,-86.52593381
2013,11,7,Weekend,1200,2-Car,No injury/unknown,IMPROPER TURNING,SOUTH FESS AVE,39.16406237,-86.52593381
2013,12,3,Weekday,1500,2-Car,No injury/unknown,FAILURE TO YIELD RIGHT OF WAY,S COLLEGE MALL RD,39.16405257,-86.49835886
2013,10,7,Weekend,2100,2-Car,No injury/unknown,,3RD & S COLLEGE MALL RD,39.16403695,-86.49835543
2013,7,3,Weekday,1300,2-Car,No injury/unknown,UNSAFE SPEED,OARD & SR48W,39.16400931,-86.62335763
2013,2,3,Weekday,1000,2-Car,No injury/unknown,UNSAFE BACKING,HENDERSON AVE,39.16398928,-86.52733393
2013,10,2,Weekday,1800,2-Car,No injury/unknown,FAILURE TO YIELD RIGHT OF WAY,3RD & KINGSTON DR,39.16396575,-86.49296313
2013,4,7,Weekend,1300,2-Car,No injury/unknown,IMPROPER TURNING,S COLLEGE MALL RD,39.16394547,-86.49833535
2013,7,6,Weekday,800,1-Car,No injury/unknown,DRIVER ASLEEP OR FATIGUED,CAVE & SR48W,39.16394376,-86.63364868
2013,10,5,Weekday,1500,2-Car,No injury/unknown,UNSAFE BACKING,EAST THIRD ST,39.16390228,-86.52293395
2013,2,7,Weekend,1300,2-Car,No injury/unknown,UNSAFE BACKING,S COLLEGE MALL RD,39.16387595,-86.49826213
2013,11,6,Weekday,1800,1-Car,No injury/unknown,ANIMAL/OBJECT IN ROADWAY,CAVE & SR48,39.16387512,-86.6342742
2013,9,5,Weekday,1600,2-Car,No injury/unknown,UNSAFE SPEED,CAVE & SR48,39.16377133,-86.63544109
2013,4,4,Weekday,500,1-Car,No injury/unknown,UNSAFE SPEED,S WALNUT ST ST,39.16376229,-86.5336
2013,10,7,Weekend,1500,Pedestrian,Non-incapacitating,UNSAFE BACKING,S CURRY PIKE,39.16371971,-86.58282481
2013,8,4,Weekday,1800,2-Car,No injury/unknown,UNSAFE BACKING,SOUTH SWAIN AVE,39.16365433,-86.51498413
2013,1,5,Weekday,2100,1-Car,No injury/unknown,ANIMAL/OBJECT IN ROADWAY,BENDER & SR46E,39.163648,-86.438
2013,6,1,Weekday,2000,1-Car,No injury/unknown,ANIMAL/OBJECT IN ROADWAY,BENDER & SR46E,39.16362283,-86.43932262
2013,2,6,Weekday,1400,2-Car,Non-incapacitating,FOLLOWING TOO CLOSELY,3000 W 3RD ST & RAMP 13,39.16362,-86.49514
2013,11,4,Weekday,600,2-Car,Non-incapacitating,FOLLOWING TOO CLOSELY,SR37N,39.16360866,-86.57265186
2013,1,6,Weekend,2200,2-Car,No injury/unknown,FOLLOWING TOO CLOSELY,SR46E & TWINLEAF,39.16359844,-86.44433578
2013,5,5,Weekday,1600,2-Car,No injury/unknown,FOLLOWING TOO CLOSELY,SR46E & TWINLEAF,39.16359844,-86.44436171
2013,2,2,Weekday,1100,2-Car,Non-incapacitating,FAILURE TO YIELD RIGHT OF WAY,SO COLLEGE MALL RD,39.16355896,-86.49880218
2013,3,6,Weekend,2000,2-Car,No injury/unknown,UNSAFE BACKING,S SWAIN AVE,39.16355811,-86.51532769
2013,5,7,Weekend,1200,2-Car,No injury/unknown,OTHER (DRIVER) - EXPLAIN IN NARRATIVE,GARRISON CHAPEL & SR48W,39.163552,-86.649696
2013,7,5,Weekday,2200,1-Car,No injury/unknown,IMPROPER TURNING,GARRISON CHAPEL & SR48W,39.163552,-86.649696
2013,11,6,Weekend,1900,2-Car,No injury/unknown,UNSAFE BACKING,KIRBY RD & SR48,39.16352949,-86.61068058
2013,7,3,Weekday,1500,2-Car,No injury/unknown,,S COLLEGE MALL RD,39.16348837,-86.49819239
2013,9,2,Weekday,1400,2-Car,No injury/unknown,FOLLOWING TOO CLOSELY,SR48W & STONECHASE,39.16347885,-86.59490863
2013,1,4,Weekday,700,2-Car,No injury/unknown,UNSAFE BACKING,3RD ST & PATTERSON,39.16344009,-86.55128002
2013,3,4,Weekday,700,2-Car,No injury/unknown,SPEED TOO FAST FOR WEATHER CONDITIONS,PATTERSON & W 3RD ST,39.16344009,-86.55128002
2013,3,4,Weekday,700,2-Car,No injury/unknown,SPEED TOO FAST FOR WEATHER CONDITIONS,PATTERSON & THIRD ST,39.16344009,-86.55128002
2013,6,2,Weekday,1500,2-Car,No injury/unknown,OTHER (DRIVER) - EXPLAIN IN NARRATIVE,PATTERSON & W 3RD ST,39.16344009,-86.55128002
2013,6,6,Weekday,1200,2-Car,No injury/unknown,UNSAFE LANE MOVEMENT,PATTERSON & THIRD ST,39.16344009,-86.55128002
2013,12,3,Weekday,1500,2-Car,No injury/unknown,FOLLOWING TOO CLOSELY,PATTERSON & WEST THIRD ST,39.16344009,-86.55128002
2013,12,7,Weekend,2300,2-Car,No injury/unknown,FOLLOWING TOO CLOSELY,PATTERSON & THIRD ST,39.16344009,-86.55128002
2013,2,3,Weekday,500,1-Car,No injury/unknown,DRIVER DISTRACTED - EXPLAIN IN NARRATIVE,PATTERSON & WEST 3RD ST,39.16344009,-86.55128867
2013,7,5,Weekday,1800,2-Car,Non-incapacitating,FAILURE TO YIELD RIGHT OF WAY,S PATTERSON & W 3RD ST,39.16344009,-86.55130598
2013,6,1,Weekend,1000,2-Car,No injury/unknown,OTHER (DRIVER) - EXPLAIN IN NARRATIVE,S PARKWAY DR,39.16344,-86.5888
2013,8,6,Weekday,1800,2-Car,Non-incapacitating,FAILURE TO YIELD RIGHT OF WAY,CLARIZZ BLVD & WILMINGTON,39.16343004,-86.49082973
2013,7,4,Weekday,1800,2-Car,No injury/unknown,FAILURE TO YIELD RIGHT OF WAY,CLARIZZ BLVD & WILLMINGTON,39.16343004,-86.49082973
2013,4,3,Weekday,1400,2-Car,No injury/unknown,FAILURE TO YIELD RIGHT OF WAY,3RD & S COLLEGE MALL RD,39.16342781,-86.49822171
2013,1,6,Weekday,200,1-Car,No injury/unknown,ANIMAL/OBJECT IN ROADWAY,GARRISON CHAPEL & SR48W,39.16339763,-86.64617348
2013,3,4,Weekday,1300,2-Car,No injury/unknown,,LANDMARK DR,39.16334534,-86.55659484
2013,7,6,Weekday,1500,2-Car,No injury/unknown,UNSAFE BACKING,SOUTH LANDMARK AVE,39.16334534,-86.55659484
2013,3,6,Weekday,1800,2-Car,No injury/unknown,OTHER (DRIVER) - EXPLAIN IN NARRATIVE,E ATWATER AVE,39.16334152,-86.51577758
2013,2,3,Weekday,1300,2-Car,No injury/unknown,OTHER (DRIVER) - EXPLAIN IN NARRATIVE,EAST ATWATER AVE,39.16333008,-86.51999664
2013,11,2,Weekday,800,2-Car,No injury/unknown,FAILURE TO YIELD RIGHT OF WAY,ATWATER AVE & FESS,39.163328,-86.525808
2013,9,1,Weekend,1800,2-Car,No injury/unknown,UNSAFE BACKING,S CURRY & W BELLE AVE,39.16331408,-86.58302262
2013,10,4,Weekday,700,Cyclist,Non-incapacitating,FAILURE TO YIELD RIGHT OF WAY,2222 E 3RD ST & S ROOSERVELT,39.163303,-86.50644483
2013,11,7,Weekend,1300,1-Car,No injury/unknown,UNSAFE LANE MOVEMENT,48 & SR37S,39.16330196,-86.57312605
2013,9,2,Weekday,1600,2-Car,No injury/unknown,DISREGARD SIGNAL/REG SIGN,BELLE AVE & PARKWAY,39.16327983,-86.58895969
2013,1,3,Weekday,1500,Pedestrian,Non-incapacitating,FAILURE TO YIELD RIGHT OF WAY,ATWATER & S HAWTHORNE DR,39.163232,-86.520176
2013,9,4,Weekday,1500,1-Car,No injury/unknown,OVERCORRECTING/OVERSTEERING,ATWATER AVE & INDIANA,39.16323021,-86.52783013
2013,6,3,Weekday,1900,2-Car,No injury/unknown,IMPROPER TURNING,SOUTH HIGHLAND AVE,39.1632,-86.517584
2013,11,1,Weekday,2300,2-Car,No injury/unknown,DISREGARD SIGNAL/REG SIGN,E ATWATER AVE & JORDAN,39.163168,-86.516384
2013,10,1,Weekend,1600,2-Car,No injury/unknown,WRONG WAY ON ONE WAY,E ATWATER AVE,39.16315913,-86.52214653
2013,11,6,Weekday,1200,2-Car,No injury/unknown,UNSAFE BACKING,E ATWATER AVE,39.16315913,-86.52214653
2013,12,6,Weekday,700,2-Car,No injury/unknown,UNSAFE BACKING,E ATWATER AVE,39.16315913,-86.52214653
2013,4,4,Weekday,1200,2-Car,No injury/unknown,UNSAFE BACKING,LANDMARK AVE,39.1631484,-86.55621595
2013,4,4,Weekday,800,2-Car,No injury/unknown,OTHER (DRIVER) - EXPLAIN IN NARRATIVE,S LANDMARK AVE,39.1631484,-86.55621595
2013,8,5,Weekday,1000,2-Car,No injury/unknown,DISREGARD SIGNAL/REG SIGN,ATWATER AVE & HENDERSON,39.16313969,-86.52727022
2013,12,2,Weekday,1300,2-Car,No injury/unknown,FAILURE TO YIELD RIGHT OF WAY,ATWATER & MITCHELL ST,39.163136,-86.514096
2013,1,5,Weekday,1500,2-Car,No injury/unknown,UNSAFE BACKING,S LINCOLN ST & SMITH,39.16312265,-86.53103755
2013,12,3,Weekday,900,2-Car,No injury/unknown,FAILURE TO YIELD RIGHT OF WAY,ATWATER AVE AVE & FESS,39.16312024,-86.52590028
2013,2,4,Weekday,1500,2-Car,Non-incapacitating,FAILURE TO YIELD RIGHT OF WAY,E ATWATER AVE & S EASTSIDE,39.16312,-86.513088
2013,10,4,Weekday,1900,2-Car,No injury/unknown,UNSAFE BACKING,ATWATER AVE & FACULTY,39.16311023,-86.5217975
2013,2,6,Weekday,900,2-Car,No injury/unknown,SPEED TOO FAST FOR WEATHER CONDITIONS,E  ATWATER AVE & S PARK,39.16311018,-86.52403011
2013,9,1,Weekend,1100,1-Car,No injury/unknown,RAN OFF ROAD RIGHT,ATWATER AVE & PARK,39.16311018,-86.52403011
2013,11,6,Weekday,1500,1-Car,No injury/unknown,RAN OFF ROAD RIGHT,ARBUTUS & E ATWATER AVE,39.16310628,-86.51223709
2013,10,3,Weekday,0,2-Car,No injury/unknown,OTHER (DRIVER) - EXPLAIN IN NARRATIVE,S BALLANTINE RD,39.16309649,-86.51902596
2013,6,4,Weekday,0,1-Car,No injury/unknown,RAN OFF ROAD RIGHT,ATWATER & HIGH ST,39.16308001,-86.50846995
2013,6,4,Weekday,2200,1-Car,No injury/unknown,SPEED TOO FAST FOR WEATHER CONDITIONS,ATWATER & HIGH ST,39.16308001,-86.50846995
2013,11,7,Weekend,1300,2-Car,No injury/unknown,FAILURE TO YIELD RIGHT OF WAY,ATWATER AVE & MITCHELL,39.16308001,-86.5141797
2013,10,5,Weekday,1100,2-Car,No injury/unknown,IMPROPER TURNING,ATWATER AVE & SWAIN,39.16308001,-86.51527002
2013,1,2,Weekday,1800,Bus,No injury/unknown,OVERCORRECTING/OVERSTEERING,ATWATER & JORDAN AVE,39.16307055,-86.51640172
2013,11,7,Weekend,0,2-Car,No injury/unknown,OTHER (DRIVER) - EXPLAIN IN NARRATIVE,ATWATER AVE & JORDAN,39.16307055,-86.51640172
2013,1,2,Weekday,1000,Bus,No injury/unknown,FAILURE TO YIELD RIGHT OF WAY,ATWATER AVE & BALLANTINE,39.16306995,-86.51912972
2013,4,2,Weekday,1700,2-Car,No injury/unknown,FAILURE TO YIELD RIGHT OF WAY,ATWATER AVE & BALLANTINE,39.16306995,-86.51912972
2013,10,3,Weekday,1500,2-Car,No injury/unknown,FOLLOWING TOO CLOSELY,ATWATER AVE & JORDAN,39.16306824,-86.51584473
2013,5,4,Weekday,900,2-Car,No injury/unknown,FAILURE TO YIELD RIGHT OF WAY,EAST ATWATER AVE,39.1630666,-86.52385242
2013,1,5,Weekday,1900,2-Car,No injury/unknown,OTHER (ENVIRONMENTAL) - EXPLAIN IN NARR,E ATWATER AVE & HIGHLAND,39.16305989,-86.5177173
2013,1,5,Weekday,1800,Bus,No injury/unknown,ROADWAY SURFACE CONDITION,ATWATER AVE & HIGHLAND,39.16305989,-86.51773028
2013,4,3,Weekday,1300,2-Car,No injury/unknown,FAILURE TO YIELD RIGHT OF WAY,ATWATER AVE & HIGHLAND,39.16305989,-86.51773028
2013,6,6,Weekday,1200,2-Car,Non-incapacitating,FOLLOWING TOO CLOSELY,ATWATER ST & HIGHLAND,39.16305989,-86.51773028
2013,8,3,Weekday,1300,2-Car,No injury/unknown,FAILURE TO YIELD RIGHT OF WAY,ATWATER AVE & HIGHLAND,39.16305989,-86.51773028
2013,10,4,Weekday,1700,2-Car,No injury/unknown,UNSAFE BACKING,ALLEY EAST OF JORDAN AVE & ATWATER,39.16305243,-86.5163888
2013,1,4,Weekday,1800,2-Car,No injury/unknown,IMPROPER LANE USAGE,ATWATER & JORDAN AVE,39.16304983,-86.51638984
2013,4,7,Weekend,100,2-Car,Non-incapacitating,DISREGARD SIGNAL/REG SIGN,ATWATER AVE & JORDAN,39.16304983,-86.51638984
2013,10,5,Weekday,1100,2-Car,No injury/unknown,SPEED TOO FAST FOR WEATHER CONDITIONS,ATWATER AVE & JORDAN,39.16304983,-86.51638984
2013,2,7,Weekend,2000,1-Car,No injury/unknown,ANIMAL/OBJECT IN ROADWAY,FAIRFAX RD & SMITHVILLE,39.16304,-86.5408
2013,12,6,Weekday,1300,2-Car,Non-incapacitating,DISREGARD SIGNAL/REG SIGN,EASTLAND PLAZA & S COLLEGE MALL RD,39.16300972,-86.498124
2013,6,2,Weekday,1600,Bus,No injury/unknown,IMPROPER TURNING,HAGAN ST & SMITH,39.16294992,-86.48080028
2013,1,7,Weekend,100,2-Car,No injury/unknown,FAILURE TO YIELD RIGHT OF WAY,500 S LIBERTY DR & NORTHWEST DR  WHITAHALL PLAZA,39.162895,-86.580246
2013,10,5,Weekday,800,2-Car,Non-incapacitating,UNSAFE LANE MOVEMENT,SMITH & WALNUT ST,39.16285001,-86.53362974
2013,9,3,Weekday,1700,Cyclist,Incapacitating,IMPROPER TURNING,COLLEGE AVE & SMITH,39.16285001,-86.53494
2013,6,4,Weekday,1800,2-Car,Non-incapacitating,FAILURE TO YIELD RIGHT OF WAY,E SMITH AVE & HENDERSON,39.162848,-86.527184
2013,2,6,Weekday,1100,2-Car,No injury/unknown,FAILURE TO YIELD RIGHT OF WAY,S WASHINGTON ST & SMITH,39.162848,-86.5324
2013,4,7,Weekend,1800,2-Car,No injury/unknown,OTHER (DRIVER) - EXPLAIN IN NARRATIVE,WASHINGTON ST,39.162848,-86.5324
2013,6,6,Weekday,1600,2-Car,No injury/unknown,IMPROPER PASSING,E SMITH AVE & S WASHINGTON,39.16283995,-86.53238989
2013,1,7,Weekend,1400,2-Car,No injury/unknown,UNSAFE BACKING,SOUTH COLLEGE AVE,39.16272914,-86.53483429
2013,10,6,Weekday,200,3+ Cars,No injury/unknown,OTHER (DRIVER) - EXPLAIN IN NARRATIVE,GRANT ST & SMITH,39.16271068,-86.52974556
2013,2,5,Weekday,1300,2-Car,No injury/unknown,UNSAFE BACKING,400 E 7TH (SOUTH ALLEY) ST & GRANT,39.162685,-86.53008192
2013,2,6,Weekday,1000,2-Car,No injury/unknown,OTHER (DRIVER) - EXPLAIN IN NARRATIVE,400 EAST SMITH AVE & DUNN,39.162682,-86.529694
2013,8,4,Weekday,800,1-Car,No injury/unknown,RAN OFF ROAD RIGHT,W HOWE ST,39.16265869,-86.54165649