Year,Month,Day,Weekend?,Hour,Collision Type,Injury Type,Primary Factor,Reported_Location,Latitude,Longitude
2013,11,4,Weekday,2000,1-Car,No injury/unknown,UNSAFE BACKING,W HOWE ST,39.16265869,-86.54165649
2013,7,2,Weekday,900,2-Car,Non-incapacitating,FAILURE TO YIELD RIGHT OF WAY,BIRDIE GALYAN & SR46E,39.162656,-86.413296
2013,12,4,Weekday,2200,1-Car,No injury/unknown,ANIMAL/OBJECT IN ROADWAY,BIRDIE GALYAN & SR46E,39.16254879,-86.41318576
2013,4,3,Weekday,1600,2-Car,No injury/unknown,UNSAFE LANE MOVEMENT,CURRY PIKE & THIRD,39.16254494,-86.58292002
2013,2,2,Weekday,1600,2-Car,No injury/unknown,UNSAFE LANE MOVEMENT,9TH & COLLEGE AVE,39.16252809,-86.53485015
2013,11,2,Weekday,1300,2-Car,No injury/unknown,OTHER (DRIVER) - EXPLAIN IN NARRATIVE,9TH & COLLEGE AVE,39.16252809,-86.53485015
2013,10,2,Weekday,1700,1-Car,No injury/unknown,IMPROPER TURNING,CURRY PIKE,39.16251373,-86.58200836
2013,1,3,Weekday,900,Bus,No injury/unknown,UNSAFE LANE MOVEMENT,800 BLK W HOWE ST & EUCLID,39.1624866,-86.5429434
2013,12,6,Weekday,1600,2-Car,No injury/unknown,,HOWE ST & ROGERS,39.1624,-86.538592
2013,9,1,Weekday,1900,2-Car,No injury/unknown,OTHER (DRIVER) - EXPLAIN IN NARRATIVE,S PARK RIDGE RD,39.16235849,-86.47618889
2013,7,2,Weekday,1600,3+ Cars,Non-incapacitating,FOLLOWING TOO CLOSELY,6TH & ROGERS ST,39.16230252,-86.53867967
2013,4,2,Weekday,1700,2-Car,Incapacitating,FAILURE TO YIELD RIGHT OF WAY,HENDERSON & HUNTER AVE,39.16225992,-86.52728331
2013,1,5,Weekday,100,2-Car,No injury/unknown,,EAST HUNTER & SOUTH FESS AVE,39.16224986,-86.52590967
2013,7,4,Weekday,100,2-Car,No injury/unknown,FAILURE TO YIELD RIGHT OF WAY,HUNTER AVE & JORDAN,39.16224,-86.516368
2013,8,5,Weekday,900,2-Car,No injury/unknown,IMPROPER LANE USAGE,HIGHLAND AVE & HUNTER,39.16224,-86.5176
2013,11,2,Weekday,2200,2-Car,No injury/unknown,FAILURE TO YIELD RIGHT OF WAY,FESS & HUNTER AVE,39.16224,-86.525824
2013,2,1,Weekend,700,1-Car,Non-incapacitating,LEFT OF CENTER,CURRY & SR46W,39.16222,-86.58275355
2013,10,4,Weekday,1200,2-Car,No injury/unknown,FAILURE TO YIELD RIGHT OF WAY,HUNTER AVE & PARK,39.16221969,-86.52402006
2013,3,3,Weekday,1500,2-Car,No injury/unknown,FOLLOWING TOO CLOSELY,ROGERS ST,39.16221835,-86.5387474
2013,2,2,Weekday,1600,2-Car,Non-incapacitating,FAILURE TO YIELD RIGHT OF WAY,HAWTHORNE DR & HUNTER,39.1622103,-86.52019992
2013,8,5,Weekday,2100,2-Car,No injury/unknown,UNSAFE BACKING,S COLLEGE MALL RD,39.16220093,-86.49866485
2013,1,6,Weekday,1700,2-Car,No injury/unknown,FAILURE TO YIELD RIGHT OF WAY,BALLANTINE & HUNTER AVE,39.16220024,-86.51913978
2013,6,3,Weekday,1300,2-Car,No injury/unknown,FAILURE TO YIELD RIGHT OF WAY,HUNTER & JORDAN AVE,39.16218013,-86.51637978
2013,10,7,Weekend,1300,2-Car,Non-incapacitating,LEFT OF CENTER,SPRIGGS & STONECHASE XING,39.16195325,-86.59598708
2013,12,2,Weekday,1400,2-Car,No injury/unknown,OTHER (VEHICLE) - EXPLAIN IN NARRATIVE,S COLLEGE MALL RD,39.16191346,-86.49789927
2013,9,3,Weekday,1900,2-Car,No injury/unknown,,S PARK RIDGE RD,39.1619072,-86.47730255
2013,9,3,Weekday,700,2-Car,No injury/unknown,FAILURE TO YIELD RIGHT OF WAY,2ND & MADISON ST,39.16189999,-86.537296
2013,7,4,Weekday,1700,2-Car,No injury/unknown,UNSAFE BACKING,S MULLER PKWY,39.16180998,-86.56743228
2013,4,1,Weekend,1600,2-Car,No injury/unknown,UNSAFE BACKING,MULLER PKWY,39.16177176,-86.567327
2013,10,3,Weekday,1700,2-Car,No injury/unknown,UNSAFE BACKING,MULLER PKWY,39.1617503,-86.56746782
2013,4,7,Weekend,1000,2-Car,No injury/unknown,UNSAFE BACKING,MULLER PKWY,39.16171275,-86.56736254
2013,7,4,Weekday,1200,2-Car,No injury/unknown,,SOUTH MULLER PKWY,39.16169129,-86.56750336
2013,8,3,Weekday,1500,1-Car,No injury/unknown,RAN OFF ROAD RIGHT,SOUTH MULLER PKWY,39.16163228,-86.5675389
2013,4,6,Weekday,0,2-Car,No injury/unknown,,E SECOND ST,39.16160965,-86.50016784
2013,3,6,Weekday,800,2-Car,Incapacitating,DRIVER DISTRACTED - EXPLAIN IN NARRATIVE,SR37N & VERNAL,39.16158141,-86.55998992
2013,7,3,Weekday,2200,1-Car,No injury/unknown,OTHER (VEHICLE) - EXPLAIN IN NARRATIVE,500 BLK W 2ND ST & ROGERS,39.16154417,-86.54035571
2013,5,5,Weekday,700,2-Car,No injury/unknown,IMPROPER TURNING,W 2ND ST,39.16153675,-86.53981487
2013,2,3,Weekday,900,2-Car,No injury/unknown,FOLLOWING TOO CLOSELY,ROGERS & W 2ND ST,39.16152,-86.538592
2013,3,4,Weekday,600,3+ Cars,Non-incapacitating,VIEW OBSTRUCTED,ROGERS & W 2ND ST,39.16152,-86.538592
2013,5,7,Weekend,2300,Cyclist,Non-incapacitating,FAILURE TO YIELD RIGHT OF WAY,2ND ST & ROGERS,39.16152,-86.538592
2013,7,5,Weekday,1300,2-Car,Non-incapacitating,DISREGARD SIGNAL/REG SIGN,ROGERS & SECOND ST,39.16152,-86.538592
2013,11,6,Weekend,2100,2-Car,No injury/unknown,FOLLOWING TOO CLOSELY,2ND ST & COLLEGE,39.16145959,-86.53555315
2013,3,6,Weekday,1500,2-Car,No injury/unknown,OTHER (DRIVER) - EXPLAIN IN NARRATIVE,SOUTH MULLER PKWY,39.16145392,-86.56764551
2013,4,7,Weekend,1800,2-Car,No injury/unknown,FAILURE TO YIELD RIGHT OF WAY,S MULLER PKWY,39.16145392,-86.56764551
2013,6,6,Weekday,0,Moped/Motorcycle,Non-incapacitating,WRONG WAY ON ONE WAY,2ND & HENDERSON ST,39.16144,-86.527152
2013,7,4,Weekday,1900,2-Car,No injury/unknown,OTHER (DRIVER) - EXPLAIN IN NARRATIVE,W 2ND ST,39.16144,-86.527152
2013,8,1,Weekend,800,1-Car,No injury/unknown,RAN OFF ROAD RIGHT,E 2ND ST,39.16144,-86.52929516
2013,9,7,Weekend,800,1-Car,No injury/unknown,RAN OFF ROAD RIGHT,WEST 2ND ST,39.16144,-86.52952758
2013,8,6,Weekday,1300,1-Car,No injury/unknown,RAN OFF ROAD RIGHT,2ND ST & GRANT,39.16144,-86.52976
2013,8,7,Weekend,1200,2-Car,No injury/unknown,FAILURE TO YIELD RIGHT OF WAY,E 2ND ST & SO GRANT,39.16144,-86.52976
2013,12,3,Weekday,1300,2-Car,No injury/unknown,FAILURE TO YIELD RIGHT OF WAY,E 2ND ST & GRANT,39.16144,-86.52976
2013,3,3,Weekday,1200,2-Car,No injury/unknown,FAILURE TO YIELD RIGHT OF WAY,2ND & S LINCOLN ST,39.16144,-86.531056
2013,9,2,Weekday,1700,2-Car,No injury/unknown,,E 2ND ST,39.16144,-86.5324
2013,9,6,Weekday,1600,2-Car,No injury/unknown,FOLLOWING TOO CLOSELY,2ND & S WASHINGTON ST,39.16144,-86.5324
2013,9,4,Weekday,1300,2-Car,No injury/unknown,BRAKE FAILURE OR DEFECTIVE,2ND & WALNUT ST,39.16144,-86.5336
2013,6,1,Weekend,1000,2-Car,Non-incapacitating,DISREGARD SIGNAL/REG SIGN,2ND ST & COLLEGE,39.16144,-86.534848
2013,4,5,Weekday,2000,2-Car,No injury/unknown,FOLLOWING TOO CLOSELY,2ND ST & COLLEGE,39.16144,-86.534848
2013,1,1,Weekend,200,Moped/Motorcycle,Non-incapacitating,OTHER (DRIVER) - EXPLAIN IN NARRATIVE,2ND ST & WALKER,39.16142978,-86.54613591
2013,9,1,Weekend,1400,2-Car,Non-incapacitating,DISREGARD SIGNAL/REG SIGN,2ND ST & WALKER,39.16142978,-86.54614023
2013,11,6,Weekday,1100,2-Car,No injury/unknown,FOLLOWING TOO CLOSELY,2ND ST & WALKER,39.16142978,-86.54614456
2013,3,4,Weekday,1400,2-Car,Non-incapacitating,FOLLOWING TOO CLOSELY,BLOOMFIELD RD & WALKER,39.16142978,-86.54614889
2013,3,3,Weekday,1700,1-Car,Incapacitating,RAN OFF ROAD RIGHT,2ND ST & WALKER,39.16142978,-86.54615754
2013,6,2,Weekday,1700,3+ Cars,No injury/unknown,FOLLOWING TOO CLOSELY,MAPLE & WEST 2ND ST,39.16141033,-86.54224969
2013,10,6,Weekday,1400,3+ Cars,Non-incapacitating,FOLLOWING TOO CLOSELY,2ND ST & MAPLE,39.16141033,-86.54224969
2013,7,7,Weekend,1000,2-Car,No injury/unknown,FOLLOWING TOO CLOSELY,2ND & WALNUT ST,39.16140027,-86.53362974
2013,10,2,Weekday,300,1-Car,No injury/unknown,UNSAFE SPEED,2ND ST & WALNUT,39.16140027,-86.53362974
2013,10,2,Weekday,700,Cyclist,Non-incapacitating,FAILURE TO YIELD RIGHT OF WAY,2ND ST & WALNUT,39.16140027,-86.53362974
2013,11,4,Weekday,1500,1-Car,No injury/unknown,IMPROPER TURNING,2ND ST & WALNUT,39.16140027,-86.53362974
2013,12,7,Weekend,2200,2-Car,No injury/unknown,FAILURE TO YIELD RIGHT OF WAY,2ND ST & WALNUT,39.16140027,-86.53362974
2013,4,6,Weekday,1700,Pedestrian,Non-incapacitating,PEDESTRIAN ACTION,2ND ST & WALNUT,39.16140027,-86.53364272
2013,1,6,Weekday,800,2-Car,No injury/unknown,OVERCORRECTING/OVERSTEERING,2ND ST & ROGERS,39.16140027,-86.53858374
2013,12,2,Weekday,1600,2-Car,No injury/unknown,FAILURE TO YIELD RIGHT OF WAY,SOUTH ROGERS & WEST 2ND ST,39.16140027,-86.53865297
2013,1,5,Weekday,700,2-Car,Non-incapacitating,FOLLOWING TOO CLOSELY,2ND & ROGERS ST,39.16140027,-86.53867028
2013,2,3,Weekday,1400,2-Car,No injury/unknown,SPEED TOO FAST FOR WEATHER CONDITIONS,2ND & ROGERS ST,39.16140027,-86.53867028
2013,6,3,Weekday,900,2-Car,No injury/unknown,DISREGARD SIGNAL/REG SIGN,ROGERS & WEST 2ND ST,39.16140027,-86.53867028
2013,6,3,Weekday,1300,2-Car,Non-incapacitating,FOLLOWING TOO CLOSELY,2ND ST & ROGERS,39.16140027,-86.53867028
2013,4,4,Weekday,800,2-Car,No injury/unknown,FAILURE TO YIELD RIGHT OF WAY,S ROGERS & W 2ND ST,39.16140027,-86.53867028
2013,6,6,Weekday,800,2-Car,Non-incapacitating,FAILURE TO YIELD RIGHT OF WAY,2ND ST & ROGERS,39.16140027,-86.53867028
2013,12,4,Weekday,1600,2-Car,No injury/unknown,FAILURE TO YIELD RIGHT OF WAY,ROGERS & WEST 2ND ST,39.16140027,-86.53867028
2013,12,2,Weekday,1600,2-Car,No injury/unknown,FAILURE TO YIELD RIGHT OF WAY,2ND ST & ROGERS,39.16140027,-86.53867028
2013,7,4,Weekday,1500,2-Car,Non-incapacitating,FOLLOWING TOO CLOSELY,2ND ST & MORTON,39.16139022,-86.53630994
2013,11,6,Weekday,1700,3+ Cars,No injury/unknown,FOLLOWING TOO CLOSELY,2ND ST & MORTON,39.16139022,-86.53630994
2013,11,5,Weekday,900,2-Car,No injury/unknown,FOLLOWING TOO CLOSELY,2ND ST & MORTON,39.16139022,-86.53630994
2013,9,3,Weekday,700,2-Car,No injury/unknown,DISREGARD SIGNAL/REG SIGN,COLLEGE & WEST 2ND ST,39.16138016,-86.53492994
2013,11,3,Weekday,1600,2-Car,No injury/unknown,FAILURE TO YIELD RIGHT OF WAY,2ND & COLLEGE AVE,39.16138016,-86.53492994
2013,12,5,Weekday,1100,2-Car,Non-incapacitating,DISREGARD SIGNAL/REG SIGN,2ND ST & COLLEGE,39.16138016,-86.53492994
2013,9,5,Weekday,600,2-Car,Non-incapacitating,IMPROPER LANE USAGE,2ND ST & COLLEGE,39.16138016,-86.53493427
2013,7,1,Weekend,1200,2-Car,No injury/unknown,FAILURE TO YIELD RIGHT OF WAY,S COLLEGE AVE & W 2ND,39.16137851,-86.53492981
2013,2,5,Weekday,1100,2-Car,No injury/unknown,UNSAFE BACKING,W 2ND ST,39.16137077,-86.54158517
2013,1,7,Weekend,100,Cyclist,No injury/unknown,OTHER (VEHICLE) - EXPLAIN IN NARRATIVE,2ND & WASHINGTON ST,39.16136004,-86.53241001
2013,10,4,Weekday,2200,2-Car,No injury/unknown,FOLLOWING TOO CLOSELY,2ND ST & WASHINGTON,39.16136004,-86.53241001
2013,10,6,Weekday,1200,2-Car,No injury/unknown,OTHER (DRIVER) - EXPLAIN IN NARRATIVE,W 2ND ST,39.16135535,-86.53980821
2013,9,3,Weekday,1900,2-Car,No injury/unknown,FAILURE TO YIELD RIGHT OF WAY,2ND ST & DUNN,39.16134998,-86.52841016
2013,10,7,Weekend,1400,2-Car,No injury/unknown,FAILURE TO YIELD RIGHT OF WAY,2ND ST & DUNN,39.16134998,-86.52841449
2013,7,2,Weekday,300,1-Car,No injury/unknown,RAN OFF ROAD RIGHT,2ND ST & PARK,39.16131981,-86.52399994
2013,5,7,Weekend,1000,2-Car,No injury/unknown,DISREGARD SIGNAL/REG SIGN,2ND ST & WOODLAWN,39.161312,-86.522576
2013,1,1,Weekend,1600,2-Car,No injury/unknown,OTHER (DRIVER) - EXPLAIN IN NARRATIVE,2ND ST & WOODLAWN,39.16130509,-86.52222332
2013,11,3,Weekday,1200,2-Car,No injury/unknown,UNSAFE BACKING,WEST S R 45 HWY,39.161296,-86.589792
2013,5,1,Weekday,2100,1-Car,No injury/unknown,ANIMAL/OBJECT IN ROADWAY,PARK SQUARE & SR48W,39.16121292,-86.59181007
2013,4,4,Weekday,1400,Pedestrian,Non-incapacitating,FAILURE TO YIELD RIGHT OF WAY,2ND & JORDAN AVE,39.161168,-86.516352
2013,8,5,Weekday,2000,2-Car,No injury/unknown,FAILURE TO YIELD RIGHT OF WAY,2ND & S JORDAN AVE,39.161168,-86.516352
2013,6,7,Weekend,1100,2-Car,No injury/unknown,FAILURE TO YIELD RIGHT OF WAY,S COLLEGE AVE,39.16115717,-86.53485253
2013,4,2,Weekday,1900,2-Car,No injury/unknown,OTHER (DRIVER) - EXPLAIN IN NARRATIVE,SOUTH COLLEGE AVE,39.16115717,-86.53485253
2013,5,5,Weekday,1200,2-Car,No injury/unknown,OTHER (DRIVER) - EXPLAIN IN NARRATIVE,S COLLEGE AVE,39.16115717,-86.53485253
2013,12,1,Weekend,1100,2-Car,No injury/unknown,,S COLLEGE AVE,39.16115717,-86.53485253
2013,12,7,Weekend,2200,Pedestrian,Non-incapacitating,VIEW OBSTRUCTED,COLLEGE AVE,39.16115717,-86.53485253
2013,7,3,Weekday,1700,2-Car,No injury/unknown,FAILURE TO YIELD RIGHT OF WAY,2ND ST & HAWTHORNE,39.16106969,-86.52019992
2013,3,4,Weekday,800,2-Car,No injury/unknown,FAILURE TO YIELD RIGHT OF WAY,E 2ND ST & WOODLAWN,39.16106969,-86.52264006
2013,4,4,Weekday,1000,2-Car,No injury/unknown,DISREGARD SIGNAL/REG SIGN,2ND ST & WOODLAWN,39.16106969,-86.52264006
2013,10,4,Weekday,1600,2-Car,No injury/unknown,DISREGARD SIGNAL/REG SIGN,2ND ST & WOODLAWN,39.16106969,-86.52264006
2013,10,2,Weekday,1400,2-Car,No injury/unknown,DISREGARD SIGNAL/REG SIGN,2ND ST & BALLANTINE,39.1610603,-86.51913978
2013,5,6,Weekday,1700,2-Car,Non-incapacitating,FOLLOWING TOO CLOSELY,S LANDMARK AVE,39.16104889,-86.55483245
2013,11,2,Weekday,900,2-Car,No injury/unknown,IMPROPER TURNING,LANDMARK AVE,39.16104889,-86.55483245
2013,12,2,Weekday,1800,2-Car,No injury/unknown,UNSAFE BACKING,S LANDMARK AVE,39.16104889,-86.55483245
2013,9,6,Weekday,1500,2-Car,No injury/unknown,UNSAFE BACKING,S WALNUT ST,39.16101225,-86.5336
2013,1,3,Weekday,1600,2-Car,No injury/unknown,FAILURE TO YIELD RIGHT OF WAY,E SECOND ST,39.16099325,-86.50563217
2013,4,2,Weekday,1500,2-Car,No injury/unknown,,E 2ND ST,39.16097581,-86.4992237
2013,9,2,Weekday,1500,Cyclist,Non-incapacitating,PEDESTRIAN ACTION,2ND ST & COLLEGE MALL,39.16094401,-86.49857798
2013,3,6,Weekend,1900,2-Car,Non-incapacitating,FAILURE TO YIELD RIGHT OF WAY,2ND & COLLEGE MALL RD,39.160944,-86.497696
2013,8,5,Weekday,1400,3+ Cars,Non-incapacitating,BRAKE FAILURE OR DEFECTIVE,2ND & COLLEGE MALL RD,39.160944,-86.497696
2013,8,5,Weekday,1100,2-Car,No injury/unknown,FAILURE TO YIELD RIGHT OF WAY,COLLEGE MALL RD & E 2ND,39.160944,-86.497696
2013,12,4,Weekday,1700,2-Car,No injury/unknown,SPEED TOO FAST FOR WEATHER CONDITIONS,COLLEGE MALL ENTRANCE & S COLLEGE MALL RD,39.160944,-86.497696
2013,12,6,Weekday,1100,2-Car,No injury/unknown,FAILURE TO YIELD RIGHT OF WAY,2ND ST & COLLEGE MALL,39.160944,-86.497696
2013,9,7,Weekend,1300,2-Car,No injury/unknown,LEFT OF CENTER,E 2ND ST & S CLIFTON,39.160944,-86.509584
2013,3,3,Weekday,2100,2-Car,No injury/unknown,IMPROPER TURNING,COLLEGE MALL RD & SECOND,39.16094027,-86.49772033
2013,5,2,Weekday,1100,2-Car,No injury/unknown,FOLLOWING TOO CLOSELY,2ND & COLLEGE MALL RD,39.16094027,-86.49772033
2013,8,7,Weekend,1500,2-Car,No injury/unknown,IMPROPER LANE USAGE,2ND ST & COLLEGE MALL,39.16094027,-86.49772033
2013,10,4,Weekday,2100,2-Car,No injury/unknown,FAILURE TO YIELD RIGHT OF WAY,2ND & COLLEGE MALL RD,39.16094027,-86.49772033
2013,10,6,Weekend,1900,Bus,No injury/unknown,IMPROPER LANE USAGE,2ND & COLLEGE MALL RD,39.16094027,-86.49772033
2013,10,2,Weekday,1900,3+ Cars,Non-incapacitating,FAILURE TO YIELD RIGHT OF WAY,2ND & COLLEGE MALL RD,39.16094027,-86.49772033
2013,11,6,Weekday,1800,2-Car,No injury/unknown,FOLLOWING TOO CLOSELY,2ND ST & COLLEGE MALL,39.16094027,-86.49772033
2013,6,3,Weekday,1100,2-Car,No injury/unknown,FAILURE TO YIELD RIGHT OF WAY,2ND ST & WOODSCREST,39.16092016,-86.50238485
2013,7,2,Weekday,1100,2-Car,No injury/unknown,FOLLOWING TOO CLOSELY,E 2ND ST & S WOODSCREST,39.16092016,-86.50244973
2013,1,4,Weekday,1900,2-Car,Non-incapacitating,FOLLOWING TOO CLOSELY,2ND ST & WOODSCREST,39.16092016,-86.50246271
2013,2,3,Weekday,800,Bus,No injury/unknown,IMPROPER LANE USAGE,2ND & WALNUT ST,39.16089069,-86.5336
2013,4,3,Weekday,1700,2-Car,No injury/unknown,FAILURE TO YIELD RIGHT OF WAY,LIBERTY DR & SR45W,39.16087376,-86.57777018
2013,7,5,Weekday,1700,2-Car,No injury/unknown,FOLLOWING TOO CLOSELY,10TH & ROGERS ST,39.16082394,-86.53859987
2013,12,4,Weekday,1700,3+ Cars,No injury/unknown,FOLLOWING TOO CLOSELY,SR37N & VERNAL,39.16075395,-86.56252288
2013,10,5,Weekday,1100,2-Car,Incapacitating,FAILURE TO YIELD RIGHT OF WAY,S PATTERSON DR & W 2ND,39.16075,-86.54851238
2013,1,1,Weekend,1600,2-Car,Non-incapacitating,FAILURE TO YIELD RIGHT OF WAY,PATTERSON & WEST SECOND ST,39.16074984,-86.54850997
2013,3,2,Weekday,1200,2-Car,No injury/unknown,FOLLOWING TOO CLOSELY,2ND & PATTERSON DR,39.16074984,-86.54850997
2013,3,6,Weekday,1200,3+ Cars,No injury/unknown,FOLLOWING TOO CLOSELY,2ND & PATTERSON DR,39.16074984,-86.54850997
2013,4,7,Weekend,2300,2-Car,No injury/unknown,UNSAFE BACKING,2ND & PATTERSON DR,39.16074984,-86.54850997
2013,8,4,Weekday,2200,2-Car,No injury/unknown,BRAKE FAILURE OR DEFECTIVE,2ND & PATTERSON DR,39.16074984,-86.54850997
2013,6,7,Weekend,1700,2-Car,Non-incapacitating,FOLLOWING TOO CLOSELY,2ND & PATTERSON DR,39.16074984,-86.54850997
2013,7,3,Weekday,800,2-Car,Non-incapacitating,OTHER (DRIVER) - EXPLAIN IN NARRATIVE,S PATTERSON DR & W 2ND,39.16074984,-86.54850997
2013,9,3,Weekday,1700,3+ Cars,No injury/unknown,SPEED TOO FAST FOR WEATHER CONDITIONS,2ND & PATTERSON DR,39.16074984,-86.54850997
2013,9,7,Weekend,1500,2-Car,No injury/unknown,FOLLOWING TOO CLOSELY,2ND ST & PATTERSON,39.16074984,-86.54850997
2013,10,6,Weekday,1600,3+ Cars,Non-incapacitating,FOLLOWING TOO CLOSELY,2ND ST & PATTERSON,39.16074984,-86.54850997
2013,11,6,Weekday,800,2-Car,Non-incapacitating,FOLLOWING TOO CLOSELY,PATTERSON & W 2ND ST,39.16074984,-86.54850997
2013,12,7,Weekend,1800,2-Car,No injury/unknown,FOLLOWING TOO CLOSELY,2ND ST & PATTERSON,39.16074984,-86.54850997
2013,12,5,Weekday,800,2-Car,No injury/unknown,FOLLOWING TOO CLOSELY,2ND & PATTERSON DR,39.16074984,-86.54850997
2013,9,4,Weekday,1600,2-Car,No injury/unknown,,E 2ND ST,39.1606636,-86.50541687
2013,7,2,Weekday,1700,2-Car,No injury/unknown,UNSAFE BACKING,2ND & S ADAMS ST,39.160544,-86.5508
2013,1,5,Weekday,1400,2-Car,No injury/unknown,OTHER (DRIVER) - EXPLAIN IN NARRATIVE,SOUTH LANDMARK AVE,39.16051246,-86.55401453
2013,7,5,Weekday,1400,1-Car,No injury/unknown,OTHER (DRIVER) - EXPLAIN IN NARRATIVE,SOUTH LANDMARK AVE,39.16051246,-86.55401453
2013,10,3,Weekday,1100,2-Car,No injury/unknown,OTHER (DRIVER) - EXPLAIN IN NARRATIVE,BLOOMFIELD RD,39.16042462,-86.55086025
2013,9,5,Weekday,1700,2-Car,No injury/unknown,FOLLOWING TOO CLOSELY,ADAMS & BLOOMFIELD RD,39.16037969,-86.55082142
2013,9,3,Weekday,700,2-Car,No injury/unknown,FAILURE TO YIELD RIGHT OF WAY,LINCOLN & UNIVERSITY ST,39.16034765,-86.53071925
2013,5,3,Weekday,1700,Cyclist,Non-incapacitating,FAILURE TO YIELD RIGHT OF WAY,S WOODLAWN AVE & UNIVERSITY,39.160304,-86.52256
2013,12,7,Weekend,1700,3+ Cars,Non-incapacitating,FAILURE TO YIELD RIGHT OF WAY,E UNIVERSITY & S PARK AVE,39.160304,-86.52392
2013,2,6,Weekend,2200,2-Car,No injury/unknown,UNSAFE BACKING,W BLOOMFIELD RD,39.16021541,-86.55312471
2013,9,3,Weekday,1600,2-Car,No injury/unknown,UNSAFE BACKING,W BLOOMFIELD RD,39.15998862,-86.55307876
2013,2,6,Weekday,1500,2-Car,No injury/unknown,OTHER (DRIVER) - EXPLAIN IN NARRATIVE,SOUTH ROGERS ST,39.1599617,-86.53781127
2013,11,2,Weekday,1300,2-Car,No injury/unknown,OTHER (DRIVER) - EXPLAIN IN NARRATIVE,SOUTH ROGERS ST,39.1599617,-86.53781127
2013,9,5,Weekday,1600,2-Car,No injury/unknown,FAILURE TO YIELD RIGHT OF WAY,SOUTH LANDMARK & WEST BLOOMFIED RD,39.15993981,-86.55382007
2013,10,3,Weekday,900,2-Car,No injury/unknown,OTHER (DRIVER) - EXPLAIN IN NARRATIVE,LANDMARK & W BLOOMFIELD RD,39.15993981,-86.55382007
2013,10,3,Weekday,1700,2-Car,No injury/unknown,FAILURE TO YIELD RIGHT OF WAY,SOUTH LANDMARK DR & WEST BLOOMFIELD,39.15993981,-86.55382007
2013,2,1,Weekend,100,1-Car,No injury/unknown,RAN OFF ROAD RIGHT,1ST & COLLEGE AVE,39.15985195,-86.53487341
2013,5,3,Weekday,1000,2-Car,No injury/unknown,VIEW OBSTRUCTED,BLOOMFIELD RD,39.1596756,-86.55188751
2013,11,6,Weekend,2200,2-Car,No injury/unknown,IMPROPER PASSING,BUICK CADILLAC & S CLARIZZ BLVD,39.1596,-86.490784
2013,9,1,Weekend,1600,2-Car,No injury/unknown,FAILURE TO YIELD RIGHT OF WAY,6TH & INDIANA AVE,39.15958831,-86.52694031
2013,2,2,Weekday,1400,2-Car,No injury/unknown,UNSAFE BACKING,1020 E KIRKWOOD (GARAGE) AVE & EAST UNIVERSITY,39.15954045,-86.546143
2013,8,6,Weekday,1100,2-Car,Non-incapacitating,FOLLOWING TOO CLOSELY,HERITAGE WOODS & SR446S,39.1595389,-86.47155494
2013,4,6,Weekday,1100,2-Car,No injury/unknown,UNSAFE LANE MOVEMENT,1ST & S COLLEGE AVE,39.15944,-86.53488
2013,4,2,Weekday,1200,2-Car,Incapacitating,FOLLOWING TOO CLOSELY,COLLEGE & W 1ST ST,39.15944,-86.53488
2013,12,6,Weekday,800,2-Car,No injury/unknown,DISREGARD SIGNAL/REG SIGN,1ST ST & COLLEGE,39.15944,-86.53488
2013,12,4,Weekday,1000,2-Car,No injury/unknown,UNSAFE BACKING,BLOOMFIELD & RANSOM LN,39.15944,-86.555296
2013,9,2,Weekday,900,Bus,No injury/unknown,LEFT OF CENTER,BUICK CADILLAC BLVD & CLARIZZ,39.15943019,-86.49062991
2013,11,4,Weekday,1300,2-Car,No injury/unknown,SPEED TOO FAST FOR WEATHER CONDITIONS,BUICK CADILLAC & CLARIZZ BLVD,39.15943019,-86.49062991
2013,9,4,Weekday,2300,Cyclist,No injury/unknown,FAILURE TO YIELD RIGHT OF WAY,1ST ST & MORTON,39.15938996,-86.53629988
2013,4,6,Weekday,1400,Moped/Motorcycle,No injury/unknown,FOLLOWING TOO CLOSELY,1ST & COLLEGE AVE,39.15936984,-86.53499029
2013,9,6,Weekday,1400,3+ Cars,Non-incapacitating,FOLLOWING TOO CLOSELY,1ST & WALNUT ST,39.15935978,-86.53365992
2013,10,6,Weekday,900,2-Car,No injury/unknown,FOLLOWING TOO CLOSELY,1ST & WALNUT ST,39.15935978,-86.53365992
2013,8,3,Weekday,1300,1-Car,Incapacitating,DRIVER ILLNESS,E 1ST ST,39.159344,-86.51893616
2013,12,1,Weekend,1400,2-Car,Non-incapacitating,FAILURE TO YIELD RIGHT OF WAY,1ST ST & HAWTHORNE,39.159344,-86.520096
2013,4,4,Weekday,800,2-Car,No injury/unknown,DISREGARD SIGNAL/REG SIGN,1ST & WALNUT ST,39.159344,-86.5336
2013,7,5,Weekday,1100,2-Car,No injury/unknown,DISREGARD SIGNAL/REG SIGN,1ST & S WALNUT ST,39.159344,-86.5336
2013,12,5,Weekday,1400,2-Car,No injury/unknown,DISREGARD SIGNAL/REG SIGN,1ST & WALNUT ST,39.159344,-86.5336
2013,5,2,Weekday,1900,2-Car,No injury/unknown,FAILURE TO YIELD RIGHT OF WAY,1ST ST & HAWTHORNE,39.15927999,-86.52019992