Year,Month,Day,Weekend?,Hour,Collision Type,Injury Type,Primary Factor,Reported_Location,Latitude,Longitude
2013,1,3,Weekday,1200,2-Car,Non-incapacitating,FOLLOWING TOO CLOSELY,S RANSOM & W BLOOMFIELD RD,39.15925987,-86.55527986
2013,2,3,Weekday,1300,2-Car,No injury/unknown,IMPROPER TURNING,BLOOMFIELD RD & RANSOM,39.15925987,-86.55527986
2013,9,3,Weekday,1100,2-Car,Non-incapacitating,FAILURE TO YIELD RIGHT OF WAY,1ST & W 1ST ST,39.159248,-86.508288
2013,12,6,Weekday,300,2-Car,No injury/unknown,UNSAFE SPEED,BASSWOOD DR,39.15919751,-86.56694814
2013,3,6,Weekday,1700,2-Car,No injury/unknown,UNSAFE SPEED,BENNINGTON & SMITH RD,39.15917002,-86.48069031
2013,12,5,Weekday,1100,2-Car,No injury/unknown,FAILURE TO YIELD RIGHT OF WAY,S WALNUT ST,39.15916114,-86.5336
2013,9,1,Weekend,1300,2-Car,No injury/unknown,UNSAFE BACKING,3RD & CLIFTON AVE,39.15899037,-86.50968911
2013,8,6,Weekday,1500,1-Car,No injury/unknown,OTHER (DRIVER) - EXPLAIN IN NARRATIVE,S COLLEGE MALL RD,39.15896988,-86.49852752
2013,5,5,Weekday,1200,2-Car,No injury/unknown,UNSAFE BACKING,SOUTH BASSWOOD DR,39.15895544,-86.56739205
2013,10,7,Weekend,800,1-Car,No injury/unknown,OVERCORRECTING/OVERSTEERING,HEDRICKS & SR46W,39.15888977,-86.66201885
2013,1,2,Weekday,300,2-Car,No injury/unknown,RAN OFF ROAD RIGHT,S MITCHELL ST,39.15853882,-86.51346588
2013,7,4,Weekday,1300,2-Car,No injury/unknown,FAILURE TO YIELD RIGHT OF WAY,MONON & WALNUT ST,39.15851277,-86.53369009
2013,2,2,Weekday,1500,3+ Cars,No injury/unknown,UNSAFE LANE MOVEMENT,SOUTH WALNUT ST & WYLIE,39.158448,-86.5336
2013,7,3,Weekday,1300,2-Car,No injury/unknown,FOLLOWING TOO CLOSELY,CURRY & SR45W,39.15835953,-86.58262325
2013,7,6,Weekday,1100,2-Car,No injury/unknown,FAILURE TO YIELD RIGHT OF WAY,CURRY & SR45W,39.15835953,-86.58264923
2013,7,4,Weekday,1600,2-Car,No injury/unknown,FOLLOWING TOO CLOSELY,CURRY & SR45W,39.15835953,-86.58264923
2013,10,1,Weekend,1600,2-Car,Non-incapacitating,FAILURE TO YIELD RIGHT OF WAY,SOUTH CURRY & SR45W,39.15835953,-86.58264923
2013,10,7,Weekend,1500,2-Car,Non-incapacitating,FAILURE TO YIELD RIGHT OF WAY,CURRY & SR45W,39.15835953,-86.58264923
2013,11,4,Weekday,1000,2-Car,No injury/unknown,FOLLOWING TOO CLOSELY,CURRY & SR46W,39.15835953,-86.58264923
2013,1,2,Weekday,1700,2-Car,No injury/unknown,FAILURE TO YIELD RIGHT OF WAY,AUTO MALL & BUICK CADILLAC BLVD,39.15831976,-86.49611033
2013,5,2,Weekday,1200,2-Car,No injury/unknown,FAILURE TO YIELD RIGHT OF WAY,AUTO MALL & E BUICK CADILLAC BLVD,39.15831976,-86.49611033
2013,10,1,Weekend,1300,2-Car,No injury/unknown,IMPROPER TURNING,AUTO MALL & BUICK CADILLAC BLVD,39.15831976,-86.49611033
2013,1,6,Weekday,1200,3+ Cars,Non-incapacitating,DISREGARD SIGNAL/REG SIGN,BUICK CADILLAC & COLLEGE MALL RD,39.15816,-86.497792
2013,1,3,Weekday,2000,2-Car,Non-incapacitating,FOLLOWING TOO CLOSELY,BUICK CADILLAC & S COLLEGE MALL RD,39.15816,-86.497792
2013,2,6,Weekday,1700,2-Car,No injury/unknown,FAILURE TO YIELD RIGHT OF WAY,BUICK CADILLAC & COLLEGE MALL RD,39.15816,-86.497792
2013,9,2,Weekday,1100,2-Car,No injury/unknown,OTHER (DRIVER) - EXPLAIN IN NARRATIVE,BUICK CADILLAC & COLLEGE MALL RD,39.15816,-86.497792
2013,10,2,Weekday,1000,Cyclist,No injury/unknown,FAILURE TO YIELD RIGHT OF WAY,COLLEGE MALL & E BUICK CADILLAC BLVD,39.15816,-86.497792
2013,10,2,Weekday,1400,3+ Cars,Non-incapacitating,FOLLOWING TOO CLOSELY,BUICK CADILLAC & S COLLEGE MALL RD,39.15816,-86.497792
2013,11,6,Weekday,1000,2-Car,No injury/unknown,IMPROPER TURNING,E BUICK CADILLAC BLVD,39.15816,-86.497792
2013,6,2,Weekday,1200,2-Car,Non-incapacitating,FAILURE TO YIELD RIGHT OF WAY,BUICK CADILLAC & COLLEGE MALL RD,39.15810987,-86.49788998
2013,5,5,Weekday,1200,2-Car,No injury/unknown,DISREGARD SIGNAL/REG SIGN,BUICK CADILLAC & COLLEGE MALL RD,39.15810987,-86.49788998
2013,10,2,Weekday,1300,2-Car,No injury/unknown,DRIVER DISTRACTED - EXPLAIN IN NARRATIVE,COLLEGE MALL & E BUICK CADILLAC BLVD,39.15810987,-86.49788998
2013,7,3,Weekday,1700,Moped/Motorcycle,Non-incapacitating,FAILURE TO YIELD RIGHT OF WAY,CURRY PIKE & DOYLE,39.15805019,-86.58263973
2013,9,6,Weekday,1100,2-Car,No injury/unknown,CELL PHONE USAGE,DOYLE AVE & VILLAGE,39.15805019,-86.58376023
2013,2,3,Weekday,1300,2-Car,No injury/unknown,FOLLOWING TOO CLOSELY,ANNA LEE & BLOOMFIELD RD,39.15802002,-86.55768653
2013,6,7,Weekend,800,2-Car,No injury/unknown,FAILURE TO YIELD RIGHT OF WAY,HENDERSON ST & MAXWELL,39.157952,-86.527088
2013,8,6,Weekday,1000,2-Car,No injury/unknown,FAILURE TO YIELD RIGHT OF WAY,E BUICK CADILLAC BLVD,39.15781021,-86.49728393
2013,6,1,Weekday,2300,2-Car,No injury/unknown,BRAKE FAILURE OR DEFECTIVE,ATWATER & HAWTHORNE DR,39.15780305,-86.52020998
2013,10,4,Weekday,800,2-Car,No injury/unknown,OTHER (DRIVER) - EXPLAIN IN NARRATIVE,HIGH ST & MAXWELL,39.157792,-86.508288
2013,11,1,Weekend,900,2-Car,No injury/unknown,DISREGARD SIGNAL/REG SIGN,E MAXWELL & S HIGH ST,39.157792,-86.508288
2013,11,7,Weekend,1000,2-Car,No injury/unknown,FAILURE TO YIELD RIGHT OF WAY,MAXWELL LN & MITCHELL,39.15777996,-86.51372976
2013,3,4,Weekday,900,1-Car,No injury/unknown,SPEED TOO FAST FOR WEATHER CONDITIONS,BASSWOOD DR & BLOOMFIELD,39.1577081,-86.56889006
2013,2,7,Weekend,100,2-Car,No injury/unknown,FAILURE TO YIELD RIGHT OF WAY,COLLEGE ST & DODDS,39.15756445,-86.53479809
2013,8,3,Weekday,1100,2-Car,No injury/unknown,FAILURE TO YIELD RIGHT OF WAY,COLLEGE AVE & DODDS,39.15756002,-86.53479985
2013,6,5,Weekday,2000,2-Car,No injury/unknown,UNSAFE BACKING,DODDS ST & FAIRVIEW,39.15751979,-86.54101265
2013,9,7,Weekend,1100,2-Car,No injury/unknown,FAILURE TO YIELD RIGHT OF WAY,E DODDS & S LINCOLN ST,39.157504,-86.531104
2013,8,5,Weekday,900,2-Car,No injury/unknown,DISREGARD SIGNAL/REG SIGN,DODDS & ROGERS ST,39.15747017,-86.53869979
2013,12,5,Weekday,1000,2-Car,No injury/unknown,FAILURE TO YIELD RIGHT OF WAY,DODDS & ROGERS ST,39.15747017,-86.53869979
2013,7,4,Weekday,1300,1-Car,No injury/unknown,IMPROPER TURNING,DODDS & MADISON ST,39.15746011,-86.53749011
2013,8,3,Weekday,1300,2-Car,No injury/unknown,FAILURE TO YIELD RIGHT OF WAY,E DODDS & S WASHINGTON ST,39.15738511,-86.53242936
2013,3,2,Weekday,1000,2-Car,No injury/unknown,FAILURE TO YIELD RIGHT OF WAY,DODDS & LINCOLN ST,39.15737025,-86.53130024
2013,5,4,Weekday,1600,2-Car,No injury/unknown,FAILURE TO YIELD RIGHT OF WAY,DODDS & LINCOLN ST,39.15737025,-86.53130024
2013,12,6,Weekday,1300,2-Car,Non-incapacitating,FAILURE TO YIELD RIGHT OF WAY,DODDS & LINCOLN ST,39.15737025,-86.53130024
2013,6,7,Weekend,700,2-Car,No injury/unknown,UNSAFE BACKING,BASSWOOD DR,39.15734482,-86.57202148
2013,9,7,Weekend,1800,2-Car,No injury/unknown,FOLLOWING TOO CLOSELY,SOUTH CORY & WEST BLOOMFIELD RD,39.157248,-86.559792
2013,6,1,Weekend,400,1-Car,No injury/unknown,IMPROPER LANE USAGE,S CURRY PIKE,39.15717697,-86.58368682
2013,7,3,Weekday,1200,2-Car,No injury/unknown,UNSAFE BACKING,CURRY PIKE,39.15717697,-86.58368682
2013,2,6,Weekday,700,2-Car,Non-incapacitating,FOLLOWING TOO CLOSELY,BLOOMFIELD RD & CORY,39.15710002,-86.55969441
2013,6,1,Weekend,1600,2-Car,No injury/unknown,FAILURE TO YIELD RIGHT OF WAY,S COLLEGE MALL RD,39.15699609,-86.4977505
2013,4,5,Weekday,800,1-Car,No injury/unknown,SPEED TOO FAST FOR WEATHER CONDITIONS,MCARTNEY & S SARE RD,39.15699266,-86.49695992
2013,4,5,Weekday,800,2-Car,No injury/unknown,FOLLOWING TOO CLOSELY,MCCARTNEY & SO SARE RD,39.15699266,-86.49695992
2013,10,1,Weekend,1400,2-Car,No injury/unknown,FOLLOWING TOO CLOSELY,CURRY & GIFFORD RD,39.156896,-86.582704
2013,5,1,Weekend,1600,2-Car,No injury/unknown,UNSAFE BACKING,W DIXIE ST,39.15684128,-86.54282379
2013,1,5,Weekday,1600,2-Car,No injury/unknown,UNSAFE BACKING,SMITH RD,39.15675603,-86.48058436
2013,5,7,Weekend,100,1-Car,No injury/unknown,RAN OFF ROAD RIGHT,S BASSWOOD DR & S COPPER BEACH,39.15669031,-86.57108008
2013,4,4,Weekday,1200,2-Car,No injury/unknown,FOLLOWING TOO CLOSELY,S LIBERTY DR & W 3RD,39.15667937,-86.57913006
2013,1,6,Weekday,800,2-Car,No injury/unknown,IMPROPER LANE USAGE,CURRY PIKE & GIFFPRD,39.1566702,-86.58263973
2013,4,4,Weekday,1200,2-Car,No injury/unknown,DISREGARD SIGNAL/REG SIGN,CURRY PIKE PIKE & GIFFORD,39.1566702,-86.58263973
2013,9,6,Weekday,400,2-Car,Non-incapacitating,FAILURE TO YIELD RIGHT OF WAY,CURRY PIKE & GIFFORD,39.1566702,-86.58263973
2013,5,7,Weekend,2100,1-Car,No injury/unknown,UNSAFE BACKING,E DIXIE ST,39.15665817,-86.53293609
2013,12,2,Weekday,2200,1-Car,No injury/unknown,RAN OFF ROAD RIGHT,DIXIE ST & LINCOLN,39.156576,-86.53112
2013,6,5,Weekday,1600,1-Car,No injury/unknown,OTHER (DRIVER) - EXPLAIN IN NARRATIVE,COLLEGE MALL RD,39.15651329,-86.49772904
2013,2,1,Weekend,800,2-Car,Incapacitating,CELL PHONE USAGE,W ALLEN ST,39.15638351,-86.55406938
2013,1,2,Weekday,1100,2-Car,Non-incapacitating,FAILURE TO YIELD RIGHT OF WAY,ALLEN & BLOOMFIELD RD,39.15612973,-86.56139999
2013,5,4,Weekday,1700,2-Car,Incapacitating,DRIVER ILLNESS,ALLEN & BLOOMFIELD RD,39.15612973,-86.56139999
2013,11,7,Weekend,400,2-Car,No injury/unknown,,W ALLEN ST,39.156128,-86.560912
2013,6,5,Weekday,1600,2-Car,No injury/unknown,FAILURE TO YIELD RIGHT OF WAY,DUNN ST & KIRKWOOD,39.15596509,-86.5282499
2013,2,4,Weekday,1600,2-Car,No injury/unknown,FOLLOWING TOO CLOSELY,ADAMS & ALLEN ST,39.155952,-86.550592
2013,3,3,Weekday,1800,2-Car,No injury/unknown,FAILURE TO YIELD RIGHT OF WAY,ADAMS & W ALLEN ST,39.155952,-86.550592
2013,10,3,Weekday,500,Cyclist,Non-incapacitating,FAILURE TO YIELD RIGHT OF WAY,ADAMS & ALLEN ST,39.15586017,-86.5505368
2013,4,6,Weekday,1500,2-Car,No injury/unknown,FAILURE TO YIELD RIGHT OF WAY,SOUTH ADAM & WEST ALLEN ST,39.15586017,-86.55054979
2013,7,3,Weekday,2300,2-Car,No injury/unknown,FAILURE TO YIELD RIGHT OF WAY,ADAMS & ALLEN ST,39.15586017,-86.55054979
2013,7,5,Weekday,1200,2-Car,No injury/unknown,OTHER (VEHICLE) - EXPLAIN IN NARRATIVE,E BURKS DR,39.15584,-86.506496
2013,8,6,Weekday,1800,2-Car,Non-incapacitating,DRIVER DISTRACTED - EXPLAIN IN NARRATIVE,ALLEN & S ROGERS ST,39.155776,-86.538592
2013,9,6,Weekday,1600,2-Car,Non-incapacitating,FAILURE TO YIELD RIGHT OF WAY,LARKSPUR & W ALLEN ST,39.1557502,-86.54797017
2013,2,1,Weekday,2000,2-Car,No injury/unknown,FOLLOWING TOO CLOSELY,10TH & JORDAN AVE,39.15572549,-86.51566028
2013,12,3,Weekday,900,1-Car,No injury/unknown,ROADWAY SURFACE CONDITION,GIFFORD RD & S CURRY,39.15567612,-86.58483597
2013,3,6,Weekday,1500,2-Car,No injury/unknown,OVERCORRECTING/OVERSTEERING,WOODLAWN AVE,39.1556523,-86.5227165
2013,4,4,Weekday,1100,2-Car,No injury/unknown,UNSAFE BACKING,ALLEN & STRONG DR,39.15565029,-86.54431968
2013,6,7,Weekend,1600,2-Car,Non-incapacitating,SPEED TOO FAST FOR WEATHER CONDITIONS,ALLEN & PATTERSON DR,39.15563017,-86.54330983
2013,8,7,Weekend,1300,2-Car,No injury/unknown,UNSAFE BACKING,BLOOMFIELD RD,39.15562615,-86.56230993
2013,7,4,Weekday,900,2-Car,No injury/unknown,,E ALLEN ST & S WASHINGTON,39.15560048,-86.53245497
2013,3,3,Weekday,1200,2-Car,No injury/unknown,DISREGARD SIGNAL/REG SIGN,E ALLEN & S WASHINGTON ST,39.15560048,-86.53245237
2013,5,4,Weekday,1400,2-Car,Non-incapacitating,FOLLOWING TOO CLOSELY,ALLEN & WALNUT ST,39.1556,-86.53368003
2013,6,2,Weekday,900,2-Car,No injury/unknown,FAILURE TO YIELD RIGHT OF WAY,ALLEN & S ROGERS ST,39.15558994,-86.53874002
2013,11,2,Weekday,1800,1-Car,No injury/unknown,VIEW OBSTRUCTED,ALLEN & ROGERS ST,39.15558994,-86.53874002
2013,9,5,Weekday,1100,2-Car,Non-incapacitating,SPEED TOO FAST FOR WEATHER CONDITIONS,SR37N & VERNAL,39.15546511,-86.56252288
2013,11,6,Weekday,1800,2-Car,No injury/unknown,FOLLOWING TOO CLOSELY,SR37N & WEST VERNAL,39.15546511,-86.56252288
2013,8,6,Weekday,300,1-Car,Incapacitating,RAN OFF ROAD RIGHT,CIRCLE DR & SOUTHDOWNS,39.15544,-86.512288
2013,11,5,Weekday,600,1-Car,No injury/unknown,ANIMAL/OBJECT IN ROADWAY,BLOOMFIELD RD & LAKECREST,39.15544,-86.562192
2013,3,6,Weekday,1800,2-Car,No injury/unknown,FOLLOWING TOO CLOSELY,BLOOMFIELD RD & LAKECREST,39.15543973,-86.5624997
2013,12,5,Weekday,2100,2-Car,No injury/unknown,SPEED TOO FAST FOR WEATHER CONDITIONS,GARRISON CHAPEL RD & GIFFORD,39.15539909,-86.64539743
2013,11,7,Weekend,1000,3+ Cars,No injury/unknown,OVERCORRECTING/OVERSTEERING,COPPER BEECH WAY,39.15529288,-86.57032974
2013,5,2,Weekday,1700,2-Car,No injury/unknown,UNSAFE BACKING,E COVENANTER DR,39.15524058,-86.4948564
2013,1,7,Weekend,600,2-Car,Non-incapacitating,FAILURE TO YIELD RIGHT OF WAY,COLLEGE MALL RD & COVENANTER,39.15518023,-86.49773977
2013,3,3,Weekday,700,2-Car,No injury/unknown,SPEED TOO FAST FOR WEATHER CONDITIONS,COLLEGE MALL RD & COVENANTER,39.15518023,-86.49773977
2013,3,3,Weekday,800,2-Car,No injury/unknown,SPEED TOO FAST FOR WEATHER CONDITIONS,COLLEGE MALL & COVENANTER DR,39.15518023,-86.49773977
2013,5,2,Weekday,800,2-Car,No injury/unknown,DISREGARD SIGNAL/REG SIGN,COLLEGE MALL RD & COVENANTER,39.15518023,-86.49773977
2013,10,3,Weekday,1100,Cyclist,Non-incapacitating,FAILURE TO YIELD RIGHT OF WAY,COLLEGE MALL & COVENANTER DR,39.15518023,-86.49773977
2013,11,3,Weekday,1600,2-Car,No injury/unknown,DISREGARD SIGNAL/REG SIGN,COLLEGE MALL RD & COVENANTER,39.15518023,-86.49773977
2013,10,2,Weekday,1200,2-Car,No injury/unknown,FAILURE TO YIELD RIGHT OF WAY,COLLEGE MALL & COVENANTER AVE,39.15518023,-86.49774323
2013,3,3,Weekday,1800,2-Car,No injury/unknown,OTHER (DRIVER) - EXPLAIN IN NARRATIVE,COLLEGE MALL & COVENANTER DR,39.155152,-86.497888
2013,5,1,Weekday,2300,2-Car,No injury/unknown,DISREGARD SIGNAL/REG SIGN,COLLEGE MALL RD & COVENANTER,39.155152,-86.497888
2013,6,6,Weekday,1600,2-Car,No injury/unknown,FAILURE TO YIELD RIGHT OF WAY,COLLEGE MALL & COVENANTER DR,39.155152,-86.497888
2013,8,7,Weekend,2200,2-Car,No injury/unknown,FAILURE TO YIELD RIGHT OF WAY,COLLEGE MALL RD & COVENANTER,39.155152,-86.497888
2013,12,3,Weekday,1800,2-Car,No injury/unknown,IMPROPER TURNING,COLLEGE MALL & COVENANTER DR,39.1551397,-86.49771233
2013,7,7,Weekend,1600,3+ Cars,No injury/unknown,OTHER (VEHICLE) - EXPLAIN IN NARRATIVE,E COVENANTER DR,39.1551172,-86.4975728
2013,5,1,Weekend,1600,2-Car,No injury/unknown,UNSAFE LANE MOVEMENT,CURRY PIKE & STEBU,39.15486977,-86.58261023
2013,12,3,Weekday,800,2-Car,No injury/unknown,UNSAFE BACKING,W CHERRY ORCHARD CT,39.15480405,-86.58910855
2013,5,6,Weekday,100,2-Car,No injury/unknown,OTHER (DRIVER) - EXPLAIN IN NARRATIVE,CHERRY ORCHARD CT,39.15479198,-86.59007146
2013,5,6,Weekday,100,2-Car,No injury/unknown,OTHER (DRIVER) - EXPLAIN IN NARRATIVE,CHERRY ORCHARD CT,39.15479198,-86.59007146
2013,7,2,Weekday,600,1-Car,No injury/unknown,RAN OFF ROAD RIGHT,S GARRISON CHAPPEL RD,39.15463257,-86.64633178
2013,2,4,Weekday,2000,2-Car,No injury/unknown,,S COLLEGE MALL RD,39.1546049,-86.49765931
2013,12,3,Weekday,300,1-Car,No injury/unknown,OVERCORRECTING/OVERSTEERING,COLLEGE AVE & SR4546,39.15458914,-86.53453968
2013,11,7,Weekend,800,3+ Cars,No injury/unknown,UNSAFE BACKING,COVENANTER DR,39.15457916,-86.49330139
2013,12,6,Weekday,1300,2-Car,No injury/unknown,OTHER (DRIVER) - EXPLAIN IN NARRATIVE,E DAVIS ST,39.15452049,-86.51687869
2013,6,5,Weekday,1000,2-Car,No injury/unknown,OTHER (DRIVER) - EXPLAIN IN NARRATIVE,SO PICKWICK PL,39.1544075,-86.50424194
2013,11,6,Weekday,1800,1-Car,No injury/unknown,ANIMAL/OBJECT IN ROADWAY,CAVE & SR48,39.15439987,-86.62882971
2013,11,7,Weekend,1900,1-Car,No injury/unknown,ANIMAL/OBJECT IN ROADWAY,CAVE & SR48W,39.15439987,-86.62902029
2013,12,7,Weekend,2300,1-Car,No injury/unknown,RAN OFF ROAD RIGHT,HICKORY GROVE & W GIFFORD RD,39.1543702,-86.5903303
2013,7,5,Weekday,1700,2-Car,Non-incapacitating,FAILURE TO YIELD RIGHT OF WAY,S WEIMER & W BLOOMFIELD RD,39.154272,-86.564176
2013,5,2,Weekday,1600,2-Car,No injury/unknown,OVERCORRECTING/OVERSTEERING,S COLLEGE MALL RD,39.15427029,-86.49764657
2013,6,6,Weekday,1600,1-Car,Non-incapacitating,UNSAFE SPEED,S COLLEGE MALL RD,39.15427029,-86.49764657
2013,8,7,Weekend,200,2-Car,No injury/unknown,OTHER (DRIVER) - EXPLAIN IN NARRATIVE,COLLEGE MALL RD,39.15427029,-86.49764657
2013,8,6,Weekend,2200,2-Car,No injury/unknown,,SOUTH COLLEGE MALL RD,39.15427029,-86.49764657
2013,11,2,Weekday,1700,2-Car,No injury/unknown,IMPROPER TURNING,S COLLEGE MALL RD,39.15427029,-86.49764657
2013,3,3,Weekday,1200,2-Car,No injury/unknown,FAILURE TO YIELD RIGHT OF WAY,BLOOMFIELD RD & WEIMER,39.15424012,-86.56435624
2013,10,1,Weekend,1700,Moped/Motorcycle,No injury/unknown,UNSAFE BACKING,TIMBERS TRL,39.15415898,-86.56969875
2013,11,1,Weekend,1400,2-Car,No injury/unknown,IMPROPER TURNING,S COLLEGE MALL RD,39.15412578,-86.49786768
2013,8,1,Weekend,1400,2-Car,No injury/unknown,OTHER (DRIVER) - EXPLAIN IN NARRATIVE,3RD & MADISON ST,39.15404582,-86.53741031
2013,11,6,Weekday,1700,2-Car,No injury/unknown,FOLLOWING TOO CLOSELY,LIBERTY DR & THIRD,39.15403576,-86.57913006
2013,7,7,Weekend,500,1-Car,No injury/unknown,RAN OFF ROAD RIGHT,700 BLK S GREENLEAF & BASSWOOD DR,39.15400507,-86.57251054
2013,1,5,Weekday,700,1-Car,No injury/unknown,RAN OFF ROAD RIGHT,LAKECREST LN & SHADELAND,39.153952,-86.561504
2013,5,4,Weekday,900,2-Car,No injury/unknown,UNSAFE BACKING,WEST BLOOMFIELD RD,39.15394373,-86.56493045
2013,8,7,Weekend,1800,2-Car,No injury/unknown,,MONROE ST & ORRIS,39.15384524,-86.5471702
2013,4,7,Weekend,2200,1-Car,No injury/unknown,RAN OFF ROAD RIGHT,S ROGERS ST & W PATTERSON,39.15379018,-86.53875008
2013,9,3,Weekday,1700,3+ Cars,No injury/unknown,FOLLOWING TOO CLOSELY,PATTERSON DR & ROGERS,39.15379018,-86.53875008
2013,5,1,Weekend,0,1-Car,No injury/unknown,OVERCORRECTING/OVERSTEERING,PATTERSON DR & ROGERS,39.15379018,-86.53875873
2013,1,5,Weekday,1200,2-Car,No injury/unknown,FAILURE TO YIELD RIGHT OF WAY,3RD & WOODSCREST DR,39.15369588,-86.50241017
2013,4,3,Weekday,700,2-Car,No injury/unknown,FAILURE TO YIELD RIGHT OF WAY,WEST PATTERSON DR,39.15368356,-86.53781935
2013,5,6,Weekday,1500,2-Car,No injury/unknown,UNSAFE LANE MOVEMENT,LIBERTY & SR45E,39.15365982,-86.57530975
2013,8,2,Weekday,1700,Moped/Motorcycle,Incapacitating,FAILURE TO YIELD RIGHT OF WAY,LIBERTY & SR45W,39.15365982,-86.57530975
2013,8,2,Weekday,1600,2-Car,Non-incapacitating,FAILURE TO YIELD RIGHT OF WAY,LIBERTY & SR45W,39.15365982,-86.57530975
2013,7,6,Weekday,1600,2-Car,No injury/unknown,FOLLOWING TOO CLOSELY,LIBERTY & SR45E,39.15365982,-86.57530975
2013,7,5,Weekday,1700,3+ Cars,Non-incapacitating,FAILURE TO YIELD RIGHT OF WAY,LIBERTY & SR45W,39.15365982,-86.57530975
2013,10,5,Weekday,1700,3+ Cars,Non-incapacitating,FOLLOWING TOO CLOSELY,LIBERTY & SR45W,39.15365982,-86.57530975
2013,11,6,Weekday,1400,2-Car,No injury/unknown,FOLLOWING TOO CLOSELY,LIBERTY & SR45W,39.15365982,-86.57530975
2013,11,4,Weekday,600,2-Car,Incapacitating,FAILURE TO YIELD RIGHT OF WAY,LIBERTY & SR45W,39.15365982,-86.57530975
2013,7,7,Weekend,300,1-Car,Incapacitating,RAN OFF ROAD RIGHT,MADISON & PATTERSON DR,39.15363997,-86.53757996
2013,9,7,Weekend,1600,2-Car,No injury/unknown,OTHER (DRIVER) - EXPLAIN IN NARRATIVE,3100 BLK E COVENANTER DR & S AUTO MALL,39.153622,-86.49202654
2013,9,7,Weekend,1600,2-Car,No injury/unknown,FAILURE TO YIELD RIGHT OF WAY,3100 BLK E COVENANTER DR & S AUTO MALL,39.153622,-86.49202654
2013,11,4,Weekday,1100,2-Car,No injury/unknown,FAILURE TO YIELD RIGHT OF WAY,W GRIMES LN & WALNUT,39.15344,-86.53377638
2013,8,5,Weekday,1300,2-Car,Non-incapacitating,DRIVER DISTRACTED - EXPLAIN IN NARRATIVE,GRIMES & SOUTH WALNUT ST,39.15344,-86.5336
2013,8,5,Weekday,1700,Cyclist,Non-incapacitating,FAILURE TO YIELD RIGHT OF WAY,S WALNUT ST,39.15342171,-86.5336
2013,6,1,Weekend,200,2-Car,No injury/unknown,,E COVENANTER DR,39.15341869,-86.49102352
2013,9,7,Weekend,1400,Cyclist,Non-incapacitating,DISREGARD SIGNAL/REG SIGN,GRIMES LN & HENDERSON,39.153392,-86.527008
2013,2,4,Weekday,1600,2-Car,No injury/unknown,UNSAFE BACKING,GRIMES LN & PARK,39.15336,-86.52430551
2013,3,6,Weekday,1100,2-Car,No injury/unknown,OTHER (DRIVER) - EXPLAIN IN NARRATIVE,GRIMES & WALNUT ST ST,39.15335487,-86.53371457
2013,11,4,Weekday,800,2-Car,Non-incapacitating,FOLLOWING TOO CLOSELY,GRIMES LN & WALNUT,39.15335029,-86.53366694
2013,6,2,Weekday,1200,2-Car,No injury/unknown,FOLLOWING TOO CLOSELY,GRIMES LN & WALNUT,39.15335029,-86.53369723
2013,3,5,Weekday,800,2-Car,No injury/unknown,OTHER (DRIVER) - EXPLAIN IN NARRATIVE,S WALNUT & W GRIMES LN,39.15335029,-86.53370372
2013,2,5,Weekday,1800,2-Car,No injury/unknown,,GRIMES LN & WALNUT,39.15335029,-86.53371021
2013,4,3,Weekday,1900,2-Car,No injury/unknown,FAILURE TO YIELD RIGHT OF WAY,GRIMES LN & WALNUT,39.15335029,-86.53371021
2013,5,6,Weekday,1100,2-Car,No injury/unknown,FOLLOWING TOO CLOSELY,GRIMES LN & WALNUT,39.15335029,-86.53371021
2013,9,6,Weekday,900,2-Car,No injury/unknown,FAILURE TO YIELD RIGHT OF WAY,GRIMES LN & WALNUT,39.15335029,-86.53371021
2013,11,2,Weekday,1400,2-Car,Non-incapacitating,FOLLOWING TOO CLOSELY,GRIMES LN & WALNUT,39.15335029,-86.53371021
2013,6,6,Weekday,1600,2-Car,No injury/unknown,FAILURE TO YIELD RIGHT OF WAY,GRIMES LN & HENDERSON,39.1533,-86.52696982
2013,5,2,Weekday,1400,2-Car,No injury/unknown,DISREGARD SIGNAL/REG SIGN,EAST GRIMES LN & SOUTH HENDERSON,39.1533,-86.52696982
2013,10,7,Weekend,700,Cyclist,Non-incapacitating,FAILURE TO YIELD RIGHT OF WAY,E GRIMES LN & S HENDERSON,39.1532991,-86.5269577
2013,1,4,Weekday,800,1-Car,No injury/unknown,RAN OFF ROAD RIGHT,GIFFORD & PARK SQUARE DR,39.15307717,-86.59180145
2013,1,5,Weekday,2100,1-Car,No injury/unknown,OTHER (DRIVER) - EXPLAIN IN NARRATIVE,S FENBROOK LN,39.15304586,-86.48636788
2013,5,2,Weekday,1600,2-Car,No injury/unknown,DRIVER DISTRACTED - EXPLAIN IN NARRATIVE,S COLLEGE MALL RD,39.15300429,-86.4976184
2013,6,3,Weekday,1500,2-Car,No injury/unknown,IMPROPER TURNING,S COLLEGE MALL RD,39.15300429,-86.4976184
2013,12,5,Weekday,1100,2-Car,No injury/unknown,,S COLLEGE MALL RD,39.15300429,-86.4976184