Year,Month,Day,Weekend?,Hour,Collision Type,Injury Type,Primary Factor,Reported_Location,Latitude,Longitude
2013,7,5,Weekday,1300,3+ Cars,No injury/unknown,DRIVER ILLNESS,SR37S & W TAPP,39.13704,-86.572896
2013,11,3,Weekday,1700,2-Car,No injury/unknown,FOLLOWING TOO CLOSELY,SR37S & W TAPP RD,39.13704,-86.572896
2013,12,3,Weekday,800,2-Car,No injury/unknown,FOLLOWING TOO CLOSELY,SR37S & W TAPP,39.13704,-86.572896
2013,3,5,Weekday,700,2-Car,No injury/unknown,FOLLOWING TOO CLOSELY,TAPP RD & YONKERS,39.13704,-86.575296
2013,10,7,Weekend,2000,2-Car,Non-incapacitating,SPEED TOO FAST FOR WEATHER CONDITIONS,RAYLE & W TAPP RD,39.13704,-86.577504
2013,7,5,Weekday,1900,Pedestrian,Non-incapacitating,PEDESTRIAN ACTION,S LEONARD & W TAPP RD,39.13704,-86.582512
2013,6,5,Weekday,1300,2-Car,No injury/unknown,FAILURE TO YIELD RIGHT OF WAY,AIRPORT & GARRISON CHAPEL ROAD RD,39.13704,-86.642832
2013,12,6,Weekday,1700,1-Car,No injury/unknown,OTHER (ENVIRONMENTAL) - EXPLAIN IN NARR,AIRPORT RD & GARRISON CHAPEL RD RD,39.13704,-86.642832
2013,10,6,Weekday,1800,1-Car,No injury/unknown,ANIMAL/OBJECT IN ROADWAY,AIRPORT RD & GARRISON CHAPEL,39.13702972,-86.64313905
2013,5,1,Weekday,1900,1-Car,No injury/unknown,RAN OFF ROAD RIGHT,S CAVE & WEST AIRPORT RD,39.13688,-86.628768
2013,10,4,Weekday,600,1-Car,No injury/unknown,ANIMAL/OBJECT IN ROADWAY,AIRPORT RD & ENDWRIGHT,39.13685005,-86.59675267
2013,7,3,Weekday,700,2-Car,No injury/unknown,FAILURE TO YIELD RIGHT OF WAY,AIRPORT RD & BUNGER,39.136848,-86.606
2013,6,6,Weekday,900,1-Car,No injury/unknown,ANIMAL/OBJECT IN ROADWAY,AIRPORT RD & KIRBY,39.136848,-86.610192
2013,10,1,Weekend,500,1-Car,No injury/unknown,RAN OFF ROAD RIGHT,AIRPORT & KIRBY RD,39.136848,-86.610192
2013,4,2,Weekday,1700,2-Car,No injury/unknown,FOLLOWING TOO CLOSELY,LEONARD SPRINGS RD & TAPP,39.1368299,-86.58261023
2013,12,3,Weekday,800,2-Car,No injury/unknown,FAILURE TO YIELD RIGHT OF WAY,LEONARD SPRINGS & TAPP RD,39.1368299,-86.58261023
2013,5,7,Weekend,2200,1-Car,No injury/unknown,DISREGARD SIGNAL/REG SIGN,AIRPORT & KIRBY RD,39.13681984,-86.61025978
2013,1,3,Weekday,1200,2-Car,No injury/unknown,FAILURE TO YIELD RIGHT OF WAY,SR37S & TAPP,39.1368103,-86.5819931
2013,3,2,Weekday,1400,2-Car,No injury/unknown,FOLLOWING TOO CLOSELY,SR37S & TAPP,39.1368103,-86.5819931
2013,4,6,Weekday,1700,2-Car,No injury/unknown,OTHER (DRIVER) - EXPLAIN IN NARRATIVE,RAYLE PL & TAPP,39.13679972,-86.57776013
2013,7,4,Weekday,1400,2-Car,No injury/unknown,UNSAFE LANE MOVEMENT,WALNUT ST & WINSLOW,39.13679409,-86.52933809
2013,3,3,Weekday,1700,2-Car,Non-incapacitating,IMPROPER TURNING,LEONARD SPRINGS & TAPP RD,39.13679128,-86.58261363
2013,5,5,Weekday,1600,2-Car,No injury/unknown,DRIVER DISTRACTED - EXPLAIN IN NARRATIVE,AIRPORT & SR45,39.13678957,-86.59378836
2013,10,1,Weekend,1700,2-Car,Non-incapacitating,UNSAFE SPEED,AIRPORT RD & BUNGER,39.13678787,-86.60604346
2013,1,5,Weekday,700,2-Car,No injury/unknown,FOLLOWING TOO CLOSELY,AIRPORT & SR45W,39.1367836,-86.64755766
2013,9,2,Weekday,1700,3+ Cars,No injury/unknown,FOLLOWING TOO CLOSELY,AIRPORT & SR45W,39.13677979,-86.64751764
2013,8,2,Weekday,700,2-Car,No injury/unknown,UNSAFE SPEED,AIR PORT & SR45W,39.13677979,-86.64752197
2013,8,3,Weekday,2100,2-Car,No injury/unknown,FOLLOWING TOO CLOSELY,AIRPORT & SR45W,39.13677979,-86.64752197
2013,9,4,Weekday,1300,2-Car,No injury/unknown,FOLLOWING TOO CLOSELY,AIRPORT & SR45W,39.13677979,-86.64752197
2013,9,1,Weekend,1600,2-Car,No injury/unknown,FOLLOWING TOO CLOSELY,AIRPORT & SR45W,39.13677979,-86.64752197
2013,11,3,Weekday,600,1-Car,No injury/unknown,ANIMAL/OBJECT IN ROADWAY,AIR PORT & SR45W,39.13677979,-86.64752197
2013,1,4,Weekday,1800,2-Car,Non-incapacitating,FAILURE TO YIELD RIGHT OF WAY,SR37 & TAPP RD,39.13676894,-86.57289398
2013,3,5,Weekday,1300,2-Car,Non-incapacitating,DISREGARD SIGNAL/REG SIGN,SR37 & TAPP,39.13676894,-86.57289398
2013,5,4,Weekday,1700,2-Car,No injury/unknown,FAILURE TO YIELD RIGHT OF WAY,SR37 & TAPP,39.13676894,-86.57289398
2013,7,2,Weekday,800,2-Car,Non-incapacitating,UNSAFE SPEED,SR37 & TAPP,39.13676894,-86.57289398
2013,8,3,Weekday,1900,2-Car,No injury/unknown,FOLLOWING TOO CLOSELY,SR37 & W TAPP,39.13676894,-86.57289398
2013,8,3,Weekday,1400,2-Car,Incapacitating,DISREGARD SIGNAL/REG SIGN,SR37 & TAPP,39.13676894,-86.57289398
2013,11,1,Weekend,1800,1-Car,No injury/unknown,ANIMAL/OBJECT IN ROADWAY,SR37S & TAPP,39.13676534,-86.572896
2013,12,2,Weekday,1200,2-Car,No injury/unknown,UNSAFE BACKING,SOUTH WALNUT ST,39.13668442,-86.53144836
2013,7,6,Weekday,1000,2-Car,No injury/unknown,FOLLOWING TOO CLOSELY,AIRPORT & SR45W,39.13666541,-86.59405546
2013,2,3,Weekday,2300,1-Car,No injury/unknown,RAN OFF ROAD RIGHT,DEBORAH & WEST TAPP RD,39.13666025,-86.56783998
2013,5,1,Weekend,1600,1-Car,No injury/unknown,RAN OFF ROAD RIGHT,DEBORAH & TAPP RD,39.13666025,-86.56785729
2013,2,5,Weekday,2200,1-Car,No injury/unknown,RAN OFF ROAD RIGHT,DEBORAH & TAPP RD,39.13666025,-86.56786595
2013,3,5,Weekday,200,1-Car,Non-incapacitating,UNSAFE SPEED,DEBORAH & TAPP RD,39.13666025,-86.56786595
2013,1,6,Weekday,1000,2-Car,Non-incapacitating,FOLLOWING TOO CLOSELY,HIGH & ROGERS RD,39.13664,-86.508096
2013,12,4,Weekday,2000,1-Car,No injury/unknown,SPEED TOO FAST FOR WEATHER CONDITIONS,HIGH & ROGERS RD,39.13664,-86.508096
2013,12,1,Weekend,1800,1-Car,Non-incapacitating,OVERCORRECTING/OVERSTEERING,TAPP RD & WEIMER,39.13663426,-86.56447972
2013,2,5,Weekday,1800,2-Car,No injury/unknown,FOLLOWING TOO CLOSELY,SOUTH ADAMS ST & WEST TAPP,39.13662001,-86.55431024
2013,5,1,Weekend,1600,2-Car,No injury/unknown,SPEED TOO FAST FOR WEATHER CONDITIONS,ADAMS & TAPP RD,39.13662001,-86.55431024
2013,10,5,Weekday,700,2-Car,No injury/unknown,SPEED TOO FAST FOR WEATHER CONDITIONS,S ADAMS & W TAPP RD,39.13662001,-86.55431024
2013,12,5,Weekday,1600,2-Car,No injury/unknown,FOLLOWING TOO CLOSELY,S ADAMS & W TAPP RD,39.13662001,-86.55431024
2013,7,6,Weekday,1700,2-Car,Non-incapacitating,FOLLOWING TOO CLOSELY,S ADAMS & W TAPP RD,39.13662001,-86.55435352
2013,6,3,Weekday,700,2-Car,No injury/unknown,DRIVER DISTRACTED - EXPLAIN IN NARRATIVE,SR37N & TAPP ROAD,39.13658905,-86.5544281
2013,8,6,Weekday,800,2-Car,No injury/unknown,FOLLOWING TOO CLOSELY,SR37N & TAPP,39.13658905,-86.5544281
2013,9,3,Weekday,1700,2-Car,No injury/unknown,FOLLOWING TOO CLOSELY,SR37S & TAPP,39.13658905,-86.5544281
2013,11,3,Weekday,0,2-Car,No injury/unknown,OTHER (DRIVER) - EXPLAIN IN NARRATIVE,COUNTRY CLUB DR,39.13657379,-86.53639221
2013,12,2,Weekday,800,2-Car,No injury/unknown,UNSAFE BACKING,W TAPP RD & WEIMER,39.13653384,-86.56430197
2013,9,4,Weekday,1900,2-Car,Non-incapacitating,FOLLOWING TOO CLOSELY,TAPP RD & WEIMER,39.13653016,-86.56190352
2013,11,2,Weekday,1800,2-Car,Non-incapacitating,FOLLOWING TOO CLOSELY,TAPP RD & WEIMER,39.13653016,-86.56190352
2013,7,2,Weekday,1600,Moped/Motorcycle,Non-incapacitating,OTHER (DRIVER) - EXPLAIN IN NARRATIVE,TAPP RD & WEIMER,39.13653016,-86.5619468
2013,12,3,Weekday,1200,Moped/Motorcycle,Non-incapacitating,OTHER (DRIVER) - EXPLAIN IN NARRATIVE,TAPP RD & WEIMER,39.13653016,-86.56197276
2013,1,4,Weekday,1300,1-Car,No injury/unknown,OVERCORRECTING/OVERSTEERING,TAPP RD & WEIMER,39.13653016,-86.56198575
2013,7,2,Weekday,1600,2-Car,No injury/unknown,FOLLOWING TOO CLOSELY,TAPP RD & WEIMER,39.13653016,-86.56199008
2013,10,7,Weekend,1200,2-Car,No injury/unknown,FAILURE TO YIELD RIGHT OF WAY,TAPP RD & WEIMER,39.13653016,-86.56199008
2013,6,6,Weekday,1700,3+ Cars,No injury/unknown,FOLLOWING TOO CLOSELY,TAPP RD & WEIMER,39.136512,-86.562016
2013,12,2,Weekday,2000,Cyclist,Non-incapacitating,FAILURE TO YIELD RIGHT OF WAY,KEGG & TAPP RD,39.13649326,-86.5603888
2013,9,6,Weekday,300,1-Car,No injury/unknown,LEFT OF CENTER,W COUNTRYSIDE LN,39.136448,-86.548704
2013,12,7,Weekend,1700,2-Car,Non-incapacitating,LEFT OF CENTER,COUNTRY CLUB DR & ROCKPORT,39.13642333,-86.54799937
2013,12,7,Weekend,800,1-Car,No injury/unknown,ROADWAY SURFACE CONDITION,E WINSLOW RD & S HIGH,39.13641211,-86.50832377
2013,10,5,Weekday,2100,2-Car,No injury/unknown,UNSAFE BACKING,E WINSLOW RD,39.13640213,-86.5273056
2013,11,4,Weekday,1300,2-Car,No injury/unknown,FOLLOWING TOO CLOSELY,COUNTRY CLUB DR & ROCKPORT,39.13639867,-86.54729473
2013,1,4,Weekday,700,2-Car,No injury/unknown,FOLLOWING TOO CLOSELY,PINEHURST & TAPP RD,39.13637996,-86.54994025
2013,1,4,Weekday,1700,2-Car,No injury/unknown,FOLLOWING TOO CLOSELY,COUNTRY CLUB & ROCKPORT RD,39.13634978,-86.54875002
2013,2,1,Weekend,300,1-Car,Non-incapacitating,RAN OFF ROAD RIGHT,COUNTRY CLUB DR & ROCKPORT,39.13634978,-86.54875002
2013,3,4,Weekday,800,2-Car,No injury/unknown,ROADWAY SURFACE CONDITION,S ROCKPORT RD & W COUNTRY CLUB,39.13634978,-86.54875002
2013,5,7,Weekend,1300,2-Car,No injury/unknown,SPEED TOO FAST FOR WEATHER CONDITIONS,COUNTRY CLUB DR & ROCKPORT,39.13634978,-86.54875002
2013,9,1,Weekend,1400,2-Car,No injury/unknown,FOLLOWING TOO CLOSELY,ROCKPORT & TAPP RD,39.13634978,-86.54875002
2013,11,2,Weekday,1400,2-Car,No injury/unknown,FOLLOWING TOO CLOSELY,COUNTRY CLUB & ROCKPORT RD,39.13634978,-86.54875002
2013,5,6,Weekday,1300,2-Car,Non-incapacitating,SPEED TOO FAST FOR WEATHER CONDITIONS,COUNTRY CLUB DR & ROCKPORT,39.13634978,-86.54883657
2013,5,3,Weekday,1500,2-Car,No injury/unknown,FOLLOWING TOO CLOSELY,HENDERSON ST & MILLER,39.13634064,-86.52693025
2013,12,2,Weekday,1300,2-Car,No injury/unknown,RAN OFF ROAD RIGHT,S BANTA & W COUNTRY CLUB RD,39.136304,-86.544592
2013,12,2,Weekday,1600,2-Car,Non-incapacitating,LEFT OF CENTER,N HARTSTRAIT RD & W MAJESTIC WOODS,39.13625434,-86.61127969
2013,1,5,Weekday,1000,2-Car,No injury/unknown,UNSAFE LANE MOVEMENT,S WALNUT ST & WINSLOW,39.13625235,-86.52879635
2013,3,2,Weekday,1700,2-Car,Non-incapacitating,FOLLOWING TOO CLOSELY,BANTA & COUNTRY CLUB RD,39.13624987,-86.54482997
2013,9,5,Weekday,1700,Cyclist,Non-incapacitating,FAILURE TO YIELD RIGHT OF WAY,BANTA & COUNTRY CLUB DR,39.13624987,-86.54482997
2013,10,4,Weekday,1900,2-Car,Non-incapacitating,FOLLOWING TOO CLOSELY,SR37S & TAPP,39.13621603,-86.572896
2013,2,7,Weekend,200,1-Car,No injury/unknown,RAN OFF ROAD RIGHT,HENDERSON & WINSLOW RD,39.136144,-86.52618283
2013,2,4,Weekday,100,1-Car,No injury/unknown,DRIVER ASLEEP OR FATIGUED,HENDERSON & WINSLOW RD,39.136144,-86.52627099
2013,6,4,Weekday,1600,2-Car,No injury/unknown,IMPROPER LANE USAGE,FAIRINGTON DR & MARKET,39.136144,-86.58052766
2013,2,7,Weekend,1300,2-Car,No injury/unknown,FOLLOWING TOO CLOSELY,E WINSLOW RD & S HENDERSON,39.136144,-86.5268
2013,4,3,Weekday,2200,2-Car,Non-incapacitating,DISREGARD SIGNAL/REG SIGN,HENDERSON ST & WINSLOW,39.136144,-86.5268
2013,12,1,Weekend,1400,2-Car,No injury/unknown,DISREGARD SIGNAL/REG SIGN,HENDERSON ST & WINSLOW,39.136144,-86.5268
2013,1,7,Weekend,1000,2-Car,Non-incapacitating,FAILURE TO YIELD RIGHT OF WAY,WALNUT STREET & WINSLOW RD,39.136144,-86.528688
2013,1,1,Weekend,200,2-Car,Non-incapacitating,FOLLOWING TOO CLOSELY,S WALNUT ST & WINSLOW,39.136144,-86.528688
2013,3,4,Weekday,1200,1-Car,Non-incapacitating,RAN OFF ROAD RIGHT,S WALNUT ST PIKE & WINSLOW,39.136144,-86.528688
2013,5,3,Weekday,2100,2-Car,No injury/unknown,DISREGARD SIGNAL/REG SIGN,WALNUT ST & WINSLOW,39.136144,-86.528688
2013,5,7,Weekend,900,2-Car,No injury/unknown,FAILURE TO YIELD RIGHT OF WAY,S WALNUT ST & WINSLOW,39.136144,-86.528688
2013,9,2,Weekday,0,2-Car,Non-incapacitating,DISREGARD SIGNAL/REG SIGN,WALNUT STREET PIKE & WINSLOW,39.136144,-86.528688
2013,11,5,Weekday,2000,2-Car,No injury/unknown,FOLLOWING TOO CLOSELY,WALNUT & WINSLOW RD,39.136144,-86.528688
2013,12,3,Weekday,1000,2-Car,No injury/unknown,FAILURE TO YIELD RIGHT OF WAY,WALNUT STREET & WINSLOW RD,39.136144,-86.528688
2013,12,3,Weekday,1100,2-Car,No injury/unknown,DRIVER DISTRACTED - EXPLAIN IN NARRATIVE,S WALNUT ST & WINSLOW,39.136144,-86.528688
2013,9,7,Weekend,1500,2-Car,No injury/unknown,FOLLOWING TOO CLOSELY,WALNUT & WINSLOW RD,39.1361416,-86.52833537
2013,6,2,Weekday,1700,2-Car,No injury/unknown,IMPROPER PASSING,WALNUT & WINSLOW RD,39.13613786,-86.5281591
2013,6,2,Weekday,1200,Moped/Motorcycle,No injury/unknown,FAILURE TO YIELD RIGHT OF WAY,LEONARD SPRINGS & SR45W,39.1361084,-86.58261108
2013,10,3,Weekday,600,2-Car,No injury/unknown,TIRE FAILURE OR DEFECTIVE,LEONARD SPRINGS & SR45E,39.1361084,-86.58269766
2013,7,7,Weekend,1100,2-Car,No injury/unknown,FOLLOWING TOO CLOSELY,ALLENDALE & E WINSLOW RD,39.136096,-86.516
2013,8,5,Weekday,2300,2-Car,No injury/unknown,FOLLOWING TOO CLOSELY,ALLENDALE & WINSLOW RD,39.136096,-86.516
2013,3,5,Weekday,1700,2-Car,No injury/unknown,FOLLOWING TOO CLOSELY,ROGERS & W COUNTRY CLUB DR,39.13608,-86.538096
2013,7,6,Weekday,1700,2-Car,No injury/unknown,FAILURE TO YIELD RIGHT OF WAY,ROGERS & W COUNTRY CLUB DR,39.13608,-86.538096
2013,5,7,Weekend,1100,2-Car,No injury/unknown,FAILURE TO YIELD RIGHT OF WAY,S MADISON & W COUNTRY CLUB DR,39.136048,-86.536992
2013,5,6,Weekend,2100,2-Car,No injury/unknown,UNSAFE BACKING,EAST WINSLOW RD,39.13604066,-86.52427017
2013,3,2,Weekday,1400,2-Car,Non-incapacitating,DISREGARD SIGNAL/REG SIGN,HENDERSON & WINSLOW RD,39.13603999,-86.52687996
2013,7,7,Weekend,1700,2-Car,No injury/unknown,FAILURE TO YIELD RIGHT OF WAY,COUNTRY CLUB DR & ROGERS,39.13603999,-86.53826996
2013,11,2,Weekday,800,2-Car,Non-incapacitating,OTHER (DRIVER) - EXPLAIN IN NARRATIVE,COUNTRY CLUB & ROGERS ST,39.13603999,-86.53826996
2013,1,3,Weekday,1600,2-Car,No injury/unknown,DRIVER DISTRACTED - EXPLAIN IN NARRATIVE,COUNTRY CLUB & ROGERS RD,39.13603619,-86.53826525
2013,6,7,Weekend,900,3+ Cars,Non-incapacitating,FOLLOWING TOO CLOSELY,WINSLOW RD & XAVIER,39.13601987,-86.51343002
2013,11,5,Weekday,1400,Moped/Motorcycle,Non-incapacitating,FOLLOWING TOO CLOSELY,COUNTRY CLUB DR & MADISON,39.13600981,-86.53711996
2013,1,7,Weekend,100,1-Car,No injury/unknown,RAN OFF ROAD RIGHT,ROGERS RD & WINDING BROOK,39.13599975,-86.50409131
2013,10,5,Weekday,1900,Moped/Motorcycle,No injury/unknown,FAILURE TO YIELD RIGHT OF WAY,ROGERS RD & STANDS,39.13599975,-86.50409996
2013,11,3,Weekday,1700,2-Car,No injury/unknown,DISREGARD SIGNAL/REG SIGN,ALLENDALE & WINSLOW RD,39.13599975,-86.51591978
2013,7,5,Weekday,0,2-Car,No injury/unknown,FOLLOWING TOO CLOSELY,ALLENDALE & WINSLOW RD,39.13599975,-86.51594574
2013,8,7,Weekend,1500,Moped/Motorcycle,Non-incapacitating,FOLLOWING TOO CLOSELY,E WINSLOW RD & S WINSLOW,39.1359897,-86.5239302
2013,1,1,Weekend,1400,2-Car,No injury/unknown,FAILURE TO YIELD RIGHT OF WAY,WALNUT STEET & WINSLOW RD,39.1359897,-86.52879975
2013,2,1,Weekend,1300,2-Car,No injury/unknown,FAILURE TO YIELD RIGHT OF WAY,S WALNUT ST & WINSLOW RD,39.1359897,-86.52879975
2013,5,4,Weekday,0,1-Car,No injury/unknown,RAN OFF ROAD RIGHT,WALNUT STREET PIKE & WINSLOW,39.1359897,-86.52879975
2013,4,1,Weekend,1500,2-Car,Non-incapacitating,DRIVER DISTRACTED - EXPLAIN IN NARRATIVE,COUNTRY CLUB RD & WALNUT,39.13597025,-86.53102327
2013,3,4,Weekday,900,3+ Cars,No injury/unknown,FOLLOWING TOO CLOSELY,COUNTRY CLUB DR & WALNUT,39.13597025,-86.53108385
2013,11,4,Weekday,600,1-Car,No injury/unknown,ANIMAL/OBJECT IN ROADWAY,SO WALNUT & W COUNTRY CLUB DR,39.13597025,-86.5310925
2013,1,5,Weekday,700,2-Car,No injury/unknown,SPEED TOO FAST FOR WEATHER CONDITIONS,COUNTRY CLUB DR & S WALNUT,39.13597025,-86.5311098
2013,4,3,Weekday,600,2-Car,No injury/unknown,FAILURE TO YIELD RIGHT OF WAY,S WALNUT ST & W COUNTRY CLUB,39.13597025,-86.5311098
2013,4,3,Weekday,1400,2-Car,No injury/unknown,UNSAFE LANE MOVEMENT,WALNUT ST & WINSLOW,39.13597025,-86.5311098
2013,8,2,Weekday,2000,2-Car,No injury/unknown,IMPROPER PASSING,COUNTRY CLUB DR & WALNUT,39.13597025,-86.5311098
2013,9,2,Weekday,1300,2-Car,No injury/unknown,FOLLOWING TOO CLOSELY,COUNTRY CLUB & WALNUT ST,39.13597025,-86.5311098
2013,10,7,Weekend,1400,2-Car,Non-incapacitating,FAILURE TO YIELD RIGHT OF WAY,COUNTRY CLUB DR & WALNUT,39.13597025,-86.5311098
2013,10,3,Weekday,800,Bus,No injury/unknown,IMPROPER TURNING,WALNUT & WINSLOW RD,39.13597025,-86.5311098
2013,11,6,Weekday,1500,2-Car,Non-incapacitating,FOLLOWING TOO CLOSELY,WALNUT ST & WINSLOW,39.13597025,-86.5311098
2013,11,6,Weekday,1600,Bus,No injury/unknown,DISREGARD SIGNAL/REG SIGN,WALNUT ST & WINSLOW,39.13597025,-86.5311098
2013,6,2,Weekday,1500,2-Car,Incapacitating,IMPROPER PASSING,WALNUT & WINSLOW RD,39.13597025,-86.53111846
2013,3,2,Weekday,1100,2-Car,No injury/unknown,UNSAFE BACKING,SOUTH ACADIA CT,39.135968,-86.518496
2013,6,1,Weekend,1300,2-Car,No injury/unknown,FAILURE TO YIELD RIGHT OF WAY,ROGERS & SARE RD,39.13596019,-86.4965301
2013,10,2,Weekday,1000,2-Car,No injury/unknown,FAILURE TO YIELD RIGHT OF WAY,ROGERS RD & SARE,39.13596019,-86.4965301
2013,11,4,Weekday,1400,2-Car,No injury/unknown,FAILURE TO YIELD RIGHT OF WAY,ROGERS RD & SARE,39.13596019,-86.4965301
2013,12,2,Weekday,1200,2-Car,No injury/unknown,FAILURE TO YIELD RIGHT OF WAY,E ROGERS & S SARE RD,39.13596019,-86.4965301
2013,6,7,Weekend,1600,2-Car,No injury/unknown,IMPROPER TURNING,ROGERS ST,39.13586997,-86.49740259
2013,5,6,Weekday,1100,2-Car,Non-incapacitating,FAILURE TO YIELD RIGHT OF WAY,E ROGERS RD & S SARE,39.13584,-86.496288
2013,5,3,Weekday,900,1-Car,Non-incapacitating,INSECURE/LEAKY LOAD,ROGERS RD & SNODDY,39.13579701,-86.48596165
2013,4,5,Weekday,2000,1-Car,Incapacitating,RAN OFF ROAD RIGHT,ROGERS & S SNODDY RD,39.13576,-86.489488
2013,5,4,Weekday,900,2-Car,No injury/unknown,OTHER (DRIVER) - EXPLAIN IN NARRATIVE,WEST COTA DR,39.13568191,-86.56878881
2013,6,6,Weekday,1200,2-Car,No injury/unknown,UNSAFE BACKING,STATE ROAD 446 RD,39.135648,-86.462248
2013,4,7,Weekend,800,1-Car,No injury/unknown,DRIVER DISTRACTED - EXPLAIN IN NARRATIVE,SR446S,39.135648,-86.462248
2013,10,6,Weekday,1300,1-Car,No injury/unknown,ROADWAY SURFACE CONDITION,RUSH RIDGE & SR446S,39.13561326,-86.41448211
2013,11,6,Weekday,1600,2-Car,No injury/unknown,OTHER (VEHICLE) - EXPLAIN IN NARRATIVE,3601 STAFFORD DR & STAFFORD,39.13553676,-86.57596725
2013,10,2,Weekday,700,3+ Cars,Non-incapacitating,UNSAFE SPEED,SR37 & W TAPP,39.13538843,-86.57289694
2013,10,4,Weekday,1900,2-Car,No injury/unknown,FOLLOWING TOO CLOSELY,DUNCAN & SR45W,39.13520214,-86.59603073
2013,2,3,Weekday,2100,Pedestrian,Non-incapacitating,UNSAFE BACKING,S LEONARD SPRINGS RD,39.13514057,-86.58250286
2013,4,6,Weekday,800,2-Car,No injury/unknown,FAILURE TO YIELD RIGHT OF WAY,SR37N & VERNAL,39.13513663,-86.55998992
2013,12,5,Weekday,700,2-Car,No injury/unknown,FOLLOWING TOO CLOSELY,SR37S & TAPP,39.13511739,-86.572896
2013,10,5,Weekday,700,2-Car,No injury/unknown,FOLLOWING TOO CLOSELY,DUNCAN & SR45W,39.13484955,-86.59627017
2013,12,4,Weekday,600,1-Car,Non-incapacitating,SPEED TOO FAST FOR WEATHER CONDITIONS,2400 N OLD ST RD 37 RD & CLUBHOUSE,39.13463995,-86.53686062
2013,6,5,Weekday,1200,2-Car,No injury/unknown,UNSAFE BACKING,AIRPORT RD,39.134448,-86.647504
2013,5,6,Weekday,1200,2-Car,No injury/unknown,OTHER (DRIVER) - EXPLAIN IN NARRATIVE,SO WILCOX ST,39.134352,-86.53712773
2013,3,5,Weekday,1600,Moped/Motorcycle,Non-incapacitating,FAILURE TO YIELD RIGHT OF WAY,WALNUT ST,39.13432546,-86.52733091
2013,4,6,Weekday,1100,2-Car,No injury/unknown,UNSAFE BACKING,SOUTH WALNUT ST,39.13432546,-86.52733091
2013,9,3,Weekday,1000,2-Car,No injury/unknown,OVERCORRECTING/OVERSTEERING,S WALNUT ST,39.13432546,-86.52733091
2013,3,1,Weekend,800,1-Car,No injury/unknown,DRIVER DISTRACTED - EXPLAIN IN NARRATIVE,GARDNER & GARRISON CHAPPEL RDS,39.134144,-86.642864
2013,8,3,Weekday,800,2-Car,No injury/unknown,FOLLOWING TOO CLOSELY,S GARRISON CHAPEL RD & W GARDNER,39.134144,-86.642864
2013,9,7,Weekend,1300,2-Car,No injury/unknown,FAILURE TO YIELD RIGHT OF WAY,COLLEGE MALL RD & CONVENANTER,39.13403643,-86.49773977
2013,4,6,Weekday,1800,2-Car,No injury/unknown,UNSAFE BACKING,E SHERWOOD HILLS DR,39.13394547,-86.5247879
2013,12,2,Weekday,1700,3+ Cars,No injury/unknown,FOLLOWING TOO CLOSELY,BUNGER & SR45W,39.13391113,-86.60555164
2013,1,2,Weekday,900,1-Car,No injury/unknown,SPEED TOO FAST FOR WEATHER CONDITIONS,BUNGER & SR45E,39.13391113,-86.6055603
2013,10,4,Weekday,100,2-Car,No injury/unknown,FOLLOWING TOO CLOSELY,BUNGER & SR45W,39.13391113,-86.6055603
2013,10,7,Weekend,1600,2-Car,Non-incapacitating,LEFT OF CENTER,BUNGER & SR45W,39.13391113,-86.6055603
2013,8,6,Weekend,2000,2-Car,No injury/unknown,UNSAFE BACKING,INDIAN CREEK & S YONKERS ST,39.13390625,-86.57414525
2013,8,5,Weekday,1600,2-Car,No injury/unknown,UNSAFE BACKING,SOUTH ROLLING RIDGE APT 601 WAY,39.133744,-86.50592
2013,10,5,Weekday,100,1-Car,No injury/unknown,UNSAFE BACKING,S ROLLING RIDGE WAY,39.133744,-86.50592
2013,12,2,Weekday,2000,2-Car,Non-incapacitating,FAILURE TO YIELD RIGHT OF WAY,CURRY & SR45N,39.13351355,-86.58264923
2013,9,2,Weekday,1700,2-Car,No injury/unknown,OTHER (DRIVER) - EXPLAIN IN NARRATIVE,S LEONARD SPRINGS RD,39.13350865,-86.5825358
2013,8,6,Weekday,1200,3+ Cars,Non-incapacitating,OTHER (DRIVER) - EXPLAIN IN NARRATIVE,W ALLEN ST,39.133248,-86.517488
2013,1,4,Weekday,700,2-Car,Non-incapacitating,FAILURE TO YIELD RIGHT OF WAY,MILLER & WALNUT ST,39.13314963,-86.53265006
2013,11,5,Weekday,0,1-Car,No injury/unknown,ANIMAL/OBJECT IN ROADWAY,SR43S & SR48W,39.13314767,-86.60447692
2013,8,5,Weekday,1100,2-Car,No injury/unknown,FOLLOWING TOO CLOSELY,VERMILYA & WALNUT ST,39.13306464,-86.53324015
2013,2,5,Weekday,2100,2-Car,Non-incapacitating,UNSAFE SPEED,SR37S & TAPP,39.13292012,-86.572896
2013,2,5,Weekday,2100,2-Car,No injury/unknown,SPEED TOO FAST FOR WEATHER CONDITIONS,STATE ROAD 37 RD & TAPP,39.13292012,-86.572896
2013,3,6,Weekday,1400,2-Car,Non-incapacitating,DRIVER DISTRACTED - EXPLAIN IN NARRATIVE,3RD & LIBERTY DR,39.13288687,-86.57913006
2013,7,4,Weekday,1100,2-Car,No injury/unknown,FAILURE TO YIELD RIGHT OF WAY,3RD & LIBERTY DR,39.13288687,-86.57913006