Year,Month,Day,Weekend?,Hour,Collision Type,Injury Type,Primary Factor,Reported_Location,Latitude,Longitude
2013,5,1,Weekend,1000,2-Car,No injury/unknown,,S ROCKPORT RD,39.132848,-86.554848
2013,7,5,Weekday,0,1-Car,No injury/unknown,RAN OFF ROAD RIGHT,DUNSTAN DR,39.13249207,-86.51730346
2013,7,2,Weekday,1700,1-Car,Non-incapacitating,UNSAFE SPEED,3600 BLK GARRISON CHAPEL RD & GARDNER,39.13229009,-86.64288024
2013,10,7,Weekend,1300,2-Car,No injury/unknown,UNSAFE BACKING,W HOOSIER COURT AVE,39.1319809,-86.53209686
2013,12,6,Weekday,1400,2-Car,No injury/unknown,UNSAFE BACKING,WEST HOOSIER CT AVE,39.1319809,-86.53209686
2013,4,4,Weekday,2200,2-Car,No injury/unknown,UNSAFE LANE MOVEMENT,W HOOSIER CT AVE,39.1319809,-86.53210449
2013,2,1,Weekend,200,1-Car,Non-incapacitating,RAN OFF ROAD RIGHT,HOOSIER & S WALNUT ST,39.13196974,-86.53143972
2013,5,3,Weekday,1500,2-Car,No injury/unknown,FOLLOWING TOO CLOSELY,RIDGEVIEW & SOUTH WALNUT ST,39.13196974,-86.53143972
2013,9,4,Weekday,2000,1-Car,No injury/unknown,DRIVER DISTRACTED - EXPLAIN IN NARRATIVE,S MEADOWCREEK BLVD,39.13182959,-86.4997112
2013,2,2,Weekday,2200,2-Car,No injury/unknown,OTHER (VEHICLE) - EXPLAIN IN NARRATIVE,CEDAR CHASE DR & RED ROCK,39.13172478,-86.58588872
2013,11,3,Weekday,700,3+ Cars,No injury/unknown,FOLLOWING TOO CLOSELY,SR37 & TAPP,39.13168965,-86.572896
2013,10,5,Weekday,2000,3+ Cars,Non-incapacitating,DRIVER DISTRACTED - EXPLAIN IN NARRATIVE,PINEWOOD & S WALNUT ST,39.13151979,-86.53143033
2013,12,7,Weekend,1700,2-Car,No injury/unknown,FOLLOWING TOO CLOSELY,PINEWOOD & SOUTH WALNUT ST,39.13151979,-86.53143033
2013,3,5,Weekday,900,2-Car,No injury/unknown,FOLLOWING TOO CLOSELY,KNIGHTSRIDGE RD,39.13141519,-86.44785001
2013,9,3,Weekday,1500,2-Car,No injury/unknown,,ALLENDALE & WALNUT ST PIKE,39.13135599,-86.526688
2013,4,2,Weekday,1300,1-Car,No injury/unknown,UNSAFE BACKING,E ASHWOOD LN,39.131248,-86.508464
2013,1,5,Weekday,700,3+ Cars,No injury/unknown,FOLLOWING TOO CLOSELY,BUNGER & SR45W,39.13113338,-86.60164378
2013,5,7,Weekend,1100,2-Car,Non-incapacitating,FAILURE TO YIELD RIGHT OF WAY,ALLENDALE & WALNUT ST PIKE,39.130944,-86.526688
2013,10,6,Weekday,1000,3+ Cars,Non-incapacitating,FAILURE TO YIELD RIGHT OF WAY,ALLENDALE & WALNUT ST PIKE,39.130944,-86.526688
2013,9,2,Weekday,1400,1-Car,No injury/unknown,RAN OFF ROAD RIGHT,BUNGER & SR45S,39.13077781,-86.60209417
2013,8,3,Weekday,1000,2-Car,No injury/unknown,OTHER (DRIVER) - EXPLAIN IN NARRATIVE,SO WALNUT STREET PIKE,39.13069166,-86.52687527
2013,4,2,Weekday,1000,2-Car,No injury/unknown,UNSAFE BACKING,SOUTH WALNUT ST,39.1306572,-86.53276062
2013,5,6,Weekday,1700,2-Car,No injury/unknown,UNSAFE BACKING,S CUFFERS DR,39.13052836,-86.54452414
2013,8,5,Weekday,2100,1-Car,No injury/unknown,DRIVER DISTRACTED - EXPLAIN IN NARRATIVE,LEONARD SPRINGS RD,39.13048361,-86.58264778
2013,5,2,Weekday,1300,2-Car,No injury/unknown,UNSAFE BACKING,LADD AVE & S TUILP,39.13043015,-86.5415503
2013,8,2,Weekday,1400,1-Car,Incapacitating,DRIVER ILLNESS,BUNGER & SR45W,39.13041717,-86.60271289
2013,9,7,Weekend,1100,Moped/Motorcycle,Non-incapacitating,UNSAFE SPEED,3011 S YONKERS ST & S YONKERS,39.130144,-86.574
2013,10,7,Weekend,1400,2-Car,No injury/unknown,SPEED TOO FAST FOR WEATHER CONDITIONS,CONSTITUTION & LIBERTY DR,39.13005818,-86.5768703
2013,8,5,Weekday,2100,2-Car,No injury/unknown,CELL PHONE USAGE,S TYLER & W FESTIVE DR,39.1299882,-86.57648294
2013,9,4,Weekday,1600,1-Car,Non-incapacitating,RAN OFF ROAD RIGHT,CEDAR CHASE RD,39.12975311,-86.58403778
2013,9,6,Weekday,0,2-Car,No injury/unknown,IMPROPER TURNING,SARE RD,39.129673,-86.50354003
2013,6,4,Weekday,1800,2-Car,No injury/unknown,IMPROPER TURNING,S WALNUT ST,39.1293814,-86.53146117
2013,10,6,Weekday,700,2-Car,No injury/unknown,FOLLOWING TOO CLOSELY,BUNGER & SR45W,39.12936,-86.604336
2013,3,7,Weekend,100,1-Car,No injury/unknown,OVERCORRECTING/OVERSTEERING,2240 CAVE ROAD RD & MATTHEW ROAD,39.12896035,-86.629669
2013,6,3,Weekday,800,2-Car,Non-incapacitating,UNSAFE SPEED,BUNGER & SR45N,39.12883348,-86.60495825
2013,12,3,Weekday,1600,3+ Cars,No injury/unknown,FOLLOWING TOO CLOSELY,BUNGER & SR45,39.12865931,-86.6052393
2013,6,3,Weekday,1300,2-Car,No injury/unknown,UNSAFE BACKING,EAST CREEKS EDGE DR,39.12821665,-86.50074921
2013,10,3,Weekday,2300,1-Car,Incapacitating,RAN OFF ROAD RIGHT,SOUTH ROCKPORT RD & WEST HENNESSEY,39.12818983,-86.55671155
2013,10,7,Weekend,1400,2-Car,No injury/unknown,BRAKE FAILURE OR DEFECTIVE,HENNESSY & ROCKPORT RD,39.12818983,-86.55672021
2013,5,3,Weekday,2100,2-Car,No injury/unknown,UNSAFE BACKING,S WALNUT STREET PIKE,39.12815094,-86.52787017
2013,7,2,Weekday,1700,2-Car,No injury/unknown,LEFT OF CENTER,3115 S WALNUT ST & PRIVATE,39.128006,-86.530556
2013,3,1,Weekend,700,2-Car,No injury/unknown,OTHER (VEHICLE) - EXPLAIN IN NARRATIVE,SO WALNUT ST,39.12800598,-86.53055572
2013,8,7,Weekend,700,2-Car,No injury/unknown,OTHER (DRIVER) - EXPLAIN IN NARRATIVE,SO WALNUT ST,39.12800598,-86.53055572
2013,12,2,Weekday,900,2-Car,No injury/unknown,LEFT OF CENTER,HENNESSEY ST & SOUTH MCDOUGAL,39.12791021,-86.55612641
2013,11,5,Weekday,400,1-Car,No injury/unknown,ANIMAL/OBJECT IN ROADWAY,S LEONARD SPRINGS RD,39.12771225,-86.58383178
2013,5,5,Weekday,2100,2-Car,No injury/unknown,UNSAFE BACKING,SOUTH WALNUT ST,39.12766239,-86.52679022
2013,11,2,Weekday,600,2-Car,Non-incapacitating,FOLLOWING TOO CLOSELY,S OLD STATE & SR37S,39.127376,-86.531375
2013,6,7,Weekend,0,1-Car,Non-incapacitating,UNSAFE SPEED,LOCKVIEW & WICKENS ST,39.12735347,-86.55303781
2013,12,1,Weekend,1600,2-Car,No injury/unknown,FAILURE TO YIELD RIGHT OF WAY,CANADA DR & CLAYBRIDGE,39.12731007,-86.5063101
2013,3,1,Weekend,1800,2-Car,No injury/unknown,UNSAFE BACKING,S WALNUT ST,39.12716835,-86.52677353
2013,2,7,Weekend,1200,2-Car,Non-incapacitating,FOLLOWING TOO CLOSELY,BURKS & SO WALNUT ST,39.12666969,-86.53136998
2013,4,5,Weekday,1600,3+ Cars,Non-incapacitating,FOLLOWING TOO CLOSELY,BURKS & WALNUT ST,39.12666969,-86.53136998
2013,12,4,Weekday,500,1-Car,No injury/unknown,OVERCORRECTING/OVERSTEERING,S LEONARD SPRINGS RD & SIMS,39.12664,-86.582512
2013,12,5,Weekday,1500,2-Car,No injury/unknown,IMPROPER TURNING,EAST BURKS DR,39.1266194,-86.52957223
2013,4,3,Weekday,2000,3+ Cars,Non-incapacitating,FOLLOWING TOO CLOSELY,LEONARD SPRINGS & SR45W,39.1266098,-86.58258056
2013,5,6,Weekday,1400,2-Car,No injury/unknown,FAILURE TO YIELD RIGHT OF WAY,LEONARD SPRINGS & SR45W,39.1266098,-86.58258056
2013,5,5,Weekday,1500,2-Car,No injury/unknown,FAILURE TO YIELD RIGHT OF WAY,SOUTH LEONARD SPRINGS & SR45W,39.1266098,-86.58258056
2013,12,7,Weekend,1300,2-Car,No injury/unknown,UNSAFE BACKING,S WALNUT ST PIKE,39.12631655,-86.52674475
2013,11,2,Weekday,1000,2-Car,No injury/unknown,OBSTRUCTION NOT MARKED,GILHAM & SR45W,39.12619019,-86.6142706
2013,12,3,Weekday,900,2-Car,No injury/unknown,SPEED TOO FAST FOR WEATHER CONDITIONS,HENNESSY & MCDOUGAL ST,39.12593007,-86.55359007
2013,6,1,Weekend,1400,2-Car,No injury/unknown,SPEED TOO FAST FOR WEATHER CONDITIONS,HENNESSEY ST,39.12567392,-86.55401788
2013,1,6,Weekday,1200,2-Car,No injury/unknown,UNSAFE BACKING,W SR 45 HWY,39.125312,-86.610496
2013,2,4,Weekday,1900,2-Car,No injury/unknown,FAILURE TO YIELD RIGHT OF WAY,W STATE ROAD 45 RD,39.125312,-86.610496
2013,2,5,Weekday,1400,2-Car,No injury/unknown,DRIVER DISTRACTED - EXPLAIN IN NARRATIVE,W SR 45 HWY,39.125312,-86.610496
2013,3,5,Weekday,2000,2-Car,No injury/unknown,FAILURE TO YIELD RIGHT OF WAY,STATE ROAD 45 ST,39.125312,-86.610496
2013,3,7,Weekend,700,2-Car,Fatal,OTHER (DRIVER) - EXPLAIN IN NARRATIVE,SR45W,39.125312,-86.610496
2013,6,5,Weekday,1500,2-Car,No injury/unknown,FAILURE TO YIELD RIGHT OF WAY,SR45W,39.125312,-86.610496
2013,5,4,Weekday,1400,2-Car,No injury/unknown,OTHER (DRIVER) - EXPLAIN IN NARRATIVE,3585 W SR 45 HWY,39.125312,-86.610496
2013,5,2,Weekday,1500,2-Car,No injury/unknown,,W STATE ROAD 45 HWY,39.125312,-86.610496
2013,5,5,Weekday,1500,2-Car,No injury/unknown,IMPROPER TURNING,WEST STATE ROAD 45 HWY,39.125312,-86.610496
2013,8,1,Weekday,2100,2-Car,No injury/unknown,FOLLOWING TOO CLOSELY,W SR 45 HWY,39.125312,-86.610496
2013,8,3,Weekday,2000,2-Car,No injury/unknown,UNSAFE BACKING,WEST STATE ROAD 45 HWY,39.125312,-86.610496
2013,6,1,Weekend,1300,2-Car,No injury/unknown,UNSAFE BACKING,SR45W,39.125312,-86.610496
2013,7,7,Weekend,1700,2-Car,No injury/unknown,IMPROPER LANE USAGE,WEST STATE ROAD 45 HWY,39.125312,-86.610496
2013,7,3,Weekday,1500,2-Car,No injury/unknown,UNSAFE BACKING,WEST STATE ROAD 45 HWY,39.125312,-86.610496
2013,7,4,Weekday,1900,Pedestrian,Non-incapacitating,PEDESTRIAN ACTION,W SR 45 RD,39.125312,-86.610496
2013,9,2,Weekday,1500,2-Car,No injury/unknown,FOLLOWING TOO CLOSELY,W STATE ROAD 45 HWY,39.125312,-86.610496
2013,9,4,Weekday,1400,2-Car,No injury/unknown,FAILURE TO YIELD RIGHT OF WAY,W SR 45 RD,39.125312,-86.610496
2013,10,7,Weekend,1800,2-Car,No injury/unknown,IMPROPER LANE USAGE,STATE ROAD 45 HWY,39.125312,-86.610496
2013,10,3,Weekday,300,2-Car,No injury/unknown,SPEED TOO FAST FOR WEATHER CONDITIONS,STATE ROAD 45 HWY,39.125312,-86.610496
2013,10,7,Weekend,1500,2-Car,No injury/unknown,FAILURE TO YIELD RIGHT OF WAY,WEST STATE ROAD 45 RD,39.125312,-86.610496
2013,10,3,Weekday,2200,2-Car,No injury/unknown,IMPROPER TURNING,WEST STATE ROAD 45 HWY,39.125312,-86.610496
2013,11,7,Weekend,1400,2-Car,No injury/unknown,UNSAFE BACKING,W STATE ROAD 45 HWY,39.125312,-86.610496
2013,11,6,Weekday,1400,2-Car,No injury/unknown,UNSAFE BACKING,WEST STATE ROAD 45 HWY,39.125312,-86.610496
2013,12,7,Weekend,1500,1-Car,No injury/unknown,IMPROPER LANE USAGE,SR45W,39.125312,-86.610496
2013,12,7,Weekend,1300,2-Car,No injury/unknown,VIEW OBSTRUCTED,SR45W,39.125312,-86.610496
2013,12,2,Weekday,2000,1-Car,Non-incapacitating,RAN OFF ROAD RIGHT,SR45W,39.125312,-86.610496
2013,2,5,Weekday,2200,2-Car,No injury/unknown,ROADWAY SURFACE CONDITION,3700 SOUTH WICKENS ST & LEIGHTON,39.12526797,-86.550928
2013,12,1,Weekend,1600,2-Car,No injury/unknown,FAILURE TO YIELD RIGHT OF WAY,RHORER & SNODDY RD,39.12501287,-86.48957199
2013,1,5,Weekday,700,2-Car,No injury/unknown,UNSAFE BACKING,S MILL STONE WAY,39.12489319,-86.50860595
2013,4,3,Weekday,1700,2-Car,Non-incapacitating,FOLLOWING TOO CLOSELY,SR37N & VERNAL,39.12455872,-86.55998992
2013,3,6,Weekday,0,1-Car,No injury/unknown,RAN OFF ROAD RIGHT,FULLERTON & ROCKPORT RD,39.12440105,-86.56053861
2013,11,5,Weekday,500,1-Car,No injury/unknown,SPEED TOO FAST FOR WEATHER CONDITIONS,LEONARD SPRINGS & LEONARD SPRINGS RD,39.12423192,-86.58257102
2013,2,6,Weekday,1300,2-Car,No injury/unknown,SPEED TOO FAST FOR WEATHER CONDITIONS,HEATHER & WALNUT ST PIKE,39.12398305,-86.52670641
2013,4,7,Weekend,1600,Moped/Motorcycle,Non-incapacitating,ROADWAY SURFACE CONDITION,HEATHER & SOUTH WALNUT STREET PIKE,39.1239801,-86.52669019
2013,7,4,Weekday,1500,2-Car,No injury/unknown,UNSAFE BACKING,SOUTH WALNUT ST,39.12376088,-86.5266497
2013,9,1,Weekend,800,2-Car,No injury/unknown,BRAKE FAILURE OR DEFECTIVE,S HAYS DR,39.12372971,-86.53766632
2013,8,5,Weekday,2300,2-Car,No injury/unknown,UNSAFE SPEED,ADAMS ST & SUNSTONE,39.1236787,-86.55608989
2013,10,2,Weekday,1200,2-Car,No injury/unknown,DRIVER DISTRACTED - EXPLAIN IN NARRATIVE,PINEWOOD & S WALNUT ST,39.12359566,-86.53143033
2013,4,6,Weekday,1400,1-Car,No injury/unknown,DISREGARD SIGNAL/REG SIGN,FULLERTON & LEONARD SPRINGS RD,39.123376,-86.582592
2013,10,3,Weekday,2300,1-Car,No injury/unknown,RAN OFF ROAD RIGHT,LEONARD SPRINGS & WEST LEONARD SPRINGS RD,39.123376,-86.582592
2013,12,6,Weekday,700,1-Car,No injury/unknown,SPEED TOO FAST FOR WEATHER CONDITIONS,FULLERTON & LEONARD SPRINGS RD,39.12317125,-86.58269437
2013,2,1,Weekend,1100,2-Car,No injury/unknown,FAILURE TO YIELD RIGHT OF WAY,NORTH & WALNUT ST,39.12297226,-86.53180986
2013,5,6,Weekday,700,1-Car,No injury/unknown,OTHER (DRIVER) - EXPLAIN IN NARRATIVE,4000 BLK S ROCKPORT RD & FULLERTON,39.12266249,-86.56226322
2013,5,4,Weekday,2000,1-Car,Non-incapacitating,UNSAFE SPEED,13TH & MADISON ST,39.12264318,-86.53774023
2013,7,2,Weekday,300,1-Car,No injury/unknown,RAN OFF ROAD RIGHT,FULLERTON PIKE & JUDD,39.122448,-86.574
2013,12,6,Weekday,700,1-Car,No injury/unknown,RAN OFF ROAD RIGHT,FULLERTON PIKE & JUDD,39.122448,-86.574
2013,1,6,Weekday,1400,3+ Cars,Incapacitating,DISREGARD SIGNAL/REG SIGN,SR37S & W FULLERTON,39.122352,-86.5712
2013,9,6,Weekday,1100,1-Car,No injury/unknown,FOLLOWING TOO CLOSELY,FULLERTON & SR37S,39.122352,-86.5712
2013,2,5,Weekday,1100,1-Car,Incapacitating,UNSAFE SPEED,ISON RD & LEONARD SPRINGS,39.122352,-86.6056
2013,4,6,Weekend,2300,1-Car,No injury/unknown,RAN OFF ROAD RIGHT,S ISON RD & W LEONARD SPRINGS,39.122352,-86.6056
2013,1,5,Weekday,2000,1-Car,No injury/unknown,SPEED TOO FAST FOR WEATHER CONDITIONS,37 & FULLERTON PIKE,39.12229906,-86.56767463
2013,5,1,Weekend,1600,2-Car,No injury/unknown,FAILURE TO YIELD RIGHT OF WAY,FULLERTON PIKE & ROCKPORT,39.122224,-86.562688
2013,9,2,Weekday,1700,2-Car,Non-incapacitating,DISREGARD SIGNAL/REG SIGN,FULLERTON & SR37S,39.12221146,-86.57353973
2013,9,7,Weekend,2000,3+ Cars,Non-incapacitating,FAILURE TO YIELD RIGHT OF WAY,FULLERTON & SR37S,39.12221146,-86.57353973
2013,11,5,Weekday,1500,2-Car,Non-incapacitating,FAILURE TO YIELD RIGHT OF WAY,FULLERTON & SR37S,39.12221146,-86.57353973
2013,6,5,Weekday,1600,2-Car,Non-incapacitating,FAILURE TO YIELD RIGHT OF WAY,RENDY & WEST ELLER RD,39.122208,-86.615792
2013,1,2,Weekday,1700,2-Car,No injury/unknown,FAILURE TO YIELD RIGHT OF WAY,FULLERTON & SR37S,39.12220001,-86.56779479
2013,4,5,Weekday,1200,3+ Cars,No injury/unknown,FOLLOWING TOO CLOSELY,FULERTON & SR37S,39.12220001,-86.56779479
2013,1,5,Weekday,2000,2-Car,No injury/unknown,SPEED TOO FAST FOR WEATHER CONDITIONS,37 & FULLERTON PIKE,39.12220001,-86.56788136
2013,4,3,Weekday,1700,2-Car,No injury/unknown,FOLLOWING TOO CLOSELY,FULLERTON PIKE & JUDD,39.12209988,-86.57402984
2013,12,2,Weekday,700,1-Car,No injury/unknown,RAN OFF ROAD RIGHT,DILLMAN & SR37N,39.12189278,-86.54577636
2013,1,5,Weekday,2000,2-Car,No injury/unknown,SPEED TOO FAST FOR WEATHER CONDITIONS,GORDON PIKE & WICKENS,39.12181218,-86.54791696
2013,4,6,Weekend,2200,1-Car,No injury/unknown,RAN OFF ROAD RIGHT,E RHORER RD & HARRELL,39.1217467,-86.49666988
2013,11,4,Weekday,1600,2-Car,No injury/unknown,SPEED TOO FAST FOR WEATHER CONDITIONS,HARTSTRAIGHT RD & TEMPERANCE,39.12174554,-86.61594003
2013,9,1,Weekend,1300,1-Car,Non-incapacitating,TIRE FAILURE OR DEFECTIVE,HARRELL & RHORER RD,39.12160351,-86.49173694
2013,3,5,Weekday,1700,1-Car,Non-incapacitating,RAN OFF ROAD RIGHT,EAST MOORES CREEK RD & SNODDY,39.121584,-86.489744
2013,9,7,Weekend,300,1-Car,No injury/unknown,RAN OFF ROAD RIGHT,E MOORES CREEK RD & SNODDY,39.121584,-86.489744
2013,2,4,Weekday,1900,1-Car,No injury/unknown,RAN OFF ROAD RIGHT,GORDON PIKE & ROGERS,39.12156008,-86.53916411
2013,1,3,Weekday,0,2-Car,No injury/unknown,UNSAFE BACKING,GORDON & GORDON PIKE,39.121552,-86.531296
2013,1,3,Weekday,700,2-Car,No injury/unknown,FOLLOWING TOO CLOSELY,GORDON & OLD SR 37 RD,39.121552,-86.531296
2013,2,6,Weekday,300,1-Car,No injury/unknown,RAN OFF ROAD RIGHT,GORDON & S OLD STATE ROAD 37 RD,39.121552,-86.531296
2013,6,7,Weekend,2100,1-Car,No injury/unknown,ANIMAL/OBJECT IN ROADWAY,RHORER & SOUTH OLD STATE ROAD 37 HWY,39.121552,-86.531296
2013,7,4,Weekday,1400,2-Car,No injury/unknown,FAILURE TO YIELD RIGHT OF WAY,GORDON & OLD SR 37 RD,39.121552,-86.531296
2013,10,5,Weekday,2100,1-Car,No injury/unknown,ANIMAL/OBJECT IN ROADWAY,GORDON & SOUTH OLD STATE ROAD 37 HWY,39.121552,-86.531296
2013,11,6,Weekday,1200,1-Car,No injury/unknown,IMPROPER LANE USAGE,4025 SOUTH OLD SR 37 RD & RHORER,39.121552,-86.531296
2013,5,7,Weekend,1700,2-Car,No injury/unknown,UNSAFE BACKING,W GORDON PIKE,39.12154418,-86.53386009
2013,3,5,Weekday,500,1-Car,No injury/unknown,ANIMAL/OBJECT IN ROADWAY,1600 E RHORER RD & S JAMIE,39.12152,-86.51792
2013,7,7,Weekend,2100,1-Car,No injury/unknown,RAN OFF ROAD RIGHT,285 E RHORER RD & KENNEDY,39.121488,-86.528304
2013,9,6,Weekday,1600,2-Car,Non-incapacitating,FAILURE TO YIELD RIGHT OF WAY,E RHORER RD & S DEERFIELD,39.12146017,-86.50459782
2013,11,6,Weekday,700,2-Car,No injury/unknown,FOLLOWING TOO CLOSELY,RHORER RD & S WALNUT ST,39.12145871,-86.52720079
2013,6,3,Weekday,1700,2-Car,No injury/unknown,ROADWAY SURFACE CONDITION,NIMIT & RHORER RD,39.12145011,-86.52383968
2013,3,3,Weekday,2300,1-Car,No injury/unknown,RAN OFF ROAD RIGHT,NIMMIT & RHORER RD,39.12144607,-86.52387219
2013,8,7,Weekend,1200,2-Car,No injury/unknown,FAILURE TO YIELD RIGHT OF WAY,RHORER RD & WALNUT,39.12144282,-86.52614342
2013,1,5,Weekday,1400,3+ Cars,Non-incapacitating,FOLLOWING TOO CLOSELY,RHORER RD & SARE,39.12144005,-86.51149346
2013,5,2,Weekday,0,1-Car,Non-incapacitating,SPEED TOO FAST FOR WEATHER CONDITIONS,E ROHOER RD & S SARE,39.12144005,-86.51149346
2013,5,5,Weekday,1500,2-Car,No injury/unknown,FOLLOWING TOO CLOSELY,RHORER RD & SARE,39.12144005,-86.51156699
2013,4,5,Weekday,1800,2-Car,No injury/unknown,FAILURE TO YIELD RIGHT OF WAY,E RHORER RD & S SARE,39.12144005,-86.51157997
2013,4,3,Weekday,1200,3+ Cars,Non-incapacitating,FAILURE TO YIELD RIGHT OF WAY,RHORER RD & SARE,39.12144005,-86.51157997
2013,7,4,Weekday,1600,2-Car,No injury/unknown,FOLLOWING TOO CLOSELY,RHORER & SARE RD,39.12144005,-86.51157997
2013,10,5,Weekday,700,2-Car,No injury/unknown,FOLLOWING TOO CLOSELY,RHORER RD & SARE,39.12144005,-86.51166648
2013,1,5,Weekday,1700,2-Car,Non-incapacitating,FOLLOWING TOO CLOSELY,EAST RHORER & SOUTH WALNUT ST,39.12144,-86.526496
2013,2,3,Weekday,1300,2-Car,Non-incapacitating,DISREGARD SIGNAL/REG SIGN,E RHORER RD & S WALNUT,39.12144,-86.526496
2013,8,4,Weekday,1800,2-Car,No injury/unknown,DISREGARD SIGNAL/REG SIGN,RHORER RD & WALNUT STREET,39.12144,-86.526496
2013,7,6,Weekday,1500,2-Car,No injury/unknown,FAILURE TO YIELD RIGHT OF WAY,RHORER & S WALNUT ST,39.12144,-86.526496
2013,9,5,Weekday,700,2-Car,No injury/unknown,FOLLOWING TOO CLOSELY,RHORER RD & S WALNUT ST,39.12144,-86.526496
2013,11,7,Weekend,1400,2-Car,Non-incapacitating,DISREGARD SIGNAL/REG SIGN,RHORER & SOUTH WALNUT ST,39.12144,-86.526496
2013,10,3,Weekday,500,1-Car,No injury/unknown,DRIVER ASLEEP OR FATIGUED,E RHORER RD & WALNUT STREET,39.12144,-86.526496
2013,3,5,Weekday,1500,2-Car,No injury/unknown,UNSAFE LANE MOVEMENT,W GORDON LOT 117 PIKE,39.12143201,-86.53530478
2013,4,3,Weekday,1700,2-Car,No injury/unknown,UNSAFE BACKING,GORDON PIKE,39.12143201,-86.53530478
2013,5,4,Weekday,1500,2-Car,No injury/unknown,DRIVER DISTRACTED - EXPLAIN IN NARRATIVE,GORDON LOT 20 PIKE,39.12143201,-86.53530478
2013,8,6,Weekday,700,2-Car,Non-incapacitating,FOLLOWING TOO CLOSELY,OLD ST RD 37 SOUTH RD & RHORER,39.12141994,-86.53134986
2013,12,3,Weekday,1600,2-Car,No injury/unknown,FOLLOWING TOO CLOSELY,S WALNUT & W GORDON PIKE,39.12141994,-86.53134986
2013,4,4,Weekday,1400,Moped/Motorcycle,Non-incapacitating,OVERCORRECTING/OVERSTEERING,HOOSIER & WALNUT ST,39.12140529,-86.53143874
2013,6,7,Weekend,1600,2-Car,No injury/unknown,FOLLOWING TOO CLOSELY,RHORER & SR37S,39.12137985,-86.49404907
2013,6,3,Weekday,1600,2-Car,No injury/unknown,UNSAFE BACKING,E MOORES CREEK RD & S STERLING,39.12106702,-86.48835874
2013,11,5,Weekday,100,2-Car,No injury/unknown,UNSAFE SPEED,SOUTH OLD 37 HWY,39.1210556,-86.53090667
2013,9,5,Weekday,700,2-Car,No injury/unknown,FOLLOWING TOO CLOSELY,PINEWOOD & WALNUT ST,39.12095428,-86.53143033
2013,10,5,Weekday,700,2-Car,No injury/unknown,SPEED TOO FAST FOR WEATHER CONDITIONS,RHORER & S WALNUT ST,39.12075336,-86.526496
2013,8,3,Weekday,600,1-Car,No injury/unknown,ANIMAL/OBJECT IN ROADWAY,ELLER & SR45W,39.11961458,-86.61847596
2013,1,4,Weekday,800,2-Car,No injury/unknown,FOLLOWING TOO CLOSELY,SOUTH & WALNUT ST,39.11961185,-86.526808
2013,4,5,Weekday,700,2-Car,Non-incapacitating,FOLLOWING TOO CLOSELY,SOUTH & WALNUT ST,39.11961185,-86.526808
2013,9,7,Weekend,1000,1-Car,No injury/unknown,RAN OFF ROAD RIGHT,E BRYN MAWR & SNODDY RD,39.11954381,-86.48959296
2013,3,4,Weekday,700,1-Car,Non-incapacitating,ROADWAY SURFACE CONDITION,E BRYN MAWR & SNODDY RD,39.1195438,-86.48959295
2013,5,7,Weekend,900,1-Car,No injury/unknown,RAN OFF ROAD RIGHT,DUNLAP & SR45W,39.119344,-86.618896
2013,7,5,Weekday,800,2-Car,No injury/unknown,FOLLOWING TOO CLOSELY,DUNLAP RD & SR45W,39.119344,-86.618896
2013,11,6,Weekday,1500,2-Car,No injury/unknown,UNSAFE LANE MOVEMENT,DUNLAP & SR45W,39.119344,-86.618896
2013,2,6,Weekday,1800,1-Car,No injury/unknown,RAN OFF ROAD RIGHT,S ORCHARD LN,39.11902021,-86.53168845
2013,4,3,Weekday,1200,2-Car,No injury/unknown,BRAKE FAILURE OR DEFECTIVE,S OLD ST RD 37 RD & S ORCHARD,39.11893018,-86.53130024
2013,7,3,Weekday,900,2-Car,No injury/unknown,LEFT OF CENTER,DUNLAP & SR45W,39.11886349,-86.61975529
2013,10,1,Weekend,1300,2-Car,No injury/unknown,FOLLOWING TOO CLOSELY,2ND & SR37S,39.11883666,-86.54765319
2013,12,6,Weekday,200,2-Car,No injury/unknown,UNSAFE BACKING,JUDEE DR,39.11849316,-86.49050349
2013,8,1,Weekday,2300,2-Car,No injury/unknown,OTHER (VEHICLE) - EXPLAIN IN NARRATIVE,HOLLAND DR,39.1180687,-86.52586364
2013,7,6,Weekday,200,2-Car,No injury/unknown,LEFT OF CENTER,GARRISON CHAPLE & SR48W,39.11790085,-86.64187841
2013,7,4,Weekday,500,1-Car,No injury/unknown,RAN OFF ROAD RIGHT,FULLERTON & SR37S,39.11780593,-86.56724151
2013,12,7,Weekend,1700,2-Car,No injury/unknown,UNSAFE LANE MOVEMENT,S ROCKPORT & SR37S,39.117648,-86.567104
2013,6,4,Weekday,1300,2-Car,No injury/unknown,FAILURE TO YIELD RIGHT OF WAY,ROCKPORT & SR37,39.11755374,-86.56705561
2013,9,4,Weekday,1600,2-Car,No injury/unknown,FAILURE TO YIELD RIGHT OF WAY,ROCKPORT & SR37,39.11755374,-86.56705561
2013,6,7,Weekend,1700,1-Car,No injury/unknown,ROADWAY SURFACE CONDITION,ROCKPORT & SR37S,39.11744736,-86.56686323