Year,Month,Day,Weekend?,Hour,Collision Type,Injury Type,Primary Factor,Reported_Location,Latitude,Longitude
2013,3,4,Weekday,0,1-Car,No injury/unknown,SPEED TOO FAST FOR WEATHER CONDITIONS,MCCORMICK & SMITHVILLE RD,39.07109374,-86.50788183
2013,7,5,Weekday,1600,2-Car,No injury/unknown,VIEW OBSTRUCTED,SMITHVILLE & SR37S,39.0710907,-86.5088272
2013,6,3,Weekday,1800,1-Car,Non-incapacitating,UNSAFE SPEED,ROCKPORT RD,39.071088,-86.600928
2013,9,5,Weekday,700,2-Car,No injury/unknown,OTHER (DRIVER) - EXPLAIN IN NARRATIVE,HIGHWAY 37 SOUTH & SMITHVILLE RD,39.07097027,-86.53639979
2013,8,1,Weekend,1700,1-Car,Incapacitating,RAN OFF ROAD RIGHT,3555 RAMP CREEK RD & 3555 RAMPCREEK,39.07091847,-86.49124682
2013,5,2,Weekday,1600,2-Car,No injury/unknown,FOLLOWING TOO CLOSELY,SR37N & VERNAL,39.07084361,-86.56252288
2013,8,5,Weekday,1600,2-Car,No injury/unknown,FOLLOWING TOO CLOSELY,SR37N & VERNAL,39.07084361,-86.56252288
2013,6,7,Weekend,2300,1-Car,No injury/unknown,ANIMAL/OBJECT IN ROADWAY,SMITHVILLE RD & SR37,39.07081311,-86.52879767
2013,4,7,Weekend,2300,1-Car,No injury/unknown,RAN OFF ROAD RIGHT,E SMITHVILLE RD & S BAKERSFIELD,39.07062024,-86.51879037
2013,9,3,Weekday,700,1-Car,No injury/unknown,ANIMAL/OBJECT IN ROADWAY,FULLERTON & SR37S,39.06939647,-86.57353973
2013,5,3,Weekday,1300,2-Car,No injury/unknown,FOLLOWING TOO CLOSELY,14 & SR45W,39.06906128,-86.48796844
2013,11,7,Weekend,300,1-Car,No injury/unknown,OTHER (DRIVER) - EXPLAIN IN NARRATIVE,SOUTH OLD STATE ROAD 37 HWY & WEST GORDON,39.06859794,-86.53134887
2013,6,7,Weekend,1600,3+ Cars,No injury/unknown,ROADWAY SURFACE CONDITION,BERNICE & FAIRFAX RD,39.06838655,-86.50315137
2013,12,4,Weekday,800,1-Car,No injury/unknown,ANIMAL/OBJECT IN ROADWAY,SMITHVILLE ROAD & SR37S,39.06830953,-86.5356351
2013,3,4,Weekday,1200,1-Car,No injury/unknown,RAN OFF ROAD RIGHT,MOFFETT & SOUTH FAIRFAX RD,39.06823903,-86.5178503
2013,3,2,Weekday,0,2-Car,No injury/unknown,FOLLOWING TOO CLOSELY,SR446S,39.06389125,-86.41435861
2013,12,6,Weekend,2000,1-Car,No injury/unknown,RAN OFF ROAD RIGHT,CAROWINDS & S FAIRFAX RD,39.06104,-86.498448
2013,1,1,Weekend,500,1-Car,Non-incapacitating,RAN OFF ROAD RIGHT,E SECOND SANDERS & FAIRFAX RD,39.06099576,-86.51577025
2013,1,2,Weekday,2100,1-Car,No injury/unknown,ANIMAL/OBJECT IN ROADWAY,FAIRFAX RD & WILL SOWDERS,39.06000003,-86.49855986
2013,9,6,Weekend,1900,1-Car,Non-incapacitating,OVERCORRECTING/OVERSTEERING,SR37S & W THIRD,39.05885595,-86.53363037
2013,12,4,Weekday,700,1-Car,No injury/unknown,ANIMAL/OBJECT IN ROADWAY,FAIRFAX & SCOTT LN,39.05699907,-86.50107305
2013,5,5,Weekday,2100,1-Car,Non-incapacitating,DRIVER ILLNESS,SR37S & ZIKES,39.05688858,-86.52629089
2013,10,3,Weekday,1800,1-Car,No injury/unknown,ANIMAL/OBJECT IN ROADWAY,SR37S & ZIKES,39.05688858,-86.52629089
2013,3,3,Weekday,700,1-Car,Non-incapacitating,ROADWAY SURFACE CONDITION,SCOTT & SOUTH FAIRFAX RD,39.05687995,-86.49855986
2013,11,6,Weekday,1800,1-Car,No injury/unknown,ANIMAL/OBJECT IN ROADWAY,S ZIKES & SR37S,39.05670665,-86.53578801
2013,2,3,Weekday,600,1-Car,No injury/unknown,ROADWAY SURFACE CONDITION,5185 S FAIR FAX RD & WALNUT STREET,39.05645151,-86.52317
2013,10,7,Weekend,2200,1-Car,No injury/unknown,DRIVER ASLEEP OR FATIGUED,HARMONEY & SR45W,39.05585861,-86.61649116
2013,2,3,Weekday,2100,2-Car,No injury/unknown,LEFT OF CENTER,DELSVILLE & S OLD STATE ROAD 37 RD,39.05559242,-86.54152013
2013,10,4,Weekday,200,1-Car,No injury/unknown,RAN OFF ROAD RIGHT,BURGOON CHURCH & SR446S,39.05301072,-86.4077687
2013,5,5,Weekday,1000,1-Car,No injury/unknown,OTHER (VEHICLE) - EXPLAIN IN NARRATIVE,SR37S & ZIKES,39.05247711,-86.53584657
2013,8,7,Weekend,1600,Moped/Motorcycle,Incapacitating,IMPROPER PASSING,ALLENS CREEK & SR446S,39.05043758,-86.4416809
2013,11,1,Weekday,2300,1-Car,No injury/unknown,RAN OFF ROAD RIGHT,HARMONY RD,39.05023076,-86.60987824
2013,9,5,Weekday,900,1-Car,No injury/unknown,RAN OFF ROAD RIGHT,ANNE & S STRAIN RIDGE RD,39.04934026,-86.51104018
2013,8,4,Weekday,1700,1-Car,No injury/unknown,RAN OFF ROAD RIGHT,SOUTH OLD STATE ROAD 37 HWY,39.04816922,-86.54104841
2013,1,4,Weekday,400,1-Car,No injury/unknown,OVERCORRECTING/OVERSTEERING,ROCKPORT RD & WEST TARKINGTON,39.04703093,-86.61373721
2013,5,5,Weekday,700,2-Car,No injury/unknown,FOLLOWING TOO CLOSELY,3000 S WALNUT ST & W PINEWOOD,39.04613478,-86.532761
2013,10,7,Weekend,1800,2-Car,No injury/unknown,UNSAFE BACKING,ZIKES RD,39.0445552,-86.53508484
2013,6,3,Weekday,600,1-Car,No injury/unknown,RAN OFF ROAD RIGHT,HAYS & SR446S,39.04413864,-86.40735036
2013,9,6,Weekday,1700,1-Car,No injury/unknown,OTHER (DRIVER) - EXPLAIN IN NARRATIVE,CLEVE BUTCHER & FAIRFAX RD,39.04410097,-86.49121824
2013,10,7,Weekend,1200,2-Car,No injury/unknown,RAN OFF ROAD RIGHT,SMITHVILLE & STRAIN RIDGE RD,39.03946214,-86.50704972
2013,7,6,Weekend,2100,1-Car,No injury/unknown,ANIMAL/OBJECT IN ROADWAY,SR37 & ZIKES,39.03901302,-86.53613964
2013,12,2,Weekday,700,1-Car,No injury/unknown,ROADWAY SURFACE CONDITION,HARRODSBURG & SR37S,39.03740272,-86.54125976
2013,8,7,Weekend,1100,2-Car,Non-incapacitating,OTHER (DRIVER) - EXPLAIN IN NARRATIVE,EAST POINTE & STRAIN RIDGE RD,39.03492004,-86.51688002
2013,8,7,Weekend,1600,1-Car,No injury/unknown,OVERCORRECTING/OVERSTEERING,ALLENS CREEK & SR446N,39.03483594,-86.40770344
2013,8,7,Weekend,1800,1-Car,No injury/unknown,RAN OFF ROAD RIGHT,6400 E ALLENS CREEK RD & SR446,39.03448575,-86.40914126
2013,7,6,Weekend,1900,2-Car,No injury/unknown,UNSAFE BACKING,S FAIRFAX RD,39.03407288,-86.4906311
2013,12,5,Weekday,1100,1-Car,No injury/unknown,OTHER (VEHICLE) - EXPLAIN IN NARRATIVE,SOUTH POINTE RIDGE LANE RD,39.03360748,-86.50956726
2013,8,7,Weekend,0,1-Car,No injury/unknown,OTHER (DRIVER) - EXPLAIN IN NARRATIVE,POINTE CLUB DR & POINTE RETREAT,39.03340995,-86.51234976
2013,8,7,Weekend,900,1-Car,Non-incapacitating,OTHER (VEHICLE) - EXPLAIN IN NARRATIVE,FAIRFAX RD,39.03233573,-86.49001568
2013,3,4,Weekday,500,1-Car,No injury/unknown,ANIMAL/OBJECT IN ROADWAY,OLD STATE ROAD 37 HWY & ROGERS,39.03227831,-86.54097028
2013,5,7,Weekend,2200,1-Car,No injury/unknown,RAN OFF ROAD RIGHT,S CHAPEL HILL & SR446S,39.03107759,-86.40754521
2013,7,4,Weekday,700,2-Car,Non-incapacitating,FOLLOWING TOO CLOSELY,SR37S & TAPP,39.03092026,-86.5544281
2013,7,5,Weekday,700,1-Car,No injury/unknown,RAN OFF ROAD RIGHT,SNOW RD,39.030752,-86.660672
2013,4,1,Weekend,0,1-Car,Non-incapacitating,RAN OFF ROAD RIGHT,MONROE LAKE & SR37,39.03041108,-86.53417413
2013,2,4,Weekday,800,2-Car,No injury/unknown,FOLLOWING TOO CLOSELY,WALNUT ST & WINSLOW,39.03030313,-86.5311098
2013,8,6,Weekday,500,1-Car,No injury/unknown,RAN OFF ROAD RIGHT,S CHAPEL HILL & SR446S,39.02973795,-86.40788777
2013,6,7,Weekend,1200,2-Car,No injury/unknown,UNSAFE BACKING,FAIRFAX RD,39.02936116,-86.48948259
2013,8,4,Weekday,1100,1-Car,Non-incapacitating,RAN OFF ROAD RIGHT,E MORNING GLEN & S STRAIN RIDGE RD,39.02846163,-86.52142892
2013,5,7,Weekend,2100,2-Car,No injury/unknown,IMPROPER TURNING,S BAY POINTE CT,39.028032,-86.504368
2013,11,1,Weekend,400,1-Car,Incapacitating,RAN OFF ROAD RIGHT,8768 SOUTH OLD STATE ROAD 37 RD & GORE,39.02641863,-86.5405941
2013,6,3,Weekday,1800,2-Car,No injury/unknown,FOLLOWING TOO CLOSELY,MONROE DAM & SR37S,39.02545469,-86.53487473
2013,3,4,Weekday,1900,1-Car,No injury/unknown,ANIMAL/OBJECT IN ROADWAY,MONROE LAKE & SR37,39.02276509,-86.53554222
2013,9,3,Weekday,1800,Moped/Motorcycle,Non-incapacitating,OTHER (VEHICLE) - EXPLAIN IN NARRATIVE,MONROE DAM RD & SR37S,39.02048111,-86.53836059
2013,7,1,Weekend,200,1-Car,Non-incapacitating,RAN OFF ROAD RIGHT,MONROE DAM & SR37S,39.02032157,-86.5360806
2013,12,6,Weekday,1500,2-Car,No injury/unknown,RAN OFF ROAD RIGHT,MONROE DAM RD RD & SR37,39.020048,-86.536096
2013,11,6,Weekday,1300,2-Car,No injury/unknown,INSECURE/LEAKY LOAD,SR37S & WALNUT,39.01907975,-86.53352355
2013,11,2,Weekday,500,1-Car,No injury/unknown,ANIMAL/OBJECT IN ROADWAY,MONROE DAM & SR37N,39.01897096,-86.53637182
2013,7,7,Weekend,1400,2-Car,Incapacitating,DISREGARD SIGNAL/REG SIGN,MONROE DAM RD & STRAIN RIDGE,39.018656,-86.522896
2013,10,3,Weekday,800,2-Car,No injury/unknown,OVERCORRECTING/OVERSTEERING,MONROE DAM RD & S STRAIN RIDGE,39.018656,-86.522896
2013,5,6,Weekday,1100,2-Car,No injury/unknown,FAILURE TO YIELD RIGHT OF WAY,MONROE DAM RD & STRAIN RIDGE,39.01851408,-86.52289505
2013,7,2,Weekday,1100,1-Car,No injury/unknown,TIRE FAILURE OR DEFECTIVE,E MONRE DAM & SR37S,39.01773876,-86.53701591
2013,8,4,Weekday,700,2-Car,Non-incapacitating,FAILURE TO YIELD RIGHT OF WAY,ROCKPORT & SR37N,39.01723862,-86.59308624
2013,2,7,Weekend,100,1-Car,No injury/unknown,ANIMAL/OBJECT IN ROADWAY,SR37N & WINERY,39.01717383,-86.52164459
2013,9,5,Weekday,400,1-Car,No injury/unknown,ANIMAL/OBJECT IN ROADWAY,KETCHAM & THRASHER RD,39.01625606,-86.56601675
2013,9,6,Weekday,1800,2-Car,No injury/unknown,UNSAFE BACKING,S OLD 37 HWY,39.01391602,-86.5409851
2013,6,7,Weekend,2000,1-Car,No injury/unknown,UNSAFE SPEED,4TH & HARRODSBURG RD,39.013456,-86.544992
2013,10,7,Weekend,2000,1-Car,No injury/unknown,RAN OFF ROAD RIGHT,DEPOT HILL & MONROE DAM RD,39.01330009,-86.52369901
2013,9,4,Weekday,1800,1-Car,No injury/unknown,RAN OFF ROAD RIGHT,S HARRODSBURG RD & W POPCORN,39.012048,-86.545088
2013,7,7,Weekend,800,1-Car,Non-incapacitating,DRIVER DISTRACTED - EXPLAIN IN NARRATIVE,POPCORN RD & ROCKPORT,39.01173157,-86.56189639
2013,6,4,Weekday,800,2-Car,No injury/unknown,FOLLOWING TOO CLOSELY,BOTTOM & SR37N,39.01128581,-86.55792236
2013,12,6,Weekday,1200,2-Car,Non-incapacitating,FOLLOWING TOO CLOSELY,HARRODSBURG & SR37S,39.01107025,-86.54125976
2013,10,6,Weekday,1700,1-Car,No injury/unknown,,S CHAPEL HILL RD & S ROBERTS,39.01029983,-86.42812771
2013,4,1,Weekend,1800,1-Car,No injury/unknown,OVERSIZE/OVERWEIGHT LOAD,6464 HARDIN RIDGE RD & HARDIN RIDGE CAMPGROUND,39.00998595,-86.42831135
2013,12,2,Weekday,1600,1-Car,No injury/unknown,SPEED TOO FAST FOR WEATHER CONDITIONS,E MONROE DAM RD & S VALLEY MISSION,39.009344,-86.510096
2013,1,1,Weekend,1600,2-Car,No injury/unknown,FAILURE TO YIELD RIGHT OF WAY,MONROE DAM RD & TAILWATER,39.00892004,-86.51796028
2013,8,7,Weekend,1500,2-Car,No injury/unknown,ANIMAL/OBJECT IN ROADWAY,KETCHAM & POPCORN RD,39.0086723,-86.56489689
2013,7,7,Weekend,1300,1-Car,No injury/unknown,UNSAFE SPEED,MONROE DAM RD & VALLEY MISSION,39.00721915,-86.51232665
2013,3,7,Weekend,500,1-Car,No injury/unknown,ANIMAL/OBJECT IN ROADWAY,SR37S & W INGRAM,38.99888231,-86.53733007
2013,4,2,Weekday,1900,Moped/Motorcycle,Non-incapacitating,RAN OFF ROAD RIGHT,INGRAM & OLD SR 37 HWY,38.99686905,-86.54585944
2013,8,4,Weekday,700,2-Car,No injury/unknown,FOLLOWING TOO CLOSELY,INGRAM & SR37,38.99686839,-86.54585944
2013,12,4,Weekday,400,1-Car,Non-incapacitating,ANIMAL/OBJECT IN ROADWAY,INGRAM & SR37N,38.99283996,-86.53725785
2013,2,5,Weekday,2000,1-Car,No injury/unknown,OTHER (ENVIRONMENTAL) - EXPLAIN IN NARR,INGRAM & SR37S,38.99229065,-86.53725128
2013,9,1,Weekend,1300,2-Car,No injury/unknown,UNSAFE LANE MOVEMENT,S OLD SR 37 HWY,38.992032,-86.548272
2013,7,3,Weekday,700,2-Car,No injury/unknown,FAILURE TO YIELD RIGHT OF WAY,INGRAM & SR37S,38.992016,-86.537248
2013,10,7,Weekend,700,1-Car,Non-incapacitating,RAN OFF ROAD RIGHT,E GUTHRIE RD & KINSER CEMETERY,38.99152928,-86.47079274
2013,9,5,Weekday,2100,2-Car,No injury/unknown,ANIMAL/OBJECT IN ROADWAY,MONROE DAM & SR37S,38.98887452,-86.53836059
2013,9,1,Weekend,0,1-Car,No injury/unknown,SPEED TOO FAST FOR WEATHER CONDITIONS,ALLENS CREEK & SR446S,38.97667209,-86.4416809
2013,2,6,Weekday,1000,2-Car,No injury/unknown,LEFT OF CENTER,IDA & ROCKPORT RD,38.9509972,-86.57448984
2013,7,1,Weekend,1500,Moped/Motorcycle,Incapacitating,UNSAFE SPEED,ALLENS CREEK & SR446S,38.92398245,-86.4416809
2013,8,7,Weekend,0,2-Car,No injury/unknown,FAILURE TO YIELD RIGHT OF WAY,3RD & S LIBERTY DR,38.92308989,-86.57913006
2013,11,2,Weekday,2000,1-Car,No injury/unknown,RAN OFF ROAD RIGHT,E DEPOT HILL & E MONROE DAM RD,38.91144027,-86.52362979
2013,5,4,Weekday,1400,Moped/Motorcycle,Non-incapacitating,RAN OFF ROAD RIGHT,PEDIGO BAY & VALLEY MISSION RD,38.89825893,-86.50123179
2013,12,3,Weekday,700,1-Car,No injury/unknown,RAN OFF ROAD RIGHT,BELTHEL & HINKLE RD,38.89519639,-86.50541022
2013,11,3,Weekday,1800,1-Car,No injury/unknown,ANIMAL/OBJECT IN ROADWAY,CLEVE BUTCHER & FAIRFAX RD,38.88769431,-86.49055011
2013,5,7,Weekend,1100,2-Car,Incapacitating,LEFT OF CENTER,BREEDEN RD & SR45W,38.87571127,-86.67202971
2013,12,5,Weekday,1800,1-Car,No injury/unknown,SPEED TOO FAST FOR WEATHER CONDITIONS,MONROE DAM & VALLEY MISSION RD,38.85124447,-86.51009899
2013,6,1,Weekend,1600,1-Car,No injury/unknown,OBSTRUCTION NOT MARKED,CRUM & MT ZION RD,38.83581811,-86.63793012
2013,6,4,Weekday,600,1-Car,No injury/unknown,RAN OFF ROAD RIGHT,OLD RICHARDSON & SR446S,38.79539251,-86.43133871
2013,7,4,Weekday,600,2-Car,Non-incapacitating,LEFT OF CENTER,ROCKEAST & ROCKPORT RD,38.60467516,-86.61335974
2013,3,3,Weekday,1000,1-Car,No injury/unknown,SPEED TOO FAST FOR WEATHER CONDITIONS,POPCORN & SPRINGVILLE RD,38.57817164,-86.59165231
2013,1,7,Weekend,1800,1-Car,Non-incapacitating,OTHER (ENVIRONMENTAL) - EXPLAIN IN NARR,MAY & ROCKPORT RD,38.21724831,-86.58670999
2013,8,5,Weekday,1000,2-Car,Non-incapacitating,FAILURE TO YIELD RIGHT OF WAY,LEONARD SPRINGS RD & MAYBERRY,9.133738701,-86.58265114
2013,1,5,Weekday,2000,Pedestrian,Non-incapacitating,SPEED TOO FAST FOR WEATHER CONDITIONS,COVENANTER DR & STRATUM,1,1
2013,4,1,Weekend,1700,1-Car,Non-incapacitating,ANIMAL/OBJECT IN ROADWAY,BEAN BLOSSOM RD & CR4000N,1,1
2013,10,6,Weekday,1400,Moped/Motorcycle,Incapacitating,OTHER (DRIVER) - EXPLAIN IN NARRATIVE,KYLIE & S HARRELL RD,1,1
2013,10,6,Weekday,1300,1-Car,Non-incapacitating,ANIMAL/OBJECT IN ROADWAY,SHRINER & SR37S,1,1
2013,1,5,Weekday,2100,2-Car,No injury/unknown,ROADWAY SURFACE CONDITION,11TH & FEE LN,0,0
2013,2,6,Weekday,900,2-Car,No injury/unknown,FAILURE TO YIELD RIGHT OF WAY,EASTLAND PLAZA ENTRANCE & S COLLEGE MALL RD,0,0
2013,2,6,Weekday,900,2-Car,No injury/unknown,SPEED TOO FAST FOR WEATHER CONDITIONS,FULLERTON PIKE & SR37S,0,0
2013,1,5,Weekday,2200,2-Car,No injury/unknown,ROADWAY SURFACE CONDITION,ROCKPORT RD & STANIFER,0,0
2013,1,3,Weekday,1200,2-Car,No injury/unknown,UNSAFE BACKING,S CLARIZZ BLVD,0,0
2013,1,3,Weekday,200,1-Car,No injury/unknown,RAN OFF ROAD RIGHT,WEST POINTE & WOODHILL DR,0,0
2013,1,3,Weekday,1100,1-Car,No injury/unknown,RAN OFF ROAD RIGHT,DERRETT & NORTH SHORE DR,0,0
2013,1,4,Weekday,1100,2-Car,No injury/unknown,DRIVER DISTRACTED - EXPLAIN IN NARRATIVE,ARLINGTON ROAD RD & SHELBURNE DRIVE,0,0
2013,1,5,Weekday,600,2-Car,No injury/unknown,OTHER (DRIVER) - EXPLAIN IN NARRATIVE,WEST 2ND ST,0,0
2013,1,5,Weekday,700,2-Car,No injury/unknown,OTHER (DRIVER) - EXPLAIN IN NARRATIVE,E MILLER DR,0,0
2013,1,5,Weekday,1200,2-Car,No injury/unknown,UNSAFE BACKING,S HIGHLAND AVE,0,0
2013,1,7,Weekend,1900,Bus,No injury/unknown,IMPROPER LANE USAGE,BALFOUR & N JORDAN AVE,0,0
2013,1,2,Weekday,1300,2-Car,No injury/unknown,IMPROPER LANE USAGE,17TH & MEMORIAL STADIUM DR,0,0
2013,1,4,Weekday,1500,2-Car,No injury/unknown,,13TH & SUMMIT ST,0,0
2013,1,7,Weekend,1500,Cyclist,No injury/unknown,FAILURE TO YIELD RIGHT OF WAY,OUTBACK DR & SR46W,0,0
2013,1,4,Weekday,1600,2-Car,No injury/unknown,FOLLOWING TOO CLOSELY,BLOOMFIELD & RAMP 14 SB SR 37 RAMP,0,0
2013,1,3,Weekday,2200,2-Car,No injury/unknown,OTHER (DRIVER) - EXPLAIN IN NARRATIVE,10TH ST,0,0
2013,1,3,Weekday,1300,2-Car,No injury/unknown,FAILURE TO YIELD RIGHT OF WAY,MORTON & UNMARKED ALY,0,0
2013,1,5,Weekday,1500,2-Car,No injury/unknown,FOLLOWING TOO CLOSELY,NB STATE ROAD 37 OFF RAMP & SR45W,0,0
2013,1,7,Weekend,1400,2-Car,No injury/unknown,FOLLOWING TOO CLOSELY,NORTH DR TO COLLEGE MALL & S COLLEGE MALL RD,0,0
2013,1,7,Weekend,2100,1-Car,No injury/unknown,RAN OFF ROAD RIGHT,CUTRIGHT RD,0,0
2013,1,2,Weekday,1700,2-Car,No injury/unknown,FOLLOWING TOO CLOSELY,FORREST VIEW & N SMITH PIKE,0,0
2013,1,5,Weekday,2000,2-Car,No injury/unknown,ROADWAY SURFACE CONDITION,DUNN ST & INDIANA,0,0
2013,2,4,Weekday,1900,2-Car,No injury/unknown,FAILURE TO YIELD RIGHT OF WAY,ALLEY 100 BLK N WALNUT ST & ALLEY 100 BLOCK E KIRKWOOD ALY,0,0
2013,2,6,Weekday,800,1-Car,No injury/unknown,OTHER (DRIVER) - EXPLAIN IN NARRATIVE,JORDAN & MUSICAL ARTS CENTER DR,0,0
2013,2,7,Weekend,900,2-Car,No injury/unknown,FOLLOWING TOO CLOSELY,TENTH ST & TULIP TREE,0,0
2013,2,2,Weekday,800,2-Car,No injury/unknown,FOLLOWING TOO CLOSELY,SR37S,0,0
2013,1,6,Weekday,500,2-Car,No injury/unknown,UNSAFE BACKING,EAST TO WEST ALY & PARK,0,0
2013,2,3,Weekday,2100,1-Car,No injury/unknown,RAN OFF ROAD RIGHT,E TULIP TREE & N LOW GAP RD,0,0
2013,2,6,Weekday,200,2-Car,No injury/unknown,FAILURE TO YIELD RIGHT OF WAY,E 1OTH ST & N LINCOLN,0,0
2013,4,4,Weekday,1100,1-Car,No injury/unknown,ANIMAL/OBJECT IN ROADWAY,1400 E MAXWELL ST & JORDON,0,0
2013,2,5,Weekday,900,2-Car,No injury/unknown,FAILURE TO YIELD RIGHT OF WAY,SR45E & VIKINGRIDGE,0,0
2013,2,4,Weekday,1600,2-Car,No injury/unknown,FOLLOWING TOO CLOSELY,BLOOMFIELD RD & SOUTH BOUND STATE ROAD 37,0,0
2013,1,5,Weekday,1700,2-Car,No injury/unknown,LEFT OF CENTER,FOGGY MORNING & MONROE DAM RD,0,0
2013,3,7,Weekend,1800,1-Car,No injury/unknown,RAN OFF ROAD RIGHT,CAMPGROUND & STIPP RD,0,0
2013,3,7,Weekend,300,2-Car,No injury/unknown,UNSAFE BACKING,RILEY DR,0,0
2013,3,3,Weekday,1700,1-Car,No injury/unknown,SPEED TOO FAST FOR WEATHER CONDITIONS,INDIANA & NORTH DUNN ST,0,0
2013,3,4,Weekday,200,3+ Cars,No injury/unknown,SPEED TOO FAST FOR WEATHER CONDITIONS,WEST RILEY  APT I6 DR,0,0
2013,3,4,Weekday,800,2-Car,No injury/unknown,OTHER (ENVIRONMENTAL) - EXPLAIN IN NARR,10TH ST & ST ROAD 45 46,0,0
2013,3,4,Weekday,700,1-Car,No injury/unknown,SPEED TOO FAST FOR WEATHER CONDITIONS,37 STATE & COLLEGE AVE,0,0
2013,3,3,Weekday,1200,2-Car,No injury/unknown,FAILURE TO YIELD RIGHT OF WAY,CAPITAL & SR46W,0,0
2013,3,3,Weekday,1800,2-Car,No injury/unknown,FOLLOWING TOO CLOSELY,NB SR 37 RAMP 11 RAMP & WEST 3RD,0,0
2013,3,4,Weekday,1000,2-Car,No injury/unknown,UNSAFE BACKING,HANDY RIDGE RD & RAMP CREEK,0,0
2013,3,1,Weekend,1700,2-Car,No injury/unknown,UNSAFE BACKING,W RILEY DR,0,0
2013,4,2,Weekday,1500,2-Car,No injury/unknown,FOLLOWING TOO CLOSELY,RAMP 11 & W 3RD ST,0,0
2013,4,2,Weekday,1400,2-Car,No injury/unknown,FAILURE TO YIELD RIGHT OF WAY,BLOOMFIELD & LIBERTY DR,0,0
2013,4,5,Weekday,1700,2-Car,No injury/unknown,FAILURE TO YIELD RIGHT OF WAY,BLOOMFIELD & LIBERTY DR,0,0
2013,4,6,Weekend,1900,2-Car,No injury/unknown,UNSAFE LANE MOVEMENT,45 46 BYP & EASTGATE,0,0
2013,4,6,Weekend,2000,2-Car,No injury/unknown,UNSAFE LANE MOVEMENT,SR37N,0,0
2013,4,5,Weekday,1200,1-Car,No injury/unknown,RAN OFF ROAD RIGHT,SR37S,0,0
2013,5,6,Weekday,900,2-Car,No injury/unknown,FAILURE TO YIELD RIGHT OF WAY,ALLEY & N DUNN ST,0,0
2013,5,4,Weekday,1400,1-Car,No injury/unknown,RAN OFF ROAD RIGHT,BOWLEN LANE & ROCKPORT ROAD RD,0,0
2013,6,5,Weekday,1000,1-Car,No injury/unknown,IMPROPER LANE USAGE,JORDAN & MUSICAL ARTS CENTER CIR,0,0
2013,6,1,Weekday,2000,2-Car,No injury/unknown,FAILURE TO YIELD RIGHT OF WAY,3000 WEST3RD ST & ON RAMP ST RD 37 SOUTH BOUND,0,0
2013,4,6,Weekday,1300,2-Car,No injury/unknown,FAILURE TO YIELD RIGHT OF WAY,HOBART & S OLD SR37 HWY,0,0
2013,4,1,Weekday,2100,2-Car,No injury/unknown,DRIVER DISTRACTED - EXPLAIN IN NARRATIVE,SR46W & UNIONVALLEY,0,0
2013,4,7,Weekend,1900,2-Car,No injury/unknown,UNSAFE BACKING,FISHER & JORDAN AVE,0,0
2013,4,5,Weekday,1200,2-Car,No injury/unknown,UNSAFE BACKING,S OLD SR37 HWY,0,0
2013,4,6,Weekend,2000,2-Car,No injury/unknown,BRAKE FAILURE OR DEFECTIVE,ENTRENCE OF 600 SOUTH LIBERTY & LIBERTY DR,0,0
2013,1,5,Weekday,1800,2-Car,No injury/unknown,ROADWAY SURFACE CONDITION,COLLEGE AVE & SR37N,0,0
2013,5,5,Weekday,700,2-Car,No injury/unknown,OTHER (DRIVER) - EXPLAIN IN NARRATIVE,W7TH ST,0,0
2013,5,6,Weekday,1600,2-Car,No injury/unknown,DISREGARD SIGNAL/REG SIGN,3RD ST & SR37S,0,0
2013,5,7,Weekend,1900,2-Car,No injury/unknown,BRAKE FAILURE OR DEFECTIVE,3RD ST & RAMP 12,0,0
2013,5,1,Weekend,1400,2-Car,No injury/unknown,OTHER (DRIVER) - EXPLAIN IN NARRATIVE,HILLSIDE & ROCK CREEK DR,0,0
2013,5,2,Weekday,200,1-Car,No injury/unknown,RAN OFF ROAD RIGHT,LOSTMANS LN & TRUESDALE,0,0
2013,5,4,Weekday,1400,1-Car,No injury/unknown,RAN OFF ROAD RIGHT,SR37S,0,0
2013,5,5,Weekday,0,3+ Cars,No injury/unknown,FAILURE TO YIELD RIGHT OF WAY,BLOOMFIELD RD & LIBERTY,0,0
2013,5,3,Weekday,1000,2-Car,No injury/unknown,UNSAFE BACKING,OMAHA CROSSING RD & RED ROCK,0,0
2013,5,5,Weekday,1400,1-Car,No injury/unknown,UNSAFE SPEED,SR37N & STONE MILL RD,0,0
2013,5,2,Weekday,1500,2-Car,No injury/unknown,FAILURE TO YIELD RIGHT OF WAY,DILLMAN RD & OLD SR37S,0,0
2013,5,5,Weekday,900,2-Car,No injury/unknown,IMPROPER PASSING,COTA & TAPP RD,0,0
2013,5,4,Weekday,1100,2-Car,No injury/unknown,UNSAFE BACKING,S CURRY PIKE & W SR 48,0,0
2013,6,7,Weekend,1600,2-Car,No injury/unknown,OTHER (VEHICLE) - EXPLAIN IN NARRATIVE,EAST STRATIUM WAY,0,0
2013,6,2,Weekday,1200,2-Car,No injury/unknown,UNSAFE LANE MOVEMENT,BLOOMFIELD & LIBERTY DR,0,0
2013,8,4,Weekday,700,2-Car,No injury/unknown,OTHER (DRIVER) - EXPLAIN IN NARRATIVE,SR46W & THIRD,0,0
2013,8,4,Weekday,1200,2-Car,No injury/unknown,FAILURE TO YIELD RIGHT OF WAY,E BUICK CADILLAC & NORTH SOUTH ALY,0,0
2013,8,2,Weekday,1400,2-Car,No injury/unknown,FAILURE TO YIELD RIGHT OF WAY,SR46E & THIRD,0,0
2013,6,7,Weekend,1100,2-Car,No injury/unknown,FOLLOWING TOO CLOSELY,SR37S,0,0
2013,7,6,Weekday,1200,2-Car,No injury/unknown,,E MCCRACKEN WAY,0,0
2013,7,6,Weekend,1900,2-Car,No injury/unknown,OTHER (DRIVER) - EXPLAIN IN NARRATIVE,N NORWAY & S SMITH PIKE,0,0
2013,7,2,Weekday,1000,1-Car,No injury/unknown,UNSAFE SPEED,2ND & BASSWOOD DR,0,0