Year,Month,Day,Weekend?,Hour,Collision Type,Injury Type,Primary Factor,Reported_Location,Latitude,Longitude
2013,7,6,Weekday,1300,1-Car,No injury/unknown,RAN OFF ROAD RIGHT,KETCHUM ROUND ABOUT & SMITHVILLE RD,0,0
2013,7,6,Weekday,800,1-Car,No injury/unknown,UNSAFE BACKING,FOREST EAST PARKING DR & UNIVERSITY APTS E,0,0
2013,6,4,Weekday,0,2-Car,No injury/unknown,,,0,0
2013,7,6,Weekday,1100,2-Car,No injury/unknown,FAILURE TO YIELD RIGHT OF WAY,3400 W STATE 45 RD & WALMART,0,0
2013,7,7,Weekend,800,1-Car,No injury/unknown,TIRE FAILURE OR DEFECTIVE,CURRY & UNKNOWN RD,0,0
2013,7,2,Weekday,800,2-Car,No injury/unknown,UNSAFE BACKING,READ N CIRCLE & WRIGHT EDUCATION NW SERVICE DR,0,0
2013,7,5,Weekday,1700,1-Car,No injury/unknown,RAN OFF ROAD RIGHT,FULLERTON PIKE & SOUTH MONROE MEDICAL,0,0
2013,7,7,Weekend,300,1-Car,No injury/unknown,ROADWAY SURFACE CONDITION,4303 S SR446 HWY & PINE GOVE,0,0
2013,8,6,Weekday,700,1-Car,No injury/unknown,RAN OFF ROAD RIGHT,BLK E KNOLLWOOD CIR,0,0
2013,8,7,Weekend,1800,2-Car,No injury/unknown,FAILURE TO YIELD RIGHT OF WAY,10TH ST & TULIP TREE,0,0
2013,8,6,Weekday,900,2-Car,No injury/unknown,UNSAFE BACKING,JORDAN & WRIGHT QUAD CIRCLE DR,0,0
2013,8,6,Weekday,1500,Bus,No injury/unknown,IMPROPER TURNING,17TH ST & GATE 2,0,0
2013,8,7,Weekend,500,1-Car,No injury/unknown,RAN OFF ROAD RIGHT,HEDRICK & RED HILL RD,0,0
2013,9,1,Weekday,2000,1-Car,No injury/unknown,ANIMAL/OBJECT IN ROADWAY,LAMPKINS & SR446S,0,0
2013,9,3,Weekday,900,1-Car,No injury/unknown,OTHER (DRIVER) - EXPLAIN IN NARRATIVE,900 E 7TH STREET (SOUTH DRIVE) AVE & KIRKWOOD,0,0
2013,9,3,Weekday,1500,2-Car,No injury/unknown,FOLLOWING TOO CLOSELY,SR45W,0,0
2013,9,6,Weekday,1400,1-Car,No injury/unknown,SPEED TOO FAST FOR WEATHER CONDITIONS,SR 37 ENTERANCE & WHITEHALL CROSSING BLVD,0,0
2013,9,6,Weekday,1700,2-Car,No injury/unknown,FAILURE TO YIELD RIGHT OF WAY,BLOOMFIELD & LIBERTY DR,0,0
2013,9,2,Weekday,800,Bus,No injury/unknown,OTHER (ENVIRONMENTAL) - EXPLAIN IN NARR,EDGEWOOD & POPLAR DR,0,0
2013,9,2,Weekday,1800,2-Car,No injury/unknown,FAILURE TO YIELD RIGHT OF WAY,E GRANT & S LINCOLN ST,0,0
2013,9,6,Weekday,1700,2-Car,No injury/unknown,OTHER (DRIVER) - EXPLAIN IN NARRATIVE,FORRESTPARK & SMITH PIKE,0,0
2013,9,4,Weekday,1300,2-Car,No injury/unknown,FAILURE TO YIELD RIGHT OF WAY,W GRIFFITH & W WOODYARD RD,0,0
2013,9,6,Weekday,1300,2-Car,No injury/unknown,DISREGARD SIGNAL/REG SIGN,ENTRANCE TO WHITE CASTLE & JACOB DR,0,0
2013,9,6,Weekday,1400,1-Car,No injury/unknown,INSECURE/LEAKY LOAD,SB RAMP TO SR 37 FROM 3RD ST & SR37S,0,0
2013,9,1,Weekend,900,1-Car,No injury/unknown,RAN OFF ROAD RIGHT,BOLTINGHOUSE & LENTZ RD,0,0
2013,9,1,Weekend,1700,2-Car,No injury/unknown,FAILURE TO YIELD RIGHT OF WAY,OLIVER WINERY & SR37N,0,0
2013,9,2,Weekday,800,2-Car,No injury/unknown,FOLLOWING TOO CLOSELY,OAKLAWN & S SARE RD,0,0
2013,9,2,Weekday,1300,1-Car,No injury/unknown,RAN OFF ROAD RIGHT,N OLD STATE & WHISNAND RD,0,0
2013,9,2,Weekday,1300,2-Car,No injury/unknown,FOLLOWING TOO CLOSELY,SR446S & UNNAME ROAD,0,0
2013,10,3,Weekday,1100,Bus,No injury/unknown,IMPROPER TURNING,2200 E 1OTH ST & N JEFFERSON,0,0
2013,10,4,Weekday,500,1-Car,No injury/unknown,ANIMAL/OBJECT IN ROADWAY,ENRIGHT & SR46W,0,0
2013,10,4,Weekday,2200,2-Car,No injury/unknown,DRIVER DISTRACTED - EXPLAIN IN NARRATIVE,2721 GARDEN PATH & E ROCKWELD,0,0
2013,10,4,Weekday,500,1-Car,No injury/unknown,ANIMAL/OBJECT IN ROADWAY,HARTS STRAIT & SR46W,0,0
2013,10,7,Weekend,2300,2-Car,No injury/unknown,FAILURE TO YIELD RIGHT OF WAY,N THOMAS RD & RATLIFF,0,0
2013,10,2,Weekday,900,2-Car,No injury/unknown,FAILURE TO YIELD RIGHT OF WAY,SR37N,0,0
2013,11,4,Weekday,900,1-Car,No injury/unknown,ANIMAL/OBJECT IN ROADWAY,S CURRY PIKE & SR46W,0,0
2013,11,4,Weekday,2100,2-Car,No injury/unknown,FAILURE TO YIELD RIGHT OF WAY,,0,0
2013,12,3,Weekday,400,1-Car,No injury/unknown,OTHER (ENVIRONMENTAL) - EXPLAIN IN NARR,IU FOUNDATION & SR46E,0,0
2013,10,5,Weekday,1200,2-Car,No injury/unknown,FAILURE TO YIELD RIGHT OF WAY,2ND & LANDMARK AVE,0,0
2013,10,6,Weekday,0,2-Car,No injury/unknown,OTHER (DRIVER) - EXPLAIN IN NARRATIVE,CAMPBELL PARK & HARTSTRIGHT RD,0,0
2013,10,5,Weekday,1300,2-Car,No injury/unknown,ROADWAY SURFACE CONDITION,SR37N,0,0
2013,10,6,Weekend,2000,2-Car,No injury/unknown,FAILURE TO YIELD RIGHT OF WAY,PRIVATE & SR45W,0,0
2013,10,2,Weekday,0,1-Car,No injury/unknown,ANIMAL/OBJECT IN ROADWAY,CAVE & SR48E,0,0
2013,10,2,Weekday,1800,2-Car,No injury/unknown,FAILURE TO YIELD RIGHT OF WAY,EW ALLEY S OF 3RD ST & NS ALLEY EAST OF JORDAN ALY,0,0
2013,10,3,Weekday,500,1-Car,No injury/unknown,,,0,0
2013,11,6,Weekday,900,2-Car,No injury/unknown,UNSAFE BACKING,JORDAN & MAC N PARKING DR,0,0
2013,11,2,Weekday,1800,1-Car,No injury/unknown,ANIMAL/OBJECT IN ROADWAY,BRIARGATE & SR46W,0,0
2013,10,3,Weekday,1700,2-Car,No injury/unknown,FAILURE TO YIELD RIGHT OF WAY,8550 MT TABOR RD & N JENNER,0,0
2013,11,3,Weekday,1500,Bus,No injury/unknown,LEFT OF CENTER,500 BLK SOUTH KINGSTON DR & CLARIZZ,0,0
2013,11,4,Weekday,1600,2-Car,No injury/unknown,FOLLOWING TOO CLOSELY,SR37S,0,0
2013,11,7,Weekend,700,1-Car,No injury/unknown,ANIMAL/OBJECT IN ROADWAY,BRIARGATE & SR46W,0,0
2013,11,7,Weekend,1200,2-Car,No injury/unknown,FOLLOWING TOO CLOSELY,PARKING LOT & PETE ELLIS DR,0,0
2013,11,3,Weekday,1400,2-Car,No injury/unknown,FOLLOWING TOO CLOSELY,14 & W STATE ROAD 45 RD,0,0
2013,11,3,Weekday,200,1-Car,No injury/unknown,SPEED TOO FAST FOR WEATHER CONDITIONS,COBBLESTONE & WEATHERSTONE DR,0,0
2013,11,4,Weekday,2300,1-Car,No injury/unknown,OTHER (ENVIRONMENTAL) - EXPLAIN IN NARR,BLOOMFIELD ROAD & SR37S,0,0
2013,11,6,Weekday,1300,2-Car,No injury/unknown,IMPROPER TURNING,500 S CLARIZZ BLVD & PEOPLES STATE BANK NORTH DRIVE,0,0
2013,11,3,Weekday,1000,2-Car,No injury/unknown,OTHER (DRIVER) - EXPLAIN IN NARRATIVE,17THST & MEMORIAL STADIUM W CONCOURSE DR,0,0
2013,11,3,Weekday,1800,1-Car,No injury/unknown,ANIMAL/OBJECT IN ROADWAY,SR37S & THAT,0,0
2013,11,4,Weekday,700,1-Car,No injury/unknown,ANIMAL/OBJECT IN ROADWAY,LOSTMANS & UNIONVALLEY RD,0,0
2013,11,4,Weekday,1700,3+ Cars,No injury/unknown,FOLLOWING TOO CLOSELY,SR37N & VERNAL PIKE,0,0
2013,12,6,Weekday,800,2-Car,No injury/unknown,ROADWAY SURFACE CONDITION,OUTBACK RD & WEST STATE ROAD 46,0,0
2013,12,2,Weekday,800,2-Car,No injury/unknown,SPEED TOO FAST FOR WEATHER CONDITIONS,SR20N & SR37N,0,0
2013,12,2,Weekday,1300,2-Car,No injury/unknown,OTHER (DRIVER) - EXPLAIN IN NARRATIVE,PETE ELLIS DR & STAPLES BARNES AND NOBLE EW DR,0,0
2013,12,4,Weekday,1100,2-Car,No injury/unknown,UNSAFE BACKING,FORREST & WALNUT GROVE PARKING W DR,0,0
2013,12,4,Weekday,800,1-Car,No injury/unknown,IMPROPER LANE USAGE,3845 WEST SR 45 RD & SOUTH LEONARD SPRINGS,0,0
2013,12,5,Weekday,1500,1-Car,No injury/unknown,RAN OFF ROAD RIGHT,JAY STEWART DR & WHITE,0,0
2013,12,6,Weekend,2200,2-Car,No injury/unknown,IMPROPER TURNING,PINE LANE LN & RIDGE SPRINGS,0,0
2013,12,7,Weekend,700,2-Car,No injury/unknown,SPEED TOO FAST FOR WEATHER CONDITIONS,SMITHVILLE RD & SR37,0,0
2013,12,7,Weekend,1100,1-Car,No injury/unknown,OVERCORRECTING/OVERSTEERING,HARTSTRAIGHT RD & RATLIFF,0,0
2013,12,6,Weekend,2100,1-Car,No injury/unknown,SPEED TOO FAST FOR WEATHER CONDITIONS,W LOSTMANS LN & WHITE RIVER,0,0
2013,12,4,Weekday,1800,2-Car,No injury/unknown,FOLLOWING TOO CLOSELY,SR45W,0,0
2013,12,5,Weekday,1300,2-Car,No injury/unknown,FOLLOWING TOO CLOSELY,INDUSTRIAL & WEST SR 45 RD,0,0
2013,12,7,Weekend,1000,1-Car,No injury/unknown,SPEED TOO FAST FOR WEATHER CONDITIONS,SHUFFLE CREEK ROAD RD & SR45,0,0
2013,12,7,Weekend,1400,2-Car,Non-incapacitating,FAILURE TO YIELD RIGHT OF WAY,3RD ST & SR37,0,0
2013,12,7,Weekend,2000,2-Car,No injury/unknown,DISREGARD SIGNAL/REG SIGN,45 46 BYPASS HWY & N KINSER,0,0
2013,12,7,Weekend,2200,2-Car,No injury/unknown,UNSAFE LANE MOVEMENT,COLLEGE MALL RD & ENTRANCE TO AMC MOVIE THEATER,0,0
2013,12,6,Weekday,1400,2-Car,No injury/unknown,FAILURE TO YIELD RIGHT OF WAY,45 46 BYP & KINSER,0,0
2013,12,2,Weekday,1000,1-Car,No injury/unknown,ROADWAY SURFACE CONDITION,SR46W,0,0
2013,1,3,Weekday,600,2-Car,No injury/unknown,RAN OFF ROAD RIGHT,COOLIDGE & ROGERS ST,0,0
2013,1,4,Weekday,900,2-Car,No injury/unknown,FAILURE TO YIELD RIGHT OF WAY,SO CLARIZZ BLVD,0,0
2013,1,5,Weekday,1000,1-Car,No injury/unknown,ACCELERATOR FAILURE OR DEFECTIVE,LANDMARK AVE,0,0
2013,1,3,Weekday,1600,2-Car,No injury/unknown,OTHER (DRIVER) - EXPLAIN IN NARRATIVE,KINSER PIKE,0,0
2013,1,5,Weekday,1500,2-Car,Non-incapacitating,DISREGARD SIGNAL/REG SIGN,3RD ST & WASHINGTON,0,0
2013,1,5,Weekday,1700,2-Car,Non-incapacitating,FOLLOWING TOO CLOSELY,3RD & LIBERTY DR,0,0
2013,1,5,Weekday,2100,1-Car,No injury/unknown,UNSAFE BACKING,KIRKWOOD AVE,0,0
2013,1,5,Weekday,2200,2-Car,No injury/unknown,OTHER (VEHICLE) - EXPLAIN IN NARRATIVE,ROGERS ST,0,0
2013,1,6,Weekday,1000,2-Car,Incapacitating,FOLLOWING TOO CLOSELY,CURRY & SR48W,0,0
2013,1,4,Weekday,700,2-Car,No injury/unknown,FOLLOWING TOO CLOSELY,CURRY & SR46W,0,0
2013,1,6,Weekend,1900,Pedestrian,Non-incapacitating,PEDESTRIAN ACTION,HILLSIDE DR & LONGWOOD,0,0
2013,1,7,Weekend,1600,2-Car,No injury/unknown,IMPROPER TURNING,3RD ST & JORDAN,0,0
2012,4,1,Weekend,1600,1-Car,No injury/unknown,RAN OFF ROAD RIGHT,8618 N BEAN BLOSSOM RD & E ANDERSON,40.13552374,-86.4321485
2012,8,6,Weekday,1200,2-Car,No injury/unknown,FAILURE TO YIELD RIGHT OF WAY,W RILEY DR,39.9843228,-85.61455793
2012,1,5,Weekday,1100,2-Car,No injury/unknown,FAILURE TO YIELD RIGHT OF WAY,48 W & DANIELS WAY,39.56666131,-86.59910984
2012,12,4,Weekday,2100,1-Car,No injury/unknown,ANIMAL/OBJECT IN ROADWAY,N BURMA & N MT PLEASANT RD,39.54281951,-86.5767073
2012,3,6,Weekday,700,1-Car,No injury/unknown,RAN OFF ROAD RIGHT,BOLTINGHOUSE RD & EARL YOUNG,39.44215392,-86.47337995
2012,11,5,Weekday,400,1-Car,Non-incapacitating,RAN OFF ROAD RIGHT,EDGEWOOD & MUSTANG DR,39.41861106,-86.63832977
2012,6,3,Weekday,1100,1-Car,Incapacitating,RAN OFF ROAD RIGHT,KETCHUM & OLD STATE ROAD 37 RD,39.38695098,-86.54442027
2012,11,6,Weekday,200,1-Car,Non-incapacitating,RAN OFF ROAD RIGHT,SR37 & SR37N,39.34241345,-86.50654255
2012,4,6,Weekday,1000,1-Car,No injury/unknown,RAN OFF ROAD RIGHT,BRYANTS CREEK & SR37,39.33635389,-86.5107488
2012,10,2,Weekday,1700,1-Car,Incapacitating,RAN OFF ROAD RIGHT,N LOW GAP RD & TULIP TREE,39.3349053,-86.39221715
2012,2,5,Weekday,800,1-Car,Non-incapacitating,RAN OFF ROAD RIGHT,BROWN & WAMPLER RD,39.334343,-86.6216425
2012,3,5,Weekday,0,2-Car,No injury/unknown,HEADLIGHT DEFECTIVE OR NOT ON,BROWN LN & WEST WAMPLER,39.334288,-86.621296
2012,10,4,Weekday,700,1-Car,No injury/unknown,ANIMAL/OBJECT IN ROADWAY,COUNTY LINE & TEXAS RIDGE RD,39.33283031,-86.67892355
2012,11,1,Weekend,1500,1-Car,Non-incapacitating,LEFT OF CENTER,TEXAS RIDGE RD & W OWL,39.33063923,-86.67431152
2012,10,4,Weekday,1900,1-Car,No injury/unknown,ANIMAL/OBJECT IN ROADWAY,SR37S & SYLVAN LANE,39.32962662,-86.51541016
2012,12,2,Weekday,1600,2-Car,No injury/unknown,FOLLOWING TOO CLOSELY,SR37S & SR45W,39.32627106,-86.51492309
2012,12,6,Weekday,100,2-Car,No injury/unknown,FOLLOWING TOO CLOSELY,SR37N & SR46W,39.32627106,-86.51492309
2012,12,6,Weekday,500,1-Car,No injury/unknown,RAN OFF ROAD RIGHT,BURMA & SR37S,39.32229413,-86.51171127
2012,5,4,Weekday,1500,1-Car,No injury/unknown,RAN OFF ROAD RIGHT,BURMA RD & SPRADLING,39.32184,-86.51766432
2012,4,2,Weekday,1200,2-Car,Non-incapacitating,BRAKE FAILURE OR DEFECTIVE,BRYANTS CREEK & OLD STATE ROAD 37 N HWY,39.3212,-86.48072
2012,9,7,Weekend,100,1-Car,No injury/unknown,SPEED TOO FAST FOR WEATHER CONDITIONS,BURMA & SR37S,39.32100204,-86.51111253
2012,1,2,Weekday,2000,1-Car,No injury/unknown,OTHER (ENVIRONMENTAL) - EXPLAIN IN NARR,BRYANTS CREEK & SR37N,39.32087677,-86.51222977
2012,1,6,Weekday,1300,2-Car,No injury/unknown,UNSAFE LANE MOVEMENT,BURMA & SR37N,39.31822508,-86.51060041
2012,9,3,Weekday,2000,1-Car,No injury/unknown,ANIMAL/OBJECT IN ROADWAY,BURMA & SR37N,39.31561299,-86.51117113
2012,10,6,Weekday,1600,Moped/Motorcycle,Non-incapacitating,UNSAFE SPEED,SR45N & VIKING RIDGE,39.31473308,-86.44453011
2012,5,1,Weekday,2100,1-Car,No injury/unknown,ANIMAL/OBJECT IN ROADWAY,N CROSSOVER & SR37S,39.31463212,-86.51704028
2012,4,6,Weekday,700,1-Car,No injury/unknown,RAN OFF ROAD RIGHT,BOTTOM & MT TABOR RD,39.310944,-86.633184
2012,9,7,Weekend,1100,1-Car,Non-incapacitating,RAN OFF ROAD RIGHT,BOTTOM & MT TABOR RD,39.310944,-86.633184
2012,10,2,Weekday,700,1-Car,Incapacitating,RAN OFF ROAD RIGHT,CHAMBERS PIKE & OLD STATE ROAD 37,39.30896586,-86.49845494
2012,10,1,Weekend,1700,2-Car,No injury/unknown,FAILURE TO YIELD RIGHT OF WAY,SR37S & SYLVAN,39.308496,-86.515072
2012,11,2,Weekday,1800,1-Car,No injury/unknown,ANIMAL/OBJECT IN ROADWAY,SR37 & SYLVAN,39.30838858,-86.51507422
2012,6,7,Weekend,1300,1-Car,Incapacitating,BRAKE FAILURE OR DEFECTIVE,7054 TABOR HILL RD & MOUNT TABOR,39.30584,-86.631008
2012,6,4,Weekday,100,1-Car,Non-incapacitating,RAN OFF ROAD RIGHT,E CHAMBERS PIKE & SR37N,39.30432,-86.5168
2012,1,6,Weekday,400,1-Car,No injury/unknown,ANIMAL/OBJECT IN ROADWAY,DITTIMORE RD & TILFORD,39.30223033,-86.53484037
2012,6,7,Weekend,900,Moped/Motorcycle,No injury/unknown,UNSAFE LANE MOVEMENT,CHAMBERS & SR37S,39.29897788,-86.51843531
2012,9,6,Weekend,2100,1-Car,No injury/unknown,UNSAFE SPEED,BUSKIRK & DITTEMORE RD,39.295216,-86.550832
2012,10,5,Weekday,1600,1-Car,No injury/unknown,RAN OFF ROAD RIGHT,GOURLEY & OLD STATE 37 RD,39.29098005,-86.53521023
2012,12,2,Weekday,700,1-Car,No injury/unknown,ROADWAY SURFACE CONDITION,BOTTOM & MAPLE GROVE RD,39.28966697,-86.54778979
2012,10,6,Weekday,600,1-Car,No injury/unknown,ANIMAL/OBJECT IN ROADWAY,NORTH FOX HOLLOW & SR37N,39.28909855,-86.51842001
2012,9,7,Weekend,0,1-Car,No injury/unknown,ANIMAL/OBJECT IN ROADWAY,FOX HOLLOW & SR37N,39.28800157,-86.51893334
2012,11,2,Weekday,300,1-Car,No injury/unknown,RAN OFF ROAD RIGHT,HENNESSEY & ROCKPORT RD,39.286659,-86.55672021
2012,5,3,Weekday,2200,2-Car,No injury/unknown,FAILURE TO YIELD RIGHT OF WAY,LEE PAUL & SR37N,39.28485967,-86.5208698
2012,9,5,Weekday,1800,1-Car,No injury/unknown,UNSAFE SPEED,CROSSOVER & SR37,39.28279586,-86.51704028
2012,12,3,Weekday,1400,2-Car,No injury/unknown,LEFT OF CENTER,MT TABOR RD & WOODLAND,39.28247346,-86.62418826
2012,3,2,Weekday,1600,2-Car,No injury/unknown,FOLLOWING TOO CLOSELY,SR37N & VERNAL,39.28223665,-86.56233005
2012,12,6,Weekday,1400,1-Car,No injury/unknown,RAN OFF ROAD RIGHT,HEDRICK & STINESVILLE RD,39.281744,-86.662992
2012,12,3,Weekday,800,1-Car,No injury/unknown,OTHER (DRIVER) - EXPLAIN IN NARRATIVE,BOTTOM & SR37N,39.28109177,-86.55227661
2012,8,6,Weekday,700,1-Car,No injury/unknown,ANIMAL/OBJECT IN ROADWAY,DUTCH CHURCH & MT TABER RD,39.278832,-86.623456
2012,5,6,Weekday,1600,1-Car,No injury/unknown,RAN OFF ROAD RIGHT,ANDERSON RD & FISH,39.27815013,-86.46866155
2012,10,2,Weekday,800,1-Car,No injury/unknown,ANIMAL/OBJECT IN ROADWAY,N BUSINESS 37 RD & WHISNAND,39.27761346,-86.53976999
2012,4,6,Weekend,2000,1-Car,Incapacitating,RAN OFF ROAD RIGHT,HEDRICK & SR46,39.27731446,-86.6770649
2012,5,3,Weekday,1100,2-Car,No injury/unknown,FOLLOWING TOO CLOSELY,CURRY PIKE & JANATHAN,39.27411451,-86.5829797
2012,4,3,Weekday,0,1-Car,No injury/unknown,UNSAFE SPEED,7671 N MT TABOR RD & N BARR,39.273888,-86.621456
2012,7,6,Weekday,1700,2-Car,Non-incapacitating,DRIVER DISTRACTED - EXPLAIN IN NARRATIVE,SR37N & WAYPORT,39.27369123,-86.52291968
2012,12,5,Weekday,600,1-Car,No injury/unknown,ANIMAL/OBJECT IN ROADWAY,DEER LICK & SR446S,39.27297697,-86.41703796
2012,8,5,Weekday,400,1-Car,No injury/unknown,RAN OFF ROAD RIGHT,SR46 & STINESVILLE RD,39.2719099,-86.66333225
2012,4,3,Weekday,900,1-Car,No injury/unknown,UNSAFE SPEED,E ANDERSON & N LYDY RD,39.27184,-86.479216
2012,9,2,Weekday,1900,Moped/Motorcycle,Incapacitating,RAN OFF ROAD RIGHT,RED HILL RD,39.27146137,-86.63838408
2012,6,5,Weekday,2100,1-Car,No injury/unknown,ANIMAL/OBJECT IN ROADWAY,N STINESVILLE RD & SR46,39.27002992,-86.66377894
2012,5,1,Weekend,400,1-Car,Non-incapacitating,RAN OFF ROAD RIGHT,N MILLER & N SHILO RD,39.26992,-86.460048
2012,12,2,Weekday,1600,1-Car,No injury/unknown,RAN OFF ROAD RIGHT,N BOTTOM RD & SIMPSON CHAPEL,39.26981833,-86.54794528
2012,7,7,Weekend,1500,1-Car,Non-incapacitating,RAN OFF ROAD RIGHT,E NORTH SHORE DR & GRAY,39.26974412,-86.38981374
2012,8,3,Weekday,1400,1-Car,No injury/unknown,ANIMAL/OBJECT IN ROADWAY,N BOTTOM RD & SIMPSON CHAPLE,39.26962003,-86.54756708
2012,6,2,Weekday,0,1-Car,No injury/unknown,RAN OFF ROAD RIGHT,N OLD DUTCH CHURCH & N REDHILL RD,39.26953018,-86.63486972
2012,4,6,Weekday,700,2-Car,No injury/unknown,UNSAFE BACKING,ST RD 37 RD,39.26891991,-86.52287428
2012,2,4,Weekday,1900,1-Car,No injury/unknown,ANIMAL/OBJECT IN ROADWAY,SR46W & STINESVILLE,39.26884344,-86.66789
2012,9,6,Weekday,600,1-Car,No injury/unknown,ANIMAL/OBJECT IN ROADWAY,BETHEL & BOLTINGHOUSE RD,39.26783033,-86.47286027
2012,1,2,Weekday,1700,3+ Cars,Non-incapacitating,LEFT OF CENTER,N STINESVILLE & SR46W,39.26683545,-86.66569192
2012,3,1,Weekday,2200,2-Car,No injury/unknown,IMPROPER PASSING,SR46W & STINESVILLE,39.266752,-86.6656
2012,10,6,Weekday,800,2-Car,No injury/unknown,BRAKE FAILURE OR DEFECTIVE,SR46W & STINESVILLE,39.266752,-86.6656
2012,8,1,Weekend,0,1-Car,No injury/unknown,RAN OFF ROAD RIGHT,COWDEN RD,39.26656432,-86.61236397
2012,5,2,Weekday,1600,2-Car,No injury/unknown,IMPROPER LANE USAGE,SIMPSON CHAPEL & SR37,39.26616,-86.522752
2012,9,6,Weekend,2200,2-Car,Non-incapacitating,FAILURE TO YIELD RIGHT OF WAY,EAST SAMPLE & OLD SR 37 HWY,39.26616,-86.522752
2012,4,4,Weekday,1900,1-Car,Non-incapacitating,RAN OFF ROAD RIGHT,ANDERSON & OLD STATE ROAD 37N HWY,39.266,-86.501696
2012,8,5,Weekday,2000,1-Car,No injury/unknown,ANIMAL/OBJECT IN ROADWAY,ANDERSON RD & OLD NORTH STATE ROAD 37,39.26589981,-86.50237672
2012,4,5,Weekday,1200,1-Car,No injury/unknown,RAN OFF ROAD RIGHT,EAST ANDRESON RD & OLD STATE ROAD 37,39.26589981,-86.5021795
2012,11,1,Weekday,2300,1-Car,Non-incapacitating,RAN OFF ROAD RIGHT,ANDERSON RD & N OLD ST RD 37,39.26589981,-86.5020065
2012,5,5,Weekday,0,1-Car,No injury/unknown,RAN OFF ROAD RIGHT,MEL CURRIE & OLD STATE RD 37 RD,39.26339474,-86.50175973
2012,10,4,Weekday,1800,2-Car,No injury/unknown,FAILURE TO YIELD RIGHT OF WAY,SR37 & WAYPORT,39.26307137,-86.52255833
2012,1,6,Weekday,1500,1-Car,No injury/unknown,RAN OFF ROAD RIGHT,37 & WAYPORT RD,39.263024,-86.52264
2012,9,6,Weekday,1700,2-Car,No injury/unknown,OTHER (VEHICLE) - EXPLAIN IN NARRATIVE,NORTH STATE ROAD 37 HWY & WAYPORT,39.263024,-86.52264
2012,11,4,Weekday,500,1-Car,No injury/unknown,ANIMAL/OBJECT IN ROADWAY,N BOTTOM RD & W LAWSON,39.26248,-86.546096
2012,1,6,Weekend,2000,2-Car,No injury/unknown,IMPROPER LANE USAGE,SR37 & WAYPORT,39.26200176,-86.52312492
2012,1,4,Weekday,400,1-Car,No injury/unknown,UNSAFE SPEED,SAMPLE RD & SR37N,39.26190598,-86.51449642
2012,1,6,Weekend,2000,1-Car,No injury/unknown,SPEED TOO FAST FOR WEATHER CONDITIONS,SR37S & WAYPORT RD,39.26167132,-86.52280192
2012,1,6,Weekend,2000,1-Car,No injury/unknown,SPEED TOO FAST FOR WEATHER CONDITIONS,SR37S & WAYPORT,39.26140635,-86.5228949
2012,9,6,Weekday,1500,2-Car,No injury/unknown,FAILURE TO YIELD RIGHT OF WAY,N WAYPORT RD,39.26128885,-86.52247292
2012,5,6,Weekday,1500,1-Car,No injury/unknown,OTHER (VEHICLE) - EXPLAIN IN NARRATIVE,SR37N & WAYPORT,39.26065915,-86.52333698
2012,2,1,Weekday,2100,2-Car,No injury/unknown,UNSAFE LANE MOVEMENT,CURRY PIKE & STEBU,39.26058791,-86.58261023
2012,8,4,Weekday,1200,2-Car,No injury/unknown,FOLLOWING TOO CLOSELY,SR37S & WAYPORT,39.26041222,-86.52349167
2012,12,7,Weekend,1500,2-Car,Non-incapacitating,LEFT OF CENTER,SR46W & W CHAFIN CHAPEL,39.26029525,-86.65793538
2012,8,6,Weekend,2000,1-Car,No injury/unknown,ANIMAL/OBJECT IN ROADWAY,BUISNESS 37 HWY & OLD STATE ROAD 37,39.26005955,-86.53484009
2012,8,7,Weekend,1700,1-Car,No injury/unknown,RAN OFF ROAD RIGHT,DELAP RD,39.259682,-86.584206
2012,11,6,Weekday,1600,3+ Cars,No injury/unknown,FOLLOWING TOO CLOSELY,CHAFIN CHAPEL & SR46E,39.25962009,-86.65755847
2012,11,7,Weekend,1000,1-Car,No injury/unknown,RAN OFF ROAD RIGHT,OLD SR 37 & SAMPLE RD,39.25889859,-86.50361442
2012,10,3,Weekday,1700,2-Car,No injury/unknown,LEFT OF CENTER,CONSTITUTION & LIBERTY DR,39.25690807,-86.5768703
2012,4,1,Weekend,1200,1-Car,Non-incapacitating,RAN OFF ROAD RIGHT,FLATWOODS & SR46W,39.25629452,-86.65580185
2012,5,7,Weekend,1600,3+ Cars,Incapacitating,LEFT OF CENTER,FLATWOODS & SR46W,39.25629452,-86.65580185
2012,10,1,Weekend,700,1-Car,No injury/unknown,RAN OFF ROAD RIGHT,FLATWOODS & SR46W,39.25501235,-86.65516921
2012,12,1,Weekend,1200,2-Car,No injury/unknown,FAILURE TO YIELD RIGHT OF WAY,OLD STATE 37 & SR37N,39.25457699,-86.52745745
2012,2,3,Weekday,1000,1-Car,No injury/unknown,RAN OFF ROAD RIGHT,BOTTOM RD & LAWSON,39.2545259,-86.54597054
2012,7,7,Weekend,800,2-Car,No injury/unknown,WRONG WAY ON ONE WAY,BLOOMFIELD & SR37S,39.25322823,-86.57295025
2012,3,5,Weekday,2100,2-Car,Non-incapacitating,DRIVER DISTRACTED - EXPLAIN IN NARRATIVE,FLATWOODS & SR46W,39.252448,-86.653904
2012,4,5,Weekday,700,2-Car,No injury/unknown,BRAKE FAILURE OR DEFECTIVE,FLATWOODS & SR46W,39.252448,-86.653904
2012,12,4,Weekday,800,2-Car,No injury/unknown,ROADWAY SURFACE CONDITION,MATTHEWS DR & MT TABOR,39.2520301,-86.6206701
2012,11,6,Weekday,400,1-Car,No injury/unknown,RAN OFF ROAD RIGHT,DELAP RD & UNION VALLEY,39.25200138,-86.60164641
2012,5,3,Weekday,1600,2-Car,No injury/unknown,LEFT OF CENTER,FLATWOODS & SR46W,39.25182705,-86.6532074
2012,10,2,Weekday,1000,2-Car,No injury/unknown,FOLLOWING TOO CLOSELY,FLATWOODS & SR46W,39.25182705,-86.6532074
2012,9,4,Weekday,1000,1-Car,No injury/unknown,RAN OFF ROAD RIGHT,SR37 & WYLIE RD,39.251648,-86.529056