Year,Month,Day,Weekend?,Hour,Collision Type,Injury Type,Primary Factor,Reported_Location,Latitude,Longitude
2012,10,5,Weekday,1600,1-Car,Non-incapacitating,RAN OFF ROAD RIGHT,SHUFFLE CRK & SOUTH SHORE,39.251536,-86.400816
2012,9,3,Weekday,1800,1-Car,No injury/unknown,RAN OFF ROAD RIGHT,SHUFFLE & SOUTH SHORE RD,39.25137709,-86.4008099
2012,11,4,Weekday,2100,1-Car,Non-incapacitating,RAN OFF ROAD RIGHT,OLD STATE ROAD 37 & WYLIE RD,39.251296,-86.500832
2012,1,7,Weekend,1200,2-Car,No injury/unknown,ROADWAY SURFACE CONDITION,STATE ROAD 46 W HWY,39.2512,-86.652504
2012,4,4,Weekday,1600,2-Car,No injury/unknown,OTHER (DRIVER) - EXPLAIN IN NARRATIVE,SR46W,39.2512,-86.652504
2012,5,7,Weekend,1700,2-Car,No injury/unknown,UNSAFE BACKING,SR46W,39.2512,-86.652504
2012,9,3,Weekday,1400,2-Car,No injury/unknown,UNSAFE BACKING,STATE ROAD 46 RD,39.2512,-86.652504
2012,10,6,Weekday,1000,2-Car,No injury/unknown,FAILURE TO YIELD RIGHT OF WAY,STATE ROAD 46 HWY,39.2512,-86.652504
2012,9,5,Weekday,2000,2-Car,Non-incapacitating,FOLLOWING TOO CLOSELY,WEST STATE ROAD 46 HWY,39.2512,-86.652504
2012,11,6,Weekday,1400,2-Car,No injury/unknown,UNSAFE BACKING,SR 46 HWY,39.2512,-86.652504
2012,1,1,Weekday,2100,1-Car,No injury/unknown,RAN OFF ROAD RIGHT,MILLER & ROBINSON RD,39.25103031,-86.4699404
2012,5,7,Weekend,300,1-Car,No injury/unknown,RAN OFF ROAD RIGHT,HILLSAMMER & ROBINSON RD,39.2509599,-86.46768112
2012,7,2,Weekday,1700,1-Car,Non-incapacitating,RAN OFF ROAD RIGHT,SHORE & SHUFFLE CREEK RD,39.25077017,-86.40120687
2012,11,5,Weekday,600,1-Car,No injury/unknown,ANIMAL/OBJECT IN ROADWAY,SR37N & WAYPORT,39.25073188,-86.52540821
2012,7,7,Weekend,1800,3+ Cars,No injury/unknown,INSECURE/LEAKY LOAD,SR37 & SR37N,39.25059857,-86.52983119
2012,7,2,Weekday,1200,2-Car,Non-incapacitating,FAILURE TO YIELD RIGHT OF WAY,WALNUT ST,39.25050707,-86.52987065
2012,12,6,Weekday,300,1-Car,No injury/unknown,RAN OFF ROAD RIGHT,FLATWOODS & SR46W,39.25037815,-86.65158204
2012,8,3,Weekday,900,2-Car,No injury/unknown,OTHER (DRIVER) - EXPLAIN IN NARRATIVE,WINDCREST DR & WINDING,39.24980572,-86.54523029
2012,3,7,Weekend,1500,2-Car,Non-incapacitating,OTHER (DRIVER) - EXPLAIN IN NARRATIVE,SR37N & WEST GRIFFITH CEMETERY,39.24871833,-86.53115273
2012,6,7,Weekend,1800,2-Car,No injury/unknown,DRIVER DISTRACTED - EXPLAIN IN NARRATIVE,SR46W & STINESVILLEE,39.24848052,-86.64835383
2012,12,3,Weekday,1800,1-Car,Non-incapacitating,ANIMAL/OBJECT IN ROADWAY,SHILO & TUNNEL RD,39.24801314,-86.42945984
2012,12,5,Weekday,1800,1-Car,No injury/unknown,RAN OFF ROAD RIGHT,1300 MAPLE GROVE RD & BOTTOM,39.24774712,-86.54951341
2012,5,4,Weekday,600,1-Car,Non-incapacitating,ANIMAL/OBJECT IN ROADWAY,MAPLE GROVE N RD & WEST MAPLE GROVE,39.24744,-86.547792
2012,10,5,Weekday,1400,1-Car,Non-incapacitating,ACCELERATOR FAILURE OR DEFECTIVE,6700 MATTHEWS DR & MAPLE GROVE,39.24732224,-86.62063007
2012,1,6,Weekday,500,1-Car,No injury/unknown,RAN OFF ROAD RIGHT,ELLIS & SR37,39.24650349,-86.53260818
2012,12,7,Weekend,1600,1-Car,No injury/unknown,RAN OFF ROAD RIGHT,ELLIS & SR37,39.24650349,-86.53260818
2012,2,5,Weekday,1700,2-Car,No injury/unknown,FOLLOWING TOO CLOSELY,RED HILL & SR46W,39.24597669,-86.64218588
2012,9,4,Weekday,1500,2-Car,No injury/unknown,IMPROPER LANE USAGE,RED HILL & SR46W,39.245744,-86.636896
2012,12,2,Weekday,1300,1-Car,No injury/unknown,RAN OFF ROAD RIGHT,BARBARA & W MAPLE GROVE RD,39.245744,-86.633296
2012,9,7,Weekend,1600,2-Car,No injury/unknown,DRIVER DISTRACTED - EXPLAIN IN NARRATIVE,REDHILL & SR46W,39.24574032,-86.63658982
2012,2,1,Weekend,1200,1-Car,Non-incapacitating,RAN OFF ROAD RIGHT,N MATTHEWS DR & W MAPLE GROVE,39.245408,-86.6204
2012,6,5,Weekday,1600,Cyclist,Non-incapacitating,IMPROPER TURNING,MAPLE GROVE RD & RIDGEWAY,39.24514268,-86.61407103
2012,12,1,Weekend,0,2-Car,No injury/unknown,SPEED TOO FAST FOR WEATHER CONDITIONS,ALLENS CREEK & SR446S,39.24475376,-86.40827083
2012,9,6,Weekday,1500,2-Car,No injury/unknown,OTHER (DRIVER) - EXPLAIN IN NARRATIVE,CONNAUGHT & SR37N,39.24465001,-86.53384029
2012,12,3,Weekday,1400,1-Car,No injury/unknown,FOLLOWING TOO CLOSELY,CONNAUGHT & SR37N,39.24464872,-86.53384058
2012,6,7,Weekend,1900,2-Car,No injury/unknown,LEFT OF CENTER,FAIRFAX RD & POINTE,39.24325529,-86.49009011
2012,4,1,Weekday,2000,2-Car,No injury/unknown,FOLLOWING TOO CLOSELY,BUSINESS OLD STATE ROAD 37 HWY & NORTH OLD STATE ROAD 37,39.241744,-86.499088
2012,8,6,Weekend,2100,1-Car,No injury/unknown,ANIMAL/OBJECT IN ROADWAY,KNIGHTRIDGE & SR446 RD,39.24153652,-86.45681999
2012,6,2,Weekday,1300,2-Car,No injury/unknown,UNSAFE BACKING,HOLLY & PERRY DR,39.240752,-86.604896
2012,5,7,Weekend,1600,Moped/Motorcycle,Non-incapacitating,RAN OFF ROAD RIGHT,RICHARDSON & SR45E,39.23984,-86.387696
2012,10,1,Weekend,100,1-Car,No injury/unknown,RAN OFF ROAD RIGHT,N RICHARDSON & SR45E,39.23984,-86.387696
2012,10,5,Weekday,1100,Moped/Motorcycle,Non-incapacitating,RAN OFF ROAD RIGHT,RICHARDSON & SR45E,39.23984,-86.387696
2012,6,2,Weekday,1000,2-Car,No injury/unknown,SPEED TOO FAST FOR WEATHER CONDITIONS,BOLTINGHOUSE RD & OLD 37 NORTH STATE,39.23974022,-86.49922706
2012,12,2,Weekday,500,1-Car,No injury/unknown,RAN OFF ROAD RIGHT,HARTSTRAIT RD & W VERNAL,39.23967209,-86.6112703
2012,6,7,Weekend,500,1-Car,No injury/unknown,RAN OFF ROAD RIGHT,SR45 & SR45N,39.238144,-86.372192
2012,7,5,Weekday,1700,2-Car,No injury/unknown,UNSAFE BACKING,CEDAR & POPLAR DR,39.23782982,-86.63873693
2012,1,2,Weekday,1700,2-Car,No injury/unknown,ROADWAY SURFACE CONDITION,MCNEELY ST & UNION VALLEY,39.23749991,-86.59277983
2012,5,7,Weekend,1800,Moped/Motorcycle,Non-incapacitating,ROADWAY SURFACE CONDITION,N UNION VALLEY & W MCNEELY ST,39.23749936,-86.59271485
2012,3,2,Weekday,1600,Bus,No injury/unknown,UNSAFE BACKING,ALLEN & KELLI ST,39.237376,-86.626816
2012,1,1,Weekend,1400,1-Car,No injury/unknown,RAN OFF ROAD RIGHT,BOTTOM & WOODALL RD,39.23718886,-86.57690669
2012,3,3,Weekday,700,2-Car,No injury/unknown,UNSAFE BACKING,SOUTH EDGEWOOD DR,39.2364,-86.631248
2012,5,2,Weekday,1900,Bus,No injury/unknown,UNSAFE BACKING,EDGEWOOD DR,39.2364,-86.631248
2012,6,7,Weekend,1200,2-Car,No injury/unknown,UNSAFE BACKING,S EDGEWOOD DR,39.2364,-86.631248
2012,11,1,Weekend,1500,Moped/Motorcycle,Incapacitating,OTHER (DRIVER) - EXPLAIN IN NARRATIVE,EDGEWOOD DR DR,39.2364,-86.631248
2012,6,1,Weekend,1800,2-Car,No injury/unknown,UNSAFE LANE MOVEMENT,SR37 & SR46E,39.23628727,-86.62833507
2012,1,2,Weekday,500,2-Car,No injury/unknown,OTHER (DRIVER) - EXPLAIN IN NARRATIVE,MAIN ST & MATTHEWS,39.236096,-86.625168
2012,1,3,Weekday,1700,2-Car,No injury/unknown,DISREGARD SIGNAL/REG SIGN,MAIN ST & MATTHEWS,39.236096,-86.625168
2012,11,6,Weekend,1900,1-Car,No injury/unknown,RAN OFF ROAD RIGHT,ALFRED & MT TABOR RDS,39.23607938,-86.62537001
2012,8,4,Weekday,1500,1-Car,Non-incapacitating,STEERING FAILURE,ASSOCIATION ST & S EDGEWOOD DRIVE DR,39.235952,-86.629696
2012,3,6,Weekday,0,2-Car,No injury/unknown,UNSAFE BACKING,VINE ST,39.235728,-86.626032
2012,3,6,Weekend,2200,2-Car,Non-incapacitating,FOLLOWING TOO CLOSELY,MAIN & SALE ST,39.23492968,-86.62342004
2012,7,7,Weekend,1000,2-Car,No injury/unknown,FAILURE TO YIELD RIGHT OF WAY,SALE & SR46W,39.23492968,-86.62342004
2012,2,7,Weekend,1200,2-Car,Non-incapacitating,DISREGARD SIGNAL/REG SIGN,MATTHEWS & SR46W,39.234768,-86.626384
2012,12,2,Weekday,1500,2-Car,No injury/unknown,FAILURE TO YIELD RIGHT OF WAY,MATTHEWS & SR46W,39.234768,-86.626384
2012,8,5,Weekday,2000,2-Car,No injury/unknown,DRIVER DISTRACTED - EXPLAIN IN NARRATIVE,SALE & VINE ST,39.234384,-86.624064
2012,12,7,Weekend,1900,1-Car,Non-incapacitating,OTHER (DRIVER) - EXPLAIN IN NARRATIVE,N CENTENNIAL DR,39.234288,-86.62072
2012,7,5,Weekday,2200,2-Car,No injury/unknown,OTHER (DRIVER) - EXPLAIN IN NARRATIVE,WEST TEMPERANCE ST,39.23388965,-86.62482149
2012,2,5,Weekday,1600,2-Car,No injury/unknown,IMPROPER TURNING,N SALE & W TEMPERANCE ST,39.23384,-86.624704
2012,5,4,Weekday,700,2-Car,No injury/unknown,FAILURE TO YIELD RIGHT OF WAY,SALE & SR46W,39.23384,-86.624704
2012,8,3,Weekday,700,Moped/Motorcycle,Non-incapacitating,FOLLOWING TOO CLOSELY,SALE & SR46E,39.23384,-86.624704
2012,9,6,Weekday,800,2-Car,No injury/unknown,FOLLOWING TOO CLOSELY,SALE ST & SR46,39.23384,-86.624704
2012,11,1,Weekend,1200,1-Car,No injury/unknown,ANIMAL/OBJECT IN ROADWAY,6166 N SHUFFLE CREEK RD RD & SR45,39.23380885,-86.41213936
2012,12,1,Weekend,1700,2-Car,No injury/unknown,FAILURE TO YIELD RIGHT OF WAY,SALE & TEMPERANCE ST,39.23376024,-86.62471018
2012,4,1,Weekend,1100,2-Car,No injury/unknown,UNSAFE LANE MOVEMENT,SALE ST & SR46E,39.23374889,-86.62457188
2012,10,5,Weekday,900,2-Car,No injury/unknown,OTHER (DRIVER) - EXPLAIN IN NARRATIVE,SALE ST & SR46W,39.23374889,-86.62457188
2012,7,1,Weekend,1700,1-Car,No injury/unknown,RAN OFF ROAD RIGHT,UNION VALLEY RD,39.23346721,-86.59271612
2012,2,2,Weekday,2200,2-Car,No injury/unknown,FAILURE TO YIELD RIGHT OF WAY,FOURTH & TEMPERANCE ST,39.23317015,-86.62389876
2012,7,4,Weekday,1800,2-Car,No injury/unknown,UNSAFE SPEED,BOTTOM RD & STATE ROAD 37,39.23277989,-86.54191978
2012,5,3,Weekday,500,2-Car,No injury/unknown,IMPROPER LANE USAGE,SR37 & SR46E,39.232688,-86.623056
2012,12,7,Weekend,700,1-Car,No injury/unknown,OVERCORRECTING/OVERSTEERING,3600 BLK N KINSER PIKE & W CLUB HOUSE,39.23257907,-86.54285612
2012,1,7,Weekend,400,1-Car,No injury/unknown,,N WALNUT ST,39.232544,-86.540704
2012,2,5,Weekday,400,2-Car,No injury/unknown,,N WALNUT ST,39.232544,-86.540704
2012,8,5,Weekday,2200,2-Car,No injury/unknown,OTHER (DRIVER) - EXPLAIN IN NARRATIVE,N WALNUT ST,39.232544,-86.540704
2012,11,1,Weekend,900,1-Car,No injury/unknown,UNSAFE SPEED,N WALNUT ST,39.232544,-86.540704
2012,11,5,Weekday,900,2-Car,No injury/unknown,,N WALNUT ST,39.232544,-86.540704
2012,12,1,Weekend,1000,2-Car,No injury/unknown,FAILURE TO YIELD RIGHT OF WAY,N WALNUT ST,39.232544,-86.540704
2012,12,4,Weekday,1700,Bus,No injury/unknown,IMPROPER TURNING,N WALNUT ST,39.232544,-86.540704
2012,5,3,Weekday,1800,1-Car,No injury/unknown,DRIVER ILLNESS,OLD MYERS & OLD STATE ROAD 37 RD,39.23183978,-86.50635972
2012,6,3,Weekday,1600,2-Car,No injury/unknown,FAILURE TO YIELD RIGHT OF WAY,STARNES & W REEVES RD,39.231536,-86.6588
2012,5,2,Weekday,1600,2-Car,No injury/unknown,FAILURE TO YIELD RIGHT OF WAY,1 ST & 1 ST ST,39.23136033,-86.62127025
2012,10,7,Weekend,1000,1-Car,No injury/unknown,UNSAFE BACKING,W REEVES RD,39.2313382,-86.64146728
2012,8,7,Weekend,1000,2-Car,No injury/unknown,CELL PHONE USAGE,RAUBS LN & REEVES,39.23128,-86.635728
2012,12,6,Weekday,1600,Moped/Motorcycle,No injury/unknown,FOLLOWING TOO CLOSELY,BURKS & WALNUT STREET PIKE,39.23120902,-86.5267197
2012,10,4,Weekday,0,1-Car,No injury/unknown,ANIMAL/OBJECT IN ROADWAY,TANGLEWOOD & UNION VALLEY RD,39.23120007,-86.59276977
2012,12,3,Weekday,1400,1-Car,No injury/unknown,OTHER (ENVIRONMENTAL) - EXPLAIN IN NARR,SALE STREET & THOMNAS RD RD,39.231152,-86.6308
2012,6,7,Weekend,1600,2-Car,No injury/unknown,UNSAFE SPEED,MOUNT GILEAD & SR45E,39.23075447,-86.42374287
2012,6,4,Weekday,2300,1-Car,No injury/unknown,ANIMAL/OBJECT IN ROADWAY,MOUNT GILEAD & SR45E,39.230752,-86.424096
2012,10,2,Weekday,500,1-Car,Non-incapacitating,RAN OFF ROAD RIGHT,SHUFFLE CREEK RD & SR45,39.23022654,-86.4160862
2012,1,2,Weekday,2300,1-Car,No injury/unknown,SPEED TOO FAST FOR WEATHER CONDITIONS,SR45E & TUNNEL RD,39.230048,-86.4316
2012,8,4,Weekday,2000,2-Car,No injury/unknown,IMPROPER TURNING,PAUL & SR46W,39.230043,-86.61933147
2012,12,3,Weekday,1400,1-Car,No injury/unknown,RAN OFF ROAD RIGHT,SALE & THOMAS RD,39.22979014,-86.63057559
2012,4,1,Weekend,1300,2-Car,No injury/unknown,FAILURE TO YIELD RIGHT OF WAY,1ST ST & RITTER,39.229424,-86.623584
2012,8,4,Weekday,1700,2-Car,No injury/unknown,FOLLOWING TOO CLOSELY,SR37S & VERNAL,39.22934843,-86.56233005
2012,5,3,Weekday,1300,2-Car,Non-incapacitating,OTHER (DRIVER) - EXPLAIN IN NARRATIVE,PARK & SR46W,39.22934443,-86.61844254
2012,8,5,Weekday,1300,1-Car,No injury/unknown,IMPROPER PASSING,W 3RD ST,39.228944,-86.627504
2012,6,6,Weekday,0,Moped/Motorcycle,Incapacitating,UNSAFE SPEED,HARTSTRAIT & SR46W,39.22891227,-86.61743403
2012,8,3,Weekday,2000,1-Car,No injury/unknown,UNSAFE SPEED,MOUNT GILEAD ROAD & SR45W,39.22847732,-86.43336704
2012,11,5,Weekday,1200,2-Car,No injury/unknown,UNSAFE BACKING,PAUL STREET ST & SR46,39.2280936,-86.6213
2012,7,4,Weekday,1600,2-Car,No injury/unknown,OTHER (DRIVER) - EXPLAIN IN NARRATIVE,WEST 2ND ST,39.228048,-86.626352
2012,12,6,Weekday,1500,2-Car,No injury/unknown,FAILURE TO YIELD RIGHT OF WAY,KINSER & SR46W,39.22796249,-86.54624938
2012,12,6,Weekday,1800,2-Car,Non-incapacitating,FOLLOWING TOO CLOSELY,KINSER & SR4546E,39.22796249,-86.54622342
2012,7,6,Weekend,1900,2-Car,No injury/unknown,BRAKE FAILURE OR DEFECTIVE,HARTSTRAIT & TEMPERANCE ST ST,39.2276627,-86.61593307
2012,1,6,Weekday,1700,2-Car,Non-incapacitating,FOLLOWING TOO CLOSELY,HARTSTRAIT & SR46W,39.22766022,-86.61594003
2012,10,6,Weekend,1900,2-Car,No injury/unknown,UNSAFE SPEED,HARTSTRAIT & SR46W,39.22766022,-86.61594003
2012,8,5,Weekday,1400,2-Car,No injury/unknown,OTHER (DRIVER) - EXPLAIN IN NARRATIVE,HARSTRAIT & SR46W,39.22766022,-86.61594003
2012,11,5,Weekday,2200,1-Car,No injury/unknown,ANIMAL/OBJECT IN ROADWAY,HARTSTRAIT & SR46,39.22766022,-86.61594003
2012,10,6,Weekday,1600,2-Car,No injury/unknown,UNSAFE SPEED,HARTSTRAIT & SR46W,39.22766022,-86.61593137
2012,4,2,Weekday,1000,2-Car,Non-incapacitating,DRIVER DISTRACTED - EXPLAIN IN NARRATIVE,HARTSTRAIT & SR46W,39.22761992,-86.6158998
2012,9,2,Weekday,800,1-Car,No injury/unknown,ANIMAL/OBJECT IN ROADWAY,ACUFF & MAPLE GROVE RD,39.22757115,-86.55750006
2012,8,3,Weekday,1100,1-Car,Non-incapacitating,OTHER (VEHICLE) - EXPLAIN IN NARRATIVE,OLD MYERS RD,39.22653034,-86.49008274
2012,5,4,Weekday,2300,3+ Cars,No injury/unknown,OTHER (VEHICLE) - EXPLAIN IN NARRATIVE,E OLD MEYERS RD,39.2262809,-86.48928344
2012,1,6,Weekday,500,1-Car,No injury/unknown,RAN OFF ROAD RIGHT,MATHEWS DR & MT TABOR,39.22553498,-86.6206701
2012,1,2,Weekday,1700,1-Car,Non-incapacitating,RAN OFF ROAD RIGHT,TECUMSEH & THOMAS RD,39.22504499,-86.63051743
2012,11,7,Weekend,1400,2-Car,No injury/unknown,UNSAFE BACKING,OLD STATE ROAD 37 HWY,39.22483609,-86.5163814
2012,1,4,Weekday,1200,1-Car,No injury/unknown,DRIVER DISTRACTED - EXPLAIN IN NARRATIVE,CHESTER & CHESTER DRIVE DR,39.2244,-86.621088
2012,12,5,Weekday,2100,2-Car,No injury/unknown,OTHER (ENVIRONMENTAL) - EXPLAIN IN NARR,DEER RUN DR & TECUMSEH ST,39.22344359,-86.62104627
2012,6,7,Weekend,1300,2-Car,Non-incapacitating,FOLLOWING TOO CLOSELY,CAPITOL & SR46W,39.22331055,-86.60925865
2012,10,4,Weekday,1700,2-Car,No injury/unknown,FOLLOWING TOO CLOSELY,FRITZ & WALNUT ST,39.22312501,-86.53308995
2012,4,7,Weekend,1200,1-Car,No injury/unknown,SPEED TOO FAST FOR WEATHER CONDITIONS,N KINSER PIKE,39.222752,-86.550096
2012,5,2,Weekday,1700,2-Car,No injury/unknown,OTHER (VEHICLE) - EXPLAIN IN NARRATIVE,N KINSER PIKE,39.222752,-86.550096
2012,6,2,Weekday,1700,2-Car,No injury/unknown,UNSAFE BACKING,N KINSER PIKE,39.222752,-86.550096
2012,3,3,Weekday,1700,2-Car,Non-incapacitating,FOLLOWING TOO CLOSELY,NORTH OLD STATE ROAD 37 RD & WHISNAND,39.222544,-86.5172
2012,8,5,Weekday,1900,1-Car,No injury/unknown,IMPROPER PASSING,OLD STATE ROAD 37 & WHISNAND ROAD,39.222544,-86.5172
2012,1,6,Weekend,2300,1-Car,No injury/unknown,ROADWAY SURFACE CONDITION,NORTH SMITH PIKE & WOODYARD,39.22238412,-86.58310979
2012,8,2,Weekday,700,1-Car,No injury/unknown,SPEED TOO FAST FOR WEATHER CONDITIONS,PINEGROVE & SR446N,39.22215499,-86.42868027
2012,12,3,Weekday,1100,2-Car,No injury/unknown,FAILURE TO YIELD RIGHT OF WAY,LAKEVIEW & SR46W,39.22148334,-86.60616326
2012,4,5,Weekday,800,2-Car,No injury/unknown,OTHER (VEHICLE) - EXPLAIN IN NARRATIVE,CUSTER ST ST,39.22146559,-86.62532918
2012,8,2,Weekday,1000,1-Car,No injury/unknown,OTHER (DRIVER) - EXPLAIN IN NARRATIVE,17TH & 701 E 17TH (E ACCESS DR) ST,39.22128576,-86.53349103
2012,1,5,Weekday,1300,2-Car,Non-incapacitating,FOLLOWING TOO CLOSELY,LAKEVIEW & SR46W,39.22123484,-86.60574082
2012,1,3,Weekday,1600,2-Car,No injury/unknown,FAILURE TO YIELD RIGHT OF WAY,LAKEVIEW & SR46W,39.221152,-86.6056
2012,12,1,Weekend,1300,1-Car,No injury/unknown,SPEED TOO FAST FOR WEATHER CONDITIONS,HARBISON & HARTSTRAIGHT RD,39.220944,-86.612192
2012,8,4,Weekday,1400,2-Car,Non-incapacitating,DRIVER DISTRACTED - EXPLAIN IN NARRATIVE,EAST COX & SR45E,39.22012454,-86.44274395
2012,12,3,Weekday,1500,2-Car,No injury/unknown,UNSAFE LANE MOVEMENT,LOVE & SR46W,39.22005121,-86.6037376
2012,3,3,Weekday,2000,1-Car,No injury/unknown,ANIMAL/OBJECT IN ROADWAY,KINSER & SR37N,39.22003082,-86.55081748
2012,12,5,Weekday,2100,2-Car,No injury/unknown,ROADWAY SURFACE CONDITION,SR37N & VERNAL,39.21975992,-86.55998992
2012,8,7,Weekend,300,1-Car,No injury/unknown,RAN OFF ROAD RIGHT,BOLTINGHOUSE RD & OLD MYERS,39.21972147,-86.47278796
2012,1,6,Weekday,800,2-Car,No injury/unknown,VIEW OBSTRUCTED,SR45E,39.21936967,-86.44920774
2012,12,1,Weekend,1300,1-Car,No injury/unknown,RAN OFF ROAD RIGHT,SR45E,39.21936967,-86.44920774
2012,5,2,Weekday,500,1-Car,No injury/unknown,ANIMAL/OBJECT IN ROADWAY,KINSER & SR37N,39.21881363,-86.55163494
2012,2,3,Weekday,2000,1-Car,No injury/unknown,RAN OFF ROAD RIGHT,SR37N & SR46,39.21877162,-86.5550103
2012,11,3,Weekday,900,2-Car,No injury/unknown,FAILURE TO YIELD RIGHT OF WAY,LOVE LN & SR46W,39.21865316,-86.60146093
2012,9,3,Weekday,1700,2-Car,No injury/unknown,UNSAFE LANE MOVEMENT,N UNION VALLEY RD & W WILLOW,39.21811614,-86.59269156
2012,5,4,Weekday,1600,2-Car,No injury/unknown,FAILURE TO YIELD RIGHT OF WAY,DANIELS WAY & STATE ROAD 48,39.21770267,-86.59910984
2012,10,2,Weekday,800,2-Car,No injury/unknown,FOLLOWING TOO CLOSELY,NORTH RIDGEWOOD & SR46W,39.21727209,-86.59905517
2012,10,3,Weekday,1700,2-Car,No injury/unknown,OTHER (DRIVER) - EXPLAIN IN NARRATIVE,RATLIFF RD & STARNES,39.2168697,-86.65871992
2012,1,7,Weekend,1700,2-Car,No injury/unknown,UNSAFE BACKING,ARDSLEY DR & WHITERIVER,39.21684019,-86.58715993
2012,8,4,Weekday,800,Moped/Motorcycle,Non-incapacitating,FAILURE TO YIELD RIGHT OF WAY,BRIAR GATE & SR46W,39.21681897,-86.59710288
2012,2,7,Weekend,1600,1-Car,No injury/unknown,BRAKE FAILURE OR DEFECTIVE,RICHLAND PLAZA PLZ,39.21678185,-86.59311778
2012,7,3,Weekday,800,1-Car,No injury/unknown,BRAKE FAILURE OR DEFECTIVE,RICHLAND PLAZA DR,39.21677783,-86.59323781
2012,6,7,Weekend,1200,2-Car,No injury/unknown,UNSAFE BACKING,W RICHLAND PLAZA DR,39.21677783,-86.59323781
2012,10,3,Weekday,1500,2-Car,Non-incapacitating,FAILURE TO YIELD RIGHT OF WAY,BRIARGATE & SR46W,39.21659869,-86.59634113
2012,8,4,Weekday,900,2-Car,No injury/unknown,FAILURE TO YIELD RIGHT OF WAY,LOUDEN & RATLIFF RD,39.21656996,-86.63987003
2012,10,5,Weekday,1000,2-Car,Non-incapacitating,FAILURE TO YIELD RIGHT OF WAY,BRIAR GATE & SR46W,39.21656129,-86.59621239
2012,3,6,Weekday,1300,Pedestrian,Incapacitating,FAILURE TO YIELD RIGHT OF WAY,W RICHLAND PLAZA DR,39.21655923,-86.59484311
2012,3,7,Weekend,2200,2-Car,No injury/unknown,UNSAFE BACKING,W RICHLAND PLAZA DR,39.21653576,-86.59381046
2012,9,3,Weekday,1800,2-Car,Non-incapacitating,UNSAFE LANE MOVEMENT,NORTH KINSER & SR37,39.21631855,-86.55303465
2012,11,6,Weekday,1700,2-Car,No injury/unknown,UNSAFE LANE MOVEMENT,LYNWEST & UNION VALLEY RD,39.21605967,-86.59271009
2012,6,3,Weekday,1300,2-Car,No injury/unknown,FAILURE TO YIELD RIGHT OF WAY,SR46W & UNION VALLEY RD,39.21600797,-86.5928
2012,6,1,Weekend,600,1-Car,No injury/unknown,ANIMAL/OBJECT IN ROADWAY,SR46W & UNION VALLEY,39.21569341,-86.59442231
2012,7,4,Weekday,1600,2-Car,Non-incapacitating,OTHER (DRIVER) - EXPLAIN IN NARRATIVE,CASTILLA & SR45E,39.21566356,-86.45500481
2012,7,5,Weekday,1000,2-Car,No injury/unknown,IMPROPER TURNING,N UNION VALLEY RD,39.215568,-86.5928
2012,11,5,Weekday,2200,1-Car,No injury/unknown,OTHER (DRIVER) - EXPLAIN IN NARRATIVE,NORTH HARTSTRAIT,39.21552323,-86.61131925
2012,1,3,Weekday,1400,2-Car,No injury/unknown,FAILURE TO YIELD RIGHT OF WAY,BAYLES & BUSINESS 37 N HWY,39.21548398,-86.53703475
2012,5,6,Weekend,1900,2-Car,No injury/unknown,UNSAFE LANE MOVEMENT,N STONE MILL & SR37N,39.21548398,-86.53703475
2012,9,5,Weekday,2200,2-Car,Non-incapacitating,FOLLOWING TOO CLOSELY,SR46W & UNION VALLEY,39.21546406,-86.59297228
2012,1,2,Weekday,1300,2-Car,Non-incapacitating,FAILURE TO YIELD RIGHT OF WAY,0LD 37 NORTH RD & BETHEL LANE,39.2154225,-86.52155578
2012,5,5,Weekday,1100,2-Car,No injury/unknown,FOLLOWING TOO CLOSELY,SR46 & UNION VALLEY RD,39.21535861,-86.59301239
2012,1,7,Weekend,1000,2-Car,No injury/unknown,FAILURE TO YIELD RIGHT OF WAY,BETHEL & OLD STATE ROAD 37 RD,39.215344,-86.521392
2012,4,2,Weekday,1200,Moped/Motorcycle,Non-incapacitating,FAILURE TO YIELD RIGHT OF WAY,E BETHEL LN & N OLD SR 37,39.215344,-86.521392
2012,9,3,Weekday,1600,2-Car,Non-incapacitating,DRIVER DISTRACTED - EXPLAIN IN NARRATIVE,BETHEL LN & NORTH OLD STATE ROAD 37,39.215344,-86.521392
2012,8,5,Weekday,1500,1-Car,No injury/unknown,ANIMAL/OBJECT IN ROADWAY,BETHEL & OLD STATE ROAD 37 N RD,39.215344,-86.521392
2012,4,3,Weekday,1400,Moped/Motorcycle,No injury/unknown,IMPROPER PASSING,BETHEL LN & OLD STATE ROAD 37,39.21531276,-86.51786157
2012,1,7,Weekend,1600,2-Car,No injury/unknown,OTHER (ENVIRONMENTAL) - EXPLAIN IN NARR,CENTENNIAL DR & SR 46,39.21525367,-86.58269003
2012,3,4,Weekday,1600,2-Car,No injury/unknown,FOLLOWING TOO CLOSELY,RATLIFF & THOMAS RD,39.21519849,-86.63041197
2012,2,2,Weekday,2200,2-Car,No injury/unknown,FOLLOWING TOO CLOSELY,N UNION VALLEY & SR46W,39.215152,-86.5928
2012,5,5,Weekday,1700,2-Car,Non-incapacitating,FAILURE TO YIELD RIGHT OF WAY,SR46W & UNION VALLEY,39.215152,-86.5928
2012,5,6,Weekday,1200,2-Car,No injury/unknown,DRIVER DISTRACTED - EXPLAIN IN NARRATIVE,SR46W & UNION VALLEY,39.215152,-86.5928