Year,Month,Day,Weekend?,Hour,Collision Type,Injury Type,Primary Factor,Reported_Location,Latitude,Longitude
2012,9,4,Weekday,1000,2-Car,Incapacitating,FAILURE TO YIELD RIGHT OF WAY,SR46 & UNION VALLEY,39.215152,-86.5928
2012,10,7,Weekend,1800,2-Car,No injury/unknown,OTHER (DRIVER) - EXPLAIN IN NARRATIVE,SR46W & UNION VALLEY,39.215152,-86.5928
2012,10,4,Weekday,1100,2-Car,No injury/unknown,DISREGARD SIGNAL/REG SIGN,SR46 & UNION VALLEY RD,39.215152,-86.5928
2012,4,3,Weekday,600,1-Car,No injury/unknown,ANIMAL/OBJECT IN ROADWAY,SR46W & UNION VALLEY,39.21496137,-86.59254583
2012,1,1,Weekday,1900,1-Car,No injury/unknown,ANIMAL/OBJECT IN ROADWAY,BETHEL LN & INNISBROOKE,39.21490029,-86.46903181
2012,11,7,Weekend,1200,1-Car,No injury/unknown,RAN OFF ROAD RIGHT,BETHEL LN & STIDD,39.214752,-86.477504
2012,9,3,Weekday,1800,2-Car,Non-incapacitating,OTHER (DRIVER) - EXPLAIN IN NARRATIVE,BETHEL LN & BOLTINGHOUSE,39.214752,-86.472896
2012,9,1,Weekend,1500,2-Car,No injury/unknown,UNSAFE LANE MOVEMENT,BETHEL & BOLTING HOUSE RD,39.214752,-86.472896
2012,1,4,Weekday,0,1-Car,No injury/unknown,RAN OFF ROAD RIGHT,ROBS LN,39.214752,-86.468
2012,8,2,Weekday,1600,1-Car,Non-incapacitating,RAN OFF ROAD RIGHT,BRUMMETTS CREEK RD & MCCOY,39.21457976,-86.39936976
2012,9,5,Weekday,1500,1-Car,No injury/unknown,OTHER (VEHICLE) - EXPLAIN IN NARRATIVE,E THORNTON DR,39.214448,-86.570832
2012,10,3,Weekday,1400,1-Car,No injury/unknown,SPEED TOO FAST FOR WEATHER CONDITIONS,BETHEL LN & HINKLE,39.21426961,-86.50841283
2012,5,3,Weekday,1700,2-Car,No injury/unknown,FOLLOWING TOO CLOSELY,2ND & S COLLEGE AVE,39.21424802,-86.53492994
2012,5,6,Weekday,1000,2-Car,Non-incapacitating,FAILURE TO YIELD RIGHT OF WAY,SR46W & UNION VALLEY,39.21421656,-86.59150766
2012,3,4,Weekday,1300,2-Car,Non-incapacitating,FOLLOWING TOO CLOSELY,N UNION VALLEY & SR46W,39.21421656,-86.59150766
2012,2,6,Weekend,2200,1-Car,No injury/unknown,ROADWAY SURFACE CONDITION,3500 BLK BETHEL LN & BAUGH,39.21364312,-86.48537661
2012,6,3,Weekday,1600,1-Car,No injury/unknown,UNSAFE SPEED,4850 N OLD STATE ROAD 37 HWY & PRAIRRIE,39.21323678,-86.51722983
2012,11,6,Weekday,1400,2-Car,Non-incapacitating,FAILURE TO YIELD RIGHT OF WAY,BAUGH & BETHEL LN,39.21303011,-86.48676352
2012,10,6,Weekday,1700,1-Car,Non-incapacitating,RAN OFF ROAD RIGHT,BAUGH & BETHEL LN,39.21291182,-86.48866078
2012,5,7,Weekend,2200,1-Car,No injury/unknown,RAN OFF ROAD RIGHT,BAUGH & BETHEL LN,39.21269745,-86.49235815
2012,6,4,Weekday,2000,1-Car,No injury/unknown,ANIMAL/OBJECT IN ROADWAY,BETHEL & SR45,39.21267017,-86.46002932
2012,5,1,Weekend,1400,2-Car,No injury/unknown,FOLLOWING TOO CLOSELY,N SMITH PIKE & NORWAY,39.21246468,-86.58311985
2012,11,6,Weekday,1600,1-Car,No injury/unknown,UNSAFE BACKING,YELLOW WOOD LAKE RD,39.2121879,-86.34468689
2012,4,6,Weekday,1500,2-Car,No injury/unknown,FAILURE TO YIELD RIGHT OF WAY,DEER PARK & SR46W,39.212048,-86.5872
2012,6,3,Weekday,700,2-Car,No injury/unknown,UNSAFE LANE MOVEMENT,DEER PARK & SR46W,39.212048,-86.5872
2012,8,2,Weekday,900,2-Car,No injury/unknown,OTHER (DRIVER) - EXPLAIN IN NARRATIVE,DEER PARK & SR46W,39.212048,-86.5872
2012,12,6,Weekday,700,2-Car,No injury/unknown,ROADWAY SURFACE CONDITION,FOREST PARK DR & SR46,39.212048,-86.5872
2012,4,2,Weekday,1600,1-Car,No injury/unknown,ANIMAL/OBJECT IN ROADWAY,BOTTOM & SR37,39.21159419,-86.54191978
2012,7,1,Weekend,300,1-Car,No injury/unknown,RAN OFF ROAD RIGHT,E WOODRIDGE DR,39.21148212,-86.52871184
2012,4,7,Weekend,1000,1-Car,No injury/unknown,SPEED TOO FAST FOR WEATHER CONDITIONS,N KINSER PIKE & W CLUB HOUSE,39.21140425,-86.54285989
2012,4,2,Weekday,900,2-Car,No injury/unknown,DRIVER DISTRACTED - EXPLAIN IN NARRATIVE,ARLINGTON & SR46E,39.21065013,-86.58406589
2012,3,5,Weekday,700,2-Car,No injury/unknown,UNSAFE LANE MOVEMENT,SMITH & SR46W,39.21030898,-86.58348225
2012,6,3,Weekday,1700,2-Car,No injury/unknown,FAILURE TO YIELD RIGHT OF WAY,GRAMERCY & HINKLE RD,39.21030676,-86.50541446
2012,1,5,Weekday,1200,2-Car,No injury/unknown,FAILURE TO YIELD RIGHT OF WAY,SMITH PIKE & SR46,39.210144,-86.5832
2012,2,3,Weekday,1200,2-Car,Non-incapacitating,UNSAFE SPEED,SMITH & SR46W,39.210144,-86.5832
2012,3,6,Weekday,1400,2-Car,No injury/unknown,FOLLOWING TOO CLOSELY,SMITH & SR46W,39.210144,-86.5832
2012,9,2,Weekday,2100,1-Car,No injury/unknown,OVERCORRECTING/OVERSTEERING,SMITH & SR46W,39.210144,-86.5832
2012,5,1,Weekend,1200,2-Car,No injury/unknown,LEFT OF CENTER,BETHEL & SR45E,39.209952,-86.463392
2012,6,1,Weekend,500,1-Car,Non-incapacitating,RAN OFF ROAD RIGHT,BETHEL & SR45E,39.209952,-86.463392
2012,11,3,Weekday,1400,3+ Cars,No injury/unknown,DRIVER DISTRACTED - EXPLAIN IN NARRATIVE,SMITH & SR46,39.20991579,-86.58276778
2012,7,6,Weekday,1600,1-Car,No injury/unknown,RAN OFF ROAD RIGHT,W PYRAMID CT,39.20987885,-86.57939557
2012,8,6,Weekday,0,2-Car,No injury/unknown,OTHER (DRIVER) - EXPLAIN IN NARRATIVE,SMITH PIKE & SR46,39.20986935,-86.5832
2012,8,5,Weekday,1400,2-Car,No injury/unknown,DRIVER DISTRACTED - EXPLAIN IN NARRATIVE,ARLINGTON & SR46W,39.209808,-86.582672
2012,1,4,Weekday,1600,2-Car,No injury/unknown,UNSAFE LANE MOVEMENT,ARLINGTON & SR46W,39.20971899,-86.58253758
2012,6,7,Weekend,1600,2-Car,No injury/unknown,UNSAFE BACKING,BEXLEY DR & ROXFORD,39.20922514,-86.55808351
2012,1,7,Weekend,1900,1-Car,No injury/unknown,ANIMAL/OBJECT IN ROADWAY,ACUFF RD & SR37S,39.20878235,-86.55459194
2012,4,1,Weekday,2100,3+ Cars,Non-incapacitating,OTHER (DRIVER) - EXPLAIN IN NARRATIVE,ST ROAD BUISNESS 37 HWY & WISHNAND,39.20877419,-86.53976999
2012,2,4,Weekday,2300,1-Car,No injury/unknown,OVERCORRECTING/OVERSTEERING,HARTSTRAIGHT ROAD RD & WOODYARD ROAD,39.208544,-86.611504
2012,6,3,Weekday,900,2-Car,No injury/unknown,UNSAFE BACKING,OLD SR 37,39.208432,-86.52578188
2012,8,5,Weekday,1300,2-Car,Non-incapacitating,FAILURE TO YIELD RIGHT OF WAY,ACUFF RD & PROW,39.20835033,-86.55211016
2012,2,2,Weekday,1600,3+ Cars,Non-incapacitating,FAILURE TO YIELD RIGHT OF WAY,ACUFF & SR37N,39.20824,-86.554704
2012,2,4,Weekday,1800,2-Car,No injury/unknown,FAILURE TO YIELD RIGHT OF WAY,ACUFF & SR37N,39.20824,-86.554704
2012,4,2,Weekday,1600,2-Car,Non-incapacitating,FAILURE TO YIELD RIGHT OF WAY,ACUFF & SR37N,39.20824,-86.554704
2012,9,5,Weekday,1300,2-Car,Non-incapacitating,FAILURE TO YIELD RIGHT OF WAY,ACUFF & SR37S,39.20824,-86.554704
2012,1,2,Weekday,1700,1-Car,No injury/unknown,ROADWAY SURFACE CONDITION,ACUFF ROAD RD & PROW RD,39.20824,-86.552192
2012,12,6,Weekday,1500,1-Car,No injury/unknown,ROADWAY SURFACE CONDITION,FOREST PARK & SMITH PIKE,39.20822363,-86.58315447
2012,5,3,Weekday,1800,3+ Cars,No injury/unknown,ROADWAY SURFACE CONDITION,FORREST PARK & SMITH PIKE,39.20822024,-86.58315002
2012,12,6,Weekday,1100,2-Car,Non-incapacitating,SPEED TOO FAST FOR WEATHER CONDITIONS,SMITH PIKE & W FORREST PARK,39.20822024,-86.58315002
2012,12,4,Weekday,800,2-Car,No injury/unknown,OTHER (DRIVER) - EXPLAIN IN NARRATIVE,SMITH & WEST FOREST DR,39.20822024,-86.58315002
2012,9,3,Weekday,1000,2-Car,Non-incapacitating,OTHER (DRIVER) - EXPLAIN IN NARRATIVE,SR46W,39.20817926,-86.57903341
2012,1,6,Weekend,2100,1-Car,Non-incapacitating,UNSAFE SPEED,DUNN & OLD STATE ROAD 37 RD,39.208048,-86.528704
2012,10,2,Weekday,1600,2-Car,Non-incapacitating,SPEED TOO FAST FOR WEATHER CONDITIONS,DUNN & N OLD STATE ROAD 37 RD,39.208048,-86.528704
2012,10,1,Weekend,800,1-Car,No injury/unknown,OTHER (DRIVER) - EXPLAIN IN NARRATIVE,N DUNN & N OLD SR 37 RD,39.208048,-86.528704
2012,10,4,Weekday,1700,1-Car,No injury/unknown,SPEED TOO FAST FOR WEATHER CONDITIONS,DUNN & OLD STATE ROAD 37 RD,39.208048,-86.528704
2012,10,6,Weekday,1800,3+ Cars,Non-incapacitating,OVERCORRECTING/OVERSTEERING,DUNN & OLD SR 37 RD,39.208048,-86.528704
2012,11,7,Weekend,1100,1-Car,No injury/unknown,RAN OFF ROAD RIGHT,DUNN & OLD STATE ROAD 37 N RD,39.208048,-86.528704
2012,10,2,Weekday,1700,2-Car,Non-incapacitating,LEFT OF CENTER,NORTH DUNN & OLD 37 RD,39.20801975,-86.52880649
2012,10,3,Weekday,1400,1-Car,No injury/unknown,OVERCORRECTING/OVERSTEERING,N DUNN & N OLD ST RD 37 RD,39.20801975,-86.52880649
2012,10,4,Weekday,1700,1-Car,No injury/unknown,ROADWAY SURFACE CONDITION,DUNN & OLD STATE 37 RD,39.20801975,-86.52869832
2012,10,4,Weekday,1700,1-Car,No injury/unknown,ROADWAY SURFACE CONDITION,DUNN & OLD STATE 37 RD,39.20801975,-86.528694
2012,5,4,Weekday,1300,2-Car,No injury/unknown,UNSAFE BACKING,ARLINGTON RD,39.20791849,-86.5790563
2012,10,4,Weekday,1300,2-Car,No injury/unknown,UNSAFE LANE MOVEMENT,SR46W,39.20790453,-86.57552608
2012,10,4,Weekday,1600,2-Car,No injury/unknown,FAILURE TO YIELD RIGHT OF WAY,SR46 & SR46W,39.20790453,-86.57552608
2012,7,2,Weekday,1300,2-Car,No injury/unknown,ACCELERATOR FAILURE OR DEFECTIVE,OLD STATE ROAD 37 RD,39.20790173,-86.52855768
2012,9,2,Weekday,1500,1-Car,No injury/unknown,SPEED TOO FAST FOR WEATHER CONDITIONS,N DUNN & SR37N,39.20781837,-86.52630956
2012,1,1,Weekday,1900,1-Car,Non-incapacitating,ANIMAL/OBJECT IN ROADWAY,ACUFF & SR37N,39.2076907,-86.55470004
2012,1,7,Weekend,1200,2-Car,No injury/unknown,FAILURE TO YIELD RIGHT OF WAY,SR46 & SR46W,39.207648,-86.573792
2012,1,2,Weekday,1400,2-Car,No injury/unknown,DRIVER DISTRACTED - EXPLAIN IN NARRATIVE,SR46 & SR46W,39.207648,-86.573792
2012,2,7,Weekend,1100,2-Car,No injury/unknown,FAILURE TO YIELD RIGHT OF WAY,SR46 & SR46W,39.207648,-86.573792
2012,5,5,Weekday,1600,2-Car,No injury/unknown,FAILURE TO YIELD RIGHT OF WAY,SR46 & SR46W,39.207648,-86.573792
2012,4,1,Weekend,1600,2-Car,No injury/unknown,DRIVER DISTRACTED - EXPLAIN IN NARRATIVE,SR46 & SR46W,39.207648,-86.573792
2012,11,4,Weekday,1500,2-Car,No injury/unknown,FAILURE TO YIELD RIGHT OF WAY,SR46 & SR46W,39.207648,-86.573792
2012,11,3,Weekday,1800,2-Car,No injury/unknown,FOLLOWING TOO CLOSELY,SR46 & SR46W,39.207648,-86.573792
2012,10,5,Weekday,1700,2-Car,No injury/unknown,UNSAFE LANE MOVEMENT,ARLINGTON & SR46W,39.20763016,-86.57987541
2012,12,3,Weekday,1700,3+ Cars,Non-incapacitating,UNSAFE SPEED,SR46 & W ARLINGTON,39.20756748,-86.57986869
2012,5,6,Weekend,2300,2-Car,No injury/unknown,FAILURE TO YIELD RIGHT OF WAY,1900 BLOCK S WALNUT ST & NORTH,39.20752056,-86.53181268
2012,7,6,Weekday,700,2-Car,No injury/unknown,INSECURE/LEAKY LOAD,SR46 & SR46W,39.20733466,-86.57321208
2012,11,1,Weekday,1900,1-Car,No injury/unknown,ANIMAL/OBJECT IN ROADWAY,ACUFF & SR37S,39.2071414,-86.55469607
2012,11,5,Weekday,800,2-Car,No injury/unknown,ANIMAL/OBJECT IN ROADWAY,ACUFF & SR37N,39.2071414,-86.55469607
2012,2,6,Weekday,1700,2-Car,No injury/unknown,DISREGARD SIGNAL/REG SIGN,OLD SR 37 & SR 37  BUISNESS RD,39.20712993,-86.53484009
2012,8,7,Weekend,1200,2-Car,No injury/unknown,FAILURE TO YIELD RIGHT OF WAY,NORTH WALNUT ST & OLD SR 37,39.20704,-86.534704
2012,9,6,Weekday,1600,2-Car,No injury/unknown,FOLLOWING TOO CLOSELY,NORTH OLD STATE ROAD 37 & NORTH WALNUT ST,39.20704,-86.534704
2012,10,2,Weekday,2200,2-Car,No injury/unknown,FOLLOWING TOO CLOSELY,OLD STATE ROAD 37 & WALNUT ST,39.20704,-86.534704
2012,10,5,Weekday,1400,2-Car,Non-incapacitating,FOLLOWING TOO CLOSELY,OLD STATE RD 37 & WALNUT ST,39.20704,-86.534704
2012,10,3,Weekday,1900,1-Car,No injury/unknown,ANIMAL/OBJECT IN ROADWAY,N WALNUT ST & OLD STATE RD 37,39.20704,-86.534704
2012,5,7,Weekend,1700,2-Car,No injury/unknown,FOLLOWING TOO CLOSELY,N SMITH PIKE & W COFFEY,39.20703259,-86.58314623
2012,5,6,Weekend,2000,3+ Cars,No injury/unknown,UNSAFE LANE MOVEMENT,INDIANA AVE & THIRD,39.20661732,-86.52691014
2012,6,5,Weekday,1500,2-Car,No injury/unknown,OTHER (DRIVER) - EXPLAIN IN NARRATIVE,WEST STATE STATE ROAD 46 RD,39.20659952,-86.57143749
2012,9,3,Weekday,1700,2-Car,No injury/unknown,IMPROPER TURNING,ACUFF & N MAPLE GROVE RD,39.206352,-86.557696
2012,11,1,Weekend,100,1-Car,Non-incapacitating,ANIMAL/OBJECT IN ROADWAY,ACUFF & N MAPLE GROVE RD,39.206352,-86.557696
2012,4,3,Weekday,2100,2-Car,No injury/unknown,IMPROPER TURNING,S STATE RD 46,39.206312,-86.571312
2012,9,7,Weekend,300,1-Car,No injury/unknown,RAN OFF ROAD RIGHT,SR46E,39.206312,-86.571312
2012,1,3,Weekday,900,1-Car,No injury/unknown,OTHER (DRIVER) - EXPLAIN IN NARRATIVE,N DUNN ST,39.206144,-86.528592
2012,2,5,Weekday,2300,2-Car,No injury/unknown,UNSAFE BACKING,N DUNN ST,39.206144,-86.528592
2012,8,1,Weekend,300,2-Car,No injury/unknown,OTHER (DRIVER) - EXPLAIN IN NARRATIVE,N DUNN ST,39.206144,-86.528592
2012,3,2,Weekday,1100,3+ Cars,No injury/unknown,FOLLOWING TOO CLOSELY,SMITH PIKE & W CARMOLA,39.204448,-86.583168
2012,10,1,Weekend,0,2-Car,No injury/unknown,RAN OFF ROAD RIGHT,N HINKLE RD,39.20409393,-86.50946044
2012,7,2,Weekday,1600,2-Car,No injury/unknown,FAILURE TO YIELD RIGHT OF WAY,LAW & UNION ST,39.20406993,-86.50966018
2012,8,3,Weekday,0,1-Car,No injury/unknown,UNSAFE BACKING,10TH & JORDAN AVE,39.20331897,-86.51566028
2012,4,6,Weekday,1500,2-Car,No injury/unknown,FAILURE TO YIELD RIGHT OF WAY,N KINSER PIKE,39.20304,-86.547392
2012,12,4,Weekday,1400,2-Car,No injury/unknown,IMPROPER TURNING,N KINSER PIKE,39.20304,-86.547392
2012,8,4,Weekday,400,1-Car,No injury/unknown,ANIMAL/OBJECT IN ROADWAY,CONNAUGHT & SR37N,39.20226578,-86.53384029
2012,8,3,Weekday,800,2-Car,No injury/unknown,LEFT OF CENTER,ARLINGTON RD & STONEY BROOK,39.20197331,-86.56168275
2012,6,6,Weekday,1000,2-Car,No injury/unknown,LEFT OF CENTER,WEST WALCOTT & WEST WOODYARD RD,39.201488,-86.601968
2012,3,7,Weekend,1600,2-Car,No injury/unknown,LEFT OF CENTER,HARTSTRAIT & WALCOTT LN,39.20132026,-86.61130987
2012,1,2,Weekday,1500,2-Car,No injury/unknown,SPEED TOO FAST FOR WEATHER CONDITIONS,KINSER PIKE,39.20113318,-86.54733046
2012,1,7,Weekend,1200,1-Car,Non-incapacitating,DRIVER DISTRACTED - EXPLAIN IN NARRATIVE,KINSER PIKE,39.20113318,-86.54733046
2012,2,1,Weekend,300,1-Car,No injury/unknown,CELL PHONE USAGE,CLUBHOUSE & NORTH KINSER PIKE,39.20082003,-86.54285989
2012,9,2,Weekday,1500,2-Car,No injury/unknown,LEFT OF CENTER,CLUB HOUSE & KINSER PIKE,39.20082003,-86.54285989
2012,12,2,Weekday,1000,2-Car,No injury/unknown,LEFT OF CENTER,N KINSER PIKE & W CLUB HOUSE,39.20082003,-86.54285989
2012,10,4,Weekday,600,Moped/Motorcycle,Non-incapacitating,ANIMAL/OBJECT IN ROADWAY,BROOKFIELD & STONEYBROOK BLVD,39.20064032,-86.56239978
2012,11,2,Weekday,2300,1-Car,Non-incapacitating,ANIMAL/OBJECT IN ROADWAY,HEADLY RD & HINKLE,39.20053715,-86.51415019
2012,5,1,Weekend,1100,1-Car,No injury/unknown,RAN OFF ROAD RIGHT,RUSSELL & SR45E,39.200352,-86.468
2012,10,2,Weekday,1300,1-Car,Non-incapacitating,RAN OFF ROAD RIGHT,MAPLE GROVE & W ARLINGTON RD,39.20006819,-86.55987856
2012,1,4,Weekday,1800,2-Car,No injury/unknown,IMPROPER PASSING,ARLINGTON RD & N MAPLE GROVE,39.19977752,-86.55974501
2012,4,4,Weekday,0,1-Car,No injury/unknown,ANIMAL/OBJECT IN ROADWAY,N RUSSELL & SR45E,39.19952847,-86.46796576
2012,5,1,Weekend,900,1-Car,No injury/unknown,RAN OFF ROAD RIGHT,DUNN ST & KENWOOD,39.19907687,-86.52865221
2012,12,1,Weekend,1300,1-Car,No injury/unknown,RAN OFF ROAD RIGHT,N SMITH PIKE & W NELSON,39.199072,-86.583152
2012,7,7,Weekend,1500,1-Car,No injury/unknown,IMPROPER TURNING,WALNUT ST,39.19905782,-86.53515256
2012,10,5,Weekday,1300,2-Car,No injury/unknown,UNSAFE LANE MOVEMENT,ACUFF & SR37S,39.19863467,-86.5543644
2012,9,5,Weekday,1000,2-Car,No injury/unknown,IMPROPER LANE USAGE,OLD STATE ROAD 37 & SR37S,39.19851068,-86.54416009
2012,10,2,Weekday,400,1-Car,No injury/unknown,ANIMAL/OBJECT IN ROADWAY,E WYLIE & SR37N,39.19846062,-86.52923025
2012,6,7,Weekend,1500,Moped/Motorcycle,No injury/unknown,FAILURE TO YIELD RIGHT OF WAY,OLD STATE 37 NORTH RD & WYLIE,39.19837089,-86.50107979
2012,4,6,Weekend,1900,1-Car,No injury/unknown,ROADWAY SURFACE CONDITION,2600 N OLD STATE RD 37 RD & CLUB HOUSE,39.19824,-86.5368
2012,9,6,Weekday,800,2-Car,No injury/unknown,,KINGSLEY DR & WINDING,39.1979903,-86.54326021
2012,5,1,Weekend,1800,2-Car,No injury/unknown,FAILURE TO YIELD RIGHT OF WAY,ARLINGTON RD & STOUTS CREEK,39.19789977,-86.55834356
2012,10,7,Weekend,2200,2-Car,No injury/unknown,UNSAFE BACKING,WALNUT ST,39.19787832,-86.53483405
2012,1,2,Weekday,1600,Pedestrian,Non-incapacitating,PEDESTRIAN ACTION,SR37S & VERNAL,39.1976155,-86.56233005
2012,10,5,Weekday,2300,1-Car,No injury/unknown,ANIMAL/OBJECT IN ROADWAY,SR37N & SR46,39.19689046,-86.55462122
2012,4,6,Weekday,1700,2-Car,No injury/unknown,FOLLOWING TOO CLOSELY,E BLUE RIDGE & N WALNUT ST,39.196848,-86.5344
2012,4,6,Weekday,1500,3+ Cars,Incapacitating,FOLLOWING TOO CLOSELY,BLUE RIDGE & N WALNUT ST,39.196848,-86.5344
2012,6,4,Weekday,1200,2-Car,Non-incapacitating,FOLLOWING TOO CLOSELY,BLUE RIDGE & WALNUT ST,39.196848,-86.5344
2012,10,6,Weekend,1900,2-Car,No injury/unknown,FOLLOWING TOO CLOSELY,E BLUE RIDGE & N WALNUT ST,39.196848,-86.5344
2012,11,5,Weekday,1900,1-Car,No injury/unknown,ANIMAL/OBJECT IN ROADWAY,SR37N & SR46,39.19634117,-86.55461537
2012,2,1,Weekend,1800,2-Car,No injury/unknown,FOLLOWING TOO CLOSELY,BLUE RIDGE & WALNUT ST,39.19632137,-86.53419924
2012,7,7,Weekend,1500,Moped/Motorcycle,Incapacitating,FOLLOWING TOO CLOSELY,EAST UNIVERSITY & SR46E,39.19567151,-86.50326982
2012,1,7,Weekend,1000,1-Car,No injury/unknown,SPEED TOO FAST FOR WEATHER CONDITIONS,KINSER PIKE & WINDING,39.19545868,-86.54135484
2012,10,7,Weekend,0,2-Car,No injury/unknown,UNSAFE SPEED,STONEGATE & STONEGATE CT,39.194944,-86.543392
2012,12,5,Weekday,1700,1-Car,No injury/unknown,DRIVER DISTRACTED - EXPLAIN IN NARRATIVE,MEADOW LN,39.19480133,-86.54415893
2012,3,4,Weekday,1200,1-Car,No injury/unknown,OTHER (VEHICLE) - EXPLAIN IN NARRATIVE,FOSTER EAST LOT DR & LAW,39.19475503,-86.51665828
2012,11,6,Weekend,2200,2-Car,No injury/unknown,OTHER (DRIVER) - EXPLAIN IN NARRATIVE,ARLINGTON & SR37,39.19455597,-86.55459638
2012,11,1,Weekend,1800,1-Car,No injury/unknown,ANIMAL/OBJECT IN ROADWAY,ARLINGTON & SR37N,39.19425386,-86.55459317
2012,1,4,Weekday,1300,2-Car,No injury/unknown,DISREGARD SIGNAL/REG SIGN,SR37S & SR46W,39.194144,-86.554592
2012,1,6,Weekend,2000,1-Car,No injury/unknown,RAN OFF ROAD RIGHT,SR37N & SR4546,39.194144,-86.554592
2012,6,1,Weekend,1300,2-Car,Non-incapacitating,FOLLOWING TOO CLOSELY,37 & SR46W,39.194144,-86.554592
2012,10,4,Weekday,800,1-Car,No injury/unknown,ANIMAL/OBJECT IN ROADWAY,SR37N & SR46W,39.194144,-86.554592
2012,5,4,Weekday,900,2-Car,No injury/unknown,UNSAFE BACKING,N WALNUT ST,39.193952,-86.533296
2012,6,1,Weekend,1600,2-Car,No injury/unknown,UNSAFE BACKING,N WALNUT ST,39.193952,-86.533296
2012,5,1,Weekend,700,1-Car,No injury/unknown,ANIMAL/OBJECT IN ROADWAY,NORTH LOESCH & WEST WOODYARD RD,39.193872,-86.590784
2012,6,6,Weekday,400,1-Car,No injury/unknown,RAN OFF ROAD RIGHT,4611 W WOODYARD RD & N LOESCH,39.193872,-86.590784
2012,11,3,Weekday,2000,3+ Cars,Non-incapacitating,FOLLOWING TOO CLOSELY,45 & CURRY PIKE,39.19368213,-86.57132149
2012,6,7,Weekend,1500,2-Car,No injury/unknown,DRIVER DISTRACTED - EXPLAIN IN NARRATIVE,N CURRY & SR46W,39.19366929,-86.57140975
2012,5,4,Weekday,800,2-Car,No injury/unknown,LEFT OF CENTER,GETTYS CREEK & MT GILEAD RD,39.19344,-86.436288
2012,12,2,Weekday,2300,1-Car,No injury/unknown,RAN OFF ROAD RIGHT,GETTYS CREEK & MT GILEAD RD,39.19344,-86.436288
2012,11,4,Weekday,1000,1-Car,No injury/unknown,TIRE FAILURE OR DEFECTIVE,RUSSEL RD & TIMBERCREST,39.193408,-86.48584
2012,1,6,Weekend,2100,1-Car,No injury/unknown,ROADWAY SURFACE CONDITION,LOESCH RD & WOODYARD,39.19320661,-86.59140854
2012,5,6,Weekday,1700,2-Car,Non-incapacitating,DRIVER DISTRACTED - EXPLAIN IN NARRATIVE,ARLINGTON VALLY & MONROE ST,39.19317533,-86.54671898
2012,2,2,Weekday,1600,Pedestrian,No injury/unknown,IMPROPER LANE USAGE,2ND & COLLEGE AVE,39.19310087,-86.53492994
2012,6,5,Weekday,2100,Moped/Motorcycle,Non-incapacitating,OTHER (DRIVER) - EXPLAIN IN NARRATIVE,ARLINGTON & PROW RD,39.19275908,-86.55251058
2012,1,7,Weekend,800,1-Car,No injury/unknown,ROADWAY SURFACE CONDITION,ARLINGTON RD & PROW,39.19238985,-86.55262259
2012,5,4,Weekday,800,Bus,No injury/unknown,FOLLOWING TOO CLOSELY,N PROW RD & W ARLINGTON,39.192352,-86.552592
2012,8,3,Weekday,1200,2-Car,No injury/unknown,LEFT OF CENTER,3505 PROW RD & ARLINGTON,39.192352,-86.552592
2012,10,6,Weekend,2000,2-Car,No injury/unknown,FAILURE TO YIELD RIGHT OF WAY,SR46E & WALNUT ST,39.19171718,-86.53296591
2012,1,7,Weekend,1000,2-Car,No injury/unknown,FAILURE TO YIELD RIGHT OF WAY,2600 BLK N WALNUT ST & FRITZ,39.191248,-86.532896
2012,2,4,Weekday,2000,2-Car,No injury/unknown,FAILURE TO YIELD RIGHT OF WAY,FRITZ & N WALNUT ST,39.191248,-86.532896
2012,2,2,Weekday,800,2-Car,No injury/unknown,FAILURE TO YIELD RIGHT OF WAY,FRITZ & N WALNUT ST,39.191248,-86.532896
2012,3,4,Weekday,1500,3+ Cars,Non-incapacitating,FAILURE TO YIELD RIGHT OF WAY,FRITZ & NORTH WALNUT ST,39.191248,-86.532896
2012,8,1,Weekend,1800,2-Car,Non-incapacitating,FAILURE TO YIELD RIGHT OF WAY,FRITZ & N WALNUT ST,39.191248,-86.532896
2012,10,4,Weekday,2100,2-Car,No injury/unknown,FAILURE TO YIELD RIGHT OF WAY,FRITZ & N WALNUT ST,39.191248,-86.532896
2012,5,2,Weekday,1300,2-Car,No injury/unknown,FAILURE TO YIELD RIGHT OF WAY,DUNN ST & THIRD,39.19088595,-86.52821972
2012,1,3,Weekday,1800,2-Car,Non-incapacitating,FAILURE TO YIELD RIGHT OF WAY,CURRY PIKE & WOODYARD,39.190672,-86.582992
2012,5,5,Weekday,1400,2-Car,No injury/unknown,FAILURE TO YIELD RIGHT OF WAY,CURRY PIKE & WOODYARD,39.190672,-86.582992
2012,4,2,Weekday,1800,2-Car,No injury/unknown,FAILURE TO YIELD RIGHT OF WAY,CURRY PIKE & WOODYARD,39.190672,-86.582992
2012,4,7,Weekend,1500,2-Car,No injury/unknown,OTHER (DRIVER) - EXPLAIN IN NARRATIVE,CURRY PIKE & WOODYARD,39.190672,-86.582992
2012,5,4,Weekday,700,2-Car,Non-incapacitating,FAILURE TO YIELD RIGHT OF WAY,CURRY & WOODYARD RD,39.190672,-86.582992
2012,6,2,Weekday,1400,2-Car,No injury/unknown,FAILURE TO YIELD RIGHT OF WAY,CURRY PIKE & WOODYARD,39.190672,-86.582992