Year,Month,Day,Weekend?,Hour,Collision Type,Injury Type,Primary Factor,Reported_Location,Latitude,Longitude
2012,5,2,Weekday,1300,1-Car,No injury/unknown,ANIMAL/OBJECT IN ROADWAY,17TH & SR46N,39.18067854,-86.50825461
2012,12,2,Weekday,200,2-Car,No injury/unknown,UNSAFE BACKING,N JORDAN AVE,39.18057069,-86.5109644
2012,4,2,Weekday,2200,Pedestrian,Non-incapacitating,FAILURE TO YIELD RIGHT OF WAY,FEE LANE LN,39.1805298,-86.51896409
2012,4,5,Weekday,1000,2-Car,No injury/unknown,OTHER (DRIVER) - EXPLAIN IN NARRATIVE,NORTH FEE LN,39.1804111,-86.51904389
2012,1,3,Weekday,2100,2-Car,No injury/unknown,FAILURE TO YIELD RIGHT OF WAY,18TH ST & GRANT,39.180352,-86.529792
2012,1,5,Weekday,1400,2-Car,No injury/unknown,FAILURE TO YIELD RIGHT OF WAY,N DUNN ST,39.180352,-86.5284
2012,1,4,Weekday,1500,2-Car,No injury/unknown,UNSAFE LANE MOVEMENT,N DUNN ST,39.180352,-86.5284
2012,4,7,Weekend,1300,2-Car,No injury/unknown,SPEED TOO FAST FOR WEATHER CONDITIONS,18TH & DUNN ST,39.180352,-86.5284
2012,11,6,Weekday,1100,2-Car,No injury/unknown,FOLLOWING TOO CLOSELY,18TH & DUNN ST,39.180352,-86.5284
2012,8,7,Weekend,1900,2-Car,Non-incapacitating,CELL PHONE USAGE,11 & NORTH COLLEGE AVE,39.180325,-86.534688
2012,6,1,Weekday,2200,2-Car,No injury/unknown,OTHER (DRIVER) - EXPLAIN IN NARRATIVE,WEST MARBLE LN,39.18032125,-86.54068194
2012,5,4,Weekday,1400,Pedestrian,Non-incapacitating,OTHER (VEHICLE) - EXPLAIN IN NARRATIVE,17TH & JORDAN AVE,39.18022128,-86.511088
2012,12,1,Weekend,1400,2-Car,No injury/unknown,,EAST 17TH ST & FESS,39.18018691,-86.5258863
2012,4,6,Weekday,1500,2-Car,No injury/unknown,UNSAFE BACKING,N WILLIS DR,39.180048,-86.544
2012,6,3,Weekday,800,3+ Cars,No injury/unknown,OTHER (VEHICLE) - EXPLAIN IN NARRATIVE,N WILLIS ST,39.180048,-86.544
2012,4,5,Weekday,100,Pedestrian,Non-incapacitating,OTHER (DRIVER) - EXPLAIN IN NARRATIVE,N WILLIS DR DR,39.18002956,-86.54413461
2012,10,6,Weekday,1800,2-Car,No injury/unknown,OTHER (DRIVER) - EXPLAIN IN NARRATIVE,N ARLINGTON PARK DR,39.17996988,-86.55404135
2012,10,1,Weekend,700,2-Car,No injury/unknown,UNSAFE BACKING,N DUNN ST,39.179936,-86.5284
2012,9,5,Weekday,600,Pedestrian,Non-incapacitating,OTHER (DRIVER) - EXPLAIN IN NARRATIVE,N ARLINGTON PARK DR,39.17988369,-86.54826237
2012,10,5,Weekday,1800,2-Car,No injury/unknown,FAILURE TO YIELD RIGHT OF WAY,DUNN ST & NINETEENTH,39.17987971,-86.52733245
2012,1,6,Weekend,1900,3+ Cars,Incapacitating,SPEED TOO FAST FOR WEATHER CONDITIONS,17TH & SR4546E,39.17984,-86.507088
2012,1,6,Weekday,1800,2-Car,No injury/unknown,FAILURE TO YIELD RIGHT OF WAY,17TH & SR4546E,39.17984,-86.507088
2012,3,3,Weekday,1600,2-Car,Non-incapacitating,FOLLOWING TOO CLOSELY,17TH & SR4546S,39.17984,-86.507088
2012,4,2,Weekday,1400,2-Car,No injury/unknown,FOLLOWING TOO CLOSELY,SEVENTEENTH ST & SR45,39.17984,-86.507088
2012,4,1,Weekday,2000,2-Car,Non-incapacitating,FOLLOWING TOO CLOSELY,17TH & SR4546S,39.17984,-86.507088
2012,6,5,Weekday,1800,2-Car,No injury/unknown,FAILURE TO YIELD RIGHT OF WAY,17TH ST & 46,39.17984,-86.507088
2012,9,5,Weekday,700,2-Car,No injury/unknown,FAILURE TO YIELD RIGHT OF WAY,17TH & SR45E,39.17984,-86.507088
2012,10,6,Weekday,1600,2-Car,No injury/unknown,FOLLOWING TOO CLOSELY,17TH & SR4546S,39.17984,-86.507088
2012,7,5,Weekday,1600,2-Car,No injury/unknown,FAILURE TO YIELD RIGHT OF WAY,17TH & 45 46 BYP,39.17973988,-86.50718986
2012,2,2,Weekday,1100,2-Car,No injury/unknown,FOLLOWING TOO CLOSELY,17TH & ARLINGTON RD,39.17972282,-86.54796921
2012,11,7,Weekend,1200,3+ Cars,Non-incapacitating,FOLLOWING TOO CLOSELY,17TH & FEE LN,39.17961427,-86.51902106
2012,10,1,Weekday,1900,1-Car,Non-incapacitating,ANIMAL/OBJECT IN ROADWAY,INNOVATION & W VERNAL PIKE,39.17951994,-86.59480886
2012,5,6,Weekday,1300,2-Car,No injury/unknown,UNSAFE SPEED,17TH & FEE LN,39.17933976,-86.51900944
2012,12,3,Weekday,2100,1-Car,No injury/unknown,UNSAFE BACKING,N RANGE RD,39.17928115,-86.495296
2012,3,6,Weekday,1200,2-Car,No injury/unknown,,N JORDAN AVE,39.1792808,-86.511088
2012,1,6,Weekday,400,1-Car,No injury/unknown,OTHER (DRIVER) - EXPLAIN IN NARRATIVE,KINSER PIKE,39.17927183,-86.53769396
2012,10,6,Weekend,2100,1-Car,No injury/unknown,RAN OFF ROAD RIGHT,17TH ST & LINDBERGH,39.17924801,-86.55153334
2012,5,6,Weekday,1600,2-Car,Non-incapacitating,CELL PHONE USAGE,CURRY PIKE & VERNAL,39.179248,-86.5832
2012,5,5,Weekday,1500,3+ Cars,No injury/unknown,DRIVER DISTRACTED - EXPLAIN IN NARRATIVE,NORTH CURRY PIKE & VERNAL,39.179248,-86.5832
2012,6,6,Weekday,1700,2-Car,No injury/unknown,FOLLOWING TOO CLOSELY,NORTH CURRY PIKE & VERNAL,39.179248,-86.5832
2012,7,3,Weekday,1700,2-Car,No injury/unknown,DISREGARD SIGNAL/REG SIGN,S CURRY PIKE & VERNAL,39.179248,-86.5832
2012,9,6,Weekend,2000,Moped/Motorcycle,No injury/unknown,FAILURE TO YIELD RIGHT OF WAY,S CURRY PIKE & VERNAL,39.179248,-86.5832
2012,11,6,Weekday,1700,2-Car,No injury/unknown,FAILURE TO YIELD RIGHT OF WAY,NORTH CURRY PIKE & VERNAL,39.179248,-86.5832
2012,12,3,Weekday,700,2-Car,No injury/unknown,FAILURE TO YIELD RIGHT OF WAY,ANN & VERNAL PIKE,39.179248,-86.580384
2012,11,5,Weekday,2100,1-Car,No injury/unknown,LEFT OF CENTER,N CRESCENT & W 17TH ST,39.179248,-86.556592
2012,6,2,Weekday,2300,1-Car,No injury/unknown,RAN OFF ROAD RIGHT,LINDBERGH & W 17TH ST,39.179248,-86.552592
2012,1,3,Weekday,1700,2-Car,Non-incapacitating,SPEED TOO FAST FOR WEATHER CONDITIONS,17TH & MONROE ST,39.179248,-86.547104
2012,3,4,Weekday,1500,Cyclist,Non-incapacitating,FAILURE TO YIELD RIGHT OF WAY,ARLINGTON & MONROE ST,39.179248,-86.547104
2012,6,2,Weekday,1900,2-Car,Non-incapacitating,FAILURE TO YIELD RIGHT OF WAY,17TH & MONROE ST,39.179248,-86.547104
2012,5,2,Weekday,1600,2-Car,No injury/unknown,FAILURE TO YIELD RIGHT OF WAY,17TH & MONROE ST,39.179248,-86.547104
2012,10,2,Weekday,1500,1-Car,Non-incapacitating,SPEED TOO FAST FOR WEATHER CONDITIONS,MONROE & W 17TH ST,39.179248,-86.547104
2012,12,6,Weekday,1000,1-Car,No injury/unknown,RAN OFF ROAD RIGHT,MONROE & W 17TH ST,39.179248,-86.547104
2012,12,6,Weekday,1100,2-Car,No injury/unknown,UNSAFE BACKING,N DUNN ST,39.1791687,-86.52874755
2012,3,2,Weekday,1700,2-Car,No injury/unknown,DRIVER DISTRACTED - EXPLAIN IN NARRATIVE,DUNN ST,39.17915046,-86.52837328
2012,9,5,Weekday,2000,2-Car,No injury/unknown,FOLLOWING TOO CLOSELY,17TH ST & NORTH WILLIS,39.1791163,-86.54436853
2012,12,4,Weekday,1200,2-Car,No injury/unknown,FAILURE TO YIELD RIGHT OF WAY,17TH ST & WILLIS,39.179104,-86.544016
2012,5,4,Weekday,1700,Pedestrian,Non-incapacitating,UNSAFE BACKING,VERNAL PIKE,39.17909481,-86.58143542
2012,4,3,Weekday,1300,2-Car,No injury/unknown,UNSAFE BACKING,EAST SEVENTEENTH ST,39.17906329,-86.5209221
2012,10,6,Weekday,1600,2-Car,No injury/unknown,UNSAFE BACKING,E 17TH ST,39.17906329,-86.5209221
2012,4,3,Weekday,2300,1-Car,No injury/unknown,UNSAFE SPEED,17TH ST,39.17904,-86.532096
2012,11,7,Weekend,1000,2-Car,Non-incapacitating,FAILURE TO YIELD RIGHT OF WAY,E 17TH ST & N WASHINGTON,39.17904,-86.532096
2012,12,2,Weekday,1400,2-Car,No injury/unknown,OTHER (DRIVER) - EXPLAIN IN NARRATIVE,W 17TH ST,39.17904,-86.532096
2012,7,4,Weekday,1700,3+ Cars,Non-incapacitating,FAILURE TO YIELD RIGHT OF WAY,E 17TH ST & N LINCOLN,39.17904,-86.530848
2012,8,6,Weekend,2300,3+ Cars,No injury/unknown,LEFT OF CENTER,17TH & LINCOLN ST,39.17904,-86.530848
2012,11,5,Weekday,1800,2-Car,No injury/unknown,FAILURE TO YIELD RIGHT OF WAY,E 17TH ST & N LINCOLN,39.17904,-86.530848
2012,12,7,Weekend,600,2-Car,No injury/unknown,FOLLOWING TOO CLOSELY,E 17TH ST & N LINCOLN,39.17904,-86.530848
2012,1,6,Weekday,200,1-Car,No injury/unknown,ROADWAY SURFACE CONDITION,17TH & DUNN ST,39.17904,-86.5284
2012,1,2,Weekday,1600,1-Car,No injury/unknown,ROADWAY SURFACE CONDITION,17TH & DUNN ST,39.17904,-86.5284
2012,1,2,Weekday,1600,2-Car,No injury/unknown,ROADWAY SURFACE CONDITION,17TH & DUNN ST,39.17904,-86.5284
2012,1,4,Weekday,1200,2-Car,No injury/unknown,FOLLOWING TOO CLOSELY,17TH & DUNN ST,39.17904,-86.5284
2012,3,4,Weekday,1900,2-Car,Non-incapacitating,FAILURE TO YIELD RIGHT OF WAY,17TH ST & DUNN,39.17904,-86.5284
2012,9,6,Weekday,1300,1-Car,No injury/unknown,BRAKE FAILURE OR DEFECTIVE,1400 BLOCK OF N DUNN AVE & 17TH,39.17904,-86.5284
2012,10,7,Weekend,2300,2-Car,No injury/unknown,IMPROPER TURNING,17TH ST & DUNN,39.17904,-86.5284
2012,7,2,Weekday,1700,2-Car,No injury/unknown,FOLLOWING TOO CLOSELY,17TH & KINSER PIKE,39.17903982,-86.53775028
2012,10,7,Weekend,1700,2-Car,Non-incapacitating,DRIVER DISTRACTED - EXPLAIN IN NARRATIVE,17TH & KINSER PIKE,39.17903982,-86.53775028
2012,3,7,Weekend,2200,2-Car,No injury/unknown,FAILURE TO YIELD RIGHT OF WAY,17TH ST & WOODLAWN,39.17903982,-86.52360029
2012,11,7,Weekend,1600,Pedestrian,Non-incapacitating,PEDESTRIAN ACTION,SEVENTEENTH ST & WOODLAWN,39.17903982,-86.52360029
2012,10,3,Weekday,1900,2-Car,No injury/unknown,FOLLOWING TOO CLOSELY,17TH ST & WALNUT GROVE,39.17903046,-86.52109943
2012,2,7,Weekend,1000,2-Car,No injury/unknown,FOLLOWING TOO CLOSELY,600 W17TH ST & N JACKSON,39.179024,-86.539616
2012,4,4,Weekday,1600,2-Car,Non-incapacitating,DRIVER DISTRACTED - EXPLAIN IN NARRATIVE,17TH ST & JACKSON,39.179024,-86.539616
2012,2,3,Weekday,1900,3+ Cars,Non-incapacitating,FOLLOWING TOO CLOSELY,E 17TH ST & N INDIANA,39.179024,-86.5272
2012,2,6,Weekend,2300,2-Car,No injury/unknown,FAILURE TO YIELD RIGHT OF WAY,1300 N INDIANA & 500 E 17TH STREET ST,39.179024,-86.5272
2012,2,7,Weekend,1500,2-Car,No injury/unknown,FOLLOWING TOO CLOSELY,17TH ST & INDIANA,39.179024,-86.5272
2012,3,4,Weekday,1600,2-Car,No injury/unknown,DRIVER DISTRACTED - EXPLAIN IN NARRATIVE,17TH ST & INDIANA,39.179024,-86.5272
2012,7,1,Weekend,600,1-Car,No injury/unknown,RAN OFF ROAD RIGHT,17TH ST & INDIANA,39.179024,-86.5272
2012,10,5,Weekday,2000,2-Car,No injury/unknown,FAILURE TO YIELD RIGHT OF WAY,17TH & COLLEGE AVE,39.1790197,-86.53471
2012,8,5,Weekday,1200,2-Car,Non-incapacitating,FAILURE TO YIELD RIGHT OF WAY,17TH ST & WALNUT,39.1790197,-86.5210998
2012,11,7,Weekend,1200,2-Car,No injury/unknown,OTHER (DRIVER) - EXPLAIN IN NARRATIVE,DUNN & SEVENTEENTH ST,39.17901032,-86.5283297
2012,9,1,Weekday,2300,2-Car,No injury/unknown,UNSAFE BACKING,EAST 17TH ST,39.179008,-86.525888
2012,10,7,Weekend,1500,2-Car,No injury/unknown,UNSAFE BACKING,E 17TH BLUELOT ST,39.179008,-86.525888
2012,10,3,Weekday,1200,1-Car,No injury/unknown,UNSAFE BACKING,EAST 17TH ST,39.179008,-86.525888
2012,8,5,Weekday,1000,2-Car,No injury/unknown,FAILURE TO YIELD RIGHT OF WAY,E 17TH ST & WOODLAWN,39.17899556,-86.52403331
2012,1,3,Weekday,1200,2-Car,Non-incapacitating,FOLLOWING TOO CLOSELY,N KINSER PIKE & W 17TH,39.178992,-86.537792
2012,1,6,Weekday,1200,Pedestrian,Incapacitating,OTHER (DRIVER) - EXPLAIN IN NARRATIVE,W 17TH ST,39.178992,-86.537792
2012,2,4,Weekday,1400,2-Car,No injury/unknown,FOLLOWING TOO CLOSELY,17TH ST & KINSER,39.178992,-86.537792
2012,6,6,Weekday,1000,2-Car,No injury/unknown,FAILURE TO YIELD RIGHT OF WAY,17TH ST & KINSER,39.178992,-86.537792
2012,7,7,Weekend,1200,2-Car,No injury/unknown,VIEW OBSTRUCTED,W 17TH ST,39.178992,-86.537792
2012,11,6,Weekend,2300,2-Car,No injury/unknown,FAILURE TO YIELD RIGHT OF WAY,N KINSER & W 17TH ST,39.178992,-86.537792
2012,12,6,Weekend,1900,2-Car,No injury/unknown,SPEED TOO FAST FOR WEATHER CONDITIONS,17TH & MADISON ST,39.178992,-86.537792
2012,6,3,Weekday,1700,2-Car,Non-incapacitating,FAILURE TO YIELD RIGHT OF WAY,17TH ST & WOODLAWN,39.178992,-86.523504
2012,10,7,Weekend,1900,2-Car,Non-incapacitating,FOLLOWING TOO CLOSELY,WEST 17TH ST & WOODBURN,39.178976,-86.536032
2012,1,3,Weekday,1700,2-Car,No injury/unknown,FOLLOWING TOO CLOSELY,17TH ST & WALNUT,39.17897008,-86.53349027
2012,10,7,Weekend,1900,2-Car,No injury/unknown,FAILURE TO YIELD RIGHT OF WAY,17TH ST & LINCOLN,39.17897008,-86.53097033
2012,12,4,Weekday,1500,2-Car,No injury/unknown,LEFT OF CENTER,17TH ST & LINCOLN,39.17897008,-86.53097033
2012,3,5,Weekday,1200,2-Car,No injury/unknown,FAILURE TO YIELD RIGHT OF WAY,N COLLEGE & W 17TH ST,39.17896,-86.53472
2012,3,3,Weekday,1600,2-Car,No injury/unknown,FAILURE TO YIELD RIGHT OF WAY,17TH ST & COLLEGE,39.17896,-86.53472
2012,4,7,Weekend,1900,2-Car,No injury/unknown,FAILURE TO YIELD RIGHT OF WAY,17TH ST & COLLEGE,39.17896,-86.53472
2012,12,1,Weekend,700,2-Car,No injury/unknown,IMPROPER TURNING,N COLLGE AVE & W 17TH,39.17896,-86.53472
2012,9,4,Weekday,1100,2-Car,No injury/unknown,UNSAFE LANE MOVEMENT,E 17TH ST,39.17896,-86.521088
2012,9,4,Weekday,1700,2-Car,No injury/unknown,UNSAFE BACKING,E 17TH ST,39.17896,-86.521088
2012,9,7,Weekend,1700,2-Car,No injury/unknown,FOLLOWING TOO CLOSELY,17TH ST & WALNUT GROVE,39.17896,-86.521088
2012,10,2,Weekday,1400,2-Car,Non-incapacitating,IMPROPER TURNING,SEVENTEENTH ST & WALNUT,39.17896,-86.521088
2012,11,3,Weekday,1800,2-Car,No injury/unknown,FAILURE TO YIELD RIGHT OF WAY,EAST 17TH ST,39.17896,-86.521088
2012,8,6,Weekend,2200,2-Car,No injury/unknown,OTHER (VEHICLE) - EXPLAIN IN NARRATIVE,17TH ST,39.17894926,-86.52038464
2012,3,3,Weekday,1100,2-Car,No injury/unknown,OTHER (DRIVER) - EXPLAIN IN NARRATIVE,E 17TH ST,39.17894733,-86.5295756
2012,1,3,Weekday,1900,2-Car,No injury/unknown,FOLLOWING TOO CLOSELY,EAST 17TH ST & N WALNUT,39.178944,-86.533392
2012,4,4,Weekday,1600,2-Car,No injury/unknown,OTHER (DRIVER) - EXPLAIN IN NARRATIVE,17TH & N WALNUT ST,39.178944,-86.533392
2012,4,2,Weekday,700,2-Car,No injury/unknown,FAILURE TO YIELD RIGHT OF WAY,E 17TH ST & WALNUT,39.178944,-86.533392
2012,6,4,Weekday,1700,Moped/Motorcycle,Incapacitating,FAILURE TO YIELD RIGHT OF WAY,17TH ST & WALNUT,39.178944,-86.533392
2012,11,4,Weekday,1300,2-Car,No injury/unknown,IMPROPER TURNING,E 17TH & N WALNUT ST,39.178944,-86.533392
2012,1,3,Weekday,200,2-Car,No injury/unknown,DISREGARD SIGNAL/REG SIGN,17TH ST & FEE,39.178928,-86.518992
2012,2,3,Weekday,1700,2-Car,No injury/unknown,UNSAFE BACKING,E 17TH & N FEE LN,39.178928,-86.518992
2012,5,1,Weekend,1500,2-Car,No injury/unknown,UNSAFE BACKING,E 17TH & N FEE LN,39.178928,-86.518992
2012,9,6,Weekday,1200,2-Car,Non-incapacitating,FOLLOWING TOO CLOSELY,17TH & FEE LN,39.178928,-86.518992
2012,1,2,Weekday,1700,2-Car,No injury/unknown,SPEED TOO FAST FOR WEATHER CONDITIONS,17TH ST & N JORDAN EXT,39.1788756,-86.51086138
2012,4,1,Weekend,1800,2-Car,No injury/unknown,FAILURE TO YIELD RIGHT OF WAY,E 17TH ST,39.17887129,-86.51438724
2012,3,5,Weekday,1300,2-Car,No injury/unknown,SPEED TOO FAST FOR WEATHER CONDITIONS,17TH ST & JORDAN,39.178848,-86.51135266
2012,1,1,Weekend,1300,2-Car,Non-incapacitating,FOLLOWING TOO CLOSELY,17TH & JORDAN AVE,39.178848,-86.511088
2012,1,1,Weekend,1700,2-Car,No injury/unknown,FAILURE TO YIELD RIGHT OF WAY,E 17TH & N JORDAN AVE,39.178848,-86.511088
2012,5,3,Weekday,2300,Pedestrian,Non-incapacitating,PEDESTRIAN ACTION,101 N JORDAN CIRCLE ENTRANCE & JORDAN AVE,39.178848,-86.511088
2012,4,1,Weekend,1200,2-Car,No injury/unknown,DRIVER DISTRACTED - EXPLAIN IN NARRATIVE,JORDAN & SEVENTEENTH ST,39.178848,-86.511088
2012,10,7,Weekend,1300,2-Car,No injury/unknown,FAILURE TO YIELD RIGHT OF WAY,E 17TH & N JORDAN AVE,39.178848,-86.511088
2012,3,4,Weekday,1600,1-Car,No injury/unknown,DRIVER DISTRACTED - EXPLAIN IN NARRATIVE,N RANGE RD,39.178848,-86.495296
2012,4,5,Weekday,1400,2-Car,No injury/unknown,FAILURE TO YIELD RIGHT OF WAY,HENSONBURG & VERNAL PIKE,39.17878971,-86.56250976
2012,3,4,Weekday,1600,2-Car,No injury/unknown,FOLLOWING TOO CLOSELY,17TH & SR46S,39.17866376,-86.50618143
2012,10,3,Weekday,900,Bus,Non-incapacitating,FOLLOWING TOO CLOSELY,11TH & COLLEGE AVE,39.17856817,-86.53479985
2012,9,6,Weekday,1600,2-Car,No injury/unknown,FAILURE TO YIELD RIGHT OF WAY,KENWOOD & MADISON ST,39.178464,-86.537776
2012,7,2,Weekday,0,2-Car,No injury/unknown,UNSAFE BACKING,17 & WOODBURN AVE,39.178222,-86.535953
2012,4,2,Weekday,1200,2-Car,No injury/unknown,FAILURE TO YIELD RIGHT OF WAY,17TH & MAPLE ST,39.17821603,-86.542096
2012,10,1,Weekend,1500,2-Car,No injury/unknown,IMPROPER TURNING,EAST 17TH & WALNUT GROVE ST,39.17820707,-86.52109785
2012,10,3,Weekday,0,2-Car,No injury/unknown,IMPROPER LANE USAGE,NORTH JORDAN AVE AVE,39.17813726,-86.51241146
2012,12,2,Weekday,2100,2-Car,No injury/unknown,UNSAFE BACKING,N JORDAN AVE,39.17813726,-86.51241146
2012,10,5,Weekday,1800,2-Car,No injury/unknown,IMPROPER TURNING,N DUNN ST,39.17807388,-86.52803802
2012,6,5,Weekday,900,1-Car,No injury/unknown,RAN OFF ROAD RIGHT,N DUNN ST,39.17799577,-86.52829416
2012,9,3,Weekday,300,1-Car,No injury/unknown,RAN OFF ROAD RIGHT,16TH & MONROE ST,39.17796398,-86.547104
2012,9,4,Weekday,1000,2-Car,No injury/unknown,OTHER (DRIVER) - EXPLAIN IN NARRATIVE,E 1ST ST & S WOODLAWN,39.177952,-86.523504
2012,9,2,Weekday,900,2-Car,No injury/unknown,FAILURE TO YIELD RIGHT OF WAY,S WOODLAWN AVE,39.177952,-86.523504
2012,8,5,Weekday,1200,2-Car,No injury/unknown,UNSAFE BACKING,WALNUT ST,39.17793341,-86.53345875
2012,4,1,Weekend,200,1-Car,No injury/unknown,RAN OFF ROAD RIGHT,16TH & MADISON ST,39.17790877,-86.53776366
2012,4,7,Weekend,1800,2-Car,No injury/unknown,FOLLOWING TOO CLOSELY,1ST & SOUTH WALNUT ST,39.17784,-86.533408
2012,8,7,Weekend,1600,2-Car,No injury/unknown,DISREGARD SIGNAL/REG SIGN,EAST 1ST & S WALNUT ST,39.17784,-86.533408
2012,7,5,Weekday,100,2-Car,No injury/unknown,OTHER (DRIVER) - EXPLAIN IN NARRATIVE,16TH ST & LINCOLN,39.17778307,-86.53015834
2012,7,7,Weekend,200,2-Car,No injury/unknown,OTHER (DRIVER) - EXPLAIN IN NARRATIVE,16TH ST & DUNN,39.17775282,-86.5286727
2012,3,6,Weekday,1200,2-Car,Non-incapacitating,FOLLOWING TOO CLOSELY,1ST & COLLEGE AVE,39.17770395,-86.53472966
2012,1,6,Weekday,1300,2-Car,No injury/unknown,IMPROPER TURNING,1250 N COLLEGE AVE & 17TH,39.17758675,-86.53473056
2012,9,3,Weekday,900,2-Car,No injury/unknown,OTHER (VEHICLE) - EXPLAIN IN NARRATIVE,JORDAN AVE,39.17758179,-86.51197814
2012,11,6,Weekday,1600,2-Car,Non-incapacitating,FOLLOWING TOO CLOSELY,SR37S & VERNAL,39.1775537,-86.5612041
2012,5,4,Weekday,1900,2-Car,No injury/unknown,DRIVER DISTRACTED - EXPLAIN IN NARRATIVE,WEST 15TH ST,39.177552,-86.547104
2012,8,6,Weekday,1800,2-Car,No injury/unknown,UNSAFE BACKING,WEST 15TH ST,39.177552,-86.547104
2012,4,1,Weekend,400,1-Car,No injury/unknown,RAN OFF ROAD RIGHT,N CRESENT RD,39.17750426,-86.55644796
2012,3,2,Weekday,900,2-Car,No injury/unknown,OTHER (DRIVER) - EXPLAIN IN NARRATIVE,N FEE LN,39.17729391,-86.5189799
2012,12,3,Weekday,2300,2-Car,No injury/unknown,OTHER (DRIVER) - EXPLAIN IN NARRATIVE,JORDAN & LINGLEBACH LN,39.1771502,-86.5125336
2012,2,6,Weekday,800,3+ Cars,No injury/unknown,DRIVER DISTRACTED - EXPLAIN IN NARRATIVE,SR37S & VERNAL,39.17714982,-86.56168247
2012,1,6,Weekend,2000,1-Car,No injury/unknown,ANIMAL/OBJECT IN ROADWAY,ETTER & SR45E,39.17714235,-86.47775636
2012,1,6,Weekday,1000,3+ Cars,Non-incapacitating,FAILURE TO YIELD RIGHT OF WAY,10TH & SR45W,39.17711807,-86.47779229
2012,1,7,Weekend,1800,Bus,No injury/unknown,LEFT OF CENTER,E 10TH & SR45E,39.17702805,-86.47792553
2012,4,5,Weekday,1900,2-Car,No injury/unknown,FAILURE TO YIELD RIGHT OF WAY,E 15TH ST & N DUNN,39.176944,-86.528272
2012,5,4,Weekday,2200,2-Car,No injury/unknown,UNSAFE BACKING,15TH & DUNN ST,39.176944,-86.528272
2012,5,1,Weekend,1100,2-Car,No injury/unknown,FOLLOWING TOO CLOSELY,10TH & SR45E,39.17693803,-86.47805876
2012,6,5,Weekday,1400,2-Car,No injury/unknown,FOLLOWING TOO CLOSELY,E 10TH & SR45N,39.17693803,-86.47805876
2012,6,6,Weekend,1900,2-Car,Non-incapacitating,FAILURE TO YIELD RIGHT OF WAY,N WOODBURN & W 15TH ST,39.176912,-86.536064
2012,6,6,Weekend,2100,3+ Cars,No injury/unknown,DRIVER DISTRACTED - EXPLAIN IN NARRATIVE,N WOODBURN & WEST 15TH ST,39.176912,-86.536064
2012,3,5,Weekday,0,2-Car,No injury/unknown,UNSAFE SPEED,15TH ST & LINCOLN,39.176896,-86.53088
2012,8,2,Weekday,2300,2-Car,No injury/unknown,RAN OFF ROAD RIGHT,N HANCOCK DR,39.17686187,-86.54898203
2012,12,3,Weekday,1500,3+ Cars,No injury/unknown,FOLLOWING TOO CLOSELY,15TH & WALNUT ST,39.17685986,-86.53353989
2012,3,5,Weekday,900,2-Car,No injury/unknown,OTHER (DRIVER) - EXPLAIN IN NARRATIVE,LINDBERGH & W 15TH ST,39.176848,-86.552592
2012,9,5,Weekday,900,1-Car,Non-incapacitating,RAN OFF ROAD RIGHT,ILLINOIS & WEST 15TH ST,39.176848,-86.551792
2012,4,6,Weekday,1500,2-Car,No injury/unknown,FAILURE TO YIELD RIGHT OF WAY,15TH & WALNUT ST,39.176848,-86.533424
2012,1,7,Weekend,1800,2-Car,No injury/unknown,DRIVER DISTRACTED - EXPLAIN IN NARRATIVE,10TH & SR4546S,39.176848,-86.478192
2012,2,1,Weekend,1400,2-Car,Non-incapacitating,FOLLOWING TOO CLOSELY,10TH & US45E,39.176848,-86.478192
2012,2,4,Weekday,800,2-Car,No injury/unknown,OTHER (DRIVER) - EXPLAIN IN NARRATIVE,10TH & 2719 E 10TH DR,39.176848,-86.478192
2012,4,2,Weekday,1700,2-Car,Non-incapacitating,SPEED TOO FAST FOR WEATHER CONDITIONS,10TH & SR4546E,39.176848,-86.478192
2012,3,2,Weekday,900,2-Car,Non-incapacitating,FAILURE TO YIELD RIGHT OF WAY,10TH & SR45N,39.176848,-86.478192
2012,6,7,Weekend,1600,2-Car,No injury/unknown,OVERCORRECTING/OVERSTEERING,10TH & SR4546S,39.176848,-86.478192
2012,8,2,Weekday,800,2-Car,No injury/unknown,IMPROPER LANE USAGE,E 10TH & SR45W,39.176848,-86.478192
2012,9,6,Weekday,700,2-Car,No injury/unknown,IMPROPER PASSING,10TH ST & SR4546,39.176848,-86.478192
2012,10,7,Weekend,1500,2-Car,Non-incapacitating,FOLLOWING TOO CLOSELY,10TH & SR45S,39.176848,-86.478192
2012,11,3,Weekday,1000,2-Car,Non-incapacitating,OTHER (DRIVER) - EXPLAIN IN NARRATIVE,LIBERTY DR & SR 45,39.17672749,-86.57777018
2012,5,4,Weekday,1600,2-Car,No injury/unknown,LEFT OF CENTER,E 10TH ST & SR4546,39.17672676,-86.47840596
2012,9,6,Weekend,1900,2-Car,No injury/unknown,UNSAFE LANE MOVEMENT,10TH & NORTH ROGERS ST,39.17668836,-86.53859987
2012,3,5,Weekday,1800,2-Car,No injury/unknown,UNSAFE SPEED,E 10TH ST & SR45,39.17668635,-86.47847728