Year,Month,Day,Weekend?,Hour,Collision Type,Injury Type,Primary Factor,Reported_Location,Latitude,Longitude
2012,5,7,Weekend,2100,2-Car,No injury/unknown,UNSAFE LANE MOVEMENT,10TH ST & SR4546,39.17668635,-86.47847728
2012,12,5,Weekday,2200,1-Car,Non-incapacitating,SPEED TOO FAST FOR WEATHER CONDITIONS,15TH ST & HANCOCK,39.17666003,-86.54892973
2012,2,2,Weekday,500,1-Car,No injury/unknown,RAN OFF ROAD RIGHT,1ST ST & FAIRVIEW,39.17664,-86.540992
2012,7,7,Weekend,2100,1-Car,No injury/unknown,IMPROPER TURNING,ROGERS & W 15TH ST,39.17664,-86.538496
2012,2,2,Weekday,200,1-Car,Non-incapacitating,RAN OFF ROAD RIGHT,N MADISON ST & W 15TH,39.17664,-86.537712
2012,10,4,Weekday,1700,3+ Cars,No injury/unknown,FOLLOWING TOO CLOSELY,SR37 & VERNAL,39.17662383,-86.56252708
2012,10,1,Weekend,1800,2-Car,No injury/unknown,UNSAFE BACKING,N FEE LN,39.17658828,-86.51891313
2012,12,4,Weekday,1300,1-Car,No injury/unknown,UNSAFE BACKING,NORTH FEE LN,39.17658828,-86.51891313
2012,1,4,Weekday,1300,2-Car,Non-incapacitating,FOLLOWING TOO CLOSELY,SR 37 HWY & VERNAL,39.176544,-86.5624
2012,3,2,Weekday,1500,2-Car,No injury/unknown,FOLLOWING TOO CLOSELY,SR37N & VERNAL,39.176544,-86.5624
2012,5,7,Weekend,1800,2-Car,Incapacitating,DISREGARD SIGNAL/REG SIGN,SR37N & VERNAL,39.176544,-86.5624
2012,3,2,Weekday,800,2-Car,No injury/unknown,FAILURE TO YIELD RIGHT OF WAY,SR37S & VERNAL,39.176544,-86.5624
2012,6,2,Weekday,1000,2-Car,No injury/unknown,FOLLOWING TOO CLOSELY,SR37N & W VERNAL,39.176544,-86.5624
2012,8,7,Weekend,1600,2-Car,No injury/unknown,DISREGARD SIGNAL/REG SIGN,SR37S & VERNAL,39.176544,-86.5624
2012,10,4,Weekday,1300,3+ Cars,No injury/unknown,FOLLOWING TOO CLOSELY,SR37S & VERNAL,39.176544,-86.5624
2012,12,7,Weekend,1600,3+ Cars,Non-incapacitating,FOLLOWING TOO CLOSELY,SR37N & VERNAL,39.176544,-86.5624
2012,12,2,Weekday,1200,2-Car,No injury/unknown,OTHER (DRIVER) - EXPLAIN IN NARRATIVE,LINGLEBACH LN & UNION,39.17652994,-86.50994564
2012,10,2,Weekday,1600,1-Car,No injury/unknown,OBSTRUCTION NOT MARKED,FOURTEENTH & INDIANA AVE,39.17647126,-86.52702007
2012,1,1,Weekend,1600,2-Car,Non-incapacitating,FOLLOWING TOO CLOSELY,SR37S & VERNAL,39.17646021,-86.56233005
2012,6,4,Weekday,1700,2-Car,No injury/unknown,FOLLOWING TOO CLOSELY,SR37N & VERNAL,39.17646021,-86.56233005
2012,8,5,Weekday,1000,2-Car,No injury/unknown,OTHER (VEHICLE) - EXPLAIN IN NARRATIVE,SR37N & VERNAL PIKE,39.17646021,-86.56233005
2012,8,6,Weekday,1500,2-Car,Non-incapacitating,DRIVER DISTRACTED - EXPLAIN IN NARRATIVE,SR37N & W VERNAL,39.17646021,-86.56233005
2012,4,4,Weekday,1400,2-Car,No injury/unknown,UNSAFE BACKING,FEE & FOSTER NORTH DR,39.17645015,-86.51888611
2012,1,1,Weekend,1000,2-Car,Non-incapacitating,FAILURE TO YIELD RIGHT OF WAY,FEE LN & FOSTER,39.17645015,-86.51886016
2012,1,4,Weekday,1800,2-Car,No injury/unknown,FAILURE TO YIELD RIGHT OF WAY,FOSTER & N FEE LN,39.17645015,-86.51886016
2012,10,6,Weekday,1600,2-Car,No injury/unknown,IMPROPER TURNING,37 & VERNAL PIKE,39.17643103,-86.56174573
2012,4,7,Weekend,1100,2-Car,No injury/unknown,FOLLOWING TOO CLOSELY,SR37N & VERNAL,39.17635934,-86.56266121
2012,4,4,Weekday,2000,2-Car,No injury/unknown,FAILURE TO YIELD RIGHT OF WAY,14TH & INDIANA AVE,39.176192,-86.52712
2012,10,7,Weekend,2200,2-Car,Non-incapacitating,FAILURE TO YIELD RIGHT OF WAY,14TH & N INDIANA AVE,39.176192,-86.52712
2012,10,7,Weekend,300,2-Car,No injury/unknown,UNSAFE LANE MOVEMENT,14TH ST & INDIANA,39.176192,-86.52712
2012,12,6,Weekday,600,2-Car,No injury/unknown,UNSAFE LANE MOVEMENT,1100 N INDIANA AVE & E 14TH,39.176192,-86.52712
2012,6,7,Weekend,100,2-Car,No injury/unknown,OTHER (DRIVER) - EXPLAIN IN NARRATIVE,14TH ST & DUNN,39.17617022,-86.52787137
2012,7,4,Weekday,900,2-Car,No injury/unknown,,E 14TH & N DUNN ST,39.17616,-86.528224
2012,11,4,Weekday,1700,2-Car,No injury/unknown,FAILURE TO YIELD RIGHT OF WAY,14TH & INDIANA AVE,39.17611018,-86.52701005
2012,1,2,Weekday,1600,2-Car,No injury/unknown,OTHER (DRIVER) - EXPLAIN IN NARRATIVE,NORTH WALNUT ST,39.17608604,-86.53349898
2012,6,4,Weekday,1500,2-Car,No injury/unknown,VIEW OBSTRUCTED,14TH ST & LINCOLN,39.176,-86.530896
2012,12,4,Weekday,1800,2-Car,Non-incapacitating,UNSAFE SPEED,SR37 & VERNAL,39.17599001,-86.56318363
2012,1,6,Weekday,700,Bus,No injury/unknown,FAILURE TO YIELD RIGHT OF WAY,14TH & COLLEGE AVE,39.175984,-86.534736
2012,1,5,Weekday,2200,2-Car,No injury/unknown,FAILURE TO YIELD RIGHT OF WAY,14TH & N COLLEGE AVE,39.175984,-86.534736
2012,7,2,Weekday,2000,2-Car,No injury/unknown,BRAKE FAILURE OR DEFECTIVE,N COLLEGE AVE,39.175984,-86.534736
2012,12,5,Weekday,1500,2-Car,No injury/unknown,UNSAFE BACKING,N COLLEGE AVE,39.175984,-86.534736
2012,11,5,Weekday,1100,2-Car,No injury/unknown,FAILURE TO YIELD RIGHT OF WAY,N COLLEGE AVE & W 14TH,39.175984,-86.534736
2012,12,1,Weekend,1500,2-Car,No injury/unknown,FAILURE TO YIELD RIGHT OF WAY,14TH & COLLEGE AVE,39.175984,-86.534736
2012,9,7,Weekend,2200,2-Car,No injury/unknown,FAILURE TO YIELD RIGHT OF WAY,JONES & JORDAN AVE,39.17597478,-86.51640996
2012,1,4,Weekday,2000,2-Car,No injury/unknown,UNSAFE LANE MOVEMENT,14TH & WALNUT ST,39.175952,-86.53344
2012,2,3,Weekday,2300,Cyclist,Non-incapacitating,FAILURE TO YIELD RIGHT OF WAY,14TH ST & WALNUT,39.175952,-86.53344
2012,4,1,Weekend,1100,2-Car,No injury/unknown,FAILURE TO YIELD RIGHT OF WAY,14TH & WALNUT ST,39.175952,-86.53344
2012,5,3,Weekday,1900,Cyclist,Non-incapacitating,FAILURE TO YIELD RIGHT OF WAY,14TH & WALNUT ST,39.175952,-86.53344
2012,4,7,Weekend,100,2-Car,No injury/unknown,UNSAFE LANE MOVEMENT,14TH & WALNUT ST,39.175952,-86.53344
2012,4,7,Weekend,300,2-Car,No injury/unknown,FAILURE TO YIELD RIGHT OF WAY,14TH & N WALNUT ST,39.175952,-86.53344
2012,4,5,Weekday,1800,2-Car,No injury/unknown,FAILURE TO YIELD RIGHT OF WAY,14TH & N WALNUT ST,39.175952,-86.53344
2012,7,3,Weekday,1200,2-Car,No injury/unknown,FAILURE TO YIELD RIGHT OF WAY,14TH & WALNUT ST,39.175952,-86.53344
2012,9,4,Weekday,1200,2-Car,No injury/unknown,IMPROPER TURNING,14TH & N WALNUT ST,39.175952,-86.53344
2012,9,6,Weekday,1300,2-Car,No injury/unknown,IMPROPER TURNING,14TH & WALNUT ST,39.175952,-86.53344
2012,7,5,Weekday,1000,Bus,No injury/unknown,IMPROPER TURNING,14TH & COLLEGE AVE,39.17594992,-86.53476968
2012,8,3,Weekday,1400,2-Car,Non-incapacitating,FAILURE TO YIELD RIGHT OF WAY,14TH & WALNUT ST,39.17594992,-86.53356
2012,11,2,Weekday,1300,2-Car,No injury/unknown,FAILURE TO YIELD RIGHT OF WAY,14TH & WALNUT ST,39.17594992,-86.53356
2012,12,3,Weekday,1700,2-Car,No injury/unknown,FOLLOWING TOO CLOSELY,10TH & SR4546S,39.17590336,-86.52827453
2012,8,6,Weekend,1900,2-Car,No injury/unknown,UNSAFE BACKING,UNION & UNION ST,39.17586006,-86.50989018
2012,1,5,Weekday,800,Pedestrian,Non-incapacitating,FAILURE TO YIELD RIGHT OF WAY,14TH & MONROE ST,39.17583995,-86.5471702
2012,3,7,Weekend,0,3+ Cars,Non-incapacitating,OVERCORRECTING/OVERSTEERING,JORDAN AVE & LAW,39.17583846,-86.51357311
2012,12,6,Weekday,1800,2-Car,Non-incapacitating,FOLLOWING TOO CLOSELY,SR37N & VERNAL,39.17580534,-86.56344483
2012,11,5,Weekday,1800,1-Car,No injury/unknown,ANIMAL/OBJECT IN ROADWAY,BLUE RIDGE & WALNUT ST,39.17574371,-86.53452023
2012,8,7,Weekend,1400,2-Car,No injury/unknown,UNSAFE LANE MOVEMENT,14TH & WALNUT ST,39.17567738,-86.53344549
2012,3,3,Weekday,400,1-Car,No injury/unknown,SPEED TOO FAST FOR WEATHER CONDITIONS,DUNN & EAST 13TH ST,39.175552,-86.528192
2012,3,6,Weekday,100,1-Car,No injury/unknown,RAN OFF ROAD RIGHT,13TH & DUNN ST,39.175552,-86.528192
2012,8,1,Weekend,1300,1-Car,No injury/unknown,OTHER (DRIVER) - EXPLAIN IN NARRATIVE,13TH & DUNN ST,39.175552,-86.528192
2012,1,6,Weekday,1500,2-Car,No injury/unknown,FAILURE TO YIELD RIGHT OF WAY,13TH & INDIANA AVE,39.175504,-86.527104
2012,3,6,Weekday,1000,2-Car,No injury/unknown,FAILURE TO YIELD RIGHT OF WAY,E 13TH & N INDIANA AVE,39.175504,-86.527104
2012,2,5,Weekday,1300,2-Car,No injury/unknown,FAILURE TO YIELD RIGHT OF WAY,13TH & INDIANA AVE,39.175504,-86.527104
2012,3,6,Weekday,1800,2-Car,No injury/unknown,OVERCORRECTING/OVERSTEERING,13TH & INDIANA AVE,39.175504,-86.527104
2012,3,6,Weekday,1400,2-Car,No injury/unknown,FAILURE TO YIELD RIGHT OF WAY,13TH & INDIANA AVE,39.175504,-86.527104
2012,3,7,Weekend,0,2-Car,No injury/unknown,FAILURE TO YIELD RIGHT OF WAY,13TH & INDIANA AVE,39.175504,-86.527104
2012,11,1,Weekend,0,2-Car,No injury/unknown,DISREGARD SIGNAL/REG SIGN,13TH & INDIANA AVE,39.175504,-86.527104
2012,10,2,Weekday,1300,2-Car,No injury/unknown,UNSAFE BACKING,13TH ST & WOODBURN,39.17549998,-86.5360102
2012,10,6,Weekday,0,2-Car,No injury/unknown,UNSAFE BACKING,N JORDAN AVE,39.17542251,-86.51393703
2012,5,6,Weekday,1000,1-Car,Non-incapacitating,RAN OFF ROAD RIGHT,SR37N & VERNAL,39.17538323,-86.56356264
2012,3,1,Weekend,1700,2-Car,No injury/unknown,UNSAFE LANE MOVEMENT,E 13TH ST & N WOODLAWN,39.175344,-86.523488
2012,5,3,Weekday,1200,2-Car,No injury/unknown,OTHER (VEHICLE) - EXPLAIN IN NARRATIVE,EAST 13TH ST & WOODLAWN,39.175344,-86.523488
2012,12,5,Weekday,2300,1-Car,No injury/unknown,UNSAFE SPEED,13TH ST & DUNN,39.17532027,-86.52828267
2012,2,5,Weekday,900,1-Car,Non-incapacitating,SPEED TOO FAST FOR WEATHER CONDITIONS,13TH & DUNN ST,39.17532027,-86.52828007
2012,6,5,Weekday,1300,2-Car,No injury/unknown,VIEW OBSTRUCTED,INDUSTRIAL PARK DR,39.17530552,-86.56534686
2012,2,5,Weekday,100,1-Car,No injury/unknown,RAN OFF ROAD RIGHT,N COLLEGE AVE,39.17528784,-86.53474939
2012,9,3,Weekday,1400,2-Car,No injury/unknown,DISREGARD SIGNAL/REG SIGN,13TH & INDIANA AVE,39.1752398,-86.52699999
2012,10,7,Weekend,1200,2-Car,No injury/unknown,OTHER (DRIVER) - EXPLAIN IN NARRATIVE,13TH & INDIANA AVE,39.1752398,-86.52699999
2012,10,3,Weekday,1600,2-Car,No injury/unknown,FAILURE TO YIELD RIGHT OF WAY,13TH & INDIANA AVE,39.1752398,-86.52699999
2012,9,2,Weekday,1000,2-Car,No injury/unknown,FAILURE TO YIELD RIGHT OF WAY,THIRTEENTH ST & WALNUT,39.175232,-86.520976
2012,10,5,Weekday,1100,2-Car,No injury/unknown,FAILURE TO YIELD RIGHT OF WAY,E 13TH ST & WALNUT GROVE,39.175232,-86.520976
2012,8,3,Weekday,900,2-Car,No injury/unknown,OTHER (DRIVER) - EXPLAIN IN NARRATIVE,10TH ST & ROGERS,39.175152,-86.538512
2012,1,6,Weekend,2000,2-Car,No injury/unknown,OTHER (DRIVER) - EXPLAIN IN NARRATIVE,N FEE LN,39.175152,-86.518992
2012,4,3,Weekday,1100,Moped/Motorcycle,Non-incapacitating,UNSAFE SPEED,13TH & FEE LN,39.175152,-86.518992
2012,4,6,Weekday,1200,2-Car,Non-incapacitating,UNSAFE SPEED,13TH & FEE LN,39.175152,-86.518992
2012,9,1,Weekend,1300,2-Car,No injury/unknown,FAILURE TO YIELD RIGHT OF WAY,FEE & THIRTEENTH ST,39.175152,-86.518992
2012,10,6,Weekday,1800,2-Car,No injury/unknown,DISREGARD SIGNAL/REG SIGN,13TH ST & WALNUT GROVE,39.17512983,-86.52103006
2012,10,4,Weekday,1500,2-Car,No injury/unknown,DISREGARD SIGNAL/REG SIGN,13TH ST & WALNUT GROVE,39.17512983,-86.52103006
2012,12,7,Weekend,2000,2-Car,No injury/unknown,FAILURE TO YIELD RIGHT OF WAY,13TH & FEE LN,39.17510971,-86.51903986
2012,7,2,Weekday,2200,2-Car,No injury/unknown,IMPROPER TURNING,CRESCENT & W VERNAL PIKE,39.17504,-86.556496
2012,7,4,Weekday,1200,Moped/Motorcycle,Incapacitating,RAN OFF ROAD RIGHT,E 10TH ST & RUSSELL,39.17489326,-86.48131836
2012,10,3,Weekday,1700,2-Car,No injury/unknown,FOLLOWING TOO CLOSELY,SR37N & VERNAL,39.17488201,-86.56475085
2012,1,4,Weekday,2200,2-Car,Non-incapacitating,FAILURE TO YIELD RIGHT OF WAY,JORDAN AVE & LAW,39.17476808,-86.51466999
2012,1,7,Weekend,800,1-Car,Non-incapacitating,SPEED TOO FAST FOR WEATHER CONDITIONS,SR37S & VERNAL PK,39.17469734,-86.56501204
2012,6,4,Weekday,1700,2-Car,No injury/unknown,DRIVER DISTRACTED - EXPLAIN IN NARRATIVE,SR37N & VERNAL,39.17469734,-86.56501204
2012,12,6,Weekday,1800,Bus,No injury/unknown,FOLLOWING TOO CLOSELY,SR37N & VERNAL,39.17469734,-86.56501204
2012,8,6,Weekday,200,1-Car,No injury/unknown,SPEED TOO FAST FOR WEATHER CONDITIONS,14TH & WALNUT ST,39.17457889,-86.53346746
2012,11,6,Weekday,1800,1-Car,No injury/unknown,OTHER (VEHICLE) - EXPLAIN IN NARRATIVE,12TH ST & GRANT,39.174448,-86.529696
2012,5,5,Weekday,1800,2-Car,No injury/unknown,OTHER (DRIVER) - EXPLAIN IN NARRATIVE,EAST 12TH ST,39.17443951,-86.52932669
2012,1,2,Weekday,100,1-Car,No injury/unknown,RAN OFF ROAD RIGHT,12TH & LINCOLN ST,39.174416,-86.530992
2012,2,7,Weekend,100,2-Car,No injury/unknown,UNSAFE BACKING,12TH & LINCOLN AVE,39.174416,-86.530992
2012,3,7,Weekend,0,2-Car,No injury/unknown,UNSAFE LANE MOVEMENT,12TH ST & LINCOLN,39.174416,-86.530992
2012,5,4,Weekday,700,Cyclist,Non-incapacitating,FAILURE TO YIELD RIGHT OF WAY,12TH ST & DUNN,39.174416,-86.528304
2012,4,1,Weekend,900,2-Car,No injury/unknown,,DUNN & E 12TH ST,39.174416,-86.528304
2012,5,7,Weekend,200,Moped/Motorcycle,Non-incapacitating,RAN OFF ROAD RIGHT,N MADISON ST & W 11TH,39.17441364,-86.53835177
2012,3,1,Weekend,200,1-Car,Non-incapacitating,OTHER (DRIVER) - EXPLAIN IN NARRATIVE,12TH ST & WASHINGTON,39.17439204,-86.53169495
2012,11,2,Weekday,1600,2-Car,No injury/unknown,IMPROPER TURNING,E LAW & N FOSTER DR,39.17438793,-86.5173362
2012,11,6,Weekday,0,2-Car,No injury/unknown,UNSAFE LANE MOVEMENT,12TH ST & WASHIGTON,39.17438015,-86.53229571
2012,3,1,Weekend,1500,2-Car,No injury/unknown,UNSAFE SPEED,E 12TH & N WASHINGTON ST,39.174368,-86.5324
2012,1,4,Weekday,1400,2-Car,No injury/unknown,FAILURE TO YIELD RIGHT OF WAY,EAST 12TH & INDIANA AVE,39.174368,-86.527088
2012,3,5,Weekday,1500,2-Car,No injury/unknown,FOLLOWING TOO CLOSELY,12TH & INDIANA AVE,39.174368,-86.527088
2012,3,2,Weekday,900,2-Car,No injury/unknown,FAILURE TO YIELD RIGHT OF WAY,12TH & INDIANA AVE,39.174368,-86.527088
2012,11,3,Weekday,1700,2-Car,Non-incapacitating,FAILURE TO YIELD RIGHT OF WAY,INDIANA & TWELVETH ST,39.17436283,-86.52699273
2012,12,2,Weekday,1300,2-Car,No injury/unknown,FAILURE TO YIELD RIGHT OF WAY,1500 BLK W 12TH ST & ILLINOIS,39.174352,-86.55101751
2012,5,1,Weekend,600,1-Car,Non-incapacitating,UNSAFE SPEED,N LINDBERGH & W 12TH ST,39.174352,-86.552592
2012,8,5,Weekday,1900,2-Car,No injury/unknown,IMPROPER TURNING,ILLINOIS & W 12TH ST,39.174352,-86.5504
2012,6,2,Weekday,1600,2-Car,Non-incapacitating,FAILURE TO YIELD RIGHT OF WAY,12TH & INDIANA AVE,39.17434998,-86.52698993
2012,8,4,Weekday,1900,Cyclist,Non-incapacitating,FAILURE TO YIELD RIGHT OF WAY,12TH ST & INDIANA,39.17434998,-86.52698993
2012,12,4,Weekday,700,2-Car,No injury/unknown,FAILURE TO YIELD RIGHT OF WAY,GORDON & WALNUT ST,39.17423385,-86.53134986
2012,5,6,Weekday,1300,Moped/Motorcycle,No injury/unknown,UNSAFE BACKING,12TH & PARK AVE,39.17419418,-86.52469993
2012,8,6,Weekday,1300,2-Car,No injury/unknown,UNSAFE SPEED,10TH & SR46E,39.17414769,-86.50355804
2012,12,4,Weekday,1200,2-Car,No injury/unknown,FAILURE TO YIELD RIGHT OF WAY,FEE LN & LAW,39.174048,-86.518896
2012,9,3,Weekday,1800,2-Car,No injury/unknown,FAILURE TO YIELD RIGHT OF WAY,FEE LN & LAW,39.17395972,-86.51891984
2012,11,6,Weekday,800,2-Car,No injury/unknown,FOLLOWING TOO CLOSELY,FEE LN & LAW,39.17395972,-86.51891984
2012,10,4,Weekday,1100,2-Car,No injury/unknown,UNSAFE BACKING,FEE & LAW LN,39.1739175,-86.51802993
2012,11,2,Weekday,1200,2-Car,No injury/unknown,UNSAFE BACKING,NORTH DUNN ST,39.17360768,-86.52824386
2012,1,6,Weekday,1300,2-Car,No injury/unknown,OTHER (DRIVER) - EXPLAIN IN NARRATIVE,JORDAN AVE & LAW,39.173552,-86.515488
2012,1,3,Weekday,1700,2-Car,No injury/unknown,FAILURE TO YIELD RIGHT OF WAY,E LAW & N JORDAN AVE,39.173552,-86.515488
2012,1,6,Weekend,2000,2-Car,No injury/unknown,OVERCORRECTING/OVERSTEERING,JORDAN & LAW LN,39.173552,-86.515488
2012,8,2,Weekday,1300,2-Car,No injury/unknown,FAILURE TO YIELD RIGHT OF WAY,JORDAN AVE & LAW,39.173552,-86.515488
2012,11,1,Weekend,1700,Bus,No injury/unknown,IMPROPER PASSING,JORDAN & LAW LN,39.173552,-86.515488
2012,12,3,Weekday,2200,2-Car,No injury/unknown,FAILURE TO YIELD RIGHT OF WAY,JORDAN AVE & LAW,39.173552,-86.515488
2012,10,3,Weekday,300,1-Car,No injury/unknown,RAN OFF ROAD RIGHT,11 ST,39.17351913,-86.53903198
2012,11,2,Weekday,900,2-Car,No injury/unknown,IMPROPER LANE USAGE,11TH ST & LINCOLN,39.17348027,-86.53100989
2012,9,6,Weekday,1600,2-Car,No injury/unknown,DISREGARD SIGNAL/REG SIGN,11TH ST & GRANT,39.17347021,-86.52973987
2012,4,5,Weekday,700,2-Car,No injury/unknown,UNSAFE BACKING,E UNIVERSITY RD & SR 45 46,39.1734577,-86.50320498
2012,8,7,Weekend,1000,2-Car,No injury/unknown,OTHER (DRIVER) - EXPLAIN IN NARRATIVE,300 E 11TH ST & N LINCOLN,39.17344,-86.530992
2012,8,1,Weekend,1300,2-Car,No injury/unknown,OTHER (DRIVER) - EXPLAIN IN NARRATIVE,11TH ST & GRANT,39.17344,-86.529696
2012,10,7,Weekend,1000,Pedestrian,Incapacitating,PEDESTRIAN ACTION,E 11TH & N INDIANA AVE,39.17344,-86.527056
2012,2,6,Weekday,1300,2-Car,No injury/unknown,FAILURE TO YIELD RIGHT OF WAY,11TH ST & WOODLAWN,39.17344,-86.523616
2012,10,4,Weekday,1600,2-Car,No injury/unknown,FAILURE TO YIELD RIGHT OF WAY,11TH & WOODLAWN AVE,39.17344,-86.523616
2012,2,5,Weekday,900,2-Car,No injury/unknown,UNSAFE SPEED,E 11TH ST,39.17344,-86.522464
2012,8,3,Weekday,1600,2-Car,No injury/unknown,UNSAFE BACKING,E 11TH ST,39.17344,-86.52206074
2012,11,6,Weekday,1400,1-Car,No injury/unknown,FAILURE TO YIELD RIGHT OF WAY,11TH & WALNUT GRV,39.17344,-86.520944
2012,1,3,Weekday,1000,2-Car,No injury/unknown,FAILURE TO YIELD RIGHT OF WAY,EAST ELEVENTH & WOODLAWN AVE,39.17342157,-86.5235201
2012,11,5,Weekday,900,2-Car,No injury/unknown,FAILURE TO YIELD RIGHT OF WAY,E 11TH ST & N FORREST,39.17341992,-86.52241006
2012,2,7,Weekend,0,3+ Cars,No injury/unknown,SPEED TOO FAST FOR WEATHER CONDITIONS,JORDAN AVE & LAW,39.17340986,-86.51543967
2012,8,2,Weekday,1100,2-Car,No injury/unknown,FAILURE TO YIELD RIGHT OF WAY,VERNAL & W 11TH ST,39.173344,-86.555104
2012,12,7,Weekend,0,1-Car,No injury/unknown,SPEED TOO FAST FOR WEATHER CONDITIONS,11TH ST & VERNAL,39.173344,-86.555104
2012,1,2,Weekday,1500,2-Car,No injury/unknown,FOLLOWING TOO CLOSELY,11TH & N ADAMS ST,39.173344,-86.549792
2012,12,4,Weekday,1700,2-Car,Non-incapacitating,BRAKE FAILURE OR DEFECTIVE,ADAMS & W 11TH ST,39.173344,-86.549792
2012,5,7,Weekend,2100,Pedestrian,Non-incapacitating,UNSAFE BACKING,W 11TH ST,39.173344,-86.54734825
2012,6,2,Weekday,1700,Pedestrian,No injury/unknown,OTHER (DRIVER) - EXPLAIN IN NARRATIVE,11TH ST,39.173344,-86.547104
2012,9,3,Weekday,1600,2-Car,No injury/unknown,FAILURE TO YIELD RIGHT OF WAY,11TH ST & MONROE,39.173344,-86.547104
2012,8,6,Weekday,700,2-Car,No injury/unknown,FAILURE TO YIELD RIGHT OF WAY,11TH ST & MONROE,39.173344,-86.547104
2012,2,3,Weekday,700,2-Car,Non-incapacitating,FAILURE TO YIELD RIGHT OF WAY,11TH & FEE LN,39.1733407,-86.51893258
2012,10,5,Weekday,900,2-Car,No injury/unknown,FOLLOWING TOO CLOSELY,JONES & JORDAN AVE,39.17333111,-86.51640996
2012,2,2,Weekday,1900,Cyclist,Non-incapacitating,IMPROPER PASSING,11TH & FEE LN,39.17330743,-86.51891112
2012,2,2,Weekday,1600,Cyclist,Non-incapacitating,FAILURE TO YIELD RIGHT OF WAY,11TH & FEE LN,39.173287,-86.5189
2012,12,6,Weekday,1300,2-Car,Non-incapacitating,FAILURE TO YIELD RIGHT OF WAY,11TH & WALNUT ST,39.17327978,-86.53359018
2012,4,7,Weekend,900,1-Car,No injury/unknown,SPEED TOO FAST FOR WEATHER CONDITIONS,700 N WALNUT ST & W 11TH,39.173248,-86.533488
2012,8,6,Weekday,0,2-Car,No injury/unknown,IMPROPER TURNING,11TH & WALNUT ST,39.173248,-86.533488
2012,10,1,Weekend,100,2-Car,No injury/unknown,IMPROPER TURNING,11TH & WALNUT ST,39.173248,-86.533488
2012,10,7,Weekend,1500,2-Car,Non-incapacitating,FAILURE TO YIELD RIGHT OF WAY,11TH & WALNUT ST,39.173248,-86.533488
2012,8,4,Weekday,200,1-Car,Non-incapacitating,RAN OFF ROAD RIGHT,ELEVENTH & VERNAL PIKE,39.17323818,-86.55512325
2012,1,4,Weekday,1200,2-Car,Non-incapacitating,FOLLOWING TOO CLOSELY,N COLLEGE AVE & W 11TH,39.173232,-86.534752
2012,3,4,Weekday,2000,2-Car,No injury/unknown,FOLLOWING TOO CLOSELY,11TH & N COLLEGE AVE,39.173232,-86.534752
2012,4,5,Weekday,1200,2-Car,Non-incapacitating,FOLLOWING TOO CLOSELY,11TH & COLLEGE AVE,39.173232,-86.534752
2012,9,7,Weekend,1500,2-Car,No injury/unknown,FAILURE TO YIELD RIGHT OF WAY,11TH ST & COLLEGE,39.173232,-86.534752
2012,10,5,Weekday,1100,2-Car,No injury/unknown,FAILURE TO YIELD RIGHT OF WAY,N COLLEGE & W 11TH ST,39.173232,-86.534752
2012,12,4,Weekday,2100,2-Car,No injury/unknown,OTHER (DRIVER) - EXPLAIN IN NARRATIVE,11TH & COLLEGE AVE,39.173232,-86.534752
2012,10,5,Weekday,1600,2-Car,No injury/unknown,FAILURE TO YIELD RIGHT OF WAY,COLLEGE & W 11TH ST,39.17322748,-86.53510481
2012,5,6,Weekday,1200,2-Car,No injury/unknown,FAILURE TO YIELD RIGHT OF WAY,11TH ST & MORTON,39.17322053,-86.53564719
2012,10,4,Weekday,1200,2-Car,No injury/unknown,UNSAFE BACKING,W 11TH ST,39.17319967,-86.53691429
2012,5,3,Weekday,1500,2-Car,Incapacitating,FOLLOWING TOO CLOSELY,11TH & ROGERS ST,39.173184,-86.538528
2012,5,2,Weekday,1300,1-Car,Non-incapacitating,UNSAFE SPEED,11TH ST & FAIRVIEW,39.173152,-86.5408
2012,1,1,Weekend,1400,2-Car,No injury/unknown,UNSAFE BACKING,E LAW LN,39.17302832,-86.51339918
2012,2,4,Weekday,1700,3+ Cars,No injury/unknown,UNSAFE BACKING,N FEE LN,39.17281455,-86.51879273
2012,1,7,Weekend,2100,1-Car,No injury/unknown,SPEED TOO FAST FOR WEATHER CONDITIONS,10 ST ST & SMITH RD,39.172752,-86.482288
2012,5,2,Weekday,500,1-Car,No injury/unknown,RAN OFF ROAD RIGHT,E 10TH ST & N SMITH,39.172752,-86.482288
2012,6,1,Weekend,1200,2-Car,Non-incapacitating,DISREGARD SIGNAL/REG SIGN,E 10TH ST & SMITH,39.172752,-86.482288
2012,8,7,Weekend,1100,2-Car,No injury/unknown,FAILURE TO YIELD RIGHT OF WAY,E 10TH ST & N SMITH,39.172752,-86.482288
2012,8,6,Weekday,1100,2-Car,No injury/unknown,FAILURE TO YIELD RIGHT OF WAY,E 10TH & E SMITH RD,39.172752,-86.482288
2012,10,3,Weekday,1600,2-Car,Non-incapacitating,SPEED TOO FAST FOR WEATHER CONDITIONS,E 10TH & N SMITH RD,39.172752,-86.482288