Year,Month,Day,Weekend?,Hour,Collision Type,Injury Type,Primary Factor,Reported_Location,Latitude,Longitude
2012,8,6,Weekday,1500,1-Car,No injury/unknown,OTHER (DRIVER) - EXPLAIN IN NARRATIVE,EAST 10 TH ST & SMITH,39.1726803,-86.48266113
2012,9,7,Weekend,1600,2-Car,No injury/unknown,UNSAFE BACKING,COTTAGE GROVE AVE & PARK,39.17264,-86.52446357
2012,4,3,Weekday,1800,2-Car,Incapacitating,FAILURE TO YIELD RIGHT OF WAY,E COTTAGE GROVE & N INDIANA AVE,39.17264,-86.52704
2012,4,5,Weekday,1700,2-Car,No injury/unknown,FAILURE TO YIELD RIGHT OF WAY,COTTAGE GROVE & INDIANA AVE,39.17264,-86.52704
2012,3,4,Weekday,1900,2-Car,Non-incapacitating,DISREGARD SIGNAL/REG SIGN,COTTAGE GROVE & WOODLAWN AVE,39.17264,-86.523584
2012,12,4,Weekday,1600,2-Car,No injury/unknown,IMPROPER PASSING,WHITEHALL CROSSING BLVD,39.17259598,-86.57152557
2012,10,6,Weekday,1700,2-Car,No injury/unknown,FAILURE TO YIELD RIGHT OF WAY,COTTAGE & INDIANA AVE,39.17256027,-86.52696982
2012,8,5,Weekday,1800,2-Car,No injury/unknown,FAILURE TO YIELD RIGHT OF WAY,COTTAGE GROVE & WOODLAWN AVE,39.1725301,-86.52351982
2012,10,3,Weekday,1600,2-Car,No injury/unknown,FAILURE TO YIELD RIGHT OF WAY,COTTAGE GROVE & WOODLAWN AVE,39.1725301,-86.52351982
2012,10,4,Weekday,1700,Moped/Motorcycle,Non-incapacitating,FAILURE TO YIELD RIGHT OF WAY,COTTAGE GROVE & WOODLAWN AVE,39.1725301,-86.52351982
2012,4,4,Weekday,1000,2-Car,No injury/unknown,OTHER (DRIVER) - EXPLAIN IN NARRATIVE,COTTAGE GROVE AVE & FORREST,39.17252004,-86.52240346
2012,1,3,Weekday,1600,2-Car,No injury/unknown,FOLLOWING TOO CLOSELY,COTTAGE GROVE & FORREST AVE,39.17252004,-86.5224
2012,11,6,Weekday,1000,2-Car,No injury/unknown,DRIVER DISTRACTED - EXPLAIN IN NARRATIVE,N COLLEGE AVE,39.17250318,-86.53475984
2012,4,3,Weekday,1000,2-Car,No injury/unknown,OVERCORRECTING/OVERSTEERING,N FEE LN,39.17250261,-86.51898354
2012,5,5,Weekday,1500,2-Car,No injury/unknown,OTHER (DRIVER) - EXPLAIN IN NARRATIVE,NORTH FEE LN,39.17250261,-86.51898354
2012,9,3,Weekday,1600,2-Car,No injury/unknown,IMPROPER LANE USAGE,N FEE LN,39.17250261,-86.51898354
2012,2,6,Weekday,200,1-Car,No injury/unknown,UNSAFE SPEED,LAW LN & UNION,39.17234033,-86.50966018
2012,1,2,Weekday,1600,2-Car,No injury/unknown,IMPROPER TURNING,E LAW LN & N UNION,39.17234033,-86.50963855
2012,10,4,Weekday,1300,2-Car,No injury/unknown,OTHER (DRIVER) - EXPLAIN IN NARRATIVE,10TH & 600 N INDIANA ST,39.17222927,-86.52703315
2012,1,6,Weekday,0,2-Car,No injury/unknown,UNSAFE BACKING,NORTH UNION ST,39.172144,-86.509392
2012,10,2,Weekday,0,2-Car,No injury/unknown,OTHER (DRIVER) - EXPLAIN IN NARRATIVE,N UNION ST,39.172144,-86.509392
2012,11,1,Weekend,900,2-Car,No injury/unknown,OTHER (DRIVER) - EXPLAIN IN NARRATIVE,N UNION ST,39.172144,-86.509392
2012,9,1,Weekend,1100,Pedestrian,Non-incapacitating,PEDESTRIAN ACTION,MONROE ST,39.17212343,-86.547104
2012,12,3,Weekday,2100,2-Car,No injury/unknown,FAILURE TO YIELD RIGHT OF WAY,NORTH RANGE RD,39.17209692,-86.4954552
2012,1,2,Weekday,1600,2-Car,No injury/unknown,ROADWAY SURFACE CONDITION,10TH & COLLEGE AVE,39.17201865,-86.53476505
2012,12,4,Weekday,1100,2-Car,No injury/unknown,UNSAFE BACKING,S ROGERS ST,39.17200261,-86.53854563
2012,3,3,Weekday,1300,2-Car,No injury/unknown,OTHER (DRIVER) - EXPLAIN IN NARRATIVE,N WOODBRIDGE DR,39.17197421,-86.49072378
2012,1,2,Weekday,1700,2-Car,No injury/unknown,FOLLOWING TOO CLOSELY,2ND & ROGERS ST,39.17197385,-86.53867028
2012,7,5,Weekday,1000,2-Car,Non-incapacitating,FOLLOWING TOO CLOSELY,SO ROGERS ST & W 2ND,39.17196569,-86.53866899
2012,8,2,Weekday,1600,2-Car,Non-incapacitating,FAILURE TO YIELD RIGHT OF WAY,CURRY PIKE & PROFILE,39.17196013,-86.5829797
2012,6,6,Weekday,1500,2-Car,No injury/unknown,FAILURE TO YIELD RIGHT OF WAY,WHITEHALL CROSSING AVE,39.17191721,-86.57243661
2012,1,4,Weekday,1500,2-Car,No injury/unknown,FOLLOWING TOO CLOSELY,10TH & SR46S,39.17189797,-86.5022422
2012,7,5,Weekday,1200,1-Car,No injury/unknown,OTHER (DRIVER) - EXPLAIN IN NARRATIVE,N COLLEGE AVE,39.17186547,-86.53476669
2012,7,2,Weekday,1800,2-Car,No injury/unknown,UNSAFE LANE MOVEMENT,JACOB & WHITEHALL CROSSING BLVD,39.17183004,-86.57166011
2012,11,6,Weekday,0,2-Car,No injury/unknown,,E BALFOUR & N JORDAN ARC,39.17182654,-86.51259852
2012,6,2,Weekday,800,1-Car,No injury/unknown,IMPROPER TURNING,10TH & RANGE RD,39.17177865,-86.49531066
2012,9,5,Weekday,1800,2-Car,No injury/unknown,OTHER (DRIVER) - EXPLAIN IN NARRATIVE,NORTH WALNUT GRV,39.17174757,-86.5209335
2012,7,4,Weekday,300,1-Car,Non-incapacitating,UNSAFE SPEED,EAST 10TH ST,39.171744,-86.536
2012,8,1,Weekend,1500,2-Car,No injury/unknown,OTHER (DRIVER) - EXPLAIN IN NARRATIVE,E 10TH ST,39.171744,-86.53489371
2012,1,2,Weekday,1600,2-Car,No injury/unknown,SPEED TOO FAST FOR WEATHER CONDITIONS,10TH & NORTH COLLEGE AVE,39.171744,-86.534768
2012,4,1,Weekend,100,Cyclist,Non-incapacitating,FAILURE TO YIELD RIGHT OF WAY,10TH & COLLEGE AVE,39.171744,-86.534768
2012,7,5,Weekday,1700,2-Car,No injury/unknown,FAILURE TO YIELD RIGHT OF WAY,10TH & N COLLEGE AVE,39.171744,-86.534768
2012,7,4,Weekday,1900,2-Car,Non-incapacitating,DISREGARD SIGNAL/REG SIGN,10TH ST & COLLEGE,39.171744,-86.534768
2012,8,5,Weekday,600,2-Car,Non-incapacitating,FOLLOWING TOO CLOSELY,10TH & COLLEGE AVE,39.171744,-86.534768
2012,8,6,Weekday,0,2-Car,No injury/unknown,FAILURE TO YIELD RIGHT OF WAY,10TH & COLLEGE AVE,39.171744,-86.534768
2012,10,5,Weekday,2300,2-Car,No injury/unknown,FOLLOWING TOO CLOSELY,COLLEGE & W 10TH ST,39.171744,-86.534768
2012,10,6,Weekday,1000,2-Car,No injury/unknown,UNSAFE LANE MOVEMENT,N COLLEGE AVE & W 10TH,39.171744,-86.534768
2012,11,6,Weekday,300,Pedestrian,Non-incapacitating,FAILURE TO YIELD RIGHT OF WAY,10TH ST & COLLEGE,39.171744,-86.534768
2012,1,1,Weekend,0,2-Car,No injury/unknown,IMPROPER TURNING,10TH & WALNUT ST,39.171744,-86.53352
2012,4,1,Weekend,100,2-Car,No injury/unknown,IMPROPER TURNING,10TH & WALNUT ST,39.171744,-86.53352
2012,9,7,Weekend,1300,2-Car,No injury/unknown,DISREGARD SIGNAL/REG SIGN,10TH & WALNUT ST,39.171744,-86.53352
2012,10,2,Weekday,2000,Pedestrian,Non-incapacitating,FAILURE TO YIELD RIGHT OF WAY,E 10TH ST & WALNUT,39.171744,-86.53352
2012,9,3,Weekday,1900,2-Car,No injury/unknown,OTHER (DRIVER) - EXPLAIN IN NARRATIVE,E 10TH ST & WASHINGTON,39.171728,-86.5324
2012,10,2,Weekday,1200,2-Car,No injury/unknown,FAILURE TO YIELD RIGHT OF WAY,E 10TH ST & WASHINGTON,39.171728,-86.5324
2012,7,4,Weekday,900,2-Car,No injury/unknown,FAILURE TO YIELD RIGHT OF WAY,N JORDAN AVE,39.17172611,-86.51559859
2012,10,5,Weekday,1800,2-Car,No injury/unknown,FOLLOWING TOO CLOSELY,E 10TH ST & WASHINGTON,39.171726,-86.5322236
2012,3,3,Weekday,1400,Moped/Motorcycle,Non-incapacitating,FAILURE TO YIELD RIGHT OF WAY,10TH ST & LINCOLN,39.171712,-86.530992
2012,3,4,Weekday,1900,2-Car,No injury/unknown,DISREGARD SIGNAL/REG SIGN,10TH ST & LINCOLN,39.171712,-86.530992
2012,3,7,Weekend,1400,2-Car,No injury/unknown,FAILURE TO YIELD RIGHT OF WAY,10TH ST & LINCOLN,39.171712,-86.530992
2012,4,6,Weekday,1500,2-Car,Non-incapacitating,FAILURE TO YIELD RIGHT OF WAY,10TH & LINCOLN ST,39.171712,-86.530992
2012,4,4,Weekday,1700,2-Car,No injury/unknown,FAILURE TO YIELD RIGHT OF WAY,10TH ST & LINCOLN,39.171712,-86.530992
2012,6,6,Weekday,1700,2-Car,No injury/unknown,FAILURE TO YIELD RIGHT OF WAY,10TH ST & LINCOLN,39.171712,-86.530992
2012,11,4,Weekday,400,2-Car,No injury/unknown,DISREGARD SIGNAL/REG SIGN,EAST 10TH ST & LINCOLN,39.171712,-86.530992
2012,8,2,Weekday,700,1-Car,No injury/unknown,UNSAFE SPEED,SR37S & WHITEHALL CROSSING BLVD,39.17170543,-86.5696614
2012,7,4,Weekday,200,3+ Cars,Non-incapacitating,FAILURE TO YIELD RIGHT OF WAY,CURRY PIKE & SR48W,39.1717046,-86.58299109
2012,1,4,Weekday,800,2-Car,No injury/unknown,FAILURE TO YIELD RIGHT OF WAY,E 10TH ST & N GRANT,39.171696,-86.529696
2012,3,7,Weekend,1700,2-Car,No injury/unknown,FOLLOWING TOO CLOSELY,10TH ST & GRANT,39.171696,-86.529696
2012,9,6,Weekday,900,2-Car,No injury/unknown,LEFT OF CENTER,10TH & GRANT ST,39.171696,-86.529696
2012,7,4,Weekday,400,1-Car,No injury/unknown,RAN OFF ROAD RIGHT,N DANLIES WAY,39.17169459,-86.59827031
2012,7,6,Weekday,1400,2-Car,No injury/unknown,FAILURE TO YIELD RIGHT OF WAY,10TH ST & LINCOLN,39.1716899,-86.53103001
2012,11,5,Weekday,900,2-Car,No injury/unknown,UNSAFE BACKING,HILLSIDE & MONON DR,39.1716813,-86.53446994
2012,10,5,Weekday,1200,3+ Cars,No injury/unknown,OTHER (DRIVER) - EXPLAIN IN NARRATIVE,DUNN & EAST 10TH ST,39.17168,-86.52799136
2012,1,1,Weekend,200,2-Car,No injury/unknown,ROADWAY SURFACE CONDITION,10TH ST & DUNN,39.17168,-86.528256
2012,4,1,Weekend,1500,3+ Cars,Non-incapacitating,DRIVER DISTRACTED - EXPLAIN IN NARRATIVE,10TH ST & DUNN,39.17168,-86.528256
2012,10,6,Weekday,1700,2-Car,No injury/unknown,FOLLOWING TOO CLOSELY,10TH ST & INDIANA,39.17168,-86.527024
2012,11,5,Weekday,1800,2-Car,No injury/unknown,FAILURE TO YIELD RIGHT OF WAY,10TH & N INDIANA AVE,39.17168,-86.527024
2012,12,6,Weekday,1000,2-Car,No injury/unknown,FOLLOWING TOO CLOSELY,DUNN ST & TENTH,39.17167238,-86.52828953
2012,7,3,Weekday,1500,2-Car,No injury/unknown,FAILURE TO YIELD RIGHT OF WAY,10TH ST & GRANT,39.17166978,-86.52975998
2012,8,3,Weekday,1500,2-Car,Non-incapacitating,FAILURE TO YIELD RIGHT OF WAY,10TH ST & GRANT,39.17166978,-86.52975998
2012,10,5,Weekday,1700,2-Car,Non-incapacitating,FAILURE TO YIELD RIGHT OF WAY,10TH ST & GRANT,39.17166978,-86.52975998
2012,11,7,Weekend,1000,2-Car,No injury/unknown,OTHER (ENVIRONMENTAL) - EXPLAIN IN NARR,10TH ST & GRANT,39.17166978,-86.52975998
2012,11,3,Weekday,2000,2-Car,Non-incapacitating,FAILURE TO YIELD RIGHT OF WAY,10TH ST & GRANT,39.17166978,-86.52975998
2012,8,4,Weekday,900,2-Car,Non-incapacitating,OTHER TELEMATICS IN USE,10TH ST & DUNN,39.17166978,-86.5282844
2012,10,6,Weekday,1800,2-Car,No injury/unknown,FAILURE TO YIELD RIGHT OF WAY,10TH ST & DUNN,39.17166978,-86.52828007
2012,11,6,Weekday,1600,2-Car,No injury/unknown,FAILURE TO YIELD RIGHT OF WAY,10TH ST & BARRINGTON,39.17166978,-86.48929014
2012,5,7,Weekend,1700,2-Car,No injury/unknown,FAILURE TO YIELD RIGHT OF WAY,600 N FESS & 700 E 10TH ST,39.171664,-86.52576
2012,11,5,Weekday,1800,2-Car,No injury/unknown,FOLLOWING TOO CLOSELY,FESS & TENTH ST,39.171661,-86.52613932
2012,8,2,Weekday,1900,2-Car,No injury/unknown,DISREGARD SIGNAL/REG SIGN,10TH ST & COLLEGE,39.17165972,-86.53483003
2012,8,4,Weekday,1300,2-Car,Non-incapacitating,FAILURE TO YIELD RIGHT OF WAY,10TH & COLLEGE AVE,39.17165972,-86.53483003
2012,8,5,Weekday,1600,2-Car,No injury/unknown,IMPROPER TURNING,10TH & COLLEGE AVE,39.17165972,-86.53483003
2012,9,5,Weekday,1000,2-Car,Non-incapacitating,FOLLOWING TOO CLOSELY,10TH & COLLEGE AVE,39.17165972,-86.53483003
2012,10,2,Weekday,1000,2-Car,No injury/unknown,UNSAFE LANE MOVEMENT,10TH & COLLEGE AVE,39.17165972,-86.53483003
2012,9,6,Weekday,1500,2-Car,No injury/unknown,FOLLOWING TOO CLOSELY,10TH & WALNUT ST,39.17165972,-86.53358012
2012,12,2,Weekday,2200,2-Car,No injury/unknown,FAILURE TO YIELD RIGHT OF WAY,10TH ST & 10TH STREET MARKET,39.17165972,-86.53358012
2012,8,4,Weekday,1100,3+ Cars,No injury/unknown,FOLLOWING TOO CLOSELY,INDIANA & TENTH ST,39.17165972,-86.52698712
2012,10,2,Weekday,1600,2-Car,No injury/unknown,FOLLOWING TOO CLOSELY,10TH ST & INDIANA,39.17165972,-86.52696982
2012,12,6,Weekend,2100,2-Car,No injury/unknown,SPEED TOO FAST FOR WEATHER CONDITIONS,10TH ST & INDIANA,39.17165972,-86.52696982
2012,5,2,Weekday,1100,1-Car,No injury/unknown,OTHER (DRIVER) - EXPLAIN IN NARRATIVE,10TH ST & JEFFERSON,39.17164801,-86.50655873
2012,12,4,Weekday,1500,1-Car,No injury/unknown,UNSAFE BACKING,10TH ST & JEFFERSON,39.17164801,-86.50673515
2012,12,6,Weekday,100,2-Car,No injury/unknown,LEFT OF CENTER,EAST 10TH ST & JEFFERSON,39.17164801,-86.50673515
2012,2,4,Weekday,100,1-Car,Non-incapacitating,RAN OFF ROAD RIGHT,10TH ST & JEFFERSON,39.17164801,-86.50684101
2012,2,7,Weekend,1900,2-Car,No injury/unknown,FAILURE TO YIELD RIGHT OF WAY,10TH ST & PARK,39.171648,-86.524608
2012,5,6,Weekday,1500,2-Car,No injury/unknown,FOLLOWING TOO CLOSELY,PARK & TENTH ST,39.171648,-86.524608
2012,4,7,Weekend,1200,2-Car,No injury/unknown,FAILURE TO YIELD RIGHT OF WAY,10TH ST & PARK,39.171648,-86.524608
2012,8,3,Weekday,1500,Moped/Motorcycle,Non-incapacitating,FAILURE TO YIELD RIGHT OF WAY,E 10TH ST & PARK,39.171648,-86.524608
2012,1,3,Weekday,800,2-Car,No injury/unknown,FOLLOWING TOO CLOSELY,E 10TH ST & N JEFFERSON,39.171648,-86.507088
2012,1,7,Weekend,200,1-Car,No injury/unknown,SPEED TOO FAST FOR WEATHER CONDITIONS,10TH ST & JEFFERSON,39.171648,-86.507088
2012,4,7,Weekend,2000,1-Car,Non-incapacitating,SPEED TOO FAST FOR WEATHER CONDITIONS,E 10TH ST & N JEFFERSON,39.171648,-86.507088
2012,4,1,Weekend,100,1-Car,No injury/unknown,SPEED TOO FAST FOR WEATHER CONDITIONS,10TH ST & JEFFERSON,39.171648,-86.507088
2012,4,2,Weekday,1700,2-Car,No injury/unknown,FOLLOWING TOO CLOSELY,E 10TH ST & N JEFFERSON,39.171648,-86.507088
2012,5,4,Weekday,900,2-Car,Non-incapacitating,UNSAFE SPEED,10TH ST & JEFFERSON,39.171648,-86.507088
2012,10,7,Weekend,1500,Moped/Motorcycle,Incapacitating,OTHER (DRIVER) - EXPLAIN IN NARRATIVE,10TH ST & JEFFERSON,39.171648,-86.507088
2012,10,5,Weekday,1200,1-Car,No injury/unknown,OTHER (VEHICLE) - EXPLAIN IN NARRATIVE,E 10TH ST & N JEFFERSON,39.171648,-86.507088
2012,10,6,Weekday,1400,2-Car,No injury/unknown,FOLLOWING TOO CLOSELY,10TH ST & JEFFERSON,39.171648,-86.507088
2012,11,6,Weekday,400,2-Car,No injury/unknown,FOLLOWING TOO CLOSELY,10TH ST & JEFFERSON,39.171648,-86.507088
2012,5,7,Weekend,1900,2-Car,No injury/unknown,UNSAFE BACKING,E 10TH ST,39.171648,-86.50369927
2012,7,1,Weekend,100,1-Car,No injury/unknown,OTHER (DRIVER) - EXPLAIN IN NARRATIVE,E 10TH ST,39.171648,-86.50295229
2012,1,3,Weekday,1300,2-Car,No injury/unknown,UNSAFE SPEED,10TH ST & SR46E,39.171648,-86.502096
2012,4,7,Weekend,300,2-Car,Non-incapacitating,OTHER (DRIVER) - EXPLAIN IN NARRATIVE,10TH & SR46E,39.171648,-86.502096
2012,5,7,Weekend,1900,2-Car,No injury/unknown,DRIVER DISTRACTED - EXPLAIN IN NARRATIVE,10TH & SR46W,39.171648,-86.502096
2012,5,3,Weekday,1500,2-Car,No injury/unknown,DRIVER DISTRACTED - EXPLAIN IN NARRATIVE,10TH & SR46S,39.171648,-86.502096
2012,7,1,Weekend,1200,2-Car,Non-incapacitating,FAILURE TO YIELD RIGHT OF WAY,10TH & SR46S,39.171648,-86.502096
2012,8,6,Weekday,1300,2-Car,No injury/unknown,UNSAFE SPEED,10TH & SR46E,39.171648,-86.502096
2012,5,3,Weekday,2100,2-Car,No injury/unknown,IMPROPER TURNING,E 10TH ST,39.17164591,-86.50199444
2012,11,1,Weekend,1600,1-Car,No injury/unknown,UNSAFE BACKING,E 10TH ST,39.17164435,-86.50191826
2012,11,6,Weekday,1500,1-Car,No injury/unknown,UNSAFE BACKING,E 10TH ST,39.17164435,-86.50191826
2012,8,6,Weekday,1700,2-Car,No injury/unknown,UNSAFE BACKING,EAST 10TH ST,39.17164278,-86.50184209
2012,10,6,Weekend,2100,2-Car,No injury/unknown,,E 10TH ST,39.17164278,-86.50184209
2012,9,3,Weekday,900,2-Car,No injury/unknown,OTHER (DRIVER) - EXPLAIN IN NARRATIVE,SR45W & SR46,39.17164076,-86.50174328
2012,8,7,Weekend,100,2-Car,No injury/unknown,FAILURE TO YIELD RIGHT OF WAY,10TH ST & WOODLAWN,39.17164028,-86.52349971
2012,10,2,Weekday,1800,2-Car,No injury/unknown,FOLLOWING TOO CLOSELY,10TH ST & WOODLAWN,39.17164028,-86.52349971
2012,12,3,Weekday,1500,2-Car,No injury/unknown,FOLLOWING TOO CLOSELY,FORREST & TENTH ST,39.17163204,-86.522386
2012,1,4,Weekday,2200,2-Car,Non-incapacitating,FAILURE TO YIELD RIGHT OF WAY,10TH ST & WOODLAWN,39.171632,-86.523536
2012,2,2,Weekday,2300,2-Car,No injury/unknown,UNSAFE BACKING,EAST 10TH ST,39.171632,-86.523536
2012,2,5,Weekday,1900,2-Car,No injury/unknown,UNSAFE BACKING,E 10TH ST & WOODLAWN,39.171632,-86.523536
2012,6,1,Weekend,800,2-Car,No injury/unknown,FAILURE TO YIELD RIGHT OF WAY,E 10TH ST & N WOODLAWN,39.171632,-86.523536
2012,10,2,Weekday,2100,3+ Cars,Non-incapacitating,DRIVER DISTRACTED - EXPLAIN IN NARRATIVE,10TH ST & WOODLAWN,39.171632,-86.523536
2012,10,6,Weekday,1200,3+ Cars,No injury/unknown,FOLLOWING TOO CLOSELY,10TH ST & FORREST,39.17163022,-86.52237989
2012,10,1,Weekend,1700,3+ Cars,No injury/unknown,FOLLOWING TOO CLOSELY,10TH ST & FORREST,39.17163022,-86.52237989
2012,11,5,Weekday,1600,2-Car,No injury/unknown,FOLLOWING TOO CLOSELY,10TH ST & FORREST,39.17163022,-86.52237989
2012,12,4,Weekday,1100,2-Car,No injury/unknown,UNSAFE BACKING,TENTH & WOODLAWN AVE,39.17162998,-86.52351778
2012,9,2,Weekday,1600,Bus,No injury/unknown,FAILURE TO YIELD RIGHT OF WAY,TENTH & WOODLAWN AVE,39.17161805,-86.52351755
2012,8,3,Weekday,900,2-Car,No injury/unknown,DRIVER DISTRACTED - EXPLAIN IN NARRATIVE,10TH ST & WALNUT,39.1716101,-86.52098983
2012,8,6,Weekday,1800,2-Car,No injury/unknown,FAILURE TO YIELD RIGHT OF WAY,10TH ST & WALNUT GROVE,39.1716101,-86.52098983
2012,2,7,Weekend,200,2-Car,No injury/unknown,FAILURE TO YIELD RIGHT OF WAY,10TH ST & FEE,39.1716101,-86.51901975
2012,8,7,Weekend,1600,3+ Cars,No injury/unknown,FOLLOWING TOO CLOSELY,10TH ST & WALNUT GROVE,39.17160188,-86.52107241
2012,6,3,Weekday,1200,2-Car,No injury/unknown,UNSAFE BACKING,EAST TENTH ST,39.17160138,-86.51021338
2012,1,5,Weekday,1600,2-Car,No injury/unknown,FOLLOWING TOO CLOSELY,E 10TH ST & N WALNUT GROVE,39.1716,-86.520896
2012,10,6,Weekend,1900,2-Car,No injury/unknown,FAILURE TO YIELD RIGHT OF WAY,JORDAN AVE & TENTH,39.17159826,-86.5156478
2012,12,7,Weekend,2300,2-Car,Non-incapacitating,FAILURE TO YIELD RIGHT OF WAY,E LAW & JORDAN AVE,39.17159826,-86.5156478
2012,9,7,Weekend,1400,1-Car,Non-incapacitating,OVERCORRECTING/OVERSTEERING,E TENTH ST & TULIP TREE,39.17159402,-86.50451571
2012,10,6,Weekday,1400,2-Car,No injury/unknown,FOLLOWING TOO CLOSELY,10TH ST & JORDAN,39.17158999,-86.51565379
2012,2,2,Weekday,1900,2-Car,No injury/unknown,UNSAFE SPEED,E 10TH ST & N CAMPBELL,39.17158999,-86.51394031
2012,2,2,Weekday,1100,2-Car,No injury/unknown,IMPROPER TURNING,E 11TH ST & N FEE,39.171584,-86.518688
2012,3,2,Weekday,1200,2-Car,No injury/unknown,UNSAFE BACKING,11TH ST & FEE,39.171584,-86.518688
2012,4,6,Weekday,300,2-Car,No injury/unknown,FAILURE TO YIELD RIGHT OF WAY,10TH ST & FEE,39.171584,-86.518688
2012,7,5,Weekday,1300,2-Car,No injury/unknown,FOLLOWING TOO CLOSELY,E TENTH ST & FEE,39.171584,-86.518688
2012,10,6,Weekend,2100,2-Car,No injury/unknown,FOLLOWING TOO CLOSELY,10TH ST & FEE,39.171584,-86.518688
2012,5,4,Weekday,1200,2-Car,No injury/unknown,UNSAFE SPEED,10TH ST & SUNRISE,39.17157993,-86.51250581
2012,8,5,Weekday,1200,2-Car,No injury/unknown,UNSAFE BACKING,E 10TH ST & N SUNRISE,39.17157993,-86.51249283
2012,10,6,Weekday,1300,1-Car,Non-incapacitating,UNSAFE SPEED,E 10TH ST & N SUNRISE,39.17157993,-86.5124885
2012,10,6,Weekend,1900,2-Car,No injury/unknown,FOLLOWING TOO CLOSELY,10TH ST & SUNRISE,39.17157993,-86.51248418
2012,10,4,Weekday,1900,2-Car,No injury/unknown,FAILURE TO YIELD RIGHT OF WAY,10TH ST & SUNRISE,39.17157993,-86.51247985
2012,5,4,Weekday,1700,2-Car,Non-incapacitating,FOLLOWING TOO CLOSELY,10TH ST & N FEE,39.17157828,-86.51815878
2012,8,5,Weekday,1600,2-Car,No injury/unknown,UNSAFE BACKING,E 10TH ST,39.17157747,-86.51808392
2012,9,2,Weekday,2100,2-Car,No injury/unknown,UNSAFE BACKING,E 10TH ST,39.17157747,-86.51808392
2012,1,6,Weekday,400,1-Car,No injury/unknown,SPEED TOO FAST FOR WEATHER CONDITIONS,10TH ST & FEE,39.17157638,-86.51798237
2012,8,6,Weekday,1500,1-Car,No injury/unknown,FOLLOWING TOO CLOSELY,10TH ST & FEE,39.17157638,-86.51798237
2012,6,3,Weekday,1800,2-Car,No injury/unknown,IMPROPER TURNING,SR46 & UNIONVILLE,39.1715658,-86.50228603
2012,7,4,Weekday,1700,2-Car,No injury/unknown,UNSAFE LANE MOVEMENT,SR45 & SR46,39.1715658,-86.50228603
2012,2,1,Weekend,1000,2-Car,No injury/unknown,OTHER (DRIVER) - EXPLAIN IN NARRATIVE,EAST TENTH ST,39.17156383,-86.51814334
2012,5,3,Weekday,900,2-Car,No injury/unknown,UNSAFE BACKING,EAST TENTH ST,39.17156383,-86.51814334
2012,9,3,Weekday,1900,2-Car,No injury/unknown,UNSAFE BACKING,10TH ST,39.17156383,-86.51814334
2012,1,3,Weekday,1300,2-Car,No injury/unknown,UNSAFE LANE MOVEMENT,10TH & JORDAN AVE,39.171552,-86.515728
2012,2,4,Weekday,0,2-Car,No injury/unknown,FAILURE TO YIELD RIGHT OF WAY,10TH & JORDAN AVE,39.171552,-86.515728
2012,3,6,Weekday,1300,2-Car,No injury/unknown,IMPROPER TURNING,10TH & JORDAN AVE,39.171552,-86.515728
2012,4,7,Weekend,1900,2-Car,No injury/unknown,FOLLOWING TOO CLOSELY,10TH & JORDAN AVE,39.171552,-86.515728
2012,4,1,Weekend,1400,2-Car,No injury/unknown,FAILURE TO YIELD RIGHT OF WAY,E 10TH ST & N JORDAN,39.171552,-86.515728
2012,4,5,Weekday,1000,2-Car,No injury/unknown,IMPROPER TURNING,10TH & 600 N JORDAN (PARKING LOT) AVE,39.171552,-86.515728
2012,5,3,Weekday,1100,Bus,No injury/unknown,FOLLOWING TOO CLOSELY,1400 E TENTH ST & 600 N JORDAN,39.171552,-86.515728
2012,5,6,Weekday,1400,2-Car,No injury/unknown,,N JORDAN AVE,39.171552,-86.515728
2012,10,6,Weekday,1000,2-Car,No injury/unknown,UNSAFE BACKING,10TH & JORDAN AVE,39.171552,-86.515728
2012,10,6,Weekday,1100,2-Car,No injury/unknown,FAILURE TO YIELD RIGHT OF WAY,10TH ST & UNION,39.17154975,-86.50942867
2012,4,7,Weekend,1800,2-Car,No injury/unknown,FOLLOWING TOO CLOSELY,10TH ST & JORDAN,39.17154708,-86.51537521
2012,10,1,Weekend,1300,3+ Cars,Non-incapacitating,FOLLOWING TOO CLOSELY,10TH ST & RANGE,39.17154567,-86.49707538
2012,10,1,Weekend,1300,2-Car,No injury/unknown,FOLLOWING TOO CLOSELY,10TH ST & RANGE,39.17154567,-86.49707538
2012,2,3,Weekday,1200,1-Car,No injury/unknown,ACCELERATOR FAILURE OR DEFECTIVE,E TENTH ST,39.17154036,-86.51313968
2012,12,7,Weekend,1400,2-Car,No injury/unknown,UNSAFE BACKING,E TENTH ST,39.17154036,-86.51313968
2012,2,6,Weekday,1600,1-Car,No injury/unknown,ANIMAL/OBJECT IN ROADWAY,FLEENER RD & HASH,39.17153535,-86.4017051