Year,Month,Day,Weekend?,Hour,Collision Type,Injury Type,Primary Factor,Reported_Location,Latitude,Longitude
2012,8,3,Weekday,1200,2-Car,Non-incapacitating,FOLLOWING TOO CLOSELY,SR46E & TENTH,39.17153031,-86.50220967
2012,9,6,Weekday,1600,2-Car,No injury/unknown,FOLLOWING TOO CLOSELY,10TH ST & 45 46 BYPASS,39.17153031,-86.50220967
2012,9,7,Weekend,1800,2-Car,No injury/unknown,FOLLOWING TOO CLOSELY,10TH ST & 45 46,39.17153031,-86.50220967
2012,9,4,Weekday,800,2-Car,No injury/unknown,OTHER (DRIVER) - EXPLAIN IN NARRATIVE,SR46N & TENTH,39.17153031,-86.50220967
2012,10,6,Weekday,1000,2-Car,No injury/unknown,FOLLOWING TOO CLOSELY,10TH & SR46W,39.17153031,-86.50220967
2012,10,6,Weekend,2000,2-Car,No injury/unknown,FAILURE TO YIELD RIGHT OF WAY,10TH & SR46E,39.17153031,-86.50220967
2012,6,1,Weekend,1700,2-Car,No injury/unknown,OTHER (DRIVER) - EXPLAIN IN NARRATIVE,E 10TH ST,39.17152695,-86.49442523
2012,7,6,Weekday,1300,2-Car,No injury/unknown,FAILURE TO YIELD RIGHT OF WAY,E 10TH ST,39.17152628,-86.49444334
2012,2,3,Weekday,600,1-Car,No injury/unknown,ANIMAL/OBJECT IN ROADWAY,10TH ST & PETE ELLIS,39.17152424,-86.4960172
2012,10,3,Weekday,1500,Bus,No injury/unknown,IMPROPER TURNING,TENTH & UNIONVILLE RD,39.17151399,-86.50678277
2012,1,2,Weekday,1900,2-Car,No injury/unknown,UNSAFE BACKING,E 10TH ST,39.171504,-86.512288
2012,4,3,Weekday,1800,2-Car,No injury/unknown,OVERCORRECTING/OVERSTEERING,E 10TH ST,39.171504,-86.512288
2012,8,6,Weekday,1800,2-Car,No injury/unknown,IMPROPER TURNING,EAST 10TH ST,39.171504,-86.512288
2012,9,6,Weekday,1200,2-Car,No injury/unknown,OVERCORRECTING/OVERSTEERING,E 10TH ST,39.171504,-86.512288
2012,12,3,Weekday,1900,2-Car,No injury/unknown,UNSAFE BACKING,E 10TH ST ST,39.171504,-86.512288
2012,3,7,Weekend,500,2-Car,Non-incapacitating,DISREGARD SIGNAL/REG SIGN,10TH ST & PETE ELLIS,39.171504,-86.495312
2012,4,3,Weekday,1600,2-Car,No injury/unknown,FOLLOWING TOO CLOSELY,E 10TH ST & RANGE,39.171504,-86.495312
2012,8,2,Weekday,500,2-Car,No injury/unknown,UNSAFE SPEED,RANGE & SR46S,39.171504,-86.495312
2012,8,2,Weekday,1400,2-Car,No injury/unknown,FOLLOWING TOO CLOSELY,10TH & N PETE ELLIS DR,39.171504,-86.495312
2012,9,2,Weekday,1500,2-Car,No injury/unknown,FOLLOWING TOO CLOSELY,10TH ST & NORTH PETE ELLIS,39.171504,-86.495312
2012,11,5,Weekday,700,2-Car,Non-incapacitating,FOLLOWING TOO CLOSELY,E 10TH ST & N PETE ELLIS,39.171504,-86.495312
2012,1,4,Weekday,0,2-Car,No injury/unknown,,E 10TH ST,39.171504,-86.49509867
2012,3,7,Weekend,2300,2-Car,No injury/unknown,UNSAFE BACKING,E 10TH ST,39.171504,-86.49509867
2012,4,2,Weekday,2000,3+ Cars,Non-incapacitating,FAILURE TO YIELD RIGHT OF WAY,SR45,39.171504,-86.494992
2012,2,5,Weekday,2100,2-Car,Non-incapacitating,DRIVER ASLEEP OR FATIGUED,10TH ST & JOHN HINKLE,39.171504,-86.49296
2012,12,4,Weekday,2200,1-Car,No injury/unknown,OTHER (DRIVER) - EXPLAIN IN NARRATIVE,EAST 10TH ST,39.17149074,-86.50190256
2012,7,1,Weekday,2100,Moped/Motorcycle,Non-incapacitating,OVERCORRECTING/OVERSTEERING,10TH ST & PETE ELLIS,39.17149007,-86.4953801
2012,10,6,Weekday,1300,2-Car,No injury/unknown,FAILURE TO YIELD RIGHT OF WAY,10TH ST & PETE ELLIS,39.17149007,-86.4953801
2012,12,2,Weekday,1400,2-Car,Non-incapacitating,DISREGARD SIGNAL/REG SIGN,10TH ST & PETE ELLIS,39.17149007,-86.4953801
2012,10,5,Weekday,1700,2-Car,No injury/unknown,FOLLOWING TOO CLOSELY,10TH ST & RANGE,39.17149007,-86.49537577
2012,9,5,Weekday,1600,2-Car,Non-incapacitating,FAILURE TO YIELD RIGHT OF WAY,10TH ST & RANGE,39.17149007,-86.4953628
2012,9,2,Weekday,1500,3+ Cars,No injury/unknown,SPEED TOO FAST FOR WEATHER CONDITIONS,RANGE & SR45,39.17148519,-86.49626951
2012,10,7,Weekend,2000,2-Car,No injury/unknown,IMPROPER TURNING,EAST 10TH ST,39.17148317,-86.51039227
2012,9,3,Weekday,1600,2-Car,No injury/unknown,UNSAFE BACKING,E 10TH ST,39.17148166,-86.51025546
2012,1,5,Weekday,1600,2-Car,No injury/unknown,FOLLOWING TOO CLOSELY,10TH ST & UNION,39.17147976,-86.51008162
2012,1,2,Weekday,1700,2-Car,No injury/unknown,FOLLOWING TOO CLOSELY,10TH ST & UNION,39.17147588,-86.50972881
2012,9,7,Weekend,0,2-Car,No injury/unknown,FAILURE TO YIELD RIGHT OF WAY,10TH ST & UNION,39.17147588,-86.50972881
2012,1,5,Weekday,2200,2-Car,No injury/unknown,SPEED TOO FAST FOR WEATHER CONDITIONS,10TH ST & UNION,39.171472,-86.509376
2012,1,3,Weekday,700,2-Car,No injury/unknown,FAILURE TO YIELD RIGHT OF WAY,TENTH ST & UNION,39.171472,-86.509376
2012,3,7,Weekend,2100,2-Car,No injury/unknown,FAILURE TO YIELD RIGHT OF WAY,E 10TH ST & N UNION,39.171472,-86.509376
2012,4,1,Weekend,900,2-Car,No injury/unknown,FOLLOWING TOO CLOSELY,EAST TENTH ST & UNION,39.171472,-86.509376
2012,6,4,Weekday,1200,2-Car,No injury/unknown,UNSAFE LANE MOVEMENT,10TH & UNION ST,39.171472,-86.509376
2012,8,2,Weekday,1700,2-Car,Non-incapacitating,FOLLOWING TOO CLOSELY,10TH ST & UNION,39.171472,-86.509376
2012,9,3,Weekday,1800,Moped/Motorcycle,No injury/unknown,FAILURE TO YIELD RIGHT OF WAY,E 10TH ST,39.171472,-86.509376
2012,11,5,Weekday,1200,2-Car,No injury/unknown,UNSAFE BACKING,E 10TH & N UNION ST,39.171472,-86.509376
2012,12,5,Weekday,2000,3+ Cars,No injury/unknown,SPEED TOO FAST FOR WEATHER CONDITIONS,E 10TH ST,39.171472,-86.509376
2012,9,7,Weekend,1900,2-Car,No injury/unknown,FAILURE TO YIELD RIGHT OF WAY,10TH & WALNUT ST,39.17146936,-86.53352366
2012,2,1,Weekend,1500,3+ Cars,No injury/unknown,WRONG WAY ON ONE WAY,10TH & COLLEGE AVE,39.17146934,-86.534768
2012,9,2,Weekday,1400,3+ Cars,No injury/unknown,FOLLOWING TOO CLOSELY,10TH & N COLLEGE AVE,39.17146934,-86.534768
2012,10,7,Weekend,1800,2-Car,No injury/unknown,IMPROPER TURNING,10TH ST & JEFFERSON,39.17141028,-86.50720998
2012,7,3,Weekday,1900,1-Car,Non-incapacitating,RAN OFF ROAD RIGHT,10 TH & ROGERS ST,39.17140022,-86.53859987
2012,10,4,Weekday,1600,3+ Cars,No injury/unknown,FAILURE TO YIELD RIGHT OF WAY,10TH & COLLEGE AVE,39.17133202,-86.534768
2012,11,6,Weekday,500,2-Car,No injury/unknown,UNSAFE BACKING,EAST 10TH ST,39.171312,-86.5492
2012,4,2,Weekday,2000,2-Car,Non-incapacitating,FAILURE TO YIELD RIGHT OF WAY,10TH & JORDAN AVE,39.17127835,-86.51575822
2012,9,3,Weekday,200,2-Car,No injury/unknown,UNSAFE BACKING,519 N COLLEGE (PARKING LOT) AVE & MORTON,39.171135,-86.53522392
2012,9,1,Weekend,1300,3+ Cars,No injury/unknown,FOLLOWING TOO CLOSELY,9TH & COLLEGE AVE,39.17095598,-86.534768
2012,3,6,Weekday,1800,2-Car,No injury/unknown,FOLLOWING TOO CLOSELY,BASSWOOD DR & BLOOMFIELD,39.17092115,-86.56889006
2012,9,6,Weekday,1500,2-Car,No injury/unknown,UNSAFE BACKING,SOUTH COLLEGE AVE,39.17088686,-86.534768
2012,8,7,Weekend,2300,1-Car,Non-incapacitating,OTHER (DRIVER) - EXPLAIN IN NARRATIVE,LINCOLN ST,39.17085388,-86.530992
2012,9,7,Weekend,1400,2-Car,Non-incapacitating,FOLLOWING TOO CLOSELY,JOHN HINKLE & N PETE ELLIS DR,39.17085256,-86.49555389
2012,10,4,Weekday,1300,2-Car,No injury/unknown,FAILURE TO YIELD RIGHT OF WAY,4TH & GRANT ST,39.17084706,-86.52981966
2012,6,6,Weekend,1900,1-Car,No injury/unknown,OTHER (DRIVER) - EXPLAIN IN NARRATIVE,N BELL TRACE DR,39.17074911,-86.49035096
2012,2,2,Weekday,2000,2-Car,No injury/unknown,OVERCORRECTING/OVERSTEERING,N SUNRISE AVE,39.1707471,-86.51252947
2012,10,6,Weekday,1500,2-Car,No injury/unknown,FOLLOWING TOO CLOSELY,10TH & JORDAN AVE,39.17073106,-86.51581866
2012,2,6,Weekday,1500,2-Car,No injury/unknown,FAILURE TO YIELD RIGHT OF WAY,JOHN HINKLE & PETE ELLIS DR,39.17072,-86.4956
2012,5,5,Weekday,1400,Bus,No injury/unknown,IMPROPER TURNING,E JOHN HINKLE PL & N PETE ELLIS,39.17072,-86.4956
2012,10,3,Weekday,900,2-Car,No injury/unknown,UNSAFE BACKING,N JACOB DR,39.17064987,-86.57224014
2012,1,6,Weekend,2100,1-Car,No injury/unknown,ROADWAY SURFACE CONDITION,SR43S & SR48W,39.17064,-86.680896
2012,1,6,Weekend,2200,1-Car,No injury/unknown,ROADWAY SURFACE CONDITION,SR43S & SR48W,39.17064,-86.680896
2012,12,3,Weekday,900,2-Car,No injury/unknown,IMPROPER TURNING,NORTH DANIELS WAY,39.17061234,-86.5968399
2012,10,1,Weekend,1200,2-Car,No injury/unknown,OTHER (DRIVER) - EXPLAIN IN NARRATIVE,9TH ST & MORTON,39.170544,-86.53582358
2012,9,1,Weekend,1300,2-Car,No injury/unknown,FOLLOWING TOO CLOSELY,455 S COLLEGE AVE & 9TH,39.170544,-86.534768
2012,9,5,Weekday,1100,Bus,No injury/unknown,RAN OFF ROAD RIGHT,9TH & N COLLEGE AVE,39.170544,-86.534768
2012,12,5,Weekday,1100,Pedestrian,Non-incapacitating,FAILURE TO YIELD RIGHT OF WAY,N COLLEGE & W9TH ST,39.170544,-86.534768
2012,5,6,Weekend,2000,2-Car,No injury/unknown,UNSAFE LANE MOVEMENT,E 9TH & N WALNUT ST,39.170544,-86.533536
2012,8,2,Weekday,1300,2-Car,No injury/unknown,IMPROPER TURNING,9TH & WALNUT ST,39.170544,-86.533536
2012,9,3,Weekday,1000,2-Car,No injury/unknown,FAILURE TO YIELD RIGHT OF WAY,9TH & N WASHINGTON ST,39.170544,-86.5324
2012,11,6,Weekday,0,2-Car,No injury/unknown,FAILURE TO YIELD RIGHT OF WAY,E 9TH & N WASHINGTON ST,39.170544,-86.5324
2012,2,4,Weekday,0,2-Car,No injury/unknown,OTHER (DRIVER) - EXPLAIN IN NARRATIVE,E 9TH ST & N GRANT,39.170544,-86.529696
2012,8,3,Weekday,1600,2-Car,Non-incapacitating,DISREGARD SIGNAL/REG SIGN,9TH & N GRANT ST,39.170544,-86.529696
2012,9,4,Weekday,1800,2-Car,No injury/unknown,DISREGARD SIGNAL/REG SIGN,EAST 9TH & NORTH GRANT ST,39.170544,-86.529696
2012,2,3,Weekday,1700,2-Car,Non-incapacitating,FAILURE TO YIELD RIGHT OF WAY,9TH & INDIANA AVE,39.170544,-86.526992
2012,4,5,Weekday,200,2-Car,No injury/unknown,WRONG WAY ON ONE WAY,E 9TH ST & N INDIANA AVE AVE,39.170544,-86.526992
2012,10,3,Weekday,500,1-Car,Non-incapacitating,RAN OFF ROAD RIGHT,E 9TH & N INDIANA AVE,39.170544,-86.526992
2012,6,6,Weekday,900,2-Car,No injury/unknown,UNSAFE BACKING,9TH ST & PARK,39.170544,-86.52456
2012,10,2,Weekday,1200,2-Car,No injury/unknown,UNSAFE BACKING,9TH ST & WOODLAWN,39.170544,-86.523488
2012,5,7,Weekend,1700,2-Car,No injury/unknown,UNSAFE LANE MOVEMENT,9TH & WALNUT AVE,39.17048907,-86.53353689
2012,6,2,Weekday,300,2-Car,No injury/unknown,DISREGARD SIGNAL/REG SIGN,PROFILE PKWY & ZENITH,39.17048022,-86.59237012
2012,10,7,Weekend,1800,2-Car,No injury/unknown,FAILURE TO YIELD RIGHT OF WAY,9TH & DUNN ST,39.17045005,-86.52827002
2012,8,5,Weekday,1900,2-Car,No injury/unknown,UNSAFE BACKING,9TH ST & INDIANA,39.17045005,-86.52697328
2012,10,3,Weekday,1600,2-Car,No injury/unknown,UNSAFE LANE MOVEMENT,9TH & NORTH COLLEGE AVE,39.17033802,-86.53477132
2012,8,6,Weekday,1800,2-Car,No injury/unknown,FOLLOWING TOO CLOSELY,9TH & N COLLEGE AVE,39.17026937,-86.53477243
2012,3,5,Weekday,1300,2-Car,No injury/unknown,IMPROPER LANE USAGE,9TH & WALNUT ST,39.17026937,-86.53354043
2012,1,7,Weekend,1400,2-Car,No injury/unknown,FAILURE TO YIELD RIGHT OF WAY,EASTGATE & SR4546E,39.17024,-86.501392
2012,3,4,Weekday,1600,Bus,No injury/unknown,OVERCORRECTING/OVERSTEERING,EASTGATE & SR4546S,39.17024,-86.501392
2012,3,7,Weekend,1600,2-Car,No injury/unknown,FAILURE TO YIELD RIGHT OF WAY,EASTGATE & SR46N,39.17024,-86.501392
2012,4,5,Weekday,200,Pedestrian,Incapacitating,OTHER (DRIVER) - EXPLAIN IN NARRATIVE,EASTGATE & SR4546,39.17024,-86.501392
2012,8,2,Weekday,1900,2-Car,No injury/unknown,OTHER (VEHICLE) - EXPLAIN IN NARRATIVE,E EASTGATE LN,39.17024,-86.501392
2012,10,5,Weekday,1500,2-Car,Non-incapacitating,FAILURE TO YIELD RIGHT OF WAY,EASTGATE & SR46S,39.17024,-86.501392
2012,12,3,Weekday,1900,2-Car,No injury/unknown,,E EASTGATE LN,39.17024,-86.501392
2012,2,6,Weekday,300,3+ Cars,Non-incapacitating,DRIVER DISTRACTED - EXPLAIN IN NARRATIVE,8TH & COLLEGE AVE,39.17023859,-86.53477293
2012,2,6,Weekday,1400,2-Car,No injury/unknown,,E EASTGATE LN,39.17017438,-86.50122511
2012,6,1,Weekend,1600,Moped/Motorcycle,Non-incapacitating,FAILURE TO YIELD RIGHT OF WAY,EASTGATE & SR4546S,39.17016962,-86.50148749
2012,4,2,Weekday,1500,2-Car,No injury/unknown,FAILURE TO YIELD RIGHT OF WAY,DANIELS WAY & ZENITH,39.17015031,-86.59829981
2012,10,5,Weekday,1100,2-Car,No injury/unknown,UNSAFE BACKING,EASTGATE LN & SR46,39.17012767,-86.50208277
2012,1,1,Weekend,1400,2-Car,No injury/unknown,UNSAFE BACKING,NORTH GATES DR,39.17012013,-86.57636806
2012,4,7,Weekend,1200,2-Car,No injury/unknown,UNSAFE BACKING,N GATES DR,39.17012013,-86.57636806
2012,1,4,Weekday,1300,3+ Cars,No injury/unknown,IMPROPER PASSING,EASTGATE & SR46E,39.17011202,-86.50132801
2012,12,5,Weekday,1600,2-Car,No injury/unknown,UNSAFE BACKING,N COLLEGE AVE,39.17009861,-86.53477518
2012,12,3,Weekday,900,2-Car,No injury/unknown,FAILURE TO YIELD RIGHT OF WAY,DAVIS & WALNUT ST,39.1700674,-86.53369009
2012,9,6,Weekday,1600,2-Car,No injury/unknown,UNSAFE BACKING,GATES DR,39.1698761,-86.57495117
2012,3,5,Weekday,700,1-Car,No injury/unknown,OTHER (DRIVER) - EXPLAIN IN NARRATIVE,EAST RD,39.169856,-86.50376
2012,11,2,Weekday,700,1-Car,No injury/unknown,OTHER (DRIVER) - EXPLAIN IN NARRATIVE,300 BLK S ADAMS ST & VERNAL,39.16974407,-86.54968801
2012,12,6,Weekday,1500,1-Car,No injury/unknown,RAN OFF ROAD RIGHT,W 8TH TRL 6 ST,39.16972931,-86.55493061
2012,1,7,Weekend,1600,2-Car,No injury/unknown,ROADWAY SURFACE CONDITION,N GRANT ST,39.16971396,-86.529696
2012,6,5,Weekday,2100,2-Car,No injury/unknown,IMPROPER TURNING,N WALNUT ST,39.16969371,-86.53354971
2012,5,6,Weekend,2100,2-Car,No injury/unknown,UNSAFE LANE MOVEMENT,8TH & WALNUT ST,39.16968932,-86.53354979
2012,10,4,Weekday,2000,Moped/Motorcycle,Incapacitating,ANIMAL/OBJECT IN ROADWAY,N HOPEWELL & W 8TH ST,39.16968,-86.552192
2012,8,5,Weekday,1900,2-Car,No injury/unknown,UNSAFE BACKING,NORTH JORDAN AVE,39.16964203,-86.51621751
2012,4,5,Weekday,800,1-Car,No injury/unknown,OTHER (DRIVER) - EXPLAIN IN NARRATIVE,NORTH PROFILE PKWY,39.16962795,-86.59242242
2012,10,4,Weekday,1200,2-Car,No injury/unknown,OTHER (DRIVER) - EXPLAIN IN NARRATIVE,EASTGATE LN,39.16960144,-86.50052642
2012,7,4,Weekday,2200,2-Car,No injury/unknown,UNSAFE BACKING,N PETE ELLIS DR,39.169584,-86.495904
2012,9,7,Weekend,1100,2-Car,No injury/unknown,OVERCORRECTING/OVERSTEERING,N MORTON ST & W 8TH,39.169568,-86.536
2012,1,7,Weekend,1700,2-Car,No injury/unknown,IMPROPER TURNING,8TH & COLLEGE AVE,39.169552,-86.534784
2012,1,3,Weekday,1200,2-Car,No injury/unknown,FAILURE TO YIELD RIGHT OF WAY,8TH & COLLEGE AVE,39.169552,-86.534784
2012,5,5,Weekday,1100,2-Car,No injury/unknown,IMPROPER TURNING,8TH & COLLEGE AVE,39.169552,-86.534784
2012,6,6,Weekday,1200,2-Car,No injury/unknown,FAILURE TO YIELD RIGHT OF WAY,8TH & COLLEGE AVE,39.169552,-86.534784
2012,8,5,Weekday,1600,2-Car,No injury/unknown,UNSAFE LANE MOVEMENT,N COLLEGE AVE & W 8TH,39.169552,-86.534784
2012,9,2,Weekday,1400,2-Car,No injury/unknown,UNSAFE LANE MOVEMENT,SOUTH COLLEGE AVE & WEST 8TH,39.169552,-86.534784
2012,10,6,Weekday,1200,Cyclist,Non-incapacitating,PEDESTRIAN ACTION,8TH ST & COLLEGE,39.169552,-86.534784
2012,11,6,Weekday,1100,2-Car,No injury/unknown,IMPROPER TURNING,N COLLEGE AVE & W 8TH,39.169552,-86.534784
2012,1,2,Weekday,2000,2-Car,No injury/unknown,FAILURE TO YIELD RIGHT OF WAY,8TH & WALNUT ST,39.169552,-86.533552
2012,1,1,Weekend,300,2-Car,No injury/unknown,WRONG WAY ON ONE WAY,N WALNUT & W 8TH ST,39.169552,-86.533552
2012,3,2,Weekday,0,2-Car,No injury/unknown,IMPROPER LANE USAGE,8TH & WALNUT ST,39.169552,-86.533552
2012,8,4,Weekday,1100,2-Car,No injury/unknown,FAILURE TO YIELD RIGHT OF WAY,8TH & N WALNUT ST,39.169552,-86.533552
2012,11,3,Weekday,2200,2-Car,No injury/unknown,DISREGARD SIGNAL/REG SIGN,8TH & WALNUT ST,39.169552,-86.533552
2012,10,7,Weekend,300,2-Car,No injury/unknown,FAILURE TO YIELD RIGHT OF WAY,8TH & LINCOLN ST,39.169552,-86.530992
2012,4,7,Weekend,0,2-Car,No injury/unknown,UNSAFE BACKING,E 8TH ST & E GRANT,39.169552,-86.529696
2012,5,5,Weekday,2200,2-Car,No injury/unknown,OTHER (DRIVER) - EXPLAIN IN NARRATIVE,E 8TH ST & N GRANT,39.169552,-86.529696
2012,1,1,Weekend,1500,2-Car,No injury/unknown,UNSAFE BACKING,8TH ST & WOODLAWN,39.169552,-86.52344
2012,1,4,Weekday,1100,Bus,No injury/unknown,FAILURE TO YIELD RIGHT OF WAY,8TH & WOODLAWN AVE,39.169552,-86.52344
2012,1,2,Weekday,1100,2-Car,No injury/unknown,FAILURE TO YIELD RIGHT OF WAY,8TH & WOODLAWN AVE,39.169552,-86.52344
2012,10,5,Weekday,1400,Cyclist,Non-incapacitating,IMPROPER PASSING,E 8TH & N WOODLAWN AVE,39.169552,-86.52344
2012,12,4,Weekday,2300,2-Car,No injury/unknown,RAN OFF ROAD RIGHT,N SMITH RD,39.16952074,-86.481392
2012,1,4,Weekday,1800,2-Car,No injury/unknown,RAN OFF ROAD RIGHT,8TH & N ROOSEVELT ST,39.16952,-86.505968
2012,6,4,Weekday,1100,2-Car,No injury/unknown,UNSAFE BACKING,8TH ST & ROOSEVELT,39.16952,-86.505968
2012,6,3,Weekday,1100,2-Car,No injury/unknown,FAILURE TO YIELD RIGHT OF WAY,EIGHTH & ROGERS ST,39.16951999,-86.53866022
2012,8,4,Weekday,1100,2-Car,No injury/unknown,FAILURE TO YIELD RIGHT OF WAY,8TH & COLLEGE AVE,39.16950993,-86.53484009
2012,9,6,Weekday,1700,3+ Cars,No injury/unknown,FOLLOWING TOO CLOSELY,8TH & COLLEGE AVE,39.16950993,-86.53484009
2012,10,2,Weekday,1400,1-Car,No injury/unknown,RAN OFF ROAD RIGHT,8TH & COLLEGE AVE,39.16950993,-86.53484009
2012,11,2,Weekday,1300,2-Car,No injury/unknown,IMPROPER TURNING,8TH & COLLEGE AVE,39.16950993,-86.53484009
2012,2,4,Weekday,1400,2-Car,No injury/unknown,FAILURE TO YIELD RIGHT OF WAY,PETE ELLIS DR & THIRD,39.16949706,-86.49495966
2012,8,1,Weekend,1700,2-Car,No injury/unknown,FAILURE TO YIELD RIGHT OF WAY,3RD & PETE ELLIS DR,39.16949706,-86.49495966
2012,4,3,Weekday,1700,Cyclist,No injury/unknown,FAILURE TO YIELD RIGHT OF WAY,7TH & JORDAN AVE,39.16949129,-86.51595557
2012,9,4,Weekday,2200,Pedestrian,Incapacitating,PEDESTRIAN ACTION,7TH & JORDAN AVE,39.16949129,-86.51595557
2012,10,4,Weekday,1500,2-Car,No injury/unknown,FAILURE TO YIELD RIGHT OF WAY,8TH ST & GRANT,39.16947976,-86.5297801
2012,4,3,Weekday,2000,2-Car,Non-incapacitating,FAILURE TO YIELD RIGHT OF WAY,8TH & WOODLAWN AVE,39.16947976,-86.52349032
2012,4,6,Weekend,2000,Bus,No injury/unknown,IMPROPER TURNING,E 8TH & N FORREST AVE,39.16947214,-86.52234779
2012,8,3,Weekday,1700,2-Car,No injury/unknown,FAILURE TO YIELD RIGHT OF WAY,E 8TH ST & WOODLAWN,39.16947034,-86.52295802
2012,3,6,Weekday,1200,2-Car,No injury/unknown,UNSAFE BACKING,8TH ST & FORREST,39.1694697,-86.52234032
2012,1,6,Weekday,1800,2-Car,No injury/unknown,IMPROPER TURNING,N PETE ELLIS DR,39.169448,-86.495896
2012,12,7,Weekend,2200,2-Car,No injury/unknown,OTHER (DRIVER) - EXPLAIN IN NARRATIVE,8TH & WALNUT ST,39.16944215,-86.53355393
2012,1,1,Weekend,1200,2-Car,No injury/unknown,UNSAFE BACKING,E AMY LN,39.169349,-86.49868592
2012,10,5,Weekday,1600,Bus,No injury/unknown,UNSAFE BACKING,8TH ST,39.16934204,-86.55295562
2012,1,2,Weekday,1600,1-Car,No injury/unknown,SPEED TOO FAST FOR WEATHER CONDITIONS,AMY & PETE ELLIS DR,39.169312,-86.495888
2012,1,2,Weekday,1600,1-Car,No injury/unknown,SPEED TOO FAST FOR WEATHER CONDITIONS,AMY & PETE ELLIS DR,39.169312,-86.495888
2012,11,7,Weekend,900,1-Car,No injury/unknown,ROADWAY SURFACE CONDITION,E AMY LN & N PETE ELLIS,39.169312,-86.495888
2012,5,5,Weekday,1400,2-Car,No injury/unknown,LEFT OF CENTER,GOURLEY & OLD STATE ROAD 37,39.16931007,-86.53521023
2012,2,7,Weekend,0,1-Car,No injury/unknown,ROADWAY SURFACE CONDITION,AMY & PETE ELLIS DR,39.1692397,-86.49592995
2012,2,6,Weekday,700,2-Car,No injury/unknown,FAILURE TO YIELD RIGHT OF WAY,AMY LN & PETE ELLIS,39.16921844,-86.49621973
2012,1,4,Weekday,1600,2-Car,No injury/unknown,FOLLOWING TOO CLOSELY,7TH & COLLEGE AVE,39.16920531,-86.534784
2012,7,3,Weekday,1800,Moped/Motorcycle,Non-incapacitating,FOLLOWING TOO CLOSELY,E EASTGATE & SR46,39.16915613,-86.50098606
2012,9,2,Weekday,1800,1-Car,No injury/unknown,SPEED TOO FAST FOR WEATHER CONDITIONS,AMY & N PETE ELLIS DR,39.16910601,-86.495888
2012,10,7,Weekend,800,2-Car,No injury/unknown,UNSAFE BACKING,BLACKSTONE CT & PARKRIDGE,39.16908218,-86.47513628
2012,9,5,Weekday,600,2-Car,No injury/unknown,UNSAFE BACKING,CAMBRIDGE & E PENN CT,39.16908206,-86.47691699
2012,10,5,Weekday,1400,Cyclist,No injury/unknown,FAILURE TO YIELD RIGHT OF WAY,7TH & JORDAN AVE,39.16908082,-86.51600089
2012,4,4,Weekday,100,1-Car,No injury/unknown,ANIMAL/OBJECT IN ROADWAY,SR48W & VERNAL,39.1690084,-86.66526028
2012,10,4,Weekday,1900,2-Car,No injury/unknown,,COLLEGE AVE,39.16900098,-86.53490915
2012,11,7,Weekend,900,2-Car,No injury/unknown,,2ND & S SWAIN AVE,39.16896024,-86.5152499
2012,1,5,Weekday,1200,2-Car,No injury/unknown,FOLLOWING TOO CLOSELY,7TH & JORDAN AVE,39.168944,-86.516016
2012,2,5,Weekday,2200,Pedestrian,Non-incapacitating,FAILURE TO YIELD RIGHT OF WAY,E 7TH ST & N JORDAN,39.168944,-86.516016
2012,3,6,Weekday,1800,2-Car,No injury/unknown,SPEED TOO FAST FOR WEATHER CONDITIONS,E 7TH & N JORDAN AVE,39.168944,-86.516016
2012,4,5,Weekday,2200,Cyclist,Non-incapacitating,DISREGARD SIGNAL/REG SIGN,E 7TH ST & N JORDAN,39.168944,-86.516016
2012,8,2,Weekday,1600,2-Car,No injury/unknown,IMPROPER TURNING,E 7TH & N FORREST AVE,39.16892456,-86.52233093
2012,11,6,Weekday,1300,2-Car,No injury/unknown,FAILURE TO YIELD RIGHT OF WAY,7TH ST & JORDAN,39.16888914,-86.51549146
2012,10,4,Weekday,1000,Cyclist,Non-incapacitating,DRIVER DISTRACTED - EXPLAIN IN NARRATIVE,7TH ST & STADIUM,39.16887956,-86.5161565
2012,8,1,Weekend,200,2-Car,No injury/unknown,OTHER (DRIVER) - EXPLAIN IN NARRATIVE,EASTGATE LN,39.16887492,-86.49914123
2012,8,5,Weekday,1700,2-Car,No injury/unknown,UNSAFE BACKING,N SMITH RD,39.1688723,-86.4813007
2012,9,2,Weekday,1700,Cyclist,Non-incapacitating,UNSAFE LANE MOVEMENT,7TH & JORDAN AVE,39.16885011,-86.51615984
2012,9,2,Weekday,1900,Cyclist,Incapacitating,FAILURE TO YIELD RIGHT OF WAY,7TH & JORDAN AVE,39.16885011,-86.51615984
2012,2,6,Weekday,1500,2-Car,No injury/unknown,OTHER (DRIVER) - EXPLAIN IN NARRATIVE,408 S GRANT ST & SMITH,39.168848,-86.481296
2012,8,7,Weekend,1200,2-Car,Non-incapacitating,FAILURE TO YIELD RIGHT OF WAY,W JACOB DR,39.16883876,-86.57359064