Year,Month,Day,Weekend?,Hour,Collision Type,Injury Type,Primary Factor,Reported_Location,Latitude,Longitude
2012,1,7,Weekend,1200,1-Car,No injury/unknown,RAN OFF ROAD RIGHT,GRANDVIEW DR & SMITH,39.16881186,-86.48182316
2012,1,4,Weekday,1600,Bus,No injury/unknown,IMPROPER PASSING,7TH & WOODLAWN AVE,39.16877721,-86.52339922
2012,2,6,Weekday,1300,2-Car,No injury/unknown,FOLLOWING TOO CLOSELY,ALEXANDER & JACOB DR,39.16877031,-86.57355979
2012,12,5,Weekday,900,2-Car,No injury/unknown,OTHER (DRIVER) - EXPLAIN IN NARRATIVE,ALEXANDER DR & GATES,39.16876025,-86.57644566
2012,8,2,Weekday,1200,Bus,No injury/unknown,FAILURE TO YIELD RIGHT OF WAY,ALEXANDER & GATES DR,39.16876025,-86.57641969
2012,3,1,Weekend,1200,2-Car,No injury/unknown,OTHER (DRIVER) - EXPLAIN IN NARRATIVE,7TH & WALDRON ST,39.168752,-86.5436
2012,2,5,Weekday,1700,1-Car,No injury/unknown,OTHER (ENVIRONMENTAL) - EXPLAIN IN NARR,E 7TH ST,39.168752,-86.5436
2012,5,6,Weekday,1200,2-Car,No injury/unknown,UNSAFE BACKING,E 7TH ST,39.168752,-86.5436
2012,7,5,Weekday,1000,2-Car,No injury/unknown,UNSAFE BACKING,EAST 7TH ST,39.168752,-86.5436
2012,2,5,Weekday,0,1-Car,No injury/unknown,RAN OFF ROAD RIGHT,E GRANDVIEW DR,39.16873829,-86.48725029
2012,4,1,Weekday,2300,Moped/Motorcycle,No injury/unknown,IMPROPER PASSING,7TH & UNION ST,39.16872525,-86.50932267
2012,6,6,Weekday,1200,2-Car,No injury/unknown,IMPROPER TURNING,N FAIRVIEW & W 7TH ST,39.16872,-86.541104
2012,6,6,Weekday,1800,2-Car,No injury/unknown,IMPROPER TURNING,N WALNUT ST,39.16871445,-86.53356669
2012,4,2,Weekday,1500,2-Car,No injury/unknown,IMPROPER LANE USAGE,E 7TH ST & N CAMPBELL,39.16870996,-86.51389359
2012,12,1,Weekend,1000,1-Car,No injury/unknown,OTHER (DRIVER) - EXPLAIN IN NARRATIVE,7TH ST & CAMPBELL,39.16870996,-86.51388278
2012,9,5,Weekday,1800,2-Car,No injury/unknown,UNSAFE BACKING,7TH ST & ELM,39.168704,-86.5452
2012,1,2,Weekday,1600,2-Car,Non-incapacitating,SPEED TOO FAST FOR WEATHER CONDITIONS,7TH & ROGERS ST,39.168704,-86.538576
2012,5,4,Weekday,600,2-Car,No injury/unknown,FAILURE TO YIELD RIGHT OF WAY,N ROGERS & W 7TH ST,39.168704,-86.538576
2012,6,3,Weekday,1300,2-Car,Non-incapacitating,FAILURE TO YIELD RIGHT OF WAY,7TH & ROGERS ST,39.168704,-86.538576
2012,6,6,Weekday,1300,2-Car,No injury/unknown,UNSAFE BACKING,7TH & MORTON ST,39.168672,-86.536
2012,9,7,Weekend,1400,Bus,No injury/unknown,OTHER (DRIVER) - EXPLAIN IN NARRATIVE,7TH & MORTON ST,39.168672,-86.536
2012,11,3,Weekday,2000,2-Car,No injury/unknown,UNSAFE BACKING,N MORTON ST,39.168672,-86.536
2012,8,5,Weekday,1700,2-Car,No injury/unknown,UNSAFE BACKING,MORTON & W 7TH ST,39.16866968,-86.53582361
2012,5,4,Weekday,700,1-Car,No injury/unknown,RAN OFF ROAD RIGHT,SR48W & VERNAL,39.16866405,-86.66248778
2012,8,2,Weekday,1500,1-Car,No injury/unknown,OTHER (DRIVER) - EXPLAIN IN NARRATIVE,7TH & ADAMS ST,39.16865967,-86.54967002
2012,1,4,Weekday,600,2-Car,No injury/unknown,UNSAFE LANE MOVEMENT,7TH & COLLEGE AVE,39.168656,-86.534784
2012,2,3,Weekday,1200,2-Car,Non-incapacitating,IMPROPER TURNING,7TH & COLLEGE AVE,39.168656,-86.534784
2012,2,4,Weekday,1600,2-Car,No injury/unknown,DRIVER DISTRACTED - EXPLAIN IN NARRATIVE,COLLEGE AVE,39.168656,-86.534784
2012,4,1,Weekend,300,1-Car,No injury/unknown,IMPROPER TURNING,COLLEGE AVE,39.168656,-86.534784
2012,5,6,Weekday,1100,2-Car,No injury/unknown,FAILURE TO YIELD RIGHT OF WAY,7TH & COLLEGE AVE,39.168656,-86.534784
2012,3,6,Weekend,2000,2-Car,No injury/unknown,IMPROPER TURNING,N COLLEGE AVE & W 7TH,39.168656,-86.534784
2012,4,5,Weekday,1200,1-Car,No injury/unknown,OTHER (DRIVER) - EXPLAIN IN NARRATIVE,N COLLEGE AVE,39.168656,-86.534784
2012,6,2,Weekday,1300,3+ Cars,Non-incapacitating,FOLLOWING TOO CLOSELY,7TH & COLLEGE AVE,39.168656,-86.534784
2012,8,3,Weekday,900,2-Car,No injury/unknown,IMPROPER LANE USAGE,7TH & COLLEGE AVE,39.168656,-86.534784
2012,9,6,Weekday,1000,2-Car,No injury/unknown,FAILURE TO YIELD RIGHT OF WAY,7TH ST & COLLEGE,39.168656,-86.534784
2012,3,1,Weekday,1900,2-Car,No injury/unknown,OTHER (DRIVER) - EXPLAIN IN NARRATIVE,7TH ST & WALNUT,39.16864093,-86.53363856
2012,11,7,Weekend,1000,2-Car,No injury/unknown,FAILURE TO YIELD RIGHT OF WAY,E 7TH ST & LINCOLN,39.16864,-86.53116842
2012,1,2,Weekday,1600,1-Car,No injury/unknown,OVERCORRECTING/OVERSTEERING,7TH & NORTH WALNUT ST,39.16864,-86.533568
2012,1,3,Weekday,700,2-Car,No injury/unknown,IMPROPER TURNING,E 7TH & N WALNUT ST,39.16864,-86.533568
2012,2,5,Weekday,200,2-Car,No injury/unknown,UNSAFE BACKING,7TH & N WALNUT ST,39.16864,-86.533568
2012,3,5,Weekday,2000,2-Car,No injury/unknown,,7TH & N WALNUT ST,39.16864,-86.533568
2012,3,7,Weekend,300,2-Car,No injury/unknown,,N WALNUT ST,39.16864,-86.533568
2012,8,4,Weekday,700,3+ Cars,Non-incapacitating,DISREGARD SIGNAL/REG SIGN,7TH & WALNUT ST,39.16864,-86.533568
2012,9,3,Weekday,1200,2-Car,No injury/unknown,UNSAFE LANE MOVEMENT,7TH & N WALNUT ST,39.16864,-86.533568
2012,12,7,Weekend,2300,1-Car,No injury/unknown,SPEED TOO FAST FOR WEATHER CONDITIONS,N WALNUT ST,39.16864,-86.533568
2012,5,5,Weekday,1700,2-Car,No injury/unknown,DISREGARD SIGNAL/REG SIGN,EAST 7TH ST & NORTH WASHINGTON,39.16864,-86.5324
2012,5,1,Weekend,1800,2-Car,No injury/unknown,UNSAFE LANE MOVEMENT,7TH ST & GRANT,39.16864,-86.529696
2012,8,3,Weekday,1700,2-Car,No injury/unknown,OTHER (DRIVER) - EXPLAIN IN NARRATIVE,E 7TH ST,39.16864,-86.529696
2012,4,4,Weekday,900,3+ Cars,Non-incapacitating,FOLLOWING TOO CLOSELY,EAST SEVENTH & INDIANA AVE,39.16864,-86.526944
2012,9,3,Weekday,800,Bus,No injury/unknown,FAILURE TO YIELD RIGHT OF WAY,E 7TH ST & N INDIANA,39.16864,-86.526944
2012,10,3,Weekday,2100,2-Car,No injury/unknown,UNSAFE BACKING,7TH ST,39.16864,-86.526944
2012,5,3,Weekday,1500,1-Car,No injury/unknown,RAN OFF ROAD RIGHT,EAST 7TH ST & NORTH FESS,39.16864,-86.525696
2012,7,2,Weekday,1000,2-Car,No injury/unknown,UNSAFE BACKING,E 7TH ST,39.16864,-86.52567151
2012,2,4,Weekday,1100,Cyclist,Non-incapacitating,IMPROPER LANE USAGE,300 N WOODLAWN & 900 E 7TH ST,39.16864,-86.523392
2012,3,6,Weekday,1400,1-Car,No injury/unknown,UNSAFE BACKING,BALLANTINE RD & UNIVERSITY,39.16861911,-86.51913114
2012,3,7,Weekend,2000,3+ Cars,Non-incapacitating,FAILURE TO YIELD RIGHT OF WAY,7TH & N JORDAN AVE,39.16860211,-86.51605622
2012,10,7,Weekend,1200,1-Car,No injury/unknown,UNSAFE BACKING,7TH ST & ADAMS,39.16858296,-86.54933553
2012,2,7,Weekend,900,2-Car,Non-incapacitating,OTHER (DRIVER) - EXPLAIN IN NARRATIVE,7TH & COLLEGE AVE,39.16855976,-86.5348602
2012,8,2,Weekday,2200,2-Car,No injury/unknown,FAILURE TO YIELD RIGHT OF WAY,7TH & COLLEGE AVE,39.16855976,-86.5348602
2012,9,1,Weekend,1800,Cyclist,Non-incapacitating,FAILURE TO YIELD RIGHT OF WAY,7TH & COLLEGE AVE,39.16855976,-86.5348602
2012,12,3,Weekday,1400,2-Car,No injury/unknown,DISREGARD SIGNAL/REG SIGN,7TH & COLLEGE AVE,39.16855976,-86.5348602
2012,11,2,Weekday,1800,1-Car,No injury/unknown,ANIMAL/OBJECT IN ROADWAY,INGRAM & SR37,39.16855303,-86.53358714
2012,9,2,Weekday,1200,2-Car,No injury/unknown,IMPROPER LANE USAGE,7TH & WALNUT ST,39.1685497,-86.53359018
2012,10,6,Weekend,1900,2-Car,No injury/unknown,FAILURE TO YIELD RIGHT OF WAY,7TH & WALNUT ST,39.1685497,-86.53359018
2012,9,4,Weekday,1100,2-Car,No injury/unknown,FAILURE TO YIELD RIGHT OF WAY,SEVENTH ST & SUNRISE,39.16853026,-86.51242017
2012,10,2,Weekday,900,2-Car,No injury/unknown,FAILURE TO YIELD RIGHT OF WAY,7TH ST & DUNN,39.16851014,-86.5282499
2012,11,3,Weekday,1900,Bus,No injury/unknown,IMPROPER LANE USAGE,7TH ST & DUNN,39.16851014,-86.5282499
2012,9,6,Weekday,1000,2-Car,No injury/unknown,UNSAFE BACKING,7TH ST & DUNN,39.16851014,-86.52824384
2012,8,1,Weekend,1800,2-Car,No injury/unknown,UNSAFE BACKING,N GATES DR,39.16850746,-86.57636202
2012,2,3,Weekday,1400,Bus,No injury/unknown,OTHER (DRIVER) - EXPLAIN IN NARRATIVE,7TH ST & INDIANA,39.16850008,-86.5269497
2012,10,5,Weekday,1500,Bus,No injury/unknown,IMPROPER LANE USAGE,7TH ST & INDIANA,39.16850008,-86.5269497
2012,11,2,Weekday,1300,2-Car,No injury/unknown,UNSAFE SPEED,7TH ST & FORREST,39.16846991,-86.52234971
2012,10,4,Weekday,1200,2-Car,No injury/unknown,UNSAFE BACKING,N JACOB DR,39.16846848,-86.5732727
2012,2,2,Weekday,1800,2-Car,No injury/unknown,,E 7TH & N FORREST AVE,39.16846361,-86.52234876
2012,12,7,Weekend,2100,1-Car,No injury/unknown,RAN OFF ROAD RIGHT,SR48W & W VERNAL,39.16842275,-86.66122004
2012,6,6,Weekday,1700,2-Car,No injury/unknown,FAILURE TO YIELD RIGHT OF WAY,BLOOMFIELD & LANDMARK AVE,39.16839836,-86.55382007
2012,12,6,Weekday,1400,1-Car,No injury/unknown,RAN OFF ROAD RIGHT,CURRY & JONATHON DR,39.16835994,-86.58300568
2012,5,4,Weekday,1700,2-Car,No injury/unknown,LEFT OF CENTER,CURRY & JONATHAN DR,39.16835994,-86.5829797
2012,9,7,Weekend,1200,2-Car,Non-incapacitating,FAILURE TO YIELD RIGHT OF WAY,CURRY PIKE & JONATHAN,39.16835994,-86.5829797
2012,10,6,Weekday,1600,2-Car,No injury/unknown,BRAKE FAILURE OR DEFECTIVE,CURRY PIKE & JONATHAN,39.16835994,-86.5829797
2012,11,6,Weekday,1100,3+ Cars,No injury/unknown,FAILURE TO YIELD RIGHT OF WAY,7TH & JEFFERSON ST,39.16832931,-86.50702723
2012,6,4,Weekday,1500,2-Car,No injury/unknown,FAILURE TO YIELD RIGHT OF WAY,CURRY & JONATHAN DR,39.16830909,-86.58298388
2012,12,4,Weekday,1400,2-Car,No injury/unknown,FOLLOWING TOO CLOSELY,7TH & JORDAN AVE,39.16826022,-86.51609645
2012,6,6,Weekday,1400,2-Car,No injury/unknown,FAILURE TO YIELD RIGHT OF WAY,7TH & JEFFERSON ST,39.168192,-86.507024
2012,1,2,Weekday,1700,2-Car,No injury/unknown,SPEED TOO FAST FOR WEATHER CONDITIONS,BRAESIDE & PETE ELLIS DR,39.168192,-86.49504
2012,3,2,Weekday,0,2-Car,No injury/unknown,FOLLOWING TOO CLOSELY,BRAESIDE & PETE ELLIS DR,39.168192,-86.49504
2012,12,4,Weekday,2000,2-Car,No injury/unknown,FAILURE TO YIELD RIGHT OF WAY,7TH & UNION ST,39.168176,-86.509312
2012,11,7,Weekend,300,3+ Cars,Non-incapacitating,UNSAFE SPEED,E 7TH & N UNION ST,39.168176,-86.509312
2012,4,6,Weekday,1300,2-Car,No injury/unknown,FOLLOWING TOO CLOSELY,7TH & JORDAN AVE,39.16812347,-86.51611253
2012,9,5,Weekday,1900,Bus,No injury/unknown,IMPROPER TURNING,7TH ST & ROSE,39.16808031,-86.51091009
2012,4,1,Weekend,1200,2-Car,No injury/unknown,UNSAFE BACKING,N GATES DR,39.16803807,-86.57621853
2012,10,7,Weekend,1100,2-Car,Non-incapacitating,IMPROPER PASSING,N GATES DR,39.16803807,-86.57621853
2012,4,5,Weekday,1300,2-Car,No injury/unknown,UNSAFE BACKING,GATES DR,39.16792542,-86.57614074
2012,5,7,Weekend,1300,2-Car,No injury/unknown,UNSAFE BACKING,GATES DR,39.16792542,-86.57614074
2012,11,6,Weekend,2200,2-Car,No injury/unknown,UNSAFE BACKING,FRANKLIN RD,39.16789246,-86.57160186
2012,10,5,Weekday,1500,2-Car,No injury/unknown,UNSAFE BACKING,E 7TH ST & N FORREST,39.16783247,-86.52196983
2012,3,3,Weekday,1800,2-Car,No injury/unknown,IMPROPER TURNING,N GATES DR,39.16781209,-86.57606229
2012,7,5,Weekday,1500,2-Car,No injury/unknown,FAILURE TO YIELD RIGHT OF WAY,GATES DR,39.16781209,-86.57606229
2012,7,3,Weekday,1100,2-Car,No injury/unknown,UNSAFE BACKING,N GATES DR,39.16781209,-86.57606229
2012,9,5,Weekday,1200,2-Car,No injury/unknown,UNSAFE BACKING,N GATES DR,39.16781209,-86.57606229
2012,8,7,Weekend,500,2-Car,No injury/unknown,OTHER (DRIVER) - EXPLAIN IN NARRATIVE,7TH & HILLSDALE DR,39.16776,-86.503616
2012,6,7,Weekend,0,Bus,No injury/unknown,IMPROPER TURNING,6TH ST & INDIANA,39.1677418,-86.52710439
2012,8,5,Weekday,1100,3+ Cars,Non-incapacitating,FAILURE TO YIELD RIGHT OF WAY,N ADAMS ST & W 6TH,39.167728,-86.5496
2012,6,7,Weekend,1500,1-Car,No injury/unknown,RAN OFF ROAD RIGHT,WEST 6TH ST,39.1677169,-86.5472702
2012,5,6,Weekday,1000,2-Car,No injury/unknown,OTHER (DRIVER) - EXPLAIN IN NARRATIVE,6TH ST & OAK,39.167712,-86.54644717
2012,3,1,Weekday,2200,2-Car,No injury/unknown,OTHER (DRIVER) - EXPLAIN IN NARRATIVE,6TH ST & ELM,39.167712,-86.5452
2012,8,3,Weekday,1100,2-Car,No injury/unknown,OTHER (DRIVER) - EXPLAIN IN NARRATIVE,1001 W 6TH ST & ELM,39.167712,-86.5452
2012,6,2,Weekday,1300,2-Car,No injury/unknown,FAILURE TO YIELD RIGHT OF WAY,6TH & ROGERS ST,39.16768,-86.538592
2012,7,1,Weekday,2200,2-Car,No injury/unknown,FAILURE TO YIELD RIGHT OF WAY,EAST 6TH ST & ROGERS,39.16768,-86.538592
2012,6,1,Weekend,1400,2-Car,No injury/unknown,FAILURE TO YIELD RIGHT OF WAY,E 6TH ST,39.16766433,-86.53237127
2012,5,4,Weekday,1600,Moped/Motorcycle,No injury/unknown,CELL PHONE USAGE,6TH ST & MADISON,39.167664,-86.537296
2012,9,4,Weekday,1100,2-Car,No injury/unknown,OTHER (DRIVER) - EXPLAIN IN NARRATIVE,400 BLOCK OF 6TH ST,39.167664,-86.537296
2012,1,2,Weekday,200,2-Car,No injury/unknown,FAILURE TO YIELD RIGHT OF WAY,N MORTON ST & W 6TH,39.167664,-86.536
2012,9,4,Weekday,1600,2-Car,No injury/unknown,FAILURE TO YIELD RIGHT OF WAY,6TH ST & WASHINGTON,39.167664,-86.5324
2012,9,2,Weekday,900,2-Car,No injury/unknown,DRIVER ILLNESS,6TH ST & WASHINGTON,39.167664,-86.5324
2012,1,1,Weekend,1500,2-Car,No injury/unknown,UNSAFE LANE MOVEMENT,6TH & COLLEGE AVE,39.167648,-86.534784
2012,1,3,Weekday,1200,2-Car,No injury/unknown,UNSAFE BACKING,N COLLEGE & W 6TH ST,39.167648,-86.534784
2012,3,7,Weekend,1500,2-Car,No injury/unknown,UNSAFE BACKING,N COLLEGE AVE & W 6TH,39.167648,-86.534784
2012,4,4,Weekday,2200,2-Car,No injury/unknown,FOLLOWING TOO CLOSELY,6TH & COLLEGE AVE,39.167648,-86.534784
2012,5,7,Weekend,1600,2-Car,No injury/unknown,IMPROPER TURNING,NORTH COLLEGE & WEST 6TH ST,39.167648,-86.534784
2012,7,2,Weekday,1000,Bus,Non-incapacitating,LEFT OF CENTER,N COLLEGE & W 6TH ST,39.167648,-86.534784
2012,8,7,Weekend,1000,2-Car,No injury/unknown,UNSAFE BACKING,N COLLEGE & W 6TH ST,39.167648,-86.534784
2012,9,5,Weekday,800,2-Car,No injury/unknown,FAILURE TO YIELD RIGHT OF WAY,6TH & N COLLEGE AVE,39.167648,-86.534784
2012,10,5,Weekday,1100,Bus,No injury/unknown,UNSAFE BACKING,N COLLEGE & W 6TH ST,39.167648,-86.534784
2012,11,3,Weekday,1100,2-Car,No injury/unknown,DISREGARD SIGNAL/REG SIGN,6TH & COLLEGE AVE,39.167648,-86.534784
2012,9,2,Weekday,1500,2-Car,No injury/unknown,IMPROPER TURNING,6TH & WALNUT ST,39.167648,-86.533584
2012,12,4,Weekday,2200,2-Car,No injury/unknown,UNSAFE LANE MOVEMENT,6TH & WALNUT ST,39.167648,-86.533584
2012,11,7,Weekend,1800,2-Car,No injury/unknown,UNSAFE BACKING,6TH ST & ELM,39.16763976,-86.54527992
2012,10,6,Weekday,1400,2-Car,No injury/unknown,UNSAFE BACKING,6TH & COLLEGE AVE,39.16757002,-86.5348602
2012,11,1,Weekday,1900,2-Car,No injury/unknown,DISREGARD SIGNAL/REG SIGN,6TH & COLLEGE AVE,39.16757002,-86.5348602
2012,12,5,Weekday,1400,Bus,No injury/unknown,OTHER (DRIVER) - EXPLAIN IN NARRATIVE,6TH ST & WALNUT,39.16754991,-86.53360024
2012,8,4,Weekday,1300,2-Car,No injury/unknown,UNSAFE BACKING,GRANT ST & SIXTH,39.16753088,-86.5298011
2012,8,7,Weekend,1100,2-Car,No injury/unknown,UNSAFE BACKING,N DUNN ST,39.16747603,-86.52829483
2012,5,6,Weekday,1100,2-Car,No injury/unknown,FOLLOWING TOO CLOSELY,3RD & SR37N,39.16747214,-86.57272682
2012,4,6,Weekend,2200,2-Car,No injury/unknown,UNSAFE BACKING,FRANKLIN RD,39.16726761,-86.57099694
2012,9,1,Weekend,1300,2-Car,No injury/unknown,UNSAFE BACKING,S JORDAN AVE,39.1672661,-86.51619777
2012,10,1,Weekend,100,2-Car,No injury/unknown,,5TH & CLARK ST,39.16719126,-86.50480798
2012,12,3,Weekday,300,2-Car,No injury/unknown,OTHER (DRIVER) - EXPLAIN IN NARRATIVE,100 BLK N ROOSEVELT ST & 5TH,39.16717746,-86.50589963
2012,2,7,Weekend,1500,1-Car,No injury/unknown,OVERCORRECTING/OVERSTEERING,N JORDAN AVE,39.16711271,-86.51624433
2012,4,7,Weekend,300,1-Car,No injury/unknown,UNSAFE SPEED,N JORDAN AVE,39.16711271,-86.51624433
2012,2,7,Weekend,1600,Bus,No injury/unknown,VIEW OBSTRUCTED,NORTH JORDAN AVE,39.16711003,-86.51624299
2012,11,3,Weekday,1500,2-Car,Non-incapacitating,FOLLOWING TOO CLOSELY,E LONGVIEW & PETE ELLIS DR,39.16708131,-86.49505346
2012,11,2,Weekday,1200,2-Car,No injury/unknown,UNSAFE BACKING,N JORDAN AVE,39.16706644,-86.51601031
2012,10,3,Weekday,1400,Cyclist,Non-incapacitating,FAILURE TO YIELD RIGHT OF WAY,JORDAN AVE & NORTH READ,39.16698592,-86.5160948
2012,4,3,Weekday,2200,1-Car,No injury/unknown,BRAKE FAILURE OR DEFECTIVE,N DANIELS WAY & W ZENITH,39.16697619,-86.59830402
2012,2,3,Weekday,900,2-Car,No injury/unknown,FAILURE TO YIELD RIGHT OF WAY,LONGVIEW & PETE ELLIS DR,39.166944,-86.495056
2012,7,5,Weekday,1700,2-Car,No injury/unknown,FAILURE TO YIELD RIGHT OF WAY,LONGVIEW & N PETE ELLIS DR,39.166944,-86.495056
2012,8,5,Weekday,1200,Pedestrian,Non-incapacitating,FAILURE TO YIELD RIGHT OF WAY,300 N PETE ELLIS & 3000 E LONGVIEW DR,39.166944,-86.495056
2012,9,1,Weekend,1400,Bus,No injury/unknown,OVERCORRECTING/OVERSTEERING,UNION & UNION ST,39.16693039,-86.50929699
2012,8,5,Weekday,1200,1-Car,Non-incapacitating,DRIVER DISTRACTED - EXPLAIN IN NARRATIVE,5TH & N WALNUT ST,39.16691464,-86.53359564
2012,5,6,Weekday,1700,3+ Cars,Non-incapacitating,FOLLOWING TOO CLOSELY,LONGVIEW AVE & PETE ELLIS,39.1669102,-86.4949201
2012,12,2,Weekday,1200,3+ Cars,Non-incapacitating,FAILURE TO YIELD RIGHT OF WAY,LONGVIEW & PETE ELLIS DR,39.1669102,-86.4949201
2012,12,6,Weekend,1900,Bus,No injury/unknown,IMPROPER TURNING,LONGVIEW & PETE ELLIS DR,39.1669102,-86.4949201
2012,8,3,Weekday,500,1-Car,No injury/unknown,ANIMAL/OBJECT IN ROADWAY,KINGS & SR46E,39.16685824,-86.45847637
2012,8,7,Weekend,0,Pedestrian,Non-incapacitating,FAILURE TO YIELD RIGHT OF WAY,JORDAN & KIRKWOOD AVE,39.16685283,-86.5169102
2012,1,2,Weekday,1500,3+ Cars,No injury/unknown,DISREGARD SIGNAL/REG SIGN,5TH & JEFFERSON ST,39.166848,-86.506992
2012,6,2,Weekday,1400,2-Car,Non-incapacitating,DISREGARD SIGNAL/REG SIGN,5TH & JEFFERSON ST,39.166848,-86.506992
2012,8,4,Weekday,700,2-Car,No injury/unknown,RAN OFF ROAD RIGHT,E 5TH & SO JEFFERSON ST,39.166848,-86.506992
2012,5,4,Weekday,1100,2-Car,No injury/unknown,UNSAFE BACKING,100 S PETE ELLIS DR & LONGVIEW,39.166848,-86.495088
2012,8,4,Weekday,300,2-Car,No injury/unknown,UNSAFE BACKING,E LONGVIEW AVE,39.166848,-86.495088
2012,12,1,Weekend,100,2-Car,No injury/unknown,OTHER (DRIVER) - EXPLAIN IN NARRATIVE,ADAMS & KIRKWOOD AVE,39.166816,-86.549488
2012,11,6,Weekday,700,2-Car,No injury/unknown,FAILURE TO YIELD RIGHT OF WAY,ADAMS HILL & ADAMS ST,39.166816,-86.549488
2012,1,6,Weekday,1300,2-Car,Non-incapacitating,FAILURE TO YIELD RIGHT OF WAY,5TH & JEFFERSON ST,39.16681029,-86.50715969
2012,4,5,Weekday,2000,2-Car,No injury/unknown,FAILURE TO YIELD RIGHT OF WAY,NORTH INDIANA AVE,39.16679285,-86.52686722
2012,2,3,Weekday,1400,2-Car,No injury/unknown,UNSAFE BACKING,E KIRKWOOD AVE,39.16678078,-86.52203053
2012,7,7,Weekend,1400,2-Car,No injury/unknown,UNSAFE BACKING,E KIRKWOOD AVE,39.16678078,-86.52203053
2012,9,5,Weekday,1500,1-Car,No injury/unknown,OTHER (DRIVER) - EXPLAIN IN NARRATIVE,EAST KIRKWOOD AVE,39.16678078,-86.52203053
2012,3,5,Weekday,1600,2-Car,No injury/unknown,UNSAFE BACKING,KIRKWOOD & WALNUT ST,39.16677732,-86.53359782
2012,5,3,Weekday,1400,2-Car,No injury/unknown,UNSAFE BACKING,N ROGERS ST,39.16677486,-86.53860637
2012,10,2,Weekday,1000,2-Car,No injury/unknown,UNSAFE BACKING,N ROGERS ST,39.16677486,-86.53860637
2012,10,5,Weekday,2000,2-Car,No injury/unknown,FOLLOWING TOO CLOSELY,ELM & WEST 5TH ST,39.166768,-86.5452
2012,2,4,Weekday,1400,2-Car,No injury/unknown,OTHER (DRIVER) - EXPLAIN IN NARRATIVE,DANIELS WAY,39.16673116,-86.59909039
2012,3,2,Weekday,1200,2-Car,No injury/unknown,FAILURE TO YIELD RIGHT OF WAY,DANIELS WAY,39.16673116,-86.59909039
2012,4,4,Weekday,1400,2-Car,No injury/unknown,FAILURE TO YIELD RIGHT OF WAY,NORTH DANIELS WAY,39.16673116,-86.59909039
2012,9,4,Weekday,1400,2-Car,No injury/unknown,OTHER (DRIVER) - EXPLAIN IN NARRATIVE,DANIELS WAY,39.16673116,-86.59909039
2012,11,5,Weekday,1500,Moped/Motorcycle,No injury/unknown,OTHER (VEHICLE) - EXPLAIN IN NARRATIVE,N DANIELS WAY,39.16673116,-86.59909039
2012,10,5,Weekday,1800,2-Car,Non-incapacitating,DISREGARD SIGNAL/REG SIGN,MAPLE & W KIRKWOOD AVE,39.16672,-86.542096
2012,12,4,Weekday,1400,Cyclist,Non-incapacitating,FOLLOWING TOO CLOSELY,KIRKWOOD & MAPLE ST,39.16672,-86.542096
2012,10,3,Weekday,1200,2-Car,Non-incapacitating,FOLLOWING TOO CLOSELY,1000 S PATTERSON DR & 700 W ALLEN,39.16671916,-86.544296
2012,1,5,Weekday,1500,2-Car,No injury/unknown,FAILURE TO YIELD RIGHT OF WAY,ADAMS ST & KIRKWOOD,39.16670032,-86.54963985
2012,2,4,Weekday,1400,Moped/Motorcycle,Incapacitating,IMPROPER TURNING,ADAMS ST & KIRKWOOD,39.16670032,-86.54963985
2012,5,6,Weekday,700,Cyclist,Non-incapacitating,OTHER (DRIVER) - EXPLAIN IN NARRATIVE,JACKSON ST & KIRKWOOD,39.166688,-86.539808
2012,10,4,Weekday,1200,2-Car,No injury/unknown,DRIVER DISTRACTED - EXPLAIN IN NARRATIVE,S JACKSON & W KIRKWOOD AVE,39.166688,-86.539808
2012,1,1,Weekend,1200,2-Car,No injury/unknown,OTHER (DRIVER) - EXPLAIN IN NARRATIVE,JACKSON & W KIRKWOOD AVE,39.16668236,-86.53938467
2012,9,3,Weekday,1000,2-Car,No injury/unknown,UNSAFE LANE MOVEMENT,46 BYPASS & SR46N,39.16667823,-86.46179207
2012,2,3,Weekday,1000,2-Car,Non-incapacitating,FAILURE TO YIELD RIGHT OF WAY,KIRKWOOD AVE & ROGERS,39.16667553,-86.53887258
2012,5,5,Weekday,1500,2-Car,No injury/unknown,OTHER (DRIVER) - EXPLAIN IN NARRATIVE,W KIRKWOOD AVE,39.16667233,-86.53863249
2012,1,3,Weekday,1700,2-Car,No injury/unknown,FAILURE TO YIELD RIGHT OF WAY,S ROGERS & W KIRKWOOD AVE,39.166672,-86.538608
2012,2,2,Weekday,1300,2-Car,No injury/unknown,FOLLOWING TOO CLOSELY,KIRKWOOD AVE AVE & S ROGERS ST,39.166672,-86.538608
2012,4,6,Weekday,1800,Cyclist,Non-incapacitating,FOLLOWING TOO CLOSELY,KIRKWOOD & ROGERS ST,39.166672,-86.538608
2012,6,4,Weekday,1500,2-Car,No injury/unknown,UNSAFE LANE MOVEMENT,KIRKWOOD & ROGERS ST,39.166672,-86.538608
2012,8,2,Weekday,1700,2-Car,No injury/unknown,UNSAFE BACKING,ROGERS & WEST 5TH ST,39.166672,-86.538608
2012,10,4,Weekday,1600,2-Car,No injury/unknown,FAILURE TO YIELD RIGHT OF WAY,KIRKWOOD AVE & ROGERS,39.166672,-86.538608