Year,Month,Day,Weekend?,Hour,Collision Type,Injury Type,Primary Factor,Reported_Location,Latitude,Longitude
2012,7,7,Weekend,1800,1-Car,No injury/unknown,,W 3RD ST,39.164848,-86.580096
2012,10,3,Weekday,1500,2-Car,No injury/unknown,FAILURE TO YIELD RIGHT OF WAY,W 3RD ST,39.164848,-86.57962482
2012,12,1,Weekend,700,2-Car,No injury/unknown,FAILURE TO YIELD RIGHT OF WAY,3300 W 3RD ST,39.164848,-86.5761011
2012,3,3,Weekday,1400,2-Car,No injury/unknown,OTHER (DRIVER) - EXPLAIN IN NARRATIVE,WEST 3RD ST,39.164848,-86.575104
2012,12,2,Weekday,1600,3+ Cars,No injury/unknown,OTHER (DRIVER) - EXPLAIN IN NARRATIVE,W 3RD ST,39.164848,-86.57487674
2012,1,6,Weekday,1200,Pedestrian,Incapacitating,OTHER (DRIVER) - EXPLAIN IN NARRATIVE,W 3RD ST,39.164848,-86.57464947
2012,8,4,Weekday,1400,2-Car,No injury/unknown,FAILURE TO YIELD RIGHT OF WAY,3RD ST & SR37N,39.164848,-86.57450741
2012,2,6,Weekday,1500,2-Car,No injury/unknown,FOLLOWING TOO CLOSELY,3RD ST,39.16484767,-86.58010841
2012,1,7,Weekend,1200,1-Car,No injury/unknown,OTHER (DRIVER) - EXPLAIN IN NARRATIVE,WEST 3RD ST ST,39.16484267,-86.58123733
2012,1,5,Weekday,1100,2-Car,No injury/unknown,FAILURE TO YIELD RIGHT OF WAY,W 3RD ST,39.164816,-86.573888
2012,6,7,Weekend,1500,Moped/Motorcycle,Non-incapacitating,FAILURE TO YIELD RIGHT OF WAY,W 3RD ST,39.164816,-86.573888
2012,3,6,Weekday,1300,2-Car,Non-incapacitating,FOLLOWING TOO CLOSELY,SR37S & W 3RD,39.1648,-86.573792
2012,8,4,Weekday,2000,2-Car,Non-incapacitating,FOLLOWING TOO CLOSELY,3RD ST & SR37,39.1648,-86.573792
2012,1,4,Weekday,1600,2-Car,No injury/unknown,FAILURE TO YIELD RIGHT OF WAY,E 3RD & PETE ELLIS DR,39.16478931,-86.495088
2012,6,2,Weekday,1400,2-Car,No injury/unknown,FAILURE TO YIELD RIGHT OF WAY,3RD & PETE ELLIS DR,39.16478931,-86.495088
2012,6,6,Weekday,300,1-Car,No injury/unknown,UNSAFE BACKING,46 RD,39.16477966,-86.45194244
2012,7,6,Weekday,1500,3+ Cars,Non-incapacitating,FOLLOWING TOO CLOSELY,3RD ST & SR37S,39.16476916,-86.57334998
2012,3,4,Weekday,1200,3+ Cars,Non-incapacitating,FOLLOWING TOO CLOSELY,3RD ST & SR37N,39.16476426,-86.5732797
2012,2,2,Weekday,900,2-Car,No injury/unknown,DISREGARD SIGNAL/REG SIGN,3RD & SR 37 NORTH RAMP RD,39.164752,-86.573104
2012,2,6,Weekday,1400,2-Car,No injury/unknown,IMPROPER TURNING,3RD ST & SR37,39.164752,-86.573104
2012,2,1,Weekend,100,2-Car,No injury/unknown,FOLLOWING TOO CLOSELY,SR37N & W 3RD ST,39.164752,-86.573104
2012,3,5,Weekday,1600,2-Car,No injury/unknown,FOLLOWING TOO CLOSELY,SR37S & THIRD ST,39.164752,-86.573104
2012,3,7,Weekend,2000,2-Car,Non-incapacitating,FAILURE TO YIELD RIGHT OF WAY,EAST 3RD ST,39.164752,-86.573104
2012,4,6,Weekday,600,2-Car,No injury/unknown,DISREGARD SIGNAL/REG SIGN,3000 W 3RD ST & SR37N,39.164752,-86.573104
2012,7,1,Weekend,1200,2-Car,No injury/unknown,FAILURE TO YIELD RIGHT OF WAY,3RD ST & SR37,39.164752,-86.573104
2012,8,7,Weekend,900,2-Car,Non-incapacitating,CELL PHONE USAGE,3RD ST & SR37N,39.164752,-86.573104
2012,8,4,Weekday,1700,2-Car,No injury/unknown,OTHER (DRIVER) - EXPLAIN IN NARRATIVE,SR37S & SR48,39.164752,-86.573104
2012,9,7,Weekend,2100,2-Car,No injury/unknown,DISREGARD SIGNAL/REG SIGN,3RD ST & SR37,39.164752,-86.573104
2012,9,6,Weekday,1200,2-Car,Non-incapacitating,DISREGARD SIGNAL/REG SIGN,SR37S & W 3RD ST,39.164752,-86.573104
2012,10,2,Weekday,600,2-Car,No injury/unknown,FAILURE TO YIELD RIGHT OF WAY,SR37 & W 3RD ST,39.164752,-86.573104
2012,10,4,Weekday,800,2-Car,Non-incapacitating,FOLLOWING TOO CLOSELY,SR37 & W 3RD,39.164752,-86.573104
2012,11,5,Weekday,0,2-Car,No injury/unknown,FAILURE TO YIELD RIGHT OF WAY,SR37N & W 3RD,39.164752,-86.573104
2012,11,7,Weekend,1000,2-Car,Non-incapacitating,FOLLOWING TOO CLOSELY,37 HWY & W 3RD,39.164752,-86.573104
2012,12,7,Weekend,600,2-Car,No injury/unknown,FAILURE TO YIELD RIGHT OF WAY,SR37 & W 3RD ST,39.164752,-86.573104
2012,12,3,Weekday,1400,3+ Cars,No injury/unknown,FOLLOWING TOO CLOSELY,SR37 & WEST 3RD ST,39.164752,-86.573104
2012,1,7,Weekend,2200,2-Car,No injury/unknown,FAILURE TO YIELD RIGHT OF WAY,W 3RD ST,39.16474251,-86.57282163
2012,3,7,Weekend,1700,2-Car,No injury/unknown,OTHER (DRIVER) - EXPLAIN IN NARRATIVE,W 3RD ST,39.16474251,-86.57282163
2012,6,6,Weekend,2200,2-Car,No injury/unknown,UNSAFE BACKING,W 3RD ST,39.16474251,-86.57282163
2012,4,4,Weekday,700,2-Car,No injury/unknown,FOLLOWING TOO CLOSELY,S PARK SQUARE & SR48W,39.16474029,-86.59259006
2012,10,2,Weekday,1900,2-Car,Non-incapacitating,DISREGARD SIGNAL/REG SIGN,PARK SQUARE & SR48W,39.16474029,-86.59259006
2012,2,3,Weekday,1800,2-Car,Non-incapacitating,OTHER (DRIVER) - EXPLAIN IN NARRATIVE,EAST 3RD ST,39.16473871,-86.57270868
2012,10,2,Weekday,1200,2-Car,No injury/unknown,UNSAFE BACKING,EAST THIRD ST,39.16473389,-86.49459838
2012,12,7,Weekend,1000,2-Car,No injury/unknown,OTHER (DRIVER) - EXPLAIN IN NARRATIVE,EAST 3RD ST,39.16472732,-86.57236983
2012,8,7,Weekend,2300,2-Car,No injury/unknown,FAILURE TO YIELD RIGHT OF WAY,3RD & ROGERS ST,39.16472,-86.538592
2012,8,6,Weekday,1100,2-Car,No injury/unknown,FOLLOWING TOO CLOSELY,S ROGERS ST & W 3RD,39.16472,-86.538592
2012,9,7,Weekend,1700,2-Car,No injury/unknown,FAILURE TO YIELD RIGHT OF WAY,ROGERS & WEST 3RD ST,39.16472,-86.538592
2012,10,1,Weekend,400,2-Car,No injury/unknown,IMPROPER LANE USAGE,S ROGERS ST,39.16472,-86.538592
2012,1,4,Weekday,1900,2-Car,No injury/unknown,UNSAFE BACKING,3RD ST,39.16470933,-86.57183467
2012,6,2,Weekday,1600,2-Car,No injury/unknown,UNSAFE BACKING,E 3RD ST,39.16470933,-86.57183467
2012,12,7,Weekend,1200,2-Car,No injury/unknown,UNSAFE BACKING,E 3RD ST,39.16470933,-86.57183467
2012,12,4,Weekday,1300,2-Car,No injury/unknown,UNSAFE BACKING,EAST 3RD ST,39.16470933,-86.57183467
2012,12,6,Weekend,1900,3+ Cars,No injury/unknown,SPEED TOO FAST FOR WEATHER CONDITIONS,3RD EAST ST,39.16470933,-86.57183467
2012,12,7,Weekend,1600,2-Car,No injury/unknown,SPEED TOO FAST FOR WEATHER CONDITIONS,EAST 3RD ST,39.16470933,-86.57183467
2012,12,7,Weekend,1600,2-Car,No injury/unknown,SPEED TOO FAST FOR WEATHER CONDITIONS,EAST 3RD ST,39.16470933,-86.57183467
2012,1,4,Weekday,1600,2-Car,No injury/unknown,DISREGARD SIGNAL/REG SIGN,S MADISON ST & W 3RD,39.164704,-86.537296
2012,6,6,Weekend,2100,2-Car,Non-incapacitating,DISREGARD SIGNAL/REG SIGN,S MADISON & W 3RD ST,39.164704,-86.537296
2012,8,6,Weekday,1400,2-Car,No injury/unknown,UNSAFE LANE MOVEMENT,SOUTH WESTERN & WEST 3RD ST,39.16470006,-86.58646993
2012,9,5,Weekday,1600,3+ Cars,No injury/unknown,FOLLOWING TOO CLOSELY,SR48E & WESTERN,39.16470006,-86.58646993
2012,5,6,Weekend,1900,2-Car,No injury/unknown,UNSAFE BACKING,3RD ST,39.16469993,-86.57155498
2012,11,1,Weekend,1200,2-Car,No injury/unknown,IMPROPER LANE USAGE,3RD ST & HICKORY,39.16469,-86.58588417
2012,2,3,Weekday,1900,2-Car,No injury/unknown,FAILURE TO YIELD RIGHT OF WAY,3RD ST & FRANKLIN,39.164688,-86.5712
2012,12,5,Weekday,1100,3+ Cars,No injury/unknown,BRAKE FAILURE OR DEFECTIVE,FRANKLIN & WEST THIRD ST,39.164688,-86.5712
2012,12,6,Weekday,1600,2-Car,No injury/unknown,FOLLOWING TOO CLOSELY,FRANKLIN & WEST THIRD ST,39.164688,-86.5712
2012,10,4,Weekday,100,1-Car,Incapacitating,OBSTRUCTION NOT MARKED,S CURRY & W 3RD ST,39.16468175,-86.58296764
2012,4,2,Weekday,1500,2-Car,No injury/unknown,UNSAFE BACKING,NORTH MORTON ST,39.164672,-86.536192
2012,3,6,Weekday,1800,2-Car,No injury/unknown,IMPROPER TURNING,EAST 3RD ST,39.16466933,-86.57021333
2012,10,7,Weekend,1700,2-Car,No injury/unknown,OTHER (DRIVER) - EXPLAIN IN NARRATIVE,EAST 3RD ST,39.16466933,-86.57021333
2012,10,6,Weekday,1600,Pedestrian,Incapacitating,FAILURE TO YIELD RIGHT OF WAY,E 3RD ST,39.16466933,-86.57021333
2012,11,6,Weekday,0,2-Car,No injury/unknown,FOLLOWING TOO CLOSELY,EAST 3RD ST,39.16466933,-86.57021333
2012,6,6,Weekday,900,2-Car,No injury/unknown,OTHER (ENVIRONMENTAL) - EXPLAIN IN NARR,W THIRD ST,39.1646605,-86.57929301
2012,10,6,Weekday,1400,2-Car,No injury/unknown,FOLLOWING TOO CLOSELY,3RD ST & CURRY,39.16465983,-86.58298063
2012,4,3,Weekday,1000,3+ Cars,No injury/unknown,FOLLOWING TOO CLOSELY,3RD ST & CURRY,39.16465983,-86.58292435
2012,1,6,Weekday,1600,2-Car,No injury/unknown,IMPROPER TURNING,3RD ST & CURRY,39.16465983,-86.58292002
2012,4,3,Weekday,400,2-Car,No injury/unknown,UNSAFE LANE MOVEMENT,3RD ST & CURRY,39.16465983,-86.58292002
2012,6,6,Weekday,1500,2-Car,No injury/unknown,UNSAFE BACKING,SOUTH CURRY PIKE & WEST 3RD,39.16465983,-86.58292002
2012,8,2,Weekday,2100,Pedestrian,Non-incapacitating,FAILURE TO YIELD RIGHT OF WAY,3RD ST & CURRY,39.16465983,-86.58292002
2012,10,3,Weekday,1400,2-Car,No injury/unknown,FOLLOWING TOO CLOSELY,3RD ST & CURRY,39.16465983,-86.58292002
2012,10,2,Weekday,1600,2-Car,No injury/unknown,FAILURE TO YIELD RIGHT OF WAY,CURRY & WEST 3RD ST,39.16465983,-86.58292002
2012,10,3,Weekday,0,2-Car,Non-incapacitating,DISREGARD SIGNAL/REG SIGN,3RD ST & CURRY,39.16465983,-86.58292002
2012,10,5,Weekday,1400,3+ Cars,No injury/unknown,FOLLOWING TOO CLOSELY,3RD ST & CURRY,39.16465983,-86.58292002
2012,10,4,Weekday,1600,2-Car,No injury/unknown,IMPROPER LANE USAGE,CURRY PIKE & THIRD,39.16465983,-86.58292002
2012,6,2,Weekday,1500,2-Car,No injury/unknown,FOLLOWING TOO CLOSELY,CURRY & THIRD ST,39.16465983,-86.5829131
2012,8,4,Weekday,2100,2-Car,No injury/unknown,UNSAFE LANE MOVEMENT,CURRY & W 3RD ST,39.16465983,-86.58289405
2012,3,6,Weekday,1500,2-Car,No injury/unknown,FAILURE TO YIELD RIGHT OF WAY,CURRY & W 3RD ST,39.16465983,-86.58283344
2012,3,6,Weekend,2000,2-Car,No injury/unknown,FAILURE TO YIELD RIGHT OF WAY,S CURRY & W 3RD ST,39.16465508,-86.5829194
2012,9,4,Weekday,1500,2-Car,No injury/unknown,OTHER (DRIVER) - EXPLAIN IN NARRATIVE,3RD & PETE ELLIS DR,39.16465198,-86.495088
2012,11,7,Weekend,200,2-Car,No injury/unknown,FOLLOWING TOO CLOSELY,3RD ST & LINCOLN,39.16464,-86.52925994
2012,8,7,Weekend,1400,2-Car,No injury/unknown,UNSAFE BACKING,E 3RD ST,39.16464,-86.56913891
2012,3,7,Weekend,1500,2-Car,No injury/unknown,OTHER (DRIVER) - EXPLAIN IN NARRATIVE,E 3RD ST,39.16464,-86.56905455
2012,8,3,Weekday,1500,2-Car,No injury/unknown,UNSAFE BACKING,E 3RD ST,39.16464,-86.56905455
2012,8,4,Weekday,1800,2-Car,No injury/unknown,OTHER (DRIVER) - EXPLAIN IN NARRATIVE,E 3RD ST,39.16464,-86.56905455
2012,2,4,Weekday,1800,2-Car,No injury/unknown,FOLLOWING TOO CLOSELY,KIMBLE & THIRD ST,39.16464,-86.568
2012,3,6,Weekday,1700,2-Car,No injury/unknown,FOLLOWING TOO CLOSELY,3RD ST & KIMBLE,39.16464,-86.568
2012,3,4,Weekday,1300,2-Car,No injury/unknown,BRAKE FAILURE OR DEFECTIVE,3RD ST & KIMBLE,39.16464,-86.568
2012,4,6,Weekday,1700,2-Car,Non-incapacitating,DISREGARD SIGNAL/REG SIGN,3RD ST & KIMBLE,39.16464,-86.568
2012,6,2,Weekday,1600,3+ Cars,No injury/unknown,FAILURE TO YIELD RIGHT OF WAY,3RD ST & KIMBLE,39.16464,-86.568
2012,8,4,Weekday,900,2-Car,No injury/unknown,UNSAFE LANE MOVEMENT,KIMBLE & WEST THIRD ST,39.16464,-86.568
2012,9,6,Weekday,1600,3+ Cars,Non-incapacitating,FOLLOWING TOO CLOSELY,KIMBLE & WEST 3RD ST,39.16464,-86.568
2012,10,2,Weekday,1500,2-Car,Non-incapacitating,FOLLOWING TOO CLOSELY,KIMBLE & WEST THIRD ST,39.16464,-86.568
2012,5,1,Weekend,100,1-Car,No injury/unknown,RAN OFF ROAD RIGHT,EAST 3RD ST,39.16464,-86.56783019
2012,7,6,Weekday,1600,2-Car,No injury/unknown,FAILURE TO YIELD RIGHT OF WAY,3RD ST & KIMBLE,39.16464,-86.56764719
2012,1,3,Weekday,1700,2-Car,No injury/unknown,UNSAFE BACKING,3RD ST & JOHNSON,39.16464,-86.564992
2012,3,6,Weekday,1700,2-Car,No injury/unknown,FAILURE TO YIELD RIGHT OF WAY,3RD ST & JOHNSON,39.16464,-86.564992
2012,1,2,Weekday,1600,2-Car,No injury/unknown,IMPROPER TURNING,EAST 3RD & SOUTH COLLEGE ST,39.16464,-86.534816
2012,2,7,Weekend,900,2-Car,No injury/unknown,FAILURE TO YIELD RIGHT OF WAY,S COLLEGE & W 3RD ST,39.16464,-86.534816
2012,2,2,Weekday,900,2-Car,No injury/unknown,FAILURE TO YIELD RIGHT OF WAY,3RD ST & COLLEGE,39.16464,-86.534816
2012,3,6,Weekday,1200,2-Car,Incapacitating,DISREGARD SIGNAL/REG SIGN,3RD ST & COLLEGE,39.16464,-86.534816
2012,3,6,Weekday,1100,2-Car,No injury/unknown,SPEED TOO FAST FOR WEATHER CONDITIONS,3RD & COLLEGE AVE,39.16464,-86.534816
2012,6,1,Weekday,2200,2-Car,No injury/unknown,DISREGARD SIGNAL/REG SIGN,3RD & S COLLEGE AVE,39.16464,-86.534816
2012,6,2,Weekday,1300,2-Car,Non-incapacitating,FOLLOWING TOO CLOSELY,SOUTH COLLEGE AVE & WEST 3RD,39.16464,-86.534816
2012,7,3,Weekday,1900,2-Car,No injury/unknown,DISREGARD SIGNAL/REG SIGN,3RD ST & COLLEGE,39.16464,-86.534816
2012,7,2,Weekday,1600,2-Car,No injury/unknown,DISREGARD SIGNAL/REG SIGN,3RD & COLLEGE AVE,39.16464,-86.534816
2012,8,2,Weekday,1600,2-Car,No injury/unknown,FAILURE TO YIELD RIGHT OF WAY,S COLLEGE AVE & W 3RD,39.16464,-86.534816
2012,8,2,Weekday,1900,Bus,No injury/unknown,DISREGARD SIGNAL/REG SIGN,3RD & S COLLEGE AVE,39.16464,-86.534816
2012,9,5,Weekday,1600,2-Car,No injury/unknown,UNSAFE LANE MOVEMENT,N COLLEGE & SR37N,39.16464,-86.534816
2012,10,2,Weekday,1900,2-Car,No injury/unknown,UNSAFE LANE MOVEMENT,SOUTH COLLEGE AVE & WEST 3RD,39.16464,-86.534816
2012,11,5,Weekday,1600,2-Car,Non-incapacitating,FOLLOWING TOO CLOSELY,COLLEGE & W 3RD ST,39.16464,-86.534816
2012,11,7,Weekend,900,2-Car,Non-incapacitating,FAILURE TO YIELD RIGHT OF WAY,3RD & S COLLEGE AVE,39.16464,-86.534816
2012,9,7,Weekend,1800,2-Car,No injury/unknown,FOLLOWING TOO CLOSELY,COLLEGE & W 3RD ST,39.16464,-86.53446319
2012,1,7,Weekend,1300,2-Car,No injury/unknown,DISREGARD SIGNAL/REG SIGN,3RD & WALNUT ST,39.16464,-86.5336
2012,1,7,Weekend,1200,2-Car,No injury/unknown,SPEED TOO FAST FOR WEATHER CONDITIONS,WALNUT ST,39.16464,-86.5336
2012,1,6,Weekday,1400,Bus,No injury/unknown,DISREGARD SIGNAL/REG SIGN,3RD & WALNUT ST,39.16464,-86.5336
2012,2,4,Weekday,1700,2-Car,No injury/unknown,DISREGARD SIGNAL/REG SIGN,E 3RD & S WALNUT ST,39.16464,-86.5336
2012,5,5,Weekday,2200,2-Car,No injury/unknown,DISREGARD SIGNAL/REG SIGN,3RD ST & WALNUT,39.16464,-86.5336
2012,3,2,Weekday,1300,2-Car,No injury/unknown,UNSAFE BACKING,S WALNUT ST,39.16464,-86.5336
2012,4,5,Weekday,300,1-Car,No injury/unknown,IMPROPER TURNING,NORTH WALNUT ST,39.16464,-86.5336
2012,4,4,Weekday,1700,Bus,No injury/unknown,BRAKE FAILURE OR DEFECTIVE,EAST 3RD ST & SOUTH WALNUT,39.16464,-86.5336
2012,4,6,Weekday,1100,2-Car,No injury/unknown,UNSAFE BACKING,S WALNUT ST,39.16464,-86.5336
2012,4,1,Weekend,300,2-Car,No injury/unknown,,NORTH WALNUT ST,39.16464,-86.5336
2012,6,2,Weekday,200,2-Car,No injury/unknown,UNSAFE BACKING,S WALNUT ST,39.16464,-86.5336
2012,6,2,Weekday,1300,2-Car,No injury/unknown,FAILURE TO YIELD RIGHT OF WAY,3RD & S WALNUT ST,39.16464,-86.5336
2012,9,1,Weekend,1400,2-Car,Incapacitating,WRONG WAY ON ONE WAY,3RD & SOUTH WALNUT ST,39.16464,-86.5336
2012,10,2,Weekday,1700,2-Car,No injury/unknown,FAILURE TO YIELD RIGHT OF WAY,E 3RD ST & WALNUT,39.16464,-86.5336
2012,11,1,Weekend,1800,2-Car,Non-incapacitating,DISREGARD SIGNAL/REG SIGN,E 3RD & S WALNUT ST,39.16464,-86.5336
2012,1,1,Weekend,1500,2-Car,No injury/unknown,DISREGARD SIGNAL/REG SIGN,EAST 3RD ST & SOUTH WASHINGTON,39.16464,-86.5324
2012,3,4,Weekday,1700,2-Car,No injury/unknown,UNSAFE BACKING,WEST 3RD ST,39.16464,-86.5324
2012,6,4,Weekday,900,2-Car,No injury/unknown,DISREGARD SIGNAL/REG SIGN,E 3RD & S WASHINGTON ST,39.16464,-86.5324
2012,8,5,Weekday,500,2-Car,No injury/unknown,UNSAFE BACKING,WEST 3RD ST,39.16464,-86.5324
2012,9,2,Weekday,1400,Cyclist,Non-incapacitating,OTHER (DRIVER) - EXPLAIN IN NARRATIVE,E W ALLEY 100 BLK E 3RD STREET & S WASHINGTON ALY,39.16464,-86.5324
2012,12,7,Weekend,300,2-Car,No injury/unknown,UNSAFE BACKING,E 3RD ST,39.16464,-86.5324
2012,11,6,Weekend,2300,2-Car,No injury/unknown,FAILURE TO YIELD RIGHT OF WAY,3RD ST & WASHINGTON,39.16464,-86.5324
2012,11,6,Weekday,700,2-Car,No injury/unknown,OTHER (DRIVER) - EXPLAIN IN NARRATIVE,E 3RD ST & WASHINGTON,39.16464,-86.5324
2012,7,2,Weekday,1500,2-Car,No injury/unknown,UNSAFE BACKING,E 3RD ST,39.16464,-86.53211918
2012,1,6,Weekday,1200,2-Car,No injury/unknown,DISREGARD SIGNAL/REG SIGN,200 S LINCOLN & 300 E 3RD ST,39.16464,-86.531024
2012,4,5,Weekday,1800,2-Car,No injury/unknown,FOLLOWING TOO CLOSELY,E 3RD ST & S LINCOLN,39.16464,-86.531024
2012,7,2,Weekday,1600,2-Car,No injury/unknown,FOLLOWING TOO CLOSELY,3RD ST & LINCOLN,39.16464,-86.531024
2012,1,5,Weekday,1100,2-Car,No injury/unknown,FAILURE TO YIELD RIGHT OF WAY,3RD ST & GRANT,39.16464,-86.529728
2012,2,2,Weekday,1700,2-Car,Non-incapacitating,FOLLOWING TOO CLOSELY,EAST 3RD ST & GRANT,39.16464,-86.529728
2012,6,7,Weekend,1500,Pedestrian,Incapacitating,DISREGARD SIGNAL/REG SIGN,3RD ST & GRANT,39.16464,-86.529728
2012,8,1,Weekend,1200,2-Car,No injury/unknown,FAILURE TO YIELD RIGHT OF WAY,3RD ST & GRANT,39.16464,-86.529728
2012,8,3,Weekday,1800,2-Car,No injury/unknown,FAILURE TO YIELD RIGHT OF WAY,3RD ST & GRANT,39.16464,-86.529728
2012,8,6,Weekday,1300,2-Car,Non-incapacitating,FAILURE TO YIELD RIGHT OF WAY,E 3RD ST & GRANT,39.16464,-86.529728
2012,9,5,Weekday,1700,2-Car,No injury/unknown,FAILURE TO YIELD RIGHT OF WAY,E 3RD ST & GRANT,39.16464,-86.529728
2012,9,2,Weekday,0,2-Car,No injury/unknown,FAILURE TO YIELD RIGHT OF WAY,3RD ST & GRANT,39.16464,-86.529728
2012,10,2,Weekday,1600,2-Car,Non-incapacitating,FAILURE TO YIELD RIGHT OF WAY,E 3RD ST & S GRANT,39.16464,-86.529728
2012,2,7,Weekend,0,1-Car,No injury/unknown,ROADWAY SURFACE CONDITION,400 E 3RD ST & DUNN,39.16464,-86.52906697
2012,10,6,Weekend,2300,2-Car,No injury/unknown,FAILURE TO YIELD RIGHT OF WAY,3RD & ROGERS ST,39.16463032,-86.53869979
2012,6,6,Weekend,2300,2-Car,Non-incapacitating,FAILURE TO YIELD RIGHT OF WAY,COLLEGE AVE & THIRD,39.16462591,-86.53489203
2012,2,6,Weekday,1100,3+ Cars,Non-incapacitating,FOLLOWING TOO CLOSELY,3600 W 3RD ST & LIBERTY,39.16461055,-86.57908936
2012,3,1,Weekend,1200,2-Car,No injury/unknown,DRIVER DISTRACTED - EXPLAIN IN NARRATIVE,S LIBERTY & W 3RD ST,39.16461021,-86.57914738
2012,1,2,Weekday,1300,2-Car,No injury/unknown,FOLLOWING TOO CLOSELY,3RD ST & LIBERTY,39.16461021,-86.57913006
2012,5,5,Weekday,1900,2-Car,No injury/unknown,FAILURE TO YIELD RIGHT OF WAY,SOUTH LIBERTY & WEST 3RD ST,39.16461021,-86.57913006
2012,6,5,Weekday,700,3+ Cars,Non-incapacitating,DRIVER DISTRACTED - EXPLAIN IN NARRATIVE,3RD & LIBERTY DR,39.16461021,-86.57913006
2012,6,6,Weekend,2000,3+ Cars,No injury/unknown,FOLLOWING TOO CLOSELY,LIBERTY DR & W THIRD,39.16461021,-86.57913006
2012,8,5,Weekday,800,2-Car,Non-incapacitating,DISREGARD SIGNAL/REG SIGN,LIBERTY & W 3RD ST,39.16461021,-86.57913006
2012,11,5,Weekday,1500,2-Car,Non-incapacitating,FAILURE TO YIELD RIGHT OF WAY,LIBERTY & W THIRD ST,39.16461021,-86.57913006
2012,11,2,Weekday,1600,2-Car,No injury/unknown,FOLLOWING TOO CLOSELY,3RD ST & LIBERTY,39.16461021,-86.57913006
2012,11,4,Weekday,1200,2-Car,Non-incapacitating,FOLLOWING TOO CLOSELY,3RD ST & LIBERTY,39.16461021,-86.57913006
2012,12,5,Weekday,1600,2-Car,No injury/unknown,DISREGARD SIGNAL/REG SIGN,S LIBERTY & W 3RD ST,39.16461021,-86.57913006
2012,6,7,Weekend,1900,2-Car,Non-incapacitating,FAILURE TO YIELD RIGHT OF WAY,LIBERTY & WEST 3RD ST,39.16461021,-86.57912487
2012,6,2,Weekday,1800,2-Car,Non-incapacitating,FOLLOWING TOO CLOSELY,LIBERTY & W 3RD ST,39.16461021,-86.57912141
2012,4,5,Weekday,1100,Pedestrian,Non-incapacitating,FAILURE TO YIELD RIGHT OF WAY,3RD ST & LIBERTY,39.16461021,-86.57911275
2012,6,3,Weekday,1700,2-Car,Non-incapacitating,FAILURE TO YIELD RIGHT OF WAY,S LIBERTY & W 3RD ST,39.16460969,-86.57911485
2012,7,7,Weekend,800,2-Car,No injury/unknown,UNSAFE BACKING,S WALNUT ST,39.16460343,-86.5336
2012,10,5,Weekday,800,2-Car,No injury/unknown,OTHER (DRIVER) - EXPLAIN IN NARRATIVE,EAST 3RD ST,39.16460037,-86.47589874
2012,6,5,Weekday,1400,2-Car,No injury/unknown,DISREGARD SIGNAL/REG SIGN,COLLEGE AVE & THIRD,39.16460015,-86.53489977
2012,8,3,Weekday,1700,2-Car,No injury/unknown,FOLLOWING TOO CLOSELY,3RD & COLLEGE AVE,39.16460015,-86.53489977
2012,9,2,Weekday,2100,2-Car,No injury/unknown,FAILURE TO YIELD RIGHT OF WAY,3RD ST & COLLEGE,39.16460015,-86.53489977
2012,11,7,Weekend,1500,2-Car,No injury/unknown,FOLLOWING TOO CLOSELY,SOUTH COLLEGE AVE & WEST 3RD,39.16460015,-86.53489977
2012,12,2,Weekday,1000,2-Car,Incapacitating,DISREGARD SIGNAL/REG SIGN,3RD & COLLEGE AVE,39.16460015,-86.53489977
2012,12,6,Weekend,1900,2-Car,No injury/unknown,SPEED TOO FAST FOR WEATHER CONDITIONS,COLLEGE AVE & THIRD,39.16460015,-86.53489977
2012,1,4,Weekday,1300,3+ Cars,Non-incapacitating,FOLLOWING TOO CLOSELY,3RD & WALNUT ST,39.16460015,-86.53362974
2012,5,4,Weekday,1300,2-Car,No injury/unknown,UNSAFE BACKING,THIRD & WALNUT ST,39.16460015,-86.53362974
2012,8,2,Weekday,500,2-Car,No injury/unknown,FAILURE TO YIELD RIGHT OF WAY,THIRD ST & WALNUT,39.16460015,-86.53362974
2012,11,5,Weekday,1200,2-Car,No injury/unknown,FOLLOWING TOO CLOSELY,THIRD & WALNUT ST,39.16460015,-86.53362974
2012,12,2,Weekday,700,2-Car,Non-incapacitating,DISREGARD SIGNAL/REG SIGN,3RD ST & WASHINGTON,39.16460015,-86.53235971
2012,4,5,Weekday,1500,2-Car,No injury/unknown,IMPROPER TURNING,3RD ST & GATES,39.16459009,-86.57619975
2012,6,6,Weekday,1500,2-Car,No injury/unknown,FAILURE TO YIELD RIGHT OF WAY,GATES & THIRD ST,39.16459009,-86.57619975
2012,6,1,Weekend,1300,2-Car,No injury/unknown,UNSAFE LANE MOVEMENT,S GATES DR & WEST 3RD,39.16459009,-86.57619975
2012,8,1,Weekday,2200,2-Car,No injury/unknown,FAILURE TO YIELD RIGHT OF WAY,3RD ST & GATES,39.16459009,-86.57619975
2012,8,6,Weekday,1700,2-Car,No injury/unknown,FOLLOWING TOO CLOSELY,3RD ST & GATES,39.16459009,-86.57619975
2012,8,2,Weekday,1500,2-Car,No injury/unknown,OTHER (DRIVER) - EXPLAIN IN NARRATIVE,3RD ST & GATES,39.16459009,-86.57619975
2012,9,6,Weekend,2200,2-Car,No injury/unknown,FAILURE TO YIELD RIGHT OF WAY,3RD ST & GATES,39.16459009,-86.57619975
2012,9,7,Weekend,1300,3+ Cars,No injury/unknown,OTHER (DRIVER) - EXPLAIN IN NARRATIVE,GATES & WEST 3RD ST,39.16459009,-86.57619975