Year,Month,Day,Weekend?,Hour,Collision Type,Injury Type,Primary Factor,Reported_Location,Latitude,Longitude
2012,10,5,Weekday,1600,2-Car,No injury/unknown,,3RD ST & WOODLAWN,39.16425012,-86.52263292
2012,11,3,Weekday,1200,3+ Cars,No injury/unknown,FOLLOWING TOO CLOSELY,THIRD ST & WOODLAWN,39.16425012,-86.5226286
2012,11,4,Weekday,1100,2-Car,No injury/unknown,IMPROPER LANE USAGE,3RD ST & WOODLAWN,39.16425012,-86.52261994
2012,3,2,Weekday,1400,Bus,No injury/unknown,UNSAFE LANE MOVEMENT,E 3RD ST & S HAWTHORNE,39.16425012,-86.52009428
2012,3,3,Weekday,1300,2-Car,Non-incapacitating,UNSAFE SPEED,3RD ST & HAWTHORNE,39.16425012,-86.52008995
2012,4,6,Weekday,1000,2-Car,Non-incapacitating,UNSAFE SPEED,HAWTHORNE & THIRD ST,39.16425012,-86.52008476
2012,1,7,Weekend,100,2-Car,No injury/unknown,FAILURE TO YIELD RIGHT OF WAY,3RD ST & SWAIN,39.16425012,-86.51525996
2012,1,4,Weekday,1400,2-Car,Non-incapacitating,UNSAFE LANE MOVEMENT,SWAIN & THIRD ST,39.16425012,-86.51525996
2012,2,6,Weekday,1600,2-Car,No injury/unknown,IMPROPER TURNING,3RD ST & SWAIN,39.16425012,-86.51525996
2012,3,5,Weekday,1600,2-Car,Non-incapacitating,IMPROPER TURNING,E 3RD ST & S SWAIN,39.16425012,-86.51525996
2012,4,6,Weekday,1800,2-Car,Non-incapacitating,IMPROPER TURNING,3RD ST & SWAIN,39.16425012,-86.51525996
2012,8,7,Weekend,1300,2-Car,No injury/unknown,IMPROPER TURNING,E 3RD ST & S SWAIN,39.16425012,-86.51525996
2012,10,2,Weekday,1400,2-Car,No injury/unknown,IMPROPER TURNING,3RD ST & SWAIN,39.16425012,-86.51525996
2012,12,7,Weekend,1700,2-Car,Non-incapacitating,FAILURE TO YIELD RIGHT OF WAY,EAST 3RD ST & SOUTH SWAIN,39.16425012,-86.51525996
2012,1,7,Weekend,200,2-Car,No injury/unknown,IMPROPER TURNING,3RD ST & MITCHELL,39.16425012,-86.51422999
2012,8,6,Weekend,1900,2-Car,No injury/unknown,FOLLOWING TOO CLOSELY,COLLEGE MALL & E 3RD ST,39.16424732,-86.49910556
2012,7,1,Weekend,1400,2-Car,No injury/unknown,FAILURE TO YIELD RIGHT OF WAY,MEADOWBROOK & SR46,39.16424548,-86.48442755
2012,8,2,Weekday,1300,2-Car,Non-incapacitating,FAILURE TO YIELD RIGHT OF WAY,COLLEGE MALL & THIRD ST,39.16424006,-86.49835668
2012,10,6,Weekend,2100,2-Car,No injury/unknown,FOLLOWING TOO CLOSELY,3RD ST & COLLEGE MALL,39.16424006,-86.49828748
2012,11,3,Weekday,1400,3+ Cars,No injury/unknown,FOLLOWING TOO CLOSELY,3RD ST & COLLEGE MALL,39.16424006,-86.49827018
2012,11,5,Weekday,2000,2-Car,No injury/unknown,DRIVER DISTRACTED - EXPLAIN IN NARRATIVE,SR46S & THIRD,39.16424006,-86.49827018
2012,11,5,Weekday,1800,3+ Cars,Non-incapacitating,FOLLOWING TOO CLOSELY,MORNINGSIDE & THIRD ST,39.16424006,-86.47367969
2012,3,5,Weekday,1200,2-Car,No injury/unknown,FOLLOWING TOO CLOSELY,PETE ELLIS & SR46E,39.16424,-86.49473519
2012,3,1,Weekend,1600,2-Car,No injury/unknown,FOLLOWING TOO CLOSELY,PETE ELLIS & SR46E,39.16424,-86.49482339
2012,11,7,Weekend,2000,1-Car,No injury/unknown,ANIMAL/OBJECT IN ROADWAY,3RD ST & HERITAGE,39.16424,-86.48294481
2012,10,1,Weekend,1500,2-Car,No injury/unknown,FAILURE TO YIELD RIGHT OF WAY,E 3RD ST & JORDAN,39.16424,-86.51666461
2012,9,6,Weekday,1200,2-Car,No injury/unknown,FOLLOWING TOO CLOSELY,WEST 3RD ST,39.16424,-86.48814157
2012,2,3,Weekday,2000,2-Car,No injury/unknown,UNSAFE BACKING,E 3RD ST,39.16424,-86.5152
2012,9,2,Weekday,700,Moped/Motorcycle,Non-incapacitating,WRONG WAY ON ONE WAY,E 3RD ST & MITCHELL,39.16424,-86.514096
2012,5,4,Weekday,1400,3+ Cars,No injury/unknown,DRIVER DISTRACTED - EXPLAIN IN NARRATIVE,E 3RD ST & S EASTSIDE,39.16424,-86.513088
2012,1,4,Weekday,700,3+ Cars,Non-incapacitating,FAILURE TO YIELD RIGHT OF WAY,3RD ST & COLLEGE MALL,39.16424,-86.4984
2012,1,5,Weekday,2100,2-Car,No injury/unknown,FOLLOWING TOO CLOSELY,COLLEGE MALL & THIRD ST,39.16424,-86.4984
2012,1,1,Weekend,300,2-Car,No injury/unknown,FOLLOWING TOO CLOSELY,S COLLEGE MALL RD,39.16424,-86.4984
2012,1,4,Weekday,1900,2-Car,Non-incapacitating,FAILURE TO YIELD RIGHT OF WAY,E 3RD ST & S COLLEGE MALL,39.16424,-86.4984
2012,2,5,Weekday,1700,2-Car,No injury/unknown,FOLLOWING TOO CLOSELY,COLLEGE MALL & THIRD ST,39.16424,-86.4984
2012,3,2,Weekday,1300,2-Car,No injury/unknown,FAILURE TO YIELD RIGHT OF WAY,COLLEGE MALL & E 3RD ST,39.16424,-86.4984
2012,3,2,Weekday,1600,3+ Cars,No injury/unknown,FOLLOWING TOO CLOSELY,E 3RD & S COLLEGE MALL RD,39.16424,-86.4984
2012,4,2,Weekday,1400,3+ Cars,No injury/unknown,FOLLOWING TOO CLOSELY,E 3RD & S COLLEGE MALL RD,39.16424,-86.4984
2012,6,2,Weekday,1600,2-Car,Non-incapacitating,FAILURE TO YIELD RIGHT OF WAY,COLLEGE MALL RD & EAST 3RD,39.16424,-86.4984
2012,7,3,Weekday,1500,2-Car,No injury/unknown,FOLLOWING TOO CLOSELY,COLLEGE MALL & E 3RD ST,39.16424,-86.4984
2012,7,2,Weekday,1400,2-Car,No injury/unknown,FAILURE TO YIELD RIGHT OF WAY,E 3RD ST & S COLLEGE MALL,39.16424,-86.4984
2012,5,7,Weekend,2100,2-Car,Non-incapacitating,FOLLOWING TOO CLOSELY,3RD & COLLEGE MALL RD,39.16424,-86.4984
2012,5,1,Weekend,1400,2-Car,No injury/unknown,DRIVER ILLNESS,3RD ST & COLLEGE MALL,39.16424,-86.4984
2012,5,7,Weekend,1400,3+ Cars,No injury/unknown,FAILURE TO YIELD RIGHT OF WAY,E 3RD ST & S COLLEGE MALL,39.16424,-86.4984
2012,7,2,Weekday,1600,2-Car,No injury/unknown,IMPROPER TURNING,3RD & COLLEGE MALL RD,39.16424,-86.4984
2012,8,6,Weekday,800,2-Car,No injury/unknown,FAILURE TO YIELD RIGHT OF WAY,E 3RD ST & S COLLEGE MALL,39.16424,-86.4984
2012,9,7,Weekend,1800,3+ Cars,No injury/unknown,FOLLOWING TOO CLOSELY,EAST 3RD & SOUTH COLLEGE MALL RD,39.16424,-86.4984
2012,10,6,Weekday,1600,2-Car,No injury/unknown,FAILURE TO YIELD RIGHT OF WAY,E 3RD ST & S COLLEGE MALL,39.16424,-86.4984
2012,11,4,Weekday,2000,2-Car,Non-incapacitating,FAILURE TO YIELD RIGHT OF WAY,3RD & S COLLEGE MALL RD,39.16424,-86.4984
2012,11,5,Weekday,1500,2-Car,No injury/unknown,FAILURE TO YIELD RIGHT OF WAY,COLLEGE MALL & E 3RD ST,39.16424,-86.4984
2012,12,7,Weekend,1000,2-Car,No injury/unknown,UNSAFE LANE MOVEMENT,COLLEGE MALL & E 3RD ST,39.16424,-86.4984
2012,1,2,Weekday,1600,1-Car,No injury/unknown,SPEED TOO FAST FOR WEATHER CONDITIONS,PETE ELLIS DR & SR46E,39.16424,-86.495088
2012,1,6,Weekday,800,2-Car,Non-incapacitating,FAILURE TO YIELD RIGHT OF WAY,E THIRD ST & PETE ELLIS,39.16424,-86.495088
2012,4,3,Weekday,1600,3+ Cars,Non-incapacitating,FAILURE TO YIELD RIGHT OF WAY,E 3RD ST & S PETE ELLIS,39.16424,-86.495088
2012,4,4,Weekday,1400,3+ Cars,No injury/unknown,FAILURE TO YIELD RIGHT OF WAY,E 3RD ST & PETE ELLIS,39.16424,-86.495088
2012,7,6,Weekday,1300,2-Car,Non-incapacitating,FAILURE TO YIELD RIGHT OF WAY,E 3RD ST & PETE ELLIS,39.16424,-86.495088
2012,12,3,Weekday,1500,2-Car,Non-incapacitating,FOLLOWING TOO CLOSELY,E 3RD ST & PETE ELLIS,39.16424,-86.495088
2012,6,4,Weekday,600,1-Car,Non-incapacitating,RAN OFF ROAD RIGHT,E 3RD ST,39.16424,-86.49494053
2012,4,6,Weekday,1400,2-Car,No injury/unknown,IMPROPER TURNING,E 3RD ST,39.16424,-86.49425989
2012,7,2,Weekday,1000,2-Car,No injury/unknown,FAILURE TO YIELD RIGHT OF WAY,E 3RD ST,39.16424,-86.49425989
2012,7,5,Weekday,1700,2-Car,No injury/unknown,UNSAFE BACKING,E 3RD ST,39.16424,-86.49425989
2012,6,1,Weekday,2000,Pedestrian,Non-incapacitating,OTHER (DRIVER) - EXPLAIN IN NARRATIVE,E 3RD ST,39.16424,-86.49425989
2012,1,3,Weekday,0,Pedestrian,Non-incapacitating,OTHER (DRIVER) - EXPLAIN IN NARRATIVE,E 3RD ST,39.16424,-86.4939483
2012,6,3,Weekday,1200,2-Car,No injury/unknown,UNSAFE BACKING,E 3RD ST,39.16424,-86.49368135
2012,1,4,Weekday,1100,2-Car,No injury/unknown,DISREGARD SIGNAL/REG SIGN,E 3RD ST & S KINGSTON,39.16424,-86.492944
2012,1,3,Weekday,800,2-Car,No injury/unknown,FOLLOWING TOO CLOSELY,3RD ST & KINGSTON,39.16424,-86.492944
2012,1,3,Weekday,1200,2-Car,No injury/unknown,FOLLOWING TOO CLOSELY,3RD ST & KINGSTON,39.16424,-86.492944
2012,1,4,Weekday,1200,2-Car,No injury/unknown,UNSAFE LANE MOVEMENT,E THIRD ST & KINGSTON,39.16424,-86.492944
2012,3,7,Weekend,1600,2-Car,No injury/unknown,DISREGARD SIGNAL/REG SIGN,3RD ST & KINGSTON,39.16424,-86.492944
2012,1,5,Weekday,1600,2-Car,No injury/unknown,FOLLOWING TOO CLOSELY,3RD ST & KINGSTON,39.16424,-86.492944
2012,2,6,Weekday,1600,2-Car,No injury/unknown,FOLLOWING TOO CLOSELY,E 3RD ST & KINGSTON,39.16424,-86.492944
2012,2,7,Weekend,1400,2-Car,No injury/unknown,FOLLOWING TOO CLOSELY,E 3RD ST & S KINGSTON,39.16424,-86.492944
2012,2,7,Weekend,1500,2-Car,No injury/unknown,FAILURE TO YIELD RIGHT OF WAY,3RD & KINGSTON DR,39.16424,-86.492944
2012,3,6,Weekday,700,2-Car,No injury/unknown,FOLLOWING TOO CLOSELY,3RD ST & KINGSTON,39.16424,-86.492944
2012,3,7,Weekend,1700,2-Car,No injury/unknown,UNSAFE BACKING,3RD & KINGSTON DR,39.16424,-86.492944
2012,5,6,Weekend,2000,2-Car,No injury/unknown,FAILURE TO YIELD RIGHT OF WAY,3RD ST & KINGSTON,39.16424,-86.492944
2012,3,5,Weekday,1300,3+ Cars,Non-incapacitating,FOLLOWING TOO CLOSELY,3RD ST & KINGSTON,39.16424,-86.492944
2012,4,5,Weekday,700,2-Car,Non-incapacitating,FAILURE TO YIELD RIGHT OF WAY,E 3RD ST & KINGSTON,39.16424,-86.492944
2012,4,7,Weekend,1000,Moped/Motorcycle,Non-incapacitating,ROADWAY SURFACE CONDITION,E 3RD ST & KINGSTON,39.16424,-86.492944
2012,4,7,Weekend,1000,2-Car,No injury/unknown,FOLLOWING TOO CLOSELY,E 3RD ST & KINGSTON,39.16424,-86.492944
2012,4,3,Weekday,1300,2-Car,No injury/unknown,FAILURE TO YIELD RIGHT OF WAY,E 3RD ST & S KINGSTON,39.16424,-86.492944
2012,4,3,Weekday,1600,3+ Cars,No injury/unknown,FOLLOWING TOO CLOSELY,E 3RD & S KINGSTON DR,39.16424,-86.492944
2012,4,4,Weekday,1500,2-Car,No injury/unknown,FOLLOWING TOO CLOSELY,3RD ST & KINGSTON,39.16424,-86.492944
2012,5,7,Weekend,1000,3+ Cars,Non-incapacitating,FOLLOWING TOO CLOSELY,E 3RD ST & KINGSTON,39.16424,-86.492944
2012,6,3,Weekday,700,2-Car,Non-incapacitating,FOLLOWING TOO CLOSELY,100 S KIGSTON & E 3RD ST,39.16424,-86.492944
2012,6,4,Weekday,1100,2-Car,Non-incapacitating,FOLLOWING TOO CLOSELY,E 3RD ST & KINGSTON,39.16424,-86.492944
2012,6,3,Weekday,800,2-Car,No injury/unknown,FAILURE TO YIELD RIGHT OF WAY,E 3RD ST & S KINGSTON,39.16424,-86.492944
2012,7,3,Weekday,1700,Moped/Motorcycle,Non-incapacitating,FAILURE TO YIELD RIGHT OF WAY,E 3RD ST & S KINGSTON,39.16424,-86.492944
2012,7,7,Weekend,1600,2-Car,No injury/unknown,UNSAFE BACKING,E 3RD & S KINGSTON DR,39.16424,-86.492944
2012,7,6,Weekday,1400,2-Car,Non-incapacitating,FOLLOWING TOO CLOSELY,3RD ST & KINGSTON,39.16424,-86.492944
2012,8,7,Weekend,1000,2-Car,Non-incapacitating,FOLLOWING TOO CLOSELY,E 3RD & KINGSTON DR,39.16424,-86.492944
2012,8,6,Weekday,1100,2-Car,No injury/unknown,FAILURE TO YIELD RIGHT OF WAY,E 3RD ST & SO KINGSTON,39.16424,-86.492944
2012,8,3,Weekday,800,2-Car,No injury/unknown,FAILURE TO YIELD RIGHT OF WAY,E 3RD ST & KINGSTON,39.16424,-86.492944
2012,10,3,Weekday,1400,3+ Cars,Non-incapacitating,DRIVER DISTRACTED - EXPLAIN IN NARRATIVE,E 3RD ST & KINGSTON,39.16424,-86.492944
2012,10,6,Weekday,1800,2-Car,No injury/unknown,FAILURE TO YIELD RIGHT OF WAY,E THIRD ST & KINGSTON,39.16424,-86.492944
2012,10,6,Weekday,1200,2-Car,Non-incapacitating,FAILURE TO YIELD RIGHT OF WAY,EAST THIRD ST & KINGSTON,39.16424,-86.492944
2012,12,7,Weekend,1000,2-Car,Non-incapacitating,FOLLOWING TOO CLOSELY,3000 E 3RD ST & S KINGSTON,39.16424,-86.492944
2012,11,6,Weekday,1800,2-Car,No injury/unknown,FAILURE TO YIELD RIGHT OF WAY,E 3RD ST & KINGSTON,39.16424,-86.492944
2012,12,7,Weekend,1800,3+ Cars,No injury/unknown,FOLLOWING TOO CLOSELY,E 3RD ST & S KINGSTON,39.16424,-86.492944
2012,2,6,Weekday,1700,2-Car,No injury/unknown,FAILURE TO YIELD RIGHT OF WAY,3RD ST,39.16424,-86.49259396
2012,1,5,Weekday,1900,2-Car,No injury/unknown,DRIVER DISTRACTED - EXPLAIN IN NARRATIVE,3RD ST & CLARIZZ,39.16424,-86.4908
2012,2,5,Weekday,2200,2-Car,No injury/unknown,FOLLOWING TOO CLOSELY,S CLARIZZ & SR46E,39.16424,-86.4908
2012,7,2,Weekday,2100,1-Car,No injury/unknown,OTHER (DRIVER) - EXPLAIN IN NARRATIVE,WEST 3RD ST,39.16424,-86.4908
2012,10,1,Weekend,1400,2-Car,No injury/unknown,FOLLOWING TOO CLOSELY,E 3RD ST & S CLARIZZ,39.16424,-86.4908
2012,10,4,Weekday,800,2-Car,No injury/unknown,FOLLOWING TOO CLOSELY,CLARIZZ & SR 46 HWY,39.16424,-86.4908
2012,11,4,Weekday,900,2-Car,No injury/unknown,FAILURE TO YIELD RIGHT OF WAY,W 3RD ST,39.16424,-86.4908
2012,3,2,Weekday,1400,2-Car,No injury/unknown,OTHER (VEHICLE) - EXPLAIN IN NARRATIVE,W 3RD ST,39.16424,-86.48595093
2012,1,1,Weekend,1300,1-Car,No injury/unknown,RAN OFF ROAD RIGHT,E 3RD ST,39.16424,-86.48537741
2012,5,5,Weekday,1600,3+ Cars,Non-incapacitating,FOLLOWING TOO CLOSELY,3RD ST & MEADOWBROOK,39.16424,-86.484384
2012,10,1,Weekend,1300,3+ Cars,No injury/unknown,FOLLOWING TOO CLOSELY,3RD ST & MEADOWBROOK,39.16424,-86.484384
2012,11,5,Weekday,1800,3+ Cars,Non-incapacitating,FOLLOWING TOO CLOSELY,EAST 3RD ST & SOUTH MEADOWBROOK,39.16424,-86.484384
2012,5,2,Weekday,1100,2-Car,No injury/unknown,BRAKE FAILURE OR DEFECTIVE,W 3RD ST,39.16424,-86.48434743
2012,4,6,Weekday,800,1-Car,Non-incapacitating,DRIVER ILLNESS,W 3RD ST,39.16424,-86.48346971
2012,3,6,Weekday,700,2-Car,Non-incapacitating,IMPROPER TURNING,HARTSTRAIT RD & SR46,39.16424,-86.482592
2012,12,5,Weekday,1200,2-Car,No injury/unknown,UNSAFE BACKING,WEST 3RD ST,39.16424,-86.48244996
2012,3,4,Weekday,1800,2-Car,No injury/unknown,FOLLOWING TOO CLOSELY,EAST 3RD ST & SMITH,39.16424,-86.480688
2012,5,1,Weekend,800,Cyclist,Non-incapacitating,FAILURE TO YIELD RIGHT OF WAY,3RD ST & SMITH,39.16424,-86.480688
2012,4,2,Weekday,800,2-Car,Non-incapacitating,FOLLOWING TOO CLOSELY,E 3RD & SMITH RD,39.16424,-86.480688
2012,4,2,Weekday,2200,Moped/Motorcycle,No injury/unknown,OTHER (DRIVER) - EXPLAIN IN NARRATIVE,3RD ST,39.16424,-86.480688
2012,4,5,Weekday,2200,2-Car,Non-incapacitating,DISREGARD SIGNAL/REG SIGN,3RD ST & SMITH,39.16424,-86.480688
2012,6,3,Weekday,1200,2-Car,No injury/unknown,FAILURE TO YIELD RIGHT OF WAY,SMITHVILLE & SR37N,39.16424,-86.480688
2012,7,4,Weekday,1000,2-Car,No injury/unknown,UNSAFE BACKING,3RD & N SMITH RD,39.16424,-86.480688
2012,5,5,Weekday,1300,2-Car,No injury/unknown,FAILURE TO YIELD RIGHT OF WAY,3RD & SMITH RD,39.16424,-86.480688
2012,6,7,Weekend,1200,2-Car,Non-incapacitating,FOLLOWING TOO CLOSELY,E 3RD & SMITH RD,39.16424,-86.480688
2012,7,5,Weekday,1700,3+ Cars,No injury/unknown,LEFT OF CENTER,E 3RD ST & SMITH,39.16424,-86.480688
2012,8,3,Weekday,1300,2-Car,Non-incapacitating,FOLLOWING TOO CLOSELY,E 3RD ST & PRIVATE,39.16424,-86.480688
2012,8,3,Weekday,1700,2-Car,No injury/unknown,UNSAFE BACKING,E 3RD ST,39.16424,-86.480688
2012,10,3,Weekday,1900,2-Car,No injury/unknown,SPEED TOO FAST FOR WEATHER CONDITIONS,E 3RD ST & SMITH,39.16424,-86.480688
2012,10,5,Weekday,700,1-Car,No injury/unknown,ANIMAL/OBJECT IN ROADWAY,SMITHVILLE & SR37S,39.16424,-86.480688
2012,11,6,Weekday,1800,2-Car,No injury/unknown,FOLLOWING TOO CLOSELY,3RD & SMITH RD,39.16424,-86.480688
2012,12,1,Weekend,900,2-Car,No injury/unknown,SPEED TOO FAST FOR WEATHER CONDITIONS,E 3RD & SMITH RD,39.16424,-86.480688
2012,12,2,Weekday,1300,2-Car,No injury/unknown,OTHER (DRIVER) - EXPLAIN IN NARRATIVE,E 3RD ST & S SMITH,39.16424,-86.480688
2012,12,7,Weekend,1400,2-Car,No injury/unknown,FOLLOWING TOO CLOSELY,SMITHVILLE ROAD RD & SR37,39.16424,-86.480688
2012,7,5,Weekday,900,2-Car,No injury/unknown,UNSAFE BACKING,W 3RD ST,39.16424,-86.48057698
2012,4,6,Weekday,1500,2-Car,No injury/unknown,FAILURE TO YIELD RIGHT OF WAY,3RD ST & PARK RIDGE,39.16424,-86.476096
2012,4,6,Weekend,1900,2-Car,Non-incapacitating,FAILURE TO YIELD RIGHT OF WAY,E 3RD ST & S PARK RIDGE,39.16424,-86.476096
2012,5,7,Weekend,1100,2-Car,No injury/unknown,IMPROPER LANE USAGE,E 3RD ST & S PARK RIDGE,39.16424,-86.476096
2012,6,1,Weekend,1400,2-Car,No injury/unknown,FAILURE TO YIELD RIGHT OF WAY,EAST 3RD ST & SOUTH PARK RIDGE,39.16424,-86.476096
2012,2,3,Weekday,700,Bus,No injury/unknown,OTHER (DRIVER) - EXPLAIN IN NARRATIVE,E 3RD ST,39.16424,-86.47599804
2012,1,3,Weekday,1200,2-Car,No injury/unknown,IMPROPER LANE USAGE,3RD & SR46E,39.16424,-86.473296
2012,4,6,Weekday,1300,2-Car,No injury/unknown,IMPROPER PASSING,EAST 3RD & SR46S,39.16424,-86.473296
2012,5,6,Weekday,1100,2-Car,No injury/unknown,IMPROPER PASSING,3RD & SR46N,39.16424,-86.473296
2012,6,2,Weekday,2300,2-Car,Non-incapacitating,OTHER (DRIVER) - EXPLAIN IN NARRATIVE,3RD & SR46W,39.16424,-86.473296
2012,10,3,Weekday,1800,2-Car,No injury/unknown,FAILURE TO YIELD RIGHT OF WAY,3RD & SR46E,39.16424,-86.473296
2012,10,1,Weekend,0,2-Car,No injury/unknown,FOLLOWING TOO CLOSELY,3RD ST & SR46,39.16424,-86.473296
2012,1,2,Weekday,1700,2-Car,No injury/unknown,UNSAFE BACKING,E 3RD ST,39.16423861,-86.49522852
2012,3,2,Weekday,1800,2-Car,No injury/unknown,,E 3RD ST,39.16423861,-86.49522852
2012,5,5,Weekday,1800,2-Car,No injury/unknown,UNSAFE BACKING,E 3RD ST,39.16423861,-86.49522852
2012,11,7,Weekend,1600,2-Car,No injury/unknown,UNSAFE BACKING,E 3RD ST,39.16423861,-86.49522852
2012,3,6,Weekday,1700,2-Car,No injury/unknown,FOLLOWING TOO CLOSELY,3RD ST & PETE ELLIS,39.16423826,-86.49526439
2012,10,7,Weekend,1400,2-Car,No injury/unknown,UNSAFE BACKING,E 3RD ST,39.16423804,-86.49819233
2012,11,1,Weekend,300,2-Car,No injury/unknown,UNSAFE BACKING,S GRANT ST,39.16423771,-86.52973159
2012,7,3,Weekday,1500,2-Car,No injury/unknown,IMPROPER TURNING,E 3RD ST,39.16423733,-86.49811733
2012,1,6,Weekday,1800,2-Car,No injury/unknown,,E 3RD ST,39.16423674,-86.49805388
2012,12,6,Weekday,1200,2-Car,No injury/unknown,OTHER (DRIVER) - EXPLAIN IN NARRATIVE,E 3RD ST,39.16423674,-86.49805388
2012,8,2,Weekday,1000,2-Car,No injury/unknown,FAILURE TO YIELD RIGHT OF WAY,E 3RD ST & PETE ELLIS,39.16423476,-86.49561717
2012,2,4,Weekday,1400,2-Car,Non-incapacitating,FAILURE TO YIELD RIGHT OF WAY,3RD ST & COLLEGE MALL,39.16423335,-86.49769443
2012,2,4,Weekday,1700,2-Car,No injury/unknown,UNSAFE BACKING,N STATE RD 46 RD,39.164232,-86.497552
2012,4,7,Weekend,1000,2-Car,No injury/unknown,FAILURE TO YIELD RIGHT OF WAY,E 3RD ST,39.16422546,-86.49655709
2012,3,1,Weekday,2200,2-Car,No injury/unknown,UNSAFE BACKING,E 3RD ST,39.16422436,-86.49666727
2012,7,3,Weekday,1100,2-Car,No injury/unknown,FAILURE TO YIELD RIGHT OF WAY,E 3RD ST,39.16422436,-86.49666727
2012,11,7,Weekend,1200,2-Car,No injury/unknown,OTHER (DRIVER) - EXPLAIN IN NARRATIVE,3RD ST,39.1642233,-86.50477454
2012,12,6,Weekday,1200,2-Car,No injury/unknown,OTHER (DRIVER) - EXPLAIN IN NARRATIVE,3RD & SR46E,39.16422272,-86.47916412
2012,12,5,Weekday,1400,2-Car,No injury/unknown,FOLLOWING TOO CLOSELY,3RD & SR37S,39.16422272,-86.47916412
2012,2,6,Weekend,2000,2-Car,Non-incapacitating,FOLLOWING TOO CLOSELY,E 3RD ST & WILLIAMSBURG,39.16421995,-86.4965862
2012,2,6,Weekday,900,2-Car,No injury/unknown,FAILURE TO YIELD RIGHT OF WAY,E 3RD ST & WILLIAMSBURG,39.16421995,-86.49657972
2012,4,4,Weekday,800,2-Car,No injury/unknown,FAILURE TO YIELD RIGHT OF WAY,E THIRD ST & WILLIAMSBURG,39.16421995,-86.49657972
2012,6,6,Weekday,1400,2-Car,No injury/unknown,FAILURE TO YIELD RIGHT OF WAY,E 3RD ST & S WILLIAMSBURG,39.16421995,-86.49657972
2012,8,4,Weekday,1800,2-Car,No injury/unknown,FAILURE TO YIELD RIGHT OF WAY,E 3RD ST & S WILLIAMSBURG,39.16421995,-86.49657972
2012,9,6,Weekend,2000,2-Car,No injury/unknown,FAILURE TO YIELD RIGHT OF WAY,3RD ST & WILLIAMSBURG,39.16421995,-86.49657972
2012,2,7,Weekend,1200,2-Car,No injury/unknown,FOLLOWING TOO CLOSELY,3RD ST & WILLIAMSBURG,39.16421995,-86.49657626
2012,8,2,Weekday,2300,2-Car,No injury/unknown,UNSAFE BACKING,3RD ST,39.1642186,-86.50438696
2012,6,2,Weekday,1100,2-Car,No injury/unknown,FAILURE TO YIELD RIGHT OF WAY,2813 E 3RD & WILLIAMSBURG DR,39.1642155,-86.49657913
2012,7,4,Weekday,1100,1-Car,No injury/unknown,OTHER (DRIVER) - EXPLAIN IN NARRATIVE,E THIRD ST,39.1642119,-86.5220949
2012,1,3,Weekday,1400,2-Car,No injury/unknown,FAILURE TO YIELD RIGHT OF WAY,3RD ST & PETE ELLIS,39.16420989,-86.49495966
2012,7,1,Weekend,1600,Moped/Motorcycle,Non-incapacitating,FOLLOWING TOO CLOSELY,3RD ST & PETE ELLIS,39.16420989,-86.49495966
2012,6,2,Weekday,1600,2-Car,No injury/unknown,FAILURE TO YIELD RIGHT OF WAY,3RD ST & KINGSTON,39.16420989,-86.49303987
2012,8,6,Weekday,1600,2-Car,No injury/unknown,DISREGARD SIGNAL/REG SIGN,3RD & KINGSTON DR,39.16420989,-86.49303987
2012,11,6,Weekday,1600,2-Car,No injury/unknown,FAILURE TO YIELD RIGHT OF WAY,3RD & KINGSTON DR,39.16420989,-86.49303987
2012,10,1,Weekday,2000,2-Car,No injury/unknown,FOLLOWING TOO CLOSELY,E 3RD ST & KINGSTON,39.16420989,-86.49303122
2012,6,6,Weekday,0,1-Car,Incapacitating,RAN OFF ROAD RIGHT,3RD ST & REISNER,39.16420989,-86.48803892
2012,5,7,Weekend,900,2-Car,No injury/unknown,FAILURE TO YIELD RIGHT OF WAY,REISNER & SR46E,39.16420989,-86.48799135
2012,7,2,Weekday,1300,Cyclist,Non-incapacitating,FAILURE TO YIELD RIGHT OF WAY,3RD & SMITH RD,39.16420989,-86.48122005
2012,2,7,Weekend,1000,2-Car,No injury/unknown,SPEED TOO FAST FOR WEATHER CONDITIONS,KINGSTON & SR46,39.16419987,-86.49304909
2012,3,2,Weekday,1700,2-Car,No injury/unknown,FOLLOWING TOO CLOSELY,2ND & COLLEGE AVE,39.16418648,-86.53482028
2012,11,6,Weekend,2300,2-Car,No injury/unknown,DISREGARD SIGNAL/REG SIGN,8 & INDIANA AVE,39.164184,-86.526915
2012,11,6,Weekday,1300,2-Car,No injury/unknown,FAILURE TO YIELD RIGHT OF WAY,E THIRD ST,39.16417837,-86.49679496
2012,2,3,Weekday,1500,2-Car,No injury/unknown,,E THIRD ST,39.164171,-86.4956282
2012,10,6,Weekday,1800,1-Car,No injury/unknown,OTHER (DRIVER) - EXPLAIN IN NARRATIVE,3RD & ROGERS ST,39.16417069,-86.538592
2012,8,6,Weekday,1200,2-Car,No injury/unknown,FAILURE TO YIELD RIGHT OF WAY,EAST THIRD ST,39.16416831,-86.49533383
2012,11,1,Weekend,1700,2-Car,No injury/unknown,IMPROPER TURNING,THIRD ST,39.16416496,-86.49338722
2012,12,6,Weekday,600,1-Car,No injury/unknown,OVERCORRECTING/OVERSTEERING,BLOOMFIELD & SR37N,39.16415523,-86.5715332
2012,12,5,Weekday,1200,2-Car,Non-incapacitating,UNSAFE BACKING,3RD & COLLEGE MALL RD,39.16410464,-86.49837029