Year,Month,Day,Weekend?,Hour,Collision Type,Injury Type,Primary Factor,Reported_Location,Latitude,Longitude
2012,12,3,Weekday,1300,Cyclist,Incapacitating,FAILURE TO YIELD RIGHT OF WAY,ROGERS & W 2ND ST,39.16153451,-86.53965023
2012,11,1,Weekday,2000,2-Car,No injury/unknown,UNSAFE BACKING,S PARK RIDGE RD,39.16152567,-86.47653557
2012,5,2,Weekday,600,2-Car,No injury/unknown,OTHER (DRIVER) - EXPLAIN IN NARRATIVE,MUELLER PKWY,39.16152231,-86.56760461
2012,2,4,Weekday,1500,2-Car,Non-incapacitating,FOLLOWING TOO CLOSELY,2ND ST & ROGERS,39.16152,-86.538592
2012,4,6,Weekday,1400,2-Car,No injury/unknown,FOLLOWING TOO CLOSELY,ROGERS & SECOND ST,39.16152,-86.538592
2012,6,3,Weekday,1500,2-Car,No injury/unknown,IMPROPER PASSING,SOUTH ROGERS & WEST 2ND ST,39.16152,-86.538592
2012,12,4,Weekday,700,1-Car,No injury/unknown,SPEED TOO FAST FOR WEATHER CONDITIONS,2ND ST & ROGERS,39.16152,-86.538592
2012,1,6,Weekday,1200,2-Car,No injury/unknown,ACCELERATOR FAILURE OR DEFECTIVE,S MORTON & W 2ND ST,39.161472,-86.53624
2012,1,4,Weekday,1400,2-Car,No injury/unknown,FOLLOWING TOO CLOSELY,2ND ST & COLLEGE,39.16144343,-86.5349714
2012,2,5,Weekday,800,2-Car,No injury/unknown,LEFT OF CENTER,2ND ST & FESS,39.16144,-86.5254872
2012,12,5,Weekday,1500,2-Car,No injury/unknown,UNSAFE BACKING,DUNN & SECOND ST,39.16144,-86.5281116
2012,9,7,Weekend,1500,2-Car,No injury/unknown,DISREGARD SIGNAL/REG SIGN,S COLLEGE & W 2ND ST,39.16144,-86.534848
2012,5,4,Weekday,1400,3+ Cars,No injury/unknown,DRIVER DISTRACTED - EXPLAIN IN NARRATIVE,2ND ST & S WALNUT,39.16144,-86.5339528
2012,2,2,Weekday,1600,2-Car,No injury/unknown,FOLLOWING TOO CLOSELY,2ND ST & WALNUT,39.16144,-86.5337764
2012,1,1,Weekend,800,2-Car,No injury/unknown,DISREGARD SIGNAL/REG SIGN,2ND & S WALNUT ST,39.16144,-86.5336
2012,1,7,Weekend,2200,3+ Cars,No injury/unknown,SPEED TOO FAST FOR WEATHER CONDITIONS,2ND & SOUTH WALNUT ST,39.16144,-86.5336
2012,4,6,Weekday,1100,Cyclist,Non-incapacitating,OTHER (DRIVER) - EXPLAIN IN NARRATIVE,520 S WALNUT ST & E 2ND,39.16144,-86.5336
2012,9,3,Weekday,1200,2-Car,No injury/unknown,FAILURE TO YIELD RIGHT OF WAY,2ND & S WALNUT ST,39.16144,-86.5336
2012,4,7,Weekend,1700,2-Car,No injury/unknown,,2301 EAST 2ND ST,39.16144,-86.5324
2012,10,2,Weekday,2100,2-Car,No injury/unknown,UNSAFE BACKING,W 2ND ST,39.16144,-86.53212571
2012,3,6,Weekday,900,2-Car,Non-incapacitating,FAILURE TO YIELD RIGHT OF WAY,2ND ST & LINCOLN,39.16144,-86.531056
2012,4,5,Weekday,1400,2-Car,No injury/unknown,FAILURE TO YIELD RIGHT OF WAY,LINCOLN & SECOND ST,39.16144,-86.531056
2012,5,4,Weekday,1900,2-Car,Non-incapacitating,FAILURE TO YIELD RIGHT OF WAY,2ND ST & LINCOLN,39.16144,-86.531056
2012,5,5,Weekday,1500,2-Car,No injury/unknown,FAILURE TO YIELD RIGHT OF WAY,2ND ST & LINCOLN,39.16144,-86.531056
2012,10,3,Weekday,1400,2-Car,No injury/unknown,,EAST 2ND & SOUTH LINCONLN ST,39.16144,-86.531056
2012,9,2,Weekday,1500,2-Car,No injury/unknown,OTHER (DRIVER) - EXPLAIN IN NARRATIVE,EAST 2ND ST & LINCOLN,39.16144,-86.531056
2012,3,6,Weekday,300,3+ Cars,Non-incapacitating,DRIVER DISTRACTED - EXPLAIN IN NARRATIVE,2ND ST & GRANT,39.16144,-86.52976
2012,10,7,Weekend,1500,2-Car,No injury/unknown,OTHER (DRIVER) - EXPLAIN IN NARRATIVE,WEST 2ND ST,39.16144,-86.52976
2012,9,6,Weekday,1600,2-Car,No injury/unknown,OTHER (VEHICLE) - EXPLAIN IN NARRATIVE,SECOND ST,39.16144,-86.52805616
2012,7,2,Weekday,2000,2-Car,No injury/unknown,,W 2ND ST,39.16144,-86.527152
2012,11,4,Weekday,1500,Pedestrian,Non-incapacitating,FAILURE TO YIELD RIGHT OF WAY,W 2ND ST,39.16144,-86.527152
2012,3,5,Weekday,1600,1-Car,No injury/unknown,OTHER (DRIVER) - EXPLAIN IN NARRATIVE,WEST 2ND ST,39.16144,-86.52709845
2012,8,1,Weekend,1300,2-Car,No injury/unknown,OTHER (DRIVER) - EXPLAIN IN NARRATIVE,E 2ND & S FESS AVE,39.16144,-86.52584
2012,12,5,Weekday,1000,1-Car,No injury/unknown,RAN OFF ROAD RIGHT,E 2ND ST & PARK,39.16144,-86.523952
2012,1,5,Weekday,1200,2-Car,No injury/unknown,FOLLOWING TOO CLOSELY,2ND ST & WALKER,39.16142978,-86.54614023
2012,1,5,Weekday,1200,2-Car,No injury/unknown,LEFT OF CENTER,2ND ST & WALKER,39.16142978,-86.54614023
2012,1,2,Weekday,1600,2-Car,Non-incapacitating,FAILURE TO YIELD RIGHT OF WAY,S WALKER & W 2ND ST,39.16142978,-86.54614023
2012,6,2,Weekday,2100,2-Car,No injury/unknown,FAILURE TO YIELD RIGHT OF WAY,2ND ST & WALKER,39.16142978,-86.54614023
2012,7,7,Weekend,1100,2-Car,No injury/unknown,DISREGARD SIGNAL/REG SIGN,2ND ST & WALKER,39.16142978,-86.54614023
2012,8,3,Weekday,300,1-Car,No injury/unknown,RAN OFF ROAD RIGHT,S WALKER & W 2ND ST,39.16142978,-86.54614023
2012,10,5,Weekday,1000,1-Car,Non-incapacitating,RAN OFF ROAD RIGHT,S WALKER & W 2ND ST,39.16142978,-86.54612725
2012,4,7,Weekend,2300,2-Car,No injury/unknown,IMPROPER TURNING,MULLER PKWY,39.16142508,-86.56753487
2012,9,1,Weekend,1000,2-Car,No injury/unknown,FOLLOWING TOO CLOSELY,2ND ST & MAPLE,39.16141033,-86.54224969
2012,11,2,Weekday,1000,2-Car,No injury/unknown,FOLLOWING TOO CLOSELY,2ND ST & MAPLE,39.16141033,-86.54224969
2012,1,5,Weekday,1800,3+ Cars,No injury/unknown,FOLLOWING TOO CLOSELY,2ND ST & MAPLE,39.16141033,-86.54224536
2012,9,2,Weekday,1100,2-Car,No injury/unknown,FOLLOWING TOO CLOSELY,2ND ST & MAPLE,39.16141033,-86.5422432
2012,2,4,Weekday,1600,2-Car,No injury/unknown,IMPROPER PASSING,MADISON & WEST 2ND ST,39.16141033,-86.53743982
2012,8,5,Weekday,1100,1-Car,Non-incapacitating,BRAKE FAILURE OR DEFECTIVE,2ND ST & MADISON,39.16141033,-86.53743549
2012,4,3,Weekday,1800,2-Car,Non-incapacitating,FOLLOWING TOO CLOSELY,2ND ST & ROGERS,39.16140027,-86.53868759
2012,3,1,Weekend,1600,2-Car,Non-incapacitating,OTHER (DRIVER) - EXPLAIN IN NARRATIVE,2ND ST & ROGERS,39.16140027,-86.53867028
2012,3,2,Weekday,800,2-Car,Non-incapacitating,FOLLOWING TOO CLOSELY,2ND & S WALNUT ST,39.16140027,-86.53362974
2012,4,4,Weekday,1800,1-Car,No injury/unknown,OVERCORRECTING/OVERSTEERING,2ND ST & WALNUT,39.16140027,-86.53362974
2012,10,6,Weekend,1900,2-Car,No injury/unknown,FOLLOWING TOO CLOSELY,E 2ND ST & S WALNUT,39.16140027,-86.53362974
2012,10,7,Weekend,2100,3+ Cars,Non-incapacitating,CELL PHONE USAGE,2ND & WALNUT ST,39.16140027,-86.53362974
2012,3,2,Weekday,1600,3+ Cars,No injury/unknown,FOLLOWING TOO CLOSELY,2ND & COLLEGE AVE,39.16138016,-86.53492994
2012,10,3,Weekday,1500,Pedestrian,Non-incapacitating,FAILURE TO YIELD RIGHT OF WAY,2ND ST & COLLEGE,39.16138016,-86.53492994
2012,11,4,Weekday,500,2-Car,Non-incapacitating,OTHER (DRIVER) - EXPLAIN IN NARRATIVE,2ND ST & COLLEGE,39.16138016,-86.53492994
2012,5,5,Weekday,1700,2-Car,No injury/unknown,FAILURE TO YIELD RIGHT OF WAY,2ND & LINCOLN ST,39.16136004,-86.53123989
2012,8,2,Weekday,1400,Bus,No injury/unknown,FAILURE TO YIELD RIGHT OF WAY,2ND ST & LINCOLN,39.16136004,-86.53123989
2012,3,2,Weekday,1000,2-Car,No injury/unknown,UNSAFE BACKING,WEST 2ND ST,39.16135535,-86.53977066
2012,4,5,Weekday,800,1-Car,No injury/unknown,IMPROPER TURNING,WEST 2 ST ST,39.16135535,-86.53977066
2012,4,7,Weekend,800,2-Car,Non-incapacitating,FAILURE TO YIELD RIGHT OF WAY,E 2ND & S HENDERSON ST,39.16134254,-86.52719974
2012,10,4,Weekday,1200,2-Car,No injury/unknown,OTHER (DRIVER) - EXPLAIN IN NARRATIVE,2ND ST & HENDERSON,39.16133992,-86.52720847
2012,1,4,Weekday,1600,1-Car,No injury/unknown,IMPROPER TURNING,2ND ST & PARK,39.16131981,-86.52399994
2012,10,6,Weekday,1100,2-Car,No injury/unknown,UNSAFE LANE MOVEMENT,COLLEGE AVE & KIRKWOOD,39.16131224,-86.53488032
2012,2,5,Weekday,800,2-Car,No injury/unknown,IMPROPER PASSING,2ND & WOODLAWN AVE,39.161312,-86.522576
2012,7,6,Weekday,1400,2-Car,No injury/unknown,OTHER (DRIVER) - EXPLAIN IN NARRATIVE,2ND & S COLLEGE AVE,39.16130268,-86.5348502
2012,5,4,Weekday,300,2-Car,No injury/unknown,IMPROPER LANE USAGE,2ND & FESS AVE,39.16130268,-86.52584196
2012,5,5,Weekday,1500,Bus,No injury/unknown,OTHER (DRIVER) - EXPLAIN IN NARRATIVE,2ND & MORTON ST,39.16119737,-86.53624439
2012,6,6,Weekday,1700,2-Car,No injury/unknown,,S PARK RIDGE RD,39.16117094,-86.47675484
2012,3,7,Weekend,1400,2-Car,No injury/unknown,FAILURE TO YIELD RIGHT OF WAY,2ND & JORDAN AVE,39.161168,-86.516352
2012,11,5,Weekday,1900,3+ Cars,No injury/unknown,FOLLOWING TOO CLOSELY,2ND & S COLLEGE AVE,39.16116537,-86.53485239
2012,7,4,Weekday,1700,Moped/Motorcycle,Non-incapacitating,UNSAFE SPEED,S COLLEGE AVE,39.16115717,-86.53485253
2012,9,3,Weekday,1300,2-Car,No injury/unknown,UNSAFE BACKING,S COLLEGE AVE,39.16115717,-86.53485253
2012,10,2,Weekday,1200,2-Car,No injury/unknown,FAILURE TO YIELD RIGHT OF WAY,S COLLEGE AVE,39.16115717,-86.53485253
2012,2,3,Weekday,1000,2-Car,No injury/unknown,FOLLOWING TOO CLOSELY,E BROWNRIDGE & SO SMITH RD,39.1611519,-86.48072644
2012,3,5,Weekday,1100,2-Car,No injury/unknown,UNSAFE SPEED,E BROWNRIDGE & S SMITH RD,39.16115016,-86.48071981
2012,2,6,Weekday,900,2-Car,No injury/unknown,UNSAFE BACKING,S WALNUT ST,39.16114057,-86.5336
2012,1,2,Weekday,1600,2-Car,Non-incapacitating,SPEED TOO FAST FOR WEATHER CONDITIONS,2ND ST & MITCHELL,39.16112,-86.514096
2012,4,7,Weekend,0,2-Car,No injury/unknown,,2ND & MITCHELL ST,39.16112,-86.514096
2012,5,5,Weekday,100,Moped/Motorcycle,Non-incapacitating,FAILURE TO YIELD RIGHT OF WAY,GRAHAM & ROCKPORT RD,39.16111574,-86.54512971
2012,8,6,Weekday,1400,2-Car,No injury/unknown,UNSAFE BACKING,S MORTON ST,39.16106384,-86.53624653
2012,10,3,Weekday,900,2-Car,No injury/unknown,UNSAFE BACKING,S LANDMARK AVE,39.16104889,-86.55483245
2012,12,2,Weekday,1100,2-Car,No injury/unknown,UNSAFE BACKING,S LANDMARK AVE,39.16104889,-86.55483245
2012,10,7,Weekend,1300,1-Car,No injury/unknown,RAN OFF ROAD RIGHT,E 2ND ST & EASTSIDE,39.16103013,-86.51320002
2012,5,2,Weekday,1700,2-Car,No injury/unknown,UNSAFE BACKING,S WALNUT ST,39.16101225,-86.5336
2012,12,2,Weekday,100,2-Car,No injury/unknown,UNSAFE BACKING,E 2ND ST,39.16097447,-86.49940006
2012,10,1,Weekend,200,2-Car,No injury/unknown,OTHER (DRIVER) - EXPLAIN IN NARRATIVE,2ND & BALLANTINE RD,39.16095737,-86.51906066
2012,11,3,Weekday,1700,2-Car,No injury/unknown,UNSAFE LANE MOVEMENT,COLLEGE MALL & E 2ND ST,39.16094401,-86.4979606
2012,10,6,Weekday,1200,2-Car,No injury/unknown,IMPROPER TURNING,2ND ST & COLLEGE MALL,39.160944,-86.49783712
2012,2,6,Weekday,1400,2-Car,No injury/unknown,FAILURE TO YIELD RIGHT OF WAY,2ND & HIGH ST,39.160944,-86.508288
2012,3,2,Weekday,1700,2-Car,No injury/unknown,FAILURE TO YIELD RIGHT OF WAY,2ND & COLLEGE MALL RD,39.160944,-86.497696
2012,3,3,Weekday,1400,3+ Cars,Non-incapacitating,FOLLOWING TOO CLOSELY,COLLEGE MALL & COLLEGE MALL RD,39.160944,-86.497696
2012,3,7,Weekend,1100,2-Car,No injury/unknown,UNSAFE LANE MOVEMENT,2ND & COLLEGE MALL RD RD,39.160944,-86.497696
2012,4,1,Weekend,1300,2-Car,Non-incapacitating,FAILURE TO YIELD RIGHT OF WAY,E 2ND & S COLLEGE MALL RD,39.160944,-86.497696
2012,7,1,Weekend,1500,2-Car,Non-incapacitating,LEFT OF CENTER,E 2ND & S COLLEGE MALL RD,39.160944,-86.497696
2012,5,1,Weekday,2200,2-Car,No injury/unknown,OTHER (DRIVER) - EXPLAIN IN NARRATIVE,2ND ST & COLLEGE MALL,39.16094027,-86.49772033
2012,9,5,Weekday,1200,2-Car,No injury/unknown,FAILURE TO YIELD RIGHT OF WAY,2ND ST & COLLEGE MALL,39.16094027,-86.49771168
2012,6,4,Weekday,1000,2-Car,No injury/unknown,IMPROPER LANE USAGE,E 2ND & SO COLLEGE MALL RD,39.16093797,-86.49771967
2012,12,6,Weekday,1200,2-Car,Non-incapacitating,FOLLOWING TOO CLOSELY,COLLEGE MALL & COLLEGE MALL PARKING LOT DR,39.16093004,-86.4978075
2012,4,6,Weekday,1800,2-Car,No injury/unknown,DRIVER DISTRACTED - EXPLAIN IN NARRATIVE,E 2ND ST & S WOODSCREST,39.16092322,-86.50243435
2012,7,4,Weekday,2000,2-Car,No injury/unknown,OTHER (DRIVER) - EXPLAIN IN NARRATIVE,E 2ND ST & S WOODSCREST,39.16092016,-86.50248433
2012,3,2,Weekday,1100,2-Car,No injury/unknown,SPEED TOO FAST FOR WEATHER CONDITIONS,2ND ST & WOODSCREST,39.16092016,-86.50244973
2012,2,6,Weekday,0,2-Car,Non-incapacitating,FOLLOWING TOO CLOSELY,2ND ST & WOODSCREST,39.16092016,-86.50244973
2012,2,4,Weekday,800,2-Car,No injury/unknown,FOLLOWING TOO CLOSELY,E 2ND ST & WOODSCREST,39.16092016,-86.50244973
2012,4,1,Weekday,2200,2-Car,No injury/unknown,DISREGARD SIGNAL/REG SIGN,2ND ST & WOODSCREST,39.16092016,-86.50244973
2012,12,7,Weekend,1200,2-Car,No injury/unknown,FOLLOWING TOO CLOSELY,E 2ND ST & S WOODSCREST,39.16092016,-86.50244973
2012,7,2,Weekday,1800,3+ Cars,No injury/unknown,FOLLOWING TOO CLOSELY,1ST & COLLEGE AVE,39.16081318,-86.53485803
2012,12,7,Weekend,1400,2-Car,No injury/unknown,UNSAFE LANE MOVEMENT,2ND & WASHINGTON ST,39.16075336,-86.5324
2012,3,4,Weekday,1100,Cyclist,Non-incapacitating,DISREGARD SIGNAL/REG SIGN,2ND ST & PATTERSON,39.16074984,-86.54850997
2012,4,1,Weekend,1200,2-Car,No injury/unknown,FOLLOWING TOO CLOSELY,PATTERSON & WEST 2ND ST,39.16074984,-86.54850997
2012,5,6,Weekday,500,2-Car,No injury/unknown,FAILURE TO YIELD RIGHT OF WAY,2ND & PATTERSON DR,39.16074984,-86.54850997
2012,5,7,Weekend,2000,2-Car,No injury/unknown,UNSAFE BACKING,2ND ST & PATTERSON,39.16074984,-86.54850997
2012,7,3,Weekday,1300,2-Car,No injury/unknown,FOLLOWING TOO CLOSELY,2ND ST & PATTERSON,39.16074984,-86.54850997
2012,7,5,Weekday,1200,3+ Cars,Non-incapacitating,FOLLOWING TOO CLOSELY,PATTERSON & W 2ND ST,39.16074984,-86.54850997
2012,10,2,Weekday,1400,2-Car,No injury/unknown,DISREGARD SIGNAL/REG SIGN,SOUTH PATTERSON DR & WEST 2ND,39.16074984,-86.54850997
2012,12,2,Weekday,1600,2-Car,No injury/unknown,OTHER (DRIVER) - EXPLAIN IN NARRATIVE,2ND & PATTERSON DR,39.16074984,-86.54850997
2012,6,6,Weekday,1000,1-Car,No injury/unknown,RAN OFF ROAD RIGHT,ADAMS & W 2ND ST,39.160544,-86.5508
2012,11,2,Weekday,2100,2-Car,No injury/unknown,FOLLOWING TOO CLOSELY,ADAMS & BLOOMFIELD RD,39.160544,-86.5508
2012,6,2,Weekday,1800,2-Car,No injury/unknown,UNSAFE BACKING,LANDMARK AVE,39.16051246,-86.55401453
2012,12,6,Weekday,1400,2-Car,No injury/unknown,UNSAFE BACKING,S LANDMARK AVE,39.16051246,-86.55401453
2012,2,1,Weekend,1600,Pedestrian,Non-incapacitating,PEDESTRIAN ACTION,BENNINGTON & PARK RIDGE RD,39.1604501,-86.47678032
2012,6,4,Weekday,1700,2-Car,No injury/unknown,UNSAFE BACKING,ROGERS ST,39.16041255,-86.53861261
2012,5,7,Weekend,2300,2-Car,No injury/unknown,UNSAFE LANE MOVEMENT,2ND & COLLEGE MALL RD,39.16039489,-86.49771494
2012,5,4,Weekday,1500,2-Car,Non-incapacitating,FAILURE TO YIELD RIGHT OF WAY,HENDERSON ST & UNIVERSITY,39.16038975,-86.52718976
2012,2,3,Weekday,1500,1-Car,No injury/unknown,OTHER TELEMATICS IN USE,BLOOMFIELD & WEST ADAMS ST,39.16038015,-86.55083273
2012,11,3,Weekday,1700,2-Car,No injury/unknown,FAILURE TO YIELD RIGHT OF WAY,ADAMS & BLOOMFIELD RD,39.16037969,-86.55083008
2012,10,4,Weekday,200,2-Car,No injury/unknown,,FESS & UNIVERSITY ST,39.16037031,-86.52593985
2012,5,1,Weekend,800,2-Car,No injury/unknown,UNSAFE SPEED,COBBLESTONE CT,39.16034013,-86.60384126
2012,6,2,Weekday,800,Cyclist,Non-incapacitating,UNSAFE LANE MOVEMENT,JORDAN AVE & UNIVERSITY,39.160272,-86.516336
2012,4,2,Weekday,1100,2-Car,No injury/unknown,FAILURE TO YIELD RIGHT OF WAY,2ND & S ADAMS ST,39.16026962,-86.55078432
2012,3,6,Weekday,1200,2-Car,No injury/unknown,OTHER (DRIVER) - EXPLAIN IN NARRATIVE,LANDMARK AVE,39.16025765,-86.55395418
2012,5,5,Weekday,1600,2-Car,No injury/unknown,OTHER (VEHICLE) - EXPLAIN IN NARRATIVE,SOUTH LANDMARK AVE,39.16025765,-86.55395418
2012,3,3,Weekday,700,2-Car,Non-incapacitating,LEFT OF CENTER,E AUDUBON & N OLD SR 37 HWY,39.16003226,-86.52311012
2012,4,3,Weekday,1200,2-Car,No injury/unknown,IMPROPER LANE USAGE,1ST & COLLEGE AVE,39.15998927,-86.53487121
2012,2,6,Weekend,2000,2-Car,No injury/unknown,FOLLOWING TOO CLOSELY,BLOOMFIELD RD & LANDMARK,39.15993981,-86.55382007
2012,3,5,Weekday,1900,2-Car,Non-incapacitating,FOLLOWING TOO CLOSELY,BLOOMFIELD RD & LANDMARK,39.15993981,-86.55382007
2012,5,1,Weekend,1500,2-Car,No injury/unknown,FOLLOWING TOO CLOSELY,BLOOMFIELD RD & LANDMARK,39.15993981,-86.55382007
2012,12,2,Weekday,900,2-Car,Non-incapacitating,ROADWAY SURFACE CONDITION,LANDMARK & W BLOOMFIELD RD,39.15993981,-86.55382007
2012,5,3,Weekday,2000,1-Car,No injury/unknown,ANIMAL/OBJECT IN ROADWAY,SADDLEBROOD & SMITH RD,39.1599148,-86.48039996
2012,2,5,Weekday,1700,2-Car,No injury/unknown,FOLLOWING TOO CLOSELY,SMITH & SOUTH COLLEGE AVE,39.15967782,-86.53494
2012,10,1,Weekend,100,2-Car,No injury/unknown,FOLLOWING TOO CLOSELY,6TH & WALNUT ST,39.15961848,-86.53360024
2012,5,1,Weekend,0,Cyclist,Non-incapacitating,FAILURE TO YIELD RIGHT OF WAY,COLLEGE MALL  ENTRANCE & COLLEGE MALL RD,39.15957122,-86.49774334
2012,5,2,Weekday,1500,Bus,No injury/unknown,IMPROPER TURNING,S ROGERS ST & WEST 1ST,39.159504,-86.538592
2012,4,2,Weekday,2100,2-Car,No injury/unknown,FAILURE TO YIELD RIGHT OF WAY,1ST & ROGERS ST,39.159504,-86.538592
2012,10,3,Weekday,1400,Bus,No injury/unknown,DRIVER DISTRACTED - EXPLAIN IN NARRATIVE,1ST & ROGERS ST,39.159504,-86.538592
2012,5,3,Weekday,800,3+ Cars,Non-incapacitating,FOLLOWING TOO CLOSELY,1ST & WALNUT ST,39.15948133,-86.5336
2012,2,3,Weekday,1000,1-Car,No injury/unknown,RAN OFF ROAD RIGHT,1 ST ST & MORTON ST,39.159472,-86.536272
2012,9,7,Weekend,1600,2-Car,No injury/unknown,FAILURE TO YIELD RIGHT OF WAY,MORTON & W 1ST ST,39.159472,-86.536272
2012,10,6,Weekday,1700,2-Car,No injury/unknown,FAILURE TO YIELD RIGHT OF WAY,1ST ST & WYLIE,39.15945031,-86.54343278
2012,4,5,Weekday,2000,2-Car,No injury/unknown,FAILURE TO YIELD RIGHT OF WAY,1ST & COLLEGE AVE,39.15944,-86.53488
2012,5,7,Weekend,1600,2-Car,Non-incapacitating,IMPROPER TURNING,1ST & COLLEGE AVE,39.15944,-86.53488
2012,6,2,Weekday,1100,3+ Cars,No injury/unknown,FOLLOWING TOO CLOSELY,1ST & COLLEGE AVE,39.15944,-86.53488
2012,6,7,Weekend,2300,Moped/Motorcycle,Non-incapacitating,IMPROPER TURNING,1ST & COLLEGE AVE,39.15944,-86.53488
2012,7,5,Weekday,1100,2-Car,No injury/unknown,OTHER (DRIVER) - EXPLAIN IN NARRATIVE,1ST & COLLEGE AVE,39.15944,-86.53488
2012,9,5,Weekday,1100,Pedestrian,Non-incapacitating,PEDESTRIAN ACTION,1ST & S COLLEGE AVE,39.15944,-86.53488
2012,9,5,Weekday,2300,Cyclist,Non-incapacitating,FAILURE TO YIELD RIGHT OF WAY,1ST ST & COLLEGE,39.15944,-86.53488
2012,10,3,Weekday,500,2-Car,No injury/unknown,DISREGARD SIGNAL/REG SIGN,S COLLEGE AVE & W 1ST,39.15944,-86.53488
2012,10,2,Weekday,1800,Cyclist,Non-incapacitating,FAILURE TO YIELD RIGHT OF WAY,S COLLEGE & WEST 1ST ST,39.15944,-86.53488
2012,10,2,Weekday,1700,2-Car,No injury/unknown,FAILURE TO YIELD RIGHT OF WAY,1ST & COLLEGE AVE,39.15944,-86.53488
2012,11,7,Weekend,800,2-Car,No injury/unknown,DISREGARD SIGNAL/REG SIGN,1ST & COLLEGE AVE,39.15944,-86.53488
2012,12,2,Weekday,1300,2-Car,Non-incapacitating,LEFT OF CENTER,BUICK CADILLAC BLVD & CLARIZZ,39.15943019,-86.49054342
2012,11,2,Weekday,1700,3+ Cars,No injury/unknown,FAILURE TO YIELD RIGHT OF WAY,1ST ST & ROGERS,39.15942013,-86.53871355
2012,2,3,Weekday,800,1-Car,No injury/unknown,ANIMAL/OBJECT IN ROADWAY,WEATHERSTONE & WOODLAWN AVE,39.15939583,-86.52264006
2012,7,3,Weekday,1600,3+ Cars,No injury/unknown,FOLLOWING TOO CLOSELY,1ST & COLLEGE AVE,39.15936984,-86.53499029
2012,10,2,Weekday,1700,2-Car,Non-incapacitating,FOLLOWING TOO CLOSELY,1ST & COLLEGE AVE,39.15936984,-86.53499029
2012,11,5,Weekday,700,2-Car,No injury/unknown,OTHER (DRIVER) - EXPLAIN IN NARRATIVE,1ST ST & COLLEGE,39.15936984,-86.53499029
2012,7,2,Weekday,900,2-Car,No injury/unknown,FAILURE TO YIELD RIGHT OF WAY,S WALNUT & W 1ST ST,39.159344,-86.5336
2012,10,3,Weekday,1000,2-Car,Non-incapacitating,DISREGARD SIGNAL/REG SIGN,E 1ST ST & S WALNUT,39.159344,-86.5336
2012,1,1,Weekend,1000,2-Car,Non-incapacitating,DISREGARD SIGNAL/REG SIGN,E 1ST ST & S WASHINGTON,39.159344,-86.5324
2012,3,7,Weekend,1900,2-Car,No injury/unknown,FAILURE TO YIELD RIGHT OF WAY,1ST & S WASHINGTON ST,39.159344,-86.5324
2012,4,3,Weekday,1700,2-Car,No injury/unknown,FAILURE TO YIELD RIGHT OF WAY,1ST & WASHINGTON ST,39.159344,-86.5324
2012,12,2,Weekday,1100,2-Car,No injury/unknown,FAILURE TO YIELD RIGHT OF WAY,1ST & S WASHINGTON ST,39.159344,-86.5324
2012,2,4,Weekday,800,2-Car,No injury/unknown,FAILURE TO YIELD RIGHT OF WAY,E 1RST ST & S HIGHLAND,39.159344,-86.5176
2012,10,3,Weekday,1700,2-Car,No injury/unknown,FAILURE TO YIELD RIGHT OF WAY,1ST ST & HENDERSON,39.15932022,-86.52714014
2012,9,4,Weekday,800,2-Car,No injury/unknown,OTHER (DRIVER) - EXPLAIN IN NARRATIVE,1ST ST & HENDERSON,39.15932022,-86.52712283
2012,1,3,Weekday,1800,2-Car,Non-incapacitating,FAILURE TO YIELD RIGHT OF WAY,E 1ST ST & S HAWTHORNE,39.15930784,-86.52021468
2012,8,6,Weekday,1600,2-Car,Non-incapacitating,DISREGARD SIGNAL/REG SIGN,1ST & WOODLAWN AVE,39.15929005,-86.52264006
2012,10,6,Weekday,1000,2-Car,No injury/unknown,FOLLOWING TOO CLOSELY,BLOOMFIELD RD & RANSOM,39.15927503,-86.55557806
2012,9,1,Weekend,1300,2-Car,No injury/unknown,OTHER (DRIVER) - EXPLAIN IN NARRATIVE,S COLLEGE MALL RD,39.15925182,-86.49775452
2012,1,5,Weekday,1200,2-Car,Non-incapacitating,LEFT OF CENTER,S MULLER PKWY,39.15921217,-86.56822085
2012,2,4,Weekday,300,1-Car,No injury/unknown,RAN OFF ROAD RIGHT,BILL MALLORY & SR446S,39.15910967,-86.47156007
2012,4,7,Weekend,2100,2-Car,No injury/unknown,FOLLOWING TOO CLOSELY,3RD & JORDAN AVE,39.158973,-86.5163999
2012,5,3,Weekday,1600,2-Car,No injury/unknown,UNSAFE BACKING,SOUTH BASSWOOD DR,39.15888637,-86.56751409
2012,4,6,Weekday,1600,2-Car,No injury/unknown,UNSAFE BACKING,S BASSWOOD DR,39.15883943,-86.56759187
2012,3,6,Weekday,1700,3+ Cars,Incapacitating,UNSAFE SPEED,BUICK CADILLAC & COLLEGE MALL RD,39.15870911,-86.49777307
2012,8,3,Weekday,1300,3+ Cars,No injury/unknown,FOLLOWING TOO CLOSELY,S COLLEGE AVE & W SMITH,39.15862042,-86.53494
2012,3,5,Weekday,1300,2-Car,No injury/unknown,FOLLOWING TOO CLOSELY,BLOOMFIELD RD & RANSOM,39.15861513,-86.55670627
2012,2,1,Weekend,1700,2-Car,No injury/unknown,UNSAFE BACKING,FAIRVIEW & WYLIE ST,39.15855945,-86.54163329