Year,Month,Day,Weekend?,Hour,Collision Type,Injury Type,Primary Factor,Reported_Location,Latitude,Longitude
2012,4,2,Weekday,1300,2-Car,No injury/unknown,UNSAFE BACKING,WASHINGTON & WYLIE ST,39.158448,-86.53257639
2012,7,7,Weekend,900,2-Car,No injury/unknown,SPEED TOO FAST FOR WEATHER CONDITIONS,HIGH ST & HILLSIDE,39.1584083,-86.50843977
2012,1,3,Weekday,1900,2-Car,No injury/unknown,OTHER (DRIVER) - EXPLAIN IN NARRATIVE,712 W WYLIE ST & FAIRVIEW,39.15838458,-86.540947
2012,3,6,Weekday,200,2-Car,No injury/unknown,FAILURE TO YIELD RIGHT OF WAY,E WYLIE & S WASHINGTON ST,39.15835389,-86.53242422
2012,7,5,Weekday,1700,3+ Cars,Non-incapacitating,FAILURE TO YIELD RIGHT OF WAY,AUTO MALL & EAST BUICK CADILLAC BLVD,39.15831976,-86.49611033
2012,7,2,Weekday,1400,2-Car,No injury/unknown,FAILURE TO YIELD RIGHT OF WAY,HENDERSON ST & WYLIE,39.15829025,-86.52710996
2012,1,4,Weekday,1100,2-Car,No injury/unknown,FOLLOWING TOO CLOSELY,E BUICK CADILLAC & S COLLEGE MALL RD,39.15816,-86.497792
2012,1,3,Weekday,1900,2-Car,No injury/unknown,FAILURE TO YIELD RIGHT OF WAY,BUICK CADILLAC & COLLEGE MALL RD,39.15816,-86.497792
2012,1,5,Weekday,1400,1-Car,No injury/unknown,OTHER (DRIVER) - EXPLAIN IN NARRATIVE,E BUICK CADILLAC DR,39.15814541,-86.49706318
2012,7,4,Weekday,900,2-Car,No injury/unknown,OTHER (DRIVER) - EXPLAIN IN NARRATIVE,E BUICK CADILLAC BLVD,39.15814541,-86.49706318
2012,2,7,Weekend,1100,2-Car,No injury/unknown,FAILURE TO YIELD RIGHT OF WAY,COVENANTER DR & S COLLEGE MALL,39.15812848,-86.49787779
2012,9,5,Weekday,800,2-Car,No injury/unknown,FAILURE TO YIELD RIGHT OF WAY,S BASSWOOD DR,39.15812261,-86.57082997
2012,7,4,Weekday,1000,2-Car,No injury/unknown,FAILURE TO YIELD RIGHT OF WAY,BUICK CADILLAC & COLLEGE MALL RD,39.15810987,-86.49788998
2012,12,4,Weekday,1700,2-Car,No injury/unknown,SPEED TOO FAST FOR WEATHER CONDITIONS,BUICK CADILLAC & COLLEGE MALL RD,39.15810987,-86.49788998
2012,6,2,Weekday,1600,2-Car,Non-incapacitating,DISREGARD SIGNAL/REG SIGN,FIELD STONE & KIRBY RD,39.15794022,-86.61046028
2012,1,7,Weekend,2000,1-Car,No injury/unknown,ROADWAY SURFACE CONDITION,S WALNUT ST,39.157936,-86.5336
2012,6,2,Weekday,700,2-Car,No injury/unknown,UNSAFE BACKING,E 7TH ST & N FORREST,39.15789442,-86.52234971
2012,12,5,Weekday,0,1-Car,No injury/unknown,RAN OFF ROAD RIGHT,KIRBY RD,39.15789032,-86.61998748
2012,1,7,Weekend,100,1-Car,No injury/unknown,RAN OFF ROAD RIGHT,JORDAN & MAXWELL ST,39.15785841,-86.51649965
2012,11,3,Weekday,1000,1-Car,No injury/unknown,RAN OFF ROAD RIGHT,HIGH & MAXWELL LN,39.15779348,-86.50846438
2012,12,4,Weekday,1800,2-Car,No injury/unknown,FAILURE TO YIELD RIGHT OF WAY,E MAXWELL LN & S HIGH,39.157792,-86.508288
2012,2,3,Weekday,2300,1-Car,No injury/unknown,RAN OFF ROAD RIGHT,HIGH & MAXWELL LN,39.15775436,-86.50476055
2012,5,7,Weekend,2300,2-Car,Non-incapacitating,LEFT OF CENTER,BASSWOOD DR & COPPERBEACH,39.15771888,-86.57117128
2012,10,3,Weekday,1300,2-Car,No injury/unknown,FOLLOWING TOO CLOSELY,CORY & WEST BLOOMFIELD RD,39.15763103,-86.55885497
2012,4,2,Weekday,2000,2-Car,Non-incapacitating,FOLLOWING TOO CLOSELY,DODDS & ROGERS ST,39.157616,-86.538592
2012,7,5,Weekday,1100,2-Car,Non-incapacitating,FOLLOWING TOO CLOSELY,S ROGERS ST & W DODDS,39.157616,-86.538592
2012,9,3,Weekday,1800,2-Car,Non-incapacitating,DISREGARD SIGNAL/REG SIGN,DODDS & ROGERS ST,39.157616,-86.538592
2012,4,7,Weekend,1600,2-Car,No injury/unknown,IMPROPER TURNING,AUTO MALL RD,39.15757343,-86.496168
2012,9,2,Weekday,1000,1-Car,No injury/unknown,OTHER (DRIVER) - EXPLAIN IN NARRATIVE,W DODDS ST,39.15757225,-86.5351889
2012,10,4,Weekday,1800,2-Car,No injury/unknown,OTHER (DRIVER) - EXPLAIN IN NARRATIVE,BLOOMFIELD RD,39.15753253,-86.55889011
2012,7,7,Weekend,1800,2-Car,No injury/unknown,FOLLOWING TOO CLOSELY,DODDS & ROGERS ST,39.15747017,-86.53869979
2012,7,5,Weekday,1600,2-Car,No injury/unknown,FOLLOWING TOO CLOSELY,DODDS & ROGERS ST,39.15747017,-86.53869979
2012,10,7,Weekend,400,1-Car,No injury/unknown,RAN OFF ROAD RIGHT,COLLEGE ST & DODDS,39.15743026,-86.53446227
2012,8,5,Weekday,1100,2-Car,No injury/unknown,FAILURE TO YIELD RIGHT OF WAY,DODDS & WALNUT ST,39.15741988,-86.53364986
2012,10,7,Weekend,1100,2-Car,No injury/unknown,OTHER (DRIVER) - EXPLAIN IN NARRATIVE,DODDS & WALNUT ST,39.15741988,-86.53364986
2012,10,4,Weekday,1600,2-Car,No injury/unknown,FAILURE TO YIELD RIGHT OF WAY,DODDS & SOUTH WALNUT ST,39.15741988,-86.53364986
2012,4,2,Weekday,1400,2-Car,No injury/unknown,OTHER (DRIVER) - EXPLAIN IN NARRATIVE,S CURRY PIKE,39.15735483,-86.58270411
2012,8,7,Weekend,1500,2-Car,No injury/unknown,FAILURE TO YIELD RIGHT OF WAY,SOUTH CURRY PIKE,39.15735483,-86.58270411
2012,5,5,Weekday,100,2-Car,No injury/unknown,OTHER (DRIVER) - EXPLAIN IN NARRATIVE,S MAXWELL TER,39.15726565,-86.51181735
2012,6,6,Weekend,2300,2-Car,No injury/unknown,FAILURE TO YIELD RIGHT OF WAY,S CORY & W BLOOMFIELD RD,39.15710002,-86.55969008
2012,9,4,Weekday,600,2-Car,Incapacitating,FAILURE TO YIELD RIGHT OF WAY,BLOOMFIELD RD & CORY,39.15710002,-86.55969008
2012,11,3,Weekday,1600,2-Car,No injury/unknown,FOLLOWING TOO CLOSELY,BLOOMFIELD RD & CORY,39.15710002,-86.55969008
2012,11,2,Weekday,1500,2-Car,No injury/unknown,FAILURE TO YIELD RIGHT OF WAY,BLOOMFIELD RD & CORY,39.15710002,-86.55969008
2012,9,6,Weekday,1300,2-Car,Non-incapacitating,FAILURE TO YIELD RIGHT OF WAY,BALFOUR & N JORDAN AVE,39.15701981,-86.51259988
2012,5,4,Weekday,1100,2-Car,Non-incapacitating,FOLLOWING TOO CLOSELY,GIFFORD & SOUTH CURRY PIKE,39.156896,-86.582704
2012,5,4,Weekday,1500,2-Car,No injury/unknown,UNSAFE SPEED,S CURRY PIKE & W GIFFORD,39.156896,-86.582704
2012,6,2,Weekday,2100,2-Car,Non-incapacitating,LEFT OF CENTER,S CURRY PIKE & W GIFFORD,39.156896,-86.582704
2012,10,4,Weekday,1500,2-Car,No injury/unknown,FAILURE TO YIELD RIGHT OF WAY,S CURRY PIKE & W GIFFORD,39.156896,-86.582704
2012,10,2,Weekday,1500,2-Car,No injury/unknown,FOLLOWING TOO CLOSELY,CURRY PIKE & GIFFORD,39.156896,-86.582704
2012,2,5,Weekday,1900,2-Car,No injury/unknown,FAILURE TO YIELD RIGHT OF WAY,DIXIE & FAIRVIEW ST,39.156752,-86.540976
2012,3,3,Weekday,700,2-Car,No injury/unknown,UNSAFE BACKING,ROSS & TIMOTHY CT,39.15664172,-86.55753494
2012,5,3,Weekday,1000,1-Car,No injury/unknown,OTHER (DRIVER) - EXPLAIN IN NARRATIVE,S COLLEGE MALL RD,39.15664081,-86.49784049
2012,8,4,Weekday,1400,2-Car,No injury/unknown,FAILURE TO YIELD RIGHT OF WAY,DIXIE & S HENDERSON ST,39.15664,-86.527072
2012,8,5,Weekday,1500,2-Car,No injury/unknown,FOLLOWING TOO CLOSELY,S PATTERSON DR & W 2ND,39.15652048,-86.54850997
2012,7,4,Weekday,1200,2-Car,No injury/unknown,FOLLOWING TOO CLOSELY,E DIXIE & S WALNUT ST,39.15649108,-86.53363931
2012,7,2,Weekday,2300,Moped/Motorcycle,Non-incapacitating,LEFT OF CENTER,GIFFORD RD & S CURRY,39.15640805,-86.5835568
2012,10,6,Weekday,1500,1-Car,No injury/unknown,OTHER (ENVIRONMENTAL) - EXPLAIN IN NARR,CURRY & GIFFORD RD,39.15640805,-86.5835568
2012,12,5,Weekday,1100,2-Car,No injury/unknown,FAILURE TO YIELD RIGHT OF WAY,3RD & KINGSTON DR,39.15627913,-86.49303987
2012,1,6,Weekday,1200,2-Car,Non-incapacitating,DISREGARD SIGNAL/REG SIGN,JORDAN & SHERIDAN DR,39.15624,-86.5156
2012,4,4,Weekday,1400,2-Car,No injury/unknown,FAILURE TO YIELD RIGHT OF WAY,W BLOOMFIELD RD & WEST ALLEN,39.156144,-86.561296
2012,6,3,Weekday,600,1-Car,No injury/unknown,OTHER (DRIVER) - EXPLAIN IN NARRATIVE,ALLEN & WEST BLOOMFIELD RD,39.156144,-86.561296
2012,7,3,Weekday,1500,2-Car,No injury/unknown,FAILURE TO YIELD RIGHT OF WAY,ALLEN & BLOOMFIELD RD,39.156144,-86.561296
2012,9,5,Weekday,2000,1-Car,No injury/unknown,RAN OFF ROAD RIGHT,ALLEN & BLOOMFIELD RD,39.156144,-86.561296
2012,2,6,Weekday,1400,2-Car,No injury/unknown,FAILURE TO YIELD RIGHT OF WAY,ALLAN & BLOOMFIELD AVE,39.15612973,-86.56139999
2012,9,6,Weekday,900,2-Car,No injury/unknown,FAILURE TO YIELD RIGHT OF WAY,W ALLEN & W BLOOMFIELD RD,39.15612973,-86.56139999
2012,6,4,Weekday,1300,2-Car,No injury/unknown,UNSAFE BACKING,WEST ALLEN ST,39.156128,-86.560912
2012,9,3,Weekday,800,2-Car,No injury/unknown,FOLLOWING TOO CLOSELY,CURRY PIKE & GIFFORD,39.15607203,-86.5827073
2012,1,6,Weekend,2300,1-Car,Non-incapacitating,ROADWAY SURFACE CONDITION,ALLEN ST & TIMOTHY,39.15597014,-86.55749
2012,5,6,Weekday,0,1-Car,No injury/unknown,RAN OFF ROAD RIGHT,ALLEN ST & RANSON,39.15590979,-86.55508004
2012,10,2,Weekday,1700,2-Car,Incapacitating,FAILURE TO YIELD RIGHT OF WAY,ALLEN ST & RANSOM,39.15590979,-86.55508004
2012,2,5,Weekday,1500,2-Car,No injury/unknown,FAILURE TO YIELD RIGHT OF WAY,ADAM & ALLEN ST,39.15586017,-86.55054979
2012,11,6,Weekday,1500,2-Car,No injury/unknown,IMPROPER PASSING,ADAMS & ALLEN ST,39.15586017,-86.55054979
2012,5,2,Weekday,900,2-Car,No injury/unknown,OTHER (DRIVER) - EXPLAIN IN NARRATIVE,HEARTWOOD CT,39.15579781,-86.57020635
2012,8,1,Weekend,1300,2-Car,No injury/unknown,OTHER (DRIVER) - EXPLAIN IN NARRATIVE,W HEARTWOOD CT,39.15579781,-86.57020635
2012,12,6,Weekday,800,2-Car,No injury/unknown,LEFT OF CENTER,1100 S ROGERS ST & W ALLEN,39.155776,-86.538592
2012,3,4,Weekday,800,2-Car,No injury/unknown,OTHER (VEHICLE) - EXPLAIN IN NARRATIVE,W ALLEN ST,39.15577367,-86.54967136
2012,1,7,Weekend,2200,1-Car,No injury/unknown,UNSAFE BACKING,ALLEN ST & MADISON,39.155744,-86.537296
2012,7,7,Weekend,2300,2-Car,No injury/unknown,LEFT OF CENTER,S MADISON ST & W ALLEN,39.155744,-86.537296
2012,5,4,Weekday,900,2-Car,Non-incapacitating,IMPROPER PASSING,BLOOMFIELD RD & SHADELAND,39.15570997,-86.56207993
2012,10,3,Weekday,1800,2-Car,No injury/unknown,FOLLOWING TOO CLOSELY,S STRONG & W ALLEN ST,39.15565029,-86.54431968
2012,5,2,Weekday,700,2-Car,No injury/unknown,UNSAFE LANE MOVEMENT,ALLEN & S WALNUT ST,39.155648,-86.5336
2012,4,4,Weekday,800,2-Car,No injury/unknown,FAILURE TO YIELD RIGHT OF WAY,ALLEN & PATTERSON DR,39.15563017,-86.54330983
2012,4,5,Weekday,600,Cyclist,Non-incapacitating,IMPROPER PASSING,ALLEN ST & PATTERSON,39.15563017,-86.54327522
2012,11,5,Weekday,1800,Cyclist,Non-incapacitating,,ALLEN & HENDERSON ST,39.15554971,-86.52703016
2012,6,5,Weekday,900,1-Car,Non-incapacitating,RAN OFF ROAD RIGHT,SOUTH HENDERSON ST,39.15541358,-86.52696847
2012,8,3,Weekday,1400,1-Car,No injury/unknown,DISREGARD SIGNAL/REG SIGN,S HIGH ST,39.15519172,-86.508288
2012,7,1,Weekend,1800,2-Car,Non-incapacitating,DISREGARD SIGNAL/REG SIGN,COLLEGE MALL RD & COVENANTER,39.15518023,-86.49773977
2012,10,6,Weekend,2100,2-Car,No injury/unknown,FAILURE TO YIELD RIGHT OF WAY,COLLEGE MALL RD & COVENANTER,39.15518023,-86.49773977
2012,12,1,Weekend,800,1-Car,Non-incapacitating,UNSAFE SPEED,COVENANTER DR & S COLLEGE MALL,39.15518023,-86.49773977
2012,1,4,Weekday,1800,2-Car,No injury/unknown,FAILURE TO YIELD RIGHT OF WAY,COVENANTER & S COLLEGE MALL RD,39.155152,-86.497888
2012,6,5,Weekday,1000,2-Car,No injury/unknown,IMPROPER TURNING,COVENANTER & S COLLEGE MALL RD,39.155152,-86.497888
2012,11,5,Weekday,1600,1-Car,No injury/unknown,UNSAFE SPEED,COLLEGE MALL & E COVENANTER DR,39.155152,-86.497888
2012,1,7,Weekend,500,2-Car,No injury/unknown,UNSAFE BACKING,CLARIZZ BLVD,39.15514737,-86.49091087
2012,6,6,Weekday,1400,2-Car,No injury/unknown,FAILURE TO YIELD RIGHT OF WAY,BROADWAY & PROFILE PKWY,39.15514523,-86.59259006
2012,8,5,Weekday,1500,2-Car,No injury/unknown,FAILURE TO YIELD RIGHT OF WAY,COLLEGE MALL & E COVENANTER DR,39.15514216,-86.49774746
2012,9,7,Weekend,1100,2-Car,No injury/unknown,,SOUTH ROGERS ST,39.15512848,-86.53839111
2012,2,7,Weekend,100,2-Car,No injury/unknown,ROADWAY SURFACE CONDITION,AUTO MALL & E COVENANTER DR,39.15503003,-86.49613628
2012,4,3,Weekday,1100,2-Car,No injury/unknown,FAILURE TO YIELD RIGHT OF WAY,AUTO MALL & E COVENANTER DR,39.15503003,-86.49611682
2012,2,7,Weekend,2200,2-Car,No injury/unknown,FAILURE TO YIELD RIGHT OF WAY,AUTO MALL & COVENANTER DR,39.15503003,-86.49611033
2012,9,5,Weekday,1300,2-Car,Non-incapacitating,FOLLOWING TOO CLOSELY,PRIVATE & S COLLEGE MALL RD,39.15496723,-86.49768412
2012,4,4,Weekday,800,2-Car,No injury/unknown,FAILURE TO YIELD RIGHT OF WAY,DAVIS & ROGERS ST,39.15464,-86.538592
2012,10,7,Weekend,200,3+ Cars,Non-incapacitating,RAN OFF ROAD RIGHT,E COVENANTER DR & S CLARIZZ,39.15462032,-86.49175537
2012,10,7,Weekend,300,1-Car,No injury/unknown,RAN OFF ROAD RIGHT,HENNESSEY & ROCKPORT RD,39.15460136,-86.55672021
2012,2,6,Weekend,2200,1-Car,Non-incapacitating,ROADWAY SURFACE CONDITION,S PARK SQUARE & W GIFFORD RD,39.154448,-86.591696
2012,1,4,Weekday,1200,2-Car,Non-incapacitating,LEFT OF CENTER,SR45W & WEIMER,39.15441428,-86.56414234
2012,11,3,Weekday,800,2-Car,No injury/unknown,FAILURE TO YIELD RIGHT OF WAY,GIFFORD RD & WOODSIDE,39.15440977,-86.58883966
2012,1,4,Weekday,1200,2-Car,Non-incapacitating,LEFT OF CENTER,SR45W & WEIMER,39.15438694,-86.56413853
2012,10,5,Weekday,2200,1-Car,No injury/unknown,ANIMAL/OBJECT IN ROADWAY,KENT & SR46E,39.154352,-86.39595281
2012,6,4,Weekday,1600,2-Car,Non-incapacitating,DRIVER DISTRACTED - EXPLAIN IN NARRATIVE,E DAVIS & S WALNUT ST,39.154352,-86.5336
2012,6,7,Weekend,1700,1-Car,Non-incapacitating,UNSAFE SPEED,W BLOOMFIELD RD & WEIMER,39.154272,-86.564176
2012,11,1,Weekend,1200,2-Car,No injury/unknown,FAILURE TO YIELD RIGHT OF WAY,W BLOOMFIELD RD & WEIMER,39.154272,-86.564176
2012,3,6,Weekday,1500,2-Car,No injury/unknown,BRAKE FAILURE OR DEFECTIVE,COLLEGE MALL RD,39.15427029,-86.49764657
2012,9,1,Weekday,2000,2-Car,No injury/unknown,UNSAFE BACKING,S COLLEGE MALL RD,39.15427029,-86.49764657
2012,10,2,Weekday,2200,2-Car,No injury/unknown,OTHER (VEHICLE) - EXPLAIN IN NARRATIVE,S COLLEGE MALL RD,39.15427029,-86.49764657
2012,10,4,Weekday,1600,2-Car,No injury/unknown,FAILURE TO YIELD RIGHT OF WAY,BLOOMFIELD RD & WEIMER,39.15424012,-86.56434975
2012,11,7,Weekend,1700,2-Car,Non-incapacitating,FOLLOWING TOO CLOSELY,WEIMER & WEST BLOOMFIELD RD,39.15424012,-86.56434975
2012,11,6,Weekday,1400,1-Car,No injury/unknown,BRAKE FAILURE OR DEFECTIVE,BLOOMFIELD & WEIMER RD,39.15424012,-86.56434975
2012,9,6,Weekday,1200,2-Car,Non-incapacitating,FAILURE TO YIELD RIGHT OF WAY,BLOOMFIELD RD & WEIMER,39.15420569,-86.56428851
2012,2,2,Weekday,1700,2-Car,No injury/unknown,LEFT OF CENTER,CONVENATER & HIGH ST,39.15419988,-86.50844983
2012,5,1,Weekend,1300,2-Car,No injury/unknown,UNSAFE BACKING,S COLLEGE MALL RD,39.15412578,-86.49786768
2012,1,1,Weekday,2300,1-Car,No injury/unknown,LEFT OF CENTER,WEATHERSTONE LN & WOODLAWN,39.15411003,-86.52273523
2012,9,7,Weekend,100,1-Car,Non-incapacitating,SPEED TOO FAST FOR WEATHER CONDITIONS,WEATHERSTONE LN & WOODLAWN,39.15411003,-86.52268332
2012,5,3,Weekday,2300,Cyclist,Non-incapacitating,HEADLIGHT DEFECTIVE OR NOT ON,WEATHERSTONE & WOODLAWN AVE,39.15411003,-86.52264006
2012,8,6,Weekday,1100,2-Car,No injury/unknown,FAILURE TO YIELD RIGHT OF WAY,CURRY PIKE & WEST 3RD,39.15408537,-86.58292002
2012,8,1,Weekend,1600,2-Car,Non-incapacitating,FAILURE TO YIELD RIGHT OF WAY,CURRY PIKE & W HERITAGE,39.15405761,-86.5826409
2012,7,2,Weekday,2300,2-Car,No injury/unknown,DRIVER DISTRACTED - EXPLAIN IN NARRATIVE,S ROCKPORT RD & W COUNTRYSIDE,39.15396732,-86.54180867
2012,1,2,Weekday,900,1-Car,No injury/unknown,ROADWAY SURFACE CONDITION,FRIENDSHIP & SR46E,39.15394977,-86.40669065
2012,6,4,Weekday,1100,Bus,No injury/unknown,IMPROPER PASSING,W BLOOMFIELD RD,39.15394373,-86.56493045
2012,1,2,Weekday,1200,2-Car,No injury/unknown,UNSAFE BACKING,S ROGERS ST,39.153936,-86.538592
2012,1,2,Weekday,1500,2-Car,No injury/unknown,IMPROPER TURNING,SOUTH WALNUT ST,39.15388669,-86.5336
2012,1,5,Weekday,300,1-Car,No injury/unknown,UNSAFE SPEED,S WALNUT ST,39.15388669,-86.5336
2012,9,1,Weekend,1600,1-Car,No injury/unknown,RAN OFF ROAD RIGHT,FRIENDSHIP & SR46E,39.153856,-86.406688
2012,2,7,Weekend,1300,3+ Cars,Non-incapacitating,DISREGARD SIGNAL/REG SIGN,S ROGERS & W PATTERSON DR,39.15379295,-86.53875212
2012,1,5,Weekday,1200,2-Car,No injury/unknown,FOLLOWING TOO CLOSELY,PATTERSON & ROGERS ST,39.15379018,-86.53875008
2012,3,3,Weekday,1100,2-Car,No injury/unknown,OTHER (DRIVER) - EXPLAIN IN NARRATIVE,PATTERSON & ROGERS ST,39.15379018,-86.53875008
2012,3,6,Weekday,1100,2-Car,Non-incapacitating,FOLLOWING TOO CLOSELY,PATTERSON & ROGERS ST,39.15379018,-86.53875008
2012,6,5,Weekday,1900,1-Car,Non-incapacitating,IMPROPER TURNING,PATTERSON ST & ROGERS,39.15379018,-86.53875008
2012,7,3,Weekday,1200,2-Car,Non-incapacitating,FAILURE TO YIELD RIGHT OF WAY,PATTERSON & ROGERS ST,39.15379018,-86.53875008
2012,10,2,Weekday,700,2-Car,No injury/unknown,FAILURE TO YIELD RIGHT OF WAY,S ROGERS ST & W PATTERSON,39.15379018,-86.53875008
2012,11,4,Weekday,1600,2-Car,No injury/unknown,UNSAFE SPEED,PATTERSON & S ROGERS ST,39.15379018,-86.53875008
2012,12,2,Weekday,1600,2-Car,Non-incapacitating,OTHER (DRIVER) - EXPLAIN IN NARRATIVE,S ROGERS ST & W PATTERSON,39.15379018,-86.53875008
2012,11,6,Weekday,1300,2-Car,No injury/unknown,UNSAFE BACKING,E 3RD & S HAWTHORNE AVE,39.15367577,-86.52008995
2012,2,7,Weekend,1600,2-Car,No injury/unknown,FOLLOWING TOO CLOSELY,COLLEGE MALL RD & THIRD,39.15366572,-86.49827018
2012,4,6,Weekday,1600,2-Car,Non-incapacitating,FOLLOWING TOO CLOSELY,MADISON & PATTERSON DR,39.15363997,-86.53762323
2012,1,3,Weekday,1600,2-Car,Non-incapacitating,FOLLOWING TOO CLOSELY,MADISON & PATTERSON DR,39.15363997,-86.53757996
2012,4,4,Weekday,1700,2-Car,Non-incapacitating,FOLLOWING TOO CLOSELY,E COVENANTER & S HIGH ST,39.15362891,-86.50843361
2012,2,4,Weekday,600,2-Car,No injury/unknown,FAILURE TO YIELD RIGHT OF WAY,GRIMES & WALNUT ST,39.15357733,-86.5336
2012,11,3,Weekday,1400,Cyclist,Non-incapacitating,FAILURE TO YIELD RIGHT OF WAY,WALNUT & WEST GRIMES LN,39.15344,-86.53430551
2012,10,5,Weekday,200,1-Car,No injury/unknown,DRIVER DISTRACTED - EXPLAIN IN NARRATIVE,GRIMES LN & MADISON,39.15344,-86.5376
2012,4,4,Weekday,1300,2-Car,Non-incapacitating,FAILURE TO YIELD RIGHT OF WAY,S MORTON & W GRIMES LN,39.15344,-86.536304
2012,9,1,Weekend,1200,2-Car,No injury/unknown,IMPROPER TURNING,GRIMES & S WALNUT ST,39.15344,-86.5336
2012,10,6,Weekday,1100,2-Car,Non-incapacitating,FOLLOWING TOO CLOSELY,E GRIMES ST & S WALNUT,39.15344,-86.5336
2012,11,7,Weekend,1000,2-Car,No injury/unknown,OTHER (DRIVER) - EXPLAIN IN NARRATIVE,GRIMES & WALNUT ST,39.15344,-86.5336
2012,11,7,Weekend,1700,2-Car,No injury/unknown,UNSAFE BACKING,WALNUT ST,39.15342171,-86.5336
2012,7,2,Weekday,1900,Bus,No injury/unknown,,WEST GRIMES LN,39.15339924,-86.53423592
2012,12,6,Weekend,2100,2-Car,No injury/unknown,FAILURE TO YIELD RIGHT OF WAY,GRIMES & HENDERSON ST,39.153392,-86.527008
2012,7,7,Weekend,1000,2-Car,Non-incapacitating,SPEED TOO FAST FOR WEATHER CONDITIONS,GRIMES LN & MORTON,39.15336974,-86.53637375
2012,5,3,Weekday,1700,2-Car,No injury/unknown,FAILURE TO YIELD RIGHT OF WAY,GRIMES LN & STULL,39.15336,-86.524688
2012,10,5,Weekday,2300,2-Car,Non-incapacitating,FAILURE TO YIELD RIGHT OF WAY,GRIMES & WALNUT ST,39.15335029,-86.53371021
2012,12,6,Weekday,1600,3+ Cars,No injury/unknown,FOLLOWING TOO CLOSELY,GRIMES & WALNUT ST,39.15335029,-86.53371021
2012,10,3,Weekday,2100,2-Car,Non-incapacitating,FOLLOWING TOO CLOSELY,GRIMES LN & WALNUT,39.15335029,-86.53370155
2012,10,4,Weekday,1500,2-Car,No injury/unknown,FOLLOWING TOO CLOSELY,SOUTH WALNUT & WEST GRIMES LN,39.15335029,-86.53370155
2012,11,6,Weekday,800,2-Car,No injury/unknown,FAILURE TO YIELD RIGHT OF WAY,BASSWOOD DR & RIDGE,39.1533,-86.57250031
2012,12,7,Weekend,0,2-Car,No injury/unknown,UNSAFE BACKING,GRIMES & PARK ST,39.15327517,-86.52373756
2012,8,4,Weekday,1900,1-Car,No injury/unknown,OTHER (DRIVER) - EXPLAIN IN NARRATIVE,S FENBROOK LN,39.15325977,-86.48580864
2012,4,7,Weekend,100,2-Car,No injury/unknown,,S BASSWOOD DR,39.15316388,-86.57256133
2012,1,3,Weekday,600,1-Car,Fatal,RAN OFF ROAD RIGHT,4000 BLOCK OLD 37 SOUTH RD & RHORER,39.15310483,-86.53135124
2012,2,1,Weekend,1500,2-Car,No injury/unknown,UNSAFE BACKING,HOOSIER & WALNUT ST,39.153101,-86.53143972
2012,9,7,Weekend,0,2-Car,No injury/unknown,UNSAFE BACKING,S FENBROOK LN,39.15304586,-86.48636788
2012,1,5,Weekday,1600,2-Car,No injury/unknown,FOLLOWING TOO CLOSELY,NORTH JORDAN AVE & SEVENTH,39.15298672,-86.51615984
2012,7,1,Weekday,2100,Moped/Motorcycle,Non-incapacitating,UNSAFE SPEED,STRONG DR,39.15298082,-86.54525443
2012,12,4,Weekday,600,1-Car,No injury/unknown,ANIMAL/OBJECT IN ROADWAY,BRUMMETTS CREEK & SR46E,39.15285526,-86.39266882
2012,12,2,Weekday,1500,1-Car,Non-incapacitating,RAN OFF ROAD RIGHT,SR46 & WOODVIEW,39.152656,-86.3777883
2012,5,5,Weekday,1700,2-Car,No injury/unknown,FOLLOWING TOO CLOSELY,DRISCOLL & ROGERS ST,39.15264,-86.538592
2012,2,2,Weekday,1500,1-Car,No injury/unknown,RAN OFF ROAD RIGHT,BROWN COUNTY LINE & SR46E,39.15263012,-86.37109131
2012,3,5,Weekday,1000,1-Car,No injury/unknown,SPEED TOO FAST FOR WEATHER CONDITIONS,BROWN COUNTY LINE & E ST RD 46 ST,39.15263012,-86.37105244
2012,10,6,Weekday,1700,2-Car,No injury/unknown,FAILURE TO YIELD RIGHT OF WAY,DRISCOLL & S GRANT ST,39.152544,-86.530064
2012,10,2,Weekday,2100,1-Car,No injury/unknown,LEFT OF CENTER,1304 S HENDERSON ST & DRISCOLL,39.152544,-86.526992
2012,10,4,Weekday,2300,1-Car,No injury/unknown,ANIMAL/OBJECT IN ROADWAY,KENT & SR46E,39.15252015,-86.4003435
2012,11,5,Weekday,1100,1-Car,No injury/unknown,OVERCORRECTING/OVERSTEERING,KENT & SR46E,39.15252015,-86.4002139
2012,3,7,Weekend,2100,2-Car,No injury/unknown,OTHER (DRIVER) - EXPLAIN IN NARRATIVE,S COLLEGE MALL RD,39.15250667,-86.497904
2012,1,6,Weekday,1800,2-Car,No injury/unknown,FAILURE TO YIELD RIGHT OF WAY,CLARIZZ BLVD & COVENANTER,39.15246986,-86.49051994
2012,11,1,Weekend,1200,2-Car,No injury/unknown,FAILURE TO YIELD RIGHT OF WAY,CLARIZZ BLVD & COVENANTER,39.15246986,-86.49051994
2012,2,6,Weekend,2000,Cyclist,Incapacitating,ROADWAY SURFACE CONDITION,MONON & WALNUT ST,39.15217012,-86.53369009