Year,Month,Day,Weekend?,Hour,Collision Type,Injury Type,Primary Factor,Reported_Location,Latitude,Longitude
2012,9,1,Weekend,1100,1-Car,Non-incapacitating,RAN OFF ROAD RIGHT,GIFFORD RD,39.15216446,-86.6340866
2012,1,6,Weekday,1500,2-Car,No injury/unknown,FAILURE TO YIELD RIGHT OF WAY,ADAMS ST & PATTERSON,39.15209638,-86.55050016
2012,7,3,Weekday,1500,1-Car,No injury/unknown,DRIVER ASLEEP OR FATIGUED,SR46E & WOODVIEW HILLS,39.152,-86.3812
2012,3,7,Weekend,100,Pedestrian,Incapacitating,PEDESTRIAN ACTION,WALNUT ST & WILSON,39.15182206,-86.53372748
2012,7,2,Weekday,900,2-Car,No injury/unknown,UNSAFE BACKING,BRENDA DR & HENDERSON,39.15182009,-86.5269497
2012,3,3,Weekday,1600,1-Car,Non-incapacitating,RAN OFF ROAD RIGHT,SEWELL & SR46,39.15175974,-86.38290328
2012,5,4,Weekday,1500,Bus,No injury/unknown,OTHER (ENVIRONMENTAL) - EXPLAIN IN NARR,GARRISON CHAPEL & RICE RD,39.15166557,-86.65662125
2012,5,7,Weekend,1500,2-Car,No injury/unknown,LEFT OF CENTER,GARRISON CHAPEL & RICE RD,39.15166557,-86.65662125
2012,10,6,Weekday,1600,2-Car,No injury/unknown,SPEED TOO FAST FOR WEATHER CONDITIONS,S WALNUT ST & WILSON,39.151648,-86.5336
2012,9,6,Weekday,900,2-Car,No injury/unknown,UNSAFE BACKING,S FENBROOK LN,39.15162764,-86.48757219
2012,8,4,Weekday,1600,2-Car,No injury/unknown,FAILURE TO YIELD RIGHT OF WAY,GARRISON CHAPEL RD & GIFFORD,39.151552,-86.643504
2012,12,5,Weekday,1500,2-Car,No injury/unknown,LEFT OF CENTER,GIFFORD & S GARRISON CHAPEL RD,39.151552,-86.643504
2012,1,1,Weekend,300,1-Car,No injury/unknown,ANIMAL/OBJECT IN ROADWAY,SEWELL & SR46E,39.1515387,-86.38465412
2012,5,3,Weekday,1500,2-Car,No injury/unknown,FOLLOWING TOO CLOSELY,WALNUT ST & WILSON,39.15149018,-86.53369009
2012,5,2,Weekday,100,2-Car,No injury/unknown,OTHER (DRIVER) - EXPLAIN IN NARRATIVE,WASHINGTON ST & WILSON,39.15147867,-86.5324
2012,5,6,Weekday,1800,1-Car,Non-incapacitating,RAN OFF ROAD RIGHT,CAVE & W GIFFORD RD,39.15144,-86.6288
2012,6,7,Weekend,1100,2-Car,No injury/unknown,UNSAFE BACKING,WOODVIEW DR,39.15140152,-86.38205718
2012,12,3,Weekday,1600,1-Car,Non-incapacitating,ANIMAL/OBJECT IN ROADWAY,CURRY PIKE & GIFFORD,39.15138405,-86.58263973
2012,10,7,Weekend,100,Moped/Motorcycle,No injury/unknown,UNSAFE BACKING,LINCOLN ST,39.15137863,-86.53105163
2012,6,5,Weekday,2200,2-Car,No injury/unknown,FAILURE TO YIELD RIGHT OF WAY,GIFFORD RD & KIRBY,39.15134698,-86.61031799
2012,10,5,Weekday,1600,2-Car,No injury/unknown,DRIVER DISTRACTED - EXPLAIN IN NARRATIVE,ENDWRIGHT & GIFFORD RD,39.151344,-86.5964
2012,2,4,Weekday,1600,2-Car,No injury/unknown,DRIVER DISTRACTED - EXPLAIN IN NARRATIVE,W CONSTITUTION DR,39.15129371,-86.57996624
2012,12,3,Weekday,1800,2-Car,Incapacitating,FAILURE TO YIELD RIGHT OF WAY,CONSTITUTION & CURRY PIKE,39.15127024,-86.58262029
2012,10,3,Weekday,1600,2-Car,No injury/unknown,FAILURE TO YIELD RIGHT OF WAY,CONSTITUSION RD & CURRY,39.15127024,-86.58262029
2012,3,2,Weekday,600,1-Car,Incapacitating,UNSAFE SPEED,CLEVE BUTCHER & FAIRFAX RD,39.15125366,-86.49055011
2012,2,6,Weekday,600,2-Car,No injury/unknown,OTHER (DRIVER) - EXPLAIN IN NARRATIVE,S CLARIZZ BLVD,39.1509638,-86.49129711
2012,4,2,Weekday,1600,2-Car,No injury/unknown,OTHER (DRIVER) - EXPLAIN IN NARRATIVE,S CLARIZZ BLVD,39.1509638,-86.49129711
2012,5,4,Weekday,1700,2-Car,No injury/unknown,UNSAFE BACKING,S CLARIZZ BLVD,39.1509638,-86.49129711
2012,8,7,Weekend,100,2-Car,No injury/unknown,UNSAFE BACKING,S CLARRIZ BLVD,39.1509638,-86.49129711
2012,9,7,Weekend,900,1-Car,No injury/unknown,RAN OFF ROAD RIGHT,S FENBROOK LN,39.15096246,-86.48668974
2012,3,6,Weekday,1200,2-Car,Non-incapacitating,FOLLOWING TOO CLOSELY,BASSWOOD DR & COPPER BEACH,39.15072204,-86.57132685
2012,6,2,Weekday,1400,2-Car,Non-incapacitating,FAILURE TO YIELD RIGHT OF WAY,HILLSIDE DR & WOODLAWN,39.15072,-86.522496
2012,12,7,Weekend,1200,2-Car,No injury/unknown,FAILURE TO YIELD RIGHT OF WAY,E HILLSIDE DR & S WOODLAWN,39.15072,-86.522496
2012,9,2,Weekday,1400,3+ Cars,Non-incapacitating,FOLLOWING TOO CLOSELY,E HILLSIDE DR & HENDERSON,39.15067858,-86.52590322
2012,2,7,Weekend,1000,2-Car,No injury/unknown,SPEED TOO FAST FOR WEATHER CONDITIONS,HENDERSON & HILLSIDE DR,39.15064,-86.52696
2012,3,4,Weekday,1000,Bus,No injury/unknown,FAILURE TO YIELD RIGHT OF WAY,E HILLSIDE & S HENDERSON ST,39.15064,-86.52696
2012,5,2,Weekday,1600,2-Car,Non-incapacitating,FOLLOWING TOO CLOSELY,HENDERSON ST & HILLSIDE,39.15064,-86.52696
2012,4,3,Weekday,1800,2-Car,No injury/unknown,UNSAFE BACKING,HENDERSON & HILLSIDE DR,39.15064,-86.52696
2012,10,6,Weekday,1800,3+ Cars,Non-incapacitating,UNSAFE SPEED,HENDERSON & HILLSIDE DR,39.15064,-86.52696
2012,11,3,Weekday,600,2-Car,Non-incapacitating,OTHER (DRIVER) - EXPLAIN IN NARRATIVE,HENDERSON & HILLSIDE DR,39.15064,-86.52696
2012,11,3,Weekday,1300,Pedestrian,Non-incapacitating,PEDESTRIAN ACTION,HENDERSON & HILLSIDE DR,39.15064,-86.52696
2012,4,6,Weekday,1100,2-Car,No injury/unknown,FAILURE TO YIELD RIGHT OF WAY,E HILLSIDE ST,39.150608,-86.529104
2012,3,2,Weekday,1100,2-Car,No injury/unknown,UNSAFE BACKING,CURRY PIKE,39.15058963,-86.58256262
2012,7,6,Weekday,1700,2-Car,No injury/unknown,FOLLOWING TOO CLOSELY,HILLSIDE DR & MAXWELL,39.150576,-86.515088
2012,8,4,Weekday,1600,2-Car,No injury/unknown,FOLLOWING TOO CLOSELY,EAST HILLSIDE DR & SOUTH MAXWELL,39.150576,-86.515088
2012,10,2,Weekday,1700,2-Car,No injury/unknown,FOLLOWING TOO CLOSELY,ROGERS ST & WEST HILLSIDE,39.15057018,-86.53876014
2012,9,3,Weekday,1200,2-Car,No injury/unknown,FAILURE TO YIELD RIGHT OF WAY,HENDERSON & HILLSIDE DR,39.15056013,-86.52691014
2012,9,2,Weekday,1300,3+ Cars,No injury/unknown,FAILURE TO YIELD RIGHT OF WAY,HILLSIDE DR & WASHINGTON,39.15056,-86.5324
2012,10,6,Weekend,2100,2-Car,No injury/unknown,OTHER (DRIVER) - EXPLAIN IN NARRATIVE,EAST HILLSIDE DR,39.15056,-86.5324
2012,12,5,Weekday,1300,2-Car,No injury/unknown,FOLLOWING TOO CLOSELY,E HILLSIDE DR & NANCY,39.150544,-86.51144074
2012,9,4,Weekday,1100,2-Car,No injury/unknown,FOLLOWING TOO CLOSELY,E MOORES PIKE & HIGH,39.150544,-86.50652429
2012,4,7,Weekend,2100,2-Car,No injury/unknown,DISREGARD SIGNAL/REG SIGN,HILLSIDE & WALNUT ST,39.150544,-86.5336
2012,5,7,Weekend,700,2-Car,No injury/unknown,OTHER (DRIVER) - EXPLAIN IN NARRATIVE,HILLSIDE & WALNUT ST,39.150544,-86.5336
2012,9,3,Weekday,1500,2-Car,Non-incapacitating,FOLLOWING TOO CLOSELY,HILLSIDE & N WALNUT ST,39.150544,-86.5336
2012,9,7,Weekend,1200,2-Car,Non-incapacitating,FAILURE TO YIELD RIGHT OF WAY,HILLSIDE & S WALNUT ST,39.150544,-86.5336
2012,11,2,Weekday,1800,2-Car,Non-incapacitating,FAILURE TO YIELD RIGHT OF WAY,HILLSIDE & SOUTH WALNUT ST,39.150544,-86.5336
2012,12,1,Weekend,1700,2-Car,No injury/unknown,UNSAFE BACKING,E HILLSIDE DR,39.150544,-86.5136
2012,6,6,Weekday,900,2-Car,No injury/unknown,FAILURE TO YIELD RIGHT OF WAY,HILLSIDE DR & LONGWOOD,39.150544,-86.512592
2012,5,2,Weekday,1600,2-Car,No injury/unknown,DRIVER DISTRACTED - EXPLAIN IN NARRATIVE,E HILLSIDE DR & S NANCY,39.150544,-86.511088
2012,4,6,Weekday,1800,3+ Cars,Non-incapacitating,FOLLOWING TOO CLOSELY,CLIFTON & EAST HILLSIDE DR,39.150544,-86.5096
2012,5,5,Weekday,2100,1-Car,No injury/unknown,ANIMAL/OBJECT IN ROADWAY,CLIFTON & HILLSIDE DR,39.150544,-86.5096
2012,3,2,Weekday,1900,1-Car,No injury/unknown,ANIMAL/OBJECT IN ROADWAY,HIGH & HILLSIDE DR,39.150544,-86.508288
2012,4,3,Weekday,1600,2-Car,Incapacitating,FOLLOWING TOO CLOSELY,HIGH & MOORES PIKE,39.150544,-86.508288
2012,10,3,Weekday,1600,3+ Cars,Non-incapacitating,FOLLOWING TOO CLOSELY,E MOORES PIKE & S HIGH,39.150544,-86.508288
2012,10,3,Weekday,1800,3+ Cars,No injury/unknown,FOLLOWING TOO CLOSELY,E MOORES PIKE & VALLEY FORGE,39.150544,-86.502992
2012,7,5,Weekday,1700,2-Car,No injury/unknown,FOLLOWING TOO CLOSELY,HILLSIDE & WOODLAWN AVE,39.15052995,-86.52261994
2012,10,7,Weekend,1200,2-Car,No injury/unknown,FAILURE TO YIELD RIGHT OF WAY,HILLSIDE DR & WOODLAWN,39.15052995,-86.52261994
2012,11,7,Weekend,1500,2-Car,No injury/unknown,FAILURE TO YIELD RIGHT OF WAY,HILLSIDE & WALNUT ST,39.15051989,-86.53366997
2012,1,5,Weekday,2300,2-Car,No injury/unknown,LEFT OF CENTER,HILLSIDE DR & PALMER,39.15050983,-86.52924969
2012,8,2,Weekday,1500,3+ Cars,Non-incapacitating,FOLLOWING TOO CLOSELY,HILLSIDE DR & LONGWOOD,39.15050983,-86.5125402
2012,8,3,Weekday,1500,2-Car,Non-incapacitating,FOLLOWING TOO CLOSELY,HILLSIDE DR & NANCY,39.15050983,-86.51106894
2012,1,4,Weekday,1500,2-Car,No injury/unknown,BRAKE FAILURE OR DEFECTIVE,HILLSIDE DR & NANCY,39.15050983,-86.51106029
2012,12,4,Weekday,1300,2-Car,No injury/unknown,FOLLOWING TOO CLOSELY,HILLSIDE DR & NANCY,39.15050983,-86.51106029
2012,8,2,Weekday,1700,2-Car,No injury/unknown,CELL PHONE USAGE,CAPE COD & MOORES PIKE,39.15048972,-86.50665148
2012,1,5,Weekday,900,2-Car,No injury/unknown,UNSAFE BACKING,EAST HILLSIDE DR,39.15048838,-86.5229807
2012,8,2,Weekday,1400,2-Car,No injury/unknown,FOLLOWING TOO CLOSELY,COLLEGE MALL & MOORES PIKE,39.15048033,-86.49825006
2012,10,4,Weekday,700,1-Car,No injury/unknown,ANIMAL/OBJECT IN ROADWAY,MOORES PIKE & SARE,39.15046021,-86.49918877
2012,5,4,Weekday,1200,2-Car,Non-incapacitating,FOLLOWING TOO CLOSELY,E MOORES PIKE & S SARE,39.150448,-86.4992
2012,8,3,Weekday,1900,1-Car,No injury/unknown,ANIMAL/OBJECT IN ROADWAY,MOORES PIKE & SARE,39.150448,-86.49814178
2012,7,5,Weekday,1700,2-Car,No injury/unknown,FAILURE TO YIELD RIGHT OF WAY,COLLEGE MALL & E MOORES PIKE,39.150448,-86.498
2012,11,6,Weekday,700,2-Car,No injury/unknown,UNSAFE SPEED,COLLEGE MALL & MOORES PIKE,39.150448,-86.498
2012,9,5,Weekday,1500,2-Car,No injury/unknown,SPEED TOO FAST FOR WEATHER CONDITIONS,COLLEGE MALL & MOORES PIKE,39.15041557,-86.4969426
2012,5,6,Weekend,2100,Bus,No injury/unknown,UNSAFE LANE MOVEMENT,EAST 2ND & SOUTH COLLEGE MALL RD,39.15036682,-86.49772033
2012,4,3,Weekday,1600,2-Car,No injury/unknown,FAILURE TO YIELD RIGHT OF WAY,EAST MOORES & SR446S,39.150352,-86.471296
2012,5,2,Weekday,2000,1-Car,No injury/unknown,UNSAFE SPEED,EAST MOORES & SR446N,39.150352,-86.471296
2012,5,7,Weekend,1500,2-Car,No injury/unknown,FAILURE TO YIELD RIGHT OF WAY,MOORES & SR446N,39.150352,-86.471296
2012,6,7,Weekend,1100,2-Car,No injury/unknown,FOLLOWING TOO CLOSELY,E MOORES PIKE & SR446,39.150352,-86.471296
2012,7,5,Weekday,100,1-Car,No injury/unknown,RAN OFF ROAD RIGHT,EAST MOORES & SR446N,39.15035024,-86.47138975
2012,8,2,Weekday,1700,2-Car,Non-incapacitating,FOLLOWING TOO CLOSELY,446 & MOORES PIKE,39.15035024,-86.47138975
2012,9,7,Weekend,1900,2-Car,No injury/unknown,FAILURE TO YIELD RIGHT OF WAY,MOORES & SR446S,39.15035024,-86.47138975
2012,12,5,Weekday,1800,2-Car,Non-incapacitating,FOLLOWING TOO CLOSELY,MOORES PIKE & SR446S,39.15035024,-86.47138975
2012,1,3,Weekday,1800,1-Car,No injury/unknown,ANIMAL/OBJECT IN ROADWAY,CLARIZZ & MOORES PIKE,39.15034018,-86.4913199
2012,1,2,Weekday,1700,3+ Cars,No injury/unknown,FAILURE TO YIELD RIGHT OF WAY,CARIZZ & MOORES PIKE,39.15034018,-86.4913199
2012,5,6,Weekday,1500,2-Car,No injury/unknown,FOLLOWING TOO CLOSELY,CLARIZZ BLVD & MOORES,39.15034018,-86.4913199
2012,3,7,Weekend,1300,1-Car,No injury/unknown,DRIVER DISTRACTED - EXPLAIN IN NARRATIVE,MOORES PIKE & WINGFIELD,39.15023021,-86.47827292
2012,4,6,Weekday,1500,Cyclist,No injury/unknown,FOLLOWING TOO CLOSELY,MOORES PIKE & SMITH,39.150224,-86.480464
2012,8,5,Weekday,1900,2-Car,Non-incapacitating,DISREGARD SIGNAL/REG SIGN,MOORES PIKE & SMITH,39.15022016,-86.48046031
2012,9,3,Weekday,700,Moped/Motorcycle,Fatal,FOLLOWING TOO CLOSELY,E MOORES PIKE & S OLCOTT,39.15018998,-86.4850007
2012,2,5,Weekday,1900,1-Car,Non-incapacitating,ANIMAL/OBJECT IN ROADWAY,MOORES PIKE & OLCOTT,39.15018998,-86.48498989
2012,5,6,Weekday,1600,2-Car,No injury/unknown,FAILURE TO YIELD RIGHT OF WAY,MOORES PIKE & OLCOTT,39.15018998,-86.48498989
2012,10,5,Weekday,1700,2-Car,No injury/unknown,FAILURE TO YIELD RIGHT OF WAY,E MOORES PIKE & S OLCOTT,39.15018998,-86.48498989
2012,12,6,Weekday,1000,2-Car,No injury/unknown,FOLLOWING TOO CLOSELY,MOORES PIKE & RENWICK,39.15013969,-86.50094032
2012,4,3,Weekday,100,1-Car,No injury/unknown,RAN OFF ROAD RIGHT,MOORES & SMITH RD,39.14994938,-86.48045809
2012,11,6,Weekday,1500,2-Car,No injury/unknown,FAILURE TO YIELD RIGHT OF WAY,SOUTHERN & WALNUT ST,39.14984,-86.533392
2012,12,6,Weekday,1400,Pedestrian,Non-incapacitating,PEDESTRIAN ACTION,S WALNUT ST & SOUTHERN,39.14984,-86.533392
2012,1,3,Weekday,1600,2-Car,No injury/unknown,UNSAFE BACKING,E SOUTHERN DR,39.14984,-86.53213111
2012,2,2,Weekday,1900,2-Car,No injury/unknown,OTHER (DRIVER) - EXPLAIN IN NARRATIVE,EAST SOUTHERN DR,39.14984,-86.52990593
2012,6,4,Weekday,1300,Moped/Motorcycle,Non-incapacitating,OVERCORRECTING/OVERSTEERING,E SUMMIT VIEW & S HENDERSON ST,39.14983448,-86.52695976
2012,2,3,Weekday,800,2-Car,No injury/unknown,UNSAFE BACKING,1602 S WALNUT ST ST,39.14982139,-86.53338645
2012,3,2,Weekday,400,1-Car,Non-incapacitating,SPEED TOO FAST FOR WEATHER CONDITIONS,BASSWOOD & BLOOMFIELD RD,39.14978027,-86.56897663
2012,1,4,Weekday,400,1-Car,No injury/unknown,RAN OFF ROAD RIGHT,BASSWOOD & BLOOMFIELD RD,39.14978027,-86.56891603
2012,5,1,Weekday,2100,2-Car,No injury/unknown,FAILURE TO YIELD RIGHT OF WAY,S BASSWOOD & W BLOOMFIELD RD,39.14978027,-86.56889006
2012,7,5,Weekday,1500,Moped/Motorcycle,Non-incapacitating,FOLLOWING TOO CLOSELY,BLOOMFIELD RD & OAKDALE,39.14978027,-86.56889006
2012,8,3,Weekday,1200,2-Car,No injury/unknown,FAILURE TO YIELD RIGHT OF WAY,S BASSWOOD & W BLOOMFIELD RD,39.14978027,-86.56889006
2012,11,1,Weekday,1900,2-Car,No injury/unknown,UNSAFE LANE MOVEMENT,BASSWOOD & BLOOMFIELD RD,39.14978027,-86.56889006
2012,12,3,Weekday,1500,2-Car,No injury/unknown,FOLLOWING TOO CLOSELY,BASSWOOD & BLOOMFIELD RD,39.14978027,-86.56889006
2012,4,5,Weekday,700,2-Car,No injury/unknown,FAILURE TO YIELD RIGHT OF WAY,SOUTHERN & WALNUT ST,39.14977022,-86.53350032
2012,7,4,Weekday,1700,Pedestrian,Non-incapacitating,FAILURE TO YIELD RIGHT OF WAY,SOUTHERN & WALNUT ST,39.14977022,-86.53350032
2012,2,7,Weekend,300,1-Car,Non-incapacitating,RAN OFF ROAD RIGHT,S ROGERS ST & W PATTERSON,39.14972778,-86.53881311
2012,4,2,Weekday,900,2-Car,No injury/unknown,FAILURE TO YIELD RIGHT OF WAY,PATTERSON & S ROGERS ST,39.14956157,-86.53875008
2012,1,5,Weekday,800,2-Car,No injury/unknown,FAILURE TO YIELD RIGHT OF WAY,CONSTITUTION AVENUE & LIBERTY DRIVE RD,39.149552,-86.575936
2012,7,2,Weekday,1200,2-Car,No injury/unknown,FOLLOWING TOO CLOSELY,CONSTITUTION & S LIBERTY DR,39.149552,-86.575936
2012,7,3,Weekday,1300,2-Car,No injury/unknown,FAILURE TO YIELD RIGHT OF WAY,CONSTITUTION & LIBERTY DR,39.149552,-86.575936
2012,8,6,Weekday,1100,2-Car,No injury/unknown,FOLLOWING TOO CLOSELY,CONSTITUTION & S LIBERTY DR,39.149552,-86.575936
2012,12,2,Weekday,1600,2-Car,Non-incapacitating,FAILURE TO YIELD RIGHT OF WAY,LIBERTY & S LIBERTY DR,39.149552,-86.575936
2012,12,3,Weekday,1200,2-Car,No injury/unknown,FAILURE TO YIELD RIGHT OF WAY,CONSTITUTION & S LIBERTY DR,39.149552,-86.575936
2012,12,7,Weekend,800,2-Car,No injury/unknown,UNSAFE BACKING,BLOOMFIELD RD,39.14936,-86.57008
2012,12,6,Weekday,1200,1-Car,No injury/unknown,RAN OFF ROAD RIGHT,SOUTH PIAZZA DR,39.14934777,-86.49972461
2012,6,5,Weekday,2300,2-Car,No injury/unknown,IMPROPER TURNING,HUNTINGTON & THORTON DR,39.14930016,-86.52083024
2012,8,6,Weekday,1400,2-Car,No injury/unknown,FOLLOWING TOO CLOSELY,CONSTITUTION & SOUTH LIBERTY DR,39.14927792,-86.57591316
2012,8,3,Weekday,1600,2-Car,No injury/unknown,FOLLOWING TOO CLOSELY,CONSTITUTION & LIBERTY DR,39.14927792,-86.57591316
2012,8,5,Weekday,100,2-Car,No injury/unknown,,S DORCHESTER DR,39.14920494,-86.51172213
2012,8,6,Weekday,900,2-Car,No injury/unknown,OTHER (DRIVER) - EXPLAIN IN NARRATIVE,SOUTH DORCHESTER DR,39.14920494,-86.51172213
2012,3,2,Weekday,700,Pedestrian,Non-incapacitating,PEDESTRIAN ACTION,1602 S WALNUT ST & VERMILYA,39.148928,-86.53312
2012,11,7,Weekend,1900,2-Car,No injury/unknown,IMPROPER TURNING,E VERMILYA AVE & S WALNUT,39.14891995,-86.53324015
2012,2,5,Weekday,1900,1-Car,No injury/unknown,TIRE FAILURE OR DEFECTIVE,E CATHCART & S SARE RD,39.14882004,-86.49905003
2012,10,3,Weekday,1200,2-Car,No injury/unknown,LEFT OF CENTER,BELLMEADE & LAMPKINS RIDGE RD,39.14874025,-86.45438651
2012,7,1,Weekday,2000,Moped/Motorcycle,Non-incapacitating,IMPROPER TURNING,S CURRY PIKE,39.1486247,-86.58267896
2012,3,6,Weekday,1700,2-Car,No injury/unknown,UNSAFE BACKING,BLOOMFIELD & OAKDALE DR,39.148544,-86.571504
2012,2,1,Weekend,1000,2-Car,No injury/unknown,FAILURE TO YIELD RIGHT OF WAY,BLOOMFIELD RD RD & OAKDALE DR,39.148544,-86.571504
2012,12,7,Weekend,1500,2-Car,No injury/unknown,FAILURE TO YIELD RIGHT OF WAY,BLOOMFIELD RD & OAKDALE,39.14849919,-86.57167071
2012,3,1,Weekend,900,2-Car,No injury/unknown,FAILURE TO YIELD RIGHT OF WAY,S SR 446,39.148464,-86.471256
2012,11,2,Weekday,1700,2-Car,Non-incapacitating,FOLLOWING TOO CLOSELY,SR 45 RD,39.148448,-86.573
2012,2,1,Weekend,1300,2-Car,No injury/unknown,IMPROPER LANE USAGE,COLLEGE MALL RD & THIRD,39.14837855,-86.49827018
2012,1,7,Weekend,1600,2-Car,No injury/unknown,SPEED TOO FAST FOR WEATHER CONDITIONS,HIGHLAND & THORTON DR,39.14827019,-86.51748881
2012,1,3,Weekday,1800,2-Car,No injury/unknown,FAILURE TO YIELD RIGHT OF WAY,BLOOMFIELD RD & SR37,39.14823363,-86.57265858
2012,5,3,Weekday,2000,1-Car,No injury/unknown,OTHER (DRIVER) - EXPLAIN IN NARRATIVE,S WILTON DR,39.14818514,-86.511792
2012,8,3,Weekday,1000,2-Car,No injury/unknown,FOLLOWING TOO CLOSELY,CONSTITUTION & S LIBERTY DR,39.14818059,-86.57595154
2012,1,5,Weekday,1300,3+ Cars,No injury/unknown,FOLLOWING TOO CLOSELY,BLOOMFIELD RD & SR37N,39.148144,-86.572992
2012,3,6,Weekday,1100,1-Car,Non-incapacitating,RAN OFF ROAD RIGHT,9449 WEST 46 & SR46W,39.148144,-86.572992
2012,1,4,Weekday,1700,2-Car,Non-incapacitating,FOLLOWING TOO CLOSELY,BLOOMFIELD & SR37N,39.148144,-86.572992
2012,2,4,Weekday,1300,2-Car,No injury/unknown,FOLLOWING TOO CLOSELY,BLOOMFIELD & STATE ROAD 37 RAMP,39.148144,-86.572992
2012,2,6,Weekday,1300,2-Car,No injury/unknown,TIRE FAILURE OR DEFECTIVE,BLOOMFIELD RD & SR37N,39.148144,-86.572992
2012,4,4,Weekday,1600,2-Car,Non-incapacitating,FOLLOWING TOO CLOSELY,BLOOMFIELD RD & SR37,39.148144,-86.572992
2012,4,6,Weekday,1100,2-Car,No injury/unknown,OTHER (DRIVER) - EXPLAIN IN NARRATIVE,SR37 & STATE ROAD 45 RD,39.148144,-86.572992
2012,4,7,Weekend,1400,2-Car,No injury/unknown,DISREGARD SIGNAL/REG SIGN,BLOOMFIELD & SR37S,39.148144,-86.572992
2012,5,6,Weekday,1500,2-Car,No injury/unknown,FOLLOWING TOO CLOSELY,SR37 & SR45W,39.148144,-86.572992
2012,7,5,Weekday,1900,2-Car,Non-incapacitating,FAILURE TO YIELD RIGHT OF WAY,SR37 & SR45E,39.148144,-86.572992
2012,6,6,Weekday,700,2-Car,Non-incapacitating,FOLLOWING TOO CLOSELY,SR37S & SR45W,39.148144,-86.572992
2012,6,6,Weekday,1200,2-Car,No injury/unknown,FOLLOWING TOO CLOSELY,SR37 & W BLOOMFIELD RD,39.148144,-86.572992
2012,6,6,Weekday,1800,2-Car,Non-incapacitating,FOLLOWING TOO CLOSELY,SR37 & SR45E,39.148144,-86.572992
2012,8,7,Weekend,1400,2-Car,No injury/unknown,FAILURE TO YIELD RIGHT OF WAY,BLOOMFIELD RD & SR37N,39.148144,-86.572992
2012,8,3,Weekday,1800,2-Car,No injury/unknown,FAILURE TO YIELD RIGHT OF WAY,SR37N & W BLOOMFIELD RD,39.148144,-86.572992
2012,8,3,Weekday,1500,2-Car,No injury/unknown,UNSAFE LANE MOVEMENT,BLOOMFIELD RD & SR37N,39.148144,-86.572992
2012,9,2,Weekday,1500,2-Car,No injury/unknown,FOLLOWING TOO CLOSELY,BLOOMFIELD RD & SR45,39.148144,-86.572992
2012,11,4,Weekday,1600,2-Car,Non-incapacitating,DISREGARD SIGNAL/REG SIGN,BLOOMFIELD RD & SR3715,39.148144,-86.572992
2012,12,7,Weekend,1200,2-Car,No injury/unknown,FOLLOWING TOO CLOSELY,SR37S & SR45W,39.148144,-86.572992
2012,10,1,Weekday,2100,1-Car,No injury/unknown,OVERCORRECTING/OVERSTEERING,E LAMPKINS RIDGE RD & S BELLEMEADE,39.14800381,-86.4490069
2012,11,6,Weekday,1500,2-Car,No injury/unknown,FOLLOWING TOO CLOSELY,HILLSIDE & ROGERS ST,39.14789704,-86.53869304
2012,4,6,Weekday,1100,Moped/Motorcycle,No injury/unknown,OTHER (DRIVER) - EXPLAIN IN NARRATIVE,INNOVATION CT & VERNAL,39.14778453,-86.5948002
2012,2,4,Weekday,1000,2-Car,Non-incapacitating,LEFT OF CENTER,LEONARD SPRINGS & SR45W,39.14776038,-86.57428005
2012,6,3,Weekday,1900,2-Car,Non-incapacitating,FOLLOWING TOO CLOSELY,BLOOMFIELD RD & SR37,39.14773506,-86.57308102
2012,6,3,Weekday,1500,2-Car,Non-incapacitating,UNSAFE LANE MOVEMENT,SR37S & W 2ND,39.14773506,-86.57295227
2012,6,5,Weekday,1600,2-Car,No injury/unknown,FAILURE TO YIELD RIGHT OF WAY,STATE ROAD 45 WEST BLOOMFIELD RD & WALMART,39.14768705,-86.57294151
2012,3,4,Weekday,800,2-Car,No injury/unknown,DRIVER DISTRACTED - EXPLAIN IN NARRATIVE,CLARIZZ BLVD & WILLMINGTON,39.14756885,-86.49082973
2012,12,2,Weekday,1300,2-Car,No injury/unknown,OTHER (DRIVER) - EXPLAIN IN NARRATIVE,SR 37 SOUTH RAMP & W BLOOMFIELD,39.14755997,-86.57323676
2012,7,2,Weekday,1400,2-Car,No injury/unknown,FOLLOWING TOO CLOSELY,BLOOMFIELD RD & SR37,39.1475299,-86.57295025
2012,8,6,Weekend,2200,3+ Cars,No injury/unknown,FOLLOWING TOO CLOSELY,BLOOMFIELD RD & SR 37,39.1475299,-86.57295025
2012,11,4,Weekday,1500,2-Car,No injury/unknown,LEFT OF CENTER,LEONARD SPRINGS RD & TAPP,39.14739684,-86.58261023
2012,8,5,Weekday,1700,2-Car,Non-incapacitating,FOLLOWING TOO CLOSELY,RAMP 15 & W BLOOMFIELD ST,39.14736064,-86.57355309
2012,12,4,Weekday,1400,Cyclist,No injury/unknown,FAILURE TO YIELD RIGHT OF WAY,SOUTH WALNUT ST,39.14734171,-86.53265829
2012,4,4,Weekday,900,2-Car,No injury/unknown,UNSAFE BACKING,S BIRCH LN,39.14728047,-86.56919577
2012,7,5,Weekday,2300,2-Car,No injury/unknown,IMPROPER PASSING,W ROLL AVE,39.14727911,-86.58099554
2012,1,6,Weekday,1700,2-Car,Non-incapacitating,FOLLOWING TOO CLOSELY,CURRY PIKE & ROLL,39.14719999,-86.58259011