Year,Month,Day,Weekend?,Hour,Collision Type,Injury Type,Primary Factor,Reported_Location,Latitude,Longitude
2012,2,7,Weekend,1400,2-Car,No injury/unknown,FOLLOWING TOO CLOSELY,CURRY PIKE & ROLL,39.14719999,-86.58259011
2012,8,4,Weekday,1100,Moped/Motorcycle,Incapacitating,OTHER (DRIVER) - EXPLAIN IN NARRATIVE,CURRY PIKE & ROLL,39.14719999,-86.58259011
2012,1,3,Weekday,800,2-Car,No injury/unknown,FAILURE TO YIELD RIGHT OF WAY,E MILLER DR & S HENDERSON,39.147152,-86.526896
2012,6,5,Weekday,0,2-Car,No injury/unknown,UNSAFE BACKING,E MILLER DR,39.14713279,-86.5274177
2012,6,4,Weekday,700,Moped/Motorcycle,Non-incapacitating,VIEW OBSTRUCTED,E MELROSE AVE,39.14709603,-86.52841574
2012,3,2,Weekday,2200,1-Car,No injury/unknown,RAN OFF ROAD RIGHT,MILLER DR,39.14704308,-86.52681022
2012,3,1,Weekend,1000,Moped/Motorcycle,Non-incapacitating,OTHER (DRIVER) - EXPLAIN IN NARRATIVE,S ROGERS ST,39.146992,-86.5388
2012,12,7,Weekend,1500,Pedestrian,Non-incapacitating,DISREGARD SIGNAL/REG SIGN,HIGHLAND & MILLER DR,39.146992,-86.517392
2012,1,4,Weekday,1800,2-Car,No injury/unknown,FOLLOWING TOO CLOSELY,MILLER & WALNUT ST,39.146944,-86.532544
2012,5,2,Weekday,1600,Bus,No injury/unknown,IMPROPER PASSING,E MILLER & S WALNUT ST,39.146944,-86.532544
2012,8,7,Weekend,2200,2-Car,No injury/unknown,UNSAFE BACKING,E MILLER DR,39.146944,-86.532544
2012,9,4,Weekday,800,2-Car,No injury/unknown,FAILURE TO YIELD RIGHT OF WAY,MILLER & S WALNUT ST,39.146944,-86.532544
2012,10,1,Weekend,1400,2-Car,No injury/unknown,FAILURE TO YIELD RIGHT OF WAY,MILLER & WALNUT ST,39.146944,-86.532544
2012,9,5,Weekday,800,Pedestrian,Non-incapacitating,PEDESTRIAN ACTION,HENDERSON & MILLER DR,39.14691031,-86.52693025
2012,9,4,Weekday,1400,2-Car,Non-incapacitating,FAILURE TO YIELD RIGHT OF WAY,E MILLER & S WALNUT ST,39.14689019,-86.53265006
2012,12,3,Weekday,1400,2-Car,No injury/unknown,UNSAFE LANE MOVEMENT,MILLER & WALNUT ST,39.14689019,-86.53265006
2012,10,5,Weekday,800,Bus,No injury/unknown,FAILURE TO YIELD RIGHT OF WAY,HUNTINGTON & MILLER DR,39.14686002,-86.5208403
2012,2,4,Weekday,1900,2-Car,No injury/unknown,FOLLOWING TOO CLOSELY,MAXWELL & MILLER DR,39.14680973,-86.51504424
2012,5,5,Weekday,1500,2-Car,No injury/unknown,UNSAFE LANE MOVEMENT,SR37S & SR45W,39.14661715,-86.57467102
2012,12,2,Weekday,1400,Bus,No injury/unknown,FAILURE TO YIELD RIGHT OF WAY,WALNUT ST & WINSLOW,39.14653696,-86.5311098
2012,4,2,Weekday,2100,2-Car,No injury/unknown,FOLLOWING TOO CLOSELY,ROCKPORT & ROGERS ST,39.146448,-86.5388
2012,7,4,Weekday,1700,2-Car,No injury/unknown,FAILURE TO YIELD RIGHT OF WAY,HIGH ST & QUEENS,39.14642014,-86.50834992
2012,2,3,Weekday,700,1-Car,No injury/unknown,SPEED TOO FAST FOR WEATHER CONDITIONS,BASSWOOPD DR DR & COPPER BEECH DR,39.14611801,-86.57108008
2012,10,6,Weekday,1300,2-Car,No injury/unknown,UNSAFE LANE MOVEMENT,LIBERTY & SR45,39.14609163,-86.57574127
2012,5,6,Weekday,1100,2-Car,No injury/unknown,UNSAFE BACKING,SOUTH WALNUT ST,39.14609156,-86.53228889
2012,10,4,Weekday,800,1-Car,Incapacitating,RAN OFF ROAD RIGHT,1232 GARRISON CHAPEL RD & GIFFORD,39.14606696,-86.64312008
2012,2,7,Weekend,2000,2-Car,No injury/unknown,FOLLOWING TOO CLOSELY,2ND ST & 37,39.146014,-86.575846
2012,8,2,Weekday,600,Moped/Motorcycle,Non-incapacitating,FAILURE TO YIELD RIGHT OF WAY,CURRY PIKE & WOODLYN,39.145856,-86.582592
2012,5,4,Weekday,800,2-Car,No injury/unknown,FOLLOWING TOO CLOSELY,S WALNUT ST,39.145848,-86.532216
2012,7,6,Weekday,1700,2-Car,No injury/unknown,UNSAFE BACKING,SOUTH WALNUT ST,39.145848,-86.532216
2012,4,6,Weekday,1600,2-Car,No injury/unknown,FOLLOWING TOO CLOSELY,LIBERTY & W SR 45 HWY,39.14579957,-86.57646028
2012,3,4,Weekday,2000,2-Car,No injury/unknown,UNSAFE LANE MOVEMENT,LIBERTY & SR45W,39.14563768,-86.57674521
2012,7,5,Weekday,1600,3+ Cars,Non-incapacitating,FAILURE TO YIELD RIGHT OF WAY,BLOOMFIELD & S LIBERTY DR,39.14531378,-86.57803237
2012,1,3,Weekday,1000,2-Car,No injury/unknown,,LIBERTY DR DR,39.145264,-86.577616
2012,1,2,Weekday,1400,1-Car,No injury/unknown,IMPROPER LANE USAGE,LIBERTY DR,39.145264,-86.577616
2012,3,7,Weekend,2100,3+ Cars,No injury/unknown,UNSAFE BACKING,S LIBERTY DR,39.145264,-86.577616
2012,5,3,Weekday,1600,2-Car,No injury/unknown,UNSAFE BACKING,SOUTH LIBERTY DR,39.145264,-86.577616
2012,5,5,Weekday,1200,2-Car,No injury/unknown,FAILURE TO YIELD RIGHT OF WAY,LIBERTY DR,39.145264,-86.577616
2012,6,2,Weekday,100,Moped/Motorcycle,Non-incapacitating,UNSAFE SPEED,LIBERTY DR,39.145264,-86.577616
2012,6,3,Weekday,2200,2-Car,Non-incapacitating,UNSAFE BACKING,S LIBERTY DR,39.145264,-86.577616
2012,6,1,Weekend,1700,2-Car,No injury/unknown,UNSAFE BACKING,LIBERTY DR,39.145264,-86.577616
2012,8,7,Weekend,1900,2-Car,No injury/unknown,UNSAFE BACKING,LIBERTY DR,39.145264,-86.577616
2012,10,6,Weekend,1900,2-Car,No injury/unknown,,S LIBERTY DR,39.145264,-86.577616
2012,11,6,Weekday,900,2-Car,No injury/unknown,OTHER (DRIVER) - EXPLAIN IN NARRATIVE,SOUTH LIBERTY DR,39.145264,-86.577616
2012,12,2,Weekday,800,2-Car,No injury/unknown,,S LIBERTY DR,39.145264,-86.577616
2012,7,3,Weekday,1700,1-Car,No injury/unknown,OTHER (VEHICLE) - EXPLAIN IN NARRATIVE,45 & LIBERTY DR,39.14515902,-86.57793328
2012,7,3,Weekday,700,2-Car,No injury/unknown,FAILURE TO YIELD RIGHT OF WAY,NORTH & S WALNUT ST,39.14515324,-86.53200808
2012,1,6,Weekday,1300,2-Car,No injury/unknown,FAILURE TO YIELD RIGHT OF WAY,LIBERTY & SR45W,39.145152,-86.5776
2012,2,4,Weekday,1600,2-Car,No injury/unknown,UNSAFE LANE MOVEMENT,LIBERTY & STATE ROAD 45 RD,39.145152,-86.5776
2012,3,7,Weekend,1100,2-Car,Non-incapacitating,FAILURE TO YIELD RIGHT OF WAY,LIBERTY & SR45W,39.145152,-86.5776
2012,6,5,Weekday,1000,2-Car,No injury/unknown,FAILURE TO YIELD RIGHT OF WAY,S LIBERTY DR & SR45,39.145152,-86.5776
2012,12,3,Weekday,1300,2-Car,No injury/unknown,SPEED TOO FAST FOR WEATHER CONDITIONS,S LIBERTY DR & SR45W,39.145152,-86.5776
2012,12,6,Weekday,700,2-Car,No injury/unknown,FAILURE TO YIELD RIGHT OF WAY,LIBERTY & W ST RD 45 HWY,39.145152,-86.5776
2012,6,2,Weekday,1100,2-Car,No injury/unknown,SPEED TOO FAST FOR WEATHER CONDITIONS,10TH & JORDAN AVE,39.14514916,-86.51566028
2012,8,6,Weekday,1600,1-Car,No injury/unknown,IMPROPER LANE USAGE,CARDINAL GLEN & WALNUT STREET PIKE,39.14508199,-86.52653999
2012,11,3,Weekday,1000,2-Car,No injury/unknown,FAILURE TO YIELD RIGHT OF WAY,GUY & ROCKPORT RD,39.14504,-86.54
2012,10,6,Weekday,1200,2-Car,No injury/unknown,FOLLOWING TOO CLOSELY,S LIBERTY & W 2ND ST,39.14502123,-86.57776834
2012,7,2,Weekday,1700,3+ Cars,No injury/unknown,FOLLOWING TOO CLOSELY,LIBERTY & SR45E,39.14502002,-86.5777875
2012,7,4,Weekday,1400,2-Car,No injury/unknown,FOLLOWING TOO CLOSELY,LIBERTY & SR45E,39.14502002,-86.57777884
2012,8,3,Weekday,1100,2-Car,No injury/unknown,FOLLOWING TOO CLOSELY,LIBERTY & SR45W,39.14502002,-86.57777018
2012,3,2,Weekday,1100,2-Car,Non-incapacitating,DRIVER DISTRACTED - EXPLAIN IN NARRATIVE,2ND & PATTERSON ST,39.14488973,-86.54850997
2012,5,6,Weekday,1500,2-Car,No injury/unknown,FOLLOWING TOO CLOSELY,EAST NORTH & SOUTH HENDERSON ST,39.144848,-86.526848
2012,11,5,Weekday,1900,2-Car,Non-incapacitating,FAILURE TO YIELD RIGHT OF WAY,NORTH & S HENDERSON ST,39.144848,-86.526848
2012,3,2,Weekday,1500,3+ Cars,Non-incapacitating,FOLLOWING TOO CLOSELY,E NORTH & S WALNUT ST,39.144752,-86.531888
2012,3,2,Weekday,1200,2-Car,No injury/unknown,FAILURE TO YIELD RIGHT OF WAY,NORTH & S WALNUT ST,39.144752,-86.531888
2012,4,7,Weekend,1400,2-Car,No injury/unknown,SPEED TOO FAST FOR WEATHER CONDITIONS,NORTH & S WALNUT ST,39.144752,-86.531888
2012,5,5,Weekday,1900,2-Car,No injury/unknown,FAILURE TO YIELD RIGHT OF WAY,NORTH & WALNUT ST,39.144752,-86.531888
2012,5,2,Weekday,1800,3+ Cars,Non-incapacitating,FOLLOWING TOO CLOSELY,NORTH & S WALNUT ST,39.144752,-86.531888
2012,11,3,Weekday,1800,1-Car,No injury/unknown,IMPROPER TURNING,NORTH & SOUTH WALNUT ST,39.144752,-86.531888
2012,4,1,Weekend,1400,2-Car,No injury/unknown,UNSAFE LANE MOVEMENT,SR37S & VERNAL,39.14472727,-86.56233005
2012,7,5,Weekday,1400,2-Car,Non-incapacitating,FAILURE TO YIELD RIGHT OF WAY,HENDERSON ST & SUMMIT VIEW,39.14454997,-86.52695976
2012,10,4,Weekday,1400,Pedestrian,Non-incapacitating,FAILURE TO YIELD RIGHT OF WAY,HENDERSON & SUMMIT VIEW PL,39.14454997,-86.52695976
2012,5,2,Weekday,1700,2-Car,No injury/unknown,UNSAFE BACKING,EAST KERI MARIE LN,39.14445341,-86.52036957
2012,6,5,Weekday,900,2-Car,Non-incapacitating,FOLLOWING TOO CLOSELY,HENDERSON ST & NORTH,39.14429874,-86.52683825
2012,10,5,Weekday,2100,2-Car,No injury/unknown,FAILURE TO YIELD RIGHT OF WAY,HAWKSMOORE DR & RAILWAY,39.14422005,-86.50152973
2012,4,2,Weekday,1700,1-Car,No injury/unknown,OTHER (ENVIRONMENTAL) - EXPLAIN IN NARR,E MOORES & S SARE RD,39.14411784,-86.49918012
2012,10,6,Weekday,1400,2-Car,No injury/unknown,FOLLOWING TOO CLOSELY,NORTH & WALNUT ST,39.14411008,-86.53180986
2012,12,3,Weekday,1200,2-Car,No injury/unknown,FOLLOWING TOO CLOSELY,NORTH DR & WALNUT,39.14411008,-86.53180986
2012,7,6,Weekday,1400,3+ Cars,No injury/unknown,FOLLOWING TOO CLOSELY,CURRY PIKE & INDUSTRIAL,39.14392971,-86.58262029
2012,4,2,Weekday,1300,2-Car,No injury/unknown,FAILURE TO YIELD RIGHT OF WAY,CURRY PIKE & INDUSTRIAL,39.143808,-86.582592
2012,7,7,Weekend,1400,2-Car,No injury/unknown,OTHER (DRIVER) - EXPLAIN IN NARRATIVE,CURRY PIKE PIKE & INDUSTRIAL,39.143808,-86.582592
2012,8,2,Weekday,600,2-Car,Non-incapacitating,DRIVER DISTRACTED - EXPLAIN IN NARRATIVE,INDUSTRIAL & S CURRY PIKE,39.143808,-86.582592
2012,7,2,Weekday,1500,3+ Cars,No injury/unknown,DRIVER DISTRACTED - EXPLAIN IN NARRATIVE,INDUSTRIAL & S CURRY PIKE,39.14371187,-86.582592
2012,5,2,Weekday,700,3+ Cars,No injury/unknown,FOLLOWING TOO CLOSELY,VERMILYA & WALNUT ST,39.14363485,-86.53324015
2012,8,2,Weekday,1600,2-Car,No injury/unknown,DRIVER DISTRACTED - EXPLAIN IN NARRATIVE,INDUSTRIAL & SR45W,39.14359979,-86.58031889
2012,3,7,Weekend,2200,2-Car,Non-incapacitating,DISREGARD SIGNAL/REG SIGN,INDUSTRIAL & SR45W,39.14359979,-86.58031024
2012,10,7,Weekend,1700,2-Car,Non-incapacitating,FAILURE TO YIELD RIGHT OF WAY,SR45W & WEST INDUSTRIAL,39.14359979,-86.58031024
2012,10,7,Weekend,2200,2-Car,Non-incapacitating,OTHER (DRIVER) - EXPLAIN IN NARRATIVE,SR45W & W INDUSTRIAL,39.14359979,-86.58031024
2012,3,6,Weekday,1200,3+ Cars,Non-incapacitating,FOLLOWING TOO CLOSELY,INDUSTRIAL & SR45E,39.143552,-86.580528
2012,7,2,Weekday,1700,2-Car,No injury/unknown,FAILURE TO YIELD RIGHT OF WAY,INDUSTRIAL & WEST 45 HWY,39.143552,-86.580528
2012,7,2,Weekday,1900,2-Car,No injury/unknown,FOLLOWING TOO CLOSELY,INDUSTRIAL & SR 45 RD,39.143552,-86.580528
2012,6,6,Weekday,1800,Pedestrian,Non-incapacitating,FAILURE TO YIELD RIGHT OF WAY,COUNTRYSIDE & ROCKPORT RD,39.14339997,-86.54181987
2012,2,6,Weekday,1600,2-Car,No injury/unknown,UNSAFE BACKING,MITCHELL & THIRD ST,39.14310143,-86.51422999
2012,9,1,Weekend,1000,2-Car,No injury/unknown,UNSAFE BACKING,1226 W COUNTRYSIDE LN & PEOPLES,39.142902,-86.54795236
2012,11,3,Weekday,1500,2-Car,No injury/unknown,UNSAFE BACKING,SOUTH WALNUT ST,39.142555,-86.531238
2012,3,4,Weekday,1600,2-Car,Non-incapacitating,FOLLOWING TOO CLOSELY,3RD ST & PATTERSON DR,39.14229184,-86.55128002
2012,8,6,Weekend,2200,2-Car,No injury/unknown,UNSAFE BACKING,WALNUT ST,39.142217,-86.531138
2012,1,6,Weekday,1300,2-Car,No injury/unknown,FAILURE TO YIELD RIGHT OF WAY,LEONARD SPRINGS & SR45W,39.142048,-86.582592
2012,2,6,Weekday,1600,2-Car,No injury/unknown,FOLLOWING TOO CLOSELY,LEONARD SPRINGS RD & SR45,39.142048,-86.582592
2012,2,6,Weekday,400,2-Car,Non-incapacitating,DISREGARD SIGNAL/REG SIGN,CURRY & SR45E,39.142048,-86.582592
2012,3,4,Weekday,700,2-Car,No injury/unknown,FAILURE TO YIELD RIGHT OF WAY,LEONARD SPRINGS RD & SR45E,39.142048,-86.582592
2012,4,5,Weekday,1700,2-Car,No injury/unknown,FAILURE TO YIELD RIGHT OF WAY,S LEONARD SPRINGS RD & SR45W,39.142048,-86.582592
2012,4,5,Weekday,1800,Bus,No injury/unknown,IMPROPER TURNING,CURRY & SR45E,39.142048,-86.582592
2012,4,5,Weekday,2000,2-Car,No injury/unknown,FAILURE TO YIELD RIGHT OF WAY,CURRY & SR45W,39.142048,-86.582592
2012,4,5,Weekday,1600,2-Car,No injury/unknown,FAILURE TO YIELD RIGHT OF WAY,SOUTH LEONARD SPRINGS & SR45W,39.142048,-86.582592
2012,7,7,Weekend,1100,2-Car,Non-incapacitating,DRIVER DISTRACTED - EXPLAIN IN NARRATIVE,CURRY & SR45W,39.142048,-86.582592
2012,9,6,Weekday,1400,2-Car,No injury/unknown,UNSAFE BACKING,CURRY PIKE & SR45W,39.142048,-86.582592
2012,9,7,Weekend,1100,Moped/Motorcycle,Non-incapacitating,IMPROPER PASSING,LEONARD SPRINGS & W SR 45 HWY,39.142048,-86.582592
2012,10,1,Weekend,1100,2-Car,Non-incapacitating,FAILURE TO YIELD RIGHT OF WAY,LEONARD SPRINGS & SR45E,39.142048,-86.582592
2012,10,3,Weekday,800,2-Car,No injury/unknown,OTHER (DRIVER) - EXPLAIN IN NARRATIVE,LEONARD SPRINGS & SR45W,39.142048,-86.582592
2012,4,5,Weekday,1600,2-Car,No injury/unknown,FAILURE TO YIELD RIGHT OF WAY,S WALNUT ST & SOUTH,39.142048,-86.531088
2012,5,7,Weekend,1700,2-Car,Non-incapacitating,FOLLOWING TOO CLOSELY,S WALNUT ST & SOUTH,39.142048,-86.531088
2012,7,7,Weekend,1900,2-Car,Non-incapacitating,FOLLOWING TOO CLOSELY,CURRY & SR 45 RD,39.14195023,-86.58260743
2012,9,5,Weekday,1600,2-Car,Non-incapacitating,LEFT OF CENTER,LEONARD SPRINGS RD & SR 45,39.14195023,-86.58259011
2012,9,3,Weekday,2000,2-Car,No injury/unknown,FAILURE TO YIELD RIGHT OF WAY,CURRY & SR45W,39.14195023,-86.58259011
2012,8,6,Weekday,700,2-Car,No injury/unknown,IMPROPER PASSING,LEONARD SPRINGS & SR45W,39.14195023,-86.58257972
2012,5,4,Weekday,800,2-Car,No injury/unknown,FAILURE TO YIELD RIGHT OF WAY,CURRY & SR45W,39.14195023,-86.58256414
2012,10,4,Weekday,2100,3+ Cars,Non-incapacitating,DRIVER DISTRACTED - EXPLAIN IN NARRATIVE,LEONARD SPRINGS & SR45W,39.14195023,-86.58254682
2012,7,1,Weekend,1500,Moped/Motorcycle,Non-incapacitating,FAILURE TO YIELD RIGHT OF WAY,LEONARD SPRINGS & SR45E,39.14190066,-86.5828886
2012,1,3,Weekday,1600,2-Car,No injury/unknown,UNSAFE BACKING,DUNN ST & SMITH,39.14166186,-86.52843028
2012,2,7,Weekend,1900,2-Car,No injury/unknown,LEFT OF CENTER,S GARRISON CHAPEL RD & SPICER,39.141648,-86.6428
2012,3,1,Weekend,1800,Moped/Motorcycle,No injury/unknown,OTHER (ENVIRONMENTAL) - EXPLAIN IN NARR,S GARRISON CHAPEL RD & SPICER,39.141648,-86.6428
2012,10,6,Weekend,2100,1-Car,No injury/unknown,ROADWAY SURFACE CONDITION,ENDWRIGHT RD & WENDYS,39.14153958,-86.5963441
2012,7,3,Weekday,1700,2-Car,No injury/unknown,OTHER (DRIVER) - EXPLAIN IN NARRATIVE,CURRY & SR45W,39.14145928,-86.58418054
2012,11,3,Weekday,1900,1-Car,No injury/unknown,ANIMAL/OBJECT IN ROADWAY,CURRY & SR45,39.14145928,-86.58418054
2012,4,1,Weekend,1500,2-Car,No injury/unknown,UNSAFE BACKING,SOUTH LEONARD SPRINGS RD,39.14130718,-86.58264778
2012,6,6,Weekday,1100,2-Car,No injury/unknown,ENGINE FAILURE OR DEFECTIVE,SOUTH LEONARD SPRINGS RD,39.14130718,-86.58264778
2012,7,7,Weekend,400,2-Car,No injury/unknown,OVERCORRECTING/OVERSTEERING,S FORD AVE & W COOLIDGE,39.14128587,-86.54106947
2012,5,5,Weekday,1200,2-Car,No injury/unknown,FAILURE TO YIELD RIGHT OF WAY,CURRY & SR45W,39.14121185,-86.58422591
2012,3,4,Weekday,1500,2-Car,No injury/unknown,UNSAFE BACKING,E KRISTEN CT & S FORRESTER,39.14108992,-86.49248701
2012,12,4,Weekday,800,2-Car,No injury/unknown,LEFT OF CENTER,BENT TREE DR & WYLIE FARM,39.14107986,-86.52172006
2012,10,3,Weekday,1300,2-Car,No injury/unknown,BRAKE FAILURE OR DEFECTIVE,SOUTH LEONARD SPRINGS RD,39.14107513,-86.58297729
2012,10,5,Weekday,1800,2-Car,No injury/unknown,FAILURE TO YIELD RIGHT OF WAY,10TH & SMITH RD,39.14095043,-86.48266978
2012,7,6,Weekday,1300,2-Car,No injury/unknown,FOLLOWING TOO CLOSELY,LEONARD SPRINGS & SR45W,39.14090754,-86.58579544
2012,6,2,Weekday,2200,2-Car,Non-incapacitating,UNSAFE SPEED,S OLD ST RD 37 RD & WAYSIDE,39.14085811,-86.53117015
2012,3,5,Weekday,900,2-Car,No injury/unknown,UNSAFE LANE MOVEMENT,ELLIS & SR37S,39.14052448,-86.53258033
2012,7,6,Weekday,1700,2-Car,Non-incapacitating,UNSAFE LANE MOVEMENT,ELLIS & SR37N,39.14052448,-86.53258033
2012,10,2,Weekday,1700,3+ Cars,Non-incapacitating,FAILURE TO YIELD RIGHT OF WAY,LENARD SPRINGS RD & WALNUT LEAF,39.140352,-86.582576
2012,3,3,Weekday,1500,Moped/Motorcycle,Non-incapacitating,ANIMAL/OBJECT IN ROADWAY,2ND & ROGERS ST,39.14025312,-86.53867028
2012,9,6,Weekday,1200,2-Car,No injury/unknown,FAILURE TO YIELD RIGHT OF WAY,SO COLLEGE AVE & W 2ND,39.14023137,-86.53492981
2012,11,6,Weekday,1400,2-Car,No injury/unknown,DISREGARD SIGNAL/REG SIGN,S ROCKPORT RD & W GRAHAM,39.140144,-86.54496
2012,3,6,Weekday,200,1-Car,No injury/unknown,RAN OFF ROAD RIGHT,S BANTA & W GRAHAM DR,39.140144,-86.544688
2012,9,5,Weekday,1300,2-Car,No injury/unknown,FOLLOWING TOO CLOSELY,S MEADOW CREEK & S SARE RD,39.14010455,-86.49999015
2012,3,3,Weekday,1800,2-Car,No injury/unknown,UNSAFE BACKING,MULBERRY LN & OLCOTT,39.14003983,-86.49072982
2012,5,7,Weekend,1000,1-Car,No injury/unknown,UNSAFE SPEED,BANTA & GRAHAM DR,39.13996004,-86.54481992
2012,9,2,Weekday,1500,2-Car,No injury/unknown,IMPROPER PASSING,10TH & UNION ST,39.1398208,-86.5094503
2012,1,4,Weekday,1800,2-Car,Non-incapacitating,CELL PHONE USAGE,GRAHAM & ROGERS ST,39.13980983,-86.53866022
2012,11,5,Weekday,1500,2-Car,No injury/unknown,FOLLOWING TOO CLOSELY,GRAHAM & ROGERS ST,39.13980983,-86.53866022
2012,2,3,Weekday,700,2-Car,Non-incapacitating,IMPROPER LANE USAGE,SR37S & TAPP,39.13978646,-86.57292991
2012,10,6,Weekday,1600,1-Car,Non-incapacitating,OVERCORRECTING/OVERSTEERING,EAST GRAHAM PL & HENDERSON,39.139584,-86.526768
2012,4,2,Weekday,2000,2-Car,No injury/unknown,OTHER (DRIVER) - EXPLAIN IN NARRATIVE,S HIGHLAND AVE,39.13951412,-86.51756532
2012,1,6,Weekday,400,1-Car,No injury/unknown,RAN OFF ROAD RIGHT,WALNUT ST,39.13943525,-86.53054507
2012,9,7,Weekend,1300,2-Car,No injury/unknown,OTHER (DRIVER) - EXPLAIN IN NARRATIVE,S WALNUT ST,39.13943525,-86.53054507
2012,4,6,Weekday,1500,2-Car,No injury/unknown,FOLLOWING TOO CLOSELY,GRAHAM & ROGERS ST,39.13937194,-86.53836834
2012,8,2,Weekday,600,2-Car,No injury/unknown,UNSAFE BACKING,KIRBY RD,39.13936324,-86.61030806
2012,3,7,Weekend,1500,2-Car,No injury/unknown,OTHER (DRIVER) - EXPLAIN IN NARRATIVE,SOUTH OLD STATE ROAD 37 HWY,39.138688,-86.465968
2012,10,1,Weekday,2000,2-Car,No injury/unknown,OVERCORRECTING/OVERSTEERING,S OLD SR 37,39.138688,-86.465968
2012,9,1,Weekend,1800,2-Car,No injury/unknown,IMPROPER LANE USAGE,SOUTH OLD STATE ROAD 37 HWY,39.138688,-86.465968
2012,11,6,Weekday,1700,2-Car,No injury/unknown,UNSAFE BACKING,S OLD STATE 37 RD,39.138688,-86.465968
2012,3,3,Weekday,2100,1-Car,No injury/unknown,ANIMAL/OBJECT IN ROADWAY,AIRPORT & SR45W,39.13851891,-86.59099291
2012,5,5,Weekday,1900,2-Car,No injury/unknown,OTHER (VEHICLE) - EXPLAIN IN NARRATIVE,AIRPORT & SR45W,39.13851891,-86.59099291
2012,2,3,Weekday,2300,2-Car,No injury/unknown,IMPROPER LANE USAGE,DAVID DR & FORRESTER,39.13846001,-86.49337119
2012,2,4,Weekday,900,Bus,No injury/unknown,OVERCORRECTING/OVERSTEERING,S WALNUT ST,39.13736,-86.529904
2012,11,3,Weekday,1400,2-Car,No injury/unknown,IMPROPER TURNING,S WALNUT ST,39.137264,-86.529808
2012,11,3,Weekday,2100,Pedestrian,No injury/unknown,OTHER (DRIVER) - EXPLAIN IN NARRATIVE,SOUTH WINSLOW CT,39.13726277,-86.52401169
2012,3,1,Weekday,2000,2-Car,No injury/unknown,UNSAFE LANE MOVEMENT,SR37N & TAPP,39.13724598,-86.57289854
2012,5,3,Weekday,1600,3+ Cars,No injury/unknown,VIEW OBSTRUCTED,AIRPORT & SR45W,39.13718219,-86.59323219
2012,11,2,Weekday,1100,2-Car,No injury/unknown,FAILURE TO YIELD RIGHT OF WAY,AUTO MALL RD & BUICK CADILLAC,39.13717426,-86.49611033
2012,4,2,Weekday,1400,2-Car,No injury/unknown,UNSAFE BACKING,S OLD STATE ROAD 37 HWY,39.137088,-86.53056
2012,6,7,Weekend,1800,1-Car,No injury/unknown,IMPROPER LANE USAGE,S OLD STATE ROAD 37 HWY,39.137088,-86.53056
2012,7,6,Weekday,200,1-Car,No injury/unknown,RAN OFF ROAD RIGHT,RAYLE & TAPP RD,39.13704001,-86.57820935
2012,3,5,Weekday,1500,2-Car,Non-incapacitating,FAILURE TO YIELD RIGHT OF WAY,AIRPORT & GARISON CHAPEL RD,39.13704,-86.642832
2012,12,1,Weekend,1400,2-Car,No injury/unknown,IMPROPER TURNING,AIRPORT & GARRISON CHAPEL RD,39.13704,-86.642832
2012,12,4,Weekday,1500,2-Car,No injury/unknown,OTHER (ENVIRONMENTAL) - EXPLAIN IN NARR,LEONARD SPRINGS & TAPP RD,39.13704,-86.58215932
2012,3,6,Weekday,1600,2-Car,Non-incapacitating,OTHER (DRIVER) - EXPLAIN IN NARRATIVE,SR37S & TAPP,39.13704,-86.572896
2012,1,3,Weekday,700,2-Car,No injury/unknown,FAILURE TO YIELD RIGHT OF WAY,SR37S & W TAPP,39.13704,-86.572896
2012,7,5,Weekday,1100,2-Car,No injury/unknown,DISREGARD SIGNAL/REG SIGN,SR37S & TAPP,39.13704,-86.572896
2012,9,7,Weekend,1300,2-Car,No injury/unknown,IMPROPER LANE USAGE,SR37N & TAPP,39.13704,-86.572896
2012,11,4,Weekday,700,2-Car,No injury/unknown,FOLLOWING TOO CLOSELY,SR37S & TAPP,39.13704,-86.572896
2012,7,5,Weekday,1200,1-Car,No injury/unknown,OBSTRUCTION NOT MARKED,AIRPORT RD & CAVE,39.13688,-86.628768
2012,2,3,Weekday,700,1-Car,No injury/unknown,RAN OFF ROAD RIGHT,S BUNGER RD & W AIRPORT,39.136848,-86.606
2012,3,4,Weekday,1000,2-Car,Non-incapacitating,OTHER (DRIVER) - EXPLAIN IN NARRATIVE,SR45W & W AIRPORT,39.136848,-86.593792
2012,8,3,Weekday,1000,2-Car,Non-incapacitating,FAILURE TO YIELD RIGHT OF WAY,S LEONARD SPRINGS RD & W TAPP,39.1368299,-86.58261023
2012,8,3,Weekday,1600,2-Car,No injury/unknown,RAN OFF ROAD RIGHT,ROGERS & SOUTH SARE RD,39.13679949,-86.49636375
2012,2,5,Weekday,900,2-Car,No injury/unknown,SPEED TOO FAST FOR WEATHER CONDITIONS,SR37S & TAPP,39.13679034,-86.5731997
2012,3,5,Weekday,1900,2-Car,No injury/unknown,DRIVER DISTRACTED - EXPLAIN IN NARRATIVE,SR37S & TAPP,39.13679034,-86.5731997
2012,4,3,Weekday,700,2-Car,No injury/unknown,FOLLOWING TOO CLOSELY,SR37N & TAPP,39.13679034,-86.5731997