Year,Month,Day,Weekend?,Hour,Collision Type,Injury Type,Primary Factor,Reported_Location,Latitude,Longitude
2012,7,5,Weekday,1800,1-Car,No injury/unknown,RAN OFF ROAD RIGHT,W STATE ROAD 45 RD,39.125312,-86.610496
2012,7,4,Weekday,1300,2-Car,No injury/unknown,LEFT OF CENTER,SR45W,39.125312,-86.610496
2012,7,1,Weekend,1100,2-Car,No injury/unknown,IMPROPER LANE USAGE,WEST 45 HWY,39.125312,-86.610496
2012,8,1,Weekend,900,1-Car,No injury/unknown,UNSAFE BACKING,WEST STATE ROAD 45 HWY,39.125312,-86.610496
2012,8,1,Weekend,1500,2-Car,No injury/unknown,UNSAFE LANE MOVEMENT,STATE ROAD 45 RD,39.125312,-86.610496
2012,9,1,Weekend,1600,2-Car,No injury/unknown,OTHER (DRIVER) - EXPLAIN IN NARRATIVE,SR45W,39.125312,-86.610496
2012,9,5,Weekday,1300,Pedestrian,Non-incapacitating,ANIMAL/OBJECT IN ROADWAY,SR45W,39.125312,-86.610496
2012,11,7,Weekend,1700,2-Car,No injury/unknown,FAILURE TO YIELD RIGHT OF WAY,SR45W,39.125312,-86.610496
2012,12,4,Weekday,1500,2-Car,No injury/unknown,FAILURE TO YIELD RIGHT OF WAY,W STATE ROAD 45 RD,39.125312,-86.610496
2012,4,5,Weekday,1500,2-Car,No injury/unknown,FAILURE TO YIELD RIGHT OF WAY,GILLHAM & SR45W,39.125072,-86.6108
2012,1,6,Weekend,2000,2-Car,No injury/unknown,ROADWAY SURFACE CONDITION,HAYS & S ROGERS ST,39.12504,-86.5388
2012,2,3,Weekday,600,1-Car,No injury/unknown,ANIMAL/OBJECT IN ROADWAY,FULLERTON & SR37S,39.12497215,-86.57225753
2012,4,5,Weekday,700,3+ Cars,No injury/unknown,FOLLOWING TOO CLOSELY,SOUTH & WALNUT ST,39.12489443,-86.526808
2012,11,1,Weekend,1800,1-Car,No injury/unknown,ANIMAL/OBJECT IN ROADWAY,SR37S & W FULLERTON,39.12466863,-86.57248671
2012,12,6,Weekday,1800,2-Car,Non-incapacitating,FOLLOWING TOO CLOSELY,SR37N & VERNAL,39.12455872,-86.55998992
2012,4,3,Weekday,1900,Moped/Motorcycle,Non-incapacitating,RAN OFF ROAD RIGHT,CRAMER CIR,39.12440926,-86.5455126
2012,5,3,Weekday,2200,Moped/Motorcycle,No injury/unknown,ANIMAL/OBJECT IN ROADWAY,FULLERTON & ROCKPORT RD,39.12440105,-86.56053861
2012,1,2,Weekday,1600,2-Car,No injury/unknown,FAILURE TO YIELD RIGHT OF WAY,BARGE & LEONARD SPRINGS RD,39.12438323,-86.58261023
2012,2,7,Weekend,700,1-Car,Non-incapacitating,RAN OFF ROAD RIGHT,ROCKPORT & SR37S,39.12426608,-86.57197254
2012,11,4,Weekday,800,2-Car,No injury/unknown,SPEED TOO FAST FOR WEATHER CONDITIONS,HEATHER & WALNUT STREET PIKE PIKE,39.123856,-86.526656
2012,1,1,Weekend,1000,2-Car,No injury/unknown,FOLLOWING TOO CLOSELY,MILL STONE & SARE RD,39.12377022,-86.50865033
2012,1,5,Weekday,2300,1-Car,Non-incapacitating,RAN OFF ROAD RIGHT,CAROWIND & S FAIRFAX RD,39.1236321,-86.49852968
2012,1,2,Weekday,1700,2-Car,No injury/unknown,UNSAFE SPEED,EASTMONT AVE & VALMORE,39.123472,-86.6194277
2012,1,6,Weekend,2100,1-Car,No injury/unknown,ANIMAL/OBJECT IN ROADWAY,ELLER & SR45W,39.12321587,-86.61315954
2012,10,4,Weekday,1200,2-Car,No injury/unknown,FAILURE TO YIELD RIGHT OF WAY,1100 N JORDAN AVE & 17TH,39.12310741,-86.512695
2012,8,5,Weekday,1800,1-Car,No injury/unknown,OTHER (ENVIRONMENTAL) - EXPLAIN IN NARR,14TH & WALNUT ST,39.12306238,-86.53356
2012,9,4,Weekday,2300,Moped/Motorcycle,Non-incapacitating,RAN OFF ROAD RIGHT,FULLERTON PIKE & SHARON,39.122944,-86.576992
2012,3,6,Weekday,1800,2-Car,No injury/unknown,OTHER (DRIVER) - EXPLAIN IN NARRATIVE,KENNEDY DR,39.12248746,-86.52844235
2012,6,2,Weekday,1700,2-Car,No injury/unknown,UNSAFE BACKING,BUSHMILL & BUSHMILL DR,39.12241779,-86.55153238
2012,4,5,Weekday,1800,2-Car,Non-incapacitating,LEFT OF CENTER,S GARRISON CHAPEL RD & W ELLER,39.122416,-86.64296
2012,4,7,Weekend,1700,1-Car,No injury/unknown,RAN OFF ROAD RIGHT,ELLER & S GARRISON CHAPEL RD,39.122416,-86.64296
2012,6,4,Weekday,1700,1-Car,No injury/unknown,RAN OFF ROAD RIGHT,S GARRISON CHAPEL RD & W ELLER,39.122416,-86.64296
2012,6,6,Weekday,700,2-Car,No injury/unknown,FAILURE TO YIELD RIGHT OF WAY,SR45N & W LEONARD SPRINGS,39.12240055,-86.61426547
2012,5,5,Weekday,1700,2-Car,No injury/unknown,SPEED TOO FAST FOR WEATHER CONDITIONS,ELLER & SR45S,39.12235221,-86.61466183
2012,2,4,Weekday,1000,3+ Cars,Non-incapacitating,FOLLOWING TOO CLOSELY,FULLERTON & SR37S,39.122352,-86.5712
2012,3,5,Weekday,1100,2-Car,Non-incapacitating,DISREGARD SIGNAL/REG SIGN,FULLERTON & SR37S,39.122352,-86.5712
2012,3,2,Weekday,1200,2-Car,No injury/unknown,DISREGARD SIGNAL/REG SIGN,FULLERTON & SR37S,39.122352,-86.5712
2012,5,1,Weekend,1800,2-Car,No injury/unknown,FAILURE TO YIELD RIGHT OF WAY,FULLERTON & SR37S,39.122352,-86.5712
2012,5,2,Weekday,1600,3+ Cars,Non-incapacitating,UNSAFE SPEED,FULLERTON & SR37,39.122352,-86.5712
2012,6,5,Weekday,1800,3+ Cars,No injury/unknown,FOLLOWING TOO CLOSELY,FULLERTON & SR37N,39.122352,-86.5712
2012,7,6,Weekday,1600,3+ Cars,Incapacitating,FOLLOWING TOO CLOSELY,FULLERTON & SR37N,39.122352,-86.5712
2012,12,2,Weekday,900,2-Car,No injury/unknown,FAILURE TO YIELD RIGHT OF WAY,FULLERTON & SR37N,39.122352,-86.5712
2012,6,1,Weekend,1600,2-Car,No injury/unknown,UNSAFE BACKING,CRAMER & WICKENS DR,39.12232988,-86.54792994
2012,6,6,Weekday,1600,Moped/Motorcycle,Non-incapacitating,FAILURE TO YIELD RIGHT OF WAY,3RD & LIBERTY DR,39.12231243,-86.57913006
2012,7,2,Weekday,800,2-Car,No injury/unknown,DISREGARD SIGNAL/REG SIGN,SOUTH ISON & WEST LEONARD SPRINGS RD,39.12230666,-86.60577149
2012,10,2,Weekday,1200,1-Car,No injury/unknown,IMPROPER LANE USAGE,LEONARD SPRINGS RD,39.12228964,-86.59485653
2012,4,6,Weekend,1900,2-Car,Non-incapacitating,FAILURE TO YIELD RIGHT OF WAY,ELLER & SR45W,39.12224,-86.6144
2012,6,7,Weekend,1200,1-Car,No injury/unknown,ANIMAL/OBJECT IN ROADWAY,ELLER & SR45W,39.12224,-86.6144
2012,11,7,Weekend,1700,2-Car,Incapacitating,FAILURE TO YIELD RIGHT OF WAY,FULLERTON & SR37N,39.12221999,-86.57108545
2012,5,7,Weekend,1700,2-Car,No injury/unknown,DISREGARD SIGNAL/REG SIGN,FULLERTON & SR37S,39.12221991,-86.57137982
2012,12,2,Weekday,2000,3+ Cars,Non-incapacitating,FAILURE TO YIELD RIGHT OF WAY,FULLERTON & SR37,39.12221377,-86.57112747
2012,10,5,Weekday,1700,2-Car,Non-incapacitating,FAILURE TO YIELD RIGHT OF WAY,FULLERTON & SR37S,39.12219208,-86.57102913
2012,10,4,Weekday,1800,2-Car,No injury/unknown,FAILURE TO YIELD RIGHT OF WAY,FULLERTON PIKE & ROCKPORT,39.12217967,-86.56260028
2012,12,7,Weekend,1300,2-Car,No injury/unknown,FAILURE TO YIELD RIGHT OF WAY,FULLERTON & ROCKPORT RD,39.12217967,-86.56260028
2012,2,2,Weekday,1500,1-Car,No injury/unknown,RAN OFF ROAD RIGHT,FULLERTON PIKE,39.12216626,-86.57352291
2012,5,6,Weekday,900,2-Car,No injury/unknown,FOLLOWING TOO CLOSELY,FULLERTON PIKE,39.12216626,-86.57352291
2012,5,3,Weekday,700,1-Car,Non-incapacitating,RAN OFF ROAD RIGHT,HARRELL & RHORER RD,39.12182041,-86.50019399
2012,9,7,Weekend,1200,2-Car,No injury/unknown,UNSAFE BACKING,LEONARD SPRINGS RD,39.12179565,-86.59577178
2012,6,4,Weekday,1700,1-Car,No injury/unknown,BRAKE FAILURE OR DEFECTIVE,SOUTH WALNUT ST,39.12177324,-86.52651807
2012,5,3,Weekday,1300,2-Car,No injury/unknown,FOLLOWING TOO CLOSELY,3320 RHORER RD & HARRELL,39.12165468,-86.4934987
2012,3,4,Weekday,300,Moped/Motorcycle,No injury/unknown,OTHER (DRIVER) - EXPLAIN IN NARRATIVE,SOUTH ROGERS & WEST GORDON PIKE,39.121648,-86.539088
2012,12,6,Weekday,1700,1-Car,No injury/unknown,ROADWAY SURFACE CONDITION,300 W GORDON PIKE & ROGERS,39.121648,-86.539088
2012,12,6,Weekend,2200,1-Car,No injury/unknown,RAN OFF ROAD RIGHT,ROGERS & W GORDON PIKE,39.12160266,-86.53838521
2012,12,6,Weekday,800,2-Car,Non-incapacitating,LEFT OF CENTER,GORDON PIKE & ROGERS,39.12156008,-86.5391944
2012,3,2,Weekday,1600,2-Car,No injury/unknown,OTHER (DRIVER) - EXPLAIN IN NARRATIVE,ROGERS & WEST GORDON PIKE,39.12156008,-86.5391706
2012,6,5,Weekday,500,2-Car,No injury/unknown,OTHER (DRIVER) - EXPLAIN IN NARRATIVE,W GORDON PIKE,39.12154418,-86.53386009
2012,1,5,Weekday,1600,2-Car,No injury/unknown,FOLLOWING TOO CLOSELY,JAMIE & RHORER RD,39.12152523,-86.51721484
2012,2,5,Weekday,900,2-Car,No injury/unknown,FOLLOWING TOO CLOSELY,JAMIE & RHORER RD,39.12152131,-86.51774371
2012,8,6,Weekend,2100,2-Car,No injury/unknown,FAILURE TO YIELD RIGHT OF WAY,JAMIE & RHORER RD,39.12152,-86.51792
2012,9,2,Weekday,1700,Moped/Motorcycle,Incapacitating,UNSAFE LANE MOVEMENT,GORDON PIKE & S ROGERS,39.12149199,-86.53531213
2012,9,6,Weekday,1700,2-Car,Non-incapacitating,UNSAFE LANE MOVEMENT,GORDON PIKE & W GORDON,39.12146951,-86.53338981
2012,12,7,Weekend,1600,2-Car,No injury/unknown,UNSAFE BACKING,W GORDON PIKE & WALNUT,39.12146755,-86.53137074
2012,12,2,Weekday,1700,2-Car,No injury/unknown,UNSAFE BACKING,W GORDON PIKE & WALNUT,39.12146755,-86.53137074
2012,12,6,Weekday,1200,2-Car,No injury/unknown,FOLLOWING TOO CLOSELY,RHORER RD & S WALNUT,39.1214541,-86.52473311
2012,12,5,Weekday,700,Pedestrian,Fatal,PEDESTRIAN ACTION,NIMIT & RHORER RD,39.12145011,-86.52382713
2012,2,5,Weekday,1600,2-Car,No injury/unknown,FOLLOWING TOO CLOSELY,RHORER RD & S WALNUT ST,39.12144005,-86.52662985
2012,9,2,Weekday,700,2-Car,Non-incapacitating,UNSAFE SPEED,JAMIE & RHORER RD,39.12144005,-86.51763761
2012,12,3,Weekday,1700,2-Car,No injury/unknown,VIEW OBSTRUCTED,E RHORER RD & S TWO CREEKS,39.12144005,-86.5171058
2012,6,4,Weekday,700,2-Car,No injury/unknown,FAILURE TO YIELD RIGHT OF WAY,RHORER RD & SARE,39.12144005,-86.51157997
2012,6,3,Weekday,800,2-Car,Incapacitating,FAILURE TO YIELD RIGHT OF WAY,RHORER RD & SARE,39.12144005,-86.51157997
2012,2,4,Weekday,1300,2-Car,No injury/unknown,FAILURE TO YIELD RIGHT OF WAY,RHORER & WALNUT STREET PIKE,39.12144,-86.526496
2012,2,6,Weekday,1600,2-Car,No injury/unknown,FOLLOWING TOO CLOSELY,RHORER & WALNUT ST,39.12144,-86.526496
2012,4,2,Weekday,2100,2-Car,Non-incapacitating,DISREGARD SIGNAL/REG SIGN,RHORER & S WALNUT ST,39.12144,-86.526496
2012,4,3,Weekday,800,3+ Cars,Non-incapacitating,FAILURE TO YIELD RIGHT OF WAY,RHORER & S WALNUT ST,39.12144,-86.526496
2012,6,5,Weekday,400,2-Car,No injury/unknown,FAILURE TO YIELD RIGHT OF WAY,RHORER RD & WALNUT STREET,39.12144,-86.526496
2012,6,4,Weekday,700,3+ Cars,No injury/unknown,FOLLOWING TOO CLOSELY,RHORER RD & WALNUT STREET,39.12144,-86.526496
2012,8,3,Weekday,1800,2-Car,No injury/unknown,FOLLOWING TOO CLOSELY,RHORER RD & WALNUT STREET,39.12144,-86.526496
2012,10,3,Weekday,1200,2-Car,Incapacitating,FAILURE TO YIELD RIGHT OF WAY,RHORER & S WALNUT ST,39.12144,-86.526496
2012,11,7,Weekend,1300,2-Car,No injury/unknown,ROADWAY SURFACE CONDITION,RHORER RD & WALNUT,39.12144,-86.526496
2012,11,1,Weekend,1100,2-Car,No injury/unknown,FAILURE TO YIELD RIGHT OF WAY,RHORER RD & WALNUT STREET,39.12144,-86.526496
2012,12,2,Weekday,1900,2-Car,No injury/unknown,FAILURE TO YIELD RIGHT OF WAY,RHORER RD & WALNUT STREET,39.12144,-86.526496
2012,12,3,Weekday,1200,2-Car,No injury/unknown,OTHER (DRIVER) - EXPLAIN IN NARRATIVE,ROARER RD & WALNUT STREET,39.12144,-86.526496
2012,1,3,Weekday,1900,2-Car,Non-incapacitating,FAILURE TO YIELD RIGHT OF WAY,S OLD STATE RD 37 & W GORDON PIKE,39.12141994,-86.53134986
2012,8,4,Weekday,1900,2-Car,Non-incapacitating,FOLLOWING TOO CLOSELY,RHORER & WALNUT ST,39.12141994,-86.53134986
2012,8,5,Weekday,1300,2-Car,No injury/unknown,DISREGARD SIGNAL/REG SIGN,RHORER & WALNUT ST,39.12141994,-86.53134986
2012,9,2,Weekday,1800,3+ Cars,No injury/unknown,FOLLOWING TOO CLOSELY,GORDON PIKE & WALNUT,39.12141994,-86.5313239
2012,7,2,Weekday,1800,1-Car,Non-incapacitating,RAN OFF ROAD RIGHT,E RHORER RD,39.12135758,-86.51039779
2012,11,6,Weekday,0,2-Car,No injury/unknown,SPEED TOO FAST FOR WEATHER CONDITIONS,RHORER & SNODDY RD,39.12134014,-86.48951008
2012,12,7,Weekend,1100,1-Car,No injury/unknown,SPEED TOO FAST FOR WEATHER CONDITIONS,MOORES CREEK RD & STERLING,39.12105985,-86.48850958
2012,4,1,Weekend,1400,2-Car,No injury/unknown,UNSAFE BACKING,SOUTH WALNUT ST,39.12103906,-86.52657084
2012,5,3,Weekday,1700,2-Car,No injury/unknown,OTHER (DRIVER) - EXPLAIN IN NARRATIVE,SOUTH WALNUT ST,39.12103906,-86.52657084
2012,8,7,Weekend,1600,2-Car,No injury/unknown,OTHER (DRIVER) - EXPLAIN IN NARRATIVE,OLD 37 SOUTH RD,39.12102766,-86.53128348
2012,4,6,Weekend,2100,Moped/Motorcycle,Incapacitating,UNSAFE SPEED,LEONARD SPRINGS & LEONARD SPRINGS RD,39.12095079,-86.5916
2012,2,2,Weekday,1700,1-Car,No injury/unknown,ANIMAL/OBJECT IN ROADWAY,DUNLAP & SR45W,39.11950015,-86.61879993
2012,11,1,Weekend,1200,2-Car,No injury/unknown,FOLLOWING TOO CLOSELY,DUNLAP & SR45W,39.11950015,-86.61879993
2012,11,2,Weekday,700,2-Car,No injury/unknown,SPEED TOO FAST FOR WEATHER CONDITIONS,DUNLAP & SR45W,39.11950015,-86.61877395
2012,8,5,Weekday,1700,2-Car,Non-incapacitating,UNSAFE LANE MOVEMENT,S ORCHARD & SR37S,39.11934418,-86.53131902
2012,7,5,Weekday,1700,2-Car,No injury/unknown,FOLLOWING TOO CLOSELY,DUNLAP & SR45W,39.11902366,-86.61946886
2012,12,1,Weekend,1800,2-Car,Non-incapacitating,LEFT OF CENTER,BOLIN & ROCKPORT RD,39.11899691,-86.57508999
2012,8,5,Weekday,1400,2-Car,Non-incapacitating,FOLLOWING TOO CLOSELY,HILLSIDE & ROGERS ST,39.11885822,-86.53876014
2012,7,2,Weekday,1700,1-Car,No injury/unknown,ANIMAL/OBJECT IN ROADWAY,SR37 & VICTOR,39.11842102,-86.56830283
2012,11,7,Weekend,2000,1-Car,No injury/unknown,ANIMAL/OBJECT IN ROADWAY,DUNLAP & SR45,39.11839078,-86.62104121
2012,5,6,Weekday,1600,2-Car,No injury/unknown,DRIVER DISTRACTED - EXPLAIN IN NARRATIVE,DUNLAP & SR45,39.11833841,-86.62114559
2012,5,5,Weekday,500,2-Car,Non-incapacitating,LEFT OF CENTER,S DUNLAP & SR45W,39.11790246,-86.62147383
2012,1,6,Weekday,1600,3+ Cars,Non-incapacitating,UNSAFE SPEED,DUNLAP & SR45W,39.11774229,-86.62176025
2012,3,2,Weekday,600,1-Car,No injury/unknown,ANIMAL/OBJECT IN ROADWAY,ROCKPORT & SR37N,39.117648,-86.567104
2012,8,3,Weekday,1700,2-Car,No injury/unknown,IMPROPER LANE USAGE,ROCKPORT & SR37S,39.117648,-86.567104
2012,11,3,Weekday,600,1-Car,No injury/unknown,ANIMAL/OBJECT IN ROADWAY,ROCKPORT & SR37,39.11755374,-86.56705561
2012,12,6,Weekday,1800,Pedestrian,Non-incapacitating,LEFT OF CENTER,HOLLAND & S WALNUT STREET PIKE,39.1170867,-86.526496
2012,7,1,Weekend,1700,Moped/Motorcycle,Non-incapacitating,OVERCORRECTING/OVERSTEERING,AIRY HILLS & HARRODSBURG,39.11698878,-86.59665748
2012,11,3,Weekday,2100,1-Car,No injury/unknown,OTHER (VEHICLE) - EXPLAIN IN NARRATIVE,ORCHARD & S COLLEGE DR,39.11655737,-86.53358624
2012,12,5,Weekday,0,1-Car,Non-incapacitating,RAN OFF ROAD RIGHT,PINE GROVE & SR446S,39.116464,-86.428672
2012,6,6,Weekday,1100,Moped/Motorcycle,No injury/unknown,RAN OFF ROAD RIGHT,45 & GARRISON CHAPEL RD,39.11623454,-86.64015832
2012,9,4,Weekday,800,2-Car,Non-incapacitating,FAILURE TO YIELD RIGHT OF WAY,OLD STATE ROAD 37 HWY & ORCHARD,39.11584,-86.5312
2012,10,3,Weekday,1000,1-Car,No injury/unknown,UNSAFE SPEED,SR37 & THAT RD,39.1156733,-86.56408659
2012,1,4,Weekday,1800,2-Car,Non-incapacitating,FAILURE TO YIELD RIGHT OF WAY,SR37S & THAT,39.115552,-86.564592
2012,6,3,Weekday,1400,2-Car,No injury/unknown,FAILURE TO YIELD RIGHT OF WAY,SR37S & THAT,39.115552,-86.564592
2012,5,2,Weekday,1700,2-Car,No injury/unknown,FOLLOWING TOO CLOSELY,STATE 37 & W THAT RD,39.115552,-86.564592
2012,7,1,Weekend,700,2-Car,Non-incapacitating,FAILURE TO YIELD RIGHT OF WAY,SR37N & THAT,39.115552,-86.564592
2012,7,6,Weekday,600,1-Car,No injury/unknown,RAN OFF ROAD RIGHT,SR37N & THAT,39.115552,-86.564592
2012,12,1,Weekend,1200,1-Car,No injury/unknown,UNSAFE SPEED,NORWOOD & STERLING AVE,39.11551975,-86.48614694
2012,6,4,Weekday,900,Moped/Motorcycle,Fatal,LEFT OF CENTER,DARRELL & SR45,39.11542516,-86.62555683
2012,2,3,Weekday,1600,2-Car,No injury/unknown,VIEW OBSTRUCTED,OLD STATE ROAD 37 RD & S FAIRFAX,39.1151791,-86.53149001
2012,2,2,Weekday,2200,1-Car,Non-incapacitating,RAN OFF ROAD RIGHT,DARREL & SR45W,39.11509998,-86.62771471
2012,1,3,Weekday,1600,2-Car,No injury/unknown,FAILURE TO YIELD RIGHT OF WAY,DINSMORE & SR45W,39.11504,-86.630992
2012,2,5,Weekday,1900,3+ Cars,No injury/unknown,UNSAFE SPEED,DINSMORE & SR45W,39.11504,-86.630992
2012,5,5,Weekday,1700,1-Car,No injury/unknown,RAN OFF ROAD RIGHT,DINSMORE & SR45W,39.11504,-86.630992
2012,5,5,Weekday,700,2-Car,No injury/unknown,FAILURE TO YIELD RIGHT OF WAY,DINSMORE & SR45W,39.11504,-86.630992
2012,6,7,Weekend,1400,Moped/Motorcycle,Non-incapacitating,FOLLOWING TOO CLOSELY,DARRELL & SR45W,39.114992,-86.62768
2012,7,5,Weekday,1700,2-Car,No injury/unknown,LEFT OF CENTER,THAT RD,39.11497794,-86.56255938
2012,10,5,Weekday,1500,2-Car,No injury/unknown,FOLLOWING TOO CLOSELY,VICTOR & W THAT RD,39.11466493,-86.54675111
2012,5,4,Weekday,1400,2-Car,No injury/unknown,OTHER (DRIVER) - EXPLAIN IN NARRATIVE,SOUTH ROGERS ST & THAT,39.11464,-86.539392
2012,12,5,Weekday,900,2-Car,Non-incapacitating,FAILURE TO YIELD RIGHT OF WAY,OLD SR 37 S & SR37S,39.11395264,-86.53115844
2012,10,4,Weekday,0,1-Car,No injury/unknown,RAN OFF ROAD RIGHT,BOLIN & ROCKPORT RD,39.11371798,-86.57508999
2012,12,1,Weekend,1500,1-Car,No injury/unknown,RAN OFF ROAD RIGHT,SR37 & THAT,39.11346156,-86.56240817
2012,3,7,Weekend,300,2-Car,No injury/unknown,UNSAFE SPEED,5825 S ROGERS ST & WALLACE,39.11319669,-86.53974202
2012,2,6,Weekday,1500,2-Car,No injury/unknown,FOLLOWING TOO CLOSELY,SR37N & VERNAL,39.11299434,-86.56233005
2012,4,6,Weekday,1400,2-Car,No injury/unknown,OVERCORRECTING/OVERSTEERING,ROBINS  BOW & WINSTON,39.11272295,-86.49266973
2012,3,1,Weekend,300,1-Car,No injury/unknown,OVERCORRECTING/OVERSTEERING,SOUTH OLD RICHARDSON & SR446S,39.11219984,-86.43133968
2012,10,1,Weekend,1700,2-Car,No injury/unknown,FAILURE TO YIELD RIGHT OF WAY,3RD & CURRY PIKE,39.11178754,-86.58292002
2012,12,5,Weekday,2100,1-Car,No injury/unknown,SPEED TOO FAST FOR WEATHER CONDITIONS,BOTTOM & SR37S,39.11144326,-86.55227661
2012,7,5,Weekday,1500,1-Car,No injury/unknown,RAN OFF ROAD RIGHT,GARRISON CHAPEL & SR45W,39.11119704,-86.63803021
2012,7,3,Weekday,1800,3+ Cars,No injury/unknown,FOLLOWING TOO CLOSELY,HARMONY & SR45N,39.11109624,-86.63820374
2012,8,4,Weekday,1700,2-Car,No injury/unknown,DRIVER DISTRACTED - EXPLAIN IN NARRATIVE,S HARMONY & SR45W,39.11109624,-86.63820374
2012,8,7,Weekend,2200,2-Car,Non-incapacitating,FOLLOWING TOO CLOSELY,HARMONY & SR45W,39.11108002,-86.63819968
2012,3,5,Weekday,800,2-Car,No injury/unknown,FAILURE TO YIELD RIGHT OF WAY,S GARRISON CHAPEL & SR45W,39.111024,-86.638304
2012,2,2,Weekday,700,1-Car,No injury/unknown,ANIMAL/OBJECT IN ROADWAY,RATLIFF & STARNS RD,39.11098415,-86.65871992
2012,10,3,Weekday,2100,2-Car,No injury/unknown,UNSAFE LANE MOVEMENT,ISON RD & TOWER,39.10979517,-86.60952015
2012,10,3,Weekday,2100,1-Car,No injury/unknown,RAN OFF ROAD RIGHT,ELWREN & ISON RD,39.10971025,-86.60961235
2012,1,6,Weekday,1700,2-Car,Non-incapacitating,FOLLOWING TOO CLOSELY,SR45W & WOODBINE,39.109264,-86.64112
2012,2,5,Weekday,1600,2-Car,Non-incapacitating,FOLLOWING TOO CLOSELY,SR45W & WOODBINE,39.109264,-86.64112
2012,1,7,Weekend,1200,1-Car,No injury/unknown,ROADWAY SURFACE CONDITION,SOUTH ROCKPORT RD,39.10861588,-86.57626342
2012,12,5,Weekday,200,1-Car,No injury/unknown,RAN OFF ROAD RIGHT,S COLLEGE AVE & W 2ND,39.10851229,-86.53492994
2012,5,6,Weekend,2100,1-Car,No injury/unknown,RAN OFF ROAD RIGHT,S STANFORD & W ELWREN RD,39.10824,-86.666192
2012,8,1,Weekend,1600,Moped/Motorcycle,Non-incapacitating,RAN OFF ROAD RIGHT,RUSH RODGE & SR446S,39.1082111,-86.43107683
2012,10,4,Weekday,1700,2-Car,Non-incapacitating,LEFT OF CENTER,DUNLAP & W ISON RD,39.10795104,-86.62414378
2012,10,7,Weekend,500,1-Car,No injury/unknown,OVERCORRECTING/OVERSTEERING,FAIRFAX & SCHACHT RD,39.10781178,-86.5220316
2012,6,4,Weekday,1200,2-Car,No injury/unknown,FAILURE TO YIELD RIGHT OF WAY,S WALNUT ST & WALNUT STREET,39.107344,-86.5264
2012,9,2,Weekday,1300,2-Car,Non-incapacitating,FAILURE TO YIELD RIGHT OF WAY,WALNUT & WALNUT ST,39.107344,-86.5264
2012,10,1,Weekend,1700,1-Car,Incapacitating,DRIVER ILLNESS,LOW GAP RD & TULIP TREE TRACE,39.10729381,-86.39923967
2012,3,6,Weekday,1700,2-Car,No injury/unknown,OTHER (DRIVER) - EXPLAIN IN NARRATIVE,FAIRFAX RD & OLD STATE ROAD 37 S,39.10725988,-86.53149001
2012,8,3,Weekday,600,3+ Cars,Non-incapacitating,FAILURE TO YIELD RIGHT OF WAY,FAIRFAX & S OLD SR 37 RD,39.10725988,-86.53149001
2012,12,2,Weekday,1600,2-Car,No injury/unknown,FAILURE TO YIELD RIGHT OF WAY,FAIRFAX RD & S OLD STATE ROAD 37,39.10725988,-86.53149001
2012,11,1,Weekend,1500,2-Car,No injury/unknown,FAILURE TO YIELD RIGHT OF WAY,CHURCH LN & OLD STATE 37 S,39.107248,-86.531392
2012,12,1,Weekend,1800,2-Car,No injury/unknown,DISREGARD SIGNAL/REG SIGN,CHURCH & OLD STATE ROAD 37 RD,39.107248,-86.531392
2012,9,6,Weekday,1600,2-Car,No injury/unknown,FAILURE TO YIELD RIGHT OF WAY,FAIRFAX RD & WALNUT,39.10723985,-86.53149584
2012,1,5,Weekday,1700,2-Car,Non-incapacitating,SPEED TOO FAST FOR WEATHER CONDITIONS,S FAIRFAX & S WALNUT ST PIKE,39.10716361,-86.52650724
2012,4,1,Weekend,1200,1-Car,Non-incapacitating,UNSAFE SPEED,E FAIRFAX RD & S WALNUT ST,39.10716361,-86.52650724
2012,4,1,Weekend,1200,1-Car,Non-incapacitating,UNSAFE SPEED,E FAIRFAX RD & S WALNUT ST,39.10716361,-86.52650724
2012,10,6,Weekday,1500,1-Car,No injury/unknown,OTHER (DRIVER) - EXPLAIN IN NARRATIVE,FAIRFAX & WALNUT STREET PIKE,39.10715997,-86.52650982
2012,11,4,Weekday,900,2-Car,No injury/unknown,ROADWAY SURFACE CONDITION,FAIRFAX & WALNUT STREET PIKE,39.10715997,-86.52650982
2012,12,7,Weekend,1500,1-Car,No injury/unknown,ROADWAY SURFACE CONDITION,HARRELL & SCHACHT RD,39.10708395,-86.50383156
2012,6,4,Weekday,1900,2-Car,No injury/unknown,OTHER LIGHTS DEFECTIVE,E SCHACHT & S FAIRFAX RD,39.10704,-86.523488
2012,9,6,Weekend,1900,2-Car,Non-incapacitating,DRIVER DISTRACTED - EXPLAIN IN NARRATIVE,FAIRFAX RD & SCHACHT,39.10704,-86.523488
2012,6,7,Weekend,2000,1-Car,No injury/unknown,RAN OFF ROAD RIGHT,FAIRFAX RD & SCHACHT,39.10688057,-86.52373622
2012,7,4,Weekday,1200,2-Car,No injury/unknown,UNSAFE BACKING,SOUTH OLD STATE ROAD 37 HWY,39.106848,-86.531568
2012,8,3,Weekday,1300,2-Car,No injury/unknown,FAILURE TO YIELD RIGHT OF WAY,OLD CAPITAL & SOUTH VICTOR PIKE,39.10678983,-86.55017025