Year,Month,Day,Weekend?,Hour,Collision Type,Injury Type,Primary Factor,Reported_Location,Latitude,Longitude
2012,6,4,Weekday,1200,3+ Cars,No injury/unknown,UNSAFE LANE MOVEMENT,SR37S,39.01916087,-86.53651915
2012,7,3,Weekday,2100,1-Car,Non-incapacitating,RAN OFF ROAD RIGHT,MONROE DAM & STRAIN RIDGE RD,39.01879242,-86.52259042
2012,4,5,Weekday,300,1-Car,No injury/unknown,ANIMAL/OBJECT IN ROADWAY,MONROE DAM RD & OLD STATE ROAD 37 SOUTH,39.01866987,-86.53941411
2012,1,6,Weekday,900,1-Car,Non-incapacitating,RAN OFF ROAD RIGHT,MONROE DAM RD & STRAIN RIDGE RD,39.018656,-86.522896
2012,11,4,Weekday,1200,1-Car,No injury/unknown,RAN OFF ROAD RIGHT,CHESTNUT & STRAINRIDGE RD,39.016853,-86.50781505
2012,11,6,Weekday,700,2-Car,No injury/unknown,FOLLOWING TOO CLOSELY,SR37S,39.01630535,-86.53697023
2012,4,2,Weekday,2300,1-Car,No injury/unknown,ANIMAL/OBJECT IN ROADWAY,SR37 & ZIKES,39.01561701,-86.53702247
2012,9,4,Weekday,1500,1-Car,Non-incapacitating,RAN OFF ROAD RIGHT,E TOWER RIDGE RD & LAST HORSE,39.01509586,-86.39920394
2012,12,2,Weekday,1300,2-Car,No injury/unknown,LEFT OF CENTER,SR446S & TOWER RIDGE,39.015088,-86.401232
2012,1,3,Weekday,600,1-Car,No injury/unknown,RAN OFF ROAD RIGHT,HOBART RD & S OLD ST RD 37,39.01368968,-86.54097966
2012,5,4,Weekday,1100,1-Car,Non-incapacitating,RAN OFF ROAD RIGHT,FAIRFAX RD & MCCORMICK,39.01236758,-86.50779001
2012,5,7,Weekend,100,Moped/Motorcycle,Non-incapacitating,FAILURE TO YIELD RIGHT OF WAY,HARRODSBURG & POPCORN RD,39.012048,-86.545088
2012,1,7,Weekend,0,1-Car,No injury/unknown,RAN OFF ROAD RIGHT,MONROE DAM & SR37S,39.01050784,-86.53705079
2012,4,1,Weekend,100,1-Car,Fatal,RAN OFF ROAD RIGHT,KETCHAM & POPCORN RD,39.00978613,-86.56394108
2012,9,7,Weekend,600,1-Car,No injury/unknown,BRAKE FAILURE OR DEFECTIVE,MONROE DAM & VALLEY MISSION RD,39.009344,-86.510096
2012,6,6,Weekend,2300,1-Car,No injury/unknown,RAN OFF ROAD RIGHT,KETCHAM & POPCORN RD,39.00869022,-86.56645895
2012,9,4,Weekday,2200,1-Car,No injury/unknown,RAN OFF ROAD RIGHT,MONROE DAM CT,39.00725238,-86.51641599
2012,1,6,Weekday,1800,2-Car,No injury/unknown,DRIVER DISTRACTED - EXPLAIN IN NARRATIVE,12OO S LIBERTY DR & W 3RD,39.00599302,-86.57913216
2012,11,2,Weekday,2200,1-Car,No injury/unknown,ANIMAL/OBJECT IN ROADWAY,DUTCH RIDGE & SR446S,39.004288,-86.395616
2012,4,3,Weekday,1400,1-Car,Non-incapacitating,RAN OFF ROAD RIGHT,PEDIGO BAY & VALLEY MISSION RD,39.00356032,-86.5011435
2012,2,7,Weekend,900,1-Car,No injury/unknown,RAN OFF ROAD RIGHT,POPCORN RD & ROCKPORT,39.002752,-86.59
2012,8,6,Weekday,1400,2-Car,No injury/unknown,LEFT OF CENTER,E GUTHRIE RD & SAMANTHA,38.99470299,-86.46484673
2012,2,5,Weekday,300,1-Car,Non-incapacitating,RAN OFF ROAD RIGHT,INGRAM & SR37N,38.98793083,-86.53779269
2012,7,1,Weekday,2000,1-Car,No injury/unknown,OVERCORRECTING/OVERSTEERING,GORE & SOUTH OLD STATE ROAD 37 HWY,38.97993605,-86.54174007
2012,11,6,Weekend,2000,1-Car,Incapacitating,RAN OFF ROAD RIGHT,GORE & OLD STATE ROAD 37 RD,38.97993605,-86.54174007
2012,6,2,Weekday,700,2-Car,No injury/unknown,FAILURE TO YIELD RIGHT OF WAY,RAMP CREEK & SHIELDS RIDGE RD,38.97744578,-86.47290989
2012,12,4,Weekday,2200,1-Car,Non-incapacitating,RAN OFF ROAD RIGHT,BREEDEN RD & TOM PHILLIPS,38.97052497,-86.67456977
2012,3,2,Weekday,1400,1-Car,No injury/unknown,RAN OFF ROAD RIGHT,SMITHVILLE RD & ZIKES,38.96564784,-86.52540005
2012,11,5,Weekday,500,1-Car,No injury/unknown,ANIMAL/OBJECT IN ROADWAY,SR37S & ZIKES,38.95143498,-86.52629089
2012,9,3,Weekday,1000,1-Car,Non-incapacitating,RAN OFF ROAD RIGHT,SHUFFLE CREEK RD & SOUTHSHORE,38.93344093,-86.4008963
2012,12,5,Weekday,2000,1-Car,No injury/unknown,ANIMAL/OBJECT IN ROADWAY,HINDS & KIRKSVILLE RD,38.93213349,-86.6633702
2012,10,4,Weekday,1300,1-Car,Non-incapacitating,LEFT OF CENTER,FAIRFAX RD & POINT,38.9270922,-86.49009011
2012,12,1,Weekend,1200,1-Car,Non-incapacitating,RAN OFF ROAD RIGHT,FLUCK MILL & KETCHUM RD,38.80609898,-86.5615797
2012,8,1,Weekend,600,1-Car,No injury/unknown,RAN OFF ROAD RIGHT,9900 SOUTH OLD STATE ROAD 37 RD & HARRODSBURG,38.80047148,-86.54309329
2012,8,3,Weekday,1400,2-Car,No injury/unknown,UNSAFE SPEED,N OLD STATE RD 37 RD & WISHNAND,38.39655258,-86.51713013
2012,7,3,Weekday,2200,1-Car,No injury/unknown,ANIMAL/OBJECT IN ROADWAY,ACUFF & SR37N,38.38267105,-86.55361019
2012,4,3,Weekday,1700,2-Car,Non-incapacitating,FAILURE TO YIELD RIGHT OF WAY,BALFOUR & SR45-46E,9.183291774,-86.5117228
2012,1,4,Weekday,500,1-Car,Incapacitating,DRIVER ILLNESS,EXIT 10 & SR37S,1,1
2012,3,3,Weekday,1100,Moped/Motorcycle,Incapacitating,ROADWAY SURFACE CONDITION,E MOORES PKWY & S PICKWICK,1,1
2012,5,6,Weekend,2000,1-Car,Non-incapacitating,RAN OFF ROAD RIGHT,SR446 & TEXAS RIDGE RD,1,1
2012,7,2,Weekday,1900,2-Car,Non-incapacitating,DRIVER DISTRACTED - EXPLAIN IN NARRATIVE,RAILROAD TRACKS & SR45E,1,1
2012,8,5,Weekday,2100,1-Car,Non-incapacitating,RAN OFF ROAD RIGHT,CURRY & GATES DR,1,1
2012,8,1,Weekend,0,1-Car,Non-incapacitating,RAN OFF ROAD RIGHT,SISCOE & SR46W,1,1
2012,1,6,Weekday,1400,2-Car,No injury/unknown,FOLLOWING TOO CLOSELY,3RD & SR37S,0,0
2012,1,7,Weekend,1000,1-Car,No injury/unknown,RAN OFF ROAD RIGHT,S HARRODSBURG RD & SOUTH OLD SR37,0,0
2012,1,3,Weekday,600,1-Car,No injury/unknown,ANIMAL/OBJECT IN ROADWAY,MOORMAN & SR37S,0,0
2012,1,6,Weekday,500,2-Car,No injury/unknown,SPEED TOO FAST FOR WEATHER CONDITIONS,E COVENANTER DR & E STRATUM,0,0
2012,1,5,Weekday,600,1-Car,No injury/unknown,OVERCORRECTING/OVERSTEERING,SR45E & TUNELL ROAD,0,0
2012,1,7,Weekend,1500,2-Car,No injury/unknown,IMPROPER PASSING,11TH & FEE LN,0,0
2012,1,1,Weekend,1700,Pedestrian,No injury/unknown,FAILURE TO YIELD RIGHT OF WAY,COLLEGE MALL RD & PRIVATE DRIVE TO MALL,0,0
2012,1,3,Weekday,700,1-Car,No injury/unknown,SPEED TOO FAST FOR WEATHER CONDITIONS,MONROE LAKE & SR37,0,0
2012,1,3,Weekday,1000,2-Car,No injury/unknown,FOLLOWING TOO CLOSELY,SR45S,0,0
2012,1,4,Weekday,900,2-Car,No injury/unknown,UNSAFE LANE MOVEMENT,2600 BLOCK OF EAST TENTH ST & 4546 BYPASS,0,0
2012,1,6,Weekend,2000,Bus,No injury/unknown,ROADWAY SURFACE CONDITION,CAMPBELL & HARTSTRAT RD,0,0
2012,1,1,Weekend,1100,1-Car,No injury/unknown,ROADWAY SURFACE CONDITION,MOORES & STIPP RD,0,0
2012,3,5,Weekday,1500,2-Car,No injury/unknown,FOLLOWING TOO CLOSELY,BUSINESS 37 RD & STATE ROAD 37,0,0
2012,3,6,Weekday,1100,2-Car,No injury/unknown,FAILURE TO YIELD RIGHT OF WAY,HARTSTRAIGHT & TEMPERANCE ST,0,0
2012,3,7,Weekend,1700,2-Car,No injury/unknown,VIEW OBSTRUCTED,FAIR FAX & SR37S,0,0
2012,3,2,Weekday,2100,2-Car,No injury/unknown,OTHER (DRIVER) - EXPLAIN IN NARRATIVE,E STRATUM WAY DR,0,0
2012,1,3,Weekday,0,1-Car,No injury/unknown,ANIMAL/OBJECT IN ROADWAY,STONY BROOK DR DR & W BROOKFIELD CT,0,0
2012,1,7,Weekend,1800,1-Car,No injury/unknown,ANIMAL/OBJECT IN ROADWAY,SR446N & UNKNOWN,0,0
2012,1,5,Weekday,1800,1-Car,No injury/unknown,UNSAFE BACKING,ASSEMBLY HALL NORTH DR & FEE,0,0
2012,1,5,Weekday,1600,2-Car,No injury/unknown,FOLLOWING TOO CLOSELY,CURRY PIKE & YOST,0,0
2012,2,5,Weekday,1400,Cyclist,No injury/unknown,FAILURE TO YIELD RIGHT OF WAY,E 11TH & N FEE LN,0,0
2012,2,7,Weekend,2200,2-Car,No injury/unknown,DISREGARD SIGNAL/REG SIGN,SB RAMP N ST RD 37 & SR46E,0,0
2012,2,1,Weekend,700,1-Car,No injury/unknown,OVERCORRECTING/OVERSTEERING,N BUSINESS 37 HWY & STATE ROAD 37 NORTH,0,0
2012,2,7,Weekend,100,2-Car,No injury/unknown,SPEED TOO FAST FOR WEATHER CONDITIONS,COVENANTER DR & STRATUM,0,0
2012,2,6,Weekday,1200,2-Car,No injury/unknown,FAILURE TO YIELD RIGHT OF WAY,2709 E TENTH ST & EAST UNINVERSITY,0,0
2012,2,1,Weekend,1300,2-Car,No injury/unknown,FOLLOWING TOO CLOSELY,SR37S,0,0
2012,2,4,Weekday,1000,2-Car,No injury/unknown,FAILURE TO YIELD RIGHT OF WAY,JOHNSON AVE AVE & VALHALLA DRIVE,0,0
2012,2,4,Weekday,1000,2-Car,No injury/unknown,UNSAFE LANE MOVEMENT,PACKINGHOUSE & VERNAL PIKE,0,0
2012,2,3,Weekday,0,1-Car,No injury/unknown,SPEED TOO FAST FOR WEATHER CONDITIONS,RATTS & SR46W,0,0
2012,2,5,Weekday,1300,1-Car,No injury/unknown,OTHER (DRIVER) - EXPLAIN IN NARRATIVE,100 S HAWTHORNE DR & EAST THIRD,0,0
2012,2,2,Weekday,1600,2-Car,No injury/unknown,FOLLOWING TOO CLOSELY,46 BYP & EAST GATE,0,0
2012,2,7,Weekend,2000,2-Car,No injury/unknown,DRIVER DISTRACTED - EXPLAIN IN NARRATIVE,CURRY PIKE & GIRRORD,0,0
2012,2,4,Weekday,1000,2-Car,No injury/unknown,FOLLOWING TOO CLOSELY,SR37N,0,0
2012,2,4,Weekday,1900,2-Car,No injury/unknown,DRIVER DISTRACTED - EXPLAIN IN NARRATIVE,46 BYP & FEE,0,0
2012,2,5,Weekday,1300,1-Car,No injury/unknown,UNSAFE SPEED,SR37S,0,0
2012,3,2,Weekday,900,1-Car,No injury/unknown,SPEED TOO FAST FOR WEATHER CONDITIONS,11TH & 11TH AND FEE GARAGE 5TH FLOOR DR,0,0
2012,3,2,Weekday,1800,2-Car,No injury/unknown,FAILURE TO YIELD RIGHT OF WAY,HARTSTRAIT RD & SR46W,0,0
2012,3,2,Weekday,1700,1-Car,No injury/unknown,OVERCORRECTING/OVERSTEERING,SR37S & TURKEY TRACK,0,0
2012,3,7,Weekend,1900,2-Car,No injury/unknown,HEADLIGHT DEFECTIVE OR NOT ON,BROOKWOOD & SR46,0,0
2012,3,4,Weekday,1200,2-Car,No injury/unknown,FAILURE TO YIELD RIGHT OF WAY,EAST FORTH & INDIANA AVE,0,0
2012,3,6,Weekday,800,2-Car,No injury/unknown,UNSAFE SPEED,1400 & W ELWREN RD,0,0
2012,3,6,Weekday,1200,2-Car,No injury/unknown,OTHER (DRIVER) - EXPLAIN IN NARRATIVE,EAST THIRD & HAWTHORNE ST,0,0
2012,4,2,Weekday,1700,2-Car,No injury/unknown,UNSAFE BACKING,COPPER BEACH WAY,0,0
2012,4,2,Weekday,1900,1-Car,No injury/unknown,SPEED TOO FAST FOR WEATHER CONDITIONS,SR37S & WHITEHALL CROSSING EXIT,0,0
2012,4,2,Weekday,1300,2-Car,No injury/unknown,UNSAFE LANE MOVEMENT,HIGHLAND & THIRD ST,0,0
2012,5,4,Weekday,2100,2-Car,No injury/unknown,FAILURE TO YIELD RIGHT OF WAY,CURRY PIKE & WHITEHALL,0,0
2012,3,4,Weekday,1200,2-Car,No injury/unknown,UNSAFE BACKING,IU WELLS LIBRARY DR & JORDAN,0,0
2012,3,3,Weekday,300,1-Car,No injury/unknown,ANIMAL/OBJECT IN ROADWAY,HARSTRAIGHT RD & W WOODYARD,0,0
2012,3,6,Weekend,2000,1-Car,No injury/unknown,RAN OFF ROAD RIGHT,BROWN CO LINE RD & SR37E,0,0
2012,3,2,Weekday,1800,2-Car,No injury/unknown,FOLLOWING TOO CLOSELY,E PRESIDENTS & S JORDAN AVE,0,0
2012,3,4,Weekday,1200,2-Car,No injury/unknown,UNSAFE BACKING,JORDAN & KIRKWOOD AVE,0,0
2012,3,6,Weekday,1400,2-Car,No injury/unknown,FOLLOWING TOO CLOSELY,COLLEGE MALL RDS & THIRD,0,0
2012,4,1,Weekend,1200,3+ Cars,No injury/unknown,FOLLOWING TOO CLOSELY,S LEONARD SPRINGS RD & W BLOOMFIELD,0,0
2012,4,6,Weekday,1100,2-Car,No injury/unknown,UNSAFE BACKING,601 WEST 2 ST ST,0,0
2012,4,6,Weekend,2300,2-Car,No injury/unknown,RAN OFF ROAD RIGHT,JOSHUA DR & MCMILLAN,0,0
2012,4,1,Weekend,1200,2-Car,No injury/unknown,,E RIDGE CREST CT,0,0
2012,4,4,Weekday,1000,2-Car,No injury/unknown,FAILURE TO YIELD RIGHT OF WAY,BLOOMFIELD RD & HICKORY LEAF,0,0
2012,4,5,Weekday,1000,2-Car,No injury/unknown,UNSAFE LANE MOVEMENT,500BLK W TEMPERANCE ST ST & 5TH,0,0
2012,4,6,Weekend,2200,2-Car,No injury/unknown,IMPROPER LANE USAGE,DUNN & E 1ST ST,0,0
2012,4,1,Weekend,600,1-Car,No injury/unknown,RAN OFF ROAD RIGHT,EAST TOWER RIDGE RD & SR446,0,0
2012,4,3,Weekday,600,1-Car,No injury/unknown,RAN OFF ROAD RIGHT,45 46 BYP & EASTGATE,0,0
2012,4,4,Weekday,800,1-Car,No injury/unknown,RAN OFF ROAD RIGHT,NORTH ACCESS DRIVE TO BHSN & PROW RD,0,0
2012,4,6,Weekday,1800,Bus,No injury/unknown,FAILURE TO YIELD RIGHT OF WAY,10TH ST & TULIP TREE ENTRANCE,0,0
2012,4,7,Weekend,1000,2-Car,No injury/unknown,FAILURE TO YIELD RIGHT OF WAY,EAST AND WEST ALY & NORTH AND SOUTH,0,0
2012,4,7,Weekend,1000,2-Car,No injury/unknown,FAILURE TO YIELD RIGHT OF WAY,SMITH PIKE & SR46W,0,0
2012,4,3,Weekday,400,2-Car,No injury/unknown,OTHER (DRIVER) - EXPLAIN IN NARRATIVE,HARTSTRAIT & SR46W,0,0
2012,4,5,Weekday,1300,2-Car,No injury/unknown,FAILURE TO YIELD RIGHT OF WAY,11TH & FEE LN,0,0
2012,5,4,Weekday,1100,2-Car,No injury/unknown,OTHER (DRIVER) - EXPLAIN IN NARRATIVE,PARKING LOT ST,0,0
2012,5,5,Weekday,700,2-Car,No injury/unknown,OTHER (DRIVER) - EXPLAIN IN NARRATIVE,PHYLLIS & WEST 46 HWY,0,0
2012,5,5,Weekday,1300,2-Car,No injury/unknown,OTHER (ENVIRONMENTAL) - EXPLAIN IN NARR,EW NS ALLEY S WASHINGTON ST,0,0
2012,5,6,Weekday,1300,2-Car,No injury/unknown,IMPROPER TURNING,CAMPUS CORNER DR & CLARIZZ,0,0
2012,6,2,Weekday,2000,1-Car,No injury/unknown,RAN OFF ROAD RIGHT,SR37S,0,0
2012,6,5,Weekday,1100,2-Car,No injury/unknown,FAILURE TO YIELD RIGHT OF WAY,PRIVATE DRIVE & SO LIBERTY DR,0,0
2012,7,1,Weekend,800,Pedestrian,No injury/unknown,FAILURE TO YIELD RIGHT OF WAY,OUTBACK RD & SR46W,0,0
2012,7,5,Weekday,1300,1-Car,No injury/unknown,RAN OFF ROAD RIGHT,MT GILEAD & SR45E,0,0
2012,7,6,Weekday,800,2-Car,No injury/unknown,OVERCORRECTING/OVERSTEERING,1200 E TENTH & 600 N FEE LN,0,0
2012,7,7,Weekend,2300,2-Car,No injury/unknown,SPEED TOO FAST FOR WEATHER CONDITIONS,E POINT & S STRAINRIDGE RD,0,0
2012,7,7,Weekend,1100,2-Car,No injury/unknown,FAILURE TO YIELD RIGHT OF WAY,ALEXANDER & JACOBS DR,0,0
2012,5,2,Weekday,1600,2-Car,No injury/unknown,FAILURE TO YIELD RIGHT OF WAY,BLOOMFIELD & LIBERTY DR,0,0
2012,4,5,Weekday,800,2-Car,No injury/unknown,FAILURE TO YIELD RIGHT OF WAY,1400 BLK W 14 ST & N ILLINOIS,0,0
2012,5,5,Weekday,1400,2-Car,No injury/unknown,UNSAFE LANE MOVEMENT,N MILO B SAMPSON & SR4546E,0,0
2012,5,6,Weekday,1300,2-Car,No injury/unknown,DRIVER DISTRACTED - EXPLAIN IN NARRATIVE,2700 E TENTH & 4546 BYPASS HWY,0,0
2012,5,2,Weekday,1500,2-Car,No injury/unknown,FOLLOWING TOO CLOSELY,BLOOMFIELD RD & LIBERTY,0,0
2012,5,3,Weekday,2300,1-Car,No injury/unknown,TIRE FAILURE OR DEFECTIVE,1185 W 2ND ST & PATTERSON,0,0
2012,5,4,Weekday,1200,2-Car,No injury/unknown,UNSAFE BACKING,EAST TEENTH ST & UNION,0,0
2012,5,6,Weekend,2100,1-Car,No injury/unknown,ANIMAL/OBJECT IN ROADWAY,HARTSTRAIT & SR46W,0,0
2012,5,7,Weekend,0,1-Car,No injury/unknown,RAN OFF ROAD RIGHT,SR37S,0,0
2012,5,5,Weekday,700,1-Car,No injury/unknown,ANIMAL/OBJECT IN ROADWAY,ANDERSON RD & TUNNEL,0,0
2012,6,2,Weekday,1000,2-Car,No injury/unknown,FOLLOWING TOO CLOSELY,SR37S & W THIRD,0,0
2012,6,1,Weekend,1800,2-Car,No injury/unknown,OTHER (DRIVER) - EXPLAIN IN NARRATIVE,PAYNETOWN PARKING LOT,0,0
2012,6,3,Weekday,100,2-Car,No injury/unknown,FAILURE TO YIELD RIGHT OF WAY,OAKDALE & SR45E,0,0
2012,6,2,Weekday,0,2-Car,No injury/unknown,FAILURE TO YIELD RIGHT OF WAY,ENT TO EASTLAND PLAZA & S COLLEGE MALL RD,0,0
2012,6,4,Weekday,1600,2-Car,No injury/unknown,UNSAFE BACKING,SHERWOOD DR & WEST THIRD,0,0
2012,6,2,Weekday,1700,1-Car,No injury/unknown,DRIVER ASLEEP OR FATIGUED,45 46 & SR37N,0,0
2012,6,7,Weekend,1500,3+ Cars,No injury/unknown,FAILURE TO YIELD RIGHT OF WAY,PRIVATE DRIVE EASTLAND PLAZA & S COLLEGE MALL RD,0,0
2012,6,2,Weekday,1000,1-Car,No injury/unknown,UNSAFE BACKING,EW ALLEY IN 500 BLOCK S FESS ALY & FESS,0,0
2012,6,1,Weekend,900,Moped/Motorcycle,No injury/unknown,UNSAFE BACKING,W TIMBERS TRL,0,0
2012,6,1,Weekend,1800,2-Car,No injury/unknown,FAILURE TO YIELD RIGHT OF WAY,E 3RD ST & PRIVATE,0,0
2012,6,1,Weekday,2200,2-Car,No injury/unknown,UNSAFE LANE MOVEMENT,BALFOUR & SR4546S,0,0
2012,7,3,Weekday,1400,2-Car,No injury/unknown,OTHER (DRIVER) - EXPLAIN IN NARRATIVE,SISCOE & SR46W,0,0
2012,7,5,Weekday,700,2-Car,No injury/unknown,IMPROPER TURNING,AUTO MALL RD & CURRY COLLISION CENTER,0,0
2012,7,2,Weekday,1500,Bus,No injury/unknown,UNSAFE LANE MOVEMENT,SR37S,0,0
2012,7,1,Weekday,2200,2-Car,No injury/unknown,UNSAFE BACKING,S STATE 45 RD,0,0
2012,6,3,Weekday,800,3+ Cars,No injury/unknown,FAILURE TO YIELD RIGHT OF WAY,300 E 2ND ST & 500 S LINCOLN,0,0
2012,7,5,Weekday,1100,1-Car,No injury/unknown,IMPROPER TURNING,11TH & 709 N FEE (PARKING GARAGE) LN,0,0
2012,7,5,Weekday,1900,2-Car,No injury/unknown,FAILURE TO YIELD RIGHT OF WAY,OLD SR37S HWY & STATE ROAD 37,0,0
2012,7,7,Weekend,1000,2-Car,No injury/unknown,OTHER (DRIVER) - EXPLAIN IN NARRATIVE,1100 E 3RD ST & 300 S HAWTHORNE,0,0
2012,7,6,Weekday,1600,2-Car,No injury/unknown,SPEED TOO FAST FOR WEATHER CONDITIONS,HARVEST & N UNION VALLEY RD,0,0
2012,7,6,Weekday,1800,1-Car,No injury/unknown,DRIVER DISTRACTED - EXPLAIN IN NARRATIVE,S CURRY PIKE,0,0
2012,7,2,Weekday,1100,2-Car,No injury/unknown,FAILURE TO YIELD RIGHT OF WAY,S EUCLID & W HOWE ST,0,0
2012,7,3,Weekday,1500,1-Car,No injury/unknown,RAN OFF ROAD RIGHT,SR37S,0,0
2012,8,4,Weekday,1300,2-Car,No injury/unknown,UNSAFE BACKING,EAST TENTH ST,0,0
2012,8,4,Weekday,700,2-Car,No injury/unknown,DISREGARD SIGNAL/REG SIGN,FRANKLIN & W 3RD ST,0,0
2012,8,4,Weekday,1200,2-Car,No injury/unknown,UNSAFE BACKING,E BUICK CADILLAC BLVD,0,0
2012,7,4,Weekday,1600,1-Car,No injury/unknown,RAN OFF ROAD RIGHT,SOUTH GARRISON CHAPEL RD,0,0
2012,7,3,Weekday,2100,2-Car,No injury/unknown,IMPROPER LANE USAGE,CURRY & W THIRD ST,0,0
2012,8,5,Weekday,400,1-Car,No injury/unknown,ANIMAL/OBJECT IN ROADWAY,8460 GARDNER RD & GARRISON CHAPPEL,0,0
2012,8,5,Weekday,1200,2-Car,No injury/unknown,UNSAFE BACKING,EAST THIRD ST,0,0
2012,8,5,Weekday,1600,2-Car,No injury/unknown,UNSAFE BACKING,NORTH FEE LN,0,0
2012,8,4,Weekday,1500,2-Car,No injury/unknown,FOLLOWING TOO CLOSELY,CUTRIGHT & SR446S,0,0
2012,8,6,Weekday,1400,2-Car,No injury/unknown,FAILURE TO YIELD RIGHT OF WAY,COLLEGEMALL & E 3RD ST,0,0
2012,8,6,Weekday,1700,2-Car,No injury/unknown,FOLLOWING TOO CLOSELY,CHAFIN CHAPEL & SR46W,0,0
2012,8,7,Weekend,1300,1-Car,No injury/unknown,OTHER (DRIVER) - EXPLAIN IN NARRATIVE,EAST SEVENTEENTH ST,0,0
2012,8,1,Weekend,1100,2-Car,No injury/unknown,OTHER (DRIVER) - EXPLAIN IN NARRATIVE,E ALPINE TRL,0,0
2012,8,1,Weekend,200,2-Car,No injury/unknown,,WEST SUDBURY DR,0,0
2012,7,5,Weekday,2100,2-Car,No injury/unknown,UNSAFE BACKING,CAMPGROUND ROAD & PAYNETOWN SRA BEACH PARKING LOOP,0,0
2012,8,4,Weekday,2200,1-Car,No injury/unknown,ANIMAL/OBJECT IN ROADWAY,INGRAM & SR37S,0,0
2012,8,1,Weekend,1100,2-Car,No injury/unknown,UNSAFE BACKING,3100 BLK COVENANTER DRS & AUTO MALL,0,0
2012,8,1,Weekend,1800,2-Car,No injury/unknown,OTHER (DRIVER) - EXPLAIN IN NARRATIVE,PRIVATE & S COLLEGE MALL RD,0,0
2012,8,4,Weekday,1000,2-Car,No injury/unknown,UNSAFE LANE MOVEMENT,1300 E 3RD ST & 300 S HIGHLAND,0,0
2012,8,4,Weekday,1900,1-Car,No injury/unknown,UNSAFE SPEED,MTGILEAD RD,0,0
2012,8,5,Weekday,1800,2-Car,No injury/unknown,SPEED TOO FAST FOR WEATHER CONDITIONS,RAMP 15 & SR 37 SOUTHBOUND RD,0,0
2012,8,4,Weekday,1600,2-Car,No injury/unknown,FAILURE TO YIELD RIGHT OF WAY,E UNIVERSITY & SR4546S,0,0
2012,6,7,Weekend,2200,2-Car,No injury/unknown,UNSAFE BACKING,13TH ST & WOODBURN,0,0
2012,8,4,Weekday,1200,2-Car,No injury/unknown,FAILURE TO YIELD RIGHT OF WAY,SR45W & W WALMART ENTRANCE,0,0
2012,8,6,Weekday,1100,2-Car,No injury/unknown,OTHER (DRIVER) - EXPLAIN IN NARRATIVE,HAGEN RD,0,0
2012,8,6,Weekday,1700,2-Car,No injury/unknown,FAILURE TO YIELD RIGHT OF WAY,IU GOLF COURSE & RANGE RD,0,0
2012,8,1,Weekend,1200,2-Car,No injury/unknown,FOLLOWING TOO CLOSELY,37 & W 2ND ST,0,0
2012,8,2,Weekday,800,2-Car,No injury/unknown,SPEED TOO FAST FOR WEATHER CONDITIONS,2800 E SR45 RD & STONEBELT,0,0
2012,8,2,Weekday,1700,2-Car,No injury/unknown,UNSAFE LANE MOVEMENT,300BLK W TEMPERANCE ST & SR46W,0,0
2012,8,3,Weekday,1100,2-Car,No injury/unknown,FAILURE TO YIELD RIGHT OF WAY,NORTH SOUTH ALY & W 1ST,0,0
2012,8,5,Weekday,700,2-Car,No injury/unknown,FAILURE TO YIELD RIGHT OF WAY,E3RD ST & SO REISNER,0,0
2012,8,4,Weekday,2100,2-Car,No injury/unknown,FAILURE TO YIELD RIGHT OF WAY,KINSER & SR4546W,0,0
2012,9,7,Weekend,1100,2-Car,No injury/unknown,FOLLOWING TOO CLOSELY,LONGVIEW & SR46E,0,0
2012,9,7,Weekend,1300,2-Car,No injury/unknown,UNSAFE LANE MOVEMENT,MILO B SAMPSON & SR4546E,0,0
2012,9,7,Weekend,2200,Bus,No injury/unknown,IMPROPER TURNING,PARKING LOT 17TH ST,0,0
2012,9,6,Weekday,1500,2-Car,No injury/unknown,IMPROPER TURNING,BLOOMFIELD & LIBERTY DR,0,0
2012,9,7,Weekend,300,1-Car,No injury/unknown,OVERCORRECTING/OVERSTEERING,COLLEGE AVE & VAUGHN CLIPP,0,0
2012,9,6,Weekday,1500,2-Car,No injury/unknown,OTHER (DRIVER) - EXPLAIN IN NARRATIVE,RIDGESPRINGS & SR46W,0,0
2012,9,1,Weekend,1500,2-Car,No injury/unknown,FAILURE TO YIELD RIGHT OF WAY,COMPTON BLVD & DONNIGAN,0,0
2012,9,7,Weekend,100,2-Car,No injury/unknown,OTHER (DRIVER) - EXPLAIN IN NARRATIVE,POINTE RESORT DR & POINTE RETREAT,0,0
2012,8,6,Weekday,400,2-Car,No injury/unknown,FAILURE TO YIELD RIGHT OF WAY,BLOOMFIELD RD & RAMP 17,0,0
2012,9,2,Weekday,1200,2-Car,No injury/unknown,FAILURE TO YIELD RIGHT OF WAY,KINSER & SR46E,0,0
2012,9,2,Weekday,1600,2-Car,No injury/unknown,FOLLOWING TOO CLOSELY,DUNN & SR4546E,0,0
2012,9,2,Weekday,600,2-Car,No injury/unknown,DRIVER DISTRACTED - EXPLAIN IN NARRATIVE,S CHEEKWOOD LN & S YADDOS,0,0
2012,9,4,Weekday,1000,2-Car,No injury/unknown,FAILURE TO YIELD RIGHT OF WAY,IN BUSINESS 37 N RD & WHISNAND,0,0
2012,10,2,Weekday,1200,2-Car,No injury/unknown,DRIVER DISTRACTED - EXPLAIN IN NARRATIVE,SR37N & WALNUT,0,0
2012,10,7,Weekend,2200,2-Car,No injury/unknown,FOLLOWING TOO CLOSELY,DUNN & SR4546W,0,0
2012,9,2,Weekday,800,2-Car,No injury/unknown,FAILURE TO YIELD RIGHT OF WAY,TAPP RD & TECH PARK,0,0
2012,8,1,Weekend,1400,2-Car,No injury/unknown,IMPROPER TURNING,N CURRY & SR46W,0,0
2012,9,3,Weekday,1400,Bus,No injury/unknown,UNSAFE LANE MOVEMENT,E COVENANTER DR & E STRATUM,0,0
2012,9,3,Weekday,1500,2-Car,No injury/unknown,FAILURE TO YIELD RIGHT OF WAY,EASTLAND PLAZA & SOUTH COLLEGE MALL RD,0,0
2012,9,4,Weekday,1600,1-Car,No injury/unknown,ANIMAL/OBJECT IN ROADWAY,BAYLES ROAD & SR37N,0,0
2012,8,1,Weekend,1400,2-Car,No injury/unknown,UNSAFE LANE MOVEMENT,N CURRY & SR46W,0,0
2012,9,7,Weekend,1200,2-Car,No injury/unknown,IMPROPER LANE USAGE,1300 E 3RD & 300 S HIGHLAND AVE,0,0
2012,9,3,Weekday,700,2-Car,No injury/unknown,FOLLOWING TOO CLOSELY,3RD ST,0,0
2012,9,3,Weekday,1700,2-Car,No injury/unknown,FOLLOWING TOO CLOSELY,17TH & SR4546S,0,0
2012,9,3,Weekday,1600,2-Car,No injury/unknown,FOLLOWING TOO CLOSELY,BELL & CURRY PIKE,0,0