Year,Month,Day,Weekend?,Hour,Collision Type,Injury Type,Primary Factor,Reported_Location,Latitude,Longitude
2012,9,4,Weekday,800,2-Car,No injury/unknown,UNSAFE BACKING,17TH & IU FOOTBALL N CONCOURSE DR,0,0
2012,9,6,Weekday,600,2-Car,No injury/unknown,FOLLOWING TOO CLOSELY,FULLERTON & SR37S,0,0
2012,9,6,Weekday,1800,3+ Cars,No injury/unknown,OTHER (DRIVER) - EXPLAIN IN NARRATIVE,CHAFFIN CHAPEL & SR46W,0,0
2012,9,1,Weekend,100,1-Car,No injury/unknown,ANIMAL/OBJECT IN ROADWAY,MOORES CREEK & SR446S,0,0
2012,9,1,Weekend,1200,2-Car,No injury/unknown,FOLLOWING TOO CLOSELY,CURRY & SR46W,0,0
2012,9,1,Weekend,1700,2-Car,No injury/unknown,LEFT OF CENTER,SHUFFLE & SR45E,0,0
2012,10,4,Weekday,1300,1-Car,No injury/unknown,UNSAFE SPEED,SR37N,0,0
2012,10,4,Weekday,1700,2-Car,No injury/unknown,FOLLOWING TOO CLOSELY,BLOOMFIELD & SR37N,0,0
2012,10,4,Weekday,2300,2-Car,No injury/unknown,UNSAFE BACKING,W 3RD ST,0,0
2012,10,5,Weekday,1200,2-Car,No injury/unknown,OTHER (DRIVER) - EXPLAIN IN NARRATIVE,BELL AVE & HICKORY,0,0
2012,10,4,Weekday,1900,1-Car,No injury/unknown,IMPROPER LANE USAGE,S MONROE MEDICAL PARK BLVD,0,0
2012,10,6,Weekday,1500,2-Car,No injury/unknown,SPEED TOO FAST FOR WEATHER CONDITIONS,CURRY PIKE & WELMRE,0,0
2012,10,7,Weekend,1100,2-Car,No injury/unknown,IMPROPER TURNING,DUNN ST & PURPLE LOT,0,0
2012,10,2,Weekday,800,2-Car,No injury/unknown,FAILURE TO YIELD RIGHT OF WAY,E MELROSE AVE,0,0
2012,10,2,Weekday,1100,2-Car,No injury/unknown,UNSAFE BACKING,E THIRD ST,0,0
2012,10,3,Weekday,1900,2-Car,No injury/unknown,DISREGARD SIGNAL/REG SIGN,N CURRY & SR46W,0,0
2012,10,4,Weekday,1700,2-Car,No injury/unknown,FAILURE TO YIELD RIGHT OF WAY,FULLERTON & SR37S,0,0
2012,10,4,Weekday,1200,2-Car,No injury/unknown,OTHER (DRIVER) - EXPLAIN IN NARRATIVE,45 WEST & SR37S,0,0
2012,10,5,Weekday,1500,2-Car,No injury/unknown,FAILURE TO YIELD RIGHT OF WAY,ENTRANCE TO TARGET AND KMART & S KINGSTON DR,0,0
2012,10,5,Weekday,1800,2-Car,No injury/unknown,FAILURE TO YIELD RIGHT OF WAY,LAKE VIEW & SR46W,0,0
2012,10,1,Weekend,1400,2-Car,No injury/unknown,IMPROPER TURNING,CAMPUS VIEW LOT & UNION ST,0,0
2012,10,1,Weekend,1300,2-Car,No injury/unknown,FAILURE TO YIELD RIGHT OF WAY,S MAXWELL TER,0,0
2012,10,1,Weekend,1800,2-Car,No injury/unknown,FOLLOWING TOO CLOSELY,SR37S & VERNAL,0,0
2012,10,4,Weekday,1700,2-Car,No injury/unknown,FOLLOWING TOO CLOSELY,EASTGATE & SR4546S,0,0
2012,10,4,Weekday,1600,1-Car,No injury/unknown,RAN OFF ROAD RIGHT,BOLTINGHOUSE RD & LENTZ,0,0
2012,10,1,Weekend,1800,2-Car,No injury/unknown,LEFT OF CENTER,CHESTER DR & DEER,0,0
2012,10,4,Weekday,2100,1-Car,No injury/unknown,ANIMAL/OBJECT IN ROADWAY,MONROE DAM & SR37S,0,0
2012,10,5,Weekday,1600,2-Car,No injury/unknown,FOLLOWING TOO CLOSELY,SR37S & TAPP,0,0
2012,10,6,Weekday,700,2-Car,No injury/unknown,FOLLOWING TOO CLOSELY,CLARIZZ BLVD & ENTRANCE TO KMART,0,0
2012,10,6,Weekday,1700,2-Car,No injury/unknown,FOLLOWING TOO CLOSELY,7TH & STADIUM DR,0,0
2012,10,6,Weekend,2100,2-Car,No injury/unknown,OTHER (DRIVER) - EXPLAIN IN NARRATIVE,10TH ST & 46,0,0
2012,12,3,Weekday,1300,Bus,No injury/unknown,IMPROPER LANE USAGE,EAST FALLS CREEK & SR446E,0,0
2012,12,6,Weekend,2000,1-Car,No injury/unknown,RAN OFF ROAD RIGHT,900 BLK S COLLEGE MALL RD & ENTRANCE TO THE SHOPPES,0,0
2012,11,5,Weekday,900,2-Car,No injury/unknown,BRAKE FAILURE OR DEFECTIVE,SR37S,0,0
2012,10,2,Weekday,1700,2-Car,No injury/unknown,FAILURE TO YIELD RIGHT OF WAY,2ND & ALLEY EAST OF S WALNUT ALY,0,0
2012,11,6,Weekday,1500,2-Car,No injury/unknown,OTHER (DRIVER) - EXPLAIN IN NARRATIVE,S MONROE MEDICAL PARK BLVD,0,0
2012,11,7,Weekend,2200,1-Car,No injury/unknown,ANIMAL/OBJECT IN ROADWAY,SR37S & TURKEY TRACK,0,0
2012,11,1,Weekend,800,2-Car,No injury/unknown,FAILURE TO YIELD RIGHT OF WAY,CAPITOL AVE & SR46W,0,0
2012,11,1,Weekend,100,3+ Cars,No injury/unknown,UNSAFE BACKING,STRATUM WAY,0,0
2012,11,2,Weekday,1500,2-Car,No injury/unknown,FAILURE TO YIELD RIGHT OF WAY,BETHEL LN & MARLIN ELEMENTARY,0,0
2012,11,4,Weekday,1900,2-Car,No injury/unknown,FAILURE TO YIELD RIGHT OF WAY,10TH & SR4546,0,0
2012,11,4,Weekday,1500,3+ Cars,No injury/unknown,FOLLOWING TOO CLOSELY,37 & 45 RD,0,0
2012,11,4,Weekday,2100,1-Car,No injury/unknown,ANIMAL/OBJECT IN ROADWAY,KINSER & SR37S,0,0
2012,11,7,Weekend,2200,2-Car,No injury/unknown,ANIMAL/OBJECT IN ROADWAY,FULERTON & SR37S,0,0
2012,11,5,Weekday,1900,3+ Cars,No injury/unknown,FOLLOWING TOO CLOSELY,BLOOMFIELD RD & RAMP 14,0,0
2012,11,6,Weekday,1000,2-Car,No injury/unknown,FAILURE TO YIELD RIGHT OF WAY,CAPITAL & SR46W,0,0
2012,11,1,Weekend,1300,1-Car,No injury/unknown,SEVERE CROSSWINDS,IU GOLF COURSE & SR45W,0,0
2012,11,6,Weekday,1800,1-Car,No injury/unknown,ANIMAL/OBJECT IN ROADWAY,ACUFF & SR37N,0,0
2012,11,2,Weekday,1900,1-Car,No injury/unknown,ANIMAL/OBJECT IN ROADWAY,ACUFF & SR37N,0,0
2012,11,5,Weekday,1100,2-Car,No injury/unknown,OTHER (DRIVER) - EXPLAIN IN NARRATIVE,EAST THIRD & HIGH ST,0,0
2012,11,5,Weekday,2100,2-Car,No injury/unknown,OTHER (DRIVER) - EXPLAIN IN NARRATIVE,EAST GOODNIGHT WAY,0,0
2012,11,7,Weekend,100,1-Car,No injury/unknown,CELL PHONE USAGE,MT TABOR & OLD DUTCH CHURCH RDS,0,0
2012,11,7,Weekend,0,1-Car,No injury/unknown,ANIMAL/OBJECT IN ROADWAY,SR37S & STRAIN RIDGE ROAD,0,0
2012,11,6,Weekday,400,1-Car,No injury/unknown,ANIMAL/OBJECT IN ROADWAY,ANGELINA & VERNAL PIKE,0,0
2012,11,7,Weekend,2200,2-Car,No injury/unknown,UNSAFE BACKING,11TH ST & SUMMIT,0,0
2012,11,1,Weekday,2200,1-Car,No injury/unknown,ANIMAL/OBJECT IN ROADWAY,DEPOT & SR46W,0,0
2012,11,1,Weekend,1800,1-Car,No injury/unknown,ANIMAL/OBJECT IN ROADWAY,HUNTERS CREEK RD & SR446N,0,0
2012,11,1,Weekday,1900,1-Car,No injury/unknown,ANIMAL/OBJECT IN ROADWAY,COOSLEY & SR37N,0,0
2012,11,7,Weekend,1200,2-Car,No injury/unknown,FAILURE TO YIELD RIGHT OF WAY,PARK & SR46W,0,0
2012,11,3,Weekday,700,1-Car,No injury/unknown,ANIMAL/OBJECT IN ROADWAY,HEDRICK ROAD & SR46W,0,0
2012,11,3,Weekday,600,2-Car,No injury/unknown,FAILURE TO YIELD RIGHT OF WAY,CAPITAL & SR46W,0,0
2012,11,2,Weekday,2100,1-Car,No injury/unknown,ANIMAL/OBJECT IN ROADWAY,INGRAM & SR37S,0,0
2012,11,4,Weekday,1500,2-Car,No injury/unknown,FOLLOWING TOO CLOSELY,RAMP 16 SR 37 NB & WEST BLOOMFIELD RD,0,0
2012,11,4,Weekday,1800,3+ Cars,No injury/unknown,FOLLOWING TOO CLOSELY,CHANDLER & SR46W,0,0
2012,12,2,Weekday,0,2-Car,No injury/unknown,SPEED TOO FAST FOR WEATHER CONDITIONS,COVENANTER DR & STRATUM,0,0
2012,12,3,Weekday,700,2-Car,No injury/unknown,FOLLOWING TOO CLOSELY,S WALNUT ST & SOUTH,0,0
2012,12,3,Weekday,700,2-Car,No injury/unknown,IMPROPER LANE USAGE,MONROE DAM RD & SR37S,0,0
2012,12,7,Weekend,1600,Cyclist,No injury/unknown,FAILURE TO YIELD RIGHT OF WAY,ANNE DR & STRAINRIDGE,0,0
2012,12,2,Weekday,1400,2-Car,No injury/unknown,OTHER (DRIVER) - EXPLAIN IN NARRATIVE,UNKNOWN ST,0,0
2012,12,6,Weekday,0,2-Car,No injury/unknown,ROADWAY SURFACE CONDITION,MELROSE AVE,0,0
2012,12,6,Weekday,800,2-Car,No injury/unknown,FAILURE TO YIELD RIGHT OF WAY,BELL & CURRY PIKE,0,0
2012,12,5,Weekday,2100,1-Car,No injury/unknown,RAN OFF ROAD RIGHT,LOSTMANS & UNIONVALLEY RD,0,0
2012,12,7,Weekend,1900,1-Car,No injury/unknown,RAN OFF ROAD RIGHT,SR37S & THAT,0,0
2012,12,5,Weekday,2100,1-Car,No injury/unknown,ROADWAY SURFACE CONDITION,2200 RUSSELL RD & COMADOR,0,0
2012,12,6,Weekday,500,1-Car,No injury/unknown,SPEED TOO FAST FOR WEATHER CONDITIONS,SMITHVILLE RD & SR37N,0,0
2012,12,7,Weekend,1800,1-Car,No injury/unknown,ANIMAL/OBJECT IN ROADWAY,E BOLTINGHOUSE RD & OD MEYERS,0,0
2012,12,5,Weekday,1600,2-Car,No injury/unknown,OTHER (VEHICLE) - EXPLAIN IN NARRATIVE,3700 JONATHAN DR & CURRY,0,0
2012,12,4,Weekday,2300,2-Car,No injury/unknown,UNSAFE BACKING,W CHAFIN CHAPEL RD,0,0
2012,12,5,Weekday,1400,1-Car,No injury/unknown,RAN OFF ROAD RIGHT,BAYLES & BUISNESS 37 N RD,0,0
2012,12,7,Weekend,1200,2-Car,No injury/unknown,DISREGARD SIGNAL/REG SIGN,EAST TENTH & SR4546N,0,0
2012,12,6,Weekday,1300,2-Car,No injury/unknown,FOLLOWING TOO CLOSELY,SOUTHBOUND 37 OFF RAMP 48 & SR37S,0,0
2012,12,6,Weekday,1300,2-Car,No injury/unknown,DISREGARD SIGNAL/REG SIGN,ESTATE DRIVE DR & ROGERS,0,0
2012,12,6,Weekday,700,2-Car,No injury/unknown,UNSAFE LANE MOVEMENT,S CURRY PIKE,0,0
2012,12,6,Weekday,1000,1-Car,No injury/unknown,RAN OFF ROAD RIGHT,N DANIELS WAY,0,0
2012,12,7,Weekend,1500,2-Car,No injury/unknown,ROADWAY SURFACE CONDITION,SR37N,0,0
2012,12,1,Weekend,1500,1-Car,No injury/unknown,ROADWAY SURFACE CONDITION,DERRETT & NORTH SHORE DR,0,0
2012,12,4,Weekday,500,1-Car,No injury/unknown,SPEED TOO FAST FOR WEATHER CONDITIONS,DANIELS WAY & STATE ROAD 48,0,0
2012,12,2,Weekday,1500,2-Car,No injury/unknown,UNSAFE BACKING,S TIMOTHY CT & W ROSS,0,0
2012,12,2,Weekday,1800,1-Car,No injury/unknown,SPEED TOO FAST FOR WEATHER CONDITIONS,GARRISON CHAPLE ROAD RD & GIFFORD ROAD,0,0
2012,12,2,Weekday,2300,1-Car,No injury/unknown,RAN OFF ROAD RIGHT,S OAKDALE DR & W BLOOMFIELD,0,0
2012,7,3,Weekday,1900,1-Car,No injury/unknown,ANIMAL/OBJECT IN ROADWAY,PINEGROVE & SR446S,0,0
2012,7,2,Weekday,1600,2-Car,No injury/unknown,UNSAFE BACKING,PARKING LOT OF EAGLE POINT PT & POIMT,0,0
2012,7,7,Weekend,1000,1-Car,No injury/unknown,RAN OFF ROAD RIGHT,ROCKEAST RD,0,0
2012,7,1,Weekday,2100,1-Car,No injury/unknown,OTHER (DRIVER) - EXPLAIN IN NARRATIVE,COWDEN RD,0,0
2012,7,6,Weekday,1800,2-Car,No injury/unknown,UNSAFE BACKING,AIRPORT RD,0,0
2012,7,6,Weekday,1200,2-Car,No injury/unknown,WRONG WAY ON ONE WAY,FOX HOLLOW & SR37N,0,0
2012,7,2,Weekday,800,1-Car,No injury/unknown,RAN OFF ROAD RIGHT,MT GILEAD & SR45N,0,0
2012,7,2,Weekday,1200,2-Car,No injury/unknown,DISREGARD SIGNAL/REG SIGN,COLLEGE MALL RD & EASTLAND PLAZA,0,0
2012,7,7,Weekend,2300,2-Car,No injury/unknown,OTHER (DRIVER) - EXPLAIN IN NARRATIVE,7TH & WALNUT ST,0,0
2012,7,1,Weekday,2300,2-Car,Non-incapacitating,LEFT OF CENTER,OLD DUTCH & RED HILL RD,0,0
2012,7,3,Weekday,1500,2-Car,No injury/unknown,FAILURE TO YIELD RIGHT OF WAY,BLOOMFIELD & LIBERTY DR,0,0
2012,7,3,Weekday,1700,Moped/Motorcycle,Non-incapacitating,UNSAFE SPEED,DEPOT & SR46W,0,0
2012,8,4,Weekday,1100,3+ Cars,Non-incapacitating,DISREGARD SIGNAL/REG SIGN,3RD ST & INDIANA,0,0
2012,8,4,Weekday,1200,1-Car,No injury/unknown,RAN OFF ROAD RIGHT,HEDRICK & STINESVILLE RD,0,0
2012,7,3,Weekday,1100,2-Car,No injury/unknown,UNSAFE BACKING,TILSON PLACE & YONKERS RD,0,0
2012,8,6,Weekday,1000,2-Car,No injury/unknown,FOLLOWING TOO CLOSELY,3RD ST & CURRY,0,0
2012,8,6,Weekend,1900,Cyclist,Non-incapacitating,DISREGARD SIGNAL/REG SIGN,7TH ST & FAIRVIEW,0,0
2012,8,6,Weekday,1700,2-Car,No injury/unknown,DISREGARD SIGNAL/REG SIGN,45 46 & KINSER PIKE,0,0
2012,8,6,Weekday,1800,2-Car,No injury/unknown,FOLLOWING TOO CLOSELY,COLLEGE AVE & KIRKWOOD,0,0
2012,8,6,Weekend,2200,2-Car,No injury/unknown,OTHER (VEHICLE) - EXPLAIN IN NARRATIVE,3RD ST,0,0
2012,8,7,Weekend,0,2-Car,No injury/unknown,IMPROPER TURNING,ROGERS RD & SPICEWOOD,0,0
2012,8,7,Weekend,1300,2-Car,Non-incapacitating,DISREGARD SIGNAL/REG SIGN,CORY LN & THIRD,0,0
2012,8,7,Weekend,1600,2-Car,Non-incapacitating,FAILURE TO YIELD RIGHT OF WAY,3RD & LIBERTY DR,0,0
2012,8,1,Weekend,1300,2-Car,No injury/unknown,FOLLOWING TOO CLOSELY,E MOORES PIKE & S SARE,0,0
2012,12,4,Weekday,2100,2-Car,No injury/unknown,LANE MARKING OBSCURED,HARTSTRAIT & RATLIFF RD,0,0
2012,12,4,Weekday,600,1-Car,No injury/unknown,SPEED TOO FAST FOR WEATHER CONDITIONS,SR37N & VICTOR,0,0
2012,12,5,Weekday,1300,1-Car,No injury/unknown,RAN OFF ROAD RIGHT,PEDIGO BAY & VALLEY MISSION RD,0,0
2012,12,5,Weekday,1800,2-Car,No injury/unknown,OTHER (ENVIRONMENTAL) - EXPLAIN IN NARR,FALCON & GORDON PIKE,0,0
2012,12,7,Weekend,1200,1-Car,Non-incapacitating,RAN OFF ROAD RIGHT,NEHRT & ROBINSON RD,0,0
2012,12,2,Weekday,500,2-Car,No injury/unknown,DISREGARD SIGNAL/REG SIGN,WALNUT ST & WINSLOW,0,0
2012,12,2,Weekday,900,1-Car,Non-incapacitating,SPEED TOO FAST FOR WEATHER CONDITIONS,HEDRICK & SR46W,0,0
2012,12,5,Weekday,1300,2-Car,No injury/unknown,FOLLOWING TOO CLOSELY,ADAMS & BLOOMFIELD RD,0,0
2012,12,2,Weekday,1700,2-Car,No injury/unknown,FOLLOWING TOO CLOSELY,COUNTRY CLUB DR & ROGERS,0,0
2012,12,1,Weekend,200,1-Car,No injury/unknown,ANIMAL/OBJECT IN ROADWAY,SR37S & ZIKES,0,0
2012,12,2,Weekday,1300,1-Car,No injury/unknown,OVERCORRECTING/OVERSTEERING,RED OAKLN & SR446S,0,0
2012,12,2,Weekday,200,1-Car,No injury/unknown,OTHER (ENVIRONMENTAL) - EXPLAIN IN NARR,LOUDEN RD & RATLIFF,0,0
2012,12,2,Weekday,700,2-Car,No injury/unknown,UNSAFE LANE MOVEMENT,BOTTOM & SR37N,0,0
2012,12,5,Weekday,1800,2-Car,Non-incapacitating,SPEED TOO FAST FOR WEATHER CONDITIONS,GIFFORD & WOODSIDE DR,0,0
2011,9,7,Weekend,1700,2-Car,No injury/unknown,FAILURE TO YIELD RIGHT OF WAY,COLLEGE MALL RD & EASTLAND LAND PLAZA,40.51038334,-88.95539078
2011,11,3,Weekday,1100,2-Car,No injury/unknown,IMPROPER LANE USAGE,COLLEGE MALL RD & EAST DRIVE EASTLAND PLAZA,40.51038334,-88.95539078
2011,10,5,Weekday,1500,2-Car,No injury/unknown,LEFT OF CENTER,W RILEY DR,40.491821,-88.959213
2011,8,4,Weekday,1700,2-Car,Incapacitating,DISREGARD SIGNAL/REG SIGN,SOUTH WALNUT & SR37,40.3683484,-86.8247366
2011,9,4,Weekday,1100,2-Car,Incapacitating,FOLLOWING TOO CLOSELY,CEDAR BLUFF RD & OLD STATE ROAD 37 RD,39.99085376,-86.54117
2011,12,3,Weekday,1300,1-Car,No injury/unknown,OTHER (ENVIRONMENTAL) - EXPLAIN IN NARR,STINE ST,39.52667999,-87.093544
2011,2,1,Weekday,2300,1-Car,No injury/unknown,ANIMAL/OBJECT IN ROADWAY,AIRPORT & ENDWRIGHT RD,39.50660092,-86.59632117
2011,12,6,Weekday,1600,2-Car,Non-incapacitating,DRIVER DISTRACTED - EXPLAIN IN NARRATIVE,SR37S & TAPP,39.45379834,-86.5731997
2011,11,7,Weekend,300,1-Car,Non-incapacitating,UNSAFE SPEED,NORTH MAPLE GROVE RD & STANTON,39.4259468,-86.56154014
2011,2,5,Weekday,700,1-Car,No injury/unknown,ANIMAL/OBJECT IN ROADWAY,SR37N & WYLIE,39.41041946,-86.52922139
2011,1,3,Weekday,2000,2-Car,No injury/unknown,ROADWAY SURFACE CONDITION,CROSSOVER ROAD & SR37S,39.40391508,-86.51840237
2011,2,7,Weekend,1000,1-Car,No injury/unknown,SPEED TOO FAST FOR WEATHER CONDITIONS,MT GILEAD & SR45E,39.38963331,-86.42414576
2011,1,6,Weekend,2000,1-Car,Non-incapacitating,SPEED TOO FAST FOR WEATHER CONDITIONS,BURMA & SR37,39.36715793,-86.51169512
2011,11,4,Weekday,1200,2-Car,No injury/unknown,SEVERE CROSSWINDS,BRYANTS CREEK & SR37N,39.34986026,-86.51242017
2011,7,7,Weekend,100,1-Car,Non-incapacitating,OTHER (DRIVER) - EXPLAIN IN NARRATIVE,MOON RD,39.34072834,-86.65174484
2011,1,3,Weekday,1000,1-Car,No injury/unknown,SPEED TOO FAST FOR WEATHER CONDITIONS,COOKSEY & SR37S,39.3388297,-86.50937286
2011,7,4,Weekday,1900,1-Car,No injury/unknown,RAN OFF ROAD RIGHT,S BRIGHTON & W WAMPLER RD,39.33448,-86.614368
2011,11,5,Weekday,1600,1-Car,No injury/unknown,RAN OFF ROAD RIGHT,BRYANTS & SR37,39.33393002,-86.51242017
2011,1,5,Weekday,1200,Pedestrian,Incapacitating,SPEED TOO FAST FOR WEATHER CONDITIONS,BRYANTS CREEK & SR37N,39.33333355,-86.51329012
2011,2,6,Weekday,800,1-Car,Non-incapacitating,SPEED TOO FAST FOR WEATHER CONDITIONS,COUNTY LINE RD & WILLIAMS,39.32548404,-86.6864419
2011,5,7,Weekend,1000,3+ Cars,No injury/unknown,UNSAFE BACKING,BRYANTS CREEK & OLD SR 37 HWY,39.3212,-86.48072
2011,9,5,Weekday,1300,2-Car,Non-incapacitating,LEFT OF CENTER,HWY 37 SOUTH & S OLD ST RD 37 RD,39.32106,-86.48081
2011,6,5,Weekday,1700,2-Car,No injury/unknown,UNSAFE LANE MOVEMENT,BURMA & SR37N,39.31968099,-86.51067443
2011,4,6,Weekday,500,1-Car,No injury/unknown,ANIMAL/OBJECT IN ROADWAY,BURMA & SR37N,39.31831096,-86.51055935
2011,1,6,Weekday,1400,2-Car,No injury/unknown,OTHER (ENVIRONMENTAL) - EXPLAIN IN NARR,CHAMBERS & SR37N,39.31734664,-86.51169016
2011,1,6,Weekday,1400,2-Car,No injury/unknown,OTHER (ENVIRONMENTAL) - EXPLAIN IN NARR,CHAMBERS & SR37N,39.31734664,-86.51169016
2011,11,6,Weekday,500,1-Car,No injury/unknown,ANIMAL/OBJECT IN ROADWAY,BURMA & SR37N,39.31561299,-86.51117113
2011,8,4,Weekday,1000,1-Car,Non-incapacitating,RAN OFF ROAD RIGHT,BURMA & SR37N,39.3145402,-86.51147583
2011,1,6,Weekday,1300,1-Car,No injury/unknown,SPEED TOO FAST FOR WEATHER CONDITIONS,BURMA & SR37N,39.314272,-86.511552
2011,9,1,Weekend,0,2-Car,No injury/unknown,RAN OFF ROAD RIGHT,SR37 & WEST BURMA RD,39.314272,-86.511552
2011,5,2,Weekday,2100,1-Car,No injury/unknown,ANIMAL/OBJECT IN ROADWAY,SR37N & W BURMA,39.31400279,-86.511622
2011,1,6,Weekday,1300,1-Car,Incapacitating,RAN OFF ROAD RIGHT,BOTTOM ROAD & MOUNT TABOR ROAD RD,39.310944,-86.633184
2011,11,4,Weekday,1700,1-Car,Non-incapacitating,ANIMAL/OBJECT IN ROADWAY,TEXAS RIDGE & WOLF MOUNTAIN RD,39.31089221,-86.65668011
2011,4,1,Weekend,1600,2-Car,No injury/unknown,OTHER (DRIVER) - EXPLAIN IN NARRATIVE,FARR RD & FISH,39.30673,-86.47693972
2011,5,4,Weekday,2100,1-Car,No injury/unknown,ANIMAL/OBJECT IN ROADWAY,N MT TABOR RD & N TABOR HILL,39.30584,-86.631008
2011,6,7,Weekend,300,1-Car,Non-incapacitating,SPEED TOO FAST FOR WEATHER CONDITIONS,E CHAMBERS & N OLD STATE ROAD 37 HWY,39.305712,-86.486608
2011,8,7,Weekend,1800,1-Car,No injury/unknown,RAN OFF ROAD RIGHT,E CHAMBERS PIKE & SR37N,39.30403671,-86.51659464
2011,10,1,Weekend,600,1-Car,No injury/unknown,ANIMAL/OBJECT IN ROADWAY,CHAMBERS & SR37N,39.30403671,-86.51668116
2011,7,6,Weekday,1800,1-Car,No injury/unknown,OVERCORRECTING/OVERSTEERING,CROSSOVER & SR37N,39.3031162,-86.51840237
2011,2,7,Weekend,600,1-Car,Non-incapacitating,OTHER (DRIVER) - EXPLAIN IN NARRATIVE,329 DITTEMORE RD & CROSSOVER,39.30239747,-86.51856628
2011,1,5,Weekday,0,1-Car,Non-incapacitating,SPEED TOO FAST FOR WEATHER CONDITIONS,BRYANTS CREEK & SR37N,39.30207196,-86.51238497
2011,2,5,Weekday,1500,2-Car,No injury/unknown,UNSAFE LANE MOVEMENT,FOXHOLLOW & SR37N,39.30043495,-86.51891463
2011,5,5,Weekday,1600,2-Car,Non-incapacitating,FAILURE TO YIELD RIGHT OF WAY,STINESVILLE RD,39.296976,-86.658576
2011,10,2,Weekday,2000,1-Car,Non-incapacitating,RAN OFF ROAD RIGHT,MOUNT CARMEL & STINESVILLE RD,39.29577725,-86.65953753
2011,1,6,Weekday,1300,1-Car,No injury/unknown,ROADWAY SURFACE CONDITION,CROSSOVER & SR37N,39.292718,-86.51840237
2011,10,7,Weekend,1600,2-Car,Non-incapacitating,UNSAFE SPEED,GOURLEY & OLD SR N 37 RD,39.29097999,-86.53521
2011,12,5,Weekday,2000,2-Car,No injury/unknown,LEFT OF CENTER,BOTTOM & WOODALL RD,39.28924335,-86.57655438
2011,9,5,Weekday,1100,1-Car,No injury/unknown,ANIMAL/OBJECT IN ROADWAY,FOX HOLLOW & SR37N,39.28858226,-86.51866137
2011,1,5,Weekday,1900,1-Car,No injury/unknown,RAN OFF ROAD RIGHT,BOTTOM & WOODALL RD,39.28813201,-86.57759672
2011,12,6,Weekday,1500,1-Car,No injury/unknown,RAN OFF ROAD RIGHT,FOX HOLLOW & SR37N,39.287808,-86.519024
2011,2,7,Weekend,1200,1-Car,No injury/unknown,ROADWAY SURFACE CONDITION,FOX HOLLOW & SR37N,39.28634016,-86.51998784
2011,1,5,Weekday,1500,1-Car,No injury/unknown,RAN OFF ROAD RIGHT,BOTTOM & SR37S,39.28585103,-86.54219875
2011,5,3,Weekday,1600,2-Car,No injury/unknown,FOLLOWING TOO CLOSELY,N PURCELL & SR37N,39.28565093,-86.52758897
2011,2,7,Weekend,900,1-Car,Fatal,UNSAFE SPEED,DUXBURY & SR37N,39.28183228,-86.52258039
2011,1,5,Weekday,800,1-Car,No injury/unknown,ROADWAY SURFACE CONDITION,NEWT FULFORD RD & OLD SR 37 NORTH,39.28139481,-86.49578712
2011,7,6,Weekday,1300,1-Car,Non-incapacitating,RAN OFF ROAD RIGHT,SR37N & WINERY,39.28040426,-86.52269173
2011,2,6,Weekday,900,2-Car,No injury/unknown,SPEED TOO FAST FOR WEATHER CONDITIONS,HENDRICKS & STINESVILLE RD,39.28037081,-86.66297393
2011,11,2,Weekday,1700,1-Car,No injury/unknown,ANIMAL/OBJECT IN ROADWAY,SIMPSON CHAPEL & SR37N,39.27913436,-86.52306942
2011,8,4,Weekday,500,Moped/Motorcycle,Incapacitating,ANIMAL/OBJECT IN ROADWAY,HEDRICK & STINESVILLE RD,39.27899761,-86.66295586
2011,12,7,Weekend,2000,1-Car,Non-incapacitating,RAN OFF ROAD RIGHT,HEDRICK & SR46W,39.27735598,-86.67709708
2011,10,1,Weekend,0,1-Car,No injury/unknown,ANIMAL/OBJECT IN ROADWAY,CROSSOVER & SR37N,39.27659018,-86.51840237
2011,5,3,Weekday,800,3+ Cars,Non-incapacitating,UNSAFE SPEED,HEDRICK & SR46E,39.27575308,-86.67573452
2011,9,6,Weekend,2300,2-Car,No injury/unknown,OTHER (DRIVER) - EXPLAIN IN NARRATIVE,7TH & N SUNRISE DR,39.27428503,-86.51242
2011,8,2,Weekday,600,2-Car,No injury/unknown,OTHER (DRIVER) - EXPLAIN IN NARRATIVE,17TH & 701 EAST 17TH (NORTH DRIVE) ST,39.27413636,-86.53351758
2011,4,5,Weekday,1500,1-Car,No injury/unknown,UNSAFE BACKING,SAIDAH RD,39.27404877,-86.5263049
2011,11,4,Weekday,400,1-Car,No injury/unknown,RAN OFF ROAD RIGHT,BARR & MT TABOR RD,39.273888,-86.621456
2011,4,4,Weekday,0,1-Car,No injury/unknown,RAN OFF ROAD RIGHT,STATE ROAD 37 BUSINESS,39.27168,-86.522992
2011,1,6,Weekday,1300,1-Car,Non-incapacitating,SPEED TOO FAST FOR WEATHER CONDITIONS,CROSSOVER & SR37N,39.27128497,-86.51840237
2011,4,1,Weekend,1500,1-Car,No injury/unknown,ENGINE FAILURE OR DEFECTIVE,N STATE ROAD 37 HWY,39.27037,-86.522749
2011,7,6,Weekday,1500,1-Car,No injury/unknown,OTHER (VEHICLE) - EXPLAIN IN NARRATIVE,SR46W & STINESVILLE,39.26884344,-86.66789
2011,6,7,Weekend,0,1-Car,No injury/unknown,ANIMAL/OBJECT IN ROADWAY,SR46W & STINESVILLE,39.26779516,-86.66674898
2011,12,3,Weekday,1100,1-Car,No injury/unknown,RAN OFF ROAD RIGHT,SAMPLE & SR37N,39.26753244,-86.5228128
2011,12,3,Weekday,1100,1-Car,No injury/unknown,RAN OFF ROAD RIGHT,SAMPLE & SR37N,39.26753244,-86.5228128
2011,8,2,Weekday,500,Moped/Motorcycle,Non-incapacitating,ANIMAL/OBJECT IN ROADWAY,SR46W & STINESVILLE,39.26716926,-86.66605959
2011,12,2,Weekday,1600,2-Car,No injury/unknown,FAILURE TO YIELD RIGHT OF WAY,COWDEN & MT TABOR RD,39.266864,-86.620704
2011,1,2,Weekday,1500,2-Car,No injury/unknown,FAILURE TO YIELD RIGHT OF WAY,SR46W & STINESVILLE,39.266752,-86.6656
2011,5,6,Weekday,1600,2-Car,No injury/unknown,FAILURE TO YIELD RIGHT OF WAY,SR46W & STINESVILLE,39.266752,-86.6656
2011,10,7,Weekend,2100,1-Car,No injury/unknown,ANIMAL/OBJECT IN ROADWAY,SAMPLE & SR37N,39.26657173,-86.52277024