Year,Month,Day,Weekend?,Hour,Collision Type,Injury Type,Primary Factor,Reported_Location,Latitude,Longitude
2011,10,6,Weekday,1300,2-Car,Non-incapacitating,DISREGARD SIGNAL/REG SIGN,OUTBACK & SR46W,39.21538925,-86.59300447
2011,11,4,Weekday,1600,2-Car,No injury/unknown,FOLLOWING TOO CLOSELY,N UNION VALLEY & SR46W,39.21525091,-86.59309122
2011,5,5,Weekday,1700,Moped/Motorcycle,Non-incapacitating,LEFT OF CENTER,E BETHEL LN,39.21517201,-86.51138259
2011,1,1,Weekday,2100,2-Car,No injury/unknown,UNSAFE LANE MOVEMENT,UNION VALLEY & W 46 EASTBOUND HWY,39.215152,-86.5928
2011,1,6,Weekday,1700,3+ Cars,No injury/unknown,DRIVER DISTRACTED - EXPLAIN IN NARRATIVE,SR46W & UNION VALLEY,39.215152,-86.5928
2011,3,3,Weekday,1500,2-Car,No injury/unknown,FOLLOWING TOO CLOSELY,N UNION VALLEY & SR46W,39.215152,-86.5928
2011,4,2,Weekday,1800,3+ Cars,Non-incapacitating,FAILURE TO YIELD RIGHT OF WAY,SR46W & UNION VALLEY,39.215152,-86.5928
2011,7,2,Weekday,1600,2-Car,Non-incapacitating,FAILURE TO YIELD RIGHT OF WAY,N UNION VALLEY RD & SR46W,39.215152,-86.5928
2011,8,4,Weekday,500,1-Car,No injury/unknown,UNSAFE LANE MOVEMENT,N UNION VALLEY & SR46W,39.215152,-86.5928
2011,9,3,Weekday,1200,3+ Cars,Non-incapacitating,DISREGARD SIGNAL/REG SIGN,SR46W & UNION VALLEY ROAD,39.215152,-86.5928
2011,11,2,Weekday,700,2-Car,No injury/unknown,FOLLOWING TOO CLOSELY,SR46W & UNION VALLEY,39.21513028,-86.59269723
2011,10,2,Weekday,1700,Moped/Motorcycle,Non-incapacitating,FAILURE TO YIELD RIGHT OF WAY,SR46W & UNIONVALLEY,39.21496137,-86.59254583
2011,8,3,Weekday,300,1-Car,No injury/unknown,RAN OFF ROAD RIGHT,EAST BETHEL LN & INNISBROOKE,39.2149,-86.46903
2011,10,3,Weekday,2000,2-Car,No injury/unknown,DRIVER DISTRACTED - EXPLAIN IN NARRATIVE,NORTH UNION VALLEY ROAD & SR46W,39.21477514,-86.59228631
2011,1,6,Weekday,1700,1-Car,No injury/unknown,RAN OFF ROAD RIGHT,E BETHEL LN & STIDD,39.214752,-86.477504
2011,1,6,Weekend,2200,1-Car,No injury/unknown,ROADWAY SURFACE CONDITION,HARTSTRAIT RD & RATLIFF,39.21440323,-86.61138
2011,5,3,Weekday,1900,Moped/Motorcycle,Incapacitating,FAILURE TO YIELD RIGHT OF WAY,SR46W & UNION VALLEY,39.21421656,-86.59150766
2011,7,6,Weekday,400,1-Car,No injury/unknown,ANIMAL/OBJECT IN ROADWAY,SR46W & UNION VALLEY,39.21421656,-86.59150766
2011,1,6,Weekday,1600,1-Car,No injury/unknown,RAN OFF ROAD RIGHT,E  BETHEL LN,39.214084,-86.479105
2011,11,5,Weekday,1300,1-Car,Non-incapacitating,RAN OFF ROAD RIGHT,BETHEL LN & BOLTINGHOUSE,39.21408399,-86.47960539
2011,9,4,Weekday,200,1-Car,No injury/unknown,OTHER (DRIVER) - EXPLAIN IN NARRATIVE,TULIP STREET RD,39.213789,-86.631282
2011,1,6,Weekday,1500,1-Car,No injury/unknown,SPEED TOO FAST FOR WEATHER CONDITIONS,E BETHEL LN & N BAUGH,39.212944,-86.486896
2011,7,4,Weekday,2300,1-Car,Non-incapacitating,UNSAFE SPEED,BAUGH & BETHEL LN,39.21287961,-86.49042556
2011,9,5,Weekday,1700,2-Car,No injury/unknown,LEFT OF CENTER,E BETHEL & N HINKLE RD,39.212848,-86.505392
2011,7,6,Weekday,1100,2-Car,No injury/unknown,FAILURE TO YIELD RIGHT OF WAY,FORREST PARK & SR46E,39.21206495,-86.58700777
2011,5,3,Weekday,700,3+ Cars,Non-incapacitating,FAILURE TO YIELD RIGHT OF WAY,FORREST PARK & SR46W,39.21202382,-86.58704577
2011,1,1,Weekend,1600,2-Car,No injury/unknown,FAILURE TO YIELD RIGHT OF WAY,CRIDER & RIDGEWOOD DR,39.212016,-86.59872
2011,5,3,Weekday,1400,2-Car,No injury/unknown,FOLLOWING TOO CLOSELY,BETHEL LN & WESLEY,39.21193,-86.49604
2011,2,2,Weekday,1700,2-Car,No injury/unknown,UNSAFE BACKING,S LIBERTY RD,39.211744,-86.572192
2011,5,4,Weekday,1100,2-Car,No injury/unknown,OTHER (DRIVER) - EXPLAIN IN NARRATIVE,S WALKER ST,39.21168,-86.559184
2011,7,6,Weekday,1100,2-Car,Non-incapacitating,UNSAFE BACKING,S WALKER ST,39.21168,-86.559184
2011,6,7,Weekend,400,1-Car,No injury/unknown,ANIMAL/OBJECT IN ROADWAY,OLD MEYERS & OLD STATE ROAD 37 RD,39.21065481,-86.50636
2011,10,2,Weekday,1800,Pedestrian,Incapacitating,PEDESTRIAN ACTION,GRAMERCY PARK DR & N CLAYBROOKE,39.21045,-86.51202
2011,3,3,Weekday,1200,Moped/Motorcycle,Incapacitating,OTHER (DRIVER) - EXPLAIN IN NARRATIVE,BRIGHTON & SMITH RD,39.21041269,-86.48065
2011,6,2,Weekday,1500,2-Car,Non-incapacitating,FAILURE TO YIELD RIGHT OF WAY,N SMITH & SR46W,39.210144,-86.5832
2011,10,7,Weekend,1500,2-Car,Non-incapacitating,DISREGARD SIGNAL/REG SIGN,SMITH & SR46W,39.210144,-86.5832
2011,10,3,Weekday,500,2-Car,No injury/unknown,DRIVER DISTRACTED - EXPLAIN IN NARRATIVE,NORTH SMITH PIKE & SR46,39.210144,-86.5832
2011,11,4,Weekday,2000,2-Car,No injury/unknown,OTHER (DRIVER) - EXPLAIN IN NARRATIVE,SMITH PIKE & SR46,39.210144,-86.5832
2011,6,7,Weekend,1300,1-Car,No injury/unknown,ANIMAL/OBJECT IN ROADWAY,ACUFF & SR37N,39.21013821,-86.55431179
2011,7,5,Weekday,1900,2-Car,No injury/unknown,DRIVER DISTRACTED - EXPLAIN IN NARRATIVE,SMITH & SR46W,39.21005745,-86.58306296
2011,6,4,Weekday,1300,2-Car,Incapacitating,DRIVER ILLNESS,CENTENIAL & SR46W,39.20990698,-86.58277988
2011,6,6,Weekday,200,2-Car,No injury/unknown,IMPROPER TURNING,SMITH PIKE & SR46,39.20986935,-86.5832
2011,1,5,Weekday,1400,2-Car,No injury/unknown,FOLLOWING TOO CLOSELY,ARLINGTON ROAD RD & SR46,39.209808,-86.582672
2011,6,7,Weekend,900,2-Car,Non-incapacitating,FAILURE TO YIELD RIGHT OF WAY,ARLINGTON & SR46W,39.209808,-86.582672
2011,11,6,Weekday,1800,1-Car,No injury/unknown,ANIMAL/OBJECT IN ROADWAY,ACUFF & SR37N,39.20959587,-86.55442385
2011,12,1,Weekday,1900,1-Car,No injury/unknown,ANIMAL/OBJECT IN ROADWAY,ACUFF & SR37N,39.20959587,-86.55442385
2011,6,2,Weekday,1600,2-Car,No injury/unknown,FAILURE TO YIELD RIGHT OF WAY,SMITH PIKE & SR46,39.20959469,-86.5832
2011,7,4,Weekday,1700,2-Car,No injury/unknown,FOLLOWING TOO CLOSELY,HARTSTRAIT & RATLIFF RD,39.20911007,-86.61138027
2011,7,4,Weekday,1600,1-Car,No injury/unknown,RAN OFF ROAD RIGHT,W BEXLEY & W MAPLE GROVE RD,39.20864,-86.5588
2011,4,7,Weekend,1700,1-Car,No injury/unknown,RAN OFF ROAD RIGHT,ACUFF RD & SR37,39.20824,-86.5557631
2011,5,2,Weekday,100,1-Car,No injury/unknown,UNSAFE SPEED,ACUFF RD & SR37N,39.20824,-86.55646916
2011,2,7,Weekend,1200,2-Car,No injury/unknown,LEFT OF CENTER,ACUFF RD & SR37N,39.20824,-86.554704
2011,2,2,Weekday,1400,2-Car,Incapacitating,FAILURE TO YIELD RIGHT OF WAY,ACUFF & SR37N,39.20824,-86.554704
2011,3,4,Weekday,1800,2-Car,Incapacitating,FAILURE TO YIELD RIGHT OF WAY,ACUFF & SR37,39.20824,-86.554704
2011,4,7,Weekend,900,2-Car,Incapacitating,FAILURE TO YIELD RIGHT OF WAY,ACUFF ROAD & SR37N,39.20824,-86.554704
2011,5,4,Weekday,700,2-Car,Non-incapacitating,FAILURE TO YIELD RIGHT OF WAY,ACUFF & SR37N,39.20824,-86.554704
2011,6,7,Weekend,1300,2-Car,No injury/unknown,OTHER (DRIVER) - EXPLAIN IN NARRATIVE,ACUFF ROAD & SR37,39.20824,-86.554704
2011,10,4,Weekday,1500,2-Car,No injury/unknown,ROADWAY SURFACE CONDITION,ACUFF RD & SR37,39.20824,-86.554704
2011,10,3,Weekday,1800,2-Car,No injury/unknown,FAILURE TO YIELD RIGHT OF WAY,ACUFF & SR37N,39.20824,-86.554704
2011,11,7,Weekend,1300,1-Car,No injury/unknown,RAN OFF ROAD RIGHT,FORREST PARK & SMITH PIKE,39.20822024,-86.58315002
2011,6,6,Weekday,1500,2-Car,No injury/unknown,FOLLOWING TOO CLOSELY,FORREST PARK & N SMITH PIKE,39.20822,-86.58315
2011,11,5,Weekday,1400,2-Car,No injury/unknown,LEFT OF CENTER,FORREST PARK & SMITH PIKE,39.20822,-86.58315
2011,4,4,Weekday,1200,2-Car,No injury/unknown,UNSAFE BACKING,FORESTVIEW DRIVE & FORESTVIEW DRIVE DR,39.208144,-86.5832
2011,12,3,Weekday,900,1-Car,No injury/unknown,RAN OFF ROAD RIGHT,FORREST PARK DR & SMITH,39.208144,-86.5832
2011,1,6,Weekday,1700,2-Car,Non-incapacitating,LEFT OF CENTER,DUNN & OLD STATE ROAD 37 RD,39.208048,-86.528704
2011,6,1,Weekend,900,1-Car,No injury/unknown,SPEED TOO FAST FOR WEATHER CONDITIONS,N DUNN & N OLD STATE ROAD 37 RD,39.208048,-86.528704
2011,8,3,Weekday,200,Moped/Motorcycle,Fatal,UNSAFE SPEED,DUNN & OLD SR 37 RD,39.208048,-86.528704
2011,10,1,Weekend,1100,1-Car,No injury/unknown,RAN OFF ROAD RIGHT,N DUNN ST & N OLD SR 37,39.208048,-86.528704
2011,12,2,Weekday,2200,1-Car,No injury/unknown,SPEED TOO FAST FOR WEATHER CONDITIONS,NORTH DUNN & NORTH OLD SR 37 RD,39.208048,-86.528704
2011,1,3,Weekday,1700,2-Car,Non-incapacitating,SPEED TOO FAST FOR WEATHER CONDITIONS,DUNN & OLD SR 37 RD,39.20802,-86.52874596
2011,4,2,Weekday,1600,2-Car,Non-incapacitating,LEFT OF CENTER,DUNN & OLD SR 37 RD,39.20802,-86.52872519
2011,10,6,Weekday,700,1-Car,No injury/unknown,ANIMAL/OBJECT IN ROADWAY,ACUFF & SR37S,39.20782802,-86.55470103
2011,9,2,Weekday,1500,1-Car,No injury/unknown,RAN OFF ROAD RIGHT,ARLINGTON RD & SHELBOURNE,39.20766033,-86.57368987
2011,7,6,Weekday,600,1-Car,Non-incapacitating,DRIVER ASLEEP OR FATIGUED,SR46 & SR46W,39.207648,-86.573792
2011,8,3,Weekday,1000,2-Car,Non-incapacitating,FAILURE TO YIELD RIGHT OF WAY,SR46 & SR46W,39.207648,-86.573792
2011,2,3,Weekday,1400,2-Car,No injury/unknown,IMPROPER PASSING,ARLINGTON RD & SHELBURNE,39.20764225,-86.5737269
2011,2,6,Weekday,800,1-Car,No injury/unknown,SPEED TOO FAST FOR WEATHER CONDITIONS,4500 ARLINGTON RD & SHELBURNE,39.20764225,-86.57374422
2011,9,2,Weekday,800,2-Car,No injury/unknown,FAILURE TO YIELD RIGHT OF WAY,45 46 & N WALNUT ST,39.20749068,-86.53453968
2011,10,1,Weekend,1500,2-Car,No injury/unknown,UNSAFE SPEED,ACUFF & SR37N,39.20741605,-86.55469806
2011,10,1,Weekend,300,1-Car,No injury/unknown,TIRE FAILURE OR DEFECTIVE,N BUSINESS RD 37 RD & STATE ROAD 37,39.20713,-86.53484
2011,1,7,Weekend,1700,1-Car,No injury/unknown,RAN OFF ROAD RIGHT,N WALNUT & OLD STATE RD 37 RD,39.20704,-86.534704
2011,4,3,Weekday,900,2-Car,No injury/unknown,OTHER (VEHICLE) - EXPLAIN IN NARRATIVE,OLD SR 37 NORTH & WALNUT ST ST,39.20704,-86.534704
2011,6,3,Weekday,900,3+ Cars,No injury/unknown,FAILURE TO YIELD RIGHT OF WAY,N WALNUT ST & OLD SR 37 N,39.20704,-86.534704
2011,8,5,Weekday,1300,2-Car,Non-incapacitating,FAILURE TO YIELD RIGHT OF WAY,OLD  STATE RD 37 & WALNUT ST,39.20704,-86.534704
2011,10,7,Weekend,900,2-Car,No injury/unknown,DRIVER DISTRACTED - EXPLAIN IN NARRATIVE,NORTH WALNUT ST & OLD STATE ROAD 37,39.20704,-86.534704
2011,10,6,Weekday,1700,2-Car,No injury/unknown,UNSAFE LANE MOVEMENT,1800 N WALNUT ST & N OLD STATE RD 37,39.20704,-86.534704
2011,1,6,Weekend,2200,1-Car,No injury/unknown,RAN OFF ROAD RIGHT,ACUFF ROAD RD & SR37,39.20698707,-86.55649557
2011,3,5,Weekday,1700,2-Car,No injury/unknown,UNSAFE BACKING,W STATE ROAD 46 RD,39.206658,-86.571585
2011,9,7,Weekend,2100,1-Car,Non-incapacitating,RAN OFF ROAD RIGHT,ACUFF RD & N MAPLE GROVE,39.2064,-86.5575
2011,6,5,Weekday,1400,2-Car,No injury/unknown,UNSAFE BACKING,4546 BYP,39.206312,-86.571312
2011,6,5,Weekday,1300,2-Car,No injury/unknown,OTHER (DRIVER) - EXPLAIN IN NARRATIVE,SR46S,39.206312,-86.571312
2011,9,1,Weekend,1100,1-Car,No injury/unknown,OTHER (DRIVER) - EXPLAIN IN NARRATIVE,SR46E,39.206312,-86.571312
2011,3,7,Weekend,900,1-Car,No injury/unknown,RAN OFF ROAD RIGHT,RATLIFF & SR45E,39.20521753,-86.46336695
2011,5,1,Weekend,200,1-Car,No injury/unknown,SPEED TOO FAST FOR WEATHER CONDITIONS,RATLIFF & SR45E,39.20521753,-86.46332372
2011,11,1,Weekend,1400,2-Car,No injury/unknown,SPEED TOO FAST FOR WEATHER CONDITIONS,MARTIN & SR45E,39.204864,-86.463472
2011,12,2,Weekday,600,Bus,No injury/unknown,FOLLOWING TOO CLOSELY,E MARTIN DRIVE & SR45E,39.204864,-86.463472
2011,1,5,Weekday,1800,1-Car,No injury/unknown,ROADWAY SURFACE CONDITION,N KINSER PK PIKE,39.20450971,-86.547392
2011,2,6,Weekday,900,1-Car,No injury/unknown,SPEED TOO FAST FOR WEATHER CONDITIONS,GARRISON CHAPEL RD & RICE,39.20449471,-86.64364
2011,12,4,Weekday,600,1-Car,No injury/unknown,ROADWAY SURFACE CONDITION,CARMOLA & N SMITH PIKE,39.204448,-86.583168
2011,2,3,Weekday,1000,2-Car,No injury/unknown,IMPROPER PASSING,10TH & 2451 EAST 10TH (WEST DRIVE) ST,39.20336252,-86.53360637
2011,8,4,Weekday,1300,1-Car,No injury/unknown,OTHER (DRIVER) - EXPLAIN IN NARRATIVE,10TH & 2815 EAST 10TH (NORTH DRIVE) ST,39.20336252,-86.53360637
2011,12,3,Weekday,1100,2-Car,No injury/unknown,UNSAFE SPEED,10TH & SR46E,39.20325925,-86.50220967
2011,3,3,Weekday,700,1-Car,No injury/unknown,OTHER (DRIVER) - EXPLAIN IN NARRATIVE,N KINSER PIKE,39.20304,-86.547392
2011,9,5,Weekday,1800,2-Car,No injury/unknown,UNSAFE BACKING,N KINSER PIKE,39.20304,-86.547392
2011,10,1,Weekday,2300,2-Car,Non-incapacitating,FAILURE TO YIELD RIGHT OF WAY,NORTH DUNN ST & STATE ROAD 45,39.20219569,-86.52844958
2011,9,7,Weekend,500,1-Car,No injury/unknown,UNSAFE SPEED,3000 N DUNN ST & LAKEWOOD,39.201952,-86.5288
2011,10,1,Weekend,300,1-Car,No injury/unknown,RAN OFF ROAD RIGHT,3000 N DUNN AVE & 510 E LAKEWOOD,39.201952,-86.5288
2011,3,3,Weekday,1500,2-Car,No injury/unknown,OTHER (DRIVER) - EXPLAIN IN NARRATIVE,NORTH KINSER PIKE,39.201135,-86.547265
2011,8,6,Weekend,1900,1-Car,Non-incapacitating,IMPROPER TURNING,N KINSER PIKE,39.201135,-86.547265
2011,10,5,Weekday,1500,Pedestrian,Non-incapacitating,PEDESTRIAN ACTION,NORTH KINSER PIKE,39.201135,-86.547265
2011,1,6,Weekday,1400,2-Car,No injury/unknown,FOLLOWING TOO CLOSELY,3551 N KINSER PIKE & W CLUB HOUSE,39.2008428,-86.54288177
2011,6,4,Weekday,800,1-Car,No injury/unknown,SPEED TOO FAST FOR WEATHER CONDITIONS,SR37N & SR46,39.20059824,-86.55464886
2011,9,5,Weekday,1100,1-Car,No injury/unknown,OTHER (DRIVER) - EXPLAIN IN NARRATIVE,N HINKLE RD,39.200448,-86.514192
2011,1,1,Weekend,1500,2-Car,No injury/unknown,FOLLOWING TOO CLOSELY,17TH & ARLINGTON RD,39.20037678,-86.5471
2011,1,3,Weekday,1100,3+ Cars,Non-incapacitating,IMPROPER PASSING,EAST SEVENTH & NORTH UNION ST,39.19989121,-86.509455
2011,1,6,Weekday,1200,1-Car,No injury/unknown,ROADWAY SURFACE CONDITION,ARLINGTON RD & MAPLE GROVE,39.19968,-86.55968
2011,9,4,Weekday,2000,1-Car,No injury/unknown,OTHER (VEHICLE) - EXPLAIN IN NARRATIVE,N MAPLE GROVE & W ARLINGTON RD,39.19968,-86.55968
2011,9,4,Weekday,200,1-Car,Incapacitating,RAN OFF ROAD RIGHT,KENWOOD & N DUNN ST,39.198528,-86.528624
2011,11,1,Weekend,1100,1-Car,Non-incapacitating,DRIVER ASLEEP OR FATIGUED,E KENWOOD & N DUNN ST,39.198528,-86.528624
2011,10,4,Weekday,1700,1-Car,Incapacitating,DRIVER ILLNESS,KINSER & WINDING WAY,39.19808325,-86.54244024
2011,2,7,Weekend,1100,3+ Cars,No injury/unknown,FAILURE TO YIELD RIGHT OF WAY,ARLINGTON RD & NORWEST WOODS,39.19807657,-86.55860486
2011,4,2,Weekday,1500,2-Car,Non-incapacitating,OTHER (DRIVER) - EXPLAIN IN NARRATIVE,SR37S & SR46,39.19689046,-86.55462122
2011,2,5,Weekday,800,2-Car,No injury/unknown,LEFT OF CENTER,BLUE RIDGE & WALNUT ST,39.196848,-86.5344
2011,5,6,Weekday,1100,2-Car,No injury/unknown,FAILURE TO YIELD RIGHT OF WAY,BLUE RIDGE & NORTH WALNUT ST,39.196848,-86.5344
2011,10,5,Weekday,1700,3+ Cars,No injury/unknown,FOLLOWING TOO CLOSELY,2800 N WALNUT ST & BLUE RIDGE,39.196848,-86.5344
2011,10,2,Weekday,1900,2-Car,Non-incapacitating,IMPROPER TURNING,DANIELS WAY & STATE ROAD 48,39.19655351,-86.59911
2011,11,7,Weekend,2300,1-Car,Non-incapacitating,UNSAFE SPEED,W WOODYEARD RD,39.196116,-86.596067
2011,8,3,Weekday,800,1-Car,No injury/unknown,OVERCORRECTING/OVERSTEERING,HAWTHORNE ST & THIRD,39.19597304,-86.52009
2011,1,4,Weekday,700,1-Car,Non-incapacitating,ROADWAY SURFACE CONDITION,1230 GARRISON CHAPEL RD & GIFFORD,39.19596698,-86.644698
2011,8,3,Weekday,1300,2-Car,No injury/unknown,FAILURE TO YIELD RIGHT OF WAY,BLUE RIDGE & WALNUT ST,39.19487315,-86.53364715
2011,4,4,Weekday,1300,2-Car,No injury/unknown,UNSAFE LANE MOVEMENT,ARLINGTON & SR37N,39.19469329,-86.55459784
2011,10,7,Weekend,200,1-Car,No injury/unknown,ANIMAL/OBJECT IN ROADWAY,46 & SR37N,39.19455597,-86.55459638
2011,6,5,Weekday,1500,1-Car,No injury/unknown,ANIMAL/OBJECT IN ROADWAY,ARLINGTON & SR37S,39.19441865,-86.55459492
2011,11,1,Weekend,1500,2-Car,No injury/unknown,OTHER (DRIVER) - EXPLAIN IN NARRATIVE,WEST BRIARCLIFF DR,39.19424459,-86.54623411
2011,9,2,Weekday,500,2-Car,No injury/unknown,UNSAFE LANE MOVEMENT,BRIARCLIFF DR & KINGSLEY,39.194192,-86.542208
2011,1,3,Weekday,900,2-Car,No injury/unknown,SPEED TOO FAST FOR WEATHER CONDITIONS,SR37N & SR46W,39.194144,-86.554592
2011,2,4,Weekday,1700,2-Car,Non-incapacitating,BRAKE FAILURE OR DEFECTIVE,SR37 & SR46W,39.194144,-86.554592
2011,3,7,Weekend,1300,2-Car,No injury/unknown,FOLLOWING TOO CLOSELY,37 & SR46W,39.194144,-86.554592
2011,7,7,Weekend,1600,Moped/Motorcycle,Non-incapacitating,OTHER (DRIVER) - EXPLAIN IN NARRATIVE,SR37 & SR46,39.194144,-86.554592
2011,8,3,Weekday,1000,2-Car,No injury/unknown,FOLLOWING TOO CLOSELY,SR37 & SR46,39.194144,-86.554592
2011,11,7,Weekend,2100,1-Car,No injury/unknown,ANIMAL/OBJECT IN ROADWAY,37 & SR46W,39.194144,-86.554592
2011,1,7,Weekend,1700,1-Car,No injury/unknown,SPEED TOO FAST FOR WEATHER CONDITIONS,LOESCH RD & WOODYARD,39.193872,-86.590784
2011,5,5,Weekday,1700,2-Car,No injury/unknown,OTHER (DRIVER) - EXPLAIN IN NARRATIVE,CURRY & SR46W,39.19377697,-86.57123388
2011,10,1,Weekday,2000,1-Car,No injury/unknown,ANIMAL/OBJECT IN ROADWAY,N CURRY & SR46W,39.19377697,-86.5710088
2011,10,1,Weekday,2000,1-Car,No injury/unknown,ANIMAL/OBJECT IN ROADWAY,N CURRY & SR46W,39.19377697,-86.5711906
2011,6,6,Weekday,700,3+ Cars,Non-incapacitating,DRIVER DISTRACTED - EXPLAIN IN NARRATIVE,CURRY & SR46W,39.19369005,-86.57138339
2011,9,4,Weekday,400,1-Car,No injury/unknown,RAN OFF ROAD RIGHT,GETTYS CREEK & MT GILEAD RD,39.19344,-86.436288
2011,4,2,Weekday,2200,1-Car,Non-incapacitating,UNSAFE SPEED,HUDOFF RD & PADDOCK RIDGE,39.19338683,-86.46384282
2011,9,1,Weekend,1500,2-Car,No injury/unknown,LEFT OF CENTER,SALT CREEK & SR446S,39.19332654,-86.42243138
2011,1,4,Weekday,1500,2-Car,No injury/unknown,FAILURE TO YIELD RIGHT OF WAY,N COLLEGE AVE & W 10TH,39.1928127,-86.53483
2011,1,7,Weekend,800,1-Car,No injury/unknown,SPEED TOO FAST FOR WEATHER CONDITIONS,JUNIPER & TAMARACK TRL,39.19254,-86.5233
2011,11,3,Weekday,1400,2-Car,No injury/unknown,FAILURE TO YIELD RIGHT OF WAY,ARLINGTON RD & PROW,39.192352,-86.552592
2011,12,3,Weekday,1600,3+ Cars,No injury/unknown,FOLLOWING TOO CLOSELY,SR37S & VERNAL,39.19232667,-86.56233005
2011,12,6,Weekend,2000,1-Car,No injury/unknown,ANIMAL/OBJECT IN ROADWAY,CROSSOVER & SR37N,39.19184573,-86.51870995
2011,8,5,Weekday,800,1-Car,No injury/unknown,RAN OFF ROAD RIGHT,BARBARA & GLENDORA DR,39.19144,-86.529504
2011,8,5,Weekday,1700,2-Car,Non-incapacitating,FAILURE TO YIELD RIGHT OF WAY,FRITZ & WALNUT ST,39.191248,-86.532896
2011,2,5,Weekday,1900,2-Car,No injury/unknown,OTHER (DRIVER) - EXPLAIN IN NARRATIVE,CURRY PIKE & WOODYARD,39.190672,-86.582992
2011,3,2,Weekday,1600,1-Car,No injury/unknown,FAILURE TO YIELD RIGHT OF WAY,N CURRY PIKE & WOODYARD,39.190672,-86.582992
2011,3,5,Weekday,1300,Moped/Motorcycle,Incapacitating,FAILURE TO YIELD RIGHT OF WAY,CURRY PIKE & WOODYARD,39.190672,-86.582992
2011,9,5,Weekday,1200,2-Car,No injury/unknown,FAILURE TO YIELD RIGHT OF WAY,CURRY & WOODYARD RD,39.190672,-86.582992
2011,10,3,Weekday,2200,2-Car,Non-incapacitating,FAILURE TO YIELD RIGHT OF WAY,CURRY PIKE & WOODYARD,39.190672,-86.582992
2011,3,5,Weekday,1500,2-Car,No injury/unknown,FAILURE TO YIELD RIGHT OF WAY,N SMITH PIKE & W WOODYARD,39.19064,-86.58311
2011,8,4,Weekday,1500,2-Car,No injury/unknown,FOLLOWING TOO CLOSELY,N SMITH & W WOODYARD RD,39.19064,-86.58311
2011,1,1,Weekend,0,2-Car,No injury/unknown,SPEED TOO FAST FOR WEATHER CONDITIONS,CURRY PIKE & WOODYARD,39.19028,-86.58253
2011,1,4,Weekday,200,1-Car,No injury/unknown,ANIMAL/OBJECT IN ROADWAY,CURRY & WOODYARD RD,39.19003157,-86.58143093
2011,8,4,Weekday,100,1-Car,Non-incapacitating,RAN OFF ROAD RIGHT,PONEER & WOODYARD RD,39.18965,-86.58066987
2011,10,2,Weekday,800,2-Car,Non-incapacitating,FAILURE TO YIELD RIGHT OF WAY,7TH & JEFFERSON ST,39.18936083,-86.50717
2011,1,1,Weekend,0,1-Car,No injury/unknown,RAN OFF ROAD RIGHT,S LIBERTY DR,39.189248,-86.531472
2011,6,7,Weekend,300,2-Car,No injury/unknown,UNSAFE BACKING,NORTH WALNUT ST,39.189248,-86.53344
2011,7,6,Weekday,1300,2-Car,No injury/unknown,,S LIBERTY DR,39.189248,-86.531472
2011,7,3,Weekday,1900,1-Car,No injury/unknown,OVERCORRECTING/OVERSTEERING,HOWARD & N STARNES RD,39.189248,-86.660704
2011,8,3,Weekday,1200,2-Car,No injury/unknown,UNSAFE BACKING,SOUTH LIBERTY DR,39.189248,-86.531472
2011,8,3,Weekday,1100,2-Car,No injury/unknown,IMPROPER TURNING,GILBERT ST & WALNUT ST ST,39.189248,-86.53344
2011,8,5,Weekday,1500,2-Car,No injury/unknown,DRIVER DISTRACTED - EXPLAIN IN NARRATIVE,2300 N WALNUT ST & GILBERT,39.189248,-86.53344
2011,9,6,Weekday,1700,Pedestrian,Non-incapacitating,FAILURE TO YIELD RIGHT OF WAY,SOUTH WALNUT ST,39.189248,-86.53344
2011,9,6,Weekday,1200,3+ Cars,No injury/unknown,OTHER (VEHICLE) - EXPLAIN IN NARRATIVE,S LIBERTY DR,39.189248,-86.531472
2011,7,6,Weekday,1200,1-Car,No injury/unknown,RAN OFF ROAD RIGHT,HARVEST & UNIONVALLEY RD,39.18924098,-86.59269
2011,12,6,Weekday,500,1-Car,No injury/unknown,DISREGARD SIGNAL/REG SIGN,THOMAS RD & VERNAL,39.18904,-86.630096
2011,11,5,Weekday,100,1-Car,No injury/unknown,UNSAFE SPEED,CURRY PIKE & WOODYARD,39.18902423,-86.58302201
2011,1,4,Weekday,700,1-Car,No injury/unknown,RAN OFF ROAD RIGHT,VERNAL PIKE,39.189022,-86.629046
2011,9,3,Weekday,500,2-Car,No injury/unknown,UNSAFE BACKING,HEADLY & MAPLECREST DR,39.18901,-86.5145
2011,8,2,Weekday,1000,2-Car,No injury/unknown,UNSAFE BACKING,MCINTYRE DR,39.188416,-86.54008
2011,10,5,Weekday,700,2-Car,No injury/unknown,OTHER (ENVIRONMENTAL) - EXPLAIN IN NARR,1800 N KINSER PIKE & PARRISH,39.188144,-86.5376
2011,9,3,Weekday,1500,2-Car,No injury/unknown,FAILURE TO YIELD RIGHT OF WAY,MAXINE & WEST PARRISH RD,39.188128,-86.540112
2011,12,7,Weekend,1200,2-Car,No injury/unknown,UNSAFE BACKING,N MAXINE RD & W PARRISH,39.188128,-86.540112
2011,10,4,Weekday,1000,2-Car,No injury/unknown,FAILURE TO YIELD RIGHT OF WAY,SR4546 & WALNUT ST,39.18769245,-86.53393365
2011,2,2,Weekday,1600,3+ Cars,Non-incapacitating,FOLLOWING TOO CLOSELY,37 & SR45W,39.187344,-86.5552