Year,Month,Day,Weekend?,Hour,Collision Type,Injury Type,Primary Factor,Reported_Location,Latitude,Longitude
2011,8,4,Weekday,1600,2-Car,No injury/unknown,FOLLOWING TOO CLOSELY,19TH & N WALNUT ST,39.181552,-86.5336
2011,11,1,Weekend,1300,2-Car,No injury/unknown,,N WALNUT ST,39.181552,-86.5336
2011,4,5,Weekday,1700,2-Car,No injury/unknown,FOLLOWING TOO CLOSELY,ARLINGTON RD & WEST 20TH,39.18142462,-86.54940688
2011,3,1,Weekend,1800,2-Car,No injury/unknown,IMPROPER TURNING,LAW & NORTH JORDAN AVE,39.18137612,-86.51547905
2011,3,4,Weekday,100,3+ Cars,Non-incapacitating,CELL PHONE USAGE,19TH ST & WASHINGTON,39.18128,-86.531792
2011,6,1,Weekend,1800,Pedestrian,Non-incapacitating,OTHER (DRIVER) - EXPLAIN IN NARRATIVE,NORTH LONGFELLOW RD & UPPER VALLEY,39.18128,-86.542064
2011,8,1,Weekend,1700,2-Car,No injury/unknown,FAILURE TO YIELD RIGHT OF WAY,19TH ST & WASHINGTON,39.18128,-86.531792
2011,11,2,Weekday,1600,2-Car,No injury/unknown,UNSAFE BACKING,E JONES AVE & S JORDAN,39.18126199,-86.51641
2011,4,5,Weekday,1900,Cyclist,Non-incapacitating,FAILURE TO YIELD RIGHT OF WAY,19TH ST & LINCOLN,39.18112,-86.530816
2011,6,4,Weekday,1700,2-Car,No injury/unknown,FAILURE TO YIELD RIGHT OF WAY,19TH ST & LINCOLN,39.18112,-86.53093
2011,7,5,Weekday,1400,2-Car,No injury/unknown,FOLLOWING TOO CLOSELY,COLLEGE AVENUE WXIT & SR37S,39.18104146,-86.53453308
2011,5,5,Weekday,1100,2-Car,No injury/unknown,FAILURE TO YIELD RIGHT OF WAY,E 19TH & N DUNN ST,39.18104,-86.5284
2011,7,5,Weekday,2300,2-Car,No injury/unknown,IMPROPER TURNING,E 19TH ST,39.18104,-86.52943151
2011,11,4,Weekday,1100,2-Car,No injury/unknown,IMPROPER TURNING,N DUNN ST,39.18104,-86.5284
2011,5,2,Weekday,1700,1-Car,No injury/unknown,OBSTRUCTION NOT MARKED,HENNESSEY & ROCKPORT RD,39.18101306,-86.55672
2011,7,6,Weekday,1200,1-Car,Non-incapacitating,RAN OFF ROAD RIGHT,HENNESSEY & ROCKPORT RD,39.18101306,-86.55672
2011,5,2,Weekday,1700,1-Car,No injury/unknown,OBSTRUCTION NOT MARKED,HENNESSEY & ROCKPORT RD,39.18097552,-86.5567129
2011,6,6,Weekday,1000,2-Car,No injury/unknown,UNSAFE BACKING,SLATE DR,39.18082416,-86.54076308
2011,7,2,Weekday,1400,2-Car,No injury/unknown,OTHER (DRIVER) - EXPLAIN IN NARRATIVE,WESTFIELD & WILLIS DR,39.18069732,-86.54396962
2011,8,1,Weekend,0,2-Car,No injury/unknown,UNSAFE BACKING,W MARBLE LN,39.18067914,-86.54081131
2011,9,3,Weekday,1000,2-Car,Non-incapacitating,FAILURE TO YIELD RIGHT OF WAY,CURRY PIKE & VERNAL,39.18062115,-86.583175
2011,6,4,Weekday,400,2-Car,No injury/unknown,UNSAFE SPEED,W MARBLE LN,39.18060101,-86.54089686
2011,12,5,Weekday,1000,2-Car,No injury/unknown,OTHER (DRIVER) - EXPLAIN IN NARRATIVE,WEST ST,39.18056,-86.543968
2011,11,6,Weekday,900,2-Car,Non-incapacitating,FAILURE TO YIELD RIGHT OF WAY,17TH & SR45E,39.18039903,-86.50786573
2011,6,1,Weekend,1300,2-Car,No injury/unknown,UNSAFE BACKING,WEST MARBLE LN,39.180375,-86.540719
2011,4,7,Weekend,1800,1-Car,No injury/unknown,UNSAFE BACKING,NORTH FEE LN,39.180357,-86.519098
2011,1,6,Weekday,100,2-Car,No injury/unknown,,18TH ST & GRANT,39.180352,-86.529792
2011,9,1,Weekend,300,1-Car,No injury/unknown,OTHER (DRIVER) - EXPLAIN IN NARRATIVE,N DUNN ST,39.180352,-86.5284
2011,9,3,Weekday,1400,2-Car,No injury/unknown,FAILURE TO YIELD RIGHT OF WAY,N DUNN ST,39.180352,-86.5284
2011,11,1,Weekday,2100,2-Car,Non-incapacitating,CELL PHONE USAGE,18TH & DUNN ST,39.180352,-86.5284
2011,9,2,Weekday,900,Bus,No injury/unknown,FAILURE TO YIELD RIGHT OF WAY,NORTH DUNN ST,39.18019,-86.528309
2011,10,4,Weekday,1400,Bus,No injury/unknown,UNSAFE BACKING,N DUNN ST,39.18019,-86.528309
2011,11,7,Weekend,0,2-Car,No injury/unknown,UNSAFE BACKING,GRANITE DR,39.180185,-86.539774
2011,11,7,Weekend,0,Pedestrian,Incapacitating,OTHER (DRIVER) - EXPLAIN IN NARRATIVE,GRANITE DR,39.18017976,-86.53969958
2011,1,4,Weekday,1100,2-Car,No injury/unknown,OTHER (DRIVER) - EXPLAIN IN NARRATIVE,N WASHINGTON ST,39.18008727,-86.53212331
2011,2,2,Weekday,700,2-Car,No injury/unknown,IMPROPER LANE USAGE,NORTH JORDAN AVE,39.18008244,-86.51092331
2011,5,7,Weekend,2300,2-Car,No injury/unknown,LEFT OF CENTER,17TH & SR46E,39.18002634,-86.50734724
2011,9,2,Weekday,0,2-Car,No injury/unknown,,N WASHINGTON ST,39.18001455,-86.53214352
2011,8,4,Weekday,700,2-Car,No injury/unknown,OTHER (VEHICLE) - EXPLAIN IN NARRATIVE,S WALNUT ST,39.17997932,-86.53330441
2011,5,4,Weekday,0,3+ Cars,No injury/unknown,IMPROPER LANE USAGE,20TH & LINCOLN ST,39.17985094,-86.53083879
2011,3,5,Weekday,700,2-Car,No injury/unknown,UNSAFE SPEED,17TH & SR46W,39.17984,-86.507088
2011,3,1,Weekend,1600,2-Car,No injury/unknown,FOLLOWING TOO CLOSELY,17TH & SR4546E,39.17984,-86.507088
2011,4,6,Weekday,900,2-Car,Non-incapacitating,UNSAFE SPEED,17TH & SR46E,39.17984,-86.507088
2011,4,7,Weekend,2300,Pedestrian,Non-incapacitating,PEDESTRIAN ACTION,E 17TH & SR45,39.17984,-86.507088
2011,7,2,Weekday,1900,2-Car,No injury/unknown,FOLLOWING TOO CLOSELY,17TH ST & SR4546,39.17984,-86.507088
2011,9,7,Weekend,100,2-Car,No injury/unknown,LEFT OF CENTER,17TH & SR46N,39.17984,-86.507088
2011,9,1,Weekend,0,1-Car,No injury/unknown,BRAKE FAILURE OR DEFECTIVE,17TH & SR4546N,39.17984,-86.507088
2011,11,6,Weekday,1600,3+ Cars,Non-incapacitating,FAILURE TO YIELD RIGHT OF WAY,17TH & SR4546E,39.17984,-86.507088
2011,11,7,Weekend,2200,1-Car,No injury/unknown,ANIMAL/OBJECT IN ROADWAY,17TH & SR4546E,39.17984,-86.507088
2011,12,7,Weekend,2000,2-Car,No injury/unknown,FOLLOWING TOO CLOSELY,17TH & SR4546E,39.17984,-86.507088
2011,12,7,Weekend,2000,2-Car,Non-incapacitating,FAILURE TO YIELD RIGHT OF WAY,17TH & SR4546E,39.17984,-86.507088
2011,12,7,Weekend,1400,1-Car,No injury/unknown,UNSAFE LANE MOVEMENT,17TH ST & 45 46,39.17977042,-86.50724012
2011,4,5,Weekday,1800,2-Car,No injury/unknown,UNSAFE BACKING,N JORDAN AVE,39.17967426,-86.511088
2011,8,5,Weekday,1000,1-Car,No injury/unknown,UNSAFE BACKING,N FEE LN,39.17965751,-86.51902289
2011,7,2,Weekday,2200,1-Car,No injury/unknown,OTHER (DRIVER) - EXPLAIN IN NARRATIVE,TROY CT,39.179632,-86.539136
2011,8,6,Weekday,1600,2-Car,No injury/unknown,FAILURE TO YIELD RIGHT OF WAY,W ARLINGTON RD,39.1793458,-86.54728221
2011,4,3,Weekday,1400,1-Car,No injury/unknown,RAN OFF ROAD RIGHT,LINDBERGH & W 17TH ST,39.17924801,-86.55153334
2011,1,6,Weekend,2000,2-Car,Non-incapacitating,SPEED TOO FAST FOR WEATHER CONDITIONS,17TH ST & LINDBERGH,39.179248,-86.552592
2011,1,3,Weekday,1700,1-Car,No injury/unknown,FAILURE TO YIELD RIGHT OF WAY,17TH & NORTH MONROE ST,39.179248,-86.547104
2011,2,4,Weekday,1100,2-Car,No injury/unknown,FAILURE TO YIELD RIGHT OF WAY,17TH ST & MONROE,39.179248,-86.547104
2011,5,2,Weekday,1500,2-Car,No injury/unknown,DRIVER DISTRACTED - EXPLAIN IN NARRATIVE,CURRY PIKE & VERNAL,39.179248,-86.5832
2011,5,3,Weekday,1400,2-Car,Non-incapacitating,FAILURE TO YIELD RIGHT OF WAY,17TH ST & MONROE,39.179248,-86.547104
2011,6,2,Weekday,1700,2-Car,Non-incapacitating,FOLLOWING TOO CLOSELY,N CURRY PIKE & W VERNAL,39.179248,-86.5832
2011,6,7,Weekend,800,1-Car,No injury/unknown,UNSAFE SPEED,17TH ST & MONROE,39.179248,-86.547104
2011,8,5,Weekday,1800,2-Car,No injury/unknown,FOLLOWING TOO CLOSELY,17TH ST & MONROE,39.179248,-86.547104
2011,8,4,Weekday,1700,2-Car,No injury/unknown,FAILURE TO YIELD RIGHT OF WAY,N CURRY PIKE & W VERNAL,39.179248,-86.5832
2011,9,6,Weekday,1400,2-Car,No injury/unknown,FAILURE TO YIELD RIGHT OF WAY,17TH ST & MONROE,39.179248,-86.547104
2011,10,5,Weekday,1600,2-Car,Non-incapacitating,BRAKE FAILURE OR DEFECTIVE,ARLINGTON & MONROE ST,39.179248,-86.547104
2011,10,5,Weekday,900,1-Car,No injury/unknown,OVERCORRECTING/OVERSTEERING,17 TH ST ST & CRESCENT DR,39.179248,-86.556592
2011,11,4,Weekday,800,2-Car,Non-incapacitating,FOLLOWING TOO CLOSELY,17TH ST & MONROE,39.179248,-86.54698049
2011,11,1,Weekend,900,1-Car,No injury/unknown,SPEED TOO FAST FOR WEATHER CONDITIONS,17TH & CRESCENT RD,39.179248,-86.556592
2011,10,5,Weekday,1400,1-Car,No injury/unknown,SPEED TOO FAST FOR WEATHER CONDITIONS,17TH ST & MONORE,39.17922,-86.5471
2011,1,5,Weekday,1000,1-Car,No injury/unknown,SPEED TOO FAST FOR WEATHER CONDITIONS,BLOOMFIELD & SR37N,39.17921191,-86.57320781
2011,4,4,Weekday,1500,Bus,No injury/unknown,FAILURE TO YIELD RIGHT OF WAY,CURRY & VERNAL PIKE,39.17920134,-86.58322096
2011,7,1,Weekend,400,1-Car,No injury/unknown,RAN OFF ROAD RIGHT,N KINSER PIKE,39.179143,-86.53775
2011,9,2,Weekday,700,1-Car,No injury/unknown,ANIMAL/OBJECT IN ROADWAY,17TH & SR46E,39.17914212,-86.50652519
2011,1,5,Weekday,2300,2-Car,No injury/unknown,UNSAFE BACKING,N JORDAN AVE,39.17912342,-86.511088
2011,1,7,Weekend,1800,2-Car,No injury/unknown,UNSAFE BACKING,N WILLIS DR & W 17TH,39.179104,-86.544016
2011,4,3,Weekday,1200,2-Car,No injury/unknown,FAILURE TO YIELD RIGHT OF WAY,N WILLIS & W 17TH ST,39.179104,-86.544016
2011,12,5,Weekday,2000,2-Car,Non-incapacitating,FAILURE TO YIELD RIGHT OF WAY,N WILLIS & W 17TH ST,39.179104,-86.544016
2011,1,6,Weekend,2100,2-Car,Non-incapacitating,ROADWAY SURFACE CONDITION,LINBERGH DR & WEST 17TH ST,39.17909548,-86.5525943
2011,4,3,Weekday,200,2-Car,No injury/unknown,UNSAFE BACKING,N JORDAN AVE,39.17908408,-86.511088
2011,4,7,Weekend,1600,2-Car,No injury/unknown,UNSAFE BACKING,N JORDAN AVE,39.17908408,-86.511088
2011,6,5,Weekday,1200,2-Car,No injury/unknown,UNSAFE BACKING,N LINDBURG & W 17TH ST,39.17908005,-86.55264575
2011,6,1,Weekend,1300,2-Car,No injury/unknown,DRIVER DISTRACTED - EXPLAIN IN NARRATIVE,EAST 17TH ST,39.17906329,-86.5209221
2011,1,7,Weekend,2200,2-Car,Non-incapacitating,LEFT OF CENTER,EAST 17TH ST & NORTH LINCOLN,39.17904,-86.530848
2011,1,7,Weekend,1600,2-Car,No injury/unknown,FAILURE TO YIELD RIGHT OF WAY,17TH & DUNN ST,39.17904,-86.5284
2011,2,5,Weekday,1700,2-Car,Non-incapacitating,FAILURE TO YIELD RIGHT OF WAY,17TH ST & LINCOLN,39.17904,-86.530848
2011,2,3,Weekday,1900,2-Car,No injury/unknown,UNSAFE BACKING,N DUNN ST,39.17904,-86.5284
2011,2,4,Weekday,2300,2-Car,No injury/unknown,FAILURE TO YIELD RIGHT OF WAY,N LINCOLN & W 17TH ST,39.17904,-86.530848
2011,3,6,Weekday,1300,2-Car,Non-incapacitating,FOLLOWING TOO CLOSELY,17TH ST & WASHINGTON,39.17904,-86.532096
2011,3,2,Weekday,2000,2-Car,No injury/unknown,UNSAFE BACKING,17TH & DUNN ST,39.17904,-86.5284
2011,3,4,Weekday,2100,1-Car,No injury/unknown,ANIMAL/OBJECT IN ROADWAY,17TH & N DUNN ST,39.17904,-86.5284
2011,3,6,Weekday,1400,3+ Cars,No injury/unknown,FOLLOWING TOO CLOSELY,17TH ST & NORTH WASHINGTON,39.17904,-86.532096
2011,3,5,Weekday,1700,2-Car,No injury/unknown,FAILURE TO YIELD RIGHT OF WAY,E 17TH ST & N LINCOLN,39.17904,-86.530848
2011,4,6,Weekday,1300,2-Car,Non-incapacitating,FAILURE TO YIELD RIGHT OF WAY,E 17 TH ST & LINCOLN,39.17904,-86.530848
2011,4,5,Weekday,1500,3+ Cars,No injury/unknown,FOLLOWING TOO CLOSELY,E 17TH ST & N WASHINGTON,39.17904,-86.532096
2011,5,6,Weekday,1600,Pedestrian,Non-incapacitating,PEDESTRIAN ACTION,17TH & DUNN ST,39.17904,-86.5284
2011,5,3,Weekday,1000,2-Car,No injury/unknown,FAILURE TO YIELD RIGHT OF WAY,DUNN & SEVENTEENTH ST,39.17904,-86.5284
2011,6,4,Weekday,1900,2-Car,No injury/unknown,FAILURE TO YIELD RIGHT OF WAY,17TH & DUNN ST,39.17904,-86.5284
2011,8,3,Weekday,1700,3+ Cars,Non-incapacitating,OTHER (DRIVER) - EXPLAIN IN NARRATIVE,17TH ST & WASHINGTON,39.17904,-86.532096
2011,8,3,Weekday,2000,2-Car,No injury/unknown,UNSAFE BACKING,N DUNN ST,39.17904,-86.5284
2011,10,4,Weekday,700,Bus,No injury/unknown,FAILURE TO YIELD RIGHT OF WAY,17TH ST & DUNN,39.17904,-86.5284
2011,10,5,Weekday,1200,2-Car,No injury/unknown,FOLLOWING TOO CLOSELY,17TH ST & LINCOLN,39.17904,-86.530848
2011,10,7,Weekend,1100,2-Car,No injury/unknown,UNSAFE BACKING,17TH & LINCOLN ST,39.17904,-86.530848
2011,11,2,Weekday,1800,2-Car,Non-incapacitating,FOLLOWING TOO CLOSELY,17 ST & MAPLE,39.17904,-86.542096
2011,11,4,Weekday,200,1-Car,No injury/unknown,RAN OFF ROAD RIGHT,E 17TH & N DUNN ST,39.17904,-86.5284
2011,11,1,Weekday,2100,2-Car,No injury/unknown,FOLLOWING TOO CLOSELY,17TH ST & LINCOLN,39.17904,-86.530848
2011,12,6,Weekday,1500,2-Car,No injury/unknown,FAILURE TO YIELD RIGHT OF WAY,17TH & DUNN ST,39.17904,-86.5284
2011,12,7,Weekend,1700,1-Car,No injury/unknown,OTHER (DRIVER) - EXPLAIN IN NARRATIVE,17TH & DUNN ST,39.17904,-86.5284
2011,12,2,Weekday,2000,3+ Cars,Non-incapacitating,FOLLOWING TOO CLOSELY,17TH ST & WOODLAWN,39.17903982,-86.52360029
2011,3,3,Weekday,1600,2-Car,No injury/unknown,UNSAFE BACKING,E 17TH ST,39.17903837,-86.52827755
2011,7,4,Weekday,1000,1-Car,No injury/unknown,OTHER (DRIVER) - EXPLAIN IN NARRATIVE,E 17TH ST,39.17903837,-86.52827755
2011,2,1,Weekend,400,1-Car,No injury/unknown,FOLLOWING TOO CLOSELY,E 17TH ST & N INDIANA,39.17902717,-86.52707671
2011,2,4,Weekday,2300,2-Car,No injury/unknown,FOLLOWING TOO CLOSELY,E 17TH ST,39.17902717,-86.52100467
2011,3,5,Weekday,1200,2-Car,No injury/unknown,,EAST 17TH ST,39.17902717,-86.52590192
2011,11,4,Weekday,2100,2-Car,No injury/unknown,OTHER (DRIVER) - EXPLAIN IN NARRATIVE,W 17TH ST,39.17902596,-86.5403409
2011,2,6,Weekday,500,3+ Cars,No injury/unknown,RAN OFF ROAD RIGHT,17TH & INDIANA AVE,39.179024,-86.5272
2011,4,6,Weekday,1500,2-Car,No injury/unknown,FOLLOWING TOO CLOSELY,JACKSON & WEST 17TH ST,39.179024,-86.539616
2011,8,2,Weekday,1500,2-Car,No injury/unknown,FOLLOWING TOO CLOSELY,17TH ST & INDIANA,39.179024,-86.5272
2011,10,6,Weekday,1400,2-Car,Non-incapacitating,FOLLOWING TOO CLOSELY,17TH ST & JACKSON,39.179024,-86.539616
2011,11,3,Weekday,1100,2-Car,Non-incapacitating,FAILURE TO YIELD RIGHT OF WAY,17TH ST & INDIANA,39.179024,-86.5272
2011,11,1,Weekend,1800,Pedestrian,Non-incapacitating,OTHER (DRIVER) - EXPLAIN IN NARRATIVE,17TH ST & INDIANA,39.179024,-86.5272
2011,4,5,Weekday,1200,2-Car,No injury/unknown,UNSAFE BACKING,NORTH DUNN ST,39.179022,-86.528328
2011,4,3,Weekday,1400,2-Car,No injury/unknown,UNSAFE BACKING,701 E 17TH   (WHITE LOT) ST & DUNN,39.17902034,-86.52837376
2011,8,4,Weekday,1300,2-Car,No injury/unknown,FAILURE TO YIELD RIGHT OF WAY,701 EAST 17TH (WHITE LOT) ST & DUNN,39.17902034,-86.52836511
2011,1,4,Weekday,1700,2-Car,No injury/unknown,FOLLOWING TOO CLOSELY,E 17TH ST & N INDIANA,39.17902,-86.52705
2011,1,5,Weekday,1500,2-Car,No injury/unknown,SPEED TOO FAST FOR WEATHER CONDITIONS,E 17TH ST & N WALNUT GROVE,39.17902,-86.5211
2011,9,6,Weekend,2100,2-Car,No injury/unknown,FAILURE TO YIELD RIGHT OF WAY,17TH ST & INDIANA,39.17902,-86.52705
2011,11,7,Weekend,2100,3+ Cars,Non-incapacitating,FOLLOWING TOO CLOSELY,17TH ST & FORREST,39.17902,-86.5225
2011,6,1,Weekend,200,1-Car,No injury/unknown,DISREGARD SIGNAL/REG SIGN,EAST SEVENTEENTH & INDIANA AVE,39.1790197,-86.52705028
2011,10,6,Weekday,1400,2-Car,No injury/unknown,FOLLOWING TOO CLOSELY,17TH ST & LINCOLN,39.17901822,-86.53067379
2011,6,2,Weekday,2100,2-Car,No injury/unknown,UNSAFE BACKING,W 17TH ST,39.17900881,-86.53875006
2011,1,2,Weekday,700,2-Car,No injury/unknown,UNSAFE BACKING,E 17TH ST,39.179008,-86.525888
2011,5,2,Weekday,1200,2-Car,No injury/unknown,UNSAFE BACKING,E 17TH ST,39.179008,-86.525888
2011,7,5,Weekday,1600,2-Car,No injury/unknown,UNSAFE BACKING,EAST 17TH ST,39.179008,-86.525888
2011,7,3,Weekday,1200,3+ Cars,No injury/unknown,DRIVER DISTRACTED - EXPLAIN IN NARRATIVE,FESS & SEVENTEENTH ST,39.179008,-86.525888
2011,8,3,Weekday,2200,2-Car,No injury/unknown,UNSAFE BACKING,EAST 17TH ST,39.179008,-86.525888
2011,10,1,Weekend,900,2-Car,No injury/unknown,UNSAFE SPEED,17TH ST & FESS,39.179008,-86.525888
2011,11,4,Weekday,1800,3+ Cars,No injury/unknown,FOLLOWING TOO CLOSELY,17TH ST & FESS,39.179008,-86.525888
2011,11,2,Weekday,2300,1-Car,No injury/unknown,OTHER (DRIVER) - EXPLAIN IN NARRATIVE,E 17TH ST,39.179008,-86.525888
2011,7,3,Weekday,1600,2-Car,Non-incapacitating,OTHER (DRIVER) - EXPLAIN IN NARRATIVE,BALFOUR & SR46E,39.1790062,-86.51178391
2011,10,7,Weekend,1100,2-Car,No injury/unknown,FOLLOWING TOO CLOSELY,17TH ST & KINSER,39.1789951,-86.5379684
2011,3,7,Weekend,1400,2-Car,No injury/unknown,FAILURE TO YIELD RIGHT OF WAY,N MADISON & W 17TH ST,39.178992,-86.537792
2011,4,5,Weekday,2000,2-Car,No injury/unknown,DISREGARD SIGNAL/REG SIGN,N MADISON & W 17TH ST,39.178992,-86.537792
2011,5,5,Weekday,1400,2-Car,Non-incapacitating,FOLLOWING TOO CLOSELY,17TH ST & MADISON,39.178992,-86.537792
2011,5,1,Weekend,1700,2-Car,No injury/unknown,FOLLOWING TOO CLOSELY,17TH ST & WOODLAWN,39.178992,-86.523504
2011,6,7,Weekend,1600,2-Car,No injury/unknown,FOLLOWING TOO CLOSELY,17TH ST & WOODLAWN,39.178992,-86.523504
2011,6,5,Weekday,1200,2-Car,No injury/unknown,FAILURE TO YIELD RIGHT OF WAY,1200 N MADISON ST & 500 W 17TH,39.178992,-86.537792
2011,7,7,Weekend,100,Moped/Motorcycle,Non-incapacitating,FAILURE TO YIELD RIGHT OF WAY,17TH ST & KINSER,39.178992,-86.537792
2011,8,1,Weekday,2300,2-Car,No injury/unknown,DISREGARD SIGNAL/REG SIGN,N MADISON & W 17TH ST,39.178992,-86.537792
2011,9,1,Weekday,1900,2-Car,No injury/unknown,UNSAFE BACKING,W 17TH ST,39.178992,-86.537792
2011,10,5,Weekday,1500,2-Car,Non-incapacitating,DRIVER DISTRACTED - EXPLAIN IN NARRATIVE,17TH & KINSER PIKE,39.178992,-86.537792
2011,10,4,Weekday,1800,3+ Cars,No injury/unknown,FOLLOWING TOO CLOSELY,17TH ST & KINSER,39.178992,-86.537792
2011,10,6,Weekday,800,2-Car,No injury/unknown,DISREGARD SIGNAL/REG SIGN,MADISON & W 17TH ST,39.178992,-86.537792
2011,10,7,Weekend,1700,2-Car,No injury/unknown,FOLLOWING TOO CLOSELY,17TH ST & KINSER,39.178992,-86.537792
2011,11,4,Weekday,1700,2-Car,No injury/unknown,FAILURE TO YIELD RIGHT OF WAY,17TH ST & MADISON,39.178992,-86.537792
2011,11,1,Weekday,1900,2-Car,No injury/unknown,IMPROPER TURNING,17TH ST & WOODLAWN,39.178992,-86.523504
2011,7,7,Weekend,500,Pedestrian,Non-incapacitating,OTHER (DRIVER) - EXPLAIN IN NARRATIVE,17TH ST & MADISON,39.17898879,-86.53743914
2011,2,3,Weekday,1700,3+ Cars,No injury/unknown,FOLLOWING TOO CLOSELY,17TH ST & WOODBURN,39.17897761,-86.53620843
2011,1,3,Weekday,1800,2-Car,No injury/unknown,SPEED TOO FAST FOR WEATHER CONDITIONS,N WOODBURN & W 17TH ST,39.178976,-86.536032
2011,2,5,Weekday,900,2-Car,No injury/unknown,FAILURE TO YIELD RIGHT OF WAY,17TH ST & WOODBURN,39.178976,-86.536032
2011,10,6,Weekend,2000,2-Car,No injury/unknown,UNSAFE BACKING,W 17TH ST,39.1789711,-86.52199837
2011,11,5,Weekday,1600,2-Car,No injury/unknown,FOLLOWING TOO CLOSELY,17TH ST & WALNUT,39.17897,-86.53349
2011,11,7,Weekend,0,1-Car,No injury/unknown,OTHER (DRIVER) - EXPLAIN IN NARRATIVE,N JORDAN AVE,39.1789674,-86.51087388
2011,4,6,Weekday,1600,3+ Cars,Non-incapacitating,FOLLOWING TOO CLOSELY,17TH ST & WALNUT GROVE,39.17896215,-86.52126442
2011,4,6,Weekday,900,1-Car,No injury/unknown,UNSAFE BACKING,E 17TH ST,39.17896,-86.521088
2011,4,7,Weekend,1200,2-Car,No injury/unknown,IMPROPER TURNING,N COLLEGE AVE & W 17TH,39.17896,-86.53472
2011,4,4,Weekday,2200,2-Car,No injury/unknown,UNSAFE BACKING,W 17TH ST,39.17896,-86.53472
2011,5,2,Weekday,2100,2-Car,No injury/unknown,DISREGARD SIGNAL/REG SIGN,N COLLEGE & W 17TH ST,39.17896,-86.53472
2011,8,7,Weekend,1200,2-Car,No injury/unknown,FOLLOWING TOO CLOSELY,SEVENTEENTH ST & WALNUT GROVE,39.17896,-86.521088
2011,9,6,Weekday,1000,2-Car,No injury/unknown,UNSAFE SPEED,E 17TH ST,39.17896,-86.521088
2011,9,6,Weekend,1900,2-Car,No injury/unknown,FAILURE TO YIELD RIGHT OF WAY,COLLEGE & W 17TH ST,39.17896,-86.53472
2011,10,5,Weekday,900,2-Car,Non-incapacitating,FAILURE TO YIELD RIGHT OF WAY,N COLLEGE & W 17TH ST,39.17896,-86.53472
2011,10,6,Weekday,1200,2-Car,No injury/unknown,IMPROPER PASSING,N COLLEGE & W 17TH ST,39.17896,-86.53472
2011,10,4,Weekday,2100,2-Car,No injury/unknown,UNSAFE SPEED,17TH ST & COLLEGE,39.17896,-86.53472
2011,10,6,Weekday,1500,2-Car,No injury/unknown,FAILURE TO YIELD RIGHT OF WAY,17TH ST & COLLEGE,39.17896,-86.53472
2011,11,2,Weekday,1600,2-Car,No injury/unknown,FAILURE TO YIELD RIGHT OF WAY,17TH ST & WALNUT,39.17896,-86.521088
2011,11,7,Weekend,800,2-Car,No injury/unknown,IMPROPER LANE USAGE,E 17TH ST,39.17896,-86.521088
2011,12,1,Weekend,1700,2-Car,No injury/unknown,OTHER (DRIVER) - EXPLAIN IN NARRATIVE,W 17TH ST,39.17896,-86.53472
2011,12,1,Weekend,0,2-Car,No injury/unknown,FAILURE TO YIELD RIGHT OF WAY,17TH ST & COLLEGE,39.17896,-86.53472
2011,5,4,Weekday,1400,2-Car,No injury/unknown,FOLLOWING TOO CLOSELY,17TH ST & WALNUT,39.17895785,-86.52094687
2011,7,4,Weekday,1500,2-Car,Non-incapacitating,FOLLOWING TOO CLOSELY,17TH ST & WALNUT,39.17895701,-86.53321635
2011,12,7,Weekend,1200,Moped/Motorcycle,No injury/unknown,OTHER (DRIVER) - EXPLAIN IN NARRATIVE,E 17TH ST,39.17895065,-86.52955121
2011,8,2,Weekday,1100,2-Car,No injury/unknown,OTHER (VEHICLE) - EXPLAIN IN NARRATIVE,WEST  17TH ST,39.1789454,-86.52013144
2011,3,3,Weekday,1500,3+ Cars,Non-incapacitating,DISREGARD SIGNAL/REG SIGN,17TH ST & WALNUT,39.178944,-86.533392
2011,3,4,Weekday,1600,3+ Cars,No injury/unknown,UNSAFE LANE MOVEMENT,E 17TH & N WALNUT ST,39.178944,-86.533392
2011,6,2,Weekday,800,2-Car,Non-incapacitating,SPEED TOO FAST FOR WEATHER CONDITIONS,E 17TH ST & N WALNUT,39.178944,-86.533392
2011,8,2,Weekday,1500,2-Car,No injury/unknown,FOLLOWING TOO CLOSELY,17TH ST & WALNUT,39.178944,-86.533392
2011,8,6,Weekday,1600,3+ Cars,No injury/unknown,FOLLOWING TOO CLOSELY,E 17TH ST & N GRANT,39.178944,-86.5296
2011,12,2,Weekday,2000,2-Car,No injury/unknown,FAILURE TO YIELD RIGHT OF WAY,E 17TH ST & FEE,39.17893608,-86.51952122
2011,8,4,Weekday,400,2-Car,No injury/unknown,OTHER (DRIVER) - EXPLAIN IN NARRATIVE,JOHNATHAN & N CURRY PIKE,39.17893546,-86.58298
2011,4,6,Weekday,1400,2-Car,No injury/unknown,DISREGARD SIGNAL/REG SIGN,17TH ST & FEE,39.178928,-86.518992
2011,4,3,Weekday,1700,Bus,No injury/unknown,UNSAFE BACKING,17TH & FEE LN,39.178928,-86.518992
2011,4,6,Weekday,1600,2-Car,No injury/unknown,IMPROPER LANE USAGE,17TH ST & FEE,39.178928,-86.518992