Year,Month,Day,Weekend?,Hour,Collision Type,Injury Type,Primary Factor,Reported_Location,Latitude,Longitude
2011,8,2,Weekday,1600,2-Car,No injury/unknown,IMPROPER PASSING,17TH ST & FEE,39.178928,-86.518992
2011,11,4,Weekday,1800,2-Car,No injury/unknown,UNSAFE BACKING,17TH & INDIANA AVE,39.1788867,-86.52719648
2011,1,3,Weekday,1500,Bus,No injury/unknown,FOLLOWING TOO CLOSELY,EAST 17TH & NORTH JORDAN AVE,39.17885983,-86.51246693
2011,4,1,Weekend,1800,2-Car,No injury/unknown,FAILURE TO YIELD RIGHT OF WAY,17TH ST & JORDAN,39.17885983,-86.51089736
2011,2,7,Weekend,1800,2-Car,No injury/unknown,UNSAFE BACKING,17TH ST & JORDAN,39.178848,-86.511088
2011,3,6,Weekday,1600,2-Car,No injury/unknown,FOLLOWING TOO CLOSELY,17TH & JORDAN AVE,39.178848,-86.511088
2011,3,6,Weekday,1100,2-Car,No injury/unknown,IMPROPER TURNING,600 N JORDAN (PARKING) AVE & JORDAN,39.178848,-86.511088
2011,3,6,Weekday,1400,2-Car,No injury/unknown,FOLLOWING TOO CLOSELY,EAST 17TH & NORTH JORDAN AVE,39.178848,-86.511088
2011,4,3,Weekday,1700,2-Car,No injury/unknown,FAILURE TO YIELD RIGHT OF WAY,E 17TH & NORTH JORDAN AVE,39.178848,-86.511088
2011,4,7,Weekend,1100,1-Car,No injury/unknown,OTHER (DRIVER) - EXPLAIN IN NARRATIVE,101 N JORDAN AVE & JORDAN,39.178848,-86.511088
2011,4,2,Weekday,1200,2-Car,No injury/unknown,FOLLOWING TOO CLOSELY,E 17TH ST & JORDAN,39.178848,-86.511088
2011,4,6,Weekday,1600,2-Car,No injury/unknown,FOLLOWING TOO CLOSELY,17TH ST & JORDAN,39.178848,-86.511088
2011,4,4,Weekday,1900,Pedestrian,Non-incapacitating,PEDESTRIAN ACTION,17TH & NORTH JORDAN AVE,39.178848,-86.511088
2011,5,5,Weekday,2300,2-Car,No injury/unknown,UNSAFE BACKING,E 17TH ST,39.178848,-86.51144
2011,5,7,Weekend,1300,3+ Cars,No injury/unknown,FOLLOWING TOO CLOSELY,17TH ST & JORDAN,39.178848,-86.511088
2011,6,5,Weekday,1300,1-Car,No injury/unknown,OTHER (VEHICLE) - EXPLAIN IN NARRATIVE,N RANGE RD,39.178848,-86.495296
2011,8,3,Weekday,1500,Moped/Motorcycle,Non-incapacitating,VIEW OBSTRUCTED,EAST 17TH ST,39.178848,-86.51192519
2011,8,7,Weekend,700,1-Car,No injury/unknown,ANIMAL/OBJECT IN ROADWAY,17TH ST & N JORDAN,39.178848,-86.51144088
2011,9,5,Weekday,1600,2-Car,No injury/unknown,FOLLOWING TOO CLOSELY,17TH & N JORDAN AVE,39.178848,-86.511088
2011,11,6,Weekend,1900,1-Car,No injury/unknown,IMPROPER LANE USAGE,E 17TH ST,39.178848,-86.51144
2011,11,2,Weekday,1300,2-Car,No injury/unknown,UNSAFE BACKING,600 N JORDAN (NORTH DRIVE) AVE & NORTH JORDAN,39.178848,-86.511088
2011,12,6,Weekday,0,2-Car,No injury/unknown,FAILURE TO YIELD RIGHT OF WAY,17TH ST & JORDAN,39.178848,-86.511088
2011,12,4,Weekday,1900,2-Car,No injury/unknown,FAILURE TO YIELD RIGHT OF WAY,17TH ST & N JORDAN,39.178848,-86.511088
2011,12,3,Weekday,1100,2-Car,No injury/unknown,OTHER (ENVIRONMENTAL) - EXPLAIN IN NARR,EAST SEVENTEENTH ST & JORDAN,39.178848,-86.511088
2011,2,6,Weekday,200,1-Car,No injury/unknown,RAN OFF ROAD RIGHT,17TH & DUNN ST,39.17876566,-86.52838307
2011,9,7,Weekend,2100,3+ Cars,No injury/unknown,OTHER (DRIVER) - EXPLAIN IN NARRATIVE,17TH & LINCOLN ST,39.17876536,-86.53085152
2011,5,7,Weekend,900,3+ Cars,Incapacitating,FAILURE TO YIELD RIGHT OF WAY,CURRY PIKE & VERNAL,39.17869919,-86.58316993
2011,9,6,Weekday,1700,3+ Cars,Non-incapacitating,FOLLOWING TOO CLOSELY,CHEROKEE & ROGERS ST,39.17867905,-86.53884
2011,7,6,Weekday,1600,2-Car,No injury/unknown,LEFT OF CENTER,17TH & SR46E,39.17828808,-86.50596415
2011,6,4,Weekday,0,1-Car,No injury/unknown,ANIMAL/OBJECT IN ROADWAY,OOLEY & SR45S,39.17818586,-86.4759551
2011,12,1,Weekend,1100,2-Car,No injury/unknown,OTHER (DRIVER) - EXPLAIN IN NARRATIVE,NORTH FEE LN,39.17800784,-86.51889301
2011,6,7,Weekend,2000,2-Car,No injury/unknown,TIRE FAILURE OR DEFECTIVE,716 S WOODLAWN AVE & E 1ST,39.177952,-86.523504
2011,10,5,Weekday,900,2-Car,No injury/unknown,FOLLOWING TOO CLOSELY,16TH & WALNUT ST,39.17784,-86.533408
2011,10,2,Weekday,1700,3+ Cars,Non-incapacitating,FOLLOWING TOO CLOSELY,16TH & WALNUT ST,39.17784,-86.533408
2011,10,7,Weekend,2000,2-Car,No injury/unknown,IMPROPER LANE USAGE,16TH ST & WASHINGTON,39.17782174,-86.53270502
2011,2,7,Weekend,1200,2-Car,No injury/unknown,UNSAFE BACKING,N LINCOLN ST,39.17781747,-86.53086367
2011,1,2,Weekday,1600,2-Car,No injury/unknown,UNSAFE LANE MOVEMENT,16TH ST & WASHINGTON,39.177808,-86.532176
2011,10,2,Weekday,1500,2-Car,No injury/unknown,FAILURE TO YIELD RIGHT OF WAY,1ST & SOUTH WASHINGTON ST,39.177808,-86.532176
2011,1,6,Weekend,1900,2-Car,No injury/unknown,UNSAFE BACKING,E 16TH & N LINCOLN ST,39.177792,-86.530864
2011,2,4,Weekday,2100,2-Car,No injury/unknown,UNSAFE BACKING,E 1ST & S LINCOLN ST,39.177792,-86.530864
2011,12,7,Weekend,1700,2-Car,No injury/unknown,FAILURE TO YIELD RIGHT OF WAY,16TH ST & LINCOLN,39.177792,-86.530864
2011,3,3,Weekday,1700,2-Car,No injury/unknown,FAILURE TO YIELD RIGHT OF WAY,16TH ST & GRANT,39.177776,-86.5296
2011,10,1,Weekend,300,2-Car,No injury/unknown,OTHER (DRIVER) - EXPLAIN IN NARRATIVE,E 16TH ST,39.17777208,-86.52944327
2011,5,4,Weekday,1900,Pedestrian,Non-incapacitating,FAILURE TO YIELD RIGHT OF WAY,16TH & NORTH MADISON ST,39.177744,-86.53776
2011,5,2,Weekday,1800,2-Car,No injury/unknown,FAILURE TO YIELD RIGHT OF WAY,N WOODBURN & W 16TH ST,39.177744,-86.536048
2011,8,2,Weekday,1700,2-Car,No injury/unknown,FOLLOWING TOO CLOSELY,16TH & NORTH MADISON ST,39.177744,-86.53776
2011,9,7,Weekend,2000,2-Car,No injury/unknown,UNSAFE LANE MOVEMENT,16TH & WOODBURN AVE,39.177744,-86.536048
2011,10,7,Weekend,1500,2-Car,No injury/unknown,UNSAFE BACKING,412 EAST 16TH ALY & DUNN,39.177744,-86.52832
2011,10,6,Weekend,1900,2-Car,No injury/unknown,IMPROPER PASSING,NORTH CURRY PIKE,39.177744,-86.583079
2011,10,5,Weekday,2000,2-Car,No injury/unknown,UNSAFE SPEED,E 16TH & N DUNN ST,39.177744,-86.52832
2011,9,6,Weekday,0,2-Car,No injury/unknown,FOLLOWING TOO CLOSELY,OAKDALE DR & PECAN,39.17762944,-86.56951267
2011,5,1,Weekday,2100,1-Car,No injury/unknown,ANIMAL/OBJECT IN ROADWAY,SR37S & VERNAL,39.1775537,-86.5612041
2011,7,3,Weekday,1400,2-Car,Non-incapacitating,DRIVER DISTRACTED - EXPLAIN IN NARRATIVE,SR37S & VERNAL,39.1775537,-86.5612041
2011,4,7,Weekend,1000,2-Car,No injury/unknown,SPEED TOO FAST FOR WEATHER CONDITIONS,W 15TH ST,39.177552,-86.547104
2011,1,3,Weekday,1100,1-Car,No injury/unknown,SPEED TOO FAST FOR WEATHER CONDITIONS,INDUSTRIAL & VERNAL PIKE,39.1774,-86.56199941
2011,3,4,Weekday,1300,2-Car,No injury/unknown,SPEED TOO FAST FOR WEATHER CONDITIONS,SR37S & VERNAL,39.17737768,-86.5609886
2011,8,5,Weekday,1500,2-Car,No injury/unknown,IMPROPER PASSING,SR37N & VERNAL,39.17737768,-86.5609886
2011,6,5,Weekday,2300,1-Car,Non-incapacitating,ANIMAL/OBJECT IN ROADWAY,10TH & SR45N,39.1773722,-86.47737644
2011,11,1,Weekend,1100,2-Car,Non-incapacitating,UNSAFE SPEED,10TH & SR45E,39.1773722,-86.47737644
2011,9,7,Weekend,1300,2-Car,No injury/unknown,FOLLOWING TOO CLOSELY,10TH & SR45N,39.17729242,-86.47752004
2011,11,2,Weekday,900,1-Car,No injury/unknown,RAN OFF ROAD RIGHT,LEMON & VERNAL PIKE,39.17721444,-86.55907256
2011,1,4,Weekday,1000,2-Car,No injury/unknown,IMPROPER PASSING,15TH & COLLEGE AVE,39.17715465,-86.53473389
2011,8,2,Weekday,1400,2-Car,No injury/unknown,UNSAFE BACKING,W 1ST ST,39.17704,-86.52342171
2011,12,3,Weekday,1300,1-Car,No injury/unknown,IMPROPER TURNING,LEMON LN & VERNAL,39.17704,-86.5588
2011,10,7,Weekend,1100,2-Car,No injury/unknown,UNSAFE BACKING,15TH ST & INDIANA,39.17697,-86.52702
2011,1,6,Weekday,1700,2-Car,No injury/unknown,OTHER (DRIVER) - EXPLAIN IN NARRATIVE,N COLLEGE AVE & W 10TH,39.17694817,-86.53483
2011,2,7,Weekend,300,2-Car,No injury/unknown,FAILURE TO YIELD RIGHT OF WAY,15TH & DUNN ST,39.176944,-86.528272
2011,3,4,Weekday,1700,2-Car,No injury/unknown,FAILURE TO YIELD RIGHT OF WAY,E 15TH & N DUNN ST,39.176944,-86.528272
2011,4,3,Weekday,1900,Moped/Motorcycle,Non-incapacitating,FAILURE TO YIELD RIGHT OF WAY,E 15TH & N DUNN ST,39.176944,-86.528272
2011,3,4,Weekday,2200,2-Car,Non-incapacitating,FOLLOWING TOO CLOSELY,15TH & JACKSON ST,39.1769145,-86.53970007
2011,12,7,Weekend,1500,2-Car,No injury/unknown,OTHER (DRIVER) - EXPLAIN IN NARRATIVE,15TH & LINCOLN ST,39.176896,-86.53088
2011,9,5,Weekday,1000,2-Car,No injury/unknown,UNSAFE BACKING,N MAPLE ST,39.17685832,-86.542096
2011,1,6,Weekday,1300,2-Car,No injury/unknown,UNSAFE BACKING,15TH ST,39.176848,-86.552592
2011,2,7,Weekend,1000,1-Car,No injury/unknown,RAN OFF ROAD RIGHT,E 15TH ST & N WALNUT,39.176848,-86.533424
2011,3,3,Weekday,1500,2-Car,No injury/unknown,FOLLOWING TOO CLOSELY,10TH & SR4546E,39.176848,-86.478192
2011,4,2,Weekday,1600,2-Car,No injury/unknown,UNSAFE LANE MOVEMENT,E 15TH & N WALNUT ST,39.176848,-86.533424
2011,4,5,Weekday,1700,2-Car,No injury/unknown,FAILURE TO YIELD RIGHT OF WAY,10TH & STATE RD 45 46 BYP,39.176848,-86.478192
2011,4,2,Weekday,1700,2-Car,No injury/unknown,FOLLOWING TOO CLOSELY,E 10TH ST & SR4546,39.176848,-86.478192
2011,5,2,Weekday,1600,2-Car,No injury/unknown,FOLLOWING TOO CLOSELY,10TH & SR4546N,39.176848,-86.478192
2011,6,7,Weekend,2300,3+ Cars,No injury/unknown,DRIVER DISTRACTED - EXPLAIN IN NARRATIVE,E 10TH & SR4546N,39.176848,-86.478192
2011,8,3,Weekday,2100,2-Car,No injury/unknown,DRIVER DISTRACTED - EXPLAIN IN NARRATIVE,E 10TH & SR45E,39.176848,-86.478192
2011,9,5,Weekday,1600,2-Car,No injury/unknown,DISREGARD SIGNAL/REG SIGN,10TH & SR4546S,39.176848,-86.478192
2011,11,6,Weekday,100,2-Car,No injury/unknown,DISREGARD SIGNAL/REG SIGN,10TH & SR45E,39.176848,-86.478192
2011,11,2,Weekday,1800,2-Car,No injury/unknown,FAILURE TO YIELD RIGHT OF WAY,10TH & SR4546E,39.176848,-86.478192
2011,12,1,Weekend,1800,2-Car,Non-incapacitating,FOLLOWING TOO CLOSELY,10TH & SR45E,39.176848,-86.478192
2011,9,5,Weekday,1100,2-Car,Non-incapacitating,DRIVER DISTRACTED - EXPLAIN IN NARRATIVE,SR37S & VERNAL PK,39.17678633,-86.56211299
2011,10,1,Weekend,1200,Moped/Motorcycle,Non-incapacitating,IMPROPER PASSING,MOORES & S 446 RD,39.17677649,-86.47139
2011,5,2,Weekday,1300,2-Car,No injury/unknown,UNSAFE LANE MOVEMENT,NORTH MAPLE ST,39.17676129,-86.542096
2011,6,4,Weekday,1000,2-Car,Non-incapacitating,DRIVER DISTRACTED - EXPLAIN IN NARRATIVE,SR37S & VERNAL,39.17674594,-86.56216082
2011,11,6,Weekend,1900,Bus,No injury/unknown,FOLLOWING TOO CLOSELY,10TH ST & SR4546,39.17668635,-86.47847728
2011,9,6,Weekday,900,2-Car,No injury/unknown,FOLLOWING TOO CLOSELY,SR37N & VERNAL,39.17664497,-86.56228041
2011,4,3,Weekday,1700,Cyclist,Non-incapacitating,FAILURE TO YIELD RIGHT OF WAY,15TH ST & JACKSON,39.17664,-86.539712
2011,9,2,Weekday,900,2-Car,No injury/unknown,DISREGARD SIGNAL/REG SIGN,1ST & ROGERS ST,39.17664,-86.538496
2011,1,7,Weekend,1900,2-Car,No injury/unknown,OTHER (DRIVER) - EXPLAIN IN NARRATIVE,SR37N & VERNAL,39.176544,-86.5624
2011,3,6,Weekday,1600,3+ Cars,No injury/unknown,UNSAFE LANE MOVEMENT,SR37N & WEST VERNAL,39.176544,-86.5624
2011,8,7,Weekend,1400,2-Car,Non-incapacitating,FOLLOWING TOO CLOSELY,SR37N & VERNAL,39.176544,-86.5624
2011,9,5,Weekday,1400,3+ Cars,No injury/unknown,UNSAFE LANE MOVEMENT,SR37N & VERNAL,39.176544,-86.5624
2011,9,7,Weekend,1400,3+ Cars,Non-incapacitating,FOLLOWING TOO CLOSELY,SR37S & VERNAL,39.176544,-86.5624
2011,11,3,Weekday,1100,2-Car,No injury/unknown,FOLLOWING TOO CLOSELY,SR37N & VERNAL,39.176544,-86.5624
2011,11,4,Weekday,1800,2-Car,Non-incapacitating,FOLLOWING TOO CLOSELY,SR37S & VERNAL,39.176544,-86.5624
2011,12,4,Weekday,1700,3+ Cars,No injury/unknown,FOLLOWING TOO CLOSELY,SR37S & VERNAL,39.176544,-86.5624
2011,9,2,Weekday,2000,Bus,No injury/unknown,OTHER (DRIVER) - EXPLAIN IN NARRATIVE,LINGLEBACH LN & UNION,39.17653,-86.5099373
2011,10,4,Weekday,1600,Bus,No injury/unknown,IMPROPER LANE USAGE,LINGLEBACH LN & UNION,39.17653,-86.50991611
2011,10,5,Weekday,1800,2-Car,No injury/unknown,UNSAFE BACKING,LINGELBACH LN & UNION,39.17653,-86.5099373
2011,10,1,Weekend,1200,2-Car,No injury/unknown,OTHER (VEHICLE) - EXPLAIN IN NARRATIVE,LINGELBACH LN & NORTH UNION,39.17653,-86.50992
2011,4,6,Weekday,1800,2-Car,No injury/unknown,UNSAFE BACKING,NORTH FEE LN,39.17649317,-86.51882584
2011,8,5,Weekday,1600,3+ Cars,No injury/unknown,FOLLOWING TOO CLOSELY,STATE ROAD 37 SOUTHBOUND RD & VERNAL,39.17646468,-86.56232831
2011,1,5,Weekday,1300,1-Car,No injury/unknown,ROADWAY SURFACE CONDITION,SMITHVILLE & SR37S,39.17643097,-86.5364409
2011,5,3,Weekday,600,1-Car,No injury/unknown,ANIMAL/OBJECT IN ROADWAY,SR37N & VERNAL,39.17635934,-86.56266121
2011,6,1,Weekend,1200,2-Car,No injury/unknown,SPEED TOO FAST FOR WEATHER CONDITIONS,SR37N & W VERNAL,39.17635934,-86.56266121
2011,4,5,Weekday,2000,2-Car,No injury/unknown,UNSAFE BACKING,14TH & INDIANA AVE,39.17632928,-86.52712458
2011,11,7,Weekend,1000,3+ Cars,No injury/unknown,OTHER (DRIVER) - EXPLAIN IN NARRATIVE,SR37S & VERNAL,39.17626701,-86.56279182
2011,11,3,Weekday,1200,2-Car,No injury/unknown,UNSAFE BACKING,RANGE RD,39.17625234,-86.49542234
2011,9,3,Weekday,1200,2-Car,No injury/unknown,,600 BLK E 14TH ST & FESS,39.17624,-86.52584
2011,12,2,Weekday,1600,3+ Cars,No injury/unknown,FAILURE TO YIELD RIGHT OF WAY,14TH & INDIANA AVE,39.176192,-86.52712
2011,4,2,Weekday,1700,2-Car,No injury/unknown,FAILURE TO YIELD RIGHT OF WAY,E 14TH ST & S DUNN,39.17616,-86.528224
2011,3,2,Weekday,1100,2-Car,No injury/unknown,FAILURE TO YIELD RIGHT OF WAY,14TH & WOODLAWN AVE,39.176144,-86.523504
2011,3,2,Weekday,0,2-Car,No injury/unknown,UNSAFE BACKING,N FEE LN,39.17612549,-86.51898236
2011,3,4,Weekday,1600,2-Car,No injury/unknown,IMPROPER TURNING,14TH ST & INDIANA,39.17611,-86.52701
2011,10,3,Weekday,1500,1-Car,No injury/unknown,RAN OFF ROAD RIGHT,14TH ST & FORREST,39.17604,-86.52245346
2011,4,7,Weekend,2100,2-Car,No injury/unknown,FAILURE TO YIELD RIGHT OF WAY,E 14TH ST & N LINCOLN,39.176,-86.530896
2011,2,6,Weekday,700,2-Car,No injury/unknown,OTHER (DRIVER) - EXPLAIN IN NARRATIVE,14TH ST & COLLEGE,39.175984,-86.534736
2011,9,3,Weekday,1900,2-Car,No injury/unknown,OTHER (DRIVER) - EXPLAIN IN NARRATIVE,14TH & NORTH COLLEGE AVE,39.175984,-86.534736
2011,11,3,Weekday,300,1-Car,No injury/unknown,OTHER (DRIVER) - EXPLAIN IN NARRATIVE,N COLLEGE AVE,39.175984,-86.534736
2011,12,6,Weekday,700,Bus,No injury/unknown,DISREGARD SIGNAL/REG SIGN,14TH & COLLEGE AVE,39.175984,-86.534736
2011,9,1,Weekday,2100,2-Car,No injury/unknown,FOLLOWING TOO CLOSELY,JONES & JORDAN AVE,39.17597466,-86.51641
2011,2,7,Weekend,1000,2-Car,No injury/unknown,SPEED TOO FAST FOR WEATHER CONDITIONS,E 14TH & N WALNUT ST,39.175952,-86.53344
2011,8,4,Weekday,0,2-Car,No injury/unknown,IMPROPER LANE USAGE,14TH & WALNUT ST,39.175952,-86.53344
2011,9,4,Weekday,1800,2-Car,Non-incapacitating,FAILURE TO YIELD RIGHT OF WAY,14TH & NORTH WALNUT ST,39.175952,-86.53344
2011,9,6,Weekday,1500,2-Car,No injury/unknown,IMPROPER LANE USAGE,14TH & N WALNUT ST,39.175952,-86.53344
2011,11,2,Weekday,1100,2-Car,Non-incapacitating,FAILURE TO YIELD RIGHT OF WAY,E 14TH & N WALNUT ST,39.175952,-86.53344
2011,4,1,Weekend,300,2-Car,Non-incapacitating,UNSAFE SPEED,EAST 14TH & NORTH WALNUT ST,39.17595,-86.53356
2011,11,4,Weekday,2100,1-Car,No injury/unknown,ANIMAL/OBJECT IN ROADWAY,KNIGHTRIDGE & SR446S,39.17590674,-86.46687023
2011,2,4,Weekday,1400,2-Car,No injury/unknown,FOLLOWING TOO CLOSELY,SR37N & VERNAL,39.17562068,-86.56370604
2011,9,2,Weekday,1200,2-Car,No injury/unknown,IMPROPER TURNING,E BROWNSTONE RD RD,39.175594,-86.531515
2011,1,4,Weekday,1600,2-Car,No injury/unknown,OTHER (DRIVER) - EXPLAIN IN NARRATIVE,N UNION CT,39.175553,-86.509179
2011,5,2,Weekday,0,1-Car,No injury/unknown,UNSAFE SPEED,13TH & DUNN ST,39.175552,-86.528192
2011,7,6,Weekday,1600,1-Car,No injury/unknown,UNSAFE SPEED,13TH ST & INDIANA,39.17551488,-86.52735061
2011,7,4,Weekday,1800,2-Car,No injury/unknown,FAILURE TO YIELD RIGHT OF WAY,1020 S WOODLAWN DR,39.17550727,-86.52349127
2011,1,4,Weekday,1100,2-Car,No injury/unknown,FAILURE TO YIELD RIGHT OF WAY,E 13TH ST & N INDIANA,39.175504,-86.527104
2011,2,2,Weekday,1300,2-Car,No injury/unknown,FAILURE TO YIELD RIGHT OF WAY,E 13TH & N INDIANA AVE,39.175504,-86.527104
2011,3,7,Weekend,1300,3+ Cars,No injury/unknown,FAILURE TO YIELD RIGHT OF WAY,E 13TH & N INDIANA AVE,39.175504,-86.527104
2011,4,6,Weekday,1300,2-Car,No injury/unknown,FAILURE TO YIELD RIGHT OF WAY,13TH & INDIANA AVE,39.175504,-86.527104
2011,4,5,Weekday,1400,3+ Cars,No injury/unknown,FAILURE TO YIELD RIGHT OF WAY,13TH & INDIANA AVE,39.175504,-86.527104
2011,5,7,Weekend,700,1-Car,Non-incapacitating,OTHER (DRIVER) - EXPLAIN IN NARRATIVE,E 13TH & N INDIANA AVE,39.175504,-86.527104
2011,11,6,Weekday,1600,2-Car,No injury/unknown,FAILURE TO YIELD RIGHT OF WAY,13TH & INDIANA AVE,39.175504,-86.527104
2011,11,1,Weekend,1600,2-Car,Non-incapacitating,FAILURE TO YIELD RIGHT OF WAY,E 13TH & N INDIANA AVE,39.175504,-86.527104
2011,11,4,Weekday,1700,Cyclist,Non-incapacitating,FAILURE TO YIELD RIGHT OF WAY,13TH ST & INDIANA,39.175504,-86.527104
2011,11,3,Weekday,1500,2-Car,No injury/unknown,FAILURE TO YIELD RIGHT OF WAY,13TH & INDIANA AVE,39.175504,-86.527104
2011,1,7,Weekend,2200,2-Car,Non-incapacitating,FAILURE TO YIELD RIGHT OF WAY,E 13TH ST & N FESS,39.17544,-86.525824
2011,2,7,Weekend,2100,2-Car,No injury/unknown,DISREGARD SIGNAL/REG SIGN,13TH ST & FESS,39.17544,-86.525824
2011,2,4,Weekday,2300,2-Car,No injury/unknown,FAILURE TO YIELD RIGHT OF WAY,E 13TH ST & N FESS,39.17544,-86.525824
2011,2,7,Weekend,200,3+ Cars,No injury/unknown,RAN OFF ROAD RIGHT,N RANGE RD,39.17536961,-86.49557588
2011,5,6,Weekend,2300,2-Car,No injury/unknown,OTHER (DRIVER) - EXPLAIN IN NARRATIVE,RANGE RD,39.17536961,-86.49557588
2011,4,4,Weekday,1400,2-Car,No injury/unknown,,E 13TH ST & N WOODLAWN,39.175344,-86.523488
2011,6,6,Weekday,0,2-Car,No injury/unknown,UNSAFE SPEED,S ROGERS ST,39.17529894,-86.538512
2011,11,4,Weekday,1500,2-Car,Non-incapacitating,UNSAFE BACKING,NORTH FEE LN,39.17524114,-86.51896409
2011,1,6,Weekday,1500,3+ Cars,No injury/unknown,FAILURE TO YIELD RIGHT OF WAY,E 13TH ST & N WALNUT GROVE,39.175232,-86.520976
2011,9,1,Weekday,1900,2-Car,No injury/unknown,FAILURE TO YIELD RIGHT OF WAY,13 ST & WALNUT,39.175232,-86.520976
2011,10,7,Weekend,0,2-Car,No injury/unknown,OTHER (DRIVER) - EXPLAIN IN NARRATIVE,E 13TH ST,39.17521746,-86.52061527
2011,1,5,Weekday,900,2-Car,No injury/unknown,SPEED TOO FAST FOR WEATHER CONDITIONS,N FEE LN,39.175152,-86.518992
2011,3,1,Weekend,1700,1-Car,No injury/unknown,OVERCORRECTING/OVERSTEERING,13TH ST & FEE,39.175152,-86.518992
2011,9,5,Weekday,0,2-Car,No injury/unknown,UNSAFE BACKING,N SUMMIT ST & W 13TH,39.175152,-86.548048
2011,10,1,Weekend,1700,Pedestrian,Incapacitating,UNSAFE BACKING,W 13TH ST,39.175152,-86.54949273
2011,10,4,Weekday,2200,3+ Cars,No injury/unknown,OVERCORRECTING/OVERSTEERING,E 13TH ST & N FEE,39.175152,-86.518992
2011,11,6,Weekday,1600,2-Car,No injury/unknown,UNSAFE BACKING,10TH ST & ROGERS,39.175152,-86.538512
2011,3,7,Weekend,400,1-Car,No injury/unknown,BRAKE FAILURE OR DEFECTIVE,RUSSELL & SR45E,39.17513055,-86.4814988
2011,5,6,Weekday,1200,2-Car,No injury/unknown,OTHER (VEHICLE) - EXPLAIN IN NARRATIVE,RUSSELL & SR45W,39.17513055,-86.4814694
2011,1,5,Weekday,1600,2-Car,No injury/unknown,SPEED TOO FAST FOR WEATHER CONDITIONS,N FEE LN,39.175113,-86.519036
2011,4,7,Weekend,1400,2-Car,No injury/unknown,IMPROPER TURNING,14TH & COLLEGE AVE,39.17488547,-86.534752
2011,8,3,Weekday,1100,2-Car,No injury/unknown,UNSAFE BACKING,4300 E KINSER DR & DECKARD,39.174544,-86.479792
2011,9,6,Weekday,100,2-Car,No injury/unknown,IMPROPER LANE USAGE,12TH ST & GRANT,39.174448,-86.529696
2011,3,2,Weekday,1900,2-Car,No injury/unknown,LEFT OF CENTER,12TH ST & LINCOLN,39.174416,-86.530992
2011,12,7,Weekend,2200,3+ Cars,No injury/unknown,OTHER (DRIVER) - EXPLAIN IN NARRATIVE,12 TH ST & LINCOLN,39.174416,-86.530992
2011,9,1,Weekday,2300,2-Car,No injury/unknown,IMPROPER TURNING,7TH & MORTON ST,39.17437653,-86.53612
2011,10,4,Weekday,1800,Bus,No injury/unknown,OVERCORRECTING/OVERSTEERING,12TH ST & INDIANA,39.174368,-86.527088
2011,11,2,Weekday,1800,Cyclist,Non-incapacitating,OTHER (DRIVER) - EXPLAIN IN NARRATIVE,12TH & INDIANA AVE,39.174368,-86.527088
2011,8,2,Weekday,2100,2-Car,Non-incapacitating,DISREGARD SIGNAL/REG SIGN,12 & INDIANA AVE,39.17435958,-86.52698457
2011,10,6,Weekday,900,2-Car,No injury/unknown,OTHER (DRIVER) - EXPLAIN IN NARRATIVE,12TH ST & ILLINOIS,39.17435201,-86.54951785
2011,5,6,Weekday,1600,2-Car,Non-incapacitating,BRAKE FAILURE OR DEFECTIVE,N MONROE ST & W 12TH,39.174352,-86.547104
2011,8,5,Weekday,1900,Pedestrian,Non-incapacitating,PEDESTRIAN ACTION,12TH ST & NORTH SUMMIT,39.174352,-86.548
2011,9,6,Weekend,2000,2-Car,No injury/unknown,SPEED TOO FAST FOR WEATHER CONDITIONS,12TH ST & WALNUT,39.174352,-86.533472
2011,3,7,Weekend,800,2-Car,No injury/unknown,DISREGARD SIGNAL/REG SIGN,12TH & INDIANA AVE,39.17435,-86.52699
2011,11,3,Weekday,1300,2-Car,No injury/unknown,FAILURE TO YIELD RIGHT OF WAY,INDIANA AVE & TWELFTH,39.17434998,-86.52698993
2011,10,7,Weekend,1800,2-Car,No injury/unknown,FAILURE TO YIELD RIGHT OF WAY,12TH ST & FESS,39.17434,-86.52584
2011,1,5,Weekday,1200,1-Car,No injury/unknown,SPEED TOO FAST FOR WEATHER CONDITIONS,700 BLK E12TH ST & FESS,39.174336,-86.525808
2011,4,4,Weekday,1300,2-Car,No injury/unknown,UNSAFE LANE MOVEMENT,11TH & COLLEGE AVE,39.17433062,-86.534752
2011,12,3,Weekday,800,1-Car,Non-incapacitating,RAN OFF ROAD RIGHT,E RHORER & S SARE RD,39.1742456,-86.51158275
2011,1,7,Weekend,1200,2-Car,No injury/unknown,LEFT OF CENTER,N WOODBRIDGE DR,39.1741,-86.492509
2011,5,7,Weekend,1600,Moped/Motorcycle,Non-incapacitating,UNSAFE SPEED,NORTH WOODBRIDGE DR,39.1741,-86.492509
2011,1,4,Weekday,1500,2-Car,No injury/unknown,SPEED TOO FAST FOR WEATHER CONDITIONS,N WOODBRIDGE DR,39.1740787,-86.49051471