Year,Month,Day,Weekend?,Hour,Collision Type,Injury Type,Primary Factor,Reported_Location,Latitude,Longitude
2011,12,1,Weekend,1100,2-Car,No injury/unknown,OTHER (DRIVER) - EXPLAIN IN NARRATIVE,11TH & 800 BLK N COLLEGE AVE,39.17405597,-86.534752
2011,12,1,Weekend,1100,2-Car,No injury/unknown,OTHER (DRIVER) - EXPLAIN IN NARRATIVE,11TH & 800 BLK N COLLEGE AVE,39.17405597,-86.534752
2011,4,4,Weekday,1400,Bus,No injury/unknown,FAILURE TO YIELD RIGHT OF WAY,FEE LN & LAW,39.174048,-86.518896
2011,11,3,Weekday,1900,Cyclist,Non-incapacitating,FAILURE TO YIELD RIGHT OF WAY,FEE LN & LAW,39.174048,-86.518896
2011,11,3,Weekday,1900,Pedestrian,Non-incapacitating,FAILURE TO YIELD RIGHT OF WAY,FEE & LAW LN,39.174048,-86.518896
2011,11,4,Weekday,2300,3+ Cars,No injury/unknown,FAILURE TO YIELD RIGHT OF WAY,13 & INDIANA AVE,39.173884,-86.526979
2011,4,2,Weekday,1100,1-Car,No injury/unknown,,10TH & DUNN ST,39.17378527,-86.52828
2011,5,4,Weekday,1100,2-Car,No injury/unknown,UNSAFE BACKING,JORDAN & LAW LN,39.17364542,-86.51618343
2011,2,7,Weekend,300,3+ Cars,No injury/unknown,OTHER (DRIVER) - EXPLAIN IN NARRATIVE,LAW & NORTH JORDAN AVE,39.173552,-86.515488
2011,4,2,Weekday,1300,2-Car,No injury/unknown,IMPROPER TURNING,JORDAN AVE & LAW,39.173552,-86.515488
2011,10,6,Weekday,1700,2-Car,No injury/unknown,FOLLOWING TOO CLOSELY,JORDAN AVE & LAW,39.173552,-86.515488
2011,11,2,Weekday,1400,2-Car,No injury/unknown,FAILURE TO YIELD RIGHT OF WAY,JORDAN & LAW LN,39.173552,-86.515488
2011,11,1,Weekend,1800,3+ Cars,No injury/unknown,CELL PHONE USAGE,JORDAN AVE & LAW,39.173552,-86.515488
2011,5,1,Weekday,2000,1-Car,No injury/unknown,CELL PHONE USAGE,11TH & VERNAL PIKE,39.17352489,-86.55523062
2011,11,4,Weekday,1400,2-Car,No injury/unknown,,JORDAN & LAW LN,39.17350763,-86.51532103
2011,9,2,Weekday,1100,Cyclist,Non-incapacitating,FAILURE TO YIELD RIGHT OF WAY,EAST ELEVENTH & NORTH FEE LN,39.17344883,-86.52583659
2011,2,3,Weekday,400,2-Car,No injury/unknown,RAN OFF ROAD RIGHT,11TH & INDIANA AVE,39.17344,-86.527056
2011,3,6,Weekday,1500,2-Car,No injury/unknown,FAILURE TO YIELD RIGHT OF WAY,11TH & WOODLAWN AVE,39.17344,-86.523616
2011,4,2,Weekday,2300,2-Car,No injury/unknown,FAILURE TO YIELD RIGHT OF WAY,EAST 11TH & WOODLAWN AVE,39.17344,-86.523616
2011,5,4,Weekday,1500,2-Car,No injury/unknown,UNSAFE BACKING,EAST 11TH ST,39.17344,-86.522464
2011,6,3,Weekday,2300,2-Car,No injury/unknown,IMPROPER LANE USAGE,11TH & N LINCOLN ST,39.17344,-86.530992
2011,10,5,Weekday,2100,2-Car,No injury/unknown,FAILURE TO YIELD RIGHT OF WAY,E 11TH & N WOODLAWN AVE,39.17344,-86.523616
2011,10,6,Weekday,1200,2-Car,No injury/unknown,FAILURE TO YIELD RIGHT OF WAY,E 11TH ST & N WOODLAWN,39.17344,-86.523616
2011,10,2,Weekday,900,2-Car,No injury/unknown,FAILURE TO YIELD RIGHT OF WAY,11TH ST & WOODLAWN,39.17344,-86.523616
2011,11,5,Weekday,1100,2-Car,No injury/unknown,FAILURE TO YIELD RIGHT OF WAY,900 E 11TH ST & WOODLAWN,39.17344,-86.523616
2011,12,1,Weekday,1900,2-Car,No injury/unknown,SPEED TOO FAST FOR WEATHER CONDITIONS,11TH ST & WALNUT GROVE,39.17344,-86.520944
2011,4,4,Weekday,1100,2-Car,No injury/unknown,UNSAFE BACKING,EAST 11TH ST,39.17342,-86.522409
2011,9,6,Weekday,1500,Bus,No injury/unknown,IMPROPER TURNING,11TH & WOODLAWN AVE,39.17342,-86.52352
2011,6,1,Weekend,1800,2-Car,No injury/unknown,RAN OFF ROAD RIGHT,11TH ST & ORRIS,39.173344,-86.54505686
2011,1,1,Weekend,900,2-Car,No injury/unknown,OTHER (DRIVER) - EXPLAIN IN NARRATIVE,W 11TH ST,39.173344,-86.54980245
2011,2,4,Weekday,1500,2-Car,No injury/unknown,FAILURE TO YIELD RIGHT OF WAY,W 11TH & W VERNAL PIKE,39.173344,-86.555104
2011,5,3,Weekday,1700,2-Car,No injury/unknown,UNSAFE BACKING,WEST 11TH ST,39.173344,-86.54734825
2011,9,4,Weekday,1100,3+ Cars,No injury/unknown,UNSAFE BACKING,W 11TH ST,39.173344,-86.544272
2011,9,6,Weekday,1400,2-Car,Non-incapacitating,UNSAFE SPEED,ILLINOIS & ILLINOIS CT,39.173344,-86.550304
2011,12,6,Weekday,300,1-Car,No injury/unknown,UNSAFE SPEED,11TH ST,39.173344,-86.5493208
2011,10,3,Weekday,1900,2-Car,No injury/unknown,SPEED TOO FAST FOR WEATHER CONDITIONS,11TH & NORTH COLLEGE AVE,39.17328,-86.5348
2011,10,3,Weekday,1600,2-Car,No injury/unknown,FAILURE TO YIELD RIGHT OF WAY,11TH ST & COLLEGE,39.17328,-86.53478702
2011,2,4,Weekday,1400,2-Car,No injury/unknown,UNSAFE BACKING,WEST 11TH ST,39.17326249,-86.53670727
2011,4,7,Weekend,1500,2-Car,Non-incapacitating,IMPROPER TURNING,11TH & N WALNUT ST,39.173248,-86.533488
2011,8,4,Weekday,1900,2-Car,No injury/unknown,FAILURE TO YIELD RIGHT OF WAY,11TH & WALNUT ST,39.173248,-86.533488
2011,8,6,Weekend,1900,2-Car,No injury/unknown,FAILURE TO YIELD RIGHT OF WAY,E 11TH & N WALNUT ST,39.173248,-86.533488
2011,3,5,Weekday,1300,2-Car,No injury/unknown,FOLLOWING TOO CLOSELY,11TH & COLLEGE AVE,39.173232,-86.534752
2011,4,5,Weekday,1600,2-Car,No injury/unknown,FOLLOWING TOO CLOSELY,N COLLEGE AVE & W 11TH,39.173232,-86.534752
2011,7,2,Weekday,1100,3+ Cars,No injury/unknown,FOLLOWING TOO CLOSELY,N COLLEGE AVE & W 11TH,39.173232,-86.534752
2011,7,5,Weekday,300,2-Car,No injury/unknown,UNSAFE LANE MOVEMENT,11TH & COLLEGE AVE,39.173232,-86.534752
2011,8,6,Weekday,1700,Pedestrian,Non-incapacitating,RAN OFF ROAD RIGHT,11TH & 700 BLOCK OF NORTH COLLEGE AVE,39.173232,-86.534752
2011,11,1,Weekday,2100,2-Car,No injury/unknown,SPEED TOO FAST FOR WEATHER CONDITIONS,N COLLEGE AVE & W 11TH,39.173232,-86.534752
2011,1,4,Weekday,2000,3+ Cars,No injury/unknown,OTHER (VEHICLE) - EXPLAIN IN NARRATIVE,NORTH MORTON & WEST 11 TH ST,39.173216,-86.536
2011,1,4,Weekday,1100,Bus,No injury/unknown,FAILURE TO YIELD RIGHT OF WAY,300 W 11TH ST & 600 N MORTON,39.173216,-86.536
2011,3,2,Weekday,1400,2-Car,No injury/unknown,FAILURE TO YIELD RIGHT OF WAY,11TH ST & MORTON,39.173216,-86.536
2011,9,6,Weekend,1900,2-Car,No injury/unknown,IMPROPER TURNING,W 11TH ST,39.17319967,-86.53691429
2011,3,5,Weekday,1200,Moped/Motorcycle,Incapacitating,DISREGARD SIGNAL/REG SIGN,500 W 11TH ST & 600 N ROGERS,39.173184,-86.538528
2011,7,7,Weekend,1200,1-Car,No injury/unknown,,W 11TH ST,39.173184,-86.537792
2011,8,4,Weekday,800,2-Car,No injury/unknown,DISREGARD SIGNAL/REG SIGN,N ROGERS ST & W 11TH,39.173184,-86.538528
2011,8,6,Weekend,2100,2-Car,No injury/unknown,FAILURE TO YIELD RIGHT OF WAY,11TH ST & ROGERS,39.173184,-86.538528
2011,7,7,Weekend,400,1-Car,No injury/unknown,RAN OFF ROAD RIGHT,11TH ST & FAIRVIEW,39.17315946,-86.5402708
2011,12,4,Weekday,900,2-Car,No injury/unknown,FOLLOWING TOO CLOSELY,W GRAY ST & W VERNAL,39.173056,-86.55464
2011,7,5,Weekday,800,2-Car,No injury/unknown,UNSAFE LANE MOVEMENT,SR37S & VERNAL,39.17302422,-86.56737844
2011,1,5,Weekday,2000,1-Car,No injury/unknown,OTHER (DRIVER) - EXPLAIN IN NARRATIVE,EAST LAW LN,39.17300295,-86.51342316
2011,2,7,Weekend,1900,2-Car,No injury/unknown,IMPROPER TURNING,E LAW LN,39.17300295,-86.51342316
2011,5,4,Weekday,1200,2-Car,No injury/unknown,UNSAFE BACKING,LAW LN,39.172986,-86.513406
2011,9,3,Weekday,2100,1-Car,No injury/unknown,RAN OFF ROAD RIGHT,E LAW LN,39.17297448,-86.51331469
2011,11,3,Weekday,1000,2-Car,No injury/unknown,OVERCORRECTING/OVERSTEERING,11TH & COLLEGE AVE,39.17295735,-86.53475495
2011,12,1,Weekend,900,1-Car,No injury/unknown,RAN OFF ROAD RIGHT,SR37 & VERNAL,39.17286025,-86.56761135
2011,4,6,Weekend,1900,2-Car,No injury/unknown,UNSAFE LANE MOVEMENT,JONES & JORDAN AVE,39.17280226,-86.51641
2011,3,6,Weekday,1500,1-Car,No injury/unknown,SPEED TOO FAST FOR WEATHER CONDITIONS,10TH & N SMITH RD,39.172752,-86.482288
2011,6,5,Weekday,1600,2-Car,No injury/unknown,FAILURE TO YIELD RIGHT OF WAY,10TH ST & SMITH,39.172752,-86.482288
2011,6,2,Weekday,900,2-Car,No injury/unknown,FOLLOWING TOO CLOSELY,E 10TH ST & N SMITH,39.172752,-86.482288
2011,6,4,Weekday,200,1-Car,No injury/unknown,DRIVER DISTRACTED - EXPLAIN IN NARRATIVE,10TH ST & SMITH,39.172752,-86.482288
2011,7,6,Weekday,1600,2-Car,No injury/unknown,FOLLOWING TOO CLOSELY,10TH & SMITH RD,39.172752,-86.482288
2011,8,3,Weekday,1200,Moped/Motorcycle,Non-incapacitating,DRIVER DISTRACTED - EXPLAIN IN NARRATIVE,E 10TH ST & N SMITH,39.172752,-86.482288
2011,2,4,Weekday,2200,2-Car,No injury/unknown,FAILURE TO YIELD RIGHT OF WAY,COTTAGE GROVE & INDIANA AVE,39.17264,-86.52704
2011,5,2,Weekday,700,2-Car,No injury/unknown,UNSAFE BACKING,COTTAGE GROVE & DUNN ST,39.17264,-86.528272
2011,8,5,Weekday,0,Moped/Motorcycle,Incapacitating,SPEED TOO FAST FOR WEATHER CONDITIONS,COTTAGE GROVE ST & GRANT,39.17264,-86.529696
2011,10,6,Weekday,1600,2-Car,No injury/unknown,FAILURE TO YIELD RIGHT OF WAY,COTTAGE GRV & PARK,39.17264,-86.52464
2011,11,4,Weekday,1600,2-Car,No injury/unknown,FAILURE TO YIELD RIGHT OF WAY,COTTAGE GROVE & INDIANA AVE,39.17264,-86.52704
2011,10,2,Weekday,1100,Moped/Motorcycle,No injury/unknown,FAILURE TO YIELD RIGHT OF WAY,COTTAGE & WOODLAWN AVE,39.17253,-86.52352
2011,2,2,Weekday,1200,2-Car,No injury/unknown,FAILURE TO YIELD RIGHT OF WAY,FEE LN,39.17252825,-86.51891463
2011,12,2,Weekday,2000,2-Car,No injury/unknown,FAILURE TO YIELD RIGHT OF WAY,COTTAGE GROVE AVE & FORREST,39.17252004,-86.5224
2011,12,7,Weekend,1200,3+ Cars,No injury/unknown,FAILURE TO YIELD RIGHT OF WAY,COTTEGE & LINCOLN ST,39.17252004,-86.53101995
2011,8,7,Weekend,1300,2-Car,No injury/unknown,FAILURE TO YIELD RIGHT OF WAY,COTTAGE & WASHINGTON ST,39.17252,-86.53234
2011,6,2,Weekday,700,Pedestrian,Non-incapacitating,DRIVER DISTRACTED - EXPLAIN IN NARRATIVE,COTTAGE GRV & WALNUT,39.1725,-86.52099308
2011,3,5,Weekday,1800,1-Car,No injury/unknown,OTHER (DRIVER) - EXPLAIN IN NARRATIVE,NORTH UNION ST,39.172342,-86.509659
2011,3,3,Weekday,300,1-Car,No injury/unknown,RAN OFF ROAD RIGHT,LAW & UNION ST,39.17234,-86.50966
2011,4,4,Weekday,2000,2-Car,No injury/unknown,UNSAFE BACKING,LAW LN & UNION,39.17234,-86.5096427
2011,8,6,Weekday,1100,2-Car,No injury/unknown,OTHER (VEHICLE) - EXPLAIN IN NARRATIVE,LAW & UNION ST,39.17234,-86.5096773
2011,10,3,Weekday,1700,2-Car,No injury/unknown,FOLLOWING TOO CLOSELY,LAW LN & UNION,39.17234,-86.50963405
2011,4,6,Weekday,500,1-Car,No injury/unknown,ANIMAL/OBJECT IN ROADWAY,E 10TH & RANGE RD,39.17232796,-86.49530798
2011,7,1,Weekend,1300,2-Car,No injury/unknown,UNSAFE BACKING,BARRRINGTON DR,39.172272,-86.487489
2011,10,3,Weekday,700,2-Car,No injury/unknown,OTHER (DRIVER) - EXPLAIN IN NARRATIVE,10TH & SMITH RD,39.17220565,-86.48175371
2011,12,3,Weekday,900,2-Car,No injury/unknown,,E BARRINGTON DR,39.17219684,-86.48835472
2011,11,1,Weekend,1700,2-Car,No injury/unknown,FAILURE TO YIELD RIGHT OF WAY,10TH & COLLEGE AVE,39.17215597,-86.53476357
2011,12,6,Weekday,1400,3+ Cars,Non-incapacitating,FOLLOWING TOO CLOSELY,10TH & SR46S,39.17214794,-86.5023884
2011,6,1,Weekend,1600,3+ Cars,No injury/unknown,OTHER (DRIVER) - EXPLAIN IN NARRATIVE,N UNION ST,39.172144,-86.509392
2011,6,6,Weekday,1000,2-Car,No injury/unknown,UNSAFE BACKING,NORTH UNION ST,39.172144,-86.509392
2011,10,6,Weekend,1900,2-Car,No injury/unknown,IMPROPER TURNING,NORTH UNION ST,39.172144,-86.509392
2011,12,4,Weekday,1500,2-Car,No injury/unknown,FAILURE TO YIELD RIGHT OF WAY,N UNION ST,39.172144,-86.509392
2011,10,2,Weekday,700,2-Car,No injury/unknown,UNSAFE BACKING,SMITH RD,39.172134,-86.481902
2011,12,6,Weekend,1900,1-Car,No injury/unknown,ANIMAL/OBJECT IN ROADWAY,10TH & N SMITH RD,39.17209626,-86.48164705
2011,10,5,Weekday,1300,2-Car,No injury/unknown,FOLLOWING TOO CLOSELY,1400 BLOCK OF NORTH KINSER PIKE & W NORTHLANE,39.17207328,-86.53776591
2011,1,4,Weekday,1100,2-Car,No injury/unknown,UNSAFE BACKING,N CURRY PIKE,39.17204506,-86.582992
2011,3,2,Weekday,1300,2-Car,Non-incapacitating,UNSAFE SPEED,10TH & SR46S,39.17202295,-86.5023153
2011,10,4,Weekday,1400,1-Car,No injury/unknown,IMPROPER TURNING,NORTH RANGE RD,39.172015,-86.495392
2011,8,2,Weekday,1200,2-Car,No injury/unknown,IMPROPER PASSING,SECOND & SOUTH ROGERS ST,39.17197358,-86.53867
2011,10,4,Weekday,1700,2-Car,Non-incapacitating,SPEED TOO FAST FOR WEATHER CONDITIONS,CURRY PIKE & PROFILE,39.17196,-86.58298
2011,1,4,Weekday,1700,2-Car,No injury/unknown,FAILURE TO YIELD RIGHT OF WAY,10TH & WOODLAWN AVE,39.17190647,-86.52354907
2011,12,1,Weekend,500,1-Car,No injury/unknown,RAN OFF ROAD RIGHT,GETTYS & KERR CRK,39.17187028,-86.41666749
2011,4,3,Weekday,800,2-Car,No injury/unknown,OTHER (DRIVER) - EXPLAIN IN NARRATIVE,W WHITEHALL CROSSING XING,39.171867,-86.572395
2011,8,1,Weekend,1500,2-Car,No injury/unknown,UNSAFE BACKING,W WHITEHALL CROSSING,39.171867,-86.572395
2011,11,5,Weekday,1300,2-Car,No injury/unknown,,WEST WHITEHALL CROSSING BLVD,39.171867,-86.572395
2011,1,6,Weekday,1500,2-Car,No injury/unknown,VIEW OBSTRUCTED,N CURRY PIKE,39.17184,-86.582992
2011,8,2,Weekday,1600,2-Car,Incapacitating,DISREGARD SIGNAL/REG SIGN,JACOB DR & WHITEHALL  CROSSING,39.17183,-86.57166
2011,3,6,Weekday,1600,2-Car,No injury/unknown,FAILURE TO YIELD RIGHT OF WAY,DANIELS WAY,39.171793,-86.598321
2011,8,3,Weekday,1600,2-Car,Non-incapacitating,FOLLOWING TOO CLOSELY,DANIELS WAY RD,39.171793,-86.598321
2011,9,2,Weekday,1700,2-Car,No injury/unknown,FAILURE TO YIELD RIGHT OF WAY,N DANIELS WAY,39.171793,-86.598321
2011,7,4,Weekday,1600,1-Car,No injury/unknown,OTHER (VEHICLE) - EXPLAIN IN NARRATIVE,E 10TH ST,39.17177667,-86.48823267
2011,4,7,Weekend,100,1-Car,No injury/unknown,IMPROPER TURNING,NORTH MORTON ST,39.17177404,-86.536
2011,1,2,Weekday,1400,2-Car,No injury/unknown,IMPROPER TURNING,10TH & WALNUT ST,39.171744,-86.53352
2011,1,3,Weekday,800,2-Car,No injury/unknown,SPEED TOO FAST FOR WEATHER CONDITIONS,10TH & COLLEGE AVE,39.171744,-86.534768
2011,1,5,Weekday,2100,2-Car,Non-incapacitating,IMPROPER LANE USAGE,N COLLEGE AVE & W 10TH,39.171744,-86.534768
2011,2,3,Weekday,300,1-Car,No injury/unknown,RAN OFF ROAD RIGHT,E 10TH ST & N WALNUT,39.171744,-86.53352
2011,2,5,Weekday,1400,2-Car,No injury/unknown,DISREGARD SIGNAL/REG SIGN,10TH & N COLLEGE AVE,39.171744,-86.534768
2011,4,6,Weekday,1500,2-Car,No injury/unknown,IMPROPER TURNING,10TH & N COLLEGE AVE,39.171744,-86.534768
2011,4,7,Weekend,300,1-Car,Non-incapacitating,UNSAFE BACKING,10TH & WALNUT ST,39.171744,-86.53352
2011,4,7,Weekend,400,2-Car,No injury/unknown,OTHER (DRIVER) - EXPLAIN IN NARRATIVE,10TH & COLLEGE AVE,39.171744,-86.534768
2011,5,5,Weekday,1600,2-Car,Non-incapacitating,FOLLOWING TOO CLOSELY,COLLEGE & E 10TH ST,39.171744,-86.534768
2011,5,1,Weekend,1100,2-Car,No injury/unknown,SPEED TOO FAST FOR WEATHER CONDITIONS,10TH & COLLEGE AVE,39.171744,-86.534768
2011,5,5,Weekday,1100,1-Car,No injury/unknown,OVERSIZE/OVERWEIGHT LOAD,N COLLEGE AVE,39.171744,-86.534768
2011,5,3,Weekday,900,2-Car,No injury/unknown,DISREGARD SIGNAL/REG SIGN,E 10TH & N WALNUT ST,39.171744,-86.53352
2011,6,5,Weekday,1800,2-Car,No injury/unknown,DISREGARD SIGNAL/REG SIGN,10TH & WALNUT ST,39.171744,-86.53352
2011,8,4,Weekday,1500,Moped/Motorcycle,Non-incapacitating,UNSAFE LANE MOVEMENT,10TH & COLLEGE AVE,39.171744,-86.534768
2011,8,7,Weekend,1400,2-Car,No injury/unknown,FOLLOWING TOO CLOSELY,E 10TH & N WALNUT ST,39.171744,-86.53352
2011,8,7,Weekend,1500,2-Car,No injury/unknown,FOLLOWING TOO CLOSELY,10TH & N COLLEGE AVE,39.171744,-86.534768
2011,8,2,Weekday,1700,2-Car,No injury/unknown,IMPROPER TURNING,10TH & COLLEGE AVE,39.171744,-86.534768
2011,9,7,Weekend,1800,2-Car,Non-incapacitating,DISREGARD SIGNAL/REG SIGN,10TH ST & COLLEGE,39.171744,-86.534768
2011,10,3,Weekday,1000,2-Car,No injury/unknown,IMPROPER TURNING,10TH & COLLEGE AVE,39.171744,-86.534768
2011,10,5,Weekday,1800,2-Car,No injury/unknown,UNSAFE LANE MOVEMENT,N COLLEGE AVE & W 10TH,39.171744,-86.534768
2011,10,5,Weekday,1900,2-Car,No injury/unknown,DISREGARD SIGNAL/REG SIGN,10TH ST & WALNUT,39.171744,-86.53352
2011,10,1,Weekend,100,2-Car,No injury/unknown,UNSAFE LANE MOVEMENT,10TH & N WALNUT ST,39.171744,-86.53352
2011,11,6,Weekday,1200,2-Car,No injury/unknown,FAILURE TO YIELD RIGHT OF WAY,N COLLEGE AVE & W 10TH,39.171744,-86.534768
2011,12,7,Weekend,1900,2-Car,No injury/unknown,UNSAFE LANE MOVEMENT,N COLLEGE AVE & W 10TH,39.171744,-86.534768
2011,4,5,Weekday,1500,2-Car,No injury/unknown,FAILURE TO YIELD RIGHT OF WAY,E 10TH ST & N WASHINGTON,39.171728,-86.5324
2011,10,4,Weekday,2000,3+ Cars,Non-incapacitating,UNSAFE SPEED,E 10TH ST & N WASHINGTON,39.171728,-86.5324
2011,5,6,Weekday,1400,2-Car,No injury/unknown,UNSAFE BACKING,E 10TH & N LINCOLN ST,39.171712,-86.530992
2011,5,6,Weekday,1700,2-Car,No injury/unknown,FAILURE TO YIELD RIGHT OF WAY,EAST 10TH ST & NORTH LINCOLN,39.171712,-86.530992
2011,9,2,Weekday,1800,2-Car,No injury/unknown,FAILURE TO YIELD RIGHT OF WAY,10TH ST & LINCOLN,39.171712,-86.530992
2011,10,7,Weekend,1500,2-Car,No injury/unknown,FAILURE TO YIELD RIGHT OF WAY,E 10TH ST & N LINCOLN,39.171712,-86.530992
2011,5,4,Weekday,200,2-Car,No injury/unknown,FAILURE TO YIELD RIGHT OF WAY,10TH ST & GRANT,39.171696,-86.529696
2011,8,2,Weekday,1700,Moped/Motorcycle,Non-incapacitating,FAILURE TO YIELD RIGHT OF WAY,E10TH ST & N GRANT,39.171696,-86.529696
2011,10,1,Weekday,2100,2-Car,No injury/unknown,FAILURE TO YIELD RIGHT OF WAY,10TH ST & GRANT,39.171696,-86.529696
2011,10,6,Weekend,1900,2-Car,No injury/unknown,FAILURE TO YIELD RIGHT OF WAY,10TH ST & GRANT,39.171696,-86.529696
2011,8,4,Weekday,200,1-Car,No injury/unknown,RAN OFF ROAD RIGHT,E 10TH ST,39.17169236,-86.52875055
2011,1,3,Weekday,900,2-Car,No injury/unknown,SPEED TOO FAST FOR WEATHER CONDITIONS,10TH ST & INDIANA,39.17168,-86.527024
2011,2,2,Weekday,200,2-Car,No injury/unknown,FAILURE TO YIELD RIGHT OF WAY,10TH & INDIANA AVE,39.17168,-86.527024
2011,4,7,Weekend,1000,2-Car,No injury/unknown,FOLLOWING TOO CLOSELY,10TH ST & INDIANA,39.17168,-86.527024
2011,4,7,Weekend,1600,2-Car,No injury/unknown,FOLLOWING TOO CLOSELY,INDIANA & TENTH ST,39.17168,-86.527024
2011,4,4,Weekday,1400,Moped/Motorcycle,No injury/unknown,FAILURE TO YIELD RIGHT OF WAY,E 10TH ST & N INDIANA,39.17168,-86.527024
2011,8,3,Weekday,1800,2-Car,No injury/unknown,FAILURE TO YIELD RIGHT OF WAY,DUNN & TENTH ST,39.17168,-86.528256
2011,9,1,Weekend,700,Cyclist,Non-incapacitating,DISREGARD SIGNAL/REG SIGN,600 EAST TENTH ST & 600 NORTH INDIANA,39.17168,-86.527024
2011,10,2,Weekday,2200,2-Car,Non-incapacitating,FAILURE TO YIELD RIGHT OF WAY,E 10TH ST & N DUNN,39.17168,-86.528256
2011,10,2,Weekday,1000,2-Car,No injury/unknown,CELL PHONE USAGE,E 10TH ST & N DUNN,39.17168,-86.528256
2011,12,1,Weekend,1700,2-Car,No injury/unknown,FOLLOWING TOO CLOSELY,10TH ST & BARRINGTON,39.17166978,-86.48929014
2011,9,7,Weekend,2000,2-Car,No injury/unknown,FOLLOWING TOO CLOSELY,10TH ST & FESS,39.171664,-86.52576
2011,5,2,Weekday,1700,1-Car,No injury/unknown,OTHER (ENVIRONMENTAL) - EXPLAIN IN NARR,TENTH & WALNUT ST,39.17166,-86.53358
2011,8,6,Weekend,2200,2-Car,No injury/unknown,IMPROPER TURNING,N WALNUT ST & W 10,39.17166,-86.53358
2011,6,5,Weekday,1300,3+ Cars,Non-incapacitating,FOLLOWING TOO CLOSELY,10TH ST & PETE ELLIS,39.17164801,-86.50236635
2011,1,5,Weekday,1100,2-Car,No injury/unknown,UNSAFE SPEED,10TH ST & JEFFERSON,39.171648,-86.50691158
2011,5,1,Weekend,1500,1-Car,No injury/unknown,UNSAFE SPEED,10TH ST & JEFFERSON,39.171648,-86.50691158
2011,11,1,Weekend,1800,2-Car,No injury/unknown,FOLLOWING TOO CLOSELY,10TH ST & JEFFERSON,39.171648,-86.50694686
2011,1,2,Weekday,1000,2-Car,No injury/unknown,OVERSIZE/OVERWEIGHT LOAD,E 10TH ST,39.171648,-86.50295229
2011,1,7,Weekend,1400,2-Car,No injury/unknown,OTHER (DRIVER) - EXPLAIN IN NARRATIVE,E 10TH & STATE ROAD 45 46 BYP,39.171648,-86.502096
2011,1,7,Weekend,1800,2-Car,Non-incapacitating,FOLLOWING TOO CLOSELY,EAST 10TH ST & SR46E,39.171648,-86.502096
2011,2,3,Weekday,700,2-Car,No injury/unknown,OTHER (DRIVER) - EXPLAIN IN NARRATIVE,E 10TH ST,39.171648,-86.50249682
2011,3,6,Weekday,1200,2-Car,No injury/unknown,UNSAFE BACKING,E 10TH ST,39.171648,-86.50435515
2011,4,6,Weekday,1600,2-Car,No injury/unknown,FAILURE TO YIELD RIGHT OF WAY,10TH ST & JEFFERSON,39.171648,-86.507088
2011,4,7,Weekend,1600,2-Car,No injury/unknown,FAILURE TO YIELD RIGHT OF WAY,10TH ST & PARK,39.171648,-86.524608
2011,4,5,Weekday,700,2-Car,No injury/unknown,FOLLOWING TOO CLOSELY,E 10TH ST & PARK,39.171648,-86.524608
2011,4,5,Weekday,800,2-Car,No injury/unknown,FOLLOWING TOO CLOSELY,E 10TH ST & PARK,39.171648,-86.524608
2011,5,1,Weekend,1500,1-Car,No injury/unknown,RAN OFF ROAD RIGHT,E 10TH ST & N JEFFERSON,39.171648,-86.507088
2011,7,3,Weekday,900,2-Car,No injury/unknown,DRIVER DISTRACTED - EXPLAIN IN NARRATIVE,JEFFERSON & TENTH ST,39.171648,-86.507088
2011,7,5,Weekday,1100,1-Car,No injury/unknown,IMPROPER TURNING,E 10TH ST,39.171648,-86.50362639
2011,8,6,Weekday,1600,2-Car,No injury/unknown,UNSAFE BACKING,E 10TH ST,39.171648,-86.50435515
2011,8,6,Weekday,1700,2-Car,No injury/unknown,IMPROPER TURNING,E 10TH ST,39.171648,-86.50360818
2011,8,4,Weekday,1500,2-Car,No injury/unknown,FAILURE TO YIELD RIGHT OF WAY,10TH ST & PARK,39.171648,-86.524608
2011,8,6,Weekend,2100,2-Car,No injury/unknown,DRIVER DISTRACTED - EXPLAIN IN NARRATIVE,10TH & SR46E,39.171648,-86.502096
2011,8,3,Weekday,1200,2-Car,No injury/unknown,UNSAFE BACKING,E 10TH ST,39.171648,-86.50643212
2011,9,2,Weekday,800,2-Car,No injury/unknown,FAILURE TO YIELD RIGHT OF WAY,10TH ST & JEFFERSON,39.171648,-86.507088
2011,9,7,Weekend,1100,1-Car,No injury/unknown,OVERSIZE/OVERWEIGHT LOAD,10TH ST & JEFFERSON,39.171648,-86.507088
2011,10,4,Weekday,2000,2-Car,No injury/unknown,SPEED TOO FAST FOR WEATHER CONDITIONS,E 10TH & SR46E,39.171648,-86.502096
2011,10,6,Weekend,2200,2-Car,No injury/unknown,UNSAFE BACKING,10TH ST,39.171648,-86.50362639
2011,11,1,Weekend,200,2-Car,No injury/unknown,UNSAFE BACKING,E 10TH ST,39.171648,-86.50369927
2011,11,6,Weekday,1800,2-Car,No injury/unknown,FOLLOWING TOO CLOSELY,10TH ST & PARK,39.171648,-86.524608
2011,12,7,Weekend,400,1-Car,No injury/unknown,OVERCORRECTING/OVERSTEERING,10TH ST & JEFFERSON,39.171648,-86.507088