Year,Month,Day,Weekend?,Hour,Collision Type,Injury Type,Primary Factor,Reported_Location,Latitude,Longitude
2011,12,4,Weekday,2200,2-Car,No injury/unknown,LEFT OF CENTER,10TH & JEFFERSON AVE,39.171648,-86.507088
2011,12,5,Weekday,1900,2-Car,No injury/unknown,FOLLOWING TOO CLOSELY,10TH & SR46E,39.171648,-86.502096
2011,11,2,Weekday,1400,2-Car,Non-incapacitating,FOLLOWING TOO CLOSELY,10TH ST & PARK,39.17164537,-86.52443161
2011,8,6,Weekend,1900,1-Car,Non-incapacitating,RAN OFF ROAD RIGHT,SR37 & W WHITEHALL XING,39.17164185,-86.56945199
2011,3,3,Weekday,1500,2-Car,No injury/unknown,FOLLOWING TOO CLOSELY,EAST 10TH ST & NORTH WODDLAWN,39.17164,-86.5235
2011,9,6,Weekday,1500,3+ Cars,No injury/unknown,FOLLOWING TOO CLOSELY,10TH ST & WOODLAWN,39.17164,-86.5235
2011,10,2,Weekday,1900,2-Car,Non-incapacitating,FOLLOWING TOO CLOSELY,10TH ST & WOODLAWN,39.17164,-86.5235
2011,4,2,Weekday,800,2-Car,No injury/unknown,FAILURE TO YIELD RIGHT OF WAY,SR45E & SR46E,39.17163713,-86.50156691
2011,4,2,Weekday,1800,2-Car,No injury/unknown,FOLLOWING TOO CLOSELY,10TH ST & SR46E,39.17163351,-86.50139055
2011,3,5,Weekday,1600,2-Car,No injury/unknown,FOLLOWING TOO CLOSELY,10TH ST & WOODLAWN,39.171632,-86.523536
2011,4,1,Weekend,1800,2-Car,No injury/unknown,OTHER (DRIVER) - EXPLAIN IN NARRATIVE,E 10TH ST & N WOODLAWN,39.171632,-86.523536
2011,4,7,Weekend,1300,2-Car,No injury/unknown,FAILURE TO YIELD RIGHT OF WAY,10TH ST & WOODLAWN,39.171632,-86.523536
2011,4,4,Weekday,1900,2-Car,No injury/unknown,UNSAFE BACKING,10TH ST & WOODLAWN,39.171632,-86.523536
2011,5,4,Weekday,700,Bus,No injury/unknown,FAILURE TO YIELD RIGHT OF WAY,E 10TH ST & WOODLAWN,39.171632,-86.523536
2011,8,3,Weekday,1700,3+ Cars,Non-incapacitating,DRIVER ILLNESS,10TH ST & WOODLAWN,39.171632,-86.523536
2011,11,3,Weekday,1800,2-Car,No injury/unknown,SPEED TOO FAST FOR WEATHER CONDITIONS,10TH ST & FORREST,39.17163022,-86.52237989
2011,4,5,Weekday,1800,2-Car,Non-incapacitating,FOLLOWING TOO CLOSELY,E 10TH ST & N FORREST,39.17163,-86.52238
2011,9,4,Weekday,1900,2-Car,No injury/unknown,DRIVER DISTRACTED - EXPLAIN IN NARRATIVE,10TH ST & FORREST,39.17163,-86.52238
2011,9,2,Weekday,1900,2-Car,No injury/unknown,SPEED TOO FAST FOR WEATHER CONDITIONS,E 10TH ST & N FORREST,39.17163,-86.52238
2011,10,4,Weekday,1900,3+ Cars,Non-incapacitating,FOLLOWING TOO CLOSELY,10TH ST & FORREST,39.17163,-86.52238303
2011,10,6,Weekday,1500,2-Car,No injury/unknown,FOLLOWING TOO CLOSELY,10TH ST & FORREST,39.17163,-86.52238
2011,10,1,Weekday,2000,2-Car,Non-incapacitating,FAILURE TO YIELD RIGHT OF WAY,10TH ST & FEE,39.17161,-86.51902
2011,11,5,Weekday,1500,3+ Cars,No injury/unknown,FOLLOWING TOO CLOSELY,10TH ST & WALNUT GROVE,39.17161,-86.52099433
2011,3,5,Weekday,1500,2-Car,No injury/unknown,FAILURE TO YIELD RIGHT OF WAY,E 10TH ST,39.17160835,-86.50016626
2011,8,3,Weekday,1400,3+ Cars,No injury/unknown,FOLLOWING TOO CLOSELY,E 10TH ST & N WALNUT GROVE,39.1716,-86.520896
2011,9,4,Weekday,2000,2-Car,No injury/unknown,FOLLOWING TOO CLOSELY,10TH ST & WALNUT GROVE,39.1716,-86.520896
2011,11,2,Weekday,1400,Pedestrian,Non-incapacitating,FAILURE TO YIELD RIGHT OF WAY,10TH ST & WALNUT,39.1716,-86.520896
2011,1,4,Weekday,1100,2-Car,No injury/unknown,DRIVER DISTRACTED - EXPLAIN IN NARRATIVE,FEE & TENTH ST,39.171584,-86.518688
2011,1,5,Weekday,1400,2-Car,No injury/unknown,FOLLOWING TOO CLOSELY,EAST 10TH ST & NORTH FEE,39.171584,-86.518688
2011,2,4,Weekday,1900,2-Car,No injury/unknown,FOLLOWING TOO CLOSELY,E 10TH ST & N FEE,39.171584,-86.518688
2011,2,6,Weekend,2200,Bus,No injury/unknown,IMPROPER LANE USAGE,10TH ST & FEE,39.171584,-86.518688
2011,3,5,Weekday,1000,1-Car,No injury/unknown,UNSAFE BACKING,11TH ST & FEE,39.171584,-86.518688
2011,3,1,Weekend,100,2-Car,Non-incapacitating,FAILURE TO YIELD RIGHT OF WAY,10TH ST & FEE,39.171584,-86.518688
2011,3,3,Weekday,1800,Pedestrian,Non-incapacitating,DISREGARD SIGNAL/REG SIGN,E 10TH ST & N FEE,39.171584,-86.518688
2011,4,2,Weekday,2200,2-Car,No injury/unknown,FOLLOWING TOO CLOSELY,E 10TH ST & N FEE,39.171584,-86.518688
2011,6,6,Weekday,700,1-Car,No injury/unknown,UNSAFE BACKING,1101 N FEE (NORTH EAST CORNER) LN & FEE,39.171584,-86.518688
2011,9,6,Weekday,1100,2-Car,No injury/unknown,UNSAFE BACKING,11TH ST & FEE,39.171584,-86.518688
2011,9,2,Weekday,1900,Cyclist,Non-incapacitating,FAILURE TO YIELD RIGHT OF WAY,11TH ST & FEE,39.171584,-86.518688
2011,9,1,Weekend,1800,3+ Cars,No injury/unknown,SPEED TOO FAST FOR WEATHER CONDITIONS,E 10TH ST & N FEE,39.171584,-86.518688
2011,10,1,Weekday,1900,2-Car,No injury/unknown,FOLLOWING TOO CLOSELY,10TH & N FEE LN,39.171584,-86.518688
2011,11,3,Weekday,2200,1-Car,No injury/unknown,RAN OFF ROAD RIGHT,E 11TH ST & N FEE,39.171584,-86.518688
2011,5,6,Weekday,1300,2-Car,No injury/unknown,UNSAFE LANE MOVEMENT,10TH ST & SUNRISE,39.17158,-86.51248
2011,6,2,Weekday,1700,2-Car,No injury/unknown,FOLLOWING TOO CLOSELY,10TH ST & SUNRISE,39.17158,-86.51249298
2011,7,4,Weekday,2100,Moped/Motorcycle,Non-incapacitating,IMPROPER PASSING,E 10TH ST & N SUNRISE,39.17158,-86.51248
2011,8,1,Weekend,1200,2-Car,No injury/unknown,DRIVER DISTRACTED - EXPLAIN IN NARRATIVE,EAST TENTH ST & SUNRISE,39.17158,-86.51248
2011,9,7,Weekend,2000,3+ Cars,No injury/unknown,CELL PHONE USAGE,10TH ST & SUNRISE,39.17158,-86.51248
2011,9,6,Weekday,1600,2-Car,No injury/unknown,FOLLOWING TOO CLOSELY,10TH ST & SUNRISE,39.17158,-86.51247741
2011,12,6,Weekday,800,1-Car,No injury/unknown,OVERSIZE/OVERWEIGHT LOAD,10TH ST & SUNRISE,39.17157993,-86.51247985
2011,12,1,Weekend,1400,2-Car,No injury/unknown,FOLLOWING TOO CLOSELY,10TH ST & SUNRISE,39.17157993,-86.51249715
2011,12,5,Weekday,1800,2-Car,No injury/unknown,UNSAFE BACKING,10TH ST & SUNRISE,39.17157993,-86.51247985
2011,2,4,Weekday,1400,2-Car,No injury/unknown,UNSAFE BACKING,E 10TH ST,39.17157747,-86.51808392
2011,3,1,Weekend,1300,2-Car,No injury/unknown,UNSAFE BACKING,E 10TH ST,39.17157747,-86.51808392
2011,8,2,Weekday,1800,2-Car,No injury/unknown,UNSAFE BACKING,EAST 10TH ST,39.17157747,-86.51808392
2011,10,2,Weekday,2300,1-Car,No injury/unknown,ACCELERATOR FAILURE OR DEFECTIVE,EAST 10TH ST,39.17157747,-86.51808392
2011,10,4,Weekday,0,2-Car,No injury/unknown,OTHER (DRIVER) - EXPLAIN IN NARRATIVE,EAST 10 TH STREET ST,39.171558,-86.510279
2011,2,5,Weekday,2300,Pedestrian,Non-incapacitating,FAILURE TO YIELD RIGHT OF WAY,EAST 10 ST,39.17155495,-86.50940701
2011,2,6,Weekend,1900,2-Car,No injury/unknown,UNSAFE BACKING,E 10TH ST,39.17155495,-86.49926418
2011,2,6,Weekday,1200,2-Car,No injury/unknown,OTHER (DRIVER) - EXPLAIN IN NARRATIVE,10TH & SR46S,39.17155495,-86.50224214
2011,2,1,Weekend,1400,2-Car,No injury/unknown,FOLLOWING TOO CLOSELY,10TH ST & UNION,39.17155495,-86.50944435
2011,3,6,Weekend,2100,2-Car,Non-incapacitating,DISREGARD SIGNAL/REG SIGN,10TH & SR45E,39.17155495,-86.50224214
2011,12,7,Weekend,1900,2-Car,No injury/unknown,FOLLOWING TOO CLOSELY,10TH ST & JORDAN,39.17155391,-86.51590441
2011,1,3,Weekday,1800,2-Car,No injury/unknown,FAILURE TO YIELD RIGHT OF WAY,10TH ST & NORTH JORDAN,39.171552,-86.515728
2011,2,2,Weekday,1700,2-Car,Non-incapacitating,FOLLOWING TOO CLOSELY,10TH & JORDAN AVE,39.171552,-86.515728
2011,4,7,Weekend,1000,2-Car,Non-incapacitating,DISREGARD SIGNAL/REG SIGN,10TH & JORDAN AVE,39.171552,-86.515728
2011,4,6,Weekday,1300,2-Car,No injury/unknown,FOLLOWING TOO CLOSELY,EAST TENTH ST & JORDAN,39.171552,-86.515728
2011,4,5,Weekday,1200,2-Car,No injury/unknown,UNSAFE SPEED,10TH ST & JORDAN,39.171552,-86.515728
2011,8,2,Weekday,1600,Pedestrian,Non-incapacitating,OTHER (DRIVER) - EXPLAIN IN NARRATIVE,10TH ST & JORDAN,39.171552,-86.515728
2011,8,2,Weekday,1700,2-Car,No injury/unknown,IMPROPER PASSING,10TH ST & JORDAN,39.171552,-86.515728
2011,2,6,Weekday,1500,Pedestrian,Non-incapacitating,PEDESTRIAN ACTION,10TH ST & SUNRISE,39.17155153,-86.51247991
2011,5,2,Weekday,1600,2-Car,No injury/unknown,IMPROPER TURNING,EAST TENTH ST,39.17155,-86.509449
2011,11,5,Weekday,2100,2-Car,No injury/unknown,UNSAFE BACKING,10TH ST,39.17155,-86.509449
2011,12,6,Weekday,1400,2-Car,No injury/unknown,UNSAFE SPEED,10TH ST & JORDAN,39.17154708,-86.51537521
2011,11,5,Weekday,1400,2-Car,No injury/unknown,FOLLOWING TOO CLOSELY,E 10TH ST & PETE ELLIS,39.17154567,-86.49707538
2011,3,3,Weekday,2200,1-Car,No injury/unknown,ANIMAL/OBJECT IN ROADWAY,EAST 10TH ST,39.171538,-86.498594
2011,5,4,Weekday,1400,2-Car,No injury/unknown,UNSAFE BACKING,10TH ST & PETE ELLIS,39.17153496,-86.49654629
2011,8,3,Weekday,1400,2-Car,No injury/unknown,FOLLOWING TOO CLOSELY,10TH & 45 46 BYP,39.17153031,-86.50220967
2011,9,1,Weekend,1700,2-Car,No injury/unknown,FOLLOWING TOO CLOSELY,45 46 & EAST 10TH ST,39.17153031,-86.50220967
2011,2,3,Weekday,1700,2-Car,Non-incapacitating,IMPROPER LANE USAGE,N RANGE & SR45E,39.171504,-86.495312
2011,3,4,Weekday,1200,2-Car,No injury/unknown,UNSAFE LANE MOVEMENT,E 10TH ST & N PETE ELLIS,39.171504,-86.495312
2011,5,7,Weekend,2300,2-Car,No injury/unknown,FAILURE TO YIELD RIGHT OF WAY,10TH & RANGE RD,39.171504,-86.495312
2011,5,7,Weekend,1500,2-Car,No injury/unknown,BRAKE FAILURE OR DEFECTIVE,10TH ST & PETE ELLIS,39.171504,-86.495312
2011,5,6,Weekday,500,1-Car,Non-incapacitating,UNSAFE SPEED,E 10TH ST & N PETE ELLIS,39.171504,-86.495312
2011,7,6,Weekday,1700,1-Car,No injury/unknown,RAN OFF ROAD RIGHT,RANGE & TENTH ST,39.171504,-86.495312
2011,8,4,Weekday,1300,2-Car,No injury/unknown,OTHER (DRIVER) - EXPLAIN IN NARRATIVE,E 10TH ST,39.171504,-86.512288
2011,9,5,Weekday,2200,2-Car,No injury/unknown,FOLLOWING TOO CLOSELY,10TH ST & RANGE,39.171504,-86.495312
2011,11,1,Weekend,1500,2-Car,Non-incapacitating,SPEED TOO FAST FOR WEATHER CONDITIONS,10TH ST & RANGE,39.171504,-86.495312
2011,9,4,Weekday,1200,1-Car,Non-incapacitating,OTHER (DRIVER) - EXPLAIN IN NARRATIVE,E 10TH ST,39.1715,-86.493134
2011,1,7,Weekend,1000,1-Car,No injury/unknown,SPEED TOO FAST FOR WEATHER CONDITIONS,10TH ST & PETE ELLIS,39.17149,-86.49538
2011,6,4,Weekday,1200,2-Car,No injury/unknown,UNSAFE BACKING,EAST 10TH ST,39.17148231,-86.51031409
2011,2,6,Weekday,1600,2-Car,No injury/unknown,UNSAFE BACKING,E 10TH ST,39.17148188,-86.51027501
2011,9,4,Weekday,1300,2-Car,No injury/unknown,UNSAFE BACKING,E 10TH ST,39.17148145,-86.51023592
2011,8,6,Weekend,2000,Cyclist,Non-incapacitating,FAILURE TO YIELD RIGHT OF WAY,10TH ST & UNION,39.17147588,-86.50972881
2011,3,6,Weekday,1200,2-Car,No injury/unknown,FAILURE TO YIELD RIGHT OF WAY,10TH ST & UNION,39.17147491,-86.50964061
2011,4,6,Weekend,1900,2-Car,No injury/unknown,FOLLOWING TOO CLOSELY,10TH ST & UNION,39.17147491,-86.50964061
2011,12,7,Weekend,1500,3+ Cars,No injury/unknown,FOLLOWING TOO CLOSELY,10TH ST & UNION,39.17147491,-86.50964061
2011,8,2,Weekday,2200,2-Car,No injury/unknown,FAILURE TO YIELD RIGHT OF WAY,10TH ST & UNION,39.17147433,-86.50958769
2011,1,4,Weekday,1700,2-Car,Non-incapacitating,FAILURE TO YIELD RIGHT OF WAY,10TH & UNION ST,39.171472,-86.509376
2011,4,2,Weekday,1200,2-Car,No injury/unknown,IMPROPER TURNING,10TH & UNION ST,39.171472,-86.509376
2011,8,7,Weekend,0,2-Car,No injury/unknown,FAILURE TO YIELD RIGHT OF WAY,10TH ST & UNION,39.171472,-86.509376
2011,9,5,Weekday,1500,2-Car,No injury/unknown,OTHER (DRIVER) - EXPLAIN IN NARRATIVE,EAST 10TH ST,39.171472,-86.509376
2011,9,6,Weekend,2100,2-Car,No injury/unknown,UNSAFE BACKING,EAST 10TH ST,39.171472,-86.509376
2011,9,5,Weekday,0,2-Car,No injury/unknown,FOLLOWING TOO CLOSELY,E 10TH ST & N UNION,39.171472,-86.509376
2011,10,4,Weekday,2000,2-Car,No injury/unknown,UNSAFE BACKING,EAST 10TH ST,39.171472,-86.509376
2011,1,6,Weekday,800,3+ Cars,No injury/unknown,OTHER (DRIVER) - EXPLAIN IN NARRATIVE,10TH ST & PETE ELLIS,39.17146957,-86.49538394
2011,8,4,Weekday,1900,2-Car,No injury/unknown,FOLLOWING TOO CLOSELY,10TH & WALNUT ST,39.17146936,-86.53352366
2011,10,2,Weekday,2200,2-Car,No injury/unknown,,10TH & WOODLAWN AVE,39.17142613,-86.52352692
2011,1,5,Weekday,1500,1-Car,No injury/unknown,SPEED TOO FAST FOR WEATHER CONDITIONS,10TH ST & JEFFERSON,39.17141,-86.50721865
2011,8,4,Weekday,1100,2-Car,No injury/unknown,FAILURE TO YIELD RIGHT OF WAY,10TH & JORDAN AVE,39.17134677,-86.51575067
2011,6,3,Weekday,700,2-Car,No injury/unknown,,N SMITH RD,39.171248,-86.481328
2011,6,3,Weekday,800,2-Car,No injury/unknown,,N SMITH RD,39.171248,-86.481328
2011,12,5,Weekday,1800,1-Car,No injury/unknown,OTHER (VEHICLE) - EXPLAIN IN NARRATIVE,N SMITH RD,39.171248,-86.481328
2011,8,1,Weekday,1900,2-Car,No injury/unknown,FAILURE TO YIELD RIGHT OF WAY,10TH & UNION ST,39.17119738,-86.50937067
2011,10,4,Weekday,1200,2-Car,No injury/unknown,UNSAFE BACKING,S WALNUT ST,39.17105829,-86.53352914
2011,5,3,Weekday,700,1-Car,Incapacitating,UNSAFE SPEED,SR48W & STATE ROAD 43,39.17095389,-86.6813754
2011,12,4,Weekday,2100,1-Car,No injury/unknown,UNSAFE SPEED,SR37S & WHITEHALL CROSSING,39.17095028,-86.57031029
2011,8,4,Weekday,900,1-Car,No injury/unknown,OTHER (DRIVER) - EXPLAIN IN NARRATIVE,N MORTON ST,39.17093584,-86.536
2011,10,6,Weekday,800,Pedestrian,Non-incapacitating,OTHER (ENVIRONMENTAL) - EXPLAIN IN NARR,BASSWOOD DR & BLOOMFIELD,39.17093144,-86.56891162
2011,10,6,Weekday,800,Pedestrian,No injury/unknown,OTHER (ENVIRONMENTAL) - EXPLAIN IN NARR,BASSWOOD DR & BLOOMFIELD,39.17093144,-86.56891162
2011,10,6,Weekday,800,2-Car,No injury/unknown,OTHER (ENVIRONMENTAL) - EXPLAIN IN NARR,BASSWOOD DR & BLOOMFIELD,39.17093144,-86.56891162
2011,8,2,Weekday,2200,2-Car,Non-incapacitating,OTHER (DRIVER) - EXPLAIN IN NARRATIVE,SR37N & WHITEHALL CROSSING,39.17092315,-86.57029132
2011,1,4,Weekday,2200,2-Car,No injury/unknown,IMPROPER TURNING,N COLLEGE AVE,39.17091135,-86.534768
2011,7,2,Weekday,2000,2-Car,No injury/unknown,UNSAFE BACKING,N COLLEGE AVE,39.17091135,-86.534768
2011,8,2,Weekday,1200,2-Car,No injury/unknown,UNSAFE BACKING,S COLLEGE AVE,39.17088686,-86.534768
2011,1,3,Weekday,1700,1-Car,No injury/unknown,SPEED TOO FAST FOR WEATHER CONDITIONS,BELL TRACE & JOHN HINKLE PL,39.17087,-86.49085
2011,5,5,Weekday,1400,Cyclist,Non-incapacitating,FAILURE TO YIELD RIGHT OF WAY,10TH & JORDAN AVE,39.17086788,-86.51580355
2011,11,3,Weekday,1600,2-Car,No injury/unknown,FAILURE TO YIELD RIGHT OF WAY,S WALNUT ST,39.1707889,-86.53353274
2011,3,7,Weekend,1100,2-Car,No injury/unknown,FOLLOWING TOO CLOSELY,JOHN HINKLE & PETE ELLIS DR,39.17072,-86.4956
2011,11,2,Weekday,1400,2-Car,No injury/unknown,FOLLOWING TOO CLOSELY,JOHN HINKLE & PETE ELLIS DR,39.17072,-86.4956
2011,9,4,Weekday,1500,2-Car,No injury/unknown,UNSAFE LANE MOVEMENT,9TH & WOODLAWN AVE,39.17068125,-86.52349406
2011,8,6,Weekday,1500,1-Car,No injury/unknown,IMPROPER TURNING,NORTH WOODLAWN AVE,39.17065502,-86.5234929
2011,1,5,Weekday,900,2-Car,No injury/unknown,OTHER (DRIVER) - EXPLAIN IN NARRATIVE,10TH & UNION ST,39.17064813,-86.50936
2011,11,1,Weekday,1900,Pedestrian,Non-incapacitating,FAILURE TO YIELD RIGHT OF WAY,NORTH SUNRISE AVE,39.170624,-86.512468
2011,9,7,Weekend,1100,2-Car,No injury/unknown,UNSAFE LANE MOVEMENT,9TH ST & FESS,39.170544,-86.52555158
2011,1,3,Weekday,500,2-Car,No injury/unknown,SPEED TOO FAST FOR WEATHER CONDITIONS,9TH & COLLEGE AVE,39.170544,-86.534768
2011,2,3,Weekday,2100,2-Car,No injury/unknown,FAILURE TO YIELD RIGHT OF WAY,9TH ST & INDIANA,39.170544,-86.526992
2011,4,1,Weekend,0,2-Car,No injury/unknown,FAILURE TO YIELD RIGHT OF WAY,9TH & DUNN AVE,39.170544,-86.52824
2011,4,6,Weekday,1000,2-Car,No injury/unknown,FAILURE TO YIELD RIGHT OF WAY,N COLLEGE AVE & W 9TH,39.170544,-86.534768
2011,5,2,Weekday,1900,2-Car,No injury/unknown,FAILURE TO YIELD RIGHT OF WAY,9TH & N WALNUT ST,39.170544,-86.533536
2011,8,4,Weekday,1700,1-Car,No injury/unknown,IMPROPER TURNING,E 9TH & N PARK AVE,39.170544,-86.52456
2011,8,1,Weekend,100,2-Car,No injury/unknown,IMPROPER TURNING,9TH & WALNUT ST,39.170544,-86.533536
2011,9,1,Weekend,300,2-Car,No injury/unknown,OTHER (DRIVER) - EXPLAIN IN NARRATIVE,9TH ST & DUNN,39.170544,-86.52824
2011,9,5,Weekday,1300,Moped/Motorcycle,Non-incapacitating,FAILURE TO YIELD RIGHT OF WAY,9TH & MORTON ST,39.170544,-86.536
2011,9,1,Weekend,100,2-Car,No injury/unknown,UNSAFE BACKING,9TH ST & COLLEGE,39.170544,-86.534768
2011,9,6,Weekday,1700,Cyclist,Non-incapacitating,WRONG WAY ON ONE WAY,9TH ST & LINCOLN,39.170544,-86.530992
2011,11,1,Weekend,200,2-Car,No injury/unknown,FAILURE TO YIELD RIGHT OF WAY,9TH ST & GRANT,39.170544,-86.52946312
2011,9,5,Weekday,2000,2-Car,No injury/unknown,UNSAFE LANE MOVEMENT,9TH & COLLEGE AVE,39.17051654,-86.53476844
2011,10,1,Weekend,1700,2-Car,No injury/unknown,FAILURE TO YIELD RIGHT OF WAY,GRANT ST & NINTH,39.17046,-86.52977
2011,3,4,Weekday,1800,2-Car,No injury/unknown,UNSAFE BACKING,EAST 9TH ST,39.17045,-86.527941
2011,10,4,Weekday,1600,2-Car,No injury/unknown,FAILURE TO YIELD RIGHT OF WAY,9TH ST & FAIRVIEW,39.170448,-86.540992
2011,2,6,Weekend,1900,2-Car,No injury/unknown,IMPROPER TURNING,9TH & COLLEGE AVE,39.17043138,-86.53480848
2011,7,3,Weekday,500,2-Car,No injury/unknown,,9TH & COLLEGE AVE,39.17040668,-86.53477022
2011,12,7,Weekend,1600,2-Car,No injury/unknown,OTHER (VEHICLE) - EXPLAIN IN NARRATIVE,9TH & COLLEGE AVE,39.17040668,-86.53477022
2011,10,5,Weekday,1200,2-Car,No injury/unknown,SPEED TOO FAST FOR WEATHER CONDITIONS,300 N JACOB DR & SUSAN,39.17026746,-86.57269554
2011,5,4,Weekday,700,2-Car,No injury/unknown,FOLLOWING TOO CLOSELY,EASTGATE & SR46E,39.17024,-86.501392
2011,6,4,Weekday,0,1-Car,No injury/unknown,DRIVER ASLEEP OR FATIGUED,2604 E EASTGATE LN & 46,39.17024,-86.501392
2011,9,1,Weekend,1700,2-Car,No injury/unknown,FOLLOWING TOO CLOSELY,E EASTGATE & SR46S,39.17024,-86.501392
2011,12,1,Weekday,2200,2-Car,No injury/unknown,DRIVER DISTRACTED - EXPLAIN IN NARRATIVE,EASTGATE & SR46S,39.17024,-86.501392
2011,12,6,Weekend,1900,2-Car,Non-incapacitating,FOLLOWING TOO CLOSELY,EASTGATE & SR46N,39.17024,-86.501392
2011,12,6,Weekend,2100,3+ Cars,No injury/unknown,FOLLOWING TOO CLOSELY,EASTGATE & STATE ROAD 45 46 BYP,39.17024,-86.501392
2011,6,5,Weekday,900,2-Car,No injury/unknown,,HUNTER & PARK AVE,39.17015035,-86.52402
2011,1,7,Weekend,1100,2-Car,No injury/unknown,OTHER (DRIVER) - EXPLAIN IN NARRATIVE,ADAMS HILL & S ISABEL CT,39.17013213,-86.55274
2011,1,7,Weekend,1500,2-Car,No injury/unknown,UNSAFE BACKING,N GATES DR,39.170074,-86.576423
2011,3,4,Weekday,1400,2-Car,No injury/unknown,UNSAFE BACKING,GATES DR,39.170074,-86.576423
2011,8,7,Weekend,1800,2-Car,No injury/unknown,UNSAFE BACKING,NORTH GATES DR,39.170074,-86.576423
2011,10,5,Weekday,1200,2-Car,No injury/unknown,UNSAFE BACKING,N GATES DR,39.170074,-86.576423
2011,3,2,Weekday,1400,2-Car,No injury/unknown,UNSAFE BACKING,JOHN HINKLE PL,39.16999083,-86.49227006
2011,1,2,Weekday,900,2-Car,No injury/unknown,FAILURE TO YIELD RIGHT OF WAY,8TH ST & VERNAL,39.16995,-86.55009269
2011,7,2,Weekday,1300,2-Car,No injury/unknown,FOLLOWING TOO CLOSELY,E EASTGATE & SR46E,39.16985607,-86.50120003
2011,6,1,Weekend,1700,2-Car,No injury/unknown,UNSAFE BACKING,N BELL TRACE CIR,39.16985,-86.489225
2011,4,3,Weekday,1500,1-Car,Non-incapacitating,DISREGARD SIGNAL/REG SIGN,N ADAMS ST & W VERNAL,39.16984,-86.549696
2011,8,6,Weekday,1400,2-Car,No injury/unknown,IMPROPER TURNING,N WALNUT ST,39.16975445,-86.53354874
2011,4,7,Weekend,1600,1-Car,No injury/unknown,OTHER (DRIVER) - EXPLAIN IN NARRATIVE,NORTH COLLEGE ST,39.1697342,-86.53478106
2011,8,2,Weekday,1200,2-Car,No injury/unknown,OTHER (DRIVER) - EXPLAIN IN NARRATIVE,N COLLEGE AVE,39.1697342,-86.53478106
2011,8,3,Weekday,1600,2-Car,No injury/unknown,OTHER (DRIVER) - EXPLAIN IN NARRATIVE,NORTH COLLEGE AVE,39.1697342,-86.53478106
2011,11,3,Weekday,1700,2-Car,Non-incapacitating,UNSAFE SPEED,N SPRING & W 8TH ST,39.169728,-86.5548
2011,11,6,Weekend,2300,Moped/Motorcycle,Non-incapacitating,UNSAFE SPEED,N ADAMS ST & W VERNAL,39.1697,-86.54964
2011,2,6,Weekday,1300,2-Car,No injury/unknown,LEFT OF CENTER,8TH ST & HOPEWELL,39.16968,-86.552192
2011,2,2,Weekday,1000,2-Car,No injury/unknown,OTHER (DRIVER) - EXPLAIN IN NARRATIVE,8TH ST & HOPEWELL,39.16968,-86.552192
2011,1,6,Weekday,1300,2-Car,No injury/unknown,UNSAFE LANE MOVEMENT,E 8TH & N DUNN ST,39.169648,-86.52824
2011,3,6,Weekday,1600,2-Car,No injury/unknown,FAILURE TO YIELD RIGHT OF WAY,8TH & DUNN ST,39.169648,-86.52824
2011,10,4,Weekday,1500,2-Car,No injury/unknown,IMPROPER TURNING,8TH ST & JOHN,39.169632,-86.544192
2011,11,3,Weekday,800,2-Car,No injury/unknown,LEFT OF CENTER,FAIRVIEW & W 8TH ST,39.1696,-86.54104
2011,9,6,Weekday,1200,2-Car,No injury/unknown,IMPROPER LANE USAGE,8TH ST & OAK,39.16959,-86.54644
2011,11,2,Weekday,1300,2-Car,Non-incapacitating,FAILURE TO YIELD RIGHT OF WAY,8TH & ROGERS ST,39.169584,-86.538576
2011,10,6,Weekday,1300,2-Car,No injury/unknown,UNSAFE BACKING,N MORTON ST,39.169568,-86.536
2011,1,6,Weekday,1500,2-Car,No injury/unknown,FAILURE TO YIELD RIGHT OF WAY,8TH & NORTH COLLAGE ST,39.169552,-86.534784
2011,1,5,Weekday,1500,Pedestrian,Non-incapacitating,SPEED TOO FAST FOR WEATHER CONDITIONS,8TH & N COLLEGE AVE,39.169552,-86.534784
2011,2,7,Weekend,1000,1-Car,No injury/unknown,SPEED TOO FAST FOR WEATHER CONDITIONS,8TH ST & COLLEGE,39.169552,-86.534784
2011,5,5,Weekday,1600,2-Car,No injury/unknown,UNSAFE LANE MOVEMENT,8TH & COLLEGE AVE,39.169552,-86.534784
2011,6,7,Weekend,0,2-Car,No injury/unknown,UNSAFE LANE MOVEMENT,EAST 8TH & N WALNUT ST,39.169552,-86.533552
2011,6,7,Weekend,2300,2-Car,No injury/unknown,UNSAFE BACKING,EAST 8TH & NORTH WALNUT ST,39.169552,-86.533552
2011,7,5,Weekday,1400,2-Car,No injury/unknown,FAILURE TO YIELD RIGHT OF WAY,8TH & WALNUT ST,39.169552,-86.533552
2011,7,7,Weekend,2000,2-Car,No injury/unknown,UNSAFE LANE MOVEMENT,8TH & WALNUT ST,39.169552,-86.533552
2011,8,4,Weekday,1700,2-Car,No injury/unknown,FAILURE TO YIELD RIGHT OF WAY,8TH ST & GRANT,39.169552,-86.529696