Year,Month,Day,Weekend?,Hour,Collision Type,Injury Type,Primary Factor,Reported_Location,Latitude,Longitude
2011,9,7,Weekend,100,2-Car,No injury/unknown,OTHER (DRIVER) - EXPLAIN IN NARRATIVE,E 8TH ST,39.169552,-86.529264
2011,9,7,Weekend,2300,2-Car,Non-incapacitating,FAILURE TO YIELD RIGHT OF WAY,8TH & COLLEGE AVE,39.169552,-86.534784
2011,10,7,Weekend,400,2-Car,No injury/unknown,OTHER (DRIVER) - EXPLAIN IN NARRATIVE,319 N WALNUT ST & 8TH,39.169552,-86.533552
2011,11,3,Weekday,300,Pedestrian,Incapacitating,PEDESTRIAN ACTION,8TH & NORTH WASHINGTON ST,39.169552,-86.5324
2011,12,2,Weekday,1500,2-Car,Non-incapacitating,FAILURE TO YIELD RIGHT OF WAY,E 8TH & N LINCOLN ST,39.169552,-86.530992
2011,12,5,Weekday,1700,2-Car,No injury/unknown,FAILURE TO YIELD RIGHT OF WAY,N WALNUT ST & W 8TH,39.169552,-86.533552
2011,12,7,Weekend,1300,2-Car,No injury/unknown,IMPROPER TURNING,NORTH WALNUT ST & WEST 8TH,39.169552,-86.533552
2011,11,6,Weekday,1700,2-Car,No injury/unknown,FAILURE TO YIELD RIGHT OF WAY,8TH & COLLEGE AVE,39.16951,-86.53484
2011,1,1,Weekend,1500,2-Car,No injury/unknown,UNSAFE BACKING,8TH & CLARK ST,39.1695,-86.50502
2011,2,7,Weekend,400,2-Car,No injury/unknown,UNSAFE BACKING,E 8TH ST & N WALNUT,39.1694854,-86.53360637
2011,6,7,Weekend,2300,2-Car,No injury/unknown,UNSAFE BACKING,AMY LN,39.16944422,-86.49792484
2011,10,2,Weekday,2200,2-Car,No injury/unknown,IMPROPER PASSING,8TH & NORTH WASHINGTON ST,39.16944214,-86.5324
2011,10,1,Weekend,1600,2-Car,No injury/unknown,OTHER (VEHICLE) - EXPLAIN IN NARRATIVE,ATWATER & HIGHLAND AVE,39.16938894,-86.51771252
2011,1,5,Weekday,700,1-Car,Non-incapacitating,SPEED TOO FAST FOR WEATHER CONDITIONS,E AMY & N PETE ELLIS DR,39.169312,-86.495888
2011,1,5,Weekday,1000,1-Car,No injury/unknown,SPEED TOO FAST FOR WEATHER CONDITIONS,E AMY & N PETE ELLIS DR,39.169312,-86.495888
2011,11,5,Weekday,1600,2-Car,No injury/unknown,FAILURE TO YIELD RIGHT OF WAY,AMY & S PETE ELLIS DR,39.169312,-86.495888
2011,3,6,Weekday,1600,2-Car,Non-incapacitating,FOLLOWING TOO CLOSELY,7TH & JORDAN AVE,39.16921765,-86.51598578
2011,9,4,Weekday,2000,2-Car,No injury/unknown,FAILURE TO YIELD RIGHT OF WAY,7TH & JORDAN AVE,39.16921765,-86.51598578
2011,9,2,Weekday,1900,1-Car,No injury/unknown,OVERCORRECTING/OVERSTEERING,CLUBHOUSE & KINSER PIKE,39.16906734,-86.54286
2011,1,7,Weekend,2100,2-Car,No injury/unknown,DRIVER DISTRACTED - EXPLAIN IN NARRATIVE,E 12 TH & INDIANA AVE,39.16906146,-86.52699
2011,3,3,Weekday,1900,2-Car,No injury/unknown,UNSAFE BACKING,E HUNTER & S SWAIN AVE,39.16904296,-86.51526
2011,1,7,Weekend,400,3+ Cars,No injury/unknown,ROADWAY SURFACE CONDITION,N SHEFFIELD DR & PROVIDENCE,39.16899,-86.47933
2011,4,2,Weekday,900,2-Car,Non-incapacitating,DRIVER DISTRACTED - EXPLAIN IN NARRATIVE,7TH & ROGERS ST,39.16897866,-86.538576
2011,12,7,Weekend,1800,3+ Cars,No injury/unknown,DRIVER DISTRACTED - EXPLAIN IN NARRATIVE,EASTGATE & SR46N,39.16896024,-86.50075211
2011,2,5,Weekday,1100,2-Car,No injury/unknown,FOLLOWING TOO CLOSELY,7TH & JORDAN AVE,39.168944,-86.516016
2011,9,4,Weekday,2000,2-Car,No injury/unknown,SPEED TOO FAST FOR WEATHER CONDITIONS,E 7TH & N JORDAN AVE,39.168944,-86.516016
2011,9,2,Weekday,800,2-Car,No injury/unknown,FAILURE TO YIELD RIGHT OF WAY,7TH & JORDAN AVE,39.168944,-86.516016
2011,9,4,Weekday,1200,Moped/Motorcycle,Non-incapacitating,FAILURE TO YIELD RIGHT OF WAY,E 7TH & N JORDAN AVE,39.168944,-86.516016
2011,10,4,Weekday,1500,2-Car,No injury/unknown,FOLLOWING TOO CLOSELY,E 7TH & N JORDAN AVE,39.168944,-86.516016
2011,11,3,Weekday,1400,2-Car,No injury/unknown,FOLLOWING TOO CLOSELY,EAST SEVENTH ST & NORTH JORDAN,39.168944,-86.516016
2011,9,2,Weekday,1300,Cyclist,Non-incapacitating,IMPROPER PASSING,7TH ST & JORDAN,39.16890743,-86.51566631
2011,9,1,Weekday,1900,2-Car,Non-incapacitating,SPEED TOO FAST FOR WEATHER CONDITIONS,N JORDAN AVE & WRIGHT CIRCLE,39.16888243,-86.51617527
2011,10,3,Weekday,900,Cyclist,Non-incapacitating,FAILURE TO YIELD RIGHT OF WAY,EAST SEVENTH & NORTH JORDAN AVE,39.16885,-86.51616
2011,10,2,Weekday,1700,Cyclist,No injury/unknown,DISREGARD SIGNAL/REG SIGN,7TH & JORDAN AVE,39.16885,-86.51616
2011,10,2,Weekday,1700,Cyclist,Non-incapacitating,DISREGARD SIGNAL/REG SIGN,7TH ST & JORDAN,39.16885,-86.51616
2011,11,5,Weekday,1200,2-Car,No injury/unknown,FAILURE TO YIELD RIGHT OF WAY,GRANT ST & SMITH,39.168848,-86.481296
2011,5,6,Weekday,600,1-Car,No injury/unknown,RAN OFF ROAD RIGHT,N SHEFFIELD DR & PROVIDENCE,39.16884494,-86.47939506
2011,4,1,Weekday,2300,1-Car,No injury/unknown,RAN OFF ROAD RIGHT,SR48W & VERNAL,39.16882608,-86.66352563
2011,5,3,Weekday,1300,2-Car,Non-incapacitating,FOLLOWING TOO CLOSELY,ALEXANDER DR & PRIVATE,39.16879717,-86.57458574
2011,7,2,Weekday,800,2-Car,No injury/unknown,UNSAFE BACKING,7TH & DUNN ST,39.16877732,-86.52822618
2011,5,7,Weekend,1200,2-Car,No injury/unknown,FAILURE TO YIELD RIGHT OF WAY,GATES DR & JONATHAN,39.16876,-86.57642
2011,2,2,Weekday,2100,2-Car,No injury/unknown,UNSAFE BACKING,E 7TH ST,39.168752,-86.5436
2011,7,3,Weekday,1700,2-Car,No injury/unknown,UNSAFE BACKING,E 7TH ST,39.168752,-86.5436
2011,3,1,Weekend,100,1-Car,No injury/unknown,UNSAFE BACKING,N WALNUT ST,39.16871445,-86.53356669
2011,10,7,Weekend,300,2-Car,No injury/unknown,UNSAFE BACKING,N WALNUT ST,39.16871445,-86.53356669
2011,8,6,Weekday,1400,Cyclist,Non-incapacitating,IMPROPER PASSING,7TH ST & CAMPBELL,39.16871,-86.5139
2011,10,5,Weekday,2300,2-Car,No injury/unknown,OTHER (VEHICLE) - EXPLAIN IN NARRATIVE,7TH ST & CAMPBELL,39.16871,-86.51389567
2011,8,4,Weekday,1800,2-Car,No injury/unknown,IMPROPER LANE USAGE,7TH ST & ROGERS,39.168704,-86.53875242
2011,6,5,Weekday,800,2-Car,No injury/unknown,UNSAFE BACKING,N ELM ST & W 7TH,39.168704,-86.5452
2011,8,3,Weekday,1600,2-Car,No injury/unknown,FOLLOWING TOO CLOSELY,7TH & ROGERS ST,39.168704,-86.538576
2011,8,4,Weekday,800,2-Car,No injury/unknown,FAILURE TO YIELD RIGHT OF WAY,7TH ST & ROGERS,39.16869518,-86.53787042
2011,2,2,Weekday,1600,2-Car,No injury/unknown,UNSAFE BACKING,W 7TH ST,39.16869029,-86.53747886
2011,2,5,Weekday,1700,2-Car,No injury/unknown,IMPROPER PASSING,GRANDVIEW ST & KERRY,39.16868989,-86.48675014
2011,3,6,Weekday,1400,2-Car,No injury/unknown,FOLLOWING TOO CLOSELY,N MORTON & W 7TH ST,39.168672,-86.536
2011,9,3,Weekday,1000,2-Car,No injury/unknown,OTHER (DRIVER) - EXPLAIN IN NARRATIVE,N MORTON & W 7TH ST,39.168672,-86.536
2011,11,3,Weekday,1100,2-Car,Non-incapacitating,SPEED TOO FAST FOR WEATHER CONDITIONS,7TH ST & MORTON,39.168672,-86.536
2011,5,5,Weekday,1300,2-Car,No injury/unknown,UNSAFE BACKING,7TH ST & COLLEGE,39.16865646,-86.53481928
2011,5,6,Weekday,500,Pedestrian,Non-incapacitating,PEDESTRIAN ACTION,N COLLEGE AVE,39.168656,-86.534784
2011,8,7,Weekend,1000,2-Car,No injury/unknown,FAILURE TO YIELD RIGHT OF WAY,N COLLEGE AVE & W 7TH,39.168656,-86.534784
2011,10,5,Weekday,1800,Pedestrian,Non-incapacitating,FAILURE TO YIELD RIGHT OF WAY,7TH & COLLEGE AVE,39.168656,-86.534784
2011,12,4,Weekday,1400,2-Car,No injury/unknown,UNSAFE BACKING,COLLEGE & SEVENTH ST,39.168656,-86.534784
2011,3,3,Weekday,2000,2-Car,No injury/unknown,,E 7TH ST & N DUNN,39.16864,-86.528224
2011,3,5,Weekday,1800,2-Car,No injury/unknown,DRIVER DISTRACTED - EXPLAIN IN NARRATIVE,EAST 7TH ST & NORTH LINCOLN,39.16864,-86.530992
2011,3,1,Weekday,2000,2-Car,No injury/unknown,FAILURE TO YIELD RIGHT OF WAY,E 7TH & N WALNUT ST,39.16864,-86.533568
2011,4,4,Weekday,1200,3+ Cars,No injury/unknown,FOLLOWING TOO CLOSELY,7TH & N WALNUT ST,39.16864,-86.533568
2011,4,6,Weekday,1800,2-Car,No injury/unknown,UNSAFE BACKING,E 7TH ST,39.16864,-86.526944
2011,7,2,Weekday,1100,2-Car,No injury/unknown,BRAKE FAILURE OR DEFECTIVE,E 7TH ST & N DUNN,39.16864,-86.528224
2011,7,5,Weekday,1500,1-Car,No injury/unknown,,400 E 7TH ST & GRANT,39.16864,-86.529696
2011,7,1,Weekday,1900,2-Car,No injury/unknown,IMPROPER TURNING,E 7TH & N WALNUT ST,39.16864,-86.533568
2011,7,6,Weekday,1100,2-Car,No injury/unknown,IMPROPER LANE USAGE,NORTH WALNUT ST & WEST 7TH,39.16864,-86.533568
2011,8,7,Weekend,300,2-Car,No injury/unknown,UNSAFE LANE MOVEMENT,E 7TH & N LINCOLN ST,39.16864,-86.530992
2011,8,6,Weekday,1400,2-Car,No injury/unknown,IMPROPER TURNING,7TH ST & LINCOLN,39.16864,-86.530992
2011,9,4,Weekday,900,Bus,No injury/unknown,FAILURE TO YIELD RIGHT OF WAY,E 7TH ST & N WALNUT,39.16864,-86.533568
2011,9,3,Weekday,2000,2-Car,No injury/unknown,UNSAFE LANE MOVEMENT,7TH & WALNUT ST,39.16864,-86.533568
2011,9,4,Weekday,2100,Pedestrian,Non-incapacitating,FAILURE TO YIELD RIGHT OF WAY,E 7TH ST & N GRANT,39.16864,-86.529696
2011,9,4,Weekday,700,2-Car,No injury/unknown,UNSAFE LANE MOVEMENT,E 7TH & N WALNUT ST,39.16864,-86.533568
2011,10,5,Weekday,100,2-Car,No injury/unknown,UNSAFE LANE MOVEMENT,7TH & N WALNUT ST,39.16864,-86.533568
2011,10,6,Weekday,1200,Cyclist,Non-incapacitating,FAILURE TO YIELD RIGHT OF WAY,7TH ST & WALNUT,39.16864,-86.533568
2011,10,1,Weekend,300,2-Car,No injury/unknown,IMPROPER TURNING,EAST SEVENTH ST & WASHINGTON,39.16864,-86.5324
2011,11,6,Weekday,1700,2-Car,No injury/unknown,OTHER (DRIVER) - EXPLAIN IN NARRATIVE,7TH ST & GRANT,39.16864,-86.529696
2011,11,1,Weekend,1300,2-Car,Non-incapacitating,DISREGARD SIGNAL/REG SIGN,7TH ST & WASHINGTON,39.16864,-86.5324
2011,11,3,Weekday,1200,2-Car,No injury/unknown,UNSAFE BACKING,E 7TH ST & N WALNUT,39.16864,-86.533568
2011,11,2,Weekday,2300,2-Car,No injury/unknown,UNSAFE BACKING,7TH ST & WASHINGTON,39.16864,-86.5324
2011,12,1,Weekend,0,2-Car,No injury/unknown,OTHER (DRIVER) - EXPLAIN IN NARRATIVE,EAST 7TH ST,39.16864,-86.529696
2011,12,1,Weekend,1200,2-Car,Non-incapacitating,UNSAFE SPEED,E 7TH ST & N LINCOLN,39.16864,-86.530992
2011,9,4,Weekday,1700,2-Car,No injury/unknown,UNSAFE BACKING,E 7TH ST,39.16861781,-86.52243407
2011,8,5,Weekday,1800,1-Car,No injury/unknown,UNSAFE BACKING,E 7TH ST,39.16858267,-86.52091725
2011,3,7,Weekend,1500,Moped/Motorcycle,Non-incapacitating,FAILURE TO YIELD RIGHT OF WAY,7TH & ADAMS ST,39.168576,-86.5496
2011,1,3,Weekday,1900,2-Car,No injury/unknown,FOLLOWING TOO CLOSELY,N COLLEGE AVE & W 7TH,39.16856,-86.53486
2011,11,4,Weekday,900,Cyclist,Non-incapacitating,LEFT OF CENTER,E 7TH ST,39.16855314,-86.51964238
2011,4,2,Weekday,1400,2-Car,No injury/unknown,FOLLOWING TOO CLOSELY,7TH ST & SUNRISE,39.16854625,-86.51238497
2011,2,3,Weekday,1800,2-Car,No injury/unknown,FAILURE TO YIELD RIGHT OF WAY,EAST 7TH ST & NORTH LINCOLN,39.16854283,-86.53101937
2011,8,4,Weekday,700,2-Car,No injury/unknown,UNSAFE BACKING,7TH ST & DUNN,39.16851,-86.52823702
2011,11,6,Weekday,1500,2-Car,No injury/unknown,FOLLOWING TOO CLOSELY,7TH & INDIANA AVE,39.16850269,-86.52694155
2011,4,2,Weekday,1400,3+ Cars,No injury/unknown,OTHER (DRIVER) - EXPLAIN IN NARRATIVE,E SEVENTH ST,39.16847,-86.520745
2011,2,3,Weekday,2300,2-Car,No injury/unknown,UNSAFE BACKING,E 7TH ST & FORREST,39.16846087,-86.52108527
2011,2,2,Weekday,1900,Bus,No injury/unknown,OTHER (DRIVER) - EXPLAIN IN NARRATIVE,E 7TH & N WOODLAWN AVE,39.16845746,-86.52346354
2011,12,1,Weekday,1900,1-Car,No injury/unknown,HOLES/RUTS IN SURFACE,WEST HENNESSEY & WICKINS ST,39.16839618,-86.55259028
2011,2,4,Weekday,1800,2-Car,Non-incapacitating,FAILURE TO YIELD RIGHT OF WAY,N CURRY PIKE & W JONATHAN,39.16837891,-86.5830023
2011,4,7,Weekend,1700,1-Car,No injury/unknown,ROADWAY SURFACE CONDITION,CURRY & JOHNATHAN DR,39.16836,-86.58300598
2011,7,5,Weekday,1700,2-Car,No injury/unknown,FAILURE TO YIELD RIGHT OF WAY,NORTH GATES DR,39.168269,-86.576396
2011,1,6,Weekend,1900,1-Car,No injury/unknown,ROADWAY SURFACE CONDITION,E BRAESIDE & N PETE ELLIS DR,39.168192,-86.49504
2011,9,5,Weekday,1400,1-Car,No injury/unknown,ANIMAL/OBJECT IN ROADWAY,BRAESIDE & PETE ELLIS DR,39.168192,-86.49504
2011,10,4,Weekday,200,2-Car,No injury/unknown,RAN OFF ROAD RIGHT,7TH & N JEFFERSON ST,39.168192,-86.507024
2011,6,5,Weekday,1700,2-Car,No injury/unknown,FAILURE TO YIELD RIGHT OF WAY,300 SOUTH COLLEGE AVE & SMITH,39.16815393,-86.53497924
2011,11,2,Weekday,100,2-Car,No injury/unknown,,7TH ST & ROSE,39.16814669,-86.51085091
2011,4,1,Weekend,1400,2-Car,No injury/unknown,UNSAFE BACKING,7TH ST & ROSE,39.168144,-86.510992
2011,2,2,Weekday,1800,2-Car,No injury/unknown,FOLLOWING TOO CLOSELY,7TH & JORDAN AVE,39.16812347,-86.51611253
2011,3,4,Weekday,2100,3+ Cars,No injury/unknown,IMPROPER LANE USAGE,LINCOLN ST & SMITH,39.16811698,-86.53117
2011,7,4,Weekday,1000,2-Car,No injury/unknown,,N MORTON ST,39.16811657,-86.536
2011,12,7,Weekend,1100,2-Car,No injury/unknown,OTHER (DRIVER) - EXPLAIN IN NARRATIVE,N GATES DR,39.16803807,-86.57621853
2011,5,6,Weekday,1500,2-Car,No injury/unknown,FOLLOWING TOO CLOSELY,E MILLER & S WALNUT ST,39.16803046,-86.53265697
2011,4,5,Weekday,1300,3+ Cars,No injury/unknown,OTHER (DRIVER) - EXPLAIN IN NARRATIVE,N GATES DR,39.167817,-86.576129
2011,8,2,Weekday,800,2-Car,No injury/unknown,OTHER (DRIVER) - EXPLAIN IN NARRATIVE,NORTH ROGERS ST,39.167802,-86.538677
2011,10,3,Weekday,2100,2-Car,No injury/unknown,IMPROPER TURNING,MORTON ST,39.16778743,-86.536
2011,11,3,Weekday,1400,2-Car,No injury/unknown,OTHER (DRIVER) - EXPLAIN IN NARRATIVE,E 7TH ST & N HILLSDALE,39.16776,-86.503616
2011,4,7,Weekend,1300,2-Car,No injury/unknown,IMPROPER LANE USAGE,6TH & N INDIANA AVE,39.167744,-86.526928
2011,7,6,Weekday,1300,Pedestrian,Incapacitating,OTHER (DRIVER) - EXPLAIN IN NARRATIVE,6TH ST & INDIANA,39.167744,-86.526928
2011,10,5,Weekday,1600,2-Car,No injury/unknown,OVERCORRECTING/OVERSTEERING,N DUNN ST,39.167728,-86.528208
2011,8,1,Weekend,1600,2-Car,No injury/unknown,,E 6TH ST,39.16771527,-86.52939233
2011,2,5,Weekday,1400,2-Car,No injury/unknown,UNSAFE BACKING,6TH ST & GRANT,39.167712,-86.529696
2011,5,1,Weekend,1200,2-Car,No injury/unknown,FAILURE TO YIELD RIGHT OF WAY,6TH & ROGERS ST,39.16768,-86.538592
2011,5,7,Weekend,1900,1-Car,No injury/unknown,RAN OFF ROAD RIGHT,6TH & JACKSON ST,39.16768,-86.539808
2011,5,6,Weekday,1500,2-Car,No injury/unknown,FAILURE TO YIELD RIGHT OF WAY,N ROGERS ST & W 6TH,39.16768,-86.538592
2011,10,4,Weekday,1500,2-Car,No injury/unknown,FAILURE TO YIELD RIGHT OF WAY,6TH & ROGERS ST,39.16768,-86.538592
2011,10,7,Weekend,1000,2-Car,No injury/unknown,FAILURE TO YIELD RIGHT OF WAY,6TH ST & ROGERS,39.16767782,-86.53841561
2011,5,3,Weekday,1100,2-Car,No injury/unknown,UNSAFE BACKING,N GATES DR,39.16767,-86.576029
2011,8,1,Weekend,1200,2-Car,No injury/unknown,IMPROPER TURNING,N GATES DR,39.16767,-86.576029
2011,10,6,Weekday,1400,2-Car,No injury/unknown,FOLLOWING TOO CLOSELY,N GATES DR,39.16767,-86.576029
2011,1,6,Weekday,1700,2-Car,No injury/unknown,DRIVER DISTRACTED - EXPLAIN IN NARRATIVE,N MORTON & W 6TH ST,39.167664,-86.536
2011,4,3,Weekday,1800,3+ Cars,No injury/unknown,DRIVER DISTRACTED - EXPLAIN IN NARRATIVE,MADISON & W 6TH ST,39.167664,-86.537296
2011,6,3,Weekday,1500,2-Car,No injury/unknown,IMPROPER TURNING,E 6TH ST & N MADISON,39.167664,-86.537296
2011,6,3,Weekday,1300,2-Car,No injury/unknown,OTHER (DRIVER) - EXPLAIN IN NARRATIVE,E 6TH ST & N WASHINGTON,39.167664,-86.5324
2011,7,6,Weekday,1300,2-Car,No injury/unknown,UNSAFE BACKING,E SIXTH ST & WASHINGTON,39.167664,-86.5324
2011,10,1,Weekend,1300,2-Car,Non-incapacitating,FAILURE TO YIELD RIGHT OF WAY,6TH & WASHINGTON ST,39.167664,-86.5324
2011,10,5,Weekday,1300,2-Car,No injury/unknown,UNSAFE BACKING,W 6TH ST,39.167664,-86.53659813
2011,10,6,Weekday,1300,Cyclist,Non-incapacitating,OTHER (DRIVER) - EXPLAIN IN NARRATIVE,N MORTON ST,39.167664,-86.536
2011,11,2,Weekday,1400,2-Car,No injury/unknown,OTHER (DRIVER) - EXPLAIN IN NARRATIVE,6TH ST & MORTON,39.16766168,-86.53582361
2011,6,5,Weekday,1400,Moped/Motorcycle,Non-incapacitating,RAN OFF ROAD RIGHT,ROGERS & SARE RD,39.16766013,-86.49653
2011,2,6,Weekend,2300,2-Car,No injury/unknown,UNSAFE BACKING,N COLLEGE AVE & W 6TH,39.167648,-86.534784
2011,4,6,Weekday,400,3+ Cars,No injury/unknown,RAN OFF ROAD RIGHT,6TH ST & WALNUT,39.167648,-86.533584
2011,5,1,Weekday,1900,Moped/Motorcycle,Non-incapacitating,FAILURE TO YIELD RIGHT OF WAY,6TH & WALNUT ST,39.167648,-86.533584
2011,7,7,Weekend,2300,2-Car,No injury/unknown,INSECURE/LEAKY LOAD,6TH ST & WALNUT,39.167648,-86.533584
2011,7,4,Weekday,800,2-Car,No injury/unknown,FAILURE TO YIELD RIGHT OF WAY,N COLLEGE & W 6TH ST,39.167648,-86.534784
2011,8,5,Weekday,1400,2-Car,No injury/unknown,IMPROPER TURNING,6TH & WALNUT ST,39.167648,-86.533584
2011,9,1,Weekend,1100,2-Car,No injury/unknown,IMPROPER LANE USAGE,N COLLEGE AVE & W 6TH,39.167648,-86.534784
2011,10,7,Weekend,1000,2-Car,No injury/unknown,FAILURE TO YIELD RIGHT OF WAY,N WALNUT ST & W 6TH,39.167648,-86.533584
2011,11,6,Weekday,1000,2-Car,No injury/unknown,UNSAFE BACKING,N COLLEGE & W 6TH ST,39.167648,-86.534784
2011,11,6,Weekday,1500,2-Car,No injury/unknown,UNSAFE BACKING,E 6TH & N WALNUT ST,39.167648,-86.533584
2011,11,2,Weekday,1900,2-Car,No injury/unknown,UNSAFE LANE MOVEMENT,6TH & COLLEGE AVE,39.167648,-86.534784
2011,4,4,Weekday,1000,1-Car,No injury/unknown,OTHER (DRIVER) - EXPLAIN IN NARRATIVE,N JORDAN AVE,39.1676,-86.516168
2011,11,6,Weekday,900,1-Car,No injury/unknown,OTHER (DRIVER) - EXPLAIN IN NARRATIVE,N JORDAN AVE,39.1676,-86.516168
2011,2,2,Weekday,1600,2-Car,No injury/unknown,IMPROPER TURNING,N COLLEGE AVE & SIXTH,39.16759344,-86.53489044
2011,10,6,Weekday,1800,2-Car,No injury/unknown,IMPROPER LANE USAGE,6TH & DUNN ST,39.16759068,-86.52820598
2011,2,2,Weekday,0,2-Car,No injury/unknown,LEFT OF CENTER,6TH ST & WALDRON,39.16758661,-86.54374237
2011,1,6,Weekend,2100,Bus,No injury/unknown,IMPROPER TURNING,SIXTH ST & WALNUT,39.16755,-86.5336
2011,4,5,Weekday,1600,2-Car,No injury/unknown,FOLLOWING TOO CLOSELY,GRANT ST & SIXTH,39.16754,-86.52979
2011,7,2,Weekday,1000,2-Car,No injury/unknown,OTHER (DRIVER) - EXPLAIN IN NARRATIVE,6TH ST & DUNN,39.16752979,-86.52825996
2011,2,2,Weekday,1700,2-Car,No injury/unknown,FAILURE TO YIELD RIGHT OF WAY,EAST 6TH & NORTH WASHINGTON ST,39.16751148,-86.53231546
2011,6,7,Weekend,100,2-Car,No injury/unknown,IMPROPER TURNING,FRANKLIN RD,39.16744798,-86.57099492
2011,8,3,Weekday,2100,2-Car,No injury/unknown,UNSAFE BACKING,N JORDAN AVE,39.167344,-86.515792
2011,10,2,Weekday,800,2-Car,No injury/unknown,IMPROPER TURNING,COTTAGE & FORREST AVE,39.16723171,-86.5224
2011,5,2,Weekday,1800,2-Car,No injury/unknown,IMPROPER LANE USAGE,GRANT ST & KIRKWOOD,39.16718931,-86.529696
2011,4,5,Weekday,1400,2-Car,No injury/unknown,IMPROPER LANE USAGE,INDIANA AVE & KIRKWOOD,39.16718917,-86.52691192
2011,7,1,Weekday,2100,1-Car,No injury/unknown,UNSAFE SPEED,JOHNSON AVE,39.16708441,-86.564992
2011,3,3,Weekday,1500,2-Car,No injury/unknown,UNSAFE BACKING,N JORDAN AVE,39.16704361,-86.51616207
2011,3,6,Weekend,2300,2-Car,No injury/unknown,FAILURE TO YIELD RIGHT OF WAY,NORTH JORDAN AVE,39.16704361,-86.51616207
2011,3,2,Weekday,2200,2-Car,No injury/unknown,UNSAFE BACKING,NORTH JORDAN AVE,39.167006,-86.516145
2011,3,5,Weekday,1700,Pedestrian,Non-incapacitating,FAILURE TO YIELD RIGHT OF WAY,NORTH JORDAN AVE,39.166992,-86.51614
2011,11,7,Weekend,2100,Bus,No injury/unknown,OVERSIZE/OVERWEIGHT LOAD,JORDAN AVE,39.166992,-86.51614
2011,11,3,Weekday,2000,2-Car,No injury/unknown,OTHER (DRIVER) - EXPLAIN IN NARRATIVE,KIRKWOOD & ROOSEVELT ST,39.16695782,-86.50589188
2011,3,6,Weekday,1200,2-Car,Non-incapacitating,FAILURE TO YIELD RIGHT OF WAY,E LONGVIEW & N PETE ELLIS DR,39.166944,-86.495056
2011,4,7,Weekend,1100,3+ Cars,Incapacitating,FAILURE TO YIELD RIGHT OF WAY,LONGVIEW & PETE ELLIS DR,39.166944,-86.495056
2011,11,6,Weekday,1800,2-Car,No injury/unknown,FAILURE TO YIELD RIGHT OF WAY,LONGVIEW & PETE ELLIS DR,39.166944,-86.495056
2011,9,1,Weekend,1800,2-Car,No injury/unknown,UNSAFE BACKING,S KIMBLE DR,39.16694335,-86.568
2011,7,7,Weekend,1700,2-Car,No injury/unknown,UNSAFE BACKING,NORTH JORDAN AVE,39.166912,-86.516224
2011,8,3,Weekday,1200,2-Car,No injury/unknown,IMPROPER TURNING,N JORDAN AVE,39.166912,-86.516224
2011,10,2,Weekday,1300,2-Car,No injury/unknown,IMPROPER PASSING,LONGVIEW & PETE ELLIS DR,39.16691,-86.49492
2011,6,6,Weekday,1600,2-Car,No injury/unknown,UNSAFE BACKING,FOREST & KIRKWOOD AVE,39.16685,-86.52154404
2011,1,7,Weekend,1200,2-Car,No injury/unknown,FAILURE TO YIELD RIGHT OF WAY,E 5TH & JEFFERSON ST,39.166848,-86.506992
2011,11,2,Weekday,1300,2-Car,No injury/unknown,FAILURE TO YIELD RIGHT OF WAY,E 5TH & N JEFFERSON ST,39.166848,-86.506992
2011,11,1,Weekday,1900,2-Car,No injury/unknown,FAILURE TO YIELD RIGHT OF WAY,5TH ST & JEFFERSON,39.166848,-86.506992
2011,6,2,Weekday,200,2-Car,No injury/unknown,UNSAFE BACKING,E KIRKWOOD AVE,39.166828,-86.521999
2011,8,3,Weekday,1600,Moped/Motorcycle,No injury/unknown,OTHER (DRIVER) - EXPLAIN IN NARRATIVE,ADAMS & KIRKWOOD AVE,39.166816,-86.549488
2011,9,6,Weekday,1600,3+ Cars,No injury/unknown,UNSAFE SPEED,ADAMS & KIRKWOOD AVE,39.166816,-86.549488
2011,11,4,Weekday,700,2-Car,Non-incapacitating,FAILURE TO YIELD RIGHT OF WAY,ADAMS & KIRKWOOD AVE,39.166816,-86.549488
2011,9,6,Weekday,1700,2-Car,No injury/unknown,FAILURE TO YIELD RIGHT OF WAY,5TH & JEFFERSON ST,39.16681,-86.50716
2011,1,6,Weekend,2100,2-Car,No injury/unknown,ROADWAY SURFACE CONDITION,PINE & WEST KIRKWOOD ST,39.1668,-86.548288
2011,6,3,Weekday,1600,2-Car,No injury/unknown,UNSAFE BACKING,E KIRKWOOD AVE,39.166787,-86.525016
2011,9,1,Weekend,1300,1-Car,No injury/unknown,OVERCORRECTING/OVERSTEERING,BIRDIE GALYAN RD & FLEENER,39.16678468,-86.41173876
2011,1,7,Weekend,1300,2-Car,No injury/unknown,FAILURE TO YIELD RIGHT OF WAY,OAK & W KIRKWOOD AVE,39.166784,-86.5468
2011,12,2,Weekday,2100,2-Car,Non-incapacitating,UNSAFE BACKING,E KIRKWOOD AVE,39.16678078,-86.52203053
2011,5,6,Weekday,200,Moped/Motorcycle,Non-incapacitating,DISREGARD SIGNAL/REG SIGN,ELM & KIRKWOOD AVE,39.166768,-86.5452