Year,Month,Day,Weekend?,Hour,Collision Type,Injury Type,Primary Factor,Reported_Location,Latitude,Longitude
2011,9,4,Weekday,1700,2-Car,Non-incapacitating,OTHER (VEHICLE) - EXPLAIN IN NARRATIVE,PROFILE & SR48W,39.16476574,-86.59262603
2011,4,2,Weekday,1400,2-Car,No injury/unknown,FOLLOWING TOO CLOSELY,SR 37 & W 3RD ST,39.164752,-86.573104
2011,4,7,Weekend,1300,2-Car,No injury/unknown,FAILURE TO YIELD RIGHT OF WAY,3RD ST & SR37,39.164752,-86.573104
2011,5,2,Weekday,1500,2-Car,No injury/unknown,FOLLOWING TOO CLOSELY,SR37W & W 3RD ST,39.164752,-86.573104
2011,5,3,Weekday,2100,Pedestrian,Non-incapacitating,OTHER (DRIVER) - EXPLAIN IN NARRATIVE,3RD & SR37S,39.164752,-86.573104
2011,6,3,Weekday,700,2-Car,No injury/unknown,DISREGARD SIGNAL/REG SIGN,3RD ST & SR37,39.164752,-86.573104
2011,7,6,Weekday,1200,2-Car,No injury/unknown,OTHER (DRIVER) - EXPLAIN IN NARRATIVE,3RD & SR37N,39.164752,-86.573104
2011,7,3,Weekday,1000,2-Car,No injury/unknown,FOLLOWING TOO CLOSELY,SR37 & SR48W,39.164752,-86.573104
2011,7,4,Weekday,2200,2-Car,No injury/unknown,FOLLOWING TOO CLOSELY,3RD & SR37N,39.164752,-86.573104
2011,8,4,Weekday,900,2-Car,No injury/unknown,OTHER (DRIVER) - EXPLAIN IN NARRATIVE,3RD ST & JACKSON,39.164752,-86.53984
2011,8,4,Weekday,2100,2-Car,No injury/unknown,WRONG WAY ON ONE WAY,3RD ST & JACKSON,39.164752,-86.53984
2011,8,6,Weekday,800,Bus,No injury/unknown,IMPROPER TURNING,3RD ST & SR37S,39.164752,-86.573104
2011,9,6,Weekday,600,2-Car,Non-incapacitating,FAILURE TO YIELD RIGHT OF WAY,3RD ST & SR37S,39.164752,-86.573104
2011,9,1,Weekday,2000,1-Car,Non-incapacitating,RAN OFF ROAD RIGHT,SR37S & W 3RD,39.164752,-86.573104
2011,12,1,Weekend,1800,2-Car,Non-incapacitating,FAILURE TO YIELD RIGHT OF WAY,37 & W 3RD ST,39.164752,-86.573104
2011,8,2,Weekday,1400,3+ Cars,No injury/unknown,OTHER (DRIVER) - EXPLAIN IN NARRATIVE,SR37 & WEST 3RD ST,39.16474489,-86.57289251
2011,2,1,Weekend,1400,2-Car,No injury/unknown,IMPROPER TURNING,W 3RD ST,39.16474251,-86.57282163
2011,6,1,Weekday,2200,2-Car,No injury/unknown,OTHER (VEHICLE) - EXPLAIN IN NARRATIVE,WEST 3RD ST,39.16474251,-86.57282163
2011,7,6,Weekend,2100,2-Car,No injury/unknown,FAILURE TO YIELD RIGHT OF WAY,W 3RD ST,39.16474251,-86.57282163
2011,12,7,Weekend,2200,2-Car,No injury/unknown,UNSAFE BACKING,W 3RD ST,39.16474251,-86.57282163
2011,12,7,Weekend,2100,2-Car,No injury/unknown,UNSAFE LANE MOVEMENT,S PARK SQUARE & SR48W,39.16474029,-86.59259006
2011,11,7,Weekend,1400,1-Car,Non-incapacitating,OTHER (DRIVER) - EXPLAIN IN NARRATIVE,3RD ST,39.16472651,-86.57234563
2011,3,4,Weekday,200,1-Car,No injury/unknown,OTHER (DRIVER) - EXPLAIN IN NARRATIVE,3RD ST & ROGERS,39.16472,-86.538592
2011,10,7,Weekend,1700,1-Car,No injury/unknown,RAN OFF ROAD RIGHT,3RD & ROGERS ST,39.16472,-86.538592
2011,12,5,Weekday,1100,2-Car,No injury/unknown,FAILURE TO YIELD RIGHT OF WAY,3RD & ROGERS ST,39.16472,-86.538592
2011,7,1,Weekend,1500,2-Car,No injury/unknown,OTHER (DRIVER) - EXPLAIN IN NARRATIVE,EAST 3RD ST,39.16470933,-86.57183467
2011,11,4,Weekday,1600,2-Car,No injury/unknown,FAILURE TO YIELD RIGHT OF WAY,EAST 3RD ST,39.16470933,-86.57183467
2011,8,4,Weekday,1600,2-Car,No injury/unknown,FAILURE TO YIELD RIGHT OF WAY,MADISON & THIRD ST,39.164704,-86.537296
2011,8,3,Weekday,1600,1-Car,No injury/unknown,RAN OFF ROAD RIGHT,2800 BLOCK W 3RD ST & FRANKLIN,39.16469985,-86.57155249
2011,5,5,Weekday,2100,2-Car,No injury/unknown,FOLLOWING TOO CLOSELY,3RD ST & FRANKLIN,39.164688,-86.5712
2011,8,2,Weekday,1200,Moped/Motorcycle,Non-incapacitating,UNSAFE LANE MOVEMENT,FRANKLIN RD & W 3RD,39.164688,-86.5712
2011,10,4,Weekday,1600,2-Car,No injury/unknown,UNSAFE LANE MOVEMENT,3RD ST & FRANKLIN,39.164688,-86.5712
2011,12,7,Weekend,2100,3+ Cars,No injury/unknown,IMPROPER TURNING,FRANKLIN & W 3RD ST,39.164688,-86.5712
2011,5,5,Weekday,1600,2-Car,No injury/unknown,FAILURE TO YIELD RIGHT OF WAY,HICKORY & W 3RD ST RD 48 W ST,39.16468554,-86.58588018
2011,1,7,Weekend,700,3+ Cars,Non-incapacitating,SPEED TOO FAST FOR WEATHER CONDITIONS,CURRY PIKE & SR48W,39.16468378,-86.58292033
2011,2,6,Weekday,1600,2-Car,Non-incapacitating,FAILURE TO YIELD RIGHT OF WAY,3RD ST & HICKORY,39.16468378,-86.58584548
2011,5,2,Weekday,1500,2-Car,Non-incapacitating,SPEED TOO FAST FOR WEATHER CONDITIONS,HICKORY & ST RD 48 (W 3RD ST) RD,39.16468378,-86.58584548
2011,9,2,Weekday,1500,2-Car,Non-incapacitating,DRIVER ILLNESS,W 3RD ST,39.16468378,-86.58716188
2011,10,5,Weekday,800,3+ Cars,Non-incapacitating,DISREGARD SIGNAL/REG SIGN,300 S CURRY & 4000 W 3RD ST,39.16468378,-86.58292033
2011,10,7,Weekend,1500,2-Car,No injury/unknown,BRAKE FAILURE OR DEFECTIVE,WEST 3RD ST,39.16468378,-86.58297498
2011,11,6,Weekday,1300,2-Car,No injury/unknown,IMPROPER LANE USAGE,CURRY & SR48,39.16468378,-86.58296363
2011,3,4,Weekday,800,2-Car,No injury/unknown,OTHER (DRIVER) - EXPLAIN IN NARRATIVE,W 3RD ST,39.16467533,-86.570478
2011,12,6,Weekday,1700,2-Car,No injury/unknown,UNSAFE BACKING,3RD ST,39.16467067,-86.57025067
2011,7,6,Weekday,1700,2-Car,No injury/unknown,FAILURE TO YIELD RIGHT OF WAY,CURRY & W 3RD ST,39.16465983,-86.58292002
2011,12,3,Weekday,1300,2-Car,No injury/unknown,FOLLOWING TOO CLOSELY,CURRY & W 3RD ST,39.16465983,-86.58292002
2011,7,3,Weekday,1400,2-Car,No injury/unknown,FAILURE TO YIELD RIGHT OF WAY,WEST THIRD ST,39.16464843,-86.57720692
2011,3,7,Weekend,1000,Cyclist,Non-incapacitating,PEDESTRIAN ACTION,3RD ST & WASHINGTON,39.16464,-86.53266461
2011,1,7,Weekend,2000,2-Car,No injury/unknown,,W 3RD ST,39.16464,-86.56632619
2011,1,5,Weekday,2200,2-Car,No injury/unknown,FAILURE TO YIELD RIGHT OF WAY,COLLEGE AVE & W 3RD,39.16464,-86.534816
2011,1,5,Weekday,1400,2-Car,No injury/unknown,DISREGARD SIGNAL/REG SIGN,E 3RD ST & S WASHINGTON,39.16464,-86.5324
2011,1,5,Weekday,2000,2-Car,No injury/unknown,FOLLOWING TOO CLOSELY,E 3RD & S WALNUT ST,39.16464,-86.5336
2011,2,5,Weekday,2100,2-Car,No injury/unknown,,E 3RD ST & S GRANT,39.16464,-86.529728
2011,2,5,Weekday,2100,2-Car,No injury/unknown,FAILURE TO YIELD RIGHT OF WAY,GRANT & THIRD ST,39.16464,-86.529728
2011,2,1,Weekend,1400,2-Car,No injury/unknown,DISREGARD SIGNAL/REG SIGN,E 3RD & S WALNUT ST,39.16464,-86.5336
2011,2,6,Weekday,1300,2-Car,No injury/unknown,DISREGARD SIGNAL/REG SIGN,E 3RD ST & S COLLEGE,39.16464,-86.534816
2011,2,2,Weekday,900,2-Car,No injury/unknown,DISREGARD SIGNAL/REG SIGN,3RD ST & WASHINGTON,39.16464,-86.5324
2011,3,7,Weekend,300,Pedestrian,Non-incapacitating,SPEED TOO FAST FOR WEATHER CONDITIONS,3RD ST & WASHINGTON,39.16464,-86.5324
2011,3,2,Weekday,1200,2-Car,No injury/unknown,FAILURE TO YIELD RIGHT OF WAY,200 S COLLEGE AVE AVE & W 3RD,39.16464,-86.534816
2011,3,4,Weekday,1200,2-Car,No injury/unknown,OTHER (DRIVER) - EXPLAIN IN NARRATIVE,COLLEGE & W THIRD ST,39.16464,-86.534816
2011,3,6,Weekend,2300,2-Car,No injury/unknown,IMPROPER LANE USAGE,3RD & COLLEGE AVE,39.16464,-86.534816
2011,3,6,Weekday,1800,3+ Cars,Non-incapacitating,FOLLOWING TOO CLOSELY,E 3RD & S WALNUT ST,39.16464,-86.5336
2011,4,5,Weekday,1000,2-Car,No injury/unknown,DISREGARD SIGNAL/REG SIGN,3RD ST & LINCOLN,39.16464,-86.531024
2011,4,3,Weekday,100,2-Car,No injury/unknown,OTHER (DRIVER) - EXPLAIN IN NARRATIVE,E 3RD & S GRANT ST,39.16464,-86.529728
2011,4,5,Weekday,800,2-Car,No injury/unknown,FAILURE TO YIELD RIGHT OF WAY,JOHNSON & W THIRD ST,39.16464,-86.564992
2011,4,5,Weekday,1700,Moped/Motorcycle,Incapacitating,FOLLOWING TOO CLOSELY,2425 W THIRD ST & KIMBLE,39.16464,-86.568
2011,4,7,Weekend,1200,2-Car,No injury/unknown,OVERCORRECTING/OVERSTEERING,3RD & GRANT ST,39.16464,-86.529728
2011,4,2,Weekday,1100,2-Car,No injury/unknown,OTHER (DRIVER) - EXPLAIN IN NARRATIVE,E 3RD ST,39.16464,-86.53211918
2011,4,7,Weekend,2000,2-Car,No injury/unknown,FOLLOWING TOO CLOSELY,3 RD ST & LINCOLN,39.16464,-86.531024
2011,4,3,Weekday,1400,2-Car,No injury/unknown,OTHER (DRIVER) - EXPLAIN IN NARRATIVE,W 3RD ST,39.16464,-86.5324
2011,4,2,Weekday,1500,2-Car,No injury/unknown,FAILURE TO YIELD RIGHT OF WAY,KIMBLE & WEST THIRD ST,39.16464,-86.568
2011,5,3,Weekday,900,2-Car,Non-incapacitating,FAILURE TO YIELD RIGHT OF WAY,3RD & EAST WEST 300 BLK S WALNUT ALY,39.16464,-86.5336
2011,5,3,Weekday,1500,2-Car,No injury/unknown,FAILURE TO YIELD RIGHT OF WAY,3750 W 3RD & W 3RD ST,39.16464,-86.5336
2011,5,6,Weekday,1100,2-Car,No injury/unknown,OTHER (DRIVER) - EXPLAIN IN NARRATIVE,E 3RD ST,39.16464,-86.56905455
2011,5,1,Weekend,1500,1-Car,No injury/unknown,RAN OFF ROAD RIGHT,COLLEGE & SR37S,39.16464,-86.534816
2011,5,5,Weekday,600,1-Car,Non-incapacitating,BRAKE FAILURE OR DEFECTIVE,3RD & JOHNSON AVE,39.16464,-86.564992
2011,5,3,Weekday,900,2-Car,No injury/unknown,FAILURE TO YIELD RIGHT OF WAY,COLLEGE & SR37N,39.16464,-86.534816
2011,6,1,Weekend,200,2-Car,No injury/unknown,UNSAFE LANE MOVEMENT,E 3RD & S WALNUT ST,39.16464,-86.5336
2011,6,4,Weekday,1300,2-Car,No injury/unknown,FOLLOWING TOO CLOSELY,3RD & WALNUT ST,39.16464,-86.5336
2011,6,4,Weekday,800,2-Car,Non-incapacitating,IMPROPER TURNING,COLLEGE AVE & SR37N,39.16464,-86.534816
2011,6,4,Weekday,900,2-Car,No injury/unknown,DISREGARD SIGNAL/REG SIGN,S COLLEGE & W 3RD ST,39.16464,-86.534816
2011,6,5,Weekday,700,2-Car,Non-incapacitating,UNSAFE BACKING,S WALNUT ST,39.16464,-86.5336
2011,6,6,Weekday,1100,2-Car,Non-incapacitating,FOLLOWING TOO CLOSELY,KIMBLE & W 3RD ST,39.16464,-86.568
2011,7,6,Weekday,1700,2-Car,Non-incapacitating,FOLLOWING TOO CLOSELY,MULLER & WEST 3RD ST,39.16464,-86.5628
2011,7,4,Weekday,1000,2-Car,No injury/unknown,UNSAFE BACKING,W 3RD ST,39.16464,-86.5662049
2011,7,7,Weekend,300,2-Car,No injury/unknown,UNSAFE BACKING,WALNUT ST,39.16464,-86.5336
2011,7,7,Weekend,1600,2-Car,No injury/unknown,UNSAFE BACKING,E 3RD ST,39.16464,-86.5324
2011,8,5,Weekday,1700,2-Car,No injury/unknown,UNSAFE LANE MOVEMENT,EAST 3RD ST & SOUTH GRANT,39.16464,-86.529728
2011,8,4,Weekday,1500,3+ Cars,Non-incapacitating,FOLLOWING TOO CLOSELY,3RD ST & JOHNSON,39.16464,-86.564992
2011,8,3,Weekday,1200,2-Car,No injury/unknown,FOLLOWING TOO CLOSELY,3RD ST & GRANT,39.16464,-86.529728
2011,8,3,Weekday,2300,Pedestrian,Non-incapacitating,PEDESTRIAN ACTION,3RD ST & GRANT,39.16464,-86.529728
2011,8,1,Weekend,1000,2-Car,No injury/unknown,UNSAFE LANE MOVEMENT,3RD & COLLEGE AVE,39.16464,-86.534816
2011,9,5,Weekday,2200,2-Car,No injury/unknown,DISREGARD SIGNAL/REG SIGN,3RD ST & WASHINGTON,39.16464,-86.5324
2011,9,5,Weekday,1200,2-Car,No injury/unknown,DISREGARD SIGNAL/REG SIGN,3RD ST & COLLEGE,39.16464,-86.534816
2011,9,2,Weekday,1000,2-Car,No injury/unknown,FAILURE TO YIELD RIGHT OF WAY,E 3RD ST & GRANT,39.16464,-86.529728
2011,9,6,Weekend,2100,2-Car,No injury/unknown,FAILURE TO YIELD RIGHT OF WAY,GRANT & THIRD ST,39.16464,-86.529728
2011,9,3,Weekday,500,1-Car,Non-incapacitating,SPEED TOO FAST FOR WEATHER CONDITIONS,3RD & COLLEGE AVE,39.16464,-86.534816
2011,9,4,Weekday,800,2-Car,Non-incapacitating,FAILURE TO YIELD RIGHT OF WAY,3RD ST & COLLEGE,39.16464,-86.534816
2011,9,7,Weekend,900,2-Car,Non-incapacitating,FOLLOWING TOO CLOSELY,KIMBLE & W 3RD ST,39.16464,-86.568
2011,10,5,Weekday,1200,2-Car,No injury/unknown,DISREGARD SIGNAL/REG SIGN,3RD ST & WASHINGTON,39.16464,-86.5324
2011,10,5,Weekday,1000,2-Car,No injury/unknown,FAILURE TO YIELD RIGHT OF WAY,COLLEGE AVE & WEST 3 ST ST,39.16464,-86.534816
2011,11,1,Weekend,1500,2-Car,Non-incapacitating,FOLLOWING TOO CLOSELY,S KIMBLE & W 3RD ST,39.16464,-86.568
2011,11,2,Weekday,1800,2-Car,No injury/unknown,SPEED TOO FAST FOR WEATHER CONDITIONS,THIRD ST & WASHINGTON,39.16464,-86.5324
2011,11,1,Weekend,1500,2-Car,No injury/unknown,SPEED TOO FAST FOR WEATHER CONDITIONS,3RD & LINCOLN ST,39.16464,-86.531024
2011,11,1,Weekend,1100,2-Car,No injury/unknown,DISREGARD SIGNAL/REG SIGN,E 3RD ST & WASHINGTON,39.16464,-86.5324
2011,11,1,Weekend,1700,Pedestrian,No injury/unknown,FAILURE TO YIELD RIGHT OF WAY,EAST 3RD ST,39.16464,-86.56763613
2011,12,1,Weekend,1800,2-Car,No injury/unknown,SPEED TOO FAST FOR WEATHER CONDITIONS,3RD ST & WASHINGTON,39.16464,-86.5324
2011,12,1,Weekday,1900,2-Car,No injury/unknown,,W 3RD ST,39.16464,-86.56535587
2011,12,2,Weekday,2000,2-Car,Non-incapacitating,DISREGARD SIGNAL/REG SIGN,E 3RD ST & S LINCOLN,39.16464,-86.531024
2011,12,4,Weekday,1000,2-Car,No injury/unknown,DRIVER DISTRACTED - EXPLAIN IN NARRATIVE,3RD ST & S WALNUT,39.16464,-86.5336
2011,5,6,Weekday,1700,2-Car,Non-incapacitating,FOLLOWING TOO CLOSELY,N GATES & WEST 3RD ST,39.16463184,-86.57619774
2011,3,6,Weekday,1600,2-Car,Non-incapacitating,BRAKE FAILURE OR DEFECTIVE,ROGERS ST & THIRD,39.16463,-86.5387
2011,12,4,Weekday,1200,2-Car,No injury/unknown,UNSAFE BACKING,W 3RD ST,39.16462161,-86.58339142
2011,7,7,Weekend,1900,2-Car,No injury/unknown,DISREGARD SIGNAL/REG SIGN,SB SR 37 & W 3RD ST,39.16461146,-86.57327667
2011,7,6,Weekday,1400,2-Car,No injury/unknown,FAILURE TO YIELD RIGHT OF WAY,3RD ST & LIBERTY,39.16461021,-86.57912141
2011,2,6,Weekday,1500,2-Car,No injury/unknown,FAILURE TO YIELD RIGHT OF WAY,WEST THIRD ST,39.16460864,-86.58014045
2011,12,6,Weekday,1800,2-Car,No injury/unknown,FOLLOWING TOO CLOSELY,COLLEGE AVE & THIRD,39.16460015,-86.53489977
2011,6,4,Weekday,1700,2-Car,No injury/unknown,FOLLOWING TOO CLOSELY,3RD ST & COLLEGE,39.1646,-86.5349
2011,9,2,Weekday,0,2-Car,No injury/unknown,UNSAFE LANE MOVEMENT,3RD & COLLEGE AVE,39.1646,-86.5349
2011,1,2,Weekday,1900,2-Car,No injury/unknown,OTHER (DRIVER) - EXPLAIN IN NARRATIVE,W 3RD ST,39.1645984,-86.57874026
2011,1,6,Weekday,1100,2-Car,No injury/unknown,BRAKE FAILURE OR DEFECTIVE,LIBERTY & THIRD ST,39.1645984,-86.57913641
2011,1,5,Weekday,1100,2-Car,No injury/unknown,UNSAFE BACKING,W 3RD ST,39.1645984,-86.57786599
2011,1,3,Weekday,1500,Bus,No injury/unknown,IMPROPER TURNING,W 3RD ST,39.1645984,-86.57871294
2011,1,5,Weekday,800,2-Car,No injury/unknown,FAILURE TO YIELD RIGHT OF WAY,3RD ST & LIBERTY,39.1645984,-86.57913641
2011,2,5,Weekday,1500,2-Car,No injury/unknown,UNSAFE SPEED,WEST 3RD ST,39.1645984,-86.57942328
2011,3,4,Weekday,1800,2-Car,Non-incapacitating,FAILURE TO YIELD RIGHT OF WAY,LIBERTY & WEST 3RD ST,39.1645984,-86.57913641
2011,4,4,Weekday,1100,2-Car,No injury/unknown,FAILURE TO YIELD RIGHT OF WAY,W 3RD ST,39.1645984,-86.57871294
2011,5,5,Weekday,900,3+ Cars,Non-incapacitating,DRIVER DISTRACTED - EXPLAIN IN NARRATIVE,LIBERTY & WEST 3RD ST,39.1645984,-86.57913641
2011,5,6,Weekday,1700,2-Car,No injury/unknown,FAILURE TO YIELD RIGHT OF WAY,WEST 3RD ST,39.1645984,-86.57855584
2011,5,1,Weekend,1400,2-Car,No injury/unknown,FAILURE TO YIELD RIGHT OF WAY,LIBERTY & W 3RD ST,39.1645984,-86.57913641
2011,5,6,Weekday,1400,2-Car,No injury/unknown,FOLLOWING TOO CLOSELY,3RD ST & LIBERTY,39.1645984,-86.57913641
2011,5,5,Weekday,1500,2-Car,No injury/unknown,IMPROPER PASSING,LIBERTY & W 3RD ST,39.1645984,-86.57911909
2011,6,1,Weekend,1100,2-Car,No injury/unknown,DISREGARD SIGNAL/REG SIGN,3RD ST & LIBERTY,39.1645984,-86.57913641
2011,7,6,Weekday,1400,2-Car,No injury/unknown,FOLLOWING TOO CLOSELY,3RD ST & LIBERTY,39.1645984,-86.57914334
2011,7,7,Weekend,1100,2-Car,Non-incapacitating,FAILURE TO YIELD RIGHT OF WAY,3700 W 3RD ST & S LIBERTY,39.1645984,-86.57907148
2011,8,3,Weekday,2000,2-Car,No injury/unknown,FAILURE TO YIELD RIGHT OF WAY,3RD ST & LIBERTY,39.1645984,-86.57911044
2011,9,3,Weekday,1200,2-Car,Non-incapacitating,FAILURE TO YIELD RIGHT OF WAY,S LIBERTY & W 3RD ST,39.1645984,-86.57913641
2011,10,6,Weekday,1800,2-Car,No injury/unknown,FAILURE TO YIELD RIGHT OF WAY,W 3RD ST,39.1645984,-86.57855584
2011,1,5,Weekday,1600,2-Car,No injury/unknown,FAILURE TO YIELD RIGHT OF WAY,GATES & WEST 3RD ST,39.16459498,-86.57621992
2011,2,6,Weekday,1300,2-Car,No injury/unknown,UNSAFE LANE MOVEMENT,GATES & THIRD ST,39.16459498,-86.57621992
2011,5,5,Weekday,0,2-Car,No injury/unknown,,WEST 3RD ST,39.16459498,-86.57615845
2011,5,5,Weekday,1700,2-Car,No injury/unknown,FOLLOWING TOO CLOSELY,GATES & WEST 3RD ST,39.16459498,-86.57621992
2011,6,4,Weekday,1700,2-Car,No injury/unknown,FOLLOWING TOO CLOSELY,3RD & GATES DR,39.16459498,-86.57621992
2011,6,4,Weekday,1400,2-Car,No injury/unknown,FAILURE TO YIELD RIGHT OF WAY,3RD ST & GATES,39.16459498,-86.57621992
2011,7,1,Weekday,2000,2-Car,No injury/unknown,FAILURE TO YIELD RIGHT OF WAY,GATES & THIRD ST,39.16459498,-86.57621992
2011,8,6,Weekend,2200,2-Car,Non-incapacitating,FAILURE TO YIELD RIGHT OF WAY,GATES & W 3RD ST,39.16459498,-86.57621992
2011,9,7,Weekend,1100,3+ Cars,No injury/unknown,FOLLOWING TOO CLOSELY,GATES DR & W 3RD,39.16459498,-86.57621992
2011,9,6,Weekday,1400,2-Car,No injury/unknown,DISREGARD SIGNAL/REG SIGN,3RD ST & GATES,39.16459498,-86.57621992
2011,10,7,Weekend,1700,2-Car,No injury/unknown,FAILURE TO YIELD RIGHT OF WAY,3RD ST & GATES,39.16459498,-86.57621992
2011,10,2,Weekday,1200,2-Car,No injury/unknown,FOLLOWING TOO CLOSELY,GATES & W 3RD ST,39.16459498,-86.57621126
2011,10,4,Weekday,1900,3+ Cars,Non-incapacitating,OTHER (DRIVER) - EXPLAIN IN NARRATIVE,GATES & W 3RD ST,39.16459498,-86.57621992
2011,11,4,Weekday,1700,2-Car,Non-incapacitating,OTHER (DRIVER) - EXPLAIN IN NARRATIVE,3RD ST & GATES,39.16459498,-86.57621992
2011,6,4,Weekday,1700,2-Car,No injury/unknown,FOLLOWING TOO CLOSELY,3RD ST & GATES,39.16459009,-86.57619975
2011,10,2,Weekday,800,Cyclist,No injury/unknown,FAILURE TO YIELD RIGHT OF WAY,GATES DR & W 3  ST ST,39.16459009,-86.57619975
2011,6,4,Weekday,1600,2-Car,No injury/unknown,FAILURE TO YIELD RIGHT OF WAY,GRANT & THIRD ST,39.16457,-86.52983
2011,11,5,Weekday,1700,2-Car,No injury/unknown,OTHER (DRIVER) - EXPLAIN IN NARRATIVE,W 3RD ST,39.16456766,-86.57086505
2011,7,6,Weekday,1500,2-Car,Non-incapacitating,FAILURE TO YIELD RIGHT OF WAY,3RD ST & RAMP 12,39.16456529,-86.5740788
2011,4,6,Weekend,2300,2-Car,No injury/unknown,FOLLOWING TOO CLOSELY,3RD ST & FRANKLIN,39.16456,-86.57019
2011,5,5,Weekday,1800,2-Car,No injury/unknown,FAILURE TO YIELD RIGHT OF WAY,THIRD ST & YANCY,39.16456,-86.56948
2011,5,5,Weekday,1700,3+ Cars,Non-incapacitating,FOLLOWING TOO CLOSELY,THIRD ST & YANCY,39.16456,-86.56948
2011,9,6,Weekend,2200,1-Car,No injury/unknown,OTHER (DRIVER) - EXPLAIN IN NARRATIVE,EAST 3RD ST,39.16456,-86.5550845
2011,10,5,Weekday,1400,2-Car,No injury/unknown,UNSAFE BACKING,THIRD ST,39.16456,-86.569485
2011,10,1,Weekend,1300,2-Car,No injury/unknown,UNSAFE SPEED,E 3RD ST,39.16456,-86.5550845
2011,11,5,Weekday,1900,2-Car,No injury/unknown,DISREGARD SIGNAL/REG SIGN,3RD ST & FRANKLIN,39.16456,-86.57019
2011,11,4,Weekday,2200,1-Car,Non-incapacitating,OVERCORRECTING/OVERSTEERING,EAST 3RD ST,39.16456,-86.5550845
2011,11,6,Weekday,1700,1-Car,No injury/unknown,OVERCORRECTING/OVERSTEERING,E 3RD ST,39.16456,-86.5550845
2011,1,6,Weekday,1500,2-Car,Non-incapacitating,LEFT OF CENTER,CORY & THIRD ST,39.164544,-86.560096
2011,2,5,Weekday,2200,2-Car,No injury/unknown,UNSAFE BACKING,S ADAMS ST,39.164544,-86.552192
2011,3,4,Weekday,1500,2-Car,No injury/unknown,FOLLOWING TOO CLOSELY,CURRY PIKE & WEST 3RD,39.164544,-86.560096
2011,5,4,Weekday,1600,2-Car,Non-incapacitating,FOLLOWING TOO CLOSELY,S CORY & W 3RD ST,39.164544,-86.560096
2011,8,1,Weekend,1000,2-Car,No injury/unknown,FOLLOWING TOO CLOSELY,3RD & CURRY PIKE,39.164544,-86.560096
2011,8,7,Weekend,2100,2-Car,No injury/unknown,FAILURE TO YIELD RIGHT OF WAY,3RD ST & CORY,39.164544,-86.560096
2011,9,3,Weekday,1100,Moped/Motorcycle,Non-incapacitating,IMPROPER LANE USAGE,1900 W 3RD ST & CORY,39.164544,-86.560096
2011,9,4,Weekday,1500,Cyclist,Non-incapacitating,FAILURE TO YIELD RIGHT OF WAY,3RD & CURRY PIKE,39.164544,-86.560096
2011,10,2,Weekday,1600,2-Car,No injury/unknown,IMPROPER TURNING,S ADAMS ST,39.164544,-86.552192
2011,10,2,Weekday,1500,3+ Cars,Non-incapacitating,FAILURE TO YIELD RIGHT OF WAY,3RD ST & CORY,39.164544,-86.560096
2011,11,4,Weekday,300,2-Car,No injury/unknown,UNSAFE SPEED,S ADAMS ST,39.164544,-86.552192
2011,12,1,Weekday,2000,2-Car,No injury/unknown,OTHER (DRIVER) - EXPLAIN IN NARRATIVE,S ADAMS ST,39.164544,-86.552192
2011,6,3,Weekday,1700,3+ Cars,Non-incapacitating,DRIVER DISTRACTED - EXPLAIN IN NARRATIVE,KIMBEL & WEST 3RD ST,39.16454,-86.56799
2011,6,3,Weekday,800,3+ Cars,No injury/unknown,FOLLOWING TOO CLOSELY,OPPORTUNITY & W 3RD ST,39.16453,-86.56706731
2011,9,2,Weekday,1200,2-Car,No injury/unknown,,W 3 ST ST,39.164526,-86.566518
2011,10,4,Weekday,900,2-Car,No injury/unknown,OTHER (VEHICLE) - EXPLAIN IN NARRATIVE,W THIRD ST,39.164526,-86.566609
2011,4,2,Weekday,1800,2-Car,No injury/unknown,UNSAFE BACKING,E 3RD ST,39.1645218,-86.551104
2011,6,5,Weekday,2000,2-Car,No injury/unknown,UNSAFE BACKING,E 3RD ST,39.16452114,-86.551072
2011,1,7,Weekend,800,2-Car,No injury/unknown,SPEED TOO FAST FOR WEATHER CONDITIONS,W 3RD ST,39.164517,-86.565379
2011,12,7,Weekend,1300,2-Car,No injury/unknown,FAILURE TO YIELD RIGHT OF WAY,3RD & PETE ELLIS DR,39.16451466,-86.495088
2011,8,3,Weekday,1800,2-Car,No injury/unknown,UNSAFE BACKING,E 3RD ST,39.164512,-86.550624
2011,2,2,Weekday,2200,2-Car,No injury/unknown,UNSAFE BACKING,W 3RD ST,39.16450961,-86.5756735
2011,9,4,Weekday,1700,1-Car,No injury/unknown,ANIMAL/OBJECT IN ROADWAY,MULLER & THIRD ST,39.1645,-86.5627
2011,10,7,Weekend,1500,2-Car,No injury/unknown,FAILURE TO YIELD RIGHT OF WAY,3RD ST & MULLER,39.1645,-86.5627
2011,1,7,Weekend,1500,2-Car,No injury/unknown,FAILURE TO YIELD RIGHT OF WAY,CURRY & W 3RD ST,39.16448,-86.56014567
2011,1,2,Weekday,1000,2-Car,Non-incapacitating,DISREGARD SIGNAL/REG SIGN,3RD ST & CURRY,39.16448,-86.56015
2011,4,7,Weekend,1800,2-Car,No injury/unknown,FAILURE TO YIELD RIGHT OF WAY,3RD ST & CURRY,39.16448,-86.56015
2011,4,4,Weekday,2000,2-Car,No injury/unknown,UNSAFE LANE MOVEMENT,CURRY PIKE & THIRD,39.16448,-86.56015
2011,5,1,Weekday,2100,Moped/Motorcycle,Non-incapacitating,FAILURE TO YIELD RIGHT OF WAY,3RD ST & CURRY,39.16448,-86.56015433