Year,Month,Day,Weekend?,Hour,Collision Type,Injury Type,Primary Factor,Reported_Location,Latitude,Longitude
2011,4,3,Weekday,1900,2-Car,No injury/unknown,FOLLOWING TOO CLOSELY,3RD & SMITH RD,39.16424,-86.480688
2011,4,6,Weekday,1500,2-Car,Non-incapacitating,DISREGARD SIGNAL/REG SIGN,3RD ST & SMITH,39.16424,-86.480688
2011,4,5,Weekday,1100,2-Car,No injury/unknown,DRIVER ILLNESS,E 3RD ST & SMITH,39.16424,-86.480688
2011,4,6,Weekday,1400,2-Car,No injury/unknown,OTHER (DRIVER) - EXPLAIN IN NARRATIVE,SOUTH COLLEGE MALL RD,39.16424,-86.498269
2011,5,4,Weekday,1200,Pedestrian,Non-incapacitating,UNSAFE BACKING,E 3RD ST,39.16424,-86.49250645
2011,5,5,Weekday,900,1-Car,No injury/unknown,ANIMAL/OBJECT IN ROADWAY,MEADOWBROOK & THIRD ST,39.16424,-86.484384
2011,5,5,Weekday,1500,2-Car,Non-incapacitating,FAILURE TO YIELD RIGHT OF WAY,3RD ST & COLLEGE MALL,39.16424,-86.4984
2011,5,1,Weekend,1500,2-Car,No injury/unknown,IMPROPER LANE USAGE,COLLEGE MALL & EAST 3RD ST,39.16424,-86.4984
2011,5,4,Weekday,700,2-Car,No injury/unknown,FOLLOWING TOO CLOSELY,E 3RD ST & SO COLLEGE MALL,39.16424,-86.4984
2011,5,3,Weekday,1600,2-Car,Non-incapacitating,FAILURE TO YIELD RIGHT OF WAY,3RD ST & SMITH,39.16424,-86.480688
2011,5,6,Weekday,700,1-Car,No injury/unknown,RAN OFF ROAD RIGHT,E 3RD & SR46E,39.16424,-86.473296
2011,5,2,Weekday,1800,2-Car,No injury/unknown,IMPROPER TURNING,E 3RD ST,39.16424,-86.4939483
2011,6,3,Weekday,1400,2-Car,Non-incapacitating,DRIVER DISTRACTED - EXPLAIN IN NARRATIVE,3RD & SMITH RD,39.16424,-86.480688
2011,6,4,Weekday,1400,2-Car,No injury/unknown,FAILURE TO YIELD RIGHT OF WAY,E 3RD ST & S COLLEGE MALL,39.16424,-86.4984
2011,6,7,Weekend,200,1-Car,No injury/unknown,OVERCORRECTING/OVERSTEERING,3RD & SR46N,39.16424,-86.473296
2011,6,7,Weekend,1000,Moped/Motorcycle,No injury/unknown,FAILURE TO YIELD RIGHT OF WAY,E 3RD & S COLLEGE MALL RD,39.16424,-86.4984
2011,6,2,Weekday,1600,2-Car,Non-incapacitating,FAILURE TO YIELD RIGHT OF WAY,SMITHVILLE & SR37S,39.16424,-86.480688
2011,6,3,Weekday,1800,2-Car,No injury/unknown,FOLLOWING TOO CLOSELY,COLLEGE MALL RD & EAST 3RD,39.16424,-86.4984
2011,6,6,Weekday,1000,Cyclist,Non-incapacitating,FAILURE TO YIELD RIGHT OF WAY,E 3RD ST & S CLARIZZ,39.16424,-86.4908
2011,6,3,Weekday,900,3+ Cars,No injury/unknown,OTHER (DRIVER) - EXPLAIN IN NARRATIVE,W 3RD ST,39.16424,-86.492944
2011,7,3,Weekday,1400,2-Car,No injury/unknown,FAILURE TO YIELD RIGHT OF WAY,WEST 3RD ST,39.16424,-86.48434743
2011,7,4,Weekday,2100,2-Car,No injury/unknown,FAILURE TO YIELD RIGHT OF WAY,COLLEGE MALL & W 3RD ST,39.16424,-86.4984
2011,7,7,Weekend,2000,2-Car,No injury/unknown,FAILURE TO YIELD RIGHT OF WAY,2366 E 3RD ST & S KINGSTON,39.16424,-86.492944
2011,7,3,Weekday,1500,2-Car,Non-incapacitating,FAILURE TO YIELD RIGHT OF WAY,EAST 3RD ST & SMITH,39.16424,-86.480688
2011,7,5,Weekday,1700,2-Car,No injury/unknown,UNSAFE BACKING,E 3RD ST,39.16424,-86.49425989
2011,7,5,Weekday,2000,2-Car,Non-incapacitating,FAILURE TO YIELD RIGHT OF WAY,E 3RD & S COLLEGE MALL RD,39.16424,-86.4984
2011,8,4,Weekday,1500,2-Car,Non-incapacitating,FOLLOWING TOO CLOSELY,E THIRD ST & KINGSTON,39.16424,-86.492944
2011,8,5,Weekday,0,2-Car,No injury/unknown,FOLLOWING TOO CLOSELY,E 3RD ST & PETE ELLIS,39.16424,-86.495088
2011,8,7,Weekend,1700,2-Car,No injury/unknown,FOLLOWING TOO CLOSELY,COLLEGE MALL & SR46N,39.16424,-86.4984
2011,8,7,Weekend,1200,2-Car,No injury/unknown,UNSAFE BACKING,E 3RD ST,39.16424,-86.49425989
2011,8,5,Weekday,1900,2-Car,No injury/unknown,FOLLOWING TOO CLOSELY,E 3RD ST & S SMITH,39.16424,-86.480688
2011,8,2,Weekday,1200,2-Car,No injury/unknown,OTHER (DRIVER) - EXPLAIN IN NARRATIVE,E 3RD ST,39.16424,-86.49425989
2011,8,2,Weekday,1400,2-Car,No injury/unknown,FOLLOWING TOO CLOSELY,PARK RIDGE & THIRD ST,39.16424,-86.476096
2011,8,7,Weekend,1400,3+ Cars,No injury/unknown,FOLLOWING TOO CLOSELY,E 3RD ST & S KINGSTON,39.16424,-86.492944
2011,8,2,Weekday,1400,2-Car,No injury/unknown,UNSAFE BACKING,E 3RD ST,39.16424,-86.492944
2011,9,1,Weekend,1400,2-Car,No injury/unknown,UNSAFE BACKING,E 3RD ST,39.16424,-86.49494053
2011,9,2,Weekday,1600,2-Car,No injury/unknown,FAILURE TO YIELD RIGHT OF WAY,E 3RD & SR46E,39.16424,-86.473296
2011,9,7,Weekend,2000,2-Car,No injury/unknown,UNSAFE LANE MOVEMENT,E 3RD ST,39.16424,-86.4939483
2011,9,3,Weekday,1300,2-Car,No injury/unknown,IMPROPER TURNING,3RD ST & CLARIZZ,39.16424,-86.4908
2011,9,6,Weekday,1500,2-Car,No injury/unknown,FOLLOWING TOO CLOSELY,E 3RD ST,39.16424,-86.49259396
2011,9,7,Weekend,1500,2-Car,No injury/unknown,IMPROPER LANE USAGE,COLLEGE MALL & E 3RD ST,39.16424,-86.4984
2011,9,1,Weekday,1900,2-Car,No injury/unknown,FAILURE TO YIELD RIGHT OF WAY,COLLEGE MALL & SR4546E,39.16424,-86.4984
2011,9,2,Weekday,1700,2-Car,No injury/unknown,FOLLOWING TOO CLOSELY,E 3RD ST & KINGSTON,39.16424,-86.492944
2011,10,7,Weekend,900,2-Car,Non-incapacitating,FAILURE TO YIELD RIGHT OF WAY,E 3RD ST & PARK RIDGE,39.16424,-86.476096
2011,10,7,Weekend,1700,3+ Cars,Non-incapacitating,FOLLOWING TOO CLOSELY,EAST 3RD ST & SOUTH PETE ELLIS,39.16424,-86.495088
2011,10,1,Weekend,100,2-Car,No injury/unknown,DISREGARD SIGNAL/REG SIGN,3RD ST & COLLEGE MALL,39.16424,-86.4984
2011,10,4,Weekday,1900,3+ Cars,No injury/unknown,FAILURE TO YIELD RIGHT OF WAY,E 3RD ST & S PARK RIDGE,39.16424,-86.476096
2011,10,5,Weekday,800,2-Car,No injury/unknown,FAILURE TO YIELD RIGHT OF WAY,E 3RD ST & PARK RIDGE,39.16424,-86.476096
2011,10,4,Weekday,1700,3+ Cars,Incapacitating,FOLLOWING TOO CLOSELY,E 3RD ST & S PETE ELLIS,39.16424,-86.495088
2011,10,1,Weekend,1100,1-Car,Non-incapacitating,DRIVER DISTRACTED - EXPLAIN IN NARRATIVE,E 3RD ST & SMITH,39.16424,-86.480688
2011,10,4,Weekday,1400,2-Car,Non-incapacitating,FAILURE TO YIELD RIGHT OF WAY,CLARIZZ & E 3RD ST,39.16424,-86.4908
2011,10,5,Weekday,1300,2-Car,No injury/unknown,FOLLOWING TOO CLOSELY,3RD ST & MORNINGSIDE,39.16424,-86.473696
2011,10,5,Weekday,1400,2-Car,No injury/unknown,FAILURE TO YIELD RIGHT OF WAY,COLLEGE MALL & E 3RD ST,39.16424,-86.4984
2011,10,5,Weekday,1800,2-Car,No injury/unknown,FAILURE TO YIELD RIGHT OF WAY,COLLEGE MALL & E THIRD ST,39.16424,-86.4984
2011,10,7,Weekend,1600,2-Car,No injury/unknown,FAILURE TO YIELD RIGHT OF WAY,3RD & SOUTH COLLEGE MALL RD,39.16424,-86.4984
2011,10,6,Weekday,1600,2-Car,No injury/unknown,OTHER (DRIVER) - EXPLAIN IN NARRATIVE,EAST 3RD ST,39.16424,-86.5161551
2011,10,2,Weekday,1500,2-Car,Non-incapacitating,FAILURE TO YIELD RIGHT OF WAY,3RD ST & COLLEGE MALL,39.16424,-86.4984
2011,10,4,Weekday,1700,2-Car,No injury/unknown,FOLLOWING TOO CLOSELY,COLLEGE MALL & E 3RD ST,39.16424,-86.4984
2011,10,5,Weekday,700,2-Car,No injury/unknown,SPEED TOO FAST FOR WEATHER CONDITIONS,E 3RD ST & SMITH,39.16424,-86.480688
2011,10,6,Weekday,1400,2-Car,No injury/unknown,FAILURE TO YIELD RIGHT OF WAY,W 3RD ST,39.16424,-86.49307941
2011,10,6,Weekday,1800,3+ Cars,Non-incapacitating,FAILURE TO YIELD RIGHT OF WAY,E 3RD ST & S PARK RIDGE,39.16424,-86.476096
2011,11,2,Weekday,1900,2-Car,No injury/unknown,FAILURE TO YIELD RIGHT OF WAY,3RD ST & KINGSTON,39.16424,-86.492944
2011,11,6,Weekday,1800,3+ Cars,No injury/unknown,FAILURE TO YIELD RIGHT OF WAY,COLLEGE MALL & SR4546N,39.16424,-86.4984
2011,11,7,Weekend,1600,2-Car,No injury/unknown,IMPROPER PASSING,E 3RD ST,39.16424,-86.476096
2011,11,2,Weekday,1700,2-Car,No injury/unknown,FAILURE TO YIELD RIGHT OF WAY,COLLEGE MALL & THIRD ST,39.16424,-86.4984
2011,11,4,Weekday,900,2-Car,No injury/unknown,FAILURE TO YIELD RIGHT OF WAY,COLLEGE MALL & E 3RD ST,39.16424,-86.4984
2011,11,5,Weekday,1300,2-Car,No injury/unknown,DISREGARD SIGNAL/REG SIGN,3RD ST & PETE ELLIS,39.16424,-86.495088
2011,11,5,Weekday,1600,2-Car,No injury/unknown,FAILURE TO YIELD RIGHT OF WAY,WEST 3RD ST,39.16424,-86.492944
2011,11,5,Weekday,2200,2-Car,No injury/unknown,UNSAFE BACKING,E SMITH RD,39.16424,-86.4812
2011,11,6,Weekday,900,2-Car,No injury/unknown,UNSAFE BACKING,E 3RD & JORDAN AVE,39.16424,-86.5164
2011,11,1,Weekend,1200,2-Car,No injury/unknown,UNSAFE LANE MOVEMENT,E 3RD ST & S SMITH,39.16424,-86.480688
2011,11,2,Weekday,1300,2-Car,No injury/unknown,FAILURE TO YIELD RIGHT OF WAY,3RD ST & PARK RIDGE,39.16424,-86.476096
2011,11,2,Weekday,2000,2-Car,No injury/unknown,UNSAFE BACKING,EAST 3RD ST,39.16424,-86.51605714
2011,11,1,Weekend,300,1-Car,No injury/unknown,IMPROPER TURNING,E 3RD & PETE ELLIS DR,39.16424,-86.495088
2011,11,3,Weekday,1300,2-Car,No injury/unknown,FAILURE TO YIELD RIGHT OF WAY,E 3RD ST & PARK RIDGE,39.16424,-86.476096
2011,12,1,Weekend,1500,2-Car,No injury/unknown,DRIVER DISTRACTED - EXPLAIN IN NARRATIVE,E 3RD & S COLLEGE MALL RD,39.16424,-86.4984
2011,12,2,Weekday,700,2-Car,No injury/unknown,FOLLOWING TOO CLOSELY,E 3RD ST & SO COLLEGE MALL,39.16424,-86.4984
2011,12,7,Weekend,2200,2-Car,No injury/unknown,UNSAFE BACKING,E 3RD ST,39.16424,-86.4984
2011,12,7,Weekend,800,2-Car,No injury/unknown,OTHER (DRIVER) - EXPLAIN IN NARRATIVE,W 3RD ST,39.16424,-86.48955556
2011,8,2,Weekday,1600,2-Car,No injury/unknown,IMPROPER TURNING,E 3RD ST,39.16423861,-86.49522852
2011,6,6,Weekday,1200,2-Car,No injury/unknown,FOLLOWING TOO CLOSELY,E 3RD ST,39.16423804,-86.49819233
2011,12,7,Weekend,1300,2-Car,No injury/unknown,UNSAFE BACKING,E 3RD ST,39.16423674,-86.49805388
2011,9,5,Weekday,1300,2-Car,No injury/unknown,IMPROPER TURNING,E THIRD ST,39.16423,-86.497269
2011,11,3,Weekday,2000,2-Car,No injury/unknown,FAILURE TO YIELD RIGHT OF WAY,3RD ST & KINGSTON,39.16422979,-86.4961192
2011,11,2,Weekday,900,1-Car,No injury/unknown,ANIMAL/OBJECT IN ROADWAY,GARRISON CHAPEL & SR48W,39.16422803,-86.65123152
2011,4,3,Weekday,1900,2-Car,No injury/unknown,UNSAFE BACKING,E THIRD ST,39.16422615,-86.48113686
2011,10,4,Weekday,1700,1-Car,No injury/unknown,IMPROPER TURNING,SMITH & SR46E,39.16422615,-86.481194
2011,7,7,Weekend,1000,3+ Cars,No injury/unknown,OTHER (VEHICLE) - EXPLAIN IN NARRATIVE,E 3RD ST,39.16422546,-86.49655709
2011,5,1,Weekend,1800,2-Car,No injury/unknown,UNSAFE BACKING,E 3RD ST,39.16422436,-86.49666727
2011,6,2,Weekday,1200,2-Car,No injury/unknown,FAILURE TO YIELD RIGHT OF WAY,E 3RD ST,39.16422436,-86.49666727
2011,10,2,Weekday,1700,1-Car,No injury/unknown,DRIVER DISTRACTED - EXPLAIN IN NARRATIVE,E 3RD ST,39.16422436,-86.49666727
2011,5,1,Weekend,1500,2-Car,No injury/unknown,UNSAFE BACKING,EB 3RD ST,39.164221,-86.476167
2011,1,6,Weekday,500,1-Car,No injury/unknown,OTHER (DRIVER) - EXPLAIN IN NARRATIVE,3RD & PARKRIDGE DR,39.16422,-86.4763
2011,10,5,Weekday,1300,2-Car,No injury/unknown,FAILURE TO YIELD RIGHT OF WAY,E 3RD ST & PARKRIDGE,39.16422,-86.47630649
2011,6,2,Weekday,1500,2-Car,No injury/unknown,UNSAFE BACKING,E THIRD ST,39.1642186,-86.52076385
2011,3,7,Weekend,1700,2-Car,No injury/unknown,DRIVER DISTRACTED - EXPLAIN IN NARRATIVE,E THIRD ST,39.164214,-86.49524
2011,11,4,Weekday,1000,2-Car,No injury/unknown,UNSAFE BACKING,EAST THIRD ST,39.1642119,-86.5220949
2011,2,7,Weekend,2100,2-Car,No injury/unknown,FOLLOWING TOO CLOSELY,EAST 3RD ST,39.16421,-86.494467
2011,4,4,Weekday,1800,2-Car,No injury/unknown,UNSAFE LANE MOVEMENT,EAST THIRD ST,39.16421,-86.493962
2011,5,3,Weekday,2200,2-Car,No injury/unknown,UNSAFE BACKING,3 ST,39.16421,-86.481219
2011,7,6,Weekday,1700,2-Car,No injury/unknown,FAILURE TO YIELD RIGHT OF WAY,EAST THIRD ST,39.16421,-86.491164
2011,7,1,Weekend,100,2-Car,Non-incapacitating,UNSAFE BACKING,THIRD ST,39.16421,-86.481219
2011,8,5,Weekday,1900,2-Car,No injury/unknown,UNSAFE BACKING,EAST 3RD STREET ST,39.16421,-86.494412
2011,9,5,Weekday,1800,3+ Cars,No injury/unknown,FOLLOWING TOO CLOSELY,PETE ELLIS & THIRD ST,39.16421,-86.49496
2011,12,6,Weekday,1400,2-Car,Non-incapacitating,FOLLOWING TOO CLOSELY,EAST 3RD ST & KINSTON,39.16420989,-86.49303987
2011,12,6,Weekday,1600,2-Car,No injury/unknown,FAILURE TO YIELD RIGHT OF WAY,PETE ELLIS DR & THIRD,39.16420989,-86.49495966
2011,4,3,Weekday,100,1-Car,Non-incapacitating,ANIMAL/OBJECT IN ROADWAY,SR46E & TRAILWAY,39.16408692,-86.4274321
2011,10,7,Weekend,1700,2-Car,No injury/unknown,UNSAFE BACKING,S SWAIN AVE,39.16399576,-86.51519282
2011,12,7,Weekend,1300,2-Car,No injury/unknown,FAILURE TO YIELD RIGHT OF WAY,3RD & COLLEGE MALL RD,39.16396927,-86.49834057
2011,1,3,Weekday,1700,1-Car,No injury/unknown,SPEED TOO FAST FOR WEATHER CONDITIONS,AMY & PETE ELLIS DR,39.16395215,-86.49593
2011,11,2,Weekday,1100,2-Car,Non-incapacitating,LEFT OF CENTER,AMY & PETE ELLIS DR,39.16395185,-86.49592995
2011,7,1,Weekend,1200,2-Car,No injury/unknown,OTHER (DRIVER) - EXPLAIN IN NARRATIVE,S COLLEGE MALL RD,39.16394547,-86.49833535
2011,10,4,Weekday,2200,1-Car,No injury/unknown,ANIMAL/OBJECT IN ROADWAY,CAVE & SR48W,39.16392566,-86.62390602
2011,7,6,Weekday,300,2-Car,No injury/unknown,OTHER (DRIVER) - EXPLAIN IN NARRATIVE,3RD & MADISON ST,39.16388003,-86.537296
2011,9,6,Weekday,1600,2-Car,Non-incapacitating,FAILURE TO YIELD RIGHT OF WAY,3RD & WASHINGTON ST,39.16381603,-86.5324
2011,12,5,Weekday,1400,1-Car,No injury/unknown,RAN OFF ROAD RIGHT,GARRISON CHAPEL & SR48W,39.16377142,-86.64091963
2011,7,6,Weekend,2100,2-Car,No injury/unknown,OTHER (DRIVER) - EXPLAIN IN NARRATIVE,PROSPECT & ROGERS ST,39.163744,-86.538592
2011,11,7,Weekend,0,2-Car,No injury/unknown,OTHER (DRIVER) - EXPLAIN IN NARRATIVE,PROSPECT & ROGERS ST,39.163744,-86.538592
2011,10,4,Weekday,2300,2-Car,No injury/unknown,UNSAFE BACKING,S LINCOLN ST,39.16372571,-86.53103216
2011,8,3,Weekday,800,3+ Cars,Non-incapacitating,UNSAFE SPEED,HOOSIER & WALNUT ST,39.1636669,-86.53144
2011,7,7,Weekend,0,1-Car,No injury/unknown,LEFT OF CENTER,CAVE RD & SR48W,39.16366451,-86.62563787
2011,3,5,Weekday,1700,2-Car,Non-incapacitating,OTHER (DRIVER) - EXPLAIN IN NARRATIVE,BENDER & SR46E,39.163648,-86.438
2011,7,6,Weekday,1100,1-Car,Non-incapacitating,FOLLOWING TOO CLOSELY,CAVE & SR48W,39.16364389,-86.63601307
2011,9,2,Weekday,1000,1-Car,No injury/unknown,RAN OFF ROAD RIGHT,DUBLIN & SR46E,39.16364217,-86.43815448
2011,12,4,Weekday,2000,1-Car,No injury/unknown,ANIMAL/OBJECT IN ROADWAY,GARRISON CHAPPEL & SR48W,39.16363992,-86.64996668
2011,10,2,Weekday,700,3+ Cars,Non-incapacitating,SPEED TOO FAST FOR WEATHER CONDITIONS,2700 S WALNUT ST & RIDGEVIEW,39.16363672,-86.53145486
2011,4,7,Weekend,500,1-Car,No injury/unknown,ANIMAL/OBJECT IN ROADWAY,GARRISON CHAPEL ROAD & SR48E,39.1636251,-86.64998661
2011,7,7,Weekend,1600,1-Car,No injury/unknown,RAN OFF ROAD RIGHT,GARRISON CHAPEL & SR48W,39.1636251,-86.64980603
2011,11,7,Weekend,100,1-Car,No injury/unknown,ANIMAL/OBJECT IN ROADWAY,DUBLIN & SR46E,39.1636198,-86.43798699
2011,1,4,Weekday,1300,2-Car,Non-incapacitating,BRAKE FAILURE OR DEFECTIVE,SR46E & TRAILWAY,39.16360223,-86.42236567
2011,6,7,Weekend,200,1-Car,No injury/unknown,OTHER (DRIVER) - EXPLAIN IN NARRATIVE,SR46E & TRAILWAYS,39.16355934,-86.42589328
2011,4,6,Weekday,1700,2-Car,No injury/unknown,UNSAFE LANE MOVEMENT,S CURRY PIKE & W BELLE,39.163552,-86.582896
2011,10,5,Weekday,1300,2-Car,No injury/unknown,LEFT OF CENTER,BELLE & S CURRY PIKE,39.163552,-86.582896
2011,10,7,Weekend,1200,3+ Cars,Non-incapacitating,FOLLOWING TOO CLOSELY,BELLE & S CURRY PK PIKE,39.163552,-86.582896
2011,10,1,Weekend,0,1-Car,Non-incapacitating,RAN OFF ROAD RIGHT,SR48W,39.163464,-86.647688
2011,1,7,Weekend,2000,1-Car,Non-incapacitating,OTHER (DRIVER) - EXPLAIN IN NARRATIVE,S PATTERSON & W 3RD ST,39.16346117,-86.55130339
2011,2,1,Weekend,1800,2-Car,Non-incapacitating,FOLLOWING TOO CLOSELY,S PATTERSON & W 3RD ST,39.16346117,-86.55130339
2011,3,7,Weekend,200,1-Car,No injury/unknown,RAN OFF ROAD RIGHT,S PATTERSON & W 3RD ST,39.16346117,-86.55131204
2011,6,4,Weekday,1200,3+ Cars,Incapacitating,DRIVER ILLNESS,3RD ST & PATTERSON,39.16346117,-86.55130339
2011,8,7,Weekend,1200,3+ Cars,Non-incapacitating,OTHER (DRIVER) - EXPLAIN IN NARRATIVE,3RD ST & PATTERSON,39.16346117,-86.55128608
2011,11,3,Weekday,1800,2-Car,No injury/unknown,SPEED TOO FAST FOR WEATHER CONDITIONS,3RD ST & PATTERSON,39.16344009,-86.55128002
2011,11,1,Weekend,300,3+ Cars,No injury/unknown,LEFT OF CENTER,3RD ST & PATTERSON,39.16344009,-86.55125405
2011,1,5,Weekday,1400,2-Car,No injury/unknown,UNSAFE BACKING,S HARVEY DR,39.16338115,-86.587792
2011,8,1,Weekday,2100,1-Car,Non-incapacitating,UNSAFE SPEED,S HARVEY DR,39.16338115,-86.587792
2011,1,7,Weekend,1300,2-Car,No injury/unknown,FAILURE TO YIELD RIGHT OF WAY,ATWATER AVE & HENDERSON,39.163344,-86.5272
2011,4,5,Weekday,1100,2-Car,No injury/unknown,FAILURE TO YIELD RIGHT OF WAY,ATWATER AVE & HENDERSON,39.163344,-86.5272
2011,5,5,Weekday,1500,2-Car,No injury/unknown,FAILURE TO YIELD RIGHT OF WAY,ATWATER AVE & HENDERSON,39.163344,-86.5272
2011,7,5,Weekday,0,2-Car,Non-incapacitating,DISREGARD SIGNAL/REG SIGN,ATWATER AVE & HENDERSON,39.163344,-86.5272
2011,3,5,Weekday,1500,2-Car,No injury/unknown,FAILURE TO YIELD RIGHT OF WAY,ATWATER AVE & FESS,39.163328,-86.525808
2011,6,6,Weekday,1500,2-Car,No injury/unknown,FAILURE TO YIELD RIGHT OF WAY,ATWATER AVE & FESS,39.163328,-86.525808
2011,8,7,Weekend,1400,2-Car,Non-incapacitating,FAILURE TO YIELD RIGHT OF WAY,BELLE AVE & VILLAGE,39.16331,-86.5838
2011,11,3,Weekday,1900,2-Car,No injury/unknown,FOLLOWING TOO CLOSELY,BELLE AVE & CURRY,39.16329995,-86.58274032
2011,11,2,Weekday,1200,2-Car,No injury/unknown,FAILURE TO YIELD RIGHT OF WAY,ATWATER & S WOODLAWN AVE,39.16328,-86.522592
2011,1,2,Weekday,1600,2-Car,No injury/unknown,UNSAFE BACKING,HARVEY DR,39.163234,-86.587918
2011,7,3,Weekday,1600,2-Car,No injury/unknown,FAILURE TO YIELD RIGHT OF WAY,ATWATER AVE & HAWTHORNE,39.163232,-86.520176
2011,7,7,Weekend,1000,2-Car,Non-incapacitating,FOLLOWING TOO CLOSELY,PINEWOOD & S WALNUT ST,39.16321653,-86.53143
2011,2,2,Weekday,1200,1-Car,No injury/unknown,RAN OFF ROAD RIGHT,E ATWATER AVE & S JORDAN,39.163168,-86.516384
2011,11,2,Weekday,1800,2-Car,No injury/unknown,FAILURE TO YIELD RIGHT OF WAY,ATWATER AVE & JORDAN,39.163168,-86.516384
2011,11,4,Weekday,1600,2-Car,Non-incapacitating,LEFT OF CENTER,ATWATER & JORDAN AVE,39.163168,-86.516384
2011,2,5,Weekday,1700,2-Car,No injury/unknown,FOLLOWING TOO CLOSELY,ATWATER AVE & JORDAN,39.16316336,-86.51603125
2011,1,5,Weekday,1200,2-Car,No injury/unknown,FAILURE TO YIELD RIGHT OF WAY,E ATWATER AVE & S SWAIN,39.163152,-86.515168
2011,4,3,Weekday,2000,2-Car,No injury/unknown,UNSAFE LANE MOVEMENT,ATWATER AVE & SWAIN,39.163152,-86.515168
2011,9,6,Weekday,1100,2-Car,No injury/unknown,IMPROPER TURNING,ATWATER AVE & SWAIN,39.163152,-86.515168
2011,2,6,Weekday,1500,2-Car,No injury/unknown,FAILURE TO YIELD RIGHT OF WAY,E ATWATER AVE & S HENDERSON,39.16314,-86.52727
2011,6,5,Weekday,1700,2-Car,Non-incapacitating,FAILURE TO YIELD RIGHT OF WAY,E ATWATER AVE & S HENDERSON,39.16314,-86.52727
2011,9,2,Weekday,2100,2-Car,Non-incapacitating,FAILURE TO YIELD RIGHT OF WAY,ATWATER & HENDERSON ST,39.16314,-86.52727
2011,1,5,Weekday,1300,2-Car,No injury/unknown,FAILURE TO YIELD RIGHT OF WAY,S WALKER ST,39.163136,-86.546224
2011,1,6,Weekday,1300,2-Car,No injury/unknown,FOLLOWING TOO CLOSELY,ATWATER AVE & MITCHELL,39.163136,-86.514096
2011,5,6,Weekday,1400,2-Car,No injury/unknown,IMPROPER LANE USAGE,1500 EAST ATWATER AVE & SOUTH MITCHELL,39.163136,-86.514096
2011,8,5,Weekday,1600,2-Car,No injury/unknown,OTHER (DRIVER) - EXPLAIN IN NARRATIVE,SOUTH WALKER ST,39.163136,-86.546224
2011,4,3,Weekday,2000,Pedestrian,Non-incapacitating,FAILURE TO YIELD RIGHT OF WAY,E ATWATER DR & S HAWTHORNE,39.16313034,-86.52019322
2011,2,2,Weekday,1500,2-Car,Non-incapacitating,FAILURE TO YIELD RIGHT OF WAY,ATWATER AVE & FESS,39.16312649,-86.52587459
2011,2,6,Weekday,1500,2-Car,No injury/unknown,FAILURE TO YIELD RIGHT OF WAY,ATWATER & HENDERSON ST,39.16312649,-86.52724746
2011,2,2,Weekday,500,2-Car,Non-incapacitating,DISREGARD SIGNAL/REG SIGN,ATWATER AVE & HENDERSON,39.16312649,-86.52724746
2011,3,5,Weekday,1100,2-Car,No injury/unknown,FAILURE TO YIELD RIGHT OF WAY,ATWATER AVE & HENDERSON,39.16312649,-86.52724746
2011,11,2,Weekday,800,2-Car,No injury/unknown,IMPROPER PASSING,EAST ATWATER AVE & WOODLAWN,39.16312024,-86.52260696
2011,5,1,Weekend,500,2-Car,No injury/unknown,IMPROPER TURNING,ATWATER AVE & FESS,39.16312,-86.5259
2011,5,5,Weekday,1300,2-Car,No injury/unknown,UNSAFE BACKING,E ATWATER AVE,39.16312,-86.522619
2011,7,3,Weekday,1700,2-Car,No injury/unknown,FAILURE TO YIELD RIGHT OF WAY,ATWATER AVE & FESS,39.16312,-86.5259
2011,8,5,Weekday,1500,2-Car,No injury/unknown,FAILURE TO YIELD RIGHT OF WAY,E ATWATER AVE & S EASTSIDE,39.16312,-86.513088
2011,8,6,Weekday,1300,2-Car,No injury/unknown,UNSAFE BACKING,ATWATER & FESS AVE,39.16312,-86.5259
2011,10,3,Weekday,2100,2-Car,No injury/unknown,FAILURE TO YIELD RIGHT OF WAY,E ATWATER AVE & S FESS,39.16312,-86.5259
2011,11,5,Weekday,1500,2-Car,No injury/unknown,FOLLOWING TOO CLOSELY,E ATWATER AVE & S WOODLAWN,39.16312,-86.52262
2011,2,6,Weekday,1300,2-Car,No injury/unknown,OTHER (DRIVER) - EXPLAIN IN NARRATIVE,E ATWATER AVE,39.16311625,-86.5106501
2011,1,5,Weekday,1700,2-Car,No injury/unknown,FAILURE TO YIELD RIGHT OF WAY,ATWATER ST & HAWTHORNE,39.16309,-86.52021
2011,4,5,Weekday,1400,2-Car,No injury/unknown,FAILURE TO YIELD RIGHT OF WAY,E ATWATER AVE & S CLIFTON,39.16309,-86.50968
2011,8,6,Weekday,700,2-Car,Non-incapacitating,FAILURE TO YIELD RIGHT OF WAY,ATWATER AVE & HAWTHORNE,39.16309,-86.52021
2011,11,2,Weekday,2200,1-Car,No injury/unknown,RAN OFF ROAD RIGHT,ATWATER & SWAIN AVE,39.16308001,-86.51527002
2011,4,5,Weekday,1200,2-Car,No injury/unknown,FAILURE TO YIELD RIGHT OF WAY,ATWATER AVE & HIGH,39.16308,-86.50847
2011,6,7,Weekend,1700,2-Car,No injury/unknown,IMPROPER TURNING,E ATWATER ST & S SWAIN,39.16308,-86.51527
2011,6,2,Weekday,1500,2-Car,No injury/unknown,FOLLOWING TOO CLOSELY,ATWATER AVE & HIGH,39.16308,-86.50847