Year,Month,Day,Weekend?,Hour,Collision Type,Injury Type,Primary Factor,Reported_Location,Latitude,Longitude
2011,8,6,Weekday,1600,2-Car,No injury/unknown,FOLLOWING TOO CLOSELY,E ATWATER & S MITCHELL AVE,39.16308,-86.51418
2011,10,7,Weekend,1600,2-Car,No injury/unknown,,EAST ATWATER AVE,39.16308,-86.515258
2011,11,5,Weekday,1400,2-Car,No injury/unknown,FAILURE TO YIELD RIGHT OF WAY,ATWATER AVE & EASTSIDE,39.16308,-86.51321
2011,3,5,Weekday,1400,2-Car,No injury/unknown,DISREGARD SIGNAL/REG SIGN,ATWATER AVE & JORDAN,39.16305,-86.51639
2011,5,4,Weekday,1500,2-Car,Non-incapacitating,FAILURE TO YIELD RIGHT OF WAY,ATWATER AVE & JORDAN,39.16305,-86.51639
2011,8,4,Weekday,1400,2-Car,No injury/unknown,FOLLOWING TOO CLOSELY,ATWATER AVE & JORDAN,39.16305,-86.51639
2011,9,6,Weekend,1900,2-Car,No injury/unknown,FOLLOWING TOO CLOSELY,ATWATER ST & SOUTH JORDAN,39.16305,-86.51639
2011,11,3,Weekday,2100,Bus,No injury/unknown,LEFT OF CENTER,ATWATER AVE & JORDAN,39.16304983,-86.51638984
2011,2,6,Weekday,1400,2-Car,No injury/unknown,FOLLOWING TOO CLOSELY,CLIFTON & EAST ATWATER AVE,39.16304795,-86.5097212
2011,8,4,Weekday,1100,2-Car,No injury/unknown,FOLLOWING TOO CLOSELY,ATWATER AVE & HIGHLAND,39.16304453,-86.51771252
2011,8,6,Weekday,1500,2-Car,No injury/unknown,FAILURE TO YIELD RIGHT OF WAY,E ATWATER AVE & S HIGHLAND,39.16304453,-86.51771252
2011,10,5,Weekday,1400,2-Car,No injury/unknown,FAILURE TO YIELD RIGHT OF WAY,ATWATER AVE & HIGHLAND,39.16304453,-86.51771252
2011,10,4,Weekday,1700,2-Car,Non-incapacitating,FAILURE TO YIELD RIGHT OF WAY,ATWATER AVE & HIGHLAND,39.16304453,-86.51771252
2011,4,1,Weekend,1200,2-Car,No injury/unknown,UNSAFE BACKING,S HIGH ST,39.16304,-86.508288
2011,4,2,Weekday,1500,2-Car,No injury/unknown,OTHER (DRIVER) - EXPLAIN IN NARRATIVE,E ATWATER AVE & S HIGH,39.16304,-86.508288
2011,5,6,Weekend,2300,1-Car,No injury/unknown,ANIMAL/OBJECT IN ROADWAY,SMITHVILLE & SOUTH FAIRFAX RD,39.16304,-86.5408
2011,10,2,Weekday,1600,2-Car,No injury/unknown,FAILURE TO YIELD RIGHT OF WAY,ATWATER & HIGH ST,39.16304,-86.508288
2011,9,7,Weekend,1900,2-Car,Non-incapacitating,FAILURE TO YIELD RIGHT OF WAY,ENTRANCE TO SIMON MALL & S COLLEGE MALL RD,39.16300972,-86.49801135
2011,10,1,Weekend,1400,2-Car,Non-incapacitating,FAILURE TO YIELD RIGHT OF WAY,PRIVATE & S COLLEGE MALL RD,39.16300972,-86.49805963
2011,5,3,Weekday,1400,2-Car,No injury/unknown,UNSAFE BACKING,S PARKRIDGE RD,39.16296,-86.476279
2011,5,5,Weekday,1600,2-Car,No injury/unknown,,S PARK RIDGE RD,39.16296,-86.476279
2011,5,2,Weekday,400,1-Car,Non-incapacitating,ANIMAL/OBJECT IN ROADWAY,HAGAN ST & SMITH,39.16295,-86.4808
2011,9,7,Weekend,1900,2-Car,No injury/unknown,UNSAFE LANE MOVEMENT,S COLLEGE MALL RD,39.162928,-86.498112
2011,3,6,Weekday,0,2-Car,No injury/unknown,UNSAFE BACKING,S PARK RIDGE RD,39.16289085,-86.47629425
2011,11,5,Weekday,1900,Moped/Motorcycle,Incapacitating,FOLLOWING TOO CLOSELY,SOUTH ROGERS ST & WEST SMITH,39.16287012,-86.53867028
2011,2,4,Weekday,2200,1-Car,No injury/unknown,RAN OFF ROAD RIGHT,ROGERS ST & SMITH,39.16287,-86.53867
2011,5,5,Weekday,1300,2-Car,Non-incapacitating,FOLLOWING TOO CLOSELY,COLLEGE AVE & SMITH,39.16286695,-86.53497924
2011,9,7,Weekend,1900,2-Car,No injury/unknown,OTHER (VEHICLE) - EXPLAIN IN NARRATIVE,SMITH & SOUTH DUNN ST,39.162848,-86.5284
2011,9,3,Weekday,1600,2-Car,No injury/unknown,FOLLOWING TOO CLOSELY,COLLEGE AVE & SMITH,39.16280668,-86.53483346
2011,1,7,Weekend,1500,2-Car,No injury/unknown,IMPROPER LANE USAGE,LINCOLN & SMITH AVE,39.16278498,-86.53119748
2011,5,4,Weekday,1100,1-Car,No injury/unknown,RAN OFF ROAD RIGHT,GARRISON CHAPEL RD & SR48,39.16278414,-86.64931207
2011,1,5,Weekday,2000,2-Car,No injury/unknown,OTHER (DRIVER) - EXPLAIN IN NARRATIVE,E CEDARWOOD & S CEDARWOOD DR,39.162752,-86.4624
2011,6,2,Weekday,1600,1-Car,No injury/unknown,DRIVER ASLEEP OR FATIGUED,BIRDIE GALYAN & SR46W,39.16270985,-86.41331991
2011,10,7,Weekend,0,1-Car,No injury/unknown,ANIMAL/OBJECT IN ROADWAY,LOWER BIRDIE GALYON & SR46E,39.16270985,-86.41332855
2011,2,7,Weekend,600,2-Car,Non-incapacitating,SPEED TOO FAST FOR WEATHER CONDITIONS,SR37S & W 3RD,39.16269236,-86.57314202
2011,2,4,Weekday,1000,2-Car,No injury/unknown,UNSAFE BACKING,S PARK RIDGE RD,39.162521,-86.476255
2011,5,3,Weekday,2200,2-Car,No injury/unknown,UNSAFE BACKING,S WALNUT ST,39.16250318,-86.5336
2011,1,7,Weekend,1800,2-Car,No injury/unknown,UNSAFE BACKING,S WALNUT ST,39.16244571,-86.5336
2011,3,7,Weekend,1700,1-Car,No injury/unknown,OTHER (VEHICLE) - EXPLAIN IN NARRATIVE,SOUTH HENDERSON ST,39.16244006,-86.52724746
2011,10,2,Weekday,1500,2-Car,No injury/unknown,OTHER (DRIVER) - EXPLAIN IN NARRATIVE,LANDMARK AVE,39.1624264,-86.55602305
2011,11,7,Weekend,1200,2-Car,No injury/unknown,FAILURE TO YIELD RIGHT OF WAY,HOWE & ROGERS ST,39.1624,-86.538592
2011,8,5,Weekday,1200,1-Car,No injury/unknown,OTHER (DRIVER) - EXPLAIN IN NARRATIVE,HENDERSON ST,39.16225,-86.527239
2011,3,5,Weekday,1800,2-Car,No injury/unknown,DISREGARD SIGNAL/REG SIGN,E HUNTER AVE & PARK,39.16224,-86.523968
2011,4,3,Weekday,1100,2-Car,Non-incapacitating,FAILURE TO YIELD RIGHT OF WAY,HAWTHORNE AVE & HUNTER,39.16224,-86.52016
2011,6,2,Weekday,1000,2-Car,No injury/unknown,OTHER (DRIVER) - EXPLAIN IN NARRATIVE,E HUNTER AVE & S WOODLAWN,39.16224,-86.522576
2011,6,2,Weekday,1300,2-Car,No injury/unknown,DISREGARD SIGNAL/REG SIGN,E HUNTER & S WOODLAWN AVE,39.16224,-86.522576
2011,9,4,Weekday,100,2-Car,No injury/unknown,IMPROPER LANE USAGE,E HUNTER AVE & S WOODLAWN,39.16224,-86.522576
2011,9,3,Weekday,1400,2-Car,No injury/unknown,FAILURE TO YIELD RIGHT OF WAY,FESS & HUNTER ST,39.16224,-86.525824
2011,9,4,Weekday,1700,2-Car,No injury/unknown,DISREGARD SIGNAL/REG SIGN,HUNTER AVE & PARK,39.16224,-86.523968
2011,11,5,Weekday,1500,2-Car,No injury/unknown,FAILURE TO YIELD RIGHT OF WAY,HUNTER AVE & SWAIN,39.16224,-86.515152
2011,12,6,Weekday,1700,2-Car,No injury/unknown,FAILURE TO YIELD RIGHT OF WAY,HIGHLAND AVE & HUNTER,39.16224,-86.5176
2011,8,4,Weekday,0,2-Car,No injury/unknown,OTHER (DRIVER) - EXPLAIN IN NARRATIVE,E HUNTER AVE & S PARK,39.16222,-86.52402
2011,5,3,Weekday,1100,2-Car,Non-incapacitating,FAILURE TO YIELD RIGHT OF WAY,LANDMARK AVE & SECOND,39.16221113,-86.55581832
2011,12,7,Weekend,1400,2-Car,No injury/unknown,UNSAFE BACKING,S LANDMARK AVE,39.16208491,-86.55574992
2011,7,4,Weekday,1200,2-Car,Non-incapacitating,FAILURE TO YIELD RIGHT OF WAY,OMALIAS E DRIVE & S COLLEGE MALL RD,39.16204873,-86.49792764
2011,9,7,Weekend,1500,Moped/Motorcycle,No injury/unknown,FAILURE TO YIELD RIGHT OF WAY,KNIGHTRIDGE RD & SR446S,39.1619073,-86.47161557
2011,9,2,Weekday,1500,Moped/Motorcycle,Non-incapacitating,FAILURE TO YIELD RIGHT OF WAY,3RD & CURRY PIKE,39.1618364,-86.56015
2011,11,6,Weekday,1300,2-Car,No injury/unknown,,S COLLEGE MALL RD,39.161835,-86.497851
2011,12,3,Weekday,1200,1-Car,No injury/unknown,ROADWAY SURFACE CONDITION,SOUTH KIRBY RD,39.16179724,-86.61047168
2011,8,2,Weekday,1300,2-Car,No injury/unknown,UNSAFE BACKING,S MULLER PKWY,39.161785,-86.567382
2011,9,2,Weekday,800,2-Car,No injury/unknown,UNSAFE BACKING,S MULLER PKWY,39.161754,-86.5674
2011,4,6,Weekday,1400,2-Car,No injury/unknown,OTHER (DRIVER) - EXPLAIN IN NARRATIVE,S MULLER PKWY,39.161723,-86.567419
2011,12,6,Weekday,1600,2-Car,No injury/unknown,UNSAFE BACKING,S LIBERTY DR,39.16167587,-86.57919779
2011,1,6,Weekend,2200,3+ Cars,No injury/unknown,SPEED TOO FAST FOR WEATHER CONDITIONS,S MULLER PKWY,39.161662,-86.567456
2011,7,2,Weekday,1700,2-Car,No injury/unknown,FOLLOWING TOO CLOSELY,S WALKER & W 2ND ST,39.161648,-86.546128
2011,2,4,Weekday,0,2-Car,No injury/unknown,,MULLER PKWY,39.161569,-86.567511
2011,2,2,Weekday,1200,2-Car,No injury/unknown,OTHER (DRIVER) - EXPLAIN IN NARRATIVE,800 W 2ND ST ST & S MAPLE,39.161568,-86.542096
2011,9,4,Weekday,1400,2-Car,No injury/unknown,UNSAFE BACKING,W 2ND ST,39.16153675,-86.53981487
2011,7,1,Weekend,1000,2-Car,No injury/unknown,,W 2ND ST,39.16153611,-86.53976784
2011,9,6,Weekday,1300,2-Car,No injury/unknown,UNSAFE BACKING,W 2ND ST,39.16153611,-86.53976784
2011,10,3,Weekday,1200,2-Car,No injury/unknown,FOLLOWING TOO CLOSELY,S ROGERS ST & WEST 2 ST ST,39.16152,-86.538592
2011,11,7,Weekend,1700,2-Car,No injury/unknown,LEFT OF CENTER,S MULLER PKWY,39.161508,-86.567548
2011,9,4,Weekday,1700,2-Car,Non-incapacitating,FOLLOWING TOO CLOSELY,2ND ST & MADISON,39.161488,-86.537296
2011,1,7,Weekend,200,1-Car,No injury/unknown,ROADWAY SURFACE CONDITION,N WALNUT & W 2ND ST,39.16144,-86.5336
2011,1,4,Weekday,1100,2-Car,No injury/unknown,UNSAFE BACKING,E 2ND & S FESS AVE,39.16144,-86.52584
2011,2,6,Weekday,0,2-Car,No injury/unknown,DISREGARD SIGNAL/REG SIGN,2ND ST & COLLEGE,39.16144,-86.534848
2011,2,6,Weekday,1700,2-Car,No injury/unknown,FOLLOWING TOO CLOSELY,S COLLEGE & W 2ND ST,39.16144,-86.534848
2011,3,6,Weekday,1300,2-Car,No injury/unknown,OTHER (DRIVER) - EXPLAIN IN NARRATIVE,2ND ST,39.16144,-86.527152
2011,3,4,Weekday,1700,Cyclist,Non-incapacitating,UNSAFE LANE MOVEMENT,E 2ND & S WASHINGTON ST,39.16144,-86.5324
2011,4,7,Weekend,1200,2-Car,No injury/unknown,FAILURE TO YIELD RIGHT OF WAY,E 2ND & S FESS AVE,39.16144,-86.52584
2011,4,4,Weekday,1900,2-Car,No injury/unknown,UNSAFE LANE MOVEMENT,2ND & COLLEGE AVE,39.16144,-86.534848
2011,5,1,Weekend,1100,2-Car,No injury/unknown,DISREGARD SIGNAL/REG SIGN,200 W 2ND ST & 500 S COLLEGE,39.16144,-86.534848
2011,6,6,Weekday,400,2-Car,No injury/unknown,IMPROPER TURNING,2ND ST,39.16144,-86.527152
2011,7,5,Weekday,1000,2-Car,No injury/unknown,FOLLOWING TOO CLOSELY,SO WALNUT ST & W 2ND,39.16144,-86.5336
2011,8,4,Weekday,1100,2-Car,Non-incapacitating,FOLLOWING TOO CLOSELY,COLLEGE & W 2ND ST,39.16144,-86.534848
2011,10,2,Weekday,1500,3+ Cars,No injury/unknown,ANIMAL/OBJECT IN ROADWAY,2ND ST & GRANT,39.16144,-86.52976
2011,10,7,Weekend,0,2-Car,No injury/unknown,UNSAFE BACKING,E 2ND ST,39.16144,-86.52807935
2011,10,3,Weekday,1900,2-Car,No injury/unknown,LEFT OF CENTER,COLLEGE & W 2ND ST,39.16144,-86.534848
2011,10,4,Weekday,1200,2-Car,Non-incapacitating,FOLLOWING TOO CLOSELY,E 2ND & S WASHINGTON ST,39.16144,-86.5324
2011,12,6,Weekday,1300,2-Car,No injury/unknown,FAILURE TO YIELD RIGHT OF WAY,2ND ST & GRANT,39.16144,-86.52976
2011,12,6,Weekday,1600,Bus,No injury/unknown,FAILURE TO YIELD RIGHT OF WAY,2ND ST & PARK,39.16144,-86.523952
2011,1,3,Weekday,900,2-Car,Non-incapacitating,SPEED TOO FAST FOR WEATHER CONDITIONS,2ND ST & WALKER,39.16143,-86.54614
2011,10,3,Weekday,1600,2-Car,No injury/unknown,DISREGARD SIGNAL/REG SIGN,2ND ST & WALKER,39.16143,-86.54614
2011,3,4,Weekday,0,1-Car,No injury/unknown,IMPROPER TURNING,WEST 2ND ST,39.1614087,-86.5365092
2011,1,5,Weekday,1300,2-Car,No injury/unknown,FAILURE TO YIELD RIGHT OF WAY,2ND ST & ROGERS,39.16140529,-86.53867437
2011,2,5,Weekday,1600,Pedestrian,Non-incapacitating,PEDESTRIAN ACTION,EUCLID & WEST 2ND ST,39.16140529,-86.54340086
2011,3,3,Weekday,1600,2-Car,Non-incapacitating,FOLLOWING TOO CLOSELY,2ND ST & MORTON,39.16140529,-86.53627014
2011,4,4,Weekday,700,1-Car,Non-incapacitating,OTHER (DRIVER) - EXPLAIN IN NARRATIVE,WEST 2ND ST,39.16140529,-86.53993112
2011,12,4,Weekday,1300,2-Car,No injury/unknown,IMPROPER TURNING,2ND ST & WALNUT,39.16140027,-86.53362974
2011,12,5,Weekday,800,2-Car,Non-incapacitating,OTHER (DRIVER) - EXPLAIN IN NARRATIVE,ROGERS & SECOND ST,39.16140027,-86.53867028
2011,3,6,Weekday,1400,2-Car,No injury/unknown,FOLLOWING TOO CLOSELY,2ND & ROGERS ST,39.1614,-86.53867
2011,4,7,Weekend,0,2-Car,Non-incapacitating,FAILURE TO YIELD RIGHT OF WAY,S ROGERS & W 2ND ST,39.1614,-86.53867
2011,5,7,Weekend,1200,Bus,No injury/unknown,FOLLOWING TOO CLOSELY,2ND ST & WALNUT,39.1614,-86.53363
2011,6,5,Weekday,1600,3+ Cars,No injury/unknown,IMPROPER LANE USAGE,W 2ND ST,39.1614,-86.539916
2011,8,5,Weekday,1700,2-Car,Non-incapacitating,ACCELERATOR FAILURE OR DEFECTIVE,2ND & ROGERS ST,39.1614,-86.53867
2011,7,6,Weekday,1200,Bus,No injury/unknown,IMPROPER LANE USAGE,COLLEGE AVE & WEST 2 ST ST,39.16138016,-86.53491956
2011,8,3,Weekday,1400,2-Car,Non-incapacitating,FOLLOWING TOO CLOSELY,2ND & COLLEGE AVE,39.16138,-86.53493
2011,9,5,Weekday,1100,2-Car,No injury/unknown,FOLLOWING TOO CLOSELY,2ND & COLLEGE AVE,39.16138,-86.53493
2011,1,2,Weekday,0,3+ Cars,No injury/unknown,RAN OFF ROAD RIGHT,2ND ST & GRANT,39.16136,-86.52988346
2011,6,1,Weekday,2300,Cyclist,Non-incapacitating,WRONG WAY ON ONE WAY,E 2ND ST & S WASHINGTON,39.16136,-86.53241
2011,8,6,Weekend,1900,2-Car,No injury/unknown,FAILURE TO YIELD RIGHT OF WAY,E 2ND & S GRANT ST,39.16136,-86.52988
2011,5,3,Weekday,900,3+ Cars,No injury/unknown,OTHER (DRIVER) - EXPLAIN IN NARRATIVE,2ND ST & DUNN,39.16135,-86.52840135
2011,8,4,Weekday,1800,2-Car,No injury/unknown,DRIVER DISTRACTED - EXPLAIN IN NARRATIVE,E 2ND ST & S HENDERSON,39.16134,-86.5272
2011,8,5,Weekday,1800,2-Car,No injury/unknown,FAILURE TO YIELD RIGHT OF WAY,2ND ST & HENDERSON,39.16134,-86.52720433
2011,2,2,Weekday,2300,3+ Cars,No injury/unknown,IMPROPER TURNING,E 2ND & S WASHINGTON ST,39.16132332,-86.53240426
2011,7,2,Weekday,1500,2-Car,Non-incapacitating,DISREGARD SIGNAL/REG SIGN,2ND ST & WOODLAWN,39.161312,-86.522576
2011,8,5,Weekday,1900,2-Car,No injury/unknown,FAILURE TO YIELD RIGHT OF WAY,2ND ST & WOODLAWN,39.161312,-86.522576
2011,11,1,Weekend,1500,1-Car,No injury/unknown,OVERCORRECTING/OVERSTEERING,2ND ST & WOODLAWN,39.161312,-86.522576
2011,10,5,Weekday,1400,1-Car,No injury/unknown,IMPROPER TURNING,PARK & SECOND ST,39.161205,-86.524
2011,5,1,Weekend,0,2-Car,No injury/unknown,OTHER (DRIVER) - EXPLAIN IN NARRATIVE,S COLLEGE AVE,39.16115717,-86.53485253
2011,6,6,Weekday,1700,2-Car,No injury/unknown,OTHER (DRIVER) - EXPLAIN IN NARRATIVE,S COLLEGE AVE,39.16115717,-86.53485253
2011,10,3,Weekday,1200,2-Car,No injury/unknown,VIEW OBSTRUCTED,S COLLEGE AVE,39.16115717,-86.53485253
2011,7,3,Weekday,1100,2-Car,Non-incapacitating,DISREGARD SIGNAL/REG SIGN,EAST SECOND ST & S HIGHLAND,39.16107978,-86.5177685
2011,3,2,Weekday,900,2-Car,No injury/unknown,FAILURE TO YIELD RIGHT OF WAY,ARCH HAVEN AVE,39.161059,-86.551447
2011,8,3,Weekday,1100,1-Car,No injury/unknown,OTHER (DRIVER) - EXPLAIN IN NARRATIVE,2ND ST & JORDAN,39.16104,-86.51639
2011,1,6,Weekend,2000,2-Car,No injury/unknown,SPEED TOO FAST FOR WEATHER CONDITIONS,E 2ND ST & S HIGH,39.16099,-86.50847
2011,2,5,Weekday,1700,2-Car,No injury/unknown,LEFT OF CENTER,2ND ST & HIGH,39.16098864,-86.50843029
2011,8,4,Weekday,900,2-Car,No injury/unknown,UNSAFE BACKING,E SECOND ST,39.160963,-86.507148
2011,12,6,Weekday,1600,2-Car,No injury/unknown,FOLLOWING TOO CLOSELY,MORNINGSIDE & SMITH RD,39.16096226,-86.48128978
2011,10,6,Weekday,1700,3+ Cars,No injury/unknown,FOLLOWING TOO CLOSELY,2ND ST & ROOSEVELT,39.16095,-86.50584
2011,1,2,Weekday,1500,2-Car,No injury/unknown,FAILURE TO YIELD RIGHT OF WAY,E 2ND ST & S COLLEGE MALL,39.160944,-86.497696
2011,5,2,Weekday,900,2-Car,No injury/unknown,FAILURE TO YIELD RIGHT OF WAY,E 2ND & S COLLEGE MALL RD,39.160944,-86.497696
2011,7,6,Weekday,1100,2-Car,No injury/unknown,FAILURE TO YIELD RIGHT OF WAY,E 2ND & S COLLEGE MALL RD,39.160944,-86.497696
2011,9,7,Weekend,1600,2-Car,No injury/unknown,FAILURE TO YIELD RIGHT OF WAY,COLLEGE MALL & COLLEGE MALL RD,39.160944,-86.497696
2011,11,4,Weekday,800,2-Car,No injury/unknown,SPEED TOO FAST FOR WEATHER CONDITIONS,2ND ST & HIGH,39.160944,-86.508288
2011,11,4,Weekday,1700,2-Car,No injury/unknown,UNSAFE LANE MOVEMENT,2ND & SOUTH COLLEGE MALL RD,39.160944,-86.497696
2011,11,6,Weekday,800,2-Car,Non-incapacitating,FOLLOWING TOO CLOSELY,2ND & S COLLEGE MALL RD,39.160944,-86.497696
2011,12,3,Weekday,1200,2-Car,No injury/unknown,DISREGARD SIGNAL/REG SIGN,2ND & COLLEGE MALL RD,39.160944,-86.497696
2011,7,1,Weekend,300,2-Car,No injury/unknown,UNSAFE LANE MOVEMENT,2ND ST & COLLEGE MALL,39.16094,-86.49772
2011,11,2,Weekday,1800,2-Car,No injury/unknown,FOLLOWING TOO CLOSELY,2ND ST & WOODSCREST,39.16092016,-86.50244973
2011,7,2,Weekday,800,2-Car,No injury/unknown,FOLLOWING TOO CLOSELY,E 2ND ST & WOODSCREST,39.16092,-86.50245
2011,10,5,Weekday,2200,2-Car,No injury/unknown,DISREGARD SIGNAL/REG SIGN,2ND ST & WOODSCREST,39.16092,-86.50245
2011,12,4,Weekday,1600,2-Car,Non-incapacitating,FAILURE TO YIELD RIGHT OF WAY,ARCH HAVEN & LANDMARK AVE,39.1609101,-86.55405007
2011,3,4,Weekday,1700,3+ Cars,No injury/unknown,FOLLOWING TOO CLOSELY,2ND ST & WOODCREST,39.16090327,-86.50241973
2011,8,5,Weekday,1200,2-Car,Non-incapacitating,OTHER (DRIVER) - EXPLAIN IN NARRATIVE,ARCH HAVEN & LANDMARK AVE,39.16088278,-86.55404913
2011,11,7,Weekend,1400,2-Car,Non-incapacitating,FAILURE TO YIELD RIGHT OF WAY,2ND & COLLEGE MALL RD,39.16085065,-86.49769922
2011,10,4,Weekday,1200,Cyclist,Non-incapacitating,UNSAFE SPEED,S COLLEGE MALL RD,39.160826,-86.497717
2011,8,3,Weekday,1900,2-Car,No injury/unknown,FAILURE TO YIELD RIGHT OF WAY,2ND ST & PATTERSON,39.16075,-86.54851
2011,9,3,Weekday,1000,2-Car,No injury/unknown,FOLLOWING TOO CLOSELY,2ND & PATTERSON DR,39.16075,-86.54851
2011,9,2,Weekday,0,2-Car,Non-incapacitating,DISREGARD SIGNAL/REG SIGN,S PATTERSON DR & W 2ND,39.16075,-86.54851
2011,11,3,Weekday,900,2-Car,No injury/unknown,OTHER (DRIVER) - EXPLAIN IN NARRATIVE,S PATTERSON DR & W 2ND,39.16075,-86.54851
2011,10,5,Weekday,1100,2-Car,No injury/unknown,FOLLOWING TOO CLOSELY,1200 W 2ND ST & S PATTERSON,39.16071544,-86.54846886
2011,8,4,Weekday,700,Pedestrian,Non-incapacitating,DISREGARD SIGNAL/REG SIGN,2ND ST & ADAMS,39.160544,-86.5508
2011,1,2,Weekday,1200,2-Car,No injury/unknown,OTHER (DRIVER) - EXPLAIN IN NARRATIVE,LANDMARK AVE,39.16053785,-86.55396033
2011,9,1,Weekend,200,2-Car,No injury/unknown,LEFT OF CENTER,PARK AVE & UNIVERSITY,39.16038637,-86.52392254
2011,4,7,Weekend,100,2-Car,No injury/unknown,FAILURE TO YIELD RIGHT OF WAY,HENDERSON ST & UNIVERSITY,39.16038076,-86.52715867
2011,10,2,Weekday,1600,2-Car,No injury/unknown,FOLLOWING TOO CLOSELY,2ND ST & ADAMS,39.16038,-86.55083
2011,7,5,Weekday,1800,2-Car,No injury/unknown,,SR 446,39.16033949,-86.4715755
2011,1,4,Weekday,200,2-Car,No injury/unknown,UNSAFE BACKING,S LINCOLN ST,39.1603205,-86.5310725
2011,5,2,Weekday,800,2-Car,Non-incapacitating,DISREGARD SIGNAL/REG SIGN,HENDERSON & UNIVERSITY ST,39.16032,-86.527136
2011,7,3,Weekday,1300,2-Car,Non-incapacitating,FAILURE TO YIELD RIGHT OF WAY,E UNIVERSITY & S HENDERSON ST,39.16032,-86.527136
2011,11,3,Weekday,1800,2-Car,No injury/unknown,FAILURE TO YIELD RIGHT OF WAY,BLOOMFIELD RD,39.16021541,-86.55312471
2011,5,3,Weekday,1700,3+ Cars,Non-incapacitating,FAILURE TO YIELD RIGHT OF WAY,JORDAN AVE & UNIVERSITY,39.16015,-86.51639
2011,10,3,Weekday,1900,1-Car,No injury/unknown,ANIMAL/OBJECT IN ROADWAY,2ND & COLLEGE AVE,39.16006682,-86.53486997
2011,9,5,Weekday,2100,2-Car,No injury/unknown,UNSAFE BACKING,W BLOOMFIELD RD,39.15998862,-86.55307876
2011,5,6,Weekday,1500,1-Car,No injury/unknown,ANIMAL/OBJECT IN ROADWAY,FAIRFAX & WALNUT STREET PIKE,39.15995467,-86.52651
2011,3,6,Weekday,1700,2-Car,No injury/unknown,FAILURE TO YIELD RIGHT OF WAY,BLOOMFIELD RD & LANDMARK,39.15994021,-86.55379641
2011,3,3,Weekday,900,2-Car,No injury/unknown,FOLLOWING TOO CLOSELY,BLOOMFIELD RD & LANDMARK,39.15994021,-86.55375313
2011,5,4,Weekday,1600,2-Car,Non-incapacitating,FOLLOWING TOO CLOSELY,BLOOMFIELD RD & LANDMARK,39.15994021,-86.5538016
2011,8,2,Weekday,1400,2-Car,No injury/unknown,UNSAFE BACKING,1300 W BLOOMFIELD RD & 600 S LANDMARK,39.15994021,-86.55379641
2011,4,1,Weekend,100,2-Car,No injury/unknown,FAILURE TO YIELD RIGHT OF WAY,9TH & COLLEGE AVE,39.15988398,-86.53485
2011,8,2,Weekday,2000,Moped/Motorcycle,Non-incapacitating,RAN OFF ROAD RIGHT,BUICK CADILAC DR & CLARIZZ,39.1596,-86.490784
2011,1,6,Weekday,1200,3+ Cars,Non-incapacitating,DISREGARD SIGNAL/REG SIGN,S COLLEGE & W 1RST ST,39.15944,-86.53488
2011,3,6,Weekday,1600,1-Car,Non-incapacitating,SPEED TOO FAST FOR WEATHER CONDITIONS,BLOOMFIELD RD & RANSOM,39.15944,-86.555296
2011,10,4,Weekday,1200,2-Car,No injury/unknown,FAILURE TO YIELD RIGHT OF WAY,CURRY PIKE & STATE ROAD 48,39.1593726,-86.58292002
2011,4,2,Weekday,1400,2-Car,No injury/unknown,FAILURE TO YIELD RIGHT OF WAY,1ST & WALNUT ST,39.15936,-86.53366
2011,1,5,Weekday,1000,2-Car,No injury/unknown,FOLLOWING TOO CLOSELY,E 1ST & S WALNUT ST,39.159344,-86.5336
2011,4,3,Weekday,500,1-Car,No injury/unknown,RAN OFF ROAD RIGHT,E 1ST ST,39.159344,-86.523888
2011,4,4,Weekday,1200,2-Car,No injury/unknown,UNSAFE LANE MOVEMENT,1ST & S WALNUT ST,39.159344,-86.5336
2011,4,5,Weekday,1400,2-Car,Non-incapacitating,FAILURE TO YIELD RIGHT OF WAY,E 1ST ST & S HENDERSON,39.159344,-86.52712
2011,5,2,Weekday,2200,2-Car,Non-incapacitating,FAILURE TO YIELD RIGHT OF WAY,1ST & WALNUT ST,39.159344,-86.5336
2011,5,5,Weekday,1000,Bus,No injury/unknown,OTHER (VEHICLE) - EXPLAIN IN NARRATIVE,E 1ST & S WASHINGTON ST,39.159344,-86.5324
2011,6,2,Weekday,1700,2-Car,No injury/unknown,FOLLOWING TOO CLOSELY,E 1ST ST & S WALNUT,39.159344,-86.5336
2011,6,4,Weekday,1300,2-Car,No injury/unknown,FOLLOWING TOO CLOSELY,E 1ST & S WALNUT ST,39.159344,-86.5336
2011,8,3,Weekday,1600,Moped/Motorcycle,Non-incapacitating,OTHER (DRIVER) - EXPLAIN IN NARRATIVE,1ST ST & FESS,39.159344,-86.525872
2011,10,7,Weekend,1200,2-Car,No injury/unknown,UNSAFE BACKING,WEST 1ST ST,39.159344,-86.53071771
2011,11,2,Weekday,900,2-Car,No injury/unknown,SPEED TOO FAST FOR WEATHER CONDITIONS,1ST ST & HENDERSON,39.15932022,-86.52714014
2011,1,3,Weekday,1600,2-Car,No injury/unknown,SPEED TOO FAST FOR WEATHER CONDITIONS,1ST ST & FESS,39.15932,-86.52594
2011,10,3,Weekday,1500,Moped/Motorcycle,Incapacitating,FAILURE TO YIELD RIGHT OF WAY,EAST 1ST & FESS AVE,39.15932,-86.52594
2011,1,6,Weekend,2200,Pedestrian,Non-incapacitating,SPEED TOO FAST FOR WEATHER CONDITIONS,E 1ST & S WOODLAWN AVE,39.15929,-86.52264