Year,Month,Day,Weekend?,Hour,Collision Type,Injury Type,Primary Factor,Reported_Location,Latitude,Longitude
2011,11,3,Weekday,1900,2-Car,No injury/unknown,FAILURE TO YIELD RIGHT OF WAY,SR45W & WEST LEONARD SPRINGS,39.12224,-86.6144
2011,11,3,Weekday,700,2-Car,No injury/unknown,FAILURE TO YIELD RIGHT OF WAY,SR45W & W LEONARD SPRINGS,39.12224,-86.6144
2011,12,6,Weekday,1200,2-Car,No injury/unknown,FAILURE TO YIELD RIGHT OF WAY,ELLER & SR45W,39.12224,-86.6144
2011,12,6,Weekday,1300,2-Car,No injury/unknown,FAILURE TO YIELD RIGHT OF WAY,FULLERTON & ROCKPORT RD,39.122224,-86.562688
2011,5,5,Weekday,1700,2-Car,No injury/unknown,FAILURE TO YIELD RIGHT OF WAY,FULLERTON & SR37N,39.12221991,-86.57137982
2011,11,6,Weekday,1800,2-Car,Non-incapacitating,FAILURE TO YIELD RIGHT OF WAY,FULLERTON & SR37S,39.12221991,-86.57137982
2011,1,5,Weekday,1500,1-Car,No injury/unknown,SPEED TOO FAST FOR WEATHER CONDITIONS,FULLERTON & SR37S,39.12220683,-86.57140464
2011,3,6,Weekday,1500,2-Car,Non-incapacitating,FAILURE TO YIELD RIGHT OF WAY,FULLERTON & SR37N,39.12220683,-86.57140464
2011,5,3,Weekday,1400,3+ Cars,Incapacitating,DISREGARD SIGNAL/REG SIGN,FULLERTON & SR37S,39.12220683,-86.57140464
2011,7,6,Weekday,1200,2-Car,No injury/unknown,FAILURE TO YIELD RIGHT OF WAY,FULLERTON & SR37S,39.12220683,-86.57140464
2011,9,4,Weekday,1900,2-Car,Non-incapacitating,FAILURE TO YIELD RIGHT OF WAY,FULLERTON & SR37S,39.12220683,-86.57140464
2011,10,3,Weekday,1700,2-Car,Incapacitating,DISREGARD SIGNAL/REG SIGN,FULLERTON & SR37S,39.12220683,-86.57140464
2011,11,6,Weekend,1900,2-Car,Non-incapacitating,FAILURE TO YIELD RIGHT OF WAY,FULLERTON & SR37S,39.12220683,-86.57140464
2011,7,4,Weekday,1500,2-Car,No injury/unknown,UNSAFE BACKING,WEST FELLERTON PIKE,39.12216626,-86.57352291
2011,12,3,Weekday,800,2-Car,No injury/unknown,FAILURE TO YIELD RIGHT OF WAY,FULLERTON PIKE & JUDD,39.12209988,-86.57402984
2011,4,5,Weekday,2000,1-Car,Non-incapacitating,RAN OFF ROAD RIGHT,S MONROE MEDICAL PARK BLVD,39.122049,-86.573333
2011,7,3,Weekday,700,2-Car,No injury/unknown,FOLLOWING TOO CLOSELY,HARRELL RD RD & RHORER RD,39.121808,-86.498784
2011,12,4,Weekday,1000,1-Car,No injury/unknown,RAN OFF ROAD RIGHT,HARRELL & RHORER RD,39.12178125,-86.50230898
2011,2,6,Weekday,1600,Bus,No injury/unknown,FAILURE TO YIELD RIGHT OF WAY,S ROGERS ST,39.121648,-86.539088
2011,3,3,Weekday,900,2-Car,No injury/unknown,IMPROPER TURNING,GORDON & ROGERS ST,39.121648,-86.539088
2011,4,7,Weekend,1400,Moped/Motorcycle,Incapacitating,FAILURE TO YIELD RIGHT OF WAY,GORDON PIKE & ROGERS,39.121648,-86.539088
2011,7,7,Weekend,900,2-Car,No injury/unknown,FOLLOWING TOO CLOSELY,SOUTH ROGERS STRET & WEST GORDON PIKE PIKE,39.121648,-86.539088
2011,1,1,Weekend,1400,2-Car,Non-incapacitating,FOLLOWING TOO CLOSELY,E RHORER RD & S OLD STATE RD 37,39.121552,-86.531296
2011,4,7,Weekend,1400,2-Car,No injury/unknown,UNSAFE LANE MOVEMENT,GORDON PIKE & RHORER,39.121552,-86.531296
2011,6,6,Weekday,1800,2-Car,No injury/unknown,FAILURE TO YIELD RIGHT OF WAY,GORDON & SOUTH OLD STATE RD 37 RD,39.121552,-86.531296
2011,11,3,Weekday,700,2-Car,No injury/unknown,SPEED TOO FAST FOR WEATHER CONDITIONS,OLD STATE ROAD 37 HWY & RHORER,39.121552,-86.531296
2011,9,4,Weekday,2100,3+ Cars,No injury/unknown,OVERCORRECTING/OVERSTEERING,W GORDON PIKE,39.12154418,-86.53386009
2011,7,1,Weekend,1300,2-Car,No injury/unknown,FAILURE TO YIELD RIGHT OF WAY,GORDON PIKE & OLD SR 37 SOUTH,39.12153441,-86.53693451
2011,1,4,Weekday,1300,1-Car,No injury/unknown,DRIVER DISTRACTED - EXPLAIN IN NARRATIVE,BRYANTS CREEK & SR37N,39.12152921,-86.51238497
2011,4,7,Weekend,1900,2-Car,No injury/unknown,FOLLOWING TOO CLOSELY,E RHORER RD & S JAMIE,39.12152,-86.51792
2011,6,7,Weekend,1200,3+ Cars,No injury/unknown,FOLLOWING TOO CLOSELY,JAMIE & RHORER RD,39.12152,-86.51792
2011,9,3,Weekday,1800,1-Car,No injury/unknown,UNSAFE SPEED,JAMIE LN & RHORER,39.12152,-86.51792
2011,6,2,Weekday,800,2-Car,No injury/unknown,LEFT OF CENTER,BENSON & E RHORER RD,39.121488,-86.52048
2011,6,3,Weekday,700,2-Car,No injury/unknown,IMPROPER TURNING,KENNEDY DR & RHORER,39.121488,-86.528304
2011,8,3,Weekday,1500,Pedestrian,Non-incapacitating,OTHER (DRIVER) - EXPLAIN IN NARRATIVE,GORDON PIKE ST,39.12148,-86.535479
2011,4,2,Weekday,1700,2-Car,No injury/unknown,ROADWAY SURFACE CONDITION,RHORER RD & WALNUT,39.12144282,-86.52614342
2011,12,3,Weekday,1000,2-Car,No injury/unknown,FAILURE TO YIELD RIGHT OF WAY,RHORER RD & WALNUT STREET,39.12144005,-86.52662985
2011,1,3,Weekday,1000,2-Car,No injury/unknown,FAILURE TO YIELD RIGHT OF WAY,RHORER RD & WALNUT ST,39.12144,-86.526496
2011,4,7,Weekend,1300,2-Car,No injury/unknown,FAILURE TO YIELD RIGHT OF WAY,RHORER & S WALNUT ST,39.12144,-86.526496
2011,5,2,Weekday,1700,1-Car,No injury/unknown,ANIMAL/OBJECT IN ROADWAY,RHORER & WALNUT STREET PIKE,39.12144,-86.526496
2011,6,2,Weekday,1500,2-Car,Non-incapacitating,OTHER (DRIVER) - EXPLAIN IN NARRATIVE,E RHORER & S WALNUT ST,39.12144,-86.526496
2011,7,6,Weekday,1300,2-Car,Non-incapacitating,OTHER (DRIVER) - EXPLAIN IN NARRATIVE,RHORER & SARE RD,39.12144,-86.51158
2011,9,6,Weekday,600,2-Car,Non-incapacitating,DRIVER DISTRACTED - EXPLAIN IN NARRATIVE,E RHORER & S WALNUT ST,39.12144,-86.526496
2011,9,1,Weekend,1100,2-Car,Non-incapacitating,SPEED TOO FAST FOR WEATHER CONDITIONS,E RHORER & S SARE RD,39.12144,-86.51158
2011,9,3,Weekday,700,1-Car,No injury/unknown,ANIMAL/OBJECT IN ROADWAY,RHORER RD & SARE,39.12144,-86.5115973
2011,10,6,Weekday,700,2-Car,No injury/unknown,FAILURE TO YIELD RIGHT OF WAY,RHORER RD & WALNUT STREET,39.12144,-86.52663
2011,10,1,Weekend,400,1-Car,No injury/unknown,RAN OFF ROAD RIGHT,JAMIE & RHORER RD,39.12144,-86.51770652
2011,11,5,Weekday,900,2-Car,No injury/unknown,FOLLOWING TOO CLOSELY,RHORER RD & S WALNUT ST ST,39.12144,-86.526496
2011,11,5,Weekday,1600,2-Car,No injury/unknown,FOLLOWING TOO CLOSELY,RHORER ROAD RD & WALNUT STREET PIKE,39.12144,-86.526496
2011,12,6,Weekday,1800,2-Car,No injury/unknown,OTHER (DRIVER) - EXPLAIN IN NARRATIVE,RHORER & WALNUT STREET PIKE PIKE,39.12144,-86.526496
2011,12,3,Weekday,1000,1-Car,No injury/unknown,RAN OFF ROAD RIGHT,RHORER RD & WALNUT ST,39.12144,-86.526496
2011,10,2,Weekday,2300,1-Car,No injury/unknown,UNSAFE BACKING,GORDON PIKE,39.12143201,-86.53530478
2011,9,5,Weekday,1600,2-Car,No injury/unknown,DRIVER ILLNESS,OLD 37 SOUTH & RHORER ROAD RD,39.12141994,-86.53134986
2011,12,2,Weekday,1900,2-Car,No injury/unknown,FAILURE TO YIELD RIGHT OF WAY,E RHORER RD & S OLD SR 37,39.12141994,-86.53133256
2011,3,1,Weekend,1200,2-Car,No injury/unknown,FOLLOWING TOO CLOSELY,RHORER RD & S GRAN HAVEN,39.12138379,-86.49167584
2011,8,2,Weekday,1200,1-Car,No injury/unknown,DRIVER DISTRACTED - EXPLAIN IN NARRATIVE,GRAN HAVEN & RHORER RDS,39.12137,-86.49171325
2011,10,6,Weekday,800,1-Car,No injury/unknown,ANIMAL/OBJECT IN ROADWAY,GRAN HAVEN & RHORER RD,39.12137,-86.49162675
2011,1,2,Weekday,1400,2-Car,No injury/unknown,UNSAFE BACKING,SR 45 W HWY,39.12124411,-86.581967
2011,9,2,Weekday,700,2-Car,No injury/unknown,FAILURE TO YIELD RIGHT OF WAY,OLD 37 RD,39.121122,-86.531339
2011,10,4,Weekday,1800,2-Car,No injury/unknown,OTHER (DRIVER) - EXPLAIN IN NARRATIVE,S OLD SR37 HWY,39.121122,-86.531339
2011,9,4,Weekday,1900,2-Car,No injury/unknown,FOLLOWING TOO CLOSELY,LEONARD SPRINGS RD & MAYBERRY,39.1209245,-86.58259
2011,9,2,Weekday,2100,1-Car,No injury/unknown,RAN OFF ROAD RIGHT,MERRITT & SR446S,39.12075711,-86.42517712
2011,10,3,Weekday,1700,2-Car,No injury/unknown,DRIVER ILLNESS,LEIGHTON & WICKENS DR,39.11998809,-86.55094
2011,5,6,Weekday,1300,2-Car,No injury/unknown,DRIVER DISTRACTED - EXPLAIN IN NARRATIVE,10TH & SUNRISE DR,39.11869837,-86.51248
2011,1,5,Weekday,1100,2-Car,Non-incapacitating,LEFT OF CENTER,DUNLAP & SR45W,39.11822281,-86.62090099
2011,9,7,Weekend,1600,2-Car,Non-incapacitating,LEFT OF CENTER,SUDBURY & WEIMER RD,39.11765901,-86.56408
2011,8,2,Weekday,1100,3+ Cars,Non-incapacitating,FAILURE TO YIELD RIGHT OF WAY,ROCKPORT & SR37N,39.117648,-86.567104
2011,8,5,Weekday,1500,3+ Cars,Non-incapacitating,FAILURE TO YIELD RIGHT OF WAY,ROCKPORT & SR37,39.117648,-86.567104
2011,11,3,Weekday,600,2-Car,No injury/unknown,LEFT OF CENTER,ROCKPORT RD & SR37,39.117648,-86.567104
2011,12,7,Weekend,2300,1-Car,No injury/unknown,RAN OFF ROAD RIGHT,CANADA & STANDS DR,39.11724579,-86.51012018
2011,8,2,Weekday,1000,1-Car,Non-incapacitating,RAN OFF ROAD RIGHT,OLD SR37S HWY & W ROGERS,39.11665629,-86.54097
2011,7,2,Weekday,2200,1-Car,No injury/unknown,ANIMAL/OBJECT IN ROADWAY,DARRELL & SR45W,39.1164671,-86.62404041
2011,2,6,Weekend,2100,1-Car,No injury/unknown,ANIMAL/OBJECT IN ROADWAY,PINE GROVE & SR446S,39.116464,-86.428672
2011,10,6,Weekday,1000,1-Car,No injury/unknown,IMPROPER TURNING,OLD STATE ROAD 37 SOUTH RD,39.115587,-86.531203
2011,3,1,Weekend,1200,2-Car,No injury/unknown,FAILURE TO YIELD RIGHT OF WAY,SR37N & THAT RD,39.115552,-86.564592
2011,4,4,Weekday,1500,2-Car,No injury/unknown,FOLLOWING TOO CLOSELY,SR37S & THAT RD,39.115552,-86.564592
2011,5,5,Weekday,1800,2-Car,Non-incapacitating,FAILURE TO YIELD RIGHT OF WAY,SR37S & THAT,39.115552,-86.564592
2011,9,6,Weekday,1000,2-Car,Non-incapacitating,FAILURE TO YIELD RIGHT OF WAY,SR37S & THAT,39.115552,-86.564592
2011,10,2,Weekday,1000,2-Car,No injury/unknown,FOLLOWING TOO CLOSELY,SR37 & THAT RD,39.115552,-86.564592
2011,1,2,Weekday,1200,1-Car,No injury/unknown,RAN OFF ROAD RIGHT,PINE GROVE & SR446S,39.11541083,-86.42894531
2011,11,7,Weekend,1800,3+ Cars,Non-incapacitating,FAILURE TO YIELD RIGHT OF WAY,SR37N & THAT,39.11531992,-86.56495995
2011,5,1,Weekend,200,1-Car,Non-incapacitating,IMPROPER TURNING,SR37 S & THAT RD,39.11525711,-86.56496377
2011,8,3,Weekday,1000,2-Car,No injury/unknown,UNSAFE BACKING,W PATTERSON DR,39.115248,-86.573504
2011,11,6,Weekday,1200,2-Car,No injury/unknown,FAILURE TO YIELD RIGHT OF WAY,W PATTERSON DR,39.115248,-86.573504
2011,2,2,Weekday,1900,1-Car,Non-incapacitating,RAN OFF ROAD RIGHT,ELLER & GARRISON CHAPEL RD,39.11520506,-86.63959166
2011,4,3,Weekday,1700,1-Car,No injury/unknown,DRIVER ASLEEP OR FATIGUED,DARREL & SR45S,39.11510002,-86.62767856
2011,10,7,Weekend,0,1-Car,No injury/unknown,RAN OFF ROAD RIGHT,DINSMORE & SR45W,39.11503745,-86.63081575
2011,11,2,Weekday,1200,2-Car,No injury/unknown,FOLLOWING TOO CLOSELY,DENSMORE & SR45,39.11502029,-86.62963132
2011,5,2,Weekday,600,1-Car,No injury/unknown,ANIMAL/OBJECT IN ROADWAY,DARRELL & SR45S,39.11500223,-86.62838501
2011,8,7,Weekend,1700,1-Car,No injury/unknown,FAILURE TO YIELD RIGHT OF WAY,DARRELL & SR45E,39.11499711,-86.62803251
2011,5,1,Weekend,200,1-Car,No injury/unknown,ANIMAL/OBJECT IN ROADWAY,S VICTOR PIKE & THAT RD,39.11476466,-86.54815554
2011,9,5,Weekday,1400,2-Car,No injury/unknown,DRIVER DISTRACTED - EXPLAIN IN NARRATIVE,ROY BAILEY & THAT RD,39.11474,-86.55655
2011,11,4,Weekday,800,2-Car,Non-incapacitating,FAILURE TO YIELD RIGHT OF WAY,ROGERS & THAT RD,39.11462992,-86.53982028
2011,1,5,Weekday,1500,2-Car,No injury/unknown,ROADWAY SURFACE CONDITION,SR37S & THAT ROAD,39.11459454,-86.56332826
2011,4,6,Weekday,100,2-Car,No injury/unknown,UNSAFE BACKING,S KENNEDY DR & WILLOW,39.11441614,-86.52853154
2011,4,7,Weekend,2100,1-Car,No injury/unknown,RAN OFF ROAD RIGHT,HEATH & WINSTON ST,39.11383211,-86.4885
2011,12,3,Weekday,1100,1-Car,No injury/unknown,ROADWAY SURFACE CONDITION,SR37S & THAT,39.11363707,-86.56206455
2011,5,2,Weekday,1100,2-Car,No injury/unknown,FAILURE TO YIELD RIGHT OF WAY,SR45W & WEST CROSSOVER,39.1133693,-86.6344467
2011,1,5,Weekday,1300,2-Car,No injury/unknown,UNSAFE BACKING,ROGERS RD & THAT,39.11329079,-86.53972066
2011,12,1,Weekend,1200,1-Car,No injury/unknown,DRIVER DISTRACTED - EXPLAIN IN NARRATIVE,DINSMORE & SR45W,39.11324993,-86.63472356
2011,5,2,Weekday,0,1-Car,No injury/unknown,RAN OFF ROAD RIGHT,MOORES CRK,39.112654,-86.466054
2011,7,2,Weekday,800,2-Car,Non-incapacitating,LEFT OF CENTER,FAIRFAX & S OLD STATE ROAD 37 HWY,39.11253948,-86.53149
2011,1,7,Weekend,1100,1-Car,Non-incapacitating,RAN OFF ROAD RIGHT,STATE ROAD 446 RD,39.112009,-86.431229
2011,10,7,Weekend,1000,1-Car,No injury/unknown,RAN OFF ROAD RIGHT,GARRISON CHAPEL & SR45W,39.11162963,-86.63734574
2011,8,7,Weekend,1200,1-Car,Non-incapacitating,RAN OFF ROAD RIGHT,GARRISON CHAPLE & SR45W,39.11105313,-86.63820622
2011,4,4,Weekday,1600,3+ Cars,Non-incapacitating,FOLLOWING TOO CLOSELY,HARMONY & SR45W,39.111024,-86.638304
2011,5,1,Weekend,1600,2-Car,No injury/unknown,FAILURE TO YIELD RIGHT OF WAY,HARMONY & SR45W,39.111024,-86.638304
2011,8,3,Weekday,1700,2-Car,No injury/unknown,FOLLOWING TOO CLOSELY,S GARRISON CHAPEL & SR45W,39.111024,-86.638304
2011,8,7,Weekend,1300,3+ Cars,Non-incapacitating,UNSAFE SPEED,GARRISON CHAPEL & SR45N,39.111024,-86.638304
2011,12,1,Weekday,1900,2-Car,No injury/unknown,FAILURE TO YIELD RIGHT OF WAY,SOUTH HARMONY & SR45W,39.111024,-86.638304
2011,9,2,Weekday,1900,2-Car,No injury/unknown,FAILURE TO YIELD RIGHT OF WAY,GARRISON CHAPEL & SR45S,39.11095525,-86.638414
2011,1,4,Weekday,1800,2-Car,No injury/unknown,FOLLOWING TOO CLOSELY,FALCON DR & WREN,39.11049731,-86.54706
2011,10,3,Weekday,1500,2-Car,No injury/unknown,UNSAFE BACKING,ACORN LN & STANSIFER,39.11039,-86.57256649
2011,7,2,Weekday,1800,1-Car,No injury/unknown,STEERING FAILURE,RED OAK & SR446S,39.1101851,-86.42329198
2011,7,6,Weekday,1600,2-Car,No injury/unknown,FOLLOWING TOO CLOSELY,GARRISON CHAPEL & SR45W,39.10999279,-86.63995397
2011,9,7,Weekend,200,1-Car,No injury/unknown,ANIMAL/OBJECT IN ROADWAY,BAYLES & BUSINESS 37 NORTH HWY,39.10958848,-86.53700999
2011,10,3,Weekday,1000,Moped/Motorcycle,Non-incapacitating,FAILURE TO YIELD RIGHT OF WAY,SR37S & WAYSIDE,39.10920924,-86.53119028
2011,3,2,Weekday,700,2-Car,No injury/unknown,FOLLOWING TOO CLOSELY,S OLD ST RD 37 RD & W WAYSIDE DR,39.10918,-86.53117
2011,4,2,Weekday,1400,2-Car,No injury/unknown,FOLLOWING TOO CLOSELY,OLD STATE ROAD 37 NORTH & WALNUT ST,39.10917483,-86.53119531
2011,9,7,Weekend,2200,1-Car,No injury/unknown,OTHER (DRIVER) - EXPLAIN IN NARRATIVE,PINE GROVE & SR446N,39.10910105,-86.43057773
2011,1,6,Weekday,200,1-Car,No injury/unknown,RAN OFF ROAD RIGHT,CHURCH & VICTOR PIKE,39.10891498,-86.54957639
2011,5,6,Weekday,1700,2-Car,No injury/unknown,OTHER (DRIVER) - EXPLAIN IN NARRATIVE,S OLD ST RD 37 RD,39.10851331,-86.53132114
2011,7,2,Weekday,1300,2-Car,No injury/unknown,UNSAFE BACKING,S OLD STATE ROAD 37 RD,39.10851331,-86.53132114
2011,12,3,Weekday,1100,1-Car,No injury/unknown,RAN OFF ROAD RIGHT,ELWREN RD,39.10835423,-86.65087617
2011,11,5,Weekday,1100,1-Car,Non-incapacitating,BRAKE FAILURE OR DEFECTIVE,MOORES CREEK RD & SWARTZ RIDGE,39.107904,-86.462368
2011,1,7,Weekend,200,1-Car,No injury/unknown,RAN OFF ROAD RIGHT,MOORES CREEK RD & SCHWARTZ RIDGE,39.10771,-86.46233
2011,1,3,Weekday,400,1-Car,No injury/unknown,ANIMAL/OBJECT IN ROADWAY,ELWREN & SR45W,39.107648,-86.643696
2011,8,4,Weekday,1700,2-Car,No injury/unknown,FAILURE TO YIELD RIGHT OF WAY,ELWREN ROAD & SR45W,39.107648,-86.643696
2011,1,5,Weekday,1300,1-Car,No injury/unknown,SPEED TOO FAST FOR WEATHER CONDITIONS,ISON RD & TOWER,39.10762745,-86.61031436
2011,11,2,Weekday,1500,2-Car,No injury/unknown,FAILURE TO YIELD RIGHT OF WAY,WALNUT ST & WALNUT STREET,39.10761866,-86.52640101
2011,1,3,Weekday,800,1-Car,Non-incapacitating,RAN OFF ROAD RIGHT,ELWREN RD & SR45 W,39.10761072,-86.64322799
2011,11,1,Weekend,600,2-Car,Incapacitating,LEFT OF CENTER,HARMONY ROAD & SR45W,39.10756539,-86.6437769
2011,1,1,Weekend,1400,1-Car,No injury/unknown,RAN OFF ROAD RIGHT,CHURCH LN & VICTOR,39.107552,-86.549792
2011,11,7,Weekend,400,1-Car,No injury/unknown,ANIMAL/OBJECT IN ROADWAY,SR37N & VICTOR PIKE,39.10743375,-86.55367188
2011,1,1,Weekend,0,1-Car,No injury/unknown,RAN OFF ROAD RIGHT,CHURCH LANE & SOUTHWAY DRIVE DR,39.107424,-86.538896
2011,3,3,Weekday,1800,1-Car,No injury/unknown,RAN OFF ROAD RIGHT,STANSIFER LN,39.107423,-86.573993
2011,1,3,Weekday,1100,2-Car,Non-incapacitating,LEFT OF CENTER,WALNUT ST & WALNUT STREET,39.107344,-86.5264
2011,6,6,Weekday,900,2-Car,No injury/unknown,FAILURE TO YIELD RIGHT OF WAY,S WALNUT ST & WALNUT ST PIKE,39.107344,-86.5264
2011,10,4,Weekday,1300,2-Car,Non-incapacitating,FAILURE TO YIELD RIGHT OF WAY,S WALNUT ST & WALNUT,39.107344,-86.5264
2011,6,6,Weekday,1300,2-Car,No injury/unknown,OTHER (DRIVER) - EXPLAIN IN NARRATIVE,OLS STATE 37 SOUTH RD & S FAIRFAX,39.10725988,-86.53149001
2011,6,2,Weekday,1800,2-Car,Non-incapacitating,DRIVER DISTRACTED - EXPLAIN IN NARRATIVE,CHURCH & OLD STATE 37 SOUTH RD,39.107248,-86.531392
2011,8,7,Weekend,1400,2-Car,Non-incapacitating,FOLLOWING TOO CLOSELY,FAIRFAX RD & WALNUT STREET,39.10716,-86.52651
2011,8,3,Weekday,1700,3+ Cars,No injury/unknown,FOLLOWING TOO CLOSELY,FAIRFAX RD & WALNUT STREET,39.10716,-86.52651
2011,11,3,Weekday,500,1-Car,No injury/unknown,RAN OFF ROAD RIGHT,FAIRFAX RD & WALNUT STREET PIKE,39.10716,-86.5264927
2011,3,3,Weekday,1800,2-Car,Non-incapacitating,UNSAFE SPEED,S FAIRFX RD & SCHACHT ROAD,39.10704,-86.523488
2011,3,2,Weekday,1600,2-Car,No injury/unknown,UNSAFE BACKING,SOUTH OLD STATE 37 RD,39.106787,-86.53159
2011,9,5,Weekday,1500,2-Car,Fatal,LEFT OF CENTER,FAIRFAX RD & SCHACT,39.10657706,-86.52310847
2011,11,2,Weekday,900,2-Car,No injury/unknown,FOLLOWING TOO CLOSELY,MARIE & S FAIRFAX RD,39.10568006,-86.5224798
2011,12,6,Weekday,1500,Bus,No injury/unknown,UNSAFE SPEED,MARIE & SOUTH FAIRFAX RD,39.10568006,-86.5224798
2011,11,4,Weekday,600,1-Car,No injury/unknown,RAN OFF ROAD RIGHT,ROCKPORT RD & STANSIFER,39.10567763,-86.57604455
2011,9,7,Weekend,1700,1-Car,No injury/unknown,SPEED TOO FAST FOR WEATHER CONDITIONS,SOUTH ROCKPORT RD,39.105654,-86.576242
2011,8,6,Weekday,1100,2-Car,Non-incapacitating,DISREGARD SIGNAL/REG SIGN,SR37S & VICTOR,39.10555824,-86.55147414
2011,9,6,Weekday,1700,2-Car,No injury/unknown,OTHER (DRIVER) - EXPLAIN IN NARRATIVE,SR37S & VICTOR,39.10555824,-86.55147414
2011,4,6,Weekend,1900,2-Car,Non-incapacitating,FAILURE TO YIELD RIGHT OF WAY,SR37S & VICTOR,39.105552,-86.551104
2011,5,5,Weekday,1100,2-Car,Incapacitating,FAILURE TO YIELD RIGHT OF WAY,SR37S & VICTOR,39.105552,-86.551104
2011,9,7,Weekend,1300,2-Car,Non-incapacitating,FAILURE TO YIELD RIGHT OF WAY,SR37S & VICTOR,39.105552,-86.551104
2011,9,2,Weekday,1100,2-Car,No injury/unknown,DISREGARD SIGNAL/REG SIGN,SR37S & VICTOR,39.105552,-86.551104
2011,11,4,Weekday,1800,2-Car,No injury/unknown,FAILURE TO YIELD RIGHT OF WAY,SR37S & VICTOR,39.105552,-86.551104
2011,4,1,Weekend,800,1-Car,Incapacitating,RAN OFF ROAD RIGHT,HARMONY RD,39.105461,-86.638358
2011,9,3,Weekday,1800,1-Car,Non-incapacitating,UNSAFE SPEED,S ISON RD & TOWER,39.104944,-86.61032
2011,5,1,Weekend,1300,1-Car,No injury/unknown,SPEED TOO FAST FOR WEATHER CONDITIONS,RED OAK & SR446N,39.10490807,-86.42329198
2011,1,3,Weekday,600,1-Car,No injury/unknown,ROADWAY SURFACE CONDITION,SR37S & VICTOR,39.10441906,-86.55010785
2011,6,6,Weekend,2000,1-Car,No injury/unknown,OVERCORRECTING/OVERSTEERING,4370 E MOORES CREEK & MOORES CREEK RD,39.10368,-86.461792
2011,4,5,Weekday,400,1-Car,No injury/unknown,SPEED TOO FAST FOR WEATHER CONDITIONS,ROSE CREEK & S HARMONY RD,39.102736,-86.63832
2011,4,2,Weekday,1100,1-Car,Non-incapacitating,OVERCORRECTING/OVERSTEERING,MOORES CRK & STIPP ROAD,39.102704,-86.461792
2011,12,7,Weekend,1400,1-Car,Incapacitating,RAN OFF ROAD RIGHT,E STIPP RD & MOORES CREEK,39.102704,-86.461792
2011,10,1,Weekend,1800,1-Car,No injury/unknown,ANIMAL/OBJECT IN ROADWAY,ACUFF & SR37S,39.1025275,-86.55361882
2011,11,5,Weekday,0,1-Car,No injury/unknown,ANIMAL/OBJECT IN ROADWAY,ACUFF & SR37,39.1025275,-86.55361882
2011,1,3,Weekday,2300,1-Car,No injury/unknown,RAN OFF ROAD RIGHT,MESA & STIPP RD,39.10200236,-86.48143176
2011,11,4,Weekday,1300,2-Car,No injury/unknown,UNSAFE SPEED,COCHRELL & ROCKPORT RD,39.10163,-86.57703329
2011,10,7,Weekend,1400,Moped/Motorcycle,Non-incapacitating,UNSAFE SPEED,OLD RICHARDSON & SR446S,39.10162665,-86.43136527
2011,8,1,Weekend,100,1-Car,No injury/unknown,LEFT OF CENTER,COUNTRYSIDE & ROCKPORT RD,39.10112513,-86.54182
2011,6,5,Weekday,1700,2-Car,Non-incapacitating,FOLLOWING TOO CLOSELY,COMMANDER & SOUTH FAIRFAX RD,39.10096164,-86.51864405
2011,9,7,Weekend,2300,1-Car,No injury/unknown,OVERCORRECTING/OVERSTEERING,BOLIN LN & VICTOR,39.10025,-86.55794048
2011,1,1,Weekday,1900,1-Car,No injury/unknown,ANIMAL/OBJECT IN ROADWAY,JOHN WILLIAMS & SR45W,39.10005311,-86.65130419
2011,2,7,Weekend,600,1-Car,No injury/unknown,RAN OFF ROAD RIGHT,JOHN WILLIAMS & SR45W,39.10005311,-86.65130419
2011,12,2,Weekday,2300,1-Car,Non-incapacitating,RAN OFF ROAD RIGHT,HINDS & SR45W,39.1000263,-86.65114617
2011,7,7,Weekend,400,1-Car,Non-incapacitating,RAN OFF ROAD RIGHT,FAIRFAX & MOFFETT RD,39.09991,-86.5178673
2011,8,7,Weekend,2300,1-Car,No injury/unknown,RAN OFF ROAD RIGHT,FAIRFAX RD & MOFFETT,39.09991,-86.51785
2011,9,1,Weekend,1100,1-Car,No injury/unknown,RAN OFF ROAD RIGHT,MOFFETT & S FAIRFAX RD,39.09991,-86.51785
2011,6,7,Weekend,2200,1-Car,No injury/unknown,DRIVER DISTRACTED - EXPLAIN IN NARRATIVE,MOFFETT LN,39.099843,-86.51557
2011,9,1,Weekend,1200,2-Car,No injury/unknown,FAILURE TO YIELD RIGHT OF WAY,FAIRFAX & MOFFETT LN,39.09984,-86.5176
2011,10,1,Weekend,200,2-Car,Non-incapacitating,FOLLOWING TOO CLOSELY,PINEWOOD & WALNUT ST,39.09982347,-86.53143
2011,2,4,Weekday,700,3+ Cars,No injury/unknown,FOLLOWING TOO CLOSELY,PINEWOOD & S WALNUT ST,39.09981303,-86.53145486
2011,12,2,Weekday,900,2-Car,No injury/unknown,IMPROPER TURNING,HARRELL & MOFFETT LN,39.099792,-86.498448
2011,7,5,Weekday,1900,2-Car,No injury/unknown,LEFT OF CENTER,E MOFFIT & S HANDY RD,39.09974031,-86.49382395
2011,1,7,Weekend,2300,1-Car,No injury/unknown,RAN OFF ROAD RIGHT,MOFFETT LN,39.099734,-86.503533