Year,Month,Day,Weekend?,Hour,Collision Type,Injury Type,Primary Factor,Reported_Location,Latitude,Longitude
2011,1,4,Weekday,900,3+ Cars,No injury/unknown,OTHER (DRIVER) - EXPLAIN IN NARRATIVE,OLD STATE ROAD 37 RD & S ROGERS,39.099408,-86.537904
2011,6,1,Weekend,1700,2-Car,No injury/unknown,FOLLOWING TOO CLOSELY,SR45W & W HINDS,39.09937058,-86.65178655
2011,4,4,Weekday,1100,1-Car,Incapacitating,RAN OFF ROAD RIGHT,HINDS & SR45W,39.099152,-86.652
2011,1,1,Weekend,300,2-Car,No injury/unknown,UNSAFE LANE MOVEMENT,CHERRY LN & FAIRFAX,39.0972,-86.51707596
2011,10,3,Weekday,1900,2-Car,No injury/unknown,FAILURE TO YIELD RIGHT OF WAY,FAIRFAX RD & VERA,39.096656,-86.516832
2011,1,5,Weekday,800,1-Car,No injury/unknown,SPEED TOO FAST FOR WEATHER CONDITIONS,DILLMAN & SR37S,39.09571236,-86.54595204
2011,6,2,Weekday,800,1-Car,No injury/unknown,OVERCORRECTING/OVERSTEERING,DILLMAN ROAD & SR37N,39.09571236,-86.54595204
2011,8,4,Weekday,2000,1-Car,Non-incapacitating,RAN OFF ROAD RIGHT,AILINE & HANDY RD,39.09383131,-86.49441719
2011,9,7,Weekend,2000,1-Car,No injury/unknown,ANIMAL/OBJECT IN ROADWAY,DILLMAN & SR37S,39.09379691,-86.54573921
2011,9,7,Weekend,1400,2-Car,No injury/unknown,IMPROPER TURNING,HARMONY & MAY RD,39.093744,-86.638304
2011,8,1,Weekday,2100,2-Car,No injury/unknown,FAILURE TO YIELD RIGHT OF WAY,HARMONY & MAY RD,39.09373144,-86.63477942
2011,5,4,Weekday,2000,1-Car,Non-incapacitating,DRIVER ILLNESS,MAY RD & OLD LEONARD SPRINGS,39.09356485,-86.60084724
2011,3,2,Weekday,1100,2-Car,No injury/unknown,UNSAFE BACKING,S ROCKPORT ROAD RD,39.093344,-86.5868
2011,1,3,Weekday,1900,2-Car,Non-incapacitating,BRAKE FAILURE OR DEFECTIVE,DILLMAN & SR37S,39.092976,-86.545648
2011,3,6,Weekday,1400,2-Car,No injury/unknown,FAILURE TO YIELD RIGHT OF WAY,DILLMAN & SR37S,39.092976,-86.545648
2011,3,5,Weekday,1200,2-Car,Incapacitating,FAILURE TO YIELD RIGHT OF WAY,DILLMAN & SR37S,39.092976,-86.545648
2011,5,6,Weekday,900,2-Car,No injury/unknown,FAILURE TO YIELD RIGHT OF WAY,DILLMAN & SR37S,39.092976,-86.545648
2011,10,2,Weekday,1700,2-Car,Non-incapacitating,FOLLOWING TOO CLOSELY,CR37S & DILLMAN,39.092976,-86.545648
2011,7,1,Weekend,1700,2-Car,No injury/unknown,FAILURE TO YIELD RIGHT OF WAY,E DILLMAN & S OLD STATE ROAD 37 RD,39.092944,-86.544
2011,8,6,Weekend,1900,2-Car,No injury/unknown,UNSAFE SPEED,DILLMAN & OLD STATE ROAD 37 RD,39.092944,-86.544
2011,10,1,Weekend,1600,2-Car,No injury/unknown,UNSAFE SPEED,DILLMAN & OLD STATE 37 SOUTH RD,39.092944,-86.544
2011,10,5,Weekday,1900,1-Car,No injury/unknown,RAN OFF ROAD RIGHT,PAYNETOWN & SR446S,39.0929195,-86.42304235
2011,7,1,Weekend,1700,2-Car,Non-incapacitating,DISREGARD SIGNAL/REG SIGN,E DILLMAN & FAIRFAX RD,39.09264,-86.51672
2011,9,5,Weekday,1900,2-Car,No injury/unknown,ROADWAY SURFACE CONDITION,E DILLMAN RD & FAIRFAX,39.09261,-86.51656319
2011,10,6,Weekday,1700,Moped/Motorcycle,No injury/unknown,FAILURE TO YIELD RIGHT OF WAY,E DILLMAN & S FAIRFAX RD,39.09261,-86.51702
2011,1,5,Weekday,700,1-Car,No injury/unknown,SPEED TOO FAST FOR WEATHER CONDITIONS,BOLIN & ROCKPORT RD,39.09260982,-86.57509977
2011,11,1,Weekend,1400,1-Car,No injury/unknown,DRIVER DISTRACTED - EXPLAIN IN NARRATIVE,446 RDS,39.09247756,-86.42310529
2011,9,2,Weekday,2000,1-Car,No injury/unknown,ANIMAL/OBJECT IN ROADWAY,446 & PAYNETOWN RD RD,39.092112,-86.422832
2011,3,4,Weekday,1400,2-Car,No injury/unknown,DRIVER DISTRACTED - EXPLAIN IN NARRATIVE,DILLMAN & FAIRFAX RD,39.09126997,-86.51659862
2011,1,5,Weekday,500,1-Car,No injury/unknown,ROADWAY SURFACE CONDITION,MAY & ROCKPORT RD,39.09076622,-86.58801583
2011,4,6,Weekday,1600,2-Car,No injury/unknown,UNSAFE LANE MOVEMENT,S STANFORD & SR45W,39.08949755,-86.66685515
2011,5,1,Weekday,1900,1-Car,No injury/unknown,SPEED TOO FAST FOR WEATHER CONDITIONS,PAYNETOWN RD & SR446S,39.08945721,-86.42305431
2011,8,6,Weekday,1600,2-Car,No injury/unknown,ROADWAY SURFACE CONDITION,PAYNETOWN & SR446S,39.08945721,-86.42305431
2011,12,6,Weekend,1900,2-Car,Non-incapacitating,LEFT OF CENTER,SR45 & STANFORD,39.08924071,-86.66726851
2011,8,5,Weekday,1700,2-Car,No injury/unknown,UNSAFE BACKING,OLD STATE ROAD 37 HWY,39.0888618,-86.54300612
2011,9,1,Weekday,2200,2-Car,Non-incapacitating,LEFT OF CENTER,BIRCH & SR45W,39.08864142,-86.66823301
2011,10,4,Weekday,2000,2-Car,No injury/unknown,ROADWAY SURFACE CONDITION,HINDS & KIRKSVILLE RD,39.0882209,-86.657296
2011,11,5,Weekday,1100,1-Car,No injury/unknown,SPEED TOO FAST FOR WEATHER CONDITIONS,SPARKS & SR45W,39.08780679,-86.66957619
2011,5,1,Weekday,2000,1-Car,No injury/unknown,SPEED TOO FAST FOR WEATHER CONDITIONS,SALT CREEK & SR446N,39.08778951,-86.42243138
2011,5,1,Weekend,200,3+ Cars,Non-incapacitating,RAN OFF ROAD RIGHT,SPARKS & SR45S,39.086848,-86.671296
2011,7,2,Weekday,500,1-Car,Fatal,RAN OFF ROAD RIGHT,SR45W & WEST SPARKS,39.086848,-86.671296
2011,9,1,Weekday,2100,1-Car,No injury/unknown,RAN OFF ROAD RIGHT,SPARKS & SR45W,39.08684694,-86.6714036
2011,5,1,Weekday,2100,1-Car,No injury/unknown,OVERCORRECTING/OVERSTEERING,BREEDEN & SR45W,39.08684429,-86.67145559
2011,9,7,Weekend,1300,2-Car,No injury/unknown,FOLLOWING TOO CLOSELY,BREEDEN & SR45W,39.086832,-86.671984
2011,11,6,Weekday,1800,1-Car,No injury/unknown,ANIMAL/OBJECT IN ROADWAY,BREEDEN & SR45N,39.08681358,-86.67409844
2011,12,3,Weekday,1300,1-Car,No injury/unknown,RAN OFF ROAD RIGHT,SPARKS RD,39.08681273,-86.67102053
2011,7,7,Weekend,100,1-Car,Non-incapacitating,RAN OFF ROAD RIGHT,BREEDEN & SR45W,39.08678588,-86.6772701
2011,6,7,Weekend,1100,Moped/Motorcycle,No injury/unknown,FOLLOWING TOO CLOSELY,BREEDON & SR45W,39.08675815,-86.67201332
2011,8,4,Weekday,1600,3+ Cars,No injury/unknown,OTHER (DRIVER) - EXPLAIN IN NARRATIVE,BREEDEN & SR45W,39.08675815,-86.67201332
2011,1,5,Weekday,1600,2-Car,Non-incapacitating,LEFT OF CENTER,COUNTY LINE & SR45W,39.08666936,-86.68232875
2011,10,1,Weekend,500,1-Car,No injury/unknown,RAN OFF ROAD RIGHT,COUNTY LINE & SR45S,39.08666936,-86.68232658
2011,6,7,Weekend,1100,Moped/Motorcycle,Non-incapacitating,ENGINE FAILURE OR DEFECTIVE,ALEXIS & FAIRFAX RD,39.08636,-86.51703
2011,6,7,Weekend,1500,2-Car,No injury/unknown,FOLLOWING TOO CLOSELY,EMPIRE MILL & OLD STATE ROAD 37 SOUTH RD,39.08624,-86.542
2011,5,7,Weekend,600,1-Car,No injury/unknown,ANIMAL/OBJECT IN ROADWAY,BURCH RD & SPARKS,39.08618689,-86.66640361
2011,4,3,Weekday,1700,2-Car,No injury/unknown,SPEED TOO FAST FOR WEATHER CONDITIONS,S OLD STATE ROAD 37 RD & SR37S,39.085632,-86.542304
2011,4,5,Weekday,1700,2-Car,No injury/unknown,SPEED TOO FAST FOR WEATHER CONDITIONS,S OLD STATE ROAD 37 & SR37S,39.085632,-86.542304
2011,12,6,Weekday,0,1-Car,No injury/unknown,RAN OFF ROAD RIGHT,OLD STATE RD 37 & SR37S,39.085632,-86.542304
2011,1,4,Weekday,1700,3+ Cars,No injury/unknown,FOLLOWING TOO CLOSELY,S OLD STATE ROAD 37 & SR37S,39.08535794,-86.54206908
2011,3,7,Weekend,2100,2-Car,No injury/unknown,FAILURE TO YIELD RIGHT OF WAY,S OLD STATE ROAD 37 & SR37S,39.08528624,-86.54271101
2011,8,6,Weekday,1100,1-Car,Non-incapacitating,TIRE FAILURE OR DEFECTIVE,S OLD SR 37 & SR37S,39.08517523,-86.54191247
2011,8,1,Weekend,1800,1-Car,No injury/unknown,RAN OFF ROAD RIGHT,TRAMWAY RD,39.08314,-86.582651
2011,6,6,Weekday,100,1-Car,No injury/unknown,OTHER (DRIVER) - EXPLAIN IN NARRATIVE,SHIELDS RIDGE RD,39.08312,-86.473089
2011,5,5,Weekday,2200,1-Car,No injury/unknown,RAN OFF ROAD RIGHT,6100 BLOCK OF SOUTH HANDY RD & SHIELD RIDGE,39.083024,-86.472912
2011,9,3,Weekday,1400,1-Car,Non-incapacitating,RAN OFF ROAD RIGHT,E SANDERS SECOND & S FAIRFAX RD,39.082199,-86.51582056
2011,1,1,Weekend,300,1-Car,No injury/unknown,RAN OFF ROAD RIGHT,3RD & FAIRFAX RD,39.08035,-86.51451865
2011,3,6,Weekday,200,1-Car,No injury/unknown,UNSAFE SPEED,PAYNETOWN & S SHIELDS RIDGE RD,39.07916578,-86.47715
2011,4,2,Weekday,1500,1-Car,Non-incapacitating,OTHER (DRIVER) - EXPLAIN IN NARRATIVE,S ROCKPORT & W KOONTZ RD,39.078944,-86.596304
2011,12,5,Weekday,2200,1-Car,No injury/unknown,ANIMAL/OBJECT IN ROADWAY,BLUEBIRD & SNOODY RD RD,39.0788322,-86.48962005
2011,1,1,Weekend,200,2-Car,No injury/unknown,FOLLOWING TOO CLOSELY,SR446 & SR446S,39.078128,-86.41736
2011,9,6,Weekday,1200,3+ Cars,No injury/unknown,UNSAFE LANE MOVEMENT,1415 N JORDAN AVE & BALFOUR,39.07658496,-86.51263769
2011,11,5,Weekday,300,1-Car,No injury/unknown,UNSAFE SPEED,2ND SANDERS & FAIRFAX RD,39.07576879,-86.51577025
2011,8,7,Weekend,1700,2-Car,No injury/unknown,DRIVER DISTRACTED - EXPLAIN IN NARRATIVE,EVANS RD & HARMONY,39.07559,-86.62764
2011,3,3,Weekday,1800,1-Car,No injury/unknown,RAN OFF ROAD RIGHT,S FAIRFAX RD,39.07515592,-86.50674155
2011,3,4,Weekday,1200,2-Car,No injury/unknown,OTHER (DRIVER) - EXPLAIN IN NARRATIVE,CHURCH RD,39.075,-86.484631
2011,5,4,Weekday,800,2-Car,No injury/unknown,FAILURE TO YIELD RIGHT OF WAY,FLUCK MILL & VICTOR PIKE,39.07378,-86.57107
2011,9,4,Weekday,1900,1-Car,No injury/unknown,OTHER (DRIVER) - EXPLAIN IN NARRATIVE,S ROCKPORT RD,39.071952,-86.600704
2011,9,4,Weekday,1600,2-Car,No injury/unknown,FOLLOWING TOO CLOSELY,SR37N & VERNAL,39.07159876,-86.5609886
2011,4,4,Weekday,700,2-Car,No injury/unknown,LEFT OF CENTER,LUCAS RD & RAMP CREEK,39.0712,-86.498544
2011,4,1,Weekday,2200,1-Car,No injury/unknown,ANIMAL/OBJECT IN ROADWAY,S FAIRFAX RD & SMITHVILLE,39.071152,-86.503088
2011,8,7,Weekend,1600,2-Car,No injury/unknown,FAILURE TO YIELD RIGHT OF WAY,RAMP CREEK & SOUTH FAIRFAX RDS,39.071152,-86.503088
2011,8,4,Weekday,1700,2-Car,No injury/unknown,FOLLOWING TOO CLOSELY,FAIRFAX RD & RAMP CREEK,39.071152,-86.503088
2011,2,5,Weekday,1200,2-Car,Non-incapacitating,FAILURE TO YIELD RIGHT OF WAY,SMITHVILLE & SR37N,39.071056,-86.5356
2011,12,4,Weekday,1800,2-Car,No injury/unknown,FAILURE TO YIELD RIGHT OF WAY,SMITHVILLE & SR37S,39.071056,-86.5356
2011,8,3,Weekday,1500,1-Car,No injury/unknown,TOW HITCH FAILURE,SMITHVILLE & SR37S,39.07009474,-86.53561229
2011,10,7,Weekend,2000,1-Car,No injury/unknown,RAN OFF ROAD RIGHT,EVANS & ROCKPORT RD,39.06930102,-86.6007325
2011,10,7,Weekend,200,1-Car,No injury/unknown,ANIMAL/OBJECT IN ROADWAY,EAST BERNICE & SOUTH FAIRFAX RD,39.068496,-86.50312
2011,4,4,Weekday,1800,2-Car,No injury/unknown,UNSAFE BACKING,MITCHEL RD & S STRAIN RIDGE,39.067632,-86.507632
2011,9,7,Weekend,1800,1-Car,No injury/unknown,RAN OFF ROAD RIGHT,BUSINESS 37 RD & WHISNAND,39.06580013,-86.53977
2011,1,3,Weekday,1800,2-Car,No injury/unknown,OTHER (VEHICLE) - EXPLAIN IN NARRATIVE,S OLD STATE RD 37 RD,39.064288,-86.541328
2011,5,2,Weekday,1600,2-Car,No injury/unknown,UNSAFE BACKING,S OLD STATE ROAD 37,39.064288,-86.541328
2011,6,2,Weekday,2000,1-Car,No injury/unknown,UNSAFE BACKING,S OLD SR 37 RD,39.064288,-86.541328
2011,12,6,Weekday,1800,2-Car,No injury/unknown,UNSAFE BACKING,S OLD STATE ROAD 37 RD,39.064288,-86.541328
2011,8,5,Weekday,100,1-Car,No injury/unknown,OTHER (DRIVER) - EXPLAIN IN NARRATIVE,SR446S & WALDRIP CREEK,39.06392824,-86.41456115
2011,10,7,Weekend,1800,2-Car,No injury/unknown,IMPROPER TURNING,AUTO MALL RD & BUICK CADILLAC,39.06316528,-86.49611
2011,6,7,Weekend,2000,1-Car,No injury/unknown,UNSAFE SPEED,446 & E WALDRIP CREEK RD RD,39.061184,-86.414416
2011,3,5,Weekday,1300,1-Car,No injury/unknown,CELL PHONE USAGE,7544 S FAIRFAX RD & BERNICE,39.06045993,-86.50310274
2011,11,3,Weekday,1500,2-Car,No injury/unknown,UNSAFE BACKING,HENDERSON ST,39.06038916,-86.52689673
2011,1,6,Weekday,500,1-Car,No injury/unknown,RAN OFF ROAD RIGHT,3RD & PARKRIDGE DR,39.05847661,-86.4763
2011,9,7,Weekend,1600,Moped/Motorcycle,Fatal,LEFT OF CENTER,BURGOON CHURCH & SR446N,39.05728114,-86.4096688
2011,6,7,Weekend,2100,1-Car,Non-incapacitating,RAN OFF ROAD RIGHT,S STRAINRIDGE RD & SCOTT,39.056848,-86.507776
2011,2,4,Weekday,900,1-Car,No injury/unknown,ACCELERATOR FAILURE OR DEFECTIVE,S OLD SR 37 HWY,39.056544,-86.541088
2011,12,2,Weekday,1600,2-Car,No injury/unknown,UNSAFE BACKING,S OLD SR 37 RD,39.056544,-86.541088
2011,3,4,Weekday,200,1-Car,No injury/unknown,SPEED TOO FAST FOR WEATHER CONDITIONS,S FAIRFAX RD & WISLEY,39.054608,-86.498432
2011,1,2,Weekday,500,1-Car,No injury/unknown,RAN OFF ROAD RIGHT,BURGOON CHURCH & SR446S,39.05056467,-86.4093708
2011,10,2,Weekday,1300,1-Car,Non-incapacitating,ACCELERATOR FAILURE OR DEFECTIVE,ZIKES RD,39.049379,-86.53089
2011,8,1,Weekend,1000,1-Car,No injury/unknown,UNSAFE SPEED,ANNE & STRAIN RIDGE RD,39.04934,-86.51104433
2011,12,3,Weekday,800,2-Car,Non-incapacitating,UNSAFE LANE MOVEMENT,FEE & SR45N,39.04847734,-86.51983983
2011,10,1,Weekday,1900,1-Car,No injury/unknown,ANIMAL/OBJECT IN ROADWAY,SR37S & ZIKES,39.04670943,-86.53586743
2011,1,3,Weekday,600,2-Car,No injury/unknown,LEFT OF CENTER,HAYS & SR446S,39.0451038,-86.40832057
2011,10,3,Weekday,1900,1-Car,No injury/unknown,ANIMAL/OBJECT IN ROADWAY,SR37S & ZIKES,39.04396287,-86.53584423
2011,3,6,Weekday,1700,1-Car,No injury/unknown,OTHER (DRIVER) - EXPLAIN IN NARRATIVE,S FAIRFAX RD,39.039836,-86.49203
2011,3,4,Weekday,1300,1-Car,Non-incapacitating,ANIMAL/OBJECT IN ROADWAY,FAIRFAX & POINTE RD,39.03531959,-86.5145874
2011,6,3,Weekday,2000,2-Car,Non-incapacitating,DISREGARD SIGNAL/REG SIGN,ALLENS CREEK & SR446S,39.034112,-86.408208
2011,1,5,Weekday,1600,2-Car,No injury/unknown,FAILURE TO YIELD RIGHT OF WAY,POINT RETREAT DR,39.032811,-86.512266
2011,4,6,Weekend,2200,Bus,No injury/unknown,IMPROPER TURNING,E POINTE RD,39.03245814,-86.49018686
2011,7,7,Weekend,1800,1-Car,No injury/unknown,NONE (DRIVER),ALLENS CREEK RD,39.03126907,-86.42193603
2011,6,3,Weekday,0,1-Car,Non-incapacitating,ANIMAL/OBJECT IN ROADWAY,BREEDEN & ROCKEAST RD,39.03069,-86.66118665
2011,3,5,Weekday,1800,2-Car,Non-incapacitating,LEFT OF CENTER,CHAPPELL HILL & SR446,39.03010902,-86.40775852
2011,7,4,Weekday,1500,2-Car,Non-incapacitating,SPEED TOO FAST FOR WEATHER CONDITIONS,ALLENS CREEK & SR446S,39.02880379,-86.40804595
2011,11,2,Weekday,800,1-Car,Non-incapacitating,SPEED TOO FAST FOR WEATHER CONDITIONS,CHAPEL HILL & SR446S,39.02793878,-86.40749234
2011,5,1,Weekend,1300,Moped/Motorcycle,Non-incapacitating,OVERCORRECTING/OVERSTEERING,ELLER & GARRISON CHAPEL RD,39.02746225,-86.64284
2011,6,5,Weekday,1600,3+ Cars,No injury/unknown,LEFT OF CENTER,CARMICHAEL RD & ROCKEAST,39.02677,-86.66894867
2011,1,1,Weekend,0,1-Car,Non-incapacitating,RAN OFF ROAD RIGHT,MONROE DAM & STRAIN RIDGE RD,39.02553894,-86.53437818
2011,1,5,Weekday,1000,1-Car,No injury/unknown,SPEED TOO FAST FOR WEATHER CONDITIONS,HARRODSBURG & SR37S,39.02500117,-86.5364409
2011,9,7,Weekend,2000,2-Car,No injury/unknown,UNSAFE BACKING,WATERS EDGE DR,39.024599,-86.508382
2011,11,4,Weekday,1900,1-Car,No injury/unknown,DRIVER ILLNESS,MONROE DAM & SR37S,39.02012967,-86.53660967
2011,8,2,Weekday,1600,3+ Cars,Non-incapacitating,DRIVER DISTRACTED - EXPLAIN IN NARRATIVE,MONROE DAM & SOUTH OLD 37 RD,39.02008393,-86.5363133
2011,6,6,Weekday,600,1-Car,No injury/unknown,ANIMAL/OBJECT IN ROADWAY,MONROE DAM RD & SR37S,39.020048,-86.536096
2011,4,7,Weekend,2000,1-Car,No injury/unknown,ANIMAL/OBJECT IN ROADWAY,BRENNICK & SR45W,39.01962151,-86.64821011
2011,10,5,Weekday,2100,1-Car,No injury/unknown,ANIMAL/OBJECT IN ROADWAY,MONROE DAM ROAD & SR37S,39.01951172,-86.5362479
2011,7,2,Weekday,1400,2-Car,No injury/unknown,FAILURE TO YIELD RIGHT OF WAY,EVANS & ROCKPORT RD,39.01919277,-86.6008801
2011,10,3,Weekday,1100,2-Car,No injury/unknown,IMPROPER TURNING,E MONROE DAM & S STRAINRIDGE RD,39.018656,-86.522896
2011,1,5,Weekday,400,1-Car,No injury/unknown,RAN OFF ROAD RIGHT,CHAPEL HILL & SR446S,39.0186502,-86.40272217
2011,9,4,Weekday,800,1-Car,No injury/unknown,ANIMAL/OBJECT IN ROADWAY,E MONROE DAM & SR37N,39.01733966,-86.53666059
2011,2,3,Weekday,900,2-Car,No injury/unknown,LEFT OF CENTER,SR446S & TOWER RIDGE,39.015088,-86.401232
2011,5,4,Weekday,1400,2-Car,Non-incapacitating,FAILURE TO YIELD RIGHT OF WAY,GORE & HOBART RD,39.014048,-86.544896
2011,6,6,Weekday,1700,2-Car,No injury/unknown,UNSAFE LANE MOVEMENT,HARRODSBURG & HOBART RD,39.01361,-86.54497731
2011,3,2,Weekday,1800,2-Car,Non-incapacitating,UNSAFE BACKING,HARRODSBURG & W POPCORN RD,39.01205,-86.54486691
2011,3,6,Weekday,1100,2-Car,No injury/unknown,LEFT OF CENTER,KETCHAM & POPCORN RD,39.01175,-86.56183672
2011,8,7,Weekend,1600,2-Car,No injury/unknown,LEFT OF CENTER,S BENNETT LN & W POPCORN,39.011744,-86.553888
2011,8,6,Weekend,1900,1-Car,Non-incapacitating,RAN OFF ROAD RIGHT,MONROE DAM RD & STRAIN RIDGE,39.01098071,-86.52176228
2011,9,1,Weekend,1000,2-Car,No injury/unknown,SPEED TOO FAST FOR WEATHER CONDITIONS,CHAPEL HILL ROAD & SR446E,39.01065123,-86.401183
2011,9,1,Weekend,1100,1-Car,Non-incapacitating,ENGINE FAILURE OR DEFECTIVE,S ROBERTS RD,39.01058429,-86.42825685
2011,7,1,Weekend,1000,1-Car,No injury/unknown,VIEW OBSTRUCTED,CHAPEL HILL & HARDIN RIDGE RD,39.009952,-86.428256
2011,5,4,Weekday,1800,2-Car,No injury/unknown,LEFT OF CENTER,GORE & HARRODSBURG RD,39.00992,-86.544672
2011,4,7,Weekend,100,1-Car,No injury/unknown,ROADWAY SURFACE CONDITION,CHURCH & S OLD SR37 HWY,39.0016704,-86.53149
2011,10,3,Weekday,1700,2-Car,No injury/unknown,LEFT OF CENTER,BOLIN & ROCKPORT RD,38.99758147,-86.57509
2011,12,4,Weekday,700,1-Car,No injury/unknown,ANIMAL/OBJECT IN ROADWAY,INGRAM & SR37S,38.99596825,-86.53729524
2011,6,6,Weekend,2300,2-Car,No injury/unknown,FOLLOWING TOO CLOSELY,INGRAM & SR37S,38.992016,-86.537248
2011,5,2,Weekday,900,1-Car,No injury/unknown,RAN OFF ROAD RIGHT,FLOCK MILL & KETCHAM RD,38.99070362,-86.56158
2011,9,1,Weekend,700,1-Car,No injury/unknown,RAN OFF ROAD RIGHT,S HARMONY RD & W KIRKSVILLE,38.98101632,-86.63852
2011,12,4,Weekday,1700,1-Car,No injury/unknown,RAN OFF ROAD RIGHT,FAIRFAX RD & SANDERS 1ST AVE,38.97384594,-86.51332005
2011,11,5,Weekday,1200,2-Car,Non-incapacitating,LEFT OF CENTER,OLD RICHARDSON & SR446S,38.95378259,-86.43136527
2011,9,3,Weekday,1000,2-Car,No injury/unknown,IMPROPER PASSING,LIBERTY DR & WEST 3RD,38.95310957,-86.57913641
2011,10,3,Weekday,1100,2-Car,No injury/unknown,DRIVER DISTRACTED - EXPLAIN IN NARRATIVE,3RD & LIBERTY DR,38.95310957,-86.57913641
2011,1,1,Weekend,1800,1-Car,No injury/unknown,ANIMAL/OBJECT IN ROADWAY,POINTE & STRAIN RIDGE RD,38.94006514,-86.51688
2011,8,7,Weekend,1700,2-Car,No injury/unknown,OTHER (DRIVER) - EXPLAIN IN NARRATIVE,S FAIRFAX RD,38.92394483,-86.489529
2011,1,6,Weekday,800,1-Car,No injury/unknown,ROADWAY SURFACE CONDITION,GORDAN PIKE & S WALNUT STREET ST,38.91016433,-86.53135
2011,1,5,Weekday,1500,1-Car,No injury/unknown,SPEED TOO FAST FOR WEATHER CONDITIONS,SR37N & VICTOR,38.84159573,-86.55147414
2011,6,7,Weekend,0,1-Car,No injury/unknown,OTHER (DRIVER) - EXPLAIN IN NARRATIVE,LEONARD SPRINGS RD & LIZZY,38.79742458,-86.59514
2011,3,6,Weekday,1500,1-Car,No injury/unknown,OTHER (DRIVER) - EXPLAIN IN NARRATIVE,8548  KIRKSVILLE RD & HINDS,38.77382061,-86.66333215
2011,1,4,Weekday,400,1-Car,No injury/unknown,ROADWAY SURFACE CONDITION,MAPLE GROVE & NORTH BOTTOM RD,38.68772152,-86.54777901
2011,2,7,Weekend,1800,1-Car,Non-incapacitating,RAN OFF ROAD RIGHT,CR37S & OLD 37 SOUTH,1,1
2011,3,2,Weekday,800,1-Car,Non-incapacitating,UNSAFE SPEED,CLUB HOUSE & SR37S,1,1
2011,4,7,Weekend,1900,1-Car,Non-incapacitating,SPEED TOO FAST FOR WEATHER CONDITIONS,HIGHLAND & ROCKPORT RD,1,1
2011,6,6,Weekday,1500,Cyclist,Non-incapacitating,FAILURE TO YIELD RIGHT OF WAY,ALLEYWAY & E 6TH ST,1,1
2011,7,1,Weekend,1100,Moped/Motorcycle,Non-incapacitating,UNSAFE LANE MOVEMENT,BUSINESS 37 & SR37N,1,1
2011,10,5,Weekday,1200,2-Car,Non-incapacitating,FOLLOWING TOO CLOSELY,N GATES & W 3RD ST,1,1
2011,10,7,Weekend,1000,1-Car,Non-incapacitating,OVERCORRECTING/OVERSTEERING,BUSINESS 37 NORTH RD & WHISNAND,1,1
2011,11,5,Weekday,900,Pedestrian,Non-incapacitating,DRIVER DISTRACTED - EXPLAIN IN NARRATIVE,E 7TH ST & N STADIUM,1,1
2011,1,3,Weekday,1600,3+ Cars,No injury/unknown,FAILURE TO YIELD RIGHT OF WAY,RICHLAND PLAZA & SR46W,0,0
2011,1,6,Weekday,1300,1-Car,No injury/unknown,SPEED TOO FAST FOR WEATHER CONDITIONS,PATHWAYS & SR45E,0,0
2011,1,6,Weekend,2100,1-Car,No injury/unknown,ROADWAY SURFACE CONDITION,BUSINESS 37 RD & SR37S,0,0
2011,1,2,Weekday,300,2-Car,No injury/unknown,LEFT OF CENTER,LEONARD SPRINGS RD & UNKNOWN,0,0
2011,1,6,Weekday,1600,1-Car,No injury/unknown,RAN OFF ROAD RIGHT,BETHEL LN & OLD 37 N,0,0
2011,1,2,Weekday,1600,2-Car,No injury/unknown,FAILURE TO YIELD RIGHT OF WAY,3RD & LANDMARK DR,0,0
2011,1,6,Weekday,1600,2-Car,No injury/unknown,OTHER (ENVIRONMENTAL) - EXPLAIN IN NARR,REDHILL RD & WALKER,0,0
2011,1,1,Weekend,1500,2-Car,No injury/unknown,DRIVER DISTRACTED - EXPLAIN IN NARRATIVE,SR46W & UNIONVALLEY,0,0
2011,1,4,Weekday,1100,2-Car,No injury/unknown,FAILURE TO YIELD RIGHT OF WAY,KINGSTON DR & SERVICE DRIVE TO KMART,0,0
2011,1,5,Weekday,800,1-Car,No injury/unknown,SPEED TOO FAST FOR WEATHER CONDITIONS,SR46E,0,0
2011,1,6,Weekday,700,2-Car,No injury/unknown,DRIVER ASLEEP OR FATIGUED,SISCOE & SR46W,0,0
2011,1,6,Weekday,1700,2-Car,No injury/unknown,FOLLOWING TOO CLOSELY,SR 45 46 BYP & THIRD,0,0
2011,1,1,Weekend,1500,2-Car,No injury/unknown,UNSAFE SPEED,CHAFIN CHAPEL & SR46W,0,0
2011,1,1,Weekday,2000,1-Car,No injury/unknown,RAN OFF ROAD RIGHT,GARDNER RD & GARRISON,0,0
2011,1,5,Weekday,700,2-Car,No injury/unknown,FOLLOWING TOO CLOSELY,SR37N,0,0
2011,1,5,Weekday,1800,2-Car,No injury/unknown,FAILURE TO YIELD RIGHT OF WAY,NORTH RIDGEWAY & SR46W,0,0
2011,1,6,Weekday,500,1-Car,No injury/unknown,RAN OFF ROAD RIGHT,3RD & PARKRIDGE DR,0,0
2011,1,1,Weekend,1300,2-Car,No injury/unknown,FOLLOWING TOO CLOSELY,3RD & OFF RAMP FROM NB SR 37 RAMP,0,0
2011,1,1,Weekday,2000,3+ Cars,No injury/unknown,FAILURE TO YIELD RIGHT OF WAY,ENTRY TO TWIN LAKES SPORTS COM & SR45W,0,0
2011,1,2,Weekday,2300,2-Car,No injury/unknown,UNSAFE BACKING,N WILLIS TRLR 222 DR,0,0
2011,1,2,Weekday,2300,1-Car,No injury/unknown,ROADWAY SURFACE CONDITION,MCNEELY & UNIONVALLEY RD,0,0