Year,Month,Day,Weekend?,Hour,Collision Type,Injury Type,Primary Factor,Reported_Location,Latitude,Longitude
2011,2,3,Weekday,1800,1-Car,No injury/unknown,OTHER (ENVIRONMENTAL) - EXPLAIN IN NARR,7TH & STADIUM DR,0,0
2011,2,5,Weekday,700,2-Car,No injury/unknown,FAILURE TO YIELD RIGHT OF WAY,2300 N WALNUT ST & 45 46 BYPASS,0,0
2011,2,4,Weekday,1900,2-Car,No injury/unknown,OTHER (VEHICLE) - EXPLAIN IN NARRATIVE,125 S JORDAN AVE & PRESIDENTS,0,0
2011,2,7,Weekend,1100,2-Car,No injury/unknown,FAILURE TO YIELD RIGHT OF WAY,ALLEY ALY & E 4TH,0,0
2011,2,7,Weekend,2000,1-Car,No injury/unknown,ROADWAY SURFACE CONDITION,FULLERTON PIKE & MONROE BLVD RD,0,0
2011,2,7,Weekend,1700,1-Car,No injury/unknown,RAN OFF ROAD RIGHT,A ARROW & W INDIAN CREEK DR,0,0
2011,2,7,Weekend,1000,1-Car,No injury/unknown,RAN OFF ROAD RIGHT,COUNTY LINE & SR46E,0,0
2011,2,3,Weekday,1600,1-Car,No injury/unknown,RAN OFF ROAD RIGHT,S COUNTY LINE RD & W FLATWOODS,0,0
2011,2,3,Weekday,1600,2-Car,No injury/unknown,FAILURE TO YIELD RIGHT OF WAY,INDUSTRIAL DR,0,0
2011,2,5,Weekday,900,1-Car,No injury/unknown,UNSAFE BACKING,E KIRKWOOD & HAWTHORNE DR,0,0
2011,2,4,Weekday,2200,1-Car,No injury/unknown,OTHER (DRIVER) - EXPLAIN IN NARRATIVE,RATLIFF & STARNES RD,0,0
2011,2,4,Weekday,1500,2-Car,No injury/unknown,FAILURE TO YIELD RIGHT OF WAY,AUTO MALL & S COLLEGE MALL RD,0,0
2011,2,5,Weekday,1800,2-Car,No injury/unknown,DISREGARD SIGNAL/REG SIGN,CAPITOL & SR46W,0,0
2011,2,5,Weekday,700,2-Car,No injury/unknown,FOLLOWING TOO CLOSELY,DANIELS WAY WAY,0,0
2011,2,6,Weekday,1200,2-Car,No injury/unknown,FOLLOWING TOO CLOSELY,MILO B SAMPSON & SR4546S,0,0
2011,2,6,Weekday,1600,2-Car,No injury/unknown,FOLLOWING TOO CLOSELY,45 46 & EAST 10TH ST,0,0
2011,2,7,Weekend,1000,2-Car,No injury/unknown,FOLLOWING TOO CLOSELY,OFF RAMP FROM NB SR 37 RAMP & SR45W,0,0
2011,2,7,Weekend,1200,2-Car,No injury/unknown,FOLLOWING TOO CLOSELY,45 46 & N WALNUT ST,0,0
2011,2,1,Weekend,1100,3+ Cars,No injury/unknown,,E VARSITY LN,0,0
2011,2,3,Weekday,1400,2-Car,No injury/unknown,FAILURE TO YIELD RIGHT OF WAY,HAWTHORNE AVE & MUSIC PRACTICE BUILDING,0,0
2011,2,6,Weekday,0,2-Car,No injury/unknown,OTHER (DRIVER) - EXPLAIN IN NARRATIVE,EAST STRATUM APT 9 WAY,0,0
2011,2,7,Weekend,1500,1-Car,No injury/unknown,RAN OFF ROAD RIGHT,HENNESSY & ROCKPORT ROAD RD,0,0
2011,2,1,Weekday,2100,1-Car,No injury/unknown,OVERCORRECTING/OVERSTEERING,BUSINESS 37 NORTH RD & STATE ROAD 37,0,0
2011,2,1,Weekend,1600,1-Car,No injury/unknown,RAN OFF ROAD RIGHT,CRESENT RD & MARQUIS,0,0
2011,2,2,Weekday,1000,1-Car,No injury/unknown,UNSAFE BACKING,2222 E 10TH GARAGE ST & JEFFERSON,0,0
2011,2,4,Weekday,1000,2-Car,No injury/unknown,OTHER (DRIVER) - EXPLAIN IN NARRATIVE,COLLEGE MALL RD & ENTRANCE TO COLLEGE MALL,0,0
2011,2,4,Weekday,1300,2-Car,No injury/unknown,UNSAFE BACKING,FEE & FOSTER NORTH DR,0,0
2011,2,6,Weekday,500,1-Car,No injury/unknown,ROADWAY SURFACE CONDITION,ANDERSON RD & BEAN BLOSSOM RD RDS,0,0
2011,2,1,Weekend,300,1-Car,No injury/unknown,RAN OFF ROAD RIGHT,MAIN & STINE S ST,0,0
2011,3,5,Weekday,800,2-Car,No injury/unknown,IMPROPER PASSING,OFF RAMP FROM NB SR 37 RAMP & W 3RD,0,0
2011,3,6,Weekday,1400,2-Car,No injury/unknown,FAILURE TO YIELD RIGHT OF WAY,EAST ATWATER ST & SOUTH ROSE,0,0
2011,3,6,Weekday,1100,2-Car,No injury/unknown,OTHER (DRIVER) - EXPLAIN IN NARRATIVE,4000 S OLD ST RD 37 RD & E RHORER RD,0,0
2011,3,1,Weekend,1400,2-Car,No injury/unknown,UNSAFE BACKING,N WASHNIGTON ST,0,0
2011,3,3,Weekday,800,1-Car,No injury/unknown,ANIMAL/OBJECT IN ROADWAY,FIELDS ENTRANCE  FENBROOK & MOORES PIKE,0,0
2011,3,4,Weekday,1400,2-Car,No injury/unknown,ROADWAY SURFACE CONDITION,ST ROAD 46 & UNIONVALLEY RD,0,0
2011,3,5,Weekday,1600,2-Car,No injury/unknown,UNSAFE BACKING,S MULLER PKWY,0,0
2011,3,6,Weekday,1500,2-Car,No injury/unknown,IMPROPER PASSING,4500 BLOCK ARLINGTON ROAD RD & NORTH SHELBURNE  DRIVE,0,0
2011,3,1,Weekday,1900,1-Car,No injury/unknown,RAN OFF ROAD RIGHT,MERRITT DRIVE & SR446S,0,0
2011,3,2,Weekday,1100,2-Car,No injury/unknown,FAILURE TO YIELD RIGHT OF WAY,1200 W 2ND ST ST & 600 S PATTERSON,0,0
2011,3,3,Weekday,1200,2-Car,No injury/unknown,FAILURE TO YIELD RIGHT OF WAY,BUICK CADILLAC & NORTH SOUTH ALY,0,0
2011,3,4,Weekday,1800,2-Car,No injury/unknown,FOLLOWING TOO CLOSELY,RAMP 14 RAMP,0,0
2011,3,1,Weekday,2000,2-Car,No injury/unknown,FOLLOWING TOO CLOSELY,2ND ST & ROGERS,0,0
2011,3,7,Weekend,1200,2-Car,No injury/unknown,FOLLOWING TOO CLOSELY,BRIARGATE & SR46W,0,0
2011,3,5,Weekday,1700,1-Car,No injury/unknown,IMPROPER TURNING,RIDGEWOOD & SR46W,0,0
2011,3,2,Weekday,700,2-Car,No injury/unknown,DRIVER DISTRACTED - EXPLAIN IN NARRATIVE,200 BLK E45 46 BYPASS(MATLOCK RD & N WALNUT,0,0
2011,3,3,Weekday,1300,2-Car,No injury/unknown,IMPROPER TURNING,11TH & FEE LN,0,0
2011,3,5,Weekday,800,1-Car,No injury/unknown,,700 BLOCK OF S WASHINGTON & EAST WEST ALY,0,0
2011,3,7,Weekend,1300,2-Car,No injury/unknown,FOLLOWING TOO CLOSELY,GATES DR DR & W 3 ST,0,0
2011,3,2,Weekday,400,1-Car,No injury/unknown,ANIMAL/OBJECT IN ROADWAY,BROWN CO LINE & SR46E,0,0
2011,3,2,Weekday,1300,1-Car,No injury/unknown,OTHER (DRIVER) - EXPLAIN IN NARRATIVE,E SR 45 46 BYP,0,0
2011,3,2,Weekday,1400,2-Car,No injury/unknown,FOLLOWING TOO CLOSELY,BRENNICK CT & SR45W,0,0
2011,3,4,Weekday,2300,2-Car,No injury/unknown,DRIVER DISTRACTED - EXPLAIN IN NARRATIVE,N GATES & W 3RD ST,0,0
2011,3,5,Weekday,1700,2-Car,No injury/unknown,FAILURE TO YIELD RIGHT OF WAY,EAST WINERY & SR37S,0,0
2011,4,7,Weekend,1600,2-Car,No injury/unknown,FOLLOWING TOO CLOSELY,SR45W & WB RAMP SR 37,0,0
2011,4,1,Weekend,1200,2-Car,No injury/unknown,UNSAFE BACKING,EASTLAND PLAZA DR,0,0
2011,4,1,Weekend,1500,2-Car,No injury/unknown,FAILURE TO YIELD RIGHT OF WAY,E 1OTH ST,0,0
2011,4,3,Weekday,2200,2-Car,No injury/unknown,OTHER (DRIVER) - EXPLAIN IN NARRATIVE,CRESCENT & MARQUIS DR,0,0
2011,4,3,Weekday,1600,2-Car,No injury/unknown,UNSAFE LANE MOVEMENT,11TH & FEE LN,0,0
2011,4,5,Weekday,1400,2-Car,No injury/unknown,FOLLOWING TOO CLOSELY,10 & JORDAN AVE,0,0
2011,4,5,Weekday,1600,2-Car,No injury/unknown,FAILURE TO YIELD RIGHT OF WAY,BUSINESS 37 NORTH RD & WHISNAND,0,0
2011,4,5,Weekday,1700,2-Car,No injury/unknown,FAILURE TO YIELD RIGHT OF WAY,12TH & INDIANA ST,0,0
2011,4,6,Weekday,200,2-Car,No injury/unknown,IMPROPER TURNING,DODDS & MADISON ST,0,0
2011,4,7,Weekend,1800,2-Car,No injury/unknown,UNSAFE BACKING,N JORDAN AVE,0,0
2011,4,3,Weekday,1600,2-Car,No injury/unknown,UNSAFE BACKING,NORTH JORDAN AVE,0,0
2011,4,3,Weekday,1800,Bus,No injury/unknown,FOLLOWING TOO CLOSELY,E 3RD ST & S JORDAN,0,0
2011,4,3,Weekday,500,1-Car,Non-incapacitating,RAN OFF ROAD RIGHT,ROCKPORT & SR37S,0,0
2011,4,3,Weekday,1800,2-Car,No injury/unknown,FAILURE TO YIELD RIGHT OF WAY,N RUSSELL RD & PRIVATE,0,0
2011,4,4,Weekday,600,2-Car,No injury/unknown,FOLLOWING TOO CLOSELY,GATES & W 3RD ST,0,0
2011,4,1,Weekend,1200,2-Car,No injury/unknown,FAILURE TO YIELD RIGHT OF WAY,S PATTERSON & W 3RD ST,0,0
2011,4,4,Weekday,1500,2-Car,No injury/unknown,FOLLOWING TOO CLOSELY,E ATWATER AVE & S JORDAN,0,0
2011,4,6,Weekday,1400,1-Car,No injury/unknown,RAN OFF ROAD RIGHT,ROGERS STREET ST & SANJUAN STREET,0,0
2011,4,7,Weekend,800,2-Car,No injury/unknown,,S COBBLE CREEK CIR,0,0
2011,4,7,Weekend,800,2-Car,No injury/unknown,IMPROPER TURNING,TEMEPERANCE ST ST,0,0
2011,4,7,Weekend,800,1-Car,No injury/unknown,RAN OFF ROAD RIGHT,ANDERSON RD & BEAN BLOSSOM,0,0
2011,4,7,Weekend,1200,Bus,No injury/unknown,UNSAFE BACKING,1600 E LAW LANE & N UNION ST,0,0
2011,4,6,Weekday,1500,2-Car,Non-incapacitating,UNSAFE LANE MOVEMENT,FULLERTON & SR37S,0,0
2011,4,7,Weekend,1600,1-Car,No injury/unknown,STEERING FAILURE,DAISY DR & MEADOWLANDS,0,0
2011,4,7,Weekend,1700,2-Car,No injury/unknown,FAILURE TO YIELD RIGHT OF WAY,1175 S COLLEGE MALL RD & COVENANTER,0,0
2011,4,7,Weekend,1500,2-Car,No injury/unknown,SPEED TOO FAST FOR WEATHER CONDITIONS,DEER RUN & SR46W,0,0
2011,4,2,Weekday,1200,2-Car,No injury/unknown,FAILURE TO YIELD RIGHT OF WAY,BRIARGATE & SR46W,0,0
2011,4,3,Weekday,1300,2-Car,No injury/unknown,IMPROPER TURNING,MCDONALDS ENTRANCE & PETE ELLIS DR,0,0
2011,4,2,Weekday,2200,2-Car,No injury/unknown,UNSAFE BACKING,BALFOUR & N STATE ROAD 45 46 BYP,0,0
2011,4,7,Weekend,1400,2-Car,No injury/unknown,UNSAFE BACKING,FOREST EAST PARKING LOT DR & JONES,0,0
2011,4,7,Weekend,1600,2-Car,No injury/unknown,FAILURE TO YIELD RIGHT OF WAY,INGRAM & OLD STATE ROAD 37 SOUTH RD,0,0
2011,5,1,Weekday,1900,2-Car,No injury/unknown,FAILURE TO YIELD RIGHT OF WAY,37 & BLOOMFIELD RD,0,0
2011,5,2,Weekday,800,1-Car,No injury/unknown,OTHER (DRIVER) - EXPLAIN IN NARRATIVE,S WODDSCREST DR,0,0
2011,5,3,Weekday,1000,1-Car,No injury/unknown,OVERCORRECTING/OVERSTEERING,BUSINESS 37 NORTH HWY & WHISNAND,0,0
2011,5,5,Weekday,700,2-Car,No injury/unknown,IMPROPER TURNING,CURRY PIKE PIKE & VERNAL PIKE,0,0
2011,5,5,Weekday,1700,2-Car,No injury/unknown,FOLLOWING TOO CLOSELY,3000 WEST 3RD ST,0,0
2011,5,5,Weekday,1600,2-Car,No injury/unknown,OTHER (DRIVER) - EXPLAIN IN NARRATIVE,BETWEEN 3RD AND SMITH ALY & BETWEEN WALNUT AND WASHINGTON,0,0
2011,5,5,Weekday,1300,2-Car,No injury/unknown,UNSAFE SPEED,JONES & READ SOUTH CIRCLE DR,0,0
2011,5,5,Weekday,300,1-Car,No injury/unknown,RAN OFF ROAD RIGHT,19 & WALNUT ST,0,0
2011,5,1,Weekend,900,2-Car,No injury/unknown,DRIVER DISTRACTED - EXPLAIN IN NARRATIVE,3400 BLK SARE RD & SOUTHERN OAKS,0,0
2011,5,7,Weekend,300,1-Car,No injury/unknown,ANIMAL/OBJECT IN ROADWAY,3800 BLK ANDERSON RD & SHILO,0,0
2011,5,4,Weekday,0,1-Car,No injury/unknown,ANIMAL/OBJECT IN ROADWAY,BAYLES & SR37N,0,0
2011,5,4,Weekday,800,2-Car,No injury/unknown,OTHER (DRIVER) - EXPLAIN IN NARRATIVE,10TH & 2451 EAST 10TH PARKING LOT ST,0,0
2011,5,5,Weekday,1500,2-Car,No injury/unknown,OTHER (DRIVER) - EXPLAIN IN NARRATIVE,RAMP 14 15 & W SR 45 HWY,0,0
2011,5,6,Weekday,800,2-Car,No injury/unknown,IMPROPER TURNING,LYNWIST DRIVE & UNION VALLEY RD,0,0
2011,5,5,Weekday,1200,2-Car,No injury/unknown,IMPROPER LANE USAGE,OFF RAMP NB SR 37 & SR 48,0,0
2011,5,1,Weekday,2200,2-Car,No injury/unknown,FOLLOWING TOO CLOSELY,45 46 BYP & WALNUT,0,0
2011,5,2,Weekday,900,2-Car,No injury/unknown,IMPROPER TURNING,OLD STATE ROAD 37 NORTH RD & W BAYLES,0,0
2011,6,4,Weekday,1200,2-Car,No injury/unknown,FAILURE TO YIELD RIGHT OF WAY,E 1OTH ST,0,0
2011,6,7,Weekend,1200,2-Car,No injury/unknown,DISREGARD SIGNAL/REG SIGN,3000 W 3RD ST & E 12 W RAMP 10,0,0
2011,6,3,Weekday,1200,2-Car,No injury/unknown,FOLLOWING TOO CLOSELY,SR37S,0,0
2011,6,4,Weekday,800,2-Car,No injury/unknown,LEFT OF CENTER,SMOKIN JACKS DRIVE & WEST 17TH ST,0,0
2011,6,7,Weekend,200,2-Car,No injury/unknown,OTHER (DRIVER) - EXPLAIN IN NARRATIVE,OLD SR37 & SR37S,0,0
2011,6,4,Weekday,1200,2-Car,No injury/unknown,UNSAFE SPEED,2ND ST & LANDMARK,0,0
2011,6,6,Weekday,1500,2-Car,No injury/unknown,FAILURE TO YIELD RIGHT OF WAY,OUTBACK & SR46W,0,0
2011,6,1,Weekday,2000,1-Car,No injury/unknown,OTHER (VEHICLE) - EXPLAIN IN NARRATIVE,MONROE DAM RD,0,0
2011,6,4,Weekday,100,2-Car,No injury/unknown,IMPROPER PASSING,N WILLIS DR & UPPER VALLEY,0,0
2011,6,6,Weekday,1100,1-Car,No injury/unknown,RAN OFF ROAD RIGHT,ROBINSON ROAD RD & UTT DRIVE,0,0
2011,6,6,Weekend,1900,1-Car,No injury/unknown,ANIMAL/OBJECT IN ROADWAY,PINE BLVD & SR37S,0,0
2011,6,5,Weekday,1800,2-Car,No injury/unknown,DRIVER DISTRACTED - EXPLAIN IN NARRATIVE,SR37N,0,0
2011,7,4,Weekday,1500,Moped/Motorcycle,No injury/unknown,RAN OFF ROAD RIGHT,200 S JORDAN & 5TH ST,0,0
2011,7,6,Weekday,1200,3+ Cars,No injury/unknown,DRIVER DISTRACTED - EXPLAIN IN NARRATIVE,1300 BLK W BLOOMFIELD RD & 500 S LANDMARK,0,0
2011,7,7,Weekend,1300,2-Car,No injury/unknown,FOLLOWING TOO CLOSELY,SR 37 SOUTH RAMP RAMP,0,0
2011,7,2,Weekday,0,2-Car,No injury/unknown,,EAST GOODNIGHT WAY,0,0
2011,7,2,Weekday,1500,2-Car,No injury/unknown,DISREGARD SIGNAL/REG SIGN,ENTRANCE TO SAMS CLUB & W 45 RD,0,0
2011,7,3,Weekday,2000,2-Car,No injury/unknown,UNSAFE BACKING,E 7TH & N STADIUM DR,0,0
2011,7,3,Weekday,1700,2-Car,No injury/unknown,DISREGARD SIGNAL/REG SIGN,CURRY & SR37E,0,0
2011,7,4,Weekday,1000,1-Car,No injury/unknown,DRIVER DISTRACTED - EXPLAIN IN NARRATIVE,LOWGAP RD & TULIP TRACE,0,0
2011,7,2,Weekday,1700,2-Car,No injury/unknown,FAILURE TO YIELD RIGHT OF WAY,SECOND & SR 37 RAMP,0,0
2011,7,2,Weekday,1900,2-Car,No injury/unknown,IMPROPER TURNING,IU GOLF COURSE & SR45E,0,0
2011,7,3,Weekday,1800,1-Car,No injury/unknown,BRAKE FAILURE OR DEFECTIVE,SOUTHY FAIRFAX RDS,0,0
2011,7,4,Weekday,1400,Moped/Motorcycle,Non-incapacitating,OTHER (DRIVER) - EXPLAIN IN NARRATIVE,BRUMMETS CREEK & SR45E,0,0
2011,7,4,Weekday,100,2-Car,No injury/unknown,IMPROPER TURNING,CR,0,0
2011,7,1,Weekend,100,2-Car,No injury/unknown,OTHER (DRIVER) - EXPLAIN IN NARRATIVE,CAMPUS VIEW PARKING LOT ST & N UNION,0,0
2011,7,1,Weekend,1500,2-Car,No injury/unknown,LEFT OF CENTER,MAIN ROAD TO CUTRIGHT SRA RD & SOUTH ST RD 446,0,0
2011,8,3,Weekday,1500,1-Car,No injury/unknown,RAN OFF ROAD RIGHT,HARTSTRAIGHT & MAIN ST,0,0
2011,8,3,Weekday,1600,2-Car,No injury/unknown,FAILURE TO YIELD RIGHT OF WAY,BRIAR GATE & SR4800W,0,0
2011,8,7,Weekend,1500,3+ Cars,No injury/unknown,FOLLOWING TOO CLOSELY,BLOOMFELD RD & LIBERTY,0,0
2011,8,6,Weekday,1600,2-Car,No injury/unknown,FAILURE TO YIELD RIGHT OF WAY,RHORER & SR37S,0,0
2011,8,3,Weekday,900,2-Car,No injury/unknown,DRIVER DISTRACTED - EXPLAIN IN NARRATIVE,611 E 10TH (WEST PARKING LOT) ST & EAST COTTAGE,0,0
2011,8,4,Weekday,1300,2-Car,No injury/unknown,UNSAFE BACKING,E 3RD ST & FOREST,0,0
2011,8,4,Weekday,1600,2-Car,No injury/unknown,IMPROPER TURNING,37 & FULLERTON PIKE,0,0
2011,8,2,Weekday,1100,2-Car,No injury/unknown,IMPROPER TURNING,EAST FORTH & INDIANA AVE,0,0
2011,8,1,Weekend,800,2-Car,No injury/unknown,,N CRESCENT & W MARQUIS DR,0,0
2011,8,3,Weekday,1000,2-Car,No injury/unknown,FOLLOWING TOO CLOSELY,NORWAY DRIVE & SMITH ROAD RD,0,0
2011,8,2,Weekday,800,1-Car,No injury/unknown,RAN OFF ROAD RIGHT,HARTSTRAIGHT ROAD RD & STATE ROAD 46 WEST,0,0
2011,8,4,Weekday,1500,2-Car,No injury/unknown,LEFT OF CENTER,EAST ROCKPORT RD & ST HW 37,0,0
2011,9,5,Weekday,1100,2-Car,No injury/unknown,FAILURE TO YIELD RIGHT OF WAY,300 BLK S GRANT ST & E W ALLEY,0,0
2011,9,6,Weekday,1400,1-Car,No injury/unknown,UNSAFE LANE MOVEMENT,SR37S & W 45,0,0
2011,9,3,Weekday,1500,2-Car,No injury/unknown,FAILURE TO YIELD RIGHT OF WAY,SR45E & UITS,0,0
2011,9,2,Weekday,2100,1-Car,No injury/unknown,OTHER (DRIVER) - EXPLAIN IN NARRATIVE,6640 N OLD SR37 HWY & E WYLIE,0,0
2011,9,5,Weekday,1500,2-Car,No injury/unknown,FAILURE TO YIELD RIGHT OF WAY,TAPP RD & TECH PARK,0,0
2011,9,1,Weekday,1900,Moped/Motorcycle,No injury/unknown,OTHER (DRIVER) - EXPLAIN IN NARRATIVE,N PATHWAYS & SR45E,0,0
2011,9,4,Weekday,2000,2-Car,No injury/unknown,UNSAFE BACKING,OMAHA CROSSING RD & W RED ROCK,0,0
2011,9,5,Weekday,800,2-Car,No injury/unknown,FAILURE TO YIELD RIGHT OF WAY,KARST PARK & S ENDWRIGHT RD,0,0
2011,9,7,Weekend,2200,1-Car,No injury/unknown,ROADWAY SURFACE CONDITION,CLUB HOUSE & SR37N,0,0
2011,9,2,Weekday,1900,2-Car,No injury/unknown,FAILURE TO YIELD RIGHT OF WAY,PRIVATE & S COLLEGE MALL RD,0,0
2011,9,2,Weekday,1700,3+ Cars,No injury/unknown,FOLLOWING TOO CLOSELY,BLOOMFIELD RD & HICKORY LEAF,0,0
2011,9,2,Weekday,2000,1-Car,No injury/unknown,SPEED TOO FAST FOR WEATHER CONDITIONS,WALNUT ST,0,0
2011,9,2,Weekday,1100,2-Car,No injury/unknown,FAILURE TO YIELD RIGHT OF WAY,37 & KETCHAM RD,0,0
2011,9,3,Weekday,1800,2-Car,No injury/unknown,UNSAFE BACKING,EAST STRATUM WAY,0,0
2011,9,2,Weekday,1800,2-Car,No injury/unknown,,E 7TH ST & N STADIUM,0,0
2011,9,5,Weekday,2300,2-Car,No injury/unknown,UNSAFE BACKING,PARKING LOT 320 E UNIVERSITY ST & UNIVERSITY,0,0
2011,10,1,Weekend,900,1-Car,No injury/unknown,DRIVER ASLEEP OR FATIGUED,3800 BLOCK N WALNUT ST & BLUERIDGE,0,0
2011,10,2,Weekday,1700,2-Car,No injury/unknown,UNSAFE BACKING,E 7TH & N STADIUM DR,0,0
2011,10,2,Weekday,1200,2-Car,No injury/unknown,FAILURE TO YIELD RIGHT OF WAY,SR446S & TOWER RIDGE,0,0
2011,10,3,Weekday,1900,1-Car,No injury/unknown,ANIMAL/OBJECT IN ROADWAY,INGRAM & OLD SR37 SOUTH RD,0,0
2011,10,4,Weekday,1700,2-Car,No injury/unknown,DRIVER DISTRACTED - EXPLAIN IN NARRATIVE,ALLEY ALY & W VINE,0,0
2011,10,6,Weekday,1700,2-Car,No injury/unknown,FAILURE TO YIELD RIGHT OF WAY,E 3RD ST & PRIVATE,0,0
2011,10,7,Weekend,1400,2-Car,No injury/unknown,FOLLOWING TOO CLOSELY,SR46W & STINESVILLE,0,0
2011,10,2,Weekday,800,2-Car,No injury/unknown,OTHER (DRIVER) - EXPLAIN IN NARRATIVE,3400 S SARE & STEEPLECHASE APTS MAIN DRIVE DR,0,0
2011,10,2,Weekday,1400,2-Car,No injury/unknown,UNSAFE BACKING,E 7TH & N STADIUM DR,0,0
2011,10,4,Weekday,900,1-Car,No injury/unknown,ANIMAL/OBJECT IN ROADWAY,CHAFIN CHAPEL & SR46W,0,0
2011,10,4,Weekday,1400,2-Car,No injury/unknown,FAILURE TO YIELD RIGHT OF WAY,COLLEGE MALL ENTRANCE & COLLEGE MALL RD,0,0
2011,10,6,Weekday,1100,2-Car,No injury/unknown,FOLLOWING TOO CLOSELY,1200 OF BLOCK 17 TH ST & 45 46 BYPASS,0,0
2011,10,3,Weekday,1400,1-Car,No injury/unknown,RAN OFF ROAD RIGHT,LOW GAP RD & TULIP TREE,0,0
2011,10,7,Weekend,1200,2-Car,No injury/unknown,OTHER (DRIVER) - EXPLAIN IN NARRATIVE,1150 S CLARIZZ BLVD,0,0
2011,10,1,Weekend,100,1-Car,No injury/unknown,RAN OFF ROAD RIGHT,EADS & SR446S,0,0
2011,10,6,Weekday,800,2-Car,No injury/unknown,OVERCORRECTING/OVERSTEERING,300 BLOCK N INDIANA & 600 E 7TH ST,0,0
2011,10,5,Weekday,1200,3+ Cars,No injury/unknown,FOLLOWING TOO CLOSELY,SMITH  ROAD RD & WOODYARD RD,0,0
2011,10,5,Weekday,1500,1-Car,No injury/unknown,SPEED TOO FAST FOR WEATHER CONDITIONS,FAIRFAX RD & SCHATT,0,0
2011,10,2,Weekday,700,2-Car,No injury/unknown,FOLLOWING TOO CLOSELY,FORRST PARK DRIVE & SMITH RD RD,0,0
2011,10,2,Weekday,900,2-Car,No injury/unknown,UNSAFE BACKING,10TH ST & NORTH SOUTH,0,0
2011,11,5,Weekday,1300,2-Car,No injury/unknown,FAILURE TO YIELD RIGHT OF WAY,BLOOMFIELD & LIBERTY DR,0,0
2011,11,5,Weekday,1600,2-Car,No injury/unknown,FOLLOWING TOO CLOSELY,ADAMS ST & TAPP RD RD,0,0
2011,11,1,Weekday,2300,1-Car,No injury/unknown,ANIMAL/OBJECT IN ROADWAY,SISCOE & SR46W,0,0
2011,11,2,Weekday,500,1-Car,No injury/unknown,ANIMAL/OBJECT IN ROADWAY,SR37N,0,0
2011,11,3,Weekday,1100,2-Car,No injury/unknown,OTHER (DRIVER) - EXPLAIN IN NARRATIVE,SR37N,0,0
2011,11,3,Weekday,900,2-Car,No injury/unknown,FAILURE TO YIELD RIGHT OF WAY,2ND ST & OAKDALE,0,0
2011,11,7,Weekend,1200,3+ Cars,No injury/unknown,FAILURE TO YIELD RIGHT OF WAY,OLD SR37 & SR37S,0,0
2011,11,7,Weekend,1900,2-Car,No injury/unknown,FAILURE TO YIELD RIGHT OF WAY,45 46 BYP & MONROE,0,0
2011,11,7,Weekend,1200,2-Car,No injury/unknown,OTHER (DRIVER) - EXPLAIN IN NARRATIVE,EXIT RAMP SR 37 SB RAMP & SR45W,0,0
2011,11,3,Weekday,2100,1-Car,No injury/unknown,ANIMAL/OBJECT IN ROADWAY,CURRY & SR37,0,0
2011,11,4,Weekday,1800,2-Car,No injury/unknown,FOLLOWING TOO CLOSELY,GORDON & SR37S,0,0
2011,11,6,Weekday,1300,2-Car,No injury/unknown,FOLLOWING TOO CLOSELY,1210 E THIRD ST & 300 S BALLANTINE,0,0
2011,11,6,Weekday,800,1-Car,No injury/unknown,ANIMAL/OBJECT IN ROADWAY,FAIRFAX RD & LIEUTENANT,0,0
2011,11,1,Weekend,500,2-Car,No injury/unknown,FOLLOWING TOO CLOSELY,45 WEST & WALMART DR,0,0
2011,11,3,Weekday,1100,2-Car,No injury/unknown,SPEED TOO FAST FOR WEATHER CONDITIONS,RANSOM & SR45W,0,0
2011,11,2,Weekday,600,1-Car,No injury/unknown,ANIMAL/OBJECT IN ROADWAY,FLATWOODS & SR46W,0,0
2011,11,2,Weekday,1400,2-Car,No injury/unknown,UNSAFE BACKING,1320 E 10TH (PARKING LOT SE) ST & 7TH,0,0
2011,11,2,Weekday,900,1-Car,No injury/unknown,RAN OFF ROAD RIGHT,CHURCH & SR37S,0,0
2011,11,2,Weekday,1900,2-Car,No injury/unknown,UNSAFE BACKING,PARKING LOT ALY & SR 45,0,0
2011,11,3,Weekday,1200,2-Car,No injury/unknown,,E PRESIDENTS DR & N FORREST,0,0
2011,12,2,Weekday,1100,2-Car,No injury/unknown,UNSAFE LANE MOVEMENT,3RD ST & SB ON RAMP TO SR 37,0,0
2011,12,3,Weekday,2100,2-Car,No injury/unknown,UNSAFE BACKING,7TH ST & FOREST,0,0
2011,12,1,Weekend,1600,3+ Cars,No injury/unknown,DRIVER DISTRACTED - EXPLAIN IN NARRATIVE,300 S COLLEGE MALL RD & ENTRANCE TO EASTLAND PLAZA,0,0
2011,12,1,Weekend,1800,2-Car,No injury/unknown,FAILURE TO YIELD RIGHT OF WAY,ENTRANCE TO SHOWPLACE THEATRE & S COLLEGE MALL RD,0,0
2011,12,3,Weekday,700,1-Car,No injury/unknown,ANIMAL/OBJECT IN ROADWAY,HARTSTRAIGHT RD & STATE ROAD 46 WEST,0,0
2011,12,3,Weekday,1700,1-Car,No injury/unknown,ANIMAL/OBJECT IN ROADWAY,PACKINGHOUSE & VERNAL PIKE,0,0
2011,12,4,Weekday,800,2-Car,No injury/unknown,FAILURE TO YIELD RIGHT OF WAY,CURRY PIKE & DOYAL,0,0
2011,12,4,Weekday,1700,1-Car,No injury/unknown,ANIMAL/OBJECT IN ROADWAY,FAIRFAX & SR37S,0,0
2011,12,5,Weekday,1400,2-Car,No injury/unknown,ACCELERATOR FAILURE OR DEFECTIVE,LANDMARK AVE & WEST 2ND,0,0
2011,12,2,Weekday,1100,3+ Cars,No injury/unknown,FOLLOWING TOO CLOSELY,COUNTY LINE & SR45W,0,0
2011,12,4,Weekday,800,2-Car,No injury/unknown,FOLLOWING TOO CLOSELY,3010 BETHEL LN & FORBES,0,0
2011,12,4,Weekday,900,Pedestrian,Incapacitating,RAN OFF ROAD RIGHT,CHAFIN CHAPEL & SR46W,0,0
2011,12,7,Weekend,1200,2-Car,No injury/unknown,FOLLOWING TOO CLOSELY,CURRY & SR46W,0,0
2011,12,7,Weekend,2000,1-Car,No injury/unknown,RAN OFF ROAD RIGHT,SISCOE & SR46W,0,0
2011,12,3,Weekday,1100,1-Car,No injury/unknown,ROADWAY SURFACE CONDITION,NORTH BOUND SR37 ON RAMP & SR46W,0,0
2011,12,3,Weekday,1600,1-Car,No injury/unknown,SPEED TOO FAST FOR WEATHER CONDITIONS,NORTH PATHWAYS & SR45E,0,0
2011,12,4,Weekday,700,1-Car,No injury/unknown,ROADWAY SURFACE CONDITION,HEDRICK & SR46W,0,0
2011,12,3,Weekday,1100,1-Car,No injury/unknown,RAN OFF ROAD RIGHT,SR46E & WOOLDVIEW,0,0
2010,1,7,Weekend,2000,1-Car,No injury/unknown,ANIMAL/OBJECT IN ROADWAY,BOTTOM & DENNY RD,39.70666003,-86.55548
2010,7,4,Weekday,1600,2-Car,No injury/unknown,FOLLOWING TOO CLOSELY,OLD STATE ROAD 37 SOUTH RD & STATE ROAD 37,39.53339372,-86.48081