Year,Month,Day,Weekend?,Hour,Collision Type,Injury Type,Primary Factor,Reported_Location,Latitude,Longitude
2010,2,3,Weekday,1200,2-Car,No injury/unknown,UNSAFE BACKING,N WALNUT ST,39.232544,-86.540704
2010,2,6,Weekday,1500,1-Car,No injury/unknown,OTHER (DRIVER) - EXPLAIN IN NARRATIVE,N WALNUT ST,39.232544,-86.540704
2010,5,1,Weekend,0,2-Car,No injury/unknown,,N WALNUT ST,39.232544,-86.540704
2010,5,6,Weekend,2200,2-Car,No injury/unknown,UNSAFE BACKING,N WALNUT ST,39.232544,-86.540704
2010,6,5,Weekday,1600,2-Car,No injury/unknown,IMPROPER TURNING,N WALNUT ST,39.232544,-86.540704
2010,7,6,Weekday,1500,Pedestrian,Non-incapacitating,PEDESTRIAN ACTION,N WALNUT ST,39.232544,-86.540704
2010,8,1,Weekday,1900,1-Car,No injury/unknown,RAN OFF ROAD RIGHT,N WALNUT ST,39.232544,-86.540704
2010,9,6,Weekday,1600,2-Car,Non-incapacitating,LEFT OF CENTER,N WALNUT ST,39.232544,-86.540704
2010,7,7,Weekend,100,Moped/Motorcycle,No injury/unknown,RAN OFF ROAD RIGHT,KELLI & MAIN ST,39.23209316,-86.61975454
2010,5,6,Weekday,1500,2-Car,No injury/unknown,FAILURE TO YIELD RIGHT OF WAY,SR37N,39.23206802,-86.54073897
2010,7,2,Weekday,1600,2-Car,No injury/unknown,FOLLOWING TOO CLOSELY,NORTH OLD STATE ROAD 37 RD & OLD MYERS,39.231936,-86.506288
2010,12,1,Weekday,2200,2-Car,No injury/unknown,ROADWAY SURFACE CONDITION,ERAL YOUNG & LENTZ RD,39.2319,-86.46848
2010,12,5,Weekday,1900,1-Car,No injury/unknown,UNSAFE SPEED,GILMORE & REEVES RD,39.23185677,-86.67152548
2010,8,6,Weekday,1200,1-Car,No injury/unknown,UNSAFE SPEED,GILMORE & REEVES RD,39.23177326,-86.67143369
2010,9,6,Weekday,1800,1-Car,No injury/unknown,UNSAFE SPEED,GILMORE & W FENCELINE RD,39.231696,-86.67408
2010,2,6,Weekday,1800,1-Car,No injury/unknown,ROADWAY SURFACE CONDITION,GILMORE & REEVES RD,39.231648,-86.671296
2010,3,6,Weekend,2300,2-Car,Incapacitating,DISREGARD SIGNAL/REG SIGN,REEVES RD & STARNES,39.231536,-86.6588
2010,9,3,Weekday,1700,2-Car,No injury/unknown,FOLLOWING TOO CLOSELY,FIRST ST & TEMPERANCE,39.23144,-86.621296
2010,10,3,Weekday,800,2-Car,No injury/unknown,FAILURE TO YIELD RIGHT OF WAY,2ND STREET & ASSOCIATION ST ST,39.231424,-86.622944
2010,10,2,Weekday,1400,2-Car,No injury/unknown,FOLLOWING TOO CLOSELY,EDGEWOOD & REEVES RD,39.231312,-86.63816
2010,4,2,Weekday,2100,2-Car,No injury/unknown,ALCOHOLIC BEVERAGES,DEPOT & SR46W,39.23125422,-86.61856927
2010,12,1,Weekend,1500,Moped/Motorcycle,No injury/unknown,SPEED TOO FAST FOR WEATHER CONDITIONS,DEPOT & SR46W,39.23125422,-86.61866455
2010,8,3,Weekday,1800,2-Car,Incapacitating,DRIVER ILLNESS,SALE ST & THOMAS,39.23123779,-86.63046452
2010,2,6,Weekday,900,2-Car,Non-incapacitating,FAILURE TO YIELD RIGHT OF WAY,N MOUNT GILEAD & SR45E,39.230752,-86.424096
2010,12,7,Weekend,0,1-Car,No injury/unknown,RAN OFF ROAD RIGHT,BOLTINGHOUSE RD & EARL YOUNG,39.23031,-86.47342324
2010,4,5,Weekday,1000,2-Car,No injury/unknown,IMPROPER TURNING,PAUL ST & SR46W,39.229904,-86.619136
2010,3,7,Weekend,1600,2-Car,No injury/unknown,FAILURE TO YIELD RIGHT OF WAY,1ST ST & RITTER,39.229424,-86.623584
2010,9,5,Weekday,700,3+ Cars,No injury/unknown,FOLLOWING TOO CLOSELY,COLT DR & SYCAMORE ST ST,39.22921334,-86.64004
2010,12,3,Weekday,1500,2-Car,Non-incapacitating,FAILURE TO YIELD RIGHT OF WAY,SR37 & W CHURCH,39.22877098,-86.51049972
2010,1,3,Weekday,700,1-Car,No injury/unknown,RAN OFF ROAD RIGHT,N SALE ST & PINE,39.22830445,-86.62805
2010,9,7,Weekend,1400,2-Car,No injury/unknown,FOLLOWING TOO CLOSELY,PAUL ST & RITTER,39.227856,-86.621584
2010,8,1,Weekend,400,1-Car,No injury/unknown,RAN OFF ROAD RIGHT,BRYANT CREEK & SR37N,39.22773083,-86.51238497
2010,12,4,Weekday,1300,3+ Cars,Non-incapacitating,FOLLOWING TOO CLOSELY,E 3RD & SR46E,39.22767562,-86.47208686
2010,10,3,Weekday,1600,2-Car,No injury/unknown,FAILURE TO YIELD RIGHT OF WAY,HARTSTRAIGHT & SR46W,39.22764788,-86.61591015
2010,5,4,Weekday,100,1-Car,Non-incapacitating,RAN OFF ROAD RIGHT,SKIRVIN & SR45E,39.22718514,-86.43497044
2010,12,4,Weekday,700,2-Car,Non-incapacitating,ROADWAY SURFACE CONDITION,MEADOWVALE & N UNION VALLEY RD RD,39.22714,-86.59272
2010,3,3,Weekday,2100,2-Car,Non-incapacitating,ANIMAL/OBJECT IN ROADWAY,CAPITAL & SR46W,39.22528865,-86.61249876
2010,11,4,Weekday,100,1-Car,No injury/unknown,RAN OFF ROAD RIGHT,HARTSTRAIT RD,39.225278,-86.61579
2010,6,4,Weekday,1400,2-Car,Non-incapacitating,DRIVER DISTRACTED - EXPLAIN IN NARRATIVE,SR37 & WHISENAND,39.22394222,-86.516819
2010,7,4,Weekday,1900,1-Car,Non-incapacitating,RAN OFF ROAD RIGHT,LOST MANS & NORTH MAPLE GROVE RD,39.22304,-86.569696
2010,8,3,Weekday,1800,1-Car,No injury/unknown,RAN OFF ROAD RIGHT,LOST MANS & N MAPLE GROVE RD,39.22304,-86.569696
2010,3,5,Weekday,2000,1-Car,No injury/unknown,RAN OFF ROAD RIGHT,LOST MANS & NORTH UNION VALLEY RD,39.222848,-86.592704
2010,5,3,Weekday,1800,2-Car,No injury/unknown,IMPROPER TURNING,N KINSER PIKE,39.222752,-86.550096
2010,8,3,Weekday,1100,2-Car,No injury/unknown,IMPROPER TURNING,N KINSER PIKE PIKE,39.222752,-86.550096
2010,10,2,Weekday,1300,2-Car,No injury/unknown,UNSAFE BACKING,N KINSER PIKE,39.222752,-86.550096
2010,12,6,Weekday,700,2-Car,No injury/unknown,UNSAFE BACKING,N KINSER PIKE PIKE,39.222752,-86.550096
2010,5,2,Weekday,200,2-Car,No injury/unknown,SPEED TOO FAST FOR WEATHER CONDITIONS,OLD SR 37 RD & WHISNAND,39.222544,-86.5172
2010,9,6,Weekend,2000,2-Car,No injury/unknown,UNSAFE SPEED,SHAWNEE DR & TECUMSEH,39.22217991,-86.62234256
2010,5,5,Weekday,1500,Bus,No injury/unknown,UNSAFE BACKING,CONTI & SILVERTHORNE ST,39.22186,-86.59092
2010,11,2,Weekday,800,2-Car,No injury/unknown,FOLLOWING TOO CLOSELY,LAKEVIEW & SR46W,39.22148334,-86.60616326
2010,6,4,Weekday,1800,2-Car,No injury/unknown,FAILURE TO YIELD RIGHT OF WAY,46 & LAKEVIEW DR,39.22128777,-86.60557347
2010,1,5,Weekday,800,1-Car,No injury/unknown,SPEED TOO FAST FOR WEATHER CONDITIONS,KINSER & SR37N,39.221248,-86.55
2010,3,6,Weekday,1400,2-Car,No injury/unknown,FAILURE TO YIELD RIGHT OF WAY,KINSER & SR37S,39.221248,-86.55
2010,2,6,Weekday,500,2-Car,Non-incapacitating,FAILURE TO YIELD RIGHT OF WAY,LAKEVIEW & SR46W,39.221152,-86.6056
2010,8,5,Weekday,1900,Moped/Motorcycle,Non-incapacitating,FAILURE TO YIELD RIGHT OF WAY,LAKEVIEW & SR46W,39.221152,-86.6056
2010,9,1,Weekend,1500,2-Car,No injury/unknown,FOLLOWING TOO CLOSELY,LAKEVIEW & SR46W,39.221152,-86.6056
2010,12,6,Weekday,700,2-Car,No injury/unknown,FAILURE TO YIELD RIGHT OF WAY,LAKEVIEW & SR46W,39.221152,-86.6056
2010,5,6,Weekday,300,1-Car,No injury/unknown,RAN OFF ROAD RIGHT,HARBISON & HARTSTRAIGHT RD,39.2210903,-86.61237843
2010,10,1,Weekday,2000,2-Car,Non-incapacitating,RAN OFF ROAD RIGHT,KINSER & SR37S,39.22100456,-86.5501635
2010,10,4,Weekday,1600,2-Car,No injury/unknown,DRIVER DISTRACTED - EXPLAIN IN NARRATIVE,NORTH LAKEVIEW & SR46E,39.22096442,-86.60534208
2010,1,6,Weekday,0,1-Car,No injury/unknown,ANIMAL/OBJECT IN ROADWAY,HARBISON & HARTSTRAIT RD,39.220944,-86.612192
2010,12,2,Weekday,1800,1-Car,No injury/unknown,ROADWAY SURFACE CONDITION,N HARTSTRAIT RD & W HARBISON,39.220944,-86.612192
2010,6,6,Weekday,1400,2-Car,Non-incapacitating,SPEED TOO FAST FOR WEATHER CONDITIONS,HARSTRAIT RD,39.22085,-86.612159
2010,11,2,Weekday,500,1-Car,Non-incapacitating,ANIMAL/OBJECT IN ROADWAY,KINSER & SR37N,39.22076113,-86.550327
2010,9,6,Weekday,1300,2-Car,No injury/unknown,FOLLOWING TOO CLOSELY,LAKEVIEW & SR46W,39.22025919,-86.60427519
2010,7,5,Weekday,2100,1-Car,No injury/unknown,RAN OFF ROAD RIGHT,HWY 45 & VIKING RIDGE RD RD,39.21943,-86.44453864
2010,12,1,Weekend,1700,1-Car,Non-incapacitating,RAN OFF ROAD RIGHT,SR45E & VIKING RIDGE,39.21940042,-86.44468627
2010,9,5,Weekday,700,Bus,No injury/unknown,UNSAFE SPEED,BOLTINGHOUSE & OLD MEYERS RD,39.21904,-86.472896
2010,10,6,Weekend,2300,1-Car,No injury/unknown,ANIMAL/OBJECT IN ROADWAY,CARDINAL GLEN & SOUTH WALNUT STREET PIKE,39.21900618,-86.52654
2010,11,5,Weekday,1000,1-Car,No injury/unknown,SPEED TOO FAST FOR WEATHER CONDITIONS,EARL YOUND & SR45E,39.21845444,-86.45352621
2010,12,7,Weekend,900,1-Car,No injury/unknown,ROADWAY SURFACE CONDITION,EARL YOUNG & SR45E,39.21845444,-86.45338226
2010,2,6,Weekday,1700,1-Car,Non-incapacitating,ROADWAY SURFACE CONDITION,EARL YOUNG & SR45E,39.218448,-86.4536
2010,1,3,Weekday,1600,1-Car,Non-incapacitating,UNSAFE SPEED,E EARL YOUNG & SR45N,39.21817582,-86.45364726
2010,2,1,Weekend,1300,1-Car,No injury/unknown,RAN OFF ROAD RIGHT,NORTH MAPLE GROVE ROAD RD,39.21813706,-86.56359851
2010,9,3,Weekday,2300,1-Car,No injury/unknown,OTHER (ENVIRONMENTAL) - EXPLAIN IN NARR,NORTH BRUMMETTS CREEK RD,39.217866,-86.402626
2010,12,5,Weekday,1100,1-Car,No injury/unknown,ROADWAY SURFACE CONDITION,RIDGEWOOD & SR46W,39.21691557,-86.59802648
2010,12,1,Weekday,2100,1-Car,No injury/unknown,SPEED TOO FAST FOR WEATHER CONDITIONS,GRIFFITH CEMETARY & SR37S,39.21681835,-86.53111335
2010,3,1,Weekend,1700,2-Car,Non-incapacitating,FAILURE TO YIELD RIGHT OF WAY,LOUDEN & WEST RATLIFF RD,39.21658207,-86.63987339
2010,7,6,Weekday,700,2-Car,No injury/unknown,IMPROPER LANE USAGE,SR46W & UNION VALLEY,39.21624589,-86.59603849
2010,8,6,Weekday,0,1-Car,No injury/unknown,RAN OFF ROAD RIGHT,LINWOOD DR & UNION VALLEY,39.21606,-86.59272299
2010,2,5,Weekday,1500,3+ Cars,No injury/unknown,FAILURE TO YIELD RIGHT OF WAY,E RATLIFF & SR45S,39.21580294,-86.46332372
2010,2,5,Weekday,2100,2-Car,Non-incapacitating,FAILURE TO YIELD RIGHT OF WAY,SR46W & UNION VALLEY,39.21569341,-86.59442231
2010,11,1,Weekday,1900,3+ Cars,Non-incapacitating,FAILURE TO YIELD RIGHT OF WAY,BAYLES & BUSINESS 37 RD,39.21547,-86.53701
2010,5,6,Weekend,2200,1-Car,No injury/unknown,OTHER (DRIVER) - EXPLAIN IN NARRATIVE,DALLAS & HARTSTRAIT RD,39.2154352,-86.61208
2010,12,4,Weekday,1600,2-Car,No injury/unknown,FOLLOWING TOO CLOSELY,BETHEL LN & NORTH OLD SR 37,39.21539,-86.52157
2010,4,6,Weekday,1800,2-Car,Non-incapacitating,DRIVER DISTRACTED - EXPLAIN IN NARRATIVE,OUTBACK & SR46W,39.21537678,-86.59298837
2010,2,6,Weekday,700,2-Car,No injury/unknown,FAILURE TO YIELD RIGHT OF WAY,BETHEL & OLD SR 37 NORTH HWY,39.215344,-86.521392
2010,1,1,Weekday,2000,2-Car,Non-incapacitating,OTHER (DRIVER) - EXPLAIN IN NARRATIVE,SR46W & UNIONVALLEY,39.215152,-86.5928
2010,2,6,Weekday,700,2-Car,No injury/unknown,OTHER (DRIVER) - EXPLAIN IN NARRATIVE,SR46W & UNION VALLEY,39.215152,-86.5928
2010,8,3,Weekday,1300,2-Car,No injury/unknown,FAILURE TO YIELD RIGHT OF WAY,UNION VALLEY & W STATE ROAD 46 HWY,39.215152,-86.5928
2010,9,5,Weekday,1200,2-Car,Non-incapacitating,FAILURE TO YIELD RIGHT OF WAY,SR46W & UNION VALLEY ROAD,39.215152,-86.5928
2010,10,6,Weekday,800,2-Car,Non-incapacitating,DISREGARD SIGNAL/REG SIGN,SR46W & UNION VALLEY,39.215152,-86.5928
2010,10,7,Weekend,1000,Cyclist,Non-incapacitating,PEDESTRIAN ACTION,SR46W & UNIONVALLEY,39.21496137,-86.59254583
2010,6,5,Weekday,1700,2-Car,No injury/unknown,FAILURE TO YIELD RIGHT OF WAY,SR46W & UNION VALLEY,39.21477514,-86.59228631
2010,2,3,Weekday,300,3+ Cars,No injury/unknown,SPEED TOO FAST FOR WEATHER CONDITIONS,2ND & DUNN ST,39.21421782,-86.52841
2010,12,6,Weekday,1300,2-Car,No injury/unknown,FOLLOWING TOO CLOSELY,SR46W & UNION VALLEY,39.21421656,-86.59150766
2010,12,5,Weekday,1600,2-Car,No injury/unknown,UNSAFE BACKING,E BETHEL LN,39.214144,-86.48349352
2010,8,2,Weekday,1300,2-Car,No injury/unknown,FAILURE TO YIELD RIGHT OF WAY,NORTHCLIFF & OLD ST RD 37 RD,39.21414,-86.52234
2010,3,2,Weekday,1800,1-Car,No injury/unknown,UNSAFE BACKING,DEER PARK DR,39.21392327,-86.58824425
2010,5,5,Weekday,1500,3+ Cars,Non-incapacitating,FOLLOWING TOO CLOSELY,SR46W & UNIONVALLEY,39.21328558,-86.59020994
2010,8,5,Weekday,1700,Moped/Motorcycle,Non-incapacitating,DRIVER ASLEEP OR FATIGUED,BETHEL & HINKLE RD,39.212848,-86.505392
2010,11,7,Weekend,1700,2-Car,No injury/unknown,ROADWAY SURFACE CONDITION,BETHEL LN & N HINKLE,39.21282,-86.50541
2010,10,6,Weekday,1500,2-Car,No injury/unknown,FOLLOWING TOO CLOSELY,DEER PARK & SR46W,39.21257534,-86.58882993
2010,4,6,Weekday,1400,2-Car,No injury/unknown,FOLLOWING TOO CLOSELY,DEER PARK & SR46W,39.2123644,-86.58817795
2010,6,6,Weekend,2000,1-Car,No injury/unknown,RAN OFF ROAD RIGHT,BAUGH & BETHEL LN,39.21233309,-86.49385169
2010,8,3,Weekday,1600,2-Car,No injury/unknown,DRIVER DISTRACTED - EXPLAIN IN NARRATIVE,DEER PARK & SR46W,39.21215347,-86.58752598
2010,6,2,Weekday,1400,2-Car,No injury/unknown,FAILURE TO YIELD RIGHT OF WAY,FOREST PARK & SR46W,39.212048,-86.5872
2010,12,2,Weekday,1500,2-Car,No injury/unknown,FAILURE TO YIELD RIGHT OF WAY,DEER PARK DR & SR46W,39.212048,-86.5872
2010,1,1,Weekend,1500,2-Car,No injury/unknown,OTHER (ENVIRONMENTAL) - EXPLAIN IN NARR,NORTH CRIDER DR,39.211632,-86.598234
2010,10,2,Weekday,1000,2-Car,No injury/unknown,UNSAFE BACKING,409 E WOODRIDGE DR & OVERLOOK,39.211504,-86.529696
2010,7,7,Weekend,600,1-Car,No injury/unknown,ANIMAL/OBJECT IN ROADWAY,ACUFF & SR37S,39.21149408,-86.55403162
2010,11,3,Weekday,1700,3+ Cars,Non-incapacitating,SPEED TOO FAST FOR WEATHER CONDITIONS,N KINSER PIKE & W CLUB HOUSE,39.21140422,-86.54286
2010,2,2,Weekday,1900,1-Car,No injury/unknown,ROADWAY SURFACE CONDITION,N SMITH & SR46W,39.21138135,-86.58531691
2010,1,1,Weekend,800,2-Car,No injury/unknown,UNSAFE BACKING,BROOKWOOD & BROOKWOOD CT,39.211376,-86.598
2010,12,2,Weekday,1500,2-Car,No injury/unknown,FAILURE TO YIELD RIGHT OF WAY,SMITH & SR46W,39.21047397,-86.5837645
2010,3,5,Weekday,900,2-Car,Non-incapacitating,UNSAFE SPEED,N SMITH & SR46W,39.210144,-86.5832
2010,3,6,Weekday,700,2-Car,No injury/unknown,FOLLOWING TOO CLOSELY,SMITH & SR46W,39.210144,-86.5832
2010,3,6,Weekday,1800,2-Car,No injury/unknown,DISREGARD SIGNAL/REG SIGN,SMITH & SR46W,39.210144,-86.5832
2010,6,3,Weekday,1700,2-Car,No injury/unknown,OTHER (DRIVER) - EXPLAIN IN NARRATIVE,SMITH & SR46W,39.210144,-86.5832
2010,7,5,Weekday,100,2-Car,No injury/unknown,FAILURE TO YIELD RIGHT OF WAY,SMITH & SR46W,39.210144,-86.5832
2010,11,3,Weekday,1700,1-Car,No injury/unknown,RAN OFF ROAD RIGHT,N SMITH PIKE & SR46W,39.210144,-86.5832
2010,12,7,Weekend,1500,2-Car,No injury/unknown,FAILURE TO YIELD RIGHT OF WAY,N SMITH & SR46W,39.210144,-86.5832
2010,12,5,Weekday,1200,2-Car,No injury/unknown,FOLLOWING TOO CLOSELY,NORTH SMITH & SR46W,39.210144,-86.5832
2010,5,1,Weekend,1400,2-Car,No injury/unknown,UNSAFE SPEED,EAST STATE ROAD 45 HWY,39.210026,-86.463301
2010,10,4,Weekday,1400,2-Car,Non-incapacitating,DRIVER DISTRACTED - EXPLAIN IN NARRATIVE,NORTH SMITH & SR46W,39.20997089,-86.58292591
2010,3,4,Weekday,2100,2-Car,No injury/unknown,FAILURE TO YIELD RIGHT OF WAY,BETHEL & SR45E,39.209952,-86.463392
2010,3,2,Weekday,1700,Moped/Motorcycle,No injury/unknown,FAILURE TO YIELD RIGHT OF WAY,BETHEL & SR45E,39.209952,-86.463392
2010,4,5,Weekday,1800,3+ Cars,No injury/unknown,FAILURE TO YIELD RIGHT OF WAY,BETHEL & SR45E,39.209952,-86.463392
2010,12,5,Weekday,1500,2-Car,Non-incapacitating,FAILURE TO YIELD RIGHT OF WAY,E BETHEL & SR45W,39.209952,-86.463392
2010,8,2,Weekday,1500,3+ Cars,No injury/unknown,FAILURE TO YIELD RIGHT OF WAY,SMITH PIKE & SR46W,39.20986935,-86.5832
2010,8,5,Weekday,1600,2-Car,No injury/unknown,DRIVER DISTRACTED - EXPLAIN IN NARRATIVE,ARLINGTON & SR46W,39.209808,-86.582672
2010,10,4,Weekday,1500,2-Car,No injury/unknown,IMPROPER PASSING,ARLINGTON & SR46W,39.209808,-86.582672
2010,11,3,Weekday,2300,2-Car,No injury/unknown,DRIVER DISTRACTED - EXPLAIN IN NARRATIVE,BRISTOL & SHELBURNE DR,39.20970376,-86.57307
2010,3,3,Weekday,700,2-Car,No injury/unknown,OTHER (DRIVER) - EXPLAIN IN NARRATIVE,W ST RD 46 HWY,39.209658,-86.582275
2010,4,5,Weekday,700,2-Car,No injury/unknown,UNSAFE BACKING,SR 46 RDS,39.209658,-86.582275
2010,12,5,Weekday,1400,2-Car,Non-incapacitating,FAILURE TO YIELD RIGHT OF WAY,ACUFF & SR37N,39.20878235,-86.55459194
2010,4,7,Weekend,400,1-Car,No injury/unknown,RAN OFF ROAD RIGHT,NORTH KINSER PIKE,39.20865995,-86.5474375
2010,1,1,Weekday,1900,1-Car,No injury/unknown,ANIMAL/OBJECT IN ROADWAY,HARTSTRAIT & WOODYARD RD,39.20859,-86.61155322
2010,3,3,Weekday,1500,1-Car,No injury/unknown,RAN OFF ROAD RIGHT,HARTSTRAIT & WOODYARD RD,39.20857457,-86.61178747
2010,2,2,Weekday,700,1-Car,No injury/unknown,ROADWAY SURFACE CONDITION,HARTSTRAIT RD & WOODYARD,39.208544,-86.611504
2010,2,1,Weekend,800,1-Car,No injury/unknown,ANIMAL/OBJECT IN ROADWAY,3540 N HARTSTRAIT RD & WOODYARD,39.208544,-86.611504
2010,7,3,Weekday,2100,1-Car,Non-incapacitating,ANIMAL/OBJECT IN ROADWAY,ACUFF & SR37N,39.20851117,-86.55464797
2010,4,6,Weekday,1300,2-Car,No injury/unknown,FAILURE TO YIELD RIGHT OF WAY,ACUFF RD & SR37N,39.20839016,-86.55361882
2010,1,5,Weekday,600,2-Car,Incapacitating,DRIVER DISTRACTED - EXPLAIN IN NARRATIVE,ARLINGTON ROAD & SR46W,39.20824,-86.580208
2010,2,1,Weekend,1600,2-Car,Incapacitating,OTHER (DRIVER) - EXPLAIN IN NARRATIVE,ARLINGTON & SR46W,39.20824,-86.580208
2010,3,7,Weekend,1600,2-Car,Non-incapacitating,FAILURE TO YIELD RIGHT OF WAY,ACUFF & SR37N,39.20824,-86.554704
2010,5,5,Weekday,1300,2-Car,No injury/unknown,FAILURE TO YIELD RIGHT OF WAY,ACUFF & SR37N,39.20824,-86.554704
2010,7,4,Weekday,1800,2-Car,Non-incapacitating,ROADWAY SURFACE CONDITION,ACUFF & N PROW RD,39.20824,-86.552192
2010,10,4,Weekday,1600,2-Car,No injury/unknown,DRIVER DISTRACTED - EXPLAIN IN NARRATIVE,37 & ACUFF RD,39.20824,-86.554704
2010,11,4,Weekday,1900,1-Car,No injury/unknown,ANIMAL/OBJECT IN ROADWAY,ACUFF & SR37N,39.20824,-86.554704
2010,10,4,Weekday,1800,2-Car,No injury/unknown,SPEED TOO FAST FOR WEATHER CONDITIONS,FORREST PARK & SMITH PIKE,39.20822,-86.58315
2010,6,7,Weekend,1200,2-Car,Non-incapacitating,OTHER (DRIVER) - EXPLAIN IN NARRATIVE,N SMITH PIKE & W FOREST PARK,39.208144,-86.5832
2010,10,6,Weekend,2300,1-Car,No injury/unknown,ANIMAL/OBJECT IN ROADWAY,ARLINGTON RD & PYRAMID,39.20806914,-86.57889235
2010,4,6,Weekday,1300,2-Car,No injury/unknown,LEFT OF CENTER,N DUNN & OLD SR 37 RD,39.208048,-86.528704
2010,4,1,Weekend,1400,1-Car,Non-incapacitating,SPEED TOO FAST FOR WEATHER CONDITIONS,N DUNN & N OLD STATE RD 37 RD,39.208048,-86.528704
2010,7,3,Weekday,2200,2-Car,No injury/unknown,SPEED TOO FAST FOR WEATHER CONDITIONS,DUNN & NORTH OLD STATE ROAD 37 RD,39.208048,-86.528704
2010,7,3,Weekday,2200,1-Car,No injury/unknown,SPEED TOO FAST FOR WEATHER CONDITIONS,DUNN & NORTH OLD STATE ROAD 37 RD,39.208048,-86.528704
2010,10,7,Weekend,1400,2-Car,No injury/unknown,SPEED TOO FAST FOR WEATHER CONDITIONS,DUNN & OLD SR 37 N RD,39.208048,-86.528704
2010,11,7,Weekend,1700,2-Car,Incapacitating,SPEED TOO FAST FOR WEATHER CONDITIONS,N DUNN & OLD STATE RD 37 RD,39.208048,-86.528704
2010,11,3,Weekday,1400,1-Car,No injury/unknown,SPEED TOO FAST FOR WEATHER CONDITIONS,N DUNN & N OLD STATE ROAD 37 RD,39.208048,-86.528704
2010,12,5,Weekday,400,1-Car,No injury/unknown,OTHER (DRIVER) - EXPLAIN IN NARRATIVE,DUNN & OLD SR 37 NORTH HWY,39.208048,-86.528704
2010,12,2,Weekday,900,1-Car,Non-incapacitating,SPEED TOO FAST FOR WEATHER CONDITIONS,SR37N & STONE MILL,39.20796585,-86.53231144
2010,8,5,Weekday,800,1-Car,Non-incapacitating,RAN OFF ROAD RIGHT,DUNN & SR37N,39.20775802,-86.52649641
2010,1,3,Weekday,2200,1-Car,No injury/unknown,ANIMAL/OBJECT IN ROADWAY,45 & SR45E,39.207696,-86.46328
2010,10,5,Weekday,1000,2-Car,No injury/unknown,FOLLOWING TOO CLOSELY,SR45 & SR45W,39.207696,-86.46328
2010,2,7,Weekend,2000,1-Car,Non-incapacitating,ANIMAL/OBJECT IN ROADWAY,ARLINGTON RD & N SHELBOURN,39.207648,-86.573792
2010,3,6,Weekday,1800,2-Car,No injury/unknown,FAILURE TO YIELD RIGHT OF WAY,SR46 & SR46W,39.207648,-86.573792
2010,3,6,Weekday,900,2-Car,No injury/unknown,FAILURE TO YIELD RIGHT OF WAY,SR46 & SR46W,39.207648,-86.573792
2010,5,2,Weekday,1400,2-Car,No injury/unknown,FAILURE TO YIELD RIGHT OF WAY,SR46 & SR46W,39.207648,-86.573792
2010,6,7,Weekend,1100,2-Car,No injury/unknown,DRIVER ASLEEP OR FATIGUED,SR46 & SR46W,39.207648,-86.573792
2010,9,5,Weekday,1300,1-Car,No injury/unknown,RAN OFF ROAD RIGHT,ST RD 45 46 BYP,39.207648,-86.573792
2010,9,5,Weekday,1300,3+ Cars,No injury/unknown,FAILURE TO YIELD RIGHT OF WAY,SR46 & SR46W,39.207648,-86.573792
2010,11,5,Weekday,700,2-Car,No injury/unknown,FAILURE TO YIELD RIGHT OF WAY,SR46 & SR46W,39.207648,-86.573792
2010,11,2,Weekday,1100,2-Car,No injury/unknown,FAILURE TO YIELD RIGHT OF WAY,NORTH ST RD 46 BYP,39.207648,-86.573792
2010,12,2,Weekday,1100,2-Car,No injury/unknown,FAILURE TO YIELD RIGHT OF WAY,SR46 & SR46W,39.207648,-86.573792
2010,12,6,Weekday,800,2-Car,No injury/unknown,OTHER (DRIVER) - EXPLAIN IN NARRATIVE,SR46 & SR46W,39.207648,-86.573792
2010,5,3,Weekday,1700,Moped/Motorcycle,Non-incapacitating,FAILURE TO YIELD RIGHT OF WAY,ARLINGTON RD & SHELBURNE,39.20764225,-86.5737269
2010,10,5,Weekday,800,1-Car,No injury/unknown,ANIMAL/OBJECT IN ROADWAY,ACUFF & SR37N,39.20755337,-86.55469905
2010,5,4,Weekday,2100,Moped/Motorcycle,Non-incapacitating,SPEED TOO FAST FOR WEATHER CONDITIONS,DUNN & SR37N,39.20750031,-86.52707577
2010,1,3,Weekday,900,1-Car,No injury/unknown,ROADWAY SURFACE CONDITION,ACUFF & MAPLE GROVE RD,39.20725197,-86.55813024
2010,1,3,Weekday,1700,1-Car,No injury/unknown,DRIVER ASLEEP OR FATIGUED,N BUSINESS 37 RD & N OLD SR 37,39.20713,-86.53484
2010,4,1,Weekend,500,1-Car,No injury/unknown,RAN OFF ROAD RIGHT,N OLD SR 37 & N WALNUT ST,39.20704,-86.534704
2010,4,5,Weekday,1900,2-Car,No injury/unknown,FOLLOWING TOO CLOSELY,N OLD SR 37 RD & N WALNUT,39.20704,-86.534704
2010,7,2,Weekday,1100,2-Car,Non-incapacitating,FAILURE TO YIELD RIGHT OF WAY,N OLD SR 37 & N WALNUT ST,39.20704,-86.534704
2010,8,7,Weekend,600,2-Car,No injury/unknown,FAILURE TO YIELD RIGHT OF WAY,N OLD SR 37 & N WALNUT ST,39.20704,-86.534704
2010,8,7,Weekend,1400,2-Car,No injury/unknown,FOLLOWING TOO CLOSELY,N WALNUT ST & OLD SR 37,39.20704,-86.534704
2010,10,4,Weekday,1600,2-Car,No injury/unknown,FOLLOWING TOO CLOSELY,N WALNUT ST & OLD SR 37 N,39.20704,-86.534704