Year,Month,Day,Weekend?,Hour,Collision Type,Injury Type,Primary Factor,Reported_Location,Latitude,Longitude
2010,6,7,Weekend,200,2-Car,Non-incapacitating,FAILURE TO YIELD RIGHT OF WAY,EAST 13TH ST & NORTH INDIANA,39.175504,-86.527104
2010,6,2,Weekday,1400,2-Car,No injury/unknown,FAILURE TO YIELD RIGHT OF WAY,13TH & INDIANA AVE,39.175504,-86.527104
2010,8,2,Weekday,1600,Cyclist,Non-incapacitating,FAILURE TO YIELD RIGHT OF WAY,13TH & INDIANA AVE,39.175504,-86.527104
2010,9,7,Weekend,2300,3+ Cars,Non-incapacitating,FAILURE TO YIELD RIGHT OF WAY,13TH & INDIANA AVE,39.175504,-86.527104
2010,10,1,Weekend,1100,2-Car,No injury/unknown,DRIVER DISTRACTED - EXPLAIN IN NARRATIVE,13TH ST & INDIANA,39.175504,-86.527104
2010,10,5,Weekday,2100,2-Car,No injury/unknown,FAILURE TO YIELD RIGHT OF WAY,13TH & INDIANA AVE,39.175504,-86.527104
2010,11,6,Weekday,1300,Moped/Motorcycle,No injury/unknown,FAILURE TO YIELD RIGHT OF WAY,13TH ST & INDIANA,39.175504,-86.527104
2010,11,7,Weekend,1700,2-Car,No injury/unknown,FAILURE TO YIELD RIGHT OF WAY,13TH & INDIANA AVE,39.175504,-86.527104
2010,5,2,Weekday,1500,2-Car,No injury/unknown,,NORTH JORDAN AVE,39.175443,-86.513899
2010,10,7,Weekend,1500,2-Car,Non-incapacitating,DRIVER DISTRACTED - EXPLAIN IN NARRATIVE,E 13TH & N FESS AVE,39.17544,-86.525824
2010,10,3,Weekday,1400,2-Car,Non-incapacitating,FAILURE TO YIELD RIGHT OF WAY,LAW & N JORDAN AVE,39.17539053,-86.51397285
2010,3,4,Weekday,800,3+ Cars,No injury/unknown,OTHER (DRIVER) - EXPLAIN IN NARRATIVE,THIRTEENTH ST & WOODLAWN,39.175344,-86.523488
2010,4,7,Weekend,1500,2-Car,No injury/unknown,FAILURE TO YIELD RIGHT OF WAY,13TH ST & WOODLAWN,39.175344,-86.523488
2010,1,7,Weekend,700,2-Car,No injury/unknown,SPEED TOO FAST FOR WEATHER CONDITIONS,E TAMARRON DR DR,39.175328,-86.484249
2010,12,2,Weekday,1600,2-Car,No injury/unknown,,RANGE RD,39.175303,-86.495549
2010,4,6,Weekend,2000,2-Car,No injury/unknown,FAILURE TO YIELD RIGHT OF WAY,13TH & INDIANA AVE,39.17524,-86.527
2010,8,3,Weekday,1300,Cyclist,Non-incapacitating,FAILURE TO YIELD RIGHT OF WAY,INDIANA AVE & THIRTEENTH,39.17523983,-86.52698792
2010,1,3,Weekday,1400,2-Car,No injury/unknown,UNSAFE BACKING,E 13TH ST,39.17521746,-86.52061527
2010,8,6,Weekend,1900,2-Car,No injury/unknown,UNSAFE BACKING,MADISON ST & THIRD,39.17519445,-86.53741
2010,1,5,Weekday,700,2-Car,Non-incapacitating,FOLLOWING TOO CLOSELY,CRESCENT RD & VERNAL,39.17517726,-86.55650149
2010,4,4,Weekday,1600,3+ Cars,Non-incapacitating,FOLLOWING TOO CLOSELY,SR37N & VERNAL,39.17515901,-86.56435905
2010,1,6,Weekday,300,2-Car,No injury/unknown,OTHER (DRIVER) - EXPLAIN IN NARRATIVE,13TH & 900 NORTH ILLINOIS ST,39.175152,-86.55152
2010,4,5,Weekday,1600,2-Car,No injury/unknown,UNSAFE BACKING,N FEE LN,39.175152,-86.518992
2010,12,1,Weekend,1400,1-Car,No injury/unknown,RAN OFF ROAD RIGHT,RUSSELL & SR45E,39.17513055,-86.48154205
2010,1,1,Weekend,1300,2-Car,No injury/unknown,UNSAFE BACKING,NORTH FEE LN,39.175113,-86.519036
2010,12,5,Weekday,800,2-Car,No injury/unknown,OTHER (DRIVER) - EXPLAIN IN NARRATIVE,N FEE LN,39.175113,-86.519036
2010,4,1,Weekday,2100,1-Car,No injury/unknown,OTHER (DRIVER) - EXPLAIN IN NARRATIVE,N MONROE ST & ORRIS,39.17504,-86.547104
2010,10,7,Weekend,200,2-Car,No injury/unknown,OTHER (DRIVER) - EXPLAIN IN NARRATIVE,WEST 13TH STREET BLOOMINGTON ST,39.175016,-86.548996
2010,10,6,Weekday,1100,2-Car,No injury/unknown,UNSAFE BACKING,CAMPUS VIEW DR & UNION,39.17499,-86.50882568
2010,11,3,Weekday,0,1-Car,Non-incapacitating,ANIMAL/OBJECT IN ROADWAY,10TH ST & RUSSELL,39.17489326,-86.48131836
2010,2,2,Weekday,1000,2-Car,Non-incapacitating,FAILURE TO YIELD RIGHT OF WAY,3RD & WILLIAMSBURG DR,39.17479434,-86.49658
2010,7,2,Weekday,1600,2-Car,No injury/unknown,FAILURE TO YIELD RIGHT OF WAY,PETE ELLIS DR & THIRD,39.17478434,-86.49496
2010,3,2,Weekday,700,2-Car,No injury/unknown,FAILURE TO YIELD RIGHT OF WAY,SR37N & VERNAL,39.17469734,-86.56501204
2010,3,6,Weekday,0,2-Car,No injury/unknown,IMPROPER PASSING,N LINCOLN & W 12TH ST,39.174416,-86.530992
2010,4,7,Weekend,1900,2-Car,No injury/unknown,OTHER (DRIVER) - EXPLAIN IN NARRATIVE,DUNN & E 12TH ST,39.174416,-86.528304
2010,5,6,Weekday,1700,2-Car,Non-incapacitating,FAILURE TO YIELD RIGHT OF WAY,12TH & INDIANA AVE,39.174368,-86.527088
2010,7,4,Weekday,900,2-Car,No injury/unknown,UNSAFE BACKING,901 EAST 12TH ST & INDIANA,39.174368,-86.527088
2010,10,4,Weekday,1100,2-Car,No injury/unknown,UNSAFE BACKING,EAST 12TH ST & INDIANA,39.174368,-86.527088
2010,5,6,Weekday,1700,Moped/Motorcycle,Non-incapacitating,IMPROPER LANE USAGE,WOODBRIDGE DR,39.174353,-86.492725
2010,1,3,Weekday,2000,2-Car,No injury/unknown,OVERCORRECTING/OVERSTEERING,12TH & ILLINOIS ST,39.174352,-86.5504
2010,2,7,Weekend,200,2-Car,No injury/unknown,IMPROPER TURNING,LINDBERGH & WEST 12TH ST,39.174352,-86.552592
2010,3,5,Weekday,900,Bus,No injury/unknown,FAILURE TO YIELD RIGHT OF WAY,12TH & NORTH WALNUT ST,39.174352,-86.533472
2010,4,5,Weekday,1700,2-Car,No injury/unknown,FAILURE TO YIELD RIGHT OF WAY,ILLINOIS & WEST 12TH ST,39.174352,-86.5504
2010,4,5,Weekday,2100,2-Car,No injury/unknown,UNSAFE BACKING,N SUMMIT ST & W 12TH,39.174352,-86.548
2010,5,5,Weekday,1000,1-Car,Non-incapacitating,DRIVER ILLNESS,N SUMMIT & W 12TH ST,39.174352,-86.548
2010,5,1,Weekend,300,Pedestrian,Non-incapacitating,IMPROPER TURNING,12TH ST,39.174352,-86.548
2010,10,1,Weekend,200,2-Car,No injury/unknown,,12TH ST & FESS,39.17434482,-86.52616068
2010,11,2,Weekday,900,2-Car,No injury/unknown,FAILURE TO YIELD RIGHT OF WAY,12TH ST & WOODLAWN,39.17428,-86.52355
2010,3,5,Weekday,2000,3+ Cars,No injury/unknown,SPEED TOO FAST FOR WEATHER CONDITIONS,11TH & COLLEGE AVE,39.17405597,-86.534752
2010,1,2,Weekday,1500,3+ Cars,Non-incapacitating,SPEED TOO FAST FOR WEATHER CONDITIONS,FEE LN & LAW,39.174048,-86.518896
2010,4,5,Weekday,1700,3+ Cars,No injury/unknown,FOLLOWING TOO CLOSELY,FEE LN & LAW,39.174048,-86.518896
2010,10,2,Weekday,1400,2-Car,No injury/unknown,FAILURE TO YIELD RIGHT OF WAY,FEE & LAW LN,39.174048,-86.518896
2010,10,5,Weekday,1700,Pedestrian,Non-incapacitating,FAILURE TO YIELD RIGHT OF WAY,FEE & LAW LN,39.174048,-86.518896
2010,10,6,Weekday,1100,2-Car,No injury/unknown,UNSAFE BACKING,E LAW LN & N FEE,39.174048,-86.518896
2010,11,3,Weekday,1100,Pedestrian,Non-incapacitating,PEDESTRIAN ACTION,FEE LN & LAW,39.174048,-86.518896
2010,5,6,Weekday,1300,1-Car,Non-incapacitating,OTHER (DRIVER) - EXPLAIN IN NARRATIVE,11TH & VERNAL PIKE,39.17404742,-86.55565346
2010,4,2,Weekday,1400,2-Car,No injury/unknown,FOLLOWING TOO CLOSELY,EAST LAW & NORTH FEE LN,39.17396,-86.51892
2010,4,4,Weekday,200,2-Car,No injury/unknown,OTHER (DRIVER) - EXPLAIN IN NARRATIVE,E LAW LN & N FEE,39.17396,-86.51894163
2010,10,3,Weekday,1700,2-Car,No injury/unknown,UNSAFE BACKING,FEE & LAW LN,39.1739436,-86.51820314
2010,12,3,Weekday,2300,2-Car,No injury/unknown,ENGINE FAILURE OR DEFECTIVE,JORDAN & LAW LN,39.17359871,-86.51583572
2010,4,1,Weekend,900,1-Car,No injury/unknown,BRAKE FAILURE OR DEFECTIVE,W VERNAL PIKE,39.173584,-86.555272
2010,3,3,Weekday,1900,2-Car,No injury/unknown,FAILURE TO YIELD RIGHT OF WAY,10TH & 3840 TAMARRON DR,39.17358351,-86.48214089
2010,10,3,Weekday,900,2-Car,No injury/unknown,OTHER (DRIVER) - EXPLAIN IN NARRATIVE,EAST 10 ST & TAMARRON,39.17358351,-86.48214089
2010,1,7,Weekend,1200,2-Car,No injury/unknown,DISREGARD SIGNAL/REG SIGN,JORDAN AVE & LAW,39.173552,-86.515488
2010,2,4,Weekday,900,2-Car,No injury/unknown,UNSAFE BACKING,JORDAN & LAW LN,39.173552,-86.515488
2010,2,4,Weekday,2200,2-Car,Non-incapacitating,FAILURE TO YIELD RIGHT OF WAY,E LAW LN & N JORDAN,39.173552,-86.515488
2010,3,4,Weekday,1300,2-Car,No injury/unknown,UNSAFE BACKING,LAW LN & NORTH JORDAN,39.173552,-86.515488
2010,4,4,Weekday,1400,2-Car,No injury/unknown,OTHER (VEHICLE) - EXPLAIN IN NARRATIVE,N JORDAN AVE,39.173552,-86.515488
2010,6,2,Weekday,1500,2-Car,No injury/unknown,OTHER (DRIVER) - EXPLAIN IN NARRATIVE,EAST LAW & NORTH JORDAN AVE,39.173552,-86.515488
2010,10,5,Weekday,1800,Cyclist,Incapacitating,FAILURE TO YIELD RIGHT OF WAY,E LAW & N JORDAN AVE,39.173552,-86.515488
2010,11,2,Weekday,1900,2-Car,No injury/unknown,DRIVER DISTRACTED - EXPLAIN IN NARRATIVE,JORDAN AVE & LAW,39.173552,-86.515488
2010,11,3,Weekday,2100,2-Car,No injury/unknown,FAILURE TO YIELD RIGHT OF WAY,JORDAN & LAW LN,39.173552,-86.515488
2010,9,7,Weekend,100,1-Car,No injury/unknown,RAN OFF ROAD RIGHT,11TH ST & N LINCOLN,39.17344,-86.530992
2010,10,3,Weekday,1300,2-Car,Non-incapacitating,FAILURE TO YIELD RIGHT OF WAY,11TH & WOODLAWN AVE,39.17344,-86.523616
2010,10,6,Weekend,2200,2-Car,No injury/unknown,FAILURE TO YIELD RIGHT OF WAY,E 11TH & N INDIANA AVE,39.17344,-86.527056
2010,2,6,Weekday,1500,2-Car,No injury/unknown,,NORTH COLLEGE AVE,39.173432,-86.534798
2010,9,5,Weekday,900,2-Car,No injury/unknown,FAILURE TO YIELD RIGHT OF WAY,ELEVENTH & WOODLAWN AVE,39.17342,-86.52352
2010,4,6,Weekday,1500,2-Car,No injury/unknown,UNSAFE BACKING,EAST LAW LN & NORTH JORDAN,39.17341,-86.51544
2010,12,1,Weekend,1500,2-Car,No injury/unknown,SPEED TOO FAST FOR WEATHER CONDITIONS,JORDAN & LAW LN,39.17341,-86.51544
2010,12,4,Weekday,2300,2-Car,No injury/unknown,SPEED TOO FAST FOR WEATHER CONDITIONS,11TH ST & WALNUT GROVE,39.17341,-86.5210273
2010,12,4,Weekday,1400,1-Car,No injury/unknown,OTHER (VEHICLE) - EXPLAIN IN NARRATIVE,N JORDAN AVE,39.173409,-86.515439
2010,7,6,Weekday,1200,Moped/Motorcycle,Non-incapacitating,FAILURE TO YIELD RIGHT OF WAY,CHEROKEE & ROGERS ST,39.17339421,-86.53884
2010,6,4,Weekday,1800,2-Car,No injury/unknown,UNSAFE BACKING,W VERNAL PIKE,39.17336622,-86.55511956
2010,2,4,Weekday,1700,2-Car,No injury/unknown,OTHER (DRIVER) - EXPLAIN IN NARRATIVE,ILLINOIS CT & N ILLINOIS,39.173344,-86.550304
2010,2,4,Weekday,1600,2-Car,No injury/unknown,UNSAFE BACKING,W 11TH ST,39.173344,-86.54734825
2010,2,4,Weekday,700,2-Car,Non-incapacitating,FOLLOWING TOO CLOSELY,W  11TH & W VERNAL PIKE,39.173344,-86.555104
2010,4,5,Weekday,1100,Moped/Motorcycle,Non-incapacitating,BRAKE FAILURE OR DEFECTIVE,11TH ST & ADAMS,39.173344,-86.549792
2010,5,5,Weekday,1500,2-Car,No injury/unknown,FAILURE TO YIELD RIGHT OF WAY,W 11TH ST & W VERNAL,39.173344,-86.555104
2010,10,3,Weekday,1300,2-Car,No injury/unknown,FAILURE TO YIELD RIGHT OF WAY,ADAMS & W 11TH ST,39.173344,-86.549792
2010,12,2,Weekday,1900,1-Car,No injury/unknown,RAN OFF ROAD RIGHT,N SUMMITT & W 11TH ST,39.173344,-86.548192
2010,9,4,Weekday,1400,3+ Cars,Non-incapacitating,FAILURE TO YIELD RIGHT OF WAY,11TH & FEE LN,39.17332407,-86.51891649
2010,1,2,Weekday,2000,1-Car,No injury/unknown,SPEED TOO FAST FOR WEATHER CONDITIONS,N WALNUT & W 11TH ST,39.17328,-86.53359
2010,11,5,Weekday,2200,2-Car,No injury/unknown,,WEST 11TH ST,39.173269,-86.536476
2010,1,5,Weekday,1500,1-Car,No injury/unknown,UNSAFE SPEED,11TH ST & ROGERS,39.17326,-86.53858
2010,12,2,Weekday,1500,2-Car,No injury/unknown,OTHER (DRIVER) - EXPLAIN IN NARRATIVE,1218 W 11TH ST & NORTH ADAMS,39.17325908,-86.54984173
2010,3,5,Weekday,1500,2-Car,No injury/unknown,FOLLOWING TOO CLOSELY,11TH & WALNUT ST,39.173248,-86.533488
2010,2,6,Weekend,1900,2-Car,No injury/unknown,FOLLOWING TOO CLOSELY,NORTH COLLEGE AVE & WEST 11TH,39.173232,-86.534752
2010,2,3,Weekday,2300,2-Car,No injury/unknown,FOLLOWING TOO CLOSELY,11 TH ST & COLLEGE,39.173232,-86.534752
2010,5,7,Weekend,1200,2-Car,No injury/unknown,FAILURE TO YIELD RIGHT OF WAY,11TH ST & COLLEGE,39.173232,-86.534752
2010,9,1,Weekend,1300,2-Car,No injury/unknown,IMPROPER TURNING,11TH & COLLEGE AVE,39.173232,-86.534752
2010,10,2,Weekday,1300,2-Car,Non-incapacitating,FAILURE TO YIELD RIGHT OF WAY,11TH ST & COLLEGE,39.173232,-86.534752
2010,4,5,Weekday,1700,Moped/Motorcycle,Incapacitating,FAILURE TO YIELD RIGHT OF WAY,MORTON & W 11TH ST,39.173216,-86.536
2010,10,3,Weekday,1100,2-Car,No injury/unknown,UNSAFE BACKING,W 11TH ST ST,39.173216,-86.536
2010,12,4,Weekday,900,2-Car,No injury/unknown,DISREGARD SIGNAL/REG SIGN,11TH & ROGERS ST,39.173184,-86.538528
2010,3,4,Weekday,900,1-Car,No injury/unknown,RAN OFF ROAD RIGHT,11TH ST & FAIRVIEW,39.17315449,-86.5406236
2010,1,3,Weekday,1500,Bus,No injury/unknown,FOLLOWING TOO CLOSELY,FAIRVIEW & W 11TH ST,39.173152,-86.5408
2010,4,1,Weekend,1200,1-Car,Non-incapacitating,OTHER (VEHICLE) - EXPLAIN IN NARRATIVE,N FAIRVIEW & W 11TH ST,39.173152,-86.5408
2010,5,4,Weekday,600,1-Car,No injury/unknown,OTHER (DRIVER) - EXPLAIN IN NARRATIVE,N FAIRVIEW & W 11TH ST,39.173152,-86.5408
2010,5,5,Weekday,1200,2-Car,No injury/unknown,FAILURE TO YIELD RIGHT OF WAY,11TH ST & FAIRVIEW,39.173152,-86.5408
2010,7,6,Weekday,1800,2-Car,No injury/unknown,FAILURE TO YIELD RIGHT OF WAY,11TH ST & FAIRVIEW,39.173152,-86.5408
2010,9,3,Weekday,1700,2-Car,No injury/unknown,UNSAFE BACKING,LAW LN,39.172986,-86.513406
2010,4,3,Weekday,1500,2-Car,Incapacitating,OTHER (DRIVER) - EXPLAIN IN NARRATIVE,SR37N & VERNAL PIKE,39.17285105,-86.56762445
2010,4,1,Weekend,1500,2-Car,No injury/unknown,OTHER (DRIVER) - EXPLAIN IN NARRATIVE,N FEE LN,39.17281455,-86.51879273
2010,6,3,Weekday,1200,2-Car,No injury/unknown,UNSAFE BACKING,N FEE LN,39.17281455,-86.51879273
2010,8,4,Weekday,1600,2-Car,No injury/unknown,UNSAFE BACKING,N FEE LN,39.17281455,-86.51879273
2010,9,4,Weekday,1900,2-Car,No injury/unknown,IMPROPER TURNING,N FEE LN,39.17281455,-86.51879273
2010,10,7,Weekend,400,1-Car,No injury/unknown,,N INDIANA AVE,39.17277061,-86.52704261
2010,3,4,Weekday,1200,2-Car,No injury/unknown,DRIVER DISTRACTED - EXPLAIN IN NARRATIVE,800 N SMITH RD & E 10TH,39.172752,-86.482288
2010,3,4,Weekday,1400,2-Car,No injury/unknown,FOLLOWING TOO CLOSELY,E 10TH & SMITH RD,39.172752,-86.482288
2010,4,7,Weekend,1700,2-Car,No injury/unknown,FOLLOWING TOO CLOSELY,E 10TH ST & N SMITH,39.172752,-86.482288
2010,7,3,Weekday,1700,1-Car,No injury/unknown,RAN OFF ROAD RIGHT,10TH & N SMITH RD,39.172752,-86.482288
2010,8,1,Weekend,1300,1-Car,Non-incapacitating,OVERCORRECTING/OVERSTEERING,EAST 10TH ST & SMITH,39.172752,-86.482288
2010,12,4,Weekday,800,1-Car,No injury/unknown,SPEED TOO FAST FOR WEATHER CONDITIONS,10TH ST & SMITH,39.172752,-86.482288
2010,1,4,Weekday,1100,2-Car,Non-incapacitating,FAILURE TO YIELD RIGHT OF WAY,COTTAGE & INDIANA AVE,39.17264,-86.52704
2010,2,7,Weekend,300,2-Car,No injury/unknown,DISREGARD SIGNAL/REG SIGN,COTTAGE GROVE AVE & GRANT,39.17264,-86.529696
2010,2,3,Weekday,1700,2-Car,No injury/unknown,FAILURE TO YIELD RIGHT OF WAY,E COTTAGE GROVE AVE & N PARK,39.17264,-86.52464
2010,2,6,Weekday,1300,3+ Cars,No injury/unknown,DRIVER DISTRACTED - EXPLAIN IN NARRATIVE,621 N PLYMOUTH ST & BEACON,39.17264,-86.475872
2010,4,2,Weekday,1700,2-Car,Non-incapacitating,FAILURE TO YIELD RIGHT OF WAY,COTTAGE GROVE & INDIANA AVE,39.17264,-86.52704
2010,4,4,Weekday,1900,2-Car,No injury/unknown,FAILURE TO YIELD RIGHT OF WAY,COTTAGE GROVE & INDIANA AVE,39.17264,-86.52704
2010,4,6,Weekday,1500,2-Car,No injury/unknown,FAILURE TO YIELD RIGHT OF WAY,COTTAGE GROVE & INDIANA AVE,39.17264,-86.52704
2010,5,4,Weekday,1600,2-Car,No injury/unknown,DRIVER DISTRACTED - EXPLAIN IN NARRATIVE,COTTAGE GROVE & N WALNUT ST,39.17264,-86.533504
2010,11,5,Weekday,1100,2-Car,Non-incapacitating,FAILURE TO YIELD RIGHT OF WAY,COTTAGE GRV & FORREST,39.17264,-86.522432
2010,12,5,Weekday,1400,2-Car,No injury/unknown,FAILURE TO YIELD RIGHT OF WAY,COTTAGE GROVE & INDIANA AVE,39.17264,-86.52704
2010,11,2,Weekday,1500,2-Car,Non-incapacitating,FOLLOWING TOO CLOSELY,SOUTH LIBERTY DR & WEST 3RD,39.17252923,-86.57913641
2010,4,4,Weekday,1200,2-Car,No injury/unknown,FAILURE TO YIELD RIGHT OF WAY,NORTH FEE LN,39.17252825,-86.51891463
2010,7,6,Weekday,1500,1-Car,Non-incapacitating,STEERING FAILURE,FEE LN,39.172519,-86.51892
2010,12,6,Weekend,2300,2-Car,No injury/unknown,UNSAFE BACKING,NORTH UNION ST,39.172342,-86.509659
2010,2,5,Weekday,900,2-Car,No injury/unknown,SPEED TOO FAST FOR WEATHER CONDITIONS,LAW LN & UNION,39.17234,-86.50963405
2010,12,2,Weekday,1800,1-Car,No injury/unknown,IMPROPER TURNING,LAW LN & UNION,39.17234,-86.50966
2010,2,2,Weekday,300,2-Car,No injury/unknown,SPEED TOO FAST FOR WEATHER CONDITIONS,10TH & COLLEGE AVE,39.17229329,-86.53476209
2010,12,4,Weekday,700,1-Car,No injury/unknown,SPEED TOO FAST FOR WEATHER CONDITIONS,10TH ST & SMITH,39.17223204,-86.48308653
2010,11,4,Weekday,1400,2-Car,No injury/unknown,UNSAFE BACKING,N WOODBRIDGE DR,39.172189,-86.490871
2010,9,6,Weekday,0,2-Car,No injury/unknown,OTHER (DRIVER) - EXPLAIN IN NARRATIVE,EAST BARRINGTON DR,39.172154,-86.488497
2010,1,4,Weekday,1900,2-Car,No injury/unknown,UNSAFE BACKING,N UNION ST,39.172144,-86.509392
2010,8,1,Weekend,1400,1-Car,No injury/unknown,UNSAFE BACKING,N UNION ST,39.172144,-86.509392
2010,10,6,Weekend,1900,2-Car,No injury/unknown,UNSAFE BACKING,N UNION ST,39.172144,-86.509392
2010,8,4,Weekday,1500,2-Car,Non-incapacitating,FOLLOWING TOO CLOSELY,N CURRY PIKE & WELMIR,39.17211939,-86.5830023
2010,2,3,Weekday,300,2-Car,No injury/unknown,FAILURE TO YIELD RIGHT OF WAY,10TH & COLLEGE AVE,39.17201865,-86.53476505
2010,7,3,Weekday,1400,Moped/Motorcycle,No injury/unknown,LEFT OF CENTER,NORTH CURRY PKWY,39.17196,-86.582979
2010,9,2,Weekday,1400,2-Car,No injury/unknown,UNSAFE LANE MOVEMENT,CURRY PIKE & PROFILE,39.17196,-86.58298
2010,11,2,Weekday,2000,Cyclist,No injury/unknown,DISREGARD SIGNAL/REG SIGN,CURRY PIKE & PROFILE,39.17196,-86.58298
2010,5,3,Weekday,1700,1-Car,No injury/unknown,OTHER (DRIVER) - EXPLAIN IN NARRATIVE,N COLLEGE AVE,39.17189584,-86.53476637
2010,1,2,Weekday,1600,2-Car,No injury/unknown,UNSAFE BACKING,WEST WHITEHALL CROSSING BLVD,39.171876,-86.572446
2010,2,6,Weekday,1600,2-Car,No injury/unknown,UNSAFE BACKING,W WHITEHALL CROSSING BLVD,39.171867,-86.572395
2010,4,5,Weekday,1900,Pedestrian,Non-incapacitating,OTHER (DRIVER) - EXPLAIN IN NARRATIVE,W WHITEHALL CROSSING BLVD,39.171867,-86.572395
2010,1,4,Weekday,0,1-Car,Non-incapacitating,RAN OFF ROAD RIGHT,E 10TH ST & GRANDVIEW,39.17184,-86.487488
2010,2,6,Weekday,1500,2-Car,No injury/unknown,UNSAFE BACKING,N DANIELS WAY,39.171793,-86.598321
2010,4,3,Weekday,1200,2-Car,No injury/unknown,FAILURE TO YIELD RIGHT OF WAY,N MORTON ST,39.17177404,-86.536
2010,9,2,Weekday,1500,2-Car,No injury/unknown,FOLLOWING TOO CLOSELY,JONES & JORDAN AVE,39.1717448,-86.51641
2010,11,7,Weekend,0,2-Car,No injury/unknown,FAILURE TO YIELD RIGHT OF WAY,10TH STREET ST & WALNUT,39.171744,-86.53387285
2010,1,4,Weekday,1300,1-Car,No injury/unknown,ACCELERATOR FAILURE OR DEFECTIVE,10TH & WALNUT ST,39.171744,-86.53352
2010,1,1,Weekday,2000,2-Car,No injury/unknown,FAILURE TO YIELD RIGHT OF WAY,N COLLEGE AVE & W 10TH,39.171744,-86.534768
2010,1,2,Weekday,2100,2-Car,No injury/unknown,ROADWAY SURFACE CONDITION,N COLLEGE AVE & W 10TH,39.171744,-86.534768
2010,2,4,Weekday,1600,2-Car,No injury/unknown,UNSAFE LANE MOVEMENT,10TH & 531 N WALNUT ST,39.171744,-86.53352
2010,2,2,Weekday,2000,2-Car,No injury/unknown,FOLLOWING TOO CLOSELY,10TH & COLLEGE AVE,39.171744,-86.534768
2010,3,5,Weekday,2100,2-Car,No injury/unknown,DISREGARD SIGNAL/REG SIGN,10TH ST & COLLEGE,39.171744,-86.534768
2010,3,6,Weekday,1100,2-Car,No injury/unknown,UNSAFE LANE MOVEMENT,10TH & COLLEGE AVE,39.171744,-86.534768
2010,3,7,Weekend,300,1-Car,No injury/unknown,DRIVER DISTRACTED - EXPLAIN IN NARRATIVE,N WALNUT ST,39.171744,-86.53352
2010,4,1,Weekday,2200,2-Car,Non-incapacitating,FAILURE TO YIELD RIGHT OF WAY,10TH & WALNUT ST,39.171744,-86.53352
2010,4,5,Weekday,0,2-Car,No injury/unknown,FOLLOWING TOO CLOSELY,COLLEGE & E 10 ST,39.171744,-86.534768
2010,5,7,Weekend,400,1-Car,No injury/unknown,OVERCORRECTING/OVERSTEERING,N COLLEGE AVE,39.171744,-86.534768
2010,6,4,Weekday,1100,2-Car,No injury/unknown,FOLLOWING TOO CLOSELY,10TH & COLLEGE AVE,39.171744,-86.534768
2010,7,7,Weekend,700,2-Car,No injury/unknown,IMPROPER LANE USAGE,10TH & COLLEGE AVE,39.171744,-86.534768
2010,7,3,Weekday,1600,2-Car,No injury/unknown,FOLLOWING TOO CLOSELY,10TH & NORTH WALNUT ST,39.171744,-86.53352
2010,8,7,Weekend,1200,2-Car,No injury/unknown,FAILURE TO YIELD RIGHT OF WAY,10TH ST & COLLEGE,39.171744,-86.534768
2010,8,2,Weekday,1500,2-Car,No injury/unknown,LEFT OF CENTER,10TH & COLLEGE AVE,39.171744,-86.534768
2010,8,2,Weekday,2000,2-Car,No injury/unknown,DISREGARD SIGNAL/REG SIGN,10TH & WALNUT ST,39.171744,-86.53352
2010,9,7,Weekend,1000,2-Car,No injury/unknown,IMPROPER TURNING,10TH & COLLEGE AVE,39.171744,-86.534768
2010,9,6,Weekday,1400,2-Car,No injury/unknown,FOLLOWING TOO CLOSELY,N COLLEGE AVE & W 10TH,39.171744,-86.534768
2010,10,7,Weekend,1200,3+ Cars,No injury/unknown,SPEED TOO FAST FOR WEATHER CONDITIONS,10TH & 500 NORTH WALNUT ST,39.171744,-86.53352
2010,10,1,Weekend,900,2-Car,No injury/unknown,UNSAFE LANE MOVEMENT,10TH & COLLEGE AVE,39.171744,-86.534768
2010,11,7,Weekend,1800,2-Car,No injury/unknown,IMPROPER TURNING,10TH & COLLEGE AVE,39.171744,-86.534768
2010,11,4,Weekday,800,2-Car,Non-incapacitating,DISREGARD SIGNAL/REG SIGN,10TH ST ST & COLLEGE AVE,39.171744,-86.534768
2010,12,5,Weekday,1300,2-Car,No injury/unknown,DISREGARD SIGNAL/REG SIGN,10TH & COLLEGE AVE,39.171744,-86.534768
2010,4,4,Weekday,1400,2-Car,No injury/unknown,UNSAFE BACKING,NORTH WOODLAWN AVE,39.171742,-86.5235
2010,9,1,Weekend,1700,2-Car,No injury/unknown,UNSAFE BACKING,E 10TH ST,39.17173878,-86.53315429
2010,1,5,Weekday,900,1-Car,No injury/unknown,SPEED TOO FAST FOR WEATHER CONDITIONS,10TH ST & LINCOLN,39.171712,-86.530992
2010,11,6,Weekday,200,2-Car,No injury/unknown,DISREGARD SIGNAL/REG SIGN,10TH ST & LINCOLN,39.171712,-86.530992
2010,8,4,Weekday,1800,2-Car,No injury/unknown,,E 10TH ST,39.17170939,-86.53078041
2010,9,5,Weekday,1300,2-Car,No injury/unknown,UNSAFE BACKING,NORTH WALNUT ST,39.171704,-86.533578