Year,Month,Day,Weekend?,Hour,Collision Type,Injury Type,Primary Factor,Reported_Location,Latitude,Longitude
2010,4,6,Weekday,900,2-Car,No injury/unknown,,S FESS AVE,39.17170384,-86.52576065
2010,1,7,Weekend,300,2-Car,No injury/unknown,IMPROPER LANE USAGE,612  N GRANT ST & E 10TH,39.171696,-86.529696
2010,3,2,Weekday,900,2-Car,No injury/unknown,FAILURE TO YIELD RIGHT OF WAY,10TH ST & GRANT,39.171696,-86.529696
2010,10,6,Weekday,0,2-Car,Non-incapacitating,FAILURE TO YIELD RIGHT OF WAY,10TH ST & GRANT,39.171696,-86.529696
2010,3,6,Weekday,1600,Cyclist,Non-incapacitating,FAILURE TO YIELD RIGHT OF WAY,E 10TH & N DUNN ST,39.17168,-86.528256
2010,5,1,Weekend,300,1-Car,No injury/unknown,RAN OFF ROAD RIGHT,E 10TH & N DUNN ST,39.17168,-86.528256
2010,5,7,Weekend,400,1-Car,No injury/unknown,RAN OFF ROAD RIGHT,E 10TH & N DUNN ST,39.17168,-86.528256
2010,9,3,Weekday,1800,2-Car,Non-incapacitating,FOLLOWING TOO CLOSELY,10TH ST & INDIANA,39.17168,-86.527024
2010,10,2,Weekday,2200,Cyclist,Non-incapacitating,PEDESTRIAN ACTION,E 10TH ST & INDIANA,39.17168,-86.527024
2010,12,7,Weekend,1500,2-Car,No injury/unknown,FOLLOWING TOO CLOSELY,E 10TH ST & N DUNN,39.17168,-86.528256
2010,3,3,Weekday,900,2-Car,Incapacitating,FAILURE TO YIELD RIGHT OF WAY,EAST TENTH ST & FESS,39.171664,-86.52576
2010,4,1,Weekend,1500,Moped/Motorcycle,Non-incapacitating,FOLLOWING TOO CLOSELY,FESS & TENTH ST,39.171664,-86.52576
2010,4,7,Weekend,2000,2-Car,No injury/unknown,FAILURE TO YIELD RIGHT OF WAY,10TH ST & FESS,39.171664,-86.52576
2010,5,1,Weekday,1900,2-Car,No injury/unknown,FOLLOWING TOO CLOSELY,EAST 10TH ST & NORTH FESS,39.171664,-86.52576
2010,8,3,Weekday,1800,2-Car,No injury/unknown,DRIVER DISTRACTED - EXPLAIN IN NARRATIVE,10TH ST & FESS,39.171664,-86.52576
2010,2,6,Weekday,0,2-Car,No injury/unknown,FAILURE TO YIELD RIGHT OF WAY,N COLLEGE AVE & W 10 TH,39.17166,-86.53483
2010,3,6,Weekday,1700,1-Car,No injury/unknown,RAN OFF ROAD RIGHT,E TENTH ST,39.171659,-86.533453
2010,3,2,Weekday,2000,2-Car,Non-incapacitating,OTHER (DRIVER) - EXPLAIN IN NARRATIVE,1OTH ST & INDIANA,39.17165433,-86.52688265
2010,8,4,Weekday,2000,2-Car,No injury/unknown,FAILURE TO YIELD RIGHT OF WAY,10TH ST & WASHINGTON,39.17165,-86.53233
2010,1,2,Weekday,2200,1-Car,No injury/unknown,SPEED TOO FAST FOR WEATHER CONDITIONS,10TH ST & JEFFERSON,39.17164801,-86.50673515
2010,6,1,Weekday,2000,1-Car,No injury/unknown,SPEED TOO FAST FOR WEATHER CONDITIONS,10TH ST & JEFFERSON,39.17164801,-86.50673515
2010,10,3,Weekday,1000,1-Car,No injury/unknown,OTHER (DRIVER) - EXPLAIN IN NARRATIVE,10TH ST & JEFFERSON,39.17164801,-86.50682337
2010,12,5,Weekday,100,2-Car,No injury/unknown,OTHER (DRIVER) - EXPLAIN IN NARRATIVE,10TH ST & JEFFERSON,39.171648,-86.50691158
2010,1,7,Weekend,500,1-Car,Non-incapacitating,ANIMAL/OBJECT IN ROADWAY,E 10TH & SR45 46,39.171648,-86.502096
2010,1,4,Weekday,1800,2-Car,No injury/unknown,LEFT OF CENTER,10TH & STATE ROAD 45 46 BYP,39.171648,-86.502096
2010,1,2,Weekday,2200,2-Car,No injury/unknown,ROADWAY SURFACE CONDITION,10TH ST & JEFFERSON,39.171648,-86.507088
2010,2,2,Weekday,1500,2-Car,No injury/unknown,UNSAFE BACKING,E 10TH ST,39.171648,-86.50435515
2010,2,5,Weekday,1600,2-Car,Non-incapacitating,FOLLOWING TOO CLOSELY,EAST 10TH & STATE ROAD 45 46 BYP,39.171648,-86.502096
2010,2,4,Weekday,1700,Pedestrian,Non-incapacitating,FAILURE TO YIELD RIGHT OF WAY,10TH ST & PARK,39.171648,-86.524608
2010,1,6,Weekend,2300,2-Car,Non-incapacitating,DRIVER DISTRACTED - EXPLAIN IN NARRATIVE,10TH & SR46N,39.171648,-86.502096
2010,1,5,Weekday,2200,2-Car,No injury/unknown,LEFT OF CENTER,10TH & SR46S,39.171648,-86.502096
2010,3,6,Weekday,1400,2-Car,Non-incapacitating,FOLLOWING TOO CLOSELY,10TH & SR45 46S,39.171648,-86.502096
2010,3,7,Weekend,1600,2-Car,Non-incapacitating,OTHER (DRIVER) - EXPLAIN IN NARRATIVE,10TH & STATE RD 45 46 BYP,39.171648,-86.502096
2010,4,4,Weekday,1800,2-Car,No injury/unknown,FAILURE TO YIELD RIGHT OF WAY,10TH & SR46E,39.171648,-86.502096
2010,4,4,Weekday,1800,3+ Cars,No injury/unknown,FOLLOWING TOO CLOSELY,E 10TH ST & PARK,39.171648,-86.524608
2010,4,7,Weekend,1600,3+ Cars,No injury/unknown,FAILURE TO YIELD RIGHT OF WAY,10TH ST & PARK,39.171648,-86.524608
2010,4,2,Weekday,1400,Pedestrian,Non-incapacitating,OTHER (DRIVER) - EXPLAIN IN NARRATIVE,E 10TH ST,39.171648,-86.502096
2010,5,5,Weekday,1500,2-Car,No injury/unknown,UNSAFE BACKING,E 10TH & N JEFFERSON ST,39.171648,-86.507088
2010,5,1,Weekend,1400,3+ Cars,No injury/unknown,FOLLOWING TOO CLOSELY,10TH & SR46W,39.171648,-86.502096
2010,5,3,Weekday,900,2-Car,Non-incapacitating,FAILURE TO YIELD RIGHT OF WAY,500 N JEFFERSON & EAST TENTH ST,39.171648,-86.507088
2010,6,2,Weekday,1400,1-Car,No injury/unknown,ROADWAY SURFACE CONDITION,10TH ST & JEFFERSON,39.171648,-86.507088
2010,8,5,Weekday,1800,2-Car,No injury/unknown,FAILURE TO YIELD RIGHT OF WAY,E 10TH & SR46,39.171648,-86.502096
2010,9,4,Weekday,1700,2-Car,Non-incapacitating,FAILURE TO YIELD RIGHT OF WAY,10TH ST & PARK,39.171648,-86.524608
2010,9,4,Weekday,1700,3+ Cars,No injury/unknown,FOLLOWING TOO CLOSELY,E 10TH & SR46S,39.171648,-86.502096
2010,11,5,Weekday,300,1-Car,Non-incapacitating,RAN OFF ROAD RIGHT,E 10TH ST & N JEFFERSON,39.171648,-86.507088
2010,11,4,Weekday,1800,2-Car,No injury/unknown,IMPROPER LANE USAGE,10TH & SR46E,39.171648,-86.502096
2010,12,6,Weekday,1600,2-Car,No injury/unknown,,E 10TH ST,39.171648,-86.502096
2010,12,4,Weekday,1300,2-Car,No injury/unknown,OTHER (DRIVER) - EXPLAIN IN NARRATIVE,E TENTH ST,39.17164,-86.523488
2010,10,4,Weekday,1600,2-Car,No injury/unknown,UNSAFE BACKING,E 10TH ST,39.17163861,-86.50163896
2010,9,4,Weekday,1800,2-Car,No injury/unknown,OTHER (DRIVER) - EXPLAIN IN NARRATIVE,E 10TH ST,39.17163691,-86.51839554
2010,10,6,Weekend,2200,2-Car,Non-incapacitating,FOLLOWING TOO CLOSELY,10TH ST & WALNUT,39.17163691,-86.52097735
2010,1,7,Weekend,200,2-Car,No injury/unknown,FAILURE TO YIELD RIGHT OF WAY,10TH ST & WOODLAWN,39.171632,-86.523536
2010,1,5,Weekday,1800,2-Car,Non-incapacitating,FAILURE TO YIELD RIGHT OF WAY,10TH ST & WOODLAWN,39.171632,-86.523536
2010,2,2,Weekday,2300,2-Car,No injury/unknown,FAILURE TO YIELD RIGHT OF WAY,600 N WOODLAWN & 900 E 10TH ST,39.171632,-86.523536
2010,3,4,Weekday,2200,3+ Cars,No injury/unknown,FOLLOWING TOO CLOSELY,E 10TH ST & WOODLAWN,39.171632,-86.523536
2010,3,2,Weekday,1700,2-Car,Non-incapacitating,FAILURE TO YIELD RIGHT OF WAY,10TH ST & WOODLAWN,39.171632,-86.523536
2010,4,3,Weekday,1800,2-Car,No injury/unknown,FOLLOWING TOO CLOSELY,10TH ST & WOODLAWN,39.171632,-86.523536
2010,6,2,Weekday,1800,2-Car,No injury/unknown,FOLLOWING TOO CLOSELY,10TH & WOODLAWN AVE,39.171632,-86.523536
2010,8,5,Weekday,1200,2-Car,No injury/unknown,FAILURE TO YIELD RIGHT OF WAY,10TH ST & WOODLAWN,39.171632,-86.523536
2010,9,7,Weekend,2100,2-Car,No injury/unknown,DRIVER DISTRACTED - EXPLAIN IN NARRATIVE,10TH ST & WOODLAWN,39.171632,-86.523536
2010,12,3,Weekday,1400,2-Car,No injury/unknown,OTHER (DRIVER) - EXPLAIN IN NARRATIVE,E 10TH & N WOODLAWN AVE,39.171632,-86.523536
2010,11,2,Weekday,2100,2-Car,No injury/unknown,SPEED TOO FAST FOR WEATHER CONDITIONS,10TH ST & WOODLAWN,39.17163001,-86.52339488
2010,1,4,Weekday,1200,2-Car,No injury/unknown,FOLLOWING TOO CLOSELY,FORREST & TENTH ST,39.17163,-86.52238
2010,1,4,Weekday,1200,2-Car,Non-incapacitating,UNSAFE SPEED,10TH ST & FORREST,39.17163,-86.52238
2010,12,4,Weekday,1000,2-Car,No injury/unknown,FOLLOWING TOO CLOSELY,10TH ST & FORREST,39.17163,-86.52238
2010,7,3,Weekday,1700,2-Car,No injury/unknown,UNSAFE BACKING,10TH & FORREST AVE,39.171616,-86.5224
2010,9,4,Weekday,1300,2-Car,No injury/unknown,UNSAFE BACKING,E 10TH ST,39.171616,-86.5224
2010,11,6,Weekend,2300,2-Car,No injury/unknown,IMPROPER TURNING,10TH & FORREST AVE,39.171616,-86.5224
2010,7,4,Weekday,1000,2-Car,No injury/unknown,OTHER (DRIVER) - EXPLAIN IN NARRATIVE,EAST TENTH ST,39.17161,-86.518435
2010,11,4,Weekday,1400,2-Car,No injury/unknown,UNSAFE BACKING,1309 E 10TH (N PARKING LOT) ST & FEE,39.17161,-86.5186853
2010,3,4,Weekday,1700,2-Car,No injury/unknown,FAILURE TO YIELD RIGHT OF WAY,10TH & UNION ST,39.1716093,-86.50937927
2010,1,3,Weekday,800,1-Car,No injury/unknown,UNSAFE BACKING,E TENTH ST,39.171609,-86.518314
2010,2,2,Weekday,900,2-Car,No injury/unknown,OTHER (ENVIRONMENTAL) - EXPLAIN IN NARR,EAST TENTH ST,39.171609,-86.518314
2010,2,2,Weekday,1400,2-Car,No injury/unknown,UNSAFE BACKING,EAST TENTH ST,39.171609,-86.518314
2010,5,4,Weekday,1500,2-Car,No injury/unknown,UNSAFE BACKING,EAST 10TH ST,39.171609,-86.518314
2010,5,1,Weekday,2100,2-Car,No injury/unknown,RAN OFF ROAD RIGHT,E 10TH ST,39.171609,-86.518314
2010,8,2,Weekday,1900,2-Car,No injury/unknown,OTHER (DRIVER) - EXPLAIN IN NARRATIVE,EAST 10TH ST,39.171609,-86.518314
2010,10,3,Weekday,0,2-Car,No injury/unknown,UNSAFE BACKING,EAST 10TH ST,39.171609,-86.518314
2010,10,5,Weekday,1800,2-Car,No injury/unknown,UNSAFE BACKING,E 10TH ST,39.171609,-86.518314
2010,2,3,Weekday,200,1-Car,No injury/unknown,OVERCORRECTING/OVERSTEERING,1100  E 10TH ST & WALNUT GROVE,39.1716,-86.520896
2010,2,3,Weekday,1300,2-Car,No injury/unknown,UNSAFE SPEED,10TH ST & WALNUT,39.17159809,-86.52063138
2010,1,5,Weekday,1200,2-Car,Non-incapacitating,FOLLOWING TOO CLOSELY,10TH ST & SR46,39.17159731,-86.49962693
2010,1,4,Weekday,800,1-Car,No injury/unknown,ROADWAY SURFACE CONDITION,CAMPBELL & EAST TENTH ST,39.17159,-86.51394
2010,3,7,Weekend,1600,2-Car,No injury/unknown,OTHER (DRIVER) - EXPLAIN IN NARRATIVE,EAST 10TH ST,39.17159,-86.513939
2010,5,3,Weekday,1700,2-Car,No injury/unknown,FOLLOWING TOO CLOSELY,10TH ST & CAMPBELL,39.17159,-86.51394
2010,11,3,Weekday,2200,2-Car,No injury/unknown,FOLLOWING TOO CLOSELY,EAST 10TH & NORTH JORDAN AVE,39.17159,-86.51566
2010,12,1,Weekday,2000,2-Car,No injury/unknown,FOLLOWING TOO CLOSELY,10TH ST & JORDAN,39.17159,-86.51565567
2010,1,1,Weekday,2100,2-Car,No injury/unknown,OTHER (DRIVER) - EXPLAIN IN NARRATIVE,E 10TH ST & N FEE,39.171584,-86.518688
2010,1,1,Weekend,0,2-Car,No injury/unknown,FAILURE TO YIELD RIGHT OF WAY,10TH ST & FEE,39.171584,-86.518688
2010,2,2,Weekday,1600,2-Car,No injury/unknown,SPEED TOO FAST FOR WEATHER CONDITIONS,E 10TH ST & FEE,39.171584,-86.518688
2010,4,5,Weekday,1900,2-Car,No injury/unknown,FOLLOWING TOO CLOSELY,E 10TH ST & N FEE,39.171584,-86.518688
2010,6,4,Weekday,1400,2-Car,No injury/unknown,FOLLOWING TOO CLOSELY,E 10TH ST & N FEE,39.171584,-86.518688
2010,7,7,Weekend,2300,1-Car,Non-incapacitating,OBSTRUCTION NOT MARKED,E 10TH ST & N FEE,39.171584,-86.518688
2010,8,6,Weekday,1200,2-Car,Non-incapacitating,FOLLOWING TOO CLOSELY,EAST TENTH ST & FEE,39.171584,-86.518688
2010,9,4,Weekday,1800,Moped/Motorcycle,Non-incapacitating,FAILURE TO YIELD RIGHT OF WAY,E 10TH ST & N FEE,39.171584,-86.518688
2010,9,3,Weekday,1500,Cyclist,Non-incapacitating,FAILURE TO YIELD RIGHT OF WAY,11TH ST & FEE,39.171584,-86.518688
2010,10,6,Weekend,2100,2-Car,No injury/unknown,FAILURE TO YIELD RIGHT OF WAY,10TH ST & FEE,39.171584,-86.518688
2010,10,7,Weekend,1600,2-Car,No injury/unknown,CELL PHONE USAGE,11TH ST & FEE,39.171584,-86.518688
2010,11,2,Weekday,1800,2-Car,No injury/unknown,FOLLOWING TOO CLOSELY,10TH ST & FEE,39.171584,-86.518688
2010,3,3,Weekday,1700,2-Car,No injury/unknown,FOLLOWING TOO CLOSELY,10TH ST & SUNRISE,39.17158,-86.51250595
2010,3,5,Weekday,1200,3+ Cars,Non-incapacitating,CELL PHONE USAGE,10TH ST & SUNRISE,39.17158,-86.51248649
2010,4,7,Weekend,0,1-Car,Non-incapacitating,UNSAFE SPEED,10TH ST & SUNRISE,39.17158,-86.51248
2010,6,5,Weekday,1600,2-Car,No injury/unknown,FOLLOWING TOO CLOSELY,10TH ST & SUNRISE,39.17158,-86.51248
2010,8,3,Weekday,1700,2-Car,No injury/unknown,FOLLOWING TOO CLOSELY,E 10TH ST & N SUNRISE,39.17158,-86.51248433
2010,9,4,Weekday,1800,2-Car,No injury/unknown,FOLLOWING TOO CLOSELY,10TH ST & SUNRISE,39.17158,-86.51248
2010,9,6,Weekday,1400,3+ Cars,No injury/unknown,FOLLOWING TOO CLOSELY,10TH ST & SUNRISE,39.17158,-86.51248
2010,9,2,Weekday,1900,2-Car,No injury/unknown,FOLLOWING TOO CLOSELY,EAST 10TH ST & SUNRISE,39.17158,-86.51248
2010,10,7,Weekend,1200,2-Car,No injury/unknown,SPEED TOO FAST FOR WEATHER CONDITIONS,10TH ST & SUNRISE,39.17158,-86.51248
2010,10,5,Weekday,2200,2-Car,No injury/unknown,OTHER (DRIVER) - EXPLAIN IN NARRATIVE,EAST 10TH ST,39.17158,-86.512479
2010,10,7,Weekend,2300,2-Car,No injury/unknown,FOLLOWING TOO CLOSELY,10TH ST & SUNRISE,39.17158,-86.51248
2010,10,7,Weekend,1600,2-Car,No injury/unknown,FOLLOWING TOO CLOSELY,E 10TH ST & SUNRISE,39.17158,-86.51248
2010,12,2,Weekday,1500,2-Car,No injury/unknown,UNSAFE BACKING,10TH & SUNRISE AVE,39.17158,-86.51248
2010,1,5,Weekday,1700,3+ Cars,No injury/unknown,DRIVER DISTRACTED - EXPLAIN IN NARRATIVE,10TH ST & FEE,39.17157828,-86.51815878
2010,1,3,Weekday,1600,2-Car,Non-incapacitating,FAILURE TO YIELD RIGHT OF WAY,E 10TH ST,39.17157747,-86.51808392
2010,9,3,Weekday,1800,Cyclist,Non-incapacitating,WRONG WAY ON ONE WAY,E 10TH ST,39.17157747,-86.51808392
2010,9,6,Weekend,2200,2-Car,No injury/unknown,,E 10TH ST,39.17157747,-86.51808392
2010,11,2,Weekday,1100,1-Car,No injury/unknown,UNSAFE BACKING,E 10TH ST,39.17157747,-86.51808392
2010,2,4,Weekday,1600,Bus,No injury/unknown,DRIVER DISTRACTED - EXPLAIN IN NARRATIVE,10TH ST & FEE,39.17157638,-86.51798237
2010,11,2,Weekday,1800,2-Car,No injury/unknown,FOLLOWING TOO CLOSELY,10TH ST & FEE,39.17157638,-86.51798237
2010,7,6,Weekday,600,1-Car,No injury/unknown,OBSTRUCTION NOT MARKED,10TH ST & JORDAN,39.17156345,-86.51678644
2010,8,7,Weekend,500,1-Car,Non-incapacitating,RAN OFF ROAD RIGHT,10TH ST & JORDAN,39.17155964,-86.51643363
2010,4,3,Weekday,0,2-Car,No injury/unknown,OTHER (DRIVER) - EXPLAIN IN NARRATIVE,EAST TENTH ST,39.171558,-86.510279
2010,12,5,Weekday,1800,2-Car,No injury/unknown,IMPROPER PASSING,10TH ST & JORDAN,39.17155582,-86.51608081
2010,2,4,Weekday,900,2-Car,No injury/unknown,UNSAFE BACKING,1900 E 10TH (EIGENMANN S DR) ST & UNION,39.17155495,-86.50946165
2010,3,3,Weekday,800,2-Car,No injury/unknown,FAILURE TO YIELD RIGHT OF WAY,E 10TH ST & SR 46,39.17155495,-86.50224214
2010,6,1,Weekend,1100,2-Car,No injury/unknown,DISREGARD SIGNAL/REG SIGN,10TH ST & SR46N,39.17155495,-86.50224214
2010,6,1,Weekend,1300,2-Car,No injury/unknown,FAILURE TO YIELD RIGHT OF WAY,SR45N & TENTH,39.17155495,-86.50224214
2010,7,5,Weekday,700,2-Car,No injury/unknown,FOLLOWING TOO CLOSELY,E 10TH ST & SR 45 46,39.17155495,-86.50224214
2010,8,6,Weekday,700,2-Car,Non-incapacitating,FAILURE TO YIELD RIGHT OF WAY,10TH ST & SR46E,39.17155495,-86.50229404
2010,12,6,Weekday,1200,2-Car,Non-incapacitating,OTHER (DRIVER) - EXPLAIN IN NARRATIVE,10TH & SR46S,39.17155495,-86.50224214
2010,1,6,Weekday,1600,3+ Cars,Non-incapacitating,FOLLOWING TOO CLOSELY,10TH ST & RANGE,39.17155281,-86.4974281
2010,1,1,Weekend,900,2-Car,No injury/unknown,FOLLOWING TOO CLOSELY,1400 EAST TENTH ST & 600 NORTH JORDAN,39.171552,-86.515728
2010,2,2,Weekday,1700,Bus,No injury/unknown,SPEED TOO FAST FOR WEATHER CONDITIONS,10TH & JORDAN AVE,39.171552,-86.515728
2010,2,2,Weekday,1700,2-Car,No injury/unknown,SPEED TOO FAST FOR WEATHER CONDITIONS,EAST 10TH & JORDAN AVE,39.171552,-86.515728
2010,2,6,Weekday,1300,2-Car,No injury/unknown,UNSAFE BACKING,10TH & JORDAN AVE,39.171552,-86.515728
2010,5,1,Weekend,1800,2-Car,No injury/unknown,FAILURE TO YIELD RIGHT OF WAY,10TH & JORDAN AVE,39.171552,-86.515728
2010,5,1,Weekend,1700,Pedestrian,Non-incapacitating,OTHER (DRIVER) - EXPLAIN IN NARRATIVE,10TH ST & JORDAN,39.171552,-86.515728
2010,10,4,Weekday,1900,2-Car,Non-incapacitating,FAILURE TO YIELD RIGHT OF WAY,10TH & JORDAN AVE,39.171552,-86.515728
2010,10,7,Weekend,1400,2-Car,No injury/unknown,IMPROPER LANE USAGE,E 10TH ST & JORDAN,39.171552,-86.515728
2010,10,7,Weekend,800,2-Car,No injury/unknown,DISREGARD SIGNAL/REG SIGN,10TH & JORDAN AVE,39.171552,-86.515728
2010,10,6,Weekend,2100,2-Car,No injury/unknown,IMPROPER LANE USAGE,10TH ST & JORDAN,39.171552,-86.515728
2010,11,2,Weekday,1800,2-Car,No injury/unknown,FOLLOWING TOO CLOSELY,10TH ST & JORDAN,39.171552,-86.515728
2010,4,2,Weekday,1300,2-Car,No injury/unknown,UNSAFE BACKING,JORDAN & TENTH ST,39.17155153,-86.5156498
2010,9,3,Weekday,1900,2-Car,No injury/unknown,FAILURE TO YIELD RIGHT OF WAY,EAST 10TH & NORTH UNION ST,39.17155,-86.50945
2010,9,6,Weekday,1800,Moped/Motorcycle,Non-incapacitating,DRIVER DISTRACTED - EXPLAIN IN NARRATIVE,SR45,39.17154828,-86.49329066
2010,12,3,Weekday,800,2-Car,No injury/unknown,OVERCORRECTING/OVERSTEERING,EAST TENTH ST,39.171547,-86.499113
2010,9,4,Weekday,1100,2-Car,No injury/unknown,FOLLOWING TOO CLOSELY,2800 EAST 10 ST ST,39.171539,-86.498632
2010,9,1,Weekday,2300,1-Car,No injury/unknown,ANIMAL/OBJECT IN ROADWAY,FLEENER RD & HASH,39.17153535,-86.4017051
2010,8,5,Weekday,1700,2-Car,No injury/unknown,DRIVER DISTRACTED - EXPLAIN IN NARRATIVE,E TENTH ST,39.171535,-86.501929
2010,2,2,Weekday,1300,2-Car,No injury/unknown,UNSAFE BACKING,E TENTH ST,39.171532,-86.502078
2010,1,3,Weekday,1900,2-Car,No injury/unknown,FOLLOWING TOO CLOSELY,2600 E 10TH ST & SR 45 46,39.17153,-86.5022263
2010,5,2,Weekday,2100,1-Car,No injury/unknown,RAN OFF ROAD RIGHT,10TH ST & PETE ELLIS,39.17151537,-86.49566454
2010,9,5,Weekday,900,2-Car,No injury/unknown,FOLLOWING TOO CLOSELY,10TH ST & PETE ELLIS,39.17151537,-86.49566454
2010,2,3,Weekday,800,2-Car,No injury/unknown,OTHER (DRIVER) - EXPLAIN IN NARRATIVE,E 10TH ST,39.171504,-86.49504533
2010,2,3,Weekday,1600,3+ Cars,Non-incapacitating,FOLLOWING TOO CLOSELY,10TH ST & PETE ELLIS,39.171504,-86.49460631
2010,3,3,Weekday,2100,2-Car,No injury/unknown,FOLLOWING TOO CLOSELY,E 10TH ST & PETE ELLIS,39.171504,-86.495312
2010,3,6,Weekday,1200,2-Car,No injury/unknown,FOLLOWING TOO CLOSELY,3200 E 10TH ST & N RANGE,39.171504,-86.495312
2010,4,4,Weekday,200,1-Car,No injury/unknown,RAN OFF ROAD RIGHT,E 10TH ST ST,39.171504,-86.512288
2010,5,2,Weekday,300,1-Car,Non-incapacitating,LEFT OF CENTER,E 10TH ST & N RANGE,39.171504,-86.495312
2010,7,1,Weekend,1300,2-Car,No injury/unknown,IMPROPER TURNING,E 10TH ST & RANGE,39.171504,-86.495312
2010,7,5,Weekday,1700,Cyclist,Non-incapacitating,OTHER (DRIVER) - EXPLAIN IN NARRATIVE,E 10TH ST & JOHN HINKLE,39.171504,-86.49296
2010,8,6,Weekend,1900,2-Car,No injury/unknown,UNSAFE SPEED,E 10TH ST,39.171504,-86.49509867
2010,10,3,Weekday,1700,2-Car,No injury/unknown,FAILURE TO YIELD RIGHT OF WAY,E 10TH ST & PETE ELLIS,39.171504,-86.495312
2010,10,1,Weekend,1100,2-Car,No injury/unknown,FAILURE TO YIELD RIGHT OF WAY,10TH ST & PETE ELLIS,39.171504,-86.495312
2010,11,4,Weekday,1800,2-Car,No injury/unknown,IMPROPER PASSING,EAST 10TH ST & JOHN HINKLE,39.171504,-86.49296
2010,5,5,Weekday,1600,3+ Cars,Non-incapacitating,FOLLOWING TOO CLOSELY,E 10TH (SR45) ST & RANGE,39.17149,-86.4953281
2010,4,6,Weekend,1900,2-Car,No injury/unknown,UNSAFE BACKING,E 10TH ST,39.17148274,-86.51035318
2010,4,1,Weekend,1300,2-Car,Non-incapacitating,SPEED TOO FAST FOR WEATHER CONDITIONS,10TH ST & UNION,39.17147588,-86.50972881
2010,5,7,Weekend,1900,2-Car,Non-incapacitating,DISREGARD SIGNAL/REG SIGN,EAST 10TH ST & NORTH UNION,39.171472,-86.509376
2010,8,3,Weekday,2100,2-Car,No injury/unknown,OTHER (DRIVER) - EXPLAIN IN NARRATIVE,EAST 10TH ST & NORTH UNION,39.171472,-86.509376
2010,9,3,Weekday,1500,2-Car,No injury/unknown,FAILURE TO YIELD RIGHT OF WAY,E 10TH ST & N UNION,39.171472,-86.509376
2010,10,7,Weekend,400,2-Car,No injury/unknown,FAILURE TO YIELD RIGHT OF WAY,10TH ST & UNION,39.171472,-86.509376
2010,12,1,Weekend,800,2-Car,No injury/unknown,ROADWAY SURFACE CONDITION,E 10TH ST,39.171472,-86.509376
2010,10,6,Weekday,1000,2-Car,No injury/unknown,IMPROPER TURNING,10TH & COLLEGE AVE,39.17146934,-86.534768
2010,10,1,Weekend,200,2-Car,No injury/unknown,UNSAFE BACKING,10TH ST & UNION,39.17146707,-86.50902321
2010,12,1,Weekend,1500,2-Car,No injury/unknown,SPEED TOO FAST FOR WEATHER CONDITIONS,10TH ST & JEFFERSON,39.17141,-86.50721
2010,10,1,Weekend,1200,2-Car,No injury/unknown,FOLLOWING TOO CLOSELY,10TH & ROGERS ST,39.1714,-86.5386
2010,1,6,Weekday,1500,2-Car,No injury/unknown,FAILURE TO YIELD RIGHT OF WAY,10TH & UNION ST,39.17137588,-86.50937413
2010,6,6,Weekday,1200,2-Car,No injury/unknown,OTHER (DRIVER) - EXPLAIN IN NARRATIVE,E JOHN HINKLE PL,39.171344,-86.49296
2010,1,1,Weekend,700,1-Car,No injury/unknown,SPEED TOO FAST FOR WEATHER CONDITIONS,N SMITH RD,39.171248,-86.481328
2010,9,5,Weekday,1600,2-Car,No injury/unknown,UNSAFE BACKING,N ADAMS ST & W 10TH,39.171248,-86.549696
2010,3,3,Weekday,2000,2-Car,No injury/unknown,FOLLOWING TOO CLOSELY,7TH & FORREST AVE,39.17110474,-86.52105931
2010,11,1,Weekend,100,2-Car,No injury/unknown,IMPROPER TURNING,10TH & UNION ST,39.17106006,-86.509368
2010,1,5,Weekday,1100,1-Car,No injury/unknown,RAN OFF ROAD RIGHT,SR48W & STATE ROAD 43,39.17095389,-86.68193883
2010,12,6,Weekday,900,1-Car,No injury/unknown,SPEED TOO FAST FOR WEATHER CONDITIONS,SR43N & SR48W,39.17095389,-86.68152709
2010,11,6,Weekday,1600,2-Car,No injury/unknown,FAILURE TO YIELD RIGHT OF WAY,GATES DR & WEST 3RD,39.17093965,-86.57621992
2010,1,2,Weekday,800,2-Car,No injury/unknown,FOLLOWING TOO CLOSELY,SR37S & WHITEHALL CROSSING,39.17092315,-86.57029132
2010,11,7,Weekend,2100,2-Car,No injury/unknown,IMPROPER TURNING,9TH & DUNN ST,39.17081864,-86.52824387
2010,8,3,Weekday,1100,1-Car,No injury/unknown,IMPROPER TURNING,N WASHINGTON ST ST,39.17071314,-86.5324
2010,10,5,Weekday,1200,2-Car,No injury/unknown,IMPROPER LANE USAGE,9TH & FESS AVE,39.17068129,-86.52573192
2010,8,5,Weekday,1800,2-Car,No injury/unknown,OTHER (DRIVER) - EXPLAIN IN NARRATIVE,SR43S & SR48W,39.17064,-86.680896
2010,2,2,Weekday,1500,2-Car,No injury/unknown,,N JACOBS DR,39.170623,-86.572334
2010,1,1,Weekday,1900,2-Car,No injury/unknown,FAILURE TO YIELD RIGHT OF WAY,9TH & N DUNN ST,39.170544,-86.52824