Year,Month,Day,Weekend?,Hour,Collision Type,Injury Type,Primary Factor,Reported_Location,Latitude,Longitude
2010,1,6,Weekday,1500,2-Car,No injury/unknown,FAILURE TO YIELD RIGHT OF WAY,9TH & COLLEGE AVE,39.170544,-86.534768
2010,1,7,Weekend,1900,2-Car,No injury/unknown,IMPROPER LANE USAGE,9TH & N COLLEGE AVE,39.170544,-86.534768
2010,2,6,Weekday,1300,2-Car,Non-incapacitating,FAILURE TO YIELD RIGHT OF WAY,9TH & LINCOLN ST,39.170544,-86.530992
2010,4,7,Weekend,2300,2-Car,No injury/unknown,FAILURE TO YIELD RIGHT OF WAY,9TH & WALNUT ST,39.170544,-86.533536
2010,4,5,Weekday,1000,2-Car,Non-incapacitating,FAILURE TO YIELD RIGHT OF WAY,9TH & LINCOLN ST,39.170544,-86.530992
2010,4,7,Weekend,1700,2-Car,No injury/unknown,IMPROPER LANE USAGE,9TH & COLLEGE AVE,39.170544,-86.534768
2010,4,3,Weekday,1200,2-Car,No injury/unknown,UNSAFE LANE MOVEMENT,9TH & COLLEGE AVE,39.170544,-86.534768
2010,4,6,Weekday,100,2-Car,No injury/unknown,FAILURE TO YIELD RIGHT OF WAY,9TH & DUNN ST,39.170544,-86.52824
2010,5,4,Weekday,1400,2-Car,No injury/unknown,FAILURE TO YIELD RIGHT OF WAY,9TH & N GRANT ST,39.170544,-86.529696
2010,6,3,Weekday,1300,Cyclist,Non-incapacitating,PEDESTRIAN ACTION,9TH & COLLEGE AVE,39.170544,-86.534768
2010,8,1,Weekend,1100,2-Car,No injury/unknown,IMPROPER LANE USAGE,N COLEGE AVE & W 9TH,39.170544,-86.534768
2010,9,2,Weekday,1500,2-Car,No injury/unknown,UNSAFE LANE MOVEMENT,COLLEGE AVE & W 9TH,39.170544,-86.534768
2010,9,2,Weekday,1600,2-Car,No injury/unknown,FAILURE TO YIELD RIGHT OF WAY,9TH & INDIANA AVE,39.170544,-86.526992
2010,9,6,Weekday,200,2-Car,No injury/unknown,DISREGARD SIGNAL/REG SIGN,E 9TH & N INDIANA AVE,39.170544,-86.526992
2010,10,5,Weekday,900,2-Car,No injury/unknown,FAILURE TO YIELD RIGHT OF WAY,9TH & GRANT ST,39.170544,-86.529696
2010,10,2,Weekday,1500,2-Car,No injury/unknown,FAILURE TO YIELD RIGHT OF WAY,E 9TH ST & S DUNN,39.170544,-86.52824
2010,10,3,Weekday,1800,2-Car,No injury/unknown,FAILURE TO YIELD RIGHT OF WAY,N COLLEGE & W 9TH ST,39.170544,-86.534768
2010,11,3,Weekday,1900,2-Car,No injury/unknown,FOLLOWING TOO CLOSELY,9TH & COLLEGE AVE,39.170544,-86.534768
2010,11,3,Weekday,2100,2-Car,No injury/unknown,IMPROPER TURNING,9TH & N COLLEGE AVE,39.170544,-86.534768
2010,3,5,Weekday,1900,2-Car,No injury/unknown,OTHER (DRIVER) - EXPLAIN IN NARRATIVE,PROFILE PARKWAY & ZENITH DR,39.17048,-86.59236134
2010,1,6,Weekday,1100,2-Car,No injury/unknown,UNSAFE BACKING,17TH & 510 EAST 17TH (PARKING LOT) ST,39.1704689,-86.53351758
2010,2,5,Weekday,1100,2-Car,No injury/unknown,FAILURE TO YIELD RIGHT OF WAY,9 ST & COLLEGE AVE AVE,39.17046,-86.53485
2010,2,7,Weekend,1900,2-Car,No injury/unknown,UNSAFE BACKING,N JACOBS DR,39.170437,-86.572506
2010,8,5,Weekday,1500,2-Car,No injury/unknown,UNSAFE LANE MOVEMENT,9TH & WALNUT ST,39.17040668,-86.53353822
2010,6,6,Weekday,1400,3+ Cars,Non-incapacitating,SPEED TOO FAST FOR WEATHER CONDITIONS,E 10TH & SR46E,39.17036824,-86.50145612
2010,2,7,Weekend,1100,2-Car,No injury/unknown,UNSAFE BACKING,WEST SUSAN DR,39.170262,-86.572671
2010,1,5,Weekday,2000,3+ Cars,Non-incapacitating,FOLLOWING TOO CLOSELY,EASTGATE & SR46,39.17024,-86.501392
2010,1,3,Weekday,900,Bus,No injury/unknown,UNSAFE LANE MOVEMENT,EASTGATE & SR45E,39.17024,-86.501392
2010,2,5,Weekday,900,2-Car,No injury/unknown,OTHER (DRIVER) - EXPLAIN IN NARRATIVE,EASTGATE & SR4546N,39.17024,-86.501392
2010,2,1,Weekend,700,1-Car,No injury/unknown,LEFT OF CENTER,EASTGATE & SR45S,39.17024,-86.501392
2010,3,1,Weekend,1700,2-Car,No injury/unknown,FOLLOWING TOO CLOSELY,EASTGATE & STATE ROAD 45 46 BYP,39.17024,-86.501392
2010,3,1,Weekend,1800,2-Car,No injury/unknown,FOLLOWING TOO CLOSELY,EASTGATE & SR46E,39.17024,-86.501392
2010,5,5,Weekday,800,Cyclist,Non-incapacitating,FAILURE TO YIELD RIGHT OF WAY,EASTGATE & SR46E,39.17024,-86.501392
2010,6,6,Weekday,1700,2-Car,No injury/unknown,IMPROPER TURNING,EASTGATE & SR46,39.17024,-86.501392
2010,7,7,Weekend,1500,1-Car,No injury/unknown,OTHER (DRIVER) - EXPLAIN IN NARRATIVE,EASTGATE & STATE ROAD 45 46 BYP,39.17024,-86.501392
2010,7,7,Weekend,1300,2-Car,No injury/unknown,IMPROPER LANE USAGE,E EASTGATE LN & SR4546,39.17024,-86.501392
2010,11,2,Weekday,1900,2-Car,No injury/unknown,IMPROPER PASSING,EASTGATE & SR46E,39.17024,-86.501392
2010,4,4,Weekday,1200,2-Car,No injury/unknown,IMPROPER PASSING,EASTGATE & SR46N,39.17017866,-86.50147033
2010,5,6,Weekday,1700,2-Car,No injury/unknown,FOLLOWING TOO CLOSELY,EAST GATE & SR46W,39.17017866,-86.50147033
2010,1,3,Weekday,800,2-Car,No injury/unknown,ROADWAY SURFACE CONDITION,DANIELS WAY DR & ZENITH,39.17015,-86.5983
2010,8,3,Weekday,1800,2-Car,No injury/unknown,FOLLOWING TOO CLOSELY,EASTGATE & SR 46 RD,39.17015,-86.50148
2010,12,2,Weekday,1900,2-Car,No injury/unknown,LEFT OF CENTER,DANIELS & ZENITH DR,39.17015,-86.5983
2010,1,1,Weekend,1800,1-Car,No injury/unknown,ANIMAL/OBJECT IN ROADWAY,S ROCKPORT & SR37N,39.17012479,-86.56719724
2010,9,2,Weekday,2000,2-Car,No injury/unknown,IMPROPER TURNING,N COLLEGE AVE,39.17009861,-86.53477518
2010,2,6,Weekend,2100,2-Car,Non-incapacitating,UNSAFE SPEED,9TH & COLLEGE AVE,39.16999473,-86.53477686
2010,2,5,Weekday,1700,2-Car,Non-incapacitating,DRIVER DISTRACTED - EXPLAIN IN NARRATIVE,EASTGATE & SR46S,39.16998405,-86.50126402
2010,7,4,Weekday,1200,2-Car,No injury/unknown,OTHER (DRIVER) - EXPLAIN IN NARRATIVE,EASTGATE & SR46E,39.16998405,-86.50126402
2010,12,1,Weekend,1600,2-Car,No injury/unknown,SPEED TOO FAST FOR WEATHER CONDITIONS,W 8TH ST & W VERNAL,39.16995,-86.55011
2010,1,3,Weekday,1400,1-Car,No injury/unknown,OTHER (VEHICLE) - EXPLAIN IN NARRATIVE,N ADAMS ST & W VERNAL,39.16984,-86.549696
2010,3,5,Weekday,2000,1-Car,No injury/unknown,OTHER (DRIVER) - EXPLAIN IN NARRATIVE,N ADAMS ST & W VERNAL,39.16984,-86.549696
2010,7,6,Weekday,1700,1-Car,No injury/unknown,OTHER (DRIVER) - EXPLAIN IN NARRATIVE,N ADAMS ST & W VERNAL,39.16984,-86.549696
2010,10,5,Weekday,2000,2-Car,No injury/unknown,IMPROPER LANE USAGE,8TH & COLLEGE AVE,39.16982663,-86.53477957
2010,8,1,Weekend,0,2-Car,No injury/unknown,OTHER (DRIVER) - EXPLAIN IN NARRATIVE,N FESS AVE,39.16979265,-86.52571527
2010,4,5,Weekday,1800,2-Car,No injury/unknown,IMPROPER PASSING,8TH & MORTON ST,39.16977399,-86.536
2010,12,4,Weekday,800,1-Car,No injury/unknown,OTHER (ENVIRONMENTAL) - EXPLAIN IN NARR,SR48W & VERNAL PIKE,39.16971882,-86.67330116
2010,9,7,Weekend,1300,3+ Cars,Non-incapacitating,IMPROPER TURNING,HAY & WEST 8TH ST,39.169696,-86.553392
2010,4,1,Weekend,100,1-Car,No injury/unknown,ALCOHOLIC BEVERAGES,KIMBLE DR,39.169675,-86.567983
2010,5,3,Weekday,400,2-Car,No injury/unknown,UNSAFE LANE MOVEMENT,8TH & WASHINGTON ST,39.16966186,-86.5324
2010,2,6,Weekend,1900,2-Car,No injury/unknown,,E EASTGATE LN,39.16961661,-86.49980658
2010,9,6,Weekday,100,3+ Cars,No injury/unknown,UNSAFE SPEED,E 8TH ST & N INDIANA,39.169616,-86.52696
2010,6,3,Weekday,800,2-Car,No injury/unknown,OTHER (DRIVER) - EXPLAIN IN NARRATIVE,8TH & ROGER ST,39.169584,-86.538576
2010,11,3,Weekday,2300,2-Car,No injury/unknown,UNSAFE BACKING,E EASTGATE LN,39.1695838,-86.49972314
2010,8,2,Weekday,1500,1-Car,No injury/unknown,OTHER (DRIVER) - EXPLAIN IN NARRATIVE,MORTON ST,39.169568,-86.536
2010,6,5,Weekday,1200,2-Car,No injury/unknown,,E 8TH ST,39.16956767,-86.5245058
2010,7,3,Weekday,1300,2-Car,No injury/unknown,IMPROPER TURNING,N JACOB DR,39.169562,-86.573293
2010,9,1,Weekend,0,2-Car,No injury/unknown,OTHER (DRIVER) - EXPLAIN IN NARRATIVE,8TH ST & WALNUT,39.169552,-86.53372842
2010,3,4,Weekday,1800,2-Car,No injury/unknown,CELL PHONE USAGE,8TH ST & NORTH WALNUT,39.169552,-86.533552
2010,4,6,Weekend,2300,2-Car,No injury/unknown,UNSAFE LANE MOVEMENT,8TH & N COLLEGE ST,39.169552,-86.534784
2010,4,1,Weekend,0,2-Car,No injury/unknown,FAILURE TO YIELD RIGHT OF WAY,8TH & N WALNUT ST,39.169552,-86.533552
2010,4,1,Weekend,1000,2-Car,No injury/unknown,IMPROPER TURNING,8TH & COLLEGE AVE,39.169552,-86.534784
2010,5,6,Weekday,1500,2-Car,No injury/unknown,UNSAFE SPEED,N COLLEGE AVE & W 8TH,39.169552,-86.534784
2010,5,5,Weekday,1500,2-Car,No injury/unknown,FAILURE TO YIELD RIGHT OF WAY,8TH & WOODLAWN AVE,39.169552,-86.52344
2010,5,1,Weekend,1400,2-Car,No injury/unknown,FAILURE TO YIELD RIGHT OF WAY,8TH & NORTH WASHINGTON ST,39.169552,-86.5324
2010,6,7,Weekend,1100,2-Car,No injury/unknown,DISREGARD SIGNAL/REG SIGN,8TH ST & LINCOLN,39.169552,-86.530992
2010,6,4,Weekday,1900,2-Car,No injury/unknown,IMPROPER LANE USAGE,8TH & NORTH COLLEGE AVE,39.169552,-86.534784
2010,8,4,Weekday,2200,2-Car,No injury/unknown,IMPROPER TURNING,8TH & COLLEGE AVE,39.169552,-86.534784
2010,9,3,Weekday,2100,2-Car,Non-incapacitating,IMPROPER TURNING,8TH & COLLEGE AVE,39.169552,-86.534784
2010,9,1,Weekend,0,Pedestrian,Non-incapacitating,FAILURE TO YIELD RIGHT OF WAY,8TH ST & GRANT,39.169552,-86.529696
2010,9,2,Weekday,1100,2-Car,No injury/unknown,FAILURE TO YIELD RIGHT OF WAY,8TH & WASHINGTON ST,39.169552,-86.5324
2010,11,5,Weekday,2100,2-Car,No injury/unknown,,E 8TH ST & N WALNUT,39.169552,-86.533552
2010,11,2,Weekday,1000,2-Car,Non-incapacitating,IMPROPER TURNING,8TH & COLLEGE AVE,39.169552,-86.534784
2010,12,2,Weekday,1000,2-Car,No injury/unknown,FAILURE TO YIELD RIGHT OF WAY,8TH & ROGERS ST,39.16952,-86.53866
2010,3,3,Weekday,1000,2-Car,No injury/unknown,OVERCORRECTING/OVERSTEERING,EAST 8TH ST,39.16948,-86.524534
2010,9,6,Weekday,1200,Bus,No injury/unknown,IMPROPER LANE USAGE,8 TH ST & WALNUT ST ST,39.16948,-86.53357
2010,11,7,Weekend,2200,2-Car,No injury/unknown,IMPROPER TURNING,EASTGATE & SR46N,39.16947215,-86.50100806
2010,1,7,Weekend,1700,1-Car,No injury/unknown,OTHER (DRIVER) - EXPLAIN IN NARRATIVE,8TH ST & FOREST,39.16947,-86.52234
2010,4,2,Weekday,1400,Moped/Motorcycle,Non-incapacitating,UNSAFE SPEED,9TH & ADAMS ST,39.16937735,-86.54964924
2010,1,5,Weekday,1000,1-Car,No injury/unknown,SPEED TOO FAST FOR WEATHER CONDITIONS,AMY & N PETE ELLIS DR,39.169312,-86.495888
2010,2,4,Weekday,800,1-Car,No injury/unknown,RAN OFF ROAD RIGHT,AMY & N PETE ELLIS DR,39.169312,-86.495888
2010,8,7,Weekend,400,1-Car,No injury/unknown,HEADLIGHT DEFECTIVE OR NOT ON,AMY & PETE ELLIS DR,39.169312,-86.495888
2010,9,5,Weekday,1500,3+ Cars,No injury/unknown,FOLLOWING TOO CLOSELY,7TH & JORDAN AVE,39.16921765,-86.51598578
2010,10,6,Weekday,1200,2-Car,No injury/unknown,FOLLOWING TOO CLOSELY,7TH & JORDAN AVE,39.16921765,-86.51598578
2010,9,1,Weekend,300,2-Car,No injury/unknown,OTHER (DRIVER) - EXPLAIN IN NARRATIVE,7TH & DUNN ST,39.16918927,-86.52823272
2010,1,1,Weekend,1100,2-Car,No injury/unknown,UNSAFE BACKING,BLACK STONE CT & PARK RIDGE,39.16908,-86.47513081
2010,5,3,Weekday,1300,2-Car,No injury/unknown,UNSAFE BACKING,7TH & UNION ST,39.1690548,-86.50932906
2010,5,5,Weekday,1400,2-Car,No injury/unknown,FOLLOWING TOO CLOSELY,EASTGATE & SR46W,39.16896024,-86.50075211
2010,1,7,Weekend,2000,2-Car,No injury/unknown,FAILURE TO YIELD RIGHT OF WAY,7TH & NORTH JORDAN AVE,39.168944,-86.516016
2010,3,4,Weekday,1300,Pedestrian,Non-incapacitating,PEDESTRIAN ACTION,7TH & JORDAN AVE,39.168944,-86.516016
2010,4,2,Weekday,1600,Bus,No injury/unknown,IMPROPER TURNING,7TH ST & JORDAN,39.168944,-86.516016
2010,8,3,Weekday,1500,Cyclist,Non-incapacitating,FAILURE TO YIELD RIGHT OF WAY,EAST 7TH & NORTH JORDAN AVE,39.168944,-86.516016
2010,4,6,Weekday,1000,2-Car,No injury/unknown,UNSAFE BACKING,7TH & COLLEGE AVE,39.16893066,-86.534784
2010,4,1,Weekend,0,3+ Cars,No injury/unknown,UNSAFE LANE MOVEMENT,7TH & COLLEGE AVE,39.16893066,-86.534784
2010,5,4,Weekday,1800,2-Car,No injury/unknown,IMPROPER LANE USAGE,7TH & COLLEGE AVE,39.16893066,-86.534784
2010,2,3,Weekday,200,1-Car,No injury/unknown,ROADWAY SURFACE CONDITION,7TH ST & JORDAN,39.16889591,-86.51671896
2010,5,1,Weekend,1800,2-Car,No injury/unknown,UNSAFE LANE MOVEMENT,ALEXANDER & JACOB DR,39.16880921,-86.57355615
2010,4,6,Weekday,1800,2-Car,No injury/unknown,UNSAFE BACKING,EAST SEVENTH ST,39.16880238,-86.5182521
2010,2,7,Weekend,1600,2-Car,No injury/unknown,UNSAFE BACKING,EAST SEVENTH ST,39.168794,-86.518218
2010,8,7,Weekend,1100,2-Car,Non-incapacitating,OTHER (DRIVER) - EXPLAIN IN NARRATIVE,GATES & JONATHAN DR,39.16876,-86.57642
2010,4,5,Weekday,1400,2-Car,No injury/unknown,UNSAFE BACKING,E 7TH ST,39.168752,-86.5436
2010,9,5,Weekday,1200,2-Car,No injury/unknown,UNSAFE BACKING,E 7TH ST,39.168752,-86.5436
2010,12,7,Weekend,1800,2-Car,No injury/unknown,FAILURE TO YIELD RIGHT OF WAY,ALEXANDER & GATES DR,39.16872042,-86.57639067
2010,3,6,Weekend,2200,2-Car,No injury/unknown,,E 7TH ST & N CAMPBELL,39.168717,-86.51390697
2010,8,2,Weekday,1600,1-Car,No injury/unknown,RAN OFF ROAD RIGHT,7TH ST & CAMPBELL,39.168717,-86.51393292
2010,3,4,Weekday,1200,1-Car,No injury/unknown,OVERSIZE/OVERWEIGHT LOAD,7TH & ADAMS ST,39.16871282,-86.5495848
2010,2,1,Weekend,900,1-Car,No injury/unknown,OTHER (VEHICLE) - EXPLAIN IN NARRATIVE,7TH ST & ROGERS,39.168704,-86.538576
2010,3,5,Weekday,1500,2-Car,No injury/unknown,FOLLOWING TOO CLOSELY,7TH & ROGERS ST,39.168704,-86.538576
2010,6,6,Weekday,200,1-Car,No injury/unknown,DRIVER DISTRACTED - EXPLAIN IN NARRATIVE,7TH ST & ROGERS,39.168704,-86.538576
2010,9,4,Weekday,800,2-Car,No injury/unknown,FAILURE TO YIELD RIGHT OF WAY,7TH & ROGERS ST,39.168704,-86.538576
2010,7,3,Weekday,1100,2-Car,Non-incapacitating,FAILURE TO YIELD RIGHT OF WAY,N MADISON & W 7TH ST,39.168688,-86.537296
2010,10,4,Weekday,1400,2-Car,No injury/unknown,UNSAFE BACKING,200 W 7TH ST & N MORTON,39.168672,-86.536
2010,11,3,Weekday,1400,2-Car,No injury/unknown,UNSAFE BACKING,W 7TH ST,39.168672,-86.53646933
2010,9,5,Weekday,1700,2-Car,No injury/unknown,UNSAFE BACKING,W 7TH ST,39.16866318,-86.53532996
2010,1,7,Weekend,1600,2-Car,No injury/unknown,UNSAFE BACKING,N WALNUT ST,39.16865861,-86.53356767
2010,1,2,Weekday,2300,2-Car,No injury/unknown,IMPROPER TURNING,7TH & COLLEGE AVE,39.168656,-86.534784
2010,1,5,Weekday,800,2-Car,No injury/unknown,FOLLOWING TOO CLOSELY,7TH & COLLEGE AVE,39.168656,-86.534784
2010,1,5,Weekday,1100,2-Car,No injury/unknown,IMPROPER TURNING,7TH & COLLEGE AVE,39.168656,-86.534784
2010,2,3,Weekday,800,2-Car,No injury/unknown,ROADWAY SURFACE CONDITION,7TH & COLLEGE AVE,39.168656,-86.534784
2010,5,2,Weekday,1300,2-Car,No injury/unknown,OTHER (DRIVER) - EXPLAIN IN NARRATIVE,7TH & COLLEGE AVE,39.168656,-86.534784
2010,10,5,Weekday,1200,2-Car,No injury/unknown,FAILURE TO YIELD RIGHT OF WAY,N COLLEGE & W 7TH ST,39.168656,-86.534784
2010,10,4,Weekday,1600,2-Car,Non-incapacitating,FAILURE TO YIELD RIGHT OF WAY,7TH ST & COLLEGE,39.168656,-86.534784
2010,11,3,Weekday,200,1-Car,No injury/unknown,RAN OFF ROAD RIGHT,E 7TH ST ST & N COLLEGE,39.168656,-86.534784
2010,12,7,Weekend,0,2-Car,No injury/unknown,DISREGARD SIGNAL/REG SIGN,7TH & COLLEGE AVE,39.168656,-86.534784
2010,9,3,Weekday,900,2-Car,No injury/unknown,OTHER (DRIVER) - EXPLAIN IN NARRATIVE,W 7TH ST,39.16864327,-86.53381616
2010,1,7,Weekend,1700,2-Car,No injury/unknown,IMPROPER LANE USAGE,E 7TH & N WALNUT ST,39.16864,-86.533568
2010,1,1,Weekend,300,Pedestrian,Incapacitating,UNSAFE BACKING,7TH & WALNUT ST,39.16864,-86.533568
2010,1,6,Weekend,2200,2-Car,No injury/unknown,OTHER (DRIVER) - EXPLAIN IN NARRATIVE,N WALNUT ST,39.16864,-86.533568
2010,2,6,Weekday,100,2-Car,Non-incapacitating,FAILURE TO YIELD RIGHT OF WAY,7TH & WALNUT ST,39.16864,-86.533568
2010,2,6,Weekday,800,2-Car,No injury/unknown,DRIVER DISTRACTED - EXPLAIN IN NARRATIVE,7TH ST & INDIANA,39.16864,-86.526944
2010,2,6,Weekend,2300,Pedestrian,Non-incapacitating,FAILURE TO YIELD RIGHT OF WAY,7TH ST & WALNUT,39.16864,-86.533568
2010,2,2,Weekday,1200,2-Car,Non-incapacitating,DISREGARD SIGNAL/REG SIGN,7TH & WALNUT ST,39.16864,-86.533568
2010,2,1,Weekend,800,2-Car,No injury/unknown,FAILURE TO YIELD RIGHT OF WAY,7TH ST & INDIANA,39.16864,-86.526944
2010,4,1,Weekend,1000,2-Car,No injury/unknown,IMPROPER TURNING,7TH & WALNUT ST,39.16864,-86.533568
2010,6,3,Weekday,2000,2-Car,No injury/unknown,DISREGARD SIGNAL/REG SIGN,7TH & WALNUT ST,39.16864,-86.533568
2010,7,7,Weekend,2000,2-Car,Non-incapacitating,IMPROPER TURNING,7TH & N WALNUT ST,39.16864,-86.533568
2010,7,4,Weekday,0,1-Car,No injury/unknown,RAN OFF ROAD RIGHT,7TH ST & GRANT,39.16864,-86.529696
2010,7,1,Weekend,1000,2-Car,No injury/unknown,DISREGARD SIGNAL/REG SIGN,7TH & WALNUT ST,39.16864,-86.533568
2010,8,3,Weekday,800,Bus,No injury/unknown,OTHER (DRIVER) - EXPLAIN IN NARRATIVE,E 7TH ST & N INDIANA,39.16864,-86.526944
2010,8,3,Weekday,1200,2-Car,No injury/unknown,,E 7TH ST,39.16864,-86.53176784
2010,9,6,Weekend,1900,1-Car,Incapacitating,DRIVER ILLNESS,7TH ST & NORTH PARK,39.16864,-86.524496
2010,9,1,Weekend,1300,2-Car,No injury/unknown,UNSAFE BACKING,7TH ST & WASHINGTON,39.16864,-86.5324
2010,9,3,Weekday,1300,1-Car,No injury/unknown,OTHER (DRIVER) - EXPLAIN IN NARRATIVE,441 N WOODLAWN ALY & WOODLAWN,39.16864,-86.523392
2010,9,3,Weekday,200,2-Car,No injury/unknown,UNSAFE BACKING,7TH & WALNUT ST,39.16864,-86.533568
2010,10,1,Weekend,300,2-Car,No injury/unknown,IMPROPER LANE USAGE,7TH & WALNUT ST,39.16864,-86.533568
2010,9,7,Weekend,1800,1-Car,Non-incapacitating,UNSAFE LANE MOVEMENT,600 E 7TH ST & INDIANA,39.16864,-86.526944
2010,10,7,Weekend,1500,2-Car,No injury/unknown,IMPROPER LANE USAGE,E 7TH & N WALNUT ST,39.16864,-86.533568
2010,12,7,Weekend,0,Pedestrian,Non-incapacitating,PEDESTRIAN ACTION,7TH & NORTH WALNUT ST,39.16864,-86.533568
2010,6,1,Weekend,1000,2-Car,No injury/unknown,UNSAFE BACKING,E 7TH ST,39.16862958,-86.52294205
2010,1,4,Weekday,1000,2-Car,No injury/unknown,OTHER (DRIVER) - EXPLAIN IN NARRATIVE,N JACOBS DR,39.168612,-86.57356
2010,3,2,Weekday,1700,2-Car,No injury/unknown,UNSAFE BACKING,N GATES DR,39.168601,-86.576415
2010,2,3,Weekday,900,2-Car,No injury/unknown,UNSAFE BACKING,N GATES DR,39.1685804,-86.57639067
2010,10,2,Weekday,1700,3+ Cars,Non-incapacitating,LEFT OF CENTER,7TH ST & MADISON,39.16858,-86.53740649
2010,10,6,Weekday,1200,1-Car,No injury/unknown,DRIVER DISTRACTED - EXPLAIN IN NARRATIVE,NORTH COLLEGE AVE,39.16857,-86.534859
2010,10,3,Weekday,1900,2-Car,No injury/unknown,FAILURE TO YIELD RIGHT OF WAY,N WALNUT ST & SEVENTH,39.16855,-86.53359
2010,6,4,Weekday,100,1-Car,No injury/unknown,OTHER (DRIVER) - EXPLAIN IN NARRATIVE,7TH & WALNUT ST,39.16854388,-86.53356955
2010,1,5,Weekday,900,1-Car,No injury/unknown,OTHER (ENVIRONMENTAL) - EXPLAIN IN NARR,N JORDAN AVE,39.168531,-86.516145
2010,2,5,Weekday,1000,2-Car,No injury/unknown,UNSAFE BACKING,300 NORTH JORDAN (PARKING LOT) AVE,39.168531,-86.51615365
2010,12,5,Weekday,1600,2-Car,Non-incapacitating,DISREGARD SIGNAL/REG SIGN,E 7TH ST & N GRANT,39.16853,-86.52979
2010,3,3,Weekday,700,1-Car,No injury/unknown,ANIMAL/OBJECT IN ROADWAY,SR48W & VERNAL,39.16852902,-86.66162292
2010,1,3,Weekday,1600,2-Car,No injury/unknown,OTHER (DRIVER) - EXPLAIN IN NARRATIVE,EAST 7TH ST,39.16848,-86.523479
2010,2,2,Weekday,1000,2-Car,No injury/unknown,UNSAFE BACKING,EAST SEVEN ST,39.16848,-86.523479
2010,3,4,Weekday,1300,1-Car,No injury/unknown,LEFT OF CENTER,EAST SEVENTH & WOODLAWN AVE,39.16848,-86.52349731
2010,10,2,Weekday,900,2-Car,No injury/unknown,UNSAFE BACKING,7TH & WOODLAWN AVE,39.16848,-86.52348
2010,7,4,Weekday,1300,2-Car,No injury/unknown,UNSAFE BACKING,7TH & JEFFERSON ST,39.16846661,-86.50703046
2010,4,6,Weekday,1300,2-Car,No injury/unknown,FAILURE TO YIELD RIGHT OF WAY,CURRY PIKE & JONATHAN,39.16836,-86.58298
2010,3,6,Weekday,1600,2-Car,No injury/unknown,OTHER (DRIVER) - EXPLAIN IN NARRATIVE,N GATES DR,39.168269,-86.576396
2010,4,7,Weekend,1200,2-Car,No injury/unknown,FAILURE TO YIELD RIGHT OF WAY,N GATES DR,39.168269,-86.576396
2010,1,5,Weekday,1100,2-Car,No injury/unknown,OTHER (DRIVER) - EXPLAIN IN NARRATIVE,310 NORTH CLARK ST & 7TH,39.168224,-86.504832
2010,1,6,Weekday,1500,2-Car,No injury/unknown,FAILURE TO YIELD RIGHT OF WAY,BRAESIDE & PETE ELLIS DR,39.168192,-86.49504
2010,1,2,Weekday,2100,2-Car,No injury/unknown,SPEED TOO FAST FOR WEATHER CONDITIONS,BRAESIDE & PETE ELLIS DR,39.168192,-86.49504
2010,3,4,Weekday,1100,2-Car,No injury/unknown,DISREGARD SIGNAL/REG SIGN,7TH ST & JEFFERSON,39.168192,-86.507024
2010,3,2,Weekday,1600,2-Car,No injury/unknown,FAILURE TO YIELD RIGHT OF WAY,BRAESIDE & E PETE ELLIS DR,39.168192,-86.49504
2010,10,1,Weekday,2200,2-Car,No injury/unknown,UNSAFE BACKING,E 7TH ST,39.168192,-86.507024
2010,2,3,Weekday,1800,Bus,No injury/unknown,FAILURE TO YIELD RIGHT OF WAY,7TH ST & UNION,39.168176,-86.509312
2010,9,3,Weekday,1500,2-Car,No injury/unknown,FAILURE TO YIELD RIGHT OF WAY,EAST 7TH ST & NORTH ROSE,39.168144,-86.510992
2010,9,5,Weekday,2300,1-Car,No injury/unknown,ANIMAL/OBJECT IN ROADWAY,SR48W & VERNAL,39.16805036,-86.66017691
2010,9,4,Weekday,1300,2-Car,No injury/unknown,FOLLOWING TOO CLOSELY,MILLER & WALNUT ST,39.16802932,-86.53265
2010,1,1,Weekend,300,2-Car,No injury/unknown,IMPROPER LANE USAGE,6TH & WASHINGTON ST,39.16793866,-86.5324
2010,8,7,Weekend,800,2-Car,No injury/unknown,OTHER (DRIVER) - EXPLAIN IN NARRATIVE,6TH & ROGERS ST,39.16781732,-86.53858985
2010,11,4,Weekday,700,2-Car,No injury/unknown,OTHER (DRIVER) - EXPLAIN IN NARRATIVE,N MORTON AVE,39.16778743,-86.536
2010,2,3,Weekday,1200,2-Car,No injury/unknown,FAILURE TO YIELD RIGHT OF WAY,100 N DUNN & 500 E 6TH ST,39.167728,-86.528208
2010,7,5,Weekday,1200,1-Car,No injury/unknown,IMPROPER TURNING,100 N DUNN ST ST & 6TH ST,39.167728,-86.528208
2010,3,3,Weekday,900,1-Car,No injury/unknown,LEFT OF CENTER,1100 W 6TH ST & N OAK,39.167712,-86.5468
2010,4,7,Weekend,1100,1-Car,No injury/unknown,,N ELM ST & W 6TH,39.167712,-86.5452
2010,9,5,Weekday,1600,2-Car,No injury/unknown,UNSAFE BACKING,E 6TH ST,39.167712,-86.529696
2010,11,2,Weekday,700,2-Car,No injury/unknown,OTHER (DRIVER) - EXPLAIN IN NARRATIVE,E 6TH & N GRANT ST,39.167712,-86.529696