Year,Month,Day,Weekend?,Hour,Collision Type,Injury Type,Primary Factor,Reported_Location,Latitude,Longitude
2010,11,2,Weekday,1700,2-Car,No injury/unknown,UNSAFE LANE MOVEMENT,LIBERTY & W 3RD ST,39.1645984,-86.57911909
2010,11,2,Weekday,1300,2-Car,No injury/unknown,DRIVER DISTRACTED - EXPLAIN IN NARRATIVE,3RD ST & LIBERTY,39.1645984,-86.57913641
2010,12,5,Weekday,1900,2-Car,Non-incapacitating,FAILURE TO YIELD RIGHT OF WAY,LIBERTY & W 3RD ST,39.1645984,-86.57911909
2010,12,3,Weekday,1400,2-Car,Incapacitating,FAILURE TO YIELD RIGHT OF WAY,W 3RD ST,39.1645984,-86.57839875
2010,1,3,Weekday,1100,2-Car,No injury/unknown,OTHER (DRIVER) - EXPLAIN IN NARRATIVE,3RD & GATES DR,39.16459498,-86.57621992
2010,1,4,Weekday,1600,2-Car,Non-incapacitating,FOLLOWING TOO CLOSELY,GATES & WEST 3RD ST,39.16459498,-86.57621992
2010,2,7,Weekend,1500,2-Car,No injury/unknown,BRAKE FAILURE OR DEFECTIVE,GATES & WEST 3RD ST,39.16459498,-86.57621992
2010,2,4,Weekday,2100,2-Car,No injury/unknown,SPEED TOO FAST FOR WEATHER CONDITIONS,GATES & W 3RD ST,39.16459498,-86.57621992
2010,3,7,Weekend,2000,2-Car,No injury/unknown,FAILURE TO YIELD RIGHT OF WAY,GATES & WEST 3RD ST,39.16459498,-86.57621992
2010,4,3,Weekday,1900,3+ Cars,Non-incapacitating,FOLLOWING TOO CLOSELY,GATES & W 3RD ST,39.16459498,-86.57624589
2010,4,6,Weekday,1600,2-Car,No injury/unknown,FAILURE TO YIELD RIGHT OF WAY,3RD ST & GATES,39.16459498,-86.57621992
2010,4,6,Weekday,1200,Bus,No injury/unknown,OTHER (DRIVER) - EXPLAIN IN NARRATIVE,3RD ST & GATES,39.16459498,-86.57621992
2010,6,7,Weekend,2200,2-Car,No injury/unknown,DISREGARD SIGNAL/REG SIGN,3RD ST & GATES,39.16459498,-86.57621992
2010,6,3,Weekday,1600,3+ Cars,No injury/unknown,DISREGARD SIGNAL/REG SIGN,3RD ST & GATES,39.16459498,-86.57621992
2010,7,6,Weekday,900,1-Car,No injury/unknown,BRAKE FAILURE OR DEFECTIVE,3275 WEST 3ST ST & GATES DR,39.16459498,-86.57621992
2010,8,5,Weekday,1500,2-Car,No injury/unknown,FOLLOWING TOO CLOSELY,GATES & THIRD ST,39.16459498,-86.57621992
2010,9,3,Weekday,1300,3+ Cars,Non-incapacitating,FOLLOWING TOO CLOSELY,3RD & GATES DR,39.16459498,-86.57621992
2010,9,6,Weekday,1600,2-Car,Non-incapacitating,OTHER (DRIVER) - EXPLAIN IN NARRATIVE,GATES & WEST THIRD ST,39.16459498,-86.57621126
2010,9,3,Weekday,1200,2-Car,Non-incapacitating,DISREGARD SIGNAL/REG SIGN,GATES & W 3RD ST,39.16459498,-86.57621992
2010,10,6,Weekday,1600,2-Car,No injury/unknown,FAILURE TO YIELD RIGHT OF WAY,3RD ST & GATES,39.16459498,-86.57621992
2010,10,4,Weekday,1900,1-Car,No injury/unknown,RAN OFF ROAD RIGHT,3RD ST & GATES,39.16459498,-86.57622858
2010,11,3,Weekday,1500,2-Car,No injury/unknown,FAILURE TO YIELD RIGHT OF WAY,WEST 3RD ST,39.16459498,-86.57639067
2010,9,7,Weekend,0,2-Car,No injury/unknown,UNSAFE BACKING,EAST THIRD ST,39.16459157,-86.53213788
2010,6,4,Weekday,1200,2-Car,No injury/unknown,UNSAFE BACKING,SOUTH COLLEGE AVE,39.164584,-86.534901
2010,8,6,Weekend,2100,3+ Cars,No injury/unknown,FOLLOWING TOO CLOSELY,3RD ST & CORY,39.16457233,-86.55903857
2010,4,4,Weekday,1400,3+ Cars,No injury/unknown,FOLLOWING TOO CLOSELY,3RD ST & CORY,39.16456918,-86.55939112
2010,3,2,Weekday,1500,2-Car,No injury/unknown,FAILURE TO YIELD RIGHT OF WAY,W 3RD ST & WYNNEDALE,39.16456,-86.57019
2010,8,7,Weekend,1300,2-Car,Non-incapacitating,OTHER (DRIVER) - EXPLAIN IN NARRATIVE,WEST 3RD ST & WYNNEDALE,39.16456,-86.57019
2010,11,6,Weekend,2300,2-Car,No injury/unknown,UNSAFE BACKING,3RD ST,39.16456,-86.5550845
2010,4,1,Weekend,200,1-Car,No injury/unknown,RAN OFF ROAD RIGHT,3RD ST & CORY,39.16455652,-86.56044845
2010,1,1,Weekday,1900,2-Car,No injury/unknown,,S ADAMS ST,39.164544,-86.552192
2010,5,7,Weekend,1200,2-Car,No injury/unknown,FAILURE TO YIELD RIGHT OF WAY,3RD ST & CORY,39.164544,-86.560096
2010,7,5,Weekday,1700,3+ Cars,No injury/unknown,FOLLOWING TOO CLOSELY,CORY & WEST 3RD ST,39.164544,-86.560096
2010,8,5,Weekday,2000,1-Car,No injury/unknown,UNSAFE LANE MOVEMENT,CORY & W 3RD ST,39.164544,-86.560096
2010,12,5,Weekday,1000,2-Car,No injury/unknown,OTHER (DRIVER) - EXPLAIN IN NARRATIVE,S ADAMS ST,39.164544,-86.552192
2010,12,6,Weekday,100,1-Car,No injury/unknown,UNSAFE BACKING,S ADAMS ST,39.164544,-86.552192
2010,2,7,Weekend,1900,2-Car,No injury/unknown,UNSAFE BACKING,THIRD ST,39.164533,-86.567167
2010,2,2,Weekday,1200,2-Car,Non-incapacitating,FOLLOWING TOO CLOSELY,OPPORTUNITY & W 3RD ST,39.16453,-86.56705433
2010,6,6,Weekday,700,2-Car,No injury/unknown,FAILURE TO YIELD RIGHT OF WAY,OPPORTUNITY & THIRD ST,39.16453,-86.56705
2010,11,7,Weekend,1900,2-Car,No injury/unknown,UNSAFE BACKING,E 3RD ST,39.16452114,-86.551072
2010,2,3,Weekday,1400,2-Car,No injury/unknown,IMPROPER TURNING,E 3RD ST,39.16451984,-86.551008
2010,9,5,Weekday,1500,2-Car,Non-incapacitating,FAILURE TO YIELD RIGHT OF WAY,E 3RD & PETE ELLIS DR,39.16451466,-86.495088
2010,3,5,Weekday,1800,1-Car,No injury/unknown,RAN OFF ROAD RIGHT,JOHNSON AVE & THIRD,39.16451,-86.565
2010,8,5,Weekday,0,1-Car,No injury/unknown,ROADWAY SURFACE CONDITION,E 3RD ST & S MULLER,39.1645,-86.56269134
2010,12,7,Weekend,1600,2-Car,No injury/unknown,FOLLOWING TOO CLOSELY,MULLER & WEST 3RD ST,39.1645,-86.5627
2010,9,6,Weekday,1000,2-Car,No injury/unknown,FOLLOWING TOO CLOSELY,COLLEGE MALL RD & SR46E,39.16449611,-86.49852745
2010,8,6,Weekday,900,1-Car,Non-incapacitating,RAN OFF ROAD RIGHT,SR46E & TRAILWAY,39.16449322,-86.42814313
2010,6,4,Weekday,1600,2-Car,No injury/unknown,FAILURE TO YIELD RIGHT OF WAY,WEST 3RD ST,39.16449253,-86.57165052
2010,4,3,Weekday,1900,Pedestrian,No injury/unknown,FAILURE TO YIELD RIGHT OF WAY,E 3RD ST,39.1644915,-86.54983329
2010,6,3,Weekday,1500,2-Car,No injury/unknown,UNSAFE BACKING,E 3RD ST,39.164488,-86.54969829
2010,1,5,Weekday,900,2-Car,No injury/unknown,FOLLOWING TOO CLOSELY,3RD ST & CURRY,39.16448,-86.56015
2010,2,7,Weekend,1700,2-Car,No injury/unknown,FAILURE TO YIELD RIGHT OF WAY,CURRY & WEST 3RD ST,39.16448,-86.56015
2010,2,7,Weekend,1000,2-Car,Non-incapacitating,FAILURE TO YIELD RIGHT OF WAY,3RD ST & CURRY,39.16448,-86.56011538
2010,3,6,Weekday,1300,2-Car,No injury/unknown,FAILURE TO YIELD RIGHT OF WAY,COREY & WEST 3RD ST,39.16448,-86.56015866
2010,4,4,Weekday,1100,2-Car,No injury/unknown,FAILURE TO YIELD RIGHT OF WAY,CURRY PIKE & W 3RD,39.16448,-86.56015
2010,5,5,Weekday,500,2-Car,No injury/unknown,FOLLOWING TOO CLOSELY,3RD ST & CURRY,39.16448,-86.56012403
2010,6,6,Weekday,1500,2-Car,Non-incapacitating,DISREGARD SIGNAL/REG SIGN,3RD & CURRY PIKE,39.16448,-86.56015
2010,6,2,Weekday,1200,2-Car,No injury/unknown,FOLLOWING TOO CLOSELY,CURRY PIKE & W 3RD ST ST,39.16448,-86.56014654
2010,7,4,Weekday,900,2-Car,No injury/unknown,FAILURE TO YIELD RIGHT OF WAY,CURRY & W 3RD ST,39.16448,-86.56016731
2010,7,4,Weekday,800,2-Car,No injury/unknown,FAILURE TO YIELD RIGHT OF WAY,CURRY PIKE & W 3RD,39.16448,-86.56015
2010,7,3,Weekday,1700,3+ Cars,No injury/unknown,FOLLOWING TOO CLOSELY,3RD ST & CURRY,39.16448,-86.56015
2010,8,7,Weekend,100,2-Car,No injury/unknown,FAILURE TO YIELD RIGHT OF WAY,CURRY & THIRD ST,39.16448,-86.56015
2010,8,2,Weekday,900,2-Car,No injury/unknown,FAILURE TO YIELD RIGHT OF WAY,3RD ST & CURRY,39.16448,-86.56015
2010,8,5,Weekday,900,3+ Cars,No injury/unknown,FOLLOWING TOO CLOSELY,CURRY & W 3RD ST,39.16448,-86.56015
2010,9,6,Weekday,1500,2-Car,No injury/unknown,FOLLOWING TOO CLOSELY,CURRY & WEST 3RD ST,39.16448,-86.56015
2010,10,3,Weekday,1000,2-Car,No injury/unknown,FOLLOWING TOO CLOSELY,CURRY & W 3RD ST,39.16448,-86.56015
2010,10,6,Weekday,1700,2-Car,No injury/unknown,FAILURE TO YIELD RIGHT OF WAY,3RD ST & CURRY,39.16448,-86.56016731
2010,11,2,Weekday,1300,2-Car,No injury/unknown,IMPROPER LANE USAGE,S CURRY & W 3RD ST,39.16448,-86.56019328
2010,5,1,Weekend,200,1-Car,No injury/unknown,RAN OFF ROAD RIGHT,3RD ST,39.16447742,-86.54929031
2010,9,3,Weekday,2000,2-Car,No injury/unknown,UNSAFE LANE MOVEMENT,3RD ST & DUNN,39.16445,-86.52822
2010,10,7,Weekend,1300,2-Car,No injury/unknown,FOLLOWING TOO CLOSELY,DUNN ST & EAST 3 ST,39.16445,-86.52822
2010,8,3,Weekday,1500,2-Car,No injury/unknown,FOLLOWING TOO CLOSELY,3RD ST & INDIANA,39.164448,-86.52609438
2010,9,5,Weekday,1700,2-Car,No injury/unknown,FOLLOWING TOO CLOSELY,3RD ST & INDIANA,39.164448,-86.52644719
2010,2,7,Weekend,200,1-Car,No injury/unknown,SPEED TOO FAST FOR WEATHER CONDITIONS,3RD ST & INDIANA,39.164448,-86.5268
2010,2,4,Weekday,1700,2-Car,No injury/unknown,IMPROPER TURNING,EAST 3RD & SR4546S,39.164448,-86.471888
2010,2,2,Weekday,1700,2-Car,No injury/unknown,SPEED TOO FAST FOR WEATHER CONDITIONS,3RD ST & FESS,39.164448,-86.525792
2010,2,3,Weekday,1800,3+ Cars,No injury/unknown,FOLLOWING TOO CLOSELY,EAST 3RD & SR4546S,39.164448,-86.471888
2010,2,5,Weekday,1700,2-Car,No injury/unknown,FOLLOWING TOO CLOSELY,E 3RD ST & S FESS,39.164448,-86.525792
2010,3,6,Weekday,1100,2-Car,No injury/unknown,FOLLOWING TOO CLOSELY,E 3RD ST & FESS,39.164448,-86.525792
2010,4,5,Weekday,1700,2-Car,No injury/unknown,UNSAFE BACKING,E 3RD ST,39.164448,-86.52798769
2010,4,7,Weekend,1200,2-Car,Non-incapacitating,UNSAFE SPEED,EAST 3RD ST & INDIANA,39.164448,-86.5268
2010,4,2,Weekday,1300,2-Car,No injury/unknown,UNSAFE LANE MOVEMENT,DUNN & E 3RD ST,39.164448,-86.528096
2010,6,7,Weekend,1600,2-Car,No injury/unknown,FOLLOWING TOO CLOSELY,3RD & SR4546S,39.164448,-86.471888
2010,7,5,Weekday,1700,2-Car,No injury/unknown,IMPROPER LANE USAGE,3RD ST & DUNN,39.164448,-86.528096
2010,8,4,Weekday,2000,2-Car,No injury/unknown,OVERCORRECTING/OVERSTEERING,3RD & DUNN ST,39.164448,-86.528096
2010,8,2,Weekday,1300,2-Car,No injury/unknown,,E 3RD ST,39.164448,-86.527744
2010,8,5,Weekday,2000,Moped/Motorcycle,Non-incapacitating,DISREGARD SIGNAL/REG SIGN,E 3RD ST & INDIANA,39.164448,-86.5268
2010,9,7,Weekend,1600,2-Car,No injury/unknown,UNSAFE LANE MOVEMENT,3RD & STATE ROAD 45 46 BYP,39.164448,-86.471888
2010,9,3,Weekday,1500,Moped/Motorcycle,Non-incapacitating,IMPROPER PASSING,3RD ST & INDIANA,39.164448,-86.5268
2010,9,6,Weekday,900,2-Car,No injury/unknown,FOLLOWING TOO CLOSELY,3RD ST ST & INDIANA AVE,39.164448,-86.5268
2010,9,3,Weekday,1400,2-Car,Non-incapacitating,DISREGARD SIGNAL/REG SIGN,3RD ST & INDIANA,39.164448,-86.5268
2010,11,4,Weekday,1300,2-Car,No injury/unknown,UNSAFE BACKING,3RD & 727 E 3RD WEST DRIVE ST,39.164448,-86.471888
2010,11,6,Weekday,1100,2-Car,No injury/unknown,LEFT OF CENTER,E 3RD ST & S DUNN,39.164448,-86.528096
2010,11,2,Weekday,1200,2-Car,No injury/unknown,OTHER (DRIVER) - EXPLAIN IN NARRATIVE,E 3RD & SR 45 46 BYPASS RD,39.164448,-86.471888
2010,11,2,Weekday,800,2-Car,No injury/unknown,DISREGARD SIGNAL/REG SIGN,3RD ST & DUNN,39.164448,-86.528096
2010,12,7,Weekend,800,3+ Cars,Non-incapacitating,DISREGARD SIGNAL/REG SIGN,DUNN & E 3RD ST,39.164448,-86.528096
2010,1,5,Weekday,1700,3+ Cars,No injury/unknown,OTHER (DRIVER) - EXPLAIN IN NARRATIVE,3RD ST & FESS,39.16444377,-86.52565098
2010,6,5,Weekday,1600,3+ Cars,No injury/unknown,UNSAFE BACKING,E 3RD ST,39.1644383,-86.52546877
2010,7,2,Weekday,1500,2-Car,No injury/unknown,VIEW OBSTRUCTED,E 3RD ST,39.1644383,-86.52546877
2010,4,3,Weekday,2300,3+ Cars,Non-incapacitating,RAN OFF ROAD RIGHT,2910 W 3RD ST & ST 37,39.16442423,-86.5732966
2010,4,4,Weekday,1700,2-Car,No injury/unknown,FOLLOWING TOO CLOSELY,SR37S & W THIRD,39.16442423,-86.5732966
2010,10,6,Weekday,1800,2-Car,Non-incapacitating,FAILURE TO YIELD RIGHT OF WAY,SR 37 & W 3RD ST,39.16442423,-86.5732966
2010,10,2,Weekday,1600,3+ Cars,No injury/unknown,FOLLOWING TOO CLOSELY,3RD ST & SR 37,39.16442423,-86.5732966
2010,1,5,Weekday,1700,3+ Cars,No injury/unknown,SPEED TOO FAST FOR WEATHER CONDITIONS,3RD ST & DUNN,39.1644174,-86.52819003
2010,1,3,Weekday,2000,Pedestrian,Non-incapacitating,FAILURE TO YIELD RIGHT OF WAY,PATTERSON AVE & WEST 3RD,39.16441,-86.55196
2010,2,6,Weekday,0,2-Car,No injury/unknown,UNSAFE BACKING,3RD & WESTPLEX AVE,39.16441,-86.5539
2010,2,4,Weekday,700,2-Car,No injury/unknown,SPEED TOO FAST FOR WEATHER CONDITIONS,PATTERSON DR DR & WEST 3 ST,39.16441,-86.55196
2010,6,4,Weekday,200,1-Car,No injury/unknown,IMPROPER LANE USAGE,3RD ST & WESTPLEX,39.16441,-86.5539
2010,1,5,Weekday,900,2-Car,No injury/unknown,FOLLOWING TOO CLOSELY,3RD ST & LANDMARK,39.16440374,-86.55627394
2010,2,2,Weekday,0,1-Car,No injury/unknown,RAN OFF ROAD RIGHT,LANDMARK & W 3RD ST,39.16440374,-86.55626096
2010,9,7,Weekend,1900,Moped/Motorcycle,Non-incapacitating,FOLLOWING TOO CLOSELY,3RD ST & LANDMARK,39.16440374,-86.5562826
2010,9,3,Weekday,1600,3+ Cars,No injury/unknown,BRAKE FAILURE OR DEFECTIVE,3RD ST & LANDMARK,39.16440374,-86.55623932
2010,11,6,Weekday,1300,2-Car,No injury/unknown,FAILURE TO YIELD RIGHT OF WAY,LANDMARK & WEST 3RD ST,39.16440374,-86.55629991
2010,9,2,Weekday,0,1-Car,No injury/unknown,UNSAFE SPEED,1000 W 3RD ST & S WALKER,39.1644,-86.546304
2010,10,3,Weekday,1900,1-Car,No injury/unknown,UNSAFE SPEED,S WALKER & W 3RD ST,39.1644,-86.546304
2010,9,5,Weekday,1400,3+ Cars,Non-incapacitating,FOLLOWING TOO CLOSELY,EAST THIRD ST & WOODLAWN,39.16439952,-86.52417584
2010,2,3,Weekday,1500,2-Car,No injury/unknown,FAILURE TO YIELD RIGHT OF WAY,E 3RD & PETE ELLIS DR,39.16437733,-86.495088
2010,8,2,Weekday,1000,2-Car,Non-incapacitating,UNSAFE LANE MOVEMENT,3RD ST & WOODLAWN,39.16437316,-86.5232971
2010,12,6,Weekday,900,1-Car,No injury/unknown,RAN OFF ROAD RIGHT,BENDER & SR46E,39.16435451,-86.42790039
2010,1,3,Weekday,1300,2-Car,No injury/unknown,UNSAFE LANE MOVEMENT,3RD ST & WOODLAWN,39.164352,-86.52223919
2010,12,3,Weekday,1100,2-Car,No injury/unknown,UNSAFE SPEED,3RD ST & WOODLAWN,39.164352,-86.52188638
2010,1,3,Weekday,800,1-Car,No injury/unknown,SPEED TOO FAST FOR WEATHER CONDITIONS,3RD ST & UNIVERSITY EAST,39.164352,-86.5088
2010,2,7,Weekend,700,1-Car,No injury/unknown,SPEED TOO FAST FOR WEATHER CONDITIONS,THIRD ST & WOODLAWN,39.164352,-86.522592
2010,3,3,Weekday,2100,3+ Cars,No injury/unknown,DRIVER DISTRACTED - EXPLAIN IN NARRATIVE,3RD ST & WOODLAWN,39.164352,-86.522592
2010,3,5,Weekday,1600,2-Car,No injury/unknown,FOLLOWING TOO CLOSELY,3RD ST & WOODLAWN,39.164352,-86.522592
2010,4,2,Weekday,2000,3+ Cars,No injury/unknown,FOLLOWING TOO CLOSELY,3RD ST & WOODLAWN,39.164352,-86.522592
2010,4,6,Weekday,1300,2-Car,No injury/unknown,UNSAFE LANE MOVEMENT,E 3RD ST & WOODLAWN,39.164352,-86.522592
2010,4,7,Weekend,1200,2-Car,No injury/unknown,FOLLOWING TOO CLOSELY,E 3RD ST & S UNION,39.164352,-86.5088
2010,5,1,Weekend,1700,2-Car,No injury/unknown,FAILURE TO YIELD RIGHT OF WAY,E 3RD & S HIGH ST,39.164352,-86.508288
2010,6,4,Weekday,1000,2-Car,No injury/unknown,FOLLOWING TOO CLOSELY,3RD ST & UNION,39.164352,-86.5088
2010,6,7,Weekend,1000,2-Car,Non-incapacitating,IMPROPER LANE USAGE,3RD ST & WOODLAWN,39.164352,-86.522592
2010,6,3,Weekday,1200,3+ Cars,No injury/unknown,DRIVER DISTRACTED - EXPLAIN IN NARRATIVE,EAST 3RD ST & SOUTH UNION,39.164352,-86.5088
2010,7,3,Weekday,1800,2-Car,No injury/unknown,UNSAFE BACKING,3RD & UNION ST,39.164352,-86.5088
2010,8,3,Weekday,2300,2-Car,No injury/unknown,IMPROPER TURNING,3RD ST & WOODLAWN,39.164352,-86.522592
2010,8,4,Weekday,1400,2-Car,No injury/unknown,FOLLOWING TOO CLOSELY,EAST 3RD ST & HIGH,39.164352,-86.508288
2010,8,5,Weekday,1100,2-Car,Non-incapacitating,UNSAFE SPEED,HIGH & THIRD ST,39.164352,-86.508288
2010,8,2,Weekday,900,2-Car,No injury/unknown,UNSAFE LANE MOVEMENT,3RD ST & WOODLAWN,39.164352,-86.522592
2010,9,7,Weekend,400,2-Car,Non-incapacitating,OTHER (DRIVER) - EXPLAIN IN NARRATIVE,3RD ST & HIGH,39.164352,-86.508288
2010,9,2,Weekday,1200,2-Car,Non-incapacitating,FOLLOWING TOO CLOSELY,EAST THIRD ST & FACULTY,39.164352,-86.521088
2010,9,5,Weekday,1400,2-Car,No injury/unknown,FOLLOWING TOO CLOSELY,3RD ST & FACULTY,39.164352,-86.521088
2010,9,5,Weekday,800,Cyclist,Non-incapacitating,IMPROPER LANE USAGE,3RD & UNION ST,39.164352,-86.5088
2010,10,7,Weekend,300,1-Car,No injury/unknown,RAN OFF ROAD RIGHT,3RD ST & FACULTY,39.164352,-86.521088
2010,10,7,Weekend,200,Bus,No injury/unknown,FOLLOWING TOO CLOSELY,3RD ST & WOODLAWN,39.164352,-86.522592
2010,11,3,Weekday,1800,2-Car,No injury/unknown,SPEED TOO FAST FOR WEATHER CONDITIONS,3RD & UNION ST,39.164352,-86.5088
2010,11,2,Weekday,2000,2-Car,Non-incapacitating,FOLLOWING TOO CLOSELY,EAST 3RD ST & SOUTH WOODLAWN,39.164352,-86.522592
2010,12,4,Weekday,2300,2-Car,No injury/unknown,FAILURE TO YIELD RIGHT OF WAY,3RD ST & FACULTY,39.164352,-86.521088
2010,1,5,Weekday,1700,1-Car,No injury/unknown,SPEED TOO FAST FOR WEATHER CONDITIONS,WALKER & WEST 3RD ST,39.16434,-86.54629
2010,2,3,Weekday,1200,2-Car,No injury/unknown,UNSAFE BACKING,S FESS ST,39.16433371,-86.52579363
2010,6,4,Weekday,1700,2-Car,No injury/unknown,DISREGARD SIGNAL/REG SIGN,3RD ST & BRYAN,39.16432,-86.50824
2010,7,5,Weekday,1200,2-Car,No injury/unknown,FOLLOWING TOO CLOSELY,3RD ST & JEFFERSON,39.164304,-86.50663919
2010,4,2,Weekday,1600,2-Car,No injury/unknown,LEFT OF CENTER,EAST 3RD ST & SOUTH JEFFERSON,39.164304,-86.506992
2010,4,1,Weekend,1600,3+ Cars,No injury/unknown,FOLLOWING TOO CLOSELY,3RD ST & JEFFERSON,39.164304,-86.506992
2010,6,3,Weekday,900,2-Car,No injury/unknown,FOLLOWING TOO CLOSELY,EAST 3RD ST & JEFFERSON,39.164304,-86.506992
2010,6,3,Weekday,1600,2-Car,No injury/unknown,IMPROPER PASSING,E 3RD ST & S JEFFERSON,39.164304,-86.506992
2010,9,6,Weekend,1900,2-Car,No injury/unknown,FAILURE TO YIELD RIGHT OF WAY,EAST 3RD ST & ROOSEVELT,39.164304,-86.505792
2010,10,7,Weekend,1300,2-Car,No injury/unknown,IMPROPER LANE USAGE,3RD ST & JEFFERSON,39.164304,-86.506992
2010,11,6,Weekday,1200,2-Car,No injury/unknown,OTHER (DRIVER) - EXPLAIN IN NARRATIVE,3RD ST & JEFFERSON,39.164304,-86.506992
2010,11,1,Weekend,900,1-Car,No injury/unknown,OTHER (DRIVER) - EXPLAIN IN NARRATIVE,EAST THIRD ST & JEFFERSON,39.164304,-86.506992
2010,11,5,Weekday,1200,2-Car,No injury/unknown,FOLLOWING TOO CLOSELY,3RD ST ST & ROOSEVELT ST,39.164304,-86.505792
2010,12,5,Weekday,1700,2-Car,No injury/unknown,FAILURE TO YIELD RIGHT OF WAY,E 3RD ST & JEFFERSON,39.164304,-86.506992
2010,5,5,Weekday,800,2-Car,No injury/unknown,FAILURE TO YIELD RIGHT OF WAY,3RD ST & SR46N,39.16429121,-86.47294938
2010,3,5,Weekday,1500,2-Car,No injury/unknown,FAILURE TO YIELD RIGHT OF WAY,FESS AVE & THIRD,39.16429,-86.52587
2010,10,5,Weekday,1700,2-Car,No injury/unknown,FAILURE TO YIELD RIGHT OF WAY,3RD ST & FESS,39.16429,-86.52587
2010,12,7,Weekend,2200,2-Car,No injury/unknown,FOLLOWING TOO CLOSELY,3RD ST & S FESS,39.16429,-86.52587433
2010,12,3,Weekday,1300,2-Car,No injury/unknown,FOLLOWING TOO CLOSELY,E 3RD ST & FESS,39.16429,-86.52587
2010,6,2,Weekday,1800,2-Car,No injury/unknown,FAILURE TO YIELD RIGHT OF WAY,CLARK & EAST 3RD ST,39.164288,-86.5048
2010,8,2,Weekday,0,1-Car,No injury/unknown,,E 3RD ST,39.164288,-86.473488
2010,9,7,Weekend,1400,3+ Cars,Non-incapacitating,FOLLOWING TOO CLOSELY,3RD ST & CLARK,39.164288,-86.5048
2010,10,6,Weekday,1000,1-Car,No injury/unknown,UNSAFE BACKING,EAST THIRD ST,39.164285,-86.525426
2010,5,3,Weekday,1600,2-Car,No injury/unknown,FOLLOWING TOO CLOSELY,3RD ST & S CLIFTON,39.16428,-86.50969
2010,11,4,Weekday,1600,2-Car,Non-incapacitating,FOLLOWING TOO CLOSELY,3RD ST & CLIFTON,39.16428,-86.50969
2010,11,7,Weekend,2300,2-Car,No injury/unknown,IMPROPER TURNING,3RD ST & COLLEGE MALL,39.164272,-86.50192783
2010,3,5,Weekday,1700,2-Car,No injury/unknown,FAILURE TO YIELD RIGHT OF WAY,EAST THIRD ST & OVERHILL,39.164272,-86.501488
2010,4,1,Weekend,1300,2-Car,No injury/unknown,UNSAFE BACKING,E 3RD ST,39.164272,-86.50194253
2010,4,3,Weekday,1700,2-Car,No injury/unknown,FAILURE TO YIELD RIGHT OF WAY,E 3RD ST & OVERHILL,39.164272,-86.501488
2010,6,1,Weekend,1200,2-Car,No injury/unknown,UNSAFE BACKING,E 3RD ST,39.164272,-86.502416
2010,7,3,Weekday,1600,Bus,No injury/unknown,UNSAFE BACKING,E 3RD ST,39.164272,-86.502416
2010,10,4,Weekday,1200,2-Car,No injury/unknown,FAILURE TO YIELD RIGHT OF WAY,E 3RD ST,39.164272,-86.50199935
2010,10,6,Weekday,1700,2-Car,No injury/unknown,FAILURE TO YIELD RIGHT OF WAY,E 3RD ST ST & OVERHILL,39.164272,-86.501488
2010,11,2,Weekday,1800,2-Car,No injury/unknown,FOLLOWING TOO CLOSELY,E 3RD ST & OVERHILL,39.164272,-86.501488
2010,12,3,Weekday,1600,2-Car,Non-incapacitating,FAILURE TO YIELD RIGHT OF WAY,2600 E 3RD ST & OVERHILL,39.164272,-86.501488
2010,1,6,Weekday,1100,Moped/Motorcycle,Incapacitating,FAILURE TO YIELD RIGHT OF WAY,BALLANTINE & THIRD ST,39.16427,-86.51913
2010,2,6,Weekend,2200,2-Car,No injury/unknown,IMPROPER TURNING,3RD ST & BALLANTINE,39.16427,-86.51913
2010,4,4,Weekday,1000,2-Car,No injury/unknown,FAILURE TO YIELD RIGHT OF WAY,BALLANTINE & THIRD ST,39.16427,-86.51913
2010,4,1,Weekend,1600,3+ Cars,No injury/unknown,FOLLOWING TOO CLOSELY,E 3RD ST & S JEFFERSON,39.16427,-86.5071
2010,4,3,Weekday,1700,2-Car,No injury/unknown,UNSAFE BACKING,EAST 3RD ST,39.16427,-86.519115
2010,4,4,Weekday,1000,Bus,No injury/unknown,IMPROPER PASSING,E 3RD ST & S WOODSCREST,39.16427,-86.50241
2010,4,7,Weekend,1200,2-Car,No injury/unknown,FAILURE TO YIELD RIGHT OF WAY,E  3RD ST,39.16427,-86.517692
2010,4,3,Weekday,1800,3+ Cars,Non-incapacitating,FOLLOWING TOO CLOSELY,3RD ST & BRYAN,39.16427,-86.50825
2010,10,6,Weekend,1900,2-Car,No injury/unknown,FOLLOWING TOO CLOSELY,E 3RD ST & S UNION,39.16427,-86.509245
2010,5,3,Weekday,1200,2-Car,No injury/unknown,UNSAFE BACKING,E 3RD ST,39.16426808,-86.50110988
2010,9,4,Weekday,1900,2-Car,No injury/unknown,UNSAFE BACKING,E 3RD ST,39.16426678,-86.50098384
2010,8,4,Weekday,1600,3+ Cars,Non-incapacitating,FOLLOWING TOO CLOSELY,3RD ST & OVERHILL,39.16426652,-86.50095883
2010,5,5,Weekday,1700,2-Car,No injury/unknown,UNSAFE BACKING,E 3RD ST,39.164265,-86.52085
2010,2,6,Weekday,1200,2-Car,No injury/unknown,FAILURE TO YIELD RIGHT OF WAY,E 3RD ST,39.16426112,-86.50043808
2010,5,4,Weekday,1100,2-Car,No injury/unknown,UNSAFE BACKING,E 3RD ST,39.16426112,-86.50043808