Year,Month,Day,Weekend?,Hour,Collision Type,Injury Type,Primary Factor,Reported_Location,Latitude,Longitude
2010,7,1,Weekday,1900,Cyclist,Non-incapacitating,FAILURE TO YIELD RIGHT OF WAY,E 3RD ST & S PETE ELLIS,39.16421,-86.49496
2010,9,4,Weekday,1100,2-Car,No injury/unknown,FAILURE TO YIELD RIGHT OF WAY,EAST 3 ST & KINGSTON DR DR,39.16421,-86.49304865
2010,9,6,Weekday,800,1-Car,No injury/unknown,DRIVER DISTRACTED - EXPLAIN IN NARRATIVE,EAST THIRD ST,39.16421,-86.491719
2010,9,3,Weekday,1000,Bus,No injury/unknown,OTHER (DRIVER) - EXPLAIN IN NARRATIVE,EAST THIRD & SMITH RDS,39.16421,-86.48122
2010,11,7,Weekend,1800,2-Car,No injury/unknown,UNSAFE BACKING,EAST 3RD ST,39.16421,-86.49446
2010,12,7,Weekend,1700,2-Car,Non-incapacitating,SPEED TOO FAST FOR WEATHER CONDITIONS,E 3RD ST & S CLARIZZ,39.16421,-86.49072
2010,12,1,Weekend,1600,2-Car,No injury/unknown,SPEED TOO FAST FOR WEATHER CONDITIONS,E 3RD ST,39.16421,-86.493255
2010,2,4,Weekday,1000,2-Car,No injury/unknown,UNSAFE BACKING,SOUTH UNION ST,39.164151,-86.509096
2010,11,5,Weekday,1200,2-Car,No injury/unknown,OTHER (VEHICLE) - EXPLAIN IN NARRATIVE,EAST STATE ROAD 46 & SR46E,39.16399393,-86.42286168
2010,4,4,Weekday,1800,2-Car,No injury/unknown,UNSAFE BACKING,S CURRY PIKE,39.163952,-86.5829056
2010,8,5,Weekday,1500,2-Car,No injury/unknown,UNSAFE BACKING,SOUTH MADISON ST,39.163936,-86.537416
2010,4,6,Weekday,1800,1-Car,Non-incapacitating,OVERCORRECTING/OVERSTEERING,CAVE & SR48W,39.16378263,-86.63496975
2010,5,2,Weekday,1100,2-Car,Non-incapacitating,DISREGARD SIGNAL/REG SIGN,EASTLAND PLAZA & S COLLEGE MALL RD,39.16376671,-86.49810791
2010,8,6,Weekday,1300,1-Car,No injury/unknown,DRIVER ASLEEP OR FATIGUED,BENDER & SR46W,39.16364217,-86.43831006
2010,12,5,Weekday,2000,2-Car,No injury/unknown,RAN OFF ROAD RIGHT,BENDER & SR46E,39.16362786,-86.4390581
2010,11,7,Weekend,2100,1-Car,No injury/unknown,ANIMAL/OBJECT IN ROADWAY,GARRISON CHAPPEL & SR48W,39.1636251,-86.64980603
2010,12,4,Weekday,700,1-Car,No injury/unknown,SPEED TOO FAST FOR WEATHER CONDITIONS,GARRISON CHAPPEL & SR48,39.1636251,-86.64993601
2010,12,1,Weekend,1600,2-Car,No injury/unknown,ROADWAY SURFACE CONDITION,OARD & SR48W,39.16360202,-86.63720419
2010,1,5,Weekday,700,2-Car,No injury/unknown,FOLLOWING TOO CLOSELY,3RD ST & PATTERSON,39.16346117,-86.55130339
2010,2,2,Weekday,1100,2-Car,No injury/unknown,SPEED TOO FAST FOR WEATHER CONDITIONS,3RD ST & PATTERSON,39.16346117,-86.55130339
2010,2,2,Weekday,800,1-Car,No injury/unknown,ROADWAY SURFACE CONDITION,PATTERSON & WEST 3RD ST,39.16346117,-86.55130339
2010,5,5,Weekday,1100,Cyclist,Non-incapacitating,IMPROPER PASSING,3RD ST & PATTERSON,39.16346117,-86.55130339
2010,6,6,Weekday,1300,2-Car,No injury/unknown,FAILURE TO YIELD RIGHT OF WAY,PATTERSON & WEST 3RD ST,39.16346117,-86.55130339
2010,7,1,Weekend,400,1-Car,No injury/unknown,RAN OFF ROAD RIGHT,PATTERSON & THIRD ST,39.16346117,-86.55130339
2010,7,5,Weekday,1400,2-Car,No injury/unknown,FOLLOWING TOO CLOSELY,3RD ST & PATTERSON,39.16346117,-86.55130339
2010,10,5,Weekday,1300,2-Car,No injury/unknown,UNSAFE LANE MOVEMENT,S PATTERSON & W 3RD ST,39.16346117,-86.55130339
2010,12,6,Weekend,2300,1-Car,No injury/unknown,RAN OFF ROAD RIGHT,GARRISON CHAPEL & SR48W,39.16344361,-86.6444225
2010,6,2,Weekday,2200,2-Car,No injury/unknown,UNSAFE BACKING,S PARKWAY DR,39.16344,-86.5888
2010,6,6,Weekday,1400,2-Car,No injury/unknown,FOLLOWING TOO CLOSELY,3RD & COLLEGE MALL RD,39.16342781,-86.49822171
2010,7,2,Weekday,1000,1-Car,No injury/unknown,OTHER (VEHICLE) - EXPLAIN IN NARRATIVE,CAMPBELL & EAST SEVENTH ST,39.16342222,-86.5139
2010,11,5,Weekday,300,1-Car,No injury/unknown,SPEED TOO FAST FOR WEATHER CONDITIONS,ATWATER AVE & HENDERSON,39.16339037,-86.52751354
2010,1,3,Weekday,900,2-Car,Non-incapacitating,FAILURE TO YIELD RIGHT OF WAY,ATWATER AVE & HENDERSON,39.163344,-86.5272
2010,1,3,Weekday,800,2-Car,No injury/unknown,FAILURE TO YIELD RIGHT OF WAY,ATWATER AVE & HENDERSON,39.163344,-86.5272
2010,2,6,Weekday,1100,2-Car,No injury/unknown,DISREGARD SIGNAL/REG SIGN,ATWATER AVE & HENDERSON,39.163344,-86.5272
2010,12,4,Weekday,1200,2-Car,No injury/unknown,SPEED TOO FAST FOR WEATHER CONDITIONS,ATWATER AVE & HENDERSON,39.163344,-86.5272
2010,12,4,Weekday,1100,2-Car,No injury/unknown,FAILURE TO YIELD RIGHT OF WAY,ATWATER & S HENDERSON ST,39.163344,-86.5272
2010,6,4,Weekday,1700,2-Car,Non-incapacitating,FOLLOWING TOO CLOSELY,COLLEGE MALL RD,39.16332167,-86.49809182
2010,12,6,Weekend,2300,2-Car,No injury/unknown,SPEED TOO FAST FOR WEATHER CONDITIONS,BELLE & CURRY PIKE,39.1633,-86.58274
2010,12,3,Weekday,1400,2-Car,No injury/unknown,UNSAFE BACKING,S PARK RIDGE RD,39.163272,-86.476283
2010,3,4,Weekday,800,2-Car,No injury/unknown,DISREGARD SIGNAL/REG SIGN,E ATWATER AVE & S BALLANTINE,39.163216,-86.519024
2010,11,7,Weekend,2300,2-Car,No injury/unknown,IMPROPER TURNING,ATWATER AVE & BALLANTINE,39.163216,-86.519024
2010,2,2,Weekday,1600,2-Car,No injury/unknown,FAILURE TO YIELD RIGHT OF WAY,ATWATER ST & JORDAN,39.163168,-86.516384
2010,12,4,Weekday,900,Cyclist,Non-incapacitating,FAILURE TO YIELD RIGHT OF WAY,ATWATER & JORDAN AVE,39.163168,-86.516384
2010,2,1,Weekday,2100,1-Car,No injury/unknown,UNSAFE SPEED,CAVE & SR48W,39.163152,-86.629104
2010,2,5,Weekday,1800,2-Car,No injury/unknown,FAILURE TO YIELD RIGHT OF WAY,ATWATER AVE & SOUTH HENDERSON,39.16314,-86.52727
2010,2,1,Weekday,2100,2-Car,No injury/unknown,FAILURE TO YIELD RIGHT OF WAY,ATWATER AVE & HENDERSON,39.16314,-86.52727
2010,8,5,Weekday,1200,2-Car,No injury/unknown,FAILURE TO YIELD RIGHT OF WAY,ATWATER & HENDERSON ST,39.16314,-86.52727
2010,12,2,Weekday,1100,2-Car,No injury/unknown,FAILURE TO YIELD RIGHT OF WAY,ATWATER AVE & HENDERSON,39.16314,-86.52727
2010,7,3,Weekday,1600,2-Car,Non-incapacitating,UNSAFE BACKING,S WALKER ST,39.163136,-86.546224
2010,8,6,Weekday,1100,1-Car,Non-incapacitating,DRIVER ILLNESS,S WALKER ST,39.163136,-86.546224
2010,8,7,Weekend,0,1-Car,No injury/unknown,RAN OFF ROAD RIGHT,ATWATER AVE & MITCHELL,39.163136,-86.514096
2010,2,7,Weekend,1100,2-Car,Non-incapacitating,FAILURE TO YIELD RIGHT OF WAY,ATWATER AVE & FESS,39.16312,-86.5259
2010,3,4,Weekday,800,2-Car,No injury/unknown,IMPROPER TURNING,ATWATER & WOODLAWN AVE,39.16312,-86.52262
2010,6,3,Weekday,1200,Pedestrian,Non-incapacitating,FAILURE TO YIELD RIGHT OF WAY,ATWATER AVE & WOODLAWN AVE AVE,39.16312,-86.52262
2010,8,4,Weekday,1100,2-Car,No injury/unknown,FAILURE TO YIELD RIGHT OF WAY,ATWATER AVE & FESS,39.16312,-86.5259
2010,9,3,Weekday,2300,2-Car,Non-incapacitating,FAILURE TO YIELD RIGHT OF WAY,ATWATER & FESS AVE,39.16312,-86.5259
2010,10,6,Weekday,1400,Moped/Motorcycle,Non-incapacitating,FOLLOWING TOO CLOSELY,ATWATER ST & FESS,39.16312,-86.5259
2010,11,2,Weekday,1300,2-Car,No injury/unknown,FAILURE TO YIELD RIGHT OF WAY,ATWATER AVE & EASTSIDE,39.16312,-86.513088
2010,1,6,Weekday,1300,2-Car,No injury/unknown,IMPROPER TURNING,ATWATER AVE,39.163116,-86.522225
2010,12,6,Weekday,1800,2-Car,No injury/unknown,OTHER (DRIVER) - EXPLAIN IN NARRATIVE,E ATWATER AVE,39.163116,-86.522225
2010,4,5,Weekday,1600,2-Car,Incapacitating,FAILURE TO YIELD RIGHT OF WAY,E ATWATER AVE & S PARK,39.16311,-86.52403
2010,5,6,Weekday,900,2-Car,No injury/unknown,UNSAFE LANE MOVEMENT,ATWATER AVE & PARK,39.16311,-86.52403
2010,6,3,Weekday,1700,2-Car,No injury/unknown,FAILURE TO YIELD RIGHT OF WAY,E ATWATER AVE & S PARK,39.16311,-86.52403
2010,7,5,Weekday,400,1-Car,No injury/unknown,RAN OFF ROAD RIGHT,ATWATER AVE & PARK,39.16311,-86.52403
2010,12,6,Weekday,1300,2-Car,No injury/unknown,FAILURE TO YIELD RIGHT OF WAY,ATWATER AVE & FACULTY,39.1631,-86.52106
2010,8,6,Weekday,1400,Bus,No injury/unknown,IMPROPER PASSING,SOUTH PATTERSON DR,39.163098,-86.550933
2010,9,2,Weekday,1300,2-Car,Non-incapacitating,FAILURE TO YIELD RIGHT OF WAY,ATWATER ST & HIGHLAND,39.16309707,-86.51772022
2010,2,3,Weekday,2100,2-Car,No injury/unknown,FAILURE TO YIELD RIGHT OF WAY,ATWATER AVE & HAWTHORNE,39.16309,-86.52021
2010,2,4,Weekday,800,Bus,No injury/unknown,FAILURE TO YIELD RIGHT OF WAY,ATWATER AVE & HAWTHORNE,39.16309,-86.52021
2010,4,4,Weekday,1100,2-Car,Non-incapacitating,FAILURE TO YIELD RIGHT OF WAY,ATWATER AVE AVE & HAWTHORNE DR,39.16309,-86.52021
2010,9,5,Weekday,1700,2-Car,No injury/unknown,FOLLOWING TOO CLOSELY,ATWATER AVE & HAWTHORNE,39.16309,-86.52021
2010,3,7,Weekend,1500,2-Car,No injury/unknown,IMPROPER TURNING,ATWATER AVE & SWAIN,39.16308,-86.51527
2010,11,2,Weekday,1500,3+ Cars,No injury/unknown,FOLLOWING TOO CLOSELY,EAST ATWATER AVE & SOUTH SWAIN,39.16308,-86.51527
2010,7,7,Weekend,1300,2-Car,No injury/unknown,FAILURE TO YIELD RIGHT OF WAY,E ATWATER AVE & S CLIFTON,39.163072,-86.5096
2010,2,6,Weekend,2300,2-Car,No injury/unknown,IMPROPER LANE USAGE,ATWATER AVE & BALLANTINE,39.16307,-86.51913
2010,3,6,Weekday,900,2-Car,No injury/unknown,UNSAFE BACKING,ATWATER & SOUTH JORDAN AVE,39.16305,-86.51639
2010,4,3,Weekday,1700,2-Car,No injury/unknown,FOLLOWING TOO CLOSELY,ATWATER AVE & JORDAN,39.16305,-86.51639
2010,9,1,Weekend,1600,2-Car,No injury/unknown,FOLLOWING TOO CLOSELY,EAST ATWATER AVE & SOUTH JORDAN,39.16305,-86.51639
2010,11,6,Weekend,2100,2-Car,No injury/unknown,IMPROPER TURNING,E ATWATER & S JORDAN AVE,39.16305,-86.51639
2010,8,1,Weekend,1500,2-Car,No injury/unknown,FAILURE TO YIELD RIGHT OF WAY,ATWATER AVE & HIGHLAND,39.16304453,-86.51771252
2010,5,2,Weekday,2100,Pedestrian,Incapacitating,PEDESTRIAN ACTION,COLLEGE MALL RD & EASTLAND,39.16299725,-86.49802744
2010,10,6,Weekday,1300,1-Car,No injury/unknown,RAN OFF ROAD RIGHT,ROGERS & SMITH AVE,39.162992,-86.538592
2010,11,3,Weekday,1100,1-Car,Non-incapacitating,UNSAFE SPEED,HAGAN & SMITH RD,39.16295,-86.4808
2010,10,3,Weekday,1100,1-Car,No injury/unknown,ACCELERATOR FAILURE OR DEFECTIVE,S COLLEGE MALL RD,39.162928,-86.498112
2010,11,5,Weekday,1100,2-Car,No injury/unknown,FAILURE TO YIELD RIGHT OF WAY,S COLLEGE MALL RD,39.162928,-86.498112
2010,3,2,Weekday,1500,2-Car,No injury/unknown,UNSAFE BACKING,S LANDMARK AVE,39.16291476,-86.55624845
2010,4,3,Weekday,1600,2-Car,No injury/unknown,UNSAFE BACKING,S COLLEGE AVE,39.16291331,-86.53483233
2010,6,1,Weekend,1400,Cyclist,Non-incapacitating,FAILURE TO YIELD RIGHT OF WAY,COLLEGE MALL RD,39.162878,-86.498021
2010,8,6,Weekday,1800,2-Car,No injury/unknown,OTHER (DRIVER) - EXPLAIN IN NARRATIVE,W SMITH AVE,39.16286208,-86.53378304
2010,1,6,Weekday,1300,2-Car,No injury/unknown,FAILURE TO YIELD RIGHT OF WAY,LINCOLN ST & SMITH,39.162848,-86.53104
2010,2,5,Weekday,1400,2-Car,No injury/unknown,LEFT OF CENTER,EAST SMITH AVE & SOUTH DUNN,39.162848,-86.5284
2010,2,6,Weekday,1200,2-Car,No injury/unknown,,S HENDERSON ST,39.162848,-86.527184
2010,4,7,Weekend,1400,2-Car,No injury/unknown,,GRANT ST & SMITH,39.162848,-86.529744
2010,7,4,Weekday,1500,Cyclist,Non-incapacitating,UNSAFE SPEED,S LINCOLN ST & SMITH,39.162848,-86.53104
2010,9,7,Weekend,1300,2-Car,No injury/unknown,FAILURE TO YIELD RIGHT OF WAY,DUNN ST & SMITH,39.162848,-86.5284
2010,10,6,Weekday,1700,2-Car,No injury/unknown,IMPROPER TURNING,S WALNUT ST,39.162848,-86.5336
2010,3,6,Weekend,2300,2-Car,No injury/unknown,FAILURE TO YIELD RIGHT OF WAY,S LINCOLN ST & SMITH,39.16283,-86.53117
2010,1,1,Weekend,1500,2-Car,No injury/unknown,FAILURE TO YIELD RIGHT OF WAY,DUNN ST & SMITH,39.16281,-86.52843
2010,4,5,Weekday,1000,2-Car,No injury/unknown,FAILURE TO YIELD RIGHT OF WAY,DUNN & SMITH AVE,39.16281,-86.52841269
2010,12,5,Weekday,1300,2-Car,No injury/unknown,SPEED TOO FAST FOR WEATHER CONDITIONS,GETTYS CREEK & SR46E,39.16280112,-86.41408857
2010,2,6,Weekday,700,2-Car,No injury/unknown,FAILURE TO YIELD RIGHT OF WAY,MILLER & WALNUT ST,39.16274449,-86.53265
2010,6,4,Weekday,1800,2-Car,No injury/unknown,FOLLOWING TOO CLOSELY,BIRDIE GALYAN & SR46E,39.16270985,-86.41331991
2010,5,1,Weekend,1800,2-Car,No injury/unknown,DRIVER DISTRACTED - EXPLAIN IN NARRATIVE,LOWER BIRDIE GAYLON ROAD & SR46E,39.16270985,-86.41331904
2010,2,5,Weekday,900,2-Car,No injury/unknown,FOLLOWING TOO CLOSELY,ADAMS ST & PATTERSON DR DR,39.16267,-86.5505
2010,1,3,Weekday,1600,2-Car,No injury/unknown,UNSAFE BACKING,SOUTH WOODSCREST DR,39.162531,-86.502419
2010,9,2,Weekday,1700,Cyclist,No injury/unknown,,S MAPLE & W HOWE ST,39.162464,-86.542096
2010,6,5,Weekday,1500,2-Car,No injury/unknown,FAILURE TO YIELD RIGHT OF WAY,FAIRVIEW & HOWE ST,39.162432,-86.5408
2010,9,3,Weekday,300,2-Car,No injury/unknown,OTHER (DRIVER) - EXPLAIN IN NARRATIVE,HOWE ST & WALKER,39.16243,-86.54619
2010,10,2,Weekday,2000,2-Car,Non-incapacitating,FAILURE TO YIELD RIGHT OF WAY,S WASHINGTON ST,39.16241698,-86.5324
2010,6,1,Weekend,0,2-Car,No injury/unknown,IMPROPER LANE USAGE,HOWE & S ROGERS ST,39.1624,-86.53869
2010,11,3,Weekday,1300,2-Car,No injury/unknown,FAILURE TO YIELD RIGHT OF WAY,HOWE & ROGERS ST,39.1624,-86.538592
2010,12,1,Weekend,800,2-Car,No injury/unknown,FAILURE TO YIELD RIGHT OF WAY,COUNRTY CLUB & WALNUT ST,39.16239669,-86.53111335
2010,1,2,Weekday,1100,2-Car,No injury/unknown,UNSAFE BACKING,S LANDMARK AVE,39.16237859,-86.55598207
2010,7,4,Weekday,1200,2-Car,No injury/unknown,UNSAFE BACKING,LANDMARK AVE,39.16237859,-86.55598207
2010,8,2,Weekday,1800,2-Car,No injury/unknown,UNSAFE BACKING,BALLANTINE RD & HUNTER,39.16237732,-86.51903775
2010,3,6,Weekday,1700,2-Car,No injury/unknown,UNSAFE BACKING,S WALNUT ST,39.16235951,-86.5336
2010,8,7,Weekend,1100,3+ Cars,No injury/unknown,FAILURE TO YIELD RIGHT OF WAY,FESS AVE & HUNTER,39.16225,-86.52591
2010,12,6,Weekday,1200,1-Car,No injury/unknown,SPEED TOO FAST FOR WEATHER CONDITIONS,E HUNTER AVE & PARK,39.16224,-86.523968
2010,1,3,Weekday,800,2-Car,Non-incapacitating,DISREGARD SIGNAL/REG SIGN,HUNTER ST & PARK AVE,39.16222,-86.52402
2010,12,1,Weekend,0,2-Car,No injury/unknown,OTHER (DRIVER) - EXPLAIN IN NARRATIVE,E HUNTER AVE & S HIGHLAND,39.16219076,-86.51770387
2010,11,3,Weekday,1300,2-Car,No injury/unknown,FAILURE TO YIELD RIGHT OF WAY,S LANDMARK AVE,39.16204732,-86.55561324
2010,9,6,Weekday,1200,1-Car,No injury/unknown,ANIMAL/OBJECT IN ROADWAY,3RD & SR37N,39.16200597,-86.57316611
2010,12,2,Weekday,1200,2-Car,No injury/unknown,OTHER (DRIVER) - EXPLAIN IN NARRATIVE,S COLLEGE MALL RD,39.161855,-86.497854
2010,1,6,Weekend,2100,2-Car,No injury/unknown,OTHER (DRIVER) - EXPLAIN IN NARRATIVE,S MULLER PKWY,39.161723,-86.567419
2010,1,4,Weekday,1700,3+ Cars,No injury/unknown,FOLLOWING TOO CLOSELY,2ND & COLLEGE AVE,39.16171465,-86.53484508
2010,4,4,Weekday,0,2-Car,No injury/unknown,,2ND & GRANT ST,39.16165972,-86.5297575
2010,5,3,Weekday,1100,3+ Cars,Incapacitating,BRAKE FAILURE OR DEFECTIVE,SOUTH WALKER & WEST SECOND ST,39.161648,-86.546128
2010,10,3,Weekday,1200,Pedestrian,Incapacitating,FAILURE TO YIELD RIGHT OF WAY,S WALKER & W 2ND ST,39.161648,-86.546128
2010,10,3,Weekday,1800,2-Car,Non-incapacitating,FOLLOWING TOO CLOSELY,EAST 2ND ST & WALKER,39.161648,-86.546128
2010,10,4,Weekday,1400,2-Car,No injury/unknown,FOLLOWING TOO CLOSELY,EUCLID & W 2ND ST,39.1616,-86.543296
2010,5,4,Weekday,1700,2-Car,No injury/unknown,FOLLOWING TOO CLOSELY,2ND ST & MAPLE,39.16158681,-86.54280118
2010,7,1,Weekend,300,1-Car,Non-incapacitating,ANIMAL/OBJECT IN ROADWAY,BIRDIE GALYAN & SR46E,39.16158391,-86.41219366
2010,1,4,Weekday,900,2-Car,No injury/unknown,UNSAFE BACKING,S MULLER PKWY,39.161569,-86.567511
2010,7,3,Weekday,1700,3+ Cars,Non-incapacitating,FOLLOWING TOO CLOSELY,MAPLE & W 2ND ST,39.161568,-86.542096
2010,5,6,Weekday,1700,3+ Cars,No injury/unknown,SPEED TOO FAST FOR WEATHER CONDITIONS,2ND ST & MAPLE,39.16155352,-86.54103777
2010,5,5,Weekday,1900,2-Car,Non-incapacitating,OTHER (DRIVER) - EXPLAIN IN NARRATIVE,W 2ND ST,39.16153675,-86.53981487
2010,11,1,Weekend,1700,2-Car,No injury/unknown,IMPROPER TURNING,W 2ND ST,39.16153611,-86.53976784
2010,1,1,Weekday,1900,2-Car,No injury/unknown,FAILURE TO YIELD RIGHT OF WAY,2ND ST & ROGERS,39.16152,-86.538592
2010,1,3,Weekday,2300,2-Car,No injury/unknown,DISREGARD SIGNAL/REG SIGN,2ND ST & ROGERS,39.16152,-86.538592
2010,1,1,Weekday,2300,2-Car,No injury/unknown,FAILURE TO YIELD RIGHT OF WAY,2ND ST & ROGERS,39.16152,-86.538592
2010,2,5,Weekday,2300,2-Car,No injury/unknown,FAILURE TO YIELD RIGHT OF WAY,2ND ST & ROGERS,39.16152,-86.538592
2010,3,6,Weekday,0,2-Car,No injury/unknown,FAILURE TO YIELD RIGHT OF WAY,S ROGERS & W 2ND ST,39.16152,-86.538592
2010,5,3,Weekday,1200,2-Car,No injury/unknown,FOLLOWING TOO CLOSELY,S ROGERS & W 2ND ST,39.16152,-86.538592
2010,9,7,Weekend,2300,2-Car,No injury/unknown,FAILURE TO YIELD RIGHT OF WAY,ROGERS ST & W 2ND,39.16152,-86.538592
2010,10,2,Weekday,0,2-Car,Non-incapacitating,FAILURE TO YIELD RIGHT OF WAY,E 2ND ST & S ROGERS,39.16152,-86.538592
2010,10,3,Weekday,1200,2-Car,Incapacitating,FOLLOWING TOO CLOSELY,SOUTH ROGERS & WEST 2 ST ST,39.16152,-86.538592
2010,6,2,Weekday,1600,2-Car,No injury/unknown,FOLLOWING TOO CLOSELY,2ND ST & MADISON,39.16150106,-86.53782493
2010,1,4,Weekday,1600,2-Car,No injury/unknown,FOLLOWING TOO CLOSELY,2ND ST & MADISON,39.161488,-86.537296
2010,10,3,Weekday,1400,2-Car,No injury/unknown,UNSAFE BACKING,S LANDMARK AVE,39.16145993,-86.55452041
2010,1,2,Weekday,1100,2-Car,No injury/unknown,DISREGARD SIGNAL/REG SIGN,2ND ST & COLLEGE,39.16144,-86.534848
2010,2,1,Weekday,1900,2-Car,No injury/unknown,DISREGARD SIGNAL/REG SIGN,2ND & WALNUT ST,39.16144,-86.5336
2010,3,4,Weekday,1400,3+ Cars,No injury/unknown,UNSAFE LANE MOVEMENT,E 2ND ST & S LINCOLN,39.16144,-86.531056
2010,3,3,Weekday,1900,2-Car,No injury/unknown,FAILURE TO YIELD RIGHT OF WAY,E 2ND ST & S DUNN,39.16144,-86.528288
2010,5,5,Weekday,2300,Cyclist,Non-incapacitating,FAILURE TO YIELD RIGHT OF WAY,2ND & WALNUT ST,39.16144,-86.5336
2010,6,4,Weekday,800,2-Car,Non-incapacitating,SPEED TOO FAST FOR WEATHER CONDITIONS,2ND ST & PARK,39.16144,-86.523952
2010,9,4,Weekday,1700,2-Car,No injury/unknown,FOLLOWING TOO CLOSELY,S COLLEGE AVE & W 2ND,39.16144,-86.534848
2010,10,2,Weekday,1200,Moped/Motorcycle,Non-incapacitating,FOLLOWING TOO CLOSELY,2ND & COLLEGE AVE,39.16144,-86.534848
2010,11,4,Weekday,1500,2-Car,No injury/unknown,FAILURE TO YIELD RIGHT OF WAY,2ND & WASHINGTON ST,39.16144,-86.5324
2010,12,2,Weekday,1700,2-Car,No injury/unknown,DISREGARD SIGNAL/REG SIGN,2ND & S WASHINGTON ST,39.16144,-86.5324
2010,6,4,Weekday,800,1-Car,Non-incapacitating,RAN OFF ROAD RIGHT,WEST 2ND ST,39.161429,-86.546139
2010,8,2,Weekday,1600,3+ Cars,No injury/unknown,FOLLOWING TOO CLOSELY,EUCLID & SECOND ST,39.16142,-86.54337
2010,8,6,Weekday,200,2-Car,No injury/unknown,UNSAFE SPEED,W 2ND ST,39.16142,-86.543536
2010,8,2,Weekday,900,2-Car,No injury/unknown,UNSAFE BACKING,W 2ND ST,39.161411,-86.537441
2010,1,2,Weekday,1400,2-Car,No injury/unknown,FOLLOWING TOO CLOSELY,S MADISON & W 2ND ST,39.16141,-86.53744
2010,7,3,Weekday,800,2-Car,Non-incapacitating,FAILURE TO YIELD RIGHT OF WAY,MAPLE ST & W2ND ST ST,39.16141,-86.54224135
2010,10,7,Weekend,1300,2-Car,No injury/unknown,FOLLOWING TOO CLOSELY,MAPLE & W 2ND ST,39.16141,-86.54225
2010,1,3,Weekday,1600,2-Car,Non-incapacitating,FOLLOWING TOO CLOSELY,900 W 2ND ST & S EUCHLID,39.16140529,-86.54339653
2010,4,3,Weekday,1400,2-Car,No injury/unknown,DRIVER DISTRACTED - EXPLAIN IN NARRATIVE,COLLEGE & W 2ND ST,39.16140529,-86.53489044
2010,1,7,Weekend,1500,2-Car,No injury/unknown,FAILURE TO YIELD RIGHT OF WAY,ROGERS & WEST 2ND ST,39.1614,-86.53867
2010,2,2,Weekday,900,2-Car,Non-incapacitating,FAILURE TO YIELD RIGHT OF WAY,2ND ST & ROGERS,39.1614,-86.53867
2010,2,7,Weekend,700,2-Car,No injury/unknown,SPEED TOO FAST FOR WEATHER CONDITIONS,2ND & ROGERS ST,39.1614,-86.53867
2010,3,1,Weekday,2100,2-Car,No injury/unknown,FAILURE TO YIELD RIGHT OF WAY,2ND ST & ROGERS,39.1614,-86.53867
2010,4,5,Weekday,1700,Moped/Motorcycle,No injury/unknown,OTHER (DRIVER) - EXPLAIN IN NARRATIVE,ROGERS & WEST 2ND ST,39.1614,-86.53868731
2010,6,2,Weekday,800,1-Car,Non-incapacitating,ACCELERATOR FAILURE OR DEFECTIVE,W 2ND ST,39.1614,-86.539965
2010,6,6,Weekday,1100,Cyclist,Non-incapacitating,OTHER (DRIVER) - EXPLAIN IN NARRATIVE,2ND ST & ROGERS,39.1614,-86.53867
2010,8,3,Weekday,1100,2-Car,Non-incapacitating,OTHER (DRIVER) - EXPLAIN IN NARRATIVE,2ND ST & WALNUT,39.1614,-86.53363
2010,12,1,Weekend,0,2-Car,No injury/unknown,FAILURE TO YIELD RIGHT OF WAY,SOUTH ROGERS & W 2ND ST,39.1614,-86.53867
2010,12,2,Weekday,1300,2-Car,No injury/unknown,FOLLOWING TOO CLOSELY,S ROGERS & WEST 2ND ST,39.1614,-86.53862673
2010,5,6,Weekday,1000,2-Car,No injury/unknown,OTHER (DRIVER) - EXPLAIN IN NARRATIVE,2ND ST & MORTSON,39.16139,-86.53631433
2010,6,4,Weekday,1800,2-Car,No injury/unknown,CELL PHONE USAGE,S MORTON & W 2ND ST,39.16139,-86.53631
2010,9,5,Weekday,1300,2-Car,No injury/unknown,OTHER (DRIVER) - EXPLAIN IN NARRATIVE,2ND ST & MORTON,39.16139,-86.53631
2010,11,2,Weekday,900,2-Car,No injury/unknown,FAILURE TO YIELD RIGHT OF WAY,2ND ST & MORTON,39.16139,-86.53631632
2010,8,7,Weekend,1700,2-Car,No injury/unknown,UNSAFE BACKING,WEST SECOND ST,39.161384,-86.535221
2010,4,6,Weekday,900,3+ Cars,No injury/unknown,OTHER (DRIVER) - EXPLAIN IN NARRATIVE,2ND ST & COLLEGE,39.16138,-86.53491269
2010,4,4,Weekday,1100,2-Car,No injury/unknown,FOLLOWING TOO CLOSELY,2ND & COLLEGE AVE,39.16138,-86.53493
2010,5,5,Weekday,1600,2-Car,Non-incapacitating,FOLLOWING TOO CLOSELY,COLLEGE & SECOND ST,39.16138,-86.53493
2010,11,3,Weekday,1700,2-Car,No injury/unknown,SPEED TOO FAST FOR WEATHER CONDITIONS,S COLLEGE AVE & W 2ND,39.16138,-86.53493
2010,12,6,Weekday,0,2-Car,No injury/unknown,DISREGARD SIGNAL/REG SIGN,2ND & COLLEGE AVE,39.16138,-86.53493
2010,12,2,Weekday,1900,2-Car,No injury/unknown,WRONG WAY ON ONE WAY,S COLLEGE & W 2ND ST,39.16138,-86.53493
2010,2,2,Weekday,700,2-Car,No injury/unknown,FAILURE TO YIELD RIGHT OF WAY,2ND ST ST & GRANT ST,39.16136,-86.52988