Year,Month,Day,Weekend?,Hour,Collision Type,Injury Type,Primary Factor,Reported_Location,Latitude,Longitude
2010,12,7,Weekend,0,2-Car,No injury/unknown,UNSAFE BACKING,SOUTH LEONARD SPRINGS RD,39.14144747,-86.582572
2010,3,6,Weekday,1400,Bus,No injury/unknown,FOLLOWING TOO CLOSELY,BURKS & S WALNUT ST,39.14141586,-86.52672
2010,1,4,Weekday,1500,2-Car,No injury/unknown,FAILURE TO YIELD RIGHT OF WAY,COOLIDGE & S ROGERS ST,39.141328,-86.538528
2010,8,5,Weekday,900,2-Car,No injury/unknown,UNSAFE BACKING,W COOLIDGE RD,39.141294,-86.541124
2010,12,5,Weekday,1500,2-Car,No injury/unknown,FAILURE TO YIELD RIGHT OF WAY,MILLER & WALNUT ST,39.14107669,-86.53265
2010,1,4,Weekday,1400,2-Car,No injury/unknown,LEFT OF CENTER,S CURRY & SR45W,39.14090754,-86.58579544
2010,7,6,Weekday,500,1-Car,Non-incapacitating,ANIMAL/OBJECT IN ROADWAY,CURRY & SR45W,39.14090754,-86.58579544
2010,6,6,Weekday,1000,Moped/Motorcycle,Non-incapacitating,FOLLOWING TOO CLOSELY,LEONARD SPRINGS & SR45W,39.14035578,-86.58741031
2010,12,1,Weekday,1900,1-Car,No injury/unknown,UNSAFE SPEED,LEONARD SPRINGS & SR45W,39.14035578,-86.58741031
2010,5,5,Weekday,1500,2-Car,No injury/unknown,FAILURE TO YIELD RIGHT OF WAY,LEONARD SPRINGS RD & WALNUT  LEAF,39.14016,-86.58259
2010,1,1,Weekend,1300,2-Car,No injury/unknown,DRIVER DISTRACTED - EXPLAIN IN NARRATIVE,LEONARD SPRINGS RD & WALNUT LEAF,39.14007739,-86.58256946
2010,5,5,Weekday,1800,2-Car,Non-incapacitating,SPEED TOO FAST FOR WEATHER CONDITIONS,GRAHAM & ROCKPORT RD,39.14003609,-86.54506907
2010,6,2,Weekday,2300,2-Car,Non-incapacitating,FAILURE TO YIELD RIGHT OF WAY,GRAHAM & ROCKPORT RD,39.13998,-86.54513
2010,9,1,Weekend,1400,1-Car,No injury/unknown,BRAKE FAILURE OR DEFECTIVE,GRAHAM DR & ROCKPORT,39.13998,-86.54513866
2010,5,7,Weekend,1900,2-Car,No injury/unknown,FOLLOWING TOO CLOSELY,ROGERS ST & WEST GRAHAM,39.13981,-86.53866
2010,8,2,Weekday,1800,2-Car,No injury/unknown,FAILURE TO YIELD RIGHT OF WAY,GRAHAM & ROGERS ST,39.13981,-86.53866
2010,6,4,Weekday,1500,2-Car,No injury/unknown,FOLLOWING TOO CLOSELY,GRAHAM & S HENDERSON ST,39.139584,-86.526768
2010,7,6,Weekday,1000,2-Car,No injury/unknown,UNSAFE BACKING,GRAHAM PL,39.139584,-86.5268407
2010,4,5,Weekday,1300,2-Car,No injury/unknown,UNSAFE SPEED,HIGH ST & ROCK CREEK,39.13954936,-86.50814069
2010,10,5,Weekday,1900,1-Car,Non-incapacitating,OTHER (DRIVER) - EXPLAIN IN NARRATIVE,E GRAHAM DR,39.139519,-86.522012
2010,11,4,Weekday,1500,2-Car,No injury/unknown,IMPROPER TURNING,GRAHAM DR & WINSLOW,39.13951,-86.52417
2010,7,6,Weekday,900,2-Car,Non-incapacitating,UNSAFE BACKING,S HIGHLAND AVE,39.13950428,-86.51762373
2010,12,3,Weekday,700,3+ Cars,Non-incapacitating,FAILURE TO YIELD RIGHT OF WAY,GRAHAM & HENDERSON ST,39.13944,-86.52692
2010,6,3,Weekday,2000,Pedestrian,Non-incapacitating,UNSAFE BACKING,BRANDON CT,39.13937451,-86.52552626
2010,2,6,Weekday,1400,2-Car,No injury/unknown,OTHER (DRIVER) - EXPLAIN IN NARRATIVE,OLD STATE ROAD 37 SOUTH RD,39.138688,-86.465968
2010,7,6,Weekday,700,2-Car,Non-incapacitating,FAILURE TO YIELD RIGHT OF WAY,RALSTON DR DR & ROCKPORT RD,39.13864,-86.54648
2010,8,1,Weekend,200,2-Car,No injury/unknown,FAILURE TO YIELD RIGHT OF WAY,RALSTON & ROCKPORT RD,39.13864,-86.54648
2010,7,3,Weekday,1200,2-Car,Non-incapacitating,FAILURE TO YIELD RIGHT OF WAY,BANTA & RALSTON DR,39.138592,-86.544656
2010,7,1,Weekend,700,2-Car,No injury/unknown,LEFT OF CENTER,PINE MEADOWS & PINEHURST DR,39.13859,-86.54864866
2010,7,1,Weekend,1300,Moped/Motorcycle,Incapacitating,LEFT OF CENTER,OLD RICHARDSON & SR446S,39.13858767,-86.43136527
2010,9,5,Weekday,1700,2-Car,No injury/unknown,FOLLOWING TOO CLOSELY,DAVID & SARE RD,39.13857,-86.49653
2010,5,3,Weekday,1200,3+ Cars,Non-incapacitating,CELL PHONE USAGE,AIRPORT ROAD & SR45W,39.13851891,-86.59099291
2010,10,3,Weekday,1700,3+ Cars,Non-incapacitating,FOLLOWING TOO CLOSELY,AIRPORT & SR45W,39.13851891,-86.59099291
2010,5,5,Weekday,2000,Moped/Motorcycle,No injury/unknown,UNSAFE BACKING,E GRAHAM PL,39.138157,-86.529081
2010,7,3,Weekday,600,2-Car,Fatal,IMPROPER PASSING,LEONARD SPRINGS RD & STAPLETON,39.13814923,-86.582528
2010,7,1,Weekday,2300,2-Car,No injury/unknown,OTHER (DRIVER) - EXPLAIN IN NARRATIVE,WINSLOW CT,39.13810971,-86.524
2010,9,2,Weekday,1600,2-Car,No injury/unknown,BRAKE FAILURE OR DEFECTIVE,AIRPORT & SR45W,39.13801764,-86.59183265
2010,12,5,Weekday,0,1-Car,No injury/unknown,RAN OFF ROAD RIGHT,TAPP & WEIMER RD,39.13788528,-86.56202321
2010,8,7,Weekend,1600,2-Car,No injury/unknown,IMPROPER PASSING,S OLD STATE ROAD 37 & S OLD STATE ROAD 37 CIR,39.137744,-86.530288
2010,1,7,Weekend,1900,1-Car,No injury/unknown,ANIMAL/OBJECT IN ROADWAY,AIRPORT & SR45W,39.13768346,-86.59239247
2010,7,7,Weekend,2100,2-Car,No injury/unknown,IMPROPER PASSING,2607 S BRYAN ST & W KENDALL,39.137632,-86.536032
2010,7,5,Weekday,1400,2-Car,No injury/unknown,FAILURE TO YIELD RIGHT OF WAY,SR37S & TAPP,39.13758929,-86.57290278
2010,7,6,Weekday,1300,2-Car,No injury/unknown,OTHER (DRIVER) - EXPLAIN IN NARRATIVE,S WALNUT ST,39.137424,-86.529968
2010,3,2,Weekday,1200,2-Car,No injury/unknown,FAILURE TO YIELD RIGHT OF WAY,MOSS CREEK DR & WINSLOW FARMS,39.13736,-86.52084389
2010,8,7,Weekend,1200,2-Car,No injury/unknown,UNSAFE BACKING,SOUTH WALNUT ST,39.137321,-86.530525
2010,2,6,Weekday,800,2-Car,No injury/unknown,FOLLOWING TOO CLOSELY,AIRPORT & SR45W,39.13726573,-86.59309224
2010,12,1,Weekend,1400,2-Car,No injury/unknown,UNSAFE SPEED,S OLD SR 37 HWY,39.137088,-86.53056
2010,1,2,Weekday,1800,2-Car,No injury/unknown,SPEED TOO FAST FOR WEATHER CONDITIONS,AIRPORT RD & GARRISON CHAPEL,39.13704005,-86.64106861
2010,5,4,Weekday,600,1-Car,No injury/unknown,OTHER (VEHICLE) - EXPLAIN IN NARRATIVE,RAYLE & TAPP RD,39.13704001,-86.57820935
2010,1,2,Weekday,1400,2-Car,No injury/unknown,RAN OFF ROAD RIGHT,RAYLE PLACE & TAPP RD,39.13704,-86.577504
2010,1,5,Weekday,1400,2-Car,No injury/unknown,ROADWAY SURFACE CONDITION,SR37S & TAPP,39.13704,-86.572896
2010,2,2,Weekday,1500,2-Car,No injury/unknown,UNSAFE SPEED,RAYLE & TAPP RD,39.13704,-86.577504
2010,2,6,Weekday,1100,2-Car,Non-incapacitating,FAILURE TO YIELD RIGHT OF WAY,SR37S & TAPP,39.13704,-86.572896
2010,2,5,Weekday,1100,2-Car,No injury/unknown,FOLLOWING TOO CLOSELY,SR37N & TAPP,39.13704,-86.572896
2010,3,6,Weekday,1600,2-Car,No injury/unknown,FOLLOWING TOO CLOSELY,SR37S & W TAPP RD,39.13704,-86.572896
2010,3,6,Weekday,900,2-Car,No injury/unknown,UNSAFE LANE MOVEMENT,SR37 & TAPP RD,39.13704,-86.572896
2010,3,6,Weekday,1800,2-Car,No injury/unknown,FOLLOWING TOO CLOSELY,LEONARD SPRINGS & TAPP RD,39.13704,-86.582512
2010,3,4,Weekday,1500,2-Car,No injury/unknown,OTHER (DRIVER) - EXPLAIN IN NARRATIVE,SR37S & TAPP,39.13704,-86.572896
2010,4,1,Weekday,1900,2-Car,No injury/unknown,FOLLOWING TOO CLOSELY,SR37S & TAPP,39.13704,-86.572896
2010,4,1,Weekday,2000,2-Car,Non-incapacitating,DISREGARD SIGNAL/REG SIGN,SR37S & TAPP,39.13704,-86.572896
2010,5,6,Weekday,1600,2-Car,No injury/unknown,OTHER (DRIVER) - EXPLAIN IN NARRATIVE,SR37N & TAPP,39.13704,-86.572896
2010,5,4,Weekday,1800,2-Car,No injury/unknown,DRIVER DISTRACTED - EXPLAIN IN NARRATIVE,SR37S & TAPP,39.13704,-86.572896
2010,5,6,Weekend,1900,2-Car,Non-incapacitating,SPEED TOO FAST FOR WEATHER CONDITIONS,LEONARD SPRINGS RD & TAPP,39.13704,-86.582512
2010,6,2,Weekday,1200,2-Car,No injury/unknown,FOLLOWING TOO CLOSELY,TAPP ROAD RD & YONKERS,39.13704,-86.575296
2010,6,7,Weekend,1400,2-Car,Non-incapacitating,FAILURE TO YIELD RIGHT OF WAY,LEONARD SPRINGS RD & TAPP,39.13704,-86.582512
2010,6,6,Weekend,1900,3+ Cars,No injury/unknown,FOLLOWING TOO CLOSELY,SR37S & TAPP,39.13704,-86.572896
2010,6,1,Weekend,1200,3+ Cars,Non-incapacitating,OTHER (DRIVER) - EXPLAIN IN NARRATIVE,LEONARD SPRINGS RD & TAPP,39.13704,-86.582512
2010,7,3,Weekday,1100,Pedestrian,Non-incapacitating,OTHER (VEHICLE) - EXPLAIN IN NARRATIVE,S WALNUT ST,39.13704,-86.529584
2010,7,3,Weekday,1700,2-Car,No injury/unknown,FOLLOWING TOO CLOSELY,SR37S & TAPP,39.13704,-86.572896
2010,10,6,Weekday,1600,2-Car,Non-incapacitating,DISREGARD SIGNAL/REG SIGN,SR37S & TAPP,39.13704,-86.572896
2010,10,2,Weekday,1600,2-Car,No injury/unknown,FOLLOWING TOO CLOSELY,SR37N & TAPP,39.13704,-86.572896
2010,10,2,Weekday,1200,2-Car,No injury/unknown,FAILURE TO YIELD RIGHT OF WAY,S YONKERS & W TAPP RD,39.13704,-86.575296
2010,10,5,Weekday,1700,2-Car,No injury/unknown,FOLLOWING TOO CLOSELY,SR37 & TAPP RD,39.13704,-86.572896
2010,11,5,Weekday,1400,2-Car,Non-incapacitating,UNSAFE SPEED,SR37N & TAPP,39.13704,-86.572896
2010,11,4,Weekday,1600,2-Car,No injury/unknown,FAILURE TO YIELD RIGHT OF WAY,S GARRISON CHAPEL RD & W AIRPORT,39.13704,-86.642832
2010,12,5,Weekday,1900,3+ Cars,No injury/unknown,DRIVER DISTRACTED - EXPLAIN IN NARRATIVE,SR37S & W TAPP,39.13704,-86.572896
2010,12,1,Weekend,1000,1-Car,No injury/unknown,RAN OFF ROAD RIGHT,RAYLE & W TAPP RD,39.13704,-86.577504
2010,1,2,Weekday,1800,1-Car,No injury/unknown,ROADWAY SURFACE CONDITION,AIRPORT ROAD RD & GARRISON CHAPLE,39.13703,-86.64306596
2010,9,5,Weekday,2200,1-Car,Non-incapacitating,RAN OFF ROAD RIGHT,SOUTH CAVE & WEST AIRPORT RD,39.13688,-86.628768
2010,11,7,Weekend,2200,1-Car,No injury/unknown,OTHER (DRIVER) - EXPLAIN IN NARRATIVE,AIRPORT RD & KIRBY,39.13686512,-86.61107342
2010,3,7,Weekend,1300,2-Car,No injury/unknown,FOLLOWING TOO CLOSELY,AIRPORT & SR45S,39.136848,-86.593792
2010,3,1,Weekend,1500,3+ Cars,No injury/unknown,SPEED TOO FAST FOR WEATHER CONDITIONS,AIRPORT & SR45W,39.136848,-86.593792
2010,5,4,Weekday,2100,2-Car,Non-incapacitating,CELL PHONE USAGE,SR45W & W AIRPORT,39.136848,-86.593792
2010,7,3,Weekday,1800,Pedestrian,Non-incapacitating,ANIMAL/OBJECT IN ROADWAY,AIRPORT RD & KIRBY,39.136848,-86.610192
2010,8,2,Weekday,1800,2-Car,No injury/unknown,DRIVER DISTRACTED - EXPLAIN IN NARRATIVE,AIRPORT & SR45E,39.136848,-86.593792
2010,8,5,Weekday,700,2-Car,No injury/unknown,FOLLOWING TOO CLOSELY,SR45W & W AIRPORT,39.136848,-86.593792
2010,12,7,Weekend,1500,2-Car,No injury/unknown,OTHER (DRIVER) - EXPLAIN IN NARRATIVE,LEONARD & TAPP RD,39.13683,-86.58261
2010,2,2,Weekday,1700,2-Car,Non-incapacitating,OTHER (DRIVER) - EXPLAIN IN NARRATIVE,RAYLE & TAPP RD,39.13680949,-86.57802165
2010,6,7,Weekend,1100,2-Car,No injury/unknown,FAILURE TO YIELD RIGHT OF WAY,WALNUT ST & WINSLOW,39.13679409,-86.52933809
2010,9,3,Weekday,1100,2-Car,No injury/unknown,FAILURE TO YIELD RIGHT OF WAY,WALNUT ST & WINSLOW,39.13679409,-86.52933809
2010,12,4,Weekday,800,1-Car,No injury/unknown,OTHER (ENVIRONMENTAL) - EXPLAIN IN NARR,LEONARD SPRINGS RD & MAYBERRY,39.13677275,-86.58259
2010,8,5,Weekday,1500,1-Car,No injury/unknown,BRAKE FAILURE OR DEFECTIVE,SOUTH WINSLOW CT,39.136767,-86.524082
2010,3,5,Weekday,1600,2-Car,No injury/unknown,FAILURE TO YIELD RIGHT OF WAY,STATE ROAD 37 & TAPP RD,39.13676196,-86.57320781
2010,4,4,Weekday,1800,2-Car,No injury/unknown,FAILURE TO YIELD RIGHT OF WAY,SR37S & TAPP,39.13676196,-86.57320781
2010,4,3,Weekday,1300,2-Car,No injury/unknown,FOLLOWING TOO CLOSELY,STATE ROAD 37 & TAPP RD,39.13676196,-86.57320781
2010,6,6,Weekday,1300,2-Car,No injury/unknown,UNSAFE LANE MOVEMENT,STATE ROAD 37 & TAPP RD,39.13676196,-86.57320781
2010,12,3,Weekday,1800,2-Car,Non-incapacitating,FAILURE TO YIELD RIGHT OF WAY,SR37S & W TAPP RD,39.13676196,-86.57320781
2010,12,1,Weekday,1900,2-Car,No injury/unknown,OTHER (ENVIRONMENTAL) - EXPLAIN IN NARR,STATE ROAD 37 & TAPP RD,39.13676196,-86.57318183
2010,5,4,Weekday,1700,2-Car,No injury/unknown,FAILURE TO YIELD RIGHT OF WAY,REX GROSSMAN & W TAPP RD,39.13672781,-86.57089237
2010,8,1,Weekend,200,1-Car,Non-incapacitating,RAN OFF ROAD RIGHT,AIRPORT & SR45W,39.13671106,-86.59398959
2010,9,6,Weekday,1700,3+ Cars,Non-incapacitating,FOLLOWING TOO CLOSELY,HENDERSON ST & WINSLOW,39.13669322,-86.52678692
2010,5,6,Weekday,1800,2-Car,No injury/unknown,OTHER (VEHICLE) - EXPLAIN IN NARRATIVE,S XAVIER CT,39.136692,-86.513828
2010,8,2,Weekday,1400,2-Car,Non-incapacitating,DRIVER DISTRACTED - EXPLAIN IN NARRATIVE,AIRPORT & SR45W,39.13666541,-86.59405546
2010,1,6,Weekday,0,1-Car,No injury/unknown,SPEED TOO FAST FOR WEATHER CONDITIONS,S ADAMS & W TAPP RD,39.13662,-86.55431
2010,2,4,Weekday,700,2-Car,No injury/unknown,SPEED TOO FAST FOR WEATHER CONDITIONS,ADAMS & TAPP RD,39.13662,-86.55431
2010,11,5,Weekday,0,1-Car,No injury/unknown,RAN OFF ROAD RIGHT,ADAMS & TAPP RD,39.13662,-86.55431
2010,10,7,Weekend,1200,1-Car,No injury/unknown,SPEED TOO FAST FOR WEATHER CONDITIONS,TAPP RD & WEIMER,39.13651201,-86.56183966
2010,1,1,Weekend,1700,2-Car,Non-incapacitating,FAILURE TO YIELD RIGHT OF WAY,COUNTRY CLUB & ROCKPORT RD,39.136448,-86.548704
2010,2,7,Weekend,1100,1-Car,No injury/unknown,OTHER (DRIVER) - EXPLAIN IN NARRATIVE,ROCKPORT & TAPP RD,39.136448,-86.548704
2010,4,2,Weekday,2000,2-Car,No injury/unknown,FOLLOWING TOO CLOSELY,ROCKPORT & TAPP RD,39.136448,-86.548704
2010,9,7,Weekend,800,1-Car,No injury/unknown,RAN OFF ROAD RIGHT,ROCKPORT ROAD RD & TAPP ROAD,39.136448,-86.548704
2010,10,5,Weekday,2300,1-Car,No injury/unknown,RAN OFF ROAD RIGHT,COUNTRY CLUB & SOUTH ROCKPORT RD,39.136448,-86.548704
2010,11,3,Weekday,1200,2-Car,Non-incapacitating,FOLLOWING TOO CLOSELY,COUNTRY CLUB DR & ROCKPORT,39.136448,-86.548704
2010,12,4,Weekday,800,1-Car,No injury/unknown,ROADWAY SURFACE CONDITION,ROCKPORT ROAD RD & TAPP ROAD,39.136448,-86.548704
2010,1,6,Weekday,1600,2-Car,No injury/unknown,FAILURE TO YIELD RIGHT OF WAY,COUNTRY CLUB DR & ROCKPORT,39.13638633,-86.54694242
2010,10,3,Weekday,1400,2-Car,No injury/unknown,OTHER (DRIVER) - EXPLAIN IN NARRATIVE,S WINSLOW CT,39.13637076,-86.523744
2010,2,4,Weekday,700,2-Car,Non-incapacitating,FOLLOWING TOO CLOSELY,ROCKPORT RD & TAPP,39.13635,-86.54875
2010,5,5,Weekday,2100,1-Car,No injury/unknown,OTHER (VEHICLE) - EXPLAIN IN NARRATIVE,COUNTRY CLUB RD & ROCKPORT,39.13635,-86.54883655
2010,3,5,Weekday,1800,2-Car,No injury/unknown,FOLLOWING TOO CLOSELY,ROCKPORT & TAPP RD,39.13631459,-86.54872158
2010,11,5,Weekday,1100,2-Car,No injury/unknown,FOLLOWING TOO CLOSELY,BANTA & COUNTRY CLUB DR,39.136304,-86.544592
2010,1,3,Weekday,2100,2-Car,No injury/unknown,UNSAFE BACKING,BURBERRY LN,39.136176,-86.52295733
2010,3,1,Weekend,1300,1-Car,No injury/unknown,UNSAFE SPEED,HIGH & WINSLOW RD,39.136144,-86.50950668
2010,1,4,Weekday,800,2-Car,Non-incapacitating,FOLLOWING TOO CLOSELY,HENDERSON & WINSLOW RD,39.136144,-86.5268
2010,1,2,Weekday,1800,2-Car,No injury/unknown,VIEW OBSTRUCTED,E WINSLOW & S WALNUT ST,39.136144,-86.528688
2010,3,3,Weekday,1900,2-Car,No injury/unknown,OTHER (DRIVER) - EXPLAIN IN NARRATIVE,FAIRINGTON DR & RAYLE,39.136144,-86.5776
2010,5,1,Weekday,2000,2-Car,No injury/unknown,FAILURE TO YIELD RIGHT OF WAY,WALNUT STREET & WINSLOW RD,39.136144,-86.528688
2010,4,6,Weekday,1100,2-Car,No injury/unknown,FAILURE TO YIELD RIGHT OF WAY,S WALNUT ST & WINSLOW,39.136144,-86.528688
2010,5,7,Weekend,1200,3+ Cars,Non-incapacitating,DISREGARD SIGNAL/REG SIGN,HENDERSON & WINSLOW RD,39.136144,-86.5268
2010,6,7,Weekend,1100,2-Car,No injury/unknown,FAILURE TO YIELD RIGHT OF WAY,E WINSLOW RD & S WALNUT,39.136144,-86.528688
2010,7,6,Weekday,1100,2-Car,Non-incapacitating,FOLLOWING TOO CLOSELY,ABBY & WINSLOW RD,39.136144,-86.511296
2010,9,5,Weekday,800,2-Car,No injury/unknown,FOLLOWING TOO CLOSELY,WALNUT ST & WINSLOW,39.136144,-86.528688
2010,9,6,Weekday,1000,2-Car,No injury/unknown,UNSAFE BACKING,E WINSLOW RD,39.136144,-86.52423669
2010,9,3,Weekday,1100,2-Car,Non-incapacitating,FAILURE TO YIELD RIGHT OF WAY,WALNUT ST & WINSLOW,39.136144,-86.528688
2010,10,2,Weekday,1600,2-Car,No injury/unknown,FOLLOWING TOO CLOSELY,E WINSLOW & S HIGH ST,39.136144,-86.508096
2010,10,2,Weekday,800,1-Car,Non-incapacitating,RAN OFF ROAD RIGHT,WALNUT ST PIKE & WINSLOW,39.136144,-86.528688
2010,11,2,Weekday,1900,2-Car,Non-incapacitating,FAILURE TO YIELD RIGHT OF WAY,S WALNUT PIKE & WINSLOW,39.136144,-86.528688
2010,11,2,Weekday,1800,2-Car,No injury/unknown,FAILURE TO YIELD RIGHT OF WAY,E WINSLOW & S HENDERSON ST,39.136144,-86.5268
2010,12,7,Weekend,300,1-Car,No injury/unknown,IMPROPER TURNING,WALNUT ST & WINSLOW,39.136144,-86.528688
2010,5,6,Weekend,2200,2-Car,No injury/unknown,UNSAFE BACKING,EAST WINSLOW RD,39.13611,-86.512253
2010,12,3,Weekday,1000,2-Car,Non-incapacitating,FOLLOWING TOO CLOSELY,ALLENDALE & WINSLOW RD,39.136096,-86.516
2010,1,4,Weekday,1400,3+ Cars,Non-incapacitating,FOLLOWING TOO CLOSELY,COUNTRY CLUB DR & ROGERS,39.13609554,-86.53844811
2010,9,5,Weekday,1100,2-Car,No injury/unknown,FOLLOWING TOO CLOSELY,COUNTRY CLUB DR & S ROGERS,39.13608777,-86.53827205
2010,3,4,Weekday,1300,2-Car,Non-incapacitating,FOLLOWING TOO CLOSELY,COUNTRY CLUB & ROGERS ST,39.13608,-86.538096
2010,6,3,Weekday,700,2-Car,No injury/unknown,FOLLOWING TOO CLOSELY,COUNTRY CLUB DR & ROGERS,39.13608,-86.538096
2010,11,3,Weekday,1700,2-Car,No injury/unknown,UNSAFE BACKING,E WINSLOW RD,39.13608,-86.529792
2010,7,2,Weekday,1200,1-Car,No injury/unknown,UNSAFE SPEED,HIGHLANDS AVE & WINSLOW FARM,39.136048,-86.518496
2010,2,1,Weekday,2200,2-Car,No injury/unknown,FOLLOWING TOO CLOSELY,COUNTRY CLUB & ROGERS ST,39.13604,-86.53827
2010,11,6,Weekday,1600,2-Car,No injury/unknown,FOLLOWING TOO CLOSELY,COUNTRY CLUB DR & ROGERS,39.13604,-86.53827
2010,5,2,Weekday,1500,Moped/Motorcycle,Non-incapacitating,FAILURE TO YIELD RIGHT OF WAY,WESTMINISTER & WINSLOW RD,39.13602,-86.52195
2010,11,4,Weekday,1600,2-Car,No injury/unknown,OTHER (VEHICLE) - EXPLAIN IN NARRATIVE,EAST WINSLOW RD,39.136011,-86.525067
2010,4,6,Weekday,1200,2-Car,Non-incapacitating,DRIVER DISTRACTED - EXPLAIN IN NARRATIVE,COUNTRY CLUB DR & MADISON,39.13601,-86.53712865
2010,9,4,Weekday,800,2-Car,No injury/unknown,FOLLOWING TOO CLOSELY,COUNTRY CLUB DR & MADISON,39.13601,-86.53712
2010,12,6,Weekend,2200,1-Car,No injury/unknown,SPEED TOO FAST FOR WEATHER CONDITIONS,S MADISON & W COUNTRY CLUB DR,39.13601,-86.53716327
2010,5,6,Weekday,1700,2-Car,No injury/unknown,FOLLOWING TOO CLOSELY,ALLEN DALE & WINSLOW RD,39.136,-86.51592
2010,2,5,Weekday,1000,2-Car,No injury/unknown,FAILURE TO YIELD RIGHT OF WAY,WALNUT STREET PIKE & WINSLOW,39.13599,-86.5288
2010,10,5,Weekday,700,2-Car,No injury/unknown,FOLLOWING TOO CLOSELY,WALNUT ST & WINSLOW RD,39.13599,-86.5288
2010,5,1,Weekend,0,1-Car,Non-incapacitating,RAN OFF ROAD RIGHT,ABBY & WINSLOW RD,39.13598332,-86.51207989
2010,2,6,Weekday,1100,2-Car,No injury/unknown,OTHER (DRIVER) - EXPLAIN IN NARRATIVE,E ROGERS RD,39.13598,-86.499585
2010,3,7,Weekend,1400,2-Car,No injury/unknown,UNSAFE BACKING,E ROGERS RD,39.13598,-86.499585
2010,8,7,Weekend,500,1-Car,No injury/unknown,RAN OFF ROAD RIGHT,WALNUT ST & WINSLOW RD,39.13597991,-86.52878243
2010,5,7,Weekend,1000,2-Car,No injury/unknown,UNSAFE BACKING,COUNTRY CLUB DR,39.135978,-86.535107
2010,4,2,Weekday,1700,2-Car,No injury/unknown,FAILURE TO YIELD RIGHT OF WAY,SOUTH WALNUT & WINSLOW RD,39.13597,-86.53113596
2010,5,3,Weekday,1800,2-Car,No injury/unknown,FAILURE TO YIELD RIGHT OF WAY,E WINSLOW & S WALNUT ST,39.13597,-86.53111
2010,5,1,Weekend,1500,2-Car,No injury/unknown,OTHER (ENVIRONMENTAL) - EXPLAIN IN NARR,SOUTH WALNUT ST & WINSLOW,39.13597,-86.53111
2010,7,6,Weekday,1300,2-Car,Non-incapacitating,FOLLOWING TOO CLOSELY,COUNTRY CLUB DR & S WALNUT,39.13597,-86.53111
2010,9,2,Weekday,1000,2-Car,Non-incapacitating,FOLLOWING TOO CLOSELY,WALNUT ST & WINSLOW,39.13597,-86.53111
2010,10,6,Weekend,2200,2-Car,No injury/unknown,UNSAFE LANE MOVEMENT,SOUTH WALNUT ST & WINSLOW,39.13597,-86.53111
2010,12,1,Weekday,2100,3+ Cars,Non-incapacitating,DISREGARD SIGNAL/REG SIGN,WALNUT & WINSLOW RD,39.13597,-86.53111
2010,10,2,Weekday,700,2-Car,No injury/unknown,FOLLOWING TOO CLOSELY,E ROGERS RD & S SARE,39.13596,-86.49648675
2010,9,5,Weekday,1600,2-Car,No injury/unknown,FAILURE TO YIELD RIGHT OF WAY,ROGERS RD & SARE,39.13584,-86.496288
2010,12,6,Weekend,1900,1-Car,Non-incapacitating,RAN OFF ROAD RIGHT,E ROGERS & S SARE RD,39.13584,-86.496288
2010,12,4,Weekday,900,1-Car,No injury/unknown,ROADWAY SURFACE CONDITION,EAST ROGERS RD & HIGHPOINTE,39.135808,-86.484912
2010,6,3,Weekday,1100,2-Car,No injury/unknown,FAILURE TO YIELD RIGHT OF WAY,E ROGERS RD RD & SO SNODDY,39.13576,-86.489488
2010,10,6,Weekday,900,2-Car,Incapacitating,FAILURE TO YIELD RIGHT OF WAY,KNIGHTRIDGE RDS & SR 446,39.135648,-86.462
2010,10,3,Weekday,800,1-Car,No injury/unknown,ANIMAL/OBJECT IN ROADWAY,KNIGHT RIDGE & SR446S,39.135648,-86.462
2010,8,6,Weekday,1700,2-Car,No injury/unknown,FAILURE TO YIELD RIGHT OF WAY,S LEONARD SPRINGS DR & W ST 45,39.135609,-86.58259
2010,1,4,Weekday,700,3+ Cars,No injury/unknown,FOLLOWING TOO CLOSELY,DUNCAN ROAD & SR45W,39.13545452,-86.59573186
2010,2,5,Weekday,0,2-Car,No injury/unknown,UNSAFE BACKING,SOUTH WALNUT ST,39.135284,-86.528241
2010,3,2,Weekday,700,2-Car,Non-incapacitating,FOLLOWING TOO CLOSELY,BARGE LN & LEONARDS SPRINGS RD RD,39.135248,-86.582496
2010,11,6,Weekday,1700,2-Car,No injury/unknown,OTHER (VEHICLE) - EXPLAIN IN NARRATIVE,BARGE & S LEONARD SPRINGS RD,39.135248,-86.582496
2010,11,4,Weekday,1200,2-Car,No injury/unknown,UNSAFE BACKING,SOUTH WALNUT ST,39.13511247,-86.5312841
2010,10,7,Weekend,1600,2-Car,No injury/unknown,DRIVER DISTRACTED - EXPLAIN IN NARRATIVE,DUNCAN & SR45W,39.13504,-86.596192
2010,6,4,Weekday,1300,2-Car,No injury/unknown,FAILURE TO YIELD RIGHT OF WAY,BARGE RD & LEONARD SPRINGS,39.13495,-86.58255372
2010,3,5,Weekday,1600,2-Car,No injury/unknown,FAILURE TO YIELD RIGHT OF WAY,AIRPORT & SR45W,39.13494583,-86.59632591
2010,6,7,Weekend,400,1-Car,No injury/unknown,UNSAFE SPEED,S WALNUT ST,39.13493114,-86.52778394
2010,8,2,Weekday,1500,2-Car,No injury/unknown,UNSAFE BACKING,S WALNUT ST,39.13466464,-86.52758461
2010,10,4,Weekday,1700,Bus,No injury/unknown,SPEED TOO FAST FOR WEATHER CONDITIONS,S PATTERSON DR & WEST ALLEN,39.13449997,-86.54331207