Year,Month,Day,Weekend?,Hour,Collision Type,Injury Type,Primary Factor,Reported_Location,Latitude,Longitude
2010,2,6,Weekday,700,2-Car,No injury/unknown,FOLLOWING TOO CLOSELY,DUNCAN & SR45W,39.1344878,-86.59697726
2010,11,7,Weekend,1600,2-Car,No injury/unknown,,ACADIA CT,39.13442,-86.518308
2010,2,3,Weekday,1800,1-Car,No injury/unknown,RAN OFF ROAD RIGHT,ROCKPORT RD & W COUNTRY CLUB,39.13426528,-86.55084379
2010,2,6,Weekday,700,2-Car,No injury/unknown,FOLLOWING TOO CLOSELY,AIRPORT & SR45N,39.13410649,-86.5975195
2010,6,7,Weekend,900,1-Car,No injury/unknown,ROADWAY SURFACE CONDITION,AIRPORT & SR45W,39.1340255,-86.59763467
2010,3,4,Weekday,700,1-Car,No injury/unknown,ANIMAL/OBJECT IN ROADWAY,HIGH ST & WIMBLETON,39.13354109,-86.50832
2010,11,2,Weekday,1900,1-Car,Non-incapacitating,RAN OFF ROAD RIGHT,GARDNER ROAD RD & HOFF LANE,39.133376,-86.648848
2010,10,1,Weekend,700,1-Car,Non-incapacitating,ANIMAL/OBJECT IN ROADWAY,DUNCAN & SR45W,39.13319751,-86.59880735
2010,10,1,Weekend,1300,2-Car,No injury/unknown,LEFT OF CENTER,COUNTRY CLUB RD & ROGERS,39.13314766,-86.53980173
2010,9,4,Weekday,1200,2-Car,Incapacitating,FAILURE TO YIELD RIGHT OF WAY,LIBERTY DR & W 3RD,39.13287507,-86.57913641
2010,8,3,Weekday,1400,Moped/Motorcycle,Non-incapacitating,IMPROPER TURNING,THIRD & WALNUT ST,39.13286143,-86.53360637
2010,6,3,Weekday,0,2-Car,Non-incapacitating,OTHER (DRIVER) - EXPLAIN IN NARRATIVE,BUNGER & SR45W,39.13207097,-86.60035542
2010,10,3,Weekday,1300,2-Car,Incapacitating,FOLLOWING TOO CLOSELY,RIDGEVIEW & SOUTH WALNUT ST,39.13200353,-86.53142631
2010,1,2,Weekday,700,1-Car,No injury/unknown,ANIMAL/OBJECT IN ROADWAY,SR446N & SWARTZ RIDGE,39.13176339,-86.44845359
2010,1,4,Weekday,1600,2-Car,No injury/unknown,FOLLOWING TOO CLOSELY,PINEWOOD & S WALNUT ST,39.13152,-86.53143
2010,9,4,Weekday,1600,Bus,No injury/unknown,UNSAFE SPEED,W PINEWOOD DR & WALNUT,39.13152,-86.53142135
2010,4,2,Weekday,2300,2-Car,No injury/unknown,UNSAFE BACKING,WALNUT ST,39.13146515,-86.53145486
2010,5,2,Weekday,900,2-Car,No injury/unknown,UNSAFE BACKING,WEST RED ROCK RD,39.131052,-86.585451
2010,5,7,Weekend,1400,2-Car,Non-incapacitating,FAILURE TO YIELD RIGHT OF WAY,ALLENDALE & WALNUT STREET PIKE,39.130944,-86.526688
2010,1,4,Weekday,2300,1-Car,No injury/unknown,RAN OFF ROAD RIGHT,ROCKCREST & WICKENS DR,39.12980181,-86.54795
2010,11,3,Weekday,600,2-Car,No injury/unknown,LEFT OF CENTER,LOIS LN & ROGERS,39.12969,-86.53862
2010,1,2,Weekday,1900,1-Car,No injury/unknown,ROADWAY SURFACE CONDITION,S SR 446 & S SWARTZ RIDGE RD,39.12955,-86.44695
2010,8,6,Weekday,1600,2-Car,No injury/unknown,VIEW OBSTRUCTED,BUNGER & SR45W,39.12936,-86.604336
2010,8,6,Weekday,1600,2-Car,No injury/unknown,OTHER (DRIVER) - EXPLAIN IN NARRATIVE,BUNGER & SR45W,39.12936,-86.604336
2010,11,7,Weekend,1500,2-Car,No injury/unknown,FAILURE TO YIELD RIGHT OF WAY,BUNGER & SR45W,39.12936,-86.604336
2010,10,1,Weekend,1400,2-Car,Non-incapacitating,DRIVER DISTRACTED - EXPLAIN IN NARRATIVE,BUNGER & SR 45 HWY,39.12925,-86.6043
2010,1,3,Weekday,1000,Bus,No injury/unknown,SPEED TOO FAST FOR WEATHER CONDITIONS,ENDWRIGHT RD & WENDYS,39.12914628,-86.59631
2010,2,5,Weekday,1600,2-Car,Non-incapacitating,OTHER (DRIVER) - EXPLAIN IN NARRATIVE,S WALNUT ST,39.12901992,-86.52678557
2010,4,5,Weekday,2100,2-Car,No injury/unknown,UNSAFE BACKING,HEATHERWOOD DR,39.128848,-86.58797527
2010,10,5,Weekday,2000,Moped/Motorcycle,Non-incapacitating,OTHER (DRIVER) - EXPLAIN IN NARRATIVE,HEATHERWOOD DR & IVY,39.128848,-86.587328
2010,11,5,Weekday,100,2-Car,No injury/unknown,UNSAFE BACKING,HEATHERWOOD & PRIMROSE LN,39.128848,-86.587456
2010,6,3,Weekday,1200,1-Car,No injury/unknown,UNSAFE BACKING,LILAC LN,39.12837108,-86.58554313
2010,8,7,Weekend,100,1-Car,Non-incapacitating,RAN OFF ROAD RIGHT,KNIGHTRIDGE & SR446S,39.12836029,-86.4668481
2010,2,2,Weekday,700,2-Car,No injury/unknown,ROADWAY SURFACE CONDITION,HENNESSEY & S ROCKPORT RD,39.12819,-86.55672
2010,11,1,Weekend,1300,2-Car,No injury/unknown,UNSAFE BACKING,WALNUT ST PIKE,39.1279476,-86.5267352
2010,3,1,Weekend,1100,1-Car,No injury/unknown,,WALNUT STREET PIKE,39.127931,-86.526769
2010,12,6,Weekday,1400,2-Car,No injury/unknown,UNSAFE BACKING,S WALNUT STREET PIKE,39.127931,-86.526769
2010,3,1,Weekend,1400,3+ Cars,No injury/unknown,ROADWAY SURFACE CONDITION,ISON & SR45W,39.12790321,-86.60654596
2010,8,1,Weekend,700,1-Car,No injury/unknown,DRIVER ASLEEP OR FATIGUED,ISON & SR45S,39.12790321,-86.60646801
2010,9,6,Weekday,1600,3+ Cars,No injury/unknown,DRIVER DISTRACTED - EXPLAIN IN NARRATIVE,ISON & SR45W,39.12790321,-86.60654596
2010,1,2,Weekday,2200,3+ Cars,Non-incapacitating,ALCOHOLIC BEVERAGES,LAURA WAY,39.127466,-86.517574
2010,8,7,Weekend,300,1-Car,No injury/unknown,RAN OFF ROAD RIGHT,REBA & WOODHAVEN DR,39.12741047,-86.57441294
2010,4,3,Weekday,1900,Pedestrian,Non-incapacitating,PEDESTRIAN ACTION,S WALNUT ST,39.12716835,-86.52677353
2010,1,5,Weekday,1100,2-Car,No injury/unknown,UNSAFE BACKING,S SARE RD,39.126921,-86.50403
2010,1,3,Weekday,1500,Bus,No injury/unknown,ANIMAL/OBJECT IN ROADWAY,GROSS RD & KNIGHTRIDGE,39.12669,-86.43573287
2010,2,7,Weekend,1500,2-Car,No injury/unknown,UNSAFE SPEED,HEATHERWOOD & LEONARD SPRINGS RD,39.12615419,-86.58252391
2010,12,4,Weekday,900,1-Car,Non-incapacitating,ROADWAY SURFACE CONDITION,HENNESSEY & ROCKPORT RD,39.12603203,-86.55917645
2010,4,3,Weekday,1400,2-Car,Non-incapacitating,FAILURE TO YIELD RIGHT OF WAY,HENNESSEY & MCDOPUGAL ST,39.12594463,-86.55359745
2010,1,5,Weekday,800,1-Car,No injury/unknown,ROADWAY SURFACE CONDITION,CAROLWINDS & SO FAIRFAX RD,39.12572725,-86.49855384
2010,7,4,Weekday,1300,2-Car,No injury/unknown,IMPROPER TURNING,E BURKS DR & SO WALNUT,39.12557,-86.52672
2010,8,7,Weekend,1600,2-Car,Non-incapacitating,LEFT OF CENTER,JAMIE LN & WOODS EDGE,39.1255,-86.51765433
2010,2,3,Weekday,2300,3+ Cars,No injury/unknown,SPEED TOO FAST FOR WEATHER CONDITIONS,S PARKRIDGE RD,39.125465,-86.539218
2010,1,5,Weekday,600,3+ Cars,No injury/unknown,SPEED TOO FAST FOR WEATHER CONDITIONS,SR45W,39.125312,-86.610496
2010,4,5,Weekday,1600,2-Car,No injury/unknown,NONE (DRIVER),SR45W,39.125312,-86.610496
2010,4,4,Weekday,100,1-Car,No injury/unknown,UNSAFE BACKING,W 45 HWY,39.125312,-86.610496
2010,4,6,Weekday,1100,2-Car,No injury/unknown,UNSAFE BACKING,W SR45 HWY,39.125312,-86.610496
2010,7,6,Weekday,1400,2-Car,No injury/unknown,FAILURE TO YIELD RIGHT OF WAY,SR45W,39.125312,-86.610496
2010,7,6,Weekday,1400,2-Car,No injury/unknown,IMPROPER TURNING,W SR45 HWY,39.125312,-86.610496
2010,8,2,Weekday,1900,2-Car,No injury/unknown,UNSAFE BACKING,W SR45 HWY,39.125312,-86.610496
2010,9,7,Weekend,1700,2-Car,No injury/unknown,UNSAFE BACKING,SR45W,39.125312,-86.610496
2010,11,7,Weekend,1200,2-Car,No injury/unknown,OTHER (DRIVER) - EXPLAIN IN NARRATIVE,STATE ROAD 45 RD,39.125312,-86.610496
2010,12,6,Weekend,2000,2-Car,No injury/unknown,OTHER (DRIVER) - EXPLAIN IN NARRATIVE,W SR45 HWY,39.125312,-86.610496
2010,11,3,Weekday,2000,2-Car,No injury/unknown,OTHER (DRIVER) - EXPLAIN IN NARRATIVE,SR45W,39.125312,-86.610496
2010,7,3,Weekday,1000,1-Car,No injury/unknown,DRIVER ILLNESS,JEFFERY & SIMS LN,39.12456,-86.578144
2010,3,5,Weekday,1700,2-Car,No injury/unknown,UNSAFE SPEED,ROCKCREST & WICKENS ST,39.12452,-86.54795
2010,12,7,Weekend,700,1-Car,No injury/unknown,SPEED TOO FAST FOR WEATHER CONDITIONS,SR 37 HWY & VERNAL,39.12448822,-86.5609886
2010,4,6,Weekday,700,1-Car,Non-incapacitating,RAN OFF ROAD RIGHT,S WALNUT ST,39.12380844,-86.52665285
2010,1,1,Weekday,1900,1-Car,No injury/unknown,RAN OFF ROAD RIGHT,FULLERTON & LEONARD SPRINGS RD,39.12378791,-86.58258191
2010,7,7,Weekend,1100,2-Car,No injury/unknown,LEFT OF CENTER,S HENEDERSON & WALNUT ST PIKE,39.12356379,-86.52687
2010,2,4,Weekday,700,1-Car,No injury/unknown,ANIMAL/OBJECT IN ROADWAY,FULLERTON & SR37N,39.12353107,-86.57167588
2010,11,3,Weekday,1900,1-Car,No injury/unknown,SPEED TOO FAST FOR WEATHER CONDITIONS,LEONARD SPRINGS RD & WEST FULLERTON,39.123376,-86.582592
2010,4,4,Weekday,1800,2-Car,Non-incapacitating,FAILURE TO YIELD RIGHT OF WAY,FULLERTON PIKE & SIMS,39.123248,-86.578192
2010,11,6,Weekday,1600,2-Car,No injury/unknown,FAILURE TO YIELD RIGHT OF WAY,FULLERTON & SIMS LN,39.123248,-86.578192
2010,5,3,Weekday,900,2-Car,No injury/unknown,OTHER (VEHICLE) - EXPLAIN IN NARRATIVE,SR37N & TAPP,39.12269493,-86.57133841
2010,5,6,Weekday,1100,3+ Cars,Non-incapacitating,FAILURE TO YIELD RIGHT OF WAY,LEAONARD SPRINGS & SR45W,39.12240491,-86.61427773
2010,10,6,Weekday,800,2-Car,No injury/unknown,FAILURE TO YIELD RIGHT OF WAY,LEONARD SPRINGS & SR45W,39.12240491,-86.61426474
2010,11,6,Weekday,1800,2-Car,No injury/unknown,FAILURE TO YIELD RIGHT OF WAY,LEONARD SPRINGS & SR45W,39.12240491,-86.61426041
2010,1,6,Weekday,1800,1-Car,No injury/unknown,ANIMAL/OBJECT IN ROADWAY,FULLERTON & SR37S,39.122352,-86.5712
2010,2,6,Weekday,1800,2-Car,Non-incapacitating,HEADLIGHT DEFECTIVE OR NOT ON,FULLERTON & SR37S,39.122352,-86.5712
2010,5,4,Weekday,800,2-Car,Non-incapacitating,GLARE,DUNCAN & W LEONARD SPRINGS RD,39.122352,-86.5964
2010,2,7,Weekend,1500,2-Car,No injury/unknown,FAILURE TO YIELD RIGHT OF WAY,SR45W & WEST LEONARD SPRINGS,39.12224,-86.6144
2010,3,2,Weekday,1200,2-Car,Non-incapacitating,FAILURE TO YIELD RIGHT OF WAY,ELLER & SR45N,39.12224,-86.6144
2010,4,4,Weekday,800,3+ Cars,No injury/unknown,FAILURE TO YIELD RIGHT OF WAY,ELLER & SR45W,39.12224,-86.6144
2010,5,7,Weekend,2200,3+ Cars,No injury/unknown,FAILURE TO YIELD RIGHT OF WAY,SR45W & W ELLER,39.12224,-86.6144
2010,5,5,Weekday,1900,1-Car,No injury/unknown,CELL PHONE USAGE,SR45W & W ELLER RD,39.12224,-86.6144
2010,12,4,Weekday,700,2-Car,Non-incapacitating,FAILURE TO YIELD RIGHT OF WAY,ELLER ROAD & SR45W,39.12224,-86.6144
2010,2,5,Weekday,1600,2-Car,No injury/unknown,NONE (DRIVER),FULLERTON PIKE,39.122231,-86.573393
2010,12,4,Weekday,1000,2-Car,No injury/unknown,UNSAFE BACKING,FULLERTON PIKE,39.122231,-86.573393
2010,1,2,Weekday,1600,2-Car,No injury/unknown,FAILURE TO YIELD RIGHT OF WAY,FULLERTON & ROCKPORT RD,39.122224,-86.562688
2010,9,1,Weekday,2000,1-Car,No injury/unknown,RAN OFF ROAD RIGHT,FULERTON PIKE & S ROCKPORT,39.122224,-86.562688
2010,1,4,Weekday,1500,Moped/Motorcycle,Non-incapacitating,FAILURE TO YIELD RIGHT OF WAY,FULLERTON PIKE & SR37S,39.12220683,-86.57140464
2010,3,2,Weekday,2000,2-Car,Non-incapacitating,FAILURE TO YIELD RIGHT OF WAY,FULLERTON & SR37S,39.12220683,-86.57140464
2010,3,5,Weekday,1600,2-Car,Non-incapacitating,DISREGARD SIGNAL/REG SIGN,FULLERTON & SR37S,39.12220683,-86.57140464
2010,5,4,Weekday,1700,2-Car,Non-incapacitating,FAILURE TO YIELD RIGHT OF WAY,FULLERTON & SR37N,39.12220683,-86.57140464
2010,8,6,Weekday,700,1-Car,No injury/unknown,ANIMAL/OBJECT IN ROADWAY,FULLERTON & SR37S,39.12220683,-86.57140464
2010,9,7,Weekend,300,2-Car,No injury/unknown,OVERCORRECTING/OVERSTEERING,FULLERTON & SR37S,39.12220683,-86.57140464
2010,9,6,Weekday,1800,2-Car,No injury/unknown,FOLLOWING TOO CLOSELY,FULLERTON PIKE & STATE ROAD 37,39.12220683,-86.57140464
2010,12,2,Weekday,1000,2-Car,Non-incapacitating,DISREGARD SIGNAL/REG SIGN,FULLERTON & SR37S,39.12220683,-86.57140464
2010,12,6,Weekday,1800,2-Car,No injury/unknown,LANE MARKING OBSCURED,FULLERTON PIKE & S ROCKPORT,39.12218,-86.56260866
2010,1,3,Weekday,500,2-Car,No injury/unknown,OTHER (DRIVER) - EXPLAIN IN NARRATIVE,FULLERTON & SR37N,39.1218974,-86.57080413
2010,2,4,Weekday,800,2-Car,No injury/unknown,ROADWAY SURFACE CONDITION,HARRELL RD & RHORER,39.121808,-86.498784
2010,11,4,Weekday,1100,2-Car,No injury/unknown,FAILURE TO YIELD RIGHT OF WAY,HARRELL & RHORER RD,39.121808,-86.498784
2010,9,7,Weekend,300,Moped/Motorcycle,Non-incapacitating,RAN OFF ROAD RIGHT,GORDON PIKE & WICKENS,39.1218,-86.54793
2010,2,7,Weekend,1600,2-Car,No injury/unknown,OTHER (DRIVER) - EXPLAIN IN NARRATIVE,GORDON & ROGERS ST,39.121648,-86.539088
2010,12,4,Weekday,2200,1-Car,No injury/unknown,SPEED TOO FAST FOR WEATHER CONDITIONS,GORDON PIKE & ROGERS,39.121648,-86.539088
2010,2,4,Weekday,700,1-Car,Non-incapacitating,SPEED TOO FAST FOR WEATHER CONDITIONS,DILLMAN & SOUTH WALNUT ST,39.12159989,-86.53137803
2010,3,6,Weekday,1700,2-Car,No injury/unknown,DRIVER DISTRACTED - EXPLAIN IN NARRATIVE,GORDON PIKE & ROGERS,39.12158151,-86.53803368
2010,11,4,Weekday,700,Pedestrian,Incapacitating,PEDESTRIAN ACTION,GORDON PIKE & SOUTH ROGERS,39.12156724,-86.53768156
2010,4,2,Weekday,900,2-Car,No injury/unknown,FOLLOWING TOO CLOSELY,OLD SR 37 RD & RHORER,39.121552,-86.531296
2010,7,6,Weekend,2200,2-Car,No injury/unknown,OTHER (DRIVER) - EXPLAIN IN NARRATIVE,GORDON & GORDON PIKE,39.121552,-86.531296
2010,12,1,Weekday,2000,1-Car,No injury/unknown,RAN OFF ROAD RIGHT,RHORER RD & S OLD SR 37,39.121552,-86.531296
2010,2,5,Weekday,1900,1-Car,No injury/unknown,ANIMAL/OBJECT IN ROADWAY,E RHORER RD & S JAMIE,39.12152,-86.51792
2010,2,6,Weekday,800,2-Car,No injury/unknown,FOLLOWING TOO CLOSELY,1350 E RHORER RD & JAMIE,39.12152,-86.51792
2010,4,6,Weekday,1600,Moped/Motorcycle,Non-incapacitating,OTHER (DRIVER) - EXPLAIN IN NARRATIVE,E RHORER RD & S JAMIE,39.12152,-86.51792
2010,9,6,Weekday,1500,2-Car,No injury/unknown,,GORDON PIKE,39.12148,-86.535479
2010,2,2,Weekday,1600,1-Car,No injury/unknown,BRAKE FAILURE OR DEFECTIVE,GORDON PIKE,39.12145892,-86.53543686
2010,7,6,Weekend,2200,2-Car,Non-incapacitating,DRIVER DISTRACTED - EXPLAIN IN NARRATIVE,GORDON PIKE,39.12145892,-86.53543686
2010,1,3,Weekday,2000,2-Car,No injury/unknown,ROADWAY SURFACE CONDITION,RHORER RD & S WALNUT STREET,39.12144,-86.526496
2010,2,4,Weekday,1400,2-Car,No injury/unknown,OTHER (DRIVER) - EXPLAIN IN NARRATIVE,RHORER & WALNUT STREET PIKE,39.12144,-86.526496
2010,3,5,Weekday,1400,2-Car,No injury/unknown,FOLLOWING TOO CLOSELY,RHORER & S WALNUT ST PK PIKE,39.12144,-86.526496
2010,4,7,Weekend,800,2-Car,Non-incapacitating,DISREGARD SIGNAL/REG SIGN,RHORER & WALNUT ST,39.12144,-86.526496
2010,4,3,Weekday,1800,2-Car,No injury/unknown,FOLLOWING TOO CLOSELY,E RHOHER RD & S WALNUT,39.12144,-86.52663
2010,5,2,Weekday,1700,2-Car,Non-incapacitating,FOLLOWING TOO CLOSELY,RHORER & SARE RD,39.12144,-86.51158
2010,7,2,Weekday,1500,3+ Cars,No injury/unknown,DRIVER DISTRACTED - EXPLAIN IN NARRATIVE,RHORER & WALNUT STREET PIKE,39.12144,-86.526496
2010,7,6,Weekend,2100,2-Car,No injury/unknown,FAILURE TO YIELD RIGHT OF WAY,RHORER & WALNUT ST,39.12144,-86.526496
2010,8,7,Weekend,1400,2-Car,No injury/unknown,OTHER (DRIVER) - EXPLAIN IN NARRATIVE,RHORER RD & WALNUT STREET,39.12144,-86.526496
2010,8,2,Weekday,1700,2-Car,No injury/unknown,FAILURE TO YIELD RIGHT OF WAY,S WALNUT ST,39.12144,-86.526496
2010,8,3,Weekday,1400,2-Car,No injury/unknown,FAILURE TO YIELD RIGHT OF WAY,RHORER & WALNUT ST,39.12144,-86.52663
2010,9,3,Weekday,700,2-Car,No injury/unknown,FAILURE TO YIELD RIGHT OF WAY,RHORER & WALNUT ST PIKE,39.12144,-86.526496
2010,10,2,Weekday,2300,2-Car,No injury/unknown,DISREGARD SIGNAL/REG SIGN,RHORER RD & WALNUT STREET,39.12144,-86.526496
2010,12,6,Weekday,1600,2-Car,No injury/unknown,FOLLOWING TOO CLOSELY,RHORER RD & WALNUT STREET,39.12144,-86.526496
2010,4,3,Weekday,1400,2-Car,Non-incapacitating,FOLLOWING TOO CLOSELY,E RHORER & OLD ST RD 37 RD,39.12142,-86.53135
2010,5,5,Weekday,1700,3+ Cars,No injury/unknown,DRIVER DISTRACTED - EXPLAIN IN NARRATIVE,GORDON PIKE & WALNUT,39.12142,-86.53135
2010,7,5,Weekday,2200,2-Car,No injury/unknown,FAILURE TO YIELD RIGHT OF WAY,GORDON & WALNUT ST,39.12142,-86.53135
2010,11,4,Weekday,2000,3+ Cars,Non-incapacitating,FAILURE TO YIELD RIGHT OF WAY,OLD SR 37 RD & WEST GORDON,39.12142,-86.53135
2010,10,1,Weekday,2000,2-Car,No injury/unknown,ACCELERATOR FAILURE OR DEFECTIVE,S OL SR 37 HWY,39.121122,-86.531339
2010,10,1,Weekend,1800,2-Car,No injury/unknown,UNSAFE BACKING,S OLD SR37 HWY,39.121122,-86.531339
2010,3,5,Weekday,800,Bus,No injury/unknown,OTHER (DRIVER) - EXPLAIN IN NARRATIVE,FALCON & WREN CIR,39.12106,-86.54708596
2010,11,5,Weekday,700,1-Car,No injury/unknown,ROADWAY SURFACE CONDITION,RED OAK & SR446S,39.12073915,-86.42329198
2010,6,3,Weekday,2200,2-Car,Non-incapacitating,FOLLOWING TOO CLOSELY,DUNLAP & SR45W,39.119344,-86.618896
2010,4,7,Weekend,1100,2-Car,No injury/unknown,OTHER (DRIVER) - EXPLAIN IN NARRATIVE,PETAL & SUNFLOWER DR,39.11919422,-86.55386
2010,2,7,Weekend,300,3+ Cars,No injury/unknown,FAILURE TO YIELD RIGHT OF WAY,BALFOUR & JORDAN AVE,39.11890193,-86.51263769
2010,6,2,Weekday,1500,2-Car,Non-incapacitating,FAILURE TO YIELD RIGHT OF WAY,DUNLAP & SR45S,39.11838298,-86.62061456
2010,1,1,Weekend,1800,1-Car,No injury/unknown,ANIMAL/OBJECT IN ROADWAY,ROCKPORT & SR37S,39.11832992,-86.56769774
2010,7,2,Weekday,1900,1-Car,No injury/unknown,UNSAFE SPEED,FULLERTON & LEONARD SPRINGS RD,39.11811834,-86.58254
2010,10,6,Weekday,1100,2-Car,No injury/unknown,UNSAFE BACKING,SOUTH OLD HWY 37 HWY,39.1179298,-86.53126269
2010,4,5,Weekday,1900,3+ Cars,No injury/unknown,OTHER (DRIVER) - EXPLAIN IN NARRATIVE,DUNLAP & SR45W,39.11774229,-86.62176025
2010,2,3,Weekday,0,1-Car,No injury/unknown,RAN OFF ROAD RIGHT,ROCKPORT & SR37S,39.117648,-86.567104
2010,11,7,Weekend,300,1-Car,No injury/unknown,ANIMAL/OBJECT IN ROADWAY,SR37S & THAT,39.11755967,-86.566998
2010,10,1,Weekend,1500,Moped/Motorcycle,Non-incapacitating,ROADWAY SURFACE CONDITION,OLD RICHARDSON & SR446S,39.11746709,-86.43136527
2010,12,7,Weekend,1200,2-Car,Non-incapacitating,FOLLOWING TOO CLOSELY,DARRELL & SR45W,39.11694764,-86.62318118
2010,1,5,Weekday,700,2-Car,No injury/unknown,ROADWAY SURFACE CONDITION,ROCKPORT & SR37S,39.11664474,-86.5659002
2010,8,7,Weekend,400,Moped/Motorcycle,Non-incapacitating,ANIMAL/OBJECT IN ROADWAY,ROCKPORT & SR37S,39.11664474,-86.5659002
2010,6,6,Weekday,1500,1-Car,Non-incapacitating,RAN OFF ROAD RIGHT,FAIRFAX RD & MARIE,39.11623853,-86.52248
2010,6,5,Weekday,2000,1-Car,No injury/unknown,ANIMAL/OBJECT IN ROADWAY,SR37S & THAT,39.11595373,-86.56507293
2010,10,4,Weekday,1800,2-Car,Incapacitating,LEFT OF CENTER,MILL STONE & S SARE RD,39.11584744,-86.50865
2010,5,5,Weekday,1600,2-Car,No injury/unknown,SPEED TOO FAST FOR WEATHER CONDITIONS,SR37S & TAPP,39.11562811,-86.57320781
2010,8,3,Weekday,800,1-Car,No injury/unknown,OTHER (DRIVER) - EXPLAIN IN NARRATIVE,ST RD 37 & W THAT RD,39.11525711,-86.56526674
2010,12,5,Weekday,100,1-Car,No injury/unknown,RAN OFF ROAD RIGHT,HUGHES & MOORES CREEK RD,39.11503,-86.4711
2010,2,2,Weekday,1700,1-Car,No injury/unknown,DRIVER DISTRACTED - EXPLAIN IN NARRATIVE,SR45W & WEST DINSMORE,39.11500139,-86.62746724
2010,12,2,Weekday,2000,1-Car,No injury/unknown,ROADWAY SURFACE CONDITION,SR37S & THAT,39.11497753,-86.56383375
2010,6,2,Weekday,2100,2-Car,No injury/unknown,FOLLOWING TOO CLOSELY,ROGERS & THAT RD,39.11474277,-86.54114609
2010,4,2,Weekday,1500,Cyclist,No injury/unknown,OTHER (DRIVER) - EXPLAIN IN NARRATIVE,S ROGERS & THAT RD,39.11467333,-86.53974196
2010,2,4,Weekday,900,2-Car,No injury/unknown,OTHER (DRIVER) - EXPLAIN IN NARRATIVE,ROGERS & THAT RD,39.11464,-86.539392
2010,7,5,Weekday,1100,2-Car,No injury/unknown,OTHER (DRIVER) - EXPLAIN IN NARRATIVE,CHELSEY CT & QUEENS,39.11462147,-86.5054
2010,11,3,Weekday,1500,2-Car,No injury/unknown,FAILURE TO YIELD RIGHT OF WAY,W THAT RD,39.114606,-86.545574
2010,11,7,Weekend,300,1-Car,No injury/unknown,ANIMAL/OBJECT IN ROADWAY,SR37S & THAT,39.11459454,-86.56332826
2010,7,6,Weekday,1700,2-Car,No injury/unknown,FAILURE TO YIELD RIGHT OF WAY,DINSMORE & SR45W,39.11431572,-86.63248973
2010,10,1,Weekend,1500,1-Car,No injury/unknown,ROADWAY SURFACE CONDITION,PINE GROVE ROAD & SR446N,39.11407221,-86.43017343
2010,1,4,Weekday,1500,2-Car,Non-incapacitating,OTHER (DRIVER) - EXPLAIN IN NARRATIVE,HARMONY & SR45W,39.11274605,-86.63555756
2010,7,7,Weekend,1200,Moped/Motorcycle,Non-incapacitating,RAN OFF ROAD RIGHT,OLD RICHARDSON & SR446S,39.11218694,-86.43136527
2010,12,1,Weekend,1600,1-Car,No injury/unknown,RAN OFF ROAD RIGHT,SR37N & W 3RD,39.11155226,-86.5732966
2010,6,6,Weekend,2200,2-Car,No injury/unknown,FOLLOWING TOO CLOSELY,HARMONY RD & STATE ROAD 45,39.11108,-86.6382
2010,9,3,Weekday,700,2-Car,Non-incapacitating,FOLLOWING TOO CLOSELY,S HARMONY RD & SR 45 SOUTH,39.11108,-86.6382
2010,5,5,Weekday,1800,2-Car,Non-incapacitating,FAILURE TO YIELD RIGHT OF WAY,GARRISON CHAPLE & SR45W,39.11105313,-86.63807627
2010,12,2,Weekday,800,1-Car,No injury/unknown,IMPROPER TURNING,HARMONY & SR45N,39.11105313,-86.6381629
2010,1,2,Weekday,2100,2-Car,Non-incapacitating,ALCOHOLIC BEVERAGES,S HARMONY & SR45W,39.111024,-86.638304
2010,4,5,Weekday,2000,3+ Cars,No injury/unknown,FAILURE TO YIELD RIGHT OF WAY,S HARMONY & SR45W,39.111024,-86.638304
2010,6,4,Weekday,1200,2-Car,No injury/unknown,FAILURE TO YIELD RIGHT OF WAY,HARMONY & SR45W,39.111024,-86.638304
2010,8,6,Weekday,1600,2-Car,Non-incapacitating,FAILURE TO YIELD RIGHT OF WAY,HARMONY & SR45W,39.111024,-86.638304
2010,12,5,Weekday,700,3+ Cars,No injury/unknown,DRIVER DISTRACTED - EXPLAIN IN NARRATIVE,HARMONY ROAD & SR45W,39.111024,-86.638304
2010,2,2,Weekday,1300,1-Car,No injury/unknown,SPEED TOO FAST FOR WEATHER CONDITIONS,DEERFIELD DR & RHORER,39.11090296,-86.5046532
2010,7,2,Weekday,1600,2-Car,No injury/unknown,FOLLOWING TOO CLOSELY,GARRISON CHAPEL & SR45W,39.11068027,-86.638854
2010,3,2,Weekday,1800,2-Car,No injury/unknown,ROADWAY SURFACE CONDITION,E MOFFETT & S FAIRFAX RD,39.11045982,-86.51788327
2010,6,2,Weekday,1100,3+ Cars,Incapacitating,FOLLOWING TOO CLOSELY,SR37S & WAYSIDE,39.11000843,-86.53115273
2010,4,1,Weekend,1300,1-Car,No injury/unknown,STEERING FAILURE,ELWREN RD & ELWREN RUNAROUND,39.10896,-86.66950833
2010,4,6,Weekday,200,1-Car,Incapacitating,RAN OFF ROAD RIGHT,HARMONY & ISON RD,39.108848,-86.6384
2010,3,3,Weekday,1500,2-Car,No injury/unknown,LEFT OF CENTER,ELWREN RD & STANFORD,39.10838522,-86.67147594