Year,Month,Day,Weekend?,Hour,Collision Type,Injury Type,Primary Factor,Reported_Location,Latitude,Longitude
2010,12,6,Weekend,2300,1-Car,No injury/unknown,ROADWAY SURFACE CONDITION,ROCKPORT & VICTOR PIKE PIKE,39.053744,-86.606304
2010,8,4,Weekday,500,1-Car,No injury/unknown,RAN OFF ROAD RIGHT,BURGOON CHURCH & SR446S,39.05369468,-86.40773567
2010,12,1,Weekend,400,1-Car,No injury/unknown,SPEED TOO FAST FOR WEATHER CONDITIONS,GARRISON CHAPEL RD & HENDRICKS,39.05321086,-86.64721
2010,3,5,Weekday,600,1-Car,No injury/unknown,TIRE FAILURE OR DEFECTIVE,ROCKPORT RD & VICTOR,39.05257843,-86.60723543
2010,10,7,Weekend,300,1-Car,Non-incapacitating,RAN OFF ROAD RIGHT,HARMONY RD & ROCKPORT,39.05232151,-86.61140222
2010,9,3,Weekday,700,1-Car,No injury/unknown,UNSAFE SPEED,HARMONY & SOUTH ROCKPORT RD,39.05024,-86.609104
2010,1,6,Weekday,0,1-Car,No injury/unknown,ANIMAL/OBJECT IN ROADWAY,SR37N & ZIKES,39.049456,-86.535888
2010,12,4,Weekday,1400,1-Car,Non-incapacitating,UNSAFE SPEED,S ST RD 37 & S ZIKES RD,39.04941,-86.54124501
2010,1,1,Weekend,200,1-Car,Non-incapacitating,RAN OFF ROAD RIGHT,ANNE & STRAINRIDGE RD,39.04934,-86.51108326
2010,4,7,Weekend,2200,1-Car,Non-incapacitating,ROADWAY SURFACE CONDITION,SOUTH STRAINRIDGE RD RD,39.04890383,-86.510741
2010,12,1,Weekend,1800,1-Car,No injury/unknown,ANIMAL/OBJECT IN ROADWAY,SR37S & ZIKES,39.04725874,-86.53587154
2010,4,6,Weekend,2200,1-Car,Incapacitating,OVERCORRECTING/OVERSTEERING,FAIRFAX RD & MOFFETT,39.04712512,-86.51785
2010,2,7,Weekend,0,1-Car,No injury/unknown,RAN OFF ROAD RIGHT,CLEVEBUTCHER & FAIRFAX RD,39.04688424,-86.49055
2010,9,5,Weekday,600,1-Car,No injury/unknown,ANIMAL/OBJECT IN ROADWAY,SR37N & ZIKES,39.04670943,-86.53586743
2010,6,2,Weekday,300,1-Car,No injury/unknown,RAN OFF ROAD RIGHT,CLEVE BUTCHER RD & FAIRFAX,39.04583,-86.49037702
2010,5,5,Weekday,1500,2-Car,No injury/unknown,LEFT OF CENTER,HAYS RD & SR446S,39.04485898,-86.4081609
2010,3,6,Weekday,1500,1-Car,No injury/unknown,ROADWAY SURFACE CONDITION,7211 S BREEDEN & BREEDEN RD,39.04406099,-86.66611924
2010,5,5,Weekday,1700,1-Car,Non-incapacitating,ROADWAY SURFACE CONDITION,HAYS & SR446S,39.04403837,-86.40723003
2010,7,5,Weekday,700,1-Car,No injury/unknown,ANIMAL/OBJECT IN ROADWAY,SR37S & ZIKES,39.04396287,-86.53584423
2010,11,5,Weekday,200,1-Car,No injury/unknown,RAN OFF ROAD RIGHT,FAIRFAX RD,39.039804,-86.492033
2010,12,1,Weekend,500,1-Car,No injury/unknown,SPEED TOO FAST FOR WEATHER CONDITIONS,BREEDON RD & GRAVES,39.03690868,-86.6714
2010,5,2,Weekday,0,1-Car,No injury/unknown,RAN OFF ROAD RIGHT,POINTE & STRAIN RIDGE RD,39.03492,-86.51686702
2010,6,5,Weekday,1400,2-Car,Non-incapacitating,VIEW OBSTRUCTED,E POINTE RD & S STRAIN RIDGE,39.03492,-86.51688
2010,12,2,Weekday,1500,1-Car,No injury/unknown,SPEED TOO FAST FOR WEATHER CONDITIONS,E POINTE RD,39.03491,-86.510142
2010,8,1,Weekend,0,2-Car,No injury/unknown,OTHER (DRIVER) - EXPLAIN IN NARRATIVE,E POINTE RD,39.03490677,-86.51014467
2010,1,2,Weekday,1600,1-Car,No injury/unknown,ALCOHOLIC BEVERAGES,LEE PHILLIPS & WEST ROCK EAST RD,39.034704,-86.635552
2010,5,3,Weekday,700,2-Car,No injury/unknown,LEFT OF CENTER,LEE PHILITPS & ROCKEAST RD,39.03442182,-86.63588432
2010,8,2,Weekday,200,Pedestrian,Non-incapacitating,OTHER (DRIVER) - EXPLAIN IN NARRATIVE,GRAHAM & WINSLOW CT,39.03383332,-86.52417
2010,2,3,Weekday,300,1-Car,No injury/unknown,ANIMAL/OBJECT IN ROADWAY,GORE & OLD STATE ROAD 37 RD,39.032544,-86.541696
2010,6,4,Weekday,1700,2-Car,Non-incapacitating,FAILURE TO YIELD RIGHT OF WAY,FAIRFAX RD & POINTE,39.03248,-86.49009
2010,3,1,Weekend,300,1-Car,No injury/unknown,OTHER (DRIVER) - EXPLAIN IN NARRATIVE,FAIRFAX & POINTE RD,39.03245814,-86.48995923
2010,12,6,Weekday,1800,1-Car,No injury/unknown,SPEED TOO FAST FOR WEATHER CONDITIONS,SR37N & STRAIN RIDGE,39.03052845,-86.53635211
2010,7,6,Weekday,1700,2-Car,No injury/unknown,IMPROPER TURNING,FAIRFAX RD,39.029324,-86.489529
2010,4,4,Weekday,1700,1-Car,Fatal,UNSAFE SPEED,S CHAPEL HILL & SR446E,39.02920697,-86.408064
2010,2,6,Weekday,1300,2-Car,Non-incapacitating,FOLLOWING TOO CLOSELY,HOOSIER & WALNUT ST,39.02631368,-86.53144
2010,6,6,Weekend,1900,1-Car,Non-incapacitating,DRIVER DISTRACTED - EXPLAIN IN NARRATIVE,260 WATERSEDGE DR & POINTE VIEW,39.02601386,-86.50598507
2010,4,1,Weekday,1900,Moped/Motorcycle,Non-incapacitating,UNSAFE SPEED,CHAPEL HILL & SR446,39.02476833,-86.40534639
2010,2,2,Weekday,1400,1-Car,No injury/unknown,OVERCORRECTING/OVERSTEERING,MONROE DAM & SR37N,39.02410387,-86.53519208
2010,9,1,Weekend,1300,1-Car,Non-incapacitating,UNSAFE SPEED,CHAPEL HILL RD & SR446,39.023472,-86.405296
2010,3,7,Weekend,600,1-Car,No injury/unknown,ANIMAL/OBJECT IN ROADWAY,FAIRFAX RD & MCCORMICK,39.02291785,-86.50779
2010,12,4,Weekday,800,1-Car,No injury/unknown,ROADWAY SURFACE CONDITION,ROCKPORT RD & W HENNESSEY,39.02254389,-86.55672
2010,10,7,Weekend,200,1-Car,No injury/unknown,RAN OFF ROAD RIGHT,MONROE DAM & STRAIN RIDGE RD,39.02236142,-86.52168857
2010,10,1,Weekend,300,1-Car,No injury/unknown,RAN OFF ROAD RIGHT,MONROE DAM & SR37S,39.02207764,-86.53566808
2010,12,6,Weekday,500,1-Car,Non-incapacitating,ROADWAY SURFACE CONDITION,MONROE DAM & S OLD SR37 HWY,39.02146761,-86.53591633
2010,11,5,Weekday,2000,1-Car,No injury/unknown,ANIMAL/OBJECT IN ROADWAY,MONROE DAM & SR37S,39.0208619,-86.53595367
2010,5,7,Weekend,200,1-Car,Fatal,OTHER (DRIVER) - EXPLAIN IN NARRATIVE,MONROE DAM RD & STRAIN RIDGE,39.02062537,-86.52523843
2010,12,7,Weekend,1900,1-Car,Non-incapacitating,SPEED TOO FAST FOR WEATHER CONDITIONS,SR37N & STRAIN RIDGE,39.01999305,-86.53635211
2010,11,4,Weekday,2200,1-Car,No injury/unknown,ANIMAL/OBJECT IN ROADWAY,MONROE DAM & SR37S,39.01897096,-86.53637182
2010,2,5,Weekday,1800,2-Car,No injury/unknown,FOLLOWING TOO CLOSELY,SR 37 HWY & VERNAL,39.0187093,-86.5609886
2010,9,7,Weekend,1300,1-Car,No injury/unknown,SPEED TOO FAST FOR WEATHER CONDITIONS,SR446N & STATE ROAD 446,39.01734445,-86.41590172
2010,3,6,Weekday,1200,2-Car,No injury/unknown,OVERCORRECTING/OVERSTEERING,FLUCK MILL ROAD RD & KETCHUM ROAD,39.01707574,-86.56158
2010,2,4,Weekday,1300,2-Car,Incapacitating,LEFT OF CENTER,CHAPEL HILL RD & SR446,39.01695121,-86.41849569
2010,11,2,Weekday,700,1-Car,No injury/unknown,ANIMAL/OBJECT IN ROADWAY,FULLERTON PIKE & SR37S,39.01657687,-86.57140464
2010,5,7,Weekend,1700,2-Car,No injury/unknown,FAILURE TO YIELD RIGHT OF WAY,HOBART & OLD STATE ROAD 37 RD,39.01369,-86.54098865
2010,5,4,Weekday,1500,1-Car,Non-incapacitating,OVERCORRECTING/OVERSTEERING,CHAPEL HILL & ROBERTS RD,39.01358194,-86.42832756
2010,1,7,Weekend,100,2-Car,No injury/unknown,RAN OFF ROAD RIGHT,3RD AVE & 4TH,39.01353,-86.54874
2010,9,4,Weekday,1800,2-Car,No injury/unknown,FAILURE TO YIELD RIGHT OF WAY,HARRODSBURG RD & POPCORN,39.012048,-86.545088
2010,12,6,Weekday,900,1-Car,Non-incapacitating,RAN OFF ROAD RIGHT,KETCHAM & POPCORN RD,39.01170362,-86.56216825
2010,1,4,Weekday,1900,1-Car,No injury/unknown,ROADWAY SURFACE CONDITION,POPCORN RD & S ROCKPORT,39.01152283,-86.56292153
2010,3,4,Weekday,1300,1-Car,No injury/unknown,RAN OFF ROAD RIGHT,9000 BLOCK E VALLEY MISSION RO RD & MONROE DAM,39.009344,-86.510096
2010,8,2,Weekday,2100,1-Car,No injury/unknown,ANIMAL/OBJECT IN ROADWAY,MONROE DAM & VALLEY MISSION RD,39.00908905,-86.50947234
2010,12,6,Weekend,1900,2-Car,No injury/unknown,LEFT OF CENTER,MONROE DAM RD & VALLEY MISSION,39.00870724,-86.51076629
2010,8,4,Weekday,1100,1-Car,No injury/unknown,OTHER (DRIVER) - EXPLAIN IN NARRATIVE,VALLEY MISSION RD,39.008304,-86.507552
2010,1,7,Weekend,1800,1-Car,No injury/unknown,ROADWAY SURFACE CONDITION,MONROE DAM & VALLEY MISSION RD,39.0080622,-86.50698258
2010,5,2,Weekday,100,1-Car,No injury/unknown,OTHER (DRIVER) - EXPLAIN IN NARRATIVE,VALLEY MISSION RD,39.00764749,-86.50600599
2010,11,7,Weekend,1700,1-Car,No injury/unknown,SPEED TOO FAST FOR WEATHER CONDITIONS,MONROE DAM & VALLEY MISSION RD,39.00740568,-86.50543658
2010,5,1,Weekend,1400,1-Car,Non-incapacitating,RAN OFF ROAD RIGHT,OLD RICHARDSON & SR446S,39.00658404,-86.43136527
2010,1,1,Weekend,500,1-Car,No injury/unknown,OVERCORRECTING/OVERSTEERING,POPCORN RD & ROCKPORT,39.00396445,-86.58313339
2010,10,7,Weekend,400,1-Car,No injury/unknown,RAN OFF ROAD RIGHT,POPCORN RD & ROCKPORT,39.00335828,-86.58656672
2010,12,2,Weekday,1500,1-Car,Non-incapacitating,ROADWAY SURFACE CONDITION,POPCORN ROAD & ROCKPORT ROAD RD,39.002752,-86.59
2010,9,4,Weekday,2100,1-Car,No injury/unknown,UNSAFE SPEED,W POPCORN RD,39.00140352,-86.60907213
2010,6,5,Weekday,100,1-Car,No injury/unknown,ANIMAL/OBJECT IN ROADWAY,LINTHICUM & POPCORN RD,38.99967886,-86.61567809
2010,11,1,Weekday,1900,1-Car,Non-incapacitating,UNSAFE SPEED,GRAMERCY PARK & NORTH HINKLE ROAD RD,38.99866384,-86.50543
2010,8,2,Weekday,500,1-Car,No injury/unknown,ANIMAL/OBJECT IN ROADWAY,INGRAM & SR37S,38.99338926,-86.53726441
2010,7,5,Weekday,1900,1-Car,Non-incapacitating,UNSAFE SPEED,CLUBHOUSE & N OLD SR 37 ST,38.98647004,-86.53686
2010,12,1,Weekday,2000,1-Car,No injury/unknown,SPEED TOO FAST FOR WEATHER CONDITIONS,GETTYS CREEK RD & MOUNT GILEAD,38.98183521,-86.43645
2010,5,1,Weekend,1000,1-Car,Non-incapacitating,DRIVER ASLEEP OR FATIGUED,CAROWIND COURT & FAIRFAX RD,38.95699136,-86.49853
2010,3,7,Weekend,100,3+ Cars,No injury/unknown,UNSAFE SPEED,S MUELLER PKWY & W 3RD,38.9530117,-86.5627
2010,4,1,Weekday,2100,1-Car,No injury/unknown,ANIMAL/OBJECT IN ROADWAY,GORE & OLD STATE ROAD 37 SOUTH RD,38.9272419,-86.54174
2010,6,7,Weekend,1700,1-Car,No injury/unknown,UNSAFE BACKING,FAIRFAX RD & POINTE RD,38.9270923,-86.49009
2010,1,7,Weekend,1600,2-Car,No injury/unknown,NONE (DRIVER),ROCKEAST & SNOW RD,38.92530714,-86.66097
2010,2,4,Weekday,1700,2-Car,No injury/unknown,TIRE FAILURE OR DEFECTIVE,LIBERTY DR & WEST 3RD,38.90023736,-86.57913641
2010,3,3,Weekday,1700,2-Car,No injury/unknown,FOLLOWING TOO CLOSELY,LIBERTY DR & WEST THIRD,38.90023736,-86.57913641
2010,2,1,Weekend,100,1-Car,No injury/unknown,RAN OFF ROAD RIGHT,STONERIDGE & STRAINRIDGE RD,38.89510426,-86.50794
2010,6,6,Weekday,1600,1-Car,No injury/unknown,ANIMAL/OBJECT IN ROADWAY,BREEDEN RD & TOM PHILLIPS,38.86501944,-86.67457
2010,5,5,Weekday,1600,2-Car,Fatal,OVERCORRECTING/OVERSTEERING,OLD RICHARDSON & SR446S,38.83339527,-86.43136527
2010,3,6,Weekday,1700,2-Car,No injury/unknown,UNSAFE BACKING,BETHEL & N HINKLE RD,38.82108393,-86.50541
2010,12,6,Weekend,1900,1-Car,No injury/unknown,RAN OFF ROAD RIGHT,FLUCK MILL & VICTOR PIKE,38.81003199,-86.57107
2010,4,4,Weekday,900,Bus,No injury/unknown,LEFT OF CENTER,E POINTE & STRAIN RIDGE RD,38.64875534,-86.51688
2010,12,2,Weekday,1300,1-Car,Non-incapacitating,DISREGARD SIGNAL/REG SIGN,N CURRY PIKE & VERNAL,38.35408736,-86.58309109
2010,1,7,Weekend,2300,2-Car,No injury/unknown,UNSAFE SPEED,ROBINSON & SR37N,0,0
2010,1,2,Weekday,1700,2-Car,No injury/unknown,ROADWAY SURFACE CONDITION,BREEDEN RD & THACKER,0,0
2010,1,6,Weekday,1800,2-Car,No injury/unknown,ALCOHOLIC BEVERAGES,E POINTE CLUB DR & EAST POINTE CLUB,0,0
2010,1,2,Weekday,2300,1-Car,Non-incapacitating,ALCOHOLIC BEVERAGES,BAINBRIDGE & LAURA WAY,0,0
2010,1,4,Weekday,1500,2-Car,No injury/unknown,IMPROPER LANE USAGE,SR37N & WEST 2ND,0,0
2010,1,5,Weekday,1500,2-Car,No injury/unknown,FOLLOWING TOO CLOSELY,BRENNICK & SR45S,0,0
2010,1,1,Weekend,1200,1-Car,No injury/unknown,SPEED TOO FAST FOR WEATHER CONDITIONS,SR446N & TOWER RIDGE RD,0,0
2010,1,1,Weekend,1600,1-Car,No injury/unknown,ANIMAL/OBJECT IN ROADWAY,DUTCH CHURCH & REDHILL RD,0,0
2010,1,1,Weekend,1000,2-Car,No injury/unknown,UNSAFE BACKING,ANDERSON RD & BEAN BLOSSOM,0,0
2010,1,2,Weekday,700,2-Car,No injury/unknown,FOLLOWING TOO CLOSELY,SMITH PIKE & SR46W,0,0
2010,1,3,Weekday,1500,2-Car,No injury/unknown,FAILURE TO YIELD RIGHT OF WAY,ON RAMP FROM BLOOMFIELD RD & SR37N,0,0
2010,1,2,Weekday,1700,1-Car,No injury/unknown,ROADWAY SURFACE CONDITION,7465 S OLD 37 & OLD SR S 37 HWY,0,0
2010,1,3,Weekday,800,2-Car,No injury/unknown,ROADWAY SURFACE CONDITION,SMITH PIKE RD & WOODYARD,0,0
2010,1,5,Weekday,800,2-Car,No injury/unknown,OTHER (DRIVER) - EXPLAIN IN NARRATIVE,CHANDLER DRIVE DR & SR46W,0,0
2010,1,6,Weekday,1000,2-Car,No injury/unknown,OTHER (DRIVER) - EXPLAIN IN NARRATIVE,RHORER & SR37N,0,0
2010,1,7,Weekend,0,2-Car,No injury/unknown,IMPROPER LANE USAGE,JOHNSON AVE,0,0
2010,1,5,Weekday,2200,1-Car,No injury/unknown,ANIMAL/OBJECT IN ROADWAY,46 & STINESVILLE RD,0,0
2010,1,2,Weekday,1100,2-Car,No injury/unknown,UNSAFE BACKING,EAST TENTTH ST & SUNRISE,0,0
2010,1,3,Weekday,1700,1-Car,No injury/unknown,IMPROPER TURNING,ALLEYWAY BETWEEN DUNN KIRKWOOD ALY & DUNN,0,0
2010,1,1,Weekend,1200,2-Car,No injury/unknown,OVERCORRECTING/OVERSTEERING,EAST TENT SR,0,0
2010,1,1,Weekend,1500,2-Car,No injury/unknown,UNSAFE BACKING,2929 W 3RD ST,0,0
2010,1,7,Weekend,0,2-Car,No injury/unknown,FAILURE TO YIELD RIGHT OF WAY,10TH ST & 45 46,0,0
2010,1,2,Weekday,1000,2-Car,No injury/unknown,FAILURE TO YIELD RIGHT OF WAY,FOSTER QUAD & LAW LN,0,0
2010,1,6,Weekday,800,1-Car,No injury/unknown,RAN OFF ROAD RIGHT,EMPIRE & SR37S,0,0
2010,1,7,Weekend,2200,3+ Cars,Non-incapacitating,DRIVER DISTRACTED - EXPLAIN IN NARRATIVE,BARGER & W TAPP RD,0,0
2010,1,4,Weekday,1300,2-Car,No injury/unknown,FOLLOWING TOO CLOSELY,EAST SEVENTEENTH & SR4546N,0,0
2010,1,5,Weekday,900,2-Car,No injury/unknown,OTHER (DRIVER) - EXPLAIN IN NARRATIVE,701 EAST (WHITE WEST LOT) ST & DUNN,0,0
2010,2,7,Weekend,1600,1-Car,No injury/unknown,ROADWAY SURFACE CONDITION,TECUMSEH & THOMAS RD,0,0
2010,2,7,Weekend,1200,2-Car,No injury/unknown,FOLLOWING TOO CLOSELY,RED HILL & SR26W,0,0
2010,2,1,Weekend,1500,2-Car,No injury/unknown,IMPROPER LANE USAGE,LANDMARK & WEST BLOOMFILED RD,0,0
2010,2,5,Weekday,1000,2-Car,No injury/unknown,OTHER (VEHICLE) - EXPLAIN IN NARRATIVE,SO OLD HWY 37 HWY,0,0
2010,2,6,Weekday,1700,1-Car,No injury/unknown,ROADWAY SURFACE CONDITION,GRUBBS & ROBINSON RD,0,0
2010,2,2,Weekday,1200,2-Car,No injury/unknown,FAILURE TO YIELD RIGHT OF WAY,3000 E 3RD ST & TACO BELL SOUTH DRIVE,0,0
2010,2,3,Weekday,1600,2-Car,No injury/unknown,FAILURE TO YIELD RIGHT OF WAY,KIRWOOD AVE & ROGERS,0,0
2010,2,4,Weekday,1100,2-Car,No injury/unknown,UNSAFE BACKING,ASHBROOKE LN & RODGEMOORE,0,0
2010,1,6,Weekday,800,2-Car,No injury/unknown,FAILURE TO YIELD RIGHT OF WAY,GATES DR & JACOB DR DR,0,0
2010,2,5,Weekday,700,2-Car,No injury/unknown,CELL PHONE USAGE,SR 37 NORTH RAMP RTE & WEST 3 ST,0,0
2010,2,4,Weekday,1100,2-Car,No injury/unknown,FAILURE TO YIELD RIGHT OF WAY,19TH & 701 E 17TH (WHITE LOT WEST DR) ST,0,0
2010,2,6,Weekday,1000,2-Car,No injury/unknown,FOLLOWING TOO CLOSELY,E 3RD ST ST & HIGHLAND AVE,0,0
2010,2,1,Weekend,900,2-Car,No injury/unknown,FOLLOWING TOO CLOSELY,RHORER & SR37S,0,0
2010,2,2,Weekday,800,2-Car,No injury/unknown,FAILURE TO YIELD RIGHT OF WAY,ROLLING RIDGE WAY & UNKNOWN,0,0
2010,2,3,Weekday,1200,1-Car,No injury/unknown,RAN OFF ROAD RIGHT,EDGAR LANE & HANDY ROAD RD,0,0
2010,2,3,Weekday,2100,2-Car,No injury/unknown,UNSAFE LANE MOVEMENT,052M & SR46,0,0
2010,2,4,Weekday,1700,2-Car,No injury/unknown,OTHER (DRIVER) - EXPLAIN IN NARRATIVE,ON RAMP TO NB SR 37 & W 3RD ST,0,0
2010,2,2,Weekday,1000,1-Car,No injury/unknown,SPEED TOO FAST FOR WEATHER CONDITIONS,TENTH ST & TULIP TREE,0,0
2010,2,5,Weekday,1800,2-Car,No injury/unknown,OTHER (DRIVER) - EXPLAIN IN NARRATIVE,OFF RAMP FROM NB SR 37 RAMP & W 3RD,0,0
2010,2,7,Weekend,1100,2-Car,No injury/unknown,IMPROPER TURNING,45 46 BYP & COLLEGE,0,0
2010,2,1,Weekday,1900,2-Car,No injury/unknown,IMPROPER LANE USAGE,45 46 & NORTH WALNUT ST,0,0
2010,2,6,Weekend,2000,1-Car,No injury/unknown,OVERCORRECTING/OVERSTEERING,CHURCH ST & VERNAL,0,0
2010,2,2,Weekday,900,1-Car,No injury/unknown,RAN OFF ROAD RIGHT,SR46E,0,0
2010,2,3,Weekday,1500,2-Car,No injury/unknown,FOLLOWING TOO CLOSELY,SR37S,0,0
2010,2,6,Weekday,0,2-Car,No injury/unknown,UNSAFE BACKING,NOTHR JORDAN AVE,0,0
2010,2,7,Weekend,1600,2-Car,No injury/unknown,OTHER (DRIVER) - EXPLAIN IN NARRATIVE,VARSITY LN,0,0
2010,3,4,Weekday,1500,3+ Cars,No injury/unknown,FAILURE TO YIELD RIGHT OF WAY,SB 37 EXIT & SR45W,0,0
2010,2,3,Weekday,2100,1-Car,No injury/unknown,RAN OFF ROAD RIGHT,300 E SOUTHERN ST & S WALNUT,0,0
2010,3,2,Weekday,900,2-Car,No injury/unknown,DISREGARD SIGNAL/REG SIGN,PRIVATE & S COLLEGE MALL RD,0,0
2010,3,4,Weekday,1100,2-Car,No injury/unknown,FAILURE TO YIELD RIGHT OF WAY,JACOB DR DR & WHITEHALL CROSSING BLVD,0,0
2010,3,2,Weekday,1700,2-Car,No injury/unknown,DISREGARD SIGNAL/REG SIGN,SR46W & UNIONVALLEY,0,0
2010,3,4,Weekday,800,1-Car,Non-incapacitating,SPEED TOO FAST FOR WEATHER CONDITIONS,FULLERTON PIKE & MONROE MEDICAL PARK,0,0
2010,3,3,Weekday,1400,2-Car,No injury/unknown,VIEW OBSTRUCTED,CAPITAL & SR46W,0,0
2010,3,4,Weekday,1500,2-Car,No injury/unknown,GLARE,HEDRICK & SR46W,0,0
2010,3,7,Weekend,1000,Moped/Motorcycle,Incapacitating,ROADWAY SURFACE CONDITION,BETULA LN & TEOMA,0,0
2010,3,2,Weekday,1200,2-Car,No injury/unknown,CELL PHONE USAGE,600 BLOCK W 2ND ST & ROGERS,0,0
2010,3,2,Weekday,1800,2-Car,No injury/unknown,FAILURE TO YIELD RIGHT OF WAY,BLUE EAST LOT ST,0,0
2010,3,4,Weekday,2200,1-Car,No injury/unknown,OVERCORRECTING/OVERSTEERING,NORTH LOUDEN RD & WEST RATLIFF,0,0
2010,3,5,Weekday,700,1-Car,No injury/unknown,OVERCORRECTING/OVERSTEERING,BETHAL LANE & HINKLE ROAD RD,0,0
2010,3,7,Weekend,1000,2-Car,No injury/unknown,FAILURE TO YIELD RIGHT OF WAY,MULLER PARKWAY DR,0,0
2010,3,7,Weekend,600,1-Car,No injury/unknown,OTHER (DRIVER) - EXPLAIN IN NARRATIVE,45 46 & NORTH KINSER PIKE,0,0
2010,3,2,Weekday,1300,2-Car,No injury/unknown,OTHER (VEHICLE) - EXPLAIN IN NARRATIVE,JORDAN & LAW LANE ST,0,0
2010,3,4,Weekday,1700,Cyclist,Non-incapacitating,FAILURE TO YIELD RIGHT OF WAY,JORDAN & PRESIDENTS DR,0,0
2010,3,5,Weekday,2100,2-Car,No injury/unknown,FAILURE TO YIELD RIGHT OF WAY,JORDAN AVE & PRESIDENTS,0,0
2010,4,6,Weekend,2100,1-Car,No injury/unknown,RAN OFF ROAD RIGHT,MCCORMICK RD & SMITHVILLE,0,0
2010,3,3,Weekday,700,Bus,No injury/unknown,DRIVER DISTRACTED - EXPLAIN IN NARRATIVE,S EALNUT ST PK PIKE & S FAIRFAX RD,0,0
2010,3,4,Weekday,1900,2-Car,No injury/unknown,OTHER (DRIVER) - EXPLAIN IN NARRATIVE,JUDAH & SR446S,0,0
2010,4,6,Weekend,2200,1-Car,No injury/unknown,RAN OFF ROAD RIGHT,TWIN OAKS RDG,0,0
2010,4,2,Weekday,2100,3+ Cars,No injury/unknown,WRONG WAY ON ONE WAY,KELLI & SR46W,0,0
2010,4,6,Weekday,1500,2-Car,No injury/unknown,UNSAFE BACKING,MCCORMICK RD & SMITHVILLE,0,0
2010,3,4,Weekday,1900,1-Car,No injury/unknown,OVERCORRECTING/OVERSTEERING,HOWARD RD & SR48W,0,0
2010,4,2,Weekday,1700,2-Car,No injury/unknown,FOLLOWING TOO CLOSELY,BLOOMFIELD RD & LIBERTY,0,0
2010,4,4,Weekday,0,2-Car,No injury/unknown,OTHER (DRIVER) - EXPLAIN IN NARRATIVE,1800 MARQUIS DR & CRESENT,0,0
2010,4,5,Weekday,1400,2-Car,No injury/unknown,UNSAFE BACKING,1309 EAST 10TH PARKING LOT ST & FEE,0,0
2010,4,5,Weekday,1600,Moped/Motorcycle,No injury/unknown,RAN OFF ROAD RIGHT,KINSER PIKE & OLD N SR 37,0,0
2010,4,6,Weekday,800,2-Car,No injury/unknown,OTHER (DRIVER) - EXPLAIN IN NARRATIVE,IU WELLS LIBRARY LOT DR & JORDAN,0,0
2010,4,3,Weekday,600,2-Car,No injury/unknown,FAILURE TO YIELD RIGHT OF WAY,CURRY PIKE & SR45W,0,0
2010,4,4,Weekday,900,2-Car,No injury/unknown,OTHER (DRIVER) - EXPLAIN IN NARRATIVE,SR46W,0,0
2010,4,1,Weekday,2200,1-Car,No injury/unknown,UNSAFE SPEED,HUDOLF & ROBINSON RD,0,0
2010,4,4,Weekday,1000,2-Car,No injury/unknown,UNSAFE BACKING,BALLANTINE GARAGE LOWER LEVEL DR & HAWTHORNE,0,0
2010,4,5,Weekday,0,2-Car,No injury/unknown,,EAST SR 4546 BYPASS BYP,0,0
2010,3,6,Weekend,1900,1-Car,No injury/unknown,RAN OFF ROAD RIGHT,CUTRIGHT HIGH WATER RAMP RD & MAIN ROAD CUTRIGHT SRA RD,0,0
2010,4,6,Weekday,1700,2-Car,No injury/unknown,DRIVER DISTRACTED - EXPLAIN IN NARRATIVE,CURRTY PIKE & PROFILE PARKWAY,0,0
2010,4,1,Weekend,0,2-Car,No injury/unknown,UNSAFE BACKING,EAST VASITY LN,0,0
2010,4,4,Weekday,200,1-Car,No injury/unknown,RAN OFF ROAD RIGHT,N SR 45 46 BYP,0,0
2010,4,5,Weekday,0,3+ Cars,No injury/unknown,CELL PHONE USAGE,8 & DUNN ST,0,0
2010,4,5,Weekday,200,1-Car,No injury/unknown,OTHER (DRIVER) - EXPLAIN IN NARRATIVE,S BASSWOOD CIR,0,0
2010,4,7,Weekend,1700,2-Car,No injury/unknown,DRIVER DISTRACTED - EXPLAIN IN NARRATIVE,MEADOWVALE & UNIONVALLEY RD,0,0
2010,5,4,Weekday,1500,2-Car,No injury/unknown,FOLLOWING TOO CLOSELY,2863 E STATE HIGHWAY 45 HWY & LIBERTY,0,0
2010,5,2,Weekday,2000,2-Car,No injury/unknown,SPEED TOO FAST FOR WEATHER CONDITIONS,MCNEELY & UNIONVALLEY RD,0,0
2010,5,6,Weekend,2300,2-Car,No injury/unknown,UNSAFE BACKING,20TH & VARSITY LN,0,0
2010,5,4,Weekday,1700,1-Car,Non-incapacitating,ALCOHOLIC BEVERAGES,CUTRIGHT ST & SR446,0,0
2010,5,4,Weekday,800,2-Car,No injury/unknown,FOLLOWING TOO CLOSELY,ALLEN & SR45W,0,0
2010,5,4,Weekday,1100,1-Car,No injury/unknown,ANIMAL/OBJECT IN ROADWAY,2300 E MOORES PIKE PIKE & CAPE COD DR,0,0
2010,5,7,Weekend,200,1-Car,No injury/unknown,DRIVER ASLEEP OR FATIGUED,BRIARGATE & SR46W,0,0
2010,5,2,Weekday,2000,2-Car,No injury/unknown,OTHER (DRIVER) - EXPLAIN IN NARRATIVE,LENARD SPRINGS RD & THAT,0,0
2010,5,2,Weekday,1800,2-Car,No injury/unknown,UNSAFE BACKING,4001 W 3RD ST,0,0
2010,5,3,Weekday,700,2-Car,No injury/unknown,OTHER (DRIVER) - EXPLAIN IN NARRATIVE,SR37S,0,0
2010,5,4,Weekday,1500,2-Car,No injury/unknown,RAN OFF ROAD RIGHT,COUNTY LINE ROAD & SR45W,0,0
2010,5,5,Weekday,2000,2-Car,No injury/unknown,FOLLOWING TOO CLOSELY,COLLEGE MALL & ENTRY EXIT EASTLAND PLAZA DR,0,0
2010,5,6,Weekday,1600,2-Car,No injury/unknown,SPEED TOO FAST FOR WEATHER CONDITIONS,BLOOMFIELD RD & STATE RD 37 OFF RAMP,0,0
2010,5,3,Weekday,1500,1-Car,No injury/unknown,OTHER (VEHICLE) - EXPLAIN IN NARRATIVE,DELAP ROAD RD,0,0
2010,5,6,Weekday,1800,2-Car,No injury/unknown,SPEED TOO FAST FOR WEATHER CONDITIONS,STRAIN RIDGE RD & TIERNEY,0,0