Year,Month,Day,Weekend?,Hour,Collision Type,Injury Type,Primary Factor,Reported_Location,Latitude,Longitude
2009,11,6,Weekday,1600,2-Car,No injury/unknown,IMPROPER LANE USAGE,FEE & SR4546E,39.186032,-86.51984
2009,2,4,Weekday,2000,2-Car,No injury/unknown,FOLLOWING TOO CLOSELY,SR46W & WALNUT ST,39.18595739,-86.53444322
2009,2,1,Weekend,1500,2-Car,No injury/unknown,UNSAFE BACKING,N KINSER PIKE,39.18584,-86.537872
2009,8,1,Weekend,1200,2-Car,No injury/unknown,FAILURE TO YIELD RIGHT OF WAY,GOURLEY & KINSER PIKE,39.18559791,-86.53786335
2009,11,5,Weekday,900,1-Car,No injury/unknown,OTHER (DRIVER) - EXPLAIN IN NARRATIVE,EAST THIRD ST & HAWTHORNE,39.1853987,-86.52009
2009,5,3,Weekday,2000,2-Car,No injury/unknown,FAILURE TO YIELD RIGHT OF WAY,GOURLEY & KINSER PIKE,39.185392,-86.537856
2009,7,4,Weekday,1100,2-Car,No injury/unknown,FAILURE TO YIELD RIGHT OF WAY,GOURLEY & KINSER PIKE,39.185392,-86.537856
2009,8,4,Weekday,2300,Cyclist,Non-incapacitating,FAILURE TO YIELD RIGHT OF WAY,GOURLEY & KINSER PIKE,39.185392,-86.537856
2009,10,6,Weekday,1300,2-Car,No injury/unknown,FOLLOWING TOO CLOSELY,1600 NORTH KINSER PIKE & GOURLEY,39.185392,-86.537856
2009,12,7,Weekend,2000,2-Car,No injury/unknown,FOLLOWING TOO CLOSELY,N KINSER PIKE & W GOURLEY,39.185392,-86.537856
2009,4,7,Weekend,1700,2-Car,Non-incapacitating,FOLLOWING TOO CLOSELY,COMMANDER & FAIRFAX RD,39.1853888,-86.51865509
2009,9,3,Weekday,1400,1-Car,No injury/unknown,SPEED TOO FAST FOR WEATHER CONDITIONS,CASCADES & GOURLEY PIKE,39.185232,-86.54089476
2009,1,5,Weekday,900,Bus,No injury/unknown,OTHER (DRIVER) - EXPLAIN IN NARRATIVE,W GOURLEY PIKE,39.185232,-86.54060206
2009,4,1,Weekend,1200,2-Car,No injury/unknown,OTHER (DRIVER) - EXPLAIN IN NARRATIVE,W GOURLEY PIKE,39.185232,-86.54060206
2009,9,1,Weekend,1200,2-Car,No injury/unknown,UNSAFE BACKING,W GOURLEY PIKE,39.185232,-86.54060206
2009,10,1,Weekend,300,Pedestrian,Non-incapacitating,OTHER (DRIVER) - EXPLAIN IN NARRATIVE,W GOURLEY PIKE,39.185232,-86.54060206
2009,11,2,Weekday,800,3+ Cars,No injury/unknown,OTHER (DRIVER) - EXPLAIN IN NARRATIVE,W GOURLEY PIKE,39.185232,-86.54060206
2009,12,1,Weekend,1500,2-Car,No injury/unknown,VIEW OBSTRUCTED,W GOURLEY PIKE,39.185232,-86.54060206
2009,8,7,Weekend,400,2-Car,No injury/unknown,OTHER (DRIVER) - EXPLAIN IN NARRATIVE,N MAPLE ST,39.1852,-86.541952
2009,12,2,Weekday,900,1-Car,No injury/unknown,OTHER (ENVIRONMENTAL) - EXPLAIN IN NARR,CASCADES & GOURLEY PIKE,39.1852,-86.541952
2009,12,1,Weekend,1300,2-Car,No injury/unknown,OTHER (DRIVER) - EXPLAIN IN NARRATIVE,N FEE LN,39.18519948,-86.51934049
2009,11,7,Weekend,1900,2-Car,No injury/unknown,OTHER (DRIVER) - EXPLAIN IN NARRATIVE,N COLLEGE AVE,39.185152,-86.535296
2009,3,6,Weekday,300,1-Car,No injury/unknown,ALCOHOLIC BEVERAGES,KINSER PIKE,39.185132,-86.537738
2009,1,4,Weekday,1500,2-Car,No injury/unknown,OTHER (VEHICLE) - EXPLAIN IN NARRATIVE,GOURLEY PIKE,39.185072,-86.538931
2009,11,5,Weekday,1200,Bus,No injury/unknown,IMPROPER PASSING,FOURTH & INDIANA AVE,39.18458446,-86.52691
2009,4,6,Weekday,1000,2-Car,No injury/unknown,UNSAFE BACKING,HOOSIER COURT AVE,39.184508,-86.538688
2009,9,5,Weekday,2200,2-Car,No injury/unknown,IMPROPER TURNING,W HOOSIER CT AVE,39.184506,-86.538717
2009,11,3,Weekday,2300,1-Car,No injury/unknown,RAN OFF ROAD RIGHT,20TH & MONROE STA,39.18445973,-86.54688
2009,11,4,Weekday,2100,1-Car,No injury/unknown,ANIMAL/OBJECT IN ROADWAY,MOUNT GILEAD & SR45E,39.18437785,-86.4698183
2009,4,7,Weekend,600,1-Car,No injury/unknown,UNSAFE SPEED,BROCK RD & BRUMMETTS CREEK,39.18436707,-86.39152511
2009,1,6,Weekday,100,2-Car,No injury/unknown,OTHER (DRIVER) - EXPLAIN IN NARRATIVE,CURRY PIKE,39.184159,-86.583093
2009,7,6,Weekday,1400,1-Car,No injury/unknown,CELL PHONE USAGE,VERNAL & WOODYARD RD,39.18403006,-86.57034501
2009,4,5,Weekday,2300,2-Car,Non-incapacitating,OTHER (DRIVER) - EXPLAIN IN NARRATIVE,FEE LN & JORDAN,39.18384,-86.5192
2009,5,7,Weekend,800,2-Car,Non-incapacitating,FOLLOWING TOO CLOSELY,NORTH FEE LN & NORTH JORDAN,39.18384,-86.5192
2009,11,3,Weekday,1200,2-Car,No injury/unknown,OTHER (DRIVER) - EXPLAIN IN NARRATIVE,FEE LN & JORDAN,39.18384,-86.5192
2009,12,7,Weekend,1400,2-Car,No injury/unknown,FAILURE TO YIELD RIGHT OF WAY,JORDAN & N FEE LN,39.18384,-86.5192
2009,1,5,Weekday,800,2-Car,No injury/unknown,VIEW OBSTRUCTED,FISHERS & JORDAN AVE,39.18377,-86.51691191
2009,1,5,Weekday,800,2-Car,No injury/unknown,VIEW OBSTRUCTED,FISHERS & JORDAN AVE,39.18377,-86.51687038
2009,2,4,Weekday,1800,Bus,No injury/unknown,IMPROPER TURNING,FISHERS CT & N JORDAN,39.18377,-86.51686
2009,1,5,Weekday,1800,2-Car,No injury/unknown,OTHER (DRIVER) - EXPLAIN IN NARRATIVE,E VARSITY LN,39.183662,-86.530456
2009,4,1,Weekend,1100,3+ Cars,No injury/unknown,FAILURE TO YIELD RIGHT OF WAY,2100 BLK N WALNUT ST & SR4546,39.1836579,-86.53429149
2009,11,7,Weekend,0,2-Car,No injury/unknown,OTHER (DRIVER) - EXPLAIN IN NARRATIVE,NORTH DUNN ST,39.183537,-86.528335
2009,7,6,Weekday,0,1-Car,Non-incapacitating,LEFT OF CENTER,OLD SR 37 RD & SR 37 SOUTH,39.18336,-86.53463
2009,1,3,Weekday,0,1-Car,No injury/unknown,OTHER (DRIVER) - EXPLAIN IN NARRATIVE,NORTH COLLEGE AVE,39.18335771,-86.53469029
2009,10,7,Weekend,800,1-Car,No injury/unknown,OTHER (DRIVER) - EXPLAIN IN NARRATIVE,N WALNIT ST,39.183334,-86.534142
2009,7,3,Weekday,2200,1-Car,Non-incapacitating,ROADWAY SURFACE CONDITION,45 46 & WALNUT ST,39.18327098,-86.53402805
2009,7,5,Weekday,900,2-Car,Non-incapacitating,SPEED TOO FAST FOR WEATHER CONDITIONS,BALFOUR & SR46W,39.18323799,-86.51178391
2009,8,1,Weekday,1900,Moped/Motorcycle,No injury/unknown,IMPROPER TURNING,BALFOUR & SR46N,39.18323799,-86.51178391
2009,4,6,Weekday,1400,2-Car,No injury/unknown,UNSAFE BACKING,S WALNUT ST,39.18300299,-86.53407644
2009,2,5,Weekday,900,2-Car,No injury/unknown,FOLLOWING TOO CLOSELY,N DUNN ST & VARSITY,39.182976,-86.528416
2009,3,5,Weekday,2100,2-Car,No injury/unknown,,E VARSITY LN,39.182976,-86.528416
2009,4,3,Weekday,0,2-Car,No injury/unknown,OTHER (DRIVER) - EXPLAIN IN NARRATIVE,VARSITY LN,39.182976,-86.528416
2009,5,7,Weekend,2100,2-Car,No injury/unknown,UNSAFE BACKING,VARSITY LN,39.182976,-86.528416
2009,5,7,Weekend,100,2-Car,No injury/unknown,SPEED TOO FAST FOR WEATHER CONDITIONS,VARSITY LN LN,39.182976,-86.528416
2009,8,1,Weekend,300,2-Car,No injury/unknown,UNSAFE BACKING,VARSITY LN,39.182976,-86.528416
2009,4,3,Weekday,1900,2-Car,No injury/unknown,OTHER (DRIVER) - EXPLAIN IN NARRATIVE,N LONGFELLOW DR & W ARLINGTON VALLEY,39.182816,-86.542032
2009,10,1,Weekend,200,3+ Cars,No injury/unknown,UNSAFE BACKING,VARSITY LN,39.182768,-86.53056
2009,2,7,Weekend,900,2-Car,No injury/unknown,OTHER (DRIVER) - EXPLAIN IN NARRATIVE,NORTHLANE DR,39.182653,-86.537929
2009,12,3,Weekday,1400,1-Car,No injury/unknown,UNSAFE BACKING,FORREST AVE & THIRTEENTH,39.18256411,-86.52243
2009,1,1,Weekend,300,2-Car,No injury/unknown,OTHER (DRIVER) - EXPLAIN IN NARRATIVE,S WALNUT ST,39.18220833,-86.53381551
2009,5,7,Weekend,300,2-Car,No injury/unknown,UNSAFE BACKING,S WALNUT ST,39.18220833,-86.53381551
2009,8,2,Weekday,1500,2-Car,Non-incapacitating,DRIVER DISTRACTED - EXPLAIN IN NARRATIVE,COLLEGE MALL RD & MOORES,39.18219189,-86.49825
2009,5,4,Weekday,1000,2-Car,No injury/unknown,UNSAFE BACKING,S WALNUT ST,39.18207706,-86.53377241
2009,2,1,Weekday,2100,2-Car,No injury/unknown,OTHER (DRIVER) - EXPLAIN IN NARRATIVE,N WALNUT ST,39.18198955,-86.53374367
2009,1,5,Weekday,1600,2-Car,No injury/unknown,UNSAFE SPEED,20TH & DUNN ST,39.18184,-86.5284
2009,2,2,Weekday,2100,2-Car,Non-incapacitating,FOLLOWING TOO CLOSELY,20TH & DUNN ST,39.18184,-86.5284
2009,2,5,Weekday,1900,2-Car,No injury/unknown,OTHER (DRIVER) - EXPLAIN IN NARRATIVE,N WASHINGTON ST,39.18184,-86.532192
2009,5,1,Weekend,200,2-Car,No injury/unknown,,E 20TH ST,39.18184,-86.5318511
2009,8,6,Weekday,1000,2-Car,No injury/unknown,IMPROPER TURNING,20TH & WASHINGTON ST,39.18184,-86.532192
2009,10,6,Weekday,1600,2-Car,No injury/unknown,UNSAFE BACKING,400 E 20TH ST & N DUNN,39.18184,-86.5284
2009,10,7,Weekend,1100,2-Car,No injury/unknown,FAILURE TO YIELD RIGHT OF WAY,N WASHINGTON ST,39.18184,-86.532192
2009,10,5,Weekday,1100,2-Car,No injury/unknown,FAILURE TO YIELD RIGHT OF WAY,20TH ST & LINCOLN,39.181744,-86.530192
2009,4,2,Weekday,1600,2-Car,No injury/unknown,FAILURE TO YIELD RIGHT OF WAY,N COLLEGE AVE,39.18162924,-86.53471004
2009,9,3,Weekday,1900,2-Car,No injury/unknown,UNSAFE BACKING,N COLLEGE AVE,39.18162924,-86.53471004
2009,5,7,Weekend,600,2-Car,No injury/unknown,FOLLOWING TOO CLOSELY,E 19TH & N WALNUT ST,39.181552,-86.5336
2009,9,4,Weekday,800,2-Car,No injury/unknown,OTHER (DRIVER) - EXPLAIN IN NARRATIVE,N RANGE RD,39.1814028,-86.49475391
2009,10,7,Weekend,400,2-Car,No injury/unknown,UNSAFE BACKING,E 19TH ST,39.18104,-86.530304
2009,10,3,Weekday,1500,2-Car,No injury/unknown,SPEED TOO FAST FOR WEATHER CONDITIONS,19TH & DUNN ST,39.18104,-86.5284
2009,8,1,Weekend,1600,2-Car,No injury/unknown,UNSAFE BACKING,N JORDAN AVE,39.18081529,-86.511088
2009,1,5,Weekday,300,2-Car,No injury/unknown,,W MARBLE LN,39.18079265,-86.54067618
2009,8,2,Weekday,1200,2-Car,No injury/unknown,OTHER (DRIVER) - EXPLAIN IN NARRATIVE,NORTH WALNUT ST,39.180736,-86.533603
2009,4,5,Weekday,1100,2-Car,No injury/unknown,DRIVER DISTRACTED - EXPLAIN IN NARRATIVE,CURRY PIKE & VERNAL,39.18062115,-86.583175
2009,12,1,Weekend,1600,1-Car,Non-incapacitating,ANIMAL/OBJECT IN ROADWAY,17TH & SR45W,39.18058537,-86.50812498
2009,4,6,Weekday,800,1-Car,No injury/unknown,OTHER (DRIVER) - EXPLAIN IN NARRATIVE,N FEE LN,39.18054912,-86.51906065
2009,7,6,Weekday,600,2-Car,No injury/unknown,,W GRANITE DR,39.18053187,-86.53880757
2009,10,1,Weekend,1800,2-Car,No injury/unknown,,NORTH JORDAN AVE,39.180529,-86.511011
2009,4,6,Weekday,300,2-Car,No injury/unknown,OTHER (VEHICLE) - EXPLAIN IN NARRATIVE,JACKSON ST,39.18040363,-86.53992675
2009,11,2,Weekday,1500,2-Car,No injury/unknown,FAILURE TO YIELD RIGHT OF WAY,18TH ST & DUNN,39.180352,-86.52928223
2009,4,7,Weekend,100,2-Car,No injury/unknown,UNSAFE BACKING,18TH ST,39.180352,-86.529792
2009,9,4,Weekday,2000,3+ Cars,No injury/unknown,OTHER TELEMATICS IN USE,18TH & DUNN ST,39.180352,-86.5284
2009,11,2,Weekday,1400,2-Car,No injury/unknown,FAILURE TO YIELD RIGHT OF WAY,DUNN & EIGHTEENTH ST,39.180352,-86.5284
2009,11,5,Weekday,1700,2-Car,No injury/unknown,FOLLOWING TOO CLOSELY,E 18TH & N DUNN ST,39.180352,-86.5284
2009,6,7,Weekend,2000,1-Car,No injury/unknown,OTHER (DRIVER) - EXPLAIN IN NARRATIVE,NORTH FEE LN,39.180351,-86.519097
2009,11,2,Weekday,1600,2-Car,No injury/unknown,OTHER (DRIVER) - EXPLAIN IN NARRATIVE,NORTH DUNN ST,39.18019,-86.528309
2009,11,7,Weekend,2300,2-Car,No injury/unknown,ALCOHOLIC BEVERAGES,DUNN AVE & EIGHTEENTH,39.18019,-86.52831
2009,6,3,Weekday,1600,2-Car,No injury/unknown,UNSAFE BACKING,JACKSON & W GRANITE DR,39.180144,-86.539712
2009,3,3,Weekday,900,2-Car,No injury/unknown,UNSAFE BACKING,HAWTHORNE DR & THIRD,39.18011152,-86.52009
2009,5,5,Weekday,1700,2-Car,No injury/unknown,UNSAFE BACKING,NORTH JORDAN AVE,39.180088,-86.510946
2009,11,2,Weekday,1300,2-Car,No injury/unknown,OTHER (VEHICLE) - EXPLAIN IN NARRATIVE,N WILLIS LOT 70 DR,39.180048,-86.544
2009,7,5,Weekday,0,2-Car,No injury/unknown,OTHER (DRIVER) - EXPLAIN IN NARRATIVE,WILLIS DR,39.180042,-86.544076
2009,11,6,Weekday,1600,1-Car,No injury/unknown,RAN OFF ROAD RIGHT,N WASHINGTON ST,39.17991273,-86.5321718
2009,4,6,Weekday,1400,2-Car,No injury/unknown,DRIVER DISTRACTED - EXPLAIN IN NARRATIVE,17TH ST & SR46,39.17984,-86.507088
2009,5,3,Weekday,1000,2-Car,No injury/unknown,OTHER (DRIVER) - EXPLAIN IN NARRATIVE,SEVENTEENTH ST & SR46,39.17984,-86.507088
2009,6,5,Weekday,1000,2-Car,Non-incapacitating,FOLLOWING TOO CLOSELY,EAST SEVENTEENTH & SR46N,39.17984,-86.507088
2009,9,6,Weekday,1800,2-Car,No injury/unknown,FOLLOWING TOO CLOSELY,17TH & SR4546E,39.17984,-86.507088
2009,10,5,Weekday,1000,3+ Cars,Non-incapacitating,OTHER (DRIVER) - EXPLAIN IN NARRATIVE,EAST SEVENTEENTH & SR46N,39.17984,-86.507088
2009,11,3,Weekday,1800,2-Car,No injury/unknown,FAILURE TO YIELD RIGHT OF WAY,E 17TH & SR4546N,39.17984,-86.507088
2009,11,7,Weekend,2000,2-Car,No injury/unknown,FAILURE TO YIELD RIGHT OF WAY,17TH & SR46W,39.17984,-86.507088
2009,12,7,Weekend,2200,1-Car,No injury/unknown,ROADWAY SURFACE CONDITION,17TH & SR46N,39.17984,-86.507088
2009,12,6,Weekday,1600,2-Car,No injury/unknown,FOLLOWING TOO CLOSELY,17TH ST & SR 45 46,39.17984,-86.507088
2009,11,3,Weekday,1800,2-Car,Non-incapacitating,DISREGARD SIGNAL/REG SIGN,E 17TH ST & STATE ROAD 45 46,39.17971702,-86.50722818
2009,5,1,Weekend,1600,2-Car,No injury/unknown,FOLLOWING TOO CLOSELY,17TH & COLLEGE AVE,39.17950931,-86.53471795
2009,2,5,Weekday,600,1-Car,No injury/unknown,OVERCORRECTING/OVERSTEERING,2905 VERNAL PIKE & WOODYARD,39.179344,-86.564
2009,4,6,Weekday,1800,2-Car,No injury/unknown,UNSAFE BACKING,N JORDAN AVE,39.1792808,-86.511088
2009,11,2,Weekday,1300,2-Car,No injury/unknown,UNSAFE SPEED,17TH ST & LINGELBACH,39.17925,-86.5084
2009,8,1,Weekend,0,1-Car,No injury/unknown,RAN OFF ROAD RIGHT,17TH ST & LINDBERGH,39.179248,-86.55223911
2009,12,2,Weekday,800,1-Car,No injury/unknown,RAN OFF ROAD RIGHT,17TH SHL & LINDBERGH,39.179248,-86.55266258
2009,1,4,Weekday,700,Bus,Non-incapacitating,ROADWAY SURFACE CONDITION,1200 W ARLINGTON RD & MONROE,39.179248,-86.547104
2009,1,3,Weekday,1500,2-Car,Non-incapacitating,FAILURE TO YIELD RIGHT OF WAY,17TH ST & LINDBERGH,39.179248,-86.552592
2009,1,5,Weekday,1900,1-Car,No injury/unknown,OTHER (DRIVER) - EXPLAIN IN NARRATIVE,1701 N CURRY PIKE & VERNAL,39.179248,-86.5832
2009,1,2,Weekday,700,2-Car,No injury/unknown,FAILURE TO YIELD RIGHT OF WAY,ARLINGTON RD & MONROE,39.179248,-86.547104
2009,2,3,Weekday,900,2-Car,No injury/unknown,ROADWAY SURFACE CONDITION,LINDBERGH & W 17TH ST,39.179248,-86.552592
2009,2,4,Weekday,1100,3+ Cars,No injury/unknown,FAILURE TO YIELD RIGHT OF WAY,17TH ST & LINDBERGH,39.179248,-86.552592
2009,5,5,Weekday,1500,2-Car,No injury/unknown,FAILURE TO YIELD RIGHT OF WAY,17TH ST & MONROE,39.179248,-86.547104
2009,6,3,Weekday,1400,1-Car,No injury/unknown,IMPROPER TURNING,CURRY & VERNAL PIKE,39.179248,-86.5832
2009,7,3,Weekday,2000,Cyclist,Non-incapacitating,OTHER (DRIVER) - EXPLAIN IN NARRATIVE,17TH & MONROE ST,39.179248,-86.547104
2009,8,3,Weekday,0,2-Car,Non-incapacitating,FAILURE TO YIELD RIGHT OF WAY,17TH ST & MONROE,39.179248,-86.547104
2009,8,6,Weekday,1700,2-Car,No injury/unknown,IMPROPER TURNING,17TH & MONROE ST,39.179248,-86.547104
2009,9,1,Weekend,500,1-Car,Non-incapacitating,OTHER (DRIVER) - EXPLAIN IN NARRATIVE,17TH ST & MONROE,39.179248,-86.547104
2009,10,6,Weekday,200,1-Car,Non-incapacitating,SPEED TOO FAST FOR WEATHER CONDITIONS,N CRESCENT RD & W 17TH,39.179248,-86.556592
2009,10,2,Weekday,2000,2-Car,Non-incapacitating,FAILURE TO YIELD RIGHT OF WAY,17TH ST & MONROE,39.179248,-86.547104
2009,10,3,Weekday,2200,1-Car,Non-incapacitating,DRIVER DISTRACTED - EXPLAIN IN NARRATIVE,17TH ST & MONROE,39.179248,-86.547104
2009,10,4,Weekday,1400,2-Car,No injury/unknown,FOLLOWING TOO CLOSELY,17TH ST & MONROE,39.179248,-86.547104
2009,11,2,Weekday,1600,2-Car,No injury/unknown,FOLLOWING TOO CLOSELY,MONROE ST & W 17TH,39.179248,-86.547104
2009,4,7,Weekend,2200,2-Car,No injury/unknown,,N LINCOLN ST,39.17924114,-86.53084571
2009,4,4,Weekday,1400,2-Car,No injury/unknown,UNSAFE BACKING,JORDAN AVE,39.179238,-86.510934
2009,1,4,Weekday,1200,Moped/Motorcycle,Non-incapacitating,FAILURE TO YIELD RIGHT OF WAY,LOESCH & VENAL PIKE,39.17920423,-86.59109473
2009,12,3,Weekday,1500,2-Car,Non-incapacitating,FAILURE TO YIELD RIGHT OF WAY,W VERNAL PIKE & WOODYARD,39.17918,-86.56392567
2009,11,5,Weekday,1500,Moped/Motorcycle,Non-incapacitating,FAILURE TO YIELD RIGHT OF WAY,17TH ST & WILLIS,39.17914089,-86.5450736
2009,1,2,Weekday,1800,Pedestrian,Incapacitating,PEDESTRIAN ACTION,17TH ST & ARLINGTON PARK,39.17911,-86.55409
2009,2,6,Weekend,2000,2-Car,No injury/unknown,UNSAFE BACKING,1421 N WILLIS DR & 17TH,39.179104,-86.544016
2009,4,2,Weekday,1700,2-Car,No injury/unknown,FOLLOWING TOO CLOSELY,17TH ST & WILLIS,39.179104,-86.544016
2009,11,7,Weekend,1600,2-Car,No injury/unknown,FAILURE TO YIELD RIGHT OF WAY,17TH ST & WILLIS,39.179104,-86.544016
2009,7,3,Weekday,900,2-Car,Non-incapacitating,DRIVER ASLEEP OR FATIGUED,PRAIRIE GREEN RD & SR45E,39.17909206,-86.47440912
2009,1,4,Weekday,800,1-Car,No injury/unknown,ROADWAY SURFACE CONDITION,LINDBURGH & W 17TH ST,39.17908,-86.55262
2009,4,2,Weekday,2100,2-Car,No injury/unknown,FOLLOWING TOO CLOSELY,17TH ST & LINCOLN,39.17904,-86.53102444
2009,2,4,Weekday,1800,2-Car,No injury/unknown,FOLLOWING TOO CLOSELY,17TH ST & DUNN,39.17904,-86.5284
2009,2,4,Weekday,1900,2-Car,No injury/unknown,IMPROPER TURNING,N MAPLE & W 17 TH ST,39.17904,-86.542096
2009,2,5,Weekday,300,1-Car,No injury/unknown,ALCOHOLIC BEVERAGES,EAST 17TH ST,39.17904,-86.5320128
2009,2,2,Weekday,700,2-Car,Non-incapacitating,UNSAFE SPEED,17TH & DUNN ST,39.17904,-86.5284
2009,4,5,Weekday,1900,2-Car,No injury/unknown,FOLLOWING TOO CLOSELY,17TH ST & MAPLE,39.17904,-86.542096
2009,4,3,Weekday,700,2-Car,No injury/unknown,OTHER (DRIVER) - EXPLAIN IN NARRATIVE,17TH ST & DUNN,39.17904,-86.5284
2009,6,3,Weekday,1100,2-Car,Non-incapacitating,FOLLOWING TOO CLOSELY,DUNN & W 17TH STREET ST,39.17904,-86.5284
2009,6,6,Weekend,2200,2-Car,Non-incapacitating,OTHER (DRIVER) - EXPLAIN IN NARRATIVE,17TH & MAPLE ST,39.17904,-86.542096
2009,8,6,Weekday,1700,2-Car,No injury/unknown,SPEED TOO FAST FOR WEATHER CONDITIONS,17TH ST & LINCOLN,39.17904,-86.530848
2009,9,6,Weekday,100,1-Car,No injury/unknown,OVERCORRECTING/OVERSTEERING,17TH & WASHINGTON ST,39.17904,-86.532096
2009,9,6,Weekday,1700,2-Car,No injury/unknown,FAILURE TO YIELD RIGHT OF WAY,17TH ST & LINCOLN,39.17904,-86.530848
2009,10,5,Weekday,1600,2-Car,Incapacitating,FAILURE TO YIELD RIGHT OF WAY,17TH ST & LINCOLN,39.17904,-86.530848
2009,10,4,Weekday,1200,1-Car,No injury/unknown,DRIVER DISTRACTED - EXPLAIN IN NARRATIVE,17TH & MAPLE ST,39.17904,-86.542096
2009,10,6,Weekend,2100,2-Car,Non-incapacitating,FOLLOWING TOO CLOSELY,17TH ST & LINCOLN,39.17904,-86.530848
2009,10,2,Weekday,900,2-Car,No injury/unknown,IMPROPER PASSING,MAPLE & W 17TH ST,39.17904,-86.542096
2009,10,7,Weekend,1400,2-Car,No injury/unknown,FAILURE TO YIELD RIGHT OF WAY,17TH & DUNN ST,39.17904,-86.5284
2009,11,1,Weekend,1200,2-Car,No injury/unknown,UNSAFE BACKING,17TH ST,39.17904,-86.532096
2009,11,2,Weekday,1600,2-Car,No injury/unknown,FAILURE TO YIELD RIGHT OF WAY,17TH & DUNN ST,39.17904,-86.5284
2009,12,7,Weekend,1200,2-Car,No injury/unknown,BRAKE FAILURE OR DEFECTIVE,1400 N DUNN ST & 500 E 17TH,39.17904,-86.5284
2009,12,2,Weekday,1100,2-Car,No injury/unknown,UNSAFE BACKING,17TH ST & DUNN,39.17904,-86.5284
2009,4,5,Weekday,1400,2-Car,No injury/unknown,UNSAFE BACKING,E 17TH ST,39.17903837,-86.52827755
2009,2,1,Weekend,1500,2-Car,No injury/unknown,ROADWAY SURFACE CONDITION,W 17TH ST,39.17902922,-86.54074906
2009,10,3,Weekday,1600,3+ Cars,No injury/unknown,FOLLOWING TOO CLOSELY,17TH ST & INDIANA,39.17902635,-86.52737642
2009,2,3,Weekday,900,2-Car,No injury/unknown,SPEED TOO FAST FOR WEATHER CONDITIONS,17TH ST & INDIANA,39.179024,-86.5272
2009,4,3,Weekday,1700,2-Car,No injury/unknown,FAILURE TO YIELD RIGHT OF WAY,E 17TH & INDIANA AVE,39.179024,-86.5272
2009,5,4,Weekday,1600,2-Car,No injury/unknown,FAILURE TO YIELD RIGHT OF WAY,17TH ST & JACKSON,39.179024,-86.539616
2009,5,4,Weekday,1600,2-Car,No injury/unknown,OTHER (DRIVER) - EXPLAIN IN NARRATIVE,17TH ST & JACKSON,39.179024,-86.539616
2009,5,6,Weekday,1500,Bus,No injury/unknown,IMPROPER TURNING,17TH ST & INDIANA,39.179024,-86.5272
2009,5,4,Weekday,1200,2-Car,Non-incapacitating,SPEED TOO FAST FOR WEATHER CONDITIONS,1300 NORTH INDIANA & 500 EAST 17TH ST,39.179024,-86.5272
2009,8,2,Weekday,100,1-Car,Non-incapacitating,ALCOHOLIC BEVERAGES,17TH ST & INDIANA,39.179024,-86.5272
2009,9,3,Weekday,1700,Bus,No injury/unknown,IMPROPER LANE USAGE,17TH ST & INDIANA,39.179024,-86.5272
2009,10,5,Weekday,2000,2-Car,Non-incapacitating,SPEED TOO FAST FOR WEATHER CONDITIONS,E 17TH & INDIANA AVE,39.179024,-86.5272
2009,12,2,Weekday,1700,2-Car,Non-incapacitating,HEADLIGHT DEFECTIVE OR NOT ON,N JACKSON & W 17TH ST,39.179024,-86.539616
2009,12,1,Weekend,1800,2-Car,Non-incapacitating,CELL PHONE USAGE,17TH & INDIANA AVE,39.179024,-86.5272
2009,12,4,Weekday,1000,2-Car,No injury/unknown,FOLLOWING TOO CLOSELY,INDIANA & SEVENTEENTH ST,39.179024,-86.5272
2009,2,1,Weekend,1400,2-Car,No injury/unknown,,E 17 TH ST,39.17902,-86.521092
2009,3,2,Weekday,900,2-Car,No injury/unknown,UNSAFE BACKING,701 EAST SEVENTEENTH ST & WHITE LOT,39.17902,-86.525975
2009,8,2,Weekday,900,2-Car,No injury/unknown,IMPROPER TURNING,EAST SEVENTEENTH ST,39.17902,-86.525975
2009,8,5,Weekday,1400,2-Car,No injury/unknown,UNSAFE SPEED,17TH ST & INDIANA,39.1790197,-86.52684716
2009,3,6,Weekday,200,2-Car,No injury/unknown,OTHER (DRIVER) - EXPLAIN IN NARRATIVE,W 17TH ST,39.17901878,-86.52677159
2009,7,2,Weekday,1200,2-Car,No injury/unknown,UNSAFE BACKING,EAST SEVENTEENTH ST,39.179015,-86.52038
2009,11,3,Weekday,700,2-Car,Non-incapacitating,SPEED TOO FAST FOR WEATHER CONDITIONS,DUNN ST & EAST SEVENTEENTH,39.17901,-86.52833
2009,12,2,Weekday,800,1-Car,No injury/unknown,OTHER (ENVIRONMENTAL) - EXPLAIN IN NARR,DUNN ST & EAST SEVENTEENTH,39.17901,-86.52833
2009,1,2,Weekday,1400,Bus,No injury/unknown,UNSAFE BACKING,E 17TH ST,39.179008,-86.525888
2009,2,3,Weekday,1500,2-Car,No injury/unknown,FAILURE TO YIELD RIGHT OF WAY,E 17TH ST,39.179008,-86.525888
2009,2,3,Weekday,1700,Bus,No injury/unknown,SPEED TOO FAST FOR WEATHER CONDITIONS,E 17TH ST,39.179008,-86.525888
2009,3,3,Weekday,1700,2-Car,No injury/unknown,UNSAFE BACKING,E 17TH ST,39.179008,-86.525888