Year,Month,Day,Weekend?,Hour,Collision Type,Injury Type,Primary Factor,Reported_Location,Latitude,Longitude
2009,12,4,Weekday,1700,2-Car,No injury/unknown,FAILURE TO YIELD RIGHT OF WAY,E 9TH ST & N INDIANA,39.170544,-86.526992
2009,10,4,Weekday,1700,2-Car,Non-incapacitating,FAILURE TO YIELD RIGHT OF WAY,S LANDMARK AVE & W BLOOMFIELD,39.17051339,-86.55379641
2009,3,2,Weekday,1500,2-Car,No injury/unknown,DRIVER DISTRACTED - EXPLAIN IN NARRATIVE,PROFILE & ZENTIH DR,39.17048,-86.59237
2009,8,3,Weekday,1200,2-Car,No injury/unknown,FAILURE TO YIELD RIGHT OF WAY,9TH ST & COLLEGE,39.17046,-86.53485
2009,9,1,Weekend,1600,2-Car,No injury/unknown,IMPROPER TURNING,9TH & COLLEGE AVE,39.17046,-86.53485
2009,1,4,Weekday,1500,2-Car,No injury/unknown,UNSAFE BACKING,711 W 9TH ST & FAIRVIEW,39.170448,-86.540992
2009,11,6,Weekday,1700,2-Car,No injury/unknown,FOLLOWING TOO CLOSELY,JACOBS DR & SUSAN,39.17026,-86.57267
2009,1,7,Weekend,1600,3+ Cars,Non-incapacitating,DRIVER DISTRACTED - EXPLAIN IN NARRATIVE,EASTGATE & SR46W,39.17024,-86.501392
2009,2,6,Weekday,1500,2-Car,No injury/unknown,DRIVER DISTRACTED - EXPLAIN IN NARRATIVE,4546 BYP & EASTGATE,39.17024,-86.501392
2009,3,1,Weekend,1600,2-Car,No injury/unknown,IMPROPER LANE USAGE,4546 BYP & EASTGATE,39.17024,-86.501392
2009,4,4,Weekday,700,2-Car,Non-incapacitating,OTHER (DRIVER) - EXPLAIN IN NARRATIVE,EASTGATE & SR4546N,39.17024,-86.501392
2009,5,4,Weekday,1300,2-Car,Non-incapacitating,SPEED TOO FAST FOR WEATHER CONDITIONS,EASTGATE & SR4546N,39.17024,-86.501392
2009,6,5,Weekday,1600,3+ Cars,No injury/unknown,FOLLOWING TOO CLOSELY,EASTGATE & STATE ROAD 46 RD,39.17024,-86.501392
2009,8,7,Weekend,1500,2-Car,No injury/unknown,FOLLOWING TOO CLOSELY,EASTGATE & SR46E,39.17024,-86.501392
2009,9,4,Weekday,1700,3+ Cars,No injury/unknown,DRIVER DISTRACTED - EXPLAIN IN NARRATIVE,4546 BYP & EASTGATE,39.17024,-86.501392
2009,9,5,Weekday,1000,2-Car,No injury/unknown,FOLLOWING TOO CLOSELY,EASTGATE & SR 45 46 BYP,39.17024,-86.501392
2009,12,5,Weekday,1900,3+ Cars,Non-incapacitating,FOLLOWING TOO CLOSELY,EASTGATE & SR45N,39.17024,-86.501392
2009,12,3,Weekday,1500,2-Car,No injury/unknown,FOLLOWING TOO CLOSELY,EASTGATE & STATE ROAD 45 46 BYP,39.17024,-86.501392
2009,2,3,Weekday,1400,2-Car,No injury/unknown,FAILURE TO YIELD RIGHT OF WAY,EAST GATE & SR46N,39.17017866,-86.50147033
2009,4,1,Weekend,1300,2-Car,No injury/unknown,IMPROPER PASSING,EASTGATE & SR46E,39.17017866,-86.50147033
2009,8,1,Weekend,1600,2-Car,No injury/unknown,DRIVER DISTRACTED - EXPLAIN IN NARRATIVE,EASTGATE & ST RD 46 RD,39.17015,-86.50148
2009,3,1,Weekday,1900,2-Car,No injury/unknown,IMPROPER PASSING,N JORDAN AVE,39.17013209,-86.5158848
2009,9,4,Weekday,1500,1-Car,No injury/unknown,OTHER (DRIVER) - EXPLAIN IN NARRATIVE,ADAMS ST & VERNAL,39.17011466,-86.549696
2009,5,6,Weekday,1800,2-Car,No injury/unknown,ALCOHOLIC BEVERAGES,N GATES DR,39.170074,-86.576423
2009,5,6,Weekday,700,2-Car,No injury/unknown,OTHER (DRIVER) - EXPLAIN IN NARRATIVE,GATES DR,39.170074,-86.576423
2009,1,2,Weekday,800,1-Car,No injury/unknown,ROADWAY SURFACE CONDITION,SR43 & SR48E,39.16999787,-86.6739409
2009,6,5,Weekday,1400,Moped/Motorcycle,Non-incapacitating,FAILURE TO YIELD RIGHT OF WAY,SR43 & SR48W,39.16999787,-86.6739409
2009,8,7,Weekend,1200,2-Car,No injury/unknown,FAILURE TO YIELD RIGHT OF WAY,8TH & INDIANA AVE,39.16989056,-86.52696947
2009,5,7,Weekend,1700,2-Car,No injury/unknown,,8TH & JACKSON ST,39.16987322,-86.53977192
2009,11,5,Weekday,1800,2-Car,No injury/unknown,UNSAFE BACKING,NORTH WOODLAWN AVE,39.169865,-86.523489
2009,4,7,Weekend,100,1-Car,No injury/unknown,UNSAFE SPEED,410 N HILLSDALE DR & EASTGATE,39.169856,-86.50376
2009,1,3,Weekday,1400,2-Car,No injury/unknown,OTHER (DRIVER) - EXPLAIN IN NARRATIVE,8TH & CLARK ST,39.16974659,-86.50487152
2009,1,7,Weekend,1900,2-Car,No injury/unknown,BRAKE FAILURE OR DEFECTIVE,E 8TH & FESS AVE,39.16973732,-86.52571433
2009,11,5,Weekday,1500,2-Car,No injury/unknown,OTHER (DRIVER) - EXPLAIN IN NARRATIVE,8TH & JACKSON ST,39.16973661,-86.53978996
2009,9,1,Weekend,200,Pedestrian,Non-incapacitating,PEDESTRIAN ACTION,N WALNUT,39.16969371,-86.53354971
2009,2,5,Weekday,1200,2-Car,Non-incapacitating,FOLLOWING TOO CLOSELY,8TH & COLLEGE AVE,39.16968932,-86.53478179
2009,6,6,Weekday,1300,2-Car,No injury/unknown,FAILURE TO YIELD RIGHT OF WAY,8TH & COLLEGE AVE,39.16962066,-86.53478289
2009,9,3,Weekday,1500,2-Car,Non-incapacitating,FOLLOWING TOO CLOSELY,7TH & COLLEGE AVE,39.16961755,-86.53486
2009,2,5,Weekday,1600,2-Car,No injury/unknown,FAILURE TO YIELD RIGHT OF WAY,8TH & INDIANA AVE,39.169616,-86.52696
2009,12,3,Weekday,1700,Pedestrian,Non-incapacitating,FAILURE TO YIELD RIGHT OF WAY,8TH & INDIANA AVE,39.169616,-86.52696
2009,12,4,Weekday,1000,2-Car,No injury/unknown,OTHER (VEHICLE) - EXPLAIN IN NARRATIVE,8TH ST & INDIANA,39.169616,-86.52696
2009,11,4,Weekday,1300,2-Car,No injury/unknown,UNSAFE BACKING,8TH ST & HAY,39.16961,-86.55354731
2009,1,5,Weekday,1300,2-Car,No injury/unknown,OTHER (DRIVER) - EXPLAIN IN NARRATIVE,8TH & FESS AVE,39.1696,-86.525712
2009,3,5,Weekday,800,2-Car,No injury/unknown,UNSAFE BACKING,N JACKSON & W 8TH ST,39.1696,-86.539808
2009,7,4,Weekday,1000,2-Car,No injury/unknown,FAILURE TO YIELD RIGHT OF WAY,501 N ROGERS ST & W 8TH,39.169584,-86.538576
2009,7,2,Weekday,800,2-Car,No injury/unknown,FOLLOWING TOO CLOSELY,N ROGERS ST & W 8TH,39.169584,-86.538576
2009,8,7,Weekend,800,2-Car,No injury/unknown,OTHER (DRIVER) - EXPLAIN IN NARRATIVE,NORTH SUNRISE AVE,39.169576,-86.512444
2009,6,3,Weekday,1400,2-Car,Non-incapacitating,FAILURE TO YIELD RIGHT OF WAY,8TH & MORTON ST,39.169568,-86.536
2009,10,4,Weekday,1400,2-Car,No injury/unknown,UNSAFE BACKING,E 8TH & N PARK AVE,39.169568,-86.524528
2009,7,2,Weekday,1300,2-Car,No injury/unknown,OTHER (VEHICLE) - EXPLAIN IN NARRATIVE,8TH ST & COLLEGE,39.16955664,-86.53513679
2009,4,7,Weekend,1900,2-Car,No injury/unknown,OTHER (DRIVER) - EXPLAIN IN NARRATIVE,8TH ST & WASHINGTON,39.169552,-86.53169433
2009,1,6,Weekend,2000,2-Car,No injury/unknown,IMPROPER LANE USAGE,8TH ST & COLLEGE,39.169552,-86.534784
2009,1,6,Weekday,1800,2-Car,No injury/unknown,ALCOHOLIC BEVERAGES,8TH ST & COLLEGE,39.169552,-86.534784
2009,1,1,Weekend,100,2-Car,No injury/unknown,ALCOHOLIC BEVERAGES,8TH ST & GRANT,39.169552,-86.529696
2009,1,5,Weekday,2200,2-Car,No injury/unknown,OTHER (ENVIRONMENTAL) - EXPLAIN IN NARR,400 N COLLEGEG AVE & W 8TH,39.169552,-86.534784
2009,2,2,Weekday,1700,2-Car,No injury/unknown,FAILURE TO YIELD RIGHT OF WAY,8TH & WASHINGTON ST,39.169552,-86.5324
2009,3,3,Weekday,1100,Bus,No injury/unknown,OTHER (DRIVER) - EXPLAIN IN NARRATIVE,8TH ST & GRANT,39.169552,-86.529696
2009,4,5,Weekday,300,2-Car,No injury/unknown,,8TH & WASHINGTON ST,39.169552,-86.5324
2009,4,5,Weekday,1700,2-Car,No injury/unknown,IMPROPER LANE USAGE,8TH & COLLEGE AVE,39.169552,-86.534784
2009,4,4,Weekday,1600,2-Car,No injury/unknown,FAILURE TO YIELD RIGHT OF WAY,8TH & WALNUT ST,39.169552,-86.533552
2009,4,7,Weekend,400,2-Car,No injury/unknown,ALCOHOLIC BEVERAGES,E 8TH ST,39.169552,-86.53096555
2009,4,5,Weekday,2200,3+ Cars,No injury/unknown,DRIVER DISTRACTED - EXPLAIN IN NARRATIVE,8TH & COLLEGE AVE,39.169552,-86.534784
2009,6,1,Weekend,0,Moped/Motorcycle,No injury/unknown,UNSAFE BACKING,8TH & WALNUT ST,39.169552,-86.533552
2009,6,6,Weekday,0,2-Car,No injury/unknown,IMPROPER LANE USAGE,8TH & COLLEGE AVE,39.169552,-86.534784
2009,7,6,Weekday,700,2-Car,No injury/unknown,FAILURE TO YIELD RIGHT OF WAY,8TH ST & GRANT,39.169552,-86.529696
2009,8,7,Weekend,0,2-Car,No injury/unknown,OTHER (DRIVER) - EXPLAIN IN NARRATIVE,8TH ST & WASHINGTON,39.169552,-86.5324
2009,8,3,Weekday,2000,2-Car,No injury/unknown,FAILURE TO YIELD RIGHT OF WAY,8TH & COLLEGE AVE,39.169552,-86.534784
2009,9,1,Weekend,300,2-Car,No injury/unknown,UNSAFE BACKING,8TH ST & WALNUT,39.169552,-86.533552
2009,10,4,Weekday,2100,2-Car,No injury/unknown,FAILURE TO YIELD RIGHT OF WAY,8TH & N WALNUT ST,39.169552,-86.533552
2009,10,4,Weekday,1600,3+ Cars,Non-incapacitating,FAILURE TO YIELD RIGHT OF WAY,8TH ST & GRANT,39.169552,-86.529696
2009,10,7,Weekend,200,2-Car,No injury/unknown,OTHER (DRIVER) - EXPLAIN IN NARRATIVE,8TH ST & GRANT,39.169552,-86.529696
2009,11,7,Weekend,2300,2-Car,No injury/unknown,UNSAFE BACKING,E 8TH & N WALNUT ST,39.169552,-86.533552
2009,1,2,Weekday,1900,2-Car,No injury/unknown,LEFT OF CENTER,SMITH PIKE & WOODYARD,39.16947705,-86.58311
2009,9,6,Weekend,2100,3+ Cars,No injury/unknown,FOLLOWING TOO CLOSELY,EASTGATE & SR46N,39.16947215,-86.50100806
2009,1,4,Weekday,1400,2-Car,No injury/unknown,FAILURE TO YIELD RIGHT OF WAY,AMY LN & PETE ELLIS,39.16946535,-86.49743977
2009,9,4,Weekday,1100,2-Car,No injury/unknown,UNSAFE BACKING,ATWATER & BALLANTINE AVE,39.16941442,-86.51913
2009,1,1,Weekend,200,1-Car,No injury/unknown,ALCOHOLIC BEVERAGES,305 S PETE ELLIS DR & AMY,39.169312,-86.495888
2009,11,3,Weekday,1600,Cyclist,Non-incapacitating,FAILURE TO YIELD RIGHT OF WAY,7TH & FESS AVE,39.16918927,-86.52570515
2009,7,2,Weekday,1600,2-Car,No injury/unknown,FAILURE TO YIELD RIGHT OF WAY,2ND & COLLEGE MALL RD,39.16918729,-86.49772
2009,5,6,Weekday,1700,2-Car,No injury/unknown,SPEED TOO FAST FOR WEATHER CONDITIONS,7TH & JORDAN AVE,39.16914924,-86.51599334
2009,8,4,Weekday,600,1-Car,No injury/unknown,OTHER (DRIVER) - EXPLAIN IN NARRATIVE,ADAMS ST & VERNAL,39.16905892,-86.54954634
2009,1,1,Weekend,0,2-Car,No injury/unknown,ALCOHOLIC BEVERAGES,7TH & WALNUT ST,39.16905195,-86.53356077
2009,9,6,Weekday,1000,2-Car,No injury/unknown,FAILURE TO YIELD RIGHT OF WAY,8TH & COLLEGE AVE,39.16900269,-86.534784
2009,1,2,Weekday,2100,1-Car,Non-incapacitating,SPEED TOO FAST FOR WEATHER CONDITIONS,7TH & N JORDAN AVE,39.168944,-86.516016
2009,7,3,Weekday,1000,Bus,No injury/unknown,IMPROPER PASSING,7TH ST & JORDAN,39.168944,-86.516016
2009,8,6,Weekday,1000,Bus,No injury/unknown,IMPROPER PASSING,7TH ST & JORDAN,39.168944,-86.516016
2009,8,4,Weekday,1300,2-Car,No injury/unknown,DRIVER DISTRACTED - EXPLAIN IN NARRATIVE,7TH & NORTH JORDAN AVE,39.168944,-86.516016
2009,5,2,Weekday,1600,2-Car,No injury/unknown,,EASTGATE LN,39.16892,-86.498679
2009,10,7,Weekend,1500,3+ Cars,No injury/unknown,RAN OFF ROAD RIGHT,EAST EASTGATE LN,39.16892,-86.499469
2009,1,6,Weekday,1500,2-Car,No injury/unknown,OTHER (VEHICLE) - EXPLAIN IN NARRATIVE,GRANT ST & SMITH,39.168848,-86.481296
2009,2,3,Weekday,2000,2-Car,No injury/unknown,SPEED TOO FAST FOR WEATHER CONDITIONS,ALEXANDER & JACOB DR,39.16880921,-86.57355615
2009,4,6,Weekday,1700,2-Car,No injury/unknown,IMPROPER LANE USAGE,ALEXANDER & JACOB DR,39.16880921,-86.57355615
2009,2,6,Weekday,1100,2-Car,No injury/unknown,UNSAFE BACKING,E SEVENTH ST,39.168794,-86.518218
2009,11,4,Weekday,1900,2-Car,No injury/unknown,FAILURE TO YIELD RIGHT OF WAY,GATES DR & JONATHAN,39.16876,-86.57642
2009,1,2,Weekday,1700,2-Car,No injury/unknown,OTHER (DRIVER) - EXPLAIN IN NARRATIVE,E 7TH ST,39.168752,-86.5436
2009,3,1,Weekend,1500,2-Car,No injury/unknown,UNSAFE BACKING,E 7TH ST,39.168752,-86.5436
2009,8,7,Weekend,1000,2-Car,No injury/unknown,UNSAFE BACKING,E 7TH ST,39.168752,-86.5436
2009,9,4,Weekday,1400,2-Car,No injury/unknown,UNSAFE BACKING,7TH ST,39.168752,-86.5436
2009,9,2,Weekday,1600,1-Car,No injury/unknown,OTHER (DRIVER) - EXPLAIN IN NARRATIVE,E 7TH (IMU CIRCLE DRIVE) ST,39.168752,-86.5436
2009,10,5,Weekday,2000,2-Car,No injury/unknown,OTHER (DRIVER) - EXPLAIN IN NARRATIVE,7TH ST,39.168752,-86.5436
2009,3,7,Weekend,200,1-Car,No injury/unknown,OTHER (DRIVER) - EXPLAIN IN NARRATIVE,N WALNUT ST,39.16871445,-86.53356669
2009,10,5,Weekday,1700,2-Car,No injury/unknown,OTHER (DRIVER) - EXPLAIN IN NARRATIVE,7TH ST & CAMPBELL,39.16871,-86.5139
2009,5,4,Weekday,1400,3+ Cars,No injury/unknown,FOLLOWING TOO CLOSELY,EASTGATE & SR46,39.16870429,-86.50062413
2009,2,4,Weekday,900,2-Car,No injury/unknown,FAILURE TO YIELD RIGHT OF WAY,N ROGERS ST & W 7TH,39.168704,-86.538576
2009,3,3,Weekday,700,2-Car,No injury/unknown,BRAKE FAILURE OR DEFECTIVE,7TH ST & ROGERS,39.16869739,-86.53804682
2009,3,3,Weekday,1300,2-Car,No injury/unknown,FAILURE TO YIELD RIGHT OF WAY,N MORTON ST & W 7TH,39.168672,-86.536
2009,10,6,Weekday,1100,2-Car,No injury/unknown,OTHER (DRIVER) - EXPLAIN IN NARRATIVE,7TH ST & MORTON,39.168672,-86.536
2009,1,4,Weekday,2200,2-Car,No injury/unknown,OTHER (DRIVER) - EXPLAIN IN NARRATIVE,7TH & COLLEGE AVE,39.168656,-86.534784
2009,1,4,Weekday,2200,2-Car,No injury/unknown,OTHER (DRIVER) - EXPLAIN IN NARRATIVE,7TH & COLLEGE AVE,39.168656,-86.534784
2009,1,7,Weekend,1400,Pedestrian,Non-incapacitating,FAILURE TO YIELD RIGHT OF WAY,7TH & N COLLEGE AVE,39.168656,-86.534784
2009,4,7,Weekend,1000,2-Car,No injury/unknown,OTHER (DRIVER) - EXPLAIN IN NARRATIVE,7TH & COLLEGE AVE,39.168656,-86.534784
2009,4,3,Weekday,1200,2-Car,No injury/unknown,FAILURE TO YIELD RIGHT OF WAY,N COLLEGE AVE & W 7TH,39.168656,-86.534784
2009,6,5,Weekday,300,1-Car,No injury/unknown,HOLES/RUTS IN SURFACE,COLLEGE & W 7TH ST,39.168656,-86.534784
2009,8,5,Weekday,800,2-Car,No injury/unknown,FAILURE TO YIELD RIGHT OF WAY,7TH & COLLEGE AVE,39.168656,-86.534784
2009,8,2,Weekday,1000,2-Car,No injury/unknown,FOLLOWING TOO CLOSELY,7TH & COLLEGE AVE,39.168656,-86.534784
2009,9,4,Weekday,2100,2-Car,No injury/unknown,,7TH & COLLEGE AVE,39.168656,-86.534784
2009,10,6,Weekday,200,2-Car,No injury/unknown,ALCOHOLIC BEVERAGES,7TH & N COLLEGE AVE,39.168656,-86.534784
2009,10,5,Weekday,1400,2-Car,No injury/unknown,FAILURE TO YIELD RIGHT OF WAY,7TH ST & COLLEGE,39.16865136,-86.53443122
2009,11,2,Weekday,1600,Bus,No injury/unknown,OTHER (DRIVER) - EXPLAIN IN NARRATIVE,7TH ST & WALNUT,39.16864929,-86.53427357
2009,1,4,Weekday,1000,2-Car,No injury/unknown,FAILURE TO YIELD RIGHT OF WAY,EAST 7TH ST & NORTH WALNUT,39.16864,-86.533568
2009,1,6,Weekday,1300,2-Car,No injury/unknown,OTHER (DRIVER) - EXPLAIN IN NARRATIVE,INDIANA & SEVENTH ST,39.16864,-86.526944
2009,2,6,Weekday,1200,Pedestrian,Non-incapacitating,PEDESTRIAN ACTION,7TH ST & INDIANA,39.16864,-86.526944
2009,2,7,Weekend,1600,2-Car,No injury/unknown,DISREGARD SIGNAL/REG SIGN,7TH ST & INDIANA,39.16864,-86.526944
2009,3,5,Weekday,100,2-Car,No injury/unknown,PEDESTRIAN ACTION,7TH & WALNUT ST,39.16864,-86.533568
2009,4,7,Weekend,1800,2-Car,No injury/unknown,IMPROPER LANE USAGE,7TH ST & INDIANA,39.16864,-86.526944
2009,5,3,Weekday,1800,2-Car,No injury/unknown,UNSAFE BACKING,N WALNUT ST,39.16864,-86.533568
2009,5,6,Weekday,400,1-Car,Non-incapacitating,ALCOHOLIC BEVERAGES,7TH ST & WALNUT,39.16864,-86.533568
2009,5,6,Weekday,1200,2-Car,No injury/unknown,FAILURE TO YIELD RIGHT OF WAY,E 7TH ST & N WASHINGTON,39.16864,-86.5324
2009,5,3,Weekday,1400,2-Car,No injury/unknown,FAILURE TO YIELD RIGHT OF WAY,EAST SEVENTH ST & LINCOLN,39.16864,-86.530992
2009,5,6,Weekday,1300,Bus,No injury/unknown,IMPROPER PASSING,7TH & INDIANA MEMORIAL UNION CIR,39.16864,-86.526944
2009,8,1,Weekday,2100,2-Car,No injury/unknown,IMPROPER TURNING,7TH & NORTH WALNUT ST,39.16864,-86.533568
2009,8,6,Weekend,1900,2-Car,No injury/unknown,IMPROPER TURNING,7TH & WALNUT ST,39.16864,-86.533568
2009,9,5,Weekday,1500,Bus,No injury/unknown,OVERCORRECTING/OVERSTEERING,7TH ST & INDIANA,39.16864,-86.526944
2009,9,6,Weekday,1300,2-Car,No injury/unknown,IMPROPER TURNING,SEVENTH ST & WOODLAWN,39.16864,-86.523392
2009,9,2,Weekday,1200,2-Car,No injury/unknown,FOLLOWING TOO CLOSELY,N WALNUT ST & W 7TH,39.16864,-86.533568
2009,9,7,Weekend,0,Bus,No injury/unknown,OTHER (VEHICLE) - EXPLAIN IN NARRATIVE,7TH ST & WALNUT,39.16864,-86.533568
2009,9,1,Weekend,100,Bus,No injury/unknown,OTHER (DRIVER) - EXPLAIN IN NARRATIVE,SEVENTH ST & WALNUT,39.16864,-86.533568
2009,9,2,Weekday,1100,2-Car,No injury/unknown,FAILURE TO YIELD RIGHT OF WAY,FESS & SEVENTH ST,39.16864,-86.525696
2009,10,7,Weekend,0,2-Car,No injury/unknown,OTHER (DRIVER) - EXPLAIN IN NARRATIVE,7TH & N WALNUT ST,39.16864,-86.533568
2009,10,2,Weekday,1900,2-Car,No injury/unknown,OTHER (DRIVER) - EXPLAIN IN NARRATIVE,N WALNUT ST,39.16864,-86.533568
2009,10,5,Weekday,1600,2-Car,No injury/unknown,UNSAFE BACKING,7TH & N WALNUT ST,39.16864,-86.533568
2009,11,1,Weekend,100,2-Car,No injury/unknown,IMPROPER TURNING,7TH ST & WALNUT,39.16864,-86.533568
2009,11,4,Weekday,1000,2-Car,No injury/unknown,IMPROPER TURNING,E 7TH ST,39.16864,-86.525696
2009,11,1,Weekend,1500,2-Car,Non-incapacitating,IMPROPER LANE USAGE,7TH & WALNUT ST,39.16864,-86.533568
2009,12,1,Weekend,700,2-Car,No injury/unknown,DRIVER ASLEEP OR FATIGUED,7TH ST & LINCOLN,39.16864,-86.530992
2009,12,4,Weekday,900,2-Car,No injury/unknown,IMPROPER TURNING,7TH & WOODLAWN AVE,39.16864,-86.523392
2009,8,7,Weekend,1200,2-Car,No injury/unknown,UNSAFE BACKING,E7TH ST,39.168634,-86.545675
2009,8,2,Weekday,500,3+ Cars,No injury/unknown,RAN OFF ROAD RIGHT,N CLARK ST,39.16863151,-86.50484245
2009,9,6,Weekend,2300,2-Car,No injury/unknown,UNSAFE BACKING,E 7TH ST,39.16862958,-86.52294205
2009,1,6,Weekday,1200,2-Car,No injury/unknown,UNSAFE SPEED,7TH ST & WOODLAWN,39.16862775,-86.52286299
2009,3,7,Weekend,1900,Pedestrian,Non-incapacitating,PEDESTRIAN ACTION,COLLEGE AVE & SEVENTH,39.16856,-86.53486
2009,9,7,Weekend,1600,2-Car,No injury/unknown,OTHER (DRIVER) - EXPLAIN IN NARRATIVE,N JORDAN AVE,39.168531,-86.516145
2009,3,4,Weekday,1600,Cyclist,Non-incapacitating,OTHER (DRIVER) - EXPLAIN IN NARRATIVE,7TH ST & SUNRISE,39.16853,-86.51241481
2009,10,2,Weekday,800,1-Car,Non-incapacitating,ANIMAL/OBJECT IN ROADWAY,SR48W & VERNAL,39.16852902,-86.66162292
2009,7,5,Weekday,1500,2-Car,Non-incapacitating,FAILURE TO YIELD RIGHT OF WAY,7TH ST & NS ALLEY BW ROGERS AND MADISON,39.1685102,-86.53803796
2009,1,4,Weekday,1400,2-Car,No injury/unknown,DRIVER DISTRACTED - EXPLAIN IN NARRATIVE,7TH ST & DUNN,39.16851,-86.52824351
2009,1,5,Weekday,2100,Bus,No injury/unknown,ROADWAY SURFACE CONDITION,7TH ST & DUNN,39.16851,-86.52825865
2009,2,5,Weekday,900,2-Car,No injury/unknown,IMPROPER PASSING,7TH ST & DUNN,39.16851,-86.52825
2009,4,4,Weekday,1600,Bus,No injury/unknown,OTHER (DRIVER) - EXPLAIN IN NARRATIVE,7TH ST & DUNN,39.16851,-86.52824481
2009,9,5,Weekday,1500,Moped/Motorcycle,Non-incapacitating,OTHER (DRIVER) - EXPLAIN IN NARRATIVE,7TH ST & DUNN,39.16851,-86.52825865
2009,2,3,Weekday,800,2-Car,No injury/unknown,FAILURE TO YIELD RIGHT OF WAY,EAST SEVENTH ST,39.1685,-86.525779
2009,9,3,Weekday,1200,2-Car,No injury/unknown,UNSAFE BACKING,EAST SEVENTH ST,39.16848,-86.523479
2009,10,3,Weekday,1700,2-Car,No injury/unknown,UNSAFE BACKING,EAST SEVENTH ST,39.16848,-86.523479
2009,3,2,Weekday,1700,2-Car,No injury/unknown,UNSAFE BACKING,7TH ST & FORREST,39.16846087,-86.52110257
2009,3,4,Weekday,700,1-Car,No injury/unknown,ANIMAL/OBJECT IN ROADWAY,SR48E & VERNAL,39.168448,-86.661104
2009,12,6,Weekday,1300,2-Car,No injury/unknown,OTHER (DRIVER) - EXPLAIN IN NARRATIVE,E BRAESIDE DR,39.16836395,-86.49354891
2009,5,2,Weekday,1000,Moped/Motorcycle,Incapacitating,FAILURE TO YIELD RIGHT OF WAY,CURRY PIKE & JONATHAN,39.16836,-86.58298
2009,10,5,Weekday,0,1-Car,Incapacitating,RAN OFF ROAD RIGHT,CURRY PIKE & JONATHAN,39.16836,-86.58298
2009,10,3,Weekday,1500,3+ Cars,Non-incapacitating,ROADWAY SURFACE CONDITION,CURRY PIKE & JONATHAN,39.16836,-86.58298
2009,1,6,Weekday,1500,1-Car,No injury/unknown,ACCELERATOR FAILURE OR DEFECTIVE,GATES DR,39.168269,-86.576396
2009,4,6,Weekday,1400,3+ Cars,No injury/unknown,DISREGARD SIGNAL/REG SIGN,7TH ST & BRYAN,39.16823,-86.50831
2009,2,1,Weekend,1800,2-Car,No injury/unknown,OTHER (DRIVER) - EXPLAIN IN NARRATIVE,N ROOSEVELT ST,39.168208,-86.505936
2009,2,4,Weekday,1400,Bus,No injury/unknown,UNSAFE SPEED,7TH ST & ROSE,39.16819806,-86.51115417
2009,10,5,Weekday,1800,1-Car,No injury/unknown,SPEED TOO FAST FOR WEATHER CONDITIONS,BRAESIDE & N PETE ELLIS DR,39.168192,-86.49504
2009,10,2,Weekday,100,Moped/Motorcycle,Non-incapacitating,SPEED TOO FAST FOR WEATHER CONDITIONS,E 7TH & N JEFFERSON ST,39.168192,-86.507024
2009,3,2,Weekday,1500,2-Car,No injury/unknown,FAILURE TO YIELD RIGHT OF WAY,7TH & UNION ST,39.168176,-86.509312
2009,10,4,Weekday,1600,Moped/Motorcycle,No injury/unknown,FAILURE TO YIELD RIGHT OF WAY,7TH ST & UNION,39.168176,-86.509312
2009,12,3,Weekday,1100,2-Car,No injury/unknown,UNSAFE BACKING,SEVENTH ST & UNION,39.168176,-86.509312
2009,5,1,Weekend,100,1-Car,No injury/unknown,RAN OFF ROAD RIGHT,6TH & DUNN ST,39.16813995,-86.52821523
2009,10,5,Weekday,1000,2-Car,No injury/unknown,UNSAFE BACKING,NORTH JORDAN AVE,39.168111,-86.5161147
2009,2,4,Weekday,2000,2-Car,No injury/unknown,OTHER (DRIVER) - EXPLAIN IN NARRATIVE,6TH & WASHINGTON ST,39.16793866,-86.5324
2009,2,6,Weekday,1600,2-Car,No injury/unknown,UNSAFE BACKING,JACOB DR,39.167876,-86.573567
2009,5,1,Weekend,1700,2-Car,No injury/unknown,UNSAFE BACKING,N JACOB DR,39.167876,-86.573567
2009,5,7,Weekend,1400,2-Car,No injury/unknown,OTHER (VEHICLE) - EXPLAIN IN NARRATIVE,N JACOB DR,39.167876,-86.573567
2009,5,3,Weekday,1700,2-Car,No injury/unknown,FAILURE TO YIELD RIGHT OF WAY,6TH & DUNN ST,39.16786532,-86.52821041
2009,8,4,Weekday,1200,1-Car,Non-incapacitating,BRAKE FAILURE OR DEFECTIVE,EAST SEVENTH & NORTH JORDAN AVE,39.167856,-86.516144
2009,12,4,Weekday,1400,2-Car,No injury/unknown,SPEED TOO FAST FOR WEATHER CONDITIONS,COLLEGE AVE & STATE ROAD 4546,39.16780969,-86.53454894
2009,3,4,Weekday,1600,2-Car,No injury/unknown,FOLLOWING TOO CLOSELY,6TH & COLLEGE AVE,39.16778533,-86.534784
2009,10,3,Weekday,1600,1-Car,No injury/unknown,SPEED TOO FAST FOR WEATHER CONDITIONS,N ADAMS ST & W 6TH,39.167728,-86.5496
2009,11,7,Weekend,300,1-Car,No injury/unknown,RAN OFF ROAD RIGHT,W 6TH ST,39.167728,-86.54864555
2009,11,5,Weekday,900,2-Car,No injury/unknown,OTHER (DRIVER) - EXPLAIN IN NARRATIVE,N ELM & W 6TH ST,39.167712,-86.5452
2009,1,3,Weekday,1700,2-Car,No injury/unknown,ALCOHOLIC BEVERAGES,W 6TH ST & WALDRON,39.167696,-86.5436