Year,Month,Day,Weekend?,Hour,Collision Type,Injury Type,Primary Factor,Reported_Location,Latitude,Longitude
2009,1,6,Weekday,1400,2-Car,No injury/unknown,OTHER (DRIVER) - EXPLAIN IN NARRATIVE,4TH ST & GRANT,39.165648,-86.53041764
2009,7,5,Weekday,1200,Bus,No injury/unknown,OTHER (VEHICLE) - EXPLAIN IN NARRATIVE,4TH ST & DUNN,39.165648,-86.52849682
2009,5,6,Weekday,300,2-Car,No injury/unknown,,4TH ST & INDIANA,39.165648,-86.52711261
2009,1,6,Weekday,1600,2-Car,No injury/unknown,OTHER (DRIVER) - EXPLAIN IN NARRATIVE,4TH & DUNN ST,39.165648,-86.528144
2009,2,4,Weekday,900,2-Car,No injury/unknown,OTHER (DRIVER) - EXPLAIN IN NARRATIVE,NORTH WASHINGTON ST,39.165648,-86.5324
2009,2,2,Weekday,1000,2-Car,No injury/unknown,FOLLOWING TOO CLOSELY,E 4TH & SO INDIANA AVE,39.165648,-86.526848
2009,2,7,Weekend,400,2-Car,No injury/unknown,ALCOHOLIC BEVERAGES,4TH ST & INDIANA,39.165648,-86.526848
2009,3,7,Weekend,1600,1-Car,No injury/unknown,DRIVER DISTRACTED - EXPLAIN IN NARRATIVE,NORTH WALNUT ST,39.165648,-86.5336
2009,4,3,Weekday,1800,2-Car,No injury/unknown,IMPROPER TURNING,4TH ST,39.165648,-86.53231478
2009,4,3,Weekday,1300,2-Car,No injury/unknown,OTHER (DRIVER) - EXPLAIN IN NARRATIVE,E 4TH ST & WALNUT,39.165648,-86.5336
2009,8,4,Weekday,100,1-Car,No injury/unknown,ANIMAL/OBJECT IN ROADWAY,EAST 4TH & S CLARK ST,39.165648,-86.5048
2009,9,6,Weekday,700,2-Car,Non-incapacitating,DISREGARD SIGNAL/REG SIGN,E 4TH & WALNUT ST,39.165648,-86.5336
2009,10,7,Weekend,1800,2-Car,No injury/unknown,OTHER (DRIVER) - EXPLAIN IN NARRATIVE,4TH & LINCOLN ST,39.165648,-86.531008
2009,10,7,Weekend,100,3+ Cars,No injury/unknown,OTHER (DRIVER) - EXPLAIN IN NARRATIVE,WALNUT ST,39.165648,-86.5336
2009,11,2,Weekday,1400,2-Car,No injury/unknown,FAILURE TO YIELD RIGHT OF WAY,4TH & WASHINGTON ST,39.165648,-86.5324
2009,11,7,Weekend,1100,2-Car,No injury/unknown,IMPROPER TURNING,W 4TH ST,39.165648,-86.5336
2009,11,4,Weekday,1500,2-Car,No injury/unknown,UNSAFE BACKING,E 4TH & S INDIANA AVE,39.165648,-86.526848
2009,12,3,Weekday,2100,2-Car,No injury/unknown,OTHER (DRIVER) - EXPLAIN IN NARRATIVE,FOURTH ST & GRANT,39.165648,-86.529712
2009,12,3,Weekday,1700,2-Car,No injury/unknown,IMPROPER LANE USAGE,S WALNUT ST,39.165648,-86.5336
2009,2,3,Weekday,0,1-Car,No injury/unknown,SPEED TOO FAST FOR WEATHER CONDITIONS,S MADISON ST,39.16564016,-86.537296
2009,2,3,Weekday,0,1-Car,No injury/unknown,RAN OFF ROAD RIGHT,S MADISON ST,39.16564016,-86.537296
2009,12,6,Weekday,1600,2-Car,Non-incapacitating,FOLLOWING TOO CLOSELY,BROADWAY & CURRY PIKE,39.16563,-86.58297
2009,1,7,Weekend,1300,2-Car,No injury/unknown,SPEED TOO FAST FOR WEATHER CONDITIONS,GATES & JACOB DR,39.16562,-86.576
2009,4,2,Weekday,1500,2-Car,No injury/unknown,FOLLOWING TOO CLOSELY,GATES & JACOB DR,39.16562,-86.576
2009,5,2,Weekday,1300,2-Car,No injury/unknown,FOLLOWING TOO CLOSELY,GATES & JACOB DR,39.16562,-86.57600866
2009,6,7,Weekend,1400,2-Car,No injury/unknown,FAILURE TO YIELD RIGHT OF WAY,JACOB DR,39.16562,-86.575746
2009,10,6,Weekday,1700,2-Car,No injury/unknown,FAILURE TO YIELD RIGHT OF WAY,GATES DR & JACOB,39.16562,-86.576
2009,2,7,Weekend,1100,Pedestrian,Non-incapacitating,PEDESTRIAN ACTION,S COLLEGE AVE & W 4TH,39.16559,-86.53489
2009,10,3,Weekday,1000,2-Car,No injury/unknown,UNSAFE BACKING,E 4TH ST,39.16558,-86.532273
2009,11,1,Weekend,200,2-Car,No injury/unknown,DISREGARD SIGNAL/REG SIGN,EAST FOURTH & SOUTH WASHINGTON ST,39.16558,-86.53235
2009,8,6,Weekday,600,1-Car,No injury/unknown,UNSAFE BACKING,S JORDAN AVE,39.165576,-86.516312
2009,2,6,Weekday,1200,2-Car,No injury/unknown,UNSAFE BACKING,EAST FOURTH ST,39.16556,-86.528229
2009,5,3,Weekday,1500,2-Car,No injury/unknown,UNSAFE BACKING,S INDIANA AVE,39.16550106,-86.52684212
2009,4,7,Weekend,1400,2-Car,No injury/unknown,UNSAFE BACKING,JONES AVE & JORDAN,39.1654,-86.51643596
2009,8,3,Weekday,1000,2-Car,No injury/unknown,IMPROPER TURNING,JONES AVE & JORDAN,39.1654,-86.51643596
2009,9,4,Weekday,1500,Cyclist,Non-incapacitating,FAILURE TO YIELD RIGHT OF WAY,JONES & JORDAN ST,39.1654,-86.51641
2009,10,5,Weekday,1700,Cyclist,Non-incapacitating,UNSAFE BACKING,JONES AVE & JORDAN,39.1654,-86.51641519
2009,10,6,Weekday,1400,2-Car,No injury/unknown,UNSAFE BACKING,JONES AVE & JORDAN,39.1654,-86.51641865
2009,1,4,Weekday,1700,Bus,No injury/unknown,IMPROPER TURNING,JONES & ROSE AVE,39.16529,-86.5109
2009,2,2,Weekday,1600,2-Car,No injury/unknown,FAILURE TO YIELD RIGHT OF WAY,JONES AVE & ROSE,39.16529,-86.51089567
2009,6,1,Weekend,1100,1-Car,No injury/unknown,OTHER (DRIVER) - EXPLAIN IN NARRATIVE,SO PETE ELLIS DR,39.165279,-86.494933
2009,7,4,Weekday,1300,2-Car,No injury/unknown,OTHER (DRIVER) - EXPLAIN IN NARRATIVE,SO PETE ELLIS DR,39.165279,-86.494933
2009,11,6,Weekday,1300,2-Car,No injury/unknown,FAILURE TO YIELD RIGHT OF WAY,3RD & SR37N,39.16516294,-86.57310312
2009,1,6,Weekday,1700,3+ Cars,No injury/unknown,FOLLOWING TOO CLOSELY,3RD & SR 46 BYP,39.16508981,-86.47032845
2009,9,1,Weekend,1600,3+ Cars,Non-incapacitating,FOLLOWING TOO CLOSELY,3RD & SR46N,39.16508981,-86.47032845
2009,1,7,Weekend,400,2-Car,No injury/unknown,OTHER (DRIVER) - EXPLAIN IN NARRATIVE,W ST RD 48 RD,39.165056,-86.653168
2009,5,3,Weekday,1400,2-Car,No injury/unknown,FAILURE TO YIELD RIGHT OF WAY,HARTSTRAIT RD & SR48,39.164944,-86.611296
2009,7,5,Weekday,1800,2-Car,No injury/unknown,OTHER (DRIVER) - EXPLAIN IN NARRATIVE,HARTSTRAIT RD & SR48,39.164944,-86.611296
2009,3,1,Weekday,2100,2-Car,No injury/unknown,UNSAFE SPEED,HARSTRAIT & SR48W,39.16493308,-86.6110129
2009,2,4,Weekday,1500,2-Car,Incapacitating,IMPROPER TURNING,DANIELS & SR48W,39.16485453,-86.59907373
2009,12,5,Weekday,600,2-Car,No injury/unknown,DRIVER DISTRACTED - EXPLAIN IN NARRATIVE,DANIELS WAY & SR48W,39.16485453,-86.59907373
2009,6,2,Weekday,1500,2-Car,No injury/unknown,FAILURE TO YIELD RIGHT OF WAY,SHERWOOD & SR48W,39.164848,-86.58943918
2009,10,7,Weekend,1300,2-Car,No injury/unknown,FAILURE TO YIELD RIGHT OF WAY,CURRY & SR48E,39.164848,-86.58342522
2009,1,6,Weekday,1300,2-Car,No injury/unknown,OTHER (DRIVER) - EXPLAIN IN NARRATIVE,W 3RD ST,39.164848,-86.57614099
2009,1,5,Weekday,1500,Bus,No injury/unknown,IMPROPER TURNING,W 3RD ST,39.164848,-86.57584186
2009,1,1,Weekend,200,2-Car,No injury/unknown,ALCOHOLIC BEVERAGES,3RD ST,39.164848,-86.581504
2009,2,2,Weekday,1600,2-Car,No injury/unknown,OTHER (DRIVER) - EXPLAIN IN NARRATIVE,CURRY & SR48E,39.164848,-86.582896
2009,4,7,Weekend,1600,2-Car,No injury/unknown,UNSAFE BACKING,W 3RD ST,39.164848,-86.581504
2009,4,3,Weekday,1200,1-Car,Non-incapacitating,OTHER (DRIVER) - EXPLAIN IN NARRATIVE,W 3RD ST,39.164848,-86.57487674
2009,5,2,Weekday,1600,2-Car,No injury/unknown,FAILURE TO YIELD RIGHT OF WAY,W 3RD ST,39.164848,-86.57568232
2009,6,6,Weekend,2100,2-Car,No injury/unknown,UNSAFE BACKING,WEST 3RD ST,39.164848,-86.57542307
2009,6,3,Weekday,1500,1-Car,No injury/unknown,OTHER (DRIVER) - EXPLAIN IN NARRATIVE,W 3RD ST,39.164848,-86.5768472
2009,10,3,Weekday,1800,Cyclist,Non-incapacitating,FAILURE TO YIELD RIGHT OF WAY,W 3RD ST,39.164848,-86.57487674
2009,12,2,Weekday,600,1-Car,No injury/unknown,RAN OFF ROAD RIGHT,SR46E & TRAILWAY,39.164848,-86.428896
2009,6,4,Weekday,1200,2-Car,No injury/unknown,UNSAFE BACKING,W 3RD ST,39.16484767,-86.58010841
2009,6,5,Weekday,1100,2-Car,No injury/unknown,UNSAFE BACKING,W 3RD ST,39.16484622,-86.58141511
2009,2,1,Weekend,1800,2-Car,No injury/unknown,OTHER (DRIVER) - EXPLAIN IN NARRATIVE,W 3RD ST,39.164844,-86.579422
2009,3,6,Weekend,2100,2-Car,No injury/unknown,UNSAFE BACKING,WEST 3RD ST,39.164844,-86.579422
2009,11,7,Weekend,1400,1-Car,No injury/unknown,OTHER (DRIVER) - EXPLAIN IN NARRATIVE,W 3RD ST,39.164844,-86.579422
2009,8,7,Weekend,1800,2-Car,No injury/unknown,DRIVER DISTRACTED - EXPLAIN IN NARRATIVE,E 3RD ST,39.16484356,-86.58128178
2009,4,7,Weekend,1200,2-Car,No injury/unknown,UNSAFE BACKING,WEST 3RD ST,39.16483984,-86.5804062
2009,3,6,Weekday,1400,2-Car,No injury/unknown,FAILURE TO YIELD RIGHT OF WAY,HICKORY & SR48W,39.164832,-86.585856
2009,2,6,Weekday,1500,2-Car,No injury/unknown,DRIVER DISTRACTED - EXPLAIN IN NARRATIVE,WEST 3RD ST,39.16482122,-86.5789551
2009,12,7,Weekend,1400,2-Car,No injury/unknown,UNSAFE BACKING,W 3RD ST,39.16482122,-86.5789551
2009,5,6,Weekday,1600,3+ Cars,Non-incapacitating,FOLLOWING TOO CLOSELY,SR37S & SR48E,39.1648,-86.573792
2009,6,6,Weekday,1400,3+ Cars,No injury/unknown,OTHER (DRIVER) - EXPLAIN IN NARRATIVE,3RD ST & SR37S,39.1648,-86.573792
2009,7,6,Weekday,1300,2-Car,No injury/unknown,FAILURE TO YIELD RIGHT OF WAY,3RD & PETE ELLIS DR,39.16478931,-86.495088
2009,8,5,Weekday,1700,3+ Cars,No injury/unknown,DRIVER DISTRACTED - EXPLAIN IN NARRATIVE,E DAVIS & S WALNUT ST,39.16478164,-86.53369
2009,10,5,Weekday,1600,1-Car,No injury/unknown,RAN OFF ROAD RIGHT,OARD & SR48W,39.16476168,-86.62033494
2009,1,5,Weekday,800,2-Car,No injury/unknown,OTHER (DRIVER) - EXPLAIN IN NARRATIVE,3RD ST & SR37N,39.164752,-86.573104
2009,2,1,Weekday,1900,2-Car,No injury/unknown,DISREGARD SIGNAL/REG SIGN,SR37N & SR48W,39.164752,-86.573104
2009,2,5,Weekday,1600,2-Car,Non-incapacitating,FAILURE TO YIELD RIGHT OF WAY,3RD ST & SR37S,39.164752,-86.573104
2009,3,5,Weekday,1200,2-Car,No injury/unknown,FAILURE TO YIELD RIGHT OF WAY,SR37N & W 3RD,39.164752,-86.573104
2009,7,3,Weekday,1700,3+ Cars,No injury/unknown,OTHER (DRIVER) - EXPLAIN IN NARRATIVE,3RD ST & SR37,39.164752,-86.573104
2009,10,1,Weekend,1300,2-Car,Non-incapacitating,DRIVER DISTRACTED - EXPLAIN IN NARRATIVE,SR37 & WEST 3RD ST,39.164752,-86.573104
2009,10,6,Weekday,1300,2-Car,No injury/unknown,FAILURE TO YIELD RIGHT OF WAY,3RD ST & SR37N,39.164752,-86.573104
2009,10,6,Weekend,1900,2-Car,No injury/unknown,IMPROPER LANE USAGE,SR37N & WEST 3RD,39.164752,-86.573104
2009,12,3,Weekday,2100,2-Car,No injury/unknown,FAILURE TO YIELD RIGHT OF WAY,3RD ST & SR37S,39.164752,-86.573104
2009,12,7,Weekend,1700,2-Car,Non-incapacitating,FOLLOWING TOO CLOSELY,SR37 & W 3RD,39.164752,-86.573104
2009,1,1,Weekday,2000,2-Car,Non-incapacitating,FAILURE TO YIELD RIGHT OF WAY,W 3RD ST,39.16474251,-86.57282163
2009,4,6,Weekend,2100,2-Car,No injury/unknown,UNSAFE BACKING,W 3RD ST,39.16474251,-86.57282163
2009,4,6,Weekend,2000,2-Car,No injury/unknown,UNSAFE BACKING,W 3RD ST,39.16474251,-86.57282163
2009,8,6,Weekend,2200,2-Car,No injury/unknown,UNSAFE BACKING,W 3RD ST,39.16474251,-86.57282163
2009,12,6,Weekday,1800,2-Car,No injury/unknown,,W 3RD ST,39.16474251,-86.57282163
2009,12,3,Weekday,600,2-Car,No injury/unknown,UNSAFE BACKING,3RD ST & ROGERS,39.16473809,-86.53929725
2009,11,3,Weekday,1600,Moped/Motorcycle,Non-incapacitating,OTHER (DRIVER) - EXPLAIN IN NARRATIVE,3RD ST & ROGERS,39.16472,-86.538592
2009,7,2,Weekday,1500,2-Car,No injury/unknown,OTHER (DRIVER) - EXPLAIN IN NARRATIVE,3RD ST,39.16471159,-86.5719019
2009,5,2,Weekday,1400,2-Car,No injury/unknown,OTHER (VEHICLE) - EXPLAIN IN NARRATIVE,EAST 3RD ST,39.16470933,-86.57183467
2009,3,1,Weekend,1500,2-Car,No injury/unknown,FOLLOWING TOO CLOSELY,3RD & SR46W,39.16470473,-86.47126419
2009,4,6,Weekday,800,2-Car,No injury/unknown,FAILURE TO YIELD RIGHT OF WAY,3RD ST & MADISON,39.164704,-86.537296
2009,10,6,Weekday,1500,2-Car,No injury/unknown,DISREGARD SIGNAL/REG SIGN,MADISON & W 3RD ST,39.164704,-86.537296
2009,2,1,Weekday,2000,2-Car,No injury/unknown,FAILURE TO YIELD RIGHT OF WAY,3RD ST & FRANKLIN,39.164688,-86.5712
2009,3,2,Weekday,1700,2-Car,Non-incapacitating,FOLLOWING TOO CLOSELY,3RD ST & FRANKLIN,39.164688,-86.5712
2009,4,2,Weekday,1600,2-Car,No injury/unknown,FOLLOWING TOO CLOSELY,FRANKLIN ST & WEST 3RD,39.164688,-86.5712
2009,5,5,Weekday,1800,2-Car,Non-incapacitating,FOLLOWING TOO CLOSELY,FRANKLIN & WEST THIRD ST,39.164688,-86.5712
2009,6,5,Weekday,1800,Moped/Motorcycle,No injury/unknown,FOLLOWING TOO CLOSELY,FRANKLIN & WEST 3RD ST,39.164688,-86.5712
2009,8,3,Weekday,1400,2-Car,No injury/unknown,IMPROPER LANE USAGE,FRANKLIN & W THIRD ST,39.164688,-86.5712
2009,9,4,Weekday,1700,2-Car,No injury/unknown,FAILURE TO YIELD RIGHT OF WAY,3RD & FRANKLIN RD,39.164688,-86.5712
2009,9,5,Weekday,1600,2-Car,Non-incapacitating,FAILURE TO YIELD RIGHT OF WAY,3RD ST & FRANKLIN,39.164688,-86.5712
2009,12,2,Weekday,1800,2-Car,Non-incapacitating,FOLLOWING TOO CLOSELY,3RD ST & FRANKLIN,39.164688,-86.5712
2009,12,5,Weekday,1200,2-Car,No injury/unknown,FOLLOWING TOO CLOSELY,FRANKLIN & WEST 3RD ST,39.164688,-86.5712
2009,5,2,Weekday,700,3+ Cars,No injury/unknown,FOLLOWING TOO CLOSELY,CURRY PIKE & WEST 3ST ST,39.16468378,-86.58293765
2009,10,2,Weekday,1000,2-Car,No injury/unknown,FAILURE TO YIELD RIGHT OF WAY,W 3RD ST,39.16468378,-86.58321403
2009,12,2,Weekday,1100,2-Car,No injury/unknown,OTHER (DRIVER) - EXPLAIN IN NARRATIVE,CURRY & SR48W,39.16468378,-86.58292033
2009,8,5,Weekday,1600,2-Car,No injury/unknown,FOLLOWING TOO CLOSELY,3RD ST & FRANKLIN,39.16468181,-86.57084728
2009,10,6,Weekday,1800,2-Car,Non-incapacitating,DRIVER DISTRACTED - EXPLAIN IN NARRATIVE,3RD ST & FRANKLIN,39.16467872,-86.57067091
2009,3,4,Weekday,700,2-Car,No injury/unknown,UNSAFE BACKING,W 3RD ST,39.164666,-86.583265
2009,1,2,Weekday,1400,2-Car,No injury/unknown,FAILURE TO YIELD RIGHT OF WAY,3RD ST & CURRY,39.16466,-86.58291134
2009,1,2,Weekday,1500,2-Car,No injury/unknown,IMPROPER LANE USAGE,CURRY & WEST 3RD ST,39.16466,-86.58292
2009,4,1,Weekend,400,2-Car,No injury/unknown,IMPROPER LANE USAGE,CURRY & W 3RD ST,39.16466,-86.58292
2009,4,7,Weekend,2100,2-Car,No injury/unknown,FAILURE TO YIELD RIGHT OF WAY,CURRY & WEST 3RD ST,39.16466,-86.58292
2009,4,3,Weekday,1200,2-Car,Non-incapacitating,ALCOHOLIC BEVERAGES,CURRY & W 3RD ST,39.16466,-86.58292
2009,5,4,Weekday,1600,2-Car,No injury/unknown,DISREGARD SIGNAL/REG SIGN,CURRY & W 3RD ST,39.16466,-86.58292
2009,6,3,Weekday,1100,2-Car,No injury/unknown,DISREGARD SIGNAL/REG SIGN,CURRY & WEST THIRD ST,39.16466,-86.58292
2009,6,6,Weekday,1200,2-Car,No injury/unknown,FAILURE TO YIELD RIGHT OF WAY,CURRY & W 3RD ST,39.16466,-86.58292866
2009,6,3,Weekday,1100,2-Car,Non-incapacitating,IMPROPER PASSING,KIMBALL & W 3RD ST,39.16464,-86.56694156
2009,1,3,Weekday,1200,2-Car,No injury/unknown,FOLLOWING TOO CLOSELY,3RD ST & WASHINGTON,39.16464,-86.53266461
2009,1,6,Weekday,1800,2-Car,No injury/unknown,FAILURE TO YIELD RIGHT OF WAY,3RD ST & WASHINGTON,39.16464,-86.53275281
2009,7,1,Weekend,1600,2-Car,No injury/unknown,IMPROPER LANE USAGE,3RD ST & JOHNSON,39.16464,-86.56470975
2009,1,2,Weekday,2300,2-Car,No injury/unknown,ROADWAY SURFACE CONDITION,3RD ST & WALNUT,39.16464,-86.5336
2009,1,3,Weekday,1600,2-Car,No injury/unknown,FOLLOWING TOO CLOSELY,LINCOLN & THIRD ST,39.16464,-86.531024
2009,1,4,Weekday,1100,2-Car,No injury/unknown,UNSAFE BACKING,E 3RD ST,39.16464,-86.53211918
2009,1,5,Weekday,1700,2-Car,No injury/unknown,FAILURE TO YIELD RIGHT OF WAY,GRANT & THIRD ST,39.16464,-86.529728
2009,1,5,Weekday,1900,2-Car,Non-incapacitating,ROADWAY SURFACE CONDITION,3RD ST & WASHINGTON,39.16464,-86.5324
2009,2,3,Weekday,2100,2-Car,Non-incapacitating,DISREGARD SIGNAL/REG SIGN,3RD ST & COLLEGE,39.16464,-86.534816
2009,2,4,Weekday,1300,2-Car,No injury/unknown,ROADWAY SURFACE CONDITION,E 3RD ST,39.16464,-86.56913891
2009,2,5,Weekday,1700,2-Car,No injury/unknown,FOLLOWING TOO CLOSELY,3RD & WALNUT ST,39.16464,-86.5336
2009,2,6,Weekday,1200,2-Car,No injury/unknown,DISREGARD SIGNAL/REG SIGN,E 3RD ST & S WALNUT,39.16464,-86.5336
2009,2,7,Weekend,200,2-Car,No injury/unknown,DISREGARD SIGNAL/REG SIGN,3RD ST & WASHINGTON,39.16464,-86.5324
2009,2,5,Weekday,1600,2-Car,No injury/unknown,UNSAFE BACKING,W 3RD ST,39.16464,-86.5662049
2009,2,3,Weekday,1200,2-Car,No injury/unknown,FOLLOWING TOO CLOSELY,S KIMBLE & W 3RD ST,39.16464,-86.568
2009,2,6,Weekday,300,2-Car,No injury/unknown,OTHER (DRIVER) - EXPLAIN IN NARRATIVE,WALNUT ST,39.16464,-86.5336
2009,3,2,Weekday,1600,2-Car,No injury/unknown,OTHER (VEHICLE) - EXPLAIN IN NARRATIVE,3RD ST,39.16464,-86.56913891
2009,4,4,Weekday,900,2-Car,No injury/unknown,IMPROPER LANE USAGE,E 3RD & S WALNUT ST,39.16464,-86.5336
2009,4,7,Weekend,1500,3+ Cars,No injury/unknown,FOLLOWING TOO CLOSELY,3RD ST & KIMBLE,39.16464,-86.568
2009,4,6,Weekday,1600,2-Car,No injury/unknown,FOLLOWING TOO CLOSELY,3RD ST & LINCOLN,39.16464,-86.531024
2009,4,6,Weekend,2000,2-Car,No injury/unknown,OTHER (DRIVER) - EXPLAIN IN NARRATIVE,WALNUT ST,39.16464,-86.5336
2009,4,3,Weekday,1600,2-Car,No injury/unknown,ROADWAY SURFACE CONDITION,3RD ST & WASHINGTON,39.16464,-86.5324
2009,4,6,Weekday,1500,2-Car,No injury/unknown,OTHER (DRIVER) - EXPLAIN IN NARRATIVE,S GRANT ST,39.16464,-86.529728
2009,4,6,Weekend,2200,2-Car,Non-incapacitating,DISREGARD SIGNAL/REG SIGN,EAST 3RD ST & WASHINGTON,39.16464,-86.5324
2009,4,6,Weekday,1500,Moped/Motorcycle,No injury/unknown,UNSAFE BACKING,WALNUT ST,39.16464,-86.5336
2009,4,4,Weekday,1900,3+ Cars,No injury/unknown,FOLLOWING TOO CLOSELY,3RD & WALNUT ST,39.16464,-86.5336
2009,5,4,Weekday,1500,2-Car,No injury/unknown,FAILURE TO YIELD RIGHT OF WAY,3RD ST & GRANT,39.16464,-86.529728
2009,4,5,Weekday,1700,2-Car,No injury/unknown,UNSAFE BACKING,E 3RD ST,39.16464,-86.5324
2009,5,7,Weekend,900,1-Car,No injury/unknown,RAN OFF ROAD RIGHT,N COLLEGE & SR37S,39.16464,-86.534816
2009,6,2,Weekday,100,2-Car,No injury/unknown,OTHER (DRIVER) - EXPLAIN IN NARRATIVE,E 3RD ST,39.16464,-86.52878985
2009,6,2,Weekday,800,2-Car,No injury/unknown,OTHER (DRIVER) - EXPLAIN IN NARRATIVE,WEST 3RD ST,39.16464,-86.5324
2009,6,3,Weekday,1400,2-Car,No injury/unknown,DISREGARD SIGNAL/REG SIGN,EAST 3RD ST & LINCOLN,39.16464,-86.531024
2009,6,5,Weekday,800,2-Car,No injury/unknown,FAILURE TO YIELD RIGHT OF WAY,3RD & COLLEGE AVE,39.16464,-86.534816
2009,6,5,Weekday,1100,2-Car,Non-incapacitating,FAILURE TO YIELD RIGHT OF WAY,KIMBLE & W 3RD ST,39.16464,-86.568
2009,6,7,Weekend,1600,2-Car,No injury/unknown,DISREGARD SIGNAL/REG SIGN,3RD ST & WASHINGTON,39.16464,-86.5324
2009,6,3,Weekday,1200,2-Car,No injury/unknown,FOLLOWING TOO CLOSELY,KIMBLE & W 3RD ST ST,39.16464,-86.568
2009,7,4,Weekday,2000,Cyclist,Non-incapacitating,FAILURE TO YIELD RIGHT OF WAY,3RD ST & LINCOLN,39.16464,-86.531024
2009,7,5,Weekday,2000,Moped/Motorcycle,Non-incapacitating,DISREGARD SIGNAL/REG SIGN,3RD ST & LINCOLN,39.16464,-86.531024
2009,7,6,Weekend,1900,3+ Cars,Non-incapacitating,FOLLOWING TOO CLOSELY,3RD ST & KIMBLE,39.16464,-86.568
2009,7,6,Weekend,1900,2-Car,No injury/unknown,FOLLOWING TOO CLOSELY,3RD ST & KIMBLE,39.16464,-86.568
2009,7,5,Weekday,1700,2-Car,No injury/unknown,OTHER (DRIVER) - EXPLAIN IN NARRATIVE,EAST 3RD ST & SOUTH WASHINGTON,39.16464,-86.5324
2009,7,3,Weekday,1300,2-Car,No injury/unknown,FOLLOWING TOO CLOSELY,SOUTH WALNUT & SR37S,39.16464,-86.5336
2009,7,7,Weekend,1600,2-Car,Non-incapacitating,DISREGARD SIGNAL/REG SIGN,3RD ST & LINCOLN,39.16464,-86.531024
2009,7,2,Weekday,1100,2-Car,Non-incapacitating,DISREGARD SIGNAL/REG SIGN,3RD & COLLEGE AVE,39.16464,-86.534816
2009,7,3,Weekday,1600,2-Car,No injury/unknown,DISREGARD SIGNAL/REG SIGN,E 3RD ST & S WASHINGTON,39.16464,-86.5324
2009,7,5,Weekday,900,2-Car,No injury/unknown,FOLLOWING TOO CLOSELY,KIMBLE & W 3RD ST,39.16464,-86.568
2009,8,7,Weekend,1900,3+ Cars,No injury/unknown,FOLLOWING TOO CLOSELY,3RD ST & WALNUT,39.16464,-86.5336
2009,8,2,Weekday,1800,2-Car,No injury/unknown,DISREGARD SIGNAL/REG SIGN,3RD ST & WASHINGTON,39.16464,-86.5324
2009,8,4,Weekday,800,2-Car,No injury/unknown,FAILURE TO YIELD RIGHT OF WAY,3RD & WALNUT ST,39.16464,-86.5336
2009,8,4,Weekday,1200,2-Car,No injury/unknown,FOLLOWING TOO CLOSELY,3RD STREET ST & GRANT ST,39.16464,-86.529728
2009,8,1,Weekend,1700,2-Car,No injury/unknown,FOLLOWING TOO CLOSELY,COLLEGE & SR37S,39.16464,-86.534816
2009,8,7,Weekend,1100,2-Car,No injury/unknown,DISREGARD SIGNAL/REG SIGN,3RD ST & LINCOLN,39.16464,-86.531024
2009,8,7,Weekend,2300,2-Car,No injury/unknown,ALCOHOLIC BEVERAGES,3 ST & WASHINGTON,39.16464,-86.5324
2009,9,3,Weekday,2300,2-Car,No injury/unknown,DISREGARD SIGNAL/REG SIGN,3RD ST & WASHINGTON,39.16464,-86.5324
2009,9,6,Weekend,2300,2-Car,Non-incapacitating,FAILURE TO YIELD RIGHT OF WAY,3RD ST & WASHINGTON,39.16464,-86.5324
2009,9,1,Weekend,1200,2-Car,Non-incapacitating,FOLLOWING TOO CLOSELY,KIMBLE & W 3RD ST,39.16464,-86.568
2009,9,6,Weekday,1400,2-Car,No injury/unknown,OTHER (DRIVER) - EXPLAIN IN NARRATIVE,3RD & WALNUT ST,39.16464,-86.5336
2009,9,6,Weekday,800,Pedestrian,Non-incapacitating,RAN OFF ROAD RIGHT,KIMBLE DR & WEST 3 ST ST,39.16464,-86.568
2009,10,3,Weekday,1500,2-Car,No injury/unknown,FOLLOWING TOO CLOSELY,3RD & COLLEGE AVE,39.16464,-86.534816
2009,10,1,Weekend,1000,1-Car,No injury/unknown,RAN OFF ROAD RIGHT,3RD & COLLEGE AVE,39.16464,-86.534816
2009,10,5,Weekday,1000,2-Car,No injury/unknown,FAILURE TO YIELD RIGHT OF WAY,3RD & COLLEGE AVE,39.16464,-86.534816
2009,10,7,Weekend,0,2-Car,No injury/unknown,FAILURE TO YIELD RIGHT OF WAY,E THIRD ST & S WASHINGTON,39.16464,-86.5324
2009,10,6,Weekday,1000,2-Car,No injury/unknown,FAILURE TO YIELD RIGHT OF WAY,E 3RD ST & WASHINGTON,39.16464,-86.5324
2009,11,6,Weekend,2300,2-Car,No injury/unknown,OTHER (DRIVER) - EXPLAIN IN NARRATIVE,3RD ST,39.16464,-86.56905455
2009,11,1,Weekend,1600,2-Car,No injury/unknown,DISREGARD SIGNAL/REG SIGN,3RD ST & LINCOLN,39.16464,-86.531024
2009,11,2,Weekday,1800,1-Car,Non-incapacitating,OVERCORRECTING/OVERSTEERING,2447 W 3RD ST & KIMBLE,39.16464,-86.568
2009,11,5,Weekday,2300,2-Car,No injury/unknown,FAILURE TO YIELD RIGHT OF WAY,3RD ST & WASHINGTON,39.16464,-86.5324
2009,11,6,Weekday,1500,2-Car,No injury/unknown,FOLLOWING TOO CLOSELY,W 3RD ST & WASHINGTON,39.16464,-86.5324
2009,11,2,Weekday,900,2-Car,No injury/unknown,DISREGARD SIGNAL/REG SIGN,3RD ST & WALNUT,39.16464,-86.5336
2009,11,7,Weekend,300,2-Car,No injury/unknown,UNSAFE BACKING,S WALNUT ST,39.16464,-86.5336