Year,Month,Day,Weekend?,Hour,Collision Type,Injury Type,Primary Factor,Reported_Location,Latitude,Longitude
2009,11,5,Weekday,2100,1-Car,No injury/unknown,OTHER (DRIVER) - EXPLAIN IN NARRATIVE,3RD ST,39.16464,-86.56835152
2009,12,3,Weekday,0,2-Car,Non-incapacitating,FAILURE TO YIELD RIGHT OF WAY,E 3RD ST & S WASHINGTON,39.16464,-86.5324
2009,12,6,Weekday,200,2-Car,No injury/unknown,ALCOHOLIC BEVERAGES,E 3RD ST & S WASHINGTON,39.16464,-86.5324
2009,12,2,Weekday,1600,3+ Cars,Non-incapacitating,FAILURE TO YIELD RIGHT OF WAY,E 3RD & S WASHINGTON ST,39.16464,-86.5324
2009,12,2,Weekday,700,2-Car,No injury/unknown,SPEED TOO FAST FOR WEATHER CONDITIONS,3RD ST & GRANT,39.16464,-86.52919878
2009,12,3,Weekday,1500,2-Car,No injury/unknown,UNSAFE BACKING,E 3RD ST,39.16464,-86.56905455
2009,12,7,Weekend,1900,2-Car,Non-incapacitating,ALCOHOLIC BEVERAGES,JOHNSON & W 3RD ST,39.16464,-86.564992
2009,5,3,Weekday,2200,2-Car,No injury/unknown,OTHER (DRIVER) - EXPLAIN IN NARRATIVE,WEST THIRD ST,39.164634,-86.580072
2009,1,4,Weekday,1500,2-Car,No injury/unknown,OTHER (DRIVER) - EXPLAIN IN NARRATIVE,W THIRD ST,39.164618,-86.579395
2009,5,3,Weekday,1100,2-Car,No injury/unknown,FAILURE TO YIELD RIGHT OF WAY,WEST 3 ST ST,39.164613,-86.579168
2009,1,7,Weekend,1600,2-Car,No injury/unknown,FAILURE TO YIELD RIGHT OF WAY,LIBERTY & W 3RD ST,39.16461,-86.57910403
2009,3,3,Weekday,1400,2-Car,No injury/unknown,FAILURE TO YIELD RIGHT OF WAY,3RD ST & LIBERTY,39.16461,-86.57913
2009,6,2,Weekday,1300,2-Car,Non-incapacitating,FAILURE TO YIELD RIGHT OF WAY,LIBERTY & W 3RD ST,39.16461,-86.57913
2009,6,7,Weekend,1200,2-Car,No injury/unknown,FAILURE TO YIELD RIGHT OF WAY,LIBERTY DR & W 3RD,39.16461,-86.57913
2009,6,6,Weekday,1600,2-Car,Non-incapacitating,FAILURE TO YIELD RIGHT OF WAY,LIBERTY & THIRD ST,39.16461,-86.57912134
2009,6,6,Weekday,1700,2-Car,No injury/unknown,FOLLOWING TOO CLOSELY,LIBERTY & THIRD ST,39.16461,-86.57913
2009,7,6,Weekday,1300,2-Car,No injury/unknown,FAILURE TO YIELD RIGHT OF WAY,LIBERTY & WEST 3RD ST,39.16461,-86.57912567
2009,1,4,Weekday,1000,2-Car,Non-incapacitating,DISREGARD SIGNAL/REG SIGN,COLLEGE AVE & WEST THIRD,39.1646,-86.5349
2009,3,5,Weekday,1800,2-Car,No injury/unknown,DISREGARD SIGNAL/REG SIGN,THIRD & WALNUT ST,39.1646,-86.53363
2009,6,3,Weekday,1800,2-Car,No injury/unknown,FAILURE TO YIELD RIGHT OF WAY,COLLEGE AVE & THIRD,39.1646,-86.5349
2009,8,4,Weekday,1900,Moped/Motorcycle,Non-incapacitating,OTHER (DRIVER) - EXPLAIN IN NARRATIVE,THIRD & WALNUT ST,39.1646,-86.53363
2009,8,6,Weekday,1700,2-Car,Non-incapacitating,FAILURE TO YIELD RIGHT OF WAY,SOUTH COLLEGE AVE & WEST THIRD,39.1646,-86.5349
2009,10,4,Weekday,1300,2-Car,Non-incapacitating,DISREGARD SIGNAL/REG SIGN,37 SOUTH & 3RD ST,39.16459856,-86.57211542
2009,8,5,Weekday,1600,2-Car,No injury/unknown,FOLLOWING TOO CLOSELY,3RD ST & LIBERTY,39.1645984,-86.57913641
2009,8,7,Weekend,1700,2-Car,No injury/unknown,OTHER (DRIVER) - EXPLAIN IN NARRATIVE,LIBERTY & WEST THIRD ST,39.1645984,-86.57916238
2009,8,6,Weekday,0,2-Car,No injury/unknown,OTHER (DRIVER) - EXPLAIN IN NARRATIVE,LIBERTY DR & W 3RD,39.1645984,-86.57913641
2009,9,3,Weekday,1500,Moped/Motorcycle,Non-incapacitating,FAILURE TO YIELD RIGHT OF WAY,3RD ST & LIBERTY,39.1645984,-86.57913641
2009,9,3,Weekday,1300,2-Car,No injury/unknown,FAILURE TO YIELD RIGHT OF WAY,LIBERTY & SR48W,39.1645984,-86.57913208
2009,9,4,Weekday,1400,2-Car,No injury/unknown,FAILURE TO YIELD RIGHT OF WAY,WEST 3RD ST,39.1645984,-86.57744252
2009,10,6,Weekday,1200,2-Car,No injury/unknown,FAILURE TO YIELD RIGHT OF WAY,LIBERTY & W 3RD ST,39.1645984,-86.57912775
2009,10,6,Weekday,1700,2-Car,No injury/unknown,FAILURE TO YIELD RIGHT OF WAY,3RD & LIBERTY DR,39.1645984,-86.57913641
2009,11,4,Weekday,1700,2-Car,No injury/unknown,OTHER (DRIVER) - EXPLAIN IN NARRATIVE,LIBERTY DR & W 3RD,39.1645984,-86.57913641
2009,12,2,Weekday,1100,2-Car,No injury/unknown,OTHER (DRIVER) - EXPLAIN IN NARRATIVE,LIBERTY & WEST THIRD ST,39.1645984,-86.57913641
2009,12,5,Weekday,1000,2-Car,No injury/unknown,FAILURE TO YIELD RIGHT OF WAY,3RD ST & LIBERTY,39.1645984,-86.57912342
2009,4,4,Weekday,1300,2-Car,No injury/unknown,PRESCRIPTION DRUGS,THIRD ST,39.164598,-86.532107
2009,5,7,Weekend,1100,2-Car,No injury/unknown,IMPROPER TURNING,GATES & SR48W,39.16459498,-86.57619828
2009,5,5,Weekday,1200,3+ Cars,No injury/unknown,FOLLOWING TOO CLOSELY,GATES & SR48W,39.16459498,-86.57621992
2009,5,4,Weekday,1500,3+ Cars,Non-incapacitating,OTHER (DRIVER) - EXPLAIN IN NARRATIVE,3000 WEST 3RD ST & GATES,39.16459498,-86.57621992
2009,6,2,Weekday,1100,2-Car,No injury/unknown,FOLLOWING TOO CLOSELY,GATES DRIVE & SR48W,39.16459498,-86.57621992
2009,7,6,Weekend,1900,2-Car,No injury/unknown,FOLLOWING TOO CLOSELY,3RD ST & GATES,39.16459498,-86.57620693
2009,7,6,Weekday,1700,3+ Cars,Non-incapacitating,FOLLOWING TOO CLOSELY,3RD ST & GATES,39.16459498,-86.57622858
2009,8,3,Weekday,2100,2-Car,No injury/unknown,FOLLOWING TOO CLOSELY,W THIRD ST,39.16459498,-86.57919788
2009,11,3,Weekday,1300,2-Car,No injury/unknown,FAILURE TO YIELD RIGHT OF WAY,GATES DR & W 3RD,39.16459498,-86.57621992
2009,11,3,Weekday,1600,3+ Cars,No injury/unknown,DRIVER DISTRACTED - EXPLAIN IN NARRATIVE,3RD ST & GATES,39.16459498,-86.57621992
2009,11,7,Weekend,1500,3+ Cars,No injury/unknown,FAILURE TO YIELD RIGHT OF WAY,GATES & SR48W,39.16459498,-86.57621992
2009,12,6,Weekday,1500,2-Car,No injury/unknown,FAILURE TO YIELD RIGHT OF WAY,GATES & WEST 3RD ST,39.16459498,-86.57621992
2009,1,4,Weekday,800,2-Car,No injury/unknown,FAILURE TO YIELD RIGHT OF WAY,S GATES & W 3RD ST,39.16459,-86.5762
2009,3,2,Weekday,1500,3+ Cars,Non-incapacitating,DISREGARD SIGNAL/REG SIGN,3RD ST & GATES,39.16459,-86.5762
2009,3,6,Weekday,1800,2-Car,Non-incapacitating,OTHER (DRIVER) - EXPLAIN IN NARRATIVE,3RD ST & GATES,39.16459,-86.57619134
2009,4,7,Weekend,2100,3+ Cars,No injury/unknown,ALCOHOLIC BEVERAGES,3RD ST & GATES,39.16459,-86.5762
2009,4,1,Weekend,1500,3+ Cars,No injury/unknown,DRIVER DISTRACTED - EXPLAIN IN NARRATIVE,3RD ST & GATES,39.16459,-86.57620866
2009,4,2,Weekday,1600,2-Car,No injury/unknown,FAILURE TO YIELD RIGHT OF WAY,3RD ST & GATES,39.16459,-86.5762
2009,5,2,Weekday,1400,2-Car,No injury/unknown,DISREGARD SIGNAL/REG SIGN,3RD ST & GATES,39.16459,-86.5762
2009,6,3,Weekday,1500,3+ Cars,Non-incapacitating,OTHER (DRIVER) - EXPLAIN IN NARRATIVE,GATES & THIRD ST,39.16459,-86.57619567
2009,3,1,Weekend,1200,2-Car,No injury/unknown,FAILURE TO YIELD RIGHT OF WAY,3RD ST & FRANKILIN,39.16458,-86.57019
2009,6,6,Weekday,1600,2-Car,No injury/unknown,OTHER (DRIVER) - EXPLAIN IN NARRATIVE,WEST THIRD ST,39.164579,-86.570155
2009,1,5,Weekday,1500,2-Car,No injury/unknown,DRIVER DISTRACTED - EXPLAIN IN NARRATIVE,3RD ST & FRANLKIN,39.16456766,-86.57018521
2009,1,6,Weekday,1500,2-Car,Non-incapacitating,FOLLOWING TOO CLOSELY,W 3RD ST & YANCY,39.16456,-86.56948
2009,3,6,Weekday,1600,2-Car,No injury/unknown,UNSAFE BACKING,3RD ST,39.16456,-86.555648
2009,5,1,Weekend,1700,3+ Cars,Incapacitating,DRIVER DISTRACTED - EXPLAIN IN NARRATIVE,WEST 3RD ST & YANCY,39.16456,-86.56948
2009,9,6,Weekday,1100,2-Car,Non-incapacitating,FOLLOWING TOO CLOSELY,FRANKIN & W 3RD ST,39.16456,-86.57016403
2009,10,5,Weekday,1900,2-Car,No injury/unknown,FAILURE TO YIELD RIGHT OF WAY,FRANKLIN & WEST THIRD ST,39.16456,-86.57019
2009,10,5,Weekday,900,2-Car,No injury/unknown,FAILURE TO YIELD RIGHT OF WAY,FRANKLIN RD & WEST 3 ST ST,39.16456,-86.57019
2009,12,5,Weekday,2000,2-Car,No injury/unknown,UNSAFE BACKING,E 3RD ST,39.16456,-86.5550845
2009,7,5,Weekday,1000,1-Car,No injury/unknown,RAN OFF ROAD RIGHT,W 3RD ST,39.16454406,-86.55360366
2009,2,6,Weekday,700,1-Car,No injury/unknown,RAN OFF ROAD RIGHT,W 3RD ST,39.164544,-86.55340895
2009,3,6,Weekday,1200,2-Car,Non-incapacitating,FOLLOWING TOO CLOSELY,3RD ST & CORY,39.164544,-86.560096
2009,3,3,Weekday,1500,2-Car,No injury/unknown,FAILURE TO YIELD RIGHT OF WAY,CORY & THIRD ST,39.164544,-86.560096
2009,4,3,Weekday,0,2-Car,No injury/unknown,UNSAFE BACKING,ADAMS ST,39.164544,-86.552192
2009,10,3,Weekday,1700,2-Car,Non-incapacitating,FOLLOWING TOO CLOSELY,CORY & W 3RD ST,39.164544,-86.560096
2009,11,2,Weekday,1800,2-Car,No injury/unknown,UNSAFE BACKING,E 3RD ST,39.164544,-86.552192
2009,12,6,Weekday,1500,2-Car,Non-incapacitating,FOLLOWING TOO CLOSELY,CORY & WEST 3RD ST,39.164544,-86.560096
2009,1,6,Weekday,1800,2-Car,No injury/unknown,FAILURE TO YIELD RIGHT OF WAY,KIMBLE & WEST THIRD ST,39.16454,-86.56799
2009,7,7,Weekend,1700,2-Car,No injury/unknown,FAILURE TO YIELD RIGHT OF WAY,OPPORTUNITY & WEST 3RD ST,39.16453,-86.56705
2009,7,6,Weekday,1700,2-Car,Non-incapacitating,FOLLOWING TOO CLOSELY,3RD ST & OPPORTUNITY,39.16453,-86.56706731
2009,9,6,Weekday,1500,2-Car,No injury/unknown,OTHER (DRIVER) - EXPLAIN IN NARRATIVE,WEST 3RD ST,39.164526,-86.566518
2009,2,5,Weekday,1600,2-Car,No injury/unknown,FAILURE TO YIELD RIGHT OF WAY,SR446 & SR46E,39.16451218,-86.47173205
2009,9,6,Weekday,1300,2-Car,No injury/unknown,OTHER (DRIVER) - EXPLAIN IN NARRATIVE,W 3RD ST,39.16450619,-86.57218328
2009,3,5,Weekday,1500,2-Car,No injury/unknown,FOLLOWING TOO CLOSELY,NORTH WALNUT ST,39.16449371,-86.5336
2009,1,7,Weekend,1500,2-Car,No injury/unknown,OTHER (DRIVER) - EXPLAIN IN NARRATIVE,E 3RD ST,39.164488,-86.54969829
2009,7,4,Weekday,2100,2-Car,No injury/unknown,OTHER (DRIVER) - EXPLAIN IN NARRATIVE,WEST THIRD ST,39.1644857,-86.5713295
2009,6,5,Weekday,2200,2-Car,No injury/unknown,OTHER (DRIVER) - EXPLAIN IN NARRATIVE,CURRY & THIRD ST,39.16448,-86.56015866
2009,8,5,Weekday,1600,3+ Cars,Non-incapacitating,FOLLOWING TOO CLOSELY,3RD & CURRY PIKE,39.16448,-86.56015
2009,9,3,Weekday,1600,2-Car,No injury/unknown,FAILURE TO YIELD RIGHT OF WAY,3RD ST & CURRY,39.16448,-86.56015
2009,10,4,Weekday,1100,2-Car,No injury/unknown,FAILURE TO YIELD RIGHT OF WAY,S CURRY & W 3RD ST,39.16448,-86.56023656
2009,10,7,Weekend,2200,2-Car,No injury/unknown,ALCOHOLIC BEVERAGES,S COLLEGE AVE,39.16446694,-86.53481763
2009,1,2,Weekday,1000,2-Car,No injury/unknown,OTHER (DRIVER) - EXPLAIN IN NARRATIVE,E 3RD ST & S DUNN,39.164448,-86.528096
2009,2,6,Weekday,1300,2-Car,Non-incapacitating,FOLLOWING TOO CLOSELY,3RD ST & FESS,39.164448,-86.525792
2009,3,3,Weekday,1800,2-Car,No injury/unknown,FOLLOWING TOO CLOSELY,3RD & SR4546N,39.164448,-86.471888
2009,3,2,Weekday,700,2-Car,No injury/unknown,OTHER (DRIVER) - EXPLAIN IN NARRATIVE,3RD ST & SR46N,39.164448,-86.471888
2009,3,3,Weekday,2300,2-Car,No injury/unknown,UNSAFE BACKING,EAST 3RD ST,39.164448,-86.52649143
2009,3,5,Weekday,1600,2-Car,No injury/unknown,DRIVER DISTRACTED - EXPLAIN IN NARRATIVE,E 3RD ST & FESS,39.164448,-86.525792
2009,3,5,Weekday,1600,2-Car,No injury/unknown,DRIVER DISTRACTED - EXPLAIN IN NARRATIVE,FESS & THIRD ST,39.164448,-86.525792
2009,3,7,Weekend,1500,2-Car,No injury/unknown,IMPROPER LANE USAGE,E 3RD ST & FESS,39.164448,-86.525792
2009,4,5,Weekday,1700,2-Car,No injury/unknown,FOLLOWING TOO CLOSELY,3RD & SR4546S,39.164448,-86.471888
2009,4,1,Weekend,100,2-Car,No injury/unknown,FAILURE TO YIELD RIGHT OF WAY,E 3RD ST & S DUNN,39.164448,-86.528096
2009,4,4,Weekday,800,2-Car,No injury/unknown,FAILURE TO YIELD RIGHT OF WAY,E 3RD ST ST & SR46,39.164448,-86.471888
2009,5,1,Weekend,300,2-Car,No injury/unknown,ALCOHOLIC BEVERAGES,4546 BYPASS RD & E 3RD,39.164448,-86.471888
2009,5,7,Weekend,1600,2-Car,No injury/unknown,DISREGARD SIGNAL/REG SIGN,E 3RD ST & INDIANA,39.164448,-86.5268
2009,5,3,Weekday,1000,2-Car,No injury/unknown,FAILURE TO YIELD RIGHT OF WAY,ATWATER & ATWATER PARKING LOT AVE,39.164448,-86.528096
2009,6,1,Weekend,1200,Moped/Motorcycle,Non-incapacitating,FAILURE TO YIELD RIGHT OF WAY,SR446S & SR46W,39.164448,-86.471888
2009,6,5,Weekday,800,2-Car,No injury/unknown,,310 SOUTH FESS AVE & FESS,39.164448,-86.525792
2009,7,6,Weekday,1300,2-Car,No injury/unknown,FOLLOWING TOO CLOSELY,E 3RD ST & S DUNN,39.164448,-86.528096
2009,7,4,Weekday,1500,2-Car,No injury/unknown,FAILURE TO YIELD RIGHT OF WAY,E 3RD ST & SR 45 46,39.164448,-86.471888
2009,7,1,Weekend,1600,2-Car,No injury/unknown,FAILURE TO YIELD RIGHT OF WAY,SR446 & SR46W,39.164448,-86.471888
2009,8,6,Weekday,1100,2-Car,Non-incapacitating,FAILURE TO YIELD RIGHT OF WAY,E 3RD ST & FESS,39.164448,-86.525792
2009,8,1,Weekend,1400,2-Car,Non-incapacitating,DRIVER DISTRACTED - EXPLAIN IN NARRATIVE,FESS & THIRD ST,39.164448,-86.525792
2009,9,3,Weekday,1000,2-Car,No injury/unknown,IMPROPER TURNING,1211 E 3RD ST & ATWATER,39.164448,-86.528096
2009,10,6,Weekday,1100,3+ Cars,Non-incapacitating,UNSAFE SPEED,INDIANA & THIRD ST,39.164448,-86.5268
2009,10,6,Weekday,1400,2-Car,No injury/unknown,UNSAFE BACKING,200 SOUTH INDIANA AVE & INDIANA,39.164448,-86.5268
2009,10,3,Weekday,1700,3+ Cars,Non-incapacitating,SPEED TOO FAST FOR WEATHER CONDITIONS,DUNN & SR37N,39.164448,-86.528096
2009,10,3,Weekday,900,2-Car,Non-incapacitating,FOLLOWING TOO CLOSELY,FESS & THIRD ST,39.164448,-86.525792
2009,11,4,Weekday,1800,2-Car,No injury/unknown,OTHER (DRIVER) - EXPLAIN IN NARRATIVE,EAST THIRD ST & SR 45 46,39.164448,-86.471888
2009,11,5,Weekday,200,1-Car,No injury/unknown,RAN OFF ROAD RIGHT,2222 E 3RD ST ST & ATWATER AVE,39.164448,-86.528096
2009,12,6,Weekday,1700,2-Car,No injury/unknown,IMPROPER LANE USAGE,E 3RD ST & S INDIANA,39.164448,-86.5268
2009,12,1,Weekend,400,1-Car,Non-incapacitating,OTHER (DRIVER) - EXPLAIN IN NARRATIVE,EAST 3RD & SR446S,39.164448,-86.471888
2009,9,6,Weekday,1200,2-Car,No injury/unknown,FAILURE TO YIELD RIGHT OF WAY,3RD & PETE ELLIS DR,39.16444599,-86.495088
2009,5,1,Weekend,1800,2-Car,No injury/unknown,OTHER (DRIVER) - EXPLAIN IN NARRATIVE,WEST THIRD ST,39.16444,-86.557198
2009,4,2,Weekday,1500,2-Car,No injury/unknown,FOLLOWING TOO CLOSELY,3RD ST & FESS,39.16443743,-86.52543945
2009,6,1,Weekday,2300,2-Car,Non-incapacitating,ALCOHOLIC BEVERAGES,N TRAILWAY & SR46E,39.16441196,-86.42800093
2009,2,2,Weekday,1500,2-Car,Non-incapacitating,DRIVER DISTRACTED - EXPLAIN IN NARRATIVE,3RD ST & WESTPLEX,39.16441,-86.5539
2009,5,5,Weekday,1200,2-Car,No injury/unknown,FAILURE TO YIELD RIGHT OF WAY,W 3RD ST & WESTPLEX,39.16441,-86.55389654
2009,6,2,Weekday,1400,2-Car,No injury/unknown,IMPROPER LANE USAGE,3RD & PATTERSON DR,39.16441,-86.55196
2009,11,4,Weekday,1100,2-Car,Non-incapacitating,OTHER (DRIVER) - EXPLAIN IN NARRATIVE,3RD & PATTERSON DR,39.16441,-86.55196
2009,11,6,Weekday,1500,2-Car,Non-incapacitating,FAILURE TO YIELD RIGHT OF WAY,W 3RD ST & WESTPLEX,39.16441,-86.55389135
2009,1,2,Weekday,1600,2-Car,No injury/unknown,FOLLOWING TOO CLOSELY,LANDMARK & THIRD ST,39.16440374,-86.55627394
2009,3,1,Weekend,1500,2-Car,Non-incapacitating,SPEED TOO FAST FOR WEATHER CONDITIONS,3RD ST & LANDMARK,39.16440374,-86.5562826
2009,4,7,Weekend,1700,2-Car,Non-incapacitating,GLARE,3RD ST & LANDMARK,39.16440374,-86.5562826
2009,4,2,Weekday,1700,2-Car,Non-incapacitating,FOLLOWING TOO CLOSELY,LANDMARK & W 3RD ST,39.16440374,-86.55627827
2009,4,3,Weekday,1800,2-Car,Non-incapacitating,FOLLOWING TOO CLOSELY,LANDMARK & W 3RD ST,39.16440374,-86.5562826
2009,4,2,Weekday,1700,2-Car,No injury/unknown,SPEED TOO FAST FOR WEATHER CONDITIONS,3RD ST & LANDMARK,39.16440374,-86.55627394
2009,5,4,Weekday,1700,2-Car,Non-incapacitating,ROADWAY SURFACE CONDITION,3RD ST & LANDMARK,39.16440374,-86.55625663
2009,5,5,Weekday,1700,Moped/Motorcycle,Non-incapacitating,FAILURE TO YIELD RIGHT OF WAY,1620 W 3RD ST & LANDMARK,39.16440374,-86.55630856
2009,5,2,Weekday,1300,2-Car,Non-incapacitating,FOLLOWING TOO CLOSELY,S LANDMARK & W 3RD ST,39.16440374,-86.55623932
2009,5,6,Weekday,1500,2-Car,No injury/unknown,FAILURE TO YIELD RIGHT OF WAY,LANDMARK & WEST 3RD ST,39.16440374,-86.5562826
2009,7,2,Weekday,1600,2-Car,Non-incapacitating,DRIVER DISTRACTED - EXPLAIN IN NARRATIVE,3RD ST & LANDMARK,39.16440374,-86.55630856
2009,7,7,Weekend,1000,3+ Cars,No injury/unknown,SPEED TOO FAST FOR WEATHER CONDITIONS,3RD ST & LANDMARK,39.16440374,-86.5562826
2009,9,5,Weekday,1200,2-Car,No injury/unknown,FOLLOWING TOO CLOSELY,LANDMARK & W 3RD ST,39.16440374,-86.55625663
2009,9,3,Weekday,1500,2-Car,No injury/unknown,FAILURE TO YIELD RIGHT OF WAY,3RD ST & LANDMARK,39.16440374,-86.55634751
2009,10,5,Weekday,2100,2-Car,No injury/unknown,SPEED TOO FAST FOR WEATHER CONDITIONS,LANDMARK & WEST 3RD ST,39.16440374,-86.5562826
2009,10,3,Weekday,1700,2-Car,Non-incapacitating,FAILURE TO YIELD RIGHT OF WAY,3RD ST & LANDMARK,39.16440374,-86.55630856
2009,12,4,Weekday,1500,1-Car,No injury/unknown,ROAD UNDER CONSTRUCTION,LANDMARK & W 3RD ST,39.16440374,-86.55630856
2009,4,4,Weekday,1600,2-Car,No injury/unknown,IMPROPER LANE USAGE,E 3RD ST,39.16439273,-86.52394958
2009,4,7,Weekend,1100,2-Car,No injury/unknown,DRIVER DISTRACTED - EXPLAIN IN NARRATIVE,3RD ST & WOODLAWN,39.16438374,-86.52364965
2009,12,4,Weekday,1900,3+ Cars,No injury/unknown,OTHER (DRIVER) - EXPLAIN IN NARRATIVE,3RD ST & WOODLAWN,39.16437316,-86.5232971
2009,11,4,Weekday,800,2-Car,Non-incapacitating,UNSAFE SPEED,3RD ST & WOODLAWN,39.16436258,-86.52294455
2009,7,4,Weekday,1700,2-Car,No injury/unknown,SPEED TOO FAST FOR WEATHER CONDITIONS,3RD ST & WOODLAWN,39.16435888,-86.52282116
2009,9,3,Weekday,600,1-Car,No injury/unknown,OTHER (DRIVER) - EXPLAIN IN NARRATIVE,BENDER & SR46E,39.16435275,-86.43459006
2009,1,5,Weekday,1500,2-Car,No injury/unknown,FAILURE TO YIELD RIGHT OF WAY,3RD ST & FACULTY,39.164352,-86.521088
2009,3,4,Weekday,2200,2-Car,Non-incapacitating,FAILURE TO YIELD RIGHT OF WAY,3RD ST & HIGH,39.164352,-86.508288
2009,4,4,Weekday,1800,2-Car,Non-incapacitating,DRIVER DISTRACTED - EXPLAIN IN NARRATIVE,3RD ST & WOODLAWN,39.164352,-86.522592
2009,5,5,Weekday,1800,2-Car,No injury/unknown,UNSAFE BACKING,3RD & UNION ST,39.164352,-86.5088
2009,5,5,Weekday,1900,2-Car,No injury/unknown,RAN OFF ROAD RIGHT,3RD & UNION ST,39.164352,-86.5088
2009,6,5,Weekday,1100,2-Car,No injury/unknown,FOLLOWING TOO CLOSELY,EAST THIRD ST & WOODLAWN,39.164352,-86.522592
2009,8,3,Weekday,1300,2-Car,Non-incapacitating,SPEED TOO FAST FOR WEATHER CONDITIONS,FACULTY & THIRD ST,39.164352,-86.521088
2009,9,2,Weekday,1500,3+ Cars,Non-incapacitating,UNSAFE SPEED,EAST 3RD ST & WOODLAWN,39.164352,-86.522592
2009,9,5,Weekday,1600,2-Car,No injury/unknown,FAILURE TO YIELD RIGHT OF WAY,3RD ST & FACULTY,39.164352,-86.521088
2009,9,1,Weekend,100,2-Car,No injury/unknown,FOLLOWING TOO CLOSELY,3RD ST & ROSE,39.164352,-86.510944
2009,10,4,Weekday,1200,3+ Cars,No injury/unknown,OTHER (DRIVER) - EXPLAIN IN NARRATIVE,EAST THIRD ST & S UNION,39.164352,-86.5088
2009,10,6,Weekday,1800,3+ Cars,No injury/unknown,FOLLOWING TOO CLOSELY,800 E 3RD ST & E WOODLAWN,39.164352,-86.522592
2009,10,6,Weekday,1500,3+ Cars,Non-incapacitating,FAILURE TO YIELD RIGHT OF WAY,ROSE & THIRD ST,39.164352,-86.510944
2009,10,6,Weekend,2000,2-Car,No injury/unknown,BRAKE FAILURE OR DEFECTIVE,3RD ST & HIGH,39.164352,-86.508288
2009,10,6,Weekday,1700,3+ Cars,Non-incapacitating,SPEED TOO FAST FOR WEATHER CONDITIONS,E 3RD ST & S FACULTY,39.164352,-86.521088
2009,12,4,Weekday,1700,2-Car,No injury/unknown,FOLLOWING TOO CLOSELY,3RD ST & HIGH,39.164352,-86.508288
2009,1,6,Weekday,1100,1-Car,No injury/unknown,UNSAFE SPEED,3RD ST & WALKER,39.16434,-86.54629
2009,4,1,Weekend,700,1-Car,No injury/unknown,RAN OFF ROAD RIGHT,3RD ST & WALKER,39.16434,-86.54629
2009,2,2,Weekday,1400,1-Car,No injury/unknown,IMPROPER TURNING,S FESS AVE,39.16433371,-86.52579363
2009,1,4,Weekday,1700,1-Car,No injury/unknown,OVERCORRECTING/OVERSTEERING,37 & BURMA RD,39.16432,-86.50824
2009,3,6,Weekday,1400,1-Car,Non-incapacitating,OTHER (DRIVER) - EXPLAIN IN NARRATIVE,BRYAN & E THIRD ST,39.16432,-86.50824
2009,6,6,Weekday,1500,2-Car,No injury/unknown,UNSAFE BACKING,BRYAN & EAST 3RD ST,39.16432,-86.50824
2009,10,6,Weekday,200,1-Car,Non-incapacitating,ALCOHOLIC BEVERAGES,BURMA & SR37N,39.16432,-86.50824
2009,1,1,Weekend,1700,2-Car,No injury/unknown,LEFT OF CENTER,3RD ST & JEFFERSON,39.164304,-86.506992
2009,1,6,Weekday,1500,2-Car,No injury/unknown,FOLLOWING TOO CLOSELY,E 3RD ST & ROOSEVELT,39.164304,-86.505792
2009,3,6,Weekday,1400,2-Car,No injury/unknown,FOLLOWING TOO CLOSELY,3RD ST & JEFFERSON,39.164304,-86.506992
2009,3,6,Weekday,1400,Moped/Motorcycle,Non-incapacitating,IMPROPER PASSING,3RD ST & JEFFERSON,39.164304,-86.506992
2009,4,7,Weekend,1600,2-Car,Non-incapacitating,FAILURE TO YIELD RIGHT OF WAY,3RD ST & ROOSEVELT,39.164304,-86.505792
2009,4,7,Weekend,1600,3+ Cars,Non-incapacitating,OTHER (DRIVER) - EXPLAIN IN NARRATIVE,3RD ST & ROOSEVELT,39.164304,-86.505792
2009,7,4,Weekday,1700,2-Car,No injury/unknown,DRIVER DISTRACTED - EXPLAIN IN NARRATIVE,EAST 3RD ST & JEFFERSON,39.164304,-86.506992
2009,7,5,Weekday,1700,2-Car,Non-incapacitating,SPEED TOO FAST FOR WEATHER CONDITIONS,EAST 3RD ST & JEFFERSON,39.164304,-86.506992
2009,8,6,Weekday,1100,2-Car,Non-incapacitating,FOLLOWING TOO CLOSELY,E 3RD ST & JEFFERSTON,39.164304,-86.506992
2009,8,2,Weekday,1300,2-Car,No injury/unknown,FOLLOWING TOO CLOSELY,E 3RD ST ST & ROOSEVELT ST,39.164304,-86.505792
2009,8,2,Weekday,1200,2-Car,No injury/unknown,FOLLOWING TOO CLOSELY,E 3RD ST ST & ROOSEVELT ST,39.164304,-86.505792
2009,9,3,Weekday,1700,2-Car,No injury/unknown,IMPROPER PASSING,3RD ST & JEFFERSON,39.164304,-86.506992
2009,11,6,Weekday,1400,2-Car,No injury/unknown,FAILURE TO YIELD RIGHT OF WAY,JEFFERSON & THIRD ST,39.164304,-86.506992
2009,11,6,Weekday,1200,2-Car,No injury/unknown,DRIVER DISTRACTED - EXPLAIN IN NARRATIVE,EAST THIRD ST & JEFFERSON,39.164304,-86.506992
2009,12,7,Weekend,1500,2-Car,No injury/unknown,IMPROPER LANE USAGE,E 3RD ST & JEFFERSON,39.164304,-86.506992
2009,12,5,Weekday,1700,2-Car,No injury/unknown,FAILURE TO YIELD RIGHT OF WAY,3RD & JEFFERSON ST,39.164304,-86.506992