Year,Month,Day,Weekend?,Hour,Collision Type,Injury Type,Primary Factor,Reported_Location,Latitude,Longitude
2009,9,3,Weekday,1500,2-Car,No injury/unknown,FAILURE TO YIELD RIGHT OF WAY,E 3RD ST,39.16423861,-86.49522852
2009,10,2,Weekday,700,2-Car,No injury/unknown,OTHER (DRIVER) - EXPLAIN IN NARRATIVE,E 3RD ST,39.16423861,-86.49522852
2009,12,3,Weekday,1300,2-Car,No injury/unknown,OTHER (DRIVER) - EXPLAIN IN NARRATIVE,E 3RD ST,39.16423861,-86.49522852
2009,12,1,Weekend,1700,2-Car,No injury/unknown,FAILURE TO YIELD RIGHT OF WAY,E 3RD ST,39.16423861,-86.49522852
2009,1,5,Weekday,1600,2-Car,No injury/unknown,UNSAFE BACKING,E 3RD ST,39.16423674,-86.49805388
2009,6,5,Weekday,2000,2-Car,No injury/unknown,UNSAFE BACKING,E 3RD ST,39.16423674,-86.49805388
2009,8,3,Weekday,1800,2-Car,No injury/unknown,UNSAFE BACKING,E 3RD ST,39.16423674,-86.49805388
2009,1,1,Weekend,1300,3+ Cars,Non-incapacitating,BRAKE FAILURE OR DEFECTIVE,3RD ST & COLLEGE MALL RD,39.16423667,-86.49804722
2009,7,7,Weekend,1200,3+ Cars,No injury/unknown,FOLLOWING TOO CLOSELY,COLLEGE MALL & SR46E,39.16423501,-86.49787082
2009,7,2,Weekday,1200,2-Car,No injury/unknown,FAILURE TO YIELD RIGHT OF WAY,PETE ELLIS & SR46E,39.16423127,-86.49596995
2009,1,4,Weekday,1400,Pedestrian,Non-incapacitating,PEDESTRIAN ACTION,3RD ST & COLLEGE MALL,39.16423002,-86.49734165
2009,8,4,Weekday,1500,2-Car,No injury/unknown,OTHER (DRIVER) - EXPLAIN IN NARRATIVE,EAST 3RD ST,39.16422957,-86.47214833
2009,8,7,Weekend,1600,2-Car,No injury/unknown,FAILURE TO YIELD RIGHT OF WAY,THIRD ST,39.16422957,-86.4761918
2009,9,4,Weekday,1300,1-Car,No injury/unknown,DRIVER ASLEEP OR FATIGUED,SR46E & STATE ROAD 446,39.16422957,-86.47221656
2009,11,1,Weekend,1100,1-Car,No injury/unknown,ANIMAL/OBJECT IN ROADWAY,SR446 & SR46E,39.16422957,-86.47210415
2009,11,2,Weekday,2000,1-Car,No injury/unknown,ANIMAL/OBJECT IN ROADWAY,3RD & SR46E,39.16422957,-86.47204362
2009,8,7,Weekend,1600,1-Car,No injury/unknown,DRIVER DISTRACTED - EXPLAIN IN NARRATIVE,SOUTH DAVISSON ST,39.164228,-86.545656
2009,7,6,Weekend,2000,2-Car,No injury/unknown,FAILURE TO YIELD RIGHT OF WAY,E 3RD ST & SMITH,39.16422615,-86.48124157
2009,7,3,Weekday,2200,2-Car,No injury/unknown,,EAST 3RD ST,39.16422615,-86.48113686
2009,8,2,Weekday,1700,1-Car,No injury/unknown,UNSAFE BACKING,EAST 3RD ST,39.16422615,-86.47812474
2009,9,6,Weekday,100,2-Car,No injury/unknown,OTHER (DRIVER) - EXPLAIN IN NARRATIVE,EAST 3RD ST,39.16422615,-86.48113686
2009,11,6,Weekend,1900,2-Car,No injury/unknown,FAILURE TO YIELD RIGHT OF WAY,EAST THIRD ST & PARKRIDGE,39.16422615,-86.47630108
2009,8,5,Weekday,1500,2-Car,No injury/unknown,UNSAFE BACKING,E 3RD ST,39.16422436,-86.49666727
2009,12,2,Weekday,1300,2-Car,No injury/unknown,UNSAFE BACKING,E 3RD ST,39.16422436,-86.49666727
2009,11,7,Weekend,1900,2-Car,No injury/unknown,UNSAFE BACKING,E 3RD ST,39.164224,-86.496704
2009,3,4,Weekday,1600,2-Car,No injury/unknown,FAILURE TO YIELD RIGHT OF WAY,3RD ST & PARKRIDGE,39.16422,-86.4763
2009,4,3,Weekday,1300,2-Car,No injury/unknown,FOLLOWING TOO CLOSELY,3RD ST ST & WILLIAMSBURG,39.16422,-86.49658
2009,6,5,Weekday,1400,3+ Cars,Non-incapacitating,FAILURE TO YIELD RIGHT OF WAY,3RD ST & PARKRIDGE,39.16422,-86.4763
2009,5,7,Weekend,1200,2-Car,No injury/unknown,,EAST THIRD ST,39.164212,-86.495029
2009,3,7,Weekend,100,2-Car,No injury/unknown,OTHER (DRIVER) - EXPLAIN IN NARRATIVE,EAST THIRD ST,39.16421,-86.481219
2009,4,6,Weekend,2000,2-Car,No injury/unknown,LEFT OF CENTER,3RD ST & REISNER,39.16421,-86.48800865
2009,5,6,Weekday,900,2-Car,Non-incapacitating,UNSAFE BACKING,E THIRD RD,39.16421,-86.493712
2009,9,7,Weekend,1300,2-Car,No injury/unknown,FOLLOWING TOO CLOSELY,3RD & COLLEGE MALL RD,39.16410464,-86.49837029
2009,10,4,Weekday,1100,2-Car,No injury/unknown,IMPROPER TURNING,310 SOUTH HENDERSON ST & FESS,39.164092,-86.52727008
2009,4,7,Weekend,1900,2-Car,No injury/unknown,UNSAFE BACKING,S DUNN ST,39.164048,-86.5284
2009,11,3,Weekday,1200,Moped/Motorcycle,Non-incapacitating,DRIVER DISTRACTED - EXPLAIN IN NARRATIVE,3RD ST & COLLEGE MALL RD,39.16403695,-86.49835543
2009,12,2,Weekday,700,Bus,No injury/unknown,FAILURE TO YIELD RIGHT OF WAY,SMITH RD & SR46E,39.16396535,-86.480688
2009,10,3,Weekday,0,1-Car,No injury/unknown,OTHER (DRIVER) - EXPLAIN IN NARRATIVE,SOUTH WALNUT ST,39.163964,-86.533629
2009,12,3,Weekday,900,2-Car,No injury/unknown,UNSAFE BACKING,S COLLEGE MALL RD,39.16394547,-86.49833535
2009,11,5,Weekday,800,2-Car,Non-incapacitating,OTHER (DRIVER) - EXPLAIN IN NARRATIVE,BENDER & SR46E,39.16385943,-86.43697702
2009,9,6,Weekday,1500,2-Car,No injury/unknown,,S GRANT ST,39.16383543,-86.52973518
2009,11,5,Weekday,1600,1-Car,Non-incapacitating,,CURRY & EAST WEST ALY,39.16377087,-86.58286572
2009,1,5,Weekday,2000,2-Car,No injury/unknown,OTHER (DRIVER) - EXPLAIN IN NARRATIVE,SOUTH SWAIN AVE,39.163731,-86.515269
2009,7,2,Weekday,1600,2-Car,No injury/unknown,OTHER (DRIVER) - EXPLAIN IN NARRATIVE,3RD & COLLEGE MALL RD,39.16369854,-86.49828114
2009,7,2,Weekday,1600,2-Car,No injury/unknown,OTHER (DRIVER) - EXPLAIN IN NARRATIVE,3RD & COLLEGE MALL RD,39.16369854,-86.49828114
2009,8,2,Weekday,900,2-Car,No injury/unknown,UNSAFE BACKING,S PARK RIDGE RD,39.163696,-86.47629
2009,8,5,Weekday,1700,2-Car,No injury/unknown,UNSAFE BACKING,S PARKRIDGE RD,39.163696,-86.47629
2009,9,3,Weekday,700,1-Car,No injury/unknown,OVERCORRECTING/OVERSTEERING,GARRISON CHAPEL & SR48W,39.16368721,-86.6500031
2009,8,2,Weekday,500,1-Car,No injury/unknown,ANIMAL/OBJECT IN ROADWAY,BENDER & SR46E,39.163648,-86.438
2009,10,3,Weekday,1100,2-Car,No injury/unknown,OTHER (DRIVER) - EXPLAIN IN NARRATIVE,ATWATER AVE & HENDERSON,39.1636428,-86.52765256
2009,2,5,Weekday,1300,2-Car,No injury/unknown,OTHER (DRIVER) - EXPLAIN IN NARRATIVE,SO WOODSCREST AVE,39.163616,-86.502414
2009,5,1,Weekend,1700,1-Car,No injury/unknown,ANIMAL/OBJECT IN ROADWAY,GETTYS CREEK & SR46E,39.16361435,-86.42136756
2009,9,5,Weekday,2300,2-Car,No injury/unknown,UNSAFE BACKING,S DUNN ST,39.16357432,-86.5284
2009,3,2,Weekday,1100,2-Car,No injury/unknown,IMPROPER LANE USAGE,BELLE AVE & CURRY PIKE PIKE,39.163552,-86.582896
2009,5,7,Weekend,2000,1-Car,No injury/unknown,ALCOHOLIC BEVERAGES,GARRISON CHAPEL & SR48W,39.163552,-86.649696
2009,10,6,Weekday,1600,2-Car,No injury/unknown,OTHER (DRIVER) - EXPLAIN IN NARRATIVE,SPRIGGS BLVD,39.163552,-86.59977
2009,12,3,Weekday,1700,2-Car,Non-incapacitating,FAILURE TO YIELD RIGHT OF WAY,BELLE & S CURRY PIKE,39.163552,-86.582896
2009,4,5,Weekday,1700,2-Car,No injury/unknown,IMPROPER LANE USAGE,ATWATER & FACULTY AVE,39.16352222,-86.52102787
2009,4,2,Weekday,1700,2-Car,No injury/unknown,UNSAFE BACKING,2ND & WASHINGTON ST,39.16349992,-86.5324
2009,1,4,Weekday,700,2-Car,No injury/unknown,OTHER (DRIVER) - EXPLAIN IN NARRATIVE,3RD ST & PATTERSON,39.16346117,-86.55130339
2009,4,5,Weekday,1700,2-Car,No injury/unknown,ALCOHOLIC BEVERAGES,3RD ST & PATTERSON,39.16346117,-86.55130339
2009,5,5,Weekday,1600,2-Car,No injury/unknown,FAILURE TO YIELD RIGHT OF WAY,PATTERSON & WEST 3RD ST,39.16346117,-86.55130339
2009,6,7,Weekend,2200,2-Car,Non-incapacitating,FAILURE TO YIELD RIGHT OF WAY,N PATTERSON & W 3RD ST,39.16346117,-86.55130339
2009,10,5,Weekday,1100,2-Car,No injury/unknown,FAILURE TO YIELD RIGHT OF WAY,BELLE & HICKORY DR,39.16344,-86.58584
2009,12,5,Weekday,2100,2-Car,No injury/unknown,DISREGARD SIGNAL/REG SIGN,BELLE AVE & HICKORY,39.16344,-86.58584
2009,1,4,Weekday,900,1-Car,No injury/unknown,RAN OFF ROAD RIGHT,CLARIZZ BLVD BLVD & WILMINGTON CT,39.16343,-86.49083
2009,4,4,Weekday,500,Moped/Motorcycle,Fatal,FAILURE TO YIELD RIGHT OF WAY,3RD ST & PATTERSON,39.16342981,-86.55124784
2009,2,7,Weekend,1100,3+ Cars,Non-incapacitating,ROADWAY SURFACE CONDITION,GARRISON CHAPEL & SR48W,39.16339763,-86.64617348
2009,1,7,Weekend,600,2-Car,No injury/unknown,ROADWAY SURFACE CONDITION,WILMINGTON CT,39.163396,-86.490137
2009,9,5,Weekday,1500,1-Car,Non-incapacitating,OVERCORRECTING/OVERSTEERING,GETTYS CREEK & SR46E,39.163381,-86.41717517
2009,1,6,Weekday,1700,2-Car,Non-incapacitating,DISREGARD SIGNAL/REG SIGN,ATWATER AVE & HENDERSON,39.163344,-86.5272
2009,5,4,Weekday,1500,2-Car,Non-incapacitating,FAILURE TO YIELD RIGHT OF WAY,ATWATER AVE & HENDERSON,39.163344,-86.5272
2009,9,2,Weekday,1900,2-Car,No injury/unknown,FAILURE TO YIELD RIGHT OF WAY,ATWATER AVE & HENDERSON,39.163344,-86.5272
2009,12,6,Weekday,1200,2-Car,No injury/unknown,FAILURE TO YIELD RIGHT OF WAY,ATWATER AVE & HENDERSON,39.163344,-86.5272
2009,12,4,Weekday,1700,2-Car,No injury/unknown,FAILURE TO YIELD RIGHT OF WAY,ATWATER AVE & HENDERSON,39.163344,-86.5272
2009,6,2,Weekday,1500,2-Car,No injury/unknown,FAILURE TO YIELD RIGHT OF WAY,ATWATER AVE & S FESS,39.163328,-86.525808
2009,4,5,Weekday,1800,3+ Cars,No injury/unknown,FAILURE TO YIELD RIGHT OF WAY,6 TH & N WALNUT ST,39.16331991,-86.5336
2009,7,7,Weekend,1300,2-Car,No injury/unknown,UNSAFE BACKING,BELL & HICKORY LN,39.1633,-86.58586
2009,8,2,Weekday,1400,2-Car,No injury/unknown,FAILURE TO YIELD RIGHT OF WAY,ATWATER ST & HAWTHORNE,39.163232,-86.520176
2009,3,6,Weekday,1600,2-Car,No injury/unknown,FAILURE TO YIELD RIGHT OF WAY,ATWATER AVE & INDIANA,39.16323,-86.52783
2009,8,2,Weekday,1600,3+ Cars,No injury/unknown,DRIVER DISTRACTED - EXPLAIN IN NARRATIVE,COLLEGE AVE & SMITH,39.16321865,-86.53482941
2009,1,4,Weekday,800,2-Car,Non-incapacitating,ROADWAY SURFACE CONDITION,ATWATER AVE & BALLANTINE,39.163216,-86.519024
2009,9,6,Weekday,800,2-Car,No injury/unknown,FAILURE TO YIELD RIGHT OF WAY,ATWATER AVE & BALLANTINE,39.163216,-86.519024
2009,3,3,Weekday,1500,2-Car,No injury/unknown,DISREGARD SIGNAL/REG SIGN,ATWATER AVE & HIGHLAND,39.1632,-86.517584
2009,8,7,Weekend,1400,2-Car,No injury/unknown,FAILURE TO YIELD RIGHT OF WAY,SOUTH HIGHLAND ST,39.1632,-86.517584
2009,9,1,Weekend,1200,2-Car,Non-incapacitating,FAILURE TO YIELD RIGHT OF WAY,ATWATER AVE & HIGHLAND,39.1632,-86.517584
2009,10,6,Weekday,1100,2-Car,Non-incapacitating,DISREGARD SIGNAL/REG SIGN,E ATWATER AVE & SO HIGHLAND,39.1632,-86.517584
2009,2,6,Weekday,1600,2-Car,No injury/unknown,FOLLOWING TOO CLOSELY,ATWATER AVE & JORDAN,39.163168,-86.516384
2009,3,4,Weekday,900,2-Car,No injury/unknown,IMPROPER LANE USAGE,1400 E ATWATER ST & 400 S JORDAN,39.163168,-86.516384
2009,12,6,Weekday,0,1-Car,No injury/unknown,ALCOHOLIC BEVERAGES,E ATWATER AVE & S JORDAN,39.163168,-86.516384
2009,1,3,Weekday,1300,2-Car,No injury/unknown,FAILURE TO YIELD RIGHT OF WAY,ATWATER AVE & HENDERSON,39.16314,-86.52727
2009,7,2,Weekday,1200,2-Car,No injury/unknown,FAILURE TO YIELD RIGHT OF WAY,ATWATER & HENDERSON ST,39.16314,-86.52727
2009,12,5,Weekday,1500,2-Car,Non-incapacitating,FAILURE TO YIELD RIGHT OF WAY,ATWATER ST & HENDERSON,39.16314,-86.52727
2009,2,6,Weekday,900,2-Car,Non-incapacitating,FAILURE TO YIELD RIGHT OF WAY,ATWATER AVE & MITCHELL,39.163136,-86.514096
2009,9,7,Weekend,0,Pedestrian,Non-incapacitating,FAILURE TO YIELD RIGHT OF WAY,600 E ATWATER AVE & S FESS,39.16312649,-86.52587459
2009,11,6,Weekday,0,1-Car,No injury/unknown,OTHER (DRIVER) - EXPLAIN IN NARRATIVE,CAVE & SR48W,39.16312308,-86.6290536
2009,1,2,Weekday,1100,2-Car,No injury/unknown,FAILURE TO YIELD RIGHT OF WAY,ATWATER AVE & EASTSIDE,39.16312,-86.513088
2009,4,3,Weekday,2300,2-Car,No injury/unknown,FAILURE TO YIELD RIGHT OF WAY,ATWATER AVE & WOODLAWN,39.16312,-86.52262
2009,5,3,Weekday,900,2-Car,No injury/unknown,OTHER (DRIVER) - EXPLAIN IN NARRATIVE,ATWATER & S EASTSIDE DR,39.16312,-86.513088
2009,6,3,Weekday,900,3+ Cars,Non-incapacitating,FAILURE TO YIELD RIGHT OF WAY,ATWATER AVE & FESS,39.16312,-86.5259
2009,7,6,Weekday,1600,1-Car,Non-incapacitating,RAN OFF ROAD RIGHT,ATWATER AVE & WOODLAWN,39.16312,-86.52262
2009,10,3,Weekday,1300,Pedestrian,Non-incapacitating,PEDESTRIAN ACTION,ATWATER AVE AVE & WOODLAWN AVE,39.16312,-86.52262
2009,10,4,Weekday,2300,2-Car,No injury/unknown,FAILURE TO YIELD RIGHT OF WAY,ATWATER AVE & WOODLAWN,39.16312,-86.52262
2009,11,2,Weekday,1700,Moped/Motorcycle,Non-incapacitating,OTHER (ENVIRONMENTAL) - EXPLAIN IN NARR,ATWATER AVE & WOODLAWN,39.16312,-86.52262
2009,12,4,Weekday,1300,2-Car,No injury/unknown,FAILURE TO YIELD RIGHT OF WAY,ATWATER AVE & FESS,39.16312,-86.5259
2009,4,4,Weekday,1700,1-Car,No injury/unknown,OTHER (DRIVER) - EXPLAIN IN NARRATIVE,E ATWATER AVE,39.163116,-86.522225
2009,5,3,Weekday,1700,2-Car,No injury/unknown,UNSAFE BACKING,E ATWATER AVE,39.16311,-86.524015
2009,1,4,Weekday,800,2-Car,No injury/unknown,SPEED TOO FAST FOR WEATHER CONDITIONS,3RD & SR37N,39.16310424,-86.57313054
2009,1,5,Weekday,1900,2-Car,No injury/unknown,FAILURE TO YIELD RIGHT OF WAY,EAST ATWATER AVE & SOUTH ARBUTUS,39.1631,-86.51218
2009,9,1,Weekend,200,1-Car,No injury/unknown,OTHER (VEHICLE) - EXPLAIN IN NARRATIVE,ATWATER & FACULTY ST,39.1631,-86.52106
2009,1,3,Weekday,1500,2-Car,No injury/unknown,OTHER (DRIVER) - EXPLAIN IN NARRATIVE,ATWATER AVE & HAWTHORNE,39.16309,-86.52021
2009,3,3,Weekday,800,2-Car,No injury/unknown,DRIVER DISTRACTED - EXPLAIN IN NARRATIVE,ATWATER & HAWTHORNE AVE,39.16309,-86.52021
2009,4,3,Weekday,1700,2-Car,No injury/unknown,LEFT OF CENTER,ATWATER & CLIFTON AVE,39.16309,-86.50968
2009,8,6,Weekday,1500,3+ Cars,No injury/unknown,DRIVER DISTRACTED - EXPLAIN IN NARRATIVE,ATWATER AVE & CLIFTON,39.16309,-86.50968
2009,2,7,Weekend,1200,3+ Cars,Non-incapacitating,FAILURE TO YIELD RIGHT OF WAY,ATWATER & HIGH ST,39.16308,-86.50847
2009,10,4,Weekday,800,1-Car,No injury/unknown,ANIMAL/OBJECT IN ROADWAY,3RD & SR446N,39.16307696,-86.47178785
2009,7,2,Weekday,1000,2-Car,Non-incapacitating,FAILURE TO YIELD RIGHT OF WAY,SO CLARIZZ BLVD & WILMINGTON,39.163056,-86.490752
2009,1,4,Weekday,900,1-Car,No injury/unknown,ROADWAY SURFACE CONDITION,ATWATER AVE & JORDAN,39.16305,-86.51639
2009,1,7,Weekend,0,2-Car,No injury/unknown,IMPROPER TURNING,ATWATER AVE & JORDAN,39.16305,-86.51639
2009,4,2,Weekday,1100,2-Car,No injury/unknown,FOLLOWING TOO CLOSELY,ATWATER AVE AVE & JORDAN AVE,39.16305,-86.51639
2009,8,7,Weekend,1400,2-Car,No injury/unknown,FAILURE TO YIELD RIGHT OF WAY,E ATWATER AVE & SOUTH HIGHLAND,39.16304453,-86.51771252
2009,12,1,Weekend,1100,2-Car,No injury/unknown,DRIVER DISTRACTED - EXPLAIN IN NARRATIVE,JACKSON & SMITH AVE,39.16301094,-86.53935906
2009,8,6,Weekday,1400,Cyclist,Non-incapacitating,FOLLOWING TOO CLOSELY,EAST DRIVE RD & S COLLEGE MALL,39.16296813,-86.49801135
2009,10,6,Weekday,1800,1-Car,No injury/unknown,UNSAFE BACKING,S PARK RIDGE RD,39.16296,-86.476279
2009,1,3,Weekday,800,2-Car,No injury/unknown,IMPROPER LANE USAGE,SMITH & SOUTH COLLEGE AVE,39.162944,-86.534832
2009,4,7,Weekend,800,2-Car,No injury/unknown,OTHER (DRIVER) - EXPLAIN IN NARRATIVE,S COLLEGE AVE & SMITH,39.162944,-86.534832
2009,7,2,Weekday,1800,2-Car,No injury/unknown,FOLLOWING TOO CLOSELY,S COLLEGE MALL RD,39.162928,-86.498112
2009,7,3,Weekday,1600,2-Car,No injury/unknown,OTHER (DRIVER) - EXPLAIN IN NARRATIVE,ATWATER & JORDAN AVE,39.16289337,-86.51637927
2009,12,3,Weekday,1300,2-Car,No injury/unknown,FAILURE TO YIELD RIGHT OF WAY,MADISON & SMITH AVE,39.16287,-86.53742
2009,5,4,Weekday,1600,2-Car,No injury/unknown,FAILURE TO YIELD RIGHT OF WAY,46 & SMITH PIKE,39.16286673,-86.480688
2009,9,5,Weekday,1300,2-Car,No injury/unknown,IMPROPER TURNING,COLLEGE AVE & SMITH,39.16285,-86.53494
2009,1,6,Weekday,100,2-Car,No injury/unknown,,DUNN & SMITH AVE,39.162848,-86.5284
2009,3,2,Weekday,1400,2-Car,No injury/unknown,UNSAFE BACKING,S HENDERSON ST,39.162848,-86.527184
2009,5,6,Weekday,1400,2-Car,No injury/unknown,PRESCRIPTION DRUGS,SOUTH WASHINGTON ST,39.162848,-86.5324
2009,6,2,Weekday,1300,1-Car,Non-incapacitating,BRAKE FAILURE OR DEFECTIVE,300 S WASHINGTON ST & SMITH,39.162848,-86.5324
2009,7,6,Weekday,1500,3+ Cars,No injury/unknown,FAILURE TO YIELD RIGHT OF WAY,E SMITH & S DUNN ST,39.162848,-86.5284
2009,9,5,Weekday,1400,2-Car,No injury/unknown,FAILURE TO YIELD RIGHT OF WAY,SMITH & WASHINGTON ST,39.162848,-86.5324
2009,10,1,Weekend,1200,2-Car,No injury/unknown,OTHER (DRIVER) - EXPLAIN IN NARRATIVE,DUNN ST & SMITH,39.162848,-86.5284
2009,11,3,Weekday,2100,3+ Cars,No injury/unknown,SPEED TOO FAST FOR WEATHER CONDITIONS,S HENDERSON ST,39.162848,-86.527184
2009,12,6,Weekday,1700,2-Car,No injury/unknown,IMPROPER TURNING,EAST SMITH & SOUTH HENDERSON ST,39.162848,-86.527184
2009,12,4,Weekday,1400,2-Car,No injury/unknown,UNSAFE BACKING,S HENDERSON ST,39.162848,-86.527184
2009,4,1,Weekend,300,2-Car,No injury/unknown,FAILURE TO YIELD RIGHT OF WAY,DUNN & SMITH AVE,39.16281,-86.52843
2009,12,2,Weekday,1400,2-Car,No injury/unknown,OTHER (DRIVER) - EXPLAIN IN NARRATIVE,SOUTH COLLEGE AVE,39.162747,-86.534936
2009,8,1,Weekend,1200,2-Car,No injury/unknown,,GRANT ST & SMITH,39.16271068,-86.52974556
2009,4,1,Weekend,1600,1-Car,Non-incapacitating,RAN OFF ROAD RIGHT,LOWER BIRDIE GALYAN & SR46E,39.16270985,-86.41331991
2009,11,2,Weekday,1000,1-Car,No injury/unknown,UNSAFE SPEED,LOWER BIRDIE GALYAN & SR46E,39.16270985,-86.41331991
2009,9,5,Weekday,1000,2-Car,No injury/unknown,FOLLOWING TOO CLOSELY,ADAMS ST & PATTERSON,39.16267,-86.5505
2009,10,3,Weekday,1600,2-Car,Non-incapacitating,UNSAFE BACKING,ADAMS & PATTERSON DR,39.16267,-86.5505
2009,12,6,Weekday,1400,2-Car,Non-incapacitating,FOLLOWING TOO CLOSELY,ADAMS & PATTERSON DR,39.16267,-86.5505
2009,12,3,Weekday,1400,2-Car,No injury/unknown,FAILURE TO YIELD RIGHT OF WAY,S LANDMARK AVE,39.16266204,-86.55615965
2009,5,6,Weekday,700,2-Car,No injury/unknown,FAILURE TO YIELD RIGHT OF WAY,NORTH & S WALNUT ST,39.16260559,-86.53181
2009,8,3,Weekday,1300,2-Car,Non-incapacitating,FOLLOWING TOO CLOSELY,EASTLAND PLAZA & S COLLEGE MALL RD,39.16258547,-86.49794698
2009,10,3,Weekday,800,2-Car,No injury/unknown,UNSAFE BACKING,LARKSPUR LN & WOODHILL,39.16253623,-86.54724
2009,6,7,Weekend,0,1-Car,No injury/unknown,OTHER (DRIVER) - EXPLAIN IN NARRATIVE,W HOWE ST,39.16250414,-86.54388176
2009,1,5,Weekday,300,1-Car,No injury/unknown,OTHER (DRIVER) - EXPLAIN IN NARRATIVE,WEST WOODHILL & WESTPIONTE DR,39.16244622,-86.54824
2009,5,5,Weekday,1500,2-Car,Non-incapacitating,FAILURE TO YIELD RIGHT OF WAY,HOWE & S ROGERS ST,39.1624,-86.53869
2009,12,3,Weekday,1100,3+ Cars,Incapacitating,FOLLOWING TOO CLOSELY,HOWE & SOUTH ROGERS ST,39.1624,-86.538592
2009,7,3,Weekday,1400,2-Car,No injury/unknown,FAILURE TO YIELD RIGHT OF WAY,2ND & COLLEGE AVE,39.16226394,-86.53483924
2009,4,4,Weekday,600,2-Car,No injury/unknown,,HENDERSON & HUNTER AVE,39.16226,-86.52724433
2009,12,7,Weekend,1600,2-Car,No injury/unknown,FAILURE TO YIELD RIGHT OF WAY,FESS & HUNTER AVE,39.16225,-86.52591
2009,3,5,Weekday,1900,2-Car,No injury/unknown,FAILURE TO YIELD RIGHT OF WAY,HUNTER & SWAIN AVE,39.16224,-86.515152
2009,5,3,Weekday,300,1-Car,No injury/unknown,ALCOHOLIC BEVERAGES,E HUNTER AVE,39.16224,-86.51619429
2009,6,4,Weekday,1200,2-Car,No injury/unknown,FAILURE TO YIELD RIGHT OF WAY,HUNTER & WOODLAWN ST,39.16224,-86.522576
2009,11,6,Weekday,300,2-Car,No injury/unknown,IMPROPER TURNING,HENDERSON ST,39.162214,-86.527237
2009,7,2,Weekday,1300,2-Car,Non-incapacitating,OTHER (DRIVER) - EXPLAIN IN NARRATIVE,2ND ST & CORY,39.162048,-86.5592944
2009,12,4,Weekday,1500,2-Car,No injury/unknown,IMPROPER LANE USAGE,S LANDMARK AVE,39.16204732,-86.55561324
2009,1,4,Weekday,1500,2-Car,No injury/unknown,OTHER (DRIVER) - EXPLAIN IN NARRATIVE,2ND & COLLEGE MALL RD,39.16202827,-86.49792334
2009,10,5,Weekday,1000,1-Car,No injury/unknown,OVERCORRECTING/OVERSTEERING,3RD ST & SR37N,39.16200597,-86.57316611
2009,4,2,Weekday,1700,2-Car,No injury/unknown,ROADWAY SURFACE CONDITION,2ND & COLLEGE AVE,39.16198929,-86.53484216
2009,1,7,Weekend,2000,1-Car,No injury/unknown,ROADWAY SURFACE CONDITION,SR46 & SR46W,39.161936,-86.31993792
2009,8,1,Weekend,1600,2-Car,No injury/unknown,,S COLLEGE MALL RD,39.16191346,-86.49789927
2009,10,3,Weekday,1300,2-Car,No injury/unknown,FAILURE TO YIELD RIGHT OF WAY,W 2ND ST,39.16191072,-86.55699977
2009,2,2,Weekday,1600,2-Car,No injury/unknown,OTHER (DRIVER) - EXPLAIN IN NARRATIVE,S COLLEGE MALL RD,39.16171055,-86.49785673
2009,10,3,Weekday,200,1-Car,No injury/unknown,OTHER (DRIVER) - EXPLAIN IN NARRATIVE,S PARK RIDGE RD,39.16166,-86.476368
2009,1,2,Weekday,1500,2-Car,No injury/unknown,BRAKE FAILURE OR DEFECTIVE,2ND & COLLEGE AVE,39.16163225,-86.53484596
2009,7,6,Weekday,1800,2-Car,No injury/unknown,UNSAFE BACKING,W 2ND ST,39.16160339,-86.54349624
2009,12,4,Weekday,1600,3+ Cars,No injury/unknown,FOLLOWING TOO CLOSELY,EUCLID & W 2ND ST,39.1616,-86.543296
2009,11,3,Weekday,1500,2-Car,Non-incapacitating,CELL PHONE USAGE,SOUTH MAPLE & WEST 2ND ST,39.161568,-86.542096
2009,3,5,Weekday,1000,2-Car,No injury/unknown,LEFT OF CENTER,W 2ND ST,39.16153611,-86.53976784
2009,6,4,Weekday,600,1-Car,Non-incapacitating,DRIVER ILLNESS,W 2ND ST,39.16153611,-86.53976784
2009,1,3,Weekday,1400,2-Car,No injury/unknown,OVERCORRECTING/OVERSTEERING,W 2ND ST,39.16152226,-86.53875662
2009,6,5,Weekday,1300,2-Car,No injury/unknown,FOLLOWING TOO CLOSELY,2ND ST & ROGERS,39.16152,-86.538592
2009,8,7,Weekend,2300,2-Car,No injury/unknown,FAILURE TO YIELD RIGHT OF WAY,S ROGERS & W 2ND ST,39.16152,-86.538592
2009,8,6,Weekday,1700,3+ Cars,No injury/unknown,SPEED TOO FAST FOR WEATHER CONDITIONS,S ROGERS & W 2ND ST,39.16152,-86.538592
2009,11,3,Weekday,2100,3+ Cars,Non-incapacitating,OTHER (DRIVER) - EXPLAIN IN NARRATIVE,2ND ST & ROGERS,39.16152,-86.538592
2009,9,4,Weekday,1400,2-Car,No injury/unknown,DRIVER DISTRACTED - EXPLAIN IN NARRATIVE,2ND ST & ROGERS,39.16150694,-86.53806307
2009,12,7,Weekend,1300,2-Car,Non-incapacitating,FAILURE TO YIELD RIGHT OF WAY,2ND & COLLEGE MALL RD,39.16148614,-86.49780967
2009,2,2,Weekday,1000,2-Car,No injury/unknown,FOLLOWING TOO CLOSELY,MORTON & W 2ND ST,39.161472,-86.53624