Year,Month,Day,Weekend?,Hour,Collision Type,Injury Type,Primary Factor,Reported_Location,Latitude,Longitude
2009,2,2,Weekday,1000,2-Car,No injury/unknown,UNSAFE BACKING,S LANDMARK AVE,39.16145993,-86.55452041
2009,6,7,Weekend,1300,2-Car,No injury/unknown,OTHER (DRIVER) - EXPLAIN IN NARRATIVE,2ND ST & COLLEGE,39.16145959,-86.53555315
2009,8,3,Weekday,100,3+ Cars,No injury/unknown,ALCOHOLIC BEVERAGES,2ND ST & GRANT,39.16144,-86.5294072
2009,1,1,Weekend,700,2-Car,No injury/unknown,DISREGARD SIGNAL/REG SIGN,2ND ST & COLLEGE,39.16144,-86.534848
2009,1,5,Weekday,1400,2-Car,No injury/unknown,FAILURE TO YIELD RIGHT OF WAY,E 2ND ST & GRANT,39.16144,-86.52976
2009,1,5,Weekday,1600,2-Car,No injury/unknown,IMPROPER TURNING,2ND ST & PARK,39.16144,-86.523952
2009,3,7,Weekend,1600,2-Car,No injury/unknown,UNSAFE SPEED,2ND ST & WASHINGTON,39.16144,-86.5324
2009,3,3,Weekday,1500,2-Car,No injury/unknown,UNSAFE BACKING,406 E 2ND ST & GRANT,39.16144,-86.52976
2009,4,6,Weekday,1600,2-Car,No injury/unknown,WRONG WAY ON ONE WAY,2ND ST & COLLEGE,39.16144,-86.534848
2009,4,2,Weekday,1500,3+ Cars,No injury/unknown,FOLLOWING TOO CLOSELY,W 2ND ST & WALNUT,39.16144,-86.5336
2009,4,5,Weekday,1500,2-Car,No injury/unknown,DRIVER DISTRACTED - EXPLAIN IN NARRATIVE,2ND & COLLEGE AVE,39.16144,-86.534848
2009,5,4,Weekday,900,2-Car,No injury/unknown,OTHER (DRIVER) - EXPLAIN IN NARRATIVE,200 W 2ND & 400 S COLLEGE AVE,39.16144,-86.534848
2009,6,4,Weekday,1200,2-Car,No injury/unknown,DRIVER DISTRACTED - EXPLAIN IN NARRATIVE,COLLEGE & WEST 2ND ST,39.16144,-86.534848
2009,6,2,Weekday,800,1-Car,No injury/unknown,OTHER (ENVIRONMENTAL) - EXPLAIN IN NARR,2ND ST & WALNUT,39.16144,-86.5336
2009,10,4,Weekday,1000,2-Car,No injury/unknown,FAILURE TO YIELD RIGHT OF WAY,E 2ND & S LINCOLN ST,39.16144,-86.531056
2009,10,3,Weekday,1900,2-Car,No injury/unknown,SPEED TOO FAST FOR WEATHER CONDITIONS,2ND & COLLEGE AVE,39.16144,-86.534848
2009,10,6,Weekday,1400,2-Car,No injury/unknown,,DUNN & E 2ND ST,39.16144,-86.528288
2009,11,1,Weekend,1600,Moped/Motorcycle,Non-incapacitating,DISREGARD SIGNAL/REG SIGN,2ND & WALNUT ST,39.16144,-86.5336
2009,11,4,Weekday,800,2-Car,No injury/unknown,OTHER (DRIVER) - EXPLAIN IN NARRATIVE,E 2ND ST & S WASHINGTON,39.16144,-86.5324
2009,11,5,Weekday,1400,2-Car,No injury/unknown,SPEED TOO FAST FOR WEATHER CONDITIONS,2ND & PARK AVE,39.16144,-86.523952
2009,12,4,Weekday,800,2-Car,No injury/unknown,DISREGARD SIGNAL/REG SIGN,EAST 2ND ST & S LINCOLN,39.16144,-86.531056
2009,12,2,Weekday,1300,2-Car,No injury/unknown,,E 2ND ST,39.16144,-86.52976
2009,12,2,Weekday,1800,2-Car,No injury/unknown,IMPROPER LANE USAGE,2ND & S WALNUT ST,39.16144,-86.5336
2009,12,1,Weekend,1700,2-Car,No injury/unknown,FAILURE TO YIELD RIGHT OF WAY,2ND & HENDERSON ST,39.16144,-86.527152
2009,5,5,Weekday,1000,2-Car,No injury/unknown,FAILURE TO YIELD RIGHT OF WAY,SOUTH WALKER ST ST & WEST 2 ST,39.16143,-86.54611836
2009,10,3,Weekday,1700,2-Car,Non-incapacitating,FOLLOWING TOO CLOSELY,2ND ST & WALKER,39.16143,-86.54614
2009,7,5,Weekday,300,2-Car,No injury/unknown,OTHER (DRIVER) - EXPLAIN IN NARRATIVE,2ND ST,39.161411,-86.537441
2009,2,2,Weekday,2200,2-Car,No injury/unknown,DISREGARD SIGNAL/REG SIGN,200 W 2ND & 500 S COLLEGE AVE,39.16140529,-86.53489044
2009,1,4,Weekday,700,1-Car,No injury/unknown,OTHER (DRIVER) - EXPLAIN IN NARRATIVE,W 2ND ST,39.1614,-86.539965
2009,2,4,Weekday,1500,2-Car,No injury/unknown,ROADWAY SURFACE CONDITION,ROGERS & WEST 2ND ST,39.1614,-86.53869596
2009,5,6,Weekday,1600,Bus,No injury/unknown,ROADWAY SURFACE CONDITION,2ND ST & ROGERS,39.1614,-86.53867865
2009,6,6,Weekday,1800,3+ Cars,Non-incapacitating,OTHER (DRIVER) - EXPLAIN IN NARRATIVE,2ND & ROGERS ST,39.1614,-86.53867
2009,7,6,Weekday,1100,2-Car,No injury/unknown,FAILURE TO YIELD RIGHT OF WAY,W 2ND ST,39.1614,-86.539965
2009,8,3,Weekday,1600,2-Car,Non-incapacitating,FOLLOWING TOO CLOSELY,2ND ST & ROGERS,39.1614,-86.53867
2009,10,4,Weekday,800,2-Car,No injury/unknown,IMPROPER TURNING,2ND ST & WALNUT,39.1614,-86.53363
2009,11,3,Weekday,700,2-Car,No injury/unknown,FAILURE TO YIELD RIGHT OF WAY,2ND ST & ROGERS,39.1614,-86.53867
2009,4,6,Weekday,1700,3+ Cars,No injury/unknown,FOLLOWING TOO CLOSELY,2ND ST & MORTON,39.16139,-86.53631
2009,10,7,Weekend,1200,3+ Cars,Non-incapacitating,DRIVER DISTRACTED - EXPLAIN IN NARRATIVE,2ND ST & MORTON,39.16139,-86.53631
2009,7,2,Weekday,1000,2-Car,No injury/unknown,UNSAFE BACKING,WEST 2ND ST,39.161384,-86.535235
2009,9,5,Weekday,1400,2-Car,No injury/unknown,OTHER (DRIVER) - EXPLAIN IN NARRATIVE,WEST 2ND ST,39.161384,-86.535221
2009,2,5,Weekday,700,2-Car,No injury/unknown,OTHER (DRIVER) - EXPLAIN IN NARRATIVE,2ND & COLLEGE AVE,39.16138,-86.53493
2009,3,3,Weekday,1300,2-Car,No injury/unknown,FAILURE TO YIELD RIGHT OF WAY,2ND & COLLEGE AVE,39.16138,-86.53493
2009,6,2,Weekday,1500,2-Car,No injury/unknown,FOLLOWING TOO CLOSELY,2ND & COLLEGE AVE,39.16138,-86.53493
2009,7,2,Weekday,1600,2-Car,No injury/unknown,OTHER (DRIVER) - EXPLAIN IN NARRATIVE,SOUTH COLLEGE AVE & WEST SECOND,39.16138,-86.53493
2009,8,4,Weekday,1500,2-Car,No injury/unknown,FAILURE TO YIELD RIGHT OF WAY,2ND ST & COLLEGE,39.16138,-86.53493
2009,9,4,Weekday,1300,2-Car,Non-incapacitating,DISREGARD SIGNAL/REG SIGN,2ND ST & COLLEGE,39.16138,-86.53493
2009,12,7,Weekend,1900,2-Car,No injury/unknown,BRAKE FAILURE OR DEFECTIVE,2ND ST & COLLEGE,39.16138,-86.53493
2009,9,1,Weekday,2100,2-Car,No injury/unknown,FAILURE TO YIELD RIGHT OF WAY,PARK RIDGE RD,39.161374,-86.476579
2009,10,6,Weekday,300,2-Car,No injury/unknown,UNSAFE BACKING,S PARK RIDGE RD,39.161374,-86.476579
2009,3,1,Weekend,1000,2-Car,No injury/unknown,FAILURE TO YIELD RIGHT OF WAY,2ND ST & LINCOLN,39.16136,-86.53124
2009,5,3,Weekday,1600,2-Car,No injury/unknown,DISREGARD SIGNAL/REG SIGN,2ND & WASHINGTON ST,39.16136,-86.53241
2009,8,3,Weekday,400,3+ Cars,No injury/unknown,ALCOHOLIC BEVERAGES,2ND ST & GRANT,39.16136,-86.52988
2009,10,7,Weekend,1200,2-Car,No injury/unknown,FAILURE TO YIELD RIGHT OF WAY,E 2ND & S GRANT ST,39.16136,-86.52988
2009,12,5,Weekday,1000,2-Car,No injury/unknown,FAILURE TO YIELD RIGHT OF WAY,2ND ST & GRANT,39.16132332,-86.52991124
2009,4,6,Weekend,1900,2-Car,No injury/unknown,FAILURE TO YIELD RIGHT OF WAY,2ND ST & WOODLAWN,39.161312,-86.522576
2009,11,6,Weekday,1200,2-Car,No injury/unknown,OTHER (DRIVER) - EXPLAIN IN NARRATIVE,E 2ND ST & SO WOODLAWN,39.161312,-86.522576
2009,3,5,Weekday,1200,2-Car,No injury/unknown,UNSAFE BACKING,EAST 2ND ST,39.16131152,-86.52255127
2009,8,3,Weekday,1200,2-Car,No injury/unknown,FAILURE TO YIELD RIGHT OF WAY,WEST SR 45 RD,39.161296,-86.589792
2009,12,5,Weekday,1500,2-Car,No injury/unknown,UNSAFE BACKING,WEST SR 45 HWY,39.161296,-86.589792
2009,9,2,Weekday,1100,2-Car,No injury/unknown,FAILURE TO YIELD RIGHT OF WAY,LINGLEBACH & NORTH JORDAN AVE,39.16128325,-86.51253
2009,3,2,Weekday,1700,2-Car,No injury/unknown,UNSAFE BACKING,2ND & PARK AVE,39.161205,-86.524
2009,11,3,Weekday,1400,2-Car,No injury/unknown,BRAKE FAILURE OR DEFECTIVE,EAST 2ND ST & PARK,39.161205,-86.524
2009,5,4,Weekday,1500,2-Car,No injury/unknown,SPEED TOO FAST FOR WEATHER CONDITIONS,E 2ND ST & S HIGHLAND,39.1612,-86.517584
2009,12,4,Weekday,1200,2-Car,No injury/unknown,RAN OFF ROAD RIGHT,E 2ND ST & S HIGHLAND,39.1612,-86.517584
2009,9,4,Weekday,1900,2-Car,No injury/unknown,DISREGARD SIGNAL/REG SIGN,2ND ST & JORDAN,39.161168,-86.516352
2009,6,4,Weekday,1500,2-Car,No injury/unknown,IMPROPER TURNING,COLLEGE AVE,39.16115717,-86.53485253
2009,10,1,Weekend,1600,2-Car,No injury/unknown,UNSAFE BACKING,S COLLEGE AVE,39.16115717,-86.53485253
2009,10,7,Weekend,1600,2-Car,No injury/unknown,OTHER (VEHICLE) - EXPLAIN IN NARRATIVE,2ND & WOODLAWN ST,39.16107,-86.52264
2009,7,4,Weekday,1600,2-Car,No injury/unknown,OTHER (DRIVER) - EXPLAIN IN NARRATIVE,E 2ND ST & JORDAN,39.16104,-86.51638524
2009,2,2,Weekday,2300,2-Car,No injury/unknown,OTHER (DRIVER) - EXPLAIN IN NARRATIVE,2ND ST & HIGH,39.16099,-86.50847
2009,6,5,Weekday,1600,3+ Cars,Non-incapacitating,OTHER (DRIVER) - EXPLAIN IN NARRATIVE,2ND ST & HIGH,39.16099,-86.50847
2009,10,4,Weekday,200,1-Car,No injury/unknown,ANIMAL/OBJECT IN ROADWAY,E 2ND & S HIGH ST,39.16099,-86.50847
2009,8,4,Weekday,1500,2-Car,No injury/unknown,OTHER (VEHICLE) - EXPLAIN IN NARRATIVE,EAST 2ND ST,39.160963,-86.507148
2009,11,7,Weekend,1900,2-Car,No injury/unknown,FAILURE TO YIELD RIGHT OF WAY,2ND ST,39.160949,-86.50572
2009,4,6,Weekday,1800,2-Car,Non-incapacitating,FAILURE TO YIELD RIGHT OF WAY,300 S COLLEGE MALL & COLLEGE MALL RD,39.160944,-86.497696
2009,10,4,Weekday,1400,Bus,No injury/unknown,FOLLOWING TOO CLOSELY,2ND & S COLLEGE MALL RD,39.160944,-86.497696
2009,10,5,Weekday,2100,2-Car,No injury/unknown,SPEED TOO FAST FOR WEATHER CONDITIONS,2ND & HIGH ST,39.160944,-86.508288
2009,1,6,Weekday,1600,2-Car,Non-incapacitating,DISREGARD SIGNAL/REG SIGN,2ND & COLLEGE MALL RD,39.16094,-86.49772
2009,11,7,Weekend,1900,2-Car,Non-incapacitating,DRIVER DISTRACTED - EXPLAIN IN NARRATIVE,LOROY & S CURRY PIKE,39.160848,-86.582816
2009,12,3,Weekday,1400,2-Car,No injury/unknown,UNSAFE BACKING,SOUTH COLLEGE AVE,39.1608213,-86.53491777
2009,9,3,Weekday,1000,2-Car,No injury/unknown,OTHER (DRIVER) - EXPLAIN IN NARRATIVE,SO COLLEGE AVE,39.160811,-86.534946
2009,2,3,Weekday,200,1-Car,No injury/unknown,RAN OFF ROAD RIGHT,2ND ST & PATTERSON,39.16075,-86.54851
2009,3,6,Weekday,600,3+ Cars,Non-incapacitating,OTHER (DRIVER) - EXPLAIN IN NARRATIVE,2ND & PATTERSON DR,39.16075,-86.54851
2009,4,6,Weekday,1000,2-Car,Non-incapacitating,OTHER (DRIVER) - EXPLAIN IN NARRATIVE,2ND & PATTERSON DR,39.16075,-86.54851
2009,6,3,Weekday,1000,2-Car,Non-incapacitating,DRIVER DISTRACTED - EXPLAIN IN NARRATIVE,2ND ST ST & PATTERSON DR,39.16075,-86.54851
2009,7,2,Weekday,500,1-Car,No injury/unknown,,PATTERSON & W 2ND ST,39.16075,-86.54852298
2009,10,6,Weekday,1800,2-Car,Non-incapacitating,SPEED TOO FAST FOR WEATHER CONDITIONS,2ND ST & PATTERSON,39.16075,-86.54851
2009,10,1,Weekend,0,2-Car,Non-incapacitating,DISREGARD SIGNAL/REG SIGN,2ND ST & PATTERSON,39.16075,-86.54851
2009,11,4,Weekday,1700,2-Car,Non-incapacitating,FOLLOWING TOO CLOSELY,2ND ST & PATTERSON,39.16075,-86.54851
2009,11,4,Weekday,1400,2-Car,No injury/unknown,OTHER (DRIVER) - EXPLAIN IN NARRATIVE,2ND ST & PATTERSON,39.16075,-86.54851
2009,11,4,Weekday,1300,2-Car,Non-incapacitating,FAILURE TO YIELD RIGHT OF WAY,2ND ST & PATTERSON,39.16075,-86.54851
2009,6,4,Weekday,1800,2-Car,No injury/unknown,OTHER (DRIVER) - EXPLAIN IN NARRATIVE,SOUTH WALNUT ST,39.16071282,-86.5336
2009,8,4,Weekday,700,Bus,No injury/unknown,UNSAFE BACKING,W 2ND ST,39.16071,-86.548603
2009,3,6,Weekday,1700,1-Car,No injury/unknown,RAN OFF ROAD RIGHT,CURRY PIKE & LEROY,39.16067,-86.58268
2009,6,3,Weekday,1700,2-Car,No injury/unknown,FAILURE TO YIELD RIGHT OF WAY,2ND ST & ADAMS,39.16063579,-86.55010434
2009,5,2,Weekday,1100,2-Car,No injury/unknown,UNSAFE BACKING,S ROGERS ST,39.16061486,-86.538592
2009,9,5,Weekday,1600,2-Car,No injury/unknown,OTHER (DRIVER) - EXPLAIN IN NARRATIVE,S ROGERS ST,39.16061486,-86.538592
2009,8,4,Weekday,2300,Moped/Motorcycle,No injury/unknown,FAILURE TO YIELD RIGHT OF WAY,S ADAMS & W 2ND ST,39.160544,-86.5508
2009,10,3,Weekday,2000,2-Car,Non-incapacitating,FAILURE TO YIELD RIGHT OF WAY,2ND ST & ADAMS,39.160544,-86.5508
2009,10,3,Weekday,1200,3+ Cars,Non-incapacitating,FOLLOWING TOO CLOSELY,ADAMS & BLOOMFIELD RD,39.160544,-86.5508
2009,6,3,Weekday,1000,2-Car,No injury/unknown,FAILURE TO YIELD RIGHT OF WAY,HENDERSON ST & UNIVERSITY,39.16039,-86.52719
2009,7,7,Weekend,2100,2-Car,Non-incapacitating,DISREGARD SIGNAL/REG SIGN,HENDERSON ST & UNIVERSITY,39.16039,-86.52719
2009,8,3,Weekday,1700,1-Car,No injury/unknown,OTHER (DRIVER) - EXPLAIN IN NARRATIVE,FESS AVE & UNIVERSITY,39.16032,-86.525856
2009,1,3,Weekday,1100,2-Car,No injury/unknown,FAILURE TO YIELD RIGHT OF WAY,HAWTHORNE & UNIVERSITY ST,39.160288,-86.520112
2009,4,6,Weekday,1200,3+ Cars,No injury/unknown,OTHER (DRIVER) - EXPLAIN IN NARRATIVE,LANDMARK AVE,39.16019293,-86.55386471
2009,5,7,Weekend,1100,2-Car,No injury/unknown,OTHER (DRIVER) - EXPLAIN IN NARRATIVE,COLLEGE AVE & E 2ND,39.16006682,-86.53486997
2009,3,6,Weekend,2000,3+ Cars,No injury/unknown,DRIVER DISTRACTED - EXPLAIN IN NARRATIVE,BLOOMFIELD RD & LANDMARK,39.15994021,-86.55379641
2009,9,3,Weekday,1600,2-Car,No injury/unknown,FOLLOWING TOO CLOSELY,BLOOMFIELD RD & LANDMARK,39.15994021,-86.55379641
2009,9,2,Weekday,1000,2-Car,No injury/unknown,FAILURE TO YIELD RIGHT OF WAY,BLOOMFIELD RD & LANDMARK,39.15994021,-86.55379641
2009,11,6,Weekday,1400,2-Car,No injury/unknown,FAILURE TO YIELD RIGHT OF WAY,BLOOMFIELD RD & LANDMARK,39.15994021,-86.55379641
2009,11,4,Weekday,1400,2-Car,No injury/unknown,FOLLOWING TOO CLOSELY,BLOOMFIELD RD & LANDMARK,39.15994021,-86.55379641
2009,8,1,Weekend,400,1-Car,Non-incapacitating,ALCOHOLIC BEVERAGES,BENNINGTON BLVD & SOUTH ROMANS,39.15981,-86.47926432
2009,4,3,Weekday,1900,3+ Cars,No injury/unknown,DISREGARD SIGNAL/REG SIGN,BUICK CADILLAC & CLARIZZ BLVD,39.1596,-86.490784
2009,5,6,Weekday,1600,2-Car,Non-incapacitating,DRIVER DISTRACTED - EXPLAIN IN NARRATIVE,BUICK CADILLAC & CLARIZZ BLVD,39.1596,-86.490784
2009,5,2,Weekday,900,2-Car,No injury/unknown,IMPROPER PASSING,E BUICK CADILLAC & S CLARIZZ BLVD,39.1596,-86.490784
2009,2,2,Weekday,1000,2-Car,No injury/unknown,DISREGARD SIGNAL/REG SIGN,1ST & ROGERS ST,39.159504,-86.538592
2009,6,4,Weekday,1700,2-Car,No injury/unknown,FOLLOWING TOO CLOSELY,VERMILYA & WALNUT ST,39.15949021,-86.53324
2009,10,6,Weekday,1300,Pedestrian,Incapacitating,PEDESTRIAN ACTION,ROGES & W 1ST ST,39.159456,-86.536
2009,3,6,Weekday,1500,2-Car,Non-incapacitating,DISREGARD SIGNAL/REG SIGN,1ST & COLLEGE AVE,39.15944,-86.53488
2009,5,5,Weekday,200,1-Car,Non-incapacitating,ALCOHOLIC BEVERAGES,S COLLEGE AVE & W 1ST,39.15944,-86.53488
2009,12,1,Weekday,1900,2-Car,No injury/unknown,SPEED TOO FAST FOR WEATHER CONDITIONS,1ST & COLLEGE AVE,39.15944,-86.53488
2009,1,6,Weekday,1300,2-Car,No injury/unknown,FAILURE TO YIELD RIGHT OF WAY,HERITAGE WOODS RD & SR446,39.15942116,-86.46590176
2009,10,3,Weekday,1500,3+ Cars,Non-incapacitating,FOLLOWING TOO CLOSELY,1 ST & COLLEGE AVE,39.15937,-86.53499
2009,8,4,Weekday,1100,2-Car,No injury/unknown,DISREGARD SIGNAL/REG SIGN,100 BLK 3 1ST & 600 BLK S WALNUT ST,39.159359,-86.533656
2009,10,3,Weekday,1500,2-Car,No injury/unknown,VIEW OBSTRUCTED,1ST ST & GRANT,39.15934401,-86.52891003
2009,4,5,Weekday,800,2-Car,No injury/unknown,,904 E 1ST ST & PARK,39.159344,-86.523696
2009,4,6,Weekday,1800,2-Car,Non-incapacitating,FAILURE TO YIELD RIGHT OF WAY,1ST ST & FESS,39.159344,-86.525872
2009,6,2,Weekday,1100,2-Car,No injury/unknown,OVERCORRECTING/OVERSTEERING,WEST 1ST ST,39.159344,-86.52712
2009,6,3,Weekday,1400,2-Car,No injury/unknown,FAILURE TO YIELD RIGHT OF WAY,1ST ST & FESS,39.159344,-86.525872
2009,8,6,Weekday,1100,2-Car,Non-incapacitating,FAILURE TO YIELD RIGHT OF WAY,E 1RST ST & S HAWTHORNE,39.159344,-86.520096
2009,11,2,Weekday,1700,2-Car,No injury/unknown,,W 1ST ST,39.159344,-86.52578318
2009,11,5,Weekday,1500,2-Car,No injury/unknown,OTHER (DRIVER) - EXPLAIN IN NARRATIVE,1ST ST & HAWTHORNE,39.159344,-86.520096
2009,12,3,Weekday,1800,2-Car,No injury/unknown,RAN OFF ROAD RIGHT,E 1ST & S FESS AVE,39.159344,-86.525872
2009,4,2,Weekday,1600,2-Car,No injury/unknown,DISREGARD SIGNAL/REG SIGN,1ST ST & HENDERSON,39.15932,-86.52714
2009,8,3,Weekday,1800,2-Car,No injury/unknown,FAILURE TO YIELD RIGHT OF WAY,FIRST & WOODLAWN AVE,39.15929,-86.52264
2009,6,4,Weekday,900,2-Car,No injury/unknown,FAILURE TO YIELD RIGHT OF WAY,1ST ST & HAWTHORNE,39.15928,-86.5202
2009,7,5,Weekday,2000,2-Car,Non-incapacitating,FAILURE TO YIELD RIGHT OF WAY,1ST ST & HIGHLAND,39.15926402,-86.51771252
2009,7,4,Weekday,2100,2-Car,No injury/unknown,,E 1ST ST & ROSE,39.15923,-86.51154
2009,12,2,Weekday,700,2-Car,No injury/unknown,SPEED TOO FAST FOR WEATHER CONDITIONS,BENNINGTON & SMITH RD,39.15917,-86.48069
2009,7,3,Weekday,1700,2-Car,Non-incapacitating,IMPROPER LANE USAGE,PATTERSON DR & W 3RD,39.15912281,-86.55196
2009,12,1,Weekend,1700,2-Car,No injury/unknown,OTHER (DRIVER) - EXPLAIN IN NARRATIVE,S BASSWOOD DR,39.159038,-86.56714
2009,5,1,Weekend,1400,2-Car,No injury/unknown,DRIVER DISTRACTED - EXPLAIN IN NARRATIVE,HAWTHORNE DR & WYLIE,39.15901788,-86.52013854
2009,11,6,Weekend,2000,2-Car,Non-incapacitating,LEFT OF CENTER,GARDNER ROAD & GARRISON CHAPEL RDS,39.158848,-86.647104
2009,12,5,Weekday,1500,2-Car,No injury/unknown,UNSAFE SPEED,FAIRVIEW & W WYLIE ST,39.158544,-86.540928
2009,5,4,Weekday,1300,2-Car,No injury/unknown,DISREGARD SIGNAL/REG SIGN,SOUTH LINCOLN ST & WYLIE,39.158448,-86.531088
2009,7,3,Weekday,1600,2-Car,No injury/unknown,FOLLOWING TOO CLOSELY,ROGERS ST & WYLIE,39.158448,-86.538592
2009,11,6,Weekday,1300,2-Car,No injury/unknown,FAILURE TO YIELD RIGHT OF WAY,WALNUT ST & WYLIE,39.158448,-86.5336
2009,12,3,Weekday,1100,2-Car,No injury/unknown,UNSAFE BACKING,E BUICK CADILLAC BLVD,39.15835536,-86.49581748
2009,3,3,Weekday,1300,2-Car,No injury/unknown,UNSAFE BACKING,E BUICK CADILLAC BLVD,39.158352,-86.496288
2009,4,4,Weekday,1600,2-Car,No injury/unknown,FOLLOWING TOO CLOSELY,CURRY PIKE & DOYLE,39.158352,-86.582752
2009,10,6,Weekday,1300,2-Car,No injury/unknown,ROADWAY SURFACE CONDITION,DOYLE & SOUTH CURRY PIKE,39.158352,-86.582752
2009,1,6,Weekday,100,2-Car,No injury/unknown,UNSAFE SPEED,S BASSWOOD DR,39.158329,-86.5692
2009,3,4,Weekday,1700,2-Car,No injury/unknown,,S BASSWOOD DR,39.158329,-86.569085
2009,4,2,Weekday,1600,2-Car,No injury/unknown,UNSAFE BACKING,S BASSWOOD DR,39.158328,-86.569352
2009,2,4,Weekday,1600,2-Car,No injury/unknown,IMPROPER LANE USAGE,S BASSWOOD DR,39.158326,-86.569543
2009,2,1,Weekend,700,1-Car,No injury/unknown,DRIVER DISTRACTED - EXPLAIN IN NARRATIVE,BASSWOOD DR,39.158326,-86.569619
2009,1,2,Weekday,100,1-Car,No injury/unknown,ALCOHOLIC BEVERAGES,WOODCREST DR & WYNWOOD,39.15831,-86.50005
2009,12,5,Weekday,1500,2-Car,No injury/unknown,,FAIRVIEW ST & W WYLIE,39.15826937,-86.5409329
2009,1,4,Weekday,2100,3+ Cars,No injury/unknown,FOLLOWING TOO CLOSELY,BUICK CADILLAC & COLLEGE MALL RD,39.15816,-86.497792
2009,5,6,Weekday,1100,2-Car,No injury/unknown,UNSAFE BACKING,S COLLEGE MALL RD,39.15816,-86.497792
2009,7,2,Weekday,1500,2-Car,No injury/unknown,UNSAFE BACKING,E BUICK CADILLAC BLVD,39.15816,-86.497792
2009,10,2,Weekday,200,1-Car,No injury/unknown,OTHER (ENVIRONMENTAL) - EXPLAIN IN NARR,BUICK CADILLAC & COLLEGE MALL RD,39.15816,-86.497792
2009,10,6,Weekend,2000,2-Car,No injury/unknown,IMPROPER TURNING,BUICK CADILLAC & COLLEGE MALL RD,39.15816,-86.497792
2009,11,5,Weekday,1400,2-Car,Non-incapacitating,FOLLOWING TOO CLOSELY,S ANNA LEE & W BLOOMFIELD RD,39.15802,-86.5576
2009,1,1,Weekend,900,2-Car,No injury/unknown,FAILURE TO YIELD RIGHT OF WAY,MAXWELL & WOODLAWN ST,39.157904,-86.522544
2009,3,1,Weekend,1800,Cyclist,Non-incapacitating,PEDESTRIAN ACTION,MAXWELL & WOODLAWN AVE,39.157904,-86.522544
2009,10,5,Weekday,1600,2-Car,No injury/unknown,FAILURE TO YIELD RIGHT OF WAY,HAWTHORNE & MAXWELL LN,39.157888,-86.520272
2009,5,5,Weekday,1600,2-Car,No injury/unknown,UNSAFE BACKING,S COLLEGE MALL RD,39.15785306,-86.4978018
2009,12,6,Weekday,1400,2-Car,No injury/unknown,OTHER (DRIVER) - EXPLAIN IN NARRATIVE,EAST MAXWELL LN,39.157809,-86.521538
2009,2,6,Weekday,100,2-Car,No injury/unknown,,HAWTHORNE & MAXWELL LN,39.1578,-86.52017135
2009,9,6,Weekend,2300,2-Car,Non-incapacitating,FAILURE TO YIELD RIGHT OF WAY,E MAXWELL LN & S HAWTHORNE,39.1578,-86.52018
2009,9,1,Weekend,1000,2-Car,Non-incapacitating,DISREGARD SIGNAL/REG SIGN,E MAXWELL & S HIGH ST,39.157792,-86.508288
2009,9,1,Weekend,1200,2-Car,No injury/unknown,DISREGARD SIGNAL/REG SIGN,E MAXWELL & SO HIGH ST,39.157792,-86.508288
2009,1,5,Weekday,900,2-Car,Non-incapacitating,SPEED TOO FAST FOR WEATHER CONDITIONS,DODDS & ROGERS ST,39.157616,-86.538592
2009,1,6,Weekday,800,2-Car,No injury/unknown,FAILURE TO YIELD RIGHT OF WAY,S MORTON & W DODDS ST,39.157584,-86.536288
2009,2,1,Weekend,1200,2-Car,No injury/unknown,FOLLOWING TOO CLOSELY,S MORTON & W DODDS ST,39.157584,-86.536288
2009,2,6,Weekday,1000,2-Car,No injury/unknown,OTHER (DRIVER) - EXPLAIN IN NARRATIVE,COLLEGE AVE & DODDS,39.157568,-86.534896
2009,3,4,Weekday,1500,3+ Cars,No injury/unknown,OTHER (VEHICLE) - EXPLAIN IN NARRATIVE,WALNUT ST,39.157552,-86.5336
2009,10,5,Weekday,1600,2-Car,No injury/unknown,DISREGARD SIGNAL/REG SIGN,DODDS & S WASHINGTON ST,39.157536,-86.5324
2009,1,2,Weekday,1900,2-Car,No injury/unknown,OVERCORRECTING/OVERSTEERING,WEST BLOOMFIELD RD,39.157483,-86.558882
2009,11,5,Weekday,1100,2-Car,No injury/unknown,OTHER (DRIVER) - EXPLAIN IN NARRATIVE,S CLARIZZ BLVD,39.157482,-86.490359
2009,1,2,Weekday,1900,3+ Cars,No injury/unknown,OTHER (VEHICLE) - EXPLAIN IN NARRATIVE,HENDERSON ST & MILLER,39.15747967,-86.52693
2009,5,2,Weekday,1600,2-Car,Non-incapacitating,FAILURE TO YIELD RIGHT OF WAY,DODDS ST & ROGERS,39.15747,-86.5387
2009,6,2,Weekday,1200,2-Car,No injury/unknown,FAILURE TO YIELD RIGHT OF WAY,DODDS & ROGERS ST,39.15747,-86.5387
2009,1,7,Weekend,2200,2-Car,No injury/unknown,FAILURE TO YIELD RIGHT OF WAY,DODDS & WALNUT ST,39.15742,-86.53365
2009,2,5,Weekday,600,1-Car,No injury/unknown,ROADWAY SURFACE CONDITION,DODDS & WALNUT ST,39.15742,-86.53365
2009,10,3,Weekday,1400,2-Car,No injury/unknown,FAILURE TO YIELD RIGHT OF WAY,DODDS & WASHINGTON ST,39.15738,-86.53243
2009,9,4,Weekday,1900,2-Car,No injury/unknown,UNSAFE BACKING,COLLEGE MALL RD,39.157357,-86.497835
2009,1,7,Weekend,2100,2-Car,Non-incapacitating,UNSAFE BACKING,BLOOMFIELD RD,39.157288,-86.559297
2009,7,6,Weekday,700,2-Car,Non-incapacitating,FAILURE TO YIELD RIGHT OF WAY,BLOOMFIELD RD & CORY,39.157248,-86.559792