Year,Month,Day,Weekend?,Hour,Collision Type,Injury Type,Primary Factor,Reported_Location,Latitude,Longitude
2009,7,3,Weekday,1500,2-Car,No injury/unknown,OTHER (DRIVER) - EXPLAIN IN NARRATIVE,BLOOMFIELD RD & CORY,39.157248,-86.559792
2009,9,5,Weekday,1600,2-Car,No injury/unknown,FAILURE TO YIELD RIGHT OF WAY,BLOOMFIELD RD & CORY,39.157248,-86.559792
2009,5,5,Weekday,1000,1-Car,No injury/unknown,OTHER (DRIVER) - EXPLAIN IN NARRATIVE,S COLLEGE MALL RD RD,39.157142,-86.497819
2009,9,3,Weekday,900,2-Car,No injury/unknown,OTHER (DRIVER) - EXPLAIN IN NARRATIVE,903 S COLLEGE MALL RD RD,39.157103,-86.497816
2009,11,3,Weekday,1800,2-Car,No injury/unknown,FAILURE TO YIELD RIGHT OF WAY,S CORY & W BLOOMFIELD RD,39.1571,-86.55969
2009,9,6,Weekday,1300,2-Car,No injury/unknown,IMPROPER TURNING,MAXWELL TER,39.157074,-86.511759
2009,5,3,Weekday,1500,2-Car,No injury/unknown,IMPROPER TURNING,SOUTH COLLEGE MALL RD,39.157064,-86.497814
2009,3,5,Weekday,1500,2-Car,No injury/unknown,FOLLOWING TOO CLOSELY,CURRY PIKE & GIFFORD,39.156896,-86.582704
2009,9,5,Weekday,2000,Moped/Motorcycle,Incapacitating,ALCOHOLIC BEVERAGES,GIFFORD & S CURRY PIKE,39.156896,-86.582704
2009,10,6,Weekday,1100,2-Car,Non-incapacitating,OTHER (DRIVER) - EXPLAIN IN NARRATIVE,CURRY PIKE & GIFFORD,39.156896,-86.582704
2009,1,3,Weekday,1400,2-Car,No injury/unknown,UNSAFE BACKING,W DIXIE ST,39.15676331,-86.54126562
2009,6,7,Weekend,1700,2-Car,No injury/unknown,IMPROPER TURNING,W DIXIE ST,39.15676331,-86.54126562
2009,2,2,Weekday,1600,2-Car,No injury/unknown,UNSAFE BACKING,WEST DIXIE ST,39.156584,-86.542463
2009,5,5,Weekday,1400,2-Car,No injury/unknown,OTHER (DRIVER) - EXPLAIN IN NARRATIVE,VILLA GLEN CT CT,39.156368,-86.482995
2009,8,3,Weekday,800,2-Car,No injury/unknown,DRIVER DISTRACTED - EXPLAIN IN NARRATIVE,WOODS EDGE & WOODS EDGE BND,39.156352,-86.500592
2009,5,6,Weekend,2200,1-Car,No injury/unknown,RAN OFF ROAD RIGHT,ALLEN & BLOOMFIELD RD,39.156144,-86.561296
2009,6,3,Weekday,1900,2-Car,Non-incapacitating,FAILURE TO YIELD RIGHT OF WAY,ALLEN & BLOOMFIELD RD,39.156144,-86.561296
2009,11,3,Weekday,900,2-Car,Non-incapacitating,FAILURE TO YIELD RIGHT OF WAY,ALLEN & BLOOMFIELD RD,39.156144,-86.561296
2009,11,5,Weekday,1500,2-Car,No injury/unknown,FAILURE TO YIELD RIGHT OF WAY,ALLEN & BLOOMFIELD RD,39.15613,-86.56140433
2009,9,6,Weekday,1000,Moped/Motorcycle,No injury/unknown,UNSAFE BACKING,WEST ALLEN ST,39.156128,-86.560912
2009,12,2,Weekday,900,1-Car,No injury/unknown,RAN OFF ROAD RIGHT,GARRISON CHAPEL RD,39.156092,-86.645608
2009,4,1,Weekday,2200,1-Car,No injury/unknown,RAN OFF ROAD RIGHT,CORY & W ALLEN ST,39.156048,-86.5596
2009,11,1,Weekend,500,Moped/Motorcycle,No injury/unknown,OTHER (DRIVER) - EXPLAIN IN NARRATIVE,TIMOTHY & W ALLEN ST,39.15597,-86.55751597
2009,5,2,Weekday,700,1-Car,No injury/unknown,RAN OFF ROAD RIGHT,SOUTH ADAMS ST & WEST ALLEN,39.155952,-86.550592
2009,10,4,Weekday,1700,2-Car,No injury/unknown,FAILURE TO YIELD RIGHT OF WAY,ADAMS & W ALLEN ST,39.155952,-86.550592
2009,12,1,Weekend,600,1-Car,No injury/unknown,ANIMAL/OBJECT IN ROADWAY,ADAMS & ALLEN ST,39.15594712,-86.55094468
2009,2,5,Weekday,1300,2-Car,Non-incapacitating,FAILURE TO YIELD RIGHT OF WAY,BALLANTINE DR DR & SOUTHDOWNS DR,39.1558,-86.51928
2009,4,2,Weekday,1800,2-Car,No injury/unknown,FAILURE TO YIELD RIGHT OF WAY,ALLEN & ROGERS ST,39.155776,-86.538592
2009,4,3,Weekday,400,2-Car,No injury/unknown,FAILURE TO YIELD RIGHT OF WAY,ALLEN ST & LARKSPUR,39.15575,-86.54799596
2009,3,1,Weekend,1500,1-Car,No injury/unknown,ALCOHOLIC BEVERAGES,ALLEN & HENDERSON ST,39.155744,-86.527056
2009,12,5,Weekday,1300,Moped/Motorcycle,No injury/unknown,FAILURE TO YIELD RIGHT OF WAY,ATWATER & HAWTHORNE DR,39.15568818,-86.52021
2009,3,7,Weekend,1500,2-Car,No injury/unknown,DRIVER DISTRACTED - EXPLAIN IN NARRATIVE,CURRY PIKE & JOHNATHAN,39.15566945,-86.58298
2009,5,2,Weekday,1900,2-Car,No injury/unknown,SPEED TOO FAST FOR WEATHER CONDITIONS,ALLEN & WASHINGTON ST,39.155664,-86.5324
2009,11,1,Weekend,1500,2-Car,Non-incapacitating,FAILURE TO YIELD RIGHT OF WAY,ALLEN ST & WASHINGTON,39.155664,-86.5324
2009,8,1,Weekend,1500,Moped/Motorcycle,Non-incapacitating,ALCOHOLIC BEVERAGES,ALLEN & WALNUT ST,39.155648,-86.5336
2009,1,4,Weekday,800,2-Car,Non-incapacitating,ROADWAY SURFACE CONDITION,ALLEN & SOUTH PATTERSON ST,39.15563,-86.54331
2009,5,1,Weekend,1100,2-Car,No injury/unknown,FAILURE TO YIELD RIGHT OF WAY,ALLEN ST & PATTERSON,39.15563,-86.54326673
2009,5,5,Weekday,1400,2-Car,No injury/unknown,FOLLOWING TOO CLOSELY,ALLEN ST & PATTERSON,39.15563,-86.54329269
2009,8,7,Weekend,300,1-Car,No injury/unknown,,W ALLEN ST,39.155616,-86.537684
2009,9,4,Weekday,600,1-Car,No injury/unknown,DRIVER DISTRACTED - EXPLAIN IN NARRATIVE,W ALLEN ST,39.155601,-86.535316
2009,8,4,Weekday,1000,2-Car,No injury/unknown,FAILURE TO YIELD RIGHT OF WAY,1000 BLK S WASHINGTON ST & E ALLEN,39.1556,-86.532448
2009,3,4,Weekday,1000,2-Car,No injury/unknown,UNSAFE BACKING,ALLEN & HENDERSON ST,39.15555,-86.52703
2009,4,5,Weekday,2100,1-Car,No injury/unknown,LEFT OF CENTER,ALLEN & HENDERSON ST,39.15555,-86.52703
2009,8,1,Weekend,1200,2-Car,No injury/unknown,OTHER (DRIVER) - EXPLAIN IN NARRATIVE,COPPER BEACH WAY,39.155348,-86.570354
2009,9,1,Weekend,900,3+ Cars,No injury/unknown,UNSAFE BACKING,E COVENANTER DR,39.155344,-86.503088
2009,3,3,Weekday,800,2-Car,No injury/unknown,UNSAFE BACKING,W ALDER CT,39.155264,-86.57042
2009,9,7,Weekend,1100,Cyclist,Non-incapacitating,PEDESTRIAN ACTION,COMPTON & SR446S,39.15521372,-86.4714858
2009,6,2,Weekday,1700,2-Car,Non-incapacitating,DISREGARD SIGNAL/REG SIGN,COLLEGE MALL RD & COVENANTER,39.15518,-86.49774
2009,6,4,Weekday,2200,2-Car,No injury/unknown,DISREGARD SIGNAL/REG SIGN,COLLEGE MALL RD & COVENANTER,39.15518,-86.49774
2009,7,7,Weekend,1900,2-Car,No injury/unknown,FAILURE TO YIELD RIGHT OF WAY,COLLEGE MALL RD & COVENANTER,39.15518,-86.49774
2009,5,4,Weekday,1900,Moped/Motorcycle,No injury/unknown,UNSAFE BACKING,E COVENANTER DR & S COLLEGE MALL,39.155152,-86.497888
2009,8,7,Weekend,1900,2-Car,No injury/unknown,FAILURE TO YIELD RIGHT OF WAY,COLLEGE MALL & COVANENTER DR,39.155152,-86.497888
2009,9,4,Weekday,1800,2-Car,No injury/unknown,IMPROPER LANE USAGE,COLLEGE MALL RD & COVENANTER,39.155152,-86.497888
2009,11,1,Weekday,1900,2-Car,No injury/unknown,FOLLOWING TOO CLOSELY,COLLEGE MALL RD & COVENANTER,39.155152,-86.497888
2009,3,4,Weekday,1300,1-Car,Non-incapacitating,IMPROPER LANE USAGE,SR37S,39.15504581,-86.57301391
2009,1,3,Weekday,0,1-Car,No injury/unknown,UNSAFE SPEED,AUTO MALL & E COVENANTER DR,39.15503,-86.49617055
2009,4,5,Weekday,1400,2-Car,No injury/unknown,FAILURE TO YIELD RIGHT OF WAY,AUTO MALL & COVENANTER BLVD,39.15503,-86.49611
2009,1,3,Weekday,200,2-Car,No injury/unknown,LEFT OF CENTER,E UNIVERSITY & S WOODLAWN AVE,39.15497836,-86.522635
2009,2,6,Weekend,2000,2-Car,No injury/unknown,FOLLOWING TOO CLOSELY,BLOOMFIELD RD & ROLLING RIDGE,39.15496,-86.56323
2009,8,4,Weekday,1800,2-Car,No injury/unknown,OTHER (DRIVER) - EXPLAIN IN NARRATIVE,ROLLING RIDGE WAY,39.15496,-86.563229
2009,7,5,Weekday,700,2-Car,Non-incapacitating,DRIVER DISTRACTED - EXPLAIN IN NARRATIVE,BLOOMFIELD RD & WEIMER,39.15493461,-86.56305048
2009,3,1,Weekday,2100,2-Car,Non-incapacitating,FOLLOWING TOO CLOSELY,CURRY PIKE & STEBU,39.15487,-86.58261
2009,3,7,Weekend,900,2-Car,No injury/unknown,DRIVER DISTRACTED - EXPLAIN IN NARRATIVE,S ROGERS ST,39.15476622,-86.538592
2009,9,4,Weekday,1300,3+ Cars,No injury/unknown,BRAKE FAILURE OR DEFECTIVE,S CLARIZZ BLVD,39.154671,-86.490849
2009,5,5,Weekday,1800,2-Car,No injury/unknown,FOLLOWING TOO CLOSELY,DAVIS & WALNUT ST,39.15462666,-86.5336
2009,9,1,Weekend,1600,Moped/Motorcycle,Non-incapacitating,FAILURE TO YIELD RIGHT OF WAY,DAVIS & ROGERS RD,39.15450267,-86.538592
2009,8,5,Weekday,1700,2-Car,Non-incapacitating,FAILURE TO YIELD RIGHT OF WAY,DAVIS & SOUTH WALNUT ST,39.154352,-86.5336
2009,10,4,Weekday,700,2-Car,Non-incapacitating,FOLLOWING TOO CLOSELY,SO WEIMER & W 2ND ST,39.15434742,-86.56417877
2009,8,2,Weekday,800,2-Car,No injury/unknown,UNSAFE BACKING,S GREENLEAF CT CT,39.154286,-86.572499
2009,2,5,Weekday,1800,2-Car,No injury/unknown,OTHER (DRIVER) - EXPLAIN IN NARRATIVE,BLOOMFIELD RD & WEIMER,39.154272,-86.564176
2009,10,6,Weekday,1200,3+ Cars,No injury/unknown,FOLLOWING TOO CLOSELY,BLOOMFIELD RD & WEIMER,39.154272,-86.564176
2009,1,6,Weekend,1900,2-Car,No injury/unknown,UNSAFE BACKING,COLLGE MALL AVE,39.154261,-86.497703
2009,4,5,Weekday,2000,2-Car,No injury/unknown,IMPROPER TURNING,COLLEGE MALL AVE,39.154261,-86.497703
2009,6,1,Weekday,2100,2-Car,No injury/unknown,OTHER (DRIVER) - EXPLAIN IN NARRATIVE,COLLEGE MALL RD,39.154261,-86.497703
2009,8,4,Weekday,1800,2-Car,No injury/unknown,IMPROPER TURNING,COLLEGE MALL RD,39.154261,-86.497703
2009,9,6,Weekday,1200,2-Car,No injury/unknown,OTHER (VEHICLE) - EXPLAIN IN NARRATIVE,SOUTH COLLEGE MALL RD,39.154261,-86.497703
2009,12,6,Weekday,1800,2-Car,No injury/unknown,OTHER (ENVIRONMENTAL) - EXPLAIN IN NARR,SOUTH COLLEGE MALL RD,39.154261,-86.497703
2009,10,6,Weekday,1400,2-Car,No injury/unknown,FOLLOWING TOO CLOSELY,S WEIMER & W BLOOMFIELD RD,39.15424,-86.56435
2009,4,2,Weekday,2100,2-Car,No injury/unknown,FAILURE TO YIELD RIGHT OF WAY,S COLLEGE MALL RD,39.15412578,-86.49786768
2009,7,5,Weekday,1000,1-Car,No injury/unknown,DRIVER DISTRACTED - EXPLAIN IN NARRATIVE,S COLLEGE MALL RD,39.15412578,-86.49786768
2009,1,7,Weekend,2200,2-Car,No injury/unknown,UNSAFE BACKING,1155 WEATHERSTONE LN & WOODLAWN,39.15411064,-86.5225665
2009,3,7,Weekend,1800,2-Car,No injury/unknown,FOLLOWING TOO CLOSELY,3RD & LIBERTY DR,39.15403556,-86.57913
2009,1,2,Weekday,800,1-Car,Non-incapacitating,OVERCORRECTING/OVERSTEERING,FRIENDSHIP & SR46E,39.1539433,-86.40679276
2009,7,6,Weekday,1800,3+ Cars,No injury/unknown,DRIVER DISTRACTED - EXPLAIN IN NARRATIVE,BLOOMFIELD RD & WEIMER,39.15394046,-86.56473853
2009,3,3,Weekday,1300,Moped/Motorcycle,Non-incapacitating,FAILURE TO YIELD RIGHT OF WAY,FRIENDSHIP & SR46E,39.153856,-86.406688
2009,8,5,Weekday,700,2-Car,Non-incapacitating,FAILURE TO YIELD RIGHT OF WAY,FAIRVIEW ST & PATTERSON DRIVE DR,39.15383,-86.54109
2009,1,4,Weekday,2100,2-Car,No injury/unknown,IMPROPER LANE USAGE,PATTERSON & ROGERS ST,39.15379,-86.53875
2009,7,5,Weekday,800,2-Car,No injury/unknown,FOLLOWING TOO CLOSELY,PATTERSON DR & S ROGERS,39.15379,-86.53874567
2009,10,2,Weekday,1400,2-Car,No injury/unknown,OTHER (DRIVER) - EXPLAIN IN NARRATIVE,PATTERSON & ROGERS ST,39.15379,-86.53875
2009,10,6,Weekday,1700,2-Car,Non-incapacitating,FOLLOWING TOO CLOSELY,PATTERSON & ROGERS ST,39.15379,-86.53875
2009,6,2,Weekday,1500,2-Car,No injury/unknown,OTHER (DRIVER) - EXPLAIN IN NARRATIVE,GRIMES & WASHINGTON ST,39.15371466,-86.5324
2009,5,5,Weekday,2200,2-Car,No injury/unknown,OTHER (DRIVER) - EXPLAIN IN NARRATIVE,E COVENANTER ST,39.153697,-86.492269
2009,10,6,Weekend,1900,2-Car,No injury/unknown,FAILURE TO YIELD RIGHT OF WAY,E THIRD ST & HIGHLAND,39.1536723,-86.51771252
2009,5,2,Weekday,1700,Cyclist,No injury/unknown,OTHER (DRIVER) - EXPLAIN IN NARRATIVE,E COVENANTER & S HIGH ST,39.153648,-86.508288
2009,9,3,Weekday,1200,2-Car,No injury/unknown,DRIVER DISTRACTED - EXPLAIN IN NARRATIVE,E COVENANTER & S HIGH ST,39.153648,-86.508288
2009,5,5,Weekday,1100,2-Car,Non-incapacitating,DRIVER DISTRACTED - EXPLAIN IN NARRATIVE,MADISON & W GRIMES LN,39.15364,-86.53758649
2009,7,4,Weekday,1500,2-Car,No injury/unknown,OTHER (VEHICLE) - EXPLAIN IN NARRATIVE,CHAFIN CHAPEL & SR46W,39.15358836,-86.65758113
2009,5,5,Weekday,1100,1-Car,Incapacitating,OTHER (DRIVER) - EXPLAIN IN NARRATIVE,MADISON & PATTERSON DR,39.15358813,-86.53755422
2009,6,7,Weekend,1200,2-Car,No injury/unknown,UNSAFE BACKING,S COLLEGE MALL RD,39.153536,-86.497856
2009,9,4,Weekday,1600,2-Car,No injury/unknown,UNSAFE SPEED,HERITAGE & S CURRY PIKE,39.153504,-86.58272
2009,3,5,Weekday,2100,Pedestrian,Non-incapacitating,OTHER (DRIVER) - EXPLAIN IN NARRATIVE,E COVENANTER AVE,39.153465,-86.490869
2009,5,6,Weekday,1500,2-Car,No injury/unknown,FAILURE TO YIELD RIGHT OF WAY,GRIMES LN & WALNUT,39.15344,-86.53430551
2009,6,3,Weekday,1400,3+ Cars,Non-incapacitating,OTHER (DRIVER) - EXPLAIN IN NARRATIVE,GRIMES LN & WALNUT,39.15344,-86.53430551
2009,1,5,Weekday,200,2-Car,No injury/unknown,DISREGARD SIGNAL/REG SIGN,GRIMES & WALNUT ST,39.15344,-86.5336
2009,1,2,Weekday,1400,2-Car,No injury/unknown,FOLLOWING TOO CLOSELY,GRIMES & WALNUT ST,39.15344,-86.5336
2009,4,5,Weekday,2100,2-Car,Non-incapacitating,FOLLOWING TOO CLOSELY,GRIMES & S WALNUT ST,39.15344,-86.5336
2009,4,6,Weekend,1900,2-Car,Non-incapacitating,SPEED TOO FAST FOR WEATHER CONDITIONS,GRIMES & WASHINGTON ST,39.15344,-86.5324
2009,6,4,Weekday,1700,2-Car,No injury/unknown,FOLLOWING TOO CLOSELY,E GRIMES & WALNUT ST,39.15344,-86.5336
2009,8,4,Weekday,1600,2-Car,No injury/unknown,IMPROPER LANE USAGE,GRIMES & S WALNUT ST,39.15344,-86.5336
2009,9,2,Weekday,1500,3+ Cars,No injury/unknown,FOLLOWING TOO CLOSELY,GRIMES & S WALNUT ST,39.15344,-86.5336
2009,10,7,Weekend,1900,2-Car,No injury/unknown,DRIVER DISTRACTED - EXPLAIN IN NARRATIVE,GRIMES & S WALNUT ST,39.15344,-86.5336
2009,11,7,Weekend,900,2-Car,No injury/unknown,ALCOHOLIC BEVERAGES,GRIMES & S WALNUT ST,39.15344,-86.5336
2009,5,6,Weekend,2000,2-Car,No injury/unknown,FAILURE TO YIELD RIGHT OF WAY,GRIMES LN & HENDERSON,39.153392,-86.527008
2009,3,7,Weekend,600,2-Car,Non-incapacitating,FAILURE TO YIELD RIGHT OF WAY,GRIMES & WALNUT ST,39.15335,-86.53371
2009,11,1,Weekday,2100,2-Car,Non-incapacitating,DISREGARD SIGNAL/REG SIGN,GRIMES & S WALNUT ST,39.15335,-86.53371
2009,10,6,Weekday,1100,2-Car,No injury/unknown,FAILURE TO YIELD RIGHT OF WAY,GRIMES & WOODLAWN AVE,39.153344,-86.522512
2009,5,3,Weekday,800,2-Car,No injury/unknown,DISREGARD SIGNAL/REG SIGN,GRIMES LN & LINCOLN,39.15334,-86.53134
2009,2,6,Weekday,800,1-Car,No injury/unknown,ALCOHOLIC BEVERAGES,BASSWOOD DR & RIDGE,39.1533,-86.5725
2009,9,6,Weekday,1500,Cyclist,Non-incapacitating,OTHER (DRIVER) - EXPLAIN IN NARRATIVE,E GRIMES ST & LINCOLN,39.15329705,-86.5318957
2009,10,5,Weekday,2200,1-Car,No injury/unknown,,S PALMER AVE,39.15319641,-86.529088
2009,1,7,Weekend,1700,2-Car,No injury/unknown,IMPROPER LANE USAGE,S COLLEGE MALL RD,39.153042,-86.497675
2009,3,2,Weekday,1100,2-Car,No injury/unknown,FAILURE TO YIELD RIGHT OF WAY,COLLEGE MALL RD,39.153042,-86.497675
2009,11,7,Weekend,1300,2-Car,No injury/unknown,UNSAFE BACKING,COLLEGE MALL RD,39.153042,-86.497675
2009,4,2,Weekday,1400,1-Car,Non-incapacitating,CELL PHONE USAGE,2003 S OLCOTT BLVD & E TAYLOR,39.15301278,-86.48420361
2009,8,5,Weekday,700,1-Car,Non-incapacitating,DRIVER DISTRACTED - EXPLAIN IN NARRATIVE,BRUMMETTS CREEK & SR46E,39.15300589,-86.39296379
2009,10,3,Weekday,1300,2-Car,No injury/unknown,UNSAFE BACKING,S BASSWOOD DR,39.152896,-86.572508
2009,9,4,Weekday,100,1-Car,No injury/unknown,UNSAFE SPEED,BLOOMFIELD RD & STONE,39.152848,-86.566592
2009,4,5,Weekday,1400,2-Car,No injury/unknown,FAILURE TO YIELD RIGHT OF WAY,SR37S,39.15270883,-86.573301
2009,1,5,Weekday,1700,2-Car,No injury/unknown,FAILURE TO YIELD RIGHT OF WAY,ATWATER & HENDERSTON ST,39.15256595,-86.52727
2009,5,6,Weekday,900,2-Car,No injury/unknown,OTHER (DRIVER) - EXPLAIN IN NARRATIVE,DRISCOLL & WALNUT ST,39.152544,-86.5336
2009,9,5,Weekday,2000,2-Car,No injury/unknown,FOLLOWING TOO CLOSELY,DRISCOLL & WALNUT ST,39.152544,-86.5336
2009,10,2,Weekday,1300,2-Car,No injury/unknown,FAILURE TO YIELD RIGHT OF WAY,E DRISCOLL & S WALNUT ST,39.152544,-86.5336
2009,11,1,Weekend,200,2-Car,No injury/unknown,ANIMAL/OBJECT IN ROADWAY,FRIENDSHIP & SR46E,39.15252993,-86.40626176
2009,4,4,Weekday,1300,2-Car,Non-incapacitating,FAILURE TO YIELD RIGHT OF WAY,CLARIZZ BLVD & COVENANTER,39.15247,-86.49052
2009,5,5,Weekday,1500,2-Car,No injury/unknown,FOLLOWING TOO CLOSELY,DRISCOLL & WALNUT ST,39.15246,-86.5337
2009,5,1,Weekend,200,1-Car,No injury/unknown,RAN OFF ROAD RIGHT,KENT & SR46E,39.152448,-86.400288
2009,1,4,Weekday,2100,2-Car,No injury/unknown,UNSAFE BACKING,S SARE RD,39.1524,-86.582704
2009,5,5,Weekday,1300,3+ Cars,No injury/unknown,FOLLOWING TOO CLOSELY,MONON & SOUTH WALNUT ST,39.15224,-86.5336
2009,6,2,Weekday,800,1-Car,No injury/unknown,ANIMAL/OBJECT IN ROADWAY,SR46E & WOODVIEW,39.15222224,-86.38018099
2009,1,5,Weekday,1800,1-Car,Non-incapacitating,ALCOHOLIC BEVERAGES,FRIENDSHIP & SR46E,39.15221843,-86.40568067
2009,3,2,Weekday,1600,2-Car,No injury/unknown,UNSAFE BACKING,1400 S BRENDA LN & FESS,39.151952,-86.525888
2009,11,7,Weekend,700,3+ Cars,Non-incapacitating,LEFT OF CENTER,KENT ROAD & SR46E,39.1518041,-86.40184584
2009,5,1,Weekday,1900,1-Car,No injury/unknown,ALCOHOLIC BEVERAGES,BRUMMETS CREEK & SR46E,39.15168251,-86.38969669
2009,3,3,Weekday,2100,1-Car,No injury/unknown,DRIVER DISTRACTED - EXPLAIN IN NARRATIVE,SEWELL & SR46E,39.151648,-86.382896
2009,9,3,Weekday,700,2-Car,No injury/unknown,FOLLOWING TOO CLOSELY,WALNUT ST & WILSON,39.151648,-86.5336
2009,11,2,Weekday,2200,1-Car,No injury/unknown,ANIMAL/OBJECT IN ROADWAY,SEWELL & SR46,39.151648,-86.382896
2009,12,1,Weekend,1700,1-Car,No injury/unknown,OTHER (ENVIRONMENTAL) - EXPLAIN IN NARR,N SEWELL & SR46E,39.151648,-86.382896
2009,7,4,Weekday,800,1-Car,No injury/unknown,SPEED TOO FAST FOR WEATHER CONDITIONS,SEWELL & SR46E,39.15159335,-86.38377506
2009,2,2,Weekday,1700,1-Car,Non-incapacitating,ANIMAL/OBJECT IN ROADWAY,SEWELL & SR46E,39.151456,-86.38641359
2009,5,5,Weekday,1600,3+ Cars,Non-incapacitating,FAILURE TO YIELD RIGHT OF WAY,GIFFORD & KIRBY RD,39.15144,-86.610496
2009,6,2,Weekday,1300,2-Car,No injury/unknown,LEFT OF CENTER,GIFFORD RD & KIRBY,39.15144,-86.610496
2009,1,4,Weekday,1400,2-Car,No injury/unknown,OTHER (DRIVER) - EXPLAIN IN NARRATIVE,GIFFORD RD & KIRBY,39.15143821,-86.61023145
2009,3,3,Weekday,800,2-Car,No injury/unknown,FAILURE TO YIELD RIGHT OF WAY,WILSON ST & WOODLAWN,39.1514,-86.52263
2009,8,1,Weekday,1900,2-Car,Non-incapacitating,LEFT OF CENTER,ENDWRIGHT RD & GIFFORD,39.151344,-86.5964
2009,5,2,Weekday,2100,2-Car,No injury/unknown,OTHER (DRIVER) - EXPLAIN IN NARRATIVE,CURRY PIKE,39.151285,-86.582614
2009,12,4,Weekday,0,2-Car,Non-incapacitating,FAILURE TO YIELD RIGHT OF WAY,CONSTITUTION & CURRY PIKE,39.15127,-86.58262
2009,5,7,Weekend,1700,Pedestrian,Non-incapacitating,PEDESTRIAN ACTION,S ROGERS ST & W DIXIE,39.15126387,-86.53871
2009,12,4,Weekday,1000,2-Car,No injury/unknown,UNSAFE BACKING,S FENBROOK LN,39.151223,-86.486704
2009,12,4,Weekday,1800,2-Car,No injury/unknown,FOLLOWING TOO CLOSELY,CONSTITUTION & LIBERTY DR,39.1512,-86.57687
2009,4,4,Weekday,1600,2-Car,No injury/unknown,OTHER (DRIVER) - EXPLAIN IN NARRATIVE,CLARIZZ BLVD,39.150846,-86.491271
2009,5,2,Weekday,800,2-Car,No injury/unknown,FAILURE TO YIELD RIGHT OF WAY,S CLARIZZ BLVD BLVD,39.150846,-86.491271
2009,7,6,Weekend,2200,2-Car,No injury/unknown,,CLARIZZ BLVD,39.150846,-86.491271
2009,11,3,Weekday,1200,2-Car,No injury/unknown,OTHER (DRIVER) - EXPLAIN IN NARRATIVE,S CLARIZZ BLVD,39.150846,-86.491271
2009,12,1,Weekend,300,1-Car,No injury/unknown,UNSAFE SPEED,2ND & S COLLEGE AVE,39.15080643,-86.53493
2009,4,7,Weekend,1900,1-Car,No injury/unknown,NONE (DRIVER),STONE VIEW & WIND STONE,39.15075644,-86.60707
2009,4,1,Weekend,200,2-Car,No injury/unknown,FAILURE TO YIELD RIGHT OF WAY,E HILLSIDE DR & S WOODLAWN,39.15072,-86.522496
2009,9,5,Weekday,800,2-Car,No injury/unknown,FAILURE TO YIELD RIGHT OF WAY,E HILLSIDE DR & S WOODLAWN,39.15072,-86.522496
2009,9,2,Weekday,1500,3+ Cars,No injury/unknown,FAILURE TO YIELD RIGHT OF WAY,HILLSIDE DR & WOODLAWN,39.15072,-86.522496
2009,9,7,Weekend,2100,1-Car,No injury/unknown,,S ROGERS ST,39.15064,-86.538592
2009,12,2,Weekday,600,2-Car,Non-incapacitating,SPEED TOO FAST FOR WEATHER CONDITIONS,HENDERSON & HILLSIDE DR,39.15064,-86.52696
2009,12,2,Weekday,700,2-Car,No injury/unknown,SPEED TOO FAST FOR WEATHER CONDITIONS,HENDERSON & HILLSIDE DR,39.15064,-86.52696
2009,12,7,Weekend,2200,1-Car,No injury/unknown,SPEED TOO FAST FOR WEATHER CONDITIONS,E HILLSIDE DR,39.15064,-86.52696
2009,3,1,Weekend,1400,2-Car,Non-incapacitating,FOLLOWING TOO CLOSELY,HILLSIDE DR & PALMER,39.15061221,-86.52882186
2009,1,6,Weekday,1300,2-Car,No injury/unknown,FAILURE TO YIELD RIGHT OF WAY,GRANT & HILLSIDE DR,39.150592,-86.53008
2009,10,3,Weekday,1500,Moped/Motorcycle,Non-incapacitating,FOLLOWING TOO CLOSELY,1413 S ROGERS ST & W HILLSIDE,39.15057944,-86.53875633
2009,4,3,Weekday,1500,1-Car,No injury/unknown,,E HILLSIDE AVE & WEATHERSTONE,39.15056,-86.51883346
2009,5,6,Weekend,2300,3+ Cars,No injury/unknown,DRIVER DISTRACTED - EXPLAIN IN NARRATIVE,HENDERSON & HILLSIDE DR,39.15056,-86.52699653
2009,6,4,Weekday,2200,1-Car,No injury/unknown,ANIMAL/OBJECT IN ROADWAY,HILLSIDE DR & OLIVE,39.15056,-86.51883
2009,12,5,Weekday,1400,2-Car,No injury/unknown,FOLLOWING TOO CLOSELY,HILLSIDE DR & MAXWELL,39.15056,-86.51511
2009,12,2,Weekday,1100,2-Car,No injury/unknown,SPEED TOO FAST FOR WEATHER CONDITIONS,EAST HILLSIDE DR,39.150551,-86.528181
2009,11,7,Weekend,1500,2-Car,Non-incapacitating,FAILURE TO YIELD RIGHT OF WAY,DUNN & HILLSIDE DR,39.15055,-86.52817
2009,6,6,Weekday,1100,2-Car,No injury/unknown,OTHER (DRIVER) - EXPLAIN IN NARRATIVE,COLLEGE MALL RD,39.15054529,-86.49817818
2009,10,6,Weekday,1600,3+ Cars,No injury/unknown,SPEED TOO FAST FOR WEATHER CONDITIONS,CLIFTON & HILLSIDE DR,39.150544,-86.50995274
2009,3,5,Weekday,100,2-Car,Non-incapacitating,OTHER (DRIVER) - EXPLAIN IN NARRATIVE,E HILLSIDE & S WALNUT ST,39.150544,-86.5336
2009,4,6,Weekday,1300,2-Car,Non-incapacitating,DRIVER DISTRACTED - EXPLAIN IN NARRATIVE,HILLSIDE DR & LONGWOOD,39.150544,-86.512592
2009,5,6,Weekday,1600,2-Car,No injury/unknown,FOLLOWING TOO CLOSELY,DORCHESTER & HILLSIDE DR,39.150544,-86.512592