Year,Month,Day,Weekend?,Hour,Collision Type,Injury Type,Primary Factor,Reported_Location,Latitude,Longitude
2009,9,3,Weekday,2000,2-Car,No injury/unknown,FAILURE TO YIELD RIGHT OF WAY,HILLSIDE & WALNUT ST,39.150544,-86.5336
2009,10,6,Weekday,1500,3+ Cars,No injury/unknown,SPEED TOO FAST FOR WEATHER CONDITIONS,CLIFTON & HILLSIDE DR,39.150544,-86.5096
2009,11,1,Weekday,2000,2-Car,No injury/unknown,FOLLOWING TOO CLOSELY,DORCHESTER & HILLSIDE DR,39.150544,-86.512592
2009,12,2,Weekday,700,2-Car,No injury/unknown,ROADWAY SURFACE CONDITION,HILLSIDE DR & WALNUT,39.150544,-86.5336
2009,12,2,Weekday,700,2-Car,No injury/unknown,ROADWAY SURFACE CONDITION,HILLSIDE DR & WALNUT,39.150544,-86.5336
2009,2,4,Weekday,1700,2-Car,No injury/unknown,FAILURE TO YIELD RIGHT OF WAY,CURRY PIKE & FARMER,39.15054,-86.58262
2009,5,2,Weekday,1700,2-Car,No injury/unknown,FAILURE TO YIELD RIGHT OF WAY,HILLSIDE & WALNUT ST,39.15052,-86.53367
2009,8,7,Weekend,300,Moped/Motorcycle,Non-incapacitating,ALCOHOLIC BEVERAGES,HILLSIDE ST & PALMER,39.15051,-86.52925
2009,5,7,Weekend,900,3+ Cars,Non-incapacitating,DRIVER DISTRACTED - EXPLAIN IN NARRATIVE,HIGH & MOORES PKWY,39.15048,-86.50844
2009,4,6,Weekend,2300,1-Car,Non-incapacitating,SPEED TOO FAST FOR WEATHER CONDITIONS,MOORES PIKE & SARE,39.15047,-86.498715
2009,8,7,Weekend,1600,2-Car,No injury/unknown,,E MOORES PIKE & S SARE,39.15047,-86.498715
2009,2,6,Weekday,1400,2-Car,No injury/unknown,FOLLOWING TOO CLOSELY,MOORES & SARE RD,39.150448,-86.4992
2009,5,5,Weekday,1400,2-Car,No injury/unknown,IMPROPER TURNING,10TH & CAMPBELL DR,39.15043734,-86.51394
2009,11,4,Weekday,2100,1-Car,No injury/unknown,OTHER (ENVIRONMENTAL) - EXPLAIN IN NARR,MOORES PIKE & WOODRUFF,39.150368,-86.495392
2009,12,2,Weekday,800,1-Car,Incapacitating,ROADWAY SURFACE CONDITION,E MOORES PIKE & SOUTH DRIVE TO THE FIELDS APTS,39.150368,-86.495392
2009,8,7,Weekend,1200,2-Car,Non-incapacitating,FAILURE TO YIELD RIGHT OF WAY,MOORES PKWY & ST RD 446 SOUTH,39.15035,-86.47139
2009,2,1,Weekend,1500,2-Car,No injury/unknown,FAILURE TO YIELD RIGHT OF WAY,CLRARIZZ & MOORES PIKE,39.15034,-86.49132
2009,6,4,Weekday,2000,1-Car,No injury/unknown,ANIMAL/OBJECT IN ROADWAY,E MOORES PIKE & S CLARIZZ,39.15034,-86.49132
2009,7,6,Weekday,800,2-Car,No injury/unknown,GLARE,3300 MOORES PIKE & FENBROOK,39.15024476,-86.48729769
2009,5,7,Weekend,300,1-Car,No injury/unknown,IMPROPER TURNING,E MOORES PIKE & S SMITH,39.15022,-86.48046
2009,9,6,Weekday,1600,2-Car,Non-incapacitating,FOLLOWING TOO CLOSELY,MOORES PIKE RD & REGENT,39.15020619,-86.48311436
2009,2,5,Weekday,1200,3+ Cars,Non-incapacitating,LEFT OF CENTER,FENBROOK & MOORES PIKE PIKE,39.15019787,-86.48750782
2009,7,5,Weekday,1200,1-Car,Non-incapacitating,ANIMAL/OBJECT IN ROADWAY,MOORES PIKE PIKE & OLCOTT BLVD,39.15018539,-86.4853996
2009,12,2,Weekday,1600,2-Car,No injury/unknown,UNSAFE BACKING,SOUTH YOST AVE,39.150179,-86.580753
2009,5,5,Weekday,1700,Cyclist,Non-incapacitating,FAILURE TO YIELD RIGHT OF WAY,MOORES PIKE & S RENWICK,39.150145,-86.501045
2009,7,2,Weekday,1400,2-Car,No injury/unknown,FAILURE TO YIELD RIGHT OF WAY,HIGH ST & MOORES,39.14999471,-86.50828222
2009,2,4,Weekday,1700,3+ Cars,Non-incapacitating,FOLLOWING TOO CLOSELY,SOUTHERN & WALNUT ST,39.14984,-86.533392
2009,1,5,Weekday,1600,2-Car,No injury/unknown,OTHER (DRIVER) - EXPLAIN IN NARRATIVE,BASSWOOD & BLOOMFIELD RD,39.14979055,-86.56892893
2009,1,5,Weekday,800,2-Car,No injury/unknown,OTHER (DRIVER) - EXPLAIN IN NARRATIVE,BASSWOOD DR & BLOOMFIELD,39.14979055,-86.56891162
2009,3,7,Weekend,1200,2-Car,No injury/unknown,IMPROPER LANE USAGE,S BASSWOOD & W BLOOMFIELD RD,39.14979055,-86.56891162
2009,4,4,Weekday,700,2-Car,No injury/unknown,FOLLOWING TOO CLOSELY,BASSWOOD DR & BLOOMFIELD,39.14979055,-86.56891162
2009,8,2,Weekday,1500,Moped/Motorcycle,Non-incapacitating,RAN OFF ROAD RIGHT,BASSWOOD & BLOOMFIELD RD,39.14979055,-86.56891162
2009,9,3,Weekday,1800,2-Car,No injury/unknown,FOLLOWING TOO CLOSELY,BASSWOOD & BLOOMFIELD RD,39.14979055,-86.5688943
2009,11,6,Weekday,800,2-Car,No injury/unknown,FAILURE TO YIELD RIGHT OF WAY,BASSWOOD & BLOOMFIELD RD,39.14979055,-86.56891162
2009,5,5,Weekday,200,1-Car,No injury/unknown,OTHER (DRIVER) - EXPLAIN IN NARRATIVE,214 E SOUTHERN DR & S GRANT,39.149767,-86.53226235
2009,10,6,Weekday,1300,2-Car,No injury/unknown,SPEED TOO FAST FOR WEATHER CONDITIONS,GRANT ST & SOUTHERN,39.14973,-86.53028
2009,12,2,Weekday,800,1-Car,No injury/unknown,ROADWAY SURFACE CONDITION,OAKDALE DR,39.14956857,-86.56869305
2009,2,5,Weekday,1300,2-Car,No injury/unknown,FOLLOWING TOO CLOSELY,CONSTITUTION & LIBERTY DR,39.149552,-86.575936
2009,2,5,Weekday,1600,3+ Cars,Non-incapacitating,DRIVER DISTRACTED - EXPLAIN IN NARRATIVE,CONSTITUTION & LIBERTY DR,39.149552,-86.575936
2009,12,2,Weekday,700,1-Car,No injury/unknown,SPEED TOO FAST FOR WEATHER CONDITIONS,HILLSIDE & ROGERS ST,39.14954137,-86.538592
2009,3,4,Weekday,1100,2-Car,Non-incapacitating,FOLLOWING TOO CLOSELY,RAMP 14 & SR45,39.14926601,-86.57101035
2009,9,5,Weekday,1700,1-Car,No injury/unknown,OTHER (VEHICLE) - EXPLAIN IN NARRATIVE,RENWICK BLVD,39.149182,-86.501471
2009,11,4,Weekday,1100,2-Car,No injury/unknown,FAILURE TO YIELD RIGHT OF WAY,S CURRY PIKE & W BEASLEY,39.149152,-86.582704
2009,4,3,Weekday,200,1-Car,No injury/unknown,ROADWAY SURFACE CONDITION,SR37 & SR45W,39.1486932,-86.57300645
2009,4,3,Weekday,200,1-Car,No injury/unknown,ROADWAY SURFACE CONDITION,SR37 & SR45W,39.1486932,-86.57300645
2009,1,6,Weekday,1600,2-Car,Non-incapacitating,DRIVER DISTRACTED - EXPLAIN IN NARRATIVE,BLOOMFIELD & OAKDALE DR,39.148544,-86.571504
2009,6,4,Weekday,1500,Moped/Motorcycle,No injury/unknown,UNSAFE SPEED,BLOOMFIELD & OAKDALE DR,39.148544,-86.571504
2009,2,3,Weekday,1500,Bus,No injury/unknown,OTHER (ENVIRONMENTAL) - EXPLAIN IN NARR,SR446S,39.148464,-86.471256
2009,2,3,Weekday,1500,1-Car,No injury/unknown,ROADWAY SURFACE CONDITION,SOUTH STATE ROAD 446 RD,39.148464,-86.471256
2009,5,6,Weekday,1000,2-Car,Non-incapacitating,FOLLOWING TOO CLOSELY,SR37,39.148448,-86.573
2009,9,3,Weekday,1700,2-Car,Non-incapacitating,OTHER (DRIVER) - EXPLAIN IN NARRATIVE,JORDAN AVE & THIRD,39.14839848,-86.5164
2009,10,1,Weekend,1000,2-Car,No injury/unknown,FOLLOWING TOO CLOSELY,37 & SR45W,39.14825384,-86.57299489
2009,1,3,Weekday,1300,2-Car,No injury/unknown,FOLLOWING TOO CLOSELY,SR37S & SR45W,39.148144,-86.572992
2009,1,7,Weekend,1100,2-Car,No injury/unknown,FAILURE TO YIELD RIGHT OF WAY,SR37 & SR45W,39.148144,-86.572992
2009,1,7,Weekend,1500,2-Car,No injury/unknown,DRIVER DISTRACTED - EXPLAIN IN NARRATIVE,BLOOMFIELD & SR37S,39.148144,-86.572992
2009,2,5,Weekday,1400,2-Car,No injury/unknown,DRIVER DISTRACTED - EXPLAIN IN NARRATIVE,SR37N & SR45,39.148144,-86.572992
2009,2,3,Weekday,1700,2-Car,No injury/unknown,FAILURE TO YIELD RIGHT OF WAY,SR37S & SR45W,39.148144,-86.572992
2009,3,6,Weekend,2000,2-Car,No injury/unknown,FOLLOWING TOO CLOSELY,SR37S & SR45S,39.148144,-86.572992
2009,3,6,Weekday,1600,2-Car,No injury/unknown,ALCOHOLIC BEVERAGES,SR37 & SR45W,39.148144,-86.572992
2009,4,2,Weekday,600,2-Car,No injury/unknown,FAILURE TO YIELD RIGHT OF WAY,BLOOMFIELD & SR37 RTE,39.148144,-86.572992
2009,5,5,Weekday,1700,3+ Cars,Non-incapacitating,OTHER (DRIVER) - EXPLAIN IN NARRATIVE,BLOOMFIELD RD & SR37,39.148144,-86.572992
2009,5,5,Weekday,1700,2-Car,No injury/unknown,FAILURE TO YIELD RIGHT OF WAY,SR37N & SR45W,39.148144,-86.572992
2009,7,7,Weekend,1800,2-Car,No injury/unknown,FOLLOWING TOO CLOSELY,SR37N & SR45W,39.148144,-86.572992
2009,7,4,Weekday,1000,1-Car,No injury/unknown,OTHER (ENVIRONMENTAL) - EXPLAIN IN NARR,BLOOMFIELD & SR37S,39.148144,-86.572992
2009,9,6,Weekend,2100,2-Car,Non-incapacitating,FOLLOWING TOO CLOSELY,SR37S & SR45W,39.148144,-86.572992
2009,9,3,Weekday,1300,2-Car,Non-incapacitating,OTHER (DRIVER) - EXPLAIN IN NARRATIVE,BLOOMFIELD & SR37,39.148144,-86.572992
2009,9,2,Weekday,1800,2-Car,No injury/unknown,DISREGARD SIGNAL/REG SIGN,37 & SR45W,39.148144,-86.572992
2009,11,7,Weekend,1300,2-Car,No injury/unknown,FOLLOWING TOO CLOSELY,SR37S & SR45W,39.148144,-86.572992
2009,11,3,Weekday,1700,2-Car,Non-incapacitating,FOLLOWING TOO CLOSELY,SR37 & SR45W,39.148144,-86.572992
2009,11,5,Weekday,1600,2-Car,No injury/unknown,FAILURE TO YIELD RIGHT OF WAY,SR37N & SR45W,39.148144,-86.572992
2009,12,2,Weekday,1000,2-Car,No injury/unknown,FAILURE TO YIELD RIGHT OF WAY,SR37S & SR45W,39.148144,-86.572992
2009,12,1,Weekend,1200,2-Car,Non-incapacitating,FOLLOWING TOO CLOSELY,BLOOMFIELD RD & SR37S,39.148144,-86.572992
2009,11,7,Weekend,1500,2-Car,No injury/unknown,FAILURE TO YIELD RIGHT OF WAY,HENDERSON ST & MOODY,39.14788,-86.52691
2009,10,6,Weekend,1900,1-Car,No injury/unknown,UNSAFE SPEED,N HEADLEY RD & N HINKLE,39.14751941,-86.51437
2009,7,3,Weekday,1700,2-Car,No injury/unknown,FAILURE TO YIELD RIGHT OF WAY,BLOOMFIELD RD & SR 37,39.14750244,-86.57320781
2009,12,4,Weekday,1300,2-Car,No injury/unknown,IMPROPER LANE USAGE,HWY 37 & SR45W,39.14750244,-86.57320781
2009,10,7,Weekend,2200,2-Car,Non-incapacitating,FAILURE TO YIELD RIGHT OF WAY,BLOOMFIELD RD & SR37,39.14748961,-86.57296836
2009,8,3,Weekday,1300,2-Car,No injury/unknown,FAILURE TO YIELD RIGHT OF WAY,MILLER & WALNUT ST,39.14748006,-86.53269804
2009,9,3,Weekday,2100,1-Car,Non-incapacitating,OVERCORRECTING/OVERSTEERING,CURRY PIKE & VERNAL,39.14742488,-86.58308
2009,10,4,Weekday,2000,1-Car,No injury/unknown,ANIMAL/OBJECT IN ROADWAY,FIELDSTONE & KIRBY RD,39.14736736,-86.61046
2009,6,7,Weekend,400,1-Car,No injury/unknown,ANIMAL/OBJECT IN ROADWAY,EAST COVENANTER & SOUTH COLLEGE MALL RD,39.14725108,-86.49774
2009,7,2,Weekday,1500,2-Car,Non-incapacitating,FAILURE TO YIELD RIGHT OF WAY,MILLER & WALNUT ST,39.14721203,-86.53262102
2009,9,2,Weekday,1600,2-Car,No injury/unknown,IMPROPER LANE USAGE,CURRY PIKE & JONATHAN,39.14720909,-86.58298
2009,9,1,Weekend,300,1-Car,No injury/unknown,OTHER (DRIVER) - EXPLAIN IN NARRATIVE,HENDERSON ST & MILLER,39.147152,-86.526896
2009,5,3,Weekday,700,2-Car,Non-incapacitating,FAILURE TO YIELD RIGHT OF WAY,MELROSE AVE,39.1470693,-86.52914159
2009,2,6,Weekday,1800,3+ Cars,No injury/unknown,IMPROPER TURNING,MELROSE AVE,39.14706345,-86.52930037
2009,8,3,Weekday,900,2-Car,No injury/unknown,FAILURE TO YIELD RIGHT OF WAY,S LIBERTY DR,39.147042,-86.5771
2009,2,2,Weekday,1900,2-Car,No injury/unknown,UNSAFE BACKING,E MILLER DR,39.147008,-86.51864
2009,2,5,Weekday,1600,2-Car,No injury/unknown,FOLLOWING TOO CLOSELY,MILLER DR & WALNUT,39.14695698,-86.53219167
2009,2,2,Weekday,1000,2-Car,No injury/unknown,DRIVER DISTRACTED - EXPLAIN IN NARRATIVE,E MILLER DR & S WALNUT,39.146944,-86.532544
2009,9,1,Weekend,1600,Cyclist,Non-incapacitating,FAILURE TO YIELD RIGHT OF WAY,MILLER & WALNUT ST,39.146944,-86.532544
2009,5,3,Weekday,1600,2-Car,No injury/unknown,OTHER (VEHICLE) - EXPLAIN IN NARRATIVE,HENDERSON & MILLER DR,39.14691,-86.52693
2009,1,4,Weekday,1800,2-Car,No injury/unknown,ALCOHOLIC BEVERAGES,E MILLER DR,39.14689,-86.532649
2009,9,6,Weekday,1700,2-Car,No injury/unknown,FOLLOWING TOO CLOSELY,MILLER & WALNUT ST,39.14689,-86.53265
2009,10,3,Weekday,1300,2-Car,No injury/unknown,FAILURE TO YIELD RIGHT OF WAY,MILLER & WALNUT ST,39.14689,-86.53265
2009,12,6,Weekend,1900,2-Car,No injury/unknown,IMPROPER TURNING,CONSTITUTION & LIBERTY DR,39.14683873,-86.57629221
2009,2,3,Weekday,1500,2-Car,No injury/unknown,UNSAFE BACKING,S ROGERS ST,39.146448,-86.5388
2009,4,1,Weekend,1800,2-Car,No injury/unknown,UNSAFE BACKING,S ROGERS ST,39.146448,-86.5388
2009,10,3,Weekday,1100,2-Car,No injury/unknown,FAILURE TO YIELD RIGHT OF WAY,S ROCKPORT RD & S ROGERS ST ST,39.146448,-86.5388
2009,11,3,Weekday,1100,3+ Cars,No injury/unknown,FOLLOWING TOO CLOSELY,ROCKPORT & S ROGERS ST,39.146448,-86.5388
2009,9,4,Weekday,400,2-Car,No injury/unknown,UNSAFE BACKING,S SOUTHERN PINES CT & W PINEHURST,39.14644555,-86.54743
2009,1,4,Weekday,1800,1-Car,No injury/unknown,ROADWAY SURFACE CONDITION,MAY & ROCKPORT RD,39.146106,-86.58671
2009,11,2,Weekday,1600,1-Car,No injury/unknown,OTHER (DRIVER) - EXPLAIN IN NARRATIVE,OAKDALE WEST DR,39.14607305,-86.57156731
2009,9,1,Weekend,1400,Moped/Motorcycle,Incapacitating,RAN OFF ROAD RIGHT,WENDYS WAY,39.145983,-86.600354
2009,11,3,Weekday,1800,2-Car,No injury/unknown,FOLLOWING TOO CLOSELY,LIBERTY & SR45W,39.14596587,-86.5761816
2009,12,4,Weekday,800,1-Car,No injury/unknown,DRIVER ILLNESS,MCCARTNEY & SO SARE RD,39.14587002,-86.49752248
2009,3,2,Weekday,800,2-Car,Non-incapacitating,OTHER (DRIVER) - EXPLAIN IN NARRATIVE,SR37N & VERNAL,39.14564401,-86.5609886
2009,8,6,Weekend,2000,2-Car,No injury/unknown,OTHER (DRIVER) - EXPLAIN IN NARRATIVE,COLLEGE AVE & WEST 2ND,39.14551964,-86.53493
2009,1,4,Weekday,1200,2-Car,No injury/unknown,ROADWAY SURFACE CONDITION,ALPINE TRL,39.145441,-86.525295
2009,9,2,Weekday,1900,Moped/Motorcycle,Incapacitating,OTHER (DRIVER) - EXPLAIN IN NARRATIVE,LINGELBACH & NORTH JORDAN AVE,39.14541651,-86.51253
2009,2,3,Weekday,1700,2-Car,No injury/unknown,OTHER (DRIVER) - EXPLAIN IN NARRATIVE,OAKDALE DR,39.145353,-86.568297
2009,11,6,Weekday,1600,1-Car,No injury/unknown,DRIVER ILLNESS,THATCHER CT,39.145303,-86.496066
2009,4,5,Weekday,1300,1-Car,No injury/unknown,OTHER (DRIVER) - EXPLAIN IN NARRATIVE,LIBERTY DR,39.145264,-86.577616
2009,6,3,Weekday,1800,2-Car,No injury/unknown,OTHER (DRIVER) - EXPLAIN IN NARRATIVE,LIBERTY DR,39.145264,-86.577616
2009,7,7,Weekend,1600,2-Car,No injury/unknown,OTHER (DRIVER) - EXPLAIN IN NARRATIVE,LIBERTY DR,39.145264,-86.577616
2009,8,6,Weekday,1600,2-Car,No injury/unknown,UNSAFE BACKING,LIBERTY DR,39.145264,-86.577616
2009,9,7,Weekend,1400,2-Car,No injury/unknown,NONE (DRIVER),S LIBERTY DR,39.145264,-86.577616
2009,9,2,Weekday,1900,2-Car,No injury/unknown,OTHER (DRIVER) - EXPLAIN IN NARRATIVE,S LIBERTY DR,39.145264,-86.577616
2009,12,7,Weekend,1400,2-Car,No injury/unknown,UNSAFE BACKING,S LIBERTY DR,39.145264,-86.577616
2009,12,2,Weekday,2000,2-Car,No injury/unknown,OTHER (DRIVER) - EXPLAIN IN NARRATIVE,SOUTH OAKDALE DR,39.145244,-86.56853
2009,5,2,Weekday,1800,2-Car,Non-incapacitating,FOLLOWING TOO CLOSELY,BLOOMFIELD RD & LIBERTY,39.14519313,-86.57744765
2009,3,4,Weekday,700,2-Car,Non-incapacitating,OTHER (DRIVER) - EXPLAIN IN NARRATIVE,LIBERTY & SR45W,39.145152,-86.5776
2009,4,5,Weekday,1600,2-Car,No injury/unknown,FAILURE TO YIELD RIGHT OF WAY,LIBERTY & SR45W,39.145152,-86.5776
2009,7,4,Weekday,1600,3+ Cars,Non-incapacitating,DRIVER DISTRACTED - EXPLAIN IN NARRATIVE,LIBERTY & SR45W,39.145152,-86.5776
2009,7,6,Weekend,2300,2-Car,No injury/unknown,FAILURE TO YIELD RIGHT OF WAY,LIBERTY & SR45E,39.145152,-86.5776
2009,10,4,Weekday,1400,2-Car,Non-incapacitating,FOLLOWING TOO CLOSELY,LIBERTY & SR45E,39.145152,-86.5776
2009,9,1,Weekday,2200,1-Car,No injury/unknown,SPEED TOO FAST FOR WEATHER CONDITIONS,SARE RD & WINSTON,39.14509,-86.49701
2009,12,2,Weekday,800,1-Car,No injury/unknown,ROADWAY SURFACE CONDITION,SARE & WINSTON ST,39.14509,-86.49701
2009,5,6,Weekday,1300,2-Car,Non-incapacitating,FOLLOWING TOO CLOSELY,E 2ND & S COLLEGE MALL RD,39.14507982,-86.49772
2009,4,4,Weekday,1400,2-Car,Non-incapacitating,FOLLOWING TOO CLOSELY,LIBERTY & WEST BLOOMFIELD RD,39.14502255,-86.57774806
2009,6,6,Weekday,1600,Bus,Non-incapacitating,DISREGARD SIGNAL/REG SIGN,BLOOMFIELD RD & LIBERTY,39.14502255,-86.57776952
2009,9,1,Weekend,1600,2-Car,Non-incapacitating,BRAKE FAILURE OR DEFECTIVE,LIBERTY DR & WEST SR 45,39.14502,-86.57777
2009,12,6,Weekday,1400,3+ Cars,No injury/unknown,FOLLOWING TOO CLOSELY,LIBERTY & SR 45 RD,39.14502,-86.57789987
2009,12,6,Weekday,1400,2-Car,No injury/unknown,FOLLOWING TOO CLOSELY,S LIBERTY & W STATE ROAD 45,39.14502,-86.57777
2009,12,5,Weekday,1700,3+ Cars,No injury/unknown,OTHER TELEMATICS IN USE,LIBERTY & WEST SR 45 RD,39.14502,-86.57777
2009,5,4,Weekday,1600,2-Car,Non-incapacitating,FAILURE TO YIELD RIGHT OF WAY,LIBERTY & SR45W,39.14500942,-86.57776354
2009,7,5,Weekday,1300,3+ Cars,Non-incapacitating,UNSAFE SPEED,LIBERTY & SR45W,39.14500942,-86.57776701
2009,8,7,Weekend,2200,2-Car,Non-incapacitating,ALCOHOLIC BEVERAGES,2ND ST & LIBERTY,39.14500942,-86.57776354
2009,9,4,Weekday,1200,2-Car,Non-incapacitating,DRIVER DISTRACTED - EXPLAIN IN NARRATIVE,LIBERTY & SR45,39.14500942,-86.57776354
2009,2,5,Weekday,2000,2-Car,Non-incapacitating,OTHER (DRIVER) - EXPLAIN IN NARRATIVE,S ENDWRIGHT RD & WENDYS,39.145,-86.59631
2009,9,1,Weekend,300,1-Car,No injury/unknown,RAN OFF ROAD RIGHT,EMINENCE & SUMMITVIEW PL,39.14487,-86.52274
2009,1,6,Weekday,1300,2-Car,No injury/unknown,DISREGARD SIGNAL/REG SIGN,NORTH & S WALNUT ST,39.144752,-86.531888
2009,8,5,Weekday,2200,1-Car,Non-incapacitating,RAN OFF ROAD RIGHT,NORTH & WALNUT ST,39.144752,-86.531888
2009,12,2,Weekday,600,2-Car,No injury/unknown,ROADWAY SURFACE CONDITION,NORTH & S WALNUT ST,39.144752,-86.531888
2009,12,5,Weekday,2000,1-Car,No injury/unknown,UNSAFE SPEED,ALPINE & SUMMITVIEW PL,39.14474645,-86.52372957
2009,10,2,Weekday,1700,2-Car,Non-incapacitating,FAILURE TO YIELD RIGHT OF WAY,WEST SPURCE DR,39.144652,-86.571355
2009,8,5,Weekday,2200,1-Car,No injury/unknown,OTHER (DRIVER) - EXPLAIN IN NARRATIVE,600 E SUMMIT VIEW PL & RIDGECREST,39.14449032,-86.52552626
2009,11,1,Weekend,0,1-Car,No injury/unknown,RAN OFF ROAD RIGHT,HIGHLAND AVE & SHORT,39.14443715,-86.51731298
2009,5,1,Weekend,1100,3+ Cars,Non-incapacitating,FAILURE TO YIELD RIGHT OF WAY,SR45,39.14435564,-86.57906603
2009,4,3,Weekday,1300,3+ Cars,Non-incapacitating,DRIVER DISTRACTED - EXPLAIN IN NARRATIVE,INDUSTRIAL & SR45W,39.14363313,-86.58033852
2009,10,4,Weekday,1200,2-Car,Non-incapacitating,OTHER (DRIVER) - EXPLAIN IN NARRATIVE,INDUSTRIAL BLVD & SR45W,39.14363313,-86.58033506
2009,7,6,Weekday,1600,2-Car,No injury/unknown,DRIVER ASLEEP OR FATIGUED,INDUSTRIAL & STATE ROAD 45 HWY,39.1436,-86.58031
2009,1,3,Weekday,1800,2-Car,No injury/unknown,DISREGARD SIGNAL/REG SIGN,INDUSTRIAL & SR45E,39.143552,-86.580528
2009,7,2,Weekday,1400,3+ Cars,No injury/unknown,DISREGARD SIGNAL/REG SIGN,INDUSTRIAL & SR45W,39.143552,-86.580528
2009,11,6,Weekday,1000,2-Car,No injury/unknown,FAILURE TO YIELD RIGHT OF WAY,INDUSTRIAL & SR45W,39.143552,-86.580528
2009,12,3,Weekday,1800,2-Car,Non-incapacitating,FAILURE TO YIELD RIGHT OF WAY,S LIBERTY DR & W 3RD,39.14344952,-86.57913641
2009,11,7,Weekend,2100,1-Car,No injury/unknown,RAN OFF ROAD RIGHT,GREENLEAF & S BASSWOOD DR,39.14338843,-86.57251
2009,12,3,Weekday,600,1-Car,No injury/unknown,SPEED TOO FAST FOR WEATHER CONDITIONS,LEONARD SPRINGS & SR45W,39.14317398,-86.58104679
2009,4,1,Weekend,100,1-Car,No injury/unknown,ALCOHOLIC BEVERAGES,COUNTRYSIDE LN & ZONA,39.14317,-86.54632
2009,2,4,Weekday,1700,2-Car,No injury/unknown,UNSAFE BACKING,COUNTRYSIDE LN & CUTTER,39.14314,-86.54469
2009,4,1,Weekend,100,2-Car,No injury/unknown,ALCOHOLIC BEVERAGES,COUNTRYSIDE LN & CUTTER,39.14314,-86.54468135
2009,4,1,Weekday,2200,1-Car,Non-incapacitating,RAN OFF ROAD RIGHT,JED & ROGERS ST,39.14314,-86.5389
2009,5,1,Weekday,2200,1-Car,No injury/unknown,OTHER (DRIVER) - EXPLAIN IN NARRATIVE,COUNTRYSIDE LN & CUTTER,39.14314,-86.54469
2009,1,4,Weekday,700,2-Car,No injury/unknown,FOLLOWING TOO CLOSELY,MEADOWBLUFF & S HIGH ST,39.142912,-86.508192
2009,4,1,Weekend,100,3+ Cars,No injury/unknown,ALCOHOLIC BEVERAGES,COUNTRYSIDE DR & PEOPLES,39.14287,-86.54738
2009,2,6,Weekday,0,1-Car,No injury/unknown,UNSAFE SPEED,CLEAR CREEK & ROGERS ST,39.14286006,-86.53977
2009,3,3,Weekday,1700,2-Car,No injury/unknown,OTHER (DRIVER) - EXPLAIN IN NARRATIVE,CURRY & SR45W,39.14261099,-86.5818194
2009,3,6,Weekend,2100,1-Car,No injury/unknown,UNSAFE SPEED,S ROGERS ST,39.14258645,-86.53863543
2009,3,3,Weekday,1200,2-Car,Non-incapacitating,LEFT OF CENTER,SOUTH & WALNUT ST,39.14258329,-86.53124637
2009,5,4,Weekday,1400,2-Car,No injury/unknown,FAILURE TO YIELD RIGHT OF WAY,S WALNUT ST,39.142555,-86.531238
2009,10,3,Weekday,1100,2-Car,No injury/unknown,SPEED TOO FAST FOR WEATHER CONDITIONS,EAST SEVENTH & NORTH JORDAN AVE,39.14241103,-86.51616
2009,11,2,Weekday,800,2-Car,No injury/unknown,FAILURE TO YIELD RIGHT OF WAY,ADAMS HILL & COUNTRYSIDE LN,39.1424,-86.55081
2009,7,6,Weekday,1700,2-Car,No injury/unknown,FOLLOWING TOO CLOSELY,W STATE ROAD 45 RD,39.142381,-86.581967
2009,8,1,Weekend,1700,2-Car,No injury/unknown,OTHER (DRIVER) - EXPLAIN IN NARRATIVE,W STATE ROAD 45 RD,39.142381,-86.581967
2009,9,5,Weekday,1200,2-Car,No injury/unknown,OTHER (DRIVER) - EXPLAIN IN NARRATIVE,W ST RD 45 HWY,39.142381,-86.581967
2009,9,6,Weekday,1600,2-Car,Non-incapacitating,FAILURE TO YIELD RIGHT OF WAY,3585 W STATE ROAD 45 RD,39.142381,-86.581967
2009,9,7,Weekend,100,1-Car,No injury/unknown,OTHER (DRIVER) - EXPLAIN IN NARRATIVE,W SR 45 HWY,39.142381,-86.581967
2009,9,5,Weekday,1800,2-Car,No injury/unknown,FAILURE TO YIELD RIGHT OF WAY,WEST STATE ROAD 45 HWY,39.142381,-86.581967
2009,9,4,Weekday,1700,2-Car,No injury/unknown,UNSAFE BACKING,W STATE ROAD 45 RD,39.142381,-86.581967
2009,10,5,Weekday,1600,2-Car,No injury/unknown,IMPROPER PASSING,W STATE ROAD 45 RD,39.142381,-86.581967
2009,11,6,Weekday,1600,Moped/Motorcycle,Non-incapacitating,IMPROPER LANE USAGE,WEST STATE ROAD 45 RD,39.142381,-86.581967
2009,12,7,Weekend,1300,2-Car,No injury/unknown,UNSAFE BACKING,W STATE ROAD 45 RD,39.142381,-86.581967
2009,12,7,Weekend,1300,2-Car,No injury/unknown,UNSAFE BACKING,WEST STATE ROAD 45 RD,39.142381,-86.581967
2009,6,4,Weekday,1900,2-Car,No injury/unknown,DISREGARD SIGNAL/REG SIGN,HENDERSON ST & SOUTH,39.142144,-86.5268
2009,9,3,Weekday,1500,2-Car,Non-incapacitating,BRAKE FAILURE OR DEFECTIVE,SOUTH & SOUTH HENDERSON ST,39.142144,-86.5268
2009,3,3,Weekday,1200,2-Car,No injury/unknown,FOLLOWING TOO CLOSELY,CURRY & SR45W,39.14214183,-86.58246323