Year,Month,Day,Weekend?,Hour,Collision Type,Injury Type,Primary Factor,Reported_Location,Latitude,Longitude
2008,9,7,Weekend,300,2-Car,No injury/unknown,UNSAFE BACKING,19TH ST & LINCOLN,39.18110378,-86.5307122
2008,1,4,Weekday,800,2-Car,Non-incapacitating,FAILURE TO YIELD RIGHT OF WAY,19TH & DUNN ST,39.18104,-86.5284
2008,1,3,Weekday,1100,2-Car,No injury/unknown,UNSAFE BACKING,N DUNN ST,39.18104,-86.5284
2008,3,3,Weekday,1100,Pedestrian,Non-incapacitating,FAILURE TO YIELD RIGHT OF WAY,19TH ST & DUNN,39.18104,-86.5284
2008,10,6,Weekday,600,1-Car,No injury/unknown,OTHER (DRIVER) - EXPLAIN IN NARRATIVE,SR37N & VERNAL,39.1807259,-86.55787222
2008,2,3,Weekday,1400,2-Car,No injury/unknown,IMPROPER TURNING,WEST SR 45 HWY,39.18056,-86.543968
2008,7,1,Weekend,1600,2-Car,No injury/unknown,UNSAFE BACKING,WESTFIELD & WILLIS DR,39.18056,-86.543968
2008,8,7,Weekend,1400,2-Car,No injury/unknown,IMPROPER LANE USAGE,UPPER VALLEY & WESTFIELD DR,39.18056,-86.542944
2008,3,4,Weekday,800,Pedestrian,Non-incapacitating,PEDESTRIAN ACTION,18TH & DUNN ST,39.180352,-86.5284
2008,9,5,Weekday,900,2-Car,No injury/unknown,UNSAFE SPEED,18TH & DUNN ST,39.180352,-86.5284
2008,9,4,Weekday,1700,2-Car,No injury/unknown,IMPROPER LANE USAGE,N DUNN ST,39.180352,-86.5284
2008,11,7,Weekend,200,2-Car,No injury/unknown,LEFT OF CENTER,18TH & DUNN ST,39.180352,-86.5284
2008,10,6,Weekday,1000,2-Car,No injury/unknown,OTHER (DRIVER) - EXPLAIN IN NARRATIVE,CURRY PIKE & VERNAL,39.18034652,-86.58318
2008,11,3,Weekday,1000,2-Car,No injury/unknown,FAILURE TO YIELD RIGHT OF WAY,NORTH DUNN ST,39.18019,-86.528309
2008,2,6,Weekday,1300,2-Car,No injury/unknown,UNSAFE BACKING,HAWTHORNE DR & THIRD,39.18011152,-86.52009
2008,6,2,Weekday,1900,2-Car,No injury/unknown,OTHER (DRIVER) - EXPLAIN IN NARRATIVE,N WILLIS DR,39.180048,-86.544
2008,7,3,Weekday,1100,2-Car,No injury/unknown,FAILURE TO YIELD RIGHT OF WAY,N WILLIS DR,39.180048,-86.544
2008,2,6,Weekday,1800,2-Car,No injury/unknown,OTHER (DRIVER) - EXPLAIN IN NARRATIVE,PACKINGHOUSE RD,39.180012,-86.562315
2008,6,2,Weekday,1200,1-Car,No injury/unknown,RAN OFF ROAD RIGHT,N ARLINGTON PARK DR,39.18,-86.554098
2008,6,4,Weekday,1000,2-Car,No injury/unknown,FAILURE TO YIELD RIGHT OF WAY,N ARLINGTON PARK DR,39.17994237,-86.5483693
2008,1,7,Weekend,2000,1-Car,No injury/unknown,IMPROPER TURNING,17TH & SR45W,39.17984,-86.507088
2008,1,4,Weekday,1700,2-Car,No injury/unknown,DRIVER DISTRACTED - EXPLAIN IN NARRATIVE,17TH & SR46E,39.17984,-86.507088
2008,3,7,Weekend,1200,2-Car,No injury/unknown,FOLLOWING TOO CLOSELY,SEVENTEENTH ST & SR45,39.17984,-86.507088
2008,4,6,Weekday,1600,2-Car,No injury/unknown,IMPROPER PASSING,17TH & SR45N,39.17984,-86.507088
2008,4,2,Weekday,1600,2-Car,No injury/unknown,FAILURE TO YIELD RIGHT OF WAY,17TH ST & SR 45 46,39.17984,-86.507088
2008,9,1,Weekend,1800,1-Car,No injury/unknown,SPEED TOO FAST FOR WEATHER CONDITIONS,17TH ST & SR 45 46 BYPASS,39.17984,-86.507088
2008,8,4,Weekday,300,3+ Cars,No injury/unknown,,ARLINGTON PARK DR,39.17981,-86.554096
2008,6,4,Weekday,1400,1-Car,Non-incapacitating,ANIMAL/OBJECT IN ROADWAY,CURRY PIKE & VERNAL,39.17979726,-86.58319
2008,12,2,Weekday,1300,1-Car,Non-incapacitating,RAN OFF ROAD RIGHT,ARLINGTON RD & MONROE,39.17972282,-86.54796921
2008,3,3,Weekday,1100,2-Car,No injury/unknown,UNSAFE BACKING,N JORDAN AVE,39.17967426,-86.511088
2008,12,6,Weekday,100,2-Car,No injury/unknown,ALCOHOLIC BEVERAGES,N LINCOLN ST,39.17967216,-86.53084082
2008,12,6,Weekday,1700,2-Car,No injury/unknown,CELL PHONE USAGE,17TH & SR46E,39.17960737,-86.5069004
2008,3,3,Weekday,300,2-Car,No injury/unknown,OTHER (DRIVER) - EXPLAIN IN NARRATIVE,N WOODBURN AVE,39.1794156,-86.53602554
2008,2,6,Weekday,200,2-Car,No injury/unknown,SPEED TOO FAST FOR WEATHER CONDITIONS,17TH & JORDAN AVE,39.17939731,-86.511088
2008,4,3,Weekday,1700,2-Car,No injury/unknown,UNSAFE BACKING,NORTH JORDAN AVE,39.179279,-86.510934
2008,1,4,Weekday,1600,2-Car,Non-incapacitating,DRIVER DISTRACTED - EXPLAIN IN NARRATIVE,17TH ST & LINGELBACH,39.17925,-86.5084
2008,11,2,Weekday,1800,2-Car,No injury/unknown,DRIVER DISTRACTED - EXPLAIN IN NARRATIVE,17TH ST & LINGLEBACH,39.17925,-86.5084
2008,6,4,Weekday,1400,2-Car,Non-incapacitating,FAILURE TO YIELD RIGHT OF WAY,CURRY & VERNAL PIKE,39.179248,-86.58249423
2008,1,5,Weekday,2200,1-Car,No injury/unknown,ROADWAY SURFACE CONDITION,N CURRY PIKE & VERNAL,39.179248,-86.5832
2008,1,3,Weekday,1900,1-Car,Non-incapacitating,SPEED TOO FAST FOR WEATHER CONDITIONS,17TH ST & MONROE,39.179248,-86.547104
2008,2,5,Weekday,2300,1-Car,Non-incapacitating,ALCOHOLIC BEVERAGES,1200 W ARLINGTON RD & 17TH,39.179248,-86.547104
2008,2,6,Weekday,1200,1-Car,No injury/unknown,RAN OFF ROAD RIGHT,CRESCENT & WEST 17TH ST,39.179248,-86.556592
2008,3,6,Weekend,2000,2-Car,No injury/unknown,LEFT OF CENTER,MONROE & W ARLINGTON RD,39.179248,-86.547104
2008,4,4,Weekday,1300,2-Car,No injury/unknown,FOLLOWING TOO CLOSELY,N MONROE & W 17TH ST,39.179248,-86.547104
2008,4,6,Weekday,1300,3+ Cars,Non-incapacitating,FOLLOWING TOO CLOSELY,1510 W ARLINGTON RD & MONROE,39.179248,-86.547104
2008,4,4,Weekday,700,2-Car,No injury/unknown,IMPROPER TURNING,CURRY PIKE & VERNAL,39.179248,-86.5832
2008,4,2,Weekday,1700,2-Car,No injury/unknown,DISREGARD SIGNAL/REG SIGN,CURRY PIKE & VERNAL,39.179248,-86.5832
2008,5,2,Weekday,1400,2-Car,No injury/unknown,OVERCORRECTING/OVERSTEERING,17TH & MONROE ST,39.179248,-86.547104
2008,6,6,Weekday,900,2-Car,Non-incapacitating,FAILURE TO YIELD RIGHT OF WAY,17TH ST & MONROE,39.179248,-86.547104
2008,6,3,Weekday,1300,2-Car,No injury/unknown,OTHER (DRIVER) - EXPLAIN IN NARRATIVE,MONROE & WEST 17TH ST,39.179248,-86.547104
2008,7,3,Weekday,1000,2-Car,No injury/unknown,FAILURE TO YIELD RIGHT OF WAY,N MONROE & W 17TH ST,39.179248,-86.547104
2008,8,6,Weekday,1400,2-Car,No injury/unknown,DRIVER DISTRACTED - EXPLAIN IN NARRATIVE,17TH ST & MONROE,39.179248,-86.547104
2008,10,3,Weekday,2000,2-Car,No injury/unknown,FAILURE TO YIELD RIGHT OF WAY,17TH ST & MONROE,39.179248,-86.547104
2008,10,3,Weekday,1600,1-Car,Non-incapacitating,RAN OFF ROAD RIGHT,17TH ST & MONROE,39.179248,-86.547104
2008,11,1,Weekend,200,2-Car,No injury/unknown,OTHER (DRIVER) - EXPLAIN IN NARRATIVE,ARLINGTON VALLEY & N MONROE ST,39.179248,-86.547104
2008,11,6,Weekday,1500,Moped/Motorcycle,Non-incapacitating,SPEED TOO FAST FOR WEATHER CONDITIONS,N MONROE ST & W 17TH,39.179248,-86.547104
2008,11,5,Weekday,1900,2-Car,Non-incapacitating,DRIVER DISTRACTED - EXPLAIN IN NARRATIVE,17TH ST & MONROE,39.179248,-86.547104
2008,11,6,Weekday,1700,2-Car,No injury/unknown,FAILURE TO YIELD RIGHT OF WAY,17TH & MONROE ST,39.179248,-86.547104
2008,12,1,Weekend,1300,2-Car,No injury/unknown,SPEED TOO FAST FOR WEATHER CONDITIONS,N CRESCENT & W 17TH ST,39.179248,-86.556592
2008,9,6,Weekday,1500,2-Car,No injury/unknown,FAILURE TO YIELD RIGHT OF WAY,17TH ST & N MONROE,39.17922,-86.5471
2008,4,2,Weekday,1600,2-Car,Non-incapacitating,DRIVER DISTRACTED - EXPLAIN IN NARRATIVE,CURRY & VERNAL PIKE,39.17921334,-86.58671585
2008,6,6,Weekday,1500,3+ Cars,No injury/unknown,UNSAFE BACKING,VERNAL PIKE,39.179211,-86.574453
2008,2,3,Weekday,2200,1-Car,No injury/unknown,OTHER (DRIVER) - EXPLAIN IN NARRATIVE,4495 W VERNAL PIKE & LOESCH,39.17920134,-86.59103912
2008,8,4,Weekday,2200,2-Car,No injury/unknown,LEFT OF CENTER,VERNAL PIKE,39.179192,-86.58569
2008,12,4,Weekday,1200,2-Car,No injury/unknown,FOLLOWING TOO CLOSELY,CURRY PIKE & VERNAL,39.17916,-86.58308
2008,8,6,Weekday,1300,2-Car,No injury/unknown,UNSAFE BACKING,17 ST ST,39.17915849,-86.5379414
2008,4,5,Weekday,1900,2-Car,Non-incapacitating,OTHER (ENVIRONMENTAL) - EXPLAIN IN NARR,17TH & COLLEGE AVE,39.17915226,-86.53471928
2008,1,7,Weekend,2300,2-Car,No injury/unknown,DRIVER ASLEEP OR FATIGUED,VERNAL ST,39.17914,-86.581402
2008,1,7,Weekend,2300,2-Car,No injury/unknown,DRIVER ASLEEP OR FATIGUED,VERNAL PIKE,39.17914,-86.581402
2008,8,6,Weekend,2300,1-Car,No injury/unknown,RAN OFF ROAD RIGHT,16TH & DUNN ST,39.17911578,-86.5284
2008,6,7,Weekend,2000,2-Car,Non-incapacitating,OTHER (DRIVER) - EXPLAIN IN NARRATIVE,N WILLIS & W 17TH ST,39.179104,-86.544016
2008,12,6,Weekday,1700,2-Car,No injury/unknown,FAILURE TO YIELD RIGHT OF WAY,NORTH WILLIS & WEST 17TH ST,39.179104,-86.544016
2008,6,2,Weekday,2100,1-Car,No injury/unknown,RAN OFF ROAD RIGHT,PRAIRE GREEN & SR45E,39.17909206,-86.47442641
2008,1,2,Weekday,1600,2-Car,No injury/unknown,IMPROPER TURNING,1203 N LINCOLN ST & 17TH,39.17904,-86.530848
2008,1,5,Weekday,100,2-Car,Non-incapacitating,FAILURE TO YIELD RIGHT OF WAY,17TH ST & DUNN,39.17904,-86.5284
2008,2,6,Weekday,1600,2-Car,No injury/unknown,FOLLOWING TOO CLOSELY,17TH ST & DUNN,39.17904,-86.5284
2008,2,3,Weekday,1500,1-Car,No injury/unknown,RAN OFF ROAD RIGHT,E 17TH & N DUNN ST,39.17904,-86.5284
2008,2,5,Weekday,1500,1-Car,No injury/unknown,OTHER (ENVIRONMENTAL) - EXPLAIN IN NARR,E 17TH ST,39.17904,-86.5320128
2008,2,4,Weekday,1600,2-Car,Non-incapacitating,FAILURE TO YIELD RIGHT OF WAY,E 17TH ST & N LINCOLN,39.17904,-86.530848
2008,4,3,Weekday,2000,2-Car,No injury/unknown,FOLLOWING TOO CLOSELY,17TH & DUNN ST,39.17904,-86.5284
2008,8,4,Weekday,800,2-Car,No injury/unknown,OTHER (DRIVER) - EXPLAIN IN NARRATIVE,W 17TH ST,39.17904,-86.54246644
2008,8,5,Weekday,1500,Bus,No injury/unknown,FAILURE TO YIELD RIGHT OF WAY,17TH ST & LINCOLN,39.17904,-86.530848
2008,8,4,Weekday,1300,2-Car,No injury/unknown,OTHER (DRIVER) - EXPLAIN IN NARRATIVE,DUNN & SEVENTEENTH ST,39.17904,-86.5284
2008,8,7,Weekend,1700,2-Car,No injury/unknown,,17TH ST & WILLIS,39.17904,-86.54406
2008,9,3,Weekday,2100,2-Car,Non-incapacitating,FAILURE TO YIELD RIGHT OF WAY,17TH & DUNN ST,39.17904,-86.5284
2008,11,5,Weekday,1600,3+ Cars,Non-incapacitating,OTHER (DRIVER) - EXPLAIN IN NARRATIVE,E 17TH ST & N LINCOLN,39.17904,-86.530848
2008,12,7,Weekend,1100,2-Car,No injury/unknown,OTHER (ENVIRONMENTAL) - EXPLAIN IN NARR,DUNN & SEVENTEENTH ST,39.17904,-86.5284
2008,9,2,Weekday,1200,2-Car,No injury/unknown,UNSAFE BACKING,WEST 17TH ST,39.179038,-86.537905
2008,2,3,Weekday,1900,Pedestrian,Non-incapacitating,OTHER (DRIVER) - EXPLAIN IN NARRATIVE,17TH ST & INDIANA,39.179024,-86.5272
2008,7,3,Weekday,200,1-Car,Non-incapacitating,DISREGARD SIGNAL/REG SIGN,17TH & INDIANA AVE,39.179024,-86.5272
2008,7,5,Weekday,1400,2-Car,No injury/unknown,DISREGARD SIGNAL/REG SIGN,17TH ST & INDIANA,39.179024,-86.5272
2008,10,6,Weekday,1000,2-Car,No injury/unknown,SPEED TOO FAST FOR WEATHER CONDITIONS,17TH ST & INDIANA,39.179024,-86.5272
2008,12,1,Weekend,1500,1-Car,No injury/unknown,SPEED TOO FAST FOR WEATHER CONDITIONS,17TH ST & INDIANA,39.179024,-86.5272
2008,11,6,Weekday,1400,1-Car,No injury/unknown,OTHER (DRIVER) - EXPLAIN IN NARRATIVE,W 17TH ST,39.17902139,-86.5269858
2008,1,1,Weekday,1900,Bus,No injury/unknown,UNSAFE BACKING,E 17TH PARKING LOT ST,39.17902,-86.5210747
2008,1,4,Weekday,1500,2-Car,No injury/unknown,FAILURE TO YIELD RIGHT OF WAY,EAST 17TH ST,39.17902,-86.525975
2008,2,2,Weekday,1500,2-Car,No injury/unknown,OTHER (DRIVER) - EXPLAIN IN NARRATIVE,E 17 TH ST,39.17902,-86.521092
2008,3,7,Weekend,1900,1-Car,Non-incapacitating,BRAKE FAILURE OR DEFECTIVE,WEST 17TH ST,39.17902,-86.534885
2008,4,4,Weekday,1700,2-Car,No injury/unknown,OTHER (DRIVER) - EXPLAIN IN NARRATIVE,SEVENTEENTH ST,39.17902,-86.521092
2008,4,2,Weekday,1000,2-Car,No injury/unknown,OTHER (DRIVER) - EXPLAIN IN NARRATIVE,E 17TH   ( WHITE PARKING LOT) ST,39.17902,-86.525975
2008,4,2,Weekday,800,2-Car,No injury/unknown,DRIVER DISTRACTED - EXPLAIN IN NARRATIVE,FORREST & SEVENTEENTH ST,39.17902,-86.5225
2008,11,3,Weekday,1600,2-Car,No injury/unknown,FAILURE TO YIELD RIGHT OF WAY,EAST 17TH ST,39.17902,-86.525975
2008,8,2,Weekday,1600,2-Car,No injury/unknown,IMPROPER TURNING,EAST 17TH ST,39.179015,-86.520373
2008,9,5,Weekday,900,2-Car,No injury/unknown,OTHER (DRIVER) - EXPLAIN IN NARRATIVE,E SEVENTEENTH ST,39.179015,-86.520373
2008,1,3,Weekday,1500,1-Car,No injury/unknown,OVERCORRECTING/OVERSTEERING,PACKINGHOUSE & VERNAL PIKE PIKE,39.17901,-86.56324
2008,2,1,Weekend,200,1-Car,No injury/unknown,ALCOHOLIC BEVERAGES,EAST 17 & NORTH DUNN ST,39.17901,-86.52833
2008,12,4,Weekday,1400,1-Car,No injury/unknown,OVERCORRECTING/OVERSTEERING,PACKINGHOUSE & W VERNAL PIKE,39.17901,-86.56324
2008,2,3,Weekday,700,2-Car,No injury/unknown,OTHER (DRIVER) - EXPLAIN IN NARRATIVE,E 17TH ST,39.179008,-86.525888
2008,2,7,Weekend,2300,Pedestrian,Non-incapacitating,OTHER (DRIVER) - EXPLAIN IN NARRATIVE,E 17TH ST,39.179008,-86.525888
2008,3,2,Weekday,1800,2-Car,No injury/unknown,FAILURE TO YIELD RIGHT OF WAY,E 17TH ST,39.179008,-86.525888
2008,3,4,Weekday,1700,2-Car,No injury/unknown,UNSAFE BACKING,E 17TH ST,39.179008,-86.525888
2008,3,3,Weekday,1600,Bus,No injury/unknown,IMPROPER TURNING,E 17TH ST,39.179008,-86.525888
2008,4,7,Weekend,1700,2-Car,Non-incapacitating,FAILURE TO YIELD RIGHT OF WAY,17TH ST & FESS,39.179008,-86.525888
2008,9,2,Weekday,1700,2-Car,No injury/unknown,OTHER (VEHICLE) - EXPLAIN IN NARRATIVE,E 17TH ST,39.179008,-86.525888
2008,9,7,Weekend,1700,2-Car,No injury/unknown,DRIVER DISTRACTED - EXPLAIN IN NARRATIVE,17TH ST & FESS,39.179008,-86.525888
2008,11,6,Weekday,1500,2-Car,No injury/unknown,IMPROPER TURNING,E 17TH ST,39.179008,-86.525888
2008,12,3,Weekday,900,2-Car,No injury/unknown,LEFT OF CENTER,E 17TH ST,39.179008,-86.525888
2008,8,5,Weekday,600,2-Car,No injury/unknown,UNSAFE BACKING,E 17TH ST,39.17900278,-86.53259853
2008,4,2,Weekday,1000,2-Car,No injury/unknown,DRIVER ILLNESS,17TH ST & WOODLAWN,39.17899674,-86.52420974
2008,9,2,Weekday,800,1-Car,No injury/unknown,UNSAFE BACKING,W 17TH ST,39.17899329,-86.5378657
2008,2,1,Weekend,0,2-Car,No injury/unknown,DISREGARD SIGNAL/REG SIGN,17TH ST & KINSER,39.178992,-86.537792
2008,2,2,Weekday,1600,Bus,Non-incapacitating,DISREGARD SIGNAL/REG SIGN,17TH & MADISON ST,39.178992,-86.537792
2008,4,3,Weekday,1900,2-Car,No injury/unknown,OTHER (DRIVER) - EXPLAIN IN NARRATIVE,W 17TH ST,39.178992,-86.537792
2008,5,5,Weekday,1700,2-Car,No injury/unknown,FAILURE TO YIELD RIGHT OF WAY,17TH ST & WOODLAWN,39.178992,-86.523504
2008,6,3,Weekday,1700,2-Car,No injury/unknown,OTHER (DRIVER) - EXPLAIN IN NARRATIVE,310 WEST 17TH ST & KINSER,39.178992,-86.537792
2008,6,3,Weekday,1700,2-Car,No injury/unknown,FOLLOWING TOO CLOSELY,17TH ST & MADISON,39.178992,-86.537792
2008,7,3,Weekday,2300,2-Car,No injury/unknown,DISREGARD SIGNAL/REG SIGN,N MADISON & W 17TH ST,39.178992,-86.537792
2008,9,1,Weekend,1200,2-Car,No injury/unknown,DISREGARD SIGNAL/REG SIGN,17TH ST & KINSER,39.178992,-86.537792
2008,10,7,Weekend,900,2-Car,Non-incapacitating,OTHER (DRIVER) - EXPLAIN IN NARRATIVE,17TH ST & WOODLAWN,39.178992,-86.523504
2008,11,5,Weekday,2300,1-Car,No injury/unknown,ILLEGAL DRUGS,17TH ST & MADISON,39.178992,-86.537792
2008,12,3,Weekday,1900,1-Car,No injury/unknown,RAN OFF ROAD RIGHT,17TH ST & WOODLAWN,39.178992,-86.523504
2008,12,2,Weekday,1600,2-Car,No injury/unknown,FOLLOWING TOO CLOSELY,17TH ST & MADISON,39.178992,-86.537792
2008,12,4,Weekday,1400,2-Car,No injury/unknown,FAILURE TO YIELD RIGHT OF WAY,17TH ST & MADISON,39.1789904,-86.53761557
2008,8,2,Weekday,1700,2-Car,No injury/unknown,UNSAFE BACKING,W 17TH ST,39.17897861,-86.53631935
2008,12,7,Weekend,1100,2-Car,No injury/unknown,UNSAFE BACKING,W 17TH ST,39.17897861,-86.53631935
2008,8,6,Weekday,1400,2-Car,No injury/unknown,FAILURE TO YIELD RIGHT OF WAY,17TH ST & WOODBURN,39.17897385,-86.53585558
2008,2,3,Weekday,900,2-Car,No injury/unknown,FOLLOWING TOO CLOSELY,17TH ST & GRANT,39.1789677,-86.52942621
2008,2,3,Weekday,1800,1-Car,No injury/unknown,ROADWAY SURFACE CONDITION,BRAESIDE & PETE ELLIS DR,39.17896547,-86.49505
2008,5,4,Weekday,1500,2-Car,No injury/unknown,IMPROPER TURNING,E 17TH ST,39.17896063,-86.52947802
2008,2,5,Weekday,1500,2-Car,No injury/unknown,FAILURE TO YIELD RIGHT OF WAY,E 17TH ST,39.17896,-86.521088
2008,2,6,Weekday,1200,2-Car,No injury/unknown,SPEED TOO FAST FOR WEATHER CONDITIONS,E 17TH ST,39.17896,-86.521088
2008,4,2,Weekday,1300,2-Car,No injury/unknown,DISREGARD SIGNAL/REG SIGN,17TH & COLLEGE AVE,39.17896,-86.53472
2008,6,4,Weekday,600,2-Car,Non-incapacitating,DISREGARD SIGNAL/REG SIGN,17TH ST & COLLEGE,39.17896,-86.53472
2008,6,5,Weekday,0,1-Car,No injury/unknown,OTHER (DRIVER) - EXPLAIN IN NARRATIVE,W 17TH ST,39.17896,-86.53472
2008,7,6,Weekday,1800,2-Car,No injury/unknown,LEFT OF CENTER,N COLLEGE & W 17 ST,39.17896,-86.53472
2008,7,6,Weekday,1400,2-Car,No injury/unknown,UNSAFE BACKING,17TH & COLLEGE AVE,39.17896,-86.53472
2008,8,2,Weekday,900,2-Car,No injury/unknown,FAILURE TO YIELD RIGHT OF WAY,17TH ST & COLLEGE,39.17896,-86.53472
2008,8,7,Weekend,200,2-Car,No injury/unknown,FOLLOWING TOO CLOSELY,17TH ST & COLLEGE,39.17896,-86.53472
2008,9,1,Weekend,0,1-Car,No injury/unknown,DRIVER DISTRACTED - EXPLAIN IN NARRATIVE,E 17TH ST,39.17896,-86.521088
2008,9,6,Weekday,1400,2-Car,No injury/unknown,OTHER (DRIVER) - EXPLAIN IN NARRATIVE,W 17TH ST,39.17896,-86.53472
2008,9,5,Weekday,1700,2-Car,Non-incapacitating,FAILURE TO YIELD RIGHT OF WAY,E 17TH ST,39.17896,-86.521088
2008,11,6,Weekend,2100,2-Car,No injury/unknown,DISREGARD SIGNAL/REG SIGN,N COLLEGE AVE & W 17TH,39.17896,-86.53472
2008,11,7,Weekend,2100,2-Car,No injury/unknown,OTHER (DRIVER) - EXPLAIN IN NARRATIVE,E 17TH ST,39.17896,-86.521088
2008,11,5,Weekday,1200,2-Car,No injury/unknown,FAILURE TO YIELD RIGHT OF WAY,200 W 17TH ST & N COLLEGE,39.17896,-86.53472
2008,10,3,Weekday,1500,2-Car,No injury/unknown,FOLLOWING TOO CLOSELY,17TH ST & WALNUT,39.17895462,-86.52073518
2008,7,3,Weekday,800,2-Car,No injury/unknown,UNSAFE BACKING,17TH ST,39.17894926,-86.52038464
2008,11,3,Weekday,1600,2-Car,No injury/unknown,UNSAFE BACKING,E 17TH ST,39.17894926,-86.52038464
2008,3,5,Weekday,1500,2-Car,No injury/unknown,FOLLOWING TOO CLOSELY,17TH ST & GRANT,39.178944,-86.52977644
2008,7,2,Weekday,1100,2-Car,No injury/unknown,DISREGARD SIGNAL/REG SIGN,N WALNUT ST & W 17TH,39.178944,-86.533392
2008,9,6,Weekend,1900,2-Car,No injury/unknown,DISREGARD SIGNAL/REG SIGN,17TH & N WALNUT ST,39.178944,-86.533392
2008,9,7,Weekend,100,1-Car,No injury/unknown,ALCOHOLIC BEVERAGES,17TH & WALNUT ST,39.178944,-86.533392
2008,9,7,Weekend,100,2-Car,No injury/unknown,ALCOHOLIC BEVERAGES,17TH & WALNUT ST,39.178944,-86.533392
2008,9,7,Weekend,1900,Pedestrian,Non-incapacitating,PEDESTRIAN ACTION,17TH ST & GRANT,39.178944,-86.5296
2008,12,2,Weekday,800,2-Car,No injury/unknown,SPEED TOO FAST FOR WEATHER CONDITIONS,17TH ST & WALNUT,39.178944,-86.533392
2008,12,5,Weekday,1600,Bus,No injury/unknown,OTHER (DRIVER) - EXPLAIN IN NARRATIVE,E 17TH & N WALNUT ST,39.178944,-86.533392
2008,1,2,Weekday,1800,Pedestrian,Non-incapacitating,FAILURE TO YIELD RIGHT OF WAY,17TH ST & FEE,39.178928,-86.518992
2008,2,3,Weekday,1800,2-Car,No injury/unknown,FOLLOWING TOO CLOSELY,E 17 TH ST & N FEE,39.178928,-86.518992
2008,2,1,Weekend,200,2-Car,No injury/unknown,DISREGARD SIGNAL/REG SIGN,17TH ST & FEE,39.178928,-86.518992
2008,9,6,Weekday,1700,2-Car,No injury/unknown,UNSAFE SPEED,17TH & FEE LN,39.178928,-86.518992
2008,12,2,Weekday,1300,Bus,No injury/unknown,UNSAFE SPEED,17TH & FEE LN,39.178928,-86.518992
2008,3,2,Weekday,1200,1-Car,Non-incapacitating,DRIVER DISTRACTED - EXPLAIN IN NARRATIVE,EAST 17 & NORTH JORDAN AVE,39.17885983,-86.51246693
2008,1,3,Weekday,2200,3+ Cars,No injury/unknown,SPEED TOO FAST FOR WEATHER CONDITIONS,17TH & JORDAN AVE,39.178848,-86.511088
2008,2,1,Weekday,2200,1-Car,No injury/unknown,OBSTRUCTION NOT MARKED,17TH ST,39.178848,-86.51144
2008,2,7,Weekend,2000,2-Car,No injury/unknown,FOLLOWING TOO CLOSELY,1400 N JORDAN AVE & 1700 E 17TH,39.178848,-86.511088
2008,3,3,Weekday,1700,2-Car,Non-incapacitating,FAILURE TO YIELD RIGHT OF WAY,17TH ST & N JORDAN,39.178848,-86.511088
2008,3,4,Weekday,2100,2-Car,No injury/unknown,FAILURE TO YIELD RIGHT OF WAY,17TH & N JORDAN AVE,39.178848,-86.511088
2008,5,6,Weekday,1300,3+ Cars,No injury/unknown,UNSAFE BACKING,1412 NORTH JORDAN AVE & NORTH JORDAN,39.178848,-86.511088
2008,6,7,Weekend,1100,1-Car,No injury/unknown,ANIMAL/OBJECT IN ROADWAY,JORDAN & SEVENTEENTH ST,39.178848,-86.511088
2008,9,1,Weekend,1300,2-Car,No injury/unknown,FOLLOWING TOO CLOSELY,17TH & JORDAN AVE,39.178848,-86.511088
2008,10,6,Weekday,1800,2-Car,No injury/unknown,FAILURE TO YIELD RIGHT OF WAY,17TH ST & N JORDAN,39.178848,-86.511088
2008,11,2,Weekday,1100,2-Car,No injury/unknown,SPEED TOO FAST FOR WEATHER CONDITIONS,EAST SEVENTEENTH ST & NORTH JORDAN,39.178848,-86.511088
2008,12,4,Weekday,2000,2-Car,Non-incapacitating,LEFT OF CENTER,17TH & MAPLE ST,39.17876534,-86.542096
2008,5,7,Weekend,0,3+ Cars,No injury/unknown,ALCOHOLIC BEVERAGES,17TH & WOODBURN AVE,39.1787014,-86.53603904
2008,12,6,Weekday,600,2-Car,No injury/unknown,IMPROPER TURNING,CURRY PIKE & VERNAL,39.17869919,-86.58316993
2008,9,1,Weekend,1700,2-Car,No injury/unknown,FOLLOWING TOO CLOSELY,17TH & FEE LN,39.17865335,-86.51898997
2008,12,1,Weekend,1100,2-Car,No injury/unknown,FOLLOWING TOO CLOSELY,SR37N & W VERNAL,39.17856339,-86.56000817
2008,4,1,Weekend,0,2-Car,No injury/unknown,OTHER (DRIVER) - EXPLAIN IN NARRATIVE,N WALNUT ST,39.17839758,-86.53339992
2008,8,7,Weekend,300,1-Car,Non-incapacitating,STEERING FAILURE,E BURKS & S WALNUT ST,39.17838952,-86.52672
2008,5,6,Weekday,1700,2-Car,No injury/unknown,UNSAFE BACKING,INNOVATION CT,39.178368,-86.598396
2008,10,7,Weekend,1100,2-Car,No injury/unknown,FAILURE TO YIELD RIGHT OF WAY,KENWOOD & WOODBURN AVE,39.178352,-86.536048
2008,6,6,Weekday,1300,2-Car,Non-incapacitating,FAILURE TO YIELD RIGHT OF WAY,BLOOMINFIELD & SOUTH CORY LN,39.17824483,-86.55969
2008,1,6,Weekday,1500,2-Car,No injury/unknown,OTHER (VEHICLE) - EXPLAIN IN NARRATIVE,N JORDAN AVE,39.17816921,-86.512496