Year,Month,Day,Weekend?,Hour,Collision Type,Injury Type,Primary Factor,Reported_Location,Latitude,Longitude
2008,10,1,Weekend,300,1-Car,No injury/unknown,ALCOHOLIC BEVERAGES,CRESCENT DR & VERNAL,39.17514981,-86.55650039
2008,1,7,Weekend,1500,2-Car,No injury/unknown,UNSAFE BACKING,E 13TH ST,39.17507932,-86.51905807
2008,5,2,Weekday,900,2-Car,No injury/unknown,UNSAFE BACKING,CRESCENT RD & VERNAL,39.17504,-86.556496
2008,7,5,Weekday,1300,2-Car,No injury/unknown,FAILURE TO YIELD RIGHT OF WAY,N CRESANT & W VERNAL PIKE,39.17504,-86.556496
2008,1,5,Weekday,1700,2-Car,No injury/unknown,UNSAFE BACKING,13TH STREET PARKING LOT ST,39.175012,-86.548077
2008,1,4,Weekday,1700,2-Car,No injury/unknown,IMPROPER TURNING,14TH & 800 BLK N COLLEGE AVE,39.17488547,-86.534752
2008,5,7,Weekend,0,2-Car,Non-incapacitating,ALCOHOLIC BEVERAGES,SR37N & VERNAL,39.17469734,-86.56501204
2008,5,3,Weekday,700,3+ Cars,Non-incapacitating,UNSAFE SPEED,SR37N & VERNAL,39.17469734,-86.56501204
2008,1,4,Weekday,700,2-Car,No injury/unknown,FOLLOWING TOO CLOSELY,SR 45 46 BYPASS & SR45E,39.17463817,-86.50384493
2008,11,7,Weekend,1900,2-Car,Non-incapacitating,FAILURE TO YIELD RIGHT OF WAY,12TH ST & DUNN,39.174416,-86.528304
2008,12,3,Weekday,1400,2-Car,No injury/unknown,SPEED TOO FAST FOR WEATHER CONDITIONS,CURRY PIKE & WOODYARD,39.17440794,-86.58253
2008,5,3,Weekday,200,2-Car,No injury/unknown,UNSAFE BACKING,12TH ST,39.17440425,-86.5280062
2008,7,4,Weekday,2000,2-Car,No injury/unknown,UNSAFE BACKING,12TH ST,39.17440425,-86.5280062
2008,3,2,Weekday,1700,2-Car,No injury/unknown,OTHER (DRIVER) - EXPLAIN IN NARRATIVE,12TH & INDIANA AVE,39.174368,-86.527088
2008,3,6,Weekend,2100,2-Car,No injury/unknown,FAILURE TO YIELD RIGHT OF WAY,12TH & INDIANA AVE,39.174368,-86.527088
2008,6,1,Weekday,2300,Pedestrian,Non-incapacitating,PEDESTRIAN ACTION,12TH & 808 N WASHINGTON ST,39.174368,-86.5324
2008,8,1,Weekend,1400,2-Car,No injury/unknown,FAILURE TO YIELD RIGHT OF WAY,12TH & INDIANA AVE,39.174368,-86.527088
2008,9,7,Weekend,0,Cyclist,Non-incapacitating,PEDESTRIAN ACTION,12TH & INDIANA AVE,39.174368,-86.527088
2008,9,6,Weekday,1100,Cyclist,Non-incapacitating,FAILURE TO YIELD RIGHT OF WAY,12TH STREET ST & INDIANA AVE,39.174368,-86.527088
2008,11,4,Weekday,1400,2-Car,No injury/unknown,FAILURE TO YIELD RIGHT OF WAY,E 12TH & N INDIANA AVE,39.174368,-86.527088
2008,12,4,Weekday,1100,2-Car,No injury/unknown,OTHER (DRIVER) - EXPLAIN IN NARRATIVE,12TH ST & WALNUT,39.17435727,-86.5331192
2008,9,4,Weekday,1500,2-Car,No injury/unknown,OTHER (DRIVER) - EXPLAIN IN NARRATIVE,12TH ST & ILLINOIS,39.174352,-86.55110572
2008,3,1,Weekend,300,2-Car,No injury/unknown,OTHER (DRIVER) - EXPLAIN IN NARRATIVE,E 12TH ST & N WALNUT,39.174352,-86.533472
2008,4,4,Weekday,1600,2-Car,No injury/unknown,UNSAFE BACKING,N ILLINOIS ST & W 12TH,39.174352,-86.5504
2008,12,7,Weekend,1400,2-Car,No injury/unknown,ROADWAY SURFACE CONDITION,12TH & 915 N LINDBERGH ST,39.174352,-86.552592
2008,1,4,Weekday,1700,2-Car,No injury/unknown,FAILURE TO YIELD RIGHT OF WAY,WEST 12TH ST,39.174175,-86.547353
2008,10,2,Weekday,900,2-Car,No injury/unknown,UNSAFE SPEED,JORDAN AVE & LAW,39.17416147,-86.51508169
2008,2,1,Weekend,200,2-Car,No injury/unknown,,N MAPLE ST & W 12TH,39.17416,-86.542032
2008,4,3,Weekday,1600,2-Car,No injury/unknown,FOLLOWING TOO CLOSELY,FEE LN & LAW,39.174048,-86.518896
2008,9,7,Weekend,1100,2-Car,No injury/unknown,FAILURE TO YIELD RIGHT OF WAY,FEE LN & LAW,39.174048,-86.518896
2008,10,3,Weekday,1800,2-Car,No injury/unknown,FOLLOWING TOO CLOSELY,FEE LN & LAW,39.174048,-86.518896
2008,10,5,Weekday,1100,2-Car,No injury/unknown,IMPROPER TURNING,FEE LN & LAW,39.174048,-86.518896
2008,12,2,Weekday,2300,Bus,Non-incapacitating,FAILURE TO YIELD RIGHT OF WAY,FEE LN & LAW,39.174048,-86.518896
2008,7,5,Weekday,1300,1-Car,No injury/unknown,OTHER (VEHICLE) - EXPLAIN IN NARRATIVE,FEE LN & LAW,39.17391092,-86.51888546
2008,4,3,Weekday,1000,2-Car,No injury/unknown,OTHER (DRIVER) - EXPLAIN IN NARRATIVE,JORDAN & LAW LN,39.17370211,-86.51660054
2008,12,7,Weekend,1100,1-Car,No injury/unknown,SPEED TOO FAST FOR WEATHER CONDITIONS,BREASIDE & PETE ELLIS DR,39.17367773,-86.49505
2008,2,7,Weekend,300,1-Car,No injury/unknown,SPEED TOO FAST FOR WEATHER CONDITIONS,11TH & WALNUT ST,39.17365996,-86.53348203
2008,2,3,Weekday,1900,2-Car,No injury/unknown,ROADWAY SURFACE CONDITION,JORDAN AVE & LAW,39.17364952,-86.51542299
2008,10,3,Weekday,1700,1-Car,No injury/unknown,RAN OFF ROAD RIGHT,LEONARDSPRINGS RD & WEST HWY 45,39.17362029,-86.582572
2008,5,3,Weekday,1100,3+ Cars,No injury/unknown,OTHER (VEHICLE) - EXPLAIN IN NARRATIVE,JORDAN & LAW LN,39.17359871,-86.51583572
2008,4,1,Weekday,2000,2-Car,No injury/unknown,UNSAFE BACKING,FEE & LAW LN,39.17359059,-86.51577525
2008,2,1,Weekend,0,2-Car,No injury/unknown,FAILURE TO YIELD RIGHT OF WAY,JORDAN & LAW LN,39.173552,-86.515488
2008,2,3,Weekday,1800,1-Car,No injury/unknown,SPEED TOO FAST FOR WEATHER CONDITIONS,JORDAN AVE & LAW,39.173552,-86.515488
2008,2,3,Weekday,1900,2-Car,No injury/unknown,ROADWAY SURFACE CONDITION,JORDAN AVE & LAW,39.173552,-86.515488
2008,2,3,Weekday,1900,2-Car,Non-incapacitating,ROADWAY SURFACE CONDITION,JORDAN AVE & LAW,39.173552,-86.515488
2008,2,3,Weekday,1900,3+ Cars,No injury/unknown,ROADWAY SURFACE CONDITION,JORDAN AVE & LAW,39.173552,-86.515488
2008,2,3,Weekday,2300,2-Car,Non-incapacitating,DISREGARD SIGNAL/REG SIGN,JORDAN & LAW LN,39.173552,-86.515488
2008,2,3,Weekday,1900,2-Car,No injury/unknown,ROADWAY SURFACE CONDITION,JORDAN AVE & LAW,39.173552,-86.515488
2008,9,6,Weekday,100,2-Car,No injury/unknown,FAILURE TO YIELD RIGHT OF WAY,LAW & NORTH JORDAN AVE,39.173552,-86.515488
2008,9,6,Weekday,1100,Cyclist,Non-incapacitating,UNSAFE SPEED,LAW & NORTH JORDAN AVE,39.173552,-86.515488
2008,10,6,Weekday,200,2-Car,No injury/unknown,IMPROPER TURNING,JORDAN AVE & LAW,39.173552,-86.515488
2008,10,6,Weekday,1400,2-Car,No injury/unknown,UNSAFE SPEED,JORDAN AVE & LAW,39.173552,-86.515488
2008,12,7,Weekend,1000,2-Car,No injury/unknown,OTHER (ENVIRONMENTAL) - EXPLAIN IN NARR,JORDAN AVE & LAW,39.173552,-86.515488
2008,5,7,Weekend,100,1-Car,No injury/unknown,OVERCORRECTING/OVERSTEERING,11TH & COLLEGE AVE,39.17350666,-86.534752
2008,6,1,Weekend,500,2-Car,No injury/unknown,ALCOHOLIC BEVERAGES,11TH & COLLEGE AVE,39.17350666,-86.534752
2008,10,5,Weekday,1200,2-Car,No injury/unknown,FAILURE TO YIELD RIGHT OF WAY,11TH & 700 BLOCK N COLLEGE AVE,39.17350666,-86.534752
2008,2,5,Weekday,900,2-Car,Non-incapacitating,FAILURE TO YIELD RIGHT OF WAY,ENTRANCE TO UITS COMPLEX & SR46E,39.17344467,-86.50321618
2008,1,2,Weekday,1200,2-Car,No injury/unknown,FAILURE TO YIELD RIGHT OF WAY,11TH ST & GRANT,39.17344,-86.529696
2008,4,1,Weekend,100,2-Car,Non-incapacitating,FAILURE TO YIELD RIGHT OF WAY,11TH & PARK ST,39.17344,-86.524672
2008,10,1,Weekend,1600,2-Car,No injury/unknown,OTHER (DRIVER) - EXPLAIN IN NARRATIVE,E 11TH ST,39.17344,-86.528112
2008,10,7,Weekend,1300,2-Car,No injury/unknown,IMPROPER PASSING,WOODBRIDGE DR,39.17343,-86.49034
2008,12,7,Weekend,1100,2-Car,No injury/unknown,LEFT OF CENTER,WOODBRIDGE DR,39.17343,-86.49034
2008,9,5,Weekday,700,2-Car,No injury/unknown,UNSAFE BACKING,JORDAN AVE,39.173409,-86.515439
2008,1,4,Weekday,900,2-Car,No injury/unknown,UNSAFE BACKING,ILLINOIS & ILLINOIS CT,39.173344,-86.550304
2008,2,6,Weekday,1000,1-Car,No injury/unknown,ROADWAY SURFACE CONDITION,VERNAL & WEST 11TH ST,39.173344,-86.555104
2008,2,6,Weekday,1000,2-Car,No injury/unknown,ROADWAY SURFACE CONDITION,VERNAL & WEST 11TH ST,39.173344,-86.555104
2008,8,3,Weekday,900,2-Car,No injury/unknown,UNSAFE BACKING,W 11TH ST,39.173344,-86.55053747
2008,9,1,Weekend,1100,3+ Cars,No injury/unknown,UNSAFE BACKING,W 11TH ST,39.173344,-86.549792
2008,11,5,Weekday,1900,2-Car,No injury/unknown,ALCOHOLIC BEVERAGES,11TH ST & BLAIR,39.173344,-86.543792
2008,12,5,Weekday,2000,2-Car,No injury/unknown,UNSAFE BACKING,ILLINOIS CT & N ILLINOIS,39.173344,-86.550304
2008,1,3,Weekday,1500,2-Car,No injury/unknown,OTHER (DRIVER) - EXPLAIN IN NARRATIVE,WEST 11TH ST,39.173271,-86.536058
2008,8,7,Weekend,1700,2-Car,No injury/unknown,FAILURE TO YIELD RIGHT OF WAY,11TH ST & WALNUT,39.173248,-86.533488
2008,1,3,Weekday,2300,2-Car,No injury/unknown,ROADWAY SURFACE CONDITION,11TH & COLLEGE AVE,39.173232,-86.534752
2008,5,7,Weekend,100,2-Car,No injury/unknown,RAN OFF ROAD RIGHT,11TH & COLLAGE AVE,39.173232,-86.534752
2008,9,4,Weekday,1600,2-Car,No injury/unknown,FOLLOWING TOO CLOSELY,11TH & COLLEGE AVE,39.173232,-86.534752
2008,12,1,Weekday,2000,2-Car,No injury/unknown,RAN OFF ROAD RIGHT,11TH & COLLEGE AVE,39.173232,-86.534752
2008,5,2,Weekday,1100,2-Car,No injury/unknown,UTILITY WORK,11TH ST & MORTON ST ST,39.173216,-86.536
2008,5,6,Weekday,400,1-Car,No injury/unknown,ANIMAL/OBJECT IN ROADWAY,MORTON & W 11TH ST,39.173216,-86.536
2008,1,5,Weekday,1000,2-Car,Non-incapacitating,OTHER (DRIVER) - EXPLAIN IN NARRATIVE,11TH & ROGERS ST,39.173184,-86.538528
2008,3,6,Weekend,2000,2-Car,Non-incapacitating,UNSAFE SPEED,11TH & N ROGERS ST,39.173184,-86.538528
2008,5,3,Weekday,1500,2-Car,No injury/unknown,FAILURE TO YIELD RIGHT OF WAY,N ROGERS ST & W 11TH,39.173184,-86.538528
2008,8,4,Weekday,1400,2-Car,No injury/unknown,IMPROPER LANE USAGE,ROGERS & W 11TH ST,39.173184,-86.538528
2008,9,1,Weekday,2200,2-Car,No injury/unknown,DISREGARD SIGNAL/REG SIGN,N ROGERS ST & W 11TH,39.173184,-86.538528
2008,5,4,Weekday,900,2-Car,No injury/unknown,UNSAFE SPEED,FAIRVIEW STREET & W 11TH STREET ST,39.173152,-86.5408
2008,7,5,Weekday,1200,2-Car,No injury/unknown,IMPROPER TURNING,11TH & MORTON ST,39.17307867,-86.536
2008,12,2,Weekday,2100,1-Car,Non-incapacitating,ACCELERATOR FAILURE OR DEFECTIVE,GRAY ST & VERNAL,39.1730475,-86.55495738
2008,2,1,Weekend,600,2-Car,No injury/unknown,FAILURE TO YIELD RIGHT OF WAY,E SUMMIT PL,39.17301581,-86.548192
2008,3,3,Weekday,1900,2-Car,No injury/unknown,UNSAFE BACKING,LAW LN,39.172986,-86.513406
2008,4,5,Weekday,2200,2-Car,No injury/unknown,OTHER (DRIVER) - EXPLAIN IN NARRATIVE,E LAW LN,39.17297448,-86.51331469
2008,7,6,Weekday,1800,2-Car,No injury/unknown,UNSAFE BACKING,E LAW LN,39.17297448,-86.51331469
2008,2,3,Weekday,1100,2-Car,No injury/unknown,ROADWAY SURFACE CONDITION,WOODBRIDGE DR,39.172904,-86.491529
2008,2,3,Weekday,1600,2-Car,No injury/unknown,FAILURE TO YIELD RIGHT OF WAY,6TH & WALNUT ST,39.17283762,-86.5336
2008,7,4,Weekday,1000,1-Car,No injury/unknown,UNSAFE BACKING,N FEE LN,39.17281455,-86.51879273
2008,9,1,Weekend,1200,2-Car,No injury/unknown,OTHER (DRIVER) - EXPLAIN IN NARRATIVE,N FEE LN,39.17281455,-86.51879273
2008,3,5,Weekday,700,1-Car,No injury/unknown,ROADWAY SURFACE CONDITION,10TH & N SMITH RD,39.172752,-86.482288
2008,4,4,Weekday,1300,2-Car,No injury/unknown,FAILURE TO YIELD RIGHT OF WAY,E 10TH STREET ST & SMITH ROAD,39.172752,-86.482288
2008,11,6,Weekday,1300,2-Car,No injury/unknown,FAILURE TO YIELD RIGHT OF WAY,800 NORTH SMITH RD & E 10TH,39.172752,-86.482288
2008,5,6,Weekday,1500,2-Car,No injury/unknown,FAILURE TO YIELD RIGHT OF WAY,10TH ST & SMITH,39.17268,-86.48267
2008,8,1,Weekend,0,1-Car,Fatal,RAN OFF ROAD RIGHT,W VERNAL PIKE,39.17266844,-86.654448
2008,3,7,Weekend,1900,2-Car,No injury/unknown,FAILURE TO YIELD RIGHT OF WAY,COTTAGE GRV & WOODLAWN,39.17264,-86.523584
2008,8,2,Weekday,2300,2-Car,No injury/unknown,OTHER (DRIVER) - EXPLAIN IN NARRATIVE,COTTAGE GRV & PARK,39.17264,-86.52464
2008,10,4,Weekday,900,2-Car,No injury/unknown,UNSAFE BACKING,600 N WALNUT GROVE & 900 E COTTAGE GROVE ST,39.17264,-86.520928
2008,11,7,Weekend,1300,2-Car,No injury/unknown,DISREGARD SIGNAL/REG SIGN,COTTAGE GROVE AVE & GRANT,39.17264,-86.529696
2008,11,6,Weekday,1300,2-Car,No injury/unknown,OTHER (DRIVER) - EXPLAIN IN NARRATIVE,E COTTAGE GROVE AVE & N GRANT,39.17264,-86.529696
2008,12,1,Weekend,1600,2-Car,No injury/unknown,FAILURE TO YIELD RIGHT OF WAY,COTTAGE & INDIANA AVE,39.17264,-86.52704
2008,12,7,Weekend,200,2-Car,No injury/unknown,DRIVER DISTRACTED - EXPLAIN IN NARRATIVE,COTTAGE GROVE & DUNN ST,39.17264,-86.528272
2008,12,6,Weekend,2200,2-Car,No injury/unknown,UNSAFE SPEED,EAST COTTAGE GROVE RD,39.172578,-86.529395
2008,2,1,Weekend,1100,2-Car,No injury/unknown,WRONG WAY ON ONE WAY,COTTAGE & WOODLAWN AVE,39.17253,-86.52352
2008,2,3,Weekday,1700,2-Car,No injury/unknown,OTHER (ENVIRONMENTAL) - EXPLAIN IN NARR,COTTAGE & FORREST AVE,39.17252,-86.5224
2008,1,1,Weekday,2100,1-Car,No injury/unknown,DRIVER DISTRACTED - EXPLAIN IN NARRATIVE,NORTH FEE LN,39.172519,-86.51892
2008,1,4,Weekday,1900,2-Car,No injury/unknown,OTHER (DRIVER) - EXPLAIN IN NARRATIVE,FEE LN,39.172519,-86.51892
2008,4,3,Weekday,1800,2-Car,No injury/unknown,FAILURE TO YIELD RIGHT OF WAY,10TH & WALNUT ST,39.17243057,-86.53350774
2008,12,4,Weekday,2200,2-Car,No injury/unknown,,WOODBRIDGE DR,39.172371,-86.490873
2008,6,1,Weekend,1000,1-Car,No injury/unknown,UNSAFE BACKING,NORTH UNION ST,39.172342,-86.509659
2008,7,3,Weekday,1000,2-Car,No injury/unknown,OTHER (VEHICLE) - EXPLAIN IN NARRATIVE,NORTH UNION ST,39.172342,-86.509659
2008,1,7,Weekend,1800,2-Car,No injury/unknown,UNSAFE BACKING,LAW LN & UNION,39.17234,-86.5096254
2008,2,1,Weekday,1900,1-Car,No injury/unknown,UNSAFE BACKING,N UNION ST,39.172144,-86.509392
2008,5,7,Weekend,300,2-Car,No injury/unknown,OTHER (DRIVER) - EXPLAIN IN NARRATIVE,N UNION ST,39.172144,-86.509392
2008,2,5,Weekday,1400,2-Car,No injury/unknown,DRIVER DISTRACTED - EXPLAIN IN NARRATIVE,10TH & WALNUT ST,39.17210102,-86.53351363
2008,6,4,Weekday,1500,2-Car,No injury/unknown,DRIVER DISTRACTED - EXPLAIN IN NARRATIVE,CURRY PIKE & PROFILE,39.17196,-86.58298
2008,9,4,Weekday,1300,2-Car,No injury/unknown,UNSAFE BACKING,CURRY & PROFILE PARKWAY RD,39.17196,-86.58298
2008,1,2,Weekday,1400,2-Car,No injury/unknown,OTHER (DRIVER) - EXPLAIN IN NARRATIVE,WHITEHALL CROSSING BLVD,39.171867,-86.572395
2008,8,7,Weekend,1500,2-Car,No injury/unknown,UNSAFE BACKING,WHITEHALL CROSSING BLVD,39.171867,-86.572395
2008,4,1,Weekend,200,1-Car,No injury/unknown,ALCOHOLIC BEVERAGES,EAST 10TH ST & GRANDVIEW,39.17184,-86.487488
2008,5,5,Weekday,1500,2-Car,No injury/unknown,ALCOHOLIC BEVERAGES,N CURRY PIKE,39.17184,-86.582992
2008,9,4,Weekday,300,2-Car,No injury/unknown,FOLLOWING TOO CLOSELY,E 10TH ST & GRANDVIEW,39.17184,-86.487488
2008,1,4,Weekday,1300,2-Car,No injury/unknown,UNSAFE BACKING,10TH ST & COLLEGE,39.171744,-86.53448572
2008,8,4,Weekday,800,1-Car,No injury/unknown,OTHER (DRIVER) - EXPLAIN IN NARRATIVE,10TH ST & COLLEGE,39.171744,-86.53487386
2008,1,5,Weekday,1500,2-Car,No injury/unknown,IMPROPER LANE USAGE,10TH & WALNUT ST,39.171744,-86.53352
2008,1,2,Weekday,1500,2-Car,Non-incapacitating,FAILURE TO YIELD RIGHT OF WAY,10 ST & COLLEGE,39.171744,-86.534768
2008,1,3,Weekday,2300,3+ Cars,No injury/unknown,ROADWAY SURFACE CONDITION,10TH & NORTH COLLEGE AVENUE AVE,39.171744,-86.534768
2008,2,4,Weekday,900,2-Car,No injury/unknown,FAILURE TO YIELD RIGHT OF WAY,10TH ST & COLLEGE,39.171744,-86.534768
2008,3,3,Weekday,2000,2-Car,No injury/unknown,FAILURE TO YIELD RIGHT OF WAY,10TH & WALNUT ST,39.171744,-86.53352
2008,4,1,Weekend,300,2-Car,No injury/unknown,ALCOHOLIC BEVERAGES,10TH ST & WALNUT,39.171744,-86.53352
2008,5,7,Weekend,200,2-Car,No injury/unknown,FAILURE TO YIELD RIGHT OF WAY,10TH & N COLLEGE AVE,39.171744,-86.534768
2008,5,5,Weekday,700,2-Car,Non-incapacitating,FAILURE TO YIELD RIGHT OF WAY,10TH STREET & COLLEGE AVE AVE,39.171744,-86.534768
2008,6,1,Weekend,600,2-Car,No injury/unknown,FAILURE TO YIELD RIGHT OF WAY,10TH & N WALNUT ST,39.171744,-86.53352
2008,6,6,Weekday,1400,2-Car,Non-incapacitating,DISREGARD SIGNAL/REG SIGN,10TH & COLLEGE AVE,39.171744,-86.534768
2008,7,6,Weekday,800,2-Car,No injury/unknown,IMPROPER TURNING,N COLLEGE AVE & W 10TH,39.171744,-86.534768
2008,8,6,Weekday,1500,3+ Cars,Non-incapacitating,DISREGARD SIGNAL/REG SIGN,COLLEGE & TENTH ST,39.171744,-86.534768
2008,8,2,Weekday,1400,2-Car,No injury/unknown,OTHER (DRIVER) - EXPLAIN IN NARRATIVE,10TH & COLLEGE AVE,39.171744,-86.534768
2008,9,6,Weekday,0,2-Car,Non-incapacitating,IMPROPER TURNING,10TH ST & COLLEGE,39.171744,-86.534768
2008,9,7,Weekend,900,2-Car,Non-incapacitating,FOLLOWING TOO CLOSELY,10TH & WALNUT ST,39.171744,-86.53352
2008,10,2,Weekday,1000,2-Car,No injury/unknown,IMPROPER TURNING,200 W 10TH & 600 N COLLEGE AVE,39.171744,-86.534768
2008,10,1,Weekend,1200,2-Car,No injury/unknown,IMPROPER TURNING,N COLLEGE AVE & W 10TH,39.171744,-86.534768
2008,10,5,Weekday,1600,2-Car,No injury/unknown,UNSAFE BACKING,W 10TH ST,39.171744,-86.534768
2008,11,2,Weekday,1600,2-Car,No injury/unknown,DISREGARD SIGNAL/REG SIGN,10TH & COLLEGE AVE,39.171744,-86.534768
2008,11,6,Weekday,1500,2-Car,No injury/unknown,FOLLOWING TOO CLOSELY,10TH ST & COLLEGE,39.171744,-86.534768
2008,12,7,Weekend,1000,2-Car,No injury/unknown,ROADWAY SURFACE CONDITION,10TH ST & WALNUT,39.171744,-86.53352
2008,8,5,Weekday,1400,3+ Cars,No injury/unknown,DRIVER DISTRACTED - EXPLAIN IN NARRATIVE,10TH ST & WALNUT,39.17174199,-86.53337888
2008,5,6,Weekday,1600,3+ Cars,No injury/unknown,DRIVER DISTRACTED - EXPLAIN IN NARRATIVE,10TH ST & WALNUT,39.17173896,-86.53316721
2008,10,5,Weekday,1600,2-Car,No injury/unknown,FAILURE TO YIELD RIGHT OF WAY,10TH ST & WASHINGTON,39.171728,-86.5324
2008,11,6,Weekday,200,1-Car,No injury/unknown,UNSAFE SPEED,10TH & WASHINGTON ST,39.171728,-86.5324
2008,4,2,Weekday,1200,2-Car,No injury/unknown,UNSAFE BACKING,S FESS AVE,39.17172376,-86.52576098
2008,2,1,Weekend,100,2-Car,No injury/unknown,FAILURE TO YIELD RIGHT OF WAY,10TH ST & LINCOLN,39.171712,-86.530992
2008,5,5,Weekday,1300,Cyclist,Non-incapacitating,FAILURE TO YIELD RIGHT OF WAY,LINCOLN & TENTH ST,39.171712,-86.530992
2008,6,6,Weekday,900,2-Car,No injury/unknown,OTHER (DRIVER) - EXPLAIN IN NARRATIVE,10TH & N LINCOLN ST,39.171712,-86.530992
2008,8,7,Weekend,400,2-Car,No injury/unknown,FAILURE TO YIELD RIGHT OF WAY,10TH ST & LINCOLN,39.171712,-86.530992
2008,10,4,Weekday,1100,2-Car,No injury/unknown,FAILURE TO YIELD RIGHT OF WAY,E 10TH ST & N LINCOLN,39.171712,-86.530992
2008,3,7,Weekend,1500,2-Car,No injury/unknown,OTHER (DRIVER) - EXPLAIN IN NARRATIVE,N WALNUT GROVE AVE,39.17170612,-86.52089927
2008,2,6,Weekday,400,2-Car,No injury/unknown,OTHER (DRIVER) - EXPLAIN IN NARRATIVE,530 NORTH GRANT ST & EAST 10TH,39.171696,-86.529696
2008,5,3,Weekday,2000,2-Car,Non-incapacitating,FAILURE TO YIELD RIGHT OF WAY,E 10TH ST & N GRANT,39.171696,-86.529696
2008,2,3,Weekday,1500,2-Car,No injury/unknown,OTHER (ENVIRONMENTAL) - EXPLAIN IN NARR,EAST 10TH ST & INDIANA,39.17168,-86.527024
2008,4,6,Weekday,1600,Pedestrian,Non-incapacitating,PEDESTRIAN ACTION,E 10TH ST & N INDIANA,39.17168,-86.527024
2008,4,3,Weekday,1100,1-Car,No injury/unknown,IMPROPER TURNING,E 10TH & N INDIANA AVE,39.17168,-86.527024
2008,5,2,Weekday,1100,2-Car,No injury/unknown,FOLLOWING TOO CLOSELY,10TH & INDIANA AVE,39.17168,-86.527024
2008,5,7,Weekend,1600,2-Car,Non-incapacitating,DISREGARD SIGNAL/REG SIGN,10TH ST & INDIANA,39.17168,-86.527024
2008,7,1,Weekday,2300,2-Car,No injury/unknown,UNSAFE BACKING,10TH ST,39.17168,-86.52802971
2008,8,5,Weekday,800,2-Car,No injury/unknown,FAILURE TO YIELD RIGHT OF WAY,DUNN & TENTH ST,39.17168,-86.528256
2008,8,5,Weekday,2000,2-Car,Non-incapacitating,FOLLOWING TOO CLOSELY,10TH ST & INDIANA,39.17168,-86.527024
2008,10,1,Weekend,1300,2-Car,No injury/unknown,FOLLOWING TOO CLOSELY,10TH ST & DUNN,39.17168,-86.528256
2008,10,3,Weekday,1900,2-Car,No injury/unknown,FOLLOWING TOO CLOSELY,10TH ST & INDIANA,39.17168,-86.527024
2008,11,4,Weekday,2000,2-Car,No injury/unknown,IMPROPER TURNING,10TH & DUNN ST,39.17168,-86.528256
2008,9,3,Weekday,1100,2-Car,No injury/unknown,DRIVER DISTRACTED - EXPLAIN IN NARRATIVE,EAST 10TH & EAST BARRINGTON DRIVE DR,39.17167,-86.48929
2008,7,4,Weekday,800,2-Car,No injury/unknown,FAILURE TO YIELD RIGHT OF WAY,10TH ST & FESS,39.171664,-86.52576
2008,9,4,Weekday,2100,3+ Cars,No injury/unknown,DRIVER DISTRACTED - EXPLAIN IN NARRATIVE,10TH ST & FESS,39.171664,-86.52576
2008,10,7,Weekend,100,2-Car,No injury/unknown,ALCOHOLIC BEVERAGES,10 ST & FESS,39.171664,-86.52576
2008,11,2,Weekday,1400,2-Car,No injury/unknown,OTHER (DRIVER) - EXPLAIN IN NARRATIVE,10TH ST & FESS,39.171664,-86.52576
2008,8,6,Weekday,1000,2-Car,Non-incapacitating,DISREGARD SIGNAL/REG SIGN,COLLEGE ST & TENTH,39.17166,-86.53483
2008,10,5,Weekday,2200,Moped/Motorcycle,Non-incapacitating,FOLLOWING TOO CLOSELY,10 TH & WALNUT ST,39.17166,-86.53358
2008,10,6,Weekend,1900,2-Car,No injury/unknown,OTHER (DRIVER) - EXPLAIN IN NARRATIVE,10TH ST & JEFFERSON,39.17164801,-86.50669987
2008,12,5,Weekday,300,1-Car,No injury/unknown,ALCOHOLIC BEVERAGES,10TH ST & JEFFERSON,39.17164801,-86.50673515
2008,7,4,Weekday,200,1-Car,Non-incapacitating,ALCOHOLIC BEVERAGES,10TH ST & JEFFERSON,39.171648,-86.50691158
2008,4,1,Weekend,1700,Moped/Motorcycle,No injury/unknown,IMPROPER TURNING,10TH & SR 45 46 BYP,39.171648,-86.502096
2008,4,7,Weekend,800,1-Car,No injury/unknown,UNSAFE SPEED,JEFFERSON & TENTH ST,39.171648,-86.507088
2008,5,1,Weekday,2000,2-Car,No injury/unknown,DISREGARD SIGNAL/REG SIGN,10TH ST & SR46,39.171648,-86.502096
2008,5,6,Weekend,2000,2-Car,No injury/unknown,FAILURE TO YIELD RIGHT OF WAY,E 10TH ST,39.171648,-86.50435515
2008,7,1,Weekday,2100,1-Car,No injury/unknown,OTHER (DRIVER) - EXPLAIN IN NARRATIVE,SR446S & SR45,39.171648,-86.502096
2008,8,3,Weekday,2100,2-Car,No injury/unknown,UNSAFE BACKING,E 10TH ST,39.171648,-86.50287942
2008,8,6,Weekday,1500,Bus,No injury/unknown,IMPROPER TURNING,10TH ST & JEFFERSON,39.171648,-86.507088
2008,9,3,Weekday,800,1-Car,Non-incapacitating,RAN OFF ROAD RIGHT,EAST TENTH ST & JEFFERSON,39.171648,-86.507088
2008,9,7,Weekend,1200,3+ Cars,Non-incapacitating,DRIVER DISTRACTED - EXPLAIN IN NARRATIVE,E 10TH ST & PARK,39.171648,-86.524608