Year,Month,Day,Weekend?,Hour,Collision Type,Injury Type,Primary Factor,Reported_Location,Latitude,Longitude
2008,9,7,Weekend,400,1-Car,No injury/unknown,ALCOHOLIC BEVERAGES,10TH ST & JEFFERSON,39.171648,-86.507088
2008,10,5,Weekday,800,3+ Cars,No injury/unknown,DRIVER DISTRACTED - EXPLAIN IN NARRATIVE,PARK & TENTH ST,39.171648,-86.524608
2008,11,7,Weekend,2000,2-Car,No injury/unknown,UNSAFE BACKING,E 10TH ST,39.171648,-86.50369927
2008,11,3,Weekday,1400,2-Car,No injury/unknown,FAILURE TO YIELD RIGHT OF WAY,PARK & TENTH ST,39.171648,-86.524608
2008,11,4,Weekday,1100,2-Car,No injury/unknown,SPEED TOO FAST FOR WEATHER CONDITIONS,PARK & TENTH ST,39.171648,-86.524608
2008,11,7,Weekend,1300,3+ Cars,No injury/unknown,FOLLOWING TOO CLOSELY,46 & SR45E,39.171648,-86.502096
2008,4,3,Weekday,1100,2-Car,No injury/unknown,UNSAFE BACKING,E 10TH ST,39.17164539,-86.50196904
2008,1,3,Weekday,1900,1-Car,No injury/unknown,OTHER (ENVIRONMENTAL) - EXPLAIN IN NARR,10TH & WOODLAWN AVE,39.171632,-86.523536
2008,2,3,Weekday,1600,2-Car,No injury/unknown,FAILURE TO YIELD RIGHT OF WAY,E 10TH ST & WOODLAWN,39.171632,-86.523536
2008,2,5,Weekday,900,2-Car,No injury/unknown,UNSAFE BACKING,10TH ST & WOODLAWN,39.171632,-86.523536
2008,10,5,Weekday,900,2-Car,No injury/unknown,DRIVER DISTRACTED - EXPLAIN IN NARRATIVE,TENTH ST & WOODLAWN,39.171632,-86.523536
2008,10,7,Weekend,700,2-Car,No injury/unknown,DISREGARD SIGNAL/REG SIGN,10TH ST & WOODLAWN,39.171632,-86.523536
2008,12,7,Weekend,1300,2-Car,No injury/unknown,DRIVER DISTRACTED - EXPLAIN IN NARRATIVE,TENTH ST & WOODLAWN,39.171632,-86.523536
2008,3,7,Weekend,1400,2-Car,No injury/unknown,FOLLOWING TOO CLOSELY,10TH ST & FORREST,39.17163,-86.52238
2008,3,6,Weekday,1700,3+ Cars,No injury/unknown,DRIVER DISTRACTED - EXPLAIN IN NARRATIVE,10TH ST & FORREST,39.17163,-86.52238649
2008,4,7,Weekend,2100,2-Car,No injury/unknown,FOLLOWING TOO CLOSELY,10TH ST & FORREST,39.17163,-86.52238
2008,5,5,Weekday,1700,3+ Cars,No injury/unknown,FOLLOWING TOO CLOSELY,10TH ST & FORREST,39.17163,-86.52238
2008,10,5,Weekday,1000,2-Car,No injury/unknown,UNSAFE SPEED,FORREST & TENTH ST,39.17163,-86.52238
2008,10,5,Weekday,1600,2-Car,No injury/unknown,FOLLOWING TOO CLOSELY,10TH ST & FORREST,39.17163,-86.52238
2008,1,1,Weekend,1400,2-Car,Non-incapacitating,FOLLOWING TOO CLOSELY,SR 45 46 & SR45W,39.17162989,-86.50121419
2008,11,4,Weekday,2000,2-Car,No injury/unknown,DRIVER DISTRACTED - EXPLAIN IN NARRATIVE,10TH ST & WOODLAWN,39.17162952,-86.52335961
2008,1,4,Weekday,1600,2-Car,No injury/unknown,UNSAFE BACKING,E 10TH ST,39.17162087,-86.50077565
2008,3,6,Weekday,1300,Moped/Motorcycle,Non-incapacitating,IMPROPER PASSING,10TH ST & FOREST,39.171616,-86.5224
2008,9,2,Weekday,1900,1-Car,No injury/unknown,GLARE,E 10TH ST,39.171616,-86.5224
2008,4,5,Weekday,1600,2-Car,No injury/unknown,UNSAFE BACKING,EAST 10TH ST,39.17161,-86.518668
2008,9,4,Weekday,700,2-Car,No injury/unknown,OTHER (VEHICLE) - EXPLAIN IN NARRATIVE,TENTH ST,39.17161,-86.518435
2008,10,6,Weekend,2200,2-Car,No injury/unknown,UNSAFE BACKING,E TENTH ST,39.17161,-86.518435
2008,4,3,Weekday,1700,2-Car,No injury/unknown,OTHER (VEHICLE) - EXPLAIN IN NARRATIVE,E 10T ST,39.171609,-86.518314
2008,9,4,Weekday,1600,2-Car,No injury/unknown,UNSAFE BACKING,EAST 10TH ST,39.171609,-86.518314
2008,10,3,Weekday,1800,2-Car,No injury/unknown,IMPROPER PASSING,E 10 ST,39.171609,-86.518314
2008,12,3,Weekday,1100,2-Car,No injury/unknown,OTHER (DRIVER) - EXPLAIN IN NARRATIVE,E 10 TH ST,39.171609,-86.518314
2008,1,3,Weekday,1400,2-Car,No injury/unknown,CELL PHONE USAGE,TENTH ST & WALNUT,39.1716,-86.520896
2008,2,5,Weekday,900,2-Car,Non-incapacitating,FOLLOWING TOO CLOSELY,10 TH ST & WALNUT GROVE,39.1716,-86.520896
2008,9,3,Weekday,1400,2-Car,No injury/unknown,FOLLOWING TOO CLOSELY,10TH ST & WALNUT,39.1716,-86.520896
2008,10,5,Weekday,1900,Cyclist,Non-incapacitating,OTHER (DRIVER) - EXPLAIN IN NARRATIVE,10TH ST & WALNUT GROVE,39.1716,-86.520896
2008,10,4,Weekday,1500,2-Car,No injury/unknown,FOLLOWING TOO CLOSELY,10TH ST & WALNUT,39.1716,-86.520896
2008,10,5,Weekday,1500,2-Car,Non-incapacitating,DRIVER DISTRACTED - EXPLAIN IN NARRATIVE,10TH ST & WALNUT,39.17159847,-86.5206843
2008,9,7,Weekend,1500,2-Car,No injury/unknown,FAILURE TO YIELD RIGHT OF WAY,10TH ST & CAMPBELL,39.17159,-86.51394
2008,11,1,Weekend,1700,2-Car,No injury/unknown,FOLLOWING TOO CLOSELY,10TH ST & CAMPBELL,39.17159,-86.51394
2008,2,3,Weekday,1800,2-Car,No injury/unknown,DRIVER DISTRACTED - EXPLAIN IN NARRATIVE,10TH ST & FEE,39.171584,-86.518688
2008,4,5,Weekday,2000,2-Car,No injury/unknown,FAILURE TO YIELD RIGHT OF WAY,10TH ST & FEE,39.171584,-86.518688
2008,4,1,Weekend,400,2-Car,No injury/unknown,FAILURE TO YIELD RIGHT OF WAY,10TH ST & FEE,39.171584,-86.518688
2008,4,4,Weekday,1800,2-Car,No injury/unknown,FOLLOWING TOO CLOSELY,10TH ST & FEE,39.171584,-86.518688
2008,9,6,Weekend,2300,1-Car,No injury/unknown,OTHER (DRIVER) - EXPLAIN IN NARRATIVE,10TH ST & FEE,39.171584,-86.518688
2008,10,7,Weekend,100,1-Car,No injury/unknown,ALCOHOLIC BEVERAGES,10 ST & FEE,39.171584,-86.518688
2008,11,5,Weekday,2300,2-Car,No injury/unknown,FOLLOWING TOO CLOSELY,FEE & TENTH ST,39.171584,-86.518688
2008,12,3,Weekday,800,2-Car,No injury/unknown,OTHER (VEHICLE) - EXPLAIN IN NARRATIVE,EAST TENTH ST & FEE,39.171584,-86.518688
2008,12,4,Weekday,1900,2-Car,No injury/unknown,DISREGARD SIGNAL/REG SIGN,10TH ST & FEE,39.171584,-86.518688
2008,10,7,Weekend,100,3+ Cars,No injury/unknown,FOLLOWING TOO CLOSELY,10TH ST & FEE,39.17158248,-86.51854688
2008,1,1,Weekend,1600,3+ Cars,No injury/unknown,FAILURE TO YIELD RIGHT OF WAY,E 10TH ST & SUNRISE,39.17158,-86.51248
2008,2,4,Weekday,1200,2-Car,No injury/unknown,OTHER (DRIVER) - EXPLAIN IN NARRATIVE,EAST TENTH ST,39.17158,-86.512479
2008,2,3,Weekday,1400,2-Car,No injury/unknown,FOLLOWING TOO CLOSELY,E 10 TH ST & SUNRISE,39.17158,-86.51248519
2008,3,3,Weekday,1800,2-Car,No injury/unknown,FAILURE TO YIELD RIGHT OF WAY,10TH ST & SUNRISE,39.17158,-86.51248
2008,4,1,Weekend,1600,2-Car,No injury/unknown,OVERCORRECTING/OVERSTEERING,10TH & SUNRISE DR,39.17158,-86.51248
2008,6,4,Weekday,1500,3+ Cars,No injury/unknown,FOLLOWING TOO CLOSELY,10TH ST & SUNRISE,39.17158,-86.51246702
2008,8,4,Weekday,1300,Bus,No injury/unknown,UNSAFE SPEED,10TH ST & SUNRISE,39.17158,-86.5124973
2008,10,3,Weekday,1900,2-Car,No injury/unknown,DRIVER DISTRACTED - EXPLAIN IN NARRATIVE,10TH ST & SUNRISE,39.17158,-86.51248
2008,1,3,Weekday,2000,1-Car,No injury/unknown,SPEED TOO FAST FOR WEATHER CONDITIONS,E 10TH ST,39.17157747,-86.51808392
2008,2,4,Weekday,1700,2-Car,No injury/unknown,OTHER (DRIVER) - EXPLAIN IN NARRATIVE,E 10TH ST,39.17157747,-86.51808392
2008,4,7,Weekend,1500,2-Car,No injury/unknown,UNSAFE BACKING,E 10TH ST,39.17157747,-86.51808392
2008,4,4,Weekday,2300,2-Car,No injury/unknown,OTHER (VEHICLE) - EXPLAIN IN NARRATIVE,1OTH ST,39.17157747,-86.51808392
2008,9,1,Weekend,1700,2-Car,No injury/unknown,UNSAFE BACKING,E 10TH ST,39.17157747,-86.51808392
2008,10,1,Weekend,1600,2-Car,No injury/unknown,UNSAFE BACKING,E 10TH ST,39.17157747,-86.51808392
2008,1,7,Weekend,900,2-Car,No injury/unknown,UNSAFE BACKING,EAST TENTH ST,39.171558,-86.510279
2008,1,3,Weekday,1000,2-Car,No injury/unknown,UNSAFE SPEED,10TH & SR46N,39.17155495,-86.50224214
2008,1,5,Weekday,1700,Pedestrian,Non-incapacitating,PEDESTRIAN ACTION,10TH & SR46E,39.17155495,-86.50224214
2008,1,2,Weekday,1500,2-Car,No injury/unknown,FAILURE TO YIELD RIGHT OF WAY,10TH STREET & SR46E,39.17155495,-86.50222484
2008,3,5,Weekday,1400,2-Car,No injury/unknown,FOLLOWING TOO CLOSELY,10TH & SR46S,39.17155495,-86.50224214
2008,4,4,Weekday,2000,2-Car,No injury/unknown,FOLLOWING TOO CLOSELY,10TH & SR46S,39.17155495,-86.50224214
2008,6,4,Weekday,1800,2-Car,No injury/unknown,FOLLOWING TOO CLOSELY,10TH ST & SR46,39.17155495,-86.50227242
2008,6,6,Weekday,1600,2-Car,No injury/unknown,OTHER (DRIVER) - EXPLAIN IN NARRATIVE,10TH & SR46W,39.17155495,-86.50224214
2008,7,3,Weekday,2300,2-Car,No injury/unknown,DRIVER DISTRACTED - EXPLAIN IN NARRATIVE,SR45E & WOODBRIDGE,39.17155495,-86.49090403
2008,7,4,Weekday,1500,3+ Cars,No injury/unknown,FOLLOWING TOO CLOSELY,10TH & SR46S,39.17155495,-86.50224214
2008,1,6,Weekend,1900,2-Car,No injury/unknown,FOLLOWING TOO CLOSELY,10TH ST & JORDAN,39.171552,-86.515728
2008,1,2,Weekday,1200,2-Car,No injury/unknown,FOLLOWING TOO CLOSELY,E 10TH ST & JORDAN,39.171552,-86.515728
2008,1,2,Weekday,1700,2-Car,No injury/unknown,FAILURE TO YIELD RIGHT OF WAY,10TH & JORDAN AVE,39.171552,-86.515728
2008,1,3,Weekday,1500,2-Car,No injury/unknown,IMPROPER LANE USAGE,10TH ST & JORDAN,39.171552,-86.515728
2008,2,3,Weekday,1200,2-Car,No injury/unknown,OTHER (DRIVER) - EXPLAIN IN NARRATIVE,EAST TENTH ST & JORDAN,39.171552,-86.515728
2008,3,2,Weekday,1200,2-Car,No injury/unknown,FOLLOWING TOO CLOSELY,10TH ST & JORDAN,39.171552,-86.515728
2008,3,5,Weekday,1800,2-Car,No injury/unknown,UNSAFE BACKING,10TH & JORDAN AVE,39.171552,-86.515728
2008,4,2,Weekday,2100,Bus,No injury/unknown,OTHER (DRIVER) - EXPLAIN IN NARRATIVE,10TH ST & JORDAN,39.171552,-86.515728
2008,4,6,Weekend,1900,2-Car,No injury/unknown,FAILURE TO YIELD RIGHT OF WAY,10TH ST & JORDAN,39.171552,-86.515728
2008,8,1,Weekend,1200,2-Car,No injury/unknown,FOLLOWING TOO CLOSELY,10TH ST & JORDAN,39.171552,-86.515728
2008,9,5,Weekday,1700,2-Car,No injury/unknown,ALCOHOLIC BEVERAGES,10TH ST & JORDAN,39.171552,-86.515728
2008,9,2,Weekday,2300,Moped/Motorcycle,Non-incapacitating,FAILURE TO YIELD RIGHT OF WAY,JORDAN & TENTH ST,39.171552,-86.515728
2008,10,5,Weekday,2000,3+ Cars,No injury/unknown,DRIVER DISTRACTED - EXPLAIN IN NARRATIVE,10TH ST & JORDAN,39.171552,-86.515728
2008,10,6,Weekday,1600,2-Car,No injury/unknown,FOLLOWING TOO CLOSELY,10TH ST & JORDAN,39.171552,-86.515728
2008,11,7,Weekend,2300,2-Car,No injury/unknown,DRIVER DISTRACTED - EXPLAIN IN NARRATIVE,10TH & JORDAN AVE,39.171552,-86.515728
2008,3,4,Weekday,1600,2-Car,No injury/unknown,UNSAFE BACKING,1803 EAST TENTH ST & SUNRISE,39.17155153,-86.51249289
2008,1,4,Weekday,1800,3+ Cars,Non-incapacitating,DISREGARD SIGNAL/REG SIGN,10TH ST & JOHN HINKLE,39.17155,-86.49087
2008,10,3,Weekday,1700,2-Car,No injury/unknown,FAILURE TO YIELD RIGHT OF WAY,10TH ST & JOHN HINKLE,39.17155,-86.49087
2008,8,6,Weekday,1600,2-Car,Non-incapacitating,DRIVER DISTRACTED - EXPLAIN IN NARRATIVE,10TH ST & SR46,39.17154828,-86.50325775
2008,3,7,Weekend,1200,Bus,No injury/unknown,OTHER (DRIVER) - EXPLAIN IN NARRATIVE,EAST 10TH ST,39.171546,-86.504172
2008,10,7,Weekend,600,2-Car,No injury/unknown,OTHER (DRIVER) - EXPLAIN IN NARRATIVE,E TENTH SQS,39.171546,-86.504172
2008,4,3,Weekday,1700,3+ Cars,No injury/unknown,FOLLOWING TOO CLOSELY,PETE ELLIS & SR45E,39.17154567,-86.49707538
2008,11,3,Weekday,1400,2-Car,No injury/unknown,SPEED TOO FAST FOR WEATHER CONDITIONS,10TH ST & PETE ELLIS,39.17154567,-86.49707538
2008,1,1,Weekend,1600,2-Car,No injury/unknown,FOLLOWING TOO CLOSELY,10TH ST & JORDAN,39.17154462,-86.51519882
2008,5,7,Weekend,1300,Bus,No injury/unknown,FOLLOWING TOO CLOSELY,MORNINGSIDE & SMITH RD,39.17153744,-86.48129
2008,6,4,Weekday,0,2-Car,Non-incapacitating,FAILURE TO YIELD RIGHT OF WAY,10TH ST & SR46,39.1715358,-86.50129437
2008,1,4,Weekday,800,1-Car,No injury/unknown,OTHER (ENVIRONMENTAL) - EXPLAIN IN NARR,EAST TENTH ST,39.171534,-86.501966
2008,9,5,Weekday,1700,2-Car,Non-incapacitating,FAILURE TO YIELD RIGHT OF WAY,10TH ST,39.171532,-86.502116
2008,12,4,Weekday,1700,1-Car,No injury/unknown,UNSAFE BACKING,EAST 10TH ST,39.171532,-86.502116
2008,6,2,Weekday,1800,2-Car,Non-incapacitating,FOLLOWING TOO CLOSELY,PETE ELLIS & SR45E,39.17152067,-86.49584083
2008,6,2,Weekday,1300,2-Car,Non-incapacitating,FAILURE TO YIELD RIGHT OF WAY,2ND ST & COLLEGE MALL ROAD RD,39.17151345,-86.49772
2008,1,6,Weekday,1700,2-Car,No injury/unknown,FAILURE TO YIELD RIGHT OF WAY,PETE ELLIS & PETE ELLIS ST,39.171504,-86.495312
2008,4,3,Weekday,900,2-Car,No injury/unknown,INSECURE/LEAKY LOAD,10TH ST & JOHN HINKLE,39.171504,-86.49278358
2008,5,7,Weekend,1700,3+ Cars,No injury/unknown,OTHER (DRIVER) - EXPLAIN IN NARRATIVE,E 10TH ST,39.171504,-86.49509867
2008,6,1,Weekend,1600,1-Car,Non-incapacitating,RAN OFF ROAD RIGHT,10TH ST & JOHN HINKLE,39.171504,-86.49472423
2008,9,6,Weekday,1200,2-Car,No injury/unknown,OTHER (DRIVER) - EXPLAIN IN NARRATIVE,E 10TH ST,39.171504,-86.512288
2008,9,6,Weekday,1600,2-Car,No injury/unknown,FOLLOWING TOO CLOSELY,E 10TH ST & PETE ELLIS,39.171504,-86.495312
2008,10,2,Weekday,1700,2-Car,No injury/unknown,UNSAFE SPEED,10TH ST & PETE ELLIS,39.171504,-86.495312
2008,10,6,Weekday,1500,2-Car,No injury/unknown,UNSAFE BACKING,E 10TH ST,39.171504,-86.49504533
2008,10,6,Weekday,600,2-Car,Non-incapacitating,LEFT OF CENTER,PETE ELLIS & SR45E,39.171504,-86.495312
2008,10,3,Weekday,1700,2-Car,No injury/unknown,UNSAFE BACKING,E 10TH ST,39.171504,-86.512288
2008,10,7,Weekend,0,1-Car,No injury/unknown,SPEED TOO FAST FOR WEATHER CONDITIONS,PETE ELLIS & SR45E,39.171504,-86.495312
2008,10,3,Weekday,1700,2-Car,No injury/unknown,FOLLOWING TOO CLOSELY,10TH ST & PETE ELLIS,39.17149,-86.4954319
2008,6,6,Weekday,1800,2-Car,No injury/unknown,,E 10TH ST,39.17148188,-86.51027501
2008,6,7,Weekend,300,2-Car,No injury/unknown,RAN OFF ROAD RIGHT,E TEN ST,39.17148,-86.494606
2008,9,3,Weekday,1300,Moped/Motorcycle,Non-incapacitating,FAILURE TO YIELD RIGHT OF WAY,10TH ST & UNION,39.17147433,-86.50958769
2008,2,2,Weekday,0,2-Car,No injury/unknown,OTHER (DRIVER) - EXPLAIN IN NARRATIVE,E UNIVERSITY ST,39.171472,-86.509376
2008,2,3,Weekday,1900,2-Car,No injury/unknown,SPEED TOO FAST FOR WEATHER CONDITIONS,E 10TH ST & UNION,39.171472,-86.509376
2008,2,6,Weekday,1400,2-Car,Non-incapacitating,DISREGARD SIGNAL/REG SIGN,10TH ST & UNION,39.171472,-86.509376
2008,6,6,Weekday,1100,2-Car,No injury/unknown,FAILURE TO YIELD RIGHT OF WAY,TENTH ST & UNION,39.171472,-86.509376
2008,9,2,Weekday,800,Bus,No injury/unknown,FOLLOWING TOO CLOSELY,10TH ST & UNION,39.171472,-86.509376
2008,9,6,Weekday,1600,Pedestrian,Non-incapacitating,DRIVER DISTRACTED - EXPLAIN IN NARRATIVE,10TH ST & UNION,39.171472,-86.509376
2008,10,1,Weekday,2200,2-Car,No injury/unknown,UNSAFE BACKING,EAST 10TH ST & NORTH UNION,39.171472,-86.509376
2008,10,4,Weekday,2000,3+ Cars,No injury/unknown,CELL PHONE USAGE,10TH ST & UNION,39.171472,-86.509376
2008,11,7,Weekend,1700,2-Car,No injury/unknown,FAILURE TO YIELD RIGHT OF WAY,10TH & UNION ST,39.171472,-86.509376
2008,5,6,Weekday,0,2-Car,No injury/unknown,FOLLOWING TOO CLOSELY,10TH ST & UNION,39.17145967,-86.50849403
2008,2,3,Weekday,1500,2-Car,No injury/unknown,SPEED TOO FAST FOR WEATHER CONDITIONS,10TH & JORDAN AVE,39.17142886,-86.5157416
2008,9,3,Weekday,1700,2-Car,No injury/unknown,FOLLOWING TOO CLOSELY,10TH & JORDAN AVE,39.17141518,-86.51574311
2008,4,3,Weekday,1600,2-Car,No injury/unknown,FOLLOWING TOO CLOSELY,10TH & PETE ELLIS DR,39.17136718,-86.4953272
2008,3,5,Weekday,1800,2-Car,No injury/unknown,IMPROPER PASSING,E 10TH & JORDAN AVE,39.17136045,-86.51574915
2008,1,5,Weekday,1500,2-Car,No injury/unknown,OTHER TELEMATICS IN USE,10TH & WALNUT ST,39.17133204,-86.53352549
2008,1,5,Weekday,400,1-Car,No injury/unknown,ROADWAY SURFACE CONDITION,10TH & ADAMS ST,39.171248,-86.549696
2008,12,4,Weekday,1400,1-Car,No injury/unknown,FAILURE TO YIELD RIGHT OF WAY,WALNUT ST,39.17115625,-86.53352784
2008,1,2,Weekday,1200,2-Car,No injury/unknown,FAILURE TO YIELD RIGHT OF WAY,ATWATER & HAWTHORNE ST,39.17102053,-86.52021
2008,12,7,Weekend,1000,2-Car,No injury/unknown,UNSAFE BACKING,W VERNAL PIKE,39.17099951,-86.55146318
2008,5,5,Weekday,1700,2-Car,No injury/unknown,FOLLOWING TOO CLOSELY,JOHN HINKLE & PETE ELLIS DR,39.17098511,-86.49550779
2008,3,6,Weekend,2300,1-Car,Non-incapacitating,RAN OFF ROAD RIGHT,SR 43 & SR48W,39.17095389,-86.68141874
2008,1,5,Weekday,900,2-Car,No injury/unknown,GLARE,BASSWOOD DR & BLOOMFIELD,39.17093144,-86.56891162
2008,1,4,Weekday,700,Pedestrian,Fatal,PEDESTRIAN ACTION,BROADWAY & CURRY PIKE,39.17091736,-86.58297
2008,1,4,Weekday,1100,2-Car,No injury/unknown,UNSAFE BACKING,S COLLEGE AVE,39.17088686,-86.534768
2008,2,6,Weekday,1500,2-Car,No injury/unknown,UNSAFE BACKING,COLLEGE AVE,39.17088686,-86.534768
2008,6,3,Weekday,1000,2-Car,No injury/unknown,UNSAFE BACKING,S COLLEGE AVE,39.17088686,-86.534768
2008,6,3,Weekday,2300,2-Car,No injury/unknown,UNSAFE BACKING,DANIELS WAY,39.170878,-86.59831
2008,8,7,Weekend,1100,1-Car,No injury/unknown,OTHER (DRIVER) - EXPLAIN IN NARRATIVE,E HILLSIDE DR,39.170848,-86.503696
2008,9,5,Weekday,1600,2-Car,No injury/unknown,UNSAFE BACKING,E HILLSIDE DR,39.170848,-86.503696
2008,12,6,Weekday,200,Bus,No injury/unknown,UNSAFE BACKING,HILLSIDE DR,39.170848,-86.503696
2008,3,6,Weekday,200,3+ Cars,No injury/unknown,OTHER (DRIVER) - EXPLAIN IN NARRATIVE,9TH & MORTON ST,39.17081866,-86.536
2008,12,3,Weekday,1500,2-Car,No injury/unknown,FOLLOWING TOO CLOSELY,JOHN HINKLE & PETE ELLIS DR,39.17072,-86.4956
2008,12,1,Weekend,1400,2-Car,No injury/unknown,OTHER (DRIVER) - EXPLAIN IN NARRATIVE,N WASHINGTON ST,39.17071314,-86.5324
2008,8,4,Weekday,1100,2-Car,No injury/unknown,OTHER (DRIVER) - EXPLAIN IN NARRATIVE,N PARK AVE,39.17067918,-86.52456588
2008,8,3,Weekday,1600,2-Car,No injury/unknown,UNSAFE BACKING,GATES DR,39.17064165,-86.57650888
2008,2,2,Weekday,1300,2-Car,No injury/unknown,OTHER (DRIVER) - EXPLAIN IN NARRATIVE,N JACOB DR,39.170623,-86.572334
2008,5,6,Weekday,1600,2-Car,No injury/unknown,RAN OFF ROAD RIGHT,N JACOB DR,39.170623,-86.572334
2008,7,3,Weekday,1000,2-Car,No injury/unknown,UNSAFE BACKING,HAWTHORNE ST & THIRD,39.17059461,-86.52009
2008,2,1,Weekend,1300,2-Car,No injury/unknown,OTHER (DRIVER) - EXPLAIN IN NARRATIVE,9TH ST & WOODLAWN,39.170544,-86.52366442
2008,2,6,Weekend,1900,2-Car,No injury/unknown,FAILURE TO YIELD RIGHT OF WAY,9TH ST & COLLEGE,39.170544,-86.53441516
2008,1,4,Weekday,1800,2-Car,Non-incapacitating,UNSAFE BACKING,9TH & LINCOLN ST,39.170544,-86.530992
2008,1,3,Weekday,500,3+ Cars,No injury/unknown,OTHER (DRIVER) - EXPLAIN IN NARRATIVE,N COLLEGE AVE & W 9TH,39.170544,-86.534768
2008,1,3,Weekday,1700,2-Car,No injury/unknown,OTHER (DRIVER) - EXPLAIN IN NARRATIVE,9TH ST & WASHINGTON,39.170544,-86.5324
2008,1,6,Weekend,2300,2-Car,No injury/unknown,UNSAFE BACKING,EAST NINTH ST & PARK,39.170544,-86.52456
2008,2,7,Weekend,1800,2-Car,No injury/unknown,OTHER (DRIVER) - EXPLAIN IN NARRATIVE,9TH & WALNUT ST,39.170544,-86.533536
2008,2,3,Weekday,1800,Bus,Non-incapacitating,ROADWAY SURFACE CONDITION,9TH & COLLEGE AVE,39.170544,-86.534768
2008,3,2,Weekday,1800,2-Car,No injury/unknown,OTHER (DRIVER) - EXPLAIN IN NARRATIVE,9TH ST & WALNUT,39.170544,-86.533536
2008,3,6,Weekday,200,2-Car,No injury/unknown,OTHER (DRIVER) - EXPLAIN IN NARRATIVE,MORTON & NINTH ST,39.170544,-86.536
2008,3,6,Weekday,300,2-Car,No injury/unknown,IMPROPER TURNING,9TH & WALNUT ST,39.170544,-86.533536
2008,4,5,Weekday,1200,2-Car,No injury/unknown,OTHER (DRIVER) - EXPLAIN IN NARRATIVE,9TH & COLLEGE AVE,39.170544,-86.534768
2008,4,6,Weekday,1600,2-Car,Non-incapacitating,DISREGARD SIGNAL/REG SIGN,9TH & GRANT ST,39.170544,-86.529696
2008,4,1,Weekday,2100,2-Car,No injury/unknown,PASSENGER DISTRACTION,9TH ST & GRANT,39.170544,-86.529696
2008,4,3,Weekday,1700,2-Car,Non-incapacitating,FAILURE TO YIELD RIGHT OF WAY,9TH ST & WASHINGTON,39.170544,-86.5324
2008,4,5,Weekday,2200,2-Car,No injury/unknown,FAILURE TO YIELD RIGHT OF WAY,9TH & COLLEGE AVE,39.170544,-86.534768
2008,4,1,Weekend,800,2-Car,No injury/unknown,OTHER (DRIVER) - EXPLAIN IN NARRATIVE,N MORTON & W 9TH ST,39.170544,-86.536
2008,5,2,Weekday,1000,2-Car,No injury/unknown,IMPROPER LANE USAGE,9TH & N WALNUT ST,39.170544,-86.533536
2008,6,3,Weekday,1000,2-Car,Non-incapacitating,FAILURE TO YIELD RIGHT OF WAY,9TH & COLLEGE AVE,39.170544,-86.534768
2008,8,5,Weekday,1100,Moped/Motorcycle,Non-incapacitating,OTHER (DRIVER) - EXPLAIN IN NARRATIVE,9TH & COLLEGE AVE,39.170544,-86.534768
2008,10,4,Weekday,1100,2-Car,No injury/unknown,FAILURE TO YIELD RIGHT OF WAY,9TH STREET & DUNN STREET ST,39.170544,-86.52824
2008,10,2,Weekday,900,2-Car,No injury/unknown,OTHER (DRIVER) - EXPLAIN IN NARRATIVE,9TH ST & FESS,39.170544,-86.525728
2008,11,2,Weekday,2000,2-Car,No injury/unknown,FAILURE TO YIELD RIGHT OF WAY,9TH & WASHINGTON ST,39.170544,-86.5324
2008,11,7,Weekend,200,Pedestrian,No injury/unknown,FAILURE TO YIELD RIGHT OF WAY,9TH & N WALNUT ST,39.170544,-86.533536
2008,11,7,Weekend,1300,2-Car,No injury/unknown,OTHER (DRIVER) - EXPLAIN IN NARRATIVE,9TH & COLLEGE AVE,39.170544,-86.534768
2008,12,5,Weekday,1600,2-Car,No injury/unknown,IMPROPER LANE USAGE,9TH & WALNUT ST,39.170544,-86.533536
2008,12,4,Weekday,1300,2-Car,No injury/unknown,ROADWAY SURFACE CONDITION,EAST 9TH & NORTH PROW RD,39.170544,-86.528992
2008,12,6,Weekday,300,2-Car,No injury/unknown,ALCOHOLIC BEVERAGES,9TH ST & WALNUT,39.170544,-86.533536
2008,12,4,Weekday,1000,2-Car,No injury/unknown,OTHER (VEHICLE) - EXPLAIN IN NARRATIVE,NINTH ST & PARK,39.170544,-86.52456
2008,10,5,Weekday,1000,2-Car,No injury/unknown,FAILURE TO YIELD RIGHT OF WAY,S LANDMARK AVE & W BLOOMFIELD,39.17051339,-86.55379641
2008,2,4,Weekday,500,2-Car,No injury/unknown,ROADWAY SURFACE CONDITION,PROFILE & ZENNITH DR,39.17048,-86.59237
2008,6,4,Weekday,1600,2-Car,No injury/unknown,FAILURE TO YIELD RIGHT OF WAY,PROFILE PKWY & ZENITH,39.17048,-86.59237
2008,6,2,Weekday,1400,2-Car,No injury/unknown,DRIVER DISTRACTED - EXPLAIN IN NARRATIVE,PROFILE PKWY & ZENITH,39.17048,-86.59237
2008,5,2,Weekday,0,2-Car,No injury/unknown,UNSAFE BACKING,EAST 9TH ST,39.17045,-86.527941
2008,12,1,Weekend,1700,2-Car,No injury/unknown,OTHER (VEHICLE) - EXPLAIN IN NARRATIVE,9TH ST & FAIRVIEW,39.170448,-86.54063916