Year,Month,Day,Weekend?,Hour,Collision Type,Injury Type,Primary Factor,Reported_Location,Latitude,Longitude
2008,3,6,Weekend,2100,2-Car,No injury/unknown,UNSAFE BACKING,NORTH JACOB DR DR,39.170437,-86.572506
2008,7,6,Weekday,1000,2-Car,No injury/unknown,UNSAFE BACKING,9TH & WASHINGTON ST,39.17040667,-86.5324
2008,12,7,Weekend,1500,2-Car,No injury/unknown,FOLLOWING TOO CLOSELY,EASTGATE & SR46E,39.17036798,-86.50145599
2008,12,4,Weekday,1900,2-Car,Non-incapacitating,FOLLOWING TOO CLOSELY,EASTGATE & SR46N,39.17036798,-86.50145599
2008,5,2,Weekday,1000,2-Car,No injury/unknown,BRAKE FAILURE OR DEFECTIVE,NORTH ROGERS ST,39.170349,-86.538632
2008,12,3,Weekday,200,2-Car,No injury/unknown,OTHER (DRIVER) - EXPLAIN IN NARRATIVE,9TH & INDIANA AVE,39.17033808,-86.5269849
2008,4,7,Weekend,400,3+ Cars,No injury/unknown,UNSAFE BACKING,400 BLOCK NORTH CLARK ST ST & EAST 8TH,39.17029578,-86.50488657
2008,3,3,Weekday,1600,2-Car,No injury/unknown,UNSAFE SPEED,HARTSTRAIGHT RD & VERNAL,39.17027304,-86.61134444
2008,4,6,Weekday,1600,2-Car,No injury/unknown,UNSAFE BACKING,WEST SUSAN DR,39.170262,-86.572671
2008,1,2,Weekday,1500,2-Car,No injury/unknown,FOLLOWING TOO CLOSELY,EASTGATE & SR46,39.17024,-86.501392
2008,1,3,Weekday,1700,2-Car,No injury/unknown,DISREGARD SIGNAL/REG SIGN,EASTGATE & SR46N,39.17024,-86.501392
2008,3,3,Weekday,900,Bus,No injury/unknown,FAILURE TO YIELD RIGHT OF WAY,45 AND 46 BYPASS BYP & EASTGATE LANE,39.17024,-86.501392
2008,10,4,Weekday,700,2-Car,No injury/unknown,FAILURE TO YIELD RIGHT OF WAY,EASTGATE & SR46E,39.17024,-86.501392
2008,10,5,Weekday,1800,2-Car,No injury/unknown,IMPROPER PASSING,EASTGATE & SR46N,39.17024,-86.501392
2008,3,2,Weekday,1800,2-Car,No injury/unknown,FOLLOWING TOO CLOSELY,EASTGATE & SR46W,39.17017866,-86.50147033
2008,1,2,Weekday,1900,2-Car,Non-incapacitating,DRIVER DISTRACTED - EXPLAIN IN NARRATIVE,EASTGATE & SR 46 BYP,39.17015,-86.50148
2008,12,2,Weekday,700,2-Car,No injury/unknown,ROADWAY SURFACE CONDITION,DANIELS WAY & ZENITH,39.17015,-86.5983
2008,5,5,Weekday,1400,2-Car,No injury/unknown,DRIVER DISTRACTED - EXPLAIN IN NARRATIVE,N JORDAN AVE,39.17013209,-86.5158848
2008,4,5,Weekday,1600,2-Car,No injury/unknown,OTHER (DRIVER) - EXPLAIN IN NARRATIVE,NORTH GATES DR,39.170074,-86.576423
2008,6,4,Weekday,1500,2-Car,No injury/unknown,UNSAFE BACKING,N GATES DR,39.170074,-86.576423
2008,10,5,Weekday,1700,2-Car,No injury/unknown,IMPROPER LANE USAGE,N GATES DRIVE DR,39.170074,-86.576423
2008,11,1,Weekend,1300,2-Car,No injury/unknown,OTHER (DRIVER) - EXPLAIN IN NARRATIVE,N GATES DR,39.170074,-86.576423
2008,11,6,Weekday,1600,2-Car,Non-incapacitating,FOLLOWING TOO CLOSELY,EASTGATE & SR46N,39.17004804,-86.50129602
2008,9,6,Weekday,1600,2-Car,No injury/unknown,FOLLOWING TOO CLOSELY,EASTGATE & SR46N,39.16998405,-86.50126402
2008,3,3,Weekday,1400,2-Car,No injury/unknown,FOLLOWING TOO CLOSELY,SR37N & VERNAL,39.16997316,-86.5609886
2008,5,3,Weekday,1100,1-Car,No injury/unknown,OTHER (DRIVER) - EXPLAIN IN NARRATIVE,W 8TH STREET & W VERNAL PIKE PIKE,39.16995,-86.55011
2008,10,3,Weekday,1000,1-Car,No injury/unknown,OVERCORRECTING/OVERSTEERING,8TH & VERNAL PIKE,39.16995,-86.55010567
2008,2,7,Weekend,800,2-Car,No injury/unknown,UNSAFE BACKING,N BELLTRACE CIR,39.16985,-86.489225
2008,9,4,Weekday,1500,Moped/Motorcycle,Non-incapacitating,FAILURE TO YIELD RIGHT OF WAY,ADAMS & VERNAL ST,39.16984,-86.549696
2008,12,3,Weekday,1500,1-Car,No injury/unknown,OTHER (DRIVER) - EXPLAIN IN NARRATIVE,N ADAMS ST & W VERNAL,39.16984,-86.549696
2008,10,2,Weekday,1300,2-Car,No injury/unknown,OTHER (DRIVER) - EXPLAIN IN NARRATIVE,8TH & COLLEGE AVE,39.16982663,-86.53477957
2008,2,3,Weekday,1900,1-Car,No injury/unknown,OTHER (DRIVER) - EXPLAIN IN NARRATIVE,13TH & N MADISON ST,39.16978045,-86.53801184
2008,8,6,Weekend,2100,2-Car,No injury/unknown,OTHER (DRIVER) - EXPLAIN IN NARRATIVE,GRANT ST,39.16975445,-86.529696
2008,9,5,Weekday,1600,2-Car,No injury/unknown,FAILURE TO YIELD RIGHT OF WAY,8TH & FAIRVIEW ST,39.1697372,-86.54103223
2008,2,1,Weekend,300,1-Car,No injury/unknown,ROADWAY SURFACE CONDITION,E 8TH & LINCOLN AVE,39.16971679,-86.530992
2008,8,7,Weekend,2300,2-Car,No injury/unknown,UNSAFE SPEED,E EASTGATE LN,39.16968223,-86.49997347
2008,4,3,Weekday,1500,2-Car,No injury/unknown,DRIVER DISTRACTED - EXPLAIN IN NARRATIVE,VERNAL PIKE,39.16967323,-86.54971879
2008,6,5,Weekday,1400,3+ Cars,Non-incapacitating,FAILURE TO YIELD RIGHT OF WAY,8TH & INDIANA AVE,39.169616,-86.52696
2008,3,5,Weekday,2200,2-Car,No injury/unknown,UNSAFE BACKING,WALNUT ST,39.16961274,-86.53355102
2008,4,5,Weekday,300,1-Car,Non-incapacitating,RAN OFF ROAD RIGHT,EAST THIRD & SOUTH INDIANA AVE,39.16960718,-86.52691
2008,9,2,Weekday,1200,3+ Cars,Non-incapacitating,DRIVER DISTRACTED - EXPLAIN IN NARRATIVE,EASTGATE & SR46E,39.16960012,-86.50107205
2008,4,1,Weekend,0,2-Car,Non-incapacitating,FAILURE TO YIELD RIGHT OF WAY,8TH & ROGERS ST,39.169584,-86.538576
2008,10,6,Weekday,1000,2-Car,No injury/unknown,DISREGARD SIGNAL/REG SIGN,8TH & ROGERS ST,39.169584,-86.538576
2008,5,5,Weekday,1800,1-Car,Non-incapacitating,OVERSIZE/OVERWEIGHT LOAD,ADAMS ST & VERNAL,39.16957931,-86.54962188
2008,8,5,Weekday,1300,1-Car,No injury/unknown,UNSAFE BACKING,N SUNRISE DR,39.169576,-86.512444
2008,10,5,Weekday,1700,2-Car,Non-incapacitating,IMPROPER TURNING,8TH & MORTON ST,39.169568,-86.536
2008,11,3,Weekday,1200,2-Car,No injury/unknown,OTHER (DRIVER) - EXPLAIN IN NARRATIVE,N JACOBS DR,39.169562,-86.573293
2008,6,6,Weekday,1600,1-Car,No injury/unknown,OTHER (DRIVER) - EXPLAIN IN NARRATIVE,WEST 8TH ST,39.169553,-86.541294
2008,1,6,Weekend,2200,2-Car,No injury/unknown,IMPROPER TURNING,8TH & WALNUT ST,39.169552,-86.533552
2008,2,6,Weekday,1800,2-Car,Non-incapacitating,SPEED TOO FAST FOR WEATHER CONDITIONS,455 N COLLEGE AVE & 8TH,39.169552,-86.534784
2008,4,7,Weekend,1000,2-Car,No injury/unknown,FAILURE TO YIELD RIGHT OF WAY,8TH & N COLLEGE AVE,39.169552,-86.534784
2008,4,1,Weekday,1900,2-Car,No injury/unknown,OTHER (DRIVER) - EXPLAIN IN NARRATIVE,8TH & COLLEGE AVE,39.169552,-86.534784
2008,4,4,Weekday,1400,2-Car,No injury/unknown,FAILURE TO YIELD RIGHT OF WAY,8TH & WALNUT ST,39.169552,-86.533552
2008,5,6,Weekday,500,1-Car,No injury/unknown,ALCOHOLIC BEVERAGES,8TH ST & GRANT,39.169552,-86.529696
2008,6,5,Weekday,200,2-Car,No injury/unknown,WRONG WAY ON ONE WAY,8TH ST & WALNUT,39.169552,-86.533552
2008,9,5,Weekday,2300,Pedestrian,Non-incapacitating,FAILURE TO YIELD RIGHT OF WAY,8TH ST & WALNUT,39.169552,-86.533552
2008,9,4,Weekday,1500,Bus,No injury/unknown,FAILURE TO YIELD RIGHT OF WAY,8TH & WOODLAWN AVE,39.169552,-86.52344
2008,10,5,Weekday,1900,1-Car,No injury/unknown,RAN OFF ROAD RIGHT,N COLLEGE AVE & W 8TH,39.169552,-86.534784
2008,10,2,Weekday,1200,2-Car,No injury/unknown,FAILURE TO YIELD RIGHT OF WAY,8TH ST & GRANT,39.169552,-86.529696
2008,10,4,Weekday,900,2-Car,No injury/unknown,UNSAFE BACKING,EAST EIGHTH ST & WOODLAWN,39.169552,-86.52344
2008,12,4,Weekday,500,3+ Cars,No injury/unknown,OTHER (ENVIRONMENTAL) - EXPLAIN IN NARR,E 8TH ST,39.169552,-86.53096555
2008,1,5,Weekday,1700,2-Car,Non-incapacitating,BRAKE FAILURE OR DEFECTIVE,E THIRD & SMITH RD,39.16949717,-86.48122
2008,3,4,Weekday,1100,2-Car,No injury/unknown,IMPROPER TURNING,EAST EIGHTH & WOODLAWN AVE,39.16948,-86.52349
2008,8,5,Weekday,1300,2-Car,No injury/unknown,FOLLOWING TOO CLOSELY,EASTGATE & SR46E,39.16947215,-86.50100806
2008,4,6,Weekday,300,2-Car,No injury/unknown,FAILURE TO YIELD RIGHT OF WAY,8TH & WALNUT ST,39.16941469,-86.53355441
2008,12,3,Weekday,1900,2-Car,No injury/unknown,FAILURE TO YIELD RIGHT OF WAY,8TH & DUNN ST,39.16937337,-86.52823564
2008,12,6,Weekday,1500,Bus,No injury/unknown,FAILURE TO YIELD RIGHT OF WAY,8TH & COLLEGE AVE,39.16934601,-86.534784
2008,8,7,Weekend,300,1-Car,Non-incapacitating,ALCOHOLIC BEVERAGES,AMY & PETE ELLIS DR,39.169312,-86.495888
2008,2,6,Weekend,2000,1-Car,No injury/unknown,SPEED TOO FAST FOR WEATHER CONDITIONS,AMY & PETE ELLIS DR,39.16917467,-86.495888
2008,9,3,Weekday,1500,2-Car,No injury/unknown,UNSAFE BACKING,PROVIDENCE & SHEFFIELD DR,39.16912787,-86.47906443
2008,10,6,Weekday,1000,Moped/Motorcycle,Non-incapacitating,FAILURE TO YIELD RIGHT OF WAY,7TH & COLLEGE AVE,39.16906798,-86.534784
2008,8,3,Weekday,900,1-Car,No injury/unknown,UNSAFE BACKING,COLLEGE AVE,39.16905829,-86.534784
2008,10,1,Weekend,1100,2-Car,No injury/unknown,UNSAFE BACKING,S DUNN ST,39.16901029,-86.52822988
2008,10,5,Weekday,1600,2-Car,No injury/unknown,FOLLOWING TOO CLOSELY,EASTGATE & SR46E,39.16896024,-86.50075211
2008,4,1,Weekday,2100,2-Car,No injury/unknown,FOLLOWING TOO CLOSELY,7TH & JORDAN AVE,39.168944,-86.516016
2008,4,1,Weekday,2300,2-Car,No injury/unknown,FAILURE TO YIELD RIGHT OF WAY,7TH ST & JORDAN,39.168944,-86.516016
2008,11,6,Weekday,1800,2-Car,No injury/unknown,SPEED TOO FAST FOR WEATHER CONDITIONS,7TH & JORDAN AVE,39.168944,-86.516016
2008,1,4,Weekday,1300,2-Car,No injury/unknown,UNSAFE BACKING,N FAIRVIEW ST,39.16893551,-86.54108833
2008,3,2,Weekday,0,2-Car,No injury/unknown,OTHER (DRIVER) - EXPLAIN IN NARRATIVE,EASTGATE LN,39.16892,-86.498792
2008,12,1,Weekend,1500,2-Car,No injury/unknown,FAILURE TO YIELD RIGHT OF WAY,EASTGATE LN,39.16892,-86.499469
2008,2,6,Weekend,2000,2-Car,No injury/unknown,FOLLOWING TOO CLOSELY,7TH & WALNUT ST,39.16891463,-86.53356318
2008,4,6,Weekday,1800,Pedestrian,Non-incapacitating,DRIVER DISTRACTED - EXPLAIN IN NARRATIVE,7TH & WALNUT ST,39.16891463,-86.53356318
2008,7,2,Weekday,1500,1-Car,No injury/unknown,OTHER (DRIVER) - EXPLAIN IN NARRATIVE,7TH & ADAMS ST,39.16884964,-86.5495696
2008,9,5,Weekday,1500,1-Car,No injury/unknown,SPEED TOO FAST FOR WEATHER CONDITIONS,JONATHAN DR,39.168761,-86.580278
2008,6,2,Weekday,1500,2-Car,No injury/unknown,UNSAFE BACKING,GATES DR,39.16876,-86.576419
2008,12,7,Weekend,1000,3+ Cars,No injury/unknown,DISREGARD SIGNAL/REG SIGN,GATES DR & JONATHAN,39.16876,-86.57642
2008,11,3,Weekday,1500,1-Car,No injury/unknown,DRIVER DISTRACTED - EXPLAIN IN NARRATIVE,E 7TH ST,39.168752,-86.5436
2008,5,7,Weekend,200,2-Car,No injury/unknown,ALCOHOLIC BEVERAGES,N WALNUT ST,39.16873306,-86.53356637
2008,10,3,Weekday,1300,2-Car,Non-incapacitating,FAILURE TO YIELD RIGHT OF WAY,7TH ST & FAIRVIEW,39.16872,-86.541104
2008,6,7,Weekend,1700,2-Car,No injury/unknown,UNSAFE BACKING,N WALNUT ST ST,39.16871445,-86.53356669
2008,2,4,Weekday,1800,2-Car,No injury/unknown,STEERING FAILURE,7TH ST & CAMPBELL,39.16871,-86.5139
2008,10,3,Weekday,1600,2-Car,No injury/unknown,FAILURE TO YIELD RIGHT OF WAY,7TH ST & CAMPBELL,39.16871,-86.51388962
2008,12,7,Weekend,1100,2-Car,No injury/unknown,FAILURE TO YIELD RIGHT OF WAY,CAMPBELL & E SEVENTH ST,39.16871,-86.5139
2008,12,1,Weekend,1200,1-Car,No injury/unknown,UNSAFE BACKING,7TH ST & JACKSON,39.168704,-86.539808
2008,9,6,Weekday,1200,2-Car,No injury/unknown,FAILURE TO YIELD RIGHT OF WAY,7TH ST & MADISON,39.168688,-86.537296
2008,2,6,Weekday,1000,2-Car,No injury/unknown,OTHER (ENVIRONMENTAL) - EXPLAIN IN NARR,NORTH MORTON ST & WEST 7TH,39.168672,-86.536
2008,4,7,Weekend,1200,2-Car,No injury/unknown,UNSAFE BACKING,7TH ST & MORTON ST ST,39.168672,-86.536
2008,10,5,Weekday,1300,1-Car,No injury/unknown,OTHER (DRIVER) - EXPLAIN IN NARRATIVE,7TH & MORTON ST,39.168672,-86.536
2008,6,7,Weekend,800,2-Car,No injury/unknown,IMPROPER TURNING,W 7TH ST,39.16866318,-86.53532996
2008,6,2,Weekday,400,1-Car,No injury/unknown,RAN OFF ROAD RIGHT,N LINCLON ST,39.168663,-86.531058
2008,1,1,Weekend,1300,2-Car,No injury/unknown,IMPROPER PASSING,N COLLEGE & W 7TH ST,39.168656,-86.534784
2008,1,4,Weekday,1600,2-Car,No injury/unknown,UNSAFE BACKING,N COLLEGE AVE,39.168656,-86.534784
2008,2,6,Weekday,1600,2-Car,No injury/unknown,FAILURE TO YIELD RIGHT OF WAY,N COLLEGE & WEST 7TH ST,39.168656,-86.534784
2008,4,6,Weekday,900,2-Car,No injury/unknown,DRIVER DISTRACTED - EXPLAIN IN NARRATIVE,7TH ST & COLLEGE,39.168656,-86.534784
2008,4,7,Weekend,800,2-Car,No injury/unknown,IMPROPER LANE USAGE,7TH & NORTH COLLEGE AVE,39.168656,-86.534784
2008,7,7,Weekend,1100,Bus,No injury/unknown,UNSAFE BACKING,100 W 7TH ST & COLLEGE,39.168656,-86.534784
2008,8,7,Weekend,1200,2-Car,No injury/unknown,IMPROPER LANE USAGE,7TH & COLLEGE AVE,39.168656,-86.534784
2008,10,6,Weekday,1000,Cyclist,No injury/unknown,PEDESTRIAN ACTION,7TH & COLLEGE AVE,39.168656,-86.534784
2008,10,6,Weekday,1300,2-Car,No injury/unknown,FOLLOWING TOO CLOSELY,7TH STREET & COLLEGE AVENUE AVE,39.168656,-86.534784
2008,1,3,Weekday,1700,2-Car,No injury/unknown,FAILURE TO YIELD RIGHT OF WAY,7TH & DUNN ST,39.16864,-86.528224
2008,1,5,Weekday,400,2-Car,No injury/unknown,UNSAFE BACKING,N WALNUT ST,39.16864,-86.533568
2008,3,3,Weekday,1500,2-Car,Non-incapacitating,FAILURE TO YIELD RIGHT OF WAY,E 7TH & N PARK AVE,39.16864,-86.524496
2008,3,3,Weekday,1800,2-Car,No injury/unknown,FAILURE TO YIELD RIGHT OF WAY,7TH ST,39.16864,-86.52564702
2008,3,5,Weekday,2000,2-Car,No injury/unknown,FAILURE TO YIELD RIGHT OF WAY,7TH & N WALNUT ST,39.16864,-86.533568
2008,5,7,Weekend,0,2-Car,No injury/unknown,UNSAFE BACKING,N WALNUT ST,39.16864,-86.533568
2008,5,4,Weekday,2000,1-Car,No injury/unknown,OTHER (DRIVER) - EXPLAIN IN NARRATIVE,N WALNUT ST,39.16864,-86.533568
2008,5,7,Weekend,300,2-Car,No injury/unknown,OTHER (DRIVER) - EXPLAIN IN NARRATIVE,EAST 7TH & NORTH LINCOLN ST,39.16864,-86.530992
2008,5,2,Weekday,1100,2-Car,No injury/unknown,FOLLOWING TOO CLOSELY,600 E 7TH & INDIANA AVE,39.16864,-86.526944
2008,6,1,Weekend,200,3+ Cars,No injury/unknown,UNSAFE BACKING,N WALNUT ST,39.16864,-86.533568
2008,7,2,Weekday,1400,2-Car,No injury/unknown,UNSAFE BACKING,7TH ST,39.16864,-86.53176784
2008,7,2,Weekday,1200,1-Car,Non-incapacitating,FAILURE TO YIELD RIGHT OF WAY,E 7TH & N WALNUT ST,39.16864,-86.533568
2008,8,1,Weekend,1000,2-Car,No injury/unknown,FAILURE TO YIELD RIGHT OF WAY,7TH & WALNUT ST,39.16864,-86.533568
2008,10,3,Weekday,1500,Bus,No injury/unknown,IMPROPER LANE USAGE,N LINCOLN & W 7TH ST,39.16864,-86.530992
2008,10,4,Weekday,900,2-Car,No injury/unknown,OTHER (DRIVER) - EXPLAIN IN NARRATIVE,INDIANA & SEVENTH ST,39.16864,-86.526944
2008,10,4,Weekday,0,2-Car,No injury/unknown,UNSAFE BACKING,7TH ST,39.16864,-86.525696
2008,11,2,Weekday,1400,Bus,No injury/unknown,IMPROPER PASSING,7TH ST & WOODLAWN,39.16864,-86.523392
2008,11,6,Weekday,1100,2-Car,No injury/unknown,IMPROPER LANE USAGE,7TH & WALNUT ST,39.16864,-86.533568
2008,12,2,Weekday,1800,2-Car,No injury/unknown,IMPROPER TURNING,E 7TH ST & N WASHINGTON,39.16864,-86.5324
2008,12,2,Weekday,1400,2-Car,No injury/unknown,UNSAFE SPEED,7TH ST & WASHINGTON,39.16864,-86.5334585
2008,12,3,Weekday,1200,2-Car,No injury/unknown,IMPROPER LANE USAGE,7TH & WALNUT ST,39.16864,-86.533568
2008,2,7,Weekend,2300,2-Car,No injury/unknown,UNSAFE BACKING,NORTH WALNUT,39.168588,-86.533588
2008,12,7,Weekend,1100,2-Car,No injury/unknown,DISREGARD SIGNAL/REG SIGN,N ADAMS ST & W 7TH,39.168576,-86.5496
2008,7,4,Weekday,1100,2-Car,No injury/unknown,FAILURE TO YIELD RIGHT OF WAY,W 7TH ST,39.16856,-86.535432
2008,3,7,Weekend,2300,1-Car,No injury/unknown,DRIVER DISTRACTED - EXPLAIN IN NARRATIVE,17TH & CRESCENT RD,39.16854164,-86.55653
2008,3,4,Weekday,1200,2-Car,No injury/unknown,FAILURE TO YIELD RIGHT OF WAY,EAST 7TH ST,39.168527,-86.529629
2008,9,6,Weekday,1300,Moped/Motorcycle,No injury/unknown,FOLLOWING TOO CLOSELY,DUNN & SEVENTH ST,39.16851,-86.52823269
2008,3,5,Weekday,1200,2-Car,No injury/unknown,IMPROPER LANE USAGE,EAST SEVENTH & INDIANA AVE,39.1685,-86.52695
2008,11,3,Weekday,1300,2-Car,No injury/unknown,FAILURE TO YIELD RIGHT OF WAY,INDIANA AVE & SEVENTH,39.1685,-86.52695
2008,3,7,Weekend,300,1-Car,No injury/unknown,ALCOHOLIC BEVERAGES,EAST 7TH ST,39.16848,-86.523479
2008,7,3,Weekday,1000,2-Car,No injury/unknown,OTHER (DRIVER) - EXPLAIN IN NARRATIVE,E SEVENTH ST,39.16848,-86.523479
2008,8,5,Weekday,1000,2-Car,No injury/unknown,UNSAFE BACKING,SEVENTH & WOODLAWN AVE,39.16848,-86.52348
2008,9,6,Weekday,1000,2-Car,No injury/unknown,UNSAFE BACKING,EAST 7TH ST,39.16848,-86.523468
2008,12,3,Weekday,1300,1-Car,No injury/unknown,ROADWAY SURFACE CONDITION,SR48W & VERNAL,39.1684677,-86.66118747
2008,1,5,Weekday,1700,2-Car,No injury/unknown,WRONG WAY ON ONE WAY,7TH & FORREST AVE,39.16846087,-86.52105931
2008,12,2,Weekday,1300,1-Car,Non-incapacitating,ALCOHOLIC BEVERAGES,JOHNSON AVE,39.168436,-86.564992
2008,12,3,Weekday,2200,1-Car,No injury/unknown,SPEED TOO FAST FOR WEATHER CONDITIONS,BREASIDE & PETE ELLIS DR,39.16839,-86.49505
2008,5,2,Weekday,1100,2-Car,No injury/unknown,OTHER (DRIVER) - EXPLAIN IN NARRATIVE,200 BLOCK N WALNUT ST ST & 7TH ST,39.16836537,-86.53357243
2008,3,6,Weekday,1100,2-Car,No injury/unknown,LEFT OF CENTER,CURRY & JONATHAN DR,39.16836,-86.58298
2008,8,1,Weekend,0,1-Car,Non-incapacitating,UNSAFE SPEED,CURRY & JONATHAN DR,39.16836,-86.58299732
2008,8,2,Weekday,1500,2-Car,Non-incapacitating,DISREGARD SIGNAL/REG SIGN,JONATHAN & N CURRY PIKE,39.16836,-86.58298
2008,9,5,Weekday,1800,1-Car,No injury/unknown,OTHER (VEHICLE) - EXPLAIN IN NARRATIVE,CURRY & W JONATHAN DR,39.16836,-86.58315317
2008,8,7,Weekend,1700,2-Car,No injury/unknown,UNSAFE BACKING,N GATES DR,39.168352,-86.57641
2008,10,2,Weekday,1500,2-Car,Non-incapacitating,FOLLOWING TOO CLOSELY,CURRY PIKE & WHITEHALL,39.16832721,-86.58297032
2008,1,3,Weekday,1300,2-Car,No injury/unknown,OTHER (ENVIRONMENTAL) - EXPLAIN IN NARR,E BRAESIDE DR,39.16828267,-86.49456076
2008,3,4,Weekday,1400,2-Car,No injury/unknown,IMPROPER TURNING,N GATES DR,39.168269,-86.576396
2008,10,7,Weekend,900,2-Car,No injury/unknown,UNSAFE BACKING,GATES DR,39.168269,-86.576396
2008,8,6,Weekday,900,2-Car,No injury/unknown,OTHER (DRIVER) - EXPLAIN IN NARRATIVE,E BRAESIDE LN,39.1682309,-86.49334787
2008,10,2,Weekday,1000,1-Car,Non-incapacitating,RAN OFF ROAD RIGHT,7TH STREET ST & CLARK ST,39.168224,-86.504832
2008,1,3,Weekday,1600,2-Car,No injury/unknown,ROADWAY SURFACE CONDITION,E BRAESIDE DR,39.168192,-86.49504
2008,2,6,Weekday,1600,2-Car,No injury/unknown,ROADWAY SURFACE CONDITION,7TH & UNION ST,39.168176,-86.509312
2008,2,3,Weekday,300,2-Car,No injury/unknown,ALCOHOLIC BEVERAGES,7TH & UNION AVE,39.168176,-86.509312
2008,8,7,Weekend,0,2-Car,No injury/unknown,OTHER (DRIVER) - EXPLAIN IN NARRATIVE,6TH & ELM ST,39.16812399,-86.5452
2008,2,4,Weekday,1600,2-Car,No injury/unknown,FOLLOWING TOO CLOSELY,7TH & JORDAN AVE,39.16812347,-86.51611253
2008,2,3,Weekday,1600,2-Car,No injury/unknown,OTHER (ENVIRONMENTAL) - EXPLAIN IN NARR,BRAESIDE & PETE ELLIS DR,39.16805467,-86.49504
2008,10,2,Weekday,1700,2-Car,No injury/unknown,DRIVER DISTRACTED - EXPLAIN IN NARRATIVE,1822 S WALNUT ST & MILLER,39.16803046,-86.53265697
2008,1,5,Weekday,1900,2-Car,No injury/unknown,FAILURE TO YIELD RIGHT OF WAY,6TH & INDIANA AVE,39.16794997,-86.52693168
2008,10,6,Weekend,1900,2-Car,No injury/unknown,DRIVER DISTRACTED - EXPLAIN IN NARRATIVE,6TH & WALNUT ST,39.16792263,-86.53357957
2008,9,4,Weekday,1600,Cyclist,Non-incapacitating,IMPROPER LANE USAGE,ATWATER & FESS AVE,39.16787832,-86.5259
2008,1,7,Weekend,1600,3+ Cars,Non-incapacitating,OTHER (DRIVER) - EXPLAIN IN NARRATIVE,6TH & COLLEGE AVE,39.16778533,-86.534784
2008,3,6,Weekend,1900,2-Car,No injury/unknown,OTHER (DRIVER) - EXPLAIN IN NARRATIVE,6TH & COLLEGE AVE,39.16778533,-86.534784
2008,10,3,Weekday,1800,2-Car,No injury/unknown,SPEED TOO FAST FOR WEATHER CONDITIONS,7TH ST & HILLSDALE,39.16776,-86.503616
2008,12,7,Weekend,1100,2-Car,No injury/unknown,SPEED TOO FAST FOR WEATHER CONDITIONS,N HILLSDALE & W 7TH ST,39.16776,-86.503616
2008,3,5,Weekday,1500,2-Car,No injury/unknown,IMPROPER TURNING,E 6TH ST & N INDIANA,39.167744,-86.526928
2008,10,6,Weekday,100,1-Car,No injury/unknown,OTHER (DRIVER) - EXPLAIN IN NARRATIVE,COLLEGE AVE,39.16773029,-86.534784
2008,4,7,Weekend,1500,2-Car,No injury/unknown,FAILURE TO YIELD RIGHT OF WAY,6TH & DUNN ST,39.167728,-86.528208
2008,4,4,Weekday,1500,2-Car,Non-incapacitating,FOLLOWING TOO CLOSELY,6TH & ADAMS ST,39.167728,-86.5496
2008,12,4,Weekday,1300,2-Car,No injury/unknown,ROADWAY SURFACE CONDITION,E 6TH ST,39.16771527,-86.52939233
2008,1,5,Weekday,800,2-Car,No injury/unknown,OTHER (DRIVER) - EXPLAIN IN NARRATIVE,6TH ST & WALDRON,39.16769953,-86.5439528
2008,2,6,Weekday,1400,1-Car,No injury/unknown,UNSAFE BACKING,6TH ST & WALDRON,39.167696,-86.54342359
2008,12,1,Weekend,1100,2-Car,No injury/unknown,FAILURE TO YIELD RIGHT OF WAY,N MAPLE & W 6TH ST,39.167696,-86.542096
2008,6,5,Weekday,1700,2-Car,No injury/unknown,FAILURE TO YIELD RIGHT OF WAY,6TH ST & ROGERS,39.16768,-86.538592
2008,6,1,Weekday,1900,Pedestrian,Non-incapacitating,PEDESTRIAN ACTION,6TH & ROGERS ST,39.16768,-86.538592
2008,7,2,Weekday,1200,Cyclist,Non-incapacitating,FAILURE TO YIELD RIGHT OF WAY,6TH ST & ROGERS,39.16768,-86.538592
2008,10,6,Weekend,2300,Pedestrian,Non-incapacitating,PEDESTRIAN ACTION,6TH & ROGERS ST,39.16768,-86.538592
2008,11,5,Weekday,1800,2-Car,No injury/unknown,DISREGARD SIGNAL/REG SIGN,6TH & ROGERS ST,39.16768,-86.538592
2008,12,3,Weekday,1900,2-Car,No injury/unknown,OTHER (DRIVER) - EXPLAIN IN NARRATIVE,7TH & OVERHILL DR,39.16768,-86.501248
2008,4,7,Weekend,1400,2-Car,No injury/unknown,,N GATES DR,39.16767,-86.576029
2008,5,4,Weekday,1300,2-Car,No injury/unknown,UNSAFE BACKING,N GATES RD,39.16767,-86.576029
2008,11,4,Weekday,1800,2-Car,No injury/unknown,OTHER (DRIVER) - EXPLAIN IN NARRATIVE,N GATES DR,39.16767,-86.576029
2008,2,6,Weekday,1500,3+ Cars,No injury/unknown,OTHER (DRIVER) - EXPLAIN IN NARRATIVE,202 EAST 6TH ST & NORTH WASHINGTON,39.167664,-86.5324
2008,3,5,Weekday,1600,2-Car,No injury/unknown,UNSAFE BACKING,100 N MORTON ST & W 6TH,39.167664,-86.536
2008,7,4,Weekday,800,2-Car,No injury/unknown,FAILURE TO YIELD RIGHT OF WAY,N MORTON ST & W 6TH,39.167664,-86.536