Year,Month,Day,Weekend?,Hour,Collision Type,Injury Type,Primary Factor,Reported_Location,Latitude,Longitude
2008,11,4,Weekday,1800,2-Car,No injury/unknown,UNSAFE BACKING,N MADISON & W 6TH ST,39.167664,-86.537296
2008,10,4,Weekday,1400,2-Car,No injury/unknown,IMPROPER TURNING,6TH ST & COLLEGE,39.167648,-86.53460759
2008,1,3,Weekday,1600,1-Car,No injury/unknown,OTHER (DRIVER) - EXPLAIN IN NARRATIVE,COLLEGE & WEST 6TH ST,39.167648,-86.534784
2008,1,3,Weekday,1600,2-Car,No injury/unknown,IMPROPER LANE USAGE,6TH & WALNUT ST,39.167648,-86.533584
2008,2,3,Weekday,1200,2-Car,No injury/unknown,UNSAFE BACKING,N COLLEGE AVE & W 6TH,39.167648,-86.534784
2008,2,5,Weekday,2200,2-Car,No injury/unknown,OTHER (DRIVER) - EXPLAIN IN NARRATIVE,EAST 6TH STREET & WALNUT,39.167648,-86.533584
2008,2,6,Weekday,1200,2-Car,No injury/unknown,UNSAFE BACKING,E 6TH ST,39.167648,-86.533584
2008,4,6,Weekday,1000,2-Car,No injury/unknown,UNSAFE BACKING,1025 EAST 7TH HPER SOUTH RAMP & 7TH,39.167648,-86.500096
2008,5,5,Weekday,1300,2-Car,No injury/unknown,UNSAFE BACKING,N WALNUT & W 6TH ST,39.167648,-86.533584
2008,6,5,Weekday,100,2-Car,No injury/unknown,UNSAFE BACKING,6TH ST & WALNUT,39.167648,-86.533584
2008,8,2,Weekday,1200,2-Car,No injury/unknown,OTHER (DRIVER) - EXPLAIN IN NARRATIVE,6TH & COLLEGE AVE,39.167648,-86.534784
2008,8,1,Weekend,1300,1-Car,No injury/unknown,ACCELERATOR FAILURE OR DEFECTIVE,6TH ST & COLLEGE,39.167648,-86.534784
2008,10,5,Weekday,100,Moped/Motorcycle,No injury/unknown,UNSAFE BACKING,6TH & N WALNUT ST,39.167648,-86.533584
2008,10,6,Weekday,1800,2-Car,No injury/unknown,,EAST LONGVIEW AVE,39.167648,-86.490561
2008,10,2,Weekday,1600,2-Car,No injury/unknown,UNSAFE BACKING,6TH ST & COLLEGE,39.167648,-86.534784
2008,11,6,Weekday,1200,2-Car,No injury/unknown,DRIVER DISTRACTED - EXPLAIN IN NARRATIVE,COLLEGE & WEST SIXTH ST,39.167648,-86.534784
2008,12,2,Weekday,1200,2-Car,Non-incapacitating,SPEED TOO FAST FOR WEATHER CONDITIONS,100 NORTH WALNUT ST & 6TH,39.167648,-86.533584
2008,12,4,Weekday,300,1-Car,No injury/unknown,,6TH & COLLEGE AVE,39.167648,-86.534784
2008,2,6,Weekday,0,Bus,No injury/unknown,FAILURE TO YIELD RIGHT OF WAY,7TH & ROSE AVE,39.16759469,-86.510992
2008,10,6,Weekday,1300,2-Car,No injury/unknown,IMPROPER TURNING,7TH & ROSE AVE,39.16759469,-86.510992
2008,3,6,Weekday,1800,2-Car,No injury/unknown,OTHER (DRIVER) - EXPLAIN IN NARRATIVE,WEST 6TH ST,39.167583,-86.53632
2008,3,7,Weekend,1600,2-Car,No injury/unknown,OTHER (DRIVER) - EXPLAIN IN NARRATIVE,LINCOLN ST & SIXTH,39.16754,-86.53107
2008,7,3,Weekday,1100,2-Car,No injury/unknown,UNSAFE BACKING,E SIXTH ST,39.16754,-86.529789
2008,4,6,Weekend,2100,2-Car,No injury/unknown,IMPROPER LANE USAGE,3RD & SR37S,39.16747214,-86.57272682
2008,12,3,Weekday,1300,2-Car,No injury/unknown,ROADWAY SURFACE CONDITION,SR37N & SR48W,39.16747214,-86.57272682
2008,11,2,Weekday,800,2-Car,No injury/unknown,UNSAFE BACKING,S JORDAN AVE,39.16733692,-86.51619253
2008,3,3,Weekday,900,1-Car,No injury/unknown,OTHER (DRIVER) - EXPLAIN IN NARRATIVE,EAST KIRKWOOD AVE,39.167315,-86.524541
2008,1,4,Weekday,700,2-Car,No injury/unknown,UNSAFE BACKING,E KIRKWOOD AVE,39.167286,-86.52355
2008,2,3,Weekday,1400,2-Car,No injury/unknown,UNSAFE BACKING,E KIRKWOOD AVE,39.167286,-86.52355
2008,10,5,Weekday,1200,2-Car,No injury/unknown,UNSAFE BACKING,E KIRKWOOD AVE,39.167286,-86.52355
2008,3,5,Weekday,1900,2-Car,No injury/unknown,UNSAFE BACKING,N JORDAN AVE,39.167092,-86.516058
2008,2,3,Weekday,1500,2-Car,No injury/unknown,OTHER (DRIVER) - EXPLAIN IN NARRATIVE,N JORDAN AVE,39.167006,-86.516145
2008,7,3,Weekday,1400,2-Car,No injury/unknown,OTHER (DRIVER) - EXPLAIN IN NARRATIVE,NORTH JORDAN AVE,39.167006,-86.516145
2008,12,2,Weekday,1100,2-Car,No injury/unknown,FAILURE TO YIELD RIGHT OF WAY,INDIANA AVE & KIRKWOOD,39.1669695,-86.52690555
2008,9,5,Weekday,2200,2-Car,No injury/unknown,FAILURE TO YIELD RIGHT OF WAY,LONGVIEW & PETE ELLIS DR,39.166944,-86.495056
2008,10,4,Weekday,1700,2-Car,No injury/unknown,FAILURE TO YIELD RIGHT OF WAY,LONGVIEW & PETE ELLIS DR,39.166944,-86.495056
2008,5,6,Weekday,1600,2-Car,No injury/unknown,OTHER (DRIVER) - EXPLAIN IN NARRATIVE,LONG VIEW & PETE ELLIS DR,39.16691,-86.49492
2008,11,3,Weekday,1200,2-Car,No injury/unknown,UNSAFE BACKING,SOUTH PETE ELLIS DR,39.166909,-86.494916
2008,9,5,Weekday,1600,2-Car,No injury/unknown,IMPROPER TURNING,INDIANA AVE & KIRKWOOD,39.16688713,-86.52690316
2008,4,7,Weekend,1900,1-Car,No injury/unknown,ALCOHOLIC BEVERAGES,FORREST AVE & KIRKWOOD,39.16685,-86.52157
2008,11,3,Weekday,2000,Moped/Motorcycle,Non-incapacitating,IMPROPER LANE USAGE,FORREST & KIRKWOOD AVE,39.16685,-86.52157692
2008,12,7,Weekend,1800,1-Car,No injury/unknown,OTHER (VEHICLE) - EXPLAIN IN NARRATIVE,E KIRKWOOD AVE & FORREST,39.16685,-86.52154404
2008,1,7,Weekend,200,1-Car,No injury/unknown,ALCOHOLIC BEVERAGES,KINGSTON & LONGVIEW AVE,39.166848,-86.4928
2008,7,1,Weekday,2100,2-Car,Non-incapacitating,DISREGARD SIGNAL/REG SIGN,5TH & JEFFERSON ST,39.166848,-86.506992
2008,7,5,Weekday,1800,2-Car,No injury/unknown,UNSAFE BACKING,UNION & UNION CT,39.166848,-86.509296
2008,8,1,Weekend,1600,3+ Cars,No injury/unknown,ALCOHOLIC BEVERAGES,EAST LONGVIEW DR,39.166848,-86.495088
2008,10,5,Weekday,800,2-Car,No injury/unknown,DISREGARD SIGNAL/REG SIGN,5TH & JEFFERSON ST,39.166848,-86.506992
2008,4,2,Weekday,1400,2-Car,No injury/unknown,UNSAFE BACKING,KIRKWOOD AVE & RITTER,39.166832,-86.550992
2008,2,5,Weekday,1000,2-Car,No injury/unknown,OTHER (DRIVER) - EXPLAIN IN NARRATIVE,EAST KIRKWOOD AVE,39.166828,-86.521999
2008,3,4,Weekday,700,1-Car,No injury/unknown,ROADWAY SURFACE CONDITION,EAST KIRKWOOD AVE,39.166828,-86.521999
2008,11,2,Weekday,1500,2-Car,Non-incapacitating,UNSAFE SPEED,E KIRKWOOD AVE,39.166828,-86.521999
2008,10,5,Weekday,1200,2-Car,No injury/unknown,FAILURE TO YIELD RIGHT OF WAY,PETE ELLIS DR,39.166822,-86.494915
2008,1,4,Weekday,2300,2-Car,Non-incapacitating,FAILURE TO YIELD RIGHT OF WAY,ADAMS ST & KIRKWOOD,39.166816,-86.549488
2008,2,5,Weekday,1400,2-Car,No injury/unknown,ROADWAY SURFACE CONDITION,ADAMS & KIRKWOOD AVE,39.166816,-86.549488
2008,7,4,Weekday,900,2-Car,No injury/unknown,IMPROPER LANE USAGE,ADAMS & W KIRKWOOD AVE,39.166816,-86.549488
2008,12,7,Weekend,1000,2-Car,No injury/unknown,SPEED TOO FAST FOR WEATHER CONDITIONS,N ADAMS & W KIRKWOOD AVE,39.166816,-86.549488
2008,2,6,Weekday,1000,Bus,No injury/unknown,SPEED TOO FAST FOR WEATHER CONDITIONS,ADAMS & KIRKWOOD AVE,39.16681247,-86.54922342
2008,9,3,Weekday,1600,2-Car,No injury/unknown,UNSAFE BACKING,5TH ST & CLARK,39.16681,-86.50498865
2008,8,5,Weekday,800,Moped/Motorcycle,Non-incapacitating,OTHER (DRIVER) - EXPLAIN IN NARRATIVE,SR37S & VERNAL,39.16679979,-86.5609886
2008,3,7,Weekend,300,1-Car,No injury/unknown,PASSENGER DISTRACTION,EAST KIRKWOOD AVE,39.166787,-86.525016
2008,3,3,Weekday,300,1-Car,No injury/unknown,UNSAFE SPEED,ELM & KIRKWOOD AVE,39.16677859,-86.54625838
2008,4,5,Weekday,1000,2-Car,No injury/unknown,UNSAFE BACKING,COLLEGE AVE & KIRKWOOD,39.16677732,-86.53479782
2008,3,3,Weekday,300,1-Car,No injury/unknown,OTHER (VEHICLE) - EXPLAIN IN NARRATIVE,ELM & KIRKWOOD AVE,39.16677506,-86.54590559
2008,5,7,Weekend,1100,2-Car,No injury/unknown,FAILURE TO YIELD RIGHT OF WAY,ELM & W KIRKWOOD AVE,39.166768,-86.5452
2008,6,4,Weekday,1900,2-Car,No injury/unknown,FAILURE TO YIELD RIGHT OF WAY,ELM & KIRKWOOD AVE,39.166768,-86.5452
2008,11,5,Weekday,1600,2-Car,No injury/unknown,FAILURE TO YIELD RIGHT OF WAY,ELM & KIRKWOOD AVE,39.166768,-86.5452
2008,8,5,Weekday,1700,Bus,No injury/unknown,LEFT OF CENTER,KIRKWOOD AVE & WALDRON,39.166736,-86.5436
2008,4,2,Weekday,800,1-Car,No injury/unknown,UNSAFE SPEED,WEST KIRKWOOD AVE,39.166703,-86.551148
2008,8,3,Weekday,1000,2-Car,No injury/unknown,UNSAFE BACKING,WEST KIRKWOOD AVE,39.166702,-86.550993
2008,2,3,Weekday,1600,2-Car,No injury/unknown,OTHER (ENVIRONMENTAL) - EXPLAIN IN NARR,ADAM & KIRKWOOD AVE,39.1667,-86.54964
2008,4,5,Weekday,1700,2-Car,No injury/unknown,FAILURE TO YIELD RIGHT OF WAY,KIRKWOOD AVE & ROGERS,39.16667671,-86.53896077
2008,5,5,Weekday,300,1-Car,No injury/unknown,ALCOHOLIC BEVERAGES,W KIRKWOOD AVE,39.16667429,-86.53877943
2008,1,5,Weekday,900,2-Car,Non-incapacitating,ROADWAY SURFACE CONDITION,KIRKWOOD & ROGERS ST,39.166672,-86.538608
2008,2,2,Weekday,900,2-Car,No injury/unknown,OTHER (DRIVER) - EXPLAIN IN NARRATIVE,ROGERS & W KIRKWOOD AVE,39.166672,-86.538608
2008,4,5,Weekday,800,2-Car,No injury/unknown,FOLLOWING TOO CLOSELY,KIRKWOOD AVE & ROGERS,39.166672,-86.538608
2008,5,6,Weekend,2100,2-Car,Non-incapacitating,FAILURE TO YIELD RIGHT OF WAY,KIRKWOOD AVE & ROGERS,39.166672,-86.538608
2008,5,3,Weekday,1200,2-Car,No injury/unknown,DRIVER ASLEEP OR FATIGUED,KIRKWOOD & ROGERS ST,39.166672,-86.538608
2008,6,6,Weekday,800,2-Car,No injury/unknown,FAILURE TO YIELD RIGHT OF WAY,500 W KIRKWOOD AVE & ROGERS,39.166672,-86.538608
2008,7,2,Weekday,1800,2-Car,No injury/unknown,FAILURE TO YIELD RIGHT OF WAY,KIRKWOOD AVE & ROGERS,39.166672,-86.538608
2008,9,4,Weekday,800,Moped/Motorcycle,Non-incapacitating,FAILURE TO YIELD RIGHT OF WAY,KIRKWOOD AVE & ROGERS,39.166672,-86.538608
2008,9,4,Weekday,1400,2-Car,No injury/unknown,FAILURE TO YIELD RIGHT OF WAY,KIRKWOOD & ROGERS ST,39.166672,-86.538608
2008,10,2,Weekday,1400,Pedestrian,No injury/unknown,FAILURE TO YIELD RIGHT OF WAY,KIRKWOOD AVE & ROGERS,39.166672,-86.538608
2008,11,2,Weekday,700,2-Car,No injury/unknown,FAILURE TO YIELD RIGHT OF WAY,N ROGERS ST & WEST KIRKWOOD AVE AVE,39.166672,-86.538608
2008,7,2,Weekday,1200,2-Car,No injury/unknown,FOLLOWING TOO CLOSELY,SR 45 46 BYPASS COLLEGE MALL & SR46E,39.16666963,-86.46195045
2008,9,2,Weekday,700,2-Car,No injury/unknown,OTHER (DRIVER) - EXPLAIN IN NARRATIVE,WALDRON & WEST KIRKWOOD AVE,39.16666,-86.54374545
2008,7,7,Weekend,1100,1-Car,No injury/unknown,UNSAFE BACKING,W 5TH ST,39.16665665,-86.53734955
2008,4,6,Weekend,1900,2-Car,No injury/unknown,FAILURE TO YIELD RIGHT OF WAY,KIRKWOOD AVE & MADISON,39.166656,-86.537296
2008,4,6,Weekday,1300,2-Car,Non-incapacitating,FAILURE TO YIELD RIGHT OF WAY,S MADISON & W KIRKWOOD AVE,39.166656,-86.537296
2008,5,4,Weekday,1600,2-Car,No injury/unknown,FAILURE TO YIELD RIGHT OF WAY,KIRKWOOD AVE & MADISON,39.166656,-86.537296
2008,5,4,Weekday,1600,2-Car,No injury/unknown,OTHER (DRIVER) - EXPLAIN IN NARRATIVE,KIRKWOOD AVE & MADISON,39.166656,-86.537296
2008,7,5,Weekday,1200,2-Car,No injury/unknown,FAILURE TO YIELD RIGHT OF WAY,MADISON & WEST KIRKWOOD AVE,39.166656,-86.537296
2008,7,6,Weekend,1900,2-Car,No injury/unknown,DISREGARD SIGNAL/REG SIGN,KIRKWOOD ST & MADISON,39.166656,-86.537296
2008,8,4,Weekday,1400,Bus,No injury/unknown,FAILURE TO YIELD RIGHT OF WAY,KIRKWOOD AVE & MADISON,39.166656,-86.537296
2008,9,7,Weekend,300,2-Car,No injury/unknown,FAILURE TO YIELD RIGHT OF WAY,KIRKWOOD & MADISON ST,39.166656,-86.537296
2008,3,2,Weekday,800,2-Car,No injury/unknown,UNSAFE BACKING,UNION & UNION ST,39.16664201,-86.509296
2008,4,6,Weekday,200,Pedestrian,Non-incapacitating,OTHER (DRIVER) - EXPLAIN IN NARRATIVE,DUNN & KIRKWOOD AVE,39.16664,-86.52836841
2008,7,5,Weekday,1600,2-Car,No injury/unknown,OTHER (DRIVER) - EXPLAIN IN NARRATIVE,DUNN & KIRKWOOD AVE,39.16664,-86.52783918
2008,12,1,Weekend,100,Pedestrian,Non-incapacitating,PEDESTRIAN ACTION,DUNN & KIRKWOOD AVE,39.16664,-86.52801559
2008,1,1,Weekend,1100,2-Car,No injury/unknown,IMPROPER TURNING,KIRKWOOD & NORTH WALNUT ST,39.16664,-86.5336
2008,1,3,Weekday,1100,2-Car,No injury/unknown,UNSAFE BACKING,100 W KIRKWOOD ST & COLLEGE,39.16664,-86.5348
2008,2,1,Weekend,100,2-Car,No injury/unknown,UNSAFE SPEED,DUNN ST & KIRKWOOD,39.16664,-86.528192
2008,2,6,Weekday,1300,2-Car,No injury/unknown,UNSAFE BACKING,E KIRKWOOD AVE & N DUNN,39.16664,-86.528192
2008,2,6,Weekday,1400,2-Car,No injury/unknown,OTHER (DRIVER) - EXPLAIN IN NARRATIVE,E KIRKWOOD AVE,39.16664,-86.53096555
2008,2,7,Weekend,1800,2-Car,No injury/unknown,UNSAFE BACKING,DUNN ST & KIRKWOOD,39.16664,-86.528192
2008,2,6,Weekday,1300,2-Car,No injury/unknown,FAILURE TO YIELD RIGHT OF WAY,E KIRKWOOD AVE & S LINCOLN,39.16664,-86.530992
2008,2,4,Weekday,400,2-Car,No injury/unknown,OTHER (DRIVER) - EXPLAIN IN NARRATIVE,ALLEY IN 500 BLOCK W KIRKWOOD ALY & WEST KIRKWOOD,39.16664,-86.5336
2008,2,4,Weekday,400,2-Car,No injury/unknown,OTHER (DRIVER) - EXPLAIN IN NARRATIVE,ALLEY IN 500 BLOCK W KIRKWOOD ALY & WEST KIRKWOOD,39.16664,-86.5336
2008,2,5,Weekday,1600,2-Car,No injury/unknown,UNSAFE BACKING,N DUNN ST,39.16664,-86.528192
2008,3,5,Weekday,1500,Bus,No injury/unknown,IMPROPER LANE USAGE,KIRKWOOD & LINCOLN ST,39.16664,-86.530992
2008,3,4,Weekday,1800,2-Car,No injury/unknown,FAILURE TO YIELD RIGHT OF WAY,COLLEGE AVE & KIRKWOOD,39.16664,-86.5348
2008,3,5,Weekday,1400,2-Car,No injury/unknown,UNSAFE BACKING,E KIRKWOOD AVE & INDIANA,39.16664,-86.526896
2008,4,6,Weekend,2100,Pedestrian,Non-incapacitating,DRIVER DISTRACTED - EXPLAIN IN NARRATIVE,INDIANA & KIRKWOOD AVE,39.16664,-86.526896
2008,4,3,Weekday,1500,2-Car,No injury/unknown,FAILURE TO YIELD RIGHT OF WAY,INDIANA AVE & KIRKWOOD,39.16664,-86.526896
2008,4,5,Weekday,1200,2-Car,No injury/unknown,FAILURE TO YIELD RIGHT OF WAY,N COLLEGE AVE & W KIRKWOOD,39.16664,-86.5348
2008,4,4,Weekday,1700,Moped/Motorcycle,Non-incapacitating,OTHER (DRIVER) - EXPLAIN IN NARRATIVE,INDIANA & KIRKWOOD AVE,39.16664,-86.526896
2008,5,4,Weekday,2300,Pedestrian,Non-incapacitating,PEDESTRIAN ACTION,46 & SR46W,39.16664,-86.462496
2008,5,7,Weekend,1300,Cyclist,Non-incapacitating,VIEW OBSTRUCTED,E KIRKWOOD AVE & WASHINGTON,39.16664,-86.5324
2008,5,5,Weekday,1000,2-Car,No injury/unknown,UNSAFE SPEED,KINGS & SR46E,39.16664,-86.454992
2008,6,4,Weekday,1800,2-Car,No injury/unknown,ROADWAY SURFACE CONDITION,DUNN & KIRKWOOD ST,39.16664,-86.528192
2008,6,1,Weekday,2000,2-Car,No injury/unknown,FAILURE TO YIELD RIGHT OF WAY,COLLEGE AVE & KIRKWOOD,39.16664,-86.5348
2008,6,3,Weekday,1900,2-Car,No injury/unknown,FOLLOWING TOO CLOSELY,KIRKWOOD & WALNUT ST,39.16664,-86.5336
2008,6,3,Weekday,400,2-Car,No injury/unknown,WRONG WAY ON ONE WAY,110 S INDIANA AVE & E KIRKWOOD,39.16664,-86.526896
2008,6,7,Weekend,1100,2-Car,No injury/unknown,UNSAFE BACKING,E KIRKWOOD AVE,39.16664,-86.53096555
2008,6,2,Weekday,1200,2-Car,No injury/unknown,IMPROPER TURNING,100 NORTH INDIANA AVE & KIRKWOOD,39.16664,-86.526896
2008,6,7,Weekend,1300,2-Car,No injury/unknown,FAILURE TO YIELD RIGHT OF WAY,COLLEGE AVE & KIRKWOOD,39.16664,-86.5348
2008,7,5,Weekday,1800,2-Car,No injury/unknown,FAILURE TO YIELD RIGHT OF WAY,KIRKWOOD & S WALNUT ST,39.16664,-86.5336
2008,7,7,Weekend,1300,2-Car,Non-incapacitating,IMPROPER LANE USAGE,KIRKWOOD & WALNUT ST,39.16664,-86.5336
2008,7,5,Weekday,1900,2-Car,No injury/unknown,IMPROPER TURNING,N WALNUT ST & W KIRKWOOD,39.16664,-86.5336
2008,7,6,Weekday,1100,3+ Cars,No injury/unknown,FAILURE TO YIELD RIGHT OF WAY,COLLEGE AVE & KIRKWOOD,39.16664,-86.5348
2008,7,7,Weekend,2200,2-Car,No injury/unknown,IMPROPER LANE USAGE,COLLEGE AVE & KIRKWOOD,39.16664,-86.5348
2008,7,3,Weekday,1700,2-Car,No injury/unknown,DISREGARD SIGNAL/REG SIGN,KIRKWOOD AVE & WALNUT,39.16664,-86.5336
2008,7,3,Weekday,1300,2-Car,Non-incapacitating,OTHER (DRIVER) - EXPLAIN IN NARRATIVE,COLLEGE AVE & KIRKWOOD,39.16664,-86.5348
2008,7,4,Weekday,1300,2-Car,No injury/unknown,IMPROPER TURNING,KIRKWOOD & WALNUT ST,39.16664,-86.5336
2008,8,7,Weekend,2300,2-Car,No injury/unknown,DISREGARD SIGNAL/REG SIGN,KIRKWOOD AVE & WALNUT,39.16664,-86.5336
2008,8,7,Weekend,1400,2-Car,No injury/unknown,UNSAFE BACKING,INDIANA AVE,39.16664,-86.526896
2008,9,4,Weekday,900,2-Car,No injury/unknown,WRONG WAY ON ONE WAY,100 S DUNN ST ST & KIRKWOOD AVE,39.16664,-86.528192
2008,9,7,Weekend,900,2-Car,No injury/unknown,FOLLOWING TOO CLOSELY,E KIRKWOOD & N WALNUT ST,39.16664,-86.5336
2008,10,4,Weekday,1300,2-Car,No injury/unknown,OTHER (DRIVER) - EXPLAIN IN NARRATIVE,N INDIANA AVE,39.16664,-86.526896
2008,10,7,Weekend,1900,2-Car,No injury/unknown,FOLLOWING TOO CLOSELY,DUNN & KIRKWOOD AVE,39.16664,-86.528192
2008,11,4,Weekday,200,1-Car,No injury/unknown,ALCOHOLIC BEVERAGES,KIRKWOOD AVE & WALNUT,39.16664,-86.5336
2008,11,6,Weekday,1400,2-Car,No injury/unknown,FAILURE TO YIELD RIGHT OF WAY,DUNN ST & KIRKWOOD,39.16664,-86.528192
2008,11,7,Weekend,1200,2-Car,No injury/unknown,UNSAFE BACKING,N INDIANA AVE,39.16664,-86.526896
2008,11,1,Weekend,1400,2-Car,No injury/unknown,DRIVER DISTRACTED - EXPLAIN IN NARRATIVE,KIRKWOOD & WALNUT ST,39.16664,-86.5336
2008,11,3,Weekday,1100,2-Car,No injury/unknown,IMPROPER LANE USAGE,E KIRKWOOD ALY,39.16664,-86.52938906
2008,11,6,Weekend,2300,2-Car,No injury/unknown,FAILURE TO YIELD RIGHT OF WAY,KIRKWOOD & WALNUT ST,39.16664,-86.5336
2008,11,6,Weekday,1400,1-Car,No injury/unknown,OTHER (DRIVER) - EXPLAIN IN NARRATIVE,KERR CREEK & SR46E,39.16664,-86.462496
2008,12,3,Weekday,1400,2-Car,No injury/unknown,SPEED TOO FAST FOR WEATHER CONDITIONS,SR46W,39.16664,-86.462496
2008,12,3,Weekday,1100,2-Car,No injury/unknown,FAILURE TO YIELD RIGHT OF WAY,COLLEGE AVE & KIRKWOOD,39.16664,-86.5348
2008,12,4,Weekday,800,2-Car,No injury/unknown,ROADWAY SURFACE CONDITION,E KIRKWOOD AVE,39.16664,-86.52816555
2008,7,4,Weekday,800,2-Car,No injury/unknown,UNSAFE BACKING,W KIRKWOOD AVE,39.166614,-86.538726
2008,7,3,Weekday,100,2-Car,No injury/unknown,UNSAFE BACKING,GENTRY & KIRKWOOD AVE,39.1666,-86.53561
2008,8,2,Weekday,0,Moped/Motorcycle,Non-incapacitating,RAN OFF ROAD RIGHT,N MORTON & W KIRKWOOD AVE,39.16659,-86.53605
2008,11,6,Weekday,1700,2-Car,No injury/unknown,FOLLOWING TOO CLOSELY,KIRKWOOD AVE & MORTON,39.16659,-86.53605
2008,11,7,Weekend,0,3+ Cars,Non-incapacitating,ALCOHOLIC BEVERAGES,5TH & MORTON ST,39.16659,-86.53605
2008,6,5,Weekday,1700,2-Car,No injury/unknown,UNSAFE BACKING,S KINGSTON DR,39.16658457,-86.49281455
2008,12,1,Weekend,300,2-Car,No injury/unknown,ROADWAY SURFACE CONDITION,S KINGSTON DR,39.16658457,-86.49281455
2008,12,3,Weekday,2200,2-Car,No injury/unknown,,EAST KIRKWOOD AVE,39.16658,-86.533342
2008,12,4,Weekday,1000,1-Car,No injury/unknown,UNSAFE BACKING,S INDIANA AVE,39.16657927,-86.52689306
2008,3,2,Weekday,2100,2-Car,No injury/unknown,FAILURE TO YIELD RIGHT OF WAY,JORDAN AVE & LINGELBACH,39.16657217,-86.51253
2008,8,6,Weekday,1300,2-Car,No injury/unknown,OTHER (DRIVER) - EXPLAIN IN NARRATIVE,100 W KIRKWOOD AVE & N WALNUT,39.16656208,-86.53359772
2008,5,7,Weekend,1000,Moped/Motorcycle,Non-incapacitating,OTHER (DRIVER) - EXPLAIN IN NARRATIVE,300 E KIRKWOOD AVE & GRANT,39.16656,-86.531079
2008,6,2,Weekday,2000,2-Car,No injury/unknown,UNSAFE BACKING,S KINGSTON AVE,39.16655822,-86.492816
2008,6,2,Weekday,0,1-Car,No injury/unknown,ANIMAL/OBJECT IN ROADWAY,46 & SR46,39.16654359,-86.46425575
2008,6,4,Weekday,1300,2-Car,No injury/unknown,UNSAFE BACKING,GRANT ST,39.16649829,-86.52969829
2008,5,6,Weekend,1900,2-Car,No injury/unknown,UNSAFE BACKING,S FRANKLIN RD,39.166496,-86.571216
2008,7,7,Weekend,1700,Bus,No injury/unknown,IMPROPER TURNING,S FRANKLIN RD,39.166496,-86.571216
2008,11,2,Weekday,2100,2-Car,No injury/unknown,UNSAFE BACKING,FRANKLIN ST,39.166496,-86.571216
2008,2,4,Weekday,1400,2-Car,No injury/unknown,NONE (DRIVER),NORTH CURRY PIKE,39.166494,-86.582969
2008,8,6,Weekend,2100,Moped/Motorcycle,Non-incapacitating,FAILURE TO YIELD RIGHT OF WAY,E MORNINGSIDE DR & SMITH,39.166432,-86.4812
2008,12,5,Weekday,400,1-Car,No injury/unknown,DRIVER DISTRACTED - EXPLAIN IN NARRATIVE,S WOODLAWN AVE,39.166368,-86.523326
2008,8,1,Weekend,1200,2-Car,No injury/unknown,FAILURE TO YIELD RIGHT OF WAY,INDIANA AVE & KIRKWOOD,39.16636554,-86.52688272
2008,12,7,Weekend,1200,2-Car,No injury/unknown,LEFT OF CENTER,GATES & RUNKLE WAY,39.16636,-86.57601
2008,1,5,Weekday,900,1-Car,Non-incapacitating,OTHER (DRIVER) - EXPLAIN IN NARRATIVE,SOUTH KINGSTON DR,39.166344,-86.492798
2008,3,1,Weekday,2100,2-Car,No injury/unknown,FAILURE TO YIELD RIGHT OF WAY,E 10 TH & N JORDAN AVE,39.16630184,-86.51566
2008,4,6,Weekday,300,1-Car,Non-incapacitating,,SMITH RD,39.16627701,-86.4812
2008,6,7,Weekend,1200,2-Car,Non-incapacitating,UNSAFE SPEED,MORNINGSIDE & SMITH RD,39.16625,-86.48129
2008,12,2,Weekday,1500,3+ Cars,Non-incapacitating,FAILURE TO YIELD RIGHT OF WAY,LIBERTY DR & SR45,39.16614772,-86.57776354
2008,5,1,Weekend,1100,2-Car,No injury/unknown,OTHER (DRIVER) - EXPLAIN IN NARRATIVE,WESTPLEX AVE,39.166123,-86.55496
2008,3,2,Weekday,1700,2-Car,No injury/unknown,FOLLOWING TOO CLOSELY,3RD & SR37N,39.16612236,-86.57302593
2008,8,2,Weekday,1500,Moped/Motorcycle,Non-incapacitating,OTHER (ENVIRONMENTAL) - EXPLAIN IN NARR,SR37N & SR48W,39.16612236,-86.57302593
2008,7,3,Weekday,400,2-Car,No injury/unknown,ALCOHOLIC BEVERAGES,5TH & OVERHILL DR,39.166048,-86.501888
2008,5,6,Weekday,1200,3+ Cars,No injury/unknown,FOLLOWING TOO CLOSELY,EASTGATE & SR46N,39.1660158,-86.49928371
2008,12,4,Weekday,700,2-Car,No injury/unknown,OTHER (ENVIRONMENTAL) - EXPLAIN IN NARR,3900  BLOCK E SARATOGA DR DR & MORNINGSIDE,39.16598361,-86.4799111
2008,4,7,Weekend,0,Pedestrian,No injury/unknown,PEDESTRIAN ACTION,4TH & DUNN ST,39.16592246,-86.52815728
2008,10,7,Weekend,1300,3+ Cars,Non-incapacitating,OTHER (DRIVER) - EXPLAIN IN NARRATIVE,E 3RD & SR46E,39.1657316,-86.46876888
2008,1,2,Weekday,1400,2-Car,Non-incapacitating,FAILURE TO YIELD RIGHT OF WAY,4TH & ROGERS ST,39.165696,-86.538592
2008,7,2,Weekday,1100,2-Car,Non-incapacitating,FAILURE TO YIELD RIGHT OF WAY,S ROGERS ST & W 4TH,39.165696,-86.538592
2008,9,6,Weekday,1200,2-Car,No injury/unknown,FAILURE TO YIELD RIGHT OF WAY,4TH ST & ROGERS,39.165696,-86.538592
2008,11,6,Weekday,1100,2-Car,No injury/unknown,IMPROPER PASSING,200 S ROGERS ST ST & 4TH STREET,39.165696,-86.538592
2008,11,7,Weekend,0,2-Car,No injury/unknown,,4TH ST & ROGERS,39.165696,-86.538592