Year,Month,Day,Weekend?,Hour,Collision Type,Injury Type,Primary Factor,Reported_Location,Latitude,Longitude
2008,4,5,Weekday,900,2-Car,No injury/unknown,IMPROPER TURNING,4TH ST & COLLEGE AVE AVE,39.165664,-86.5348
2008,7,5,Weekday,800,2-Car,No injury/unknown,ALCOHOLIC BEVERAGES,100 S COLLEGE AVE AVE & 4TH ST,39.165664,-86.5348
2008,8,4,Weekday,1700,2-Car,No injury/unknown,IMPROPER LANE USAGE,4TH & COLLEGE AVE,39.165664,-86.5348
2008,11,6,Weekday,1600,2-Car,No injury/unknown,OTHER (VEHICLE) - EXPLAIN IN NARRATIVE,4TH & COLLEGE AVE,39.165664,-86.5348
2008,9,2,Weekday,1000,2-Car,No injury/unknown,FAILURE TO YIELD RIGHT OF WAY,4TH ST & COLLEGE,39.16566165,-86.53462362
2008,1,4,Weekday,1500,2-Car,No injury/unknown,IMPROPER TURNING,4TH & WASHINGTON ST,39.165648,-86.5324
2008,1,4,Weekday,1600,2-Car,No injury/unknown,FAILURE TO YIELD RIGHT OF WAY,FOURTH ST & WALNUT,39.165648,-86.5336
2008,1,6,Weekday,1700,2-Car,No injury/unknown,OTHER (DRIVER) - EXPLAIN IN NARRATIVE,4TH ST,39.165648,-86.53231478
2008,1,4,Weekday,1200,Bus,No injury/unknown,OTHER (DRIVER) - EXPLAIN IN NARRATIVE,4TH ST & WALNUT,39.165648,-86.5336
2008,2,3,Weekday,1500,Pedestrian,No injury/unknown,,4TH & DUNN ST,39.165648,-86.528144
2008,1,4,Weekday,1100,Pedestrian,Non-incapacitating,FAILURE TO YIELD RIGHT OF WAY,4TH ST & WASHINGTON,39.165648,-86.5324
2008,2,7,Weekend,100,3+ Cars,No injury/unknown,ALCOHOLIC BEVERAGES,4TH & DUNN ST,39.165648,-86.528144
2008,2,4,Weekday,900,2-Car,No injury/unknown,OTHER (DRIVER) - EXPLAIN IN NARRATIVE,S WALNUT ST,39.165648,-86.5336
2008,3,3,Weekday,1900,2-Car,No injury/unknown,FAILURE TO YIELD RIGHT OF WAY,S WASHINGTON ST,39.165648,-86.5324
2008,3,4,Weekday,1800,2-Car,No injury/unknown,OTHER (DRIVER) - EXPLAIN IN NARRATIVE,4TH ST & INDIANA,39.165648,-86.526848
2008,3,2,Weekday,1300,2-Car,Incapacitating,FAILURE TO YIELD RIGHT OF WAY,4TH ST & S WALNUT,39.165648,-86.5336
2008,4,1,Weekend,100,2-Car,No injury/unknown,FOLLOWING TOO CLOSELY,4TH & WALNUT ST,39.165648,-86.5336
2008,4,3,Weekday,800,2-Car,No injury/unknown,DISREGARD SIGNAL/REG SIGN,4TH & WALNUT ST,39.165648,-86.5336
2008,4,3,Weekday,1300,3+ Cars,Non-incapacitating,DISREGARD SIGNAL/REG SIGN,4TH ST & WALNUT,39.165648,-86.5336
2008,5,1,Weekend,1200,2-Car,No injury/unknown,DISREGARD SIGNAL/REG SIGN,S WALNUT ST & W 4TH,39.165648,-86.5336
2008,5,5,Weekday,0,2-Car,No injury/unknown,UNSAFE BACKING,E 4TH ST,39.165648,-86.53330612
2008,7,7,Weekend,1300,1-Car,No injury/unknown,BRAKE FAILURE OR DEFECTIVE,E 4TH ST,39.165648,-86.529392
2008,8,5,Weekday,1400,2-Car,No injury/unknown,OTHER (DRIVER) - EXPLAIN IN NARRATIVE,4TH ST,39.165648,-86.5336
2008,8,4,Weekday,1300,2-Car,No injury/unknown,OTHER (DRIVER) - EXPLAIN IN NARRATIVE,E 4TH ST & GRANT,39.165648,-86.529712
2008,8,4,Weekday,800,2-Car,No injury/unknown,DISREGARD SIGNAL/REG SIGN,EAST 4TH & SOUTH DUNN ST,39.165648,-86.528144
2008,10,6,Weekday,1200,2-Car,No injury/unknown,UNSAFE BACKING,S WALNUT ST ST,39.165648,-86.5336
2008,10,7,Weekend,1700,2-Car,No injury/unknown,IMPROPER TURNING,DUNN & FOURTH ST,39.165648,-86.528144
2008,10,2,Weekday,1700,2-Car,No injury/unknown,UNSAFE BACKING,E 4TH ST,39.165648,-86.528144
2008,10,5,Weekday,1200,2-Car,No injury/unknown,UNSAFE BACKING,S INDIANA AVE,39.165648,-86.526848
2008,11,4,Weekday,1500,Pedestrian,Non-incapacitating,DRIVER DISTRACTED - EXPLAIN IN NARRATIVE,4TH ST & WASHINGTON,39.165648,-86.5324
2008,12,6,Weekday,900,2-Car,No injury/unknown,UNSAFE BACKING,S WALNUT ST,39.165648,-86.5336
2008,12,7,Weekend,0,2-Car,No injury/unknown,OTHER (DRIVER) - EXPLAIN IN NARRATIVE,WALNUT ST,39.165648,-86.5336
2008,4,3,Weekday,1200,2-Car,No injury/unknown,IMPROPER LANE USAGE,4TH ST & ROGERS,39.16563,-86.5387
2008,7,5,Weekday,800,2-Car,No injury/unknown,ALCOHOLIC BEVERAGES,4TH & ROGERS ST,39.16563,-86.53873462
2008,1,6,Weekday,700,2-Car,No injury/unknown,UNSAFE BACKING,GATES & JACOB DR,39.16562,-86.57601299
2008,10,5,Weekday,0,2-Car,No injury/unknown,FAILURE TO YIELD RIGHT OF WAY,JACOB DR,39.16562,-86.575746
2008,11,7,Weekend,1000,2-Car,No injury/unknown,FAILURE TO YIELD RIGHT OF WAY,4TH AVE & MADISON,39.16561,-86.53743
2008,4,7,Weekend,1400,3+ Cars,Non-incapacitating,UNSAFE SPEED,4TH ST & S COLLEGE,39.16559,-86.53489
2008,5,4,Weekday,1700,2-Car,No injury/unknown,OTHER (DRIVER) - EXPLAIN IN NARRATIVE,4TH & WALNUT ST,39.16558,-86.53362
2008,8,2,Weekday,1900,1-Car,No injury/unknown,UNSAFE BACKING,E 4TH ST,39.16558,-86.531089
2008,8,6,Weekend,2200,2-Car,No injury/unknown,FOLLOWING TOO CLOSELY,FOURTH & WALNUT ST,39.16558,-86.53362
2008,9,6,Weekday,1500,2-Car,No injury/unknown,FOLLOWING TOO CLOSELY,3RD & SR37S,39.16557412,-86.57307004
2008,2,4,Weekday,1700,2-Car,No injury/unknown,FAILURE TO YIELD RIGHT OF WAY,4TH & DUNN ST,39.16556,-86.52823
2008,5,3,Weekday,1200,2-Car,No injury/unknown,OTHER (DRIVER) - EXPLAIN IN NARRATIVE,4TH ST & DUNN,39.16556,-86.52823
2008,9,3,Weekday,1300,2-Car,No injury/unknown,OTHER (DRIVER) - EXPLAIN IN NARRATIVE,4TH & INDIANA AVE,39.16555,-86.52691
2008,10,1,Weekend,1700,2-Car,No injury/unknown,VIEW OBSTRUCTED,4TH ST & INDIANA,39.16555,-86.52690135
2008,11,2,Weekday,1800,2-Car,No injury/unknown,,GRANT ST,39.16554514,-86.52971363
2008,1,5,Weekday,1700,2-Car,No injury/unknown,OTHER (DRIVER) - EXPLAIN IN NARRATIVE,JONES AVE & N JORDAN,39.1654,-86.51643596
2008,3,4,Weekday,2100,2-Car,No injury/unknown,OTHER (DRIVER) - EXPLAIN IN NARRATIVE,JONES AVE & JORDAN,39.1654,-86.51641
2008,3,6,Weekend,2100,3+ Cars,No injury/unknown,DRIVER DISTRACTED - EXPLAIN IN NARRATIVE,JONES & JORDAN AVE,39.1654,-86.51641
2008,4,3,Weekday,1900,2-Car,No injury/unknown,UNSAFE BACKING,JONES AVE & JORDAN,39.1654,-86.51641692
2008,9,1,Weekend,1700,2-Car,No injury/unknown,UNSAFE BACKING,JONES AVE & JORDAN,39.1654,-86.51641
2008,11,3,Weekday,800,2-Car,No injury/unknown,FAILURE TO YIELD RIGHT OF WAY,JONES & JORDAN AVE,39.1654,-86.51641
2008,11,3,Weekday,1600,2-Car,No injury/unknown,UNSAFE BACKING,JONES AVE & JORDAN,39.1654,-86.51641865
2008,9,2,Weekday,1200,2-Car,No injury/unknown,FAILURE TO YIELD RIGHT OF WAY,JONES AVE & UNIVERSITY WEST,39.16539921,-86.51587084
2008,1,3,Weekday,1800,2-Car,No injury/unknown,IMPROPER LANE USAGE,4TH & DUNN ST,39.16537348,-86.52813302
2008,2,4,Weekday,2200,2-Car,No injury/unknown,FOLLOWING TOO CLOSELY,4TH & WALNUT ST,39.16537334,-86.5336
2008,1,3,Weekday,1600,2-Car,No injury/unknown,FAILURE TO YIELD RIGHT OF WAY,JONES AVE & ROSE,39.16529,-86.51089567
2008,3,5,Weekday,700,2-Car,No injury/unknown,UNSAFE BACKING,JONES AVE & ROSE,39.16529,-86.51087405
2008,12,7,Weekend,1100,2-Car,No injury/unknown,ROADWAY SURFACE CONDITION,NORTH DUNN ST & STATE ROAD 45 46,39.16515939,-86.52842
2008,12,7,Weekend,1200,2-Car,No injury/unknown,OTHER (DRIVER) - EXPLAIN IN NARRATIVE,NORTH DUNN ST & STATE ROAD 45 46,39.16515939,-86.52842
2008,1,5,Weekday,1700,2-Car,Non-incapacitating,VIEW OBSTRUCTED,KIRBY & SR48W,39.16504,-86.610704
2008,4,3,Weekday,1400,2-Car,No injury/unknown,FAILURE TO YIELD RIGHT OF WAY,KIRBY RD & SR48W,39.16504,-86.610704
2008,8,2,Weekday,300,1-Car,Non-incapacitating,DISREGARD SIGNAL/REG SIGN,KIRBY RD & SR48W,39.16504,-86.610704
2008,8,5,Weekday,1500,2-Car,No injury/unknown,FAILURE TO YIELD RIGHT OF WAY,KIRBY & SR48E,39.16504,-86.610704
2008,12,3,Weekday,1500,1-Car,No injury/unknown,ROADWAY SURFACE CONDITION,OARD & SR48W,39.16503732,-86.61897873
2008,1,3,Weekday,1200,1-Car,No injury/unknown,UNSAFE SPEED,SR46E,39.16499973,-86.4523412
2008,10,6,Weekday,1200,1-Car,No injury/unknown,OTHER (DRIVER) - EXPLAIN IN NARRATIVE,SO ADAMS ST,39.164968,-86.550648
2008,9,7,Weekend,1000,2-Car,No injury/unknown,FAILURE TO YIELD RIGHT OF WAY,HARTSTRAIGHT & SR48W,39.164944,-86.611296
2008,7,6,Weekday,1500,2-Car,No injury/unknown,FAILURE TO YIELD RIGHT OF WAY,HARTSTRAIT & SR48W,39.16493308,-86.6110129
2008,4,4,Weekday,1400,2-Car,No injury/unknown,UNSAFE BACKING,KIRBY RD & SR48W,39.16488355,-86.60365065
2008,9,6,Weekday,300,Pedestrian,Fatal,LEFT OF CENTER,BEAUMONT & JOHNSON AVE,39.16487033,-86.56497006
2008,5,4,Weekday,600,Moped/Motorcycle,Incapacitating,OTHER (DRIVER) - EXPLAIN IN NARRATIVE,DANIELS & SR48W,39.16485453,-86.59907373
2008,6,1,Weekday,2100,2-Car,No injury/unknown,OTHER (DRIVER) - EXPLAIN IN NARRATIVE,DANIELS & SR48W,39.16485453,-86.59907373
2008,6,3,Weekday,1300,2-Car,No injury/unknown,UNSAFE BACKING,DANIELS WAY & SR48W,39.16485453,-86.59907373
2008,11,4,Weekday,700,3+ Cars,Non-incapacitating,ROADWAY SURFACE CONDITION,DANIELS & SR48W,39.16485453,-86.59907373
2008,12,4,Weekday,2200,2-Car,No injury/unknown,FOLLOWING TOO CLOSELY,DANIELS & SR48W,39.16485453,-86.59907373
2008,4,1,Weekday,2100,1-Car,Fatal,RAN OFF ROAD RIGHT,SR46E & TRAILWAY,39.16485112,-86.42930676
2008,4,3,Weekday,800,2-Car,No injury/unknown,FAILURE TO YIELD RIGHT OF WAY,CURRY & SR48W,39.164848,-86.582896
2008,4,3,Weekday,1100,2-Car,Non-incapacitating,FOLLOWING TOO CLOSELY,CURRY & SR48W,39.164848,-86.582896
2008,5,5,Weekday,2200,1-Car,No injury/unknown,OTHER (DRIVER) - EXPLAIN IN NARRATIVE,W 3RD ST,39.164848,-86.57487674
2008,6,4,Weekday,1600,2-Car,No injury/unknown,FAILURE TO YIELD RIGHT OF WAY,W 3RD ST,39.164848,-86.57962482
2008,6,2,Weekday,1600,2-Car,No injury/unknown,UNSAFE BACKING,W 3RD ST,39.164848,-86.57962482
2008,8,5,Weekday,1900,2-Car,No injury/unknown,FOLLOWING TOO CLOSELY,CHERYL & SR48W,39.164848,-86.597104
2008,8,3,Weekday,1500,2-Car,No injury/unknown,UNSAFE BACKING,KNAPP & SR48W,39.164848,-86.601792
2008,10,4,Weekday,1700,2-Car,No injury/unknown,UNSAFE BACKING,W 3RD ST,39.164848,-86.57962482
2008,11,4,Weekday,1600,2-Car,No injury/unknown,FAILURE TO YIELD RIGHT OF WAY,W 3RD ST,39.164848,-86.57542307
2008,11,7,Weekend,1100,2-Car,No injury/unknown,IMPROPER LANE USAGE,W 3RD ST,39.164848,-86.57598145
2008,3,2,Weekday,1900,2-Car,No injury/unknown,UNSAFE BACKING,W 3RD ST,39.164844,-86.579422
2008,11,6,Weekday,1500,2-Car,No injury/unknown,OTHER (DRIVER) - EXPLAIN IN NARRATIVE,3RD ST,39.164844,-86.579422
2008,6,4,Weekday,1700,2-Car,No injury/unknown,UNSAFE BACKING,3RD ST,39.16484267,-86.57939467
2008,9,7,Weekend,1400,2-Car,No injury/unknown,UNSAFE BACKING,W 3RD ST,39.16484267,-86.57939467
2008,4,7,Weekend,1300,3+ Cars,Non-incapacitating,OTHER (DRIVER) - EXPLAIN IN NARRATIVE,3RD & SR46E,39.16483309,-86.47095228
2008,5,5,Weekday,1400,2-Car,No injury/unknown,OTHER (DRIVER) - EXPLAIN IN NARRATIVE,HICKORY & SR48W,39.164832,-86.585856
2008,8,3,Weekday,1300,2-Car,No injury/unknown,FOLLOWING TOO CLOSELY,HICKORY & SR48E,39.164832,-86.585856
2008,9,2,Weekday,1500,2-Car,No injury/unknown,FAILURE TO YIELD RIGHT OF WAY,3RD ST,39.16482122,-86.5789551
2008,12,3,Weekday,2000,1-Car,No injury/unknown,ROADWAY SURFACE CONDITION,W 3RD ST,39.16482122,-86.5789551
2008,5,6,Weekday,1500,Moped/Motorcycle,Non-incapacitating,FOLLOWING TOO CLOSELY,SR37S & SR48,39.1648,-86.573792
2008,10,4,Weekday,1800,2-Car,No injury/unknown,IMPROPER TURNING,SR37 & W 3RD,39.1648,-86.573792
2008,4,3,Weekday,1400,2-Car,No injury/unknown,FOLLOWING TOO CLOSELY,SR37 & SR48,39.16477161,-86.57338513
2008,11,7,Weekend,1100,2-Car,Non-incapacitating,FOLLOWING TOO CLOSELY,DANIELS WAY & SR48W,39.16476701,-86.59556598
2008,4,7,Weekend,1600,2-Car,No injury/unknown,BRAKE FAILURE OR DEFECTIVE,SR48W & STONE CHASE,39.16476574,-86.59520785
2008,6,5,Weekday,1300,3+ Cars,No injury/unknown,FAILURE TO YIELD RIGHT OF WAY,PARK SQUARE & SR48W,39.16476574,-86.59262603
2008,8,4,Weekday,1600,2-Car,No injury/unknown,FOLLOWING TOO CLOSELY,PARK SQUARE & SR48W,39.16476574,-86.59258274
2008,8,6,Weekday,1600,2-Car,No injury/unknown,ROAD UNDER CONSTRUCTION,SR48W & STONE CHASE CROSS,39.16476574,-86.59520785
2008,11,4,Weekday,1200,2-Car,No injury/unknown,FAILURE TO YIELD RIGHT OF WAY,PARK SQUARE & SR48W,39.16476574,-86.59262603
2008,12,7,Weekend,1500,2-Car,No injury/unknown,FOLLOWING TOO CLOSELY,PARK SQUARE & SR48E,39.16476574,-86.59262603
2008,1,5,Weekday,2200,2-Car,No injury/unknown,ROADWAY SURFACE CONDITION,SR37 & THIRD ST,39.164752,-86.573104
2008,2,2,Weekday,1300,2-Car,No injury/unknown,OTHER (DRIVER) - EXPLAIN IN NARRATIVE,SR37 & WEST 3RD ST,39.164752,-86.573104
2008,3,2,Weekday,1700,2-Car,No injury/unknown,FAILURE TO YIELD RIGHT OF WAY,3RD & 45 BYP,39.164752,-86.573104
2008,4,7,Weekend,2200,2-Car,No injury/unknown,FAILURE TO YIELD RIGHT OF WAY,3RD & SR37S,39.164752,-86.573104
2008,4,3,Weekday,1300,2-Car,Non-incapacitating,FOLLOWING TOO CLOSELY,SR37S & W 3RD ST,39.164752,-86.573104
2008,4,6,Weekday,1400,2-Car,No injury/unknown,FOLLOWING TOO CLOSELY,3RD ST & SR37,39.164752,-86.573104
2008,6,3,Weekday,1700,2-Car,No injury/unknown,FOLLOWING TOO CLOSELY,3RD ST & SR37N,39.164752,-86.573104
2008,7,6,Weekday,1200,3+ Cars,Incapacitating,FOLLOWING TOO CLOSELY,SR37N & W 3RD ST,39.164752,-86.573104
2008,7,5,Weekday,1100,2-Car,Non-incapacitating,FOLLOWING TOO CLOSELY,SR37N & W 3RD,39.164752,-86.573104
2008,7,5,Weekday,1700,2-Car,No injury/unknown,UNSAFE BACKING,SR37N & W  3RD,39.164752,-86.573104
2008,9,5,Weekday,1400,2-Car,No injury/unknown,OTHER (DRIVER) - EXPLAIN IN NARRATIVE,3RD ST & SR37N,39.164752,-86.573104
2008,9,7,Weekend,1100,2-Car,Non-incapacitating,FOLLOWING TOO CLOSELY,SR37 & W 3RD ST ST,39.164752,-86.573104
2008,9,7,Weekend,1400,2-Car,No injury/unknown,FOLLOWING TOO CLOSELY,3RD ST & SR37N,39.164752,-86.573104
2008,10,5,Weekday,900,2-Car,No injury/unknown,FOLLOWING TOO CLOSELY,SR37S & W 3RD,39.164752,-86.573104
2008,11,6,Weekend,1900,2-Car,No injury/unknown,FOLLOWING TOO CLOSELY,SR37N & SR48E,39.164752,-86.573104
2008,11,3,Weekday,1100,2-Car,Non-incapacitating,FOLLOWING TOO CLOSELY,SR37 & W 3RD ST,39.164752,-86.573104
2008,11,4,Weekday,900,2-Car,No injury/unknown,FAILURE TO YIELD RIGHT OF WAY,SR37 & WEST 3 ST ST,39.164752,-86.573104
2008,11,5,Weekday,1800,2-Car,No injury/unknown,OTHER (DRIVER) - EXPLAIN IN NARRATIVE,3RD & SR37S,39.164752,-86.573104
2008,3,6,Weekday,1800,2-Car,No injury/unknown,OTHER (DRIVER) - EXPLAIN IN NARRATIVE,S ROGERS & W 3RD ST,39.16472,-86.538592
2008,6,4,Weekday,1400,2-Car,No injury/unknown,FOLLOWING TOO CLOSELY,3RD ST & ROGERS,39.16472,-86.538592
2008,9,7,Weekend,1900,2-Car,No injury/unknown,OTHER (DRIVER) - EXPLAIN IN NARRATIVE,3RD ST,39.16470933,-86.57183467
2008,1,1,Weekday,2300,1-Car,No injury/unknown,RAN OFF ROAD RIGHT,3RD & MADISON ST,39.164704,-86.537296
2008,2,5,Weekday,1200,Bus,Non-incapacitating,OTHER (DRIVER) - EXPLAIN IN NARRATIVE,3RD ST ST & MADISON ST,39.164704,-86.537296
2008,4,4,Weekday,900,3+ Cars,Non-incapacitating,FOLLOWING TOO CLOSELY,3RD ST & FRANKLIN,39.16469393,-86.57137624
2008,1,2,Weekday,1500,2-Car,No injury/unknown,DRIVER DISTRACTED - EXPLAIN IN NARRATIVE,3RD ST & HICKORY,39.16469,-86.58588866
2008,12,3,Weekday,1300,2-Car,No injury/unknown,OTHER (ENVIRONMENTAL) - EXPLAIN IN NARR,3RD ST & HICKORY,39.16469,-86.58588
2008,3,3,Weekday,1800,2-Car,No injury/unknown,OTHER (DRIVER) - EXPLAIN IN NARRATIVE,FRANKLIN & WEST 3RD ST,39.164688,-86.5712
2008,3,2,Weekday,1800,2-Car,No injury/unknown,FAILURE TO YIELD RIGHT OF WAY,FRANKLIN & THIRD ST,39.164688,-86.5712
2008,4,6,Weekday,1300,2-Car,Non-incapacitating,OTHER (DRIVER) - EXPLAIN IN NARRATIVE,FRANKLIN & WEST 3RD ST,39.164688,-86.5712
2008,4,4,Weekday,900,2-Car,No injury/unknown,DISREGARD SIGNAL/REG SIGN,FRANKLIN ROAD & W 3RD STREET ST,39.164688,-86.5712
2008,4,6,Weekend,2000,2-Car,No injury/unknown,FOLLOWING TOO CLOSELY,FRANKLIN & W 3RD ST,39.164688,-86.5712
2008,5,5,Weekday,1700,2-Car,No injury/unknown,FOLLOWING TOO CLOSELY,3RD ST & FRANKLIN,39.164688,-86.5712
2008,7,4,Weekday,1300,2-Car,No injury/unknown,PASSENGER DISTRACTION,FRANKLIN & THIRD ST,39.164688,-86.5712
2008,10,4,Weekday,1200,2-Car,No injury/unknown,FAILURE TO YIELD RIGHT OF WAY,3RD & FRANKLIN ROAD RD,39.164688,-86.5712
2008,11,2,Weekday,1700,2-Car,Non-incapacitating,FAILURE TO YIELD RIGHT OF WAY,3RD ST & FRANKLIN,39.164688,-86.5712
2008,12,7,Weekend,1800,Cyclist,No injury/unknown,OTHER (DRIVER) - EXPLAIN IN NARRATIVE,3RD ST & FRANKLIN,39.164688,-86.5712
2008,7,5,Weekday,1800,2-Car,No injury/unknown,OTHER (DRIVER) - EXPLAIN IN NARRATIVE,3811 W THIRD ST & CURRY,39.16468378,-86.58292553
2008,9,6,Weekend,1900,2-Car,No injury/unknown,OTHER (DRIVER) - EXPLAIN IN NARRATIVE,W 3RD ST,39.16467533,-86.570478
2008,8,7,Weekend,2100,2-Car,Non-incapacitating,FOLLOWING TOO CLOSELY,3RD STREET & WYNNDALE ST,39.164672,-86.570288
2008,12,6,Weekend,2000,2-Car,No injury/unknown,FAILURE TO YIELD RIGHT OF WAY,3RD ST,39.16467067,-86.57025067
2008,4,6,Weekday,1800,2-Car,No injury/unknown,BRAKE FAILURE OR DEFECTIVE,3RD ST,39.16466933,-86.57021333
2008,10,7,Weekend,1300,2-Car,No injury/unknown,OTHER (DRIVER) - EXPLAIN IN NARRATIVE,3RD ST,39.164666,-86.583265
2008,4,3,Weekday,1700,2-Car,No injury/unknown,UNSAFE BACKING,W 3RD ST,39.164665,-86.583227
2008,11,4,Weekday,1400,1-Car,No injury/unknown,OTHER (DRIVER) - EXPLAIN IN NARRATIVE,WEST THIRD ST,39.164664,-86.583188
2008,1,6,Weekday,1500,2-Car,No injury/unknown,UNSAFE BACKING,CURRY PIKE & THIRD,39.16466,-86.58292
2008,1,6,Weekday,1800,2-Car,Non-incapacitating,DRIVER DISTRACTED - EXPLAIN IN NARRATIVE,CURRY & THIRD ST,39.16466,-86.58291567
2008,4,7,Weekend,1600,2-Car,Non-incapacitating,OTHER (DRIVER) - EXPLAIN IN NARRATIVE,3RD ST & CURRY,39.16466,-86.58292
2008,5,5,Weekday,900,2-Car,No injury/unknown,UNSAFE BACKING,SOUTH CURRY & WEST 3RD ST,39.16466,-86.58292
2008,5,2,Weekday,1900,2-Car,No injury/unknown,ALCOHOLIC BEVERAGES,3RD & CURRY PIKE,39.16466,-86.58292
2008,7,1,Weekend,1500,Pedestrian,Non-incapacitating,OTHER (DRIVER) - EXPLAIN IN NARRATIVE,W THIRD ST,39.16466,-86.582013
2008,7,7,Weekend,2300,2-Car,No injury/unknown,FAILURE TO YIELD RIGHT OF WAY,3RD ST & CURRY,39.16466,-86.58292
2008,8,5,Weekday,1600,2-Car,No injury/unknown,LEFT OF CENTER,3RD ST & CURRY,39.16466,-86.58292866
2008,8,4,Weekday,1500,2-Car,No injury/unknown,FAILURE TO YIELD RIGHT OF WAY,3RD & CURRY PIKE,39.16466,-86.58292
2008,9,5,Weekday,700,2-Car,No injury/unknown,DRIVER DISTRACTED - EXPLAIN IN NARRATIVE,CURRY PIKE & W 3RD,39.16466,-86.58292
2008,9,2,Weekday,1700,3+ Cars,Non-incapacitating,DRIVER ILLNESS,CURRY & WEST 3RD ST,39.16466,-86.58291567
2008,9,2,Weekday,1800,2-Car,No injury/unknown,FAILURE TO YIELD RIGHT OF WAY,3RD ST & CURRY,39.16466,-86.58294381
2008,10,7,Weekend,1600,3+ Cars,Non-incapacitating,FAILURE TO YIELD RIGHT OF WAY,3RD ST & CURRY,39.16466,-86.58292866
2008,12,2,Weekday,1300,3+ Cars,No injury/unknown,OTHER (DRIVER) - EXPLAIN IN NARRATIVE,3RD ST & CURRY,39.16466,-86.58292
2008,12,3,Weekday,1300,1-Car,No injury/unknown,SPEED TOO FAST FOR WEATHER CONDITIONS,W 3RD ST,39.16465,-86.580679
2008,4,5,Weekday,1500,2-Car,No injury/unknown,OTHER (DRIVER) - EXPLAIN IN NARRATIVE,WEST 3RD ST,39.164642,-86.580372
2008,8,6,Weekday,1200,2-Car,Non-incapacitating,FOLLOWING TOO CLOSELY,3RD ST & SR46S,39.16464055,-86.47142014
2008,6,4,Weekday,1600,2-Car,No injury/unknown,FOLLOWING TOO CLOSELY,3RD ST & JOHNSON,39.16464,-86.56428637
2008,5,4,Weekday,1700,2-Car,No injury/unknown,FOLLOWING TOO CLOSELY,3RD ST & KIMBLE,39.16464,-86.56729437
2008,1,5,Weekday,1700,3+ Cars,No injury/unknown,FAILURE TO YIELD RIGHT OF WAY,3RD ST,39.16464,-86.56792723
2008,1,7,Weekend,1100,2-Car,No injury/unknown,DISREGARD SIGNAL/REG SIGN,S COLLEGE AVE & W 3RD,39.16464,-86.534816
2008,1,2,Weekday,1900,2-Car,No injury/unknown,DRIVER DISTRACTED - EXPLAIN IN NARRATIVE,THIRD ST & WASHINGTON,39.16464,-86.5324
2008,1,3,Weekday,900,2-Car,No injury/unknown,FAILURE TO YIELD RIGHT OF WAY,EAST 3RD ST & LINCOLN,39.16464,-86.531024
2008,1,4,Weekday,800,2-Car,No injury/unknown,FAILURE TO YIELD RIGHT OF WAY,E 3RD ST & GRANT,39.16464,-86.529728
2008,1,1,Weekend,200,2-Car,No injury/unknown,FAILURE TO YIELD RIGHT OF WAY,3RD ST & GRANT,39.16464,-86.529728
2008,1,5,Weekday,1700,2-Car,No injury/unknown,FOLLOWING TOO CLOSELY,KIMBLE & WEST 3RD ST,39.16464,-86.568
2008,1,4,Weekday,800,2-Car,No injury/unknown,FAILURE TO YIELD RIGHT OF WAY,E 3RD ST & S GRANT,39.16464,-86.529728
2008,1,5,Weekday,1400,2-Car,No injury/unknown,DRIVER DISTRACTED - EXPLAIN IN NARRATIVE,E 3RD ST & S GRANT,39.16464,-86.529728
2008,2,6,Weekday,1500,2-Car,Non-incapacitating,FAILURE TO YIELD RIGHT OF WAY,3RD ST,39.16464,-86.56913891
2008,2,3,Weekday,1400,2-Car,No injury/unknown,DISREGARD SIGNAL/REG SIGN,3RD ST & LINCOLN,39.16464,-86.531024
2008,2,2,Weekday,1100,2-Car,Non-incapacitating,DISREGARD SIGNAL/REG SIGN,SO WALNUT SR & W 3RD,39.16464,-86.5336
2008,2,2,Weekday,1700,2-Car,Non-incapacitating,DRIVER DISTRACTED - EXPLAIN IN NARRATIVE,S JOHNSON & W 3RD ST,39.16464,-86.564992
2008,2,2,Weekday,1800,Cyclist,Non-incapacitating,PEDESTRIAN ACTION,3RD ST & WALNUT,39.16464,-86.5336
2008,3,7,Weekend,1600,3+ Cars,No injury/unknown,UNSAFE BACKING,3RD ST,39.16464,-86.56937794
2008,3,4,Weekday,1500,2-Car,No injury/unknown,FOLLOWING TOO CLOSELY,JOHNSON & W 3RD ST,39.16464,-86.564992
2008,3,5,Weekday,1900,2-Car,Non-incapacitating,FAILURE TO YIELD RIGHT OF WAY,E 3RD ST & S GRANT,39.16464,-86.529728
2008,2,5,Weekday,1600,1-Car,No injury/unknown,ROADWAY SURFACE CONDITION,COLLEGE & SR37N,39.16464,-86.534816
2008,3,2,Weekday,700,2-Car,No injury/unknown,ENGINE FAILURE OR DEFECTIVE,3RD ST & KIMBLE,39.16464,-86.56814113
2008,3,2,Weekday,1800,2-Car,No injury/unknown,FAILURE TO YIELD RIGHT OF WAY,2425 WEST 3RD ST & KIMBLE,39.16464,-86.568
2008,4,7,Weekend,900,2-Car,No injury/unknown,FOLLOWING TOO CLOSELY,3RD ST & KIMBLE,39.16464,-86.56814113
2008,4,7,Weekend,1100,2-Car,No injury/unknown,OTHER (DRIVER) - EXPLAIN IN NARRATIVE,3RD ST,39.16464,-86.5324
2008,4,6,Weekend,1900,2-Car,No injury/unknown,UNSAFE BACKING,E 3RD ST,39.16464,-86.56913891
2008,4,7,Weekend,1900,2-Car,No injury/unknown,IMPROPER PASSING,E 3RD ST,39.16464,-86.5324