Year,Month,Day,Weekend?,Hour,Collision Type,Injury Type,Primary Factor,Reported_Location,Latitude,Longitude
2008,4,7,Weekend,1800,1-Car,No injury/unknown,OTHER (VEHICLE) - EXPLAIN IN NARRATIVE,SR37 & WALNUT,39.16464,-86.5336
2008,4,2,Weekday,1500,2-Car,Non-incapacitating,FAILURE TO YIELD RIGHT OF WAY,3RD ST & COLLEGE,39.16464,-86.534816
2008,5,5,Weekday,1600,2-Car,No injury/unknown,IMPROPER LANE USAGE,3RD & COLLEGE AVE,39.16464,-86.534816
2008,5,3,Weekday,1700,2-Car,No injury/unknown,FAILURE TO YIELD RIGHT OF WAY,GRANT & THIRD ST,39.16464,-86.529728
2008,5,2,Weekday,1300,2-Car,No injury/unknown,IMPROPER LANE USAGE,SR37S & WALNUT,39.16464,-86.5336
2008,5,5,Weekday,1900,2-Car,Non-incapacitating,DISREGARD SIGNAL/REG SIGN,THIRD ST & WALNUT,39.16464,-86.5336
2008,6,5,Weekday,1400,2-Car,No injury/unknown,DISREGARD SIGNAL/REG SIGN,3RD & LINCOLN ST,39.16464,-86.531024
2008,6,6,Weekend,2000,2-Car,No injury/unknown,FAILURE TO YIELD RIGHT OF WAY,3RD ST & KIMBLE,39.16464,-86.568
2008,6,2,Weekday,800,2-Car,No injury/unknown,FOLLOWING TOO CLOSELY,E 3RD ST & S JOHNSON,39.16464,-86.564992
2008,6,6,Weekday,700,2-Car,No injury/unknown,DISREGARD SIGNAL/REG SIGN,3RD ST & WALNUT,39.16464,-86.5336
2008,6,6,Weekend,2300,Pedestrian,Non-incapacitating,FAILURE TO YIELD RIGHT OF WAY,3RD ST & WALNUT,39.16464,-86.5336
2008,6,5,Weekday,1200,2-Car,No injury/unknown,OTHER (DRIVER) - EXPLAIN IN NARRATIVE,3RD & GRANT ST,39.16464,-86.529728
2008,6,2,Weekday,1700,2-Car,No injury/unknown,FOLLOWING TOO CLOSELY,KIMBLE & W 3RD ST,39.16464,-86.568
2008,7,4,Weekday,1500,3+ Cars,Non-incapacitating,FOLLOWING TOO CLOSELY,3RD ST & GRANT,39.16464,-86.529728
2008,7,5,Weekday,900,2-Car,No injury/unknown,DISREGARD SIGNAL/REG SIGN,E 3RD ST & WASHINGTON,39.16464,-86.5324
2008,7,5,Weekday,1700,Pedestrian,Non-incapacitating,PEDESTRIAN ACTION,3RD ST & KIMBLE,39.16464,-86.568
2008,7,2,Weekday,1500,2-Car,No injury/unknown,FOLLOWING TOO CLOSELY,KIMBLE & WEST 3RD ST,39.16464,-86.568
2008,7,4,Weekday,1500,2-Car,No injury/unknown,IMPROPER TURNING,3RD ST & LINCOLN,39.16464,-86.531024
2008,7,4,Weekday,1200,2-Car,No injury/unknown,DRIVER DISTRACTED - EXPLAIN IN NARRATIVE,KIMBLE & W 3RD STREET ST,39.16464,-86.568
2008,7,5,Weekday,1100,2-Car,No injury/unknown,OTHER (DRIVER) - EXPLAIN IN NARRATIVE,E 3RD STREET ST,39.16464,-86.56905455
2008,8,5,Weekday,1700,2-Car,Non-incapacitating,FAILURE TO YIELD RIGHT OF WAY,3RD ST & GRANT,39.16464,-86.529728
2008,8,7,Weekend,200,2-Car,No injury/unknown,ALCOHOLIC BEVERAGES,WALNUT AVE,39.16464,-86.5336
2008,8,3,Weekday,1200,2-Car,No injury/unknown,FOLLOWING TOO CLOSELY,3RD & WALNUT ST,39.16464,-86.5336
2008,9,3,Weekday,1800,2-Car,No injury/unknown,FAILURE TO YIELD RIGHT OF WAY,THIRD ST & WASHINGTON,39.16464,-86.5324
2008,10,6,Weekday,0,2-Car,No injury/unknown,IMPROPER TURNING,WALNUT ST,39.16464,-86.5336
2008,10,5,Weekday,1700,2-Car,No injury/unknown,,3RD ST,39.16464,-86.56905455
2008,10,3,Weekday,1000,2-Car,Non-incapacitating,DRIVER DISTRACTED - EXPLAIN IN NARRATIVE,BENHAM & W 3RD ST,39.16464,-86.5636
2008,10,3,Weekday,1200,2-Car,No injury/unknown,OTHER (DRIVER) - EXPLAIN IN NARRATIVE,KIMBLE & WEST THIRD ST,39.16464,-86.568
2008,10,4,Weekday,1300,2-Car,No injury/unknown,DISREGARD SIGNAL/REG SIGN,3RD & WALNUT ST,39.16464,-86.5336
2008,10,5,Weekday,1400,2-Car,No injury/unknown,DISREGARD SIGNAL/REG SIGN,3RD ST & LINCOLN,39.16464,-86.531024
2008,10,6,Weekday,800,3+ Cars,No injury/unknown,DRIVER DISTRACTED - EXPLAIN IN NARRATIVE,S COLLEGE AVE & W 3RD,39.16464,-86.534816
2008,10,7,Weekend,2000,2-Car,No injury/unknown,IMPROPER TURNING,KIMBLE & W THIRD ST,39.16464,-86.568
2008,10,7,Weekend,0,2-Car,No injury/unknown,UNSAFE BACKING,COLLEGE AVE & W 3RD,39.16464,-86.534816
2008,10,7,Weekend,100,3+ Cars,No injury/unknown,OTHER (DRIVER) - EXPLAIN IN NARRATIVE,3RD ST & COLLEGE,39.16464,-86.534816
2008,10,5,Weekday,700,2-Car,No injury/unknown,DRIVER DISTRACTED - EXPLAIN IN NARRATIVE,SOUTH WALNUT & SR37S,39.16464,-86.5336
2008,10,5,Weekday,2100,2-Car,No injury/unknown,OTHER (DRIVER) - EXPLAIN IN NARRATIVE,E 3RD ST & S LINCOLN,39.16464,-86.531024
2008,11,4,Weekday,1300,2-Car,No injury/unknown,OTHER (DRIVER) - EXPLAIN IN NARRATIVE,312 E 3RD ST & LINCOLN,39.16464,-86.531024
2008,11,7,Weekend,1300,2-Car,No injury/unknown,IMPROPER LANE USAGE,3RD ST & GRANT,39.16464,-86.529728
2008,11,3,Weekday,1200,2-Car,No injury/unknown,FAILURE TO YIELD RIGHT OF WAY,3RD & COLLEGE AVE,39.16464,-86.534816
2008,11,4,Weekday,1600,2-Car,No injury/unknown,IMPROPER LANE USAGE,GRANT & THIRD ST,39.16464,-86.529728
2008,11,4,Weekday,2300,2-Car,Non-incapacitating,FAILURE TO YIELD RIGHT OF WAY,E 3RD ST & WASHINGTON,39.16464,-86.5324
2008,11,6,Weekend,2000,Pedestrian,Incapacitating,FAILURE TO YIELD RIGHT OF WAY,S WALNUT ST,39.16464,-86.5336
2008,11,4,Weekday,1500,3+ Cars,Non-incapacitating,FOLLOWING TOO CLOSELY,E 3RD ST & S GRANT,39.16464,-86.529728
2008,12,2,Weekday,1200,3+ Cars,No injury/unknown,SPEED TOO FAST FOR WEATHER CONDITIONS,400 E 3RD ST & GRANT,39.16464,-86.529728
2008,12,1,Weekend,1300,2-Car,No injury/unknown,OTHER (DRIVER) - EXPLAIN IN NARRATIVE,3RD ST & COLLEGE,39.16464,-86.534816
2008,12,7,Weekend,2100,2-Car,No injury/unknown,FAILURE TO YIELD RIGHT OF WAY,3RD ST & WALNUT,39.16464,-86.5336
2008,12,4,Weekday,1300,2-Car,No injury/unknown,DISREGARD SIGNAL/REG SIGN,3RD ST & WASHINGTON,39.16464,-86.5324
2008,12,7,Weekend,900,1-Car,No injury/unknown,ROADWAY SURFACE CONDITION,3RD ST,39.16464,-86.5324
2008,10,6,Weekday,1000,3+ Cars,Non-incapacitating,FAILURE TO YIELD RIGHT OF WAY,3RD ST & WHITEHALL CROSSING,39.16463184,-86.57613605
2008,2,5,Weekday,1400,1-Car,Non-incapacitating,OTHER (DRIVER) - EXPLAIN IN NARRATIVE,ROGERS RD & THIRD,39.16463,-86.5387
2008,5,6,Weekday,1200,2-Car,No injury/unknown,OTHER (DRIVER) - EXPLAIN IN NARRATIVE,WEST 3RD ST,39.164619,-86.579414
2008,11,3,Weekday,1300,2-Car,No injury/unknown,OTHER (DRIVER) - EXPLAIN IN NARRATIVE,WEST 3RD ST,39.164618,-86.579369
2008,8,6,Weekday,1200,2-Car,No injury/unknown,FAILURE TO YIELD RIGHT OF WAY,ENT RAMP FOR W 3RD FROM 37N & W 3RD ST,39.1646152,-86.53365254
2008,1,1,Weekend,1300,2-Car,No injury/unknown,IMPROPER LANE USAGE,EAST 3RD & INDIANA AVE,39.16461271,-86.52680659
2008,1,6,Weekday,1500,3+ Cars,No injury/unknown,FOLLOWING TOO CLOSELY,LIBERTY & W 3RD ST,39.16461,-86.57912567
2008,2,3,Weekday,1100,2-Car,No injury/unknown,FOLLOWING TOO CLOSELY,LIBERTY & W 3RD ST,39.16461,-86.57913
2008,2,4,Weekday,1600,2-Car,No injury/unknown,FAILURE TO YIELD RIGHT OF WAY,LIBERTY & W 3RD ST,39.16461,-86.57912351
2008,2,6,Weekend,1900,2-Car,No injury/unknown,UNSAFE BACKING,W 3RD ST,39.16461,-86.578686
2008,2,3,Weekday,1800,2-Car,No injury/unknown,FAILURE TO YIELD RIGHT OF WAY,S LIBERTY DR & W 3RD,39.16461,-86.57913
2008,3,2,Weekday,2100,2-Car,Non-incapacitating,FAILURE TO YIELD RIGHT OF WAY,3RD ST & LIBERTY,39.16461,-86.57915165
2008,4,5,Weekday,1800,2-Car,No injury/unknown,FOLLOWING TOO CLOSELY,LIBERTY DR & W 3RD,39.16461,-86.57913
2008,4,4,Weekday,1900,2-Car,No injury/unknown,OTHER (DRIVER) - EXPLAIN IN NARRATIVE,3RD ST & LIBERTY,39.16461,-86.57913
2008,7,4,Weekday,1100,2-Car,Non-incapacitating,FAILURE TO YIELD RIGHT OF WAY,LIBERTY & W 3RD ST,39.16461,-86.57911268
2008,7,2,Weekday,1800,2-Car,No injury/unknown,UNSAFE BACKING,W 3RD ST,39.16461,-86.578712
2008,8,6,Weekday,1300,3+ Cars,No injury/unknown,DRIVER DISTRACTED - EXPLAIN IN NARRATIVE,LIBERTY & WEST THIRD ST,39.16461,-86.57915597
2008,9,4,Weekday,1500,2-Car,No injury/unknown,FAILURE TO YIELD RIGHT OF WAY,LIBERTY & W 3RD ST,39.16461,-86.57912134
2008,9,6,Weekday,1500,2-Car,Non-incapacitating,FAILURE TO YIELD RIGHT OF WAY,LIBERTY & W 3RD ST,39.16461,-86.57912567
2008,11,2,Weekday,1100,2-Car,No injury/unknown,SPEED TOO FAST FOR WEATHER CONDITIONS,LIBERTY & W 3RD ST,39.16461,-86.57913433
2008,12,2,Weekday,1100,2-Car,No injury/unknown,DISREGARD SIGNAL/REG SIGN,3RD ST & LIBERTY,39.16461,-86.57913
2008,12,6,Weekday,1600,2-Car,No injury/unknown,UNSAFE BACKING,W THIRD ST,39.16461,-86.578712
2008,12,6,Weekend,1900,2-Car,No injury/unknown,OTHER (DRIVER) - EXPLAIN IN NARRATIVE,3RD ST & LIBERTY,39.16461,-86.57913
2008,12,5,Weekday,1400,Moped/Motorcycle,No injury/unknown,ACCELERATOR FAILURE OR DEFECTIVE,3RD ST & LIBERTY,39.16461,-86.57913
2008,12,5,Weekday,1200,2-Car,Non-incapacitating,FOLLOWING TOO CLOSELY,3400 W 3RD ST ST & GATES DR,39.16460688,-86.57727599
2008,2,5,Weekday,1300,2-Car,No injury/unknown,OTHER (DRIVER) - EXPLAIN IN NARRATIVE,S COLLEGE AVENUE AVE,39.16460539,-86.53481633
2008,2,3,Weekday,1400,2-Car,Non-incapacitating,OTHER (DRIVER) - EXPLAIN IN NARRATIVE,3RD ST & COLLEGE,39.1646,-86.5349
2008,4,6,Weekday,800,2-Car,No injury/unknown,OTHER (DRIVER) - EXPLAIN IN NARRATIVE,E THIRD & S WALNUT ST,39.1646,-86.53363
2008,11,7,Weekend,1100,2-Car,No injury/unknown,FAILURE TO YIELD RIGHT OF WAY,GATES & SR48W,39.16459498,-86.57621992
2008,1,5,Weekday,1800,2-Car,No injury/unknown,OTHER (DRIVER) - EXPLAIN IN NARRATIVE,3RD ST & GATES,39.16459,-86.57617403
2008,3,7,Weekend,1500,2-Car,No injury/unknown,OTHER (DRIVER) - EXPLAIN IN NARRATIVE,3RD ST & GATES,39.16459,-86.5762
2008,3,3,Weekday,1300,1-Car,No injury/unknown,OTHER (DRIVER) - EXPLAIN IN NARRATIVE,GATES & WEST 3RD ST,39.16459,-86.5762
2008,3,4,Weekday,1700,2-Car,No injury/unknown,DISREGARD SIGNAL/REG SIGN,3RD ST & GATES,39.16459,-86.5762
2008,3,6,Weekday,1300,2-Car,No injury/unknown,FAILURE TO YIELD RIGHT OF WAY,3RD ST & GATES,39.16459,-86.57618269
2008,3,7,Weekend,1000,2-Car,No injury/unknown,DISREGARD SIGNAL/REG SIGN,GATES & W 3RD ST,39.16459,-86.5762
2008,4,3,Weekday,2100,2-Car,No injury/unknown,FAILURE TO YIELD RIGHT OF WAY,E 3RD ST & GATES,39.16459,-86.5762
2008,4,5,Weekday,2000,2-Car,No injury/unknown,IMPROPER LANE USAGE,GATES & THIRD ST,39.16459,-86.5762
2008,5,6,Weekday,1200,2-Car,No injury/unknown,FOLLOWING TOO CLOSELY,GATES & W 3RD ST,39.16459,-86.57621732
2008,5,4,Weekday,1600,2-Car,Non-incapacitating,OTHER (DRIVER) - EXPLAIN IN NARRATIVE,3RD ST & GATES,39.16459,-86.5762
2008,6,2,Weekday,1400,2-Car,Non-incapacitating,FAILURE TO YIELD RIGHT OF WAY,3RD ST & GATES,39.16459,-86.5762
2008,7,5,Weekday,1200,2-Car,Non-incapacitating,FAILURE TO YIELD RIGHT OF WAY,GATES & W 3RD ST,39.16459,-86.5762
2008,9,3,Weekday,1200,2-Car,No injury/unknown,FOLLOWING TOO CLOSELY,GATES DR & WEST 3 ST ST,39.16459,-86.5762
2008,9,5,Weekday,1200,2-Car,No injury/unknown,DRIVER DISTRACTED - EXPLAIN IN NARRATIVE,GATES & W 3RD ST,39.16459,-86.5762
2008,9,6,Weekday,1600,2-Car,No injury/unknown,IMPROPER LANE USAGE,GATES & W 3RD ST,39.16459,-86.57618701
2008,11,6,Weekday,1600,2-Car,Non-incapacitating,DISREGARD SIGNAL/REG SIGN,3RD ST & GATES,39.16459,-86.5762
2008,11,3,Weekday,1600,2-Car,No injury/unknown,OTHER (DRIVER) - EXPLAIN IN NARRATIVE,3RD ST & GATES,39.16459,-86.57618701
2008,11,1,Weekend,1500,2-Car,No injury/unknown,FAILURE TO YIELD RIGHT OF WAY,3RD ST & GATES,39.16459,-86.5762
2008,12,4,Weekday,1200,2-Car,No injury/unknown,FAILURE TO YIELD RIGHT OF WAY,GATES & WEST 3RD ST,39.16459,-86.57620952
2008,12,6,Weekday,700,2-Car,Non-incapacitating,FAILURE TO YIELD RIGHT OF WAY,200 BLK S YANCY & 2600 BLK W 3RD ST,39.16458193,-86.56946003
2008,5,7,Weekend,1100,2-Car,No injury/unknown,FOLLOWING TOO CLOSELY,FRANKLIN RD & THIRD,39.16458,-86.57019
2008,6,7,Weekend,1200,1-Car,No injury/unknown,OTHER (DRIVER) - EXPLAIN IN NARRATIVE,WEST 3 RD ST ST,39.164575,-86.576077
2008,7,7,Weekend,1400,3+ Cars,Non-incapacitating,OTHER (DRIVER) - EXPLAIN IN NARRATIVE,3000 WEST 3RD STREET ST & OFF RAMP SB 37,39.164573,-86.569905
2008,9,7,Weekend,800,2-Car,Non-incapacitating,OTHER (DRIVER) - EXPLAIN IN NARRATIVE,3000 W 3RD ST & SR 37 ONRAMP,39.164573,-86.569905
2008,6,7,Weekend,1100,2-Car,No injury/unknown,UNSAFE BACKING,E3RD ST,39.164572,-86.569857
2008,5,7,Weekend,0,2-Car,No injury/unknown,IMPROPER TURNING,WEST THIRD ST,39.164571,-86.569804
2008,4,7,Weekend,1300,2-Car,No injury/unknown,OTHER (DRIVER) - EXPLAIN IN NARRATIVE,3000 W 3RD ST & FRANKLIN,39.16456766,-86.57020252
2008,3,6,Weekday,1200,2-Car,No injury/unknown,OTHER (DRIVER) - EXPLAIN IN NARRATIVE,SOUTH COLLEGE AVE,39.164566,-86.534902
2008,2,6,Weekend,2300,2-Car,No injury/unknown,IMPROPER TURNING,E 3RD ST,39.16456,-86.5550845
2008,8,5,Weekday,1400,2-Car,No injury/unknown,UNSAFE BACKING,E 3RD ST,39.16456,-86.5550845
2008,10,3,Weekday,1700,2-Car,Non-incapacitating,FOLLOWING TOO CLOSELY,W 3RD ST & YANCY,39.16456,-86.56948
2008,5,7,Weekend,1100,2-Car,No injury/unknown,UNSAFE BACKING,W 3RD ST,39.16455981,-86.55584763
2008,8,4,Weekday,1700,3+ Cars,No injury/unknown,FOLLOWING TOO CLOSELY,3RD ST & CORY,39.16455026,-86.56027222
2008,1,2,Weekday,1300,2-Car,No injury/unknown,UNSAFE BACKING,S ADAMS ST,39.164544,-86.552192
2008,3,3,Weekday,1300,Bus,No injury/unknown,UNSAFE BACKING,S ADAMS ST,39.164544,-86.552192
2008,4,3,Weekday,1100,2-Car,No injury/unknown,UNSAFE BACKING,W 3RD ST,39.164544,-86.55353065
2008,7,3,Weekday,2200,2-Car,Non-incapacitating,IMPROPER TURNING,3RD ST & CORY,39.164544,-86.560096
2008,9,6,Weekday,1400,2-Car,No injury/unknown,IMPROPER TURNING,E 3RD ST,39.164544,-86.55236237
2008,10,3,Weekday,1200,2-Car,Non-incapacitating,FOLLOWING TOO CLOSELY,3RD ST & CORY,39.164544,-86.560096
2008,8,6,Weekday,1200,2-Car,No injury/unknown,FOLLOWING TOO CLOSELY,CORY LN & WEST 3 ST ST,39.164544,-86.560096
2008,10,7,Weekend,1300,2-Car,No injury/unknown,UNSAFE BACKING,3RD ST,39.164544,-86.528248
2008,11,6,Weekday,1500,1-Car,No injury/unknown,OTHER (DRIVER) - EXPLAIN IN NARRATIVE,ADAMS ST,39.164544,-86.552192
2008,4,3,Weekday,1200,2-Car,No injury/unknown,UNSAFE BACKING,W 3RD ST,39.164527,-86.566685
2008,11,4,Weekday,800,2-Car,No injury/unknown,UNSAFE BACKING,W 3RD ST,39.164527,-86.566624
2008,10,7,Weekend,1300,2-Car,Non-incapacitating,FOLLOWING TOO CLOSELY,3RD & SR46E,39.16452502,-86.47170086
2008,6,4,Weekday,1700,2-Car,No injury/unknown,FOLLOWING TOO CLOSELY,3RD & SR46S,39.16451218,-86.47173205
2008,11,2,Weekday,1600,1-Car,Non-incapacitating,OTHER (DRIVER) - EXPLAIN IN NARRATIVE,3RD ST & JOHNSON,39.16451,-86.565
2008,8,4,Weekday,1400,2-Car,No injury/unknown,OTHER (DRIVER) - EXPLAIN IN NARRATIVE,WALNUT ST,39.16449371,-86.5336
2008,1,1,Weekend,1600,2-Car,No injury/unknown,UNSAFE BACKING,3RD ST,39.164488,-86.54969829
2008,3,3,Weekday,1600,2-Car,No injury/unknown,UNSAFE BACKING,CURRY PIKE,39.164482,-86.582885
2008,11,4,Weekday,1800,2-Car,No injury/unknown,UNSAFE BACKING,S COLLEGE AVE,39.16446694,-86.53481763
2008,11,7,Weekend,1100,2-Car,No injury/unknown,FAILURE TO YIELD RIGHT OF WAY,S COLLEGE AVE,39.16446694,-86.53481763
2008,1,6,Weekday,1600,2-Car,Non-incapacitating,DRIVER DISTRACTED - EXPLAIN IN NARRATIVE,3RD ST & INDIANA,39.164448,-86.52662359
2008,1,5,Weekday,900,2-Car,No injury/unknown,FOLLOWING TOO CLOSELY,E 3RD & SR46E,39.164448,-86.471888
2008,1,5,Weekday,1700,2-Car,No injury/unknown,IMPROPER LANE USAGE,SR446 & SR46E,39.164448,-86.471888
2008,1,4,Weekday,1500,Pedestrian,Non-incapacitating,FAILURE TO YIELD RIGHT OF WAY,E 3RD ST & S DUNN,39.164448,-86.528096
2008,2,3,Weekday,1500,Bus,No injury/unknown,ROADWAY SURFACE CONDITION,E 3RD ST & INDIANA,39.164448,-86.5268
2008,2,3,Weekday,1600,2-Car,Non-incapacitating,ROADWAY SURFACE CONDITION,3RD ST & DUNN,39.164448,-86.528096
2008,2,1,Weekday,2200,2-Car,No injury/unknown,IMPROPER LANE USAGE,3RD ST & FESS,39.164448,-86.525792
2008,2,2,Weekday,1300,2-Car,Non-incapacitating,UNSAFE SPEED,FESS & THIRD ST,39.164448,-86.525792
2008,3,4,Weekday,2000,2-Car,No injury/unknown,FOLLOWING TOO CLOSELY,SR446N & SR46W,39.164448,-86.471888
2008,3,3,Weekday,100,2-Car,No injury/unknown,OTHER (DRIVER) - EXPLAIN IN NARRATIVE,3RD ST & FESS,39.164448,-86.525792
2008,4,7,Weekend,200,3+ Cars,No injury/unknown,CELL PHONE USAGE,330 S DUNN ST & ATWATER,39.164448,-86.528096
2008,4,6,Weekday,1400,2-Car,No injury/unknown,FAILURE TO YIELD RIGHT OF WAY,446 & SR46E,39.164448,-86.471888
2008,5,6,Weekday,1400,2-Car,No injury/unknown,UNSAFE BACKING,DUNN & THIRD ST,39.164448,-86.528096
2008,4,3,Weekday,1800,3+ Cars,No injury/unknown,DRIVER DISTRACTED - EXPLAIN IN NARRATIVE,3RD ST & FESS,39.164448,-86.525792
2008,6,2,Weekday,1000,1-Car,No injury/unknown,UNSAFE BACKING,1725 EAST 3RD ST & 3RD,39.164448,-86.471888
2008,6,2,Weekday,2200,2-Car,No injury/unknown,FOLLOWING TOO CLOSELY,3RD ST & DUNN,39.164448,-86.528096
2008,6,7,Weekend,100,1-Car,No injury/unknown,UNSAFE BACKING,3RD & SR46S,39.164448,-86.471888
2008,8,2,Weekday,1600,2-Car,No injury/unknown,FOLLOWING TOO CLOSELY,SR446S & SR46E,39.164448,-86.471888
2008,9,1,Weekend,0,2-Car,Non-incapacitating,DISREGARD SIGNAL/REG SIGN,3RD & SR4546S,39.164448,-86.471888
2008,9,4,Weekday,900,2-Car,No injury/unknown,IMPROPER TURNING,3RD ST ST & FESS,39.164448,-86.525792
2008,9,2,Weekday,1700,3+ Cars,Non-incapacitating,DRIVER DISTRACTED - EXPLAIN IN NARRATIVE,3RD ST & INDIANA,39.164448,-86.5268
2008,10,4,Weekday,2100,2-Car,Non-incapacitating,DRIVER DISTRACTED - EXPLAIN IN NARRATIVE,3RD ST & SR46W,39.164448,-86.471888
2008,10,4,Weekday,2000,2-Car,No injury/unknown,UNSAFE BACKING,3RD & 928 EAST THIRD ST,39.164448,-86.471888
2008,10,5,Weekday,2200,2-Car,No injury/unknown,IMPROPER TURNING,800 E THIRD SOUTH ALY & ATWATER,39.164448,-86.528096
2008,10,6,Weekday,1200,2-Car,No injury/unknown,FAILURE TO YIELD RIGHT OF WAY,3RD ST & FESS,39.164448,-86.525792
2008,10,4,Weekday,1200,2-Car,No injury/unknown,IMPROPER TURNING,INDIANA & THIRD ST,39.164448,-86.5268
2008,10,3,Weekday,1800,2-Car,No injury/unknown,FAILURE TO YIELD RIGHT OF WAY,3RD ST & ATWATER,39.164448,-86.528096
2008,10,6,Weekday,1400,2-Car,No injury/unknown,IMPROPER LANE USAGE,INDIANA & THIRD ST,39.164448,-86.5268
2008,11,4,Weekday,1500,3+ Cars,No injury/unknown,FOLLOWING TOO CLOSELY,DUNN & E 3RD ST,39.164448,-86.528096
2008,10,3,Weekday,1700,2-Car,No injury/unknown,UNSAFE BACKING,E 3RD ST,39.164448,-86.527744
2008,11,6,Weekday,800,3+ Cars,No injury/unknown,IMPROPER PASSING,FESS & THIRD ST,39.164448,-86.525792
2008,11,6,Weekend,2100,2-Car,No injury/unknown,IMPROPER LANE USAGE,E 3RD ST & S DUNN,39.164448,-86.528096
2008,12,2,Weekday,1400,3+ Cars,No injury/unknown,SPEED TOO FAST FOR WEATHER CONDITIONS,ATWATER & EAST 3RD ST,39.164448,-86.528096
2008,12,6,Weekday,1800,2-Car,No injury/unknown,UNSAFE BACKING,E 3RD ST,39.164448,-86.527744
2008,12,3,Weekday,600,2-Car,No injury/unknown,FAILURE TO YIELD RIGHT OF WAY,SR446 & SR46E,39.164448,-86.471888
2008,2,6,Weekday,100,1-Car,No injury/unknown,RAN OFF ROAD RIGHT,S MADISON ST,39.16444714,-86.537296
2008,4,6,Weekday,1600,2-Car,No injury/unknown,FAILURE TO YIELD RIGHT OF WAY,3RD & PETE ELLIS DR,39.16444599,-86.495088
2008,10,4,Weekday,1600,2-Car,No injury/unknown,FAILURE TO YIELD RIGHT OF WAY,E 3RD & PETE ELLIS DR,39.16444599,-86.495088
2008,8,6,Weekend,1900,2-Car,No injury/unknown,DRIVER DISTRACTED - EXPLAIN IN NARRATIVE,3RD ST & FESS,39.16444166,-86.52558047
2008,9,7,Weekend,2000,3+ Cars,No injury/unknown,FOLLOWING TOO CLOSELY,3RD ST & FESS,39.16444113,-86.52556284
2008,11,6,Weekday,1400,2-Car,No injury/unknown,FOLLOWING TOO CLOSELY,E 3RD ST,39.16443758,-86.54775367
2008,3,2,Weekday,1700,2-Car,No injury/unknown,FOLLOWING TOO CLOSELY,3RD ST & FESS,39.16443743,-86.52543945
2008,10,6,Weekday,1400,3+ Cars,No injury/unknown,DRIVER DISTRACTED - EXPLAIN IN NARRATIVE,3RD ST & FESS,39.16443214,-86.52526318
2008,4,5,Weekday,1500,1-Car,No injury/unknown,OVERCORRECTING/OVERSTEERING,SR37S & THIRD,39.16442423,-86.5732966
2008,12,5,Weekday,900,2-Car,No injury/unknown,IMPROPER TURNING,SR37S & WEST THIRD,39.16442423,-86.5732966
2008,1,3,Weekday,2200,2-Car,Non-incapacitating,SPEED TOO FAST FOR WEATHER CONDITIONS,3RD & PATTERSON DR,39.16441,-86.55196
2008,2,6,Weekday,1700,2-Car,Non-incapacitating,FAILURE TO YIELD RIGHT OF WAY,3RD ST & WESTPLEX,39.16441,-86.5539
2008,3,3,Weekday,1300,2-Car,No injury/unknown,DRIVER DISTRACTED - EXPLAIN IN NARRATIVE,W 3RD STREET ST & WESTPLEX AVENUE,39.16441,-86.5539
2008,9,6,Weekday,1700,2-Car,Non-incapacitating,FAILURE TO YIELD RIGHT OF WAY,W THIRD ST & WESTPLEX,39.16441,-86.5539
2008,9,6,Weekday,800,2-Car,No injury/unknown,FAILURE TO YIELD RIGHT OF WAY,PATTERSON DR & W 3RD,39.16441,-86.55196
2008,9,4,Weekday,800,2-Car,No injury/unknown,FAILURE TO YIELD RIGHT OF WAY,3RD & PATTERSON ST,39.16441,-86.55196
2008,10,2,Weekday,800,Moped/Motorcycle,Non-incapacitating,IMPROPER PASSING,3RD & PATTERSON ST,39.16441,-86.55196
2008,3,3,Weekday,1700,2-Car,No injury/unknown,OTHER (DRIVER) - EXPLAIN IN NARRATIVE,LANDMARK & WEST 3RD ST,39.16440374,-86.5562826
2008,5,5,Weekday,1300,2-Car,Non-incapacitating,OTHER (DRIVER) - EXPLAIN IN NARRATIVE,LANDMARK AVE & WEST THIRD,39.16440374,-86.5562826
2008,5,6,Weekday,1600,2-Car,No injury/unknown,FAILURE TO YIELD RIGHT OF WAY,LANDMARK & W 3RD ST,39.16440374,-86.55630856
2008,5,4,Weekday,800,2-Car,Non-incapacitating,OTHER (DRIVER) - EXPLAIN IN NARRATIVE,LANDMARK & W 3RD ST,39.16440374,-86.5562826
2008,5,4,Weekday,2100,3+ Cars,Non-incapacitating,FOLLOWING TOO CLOSELY,LANDMARK & W 3RD ST,39.16440374,-86.5562826
2008,7,4,Weekday,1500,2-Car,Non-incapacitating,FOLLOWING TOO CLOSELY,LANDMARK & THIRD ST,39.16440374,-86.55632588
2008,11,5,Weekday,1600,2-Car,No injury/unknown,FOLLOWING TOO CLOSELY,LANDMARK & W THIRD ST,39.16440374,-86.5562826
2008,12,2,Weekday,2100,2-Car,No injury/unknown,FAILURE TO YIELD RIGHT OF WAY,3RD ST & LANDMARK,39.16440374,-86.55627394
2008,11,7,Weekend,300,1-Car,No injury/unknown,OTHER (DRIVER) - EXPLAIN IN NARRATIVE,W 3RD ST & WALKER,39.1644,-86.546304
2008,7,5,Weekday,1400,2-Car,No injury/unknown,FAILURE TO YIELD RIGHT OF WAY,E 3RD & PETE ELLIS DR,39.16437733,-86.495088
2008,7,5,Weekday,900,Cyclist,Non-incapacitating,IMPROPER PASSING,3RD ST & WOODLAWN,39.16437316,-86.5232971