Year,Month,Day,Weekend?,Hour,Collision Type,Injury Type,Primary Factor,Reported_Location,Latitude,Longitude
2008,4,4,Weekday,1800,2-Car,No injury/unknown,DRIVER DISTRACTED - EXPLAIN IN NARRATIVE,3RD ST & WOODLAWN,39.16436258,-86.52294455
2008,9,2,Weekday,1700,3+ Cars,Non-incapacitating,DRIVER DISTRACTED - EXPLAIN IN NARRATIVE,PATTERSON & ROGERS ST,39.16436152,-86.53875
2008,10,1,Weekend,1400,2-Car,No injury/unknown,FAILURE TO YIELD RIGHT OF WAY,3RD ST & FACULTY,39.164352,-86.52126441
2008,1,5,Weekday,1700,3+ Cars,Non-incapacitating,UNSAFE SPEED,3RD & UNION ST,39.164352,-86.5088
2008,3,6,Weekend,1900,2-Car,Non-incapacitating,OTHER (DRIVER) - EXPLAIN IN NARRATIVE,HIGH & THIRD ST,39.164352,-86.508288
2008,3,6,Weekday,700,2-Car,No injury/unknown,FOLLOWING TOO CLOSELY,THIRD ST & UNION,39.164352,-86.5088
2008,3,6,Weekday,1500,2-Car,No injury/unknown,FOLLOWING TOO CLOSELY,E 3RD ST & UNION,39.164352,-86.5088
2008,4,2,Weekday,1700,2-Car,No injury/unknown,FOLLOWING TOO CLOSELY,3RD STREET ST & WOODLAWN,39.164352,-86.522592
2008,5,6,Weekday,1700,2-Car,Non-incapacitating,FAILURE TO YIELD RIGHT OF WAY,3RD ST & ROSE,39.164352,-86.510944
2008,6,5,Weekday,1000,2-Car,No injury/unknown,IMPROPER LANE USAGE,THIRD ST & WOODLAWN,39.164352,-86.522592
2008,7,1,Weekend,1600,2-Car,No injury/unknown,FAILURE TO YIELD RIGHT OF WAY,3RD ST & ROSE,39.164352,-86.510944
2008,9,4,Weekday,1300,3+ Cars,No injury/unknown,FOLLOWING TOO CLOSELY,900 E THIRD ST & WOODLAWN,39.164352,-86.522592
2008,9,5,Weekday,1500,2-Car,No injury/unknown,IMPROPER LANE USAGE,3RD ST & WOODLAWN,39.164352,-86.522592
2008,9,6,Weekday,1200,2-Car,Non-incapacitating,IMPROPER TURNING,THIRD ST & WOODLAWN,39.164352,-86.522592
2008,9,1,Weekday,1900,2-Car,No injury/unknown,OTHER (DRIVER) - EXPLAIN IN NARRATIVE,HIGH & THIRD ST,39.164352,-86.508288
2008,9,1,Weekend,200,2-Car,No injury/unknown,OTHER (DRIVER) - EXPLAIN IN NARRATIVE,3RD ST & WOODLAWN,39.164352,-86.522592
2008,10,5,Weekday,900,2-Car,No injury/unknown,UNSAFE SPEED,THIRD ST & WOODLAWN,39.164352,-86.522592
2008,10,4,Weekday,1200,3+ Cars,No injury/unknown,FOLLOWING TOO CLOSELY,831 E THIRD ST & WOODLAWN,39.164352,-86.522592
2008,10,6,Weekday,1100,2-Car,No injury/unknown,SPEED TOO FAST FOR WEATHER CONDITIONS,THIRD ST & WOODLAWN,39.164352,-86.522592
2008,10,3,Weekday,1400,2-Car,No injury/unknown,UNSAFE SPEED,3RD ST & WOODLAWN,39.164352,-86.522592
2008,11,5,Weekday,1600,1-Car,No injury/unknown,ROADWAY SURFACE CONDITION,3RD ST & WOODLAWN,39.164352,-86.522592
2008,11,3,Weekday,1400,3+ Cars,No injury/unknown,FOLLOWING TOO CLOSELY,THIRD ST & WOODLAWN,39.164352,-86.522592
2008,11,4,Weekday,2100,2-Car,No injury/unknown,FOLLOWING TOO CLOSELY,E 3RD ST & S WOODLAWN,39.164352,-86.522592
2008,11,6,Weekday,1300,Pedestrian,Non-incapacitating,FAILURE TO YIELD RIGHT OF WAY,3RD & FACULTY AVE,39.164352,-86.521088
2008,11,4,Weekday,1700,2-Car,No injury/unknown,FAILURE TO YIELD RIGHT OF WAY,3RD ST & ROSE,39.164352,-86.510944
2008,12,3,Weekday,1900,1-Car,No injury/unknown,ROADWAY SURFACE CONDITION,3RD & FACULTY DR,39.164352,-86.521088
2008,4,4,Weekday,1500,2-Car,No injury/unknown,FAILURE TO YIELD RIGHT OF WAY,EAST 3RD & PETE ELLIS DR,39.16434986,-86.495088
2008,6,3,Weekday,1600,2-Car,No injury/unknown,FAILURE TO YIELD RIGHT OF WAY,3RD & PETE ELLIS DR,39.16434986,-86.495088
2008,12,3,Weekday,1700,2-Car,No injury/unknown,ROADWAY SURFACE CONDITION,3RD ST & WALKER,39.16434,-86.54629
2008,12,3,Weekday,1700,1-Car,No injury/unknown,SPEED TOO FAST FOR WEATHER CONDITIONS,3RD ST & WALKER,39.16434,-86.54629
2008,12,7,Weekend,1200,2-Car,Non-incapacitating,FOLLOWING TOO CLOSELY,S MULLER BLVD & W 3RD,39.16433235,-86.56277306
2008,6,6,Weekend,2100,1-Car,No injury/unknown,ANIMAL/OBJECT IN ROADWAY,BURMA & SR37N,39.16432,-86.50824
2008,9,2,Weekday,1400,2-Car,No injury/unknown,UNSAFE BACKING,EAST THIRD & INDIANA AVE,39.16432,-86.52691
2008,4,3,Weekday,1900,2-Car,No injury/unknown,,3RD ST & HIGH,39.16431629,-86.50795042
2008,5,7,Weekend,1000,2-Car,No injury/unknown,OTHER (DRIVER) - EXPLAIN IN NARRATIVE,EAST THIRD ST,39.164313,-86.526583
2008,1,6,Weekday,1200,2-Car,Non-incapacitating,DRIVER DISTRACTED - EXPLAIN IN NARRATIVE,E 3RD ST ST & ROOSEVELT ST,39.164304,-86.505792
2008,3,7,Weekend,1500,3+ Cars,No injury/unknown,FOLLOWING TOO CLOSELY,3RD ST & JEFFERSON,39.164304,-86.506992
2008,3,5,Weekday,1100,2-Car,Non-incapacitating,FAILURE TO YIELD RIGHT OF WAY,EAST 3RD STREET ST & ROOSEVELT,39.164304,-86.505792
2008,5,4,Weekday,1200,2-Car,No injury/unknown,FOLLOWING TOO CLOSELY,3RD ST & ROOSEVELT,39.164304,-86.505792
2008,8,7,Weekend,1500,2-Car,Non-incapacitating,OTHER (DRIVER) - EXPLAIN IN NARRATIVE,3RD ST & ROOSEVELT,39.164304,-86.505792
2008,8,1,Weekend,1800,3+ Cars,No injury/unknown,DRIVER DISTRACTED - EXPLAIN IN NARRATIVE,2201 E 3RD ST & JEFFERSON,39.164304,-86.506992
2008,9,6,Weekday,1500,2-Car,No injury/unknown,FAILURE TO YIELD RIGHT OF WAY,ROOSEVELT & THIRD ST,39.164304,-86.505792
2008,9,5,Weekday,300,1-Car,No injury/unknown,ANIMAL/OBJECT IN ROADWAY,EAST 3RD STREET ST & ROOSEVELT,39.164304,-86.505792
2008,10,6,Weekday,1300,2-Car,No injury/unknown,DRIVER DISTRACTED - EXPLAIN IN NARRATIVE,3RD ST & JEFFERSON,39.164304,-86.506992
2008,11,2,Weekday,1400,3+ Cars,No injury/unknown,BRAKE FAILURE OR DEFECTIVE,3RD ST & JEFFERSON,39.164304,-86.506992
2008,11,2,Weekday,1600,2-Car,No injury/unknown,FAILURE TO YIELD RIGHT OF WAY,3RD ST & JEFFERSON,39.164304,-86.506992
2008,12,4,Weekday,1800,2-Car,No injury/unknown,UNSAFE BACKING,E 3RD ST & S JEFFERSON,39.164304,-86.506992
2008,11,6,Weekday,800,2-Car,No injury/unknown,OTHER (DRIVER) - EXPLAIN IN NARRATIVE,E 3RD ST,39.16430364,-86.50576971
2008,8,2,Weekday,1700,2-Car,No injury/unknown,OTHER (DRIVER) - EXPLAIN IN NARRATIVE,3RD ST & MAPLE,39.1643,-86.54223298
2008,8,3,Weekday,1100,1-Car,No injury/unknown,OTHER (DRIVER) - EXPLAIN IN NARRATIVE,FESS & THIRD ST,39.16429,-86.52587
2008,7,5,Weekday,1500,2-Car,Non-incapacitating,OVERCORRECTING/OVERSTEERING,KINGS & SR46E,39.16428897,-86.47296454
2008,5,6,Weekday,1800,2-Car,No injury/unknown,OTHER (DRIVER) - EXPLAIN IN NARRATIVE,3RD ST & CLARK,39.164288,-86.5048
2008,12,6,Weekday,1700,2-Car,No injury/unknown,FAILURE TO YIELD RIGHT OF WAY,3RD ST & CLARK,39.164288,-86.5048
2008,7,2,Weekday,800,2-Car,No injury/unknown,FAILURE TO YIELD RIGHT OF WAY,MORNINGSIDE & SR46E,39.16428049,-86.47345794
2008,4,3,Weekday,1700,2-Car,Non-incapacitating,FOLLOWING TOO CLOSELY,3RD ST & CLIFTON,39.16428,-86.50969
2008,10,6,Weekday,1600,2-Car,No injury/unknown,IMPROPER LANE USAGE,3RD ST & OVERHILL,39.164272,-86.50184081
2008,1,7,Weekend,1600,3+ Cars,No injury/unknown,FAILURE TO YIELD RIGHT OF WAY,E 3RD ST & HILLSDALE,39.164272,-86.502416
2008,1,5,Weekday,1800,2-Car,No injury/unknown,IMPROPER PASSING,E 3RD ST & S OVERHILL,39.164272,-86.501488
2008,2,2,Weekday,0,2-Car,No injury/unknown,,E 3RD ST,39.164272,-86.50235918
2008,2,5,Weekday,1700,2-Car,Non-incapacitating,OTHER (DRIVER) - EXPLAIN IN NARRATIVE,THIRD ST & WOODCREST,39.164272,-86.502416
2008,3,3,Weekday,1700,2-Car,No injury/unknown,OTHER (DRIVER) - EXPLAIN IN NARRATIVE,EAST 3RD ST & HILLSDALE,39.164272,-86.502416
2008,3,3,Weekday,1100,2-Car,No injury/unknown,FAILURE TO YIELD RIGHT OF WAY,E 3RD & S WOODSCREST DR,39.164272,-86.502416
2008,3,5,Weekday,1600,2-Car,No injury/unknown,,E 3RD ST,39.164272,-86.501488
2008,4,6,Weekday,1800,2-Car,No injury/unknown,FAILURE TO YIELD RIGHT OF WAY,EAST THIRD ST & OVERHILL,39.164272,-86.501488
2008,4,6,Weekday,1600,2-Car,No injury/unknown,DRIVER DISTRACTED - EXPLAIN IN NARRATIVE,E THIRD ST & OVERHILL,39.164272,-86.501488
2008,7,5,Weekday,1300,2-Car,No injury/unknown,FAILURE TO YIELD RIGHT OF WAY,E 3RD ST,39.164272,-86.50230237
2008,8,7,Weekend,1900,2-Car,Non-incapacitating,DRIVER DISTRACTED - EXPLAIN IN NARRATIVE,3RD ST,39.164272,-86.50230237
2008,10,6,Weekday,800,2-Car,No injury/unknown,IMPROPER LANE USAGE,E 3RD ST & S OVERHILL,39.164272,-86.501488
2008,11,7,Weekend,1800,2-Car,No injury/unknown,IMPROPER LANE USAGE,EAST THIRD ST & WOODCREST,39.164272,-86.502416
2008,12,6,Weekday,1200,2-Car,No injury/unknown,FOLLOWING TOO CLOSELY,E 3RD & S WOODSCREST DR,39.164272,-86.502416
2008,12,6,Weekday,1400,2-Car,No injury/unknown,FAILURE TO YIELD RIGHT OF WAY,3RD & WOODSCREST DR,39.164272,-86.502416
2008,12,3,Weekday,1000,2-Car,No injury/unknown,FAILURE TO YIELD RIGHT OF WAY,3RD ST & OVERHILL,39.164272,-86.501488
2008,1,4,Weekday,1400,2-Car,No injury/unknown,FOLLOWING TOO CLOSELY,3RD ST & HILLSDALE,39.16427,-86.50260675
2008,4,4,Weekday,1600,2-Car,No injury/unknown,DRIVER DISTRACTED - EXPLAIN IN NARRATIVE,3RD ST & BALLANTINE,39.16427,-86.51913519
2008,8,1,Weekend,1700,2-Car,No injury/unknown,DRIVER DISTRACTED - EXPLAIN IN NARRATIVE,3RD ST & HIGHLAND,39.16427,-86.51772
2008,8,5,Weekday,1500,2-Car,No injury/unknown,FAILURE TO YIELD RIGHT OF WAY,EAST 3RD ST,39.16427,-86.512946
2008,9,4,Weekday,1400,2-Car,No injury/unknown,UNSAFE BACKING,3RD ST & BALLANTINE,39.16427,-86.51913
2008,9,5,Weekday,1700,3+ Cars,No injury/unknown,FOLLOWING TOO CLOSELY,3RD ST & ARBUTUS,39.16427,-86.5121687
2008,9,5,Weekday,1700,2-Car,No injury/unknown,FOLLOWING TOO CLOSELY,3RD ST & ARBUTUS,39.16427,-86.51217
2008,9,4,Weekday,1200,Cyclist,Non-incapacitating,FAILURE TO YIELD RIGHT OF WAY,BALLENTINE & EAST 3RD ST,39.16427,-86.51913
2008,10,6,Weekday,1200,3+ Cars,No injury/unknown,DRIVER DISTRACTED - EXPLAIN IN NARRATIVE,E 3RD ST & WOODSCREST,39.16427,-86.50240135
2008,10,1,Weekend,1700,2-Car,No injury/unknown,UNSAFE SPEED,3RD ST & BALLANTINE,39.16427,-86.51913
2008,10,3,Weekday,700,2-Car,Non-incapacitating,FOLLOWING TOO CLOSELY,ARBUTUS & EAST THIRD ST,39.16427,-86.51217
2008,10,6,Weekday,900,2-Car,No injury/unknown,FAILURE TO YIELD RIGHT OF WAY,E 3RD ST ST & WOODSCREST DR,39.16427,-86.50241
2008,11,6,Weekday,1300,2-Car,No injury/unknown,DRIVER DISTRACTED - EXPLAIN IN NARRATIVE,3RD ST & HILLSDALE,39.16427,-86.50262837
2008,12,6,Weekday,1700,Cyclist,Non-incapacitating,FAILURE TO YIELD RIGHT OF WAY,3RD ST & ARBUTUS,39.16427,-86.51217
2008,4,3,Weekday,800,2-Car,No injury/unknown,UNSAFE BACKING,CORY LN & W 3RD,39.16426969,-86.56008
2008,6,6,Weekday,1400,2-Car,No injury/unknown,OTHER (DRIVER) - EXPLAIN IN NARRATIVE,EAST 3RD ST,39.164269,-86.517506
2008,12,3,Weekday,2200,2-Car,No injury/unknown,UNSAFE BACKING,E 3RD ST,39.16426808,-86.50110988
2008,4,5,Weekday,1300,2-Car,Non-incapacitating,BRAKE FAILURE OR DEFECTIVE,3RD ST & OVERHILL,39.16426652,-86.50095883
2008,7,2,Weekday,1800,2-Car,No injury/unknown,UNSAFE BACKING,EAST 3RD ST,39.164266,-86.502025
2008,6,2,Weekday,1700,2-Car,No injury/unknown,UNSAFE BACKING,EAST THIRD ST,39.164265,-86.52085
2008,12,2,Weekday,2200,2-Car,No injury/unknown,UNSAFE BACKING,E 3RD ST,39.16426112,-86.50043808
2008,1,1,Weekend,1400,2-Car,No injury/unknown,IMPROPER TURNING,JORDAN & THIRD ST,39.16426,-86.5164
2008,2,6,Weekday,1100,2-Car,No injury/unknown,IMPROPER LANE USAGE,JORDAN & THIRD ST,39.16426,-86.5164
2008,2,6,Weekday,1800,2-Car,No injury/unknown,FAILURE TO YIELD RIGHT OF WAY,E 3RD ST & S JORDAN,39.16426,-86.5164
2008,4,1,Weekend,1500,Moped/Motorcycle,No injury/unknown,IMPROPER PASSING,E THIRD ST & S JORDAN,39.16426,-86.5164
2008,4,2,Weekday,2000,Pedestrian,Non-incapacitating,IMPROPER TURNING,3RD ST & JORDAN,39.16426,-86.5164
2008,5,7,Weekend,1700,2-Car,No injury/unknown,IMPROPER TURNING,JORDAN & THIRD ST,39.16426,-86.51638443
2008,6,2,Weekday,1700,2-Car,Non-incapacitating,OTHER (DRIVER) - EXPLAIN IN NARRATIVE,3RD ST & JORDAN,39.16426,-86.5164
2008,7,5,Weekday,800,Bus,No injury/unknown,LEFT OF CENTER,JORDAN & THIRD ST,39.16426,-86.51644326
2008,7,3,Weekday,1500,2-Car,No injury/unknown,UNSAFE BACKING,EAST 3RD ST,39.16426,-86.516399
2008,8,2,Weekday,1200,2-Car,No injury/unknown,FAILURE TO YIELD RIGHT OF WAY,EAST THIRD ST & SOUTH JORDAN,39.16426,-86.51639741
2008,8,4,Weekday,1800,2-Car,No injury/unknown,IMPROPER LANE USAGE,3RD ST & JORDAN,39.16426,-86.51641298
2008,10,5,Weekday,1400,2-Car,No injury/unknown,IMPROPER TURNING,3RD & JORDAN AVE,39.16426,-86.5164
2008,10,5,Weekday,1700,Cyclist,Non-incapacitating,OTHER (DRIVER) - EXPLAIN IN NARRATIVE,3RD ST & JORDAN,39.16426,-86.5164
2008,10,6,Weekend,2300,2-Car,No injury/unknown,IMPROPER TURNING,EAST THIRD ST & SOUTH JORDAN,39.16426,-86.5164
2008,11,2,Weekday,1000,2-Car,No injury/unknown,IMPROPER LANE USAGE,JORDAN & THIRD ST,39.16426,-86.51639135
2008,11,3,Weekday,1100,2-Car,Non-incapacitating,FOLLOWING TOO CLOSELY,3RD ST ST & JORDAN,39.16426,-86.51640346
2008,12,5,Weekday,1600,2-Car,No injury/unknown,FAILURE TO YIELD RIGHT OF WAY,3RD ST & JORDAN,39.16426,-86.5164
2008,10,5,Weekday,1600,2-Car,No injury/unknown,FOLLOWING TOO CLOSELY,EAST 3RD ST & MORNING SIDE,39.16425689,-86.48927161
2008,4,2,Weekday,1400,3+ Cars,No injury/unknown,FAILURE TO YIELD RIGHT OF WAY,1603 E THIRD ST & MITCHEL,39.16425006,-86.51418814
2008,7,1,Weekend,1100,Cyclist,Non-incapacitating,OTHER (DRIVER) - EXPLAIN IN NARRATIVE,2000 E THIRD & 300 S CLIFTON AVE,39.16425006,-86.5097212
2008,10,6,Weekday,1400,2-Car,No injury/unknown,UNSAFE BACKING,EAST 3RD ST,39.16425006,-86.4943601
2008,1,5,Weekday,1700,2-Car,No injury/unknown,IMPROPER TURNING,EAST THIRD ST & SWAIN,39.16425,-86.51526
2008,1,2,Weekday,1900,2-Car,No injury/unknown,IMPROPER TURNING,E 3RD ST & S SWAIN,39.16425,-86.51526
2008,1,2,Weekday,1000,2-Car,No injury/unknown,IMPROPER TURNING,3RD ST & SWAIN,39.16425,-86.51526
2008,3,2,Weekday,1400,2-Car,No injury/unknown,UNSAFE SPEED,3RD ST & MITCHELL,39.16425,-86.51423
2008,4,1,Weekend,1400,2-Car,No injury/unknown,IMPROPER TURNING,3RD ST & HAWTHORNE,39.16425,-86.52009
2008,5,6,Weekday,1100,2-Car,No injury/unknown,FOLLOWING TOO CLOSELY,EAST 3RD ST & SR 446,39.16425,-86.47205
2008,5,2,Weekday,1500,2-Car,Non-incapacitating,SPEED TOO FAST FOR WEATHER CONDITIONS,E 3RD ST & S HAWTHORNE,39.16425,-86.52009
2008,6,7,Weekend,1900,2-Car,Non-incapacitating,FOLLOWING TOO CLOSELY,3RD ST & SR 46,39.16425,-86.47205
2008,8,5,Weekday,1300,2-Car,No injury/unknown,IMPROPER TURNING,3RD ST & HAWTHORNE,39.16425,-86.52009
2008,8,6,Weekend,2100,2-Car,Incapacitating,IMPROPER TURNING,E 3RD & SR 446 RD,39.16425,-86.47205
2008,8,7,Weekend,1800,2-Car,No injury/unknown,FAILURE TO YIELD RIGHT OF WAY,3RD ST & SWAIN,39.16425,-86.51526
2008,8,2,Weekday,2200,2-Car,No injury/unknown,FAILURE TO YIELD RIGHT OF WAY,3RD ST & SWAIN,39.16425,-86.51526
2008,8,6,Weekday,1800,2-Car,Non-incapacitating,FAILURE TO YIELD RIGHT OF WAY,3RD ST & SWAIN,39.16425,-86.51526
2008,10,2,Weekday,1000,2-Car,No injury/unknown,WRONG WAY ON ONE WAY,MITCHELL & THIRD ST,39.16425,-86.51423
2008,10,6,Weekday,1600,2-Car,No injury/unknown,BRAKE FAILURE OR DEFECTIVE,SR 446 RD & SR 46,39.16425,-86.47205
2008,11,6,Weekday,1400,2-Car,No injury/unknown,UNSAFE BACKING,3RD & SWAIN AVE,39.16425,-86.51526
2008,11,3,Weekday,1500,3+ Cars,No injury/unknown,FAILURE TO YIELD RIGHT OF WAY,E 3RD ST & HAWTHORNE,39.16425,-86.52009
2008,11,4,Weekday,800,Bus,No injury/unknown,UNSAFE SPEED,3RD ST & HAWTHORNE,39.16425,-86.52009865
2008,11,7,Weekend,1600,2-Car,No injury/unknown,FAILURE TO YIELD RIGHT OF WAY,EAST THIRD ST,39.16425,-86.499909
2008,5,4,Weekday,1000,2-Car,No injury/unknown,UNSAFE BACKING,E THIRD ST,39.16424664,-86.52553992
2008,6,5,Weekday,1300,2-Car,No injury/unknown,IMPROPER LANE USAGE,1300 EAST THIRD ST & 300 SOUTH HIGHLAND,39.16424664,-86.51771252
2008,8,6,Weekend,2100,2-Car,No injury/unknown,FAILURE TO YIELD RIGHT OF WAY,3RD ST & HIGHLAND,39.16424664,-86.51771252
2008,9,5,Weekday,1800,2-Car,No injury/unknown,FAILURE TO YIELD RIGHT OF WAY,E 3RD ST & HIGHLAND,39.16424664,-86.51771252
2008,9,7,Weekend,1200,2-Car,Non-incapacitating,IMPROPER TURNING,3RD ST & WOOLAWN,39.16424664,-86.52260976
2008,9,1,Weekend,1400,2-Car,No injury/unknown,IMPROPER TURNING,3RD ST & HIGHLAND,39.16424664,-86.51771252
2008,10,5,Weekday,1000,2-Car,No injury/unknown,IMPROPER LANE USAGE,HIGHLAND & THIRD ST,39.16424664,-86.51771252
2008,11,3,Weekday,1300,1-Car,Non-incapacitating,FAILURE TO YIELD RIGHT OF WAY,1300 EAST 3RD ST & HIGHLAND,39.16424664,-86.51771252
2008,12,6,Weekday,1800,2-Car,No injury/unknown,FAILURE TO YIELD RIGHT OF WAY,3RD ST & HIGHLAND,39.16424664,-86.51771252
2008,7,7,Weekend,1300,2-Car,No injury/unknown,FOLLOWING TOO CLOSELY,KINGSTON & SR46E,39.16424,-86.49259119
2008,12,3,Weekday,1800,2-Car,No injury/unknown,FAILURE TO YIELD RIGHT OF WAY,3RD ST & KINGSTON,39.16424,-86.49329681
2008,8,5,Weekday,2300,1-Car,No injury/unknown,ANIMAL/OBJECT IN ROADWAY,3RD ST & MEADOWBROOK,39.16424,-86.4842076
2008,10,6,Weekday,700,2-Car,No injury/unknown,FOLLOWING TOO CLOSELY,SMITH & SR46E,39.16424,-86.47980598
2008,12,3,Weekday,600,2-Car,No injury/unknown,OTHER (DRIVER) - EXPLAIN IN NARRATIVE,PETE ELLIS & SR46E,39.16424,-86.4949116
2008,1,5,Weekday,900,2-Car,Non-incapacitating,OTHER (VEHICLE) - EXPLAIN IN NARRATIVE,COLLEGE MALL ROAD & E 3RD ST ST,39.16424,-86.4984
2008,1,5,Weekday,1700,Bus,No injury/unknown,OTHER (DRIVER) - EXPLAIN IN NARRATIVE,3RD & KINGSTON DR,39.16424,-86.492944
2008,1,5,Weekday,1400,2-Car,No injury/unknown,FOLLOWING TOO CLOSELY,3RD ST,39.16424,-86.49259396
2008,1,6,Weekday,900,2-Car,Non-incapacitating,FAILURE TO YIELD RIGHT OF WAY,COLLEGE MALL & SR46E,39.16424,-86.4984
2008,1,5,Weekday,1300,2-Car,No injury/unknown,OTHER (DRIVER) - EXPLAIN IN NARRATIVE,3RD & KINGSTON DR,39.16424,-86.492944
2008,1,6,Weekday,900,2-Car,No injury/unknown,FAILURE TO YIELD RIGHT OF WAY,E 3RD ST,39.16424,-86.49425989
2008,1,3,Weekday,2100,1-Car,No injury/unknown,RAN OFF ROAD RIGHT,E 3RD ST,39.16424,-86.49491784
2008,1,4,Weekday,1500,2-Car,No injury/unknown,FAILURE TO YIELD RIGHT OF WAY,COLLEGE MALL & E 3RD ST,39.16424,-86.4984
2008,2,1,Weekend,1400,2-Car,No injury/unknown,FOLLOWING TOO CLOSELY,COLLEGE MALL & SR46,39.16424,-86.4984
2008,2,7,Weekend,1200,3+ Cars,Non-incapacitating,FOLLOWING TOO CLOSELY,COLLEGE MALL & E 3RD ST,39.16424,-86.4984
2008,3,1,Weekend,1700,2-Car,No injury/unknown,FAILURE TO YIELD RIGHT OF WAY,E 3RD ST & KINGSTON,39.16424,-86.492944
2008,3,5,Weekday,1200,2-Car,No injury/unknown,OTHER (DRIVER) - EXPLAIN IN NARRATIVE,3500 W 3RD ST & EASTWEST DR,39.16424,-86.513088
2008,3,6,Weekend,2200,2-Car,No injury/unknown,UNSAFE BACKING,3RD ST,39.16424,-86.480688
2008,4,3,Weekday,1700,2-Car,Non-incapacitating,FAILURE TO YIELD RIGHT OF WAY,2713 EAST 3RD ST & COLLEGE MALL,39.16424,-86.4984
2008,4,7,Weekend,1300,3+ Cars,Non-incapacitating,FAILURE TO YIELD RIGHT OF WAY,COLLEGE MALL & SR46E,39.16424,-86.4984
2008,5,5,Weekday,1200,2-Car,No injury/unknown,OTHER (DRIVER) - EXPLAIN IN NARRATIVE,W 3RD ST,39.16424,-86.48635271
2008,5,6,Weekday,1400,2-Car,No injury/unknown,UNSAFE BACKING,E 3RD ST,39.16424,-86.49259396
2008,5,7,Weekend,1000,2-Car,Non-incapacitating,FAILURE TO YIELD RIGHT OF WAY,300 S COLLEGE MALL RD & E 3RD,39.16424,-86.4984
2008,5,3,Weekday,900,2-Car,No injury/unknown,IMPROPER TURNING,3RD ST ST & CLARIZZ BLVD,39.16424,-86.4908
2008,5,1,Weekend,1300,Moped/Motorcycle,Non-incapacitating,FAILURE TO YIELD RIGHT OF WAY,3001 E 3RD ST & PETE ELLIS,39.16424,-86.495088
2008,5,1,Weekend,900,3+ Cars,No injury/unknown,BRAKE FAILURE OR DEFECTIVE,CLARIZZ BLVD & E 3RD ST ST,39.16424,-86.4908
2008,5,6,Weekday,1400,2-Car,No injury/unknown,IMPROPER TURNING,E 3RD ST,39.16424,-86.49425989
2008,5,7,Weekend,1200,2-Car,No injury/unknown,FOLLOWING TOO CLOSELY,3RD ST ST & CLARIZZ BLVD,39.16424,-86.4908
2008,5,7,Weekend,1200,2-Car,No injury/unknown,FAILURE TO YIELD RIGHT OF WAY,3RD ST ST & SMITH ROAD,39.16424,-86.480688
2008,6,3,Weekday,1100,2-Car,No injury/unknown,FAILURE TO YIELD RIGHT OF WAY,EAST 3RD ST & KINGSTON,39.16424,-86.492944
2008,6,7,Weekend,1800,2-Car,No injury/unknown,IMPROPER TURNING,W 3RD ST,39.16424,-86.48595093
2008,5,4,Weekday,2100,2-Car,No injury/unknown,FAILURE TO YIELD RIGHT OF WAY,3RD ST & COLLEGE MALL,39.16424,-86.4984
2008,6,3,Weekday,1300,2-Car,No injury/unknown,OTHER (DRIVER) - EXPLAIN IN NARRATIVE,W 3RD ST,39.16424,-86.48595093
2008,6,6,Weekday,1500,2-Car,No injury/unknown,OTHER (DRIVER) - EXPLAIN IN NARRATIVE,E 3RD ST,39.16424,-86.4945208
2008,6,3,Weekday,1600,2-Car,No injury/unknown,OTHER (DRIVER) - EXPLAIN IN NARRATIVE,EAST THIRD ST & PETE ELLIS,39.16424,-86.495088
2008,6,3,Weekday,1900,2-Car,No injury/unknown,FAILURE TO YIELD RIGHT OF WAY,COLLEGE MALL & SR46E,39.16424,-86.4984
2008,6,2,Weekday,2200,2-Car,Non-incapacitating,UNSAFE BACKING,W 3RD ST,39.16424,-86.48434743
2008,7,5,Weekday,1200,2-Car,Non-incapacitating,FOLLOWING TOO CLOSELY,3RD & SMITH RD,39.16424,-86.480688
2008,7,7,Weekend,1400,2-Car,Non-incapacitating,FOLLOWING TOO CLOSELY,3RD ST & KINGSTON,39.16424,-86.492944
2008,8,6,Weekday,900,2-Car,No injury/unknown,IMPROPER TURNING,EAST 3RD & SMITH RD,39.16424,-86.480688
2008,8,7,Weekend,1200,2-Car,No injury/unknown,FOLLOWING TOO CLOSELY,E 3RD ST & PETE ELLIS,39.16424,-86.495088
2008,8,2,Weekday,1000,2-Car,No injury/unknown,FOLLOWING TOO CLOSELY,E 3RD ST & MEADOWBROOK,39.16424,-86.484384
2008,8,2,Weekday,1200,2-Car,No injury/unknown,FAILURE TO YIELD RIGHT OF WAY,W 3RD ST,39.16424,-86.488
2008,8,3,Weekday,1600,2-Car,No injury/unknown,IMPROPER TURNING,E 3RD ST,39.16424,-86.49368135
2008,8,5,Weekday,1500,Bus,No injury/unknown,IMPROPER TURNING,3RD ST & KINGSTON,39.16424,-86.492944
2008,8,6,Weekday,1300,2-Car,No injury/unknown,FAILURE TO YIELD RIGHT OF WAY,3RD & KINGSTON DR,39.16424,-86.492944
2008,8,3,Weekday,1600,2-Car,No injury/unknown,FAILURE TO YIELD RIGHT OF WAY,COLLEGE MALL & THIRD ST,39.16424,-86.4984
2008,8,4,Weekday,1200,2-Car,No injury/unknown,DRIVER DISTRACTED - EXPLAIN IN NARRATIVE,3RD & COLLEGE MALL RD,39.16424,-86.4984
2008,8,4,Weekday,1700,2-Car,No injury/unknown,FOLLOWING TOO CLOSELY,PARK RIDGE & SR46E,39.16424,-86.476096