Year,Month,Day,Weekend?,Hour,Collision Type,Injury Type,Primary Factor,Reported_Location,Latitude,Longitude
2008,8,6,Weekend,2200,2-Car,Non-incapacitating,FOLLOWING TOO CLOSELY,E 3RD ST & PETE ELLIS,39.16424,-86.495088
2008,8,4,Weekday,1600,2-Car,No injury/unknown,FOLLOWING TOO CLOSELY,SMITH & SR46E,39.16424,-86.480688
2008,9,2,Weekday,1400,2-Car,No injury/unknown,FOLLOWING TOO CLOSELY,3RD ST & PETE ELLIS,39.16424,-86.495088
2008,9,3,Weekday,1100,2-Car,No injury/unknown,FAILURE TO YIELD RIGHT OF WAY,E 3RD & SO COLLEGE MALL RD,39.16424,-86.4984
2008,9,2,Weekday,1300,2-Car,Non-incapacitating,FAILURE TO YIELD RIGHT OF WAY,SMITHVILLE & SR37N,39.16424,-86.480688
2008,9,5,Weekday,1400,Moped/Motorcycle,Non-incapacitating,FAILURE TO YIELD RIGHT OF WAY,3RD ST & CLARIZZ,39.16424,-86.4908
2008,9,5,Weekday,1700,2-Car,No injury/unknown,SPEED TOO FAST FOR WEATHER CONDITIONS,S COLLEGE MALL & THIRD ST,39.16424,-86.4984
2008,9,1,Weekend,1300,Moped/Motorcycle,Non-incapacitating,OTHER (DRIVER) - EXPLAIN IN NARRATIVE,SMITH & THIRD ST,39.16424,-86.480688
2008,9,4,Weekday,2100,1-Car,No injury/unknown,ALCOHOLIC BEVERAGES,200 BLOCK E SMITHVILLE RD & SR37,39.16424,-86.480688
2008,9,5,Weekday,1100,2-Car,No injury/unknown,FAILURE TO YIELD RIGHT OF WAY,SMITHVILLE & SR37S,39.16424,-86.480688
2008,9,6,Weekday,1700,2-Car,No injury/unknown,IMPROPER TURNING,E 3RD ST,39.16424,-86.49406114
2008,9,2,Weekday,2100,3+ Cars,Non-incapacitating,OTHER (DRIVER) - EXPLAIN IN NARRATIVE,COLLEGE MALL & THIRD ST,39.16424,-86.4984
2008,9,6,Weekday,1100,Moped/Motorcycle,Non-incapacitating,OTHER (DRIVER) - EXPLAIN IN NARRATIVE,E 3RD ST,39.16424,-86.49259396
2008,9,1,Weekend,1700,2-Car,No injury/unknown,FOLLOWING TOO CLOSELY,COLLEGE MALL & SR46,39.16424,-86.4984
2008,9,4,Weekday,1200,2-Car,No injury/unknown,OTHER (DRIVER) - EXPLAIN IN NARRATIVE,E 3RD ST,39.16424,-86.49425989
2008,9,4,Weekday,2000,1-Car,No injury/unknown,UNSAFE BACKING,E 3RD ST,39.16424,-86.4984
2008,9,7,Weekend,600,1-Car,No injury/unknown,OTHER (VEHICLE) - EXPLAIN IN NARRATIVE,W 3RD ST,39.16424,-86.492944
2008,9,1,Weekend,1700,2-Car,Non-incapacitating,DISREGARD SIGNAL/REG SIGN,E 3RD ST & SMITH,39.16424,-86.480688
2008,10,6,Weekday,1600,2-Car,No injury/unknown,FAILURE TO YIELD RIGHT OF WAY,SMITH & SR46E,39.16424,-86.480688
2008,10,2,Weekday,1500,2-Car,No injury/unknown,FAILURE TO YIELD RIGHT OF WAY,COLLEGE MALL RD & THIRD,39.16424,-86.49827
2008,10,2,Weekday,1300,2-Car,No injury/unknown,FAILURE TO YIELD RIGHT OF WAY,SMITHVILLE & SR37S,39.16424,-86.480688
2008,10,5,Weekday,1900,2-Car,No injury/unknown,OTHER (DRIVER) - EXPLAIN IN NARRATIVE,3001 E 3RD ST & PETE ELLIS,39.16424,-86.495088
2008,10,1,Weekend,1100,2-Car,No injury/unknown,PRESCRIPTION DRUGS,E 3RD ST,39.16424,-86.473663
2008,10,1,Weekend,1600,2-Car,No injury/unknown,FAILURE TO YIELD RIGHT OF WAY,E 3RD ST,39.16424,-86.49259396
2008,10,6,Weekday,1100,2-Car,No injury/unknown,FOLLOWING TOO CLOSELY,EAST 3RD & SOUTH SMITH RD,39.16424,-86.480688
2008,10,2,Weekday,700,2-Car,Non-incapacitating,FOLLOWING TOO CLOSELY,COLLEGE MALL & SR46E,39.16424,-86.4984
2008,10,6,Weekday,1100,2-Car,No injury/unknown,FAILURE TO YIELD RIGHT OF WAY,3RD ST & COLLEGE MALL RD RD,39.16424,-86.4984
2008,10,6,Weekday,1400,2-Car,Non-incapacitating,OTHER (DRIVER) - EXPLAIN IN NARRATIVE,3RD ST & COLLEGE MALL,39.16424,-86.4984
2008,10,6,Weekday,1600,2-Car,No injury/unknown,FOLLOWING TOO CLOSELY,KINGSTON & SR46E,39.16424,-86.492944
2008,10,6,Weekday,1600,2-Car,Non-incapacitating,DRIVER DISTRACTED - EXPLAIN IN NARRATIVE,E THIRD ST & MORNINGSIDE,39.16424,-86.473696
2008,11,7,Weekend,300,1-Car,No injury/unknown,UNSAFE SPEED,200 S MEADOWBROOK DR DR & E 3RD ST,39.16424,-86.484384
2008,11,1,Weekend,1400,Moped/Motorcycle,Non-incapacitating,OTHER (DRIVER) - EXPLAIN IN NARRATIVE,3RD ST & MORNINGSIDE,39.16424,-86.473696
2008,11,2,Weekday,1600,2-Car,No injury/unknown,FOLLOWING TOO CLOSELY,3RD ST & KINGSTON,39.16424,-86.492944
2008,11,7,Weekend,2200,2-Car,Non-incapacitating,FAILURE TO YIELD RIGHT OF WAY,SMITH RD & STATE 46,39.16424,-86.480688
2008,11,3,Weekday,1400,2-Car,No injury/unknown,FAILURE TO YIELD RIGHT OF WAY,S KINGSTON ST & W 3RD,39.16424,-86.492944
2008,11,3,Weekday,1600,2-Car,No injury/unknown,DRIVER DISTRACTED - EXPLAIN IN NARRATIVE,3RD ST & MORNINGSIDE,39.16424,-86.473696
2008,11,2,Weekday,1200,2-Car,No injury/unknown,OTHER (DRIVER) - EXPLAIN IN NARRATIVE,W 3RD ST,39.16424,-86.48346971
2008,12,3,Weekday,900,2-Car,No injury/unknown,FAILURE TO YIELD RIGHT OF WAY,300 S COLLEGE MALL ROAD RD & 3RD ST,39.16424,-86.4984
2008,12,7,Weekend,2300,2-Car,No injury/unknown,ROADWAY SURFACE CONDITION,CLARIZZ & SR46E,39.16424,-86.4908
2008,12,7,Weekend,1400,2-Car,Non-incapacitating,FAILURE TO YIELD RIGHT OF WAY,COLLEGE MALL & COLLEGE MALL RD,39.16424,-86.4984
2008,12,6,Weekday,800,2-Car,No injury/unknown,FAILURE TO YIELD RIGHT OF WAY,CLARIZZ & SR46E,39.16424,-86.4908
2008,12,6,Weekday,0,2-Car,No injury/unknown,FAILURE TO YIELD RIGHT OF WAY,COLLEGE MALL RD & SR46E,39.16424,-86.4984
2008,12,2,Weekday,1400,2-Car,No injury/unknown,OTHER (DRIVER) - EXPLAIN IN NARRATIVE,N COLLEGE MALL ENTRANCE & S COLLEGE MALL RD,39.16424,-86.4984
2008,12,3,Weekday,1300,2-Car,No injury/unknown,ROADWAY SURFACE CONDITION,MORNINGSIDE & SR46E,39.16424,-86.473696
2008,12,5,Weekday,1400,2-Car,Non-incapacitating,FAILURE TO YIELD RIGHT OF WAY,EAST 3RD ST & PARK RIDGE,39.16424,-86.476096
2008,12,3,Weekday,1300,2-Car,Non-incapacitating,ROADWAY SURFACE CONDITION,MORNINGSIDE & SR46E,39.16424,-86.473696
2008,12,4,Weekday,600,2-Car,Non-incapacitating,OTHER (ENVIRONMENTAL) - EXPLAIN IN NARR,E 3RD ST ST,39.1642393,-86.49515826
2008,6,3,Weekday,1500,2-Car,No injury/unknown,OTHER (DRIVER) - EXPLAIN IN NARRATIVE,E 3RD ST,39.16423902,-86.49829616
2008,1,7,Weekend,1500,2-Car,No injury/unknown,UNSAFE BACKING,E 3RD ST,39.16423861,-86.49522852
2008,4,6,Weekday,1700,1-Car,No injury/unknown,OTHER (DRIVER) - EXPLAIN IN NARRATIVE,E 3RD ST ST,39.16423861,-86.49522852
2008,5,5,Weekday,1200,2-Car,No injury/unknown,OTHER (DRIVER) - EXPLAIN IN NARRATIVE,E 3RD ST,39.16423861,-86.49522852
2008,7,6,Weekday,1600,2-Car,No injury/unknown,UNSAFE BACKING,E 3RD ST,39.16423861,-86.49522852
2008,11,7,Weekend,2100,3+ Cars,No injury/unknown,UNSAFE SPEED,E 3RD ST,39.16423861,-86.49522852
2008,2,7,Weekend,1100,2-Car,No injury/unknown,UNSAFE BACKING,E 3RD ST,39.16423674,-86.49805388
2008,2,6,Weekday,900,2-Car,No injury/unknown,UNSAFE BACKING,EAST 3RD ST,39.164234,-86.49752
2008,9,2,Weekday,2000,2-Car,No injury/unknown,OTHER (DRIVER) - EXPLAIN IN NARRATIVE,THIRD ST,39.164231,-86.497271
2008,10,4,Weekday,1200,2-Car,No injury/unknown,OTHER (VEHICLE) - EXPLAIN IN NARRATIVE,EAST 3RD ST,39.16423,-86.497269
2008,6,5,Weekday,500,1-Car,No injury/unknown,ANIMAL/OBJECT IN ROADWAY,SR 446 & SR46W,39.16422957,-86.47208686
2008,11,5,Weekday,1800,1-Car,No injury/unknown,ANIMAL/OBJECT IN ROADWAY,SR446E & ST RD 46,39.16422957,-86.47191391
2008,3,1,Weekend,1400,2-Car,No injury/unknown,FAILURE TO YIELD RIGHT OF WAY,PARKRIDGE & SR46E,39.16422615,-86.47630108
2008,6,7,Weekend,1100,2-Car,No injury/unknown,FAILURE TO YIELD RIGHT OF WAY,PARKRIDGE & SR46E,39.16422615,-86.47629797
2008,1,1,Weekend,1600,2-Car,No injury/unknown,UNSAFE BACKING,E 3RD ST,39.16422546,-86.49655709
2008,7,6,Weekday,1300,2-Car,No injury/unknown,OTHER (DRIVER) - EXPLAIN IN NARRATIVE,E 3RD ST,39.16422546,-86.49655709
2008,5,4,Weekday,900,2-Car,No injury/unknown,OTHER (DRIVER) - EXPLAIN IN NARRATIVE,E 3RD ST,39.16422436,-86.49666727
2008,5,7,Weekend,1500,2-Car,No injury/unknown,FOLLOWING TOO CLOSELY,E 3RD ST,39.164224,-86.496704
2008,10,1,Weekend,1700,Moped/Motorcycle,No injury/unknown,UNSAFE SPEED,EAST 3RD ST,39.164221,-86.476167
2008,10,7,Weekend,400,2-Car,No injury/unknown,OTHER (DRIVER) - EXPLAIN IN NARRATIVE,3RD ST,39.164221,-86.476167
2008,6,1,Weekend,1300,1-Car,No injury/unknown,ANIMAL/OBJECT IN ROADWAY,E 3RD ST ST & PARKRIDGE RD,39.16422,-86.47629135
2008,7,7,Weekend,1800,2-Car,Non-incapacitating,FAILURE TO YIELD RIGHT OF WAY,EAST THIRD ST & WILLIAMSBURG,39.16422,-86.49658
2008,10,5,Weekday,1800,2-Car,Non-incapacitating,FOLLOWING TOO CLOSELY,E 3RD ST & WILLIAMBURG,39.16422,-86.49658
2008,10,7,Weekend,1800,2-Car,No injury/unknown,FAILURE TO YIELD RIGHT OF WAY,3RD ST & PARKRIDGE,39.16422,-86.47628703
2008,12,3,Weekday,700,2-Car,No injury/unknown,SPEED TOO FAST FOR WEATHER CONDITIONS,300 SOUTH PARK RIDGE DR & EAST THIRD,39.16422,-86.476299
2008,7,4,Weekday,1800,2-Car,No injury/unknown,IMPROPER TURNING,EAST THIRD ST,39.164217,-86.495697
2008,12,4,Weekday,800,2-Car,No injury/unknown,OTHER (VEHICLE) - EXPLAIN IN NARRATIVE,EAST THIRD ST,39.164217,-86.495697
2008,1,5,Weekday,1500,2-Car,No injury/unknown,UNSAFE BACKING,3RD ST,39.164215,-86.480223
2008,11,3,Weekday,1100,2-Car,No injury/unknown,OTHER (DRIVER) - EXPLAIN IN NARRATIVE,EAST THIRD ST,39.164214,-86.495275
2008,4,4,Weekday,1500,2-Car,No injury/unknown,UNSAFE BACKING,EAST 3RD ST,39.16421,-86.494446
2008,4,7,Weekend,1300,2-Car,No injury/unknown,OTHER (VEHICLE) - EXPLAIN IN NARRATIVE,EAST 3RD ST,39.16421,-86.492181
2008,5,2,Weekday,200,2-Car,No injury/unknown,OTHER (DRIVER) - EXPLAIN IN NARRATIVE,EAST THIRD ST,39.16421,-86.493719
2008,7,5,Weekday,1300,2-Car,No injury/unknown,DRIVER DISTRACTED - EXPLAIN IN NARRATIVE,EAST 3RD ST,39.16421,-86.493962
2008,7,6,Weekday,1000,2-Car,No injury/unknown,FOLLOWING TOO CLOSELY,EAST THIRD & SMITH RD,39.16421,-86.48122
2008,8,1,Weekend,1400,2-Car,No injury/unknown,OTHER (DRIVER) - EXPLAIN IN NARRATIVE,E THIRD ST,39.16421,-86.493962
2008,8,1,Weekend,1600,2-Car,No injury/unknown,OTHER (DRIVER) - EXPLAIN IN NARRATIVE,E THIRD ST,39.16421,-86.493962
2008,10,5,Weekday,2000,3+ Cars,No injury/unknown,FAILURE TO YIELD RIGHT OF WAY,E THIRD & KINGSTON DR,39.16421,-86.49304
2008,11,3,Weekday,1400,2-Car,No injury/unknown,IMPROPER TURNING,EAST 3RD ST,39.16421,-86.49446
2008,12,1,Weekend,1000,2-Car,No injury/unknown,OTHER (VEHICLE) - EXPLAIN IN NARRATIVE,EAST THIRD ST,39.16421,-86.493962
2008,2,6,Weekday,900,2-Car,Non-incapacitating,LEFT OF CENTER,3RD & SR37S,39.1642027,-86.57310558
2008,12,3,Weekday,800,2-Car,Non-incapacitating,FOLLOWING TOO CLOSELY,300 S HIGH ST ST & 3RD,39.16418721,-86.508288
2008,8,3,Weekday,1500,2-Car,No injury/unknown,FAILURE TO YIELD RIGHT OF WAY,3RD & CORY LN,39.16413236,-86.56008
2008,11,6,Weekday,1700,2-Car,No injury/unknown,FAILURE TO YIELD RIGHT OF WAY,3RD & COLLEGE MALL RD,39.16413171,-86.49837623
2008,3,5,Weekday,1600,2-Car,No injury/unknown,OTHER (DRIVER) - EXPLAIN IN NARRATIVE,S GRANT ST,39.164128,-86.52973257
2008,6,1,Weekend,1800,1-Car,No injury/unknown,OTHER (DRIVER) - EXPLAIN IN NARRATIVE,S GRANT ST,39.16409143,-86.5297329
2008,3,6,Weekday,1600,1-Car,No injury/unknown,ROADWAY SURFACE CONDITION,N TRAILWAY & SR46E,39.16408692,-86.4274321
2008,5,3,Weekday,800,2-Car,No injury/unknown,FAILURE TO YIELD RIGHT OF WAY,ARCH HAVEN & S LANDMARK AVE,39.16405481,-86.55404913
2008,12,6,Weekend,2200,2-Car,No injury/unknown,DRIVER DISTRACTED - EXPLAIN IN NARRATIVE,3RD & COLLEGE MALL RD,39.16402342,-86.49835246
2008,12,4,Weekday,1800,2-Car,No injury/unknown,OTHER (DRIVER) - EXPLAIN IN NARRATIVE,3RD & WOODCREST RD,39.16399735,-86.50241468
2008,10,3,Weekday,1800,2-Car,No injury/unknown,UNSAFE BACKING,S COLLEGE MALL RD,39.16394547,-86.49833535
2008,6,1,Weekend,1100,2-Car,No injury/unknown,OTHER (DRIVER) - EXPLAIN IN NARRATIVE,SR37N & W 3RD,39.16392808,-86.57311182
2008,10,6,Weekend,2100,1-Car,Incapacitating,OVERCORRECTING/OVERSTEERING,3RD & SR37S,39.16392808,-86.57311182
2008,2,5,Weekday,1300,2-Car,No injury/unknown,FAILURE TO YIELD RIGHT OF WAY,300 BLK S COLLEGE MALL RD & E 3RD ST,39.1638339,-86.49831086
2008,10,3,Weekday,1600,2-Car,No injury/unknown,FAILURE TO YIELD RIGHT OF WAY,S ROGERS ST & W PROSPECT,39.163744,-86.538592
2008,2,6,Weekend,2200,2-Car,No injury/unknown,UNSAFE BACKING,S SWAIN AVE,39.163731,-86.515269
2008,6,5,Weekday,2000,2-Car,No injury/unknown,OTHER (DRIVER) - EXPLAIN IN NARRATIVE,S SWAIN AVE,39.163731,-86.515269
2008,7,5,Weekday,1200,2-Car,No injury/unknown,FAILURE TO YIELD RIGHT OF WAY,3RD & KINGSTON DR,39.1636915,-86.49298227
2008,3,3,Weekday,1500,2-Car,No injury/unknown,OTHER (DRIVER) - EXPLAIN IN NARRATIVE,BENDER ROAD & SR45E,39.163648,-86.438
2008,3,3,Weekday,1700,2-Car,No injury/unknown,FAILURE TO YIELD RIGHT OF WAY,MADISON ST & PROSPECT,39.163648,-86.537296
2008,8,1,Weekend,1700,2-Car,No injury/unknown,UNSAFE BACKING,LIBERTY DR,39.16364,-86.579157
2008,11,4,Weekday,1300,1-Car,Non-incapacitating,ILLEGAL DRUGS,GARRISON LCHAPEL ROAD & SR48W,39.1636251,-86.65007811
2008,8,7,Weekend,1200,2-Car,No injury/unknown,UNSAFE BACKING,KINGSTON DR,39.16362305,-86.47182991
2008,1,7,Weekend,600,1-Car,No injury/unknown,ANIMAL/OBJECT IN ROADWAY,GARRISON CHAPEL & SR48W,39.1636196,-86.64984955
2008,8,4,Weekday,1700,2-Car,Incapacitating,DRIVER ASLEEP OR FATIGUED,BENDER & SR46E,39.16358084,-86.44152699
2008,2,6,Weekday,1400,2-Car,No injury/unknown,ROADWAY SURFACE CONDITION,WOODSCREST DR,39.163575,-86.502414
2008,5,7,Weekend,1600,1-Car,No injury/unknown,ANIMAL/OBJECT IN ROADWAY,E TRAILWAYS & SR46E,39.16355934,-86.42589328
2008,6,6,Weekday,1400,Moped/Motorcycle,Incapacitating,RAN OFF ROAD RIGHT,SR46E & TRAILWAY,39.16355934,-86.42589328
2008,1,4,Weekday,800,1-Car,No injury/unknown,RAN OFF ROAD RIGHT,N TRAILWAY & SR46E,39.16355848,-86.42596383
2008,10,2,Weekday,1700,3+ Cars,No injury/unknown,FAILURE TO YIELD RIGHT OF WAY,S TWINLEAF TRACE & SR46E,39.1635568,-86.44424935
2008,7,7,Weekend,0,1-Car,Fatal,ALCOHOLIC BEVERAGES,3RD & ROGERS ST,39.16355546,-86.538592
2008,6,4,Weekday,1500,Moped/Motorcycle,No injury/unknown,CELL PHONE USAGE,BELLE AVE & S CURRY,39.163552,-86.582896
2008,11,6,Weekend,2100,2-Car,No injury/unknown,FAILURE TO YIELD RIGHT OF WAY,BELLE AVE & CURRY PIKE PIKE,39.163552,-86.582896
2008,10,6,Weekday,1000,2-Car,No injury/unknown,IMPROPER LANE USAGE,3RD & COLLEGE AVE,39.1635414,-86.53482636
2008,1,3,Weekday,2200,2-Car,No injury/unknown,ROADWAY SURFACE CONDITION,3RD ST & PATTERSON,39.16346117,-86.55130339
2008,7,3,Weekday,1300,2-Car,No injury/unknown,FAILURE TO YIELD RIGHT OF WAY,3RD ST & PATTERSON,39.16346117,-86.55129473
2008,8,6,Weekend,2000,2-Car,Non-incapacitating,FAILURE TO YIELD RIGHT OF WAY,PATTERSON & W THIRD ST,39.16346117,-86.55130339
2008,9,2,Weekday,2100,Pedestrian,Incapacitating,ALCOHOLIC BEVERAGES,3RD ST & PATTERSON,39.16346117,-86.55130339
2008,10,7,Weekend,1200,2-Car,No injury/unknown,FAILURE TO YIELD RIGHT OF WAY,S PATERSON & W 3RD ST,39.16346117,-86.55130339
2008,12,7,Weekend,1200,1-Car,No injury/unknown,SPEED TOO FAST FOR WEATHER CONDITIONS,3RD ST & PATTERSON,39.16346117,-86.55131637
2008,1,4,Weekday,1700,1-Car,Non-incapacitating,ROADWAY SURFACE CONDITION,BREEDEN RD & GRAVES,39.1634566,-86.6714
2008,12,6,Weekday,1700,2-Car,No injury/unknown,FAILURE TO YIELD RIGHT OF WAY,ALEXANDER & GATES DR,39.16343264,-86.57639067
2008,4,3,Weekday,1400,2-Car,No injury/unknown,FAILURE TO YIELD RIGHT OF WAY,3RD & COLLEGE MALL RD,39.16342781,-86.49822171
2008,7,4,Weekday,700,2-Car,No injury/unknown,UNSAFE BACKING,BELLE & VILLAGE CT,39.16341468,-86.58379441
2008,6,1,Weekend,600,1-Car,No injury/unknown,ANIMAL/OBJECT IN ROADWAY,OARD & SR48W,39.16338417,-86.64508228
2008,6,1,Weekend,1700,Moped/Motorcycle,Non-incapacitating,DRIVER DISTRACTED - EXPLAIN IN NARRATIVE,3RD & SR37S,39.16337885,-86.5731243
2008,7,6,Weekend,2200,1-Car,No injury/unknown,OBSTRUCTION NOT MARKED,3RD & SR37N,39.16337885,-86.5731243
2008,12,5,Weekday,1700,1-Car,No injury/unknown,TIRE FAILURE OR DEFECTIVE,3RD & SR37N,39.16337885,-86.5731243
2008,5,1,Weekend,400,2-Car,No injury/unknown,ALCOHOLIC BEVERAGES,PARKWAY DR,39.16336698,-86.5888
2008,4,5,Weekday,2000,2-Car,Non-incapacitating,FAILURE TO YIELD RIGHT OF WAY,ATWATER AVE & HENDERSON,39.163344,-86.5272
2008,5,6,Weekday,1100,2-Car,No injury/unknown,FAILURE TO YIELD RIGHT OF WAY,E ATWATER AVE & S HENDERSON,39.163344,-86.5272
2008,7,4,Weekday,800,2-Car,No injury/unknown,FAILURE TO YIELD RIGHT OF WAY,E ATWATER AVE & S HENDERSON,39.163344,-86.5272
2008,9,4,Weekday,1100,2-Car,No injury/unknown,FAILURE TO YIELD RIGHT OF WAY,ATWATER & HENDERSON ST,39.163344,-86.5272
2008,10,3,Weekday,2100,2-Car,No injury/unknown,FAILURE TO YIELD RIGHT OF WAY,ATWATER AVE & HENDERSON,39.163344,-86.5272
2008,2,1,Weekend,1400,2-Car,No injury/unknown,OTHER (DRIVER) - EXPLAIN IN NARRATIVE,ATWATER & S PARK AVE,39.163296,-86.524
2008,9,4,Weekday,1200,2-Car,Non-incapacitating,FAILURE TO YIELD RIGHT OF WAY,ATWATER AVE & PARK,39.163296,-86.524
2008,10,7,Weekend,300,1-Car,No injury/unknown,UNSAFE SPEED,ATWATER AVE & INDIANA,39.16323,-86.52783
2008,6,4,Weekday,1800,2-Car,No injury/unknown,DRIVER DISTRACTED - EXPLAIN IN NARRATIVE,COLLEGE AVE & SMITH,39.16321865,-86.53482941
2008,2,1,Weekend,1600,2-Car,No injury/unknown,FAILURE TO YIELD RIGHT OF WAY,ATWATER AVE & HIGHLAND,39.1632,-86.517584
2008,2,3,Weekday,1500,2-Car,No injury/unknown,FAILURE TO YIELD RIGHT OF WAY,ATWATER & S HIGHLAND AVE,39.1632,-86.517584
2008,2,7,Weekend,1700,2-Car,No injury/unknown,OTHER (DRIVER) - EXPLAIN IN NARRATIVE,ATWATER & HIGH ST,39.16317733,-86.508288
2008,9,6,Weekday,1600,2-Car,Non-incapacitating,DRIVER DISTRACTED - EXPLAIN IN NARRATIVE,7TH ST & FOREST,39.16317313,-86.52105931
2008,8,3,Weekday,2000,2-Car,No injury/unknown,DISREGARD SIGNAL/REG SIGN,ATWATER AVE & JORDAN,39.163168,-86.516384
2008,10,2,Weekday,2200,2-Car,No injury/unknown,IMPROPER TURNING,ATWATER AVE & JORDAN,39.163168,-86.516384
2008,3,4,Weekday,1400,1-Car,No injury/unknown,OTHER (DRIVER) - EXPLAIN IN NARRATIVE,ATWATER ST & SWAIN,39.163152,-86.515168
2008,3,6,Weekday,1200,2-Car,No injury/unknown,ROADWAY SURFACE CONDITION,400 S SWAIN AVE & ATWATER,39.163152,-86.515168
2008,4,7,Weekend,200,1-Car,No injury/unknown,RAN OFF ROAD RIGHT,ATWATER ST & SWAIN,39.163152,-86.515168
2008,7,3,Weekday,700,2-Car,No injury/unknown,IMPROPER TURNING,E ATWATER ST & SWAIN,39.163152,-86.515168
2008,1,6,Weekend,1900,2-Car,Non-incapacitating,FAILURE TO YIELD RIGHT OF WAY,ATWATER & HENDERSON ST,39.16314,-86.52727
2008,1,5,Weekday,1500,Pedestrian,No injury/unknown,OTHER (DRIVER) - EXPLAIN IN NARRATIVE,ATWATER & HENDERSON ST,39.16314,-86.52727
2008,2,6,Weekday,1300,2-Car,No injury/unknown,IMPROPER LANE USAGE,ATWATER AVE & HENDERSON,39.16314,-86.52725789
2008,4,2,Weekday,2200,2-Car,Non-incapacitating,DISREGARD SIGNAL/REG SIGN,ATWATER AVE & HENDERSON,39.16314,-86.52727
2008,7,6,Weekday,1500,1-Car,No injury/unknown,OTHER (DRIVER) - EXPLAIN IN NARRATIVE,ATWATER AVE & HENDERSON,39.16314,-86.52724404
2008,8,6,Weekday,1500,2-Car,Non-incapacitating,FAILURE TO YIELD RIGHT OF WAY,ATWATER AVE & HENDERSON,39.16314,-86.52727
2008,8,6,Weekday,1300,2-Car,Non-incapacitating,FAILURE TO YIELD RIGHT OF WAY,ATWATER AVE & HENDERSON,39.16314,-86.52727
2008,8,5,Weekday,2000,2-Car,No injury/unknown,DISREGARD SIGNAL/REG SIGN,ATWATER AVE & HENDERSON,39.16314,-86.52727
2008,9,2,Weekday,1500,1-Car,Non-incapacitating,RAN OFF ROAD RIGHT,ATWATER RD & HENDERSON,39.16314,-86.52726567
2008,9,6,Weekday,1700,2-Car,No injury/unknown,DISREGARD SIGNAL/REG SIGN,ATWATER AVE & HENDERSON,39.16314,-86.52727
2008,10,7,Weekend,2200,2-Car,Non-incapacitating,FAILURE TO YIELD RIGHT OF WAY,ATWATER ST & HENDERSON,39.16314,-86.52727
2008,6,2,Weekday,1000,2-Car,No injury/unknown,FAILURE TO YIELD RIGHT OF WAY,ATWATER AVE & MITCHELL,39.16313863,-86.51427237
2008,8,4,Weekday,1500,1-Car,Non-incapacitating,RAN OFF ROAD RIGHT,ATWATER & HIGH ST,39.16313613,-86.508288
2008,1,2,Weekday,1000,2-Car,No injury/unknown,,ATWATER & WOODLAWN AVE,39.16312,-86.52262
2008,1,7,Weekend,1800,2-Car,Non-incapacitating,FAILURE TO YIELD RIGHT OF WAY,ATWATER AVE & EASTSIDE,39.16312,-86.513088
2008,2,3,Weekday,1000,3+ Cars,No injury/unknown,ROADWAY SURFACE CONDITION,E ATWATER ST,39.16312,-86.522619
2008,9,1,Weekend,1300,2-Car,No injury/unknown,IMPROPER LANE USAGE,ATWATER AVE & FESS,39.16312,-86.5259
2008,11,3,Weekday,1300,2-Car,No injury/unknown,FAILURE TO YIELD RIGHT OF WAY,ATWATER AVE & FESS,39.16312,-86.52588702
2008,12,4,Weekday,1100,2-Car,No injury/unknown,ROADWAY SURFACE CONDITION,EAST ATWATER AVE,39.16312,-86.525899
2008,11,3,Weekday,1300,2-Car,No injury/unknown,FAILURE TO YIELD RIGHT OF WAY,EAST ATWATER AVE,39.163116,-86.522225
2008,4,6,Weekday,1800,2-Car,Non-incapacitating,UNSAFE SPEED,ATWATER AVE & PARK,39.16311,-86.52403
2008,4,2,Weekday,700,2-Car,No injury/unknown,ALCOHOLIC BEVERAGES,E ATWATER AVE,39.16311,-86.524029
2008,7,3,Weekday,800,2-Car,No injury/unknown,IMPROPER TURNING,EAST ATWATER ST,39.16311,-86.524029
2008,10,5,Weekday,1100,2-Car,No injury/unknown,OVERCORRECTING/OVERSTEERING,E ATWATER AVE,39.16311,-86.524029
2008,3,6,Weekday,1400,2-Car,No injury/unknown,FOLLOWING TOO CLOSELY,ATWATER AVE & HAWTHORNE,39.16309,-86.52021
2008,9,6,Weekday,1300,2-Car,No injury/unknown,IMPROPER TURNING,ATWATER AVE & HAWTHORNE,39.16309,-86.52021
2008,3,3,Weekday,2100,1-Car,No injury/unknown,IMPROPER TURNING,ATWATER & SWAIN AVE,39.16308,-86.51527
2008,3,6,Weekday,1000,2-Car,No injury/unknown,OTHER (ENVIRONMENTAL) - EXPLAIN IN NARR,ATWATER AVE & MITCHELL,39.16308,-86.51418
2008,6,5,Weekday,1500,2-Car,No injury/unknown,IMPROPER TURNING,E ATWATER AVE & S SWAIN,39.16308,-86.51527
2008,8,6,Weekday,100,1-Car,No injury/unknown,ALCOHOLIC BEVERAGES,ATWATER ST & SWAIN,39.16308,-86.51527
2008,10,3,Weekday,1500,2-Car,No injury/unknown,FOLLOWING TOO CLOSELY,ATWATER AVE & MITCHELL,39.16308,-86.51418
2008,12,2,Weekday,1500,2-Car,No injury/unknown,FAILURE TO YIELD RIGHT OF WAY,ATWATER AVE & CLIFTON,39.163072,-86.5096
2008,10,6,Weekend,1900,2-Car,No injury/unknown,IMPROPER LANE USAGE,ATWATER AVE & BALLANTINE,39.16307,-86.51913
2008,11,4,Weekday,1700,2-Car,Non-incapacitating,FOLLOWING TOO CLOSELY,ATWATER AVE & BALLANTINE,39.16307,-86.5191274