Year,Month,Day,Weekend?,Hour,Collision Type,Injury Type,Primary Factor,Reported_Location,Latitude,Longitude
2008,9,5,Weekday,1600,2-Car,No injury/unknown,BRAKE FAILURE OR DEFECTIVE,ATWATER AVE & HIGHLAND,39.16306,-86.51773
2008,2,7,Weekend,1500,2-Car,No injury/unknown,OTHER (DRIVER) - EXPLAIN IN NARRATIVE,ATWATER AVE & JORDAN,39.16305,-86.51639
2008,3,6,Weekend,1900,2-Car,No injury/unknown,SPEED TOO FAST FOR WEATHER CONDITIONS,ATWATER & JORDAN AVE,39.16305,-86.51639
2008,8,5,Weekday,2200,2-Car,Non-incapacitating,IMPROPER LANE USAGE,ATWATER AVE & JORDAN,39.16305,-86.51639
2008,9,1,Weekend,900,2-Car,Non-incapacitating,DISREGARD SIGNAL/REG SIGN,ATWATER AVE & JORDAN,39.16305,-86.51639
2008,5,6,Weekday,1500,2-Car,No injury/unknown,FAILURE TO YIELD RIGHT OF WAY,ATWATER AVE & HIGHLAND,39.16304453,-86.51771252
2008,9,2,Weekday,1700,2-Car,No injury/unknown,FAILURE TO YIELD RIGHT OF WAY,ATWATER AVE & HIGHLAND,39.16304453,-86.51771252
2008,9,2,Weekday,1500,2-Car,No injury/unknown,FAILURE TO YIELD RIGHT OF WAY,ATWATER & HIGH ST,39.16304,-86.508288
2008,5,5,Weekday,1000,2-Car,No injury/unknown,OTHER (DRIVER) - EXPLAIN IN NARRATIVE,S ROGERS ST & W SMITH,39.162992,-86.538592
2008,8,6,Weekday,700,2-Car,No injury/unknown,DRIVER DISTRACTED - EXPLAIN IN NARRATIVE,COLLEGE MALL RD & EASTLAND PLAZA,39.16297645,-86.49804622
2008,8,1,Weekend,1700,2-Car,No injury/unknown,FAILURE TO YIELD RIGHT OF WAY,COLLEGE MALL ENTRANCE WN & COLLEGE MALL RD,39.16297021,-86.49803817
2008,11,6,Weekday,1700,2-Car,No injury/unknown,FOLLOWING TOO CLOSELY,HAGAN & SMITH RD,39.16295,-86.4808
2008,12,7,Weekend,1400,1-Car,No injury/unknown,OTHER (DRIVER) - EXPLAIN IN NARRATIVE,COLLEGE & SMITH ST,39.162944,-86.534832
2008,3,6,Weekend,2300,2-Car,No injury/unknown,DISREGARD SIGNAL/REG SIGN,S COLLEGE MALL RD,39.162928,-86.498112
2008,2,6,Weekday,1100,2-Car,No injury/unknown,UNSAFE BACKING,S HENDERSON ST,39.162848,-86.527184
2008,3,4,Weekday,1800,1-Car,No injury/unknown,UNSAFE BACKING,S WALNUT ST & SMITH,39.162848,-86.5336
2008,5,6,Weekday,1700,2-Car,No injury/unknown,UNSAFE BACKING,S HENDERSON ST,39.162848,-86.527184
2008,9,2,Weekday,1100,2-Car,No injury/unknown,DRIVER ILLNESS,S HENDERSON ST,39.162848,-86.527184
2008,9,3,Weekday,900,2-Car,No injury/unknown,FAILURE TO YIELD RIGHT OF WAY,400 S GRANT ST & SMITH,39.162848,-86.529744
2008,12,3,Weekday,1900,2-Car,No injury/unknown,ROADWAY SURFACE CONDITION,GRANT & SMITH AVE,39.162848,-86.5293912
2008,4,2,Weekday,2100,3+ Cars,Non-incapacitating,IMPROPER LANE USAGE,11TH & N COLLEGE AVE,39.16270321,-86.5348
2008,7,6,Weekday,900,2-Car,No injury/unknown,FAILURE TO YIELD RIGHT OF WAY,ADAMS & PATTERSON DR,39.16267,-86.5505
2008,9,3,Weekday,1200,Moped/Motorcycle,Non-incapacitating,FAILURE TO YIELD RIGHT OF WAY,ADAMS & PATTERSON ST,39.16267,-86.5505
2008,9,6,Weekday,1800,1-Car,No injury/unknown,OTHER (DRIVER) - EXPLAIN IN NARRATIVE,DANIELS WAY,39.16264,-86.583808
2008,4,4,Weekday,1500,3+ Cars,No injury/unknown,OTHER (VEHICLE) - EXPLAIN IN NARRATIVE,LANDMARK AVE,39.16255959,-86.5561255
2008,6,1,Weekend,1700,1-Car,Non-incapacitating,OTHER (VEHICLE) - EXPLAIN IN NARRATIVE,SR37S & W 3RD,39.16255508,-86.57314684
2008,4,3,Weekday,500,3+ Cars,No injury/unknown,OTHER (DRIVER) - EXPLAIN IN NARRATIVE,800 WEST HOWE ST & MAPLE,39.16243664,-86.54227638
2008,2,2,Weekday,2100,Pedestrian,Non-incapacitating,LEFT OF CENTER,PARKRIDGE RD,39.162411,-86.476249
2008,5,3,Weekday,1500,2-Car,No injury/unknown,FAILURE TO YIELD RIGHT OF WAY,W HOWE ST,39.16241,-86.540938
2008,5,6,Weekday,1400,2-Car,No injury/unknown,FAILURE TO YIELD RIGHT OF WAY,HOWE & ROGERS ST,39.1624,-86.538592
2008,8,2,Weekday,1900,2-Car,No injury/unknown,FAILURE TO YIELD RIGHT OF WAY,HOWE & ROGERS ST,39.1624,-86.53869
2008,10,6,Weekday,1400,2-Car,No injury/unknown,UNSAFE BACKING,S LANDMARK AVE,39.16237859,-86.55598207
2008,1,6,Weekday,700,2-Car,No injury/unknown,FAILURE TO YIELD RIGHT OF WAY,HAWTHORNE & HUNTER AVE,39.16224,-86.52016
2008,6,6,Weekday,1800,2-Car,No injury/unknown,FAILURE TO YIELD RIGHT OF WAY,EAST HUNTER & SOUTH HIGHLAND AVE,39.16224,-86.5176
2008,8,5,Weekday,2300,2-Car,No injury/unknown,UNSAFE BACKING,420 S MITCHELL ST & E HUNTER,39.16224,-86.514096
2008,10,5,Weekday,1100,2-Car,Incapacitating,DISREGARD SIGNAL/REG SIGN,E HUNTER & SO JORDAN AVE,39.16224,-86.516368
2008,10,1,Weekend,0,2-Car,No injury/unknown,OTHER (DRIVER) - EXPLAIN IN NARRATIVE,514 SOUTH WOODLAWN AVE & HUNTER,39.16224,-86.522576
2008,10,4,Weekday,1500,Moped/Motorcycle,No injury/unknown,OTHER (DRIVER) - EXPLAIN IN NARRATIVE,HUNTER & S WOODLAWN AVE,39.16224,-86.522576
2008,4,1,Weekend,0,2-Car,No injury/unknown,OTHER (DRIVER) - EXPLAIN IN NARRATIVE,S HENDERSON ST,39.162224,-86.527237
2008,10,7,Weekend,300,2-Car,No injury/unknown,,CLIFTON & HUNTER AVE,39.16222,-86.50971
2008,1,7,Weekend,1700,2-Car,No injury/unknown,FAILURE TO YIELD RIGHT OF WAY,BALLANTINE & HUNTER AVE,39.1622,-86.51914
2008,2,1,Weekend,1100,2-Car,No injury/unknown,LEFT OF CENTER,E HUNTER ST & SO BALLENTINE,39.1622,-86.51914519
2008,1,5,Weekday,1600,Pedestrian,Non-incapacitating,OTHER (DRIVER) - EXPLAIN IN NARRATIVE,HUNTER & JORDAN AVE,39.16218,-86.51638
2008,12,7,Weekend,1500,1-Car,No injury/unknown,RAN OFF ROAD RIGHT,COBBLESTONE ST & MAGNOLIA,39.16216,-86.60239866
2008,10,5,Weekday,1400,Moped/Motorcycle,No injury/unknown,UNSAFE BACKING,S LANDMARK AVE,39.16214978,-86.55574984
2008,12,4,Weekday,900,2-Car,No injury/unknown,OTHER (ENVIRONMENTAL) - EXPLAIN IN NARR,S LANDMARK AVE,39.16204732,-86.55561324
2008,3,6,Weekend,2000,2-Car,No injury/unknown,ANIMAL/OBJECT IN ROADWAY,3RD & SR37,39.16200597,-86.57316611
2008,3,3,Weekday,1600,2-Car,No injury/unknown,FAILURE TO YIELD RIGHT OF WAY,SR37S & W 3RD,39.16200597,-86.57316611
2008,9,5,Weekday,1000,2-Car,No injury/unknown,UNSAFE BACKING,SOUTH PARK RD,39.161945,-86.524012
2008,8,6,Weekday,1800,2-Car,Non-incapacitating,OTHER (DRIVER) - EXPLAIN IN NARRATIVE,S COLLEGE MALL RD,39.16189091,-86.49789455
2008,6,1,Weekend,1300,2-Car,No injury/unknown,UNSAFE BACKING,SO COLLEGE MALL RD,39.161835,-86.497851
2008,7,5,Weekday,700,2-Car,No injury/unknown,OTHER (DRIVER) - EXPLAIN IN NARRATIVE,S LIBERTY DR,39.161746,-86.579137
2008,3,6,Weekday,1000,2-Car,Non-incapacitating,FAILURE TO YIELD RIGHT OF WAY,S WALKER & W 2ND ST,39.161648,-86.546128
2008,7,7,Weekend,1500,2-Car,No injury/unknown,UNSAFE BACKING,2ND & MADISON ST,39.16162533,-86.537296
2008,11,7,Weekend,1500,2-Car,No injury/unknown,OTHER (DRIVER) - EXPLAIN IN NARRATIVE,W 2ND ST,39.16155318,-86.54101423
2008,10,5,Weekday,1700,2-Car,No injury/unknown,IMPROPER LANE USAGE,2ND ST & ROGERS,39.16154417,-86.54035571
2008,3,4,Weekday,1200,2-Car,No injury/unknown,UNSAFE BACKING,W 2ND ST,39.16153675,-86.53981487
2008,4,5,Weekday,1500,3+ Cars,No injury/unknown,SPEED TOO FAST FOR WEATHER CONDITIONS,2ND ST & S ROGERS ST,39.16152,-86.538592
2008,5,7,Weekend,900,2-Car,Non-incapacitating,DISREGARD SIGNAL/REG SIGN,2ND ST & ROGERS,39.16152,-86.538592
2008,6,1,Weekend,1100,2-Car,No injury/unknown,CELL PHONE USAGE,SOUTH ROGERS & WEST SECOND ST,39.16152,-86.538592
2008,8,6,Weekday,1500,2-Car,No injury/unknown,OTHER (DRIVER) - EXPLAIN IN NARRATIVE,2ND ST & ROGERS,39.16152,-86.538592
2008,8,4,Weekday,1700,2-Car,No injury/unknown,FOLLOWING TOO CLOSELY,2ND ST & ROGERS,39.16152,-86.538592
2008,12,7,Weekend,1000,2-Car,No injury/unknown,ROADWAY SURFACE CONDITION,2ND ST & ROGERS,39.16152,-86.538592
2008,12,2,Weekday,1500,Bus,No injury/unknown,IMPROPER PASSING,2ND ST & ROGERS,39.16151565,-86.53841569
2008,12,3,Weekday,1300,2-Car,Non-incapacitating,FOLLOWING TOO CLOSELY,MADISON & WEST SECOND ST,39.161488,-86.537296
2008,4,6,Weekend,1900,Pedestrian,Non-incapacitating,PEDESTRIAN ACTION,MORTON & SECOND ST,39.161472,-86.53624
2008,6,5,Weekday,700,1-Car,Non-incapacitating,RAN OFF ROAD RIGHT,S MORTON & W 2ND ST,39.161472,-86.53624
2008,9,2,Weekday,1500,2-Car,Non-incapacitating,BRAKE FAILURE OR DEFECTIVE,S MORTON & W 2ND ST,39.161472,-86.53624
2008,9,5,Weekday,1700,2-Car,Non-incapacitating,OTHER (DRIVER) - EXPLAIN IN NARRATIVE,2ND ST & MORTON,39.161472,-86.53624
2008,4,4,Weekday,1700,2-Car,No injury/unknown,,W 2ND ST,39.16144727,-86.53510982
2008,8,5,Weekday,1300,2-Car,No injury/unknown,UNSAFE BACKING,2ND ST & LINCOLN,39.16144,-86.5308796
2008,1,3,Weekday,1700,2-Car,No injury/unknown,FOLLOWING TOO CLOSELY,COLLEGE & SECOND ST,39.16144,-86.534848
2008,2,4,Weekday,0,2-Car,No injury/unknown,UNSAFE BACKING,E 2ND ST,39.16144,-86.5324
2008,2,4,Weekday,900,2-Car,No injury/unknown,ROADWAY SURFACE CONDITION,S COLLEGE AVE & W 2ND,39.16144,-86.534848
2008,4,1,Weekend,0,2-Car,No injury/unknown,UNSAFE BACKING,2ND & LINCOLN AVE,39.16144,-86.531056
2008,5,5,Weekday,900,2-Car,Non-incapacitating,INSECURE/LEAKY LOAD,2ND ST & COLLEGE,39.16144,-86.534848
2008,7,2,Weekday,2100,1-Car,Non-incapacitating,RAN OFF ROAD RIGHT,2ND & PARK AVE,39.16144,-86.523952
2008,7,2,Weekday,1700,2-Car,No injury/unknown,FOLLOWING TOO CLOSELY,2ND ST & COLLEGE,39.16144,-86.534848
2008,8,3,Weekday,1200,2-Car,No injury/unknown,FAILURE TO YIELD RIGHT OF WAY,2ND ST & LINCOLN,39.16144,-86.531056
2008,11,7,Weekend,2000,2-Car,No injury/unknown,DISREGARD SIGNAL/REG SIGN,2ND ST & COLLEGE,39.16144,-86.534848
2008,11,6,Weekday,1200,2-Car,No injury/unknown,FAILURE TO YIELD RIGHT OF WAY,2ND ST & GRANT,39.16144,-86.52976
2008,11,6,Weekday,1200,2-Car,No injury/unknown,FOLLOWING TOO CLOSELY,E 2ND ST & SO WASHINGTON,39.16144,-86.5324
2008,12,3,Weekday,1500,3+ Cars,Non-incapacitating,FAILURE TO YIELD RIGHT OF WAY,2ND ST & LINCOLN,39.16144,-86.531056
2008,12,6,Weekday,1500,Cyclist,Non-incapacitating,OTHER (VEHICLE) - EXPLAIN IN NARRATIVE,2ND ST & WASHINGTON,39.16144,-86.5324
2008,4,3,Weekday,1600,Moped/Motorcycle,Non-incapacitating,OTHER (DRIVER) - EXPLAIN IN NARRATIVE,SECOND ST & WALKER,39.16143,-86.54614
2008,9,7,Weekend,1300,2-Car,No injury/unknown,FOLLOWING TOO CLOSELY,2ND ST & WALKER,39.16143,-86.54614
2008,10,4,Weekday,1300,Moped/Motorcycle,Incapacitating,FAILURE TO YIELD RIGHT OF WAY,2ND ST & WALKER,39.16143,-86.54614
2008,10,5,Weekday,1500,2-Car,No injury/unknown,DRIVER DISTRACTED - EXPLAIN IN NARRATIVE,2ND ST ST & WALKER,39.16143,-86.54614
2008,8,3,Weekday,1400,2-Car,No injury/unknown,UNSAFE BACKING,WEST SECOND ST,39.16142,-86.544604
2008,8,5,Weekday,900,Bus,No injury/unknown,OTHER (DRIVER) - EXPLAIN IN NARRATIVE,WEST 2ND ST,39.16142,-86.544604
2008,6,5,Weekday,1500,2-Car,No injury/unknown,FOLLOWING TOO CLOSELY,S MADISON & W 2ND ST,39.16141,-86.53744
2008,9,1,Weekend,1000,1-Car,No injury/unknown,RAN OFF ROAD RIGHT,SECOND ST ST,39.16141,-86.537515
2008,10,4,Weekday,1400,2-Car,No injury/unknown,FOLLOWING TOO CLOSELY,2ND ST & MADISON,39.16141,-86.53744
2008,11,6,Weekday,1600,2-Car,No injury/unknown,SPEED TOO FAST FOR WEATHER CONDITIONS,2ND ST & MAPLE,39.16141,-86.54225
2008,1,2,Weekday,2200,Moped/Motorcycle,No injury/unknown,ALCOHOLIC BEVERAGES,2ND & WALNUT ST,39.1614,-86.53363
2008,1,4,Weekday,1700,2-Car,No injury/unknown,OTHER (DRIVER) - EXPLAIN IN NARRATIVE,WEST SECOND ST,39.1614,-86.539965
2008,1,1,Weekend,1800,2-Car,No injury/unknown,OTHER (DRIVER) - EXPLAIN IN NARRATIVE,W 2ND ST,39.1614,-86.539965
2008,2,2,Weekday,1500,2-Car,No injury/unknown,DISREGARD SIGNAL/REG SIGN,2ND & SOUTH WALNUT ST,39.1614,-86.53363
2008,3,6,Weekend,2000,2-Car,No injury/unknown,ROADWAY SURFACE CONDITION,2ND ST & ROGERS,39.1614,-86.53867
2008,3,6,Weekday,1600,2-Car,No injury/unknown,DISREGARD SIGNAL/REG SIGN,ROGERS ST & SECOND,39.1614,-86.53867
2008,3,5,Weekday,1400,2-Car,No injury/unknown,FAILURE TO YIELD RIGHT OF WAY,2ND ST & ROGERS,39.1614,-86.53867
2008,4,5,Weekday,1200,2-Car,No injury/unknown,,WEST 2 ST ST,39.1614,-86.538669
2008,5,6,Weekday,1500,2-Car,No injury/unknown,FAILURE TO YIELD RIGHT OF WAY,2ND & WALNUT ST,39.1614,-86.53363
2008,5,7,Weekend,1600,2-Car,No injury/unknown,OTHER (DRIVER) - EXPLAIN IN NARRATIVE,W 2ND ST,39.1614,-86.539965
2008,5,7,Weekend,0,2-Car,No injury/unknown,OTHER (DRIVER) - EXPLAIN IN NARRATIVE,2ND & WALNUT ST,39.1614,-86.53363
2008,6,3,Weekday,800,2-Car,No injury/unknown,,WEST 2 ST ST,39.1614,-86.539965
2008,6,7,Weekend,2000,Pedestrian,Non-incapacitating,FAILURE TO YIELD RIGHT OF WAY,SOUTH ROGERS ST & WEST 2ND,39.1614,-86.53867
2008,6,5,Weekday,700,2-Car,No injury/unknown,,W 2ND ST,39.1614,-86.539965
2008,8,2,Weekday,1500,2-Car,No injury/unknown,FAILURE TO YIELD RIGHT OF WAY,2ND & ROGERS ST,39.1614,-86.53867
2008,9,4,Weekday,1700,2-Car,No injury/unknown,DRIVER DISTRACTED - EXPLAIN IN NARRATIVE,2ND ST & ROGERS,39.1614,-86.53868731
2008,9,3,Weekday,2300,2-Car,No injury/unknown,DISREGARD SIGNAL/REG SIGN,SECOND & WALNUT ST,39.1614,-86.53363
2008,9,2,Weekday,700,2-Car,No injury/unknown,FAILURE TO YIELD RIGHT OF WAY,2ND & NORTH WALNUT ST,39.1614,-86.53363
2008,11,4,Weekday,700,1-Car,No injury/unknown,DRIVER ASLEEP OR FATIGUED,2ND & ROGERS ST,39.1614,-86.53867
2008,8,6,Weekday,1600,3+ Cars,No injury/unknown,FAILURE TO YIELD RIGHT OF WAY,2ND ST & MORTON,39.16139,-86.53631
2008,9,3,Weekday,1900,2-Car,No injury/unknown,DRIVER DISTRACTED - EXPLAIN IN NARRATIVE,2ND ST & MORTON,39.16139,-86.53631
2008,6,4,Weekday,2200,2-Car,Non-incapacitating,DISREGARD SIGNAL/REG SIGN,2ND & COLLEGE AVE,39.16138,-86.53493
2008,10,7,Weekend,2100,2-Car,No injury/unknown,DISREGARD SIGNAL/REG SIGN,2ND ST & COLLEGE,39.16138,-86.53493
2008,1,3,Weekday,1700,2-Car,No injury/unknown,OTHER (DRIVER) - EXPLAIN IN NARRATIVE,EAST 2ND ST,39.16136,-86.531019
2008,1,4,Weekday,1500,2-Car,No injury/unknown,OTHER (VEHICLE) - EXPLAIN IN NARRATIVE,E SECOND ST & GRANT,39.16136,-86.52988
2008,2,1,Weekend,1600,2-Car,No injury/unknown,OTHER (DRIVER) - EXPLAIN IN NARRATIVE,2ND ST & WASHINGTON,39.16136,-86.53241
2008,3,3,Weekday,1600,2-Car,No injury/unknown,FAILURE TO YIELD RIGHT OF WAY,2ND ST & LINCOLN,39.16136,-86.53124
2008,3,5,Weekday,1700,2-Car,No injury/unknown,FAILURE TO YIELD RIGHT OF WAY,2ND ST & LINCLON,39.16136,-86.53124
2008,5,6,Weekday,1700,2-Car,No injury/unknown,IMPROPER LANE USAGE,2ND ST & GRANT,39.16136,-86.52988
2008,8,4,Weekday,1600,2-Car,No injury/unknown,DISREGARD SIGNAL/REG SIGN,2ND ST & LINCOLN,39.16136,-86.53124
2008,11,5,Weekday,1700,2-Car,No injury/unknown,FAILURE TO YIELD RIGHT OF WAY,2ND ST & WASHINGTON ST,39.16136,-86.53241865
2008,10,6,Weekday,1400,2-Car,No injury/unknown,ROADWAY SURFACE CONDITION,2ND ST & DUNN,39.16135,-86.52841
2008,7,5,Weekday,1200,2-Car,No injury/unknown,OTHER (DRIVER) - EXPLAIN IN NARRATIVE,EAST 2ND ST,39.161346,-86.527822
2008,2,3,Weekday,1900,2-Car,No injury/unknown,ROADWAY SURFACE CONDITION,2ND ST & HENDERSON,39.16134,-86.5271827
2008,6,4,Weekday,100,1-Car,No injury/unknown,IMPROPER TURNING,EAST 2ND ST & HENDERSON,39.16134,-86.5272
2008,11,3,Weekday,1100,2-Car,No injury/unknown,FAILURE TO YIELD RIGHT OF WAY,2ND ST & HENDERSON,39.16134,-86.5272
2008,11,2,Weekday,1500,2-Car,No injury/unknown,IMPROPER LANE USAGE,2ND ST & HENDERSON,39.16134,-86.5272
2008,12,1,Weekend,1500,2-Car,No injury/unknown,RAN OFF ROAD RIGHT,2ND ST & FESS,39.16134,-86.52591481
2008,11,2,Weekday,2200,2-Car,No injury/unknown,UNSAFE BACKING,5TH & GENTRY ST,39.16131251,-86.53561
2008,2,7,Weekend,1200,2-Car,No injury/unknown,OTHER (DRIVER) - EXPLAIN IN NARRATIVE,E 2ND STREET ST & WOODLAWN AVENUE,39.161312,-86.522576
2008,8,3,Weekday,100,2-Car,No injury/unknown,IMPROPER LANE USAGE,E 2ND ST & WOODLAWN,39.161312,-86.522576
2008,4,4,Weekday,1500,2-Car,No injury/unknown,FAILURE TO YIELD RIGHT OF WAY,AMY & PETE ELLIS DR,39.16130823,-86.49593
2008,11,6,Weekday,900,2-Car,No injury/unknown,OTHER (DRIVER) - EXPLAIN IN NARRATIVE,S WOODSCREST DR,39.161306,-86.502442
2008,8,4,Weekday,1100,2-Car,No injury/unknown,OTHER (DRIVER) - EXPLAIN IN NARRATIVE,S FESS ST,39.16130286,-86.52584196
2008,5,6,Weekday,1500,2-Car,No injury/unknown,UNSAFE BACKING,WEST SR 45 HWY,39.161296,-86.589792
2008,2,3,Weekday,1400,2-Car,No injury/unknown,SPEED TOO FAST FOR WEATHER CONDITIONS,E 2ND ST & S HAWTHORNE,39.161264,-86.520128
2008,2,7,Weekend,1700,2-Car,No injury/unknown,FAILURE TO YIELD RIGHT OF WAY,E 2ND & S JORDAN AVE,39.161168,-86.516352
2008,10,1,Weekend,500,1-Car,No injury/unknown,OTHER (DRIVER) - EXPLAIN IN NARRATIVE,1400 E 2ND ST & JORDAN,39.161168,-86.516352
2008,9,4,Weekday,1700,2-Car,No injury/unknown,DRIVER DISTRACTED - EXPLAIN IN NARRATIVE,2ND & COLLEGE AVE,39.16116537,-86.53485239
2008,10,1,Weekend,1300,Pedestrian,Non-incapacitating,OTHER (DRIVER) - EXPLAIN IN NARRATIVE,S COLLEGE AVE,39.16115717,-86.53485253
2008,11,3,Weekday,1000,2-Car,No injury/unknown,UNSAFE BACKING,S COLLEGE AVE,39.16115717,-86.53485253
2008,10,3,Weekday,1700,3+ Cars,Non-incapacitating,FOLLOWING TOO CLOSELY,E 2ND ST & S SWAIN,39.161136,-86.51512
2008,4,7,Weekend,1000,2-Car,No injury/unknown,OTHER (DRIVER) - EXPLAIN IN NARRATIVE,800 E 2ND ST & WOODLAWN,39.16107061,-86.52260976
2008,2,5,Weekday,0,2-Car,No injury/unknown,OTHER (DRIVER) - EXPLAIN IN NARRATIVE,EAST 2ND ST,39.16107,-86.522529
2008,5,2,Weekday,1300,1-Car,No injury/unknown,OTHER (VEHICLE) - EXPLAIN IN NARRATIVE,E SECOND ST,39.16107,-86.522529
2008,8,6,Weekday,1700,Pedestrian,Non-incapacitating,OTHER (DRIVER) - EXPLAIN IN NARRATIVE,EAST 2ND ST,39.16107,-86.522529
2008,8,2,Weekday,1500,1-Car,No injury/unknown,OTHER (DRIVER) - EXPLAIN IN NARRATIVE,EAST 2ND ST,39.16107,-86.522516
2008,10,3,Weekday,900,Cyclist,Non-incapacitating,DISREGARD SIGNAL/REG SIGN,BALLANTINE RD & E 2ND,39.16106,-86.51914
2008,5,3,Weekday,500,2-Car,No injury/unknown,DRIVER DISTRACTED - EXPLAIN IN NARRATIVE,2ND ST & ROSE,39.16104,-86.5108
2008,12,1,Weekend,1600,2-Car,No injury/unknown,OTHER (DRIVER) - EXPLAIN IN NARRATIVE,2ND ST ST & JORDAN,39.16104,-86.51639
2008,12,4,Weekday,2200,2-Car,No injury/unknown,DISREGARD SIGNAL/REG SIGN,2ND ST & HIGH,39.16099,-86.50847
2008,11,6,Weekday,1200,2-Car,Non-incapacitating,RAN OFF ROAD RIGHT,E 2ND ST ST,39.160983,-86.50839
2008,11,4,Weekday,1200,2-Car,No injury/unknown,FAILURE TO YIELD RIGHT OF WAY,10TH & SR46E,39.16097863,-86.50224214
2008,2,3,Weekday,1400,2-Car,No injury/unknown,OTHER (DRIVER) - EXPLAIN IN NARRATIVE,2ND ST,39.16095,-86.505822
2008,3,2,Weekday,1500,2-Car,No injury/unknown,FAILURE TO YIELD RIGHT OF WAY,2ND ST & WOODCREST,39.16094402,-86.50310559
2008,2,3,Weekday,1700,2-Car,No injury/unknown,ROADWAY SURFACE CONDITION,2ND & HIGH ST,39.160944,-86.508288
2008,3,3,Weekday,1700,2-Car,No injury/unknown,FAILURE TO YIELD RIGHT OF WAY,2ND & COLLEGE MALL RD,39.160944,-86.497696
2008,3,5,Weekday,1700,Moped/Motorcycle,Non-incapacitating,IMPROPER TURNING,2ND & WOODSCREST DR,39.160944,-86.5024
2008,7,6,Weekend,1900,2-Car,No injury/unknown,FAILURE TO YIELD RIGHT OF WAY,E 2ND & S COLLEGE MALL RD,39.160944,-86.497696
2008,7,1,Weekend,1800,2-Car,No injury/unknown,WRONG WAY ON ONE WAY,E 2ND & S COLLEGE MALL RD,39.160944,-86.497696
2008,9,2,Weekday,1500,2-Car,No injury/unknown,FAILURE TO YIELD RIGHT OF WAY,E 2ND ST & S HIGH,39.160944,-86.508288
2008,10,2,Weekday,1200,2-Car,No injury/unknown,FAILURE TO YIELD RIGHT OF WAY,COLLEGE MALL & EAST SECOND ST,39.160944,-86.497696
2008,11,4,Weekday,1300,2-Car,Non-incapacitating,DRIVER ASLEEP OR FATIGUED,2ND & COLLEGE MALL RD,39.160944,-86.497696
2008,12,1,Weekend,1100,2-Car,Non-incapacitating,OTHER (DRIVER) - EXPLAIN IN NARRATIVE,2ND & COLLEGE MALL RD,39.160944,-86.497696
2008,1,4,Weekday,1500,2-Car,No injury/unknown,FAILURE TO YIELD RIGHT OF WAY,2ND ST & COLLEGE MALL,39.16094,-86.49772
2008,5,6,Weekday,1400,2-Car,No injury/unknown,DISREGARD SIGNAL/REG SIGN,COLLEGE MALL & SECOND ST,39.16094,-86.49772
2008,8,2,Weekday,1500,2-Car,Non-incapacitating,DISREGARD SIGNAL/REG SIGN,COLLEGE MALL RD & SECOND,39.16094,-86.49772
2008,9,3,Weekday,1200,2-Car,No injury/unknown,FOLLOWING TOO CLOSELY,2ND ST & COLLEGE MALL RD RD,39.16094,-86.49772
2008,9,1,Weekend,1700,2-Car,No injury/unknown,FAILURE TO YIELD RIGHT OF WAY,E 2ND ST & S COLLEGE MALL,39.16094,-86.49772
2008,11,5,Weekday,1800,2-Car,No injury/unknown,FAILURE TO YIELD RIGHT OF WAY,E 2ND ST & S COLLEGE MALL,39.16094,-86.49772
2008,3,6,Weekday,1400,1-Car,No injury/unknown,FOLLOWING TOO CLOSELY,2ND ST & WOODSCREST,39.16092,-86.50244568
2008,6,5,Weekday,1800,2-Car,No injury/unknown,FAILURE TO YIELD RIGHT OF WAY,2ND ST & WOODSCREST,39.16092,-86.50245
2008,5,6,Weekend,2300,2-Car,Non-incapacitating,UNSAFE SPEED,2630 E 2ND ST & COLLEGE MALL,39.16090327,-86.49768026
2008,1,2,Weekday,1100,2-Car,No injury/unknown,UNSAFE BACKING,SOUTH COLLEGE AVE AVE,39.160811,-86.534946
2008,7,1,Weekend,1200,2-Car,No injury/unknown,DISREGARD SIGNAL/REG SIGN,2ND ST ST & PATTERSON DR,39.16075,-86.54851
2008,8,6,Weekend,2000,2-Car,Non-incapacitating,OTHER (DRIVER) - EXPLAIN IN NARRATIVE,PATTERSON DR & SECOND,39.16075,-86.54851
2008,10,3,Weekday,1800,2-Car,No injury/unknown,DISREGARD SIGNAL/REG SIGN,2ND ST & PATTERSON,39.16075,-86.54851
2008,12,7,Weekend,2300,2-Car,No injury/unknown,ROADWAY SURFACE CONDITION,S PATTERSON & W 2ND ST,39.16075,-86.54851
2008,4,3,Weekday,0,2-Car,No injury/unknown,OTHER (DRIVER) - EXPLAIN IN NARRATIVE,WEST 2ND ST,39.160695,-86.548638
2008,6,5,Weekday,1100,Moped/Motorcycle,No injury/unknown,UNSAFE BACKING,S ROGERS ST,39.16061486,-86.538592
2008,3,5,Weekday,800,2-Car,No injury/unknown,FOLLOWING TOO CLOSELY,1200 W2ND ST & 600 S ADAMS,39.160544,-86.5508
2008,9,1,Weekend,1700,3+ Cars,No injury/unknown,IMPROPER TURNING,2ND & ADAMS ST,39.160544,-86.5508
2008,12,2,Weekday,800,2-Car,No injury/unknown,OTHER (DRIVER) - EXPLAIN IN NARRATIVE,ADAMS & BLOOMFIELD RD,39.160544,-86.5508
2008,1,5,Weekday,1100,2-Car,No injury/unknown,OTHER (DRIVER) - EXPLAIN IN NARRATIVE,SO ROGERS ST,39.16053,-86.538669
2008,3,7,Weekend,1600,2-Car,No injury/unknown,DRIVER DISTRACTED - EXPLAIN IN NARRATIVE,2ND ST & ADAMS,39.16050226,-86.55096805