Year,Month,Day,Weekend?,Hour,Collision Type,Injury Type,Primary Factor,Reported_Location,Latitude,Longitude
2008,1,2,Weekday,1400,Cyclist,Non-incapacitating,FOLLOWING TOO CLOSELY,2ND & HIGH ST,39.16039469,-86.508288
2008,8,5,Weekday,2000,2-Car,No injury/unknown,OTHER (DRIVER) - EXPLAIN IN NARRATIVE,GRANT & UNIVERSITY ST,39.16039,-86.52988
2008,10,4,Weekday,1400,2-Car,No injury/unknown,FAILURE TO YIELD RIGHT OF WAY,HENDERSON ST & UNIVERSITY,39.16039,-86.52719
2008,11,6,Weekday,1700,2-Car,No injury/unknown,OTHER (DRIVER) - EXPLAIN IN NARRATIVE,GRANT & UNIVERSITY ST,39.16039,-86.52991461
2008,1,2,Weekday,1500,2-Car,Non-incapacitating,FOLLOWING TOO CLOSELY,ADAMS & WEST 2ND ST,39.16038,-86.55083
2008,9,3,Weekday,1000,2-Car,Non-incapacitating,FOLLOWING TOO CLOSELY,ADAMS & SECOND ST,39.16038,-86.55083
2008,11,5,Weekday,800,1-Car,No injury/unknown,OTHER (DRIVER) - EXPLAIN IN NARRATIVE,BLOOMFIELD RD RD,39.16038,-86.550889
2008,4,2,Weekday,1600,2-Car,No injury/unknown,OTHER (DRIVER) - EXPLAIN IN NARRATIVE,E UNIVERSITY ST & FESS,39.16037,-86.52594
2008,1,7,Weekend,1400,1-Car,No injury/unknown,UNSAFE BACKING,SOUTH WALNUT ST,39.160369,-86.533645
2008,2,7,Weekend,2200,2-Car,No injury/unknown,OTHER (DRIVER) - EXPLAIN IN NARRATIVE,EAST UNIVERSITY & SOUTH LINCOLN AVE,39.160352,-86.531072
2008,12,3,Weekday,2100,2-Car,No injury/unknown,UNSAFE BACKING,HENDERSON & UNIVERSITY ST,39.16032,-86.527136
2008,1,6,Weekday,1000,2-Car,No injury/unknown,UNSAFE BACKING,S LANDMARK AVE,39.16019293,-86.55386471
2008,10,3,Weekday,1600,2-Car,No injury/unknown,OTHER (DRIVER) - EXPLAIN IN NARRATIVE,SOUTH LANDMARK AVE,39.16019293,-86.55386471
2008,12,6,Weekday,900,2-Car,No injury/unknown,OTHER (DRIVER) - EXPLAIN IN NARRATIVE,HAWTHORNE ST & UNIVERSITY,39.16017815,-86.52011014
2008,11,7,Weekend,1700,2-Car,No injury/unknown,OTHER (DRIVER) - EXPLAIN IN NARRATIVE,W BLOOMFIELD RD,39.160147,-86.553197
2008,2,6,Weekend,1900,2-Car,No injury/unknown,UNSAFE BACKING,W BLOOMFIELD RD,39.15998862,-86.55307876
2008,4,5,Weekday,1500,2-Car,No injury/unknown,OTHER (DRIVER) - EXPLAIN IN NARRATIVE,BLOOMFIELD RD & LANDMARK,39.15994021,-86.55379641
2008,6,3,Weekday,1200,2-Car,No injury/unknown,FAILURE TO YIELD RIGHT OF WAY,BLOOMFIELD RD & LANDMARK,39.15994021,-86.55379641
2008,6,3,Weekday,800,3+ Cars,No injury/unknown,FAILURE TO YIELD RIGHT OF WAY,BLOOMFIELD RD & LANDMARK,39.15994021,-86.55379641
2008,8,7,Weekend,600,1-Car,No injury/unknown,RAN OFF ROAD RIGHT,BLOOMFIELD & LANDMARK AVE,39.15994021,-86.55379641
2008,10,3,Weekday,900,2-Car,Non-incapacitating,FAILURE TO YIELD RIGHT OF WAY,BLOOMFIELD RD & LANDMARK,39.15994021,-86.55381805
2008,12,7,Weekend,2200,Bus,No injury/unknown,SPEED TOO FAST FOR WEATHER CONDITIONS,BLOOMFIELD RD & LANDMARK,39.15994021,-86.55379641
2008,10,6,Weekday,1500,2-Car,Non-incapacitating,FOLLOWING TOO CLOSELY,1ST & COLLEGE MALL RD,39.15989017,-86.4977324
2008,6,6,Weekday,1600,2-Car,No injury/unknown,DISREGARD SIGNAL/REG SIGN,1ST ST & ROGERS,39.159504,-86.538592
2008,12,4,Weekday,800,3+ Cars,No injury/unknown,IMPROPER LANE USAGE,S ROGERS ST & W 1ST,39.159504,-86.538592
2008,9,6,Weekday,1700,2-Car,No injury/unknown,FAILURE TO YIELD RIGHT OF WAY,S MORTON & W 1ST ST,39.159472,-86.536272
2008,5,3,Weekday,900,2-Car,No injury/unknown,OTHER (DRIVER) - EXPLAIN IN NARRATIVE,CLARIZZ BLVD,39.159431,-86.490626
2008,1,2,Weekday,1700,2-Car,Non-incapacitating,OTHER (DRIVER) - EXPLAIN IN NARRATIVE,COLLEGE AVE & FIRST,39.15937,-86.53499
2008,10,3,Weekday,1200,3+ Cars,Non-incapacitating,DISREGARD SIGNAL/REG SIGN,SOUTH COLLEGE AVE & WEST FIRST,39.15937,-86.53499
2008,4,3,Weekday,1200,Bus,No injury/unknown,IMPROPER TURNING,1ST ST & LINCOLN ST ST,39.15935,-86.53128
2008,4,7,Weekend,1200,2-Car,No injury/unknown,FAILURE TO YIELD RIGHT OF WAY,1ST & WALNUT ST,39.159344,-86.5336
2008,9,3,Weekday,1300,2-Car,No injury/unknown,DISREGARD SIGNAL/REG SIGN,1ST & HENDERSON ST,39.159344,-86.52712
2008,9,4,Weekday,1000,1-Car,No injury/unknown,OTHER (DRIVER) - EXPLAIN IN NARRATIVE,1ST ST & PARK,39.159344,-86.523696
2008,9,3,Weekday,1700,2-Car,No injury/unknown,FAILURE TO YIELD RIGHT OF WAY,E 1ST ST & HAWTHORNE,39.159344,-86.520096
2008,10,6,Weekday,0,2-Car,No injury/unknown,OTHER (DRIVER) - EXPLAIN IN NARRATIVE,1ST & S HAWTHORNE ST,39.159344,-86.520096
2008,12,5,Weekday,1400,2-Car,No injury/unknown,DISREGARD SIGNAL/REG SIGN,1ST & WALNUT ST,39.159344,-86.5336
2008,9,1,Weekend,1000,2-Car,No injury/unknown,FAILURE TO YIELD RIGHT OF WAY,1ST ST & HAWTHORNE,39.15928,-86.52019351
2008,9,3,Weekday,1200,2-Car,No injury/unknown,FAILURE TO YIELD RIGHT OF WAY,1ST ST & HAWTHORNE,39.15928,-86.5202
2008,6,4,Weekday,1900,2-Car,No injury/unknown,FOLLOWING TOO CLOSELY,BLOOMFIELD RD & RANSOM,39.15926,-86.55528
2008,7,3,Weekday,1600,3+ Cars,No injury/unknown,FOLLOWING TOO CLOSELY,BLOOMFIELD RD & RANSOM,39.15926,-86.55528
2008,3,5,Weekday,1100,2-Car,Non-incapacitating,FAILURE TO YIELD RIGHT OF WAY,E 1ST & SO HIGH ST,39.159248,-86.508288
2008,9,5,Weekday,1500,2-Car,No injury/unknown,UNSAFE BACKING,COLLEGE MALL RD,39.159235,-86.497809
2008,9,7,Weekend,1600,2-Car,No injury/unknown,IMPROPER TURNING,COLLEGE MALL ST,39.159079,-86.497821
2008,12,1,Weekend,1200,2-Car,No injury/unknown,UNSAFE BACKING,COLLEGE MALL RD,39.159079,-86.497821
2008,9,3,Weekday,1500,2-Car,No injury/unknown,IMPROPER TURNING,E BUICK CADILLAC BLVD & ENTRANCE TO THE MALL,39.15899379,-86.49400145
2008,2,4,Weekday,1200,2-Car,No injury/unknown,DRIVER DISTRACTED - EXPLAIN IN NARRATIVE,GARRISON CHAPEL RD & HENDRICKS,39.158848,-86.647104
2008,1,6,Weekday,900,2-Car,No injury/unknown,OTHER (DRIVER) - EXPLAIN IN NARRATIVE,800 SOUTH WOODLAWN AVE & WYLIE,39.158656,-86.522544
2008,5,5,Weekday,1700,2-Car,No injury/unknown,OTHER (DRIVER) - EXPLAIN IN NARRATIVE,WYLIE ST,39.158549,-86.522427
2008,5,3,Weekday,200,1-Car,Non-incapacitating,ALCOHOLIC BEVERAGES,E WYLIE & S HENDERSON ST,39.158448,-86.527104
2008,5,1,Weekend,700,2-Car,No injury/unknown,UNSAFE BACKING,S WALKER ST,39.15841035,-86.54481124
2008,1,5,Weekday,1500,2-Car,No injury/unknown,IMPROPER LANE USAGE,WASHINGTON ST & WYLIE,39.15836,-86.53242
2008,6,5,Weekday,1600,2-Car,No injury/unknown,DRIVER DISTRACTED - EXPLAIN IN NARRATIVE,WASHINGTON ST & WYLIE,39.15836,-86.53242
2008,4,4,Weekday,1700,2-Car,No injury/unknown,OTHER (DRIVER) - EXPLAIN IN NARRATIVE,CURRY PIKE & DOYLE,39.158352,-86.582752
2008,8,7,Weekend,1400,Moped/Motorcycle,Incapacitating,OTHER (DRIVER) - EXPLAIN IN NARRATIVE,DOYLE & S CURRY PIKE,39.158352,-86.582752
2008,12,4,Weekday,2100,2-Car,No injury/unknown,SPEED TOO FAST FOR WEATHER CONDITIONS,S BASSWOOD DR DR,39.158328,-86.569314
2008,12,3,Weekday,2300,2-Car,No injury/unknown,SPEED TOO FAST FOR WEATHER CONDITIONS,BASSWOOD DR,39.158327,-86.569428
2008,3,6,Weekend,2300,1-Car,No injury/unknown,SPEED TOO FAST FOR WEATHER CONDITIONS,BASSWOOD DR,39.158326,-86.569543
2008,7,2,Weekday,1200,2-Car,No injury/unknown,FAILURE TO YIELD RIGHT OF WAY,AUTOMALL & BUICK CADILLAC BLVD,39.15832,-86.49611
2008,4,4,Weekday,2200,Moped/Motorcycle,No injury/unknown,VIEW OBSTRUCTED,S HENDERSON ST,39.15823543,-86.52709714
2008,3,4,Weekday,2200,2-Car,No injury/unknown,IMPROPER TURNING,BURKS DR & ODELL,39.1582325,-86.52873
2008,9,6,Weekday,1100,2-Car,No injury/unknown,DISREGARD SIGNAL/REG SIGN,BUICK CADILLAC & COLLEGE MALL RD,39.15816,-86.497792
2008,4,4,Weekday,1400,2-Car,No injury/unknown,OTHER (VEHICLE) - EXPLAIN IN NARRATIVE,BUICK CADILLAC BLVD,39.158112,-86.49787
2008,6,5,Weekday,1500,2-Car,No injury/unknown,OVERCORRECTING/OVERSTEERING,BUICK CADILLAC BLVD,39.158112,-86.49787
2008,11,1,Weekend,1800,2-Car,No injury/unknown,IMPROPER TURNING,BUICK CADILLAC DR & S COLLEGE MALL,39.15811,-86.49789
2008,11,5,Weekday,800,2-Car,No injury/unknown,OTHER (DRIVER) - EXPLAIN IN NARRATIVE,SOUTH WALKER ST,39.158063,-86.544727
2008,5,5,Weekday,1300,2-Car,No injury/unknown,OTHER (DRIVER) - EXPLAIN IN NARRATIVE,ANNALEE & BLOOMFIELD RD,39.15802,-86.5576
2008,6,2,Weekday,900,2-Car,No injury/unknown,FOLLOWING TOO CLOSELY,ANNA LEE & BLOOMFIELD RD,39.15802,-86.5576
2008,9,1,Weekend,1200,2-Car,No injury/unknown,UNSAFE BACKING,E MAXWELL & S HENDERSON ST,39.157952,-86.527088
2008,10,6,Weekday,900,2-Car,No injury/unknown,DISREGARD SIGNAL/REG SIGN,MAXWELL & WOODLAWN AVE,39.157904,-86.522544
2008,4,6,Weekday,1300,2-Car,Non-incapacitating,OTHER (DRIVER) - EXPLAIN IN NARRATIVE,COLLEGE MALL RD & EAST THIRD,39.15789539,-86.49827
2008,11,7,Weekend,1100,2-Car,No injury/unknown,UNSAFE BACKING,900 SOUTH HAWTHORNE AVE & MAXWELL,39.157888,-86.520272
2008,12,6,Weekday,500,1-Car,No injury/unknown,RAN OFF ROAD RIGHT,JORDAN & MAXWELL LN,39.157856,-86.516288
2008,5,6,Weekday,200,1-Car,Non-incapacitating,ALCOHOLIC BEVERAGES,E MAXWELL LN & HIGH,39.157792,-86.508288
2008,1,4,Weekday,1000,2-Car,No injury/unknown,UNSAFE BACKING,SOUTH MAXWELL TERRACE TER,39.15779,-86.511759
2008,4,5,Weekday,1600,2-Car,No injury/unknown,,ATWATER & S BALLANTINE RD,39.15778299,-86.51913
2008,4,3,Weekday,900,2-Car,No injury/unknown,OTHER (DRIVER) - EXPLAIN IN NARRATIVE,MAXWELL & STULL ST,39.15778299,-86.52470809
2008,12,6,Weekday,600,1-Car,No injury/unknown,RAN OFF ROAD RIGHT,W DODDS ST,39.15773555,-86.54266481
2008,2,7,Weekend,1300,2-Car,No injury/unknown,OTHER (DRIVER) - EXPLAIN IN NARRATIVE,AUTOMALL RD,39.15766,-86.496109
2008,1,1,Weekend,0,1-Car,No injury/unknown,ANIMAL/OBJECT IN ROADWAY,BRIGHTON & S SMITH RD,39.157552,-86.480592
2008,4,7,Weekend,2200,2-Car,No injury/unknown,FAILURE TO YIELD RIGHT OF WAY,E DODDS & S WASHINGTON ST,39.157536,-86.5324
2008,4,6,Weekend,2100,2-Car,No injury/unknown,UNSAFE BACKING,BLOOMFIELD & CORY LN,39.15752238,-86.55980067
2008,4,1,Weekend,1600,2-Car,No injury/unknown,FAILURE TO YIELD RIGHT OF WAY,DODDS & LINCOLN ST,39.157504,-86.531104
2008,9,6,Weekend,2200,1-Car,No injury/unknown,OTHER (DRIVER) - EXPLAIN IN NARRATIVE,BLOOMFIELD RD,39.157483,-86.558882
2008,7,6,Weekday,1000,1-Car,No injury/unknown,,GENTRY & GENTRY BLVD,39.157456,-86.47352
2008,7,7,Weekend,700,1-Car,No injury/unknown,RAN OFF ROAD RIGHT,GENTRY & SR446S,39.15744,-86.471456
2008,6,2,Weekday,1100,2-Car,No injury/unknown,IMPROPER LANE USAGE,DODDS & WALNUT ST,39.15742,-86.53365
2008,8,3,Weekday,900,2-Car,No injury/unknown,FOLLOWING TOO CLOSELY,DODDS & WALNUT ST,39.15742,-86.53365
2008,1,7,Weekend,1400,2-Car,No injury/unknown,FAILURE TO YIELD RIGHT OF WAY,DODDS ST & LINCOLN,39.15737,-86.5313
2008,2,7,Weekend,1700,2-Car,No injury/unknown,OTHER (DRIVER) - EXPLAIN IN NARRATIVE,DODDS & LINCOLN ST,39.15737,-86.5313
2008,9,3,Weekday,1000,2-Car,No injury/unknown,DRIVER ILLNESS,SOUTH CURRY PIKE RD,39.157358,-86.582643
2008,9,5,Weekday,1400,2-Car,No injury/unknown,BRAKE FAILURE OR DEFECTIVE,S KIRBY RD,39.157324,-86.610447
2008,5,7,Weekend,1400,2-Car,No injury/unknown,FAILURE TO YIELD RIGHT OF WAY,BLOOMFIELD RD & CORY,39.157248,-86.559792
2008,7,5,Weekday,1500,2-Car,Non-incapacitating,FOLLOWING TOO CLOSELY,BLOOMFIELD & CORY LN,39.157248,-86.559792
2008,8,2,Weekday,900,2-Car,No injury/unknown,UNSAFE BACKING,SUGAR MAPLE CIRCLE CIR,39.157206,-86.589466
2008,6,6,Weekday,1600,2-Car,No injury/unknown,FOLLOWING TOO CLOSELY,CURRY PIKE & GIFFORD,39.15717057,-86.58271305
2008,11,4,Weekday,1200,2-Car,No injury/unknown,FAILURE TO YIELD RIGHT OF WAY,CURRY PIKE & GIFFORD,39.15710193,-86.58271079
2008,1,7,Weekend,1100,2-Car,No injury/unknown,FAILURE TO YIELD RIGHT OF WAY,S CUURY & W BLOOMFIELD RD,39.1571,-86.55969
2008,3,2,Weekday,2000,2-Car,No injury/unknown,OTHER (DRIVER) - EXPLAIN IN NARRATIVE,CURRY & WEST BLOOMFIELD RD,39.1571,-86.55969
2008,4,6,Weekend,2100,2-Car,No injury/unknown,ALCOHOLIC BEVERAGES,BLOOMFIELD RD & CORY,39.1571,-86.55969
2008,5,2,Weekday,900,3+ Cars,No injury/unknown,DISREGARD SIGNAL/REG SIGN,BLOOMFIELD RD & CURRY,39.1571,-86.55969
2008,8,3,Weekday,1800,2-Car,Non-incapacitating,IMPROPER TURNING,BLOOMFIELD RD & CURRY,39.1571,-86.55969
2008,12,7,Weekend,1400,1-Car,No injury/unknown,ROADWAY SURFACE CONDITION,BLOOMFIELD & CORY LN,39.1571,-86.55969
2008,1,1,Weekend,300,2-Car,No injury/unknown,UNSAFE BACKING,MAXWELL & WOODLAWN AVE,39.15708005,-86.52253651
2008,2,5,Weekday,1200,2-Car,Incapacitating,FOLLOWING TOO CLOSELY,GIFFORD & SOUTH CURRY PIKE,39.156896,-86.582704
2008,3,4,Weekday,1800,2-Car,No injury/unknown,OTHER (ENVIRONMENTAL) - EXPLAIN IN NARR,CURRY PIKE PIKE & GIFFORD,39.156896,-86.582704
2008,4,1,Weekend,1000,2-Car,No injury/unknown,DISREGARD SIGNAL/REG SIGN,CURRY PIKE & GIFFORD,39.156896,-86.582704
2008,6,7,Weekend,1200,2-Car,No injury/unknown,UNSAFE BACKING,S BASSWOOD DR,39.15669,-86.571079
2008,10,5,Weekday,1600,Moped/Motorcycle,Non-incapacitating,FOLLOWING TOO CLOSELY,E DIXIE & S HENDERSON ST,39.15664,-86.527072
2008,10,7,Weekend,800,2-Car,No injury/unknown,FAILURE TO YIELD RIGHT OF WAY,DIXIE & ROGERS ST,39.15664,-86.538592
2008,7,7,Weekend,300,3+ Cars,No injury/unknown,OTHER (DRIVER) - EXPLAIN IN NARRATIVE,DIXIE ST & GRANT,39.15658945,-86.53019236
2008,3,3,Weekday,1600,Pedestrian,Non-incapacitating,OTHER (DRIVER) - EXPLAIN IN NARRATIVE,DIXIE ST,39.156582,-86.542154
2008,1,5,Weekday,1900,2-Car,No injury/unknown,ALCOHOLIC BEVERAGES,DIXIE ST & FAIRVIEW,39.15657,-86.54103269
2008,10,4,Weekday,2000,Moped/Motorcycle,Non-incapacitating,FOLLOWING TOO CLOSELY,DIXIE & ROGERS ST,39.15655,-86.53871
2008,2,2,Weekday,900,2-Car,No injury/unknown,FAILURE TO YIELD RIGHT OF WAY,DIXIE & WALNUT ST,39.15649,-86.53364
2008,4,3,Weekday,1700,2-Car,No injury/unknown,FAILURE TO YIELD RIGHT OF WAY,MAXWELL & MAXWELL ST,39.156448,-86.5116
2008,3,5,Weekday,500,1-Car,No injury/unknown,RAN OFF ROAD RIGHT,FRIENDSHIP & SR46E,39.15629121,-86.40831933
2008,8,7,Weekend,1700,2-Car,No injury/unknown,FAILURE TO YIELD RIGHT OF WAY,WILLOW TREE CT,39.156243,-86.590301
2008,10,6,Weekday,1100,1-Car,Non-incapacitating,RAN OFF ROAD RIGHT,ALLEN & BLOOMFIELD RD,39.156144,-86.561296
2008,10,6,Weekend,2000,2-Car,Non-incapacitating,FAILURE TO YIELD RIGHT OF WAY,ALLEN & BLOOMFIELD RD,39.156144,-86.561296
2008,11,1,Weekend,1200,2-Car,No injury/unknown,FAILURE TO YIELD RIGHT OF WAY,ALLEN & BLOOMFIELD RD,39.156144,-86.561296
2008,3,7,Weekend,2200,2-Car,Non-incapacitating,FAILURE TO YIELD RIGHT OF WAY,ALLEN & BLOOMFIELD RD,39.15613,-86.56139134
2008,12,1,Weekend,1800,1-Car,No injury/unknown,OTHER (DRIVER) - EXPLAIN IN NARRATIVE,ALLEN ST & BLOOMFIELD,39.15613,-86.5614
2008,5,4,Weekday,900,2-Car,No injury/unknown,OTHER (DRIVER) - EXPLAIN IN NARRATIVE,WEST ALLEN ST,39.156128,-86.560912
2008,5,4,Weekday,1100,2-Car,No injury/unknown,OTHER (DRIVER) - EXPLAIN IN NARRATIVE,WEST ALLEN ST,39.156128,-86.560912
2008,8,4,Weekday,0,1-Car,No injury/unknown,OTHER (DRIVER) - EXPLAIN IN NARRATIVE,WEST ALLEN ST,39.156128,-86.560912
2008,4,5,Weekday,1700,2-Car,Non-incapacitating,FAILURE TO YIELD RIGHT OF WAY,LINGELBACH & N JORDAN AVE,39.15599434,-86.51253
2008,3,2,Weekday,1500,2-Car,No injury/unknown,ROADWAY SURFACE CONDITION,ALLEN & BLOOMFIELD RD,39.15595215,-86.56154844
2008,3,5,Weekday,700,1-Car,Non-incapacitating,OTHER (ENVIRONMENTAL) - EXPLAIN IN NARR,RANSOM & W ALLEN ST,39.155952,-86.555104
2008,4,4,Weekday,1600,2-Car,No injury/unknown,IMPROPER TURNING,ADAMS HILL & ADAMS ST,39.155952,-86.550592
2008,9,1,Weekend,1100,2-Car,No injury/unknown,OTHER (DRIVER) - EXPLAIN IN NARRATIVE,ADAMS & ALLEN ST,39.155952,-86.550592
2008,12,7,Weekend,1200,1-Car,No injury/unknown,ROADWAY SURFACE CONDITION,ALLEN ST & RANSOM,39.155952,-86.555104
2008,11,6,Weekday,800,2-Car,No injury/unknown,FAILURE TO YIELD RIGHT OF WAY,ADAMS & WEST ALLEN ST,39.15586,-86.55055
2008,1,2,Weekday,2100,1-Car,No injury/unknown,SPEED TOO FAST FOR WEATHER CONDITIONS,COLLEGE MALL RD & COVENANTER,39.15570114,-86.49787048
2008,7,4,Weekday,1600,2-Car,No injury/unknown,FAILURE TO YIELD RIGHT OF WAY,ALLEN & S WASHINGTON ST,39.155664,-86.5324
2008,11,4,Weekday,1600,2-Car,Non-incapacitating,OTHER (DRIVER) - EXPLAIN IN NARRATIVE,ALLEN ST & STRONG,39.15565,-86.54432
2008,1,6,Weekday,1400,2-Car,No injury/unknown,OTHER (DRIVER) - EXPLAIN IN NARRATIVE,ALLEN & PATTERSON ST ST,39.15563,-86.54331
2008,12,2,Weekday,1200,2-Car,No injury/unknown,DISREGARD SIGNAL/REG SIGN,S PATTERSON ST & WEST ALLEN,39.15563,-86.54331
2008,1,3,Weekday,700,2-Car,Non-incapacitating,FOLLOWING TOO CLOSELY,ALLEN & SOUTH WALNUT ST,39.1556,-86.53368
2008,7,4,Weekday,1400,2-Car,No injury/unknown,UNSAFE BACKING,ALLEN ST & WALNUT,39.1556,-86.53367135
2008,8,4,Weekday,1500,2-Car,No injury/unknown,FAILURE TO YIELD RIGHT OF WAY,ALLEN ST & WALNUT,39.1556,-86.53368
2008,2,1,Weekday,1900,2-Car,No injury/unknown,DRIVER DISTRACTED - EXPLAIN IN NARRATIVE,FRIENDSHIP & SR46E,39.15556065,-86.40782992
2008,1,6,Weekend,1900,1-Car,No injury/unknown,RAN OFF ROAD RIGHT,HIGHLAND AVE & SOUTHDOWNS,39.15547883,-86.51771607
2008,2,7,Weekend,900,2-Car,No injury/unknown,OTHER (DRIVER) - EXPLAIN IN NARRATIVE,WEST BLOOMFIELD RD,39.15544,-86.5625
2008,4,5,Weekday,1600,2-Car,No injury/unknown,UNSAFE BACKING,W BLOOMFIELD RD,39.15544,-86.5625
2008,2,4,Weekday,1100,2-Car,No injury/unknown,UNSAFE BACKING,E COVENATER ST,39.155226,-86.495149
2008,6,6,Weekday,1300,2-Car,No injury/unknown,UNSAFE BACKING,EAST COVENANTER DR,39.15518,-86.497739
2008,6,1,Weekend,1200,2-Car,No injury/unknown,UNSAFE BACKING,E COVENANTER DR,39.15518,-86.497739
2008,8,5,Weekday,1300,2-Car,Non-incapacitating,OTHER (DRIVER) - EXPLAIN IN NARRATIVE,COLLEGE MALL RD & COVENANTER,39.15518,-86.49774
2008,9,7,Weekend,2200,2-Car,Non-incapacitating,FAILURE TO YIELD RIGHT OF WAY,COLLEGE MALL RD & COVENANTER,39.15518,-86.49774
2008,1,5,Weekday,1900,2-Car,No injury/unknown,OTHER (DRIVER) - EXPLAIN IN NARRATIVE,COVENANTER & S COLLEGE MALL RD,39.155152,-86.497888
2008,4,3,Weekday,900,2-Car,No injury/unknown,DISREGARD SIGNAL/REG SIGN,COLLEGE MALL RD & COVENANTER,39.155152,-86.497888
2008,7,1,Weekend,1600,2-Car,No injury/unknown,FAILURE TO YIELD RIGHT OF WAY,COVENANTER & S COLLEGE MALL RD,39.155152,-86.497888
2008,12,2,Weekday,1200,2-Car,No injury/unknown,FAILURE TO YIELD RIGHT OF WAY,COLLEGE MALL RD & COVENANTER,39.155152,-86.497888
2008,10,6,Weekday,1500,2-Car,No injury/unknown,FAILURE TO YIELD RIGHT OF WAY,COMPTON BLVD & DONINGTON,39.15512493,-86.46925233
2008,12,4,Weekday,2200,1-Car,No injury/unknown,SPEED TOO FAST FOR WEATHER CONDITIONS,FRIENDSHIP & SR46E,39.15507361,-86.40750365
2008,5,7,Weekend,1300,2-Car,No injury/unknown,UNSAFE BACKING,COPPER BEACH WAY,39.15499,-86.570789
2008,4,7,Weekend,300,2-Car,No injury/unknown,FAILURE TO YIELD RIGHT OF WAY,BLOOMFIELD RD & ROLLING RDIGE WAY,39.15496,-86.56323
2008,9,6,Weekday,1700,2-Car,Non-incapacitating,FAILURE TO YIELD RIGHT OF WAY,DAVIS & ROGERS ST,39.15491466,-86.538592
2008,12,6,Weekend,2100,1-Car,Non-incapacitating,UNSAFE SPEED,SARA & SMITH RD,39.15475501,-86.48003537
2008,11,1,Weekend,1400,2-Car,No injury/unknown,OTHER (VEHICLE) - EXPLAIN IN NARRATIVE,COVENANTER DR,39.154686,-86.493316
2008,2,3,Weekday,1600,2-Car,No injury/unknown,OTHER (DRIVER) - EXPLAIN IN NARRATIVE,574 SOUTH LANDMARK AVE & WEST BLOOMFIELD,39.15465362,-86.55379641
2008,10,4,Weekday,1600,2-Car,No injury/unknown,DISREGARD SIGNAL/REG SIGN,10TH & SR46E,39.15463284,-86.50224214
2008,9,4,Weekday,1600,1-Car,No injury/unknown,BRAKE FAILURE OR DEFECTIVE,S ROGERS ST,39.15457966,-86.538592
2008,7,7,Weekend,1700,1-Car,No injury/unknown,UNSAFE SPEED,FENNBROOK LN & SMITH,39.15454,-86.4806
2008,11,2,Weekday,1400,2-Car,No injury/unknown,FAILURE TO YIELD RIGHT OF WAY,1150 S CLARIZZ BLVD & COVENANTER,39.15445898,-86.49182929
2008,9,4,Weekday,1700,2-Car,No injury/unknown,DRIVER DISTRACTED - EXPLAIN IN NARRATIVE,GIFFORD RD & HICKORY,39.15437,-86.59033
2008,10,2,Weekday,700,Moped/Motorcycle,Non-incapacitating,FAILURE TO YIELD RIGHT OF WAY,E DAVIS & SO WALNUT ST,39.154352,-86.5336
2008,6,4,Weekday,1700,2-Car,No injury/unknown,FOLLOWING TOO CLOSELY,BLOOMFIELD RD & WEIMER,39.154272,-86.564176
2008,12,3,Weekday,2000,2-Car,No injury/unknown,SPEED TOO FAST FOR WEATHER CONDITIONS,W BLOOMFIELD RD,39.154272,-86.564176
2008,1,5,Weekday,1700,2-Car,No injury/unknown,OTHER (VEHICLE) - EXPLAIN IN NARRATIVE,S COLLEGE MALL RD,39.154261,-86.497703
2008,2,6,Weekday,1300,2-Car,Non-incapacitating,ROADWAY SURFACE CONDITION,COLLEGE MALL RD,39.154261,-86.497703
2008,4,7,Weekend,1300,2-Car,No injury/unknown,OTHER (DRIVER) - EXPLAIN IN NARRATIVE,S COLLEGE MALL RD,39.154261,-86.497703
2008,5,6,Weekday,1600,2-Car,No injury/unknown,IMPROPER TURNING,COLLEGE MALL RD,39.154261,-86.497703
2008,7,5,Weekday,1400,2-Car,No injury/unknown,UNSAFE BACKING,COLLEGE MALL RD,39.154261,-86.497703
2008,8,4,Weekday,1800,3+ Cars,No injury/unknown,OTHER (DRIVER) - EXPLAIN IN NARRATIVE,COLLEGE MALL RD,39.154261,-86.497703
2008,5,3,Weekday,1500,2-Car,No injury/unknown,FAILURE TO YIELD RIGHT OF WAY,BLOOMFIELD RD & WEIMER,39.15424,-86.56435
2008,1,3,Weekday,1700,2-Car,No injury/unknown,IMPROPER LANE USAGE,DAVIS & WALNUT ST,39.15421,-86.53369
2008,12,7,Weekend,2300,1-Car,No injury/unknown,IMPROPER TURNING,S COLLEGE MALL RD,39.15412578,-86.49786768
2008,1,4,Weekday,2100,2-Car,No injury/unknown,OTHER (DRIVER) - EXPLAIN IN NARRATIVE,JULIES WAY,39.154059,-86.570982
2008,5,6,Weekday,1500,2-Car,No injury/unknown,OTHER (DRIVER) - EXPLAIN IN NARRATIVE,LIBERTY DR & W 3RD,39.15403556,-86.57913
2008,2,7,Weekend,1200,1-Car,No injury/unknown,ROADWAY SURFACE CONDITION,BLOOMFIELD RD,39.153996,-86.564756
2008,11,6,Weekend,1900,2-Car,No injury/unknown,UNSAFE BACKING,S COLLEGE MALL RD,39.15398423,-86.49786488
2008,2,7,Weekend,2000,1-Car,No injury/unknown,ANIMAL/OBJECT IN ROADWAY,BLOOMFIELD RD & WEIMER,39.15394046,-86.56473853
2008,11,1,Weekend,1000,2-Car,No injury/unknown,OTHER (VEHICLE) - EXPLAIN IN NARRATIVE,S COLLEGE MALL ROAD RD,39.153931,-86.49769