Year,Month,Day,Weekend?,Hour,Collision Type,Injury Type,Primary Factor,Reported_Location,Latitude,Longitude
2008,11,3,Weekday,2100,2-Car,No injury/unknown,OTHER (DRIVER) - EXPLAIN IN NARRATIVE,BLOOMFIELD RD & WEIMER,39.15385757,-86.56487916
2008,5,6,Weekday,1500,2-Car,No injury/unknown,FOLLOWING TOO CLOSELY,PATTERSON DR & S FAIRVIEW,39.15383,-86.54109
2008,2,4,Weekday,2100,2-Car,No injury/unknown,SPEED TOO FAST FOR WEATHER CONDITIONS,SOUTH WEATHERSTONE LN,39.153822,-86.519537
2008,7,5,Weekday,0,1-Car,No injury/unknown,OTHER (DRIVER) - EXPLAIN IN NARRATIVE,WEATHERSTONE LN,39.153822,-86.519441
2008,2,5,Weekday,900,2-Car,No injury/unknown,DISREGARD SIGNAL/REG SIGN,PATTERSON & ROGERS ST,39.15379,-86.53875
2008,3,2,Weekday,600,1-Car,Non-incapacitating,RAN OFF ROAD RIGHT,S ROGERS ST & W PATTERSON,39.15379,-86.53875
2008,3,4,Weekday,1200,2-Car,No injury/unknown,OTHER (DRIVER) - EXPLAIN IN NARRATIVE,PATTERSON & SOUTH ROGERS ST,39.15379,-86.53875
2008,6,5,Weekday,1600,2-Car,Non-incapacitating,FOLLOWING TOO CLOSELY,PATTERSON DR & ROGERS,39.15379,-86.53875
2008,9,7,Weekend,200,2-Car,Non-incapacitating,OTHER (DRIVER) - EXPLAIN IN NARRATIVE,GRIMES & WALNUT ST,39.15377783,-86.5336
2008,1,4,Weekday,500,1-Car,No injury/unknown,ANIMAL/OBJECT IN ROADWAY,BLOOMFIELD RD & STONE,39.15367688,-86.56518572
2008,2,2,Weekday,1500,2-Car,Non-incapacitating,FAILURE TO YIELD RIGHT OF WAY,GRIMES ST & WALNUT,39.15344,-86.53333543
2008,8,5,Weekday,600,2-Car,No injury/unknown,FAILURE TO YIELD RIGHT OF WAY,GRIMES LN & WALNUT,39.15344,-86.53377638
2008,10,5,Weekday,1500,2-Car,No injury/unknown,FOLLOWING TOO CLOSELY,GRIMES ST & MORTON,39.15344,-86.53577486
2008,3,5,Weekday,900,2-Car,Non-incapacitating,OTHER (DRIVER) - EXPLAIN IN NARRATIVE,GRIMES & SOUTH WALNUT ST,39.15344,-86.5336
2008,6,5,Weekday,1300,2-Car,No injury/unknown,FAILURE TO YIELD RIGHT OF WAY,GRIMES & S WALNUT ST,39.15344,-86.5336
2008,7,6,Weekday,900,2-Car,No injury/unknown,FOLLOWING TOO CLOSELY,S WALNUT & W GRIMES ST,39.15344,-86.5336
2008,8,4,Weekday,1000,2-Car,No injury/unknown,OTHER (DRIVER) - EXPLAIN IN NARRATIVE,GRIMES LN & WALNUT,39.15344,-86.5336
2008,8,4,Weekday,1600,2-Car,No injury/unknown,VIEW OBSTRUCTED,GRIMES LN & WALNUT,39.15344,-86.5336
2008,9,4,Weekday,1000,2-Car,Non-incapacitating,OTHER (DRIVER) - EXPLAIN IN NARRATIVE,GRIMES & ROGERS ST,39.15344,-86.538592
2008,9,7,Weekend,1200,3+ Cars,No injury/unknown,FOLLOWING TOO CLOSELY,S WALNUT ST & W GRIMES,39.15344,-86.5336
2008,11,4,Weekday,1000,2-Car,Non-incapacitating,DISREGARD SIGNAL/REG SIGN,GRIMES & WASHINGTON ST,39.15344,-86.5324
2008,8,4,Weekday,600,Moped/Motorcycle,Non-incapacitating,HEADLIGHT DEFECTIVE OR NOT ON,MORTON & PATTERSON DR,39.15338025,-86.5363723
2008,5,7,Weekend,1000,Pedestrian,Non-incapacitating,PEDESTRIAN ACTION,GRIMES LN,39.153365,-86.535568
2008,1,3,Weekday,1600,2-Car,No injury/unknown,FAILURE TO YIELD RIGHT OF WAY,GRIMES LN & PARK,39.15336,-86.5236
2008,1,6,Weekday,1600,2-Car,No injury/unknown,IMPROPER LANE USAGE,GRIMES LN & WALNUT,39.15335,-86.53370567
2008,2,5,Weekday,2000,2-Car,No injury/unknown,OTHER (DRIVER) - EXPLAIN IN NARRATIVE,GRIMES LN & WALNUT,39.15335,-86.53371
2008,2,4,Weekday,600,2-Car,No injury/unknown,FAILURE TO YIELD RIGHT OF WAY,GRIMES & WALNUT ST,39.15335,-86.53371
2008,6,2,Weekday,1500,Moped/Motorcycle,Non-incapacitating,DISREGARD SIGNAL/REG SIGN,E GRIMES & S WALNUT ST,39.15335,-86.53371
2008,9,6,Weekday,1400,2-Car,Non-incapacitating,DISREGARD SIGNAL/REG SIGN,GRIMES & S WALNUT ST,39.15335,-86.53371
2008,10,5,Weekday,700,2-Car,No injury/unknown,FAILURE TO YIELD RIGHT OF WAY,GRIMES & SOUTH WALNUT ST,39.15335,-86.53371
2008,9,4,Weekday,900,2-Car,No injury/unknown,UNSAFE BACKING,S WALNUT ST,39.15334857,-86.5336
2008,10,5,Weekday,1100,Moped/Motorcycle,Non-incapacitating,FAILURE TO YIELD RIGHT OF WAY,GRIMES & WOODLAWN AVE,39.153344,-86.522512
2008,8,6,Weekday,1800,2-Car,No injury/unknown,FAILURE TO YIELD RIGHT OF WAY,BASSWOOD DR & RIDGE,39.1533,-86.5725
2008,10,3,Weekday,1800,2-Car,No injury/unknown,SPEED TOO FAST FOR WEATHER CONDITIONS,GRIMES & HENDERSON ST,39.1533,-86.52697
2008,2,6,Weekend,2000,2-Car,No injury/unknown,DRIVER DISTRACTED - EXPLAIN IN NARRATIVE,COLLEGE MALL RD,39.153289,-86.497678
2008,5,2,Weekday,1500,2-Car,No injury/unknown,UNSAFE BACKING,COLLEGE MALL RD,39.153289,-86.497678
2008,6,5,Weekday,1300,2-Car,No injury/unknown,FOLLOWING TOO CLOSELY,GRIMES & WALNUT ST,39.15328894,-86.5336
2008,6,5,Weekday,1900,2-Car,No injury/unknown,FAILURE TO YIELD RIGHT OF WAY,COLLEGE MALL RD & MOORES,39.15319275,-86.49787201
2008,7,6,Weekday,1200,2-Car,No injury/unknown,UNSAFE BACKING,COLLEGE MALL ROAD RD,39.153042,-86.497675
2008,11,2,Weekday,1700,2-Car,No injury/unknown,IMPROPER TURNING,SOUTH COLLEGE MALL RD,39.153042,-86.497675
2008,6,5,Weekday,1800,1-Car,No injury/unknown,RAN OFF ROAD RIGHT,S ADAMS & W MILLENNIUM PARK DR,39.15292,-86.55241807
2008,1,4,Weekday,1300,1-Car,No injury/unknown,ACCELERATOR FAILURE OR DEFECTIVE,SIERRA DR,39.15266671,-86.58359594
2008,1,4,Weekday,900,2-Car,No injury/unknown,FAILURE TO YIELD RIGHT OF WAY,DRISCOLL & ROGERS ST,39.15255,-86.53873
2008,10,5,Weekday,1700,2-Car,No injury/unknown,IMPROPER PASSING,DRISCOLL DR & S DUNN,39.152544,-86.5278589
2008,2,7,Weekend,1300,1-Car,No injury/unknown,OTHER (VEHICLE) - EXPLAIN IN NARRATIVE,S WALNUT ST,39.152544,-86.5336
2008,2,2,Weekday,1300,2-Car,No injury/unknown,FAILURE TO YIELD RIGHT OF WAY,DRISCOLL & SOUTH WALNUT ST,39.152544,-86.5336
2008,1,7,Weekend,1700,2-Car,No injury/unknown,OTHER (DRIVER) - EXPLAIN IN NARRATIVE,S COLLEGE MALL RD,39.15250667,-86.497904
2008,12,4,Weekday,0,2-Car,No injury/unknown,SPEED TOO FAST FOR WEATHER CONDITIONS,BASSWOOD CIR,39.152482,-86.57129
2008,12,7,Weekend,1400,2-Car,No injury/unknown,FAILURE TO YIELD RIGHT OF WAY,CLARIZZ & COVENANTER DR,39.15247,-86.49047676
2008,3,7,Weekend,1500,2-Car,No injury/unknown,FOLLOWING TOO CLOSELY,DRISCOLL & WALNUT ST,39.15246,-86.5337
2008,4,3,Weekday,1600,Cyclist,Non-incapacitating,OTHER (DRIVER) - EXPLAIN IN NARRATIVE,DRISCOLL ST & WASHINGTON,39.15246,-86.53249567
2008,5,4,Weekday,1100,2-Car,Non-incapacitating,FAILURE TO YIELD RIGHT OF WAY,DRISCOLL & S WALNUT ST,39.15246,-86.5337
2008,6,2,Weekday,1500,2-Car,Non-incapacitating,FOLLOWING TOO CLOSELY,DRISCOLL & WALNUT ST,39.15246,-86.5337
2008,2,4,Weekday,800,2-Car,No injury/unknown,UNSAFE SPEED,KENT & SR46E,39.152448,-86.400288
2008,3,6,Weekend,2100,Pedestrian,No injury/unknown,PEDESTRIAN ACTION,CURRY PIKE PIKE & SIERRA,39.1524,-86.582704
2008,6,4,Weekday,2100,1-Car,No injury/unknown,ANIMAL/OBJECT IN ROADWAY,BRUMMETTS CREEK & SR46W,39.15225275,-86.39148895
2008,6,3,Weekday,1600,3+ Cars,Non-incapacitating,UNSAFE SPEED,MONON & WALNUT ST,39.15224,-86.5336
2008,8,6,Weekday,1800,2-Car,No injury/unknown,BRAKE FAILURE OR DEFECTIVE,S COLLEGE MALL RD,39.152116,-86.497669
2008,3,4,Weekday,1600,1-Car,No injury/unknown,RAN OFF ROAD RIGHT,SR46 & WOODVIEW DR,39.152,-86.3812
2008,2,5,Weekday,1300,2-Car,No injury/unknown,FAILURE TO YIELD RIGHT OF WAY,BRENDA & HENDERSON ST,39.151952,-86.526976
2008,10,5,Weekday,1900,1-Car,No injury/unknown,ANIMAL/OBJECT IN ROADWAY,SR46E & WOODVIEW,39.15192926,-86.38154084
2008,8,4,Weekday,1300,2-Car,No injury/unknown,FAILURE TO YIELD RIGHT OF WAY,COUNTRY CLUB & N WALNUT ST,39.15182007,-86.53111
2008,1,3,Weekday,800,Bus,No injury/unknown,OTHER (DRIVER) - EXPLAIN IN NARRATIVE,S MADISON ST & W WILSON,39.151744,-86.537504
2008,6,3,Weekday,1600,2-Car,No injury/unknown,FAILURE TO YIELD RIGHT OF WAY,WALNUT ST & WILSON,39.151648,-86.5336
2008,3,7,Weekend,1200,2-Car,No injury/unknown,UNSAFE BACKING,GARRISON CHAPLE & WEST GIFFORD RD,39.15164,-86.64364
2008,10,5,Weekday,2200,1-Car,No injury/unknown,RAN OFF ROAD RIGHT,S WASHINGTON ST,39.151616,-86.5324
2008,12,4,Weekday,2000,1-Car,No injury/unknown,ROADWAY SURFACE CONDITION,SEWELL & SR46E,39.1515387,-86.38465412
2008,10,5,Weekday,1800,2-Car,No injury/unknown,FOLLOWING TOO CLOSELY,WALNUT ST & WILSON,39.15149,-86.53369
2008,11,7,Weekend,300,1-Car,Non-incapacitating,RAN OFF ROAD RIGHT,GIFFORD RD & PARK RIDGE,39.15144588,-86.59206033
2008,2,3,Weekday,1900,2-Car,No injury/unknown,IMPROPER PASSING,GIFFORD & KIRBY RD,39.15144,-86.610496
2008,9,7,Weekend,1400,1-Car,Non-incapacitating,OTHER (DRIVER) - EXPLAIN IN NARRATIVE,4400 W GIFFORD RD & ENDWRIGHT,39.151344,-86.5964
2008,12,1,Weekend,1200,2-Car,No injury/unknown,IMPROPER LANE USAGE,COLLEGE MALL RD & MOORES,39.15127143,-86.4979616
2008,5,6,Weekday,1800,2-Car,Non-incapacitating,ALCOHOLIC BEVERAGES,S CURRY PIKE LOT 12,39.15127,-86.582619
2008,9,6,Weekday,400,2-Car,No injury/unknown,ALCOHOLIC BEVERAGES,CURRY PIKE,39.15127,-86.582619
2008,12,1,Weekday,2000,2-Car,No injury/unknown,UNSAFE SPEED,S CURRY PIKE,39.15127,-86.582619
2008,12,3,Weekday,2100,1-Car,No injury/unknown,SPEED TOO FAST FOR WEATHER CONDITIONS,CONSTITUTION AVE & CURRY,39.15127,-86.58266329
2008,10,5,Weekday,1600,2-Car,Non-incapacitating,DRIVER DISTRACTED - EXPLAIN IN NARRATIVE,DIXIE & WALNUT ST,39.15120387,-86.53364
2008,3,4,Weekday,1200,2-Car,No injury/unknown,FAILURE TO YIELD RIGHT OF WAY,CONSTITUTION & LIBERTY DR,39.1512,-86.57687
2008,10,4,Weekday,2100,1-Car,Non-incapacitating,ANIMAL/OBJECT IN ROADWAY,ENDWRIGHT RD & GIFFORD,39.15106934,-86.5964
2008,10,3,Weekday,600,3+ Cars,No injury/unknown,OTHER (DRIVER) - EXPLAIN IN NARRATIVE,HILLSIDE & LINCOLN ST,39.15085064,-86.53119564
2008,2,3,Weekday,900,3+ Cars,No injury/unknown,UNSAFE BACKING,S CLARIZZ BLVD,39.150846,-86.491271
2008,3,7,Weekend,1300,2-Car,No injury/unknown,UNSAFE BACKING,S CLARIZZ BLVD,39.150846,-86.491271
2008,5,3,Weekday,1600,2-Car,No injury/unknown,DRIVER DISTRACTED - EXPLAIN IN NARRATIVE,CLRARIZZ BLVD,39.150846,-86.491271
2008,9,2,Weekday,1600,Moped/Motorcycle,Non-incapacitating,UNSAFE SPEED,S CLARIZZ BLVD,39.150846,-86.491271
2008,11,7,Weekend,1500,2-Car,No injury/unknown,UNSAFE BACKING,CLARIZZ BLVD,39.150846,-86.491271
2008,5,5,Weekday,800,2-Car,No injury/unknown,OTHER (DRIVER) - EXPLAIN IN NARRATIVE,BUTTONWOOD LN & ELDERBERRY,39.15077074,-86.49835
2008,7,6,Weekday,1400,2-Car,No injury/unknown,OTHER (DRIVER) - EXPLAIN IN NARRATIVE,HILLSIDE DR & WOODLAWN,39.1507294,-86.52284854
2008,4,4,Weekday,1300,2-Car,No injury/unknown,FAILURE TO YIELD RIGHT OF WAY,HILLSIDE DR & WOODLAWN,39.15072,-86.522496
2008,7,4,Weekday,700,2-Car,No injury/unknown,FAILURE TO YIELD RIGHT OF WAY,E HILLSIDE DR & S WOODLAWN,39.15072,-86.522496
2008,10,3,Weekday,2100,2-Car,No injury/unknown,OTHER (DRIVER) - EXPLAIN IN NARRATIVE,HILLSIDE DR & WOODLAWN,39.15072,-86.522496
2008,11,7,Weekend,1800,2-Car,No injury/unknown,FOLLOWING TOO CLOSELY,HILLSIDE DR & WOODLAWN,39.15072,-86.522496
2008,6,2,Weekday,1800,2-Car,No injury/unknown,UNSAFE BACKING,E HILLSIDE DR,39.15071192,-86.52209196
2008,10,7,Weekend,800,2-Car,Non-incapacitating,IMPROPER PASSING,E HILLSIDE DR & S HUNTINGTON,39.150688,-86.520896
2008,11,2,Weekday,1300,Bus,No injury/unknown,DRIVER ASLEEP OR FATIGUED,HILLSIDE DR & HUNTINGTON,39.150688,-86.520896
2008,3,6,Weekend,1900,2-Car,No injury/unknown,ROADWAY SURFACE CONDITION,HENDERSON & HILLSIDE DR,39.15064,-86.52696
2008,3,6,Weekend,2000,2-Car,No injury/unknown,ROADWAY SURFACE CONDITION,HENDERSON & HILLSIDE DR,39.15064,-86.52696
2008,7,2,Weekday,1000,2-Car,No injury/unknown,SPEED TOO FAST FOR WEATHER CONDITIONS,600 E HILLSIDE DR & HENDERSON,39.15064,-86.52696
2008,11,7,Weekend,1200,2-Car,No injury/unknown,DISREGARD SIGNAL/REG SIGN,HILLSIDE & S HENDERSON ST,39.15064,-86.52696
2008,12,3,Weekday,1600,2-Car,No injury/unknown,FOLLOWING TOO CLOSELY,HENDERSON & HILLSIDE DR,39.15064,-86.52696
2008,5,3,Weekday,1500,2-Car,Non-incapacitating,FAILURE TO YIELD RIGHT OF WAY,HILLSIDE & ROGERS ST,39.1506,-86.53876
2008,5,6,Weekday,1200,Cyclist,Non-incapacitating,PEDESTRIAN ACTION,HIGHLAND & HILLSIDE DR,39.15058968,-86.51693388
2008,1,2,Weekday,1600,2-Car,No injury/unknown,OTHER (DRIVER) - EXPLAIN IN NARRATIVE,E HILLSIDE DR,39.15056,-86.5324
2008,5,6,Weekday,1600,2-Car,No injury/unknown,IMPROPER PASSING,EAST HILLSIDE AVE & S HENDERSON,39.15056,-86.52690567
2008,6,5,Weekday,800,2-Car,No injury/unknown,PRESCRIPTION DRUGS,E HILLSIDE & S WASHINGTON ST,39.15056,-86.5324
2008,12,3,Weekday,1800,2-Car,No injury/unknown,FOLLOWING TOO CLOSELY,HILLSIDE DR & NANCY,39.150544,-86.51128201
2008,2,6,Weekday,1800,1-Car,No injury/unknown,OTHER (ENVIRONMENTAL) - EXPLAIN IN NARR,HILLSIDE & WALNUT ST,39.150544,-86.5336
2008,4,6,Weekend,2200,2-Car,No injury/unknown,OTHER (DRIVER) - EXPLAIN IN NARRATIVE,HILLSIDE DR & LONGWOOD,39.150544,-86.51276837
2008,5,7,Weekend,200,1-Car,No injury/unknown,UNSAFE BACKING,100 BLK E HILLSIDE DR & COLLEGE,39.150544,-86.534688
2008,7,2,Weekday,700,2-Car,Non-incapacitating,FAILURE TO YIELD RIGHT OF WAY,HILLSIDE & WALNUT ST,39.150544,-86.5336
2008,10,5,Weekday,1200,2-Car,No injury/unknown,OTHER (DRIVER) - EXPLAIN IN NARRATIVE,DORCHESTER & EAST HILLSIDE DR,39.150544,-86.512592
2008,11,4,Weekday,700,2-Car,Non-incapacitating,SPEED TOO FAST FOR WEATHER CONDITIONS,HILLSIDE DR & LONGWOOD,39.150544,-86.51329748
2008,9,6,Weekend,2000,2-Car,No injury/unknown,OTHER (DRIVER) - EXPLAIN IN NARRATIVE,EAST HILLSIDE DR,39.150542,-86.514045
2008,12,4,Weekday,1500,3+ Cars,Non-incapacitating,DRIVER DISTRACTED - EXPLAIN IN NARRATIVE,1031 E DR & HILLSDIE,39.15053004,-86.52144603
2008,1,7,Weekend,1100,2-Car,No injury/unknown,FAILURE TO YIELD RIGHT OF WAY,HILLSIDE DR & WOODLAWN,39.15053,-86.52262
2008,4,2,Weekday,700,2-Car,No injury/unknown,OTHER (DRIVER) - EXPLAIN IN NARRATIVE,GRANT ST & HILLSIDE,39.15052,-86.53028
2008,4,6,Weekend,2100,2-Car,No injury/unknown,DRIVER DISTRACTED - EXPLAIN IN NARRATIVE,HILLSIDE & HILLSIDE DR,39.15052,-86.53349693
2008,10,6,Weekday,1800,Moped/Motorcycle,Non-incapacitating,OTHER (DRIVER) - EXPLAIN IN NARRATIVE,DORCHESTER & HILLSIDE DR,39.15051,-86.51254
2008,10,3,Weekday,1700,2-Car,No injury/unknown,FOLLOWING TOO CLOSELY,E HILLSIDE AVE & NANCY,39.15051,-86.51105567
2008,12,6,Weekday,600,2-Car,Non-incapacitating,LEFT OF CENTER,DALE CT & OLCOTT,39.15050778,-86.48884
2008,7,5,Weekday,700,2-Car,Non-incapacitating,FAILURE TO YIELD RIGHT OF WAY,MOORES & SARE RD,39.15048283,-86.4982447
2008,2,2,Weekday,1900,1-Car,No injury/unknown,ANIMAL/OBJECT IN ROADWAY,MOORSE PIKE & VALLY FORGE,39.15048,-86.5029327
2008,10,2,Weekday,800,1-Car,No injury/unknown,UNSAFE SPEED,E MOORES PIKE & SO COLLEGE MALL,39.15048,-86.49826038
2008,1,4,Weekday,1600,3+ Cars,No injury/unknown,OTHER (DRIVER) - EXPLAIN IN NARRATIVE,MOORES & SARE RD,39.15047,-86.498715
2008,12,4,Weekday,700,1-Car,No injury/unknown,OTHER (ENVIRONMENTAL) - EXPLAIN IN NARR,S WALNUT ST,39.1504578,-86.53357453
2008,10,6,Weekday,900,2-Car,No injury/unknown,FOLLOWING TOO CLOSELY,E MOORES PIKE & SO COLLEGE MALL,39.150448,-86.498
2008,11,4,Weekday,1600,2-Car,No injury/unknown,SPEED TOO FAST FOR WEATHER CONDITIONS,COLLEGE MALL & MOORES PIKE,39.150448,-86.498
2008,5,1,Weekend,1500,1-Car,No injury/unknown,ANIMAL/OBJECT IN ROADWAY,ANDREWS & MOORES PIKE,39.15042234,-86.49339705
2008,3,3,Weekday,2300,1-Car,Non-incapacitating,OTHER (DRIVER) - EXPLAIN IN NARRATIVE,S OLIVE ST,39.15040816,-86.51878922
2008,12,5,Weekday,1800,1-Car,Non-incapacitating,ROADWAY SURFACE CONDITION,MOORES PIKE & WOODRUFF,39.15037882,-86.49574447
2008,2,6,Weekday,1800,2-Car,Non-incapacitating,FAILURE TO YIELD RIGHT OF WAY,LAMPKINS RIDGE & SR446,39.150352,-86.471296
2008,10,5,Weekday,1600,2-Car,No injury/unknown,LEFT OF CENTER,446 & MOORES PIKE,39.150352,-86.471296
2008,9,6,Weekday,1700,3+ Cars,Non-incapacitating,FAILURE TO YIELD RIGHT OF WAY,MOORES PIKE & SR 446 STATE,39.15035,-86.47139
2008,12,1,Weekday,2100,1-Car,No injury/unknown,ROADWAY SURFACE CONDITION,LAMPKINS RIDGE RD & STATE ROAD 446,39.15035,-86.47151971
2008,10,5,Weekday,1800,2-Car,No injury/unknown,GLARE,LAMPKINS RIDGE & SR446N,39.15031306,-86.47140384
2008,5,7,Weekend,1200,2-Car,No injury/unknown,FAILURE TO YIELD RIGHT OF WAY,723 PARK SQUARE DR & SUNSET,39.15030256,-86.591822
2008,9,3,Weekday,1400,2-Car,No injury/unknown,DISREGARD SIGNAL/REG SIGN,MOORES & SMITH RD,39.150224,-86.480464
2008,10,2,Weekday,1700,2-Car,No injury/unknown,FAILURE TO YIELD RIGHT OF WAY,MOORES PIKE & SMITH,39.150224,-86.480464
2008,12,3,Weekday,1400,2-Car,Non-incapacitating,DISREGARD SIGNAL/REG SIGN,MOORES PIKE & SMITH,39.150224,-86.480464
2008,1,5,Weekday,1000,2-Car,No injury/unknown,FAILURE TO YIELD RIGHT OF WAY,MOORES & SMITH RD,39.15022,-86.48046
2008,8,6,Weekday,1400,1-Car,No injury/unknown,ANIMAL/OBJECT IN ROADWAY,E MOORES PIKE & FENBROOK,39.15022,-86.48725481
2008,12,2,Weekday,1700,2-Car,No injury/unknown,DISREGARD SIGNAL/REG SIGN,MOORES PIKE & SMITH,39.15022,-86.48046
2008,5,4,Weekday,1100,1-Car,No injury/unknown,DRIVER DISTRACTED - EXPLAIN IN NARRATIVE,BASSWOOD & BASSWOOD DR,39.15021763,-86.57165442
2008,1,7,Weekend,1200,2-Car,Non-incapacitating,IMPROPER TURNING,MOORES PIKE & OLCOT,39.15019,-86.48499
2008,11,7,Weekend,0,1-Car,No injury/unknown,ANIMAL/OBJECT IN ROADWAY,MOORES PIKE & OLCOTT,39.15019,-86.4849727
2008,11,4,Weekday,1700,1-Car,No injury/unknown,IMPROPER TURNING,MOORES PIKE & RENWICK,39.150145,-86.501045
2008,9,4,Weekday,2100,Moped/Motorcycle,Incapacitating,ALCOHOLIC BEVERAGES,BLOOMFIELD & SR37N,39.15006638,-86.57302812
2008,10,7,Weekend,1500,2-Car,No injury/unknown,UNSAFE BACKING,SOUTHERN DR & WALNUT,39.14984,-86.53321563
2008,4,3,Weekday,1400,Moped/Motorcycle,Non-incapacitating,FAILURE TO YIELD RIGHT OF WAY,SOUTHERN & WALNUT ST,39.14984,-86.533392
2008,7,5,Weekday,1400,2-Car,No injury/unknown,UNSAFE BACKING,S WALNUT ST,39.14982139,-86.53338645
2008,1,5,Weekday,900,2-Car,No injury/unknown,GLARE,BASSWOOD DR & BLOOMFIELD,39.14979055,-86.5688943
2008,4,7,Weekend,1300,2-Car,No injury/unknown,FAILURE TO YIELD RIGHT OF WAY,BASSWOOD & BLOOMFIELD RD,39.14979055,-86.56891162
2008,5,4,Weekday,1200,2-Car,No injury/unknown,DISREGARD SIGNAL/REG SIGN,BASSWOOD & BLOOMFIELD RD,39.14979055,-86.56891162
2008,5,3,Weekday,2100,2-Car,Non-incapacitating,DISREGARD SIGNAL/REG SIGN,BASSWOOD & BLOOMFIELD RD,39.14979055,-86.56891162
2008,6,4,Weekday,1600,2-Car,No injury/unknown,FOLLOWING TOO CLOSELY,BASSWOOD & BLOOMFIELD RD,39.14979055,-86.56891162
2008,7,5,Weekday,1400,Bus,No injury/unknown,FAILURE TO YIELD RIGHT OF WAY,BASSWOOD & BLOOMFIELD RD,39.14979055,-86.56892893
2008,10,4,Weekday,800,2-Car,Non-incapacitating,SPEED TOO FAST FOR WEATHER CONDITIONS,BASSWOOD DR & BLOOMFIELD,39.14979055,-86.56891162
2008,10,7,Weekend,1600,2-Car,Non-incapacitating,FOLLOWING TOO CLOSELY,BASSWOOD & BLOOMFIELD RD,39.14979055,-86.56891162
2008,11,5,Weekday,1700,2-Car,No injury/unknown,ROADWAY SURFACE CONDITION,BASSWOOD & BLOOMFIELD RD,39.14979055,-86.56890512
2008,1,5,Weekday,2100,2-Car,No injury/unknown,OTHER (ENVIRONMENTAL) - EXPLAIN IN NARR,BLOOMFIELD RD & OAKDALE,39.14978,-86.56889433
2008,11,5,Weekday,2200,2-Car,No injury/unknown,LEFT OF CENTER,BLOOMFIELD & OAKDALE DR,39.14978,-86.56889
2008,11,4,Weekday,1600,2-Car,No injury/unknown,FOLLOWING TOO CLOSELY,BLOOMFIELD RD & OAKDALE,39.14978,-86.56888134
2008,12,2,Weekday,1800,2-Car,No injury/unknown,SPEED TOO FAST FOR WEATHER CONDITIONS,OAKDALE & W BLOOMFIELD RD,39.14978,-86.56888351
2008,5,5,Weekday,1700,1-Car,No injury/unknown,OTHER (DRIVER) - EXPLAIN IN NARRATIVE,S WALNUT ST & SOUTHERN,39.14977,-86.5335
2008,1,5,Weekday,2100,3+ Cars,Non-incapacitating,SPEED TOO FAST FOR WEATHER CONDITIONS,BASSWOOD & SR45E,39.14975298,-86.56880186
2008,10,4,Weekday,1400,2-Car,Non-incapacitating,FOLLOWING TOO CLOSELY,BASSWOOD & SR45E,39.14975298,-86.56881051
2008,12,1,Weekend,600,1-Car,No injury/unknown,RAN OFF ROAD RIGHT,SR 46 & SR45E,39.14970517,-86.56893759
2008,9,5,Weekday,1900,1-Car,No injury/unknown,OVERCORRECTING/OVERSTEERING,OLCOTT BLVD & SOUTH,39.14962,-86.48484
2008,2,4,Weekday,1400,2-Car,No injury/unknown,DRIVER DISTRACTED - EXPLAIN IN NARRATIVE,HENDERSON ST & SOUTHERN,39.14956543,-86.52693514
2008,8,5,Weekday,1200,2-Car,No injury/unknown,DRIVER DISTRACTED - EXPLAIN IN NARRATIVE,CONSTITUTION & LIBERTY DRIVE DR,39.149552,-86.575936
2008,10,6,Weekday,300,1-Car,No injury/unknown,RAN OFF ROAD RIGHT,CONSTITUTION & LIBERTY DR,39.149552,-86.575936
2008,10,4,Weekday,1600,2-Car,No injury/unknown,FAILURE TO YIELD RIGHT OF WAY,CONSTITUTION & LIBERTY DR,39.149552,-86.575936
2008,8,6,Weekday,1600,2-Car,Non-incapacitating,FOLLOWING TOO CLOSELY,BLOOMFIELD & SR37N,39.14951711,-86.57301971
2008,12,4,Weekday,1900,1-Car,No injury/unknown,SPEED TOO FAST FOR WEATHER CONDITIONS,SUDBURY & WEIMER RD,39.14937,-86.56407567
2008,8,3,Weekday,900,2-Car,No injury/unknown,FAILURE TO YIELD RIGHT OF WAY,SOUTHERN & WALNUT ST,39.14930493,-86.53323242
2008,3,2,Weekday,1600,1-Car,No injury/unknown,OTHER (DRIVER) - EXPLAIN IN NARRATIVE,HENDERSON DR,39.14928,-86.526929
2008,1,2,Weekday,1900,Pedestrian,Non-incapacitating,PEDESTRIAN ACTION,BEASLEY & CURRY PIKE PIKE,39.149152,-86.582704
2008,5,7,Weekend,1600,2-Car,No injury/unknown,DRIVER DISTRACTED - EXPLAIN IN NARRATIVE,BEASLEY & CURRY PIKE,39.149152,-86.582704
2008,6,2,Weekday,2200,2-Car,No injury/unknown,FAILURE TO YIELD RIGHT OF WAY,VERMILYA & WALNUT ST,39.14906177,-86.5331599
2008,2,3,Weekday,800,1-Car,No injury/unknown,ROADWAY SURFACE CONDITION,SOUTH CURRY PKWY,39.149024,-86.582599
2008,6,3,Weekday,200,Moped/Motorcycle,Incapacitating,OTHER (VEHICLE) - EXPLAIN IN NARRATIVE,CONSTITUTION & LIBERTY DR,39.14900352,-86.57590792
2008,7,3,Weekday,1200,3+ Cars,Non-incapacitating,OTHER (DRIVER) - EXPLAIN IN NARRATIVE,SOUTH WALNUT ST & VERMILYA,39.148928,-86.53312
2008,6,2,Weekday,1500,3+ Cars,No injury/unknown,FOLLOWING TOO CLOSELY,VERMILYA & WALNUT ST,39.14892,-86.53324
2008,8,7,Weekend,2100,2-Car,No injury/unknown,LEFT OF CENTER,S WALNUT ST & VERMILYA,39.14892,-86.53324