Year,Month,Day,Weekend?,Hour,Collision Type,Injury Type,Primary Factor,Reported_Location,Latitude,Longitude
2008,10,4,Weekday,200,1-Car,Non-incapacitating,RAN OFF ROAD RIGHT,BEASLEY & CURRY PIKE,39.14887747,-86.58269878
2008,4,2,Weekday,2200,2-Car,No injury/unknown,OTHER (VEHICLE) - EXPLAIN IN NARRATIVE,S BUFFSTONE CT,39.148802,-86.525491
2008,10,2,Weekday,1700,2-Car,No injury/unknown,FAILURE TO YIELD RIGHT OF WAY,3205 W SR45 ST & SR37S,39.1486932,-86.57300645
2008,1,1,Weekend,200,1-Car,No injury/unknown,ALCOHOLIC BEVERAGES,SOUTH WALNUT ST,39.148616,-86.533144
2008,2,6,Weekday,1500,2-Car,No injury/unknown,UNSAFE SPEED,BLOOMFIELD & OAKDALE DR,39.148544,-86.571504
2008,3,5,Weekday,1900,2-Car,Non-incapacitating,ALCOHOLIC BEVERAGES,BLOOMFIELD RD & OAKDALE,39.148544,-86.571504
2008,12,1,Weekend,1400,1-Car,No injury/unknown,OVERCORRECTING/OVERSTEERING,BLOOMFIELD & OAKDALE DR,39.148544,-86.571504
2008,4,5,Weekday,1500,3+ Cars,Non-incapacitating,FOLLOWING TOO CLOSELY,37 & SR45W,39.1484186,-86.57299923
2008,9,3,Weekday,900,2-Car,No injury/unknown,OTHER (DRIVER) - EXPLAIN IN NARRATIVE,JORDAN AVE & THIRD,39.14839848,-86.5164
2008,10,6,Weekday,1400,2-Car,No injury/unknown,VIEW OBSTRUCTED,JORDAN AVE & THIRD,39.14839848,-86.5164
2008,6,4,Weekday,500,1-Car,No injury/unknown,ANIMAL/OBJECT IN ROADWAY,SR45 & SR45W,39.1482813,-86.57299561
2008,7,5,Weekday,1400,Moped/Motorcycle,Non-incapacitating,FOLLOWING TOO CLOSELY,CONSTITUTION & LIBERTY DR,39.14818059,-86.57595154
2008,1,4,Weekday,1200,2-Car,Non-incapacitating,FOLLOWING TOO CLOSELY,I45S & SR37S,39.148144,-86.572992
2008,1,5,Weekday,1700,2-Car,No injury/unknown,FOLLOWING TOO CLOSELY,SR37 & SR45,39.148144,-86.572992
2008,5,5,Weekday,1000,2-Car,No injury/unknown,DRIVER DISTRACTED - EXPLAIN IN NARRATIVE,BLOOMFIELD & SR37S,39.148144,-86.572992
2008,5,6,Weekday,700,2-Car,Non-incapacitating,FAILURE TO YIELD RIGHT OF WAY,SR37 & SR45W,39.148144,-86.572992
2008,6,2,Weekday,1100,2-Car,No injury/unknown,FOLLOWING TOO CLOSELY,SR37 & SR45 RD,39.148144,-86.572992
2008,6,2,Weekday,1300,2-Car,No injury/unknown,OTHER (DRIVER) - EXPLAIN IN NARRATIVE,SR 45 & SR37S,39.148144,-86.572992
2008,6,2,Weekday,1400,2-Car,No injury/unknown,OTHER (DRIVER) - EXPLAIN IN NARRATIVE,SR 45 & SR37N,39.148144,-86.572992
2008,7,7,Weekend,1100,2-Car,No injury/unknown,FAILURE TO YIELD RIGHT OF WAY,SR37S & SR45S,39.148144,-86.572992
2008,8,3,Weekday,2000,2-Car,Non-incapacitating,FOLLOWING TOO CLOSELY,BLOOMFIELD RD & SR37,39.148144,-86.572992
2008,8,4,Weekday,1700,3+ Cars,Non-incapacitating,FOLLOWING TOO CLOSELY,BLOOMFIELD RD & SR37,39.148144,-86.572992
2008,9,3,Weekday,600,2-Car,No injury/unknown,DISREGARD SIGNAL/REG SIGN,BLOOMFIELD & SR37S,39.148144,-86.572992
2008,10,3,Weekday,1500,2-Car,No injury/unknown,FAILURE TO YIELD RIGHT OF WAY,SR37 & SR45E,39.148144,-86.572992
2008,10,4,Weekday,1500,2-Car,Non-incapacitating,FAILURE TO YIELD RIGHT OF WAY,BLOOMFIELD RD & SR37,39.148144,-86.572992
2008,11,3,Weekday,1700,2-Car,No injury/unknown,FOLLOWING TOO CLOSELY,BLOOMFIELD RD & SR37N,39.148144,-86.572992
2008,11,4,Weekday,1200,3+ Cars,No injury/unknown,FAILURE TO YIELD RIGHT OF WAY,37N & SR45W,39.148144,-86.572992
2008,12,2,Weekday,1700,2-Car,No injury/unknown,ROADWAY SURFACE CONDITION,BLOOMFIELD RD & SR37,39.148144,-86.572992
2008,12,2,Weekday,1700,2-Car,No injury/unknown,ROADWAY SURFACE CONDITION,SR37S & SR45W,39.148144,-86.572992
2008,12,6,Weekend,1900,2-Car,No injury/unknown,FAILURE TO YIELD RIGHT OF WAY,BLOOMFIELD RD & STATE ROAD 37,39.148144,-86.572992
2008,12,4,Weekday,1600,2-Car,No injury/unknown,FAILURE TO YIELD RIGHT OF WAY,SR37N & SR45W,39.148144,-86.572992
2008,4,3,Weekday,1500,2-Car,No injury/unknown,OTHER (DRIVER) - EXPLAIN IN NARRATIVE,GRIMES & WALNUT ST,39.1480643,-86.53371
2008,5,2,Weekday,1100,2-Car,No injury/unknown,FAILURE TO YIELD RIGHT OF WAY,E MOODY & S HENDERSON ST,39.148064,-86.526912
2008,6,3,Weekday,2200,2-Car,No injury/unknown,UNSAFE BACKING,S WALNUT ST,39.14802351,-86.5328542
2008,1,4,Weekday,1600,2-Car,No injury/unknown,FOLLOWING TOO CLOSELY,CURRY PIKE & ROLL,39.14798817,-86.58263417
2008,4,3,Weekday,1800,1-Car,Incapacitating,DRIVER ILLNESS,CURRY PIKE & ROLL,39.14798817,-86.58263417
2008,7,2,Weekday,1900,2-Car,Non-incapacitating,FAILURE TO YIELD RIGHT OF WAY,MILLER & WALNUT ST,39.14774809,-86.53277506
2008,1,1,Weekday,2200,2-Car,Non-incapacitating,FAILURE TO YIELD RIGHT OF WAY,SR 37 & SR45W,39.14767319,-86.57295509
2008,2,3,Weekday,1600,2-Car,No injury/unknown,OTHER (DRIVER) - EXPLAIN IN NARRATIVE,SR 45 & SR37S,39.14767319,-86.57295509
2008,3,3,Weekday,1800,2-Car,Non-incapacitating,DRIVER DISTRACTED - EXPLAIN IN NARRATIVE,SR 37 & SR45W,39.14767319,-86.57295509
2008,3,4,Weekday,700,2-Car,Non-incapacitating,OTHER (DRIVER) - EXPLAIN IN NARRATIVE,SR 37 & SR45W,39.14767319,-86.57295509
2008,1,3,Weekday,900,2-Car,No injury/unknown,ROADWAY SURFACE CONDITION,ROLL AVE & YOST AVENUE,39.147552,-86.580704
2008,6,5,Weekday,2100,1-Car,No injury/unknown,ANIMAL/OBJECT IN ROADWAY,SR37N & STATE RD 45,39.14750244,-86.57295509
2008,7,5,Weekday,1200,2-Car,No injury/unknown,FOLLOWING TOO CLOSELY,SR37 & SR45W,39.14750244,-86.57295509
2008,9,3,Weekday,1200,2-Car,Non-incapacitating,FAILURE TO YIELD RIGHT OF WAY,SR37 & SR45W,39.14750244,-86.57295509
2008,9,5,Weekday,1100,2-Car,No injury/unknown,FAILURE TO YIELD RIGHT OF WAY,SR 37 & SR45W,39.14750244,-86.57295942
2008,12,2,Weekday,1800,3+ Cars,No injury/unknown,FOLLOWING TOO CLOSELY,SR 37 & SR45E,39.14750244,-86.57320781
2008,12,3,Weekday,800,2-Car,No injury/unknown,DRIVER DISTRACTED - EXPLAIN IN NARRATIVE,BLOOMFIELD & SR37S,39.14750244,-86.57320781
2008,8,7,Weekend,2100,Moped/Motorcycle,Incapacitating,ALCOHOLIC BEVERAGES,3300 N HEADLEY RD & HINKLE,39.14749876,-86.5143589
2008,5,6,Weekday,1400,1-Car,No injury/unknown,SPEED TOO FAST FOR WEATHER CONDITIONS,ROLL & S CURRY PIKE,39.14744,-86.582592
2008,9,6,Weekday,1500,3+ Cars,No injury/unknown,FOLLOWING TOO CLOSELY,ROLL & S CURRY PIKE,39.14744,-86.582592
2008,3,2,Weekday,2100,2-Car,Non-incapacitating,OTHER (DRIVER) - EXPLAIN IN NARRATIVE,BLOOMFIELD RD & SR 37,39.14741364,-86.57320781
2008,11,6,Weekend,2000,2-Car,No injury/unknown,FAILURE TO YIELD RIGHT OF WAY,BLOOMFIELD RD & STATE ROAD 37,39.14741364,-86.57320781
2008,12,4,Weekday,1000,2-Car,No injury/unknown,OTHER (ENVIRONMENTAL) - EXPLAIN IN NARR,ARDEN DR DR & WILLIAMS CT,39.14731,-86.50768
2008,10,2,Weekday,1600,2-Car,Non-incapacitating,FAILURE TO YIELD RIGHT OF WAY,MILLER & WALNUT ST,39.14721203,-86.53262102
2008,1,2,Weekday,700,Bus,No injury/unknown,FOLLOWING TOO CLOSELY,E MILLER & SO HENDERSON ST,39.147152,-86.526896
2008,3,1,Weekday,2000,2-Car,No injury/unknown,UNSAFE BACKING,500 BLK E MELROSE AVE & S HENDERSON,39.147152,-86.526896
2008,8,1,Weekend,1700,2-Car,No injury/unknown,OTHER (DRIVER) - EXPLAIN IN NARRATIVE,E MILLER DR,39.147152,-86.526896
2008,12,3,Weekday,1500,Pedestrian,Non-incapacitating,FAILURE TO YIELD RIGHT OF WAY,600 E MILLER DR & HENDERSON,39.147152,-86.526896
2008,7,4,Weekday,1700,2-Car,No injury/unknown,UNSAFE BACKING,E MILLER DR,39.14713279,-86.5274177
2008,10,4,Weekday,1400,2-Car,Non-incapacitating,FOLLOWING TOO CLOSELY,MILLER DR & S HENDERSON,39.1471131,-86.527953
2008,8,6,Weekday,1500,2-Car,Non-incapacitating,UNSAFE BACKING,E MILLER DR,39.1470409,-86.5299128
2008,2,6,Weekday,1200,2-Car,No injury/unknown,UNSAFE BACKING,E MILLER DR & OLIVE,39.147008,-86.51864
2008,2,3,Weekday,800,Cyclist,Non-incapacitating,FAILURE TO YIELD RIGHT OF WAY,E MILLER & S HIGHLAND AVE,39.146992,-86.517392
2008,9,4,Weekday,800,2-Car,No injury/unknown,FOLLOWING TOO CLOSELY,E MILLER & SO HIGHLAND AVE,39.146992,-86.517392
2008,6,4,Weekday,300,2-Car,No injury/unknown,UNSAFE BACKING,1890 S WALNUT ST,39.146984,-86.532672
2008,5,5,Weekday,1500,1-Car,No injury/unknown,UNSAFE SPEED,MAXWELL ST & MILLER,39.14696,-86.514992
2008,3,7,Weekend,2100,2-Car,No injury/unknown,FAILURE TO YIELD RIGHT OF WAY,MILLER & SOUTH WALNUT ST,39.146944,-86.532544
2008,5,5,Weekday,1800,3+ Cars,No injury/unknown,FOLLOWING TOO CLOSELY,MILLER & WALNUT ST,39.146944,-86.532544
2008,12,7,Weekend,1000,2-Car,Non-incapacitating,FAILURE TO YIELD RIGHT OF WAY,E MILLER & SO WALNUT ST,39.146944,-86.532544
2008,4,3,Weekday,1300,Moped/Motorcycle,No injury/unknown,FAILURE TO YIELD RIGHT OF WAY,HENDERSON & MILLER ST,39.14691,-86.52690404
2008,7,3,Weekday,1900,1-Car,No injury/unknown,OTHER (DRIVER) - EXPLAIN IN NARRATIVE,EAST MILLER DR,39.146901,-86.523284
2008,1,5,Weekday,1500,2-Car,No injury/unknown,FAILURE TO YIELD RIGHT OF WAY,HEDNERSON & MILLER DR,39.14689113,-86.52688
2008,8,1,Weekday,2000,2-Car,No injury/unknown,DISREGARD SIGNAL/REG SIGN,MILLER ST & WALNUT,39.14689,-86.53265
2008,3,5,Weekday,1700,2-Car,Non-incapacitating,OTHER (DRIVER) - EXPLAIN IN NARRATIVE,SR37N,39.14668252,-86.5749827
2008,6,7,Weekend,1000,2-Car,Non-incapacitating,SPEED TOO FAST FOR WEATHER CONDITIONS,SR37S,39.14668252,-86.57499611
2008,7,6,Weekday,1000,2-Car,Non-incapacitating,FAILURE TO YIELD RIGHT OF WAY,SAMS CLUB ENTRANCE & W ST RD 45 RD,39.1466638,-86.57445431
2008,3,4,Weekday,1800,2-Car,Non-incapacitating,DRIVER DISTRACTED - EXPLAIN IN NARRATIVE,SR45W & ST RD 37 OFF RAMP,39.14662636,-86.57504976
2008,7,7,Weekend,1100,2-Car,No injury/unknown,UNSAFE BACKING,S ROCKPORT RD,39.14643461,-86.5388111
2008,2,7,Weekend,1100,2-Car,Non-incapacitating,FAILURE TO YIELD RIGHT OF WAY,QUEENS & S HIGH ST,39.14642,-86.50835
2008,10,6,Weekday,1700,2-Car,No injury/unknown,UNSAFE BACKING,S LIBERTY DR,39.14637,-86.577549
2008,2,4,Weekday,700,2-Car,No injury/unknown,ROADWAY SURFACE CONDITION,BIRCH & PECAN LN,39.14635155,-86.56977222
2008,6,5,Weekday,1700,2-Car,No injury/unknown,OTHER (DRIVER) - EXPLAIN IN NARRATIVE,E QUEENS & S RAMSEY DR,39.14617,-86.50312
2008,5,2,Weekday,1400,2-Car,No injury/unknown,FAILURE TO YIELD RIGHT OF WAY,MILLER & WALNUT ST,39.14614153,-86.53230384
2008,12,2,Weekday,2200,2-Car,No injury/unknown,FOLLOWING TOO CLOSELY,S WALNUT ST,39.145848,-86.532216
2008,7,5,Weekday,1600,3+ Cars,Non-incapacitating,OTHER (DRIVER) - EXPLAIN IN NARRATIVE,3200 W STATE ROAD 45 RD & SR 37,39.145832,-86.57641281
2008,3,7,Weekend,1400,2-Car,No injury/unknown,UNSAFE BACKING,W STATE RD 45 RD,39.145753,-86.576344
2008,3,1,Weekday,2100,1-Car,No injury/unknown,BRAKE FAILURE OR DEFECTIVE,W STATE ROAD 45 HWY,39.145734,-86.57638
2008,6,1,Weekend,1500,Moped/Motorcycle,No injury/unknown,UNSAFE BACKING,W STATE RD 45 RD,39.145734,-86.57638
2008,6,2,Weekday,1100,2-Car,No injury/unknown,UNSAFE BACKING,WEST STATE RD 45 RD,39.145734,-86.57638
2008,7,3,Weekday,1300,Pedestrian,Incapacitating,OTHER (DRIVER) - EXPLAIN IN NARRATIVE,W STATE RD 45 RD,39.145734,-86.57638
2008,11,1,Weekend,1400,2-Car,No injury/unknown,OTHER (DRIVER) - EXPLAIN IN NARRATIVE,W STATE RD 45 RD,39.145734,-86.57638
2008,10,3,Weekday,1400,2-Car,No injury/unknown,FAILURE TO YIELD RIGHT OF WAY,LIBERTY DR & SR45W,39.14555978,-86.57759497
2008,12,3,Weekday,1800,2-Car,No injury/unknown,FAILURE TO YIELD RIGHT OF WAY,LIBERTY DR & SR45W,39.14555978,-86.57759497
2008,11,3,Weekday,1600,2-Car,No injury/unknown,GLARE,LIBERTY & SR45W,39.14555674,-86.57688767
2008,4,3,Weekday,700,2-Car,No injury/unknown,UNSAFE BACKING,PECAN LN,39.14554559,-86.5695195
2008,7,4,Weekday,900,2-Car,No injury/unknown,FAILURE TO YIELD RIGHT OF WAY,LIBERTY DR & SR45W,39.14542545,-86.5776316
2008,1,6,Weekday,1800,2-Car,No injury/unknown,FAILURE TO YIELD RIGHT OF WAY,45 & LIBERTY DR,39.14537071,-86.57762667
2008,2,2,Weekday,1400,2-Car,No injury/unknown,UNSAFE SPEED,HENDERSON ST,39.145362,-86.526945
2008,1,4,Weekday,900,2-Car,No injury/unknown,OTHER (DRIVER) - EXPLAIN IN NARRATIVE,LIBERTY DRIVE DR,39.145264,-86.577616
2008,4,7,Weekend,1700,2-Car,No injury/unknown,OTHER (DRIVER) - EXPLAIN IN NARRATIVE,S LIBERTY RD,39.145264,-86.577616
2008,4,2,Weekday,1000,2-Car,No injury/unknown,UNSAFE BACKING,S LIBERTY DR,39.145264,-86.577616
2008,8,2,Weekday,1500,2-Car,No injury/unknown,UNSAFE BACKING,SOUTH LIBERTY DR,39.145264,-86.577616
2008,8,3,Weekday,900,1-Car,No injury/unknown,SPEED TOO FAST FOR WEATHER CONDITIONS,LIBERTY DR,39.145264,-86.577616
2008,10,5,Weekday,1500,2-Car,No injury/unknown,IMPROPER TURNING,S LIBERTY DR,39.145264,-86.577616
2008,12,4,Weekday,600,1-Car,No injury/unknown,ROADWAY SURFACE CONDITION,S LIBERTY DR,39.145264,-86.577616
2008,1,5,Weekday,1500,3+ Cars,Non-incapacitating,FOLLOWING TOO CLOSELY,LIBERTY & SR45W,39.145152,-86.5776
2008,5,6,Weekday,1500,2-Car,No injury/unknown,OTHER (DRIVER) - EXPLAIN IN NARRATIVE,LIBERTY & SR45W,39.145152,-86.5776
2008,5,4,Weekday,1500,3+ Cars,No injury/unknown,OTHER (VEHICLE) - EXPLAIN IN NARRATIVE,LIBERTY & SR45W,39.145152,-86.5776
2008,6,4,Weekday,1900,2-Car,No injury/unknown,FAILURE TO YIELD RIGHT OF WAY,LIBERTY & SR45W,39.145152,-86.5776
2008,7,4,Weekday,1500,2-Car,No injury/unknown,FAILURE TO YIELD RIGHT OF WAY,LIBERTY & SR45E,39.145152,-86.5776
2008,9,3,Weekday,800,2-Car,No injury/unknown,FAILURE TO YIELD RIGHT OF WAY,LIBERTY & SR45W,39.145152,-86.5776
2008,10,4,Weekday,1700,2-Car,No injury/unknown,UNSAFE BACKING,LIBERTY & SR45W,39.145152,-86.5776
2008,10,5,Weekday,2200,Moped/Motorcycle,Non-incapacitating,OVERCORRECTING/OVERSTEERING,LIBERTY & SR45W,39.145152,-86.5776
2008,10,5,Weekday,1700,2-Car,No injury/unknown,FAILURE TO YIELD RIGHT OF WAY,LIBERTY DR & SR45W,39.145152,-86.5776
2008,11,7,Weekend,300,2-Car,Non-incapacitating,LEFT OF CENTER,LIBERTY DR & SR45W,39.145152,-86.5776
2008,11,7,Weekend,1400,2-Car,No injury/unknown,FAILURE TO YIELD RIGHT OF WAY,LIBERTY & SR45W,39.145152,-86.5776
2008,7,5,Weekday,1200,2-Car,No injury/unknown,FAILURE TO YIELD RIGHT OF WAY,SARE RD & WINSTON,39.14509,-86.49701
2008,8,2,Weekday,1400,2-Car,No injury/unknown,FOLLOWING TOO CLOSELY,SARE & WINSTON ST,39.14509,-86.49701
2008,10,6,Weekday,1700,2-Car,No injury/unknown,IMPROPER LANE USAGE,2ND & COLLEGE MALL RD,39.14507982,-86.49772
2008,4,6,Weekday,1700,2-Car,No injury/unknown,DRIVER DISTRACTED - EXPLAIN IN NARRATIVE,LIBERTY & SR 45 RD,39.14502,-86.57777433
2008,10,5,Weekday,1500,2-Car,Non-incapacitating,FAILURE TO YIELD RIGHT OF WAY,STATE ROAD 45 ST & WALMART,39.14502,-86.57777
2008,12,6,Weekday,1700,2-Car,No injury/unknown,FAILURE TO YIELD RIGHT OF WAY,SR 45 HWY & WALMART,39.14502,-86.57777
2008,2,4,Weekday,1700,3+ Cars,No injury/unknown,DRIVER DISTRACTED - EXPLAIN IN NARRATIVE,LIBERTY & SR45 RD,39.14500942,-86.57776354
2008,12,2,Weekday,1700,2-Car,No injury/unknown,SPEED TOO FAST FOR WEATHER CONDITIONS,LIBERTY & SR45E,39.14500942,-86.57780683
2008,12,2,Weekday,1800,2-Car,No injury/unknown,SPEED TOO FAST FOR WEATHER CONDITIONS,LIBERTY & SR45E,39.14500942,-86.57780683
2008,7,2,Weekday,1600,2-Car,No injury/unknown,FOLLOWING TOO CLOSELY,LIBERTY & SR45E,39.14499486,-86.57788929
2008,1,2,Weekday,1700,1-Car,No injury/unknown,ALCOHOLIC BEVERAGES,ALPINE TER,39.14492,-86.524373
2008,3,5,Weekday,1700,2-Car,No injury/unknown,UNSAFE BACKING,E EMINENCE WAY & E SUMMITVIEW,39.14487,-86.52275298
2008,9,1,Weekend,1400,2-Car,Non-incapacitating,UNSAFE BACKING,OAKDALE & PECAN LN,39.14480793,-86.569517
2008,4,6,Weekday,1400,2-Car,No injury/unknown,DISREGARD SIGNAL/REG SIGN,NORTH & WALNUT ST,39.144752,-86.531888
2008,7,7,Weekend,1100,Moped/Motorcycle,Non-incapacitating,FAILURE TO YIELD RIGHT OF WAY,S MCCARTNEY & SARE RD,39.1443132,-86.49696261
2008,5,4,Weekday,1400,3+ Cars,No injury/unknown,OTHER (DRIVER) - EXPLAIN IN NARRATIVE,S CURRY PIKE,39.14429333,-86.582592
2008,8,6,Weekday,1500,1-Car,No injury/unknown,DRIVER DISTRACTED - EXPLAIN IN NARRATIVE,AZALEA LN,39.144016,-86.519647
2008,5,4,Weekday,1800,1-Car,No injury/unknown,OTHER (DRIVER) - EXPLAIN IN NARRATIVE,3700 S ROCKPORT RD & HENESY,39.14399941,-86.5567129
2008,4,5,Weekday,1300,1-Car,No injury/unknown,DRIVER ASLEEP OR FATIGUED,FENBROOK & S SMITH RD,39.14396827,-86.4806
2008,6,5,Weekday,1000,2-Car,No injury/unknown,UNSAFE BACKING,SO WALNUT ST,39.143921,-86.531755
2008,12,1,Weekend,1200,1-Car,No injury/unknown,OTHER (DRIVER) - EXPLAIN IN NARRATIVE,SOUTH WALNUT ST,39.143921,-86.531755
2008,6,7,Weekend,900,Pedestrian,Non-incapacitating,OTHER (DRIVER) - EXPLAIN IN NARRATIVE,SOUTH WALNUT ST,39.143896,-86.531748
2008,12,3,Weekday,1800,2-Car,No injury/unknown,ROADWAY SURFACE CONDITION,CURRY & INDUSTRIAL DR,39.143808,-86.582592
2008,12,3,Weekday,1800,3+ Cars,No injury/unknown,ROADWAY SURFACE CONDITION,CURRY & INDUSTRIAL DR,39.143808,-86.582592
2008,3,6,Weekend,2200,1-Car,No injury/unknown,ROADWAY SURFACE CONDITION,RIDGE CREST CT,39.14371,-86.525609
2008,4,3,Weekday,1900,2-Car,Non-incapacitating,FOLLOWING TOO CLOSELY,INDUSTRIAL & SR45W,39.14363325,-86.58038582
2008,11,7,Weekend,1500,2-Car,No injury/unknown,DISREGARD SIGNAL/REG SIGN,INDUSTRIAL & W STATE RD 45 RD,39.1436,-86.58031866
2008,7,7,Weekend,1600,2-Car,Incapacitating,FAILURE TO YIELD RIGHT OF WAY,SR45E & WALMART,39.14358304,-86.58028275
2008,3,7,Weekend,1900,2-Car,Non-incapacitating,FAILURE TO YIELD RIGHT OF WAY,SR45W & WALMART,39.14356848,-86.58025593
2008,1,6,Weekday,1400,2-Car,Non-incapacitating,FAILURE TO YIELD RIGHT OF WAY,INDUSTRIAL & SR45W,39.143552,-86.580528
2008,5,4,Weekday,1600,2-Car,No injury/unknown,FAILURE TO YIELD RIGHT OF WAY,INDUSTRIAL & SR45W,39.143552,-86.580528
2008,8,2,Weekday,1700,2-Car,Non-incapacitating,FAILURE TO YIELD RIGHT OF WAY,INDUSTRIAL & SR45W,39.143552,-86.580528
2008,10,6,Weekend,1900,2-Car,No injury/unknown,FAILURE TO YIELD RIGHT OF WAY,INDUSTRIAL & SR45W,39.143552,-86.580528
2008,10,3,Weekday,800,2-Car,Non-incapacitating,FAILURE TO YIELD RIGHT OF WAY,INDUSTRIAL & SR45W,39.143552,-86.580528
2008,12,7,Weekend,2200,2-Car,No injury/unknown,FOLLOWING TOO CLOSELY,INDUSTRIAL & SR45W,39.143552,-86.580528
2008,12,7,Weekend,2300,1-Car,No injury/unknown,ROADWAY SURFACE CONDITION,CURRY PIKE & INDUSTRIAL,39.14353334,-86.582592
2008,7,5,Weekday,2100,2-Car,No injury/unknown,UNSAFE BACKING,SOUTH ROCKPORT RD,39.143504,-86.541708
2008,4,7,Weekend,2100,Pedestrian,Non-incapacitating,PEDESTRIAN ACTION,COUNTRYSIDE & ROCKPORT RD,39.1434,-86.54182
2008,11,3,Weekday,1600,2-Car,Non-incapacitating,FAILURE TO YIELD RIGHT OF WAY,COUNTRYSIDE & ROCKPORT RD,39.1434,-86.54182
2008,8,2,Weekday,1900,Cyclist,Non-incapacitating,PEDESTRIAN ACTION,JED & ROGERS ST,39.143344,-86.538704
2008,7,4,Weekday,1200,2-Car,No injury/unknown,UNSAFE BACKING,SOUTH WALNUT ST,39.143341,-86.531589
2008,1,4,Weekday,300,1-Car,No injury/unknown,RAN OFF ROAD RIGHT,BOULDER & COUNTRYSIDE LN,39.14333,-86.54322
2008,12,4,Weekday,0,1-Car,No injury/unknown,SPEED TOO FAST FOR WEATHER CONDITIONS,COUNTRY SIDE LN & THOMSON PARK,39.14333,-86.54322
2008,12,7,Weekend,1400,1-Car,No injury/unknown,OTHER (DRIVER) - EXPLAIN IN NARRATIVE,5920  LAMPKINS RIDGE RD & FRIENDSHIP,39.14320283,-86.40588883
2008,1,7,Weekend,300,1-Car,No injury/unknown,RAN OFF ROAD RIGHT,AZALEA LN,39.143058,-86.523014
2008,7,4,Weekday,2100,2-Car,No injury/unknown,OTHER (DRIVER) - EXPLAIN IN NARRATIVE,HAYS CT,39.143006,-86.539047
2008,7,4,Weekday,1600,2-Car,Non-incapacitating,OTHER (DRIVER) - EXPLAIN IN NARRATIVE,BLOOMFIELD & CURRY PIKE,39.14295897,-86.58259749
2008,9,4,Weekday,1600,2-Car,Non-incapacitating,FOLLOWING TOO CLOSELY,SR45W & WALMART PARKING LOT,39.14255956,-86.58011913
2008,9,7,Weekend,2300,2-Car,No injury/unknown,UNSAFE BACKING,S WALNUT ST,39.142555,-86.531238
2008,10,3,Weekday,1500,2-Car,No injury/unknown,OTHER (DRIVER) - EXPLAIN IN NARRATIVE,S WALNUT ST,39.142555,-86.531238
2008,11,7,Weekend,700,2-Car,No injury/unknown,UNSAFE BACKING,S WALNUT ST,39.142555,-86.531238
2008,1,4,Weekday,1400,2-Car,No injury/unknown,OTHER (DRIVER) - EXPLAIN IN NARRATIVE,W STATE ROAD 45 RD,39.142381,-86.581967
2008,2,2,Weekday,1800,2-Car,No injury/unknown,OTHER (DRIVER) - EXPLAIN IN NARRATIVE,STATE ROAD 45 RD,39.142381,-86.581967
2008,3,6,Weekday,1700,2-Car,No injury/unknown,IMPROPER LANE USAGE,WEST STATE ROAD 45 HWY,39.142381,-86.581967
2008,7,3,Weekday,2300,1-Car,No injury/unknown,OTHER (VEHICLE) - EXPLAIN IN NARRATIVE,W State Road 45 RD,39.142381,-86.581967
2008,7,4,Weekday,2200,2-Car,No injury/unknown,UNSAFE BACKING,W ST RD 45 RD,39.142381,-86.581967
2008,7,6,Weekend,1900,2-Car,No injury/unknown,DRIVER DISTRACTED - EXPLAIN IN NARRATIVE,W STATE ROAD 45 HWY,39.142381,-86.581967
2008,8,6,Weekday,1600,2-Car,No injury/unknown,FAILURE TO YIELD RIGHT OF WAY,W SR 45 RD,39.142381,-86.581967
2008,10,6,Weekday,1500,2-Car,No injury/unknown,UNSAFE BACKING,WEST STATE ROAD 45 HWY,39.142381,-86.581967
2008,12,1,Weekend,1000,2-Car,No injury/unknown,SPEED TOO FAST FOR WEATHER CONDITIONS,WEST ST RD 45 RD,39.142381,-86.581967
2008,9,5,Weekday,1300,2-Car,Non-incapacitating,LEFT OF CENTER,BELLE & CURRY PIKE,39.14215182,-86.58274
2008,5,6,Weekday,1500,Bus,No injury/unknown,UNSAFE SPEED,SOUTH DR & WALNUT,39.14205611,-86.53073545
2008,5,2,Weekday,1100,2-Car,No injury/unknown,UNSAFE BACKING,N STATE ROAD 46 ST,39.14205543,-86.53076461
2008,2,6,Weekday,1700,2-Car,No injury/unknown,FAILURE TO YIELD RIGHT OF WAY,S LEONARD SPRINGS & SR45W,39.142048,-86.582592
2008,5,6,Weekday,1800,2-Car,Non-incapacitating,ILLEGAL DRUGS,CURRY & SR45,39.142048,-86.582592
2008,6,7,Weekend,1500,2-Car,Non-incapacitating,DISREGARD SIGNAL/REG SIGN,LEONARD SPRINGS & SR45W,39.142048,-86.582592
2008,7,4,Weekday,900,2-Car,No injury/unknown,DISREGARD SIGNAL/REG SIGN,LEONARD SPRINGS ROAD & SR45W,39.142048,-86.582592
2008,8,3,Weekday,1800,3+ Cars,Non-incapacitating,IMPROPER LANE USAGE,CURRY & SR45W,39.142048,-86.582592
2008,9,1,Weekday,2100,2-Car,Non-incapacitating,FAILURE TO YIELD RIGHT OF WAY,S WALNUT ST & SOUTH,39.142048,-86.531088
2008,9,3,Weekday,1700,2-Car,No injury/unknown,DISREGARD SIGNAL/REG SIGN,CURRY PIKE & SR45W,39.142048,-86.582592