Year,Month,Day,Weekend?,Hour,Collision Type,Injury Type,Primary Factor,Reported_Location,Latitude,Longitude
2008,10,6,Weekday,1600,2-Car,No injury/unknown,IMPROPER PASSING,S LEONARD SPRINGS RD & SR45,39.142048,-86.582592
2008,11,2,Weekday,2000,2-Car,No injury/unknown,DISREGARD SIGNAL/REG SIGN,LEONARD SPRINGS & SR45W,39.142048,-86.582592
2008,11,3,Weekday,1800,2-Car,No injury/unknown,OTHER (DRIVER) - EXPLAIN IN NARRATIVE,LEONARD SPRINGS RD & SR45W,39.142048,-86.582592
2008,12,5,Weekday,1800,2-Car,Non-incapacitating,FAILURE TO YIELD RIGHT OF WAY,S LEONARD SPRINGS DR & SR45W,39.142048,-86.582592
2008,12,4,Weekday,1700,2-Car,Non-incapacitating,IMPROPER LANE USAGE,CURRY & SR45W,39.142048,-86.582592
2008,2,5,Weekday,1700,Bus,No injury/unknown,ROADWAY SURFACE CONDITION,CURRY & ST RD 45 RD,39.14195,-86.58259
2008,2,4,Weekday,1000,2-Car,No injury/unknown,DISREGARD SIGNAL/REG SIGN,CURRY & SR45E,39.14191534,-86.582572
2008,2,4,Weekday,1600,2-Car,No injury/unknown,OTHER (DRIVER) - EXPLAIN IN NARRATIVE,LEAONARD & SR45 ST,39.14191534,-86.582572
2008,3,2,Weekday,700,2-Car,No injury/unknown,FAILURE TO YIELD RIGHT OF WAY,LENARD SPRINGS & SR45W,39.14191534,-86.582572
2008,3,6,Weekday,700,2-Car,No injury/unknown,DISREGARD SIGNAL/REG SIGN,S LEANARD SPRINGS & SR45W,39.14191534,-86.582572
2008,5,5,Weekday,1800,2-Car,Non-incapacitating,OTHER (DRIVER) - EXPLAIN IN NARRATIVE,LEONARD SPRINGS & SR 45 RD,39.14191534,-86.582572
2008,11,7,Weekend,1400,2-Car,No injury/unknown,FAILURE TO YIELD RIGHT OF WAY,CURRY & SR45W,39.14191534,-86.582572
2008,3,6,Weekday,1300,2-Car,No injury/unknown,FAILURE TO YIELD RIGHT OF WAY,HENDERSON ST & WYLIE FARMS,39.14191,-86.52694
2008,4,6,Weekday,1800,2-Car,No injury/unknown,DRIVER DISTRACTED - EXPLAIN IN NARRATIVE,HENDERSON ST & WYLIE FARMS,39.14191,-86.52694
2008,12,5,Weekday,1400,2-Car,No injury/unknown,FAILURE TO YIELD RIGHT OF WAY,HENDERSON DR & WYLIE FARM,39.14191,-86.52694
2008,12,4,Weekday,700,2-Car,No injury/unknown,OTHER (DRIVER) - EXPLAIN IN NARRATIVE,HENDERSON & WYLIE FARM RD,39.14191,-86.52694
2008,9,4,Weekday,1700,2-Car,No injury/unknown,FAILURE TO YIELD RIGHT OF WAY,LEONARD SPRINGS & SR45W,39.14190066,-86.5828886
2008,12,6,Weekday,1500,2-Car,No injury/unknown,FAILURE TO YIELD RIGHT OF WAY,LEONARD SPRINGS RD & SR45W,39.14184201,-86.58259006
2008,7,3,Weekday,1400,2-Car,No injury/unknown,UNSAFE BACKING,S WALNUT ST,39.14179311,-86.53100751
2008,12,3,Weekday,1800,1-Car,No injury/unknown,SPEED TOO FAST FOR WEATHER CONDITIONS,WALNUT ST,39.14179311,-86.53100751
2008,5,7,Weekend,1600,2-Car,No injury/unknown,FAILURE TO YIELD RIGHT OF WAY,LEONARD SPRINGS RD & SR45W,39.14177335,-86.58258941
2008,12,7,Weekend,1100,2-Car,No injury/unknown,ROADWAY SURFACE CONDITION,45 & LEONARD SPRINGS RD,39.14177335,-86.58258941
2008,7,2,Weekday,1800,2-Car,No injury/unknown,IMPROPER LANE USAGE,CURRY & SR45,39.14167998,-86.58353457
2008,3,1,Weekend,400,3+ Cars,No injury/unknown,ALCOHOLIC BEVERAGES,WHITE TAIL & WYLIE FARM RD,39.14146,-86.52354
2008,5,4,Weekday,500,Cyclist,Non-incapacitating,FAILURE TO YIELD RIGHT OF WAY,S LEONARD SPRINGS RD & W BLOOMFIELD,39.14125523,-86.58273295
2008,10,7,Weekend,1100,2-Car,No injury/unknown,OTHER (DRIVER) - EXPLAIN IN NARRATIVE,ROCKPORT ROAD RD,39.14106,-86.544119
2008,9,5,Weekday,1500,2-Car,No injury/unknown,OTHER (ENVIRONMENTAL) - EXPLAIN IN NARR,SARE RD & SPICEWOOD,39.14093,-86.49658
2008,3,3,Weekday,100,2-Car,No injury/unknown,OTHER (DRIVER) - EXPLAIN IN NARRATIVE,ADDISYN ST & EVINTIDE,39.1407,-86.55674
2008,7,2,Weekday,700,2-Car,Non-incapacitating,FAILURE TO YIELD RIGHT OF WAY,S LEANARD SPRINGS DR & W WALNUT LEAF,39.140352,-86.582576
2008,8,6,Weekday,1200,2-Car,Non-incapacitating,FAILURE TO YIELD RIGHT OF WAY,GRAHAM & ROCKPORT RD,39.140144,-86.54496
2008,8,2,Weekday,500,Cyclist,Incapacitating,OTHER (ENVIRONMENTAL) - EXPLAIN IN NARR,AIRPORT & SR45W,39.14010903,-86.58813244
2008,1,5,Weekday,1100,2-Car,No injury/unknown,OTHER (DRIVER) - EXPLAIN IN NARRATIVE,S KIRBY RD,39.140048,-86.610304
2008,11,4,Weekday,800,2-Car,Incapacitating,FOLLOWING TOO CLOSELY,LEONARD SPRINGS & SR45S,39.14002471,-86.58837922
2008,5,6,Weekday,0,2-Car,No injury/unknown,BRAKE FAILURE OR DEFECTIVE,GRAHAM PL,39.13992686,-86.53860114
2008,7,3,Weekday,1700,2-Car,No injury/unknown,OTHER (DRIVER) - EXPLAIN IN NARRATIVE,GRAHAM DR & ROGERS,39.13992,-86.538416
2008,11,2,Weekday,1700,2-Car,No injury/unknown,FAILURE TO YIELD RIGHT OF WAY,ALLEN & WALNUT ST,39.13974198,-86.53368
2008,12,3,Weekday,1800,1-Car,Non-incapacitating,OTHER (ENVIRONMENTAL) - EXPLAIN IN NARR,AIRPORT & ENDWRIGHT RD,39.13959434,-86.59635203
2008,7,6,Weekday,1000,3+ Cars,No injury/unknown,OTHER (DRIVER) - EXPLAIN IN NARRATIVE,S HIGHLAND AVE,39.13950428,-86.51762373
2008,9,5,Weekday,1700,2-Car,No injury/unknown,FOLLOWING TOO CLOSELY,DAVID & SARE RD,39.13857,-86.49653
2008,4,7,Weekend,1300,2-Car,No injury/unknown,FOLLOWING TOO CLOSELY,RALSTON & ROGERS ST,39.138448,-86.538288
2008,7,1,Weekend,1200,Bus,No injury/unknown,UNSAFE BACKING,PINEHURST DR & ROCKPORT,39.13829,-86.54678866
2008,2,5,Weekday,1400,3+ Cars,No injury/unknown,ROADWAY SURFACE CONDITION,BRANDON & HENDERSON ST,39.13821679,-86.52689912
2008,2,5,Weekday,1400,2-Car,No injury/unknown,ROADWAY SURFACE CONDITION,BRANDON & HENDERSON ST,39.13821679,-86.52689912
2008,10,6,Weekend,2200,Pedestrian,Fatal,DRIVER DISTRACTED - EXPLAIN IN NARRATIVE,AIRPORT & SR45,39.13785055,-86.59211256
2008,2,4,Weekday,1100,1-Car,Non-incapacitating,ROADWAY SURFACE CONDITION,GARRISON CHAPEL RD & HENDRICK ROAD,39.13779417,-86.64721
2008,10,5,Weekday,0,2-Car,No injury/unknown,,WINSLOW CT,39.137695,-86.524158
2008,10,5,Weekday,100,3+ Cars,No injury/unknown,ALCOHOLIC BEVERAGES,S WINSLOW CT,39.13742857,-86.52401486
2008,12,6,Weekday,100,1-Car,Non-incapacitating,ILLEGAL DRUGS,SR37S & TAPP,39.13731465,-86.57289939
2008,9,5,Weekday,1500,2-Car,No injury/unknown,UNSAFE BACKING,WINSLOW CT,39.13726277,-86.52401169
2008,7,4,Weekday,800,1-Car,No injury/unknown,RAN OFF ROAD RIGHT,E CORADON HIIL CT,39.137168,-86.51249
2008,9,3,Weekday,1900,2-Car,No injury/unknown,OTHER (DRIVER) - EXPLAIN IN NARRATIVE,BRITTANY LN & BURBERRY,39.13714234,-86.52219443
2008,2,4,Weekday,1000,2-Car,No injury/unknown,ROADWAY SURFACE CONDITION,SR37S & TAPP,39.13704,-86.572896
2008,2,4,Weekday,1300,2-Car,No injury/unknown,DRIVER DISTRACTED - EXPLAIN IN NARRATIVE,TAPP RD & YONKERS,39.13704,-86.575296
2008,3,6,Weekday,1600,2-Car,No injury/unknown,FAILURE TO YIELD RIGHT OF WAY,LEONARD SPRINGS RD & TAPP,39.13704,-86.582512
2008,4,5,Weekday,1500,3+ Cars,Non-incapacitating,OTHER (DRIVER) - EXPLAIN IN NARRATIVE,SR37S & TAPP,39.13704,-86.572896
2008,4,4,Weekday,1500,2-Car,Non-incapacitating,FAILURE TO YIELD RIGHT OF WAY,LEONARD SPRINGS RD & TAPP,39.13704,-86.582512
2008,6,4,Weekday,1700,Moped/Motorcycle,Non-incapacitating,IMPROPER LANE USAGE,SR37S & TAPP,39.13704,-86.572896
2008,6,6,Weekday,1400,2-Car,No injury/unknown,OTHER (DRIVER) - EXPLAIN IN NARRATIVE,LEONARD SPRINGS & TAPP RD,39.13704,-86.58215932
2008,7,3,Weekday,1800,3+ Cars,No injury/unknown,FOLLOWING TOO CLOSELY,TAPP RD & YONKERS,39.13704,-86.575296
2008,9,5,Weekday,1800,2-Car,Non-incapacitating,FOLLOWING TOO CLOSELY,LEONARD SPRINGS RD & TAPP,39.13704,-86.582512
2008,9,4,Weekday,1900,Moped/Motorcycle,Non-incapacitating,ROAD UNDER CONSTRUCTION,SR37S & TAPP,39.13704,-86.572896
2008,9,3,Weekday,1200,2-Car,Non-incapacitating,FOLLOWING TOO CLOSELY,S YONKERS & TAPP RD,39.13704,-86.575296
2008,11,4,Weekday,1800,2-Car,Non-incapacitating,IMPROPER TURNING,SR37S & TAPP RD,39.13704,-86.572896
2008,12,3,Weekday,900,2-Car,No injury/unknown,OTHER (DRIVER) - EXPLAIN IN NARRATIVE,SR37S & TAPP,39.13704,-86.572896
2008,5,4,Weekday,2300,1-Car,No injury/unknown,ALCOHOLIC BEVERAGES,S WALNUT PIKE,39.136944,-86.529488
2008,6,5,Weekday,1700,2-Car,No injury/unknown,LEFT OF CENTER,AIRPORT RD RD & CAVE,39.13688,-86.628768
2008,11,5,Weekday,1900,1-Car,No injury/unknown,ANIMAL/OBJECT IN ROADWAY,AIRPORT RD RD & CAVE RD,39.13688,-86.628768
2008,11,5,Weekday,800,2-Car,Non-incapacitating,FOLLOWING TOO CLOSELY,SR37N & TAPP,39.13687521,-86.572896
2008,4,6,Weekday,1700,2-Car,No injury/unknown,DRIVER DISTRACTED - EXPLAIN IN NARRATIVE,AIRPORT RD & BUNGER,39.136848,-86.606
2008,7,1,Weekend,1400,2-Car,No injury/unknown,DRIVER DISTRACTED - EXPLAIN IN NARRATIVE,AIRPORT RD & BUNGER,39.136848,-86.606
2008,10,1,Weekend,1800,2-Car,No injury/unknown,DISREGARD SIGNAL/REG SIGN,AIRPORT & SR45W,39.136848,-86.593792
2008,4,2,Weekday,1200,3+ Cars,No injury/unknown,FOLLOWING TOO CLOSELY,3900 WEST TAPP RD & LEONARD SPRINGS,39.13684734,-86.58259797
2008,4,3,Weekday,700,2-Car,No injury/unknown,BRAKE FAILURE OR DEFECTIVE,LEONARD SPRINGS RD & TAPP,39.13683,-86.58261
2008,11,6,Weekday,1800,2-Car,No injury/unknown,FOLLOWING TOO CLOSELY,LEONARD SPRING & TAPP RD,39.13683,-86.58261
2008,8,5,Weekday,1400,2-Car,No injury/unknown,FAILURE TO YIELD RIGHT OF WAY,WALNUT ST & WINSLOW,39.13679409,-86.52933809
2008,10,6,Weekday,1400,2-Car,Non-incapacitating,FOLLOWING TOO CLOSELY,LEANORD SPRINGS & TAPP RD,39.13678452,-86.58261627
2008,11,7,Weekend,0,2-Car,No injury/unknown,UNSAFE BACKING,AIRPORT RD,39.136774,-86.600409
2008,4,2,Weekday,1500,2-Car,No injury/unknown,IMPROPER LANE USAGE,STATE ROAD 37 & TAPP RD,39.13676196,-86.57320781
2008,7,1,Weekend,0,2-Car,Non-incapacitating,FAILURE TO YIELD RIGHT OF WAY,SR37N & TAPP,39.13676196,-86.57320781
2008,1,2,Weekday,1400,3+ Cars,No injury/unknown,FOLLOWING TOO CLOSELY,WALNUT ST & WINSLOW,39.13668574,-86.52922974
2008,12,2,Weekday,1400,2-Car,No injury/unknown,UNSAFE BACKING,WINSLOW CT,39.136671,-86.524022
2008,7,5,Weekday,1200,2-Car,No injury/unknown,OTHER (DRIVER) - EXPLAIN IN NARRATIVE,DEBRA & W TAPP RD,39.13666,-86.56786597
2008,9,4,Weekday,1800,2-Car,Non-incapacitating,OBSTRUCTION NOT MARKED,DEBORAH & TAPP RD,39.13666,-86.56785731
2008,12,5,Weekday,1900,1-Car,No injury/unknown,OVERCORRECTING/OVERSTEERING,DEBORAH & TAPP RD,39.13666,-86.56784
2008,2,6,Weekday,1300,1-Car,Non-incapacitating,OTHER (ENVIRONMENTAL) - EXPLAIN IN NARR,HIGH & ROGERS RD,39.13664,-86.50703798
2008,1,6,Weekday,800,1-Car,No injury/unknown,UNSAFE SPEED,ROGERS RD & SO HIGH,39.13664,-86.508096
2008,2,3,Weekday,1300,1-Car,No injury/unknown,SPEED TOO FAST FOR WEATHER CONDITIONS,2200 EAST ROGERS RD & HIGH,39.13664,-86.508096
2008,2,6,Weekday,800,1-Car,No injury/unknown,SPEED TOO FAST FOR WEATHER CONDITIONS,E ROGERS RD & SO HIGH,39.13664,-86.508096
2008,6,2,Weekday,1500,2-Car,No injury/unknown,FAILURE TO YIELD RIGHT OF WAY,E ROGERS RD & HIGH,39.13664,-86.508096
2008,2,5,Weekday,1600,2-Car,No injury/unknown,ROADWAY SURFACE CONDITION,ADAMS & TAPP RD,39.13662,-86.55431
2008,4,5,Weekday,1900,3+ Cars,Non-incapacitating,DRIVER DISTRACTED - EXPLAIN IN NARRATIVE,ADAMS & TAPP RD,39.13662,-86.55431
2008,9,7,Weekend,800,Moped/Motorcycle,Non-incapacitating,ROADWAY SURFACE CONDITION,ADAMS & TAPP RD,39.13662,-86.55431
2008,10,4,Weekday,1400,1-Car,No injury/unknown,OTHER (DRIVER) - EXPLAIN IN NARRATIVE,SOUTH ADAMS & TAPP RD,39.13662,-86.55431
2008,10,6,Weekday,800,Moped/Motorcycle,No injury/unknown,ROADWAY SURFACE CONDITION,S ADAMS & W TAPP RD,39.13662,-86.55431
2008,8,6,Weekday,1400,2-Car,No injury/unknown,UNSAFE BACKING,WALNUT ST & WINSLOW,39.13657739,-86.52912139
2008,7,3,Weekday,1700,2-Car,No injury/unknown,UNSAFE BACKING,S WALNUT ST PIKE,39.13656457,-86.52910857
2008,8,4,Weekday,1600,3+ Cars,No injury/unknown,OTHER (DRIVER) - EXPLAIN IN NARRATIVE,TAPP RD & WEIMER,39.13651906,-86.56166356
2008,1,2,Weekday,2200,2-Car,No injury/unknown,DISREGARD SIGNAL/REG SIGN,ROCKPORT RD & TAPP,39.136448,-86.548704
2008,1,6,Weekend,2100,2-Car,No injury/unknown,FAILURE TO YIELD RIGHT OF WAY,ROCKPORT & TAPP RD,39.136448,-86.548704
2008,6,5,Weekday,2000,Moped/Motorcycle,Non-incapacitating,ALCOHOLIC BEVERAGES,COUNTRY CLUB DR & ROCKPORT,39.136448,-86.548704
2008,9,3,Weekday,1700,2-Car,Non-incapacitating,FOLLOWING TOO CLOSELY,ROCKPORT & TAPP RD,39.136448,-86.548704
2008,2,3,Weekday,1600,1-Car,No injury/unknown,ROADWAY SURFACE CONDITION,ROGERS RD & WINDINGBROOK,39.13643708,-86.50539733
2008,6,4,Weekday,900,2-Car,No injury/unknown,SPEED TOO FAST FOR WEATHER CONDITIONS,COUNTRY CLUB DR & ROCKPORT,39.13642333,-86.54799937
2008,2,3,Weekday,1400,2-Car,No injury/unknown,ALCOHOLIC BEVERAGES,WALNUT STREET PIKE,39.136422,-86.529136
2008,2,3,Weekday,1400,1-Car,No injury/unknown,ALCOHOLIC BEVERAGES,S WALNUT STREET PIKE,39.136422,-86.529136
2008,9,5,Weekday,1900,1-Car,No injury/unknown,OTHER (DRIVER) - EXPLAIN IN NARRATIVE,EAST WINSLOW RD & HIGH,39.13641362,-86.50834184
2008,8,4,Weekday,1500,2-Car,No injury/unknown,OTHER (ENVIRONMENTAL) - EXPLAIN IN NARR,S ROGERS RD,39.136368,-86.505056
2008,7,6,Weekday,100,Moped/Motorcycle,Incapacitating,ALCOHOLIC BEVERAGES,WALNUT ST & WINSLOW,39.13633469,-86.52887869
2008,10,6,Weekday,1700,2-Car,No injury/unknown,UNSAFE BACKING,COUNTRY CLUB DR & SOUTH BANTA,39.136304,-86.544592
2008,11,6,Weekday,1000,3+ Cars,No injury/unknown,FOLLOWING TOO CLOSELY,BANTA AVE & COUNTRY CLUB DR DR,39.136304,-86.544592
2008,6,4,Weekday,900,2-Car,No injury/unknown,OTHER (DRIVER) - EXPLAIN IN NARRATIVE,HENDERSON ST & WINSLOW,39.13628131,-86.52679673
2008,12,7,Weekend,1500,2-Car,No injury/unknown,FOLLOWING TOO CLOSELY,SR37S & TAPP,39.13621603,-86.572896
2008,12,7,Weekend,900,2-Car,No injury/unknown,OTHER (DRIVER) - EXPLAIN IN NARRATIVE,SO WALNUT ST,39.13615,-86.531033
2008,6,3,Weekday,1900,2-Car,No injury/unknown,DRIVER DISTRACTED - EXPLAIN IN NARRATIVE,HENDERSON & WINSLOW RD,39.136144,-86.5265355
2008,10,6,Weekend,2000,2-Car,No injury/unknown,IMPROPER PASSING,HIGH & WINSLOW RD,39.136144,-86.5116227
2008,2,6,Weekday,1700,2-Car,No injury/unknown,FAILURE TO YIELD RIGHT OF WAY,HENDERSON ST & WINSLOW,39.136144,-86.5268
2008,2,6,Weekday,700,3+ Cars,No injury/unknown,DISREGARD SIGNAL/REG SIGN,E WINSLOW RD & SO HENDERSON,39.136144,-86.5268
2008,3,1,Weekend,1700,2-Car,No injury/unknown,FOLLOWING TOO CLOSELY,SOUTH WALNUT STREE & WINSLOW RD,39.136144,-86.528688
2008,4,5,Weekday,800,2-Car,No injury/unknown,FOLLOWING TOO CLOSELY,WALNUT STREET PIKE & WINSLOW,39.136144,-86.528688
2008,5,3,Weekday,1300,2-Car,No injury/unknown,ALCOHOLIC BEVERAGES,WALNUT ST & WINSLOW,39.136144,-86.528688
2008,6,6,Weekday,1000,2-Car,No injury/unknown,FAILURE TO YIELD RIGHT OF WAY,SOUTH WALNUT ST & WINSLOW,39.136144,-86.528688
2008,7,4,Weekday,800,2-Car,No injury/unknown,OTHER (DRIVER) - EXPLAIN IN NARRATIVE,WALNUT STREET PIKE & WINSLOW,39.136144,-86.528688
2008,7,3,Weekday,2200,2-Car,Non-incapacitating,DISREGARD SIGNAL/REG SIGN,HENDERSON & WINSLOW RD,39.136144,-86.5268
2008,7,5,Weekday,1800,2-Car,No injury/unknown,DRIVER DISTRACTED - EXPLAIN IN NARRATIVE,HENDERSON & WINSLOW RD,39.136144,-86.5268
2008,8,1,Weekday,2000,2-Car,No injury/unknown,LEFT OF CENTER,WALNUT ST PIKE & WINSLOW,39.136144,-86.528688
2008,8,4,Weekday,1700,2-Car,No injury/unknown,FAILURE TO YIELD RIGHT OF WAY,HENDERSON ST & WINSLOW,39.136144,-86.5268
2008,8,2,Weekday,2000,2-Car,No injury/unknown,OTHER (DRIVER) - EXPLAIN IN NARRATIVE,HENDERSON & WINSLOW RD,39.136144,-86.5268
2008,8,4,Weekday,1300,2-Car,Non-incapacitating,FAILURE TO YIELD RIGHT OF WAY,S WALNUT ST & WINSLOW,39.136144,-86.528688
2008,9,5,Weekday,1600,2-Car,No injury/unknown,FAILURE TO YIELD RIGHT OF WAY,WALNUT STREET & WINSLOW RD,39.136144,-86.528688
2008,9,2,Weekday,800,2-Car,No injury/unknown,DISREGARD SIGNAL/REG SIGN,HENDERSON & WINSLOW RD,39.136144,-86.5268
2008,9,2,Weekday,900,1-Car,Non-incapacitating,RAN OFF ROAD RIGHT,E WINSLOW RD & S HIGH,39.136144,-86.508096
2008,11,5,Weekday,2100,2-Car,No injury/unknown,FAILURE TO YIELD RIGHT OF WAY,WALNUT ST & WINSLOW,39.136144,-86.528688
2008,11,3,Weekday,1500,2-Car,Non-incapacitating,FAILURE TO YIELD RIGHT OF WAY,HENDERSON ST & WINSLOW,39.136144,-86.5268
2008,11,5,Weekday,1400,2-Car,No injury/unknown,FAILURE TO YIELD RIGHT OF WAY,WALNUT & WINSLOW RD,39.136144,-86.528688
2008,11,2,Weekday,1800,2-Car,No injury/unknown,FAILURE TO YIELD RIGHT OF WAY,SOUTH HENDERSON & WINSLOW RD,39.136144,-86.5268
2008,12,6,Weekend,2300,2-Car,Non-incapacitating,FAILURE TO YIELD RIGHT OF WAY,WALNUT STREET & WINSLOW RD,39.136144,-86.528688
2008,5,5,Weekday,1600,2-Car,Non-incapacitating,FAILURE TO YIELD RIGHT OF WAY,COUNTRY CLUB RD & MADISON,39.13613958,-86.5405485
2008,4,2,Weekday,1400,1-Car,Non-incapacitating,SPEED TOO FAST FOR WEATHER CONDITIONS,ROGERS & SARE RD,39.13611414,-86.49630964
2008,5,6,Weekday,1700,2-Car,No injury/unknown,IMPROPER PASSING,S MILTON & W COUNTRY CLUB DR,39.13609,-86.53938
2008,5,3,Weekday,1300,2-Car,No injury/unknown,FAILURE TO YIELD RIGHT OF WAY,COUNTRY CLUB & S ROGERS ST,39.13608,-86.538096
2008,7,4,Weekday,1000,2-Car,No injury/unknown,FOLLOWING TOO CLOSELY,COUNTRY CLUB DR & ROGERS,39.13608,-86.538096
2008,10,1,Weekend,1100,2-Car,Non-incapacitating,FAILURE TO YIELD RIGHT OF WAY,COUNTRY CLUB DR & ROGERS,39.13608,-86.538096
2008,10,2,Weekday,700,2-Car,No injury/unknown,DISREGARD SIGNAL/REG SIGN,COUNTRY CLUB & ROGERS ST,39.13608,-86.538096
2008,10,2,Weekday,800,2-Car,No injury/unknown,BRAKE FAILURE OR DEFECTIVE,COUNTRY CLUB & SOUTH ROGERS ST,39.13608,-86.538096
2008,11,1,Weekend,1000,2-Car,Non-incapacitating,FAILURE TO YIELD RIGHT OF WAY,COUNTRY CLUB & ROGERS ST,39.13608,-86.538096
2008,8,2,Weekday,1200,2-Car,No injury/unknown,FAILURE TO YIELD RIGHT OF WAY,MADISON ST & WEST COUNTRY CLUB DR DR,39.136048,-86.536992
2008,9,3,Weekday,1000,2-Car,No injury/unknown,UNSAFE BACKING,COUNTRY CLUB & MADISON ST,39.136048,-86.536992
2008,4,6,Weekday,1800,2-Car,No injury/unknown,FAILURE TO YIELD RIGHT OF WAY,HENDERSON & WINSLOW RD,39.13604,-86.52688
2008,5,7,Weekend,1600,2-Car,No injury/unknown,ALCOHOLIC BEVERAGES,COUNTRY & ROGERS RD,39.13604,-86.53825
2008,5,2,Weekday,900,2-Car,No injury/unknown,LEFT OF CENTER,COUNTRY CLUB DR DRS & ROGERS ST,39.13604,-86.53825
2008,6,6,Weekday,1700,2-Car,No injury/unknown,OTHER (DRIVER) - EXPLAIN IN NARRATIVE,COUNTRY CLUB & ROGERS RD,39.13604,-86.53825
2008,8,2,Weekday,1900,1-Car,No injury/unknown,OTHER (DRIVER) - EXPLAIN IN NARRATIVE,PICCADILLY ST & WINSLOW,39.136,-86.52448
2008,5,6,Weekend,2000,2-Car,No injury/unknown,DISREGARD SIGNAL/REG SIGN,WALNUT STREET & WINSLOW RDS,39.13599,-86.5288
2008,7,3,Weekday,1900,2-Car,No injury/unknown,FAILURE TO YIELD RIGHT OF WAY,WALNUT STREET & WINSLOW RD,39.13599,-86.5288
2008,9,3,Weekday,1200,1-Car,No injury/unknown,OTHER (DRIVER) - EXPLAIN IN NARRATIVE,WINSLOW RD,39.13599,-86.528798
2008,11,6,Weekday,1600,2-Car,Non-incapacitating,FAILURE TO YIELD RIGHT OF WAY,E WINSLOW & S WALNUT ST PIKE,39.13599,-86.5288
2008,11,6,Weekend,1900,1-Car,No injury/unknown,OTHER (DRIVER) - EXPLAIN IN NARRATIVE,BURBERRY & WINSLOW RD,39.13599,-86.52313
2008,2,1,Weekend,1200,2-Car,No injury/unknown,OTHER (DRIVER) - EXPLAIN IN NARRATIVE,E ROGERS ROAD RD,39.13598,-86.499585
2008,10,6,Weekday,800,2-Car,No injury/unknown,IMPROPER TURNING,E ROGERS ROAD RD,39.13598,-86.499585
2008,9,4,Weekday,1700,2-Car,Non-incapacitating,OTHER (DRIVER) - EXPLAIN IN NARRATIVE,COUNTRY CLUB DR & MADISON,39.13597965,-86.53558405
2008,1,1,Weekend,1200,3+ Cars,Non-incapacitating,FAILURE TO YIELD RIGHT OF WAY,WALNUT ST & WINSLOW,39.13597,-86.53111
2008,4,3,Weekday,1900,2-Car,Non-incapacitating,FOLLOWING TOO CLOSELY,WALNUT ST & WINSLOW,39.13597,-86.53111
2008,4,6,Weekday,700,2-Car,No injury/unknown,OTHER (DRIVER) - EXPLAIN IN NARRATIVE,S WALNUT & WINSLOW RD,39.13597,-86.53111
2008,6,7,Weekend,1100,2-Car,No injury/unknown,OTHER (DRIVER) - EXPLAIN IN NARRATIVE,COUNTRY CLUB & SOUTH WALNUT ST,39.13597,-86.53111
2008,8,3,Weekday,1400,2-Car,No injury/unknown,OTHER (DRIVER) - EXPLAIN IN NARRATIVE,COUNTRY CLUB DR & S WALNUT,39.13597,-86.53111
2008,12,6,Weekday,1800,2-Car,Non-incapacitating,FAILURE TO YIELD RIGHT OF WAY,COUNTRY CLUB DR & WALNUT,39.13597,-86.53109486
2008,4,3,Weekday,900,2-Car,No injury/unknown,FOLLOWING TOO CLOSELY,200 BLK W COUNTRY CLUB DR & S ROGERS,39.13596,-86.53336896
2008,8,7,Weekend,1100,2-Car,No injury/unknown,DISREGARD SIGNAL/REG SIGN,ROGERS & SARE RD,39.13596,-86.49653
2008,10,6,Weekend,2200,1-Car,No injury/unknown,RAN OFF ROAD RIGHT,AIRPORT & SR45W,39.13593504,-86.59510928
2008,1,5,Weekday,1200,1-Car,No injury/unknown,TIRE FAILURE OR DEFECTIVE,E ROGERS & SO SARE RD,39.13584,-86.496288
2008,3,4,Weekday,1800,2-Car,No injury/unknown,FAILURE TO YIELD RIGHT OF WAY,ROGERS RD & SARE,39.13584,-86.496288
2008,8,3,Weekday,2200,2-Car,No injury/unknown,FAILURE TO YIELD RIGHT OF WAY,ROGERS & SARE RD,39.13584,-86.496288
2008,11,7,Weekend,2200,2-Car,No injury/unknown,OTHER (DRIVER) - EXPLAIN IN NARRATIVE,ROGERS RD & SARE,39.13584,-86.496288
2008,11,1,Weekend,1300,2-Car,No injury/unknown,ROADWAY SURFACE CONDITION,ROGERS & SARE RD,39.13584,-86.496288
2008,2,1,Weekend,1200,1-Car,Non-incapacitating,RAN OFF ROAD RIGHT,HIGHPOINT & SMITH RD,39.13580463,-86.4808318
2008,5,3,Weekday,1700,2-Car,No injury/unknown,ROADWAY SURFACE CONDITION,SR37S & TAPP,39.13566671,-86.572896
2008,8,6,Weekday,1300,2-Car,No injury/unknown,OTHER (DRIVER) - EXPLAIN IN NARRATIVE,SOUTH MCINTYRE DR,39.135475,-86.569909
2008,12,7,Weekend,1700,1-Car,No injury/unknown,ROADWAY SURFACE CONDITION,ARROW AVE & STAFFORD,39.135248,-86.579504
2008,12,4,Weekday,1100,2-Car,No injury/unknown,OTHER (ENVIRONMENTAL) - EXPLAIN IN NARR,WATERLOO CT,39.13519091,-86.52594805
2008,11,3,Weekday,1400,1-Car,No injury/unknown,UNSAFE BACKING,S LEONARD SPRINGS RD,39.13514057,-86.58250286
2008,9,3,Weekday,1300,1-Car,No injury/unknown,RAN OFF ROAD RIGHT,DUNCAN & SR45,39.13504,-86.596192
2008,10,3,Weekday,700,3+ Cars,No injury/unknown,FOLLOWING TOO CLOSELY,DUNCAN ROAD & SR45W,39.13504,-86.596192
2008,10,3,Weekday,600,2-Car,No injury/unknown,DRIVER DISTRACTED - EXPLAIN IN NARRATIVE,DUNCAN & SR45S,39.13504,-86.596192