Year,Month,Day,Weekend?,Hour,Collision Type,Injury Type,Primary Factor,Reported_Location,Latitude,Longitude
2008,9,5,Weekday,700,1-Car,Non-incapacitating,DRIVER DISTRACTED - EXPLAIN IN NARRATIVE,DUNCAN & SR45W,39.13485593,-86.59645375
2008,5,7,Weekend,1100,1-Car,No injury/unknown,ANIMAL/OBJECT IN ROADWAY,SR446S & SWARTZ RIDGE,39.13463804,-86.4536678
2008,7,1,Weekend,1600,1-Car,No injury/unknown,DRIVER ILLNESS,FAIRINGTON DR & INDIAN CREEK,39.134544,-86.575312
2008,10,3,Weekday,700,1-Car,No injury/unknown,ANIMAL/OBJECT IN ROADWAY,S BUNGER RD RD & ST RD 45,39.13453245,-86.6043
2008,11,5,Weekday,700,2-Car,Non-incapacitating,FOLLOWING TOO CLOSELY,SR37S & TAPP,39.13429342,-86.572896
2008,7,3,Weekday,2300,2-Car,No injury/unknown,UNSAFE BACKING,ALLENDALE & BROWNING CT,39.134144,-86.51680132
2008,5,4,Weekday,600,3+ Cars,Non-incapacitating,FOLLOWING TOO CLOSELY,DUNCAN ROAD & SR45W,39.13411967,-86.59750076
2008,7,1,Weekend,1700,2-Car,No injury/unknown,IMPROPER TURNING,OAKLAWN & OAKLAWN CT,39.133776,-86.505216
2008,8,2,Weekday,1700,2-Car,No injury/unknown,FOLLOWING TOO CLOSELY,HENDERSON ST & WALNUT STREET,39.133744,-86.526896
2008,5,5,Weekday,1400,3+ Cars,Non-incapacitating,UNSAFE SPEED,NORTH & S WALNUT DR,39.13354109,-86.53181
2008,12,7,Weekend,1800,2-Car,No injury/unknown,SPEED TOO FAST FOR WEATHER CONDITIONS,E SHERWOOD HILLS DR,39.133495,-86.524737
2008,5,2,Weekday,2300,2-Car,No injury/unknown,OTHER (DRIVER) - EXPLAIN IN NARRATIVE,FAIRINGTON ST & TYLER,39.13344,-86.575392
2008,1,2,Weekday,1000,2-Car,No injury/unknown,OTHER (DRIVER) - EXPLAIN IN NARRATIVE,SOUTH WALNUT STREET PIKE PIKE,39.133327,-86.526848
2008,9,6,Weekday,100,2-Car,Non-incapacitating,OTHER (DRIVER) - EXPLAIN IN NARRATIVE,3300 BLOCK S ROCKPORT RD & COUNTRY CLUB,39.1331908,-86.55194189
2008,5,6,Weekday,1500,2-Car,No injury/unknown,IMPROPER PASSING,3RD & LIBERTY DR,39.13288667,-86.57913
2008,4,7,Weekend,1400,3+ Cars,No injury/unknown,OTHER (DRIVER) - EXPLAIN IN NARRATIVE,LEONARD SPRINGS RD,39.132821,-86.582589
2008,1,4,Weekday,1700,1-Car,No injury/unknown,UNSAFE SPEED,COMMONS & WESTMINSTER WAY,39.132688,-86.52144
2008,10,4,Weekday,500,1-Car,Non-incapacitating,RAN OFF ROAD RIGHT,E DUKE & KNIGHTRIDGE RD,39.13263296,-86.43115
2008,2,6,Weekend,1900,2-Car,No injury/unknown,ROADWAY SURFACE CONDITION,CHERRY ST & HOOSIER,39.13241712,-86.53205876
2008,1,4,Weekday,1400,1-Car,No injury/unknown,UNSAFE BACKING,BRAESIDE DR,39.132048,-86.530592
2008,4,6,Weekday,400,2-Car,Non-incapacitating,DISREGARD SIGNAL/REG SIGN,HOOSIER & WALNUT ST,39.13197,-86.53144
2008,1,3,Weekday,2300,1-Car,Non-incapacitating,ALCOHOLIC BEVERAGES,FAIRWAY LN,39.131953,-86.539402
2008,12,6,Weekday,1300,2-Car,No injury/unknown,VIEW OBSTRUCTED,AUTO MALL RD & BUICK CADILLAC,39.13188813,-86.49611
2008,2,3,Weekday,1400,1-Car,Non-incapacitating,ALCOHOLIC BEVERAGES,446 & SWARTZ RIDGE RDS,39.1316,-86.447968
2008,12,1,Weekend,0,1-Car,No injury/unknown,ROADWAY SURFACE CONDITION,SR446 & SWARTZ RIDGE RD,39.1316,-86.447968
2008,5,2,Weekday,1800,2-Car,No injury/unknown,OTHER (DRIVER) - EXPLAIN IN NARRATIVE,PINEWOOD & WALNUT ST,39.13152,-86.53143
2008,11,6,Weekday,1200,2-Car,Non-incapacitating,FOLLOWING TOO CLOSELY,PINEWOOD & S WALNUT ST,39.13152,-86.53143
2008,9,5,Weekday,1100,1-Car,Non-incapacitating,UNSAFE BACKING,3920 MAYBURY MALL RD & MARKET,39.13151979,-86.58092226
2008,7,1,Weekend,300,2-Car,No injury/unknown,ALCOHOLIC BEVERAGES,SOUTH WALNUT ST,39.13146515,-86.53145486
2008,7,3,Weekday,1600,2-Car,No injury/unknown,UNSAFE BACKING,ALLENDALE & DUNSTON ST,39.13144,-86.516688
2008,6,7,Weekend,1200,2-Car,No injury/unknown,OTHER (VEHICLE) - EXPLAIN IN NARRATIVE,PINEWOOD DR,39.131344,-86.534896
2008,5,5,Weekday,1100,2-Car,No injury/unknown,FAILURE TO YIELD RIGHT OF WAY,GREEN ROAD & SOUTH ROGERS STREET ST,39.131248,-86.538496
2008,3,1,Weekend,400,Pedestrian,Non-incapacitating,PEDESTRIAN ACTION,CHEEKWOOD LN,39.13116,-86.499475
2008,9,1,Weekend,1100,2-Car,No injury/unknown,OTHER (DRIVER) - EXPLAIN IN NARRATIVE,ALLENDALE & SO KINGSBURY ST,39.131008,-86.520976
2008,10,4,Weekday,700,2-Car,No injury/unknown,FAILURE TO YIELD RIGHT OF WAY,ALLENDALE & WALNUT STREET PIKE,39.130944,-86.526688
2008,3,4,Weekday,1500,2-Car,Non-incapacitating,OTHER (DRIVER) - EXPLAIN IN NARRATIVE,ALLENDALE & WALNUT STREET PIKE,39.13083,-86.52682
2008,3,7,Weekend,300,1-Car,No injury/unknown,ALCOHOLIC BEVERAGES,WALNUT STREET PIKE,39.13083,-86.526819
2008,6,7,Weekend,300,1-Car,No injury/unknown,ANIMAL/OBJECT IN ROADWAY,BAINBRIDGE DR & EAST ALLENDALE,39.130795,-86.520015
2008,1,3,Weekday,1200,1-Car,No injury/unknown,SPEED TOO FAST FOR WEATHER CONDITIONS,E OLSON DR & SO SARE,39.13076,-86.50184865
2008,3,7,Weekend,1300,2-Car,No injury/unknown,ROADWAY SURFACE CONDITION,OLSON & SARE RD,39.13076,-86.50184
2008,12,1,Weekday,2100,2-Car,No injury/unknown,,GLASGOW CIR & WICKENS,39.13041,-86.55178087
2008,6,7,Weekend,1400,1-Car,No injury/unknown,OTHER (VEHICLE) - EXPLAIN IN NARRATIVE,3330 FESTIVE DR & YONKERS,39.130144,-86.57435264
2008,2,3,Weekday,1900,2-Car,No injury/unknown,UNSAFE BACKING,WALNUT ST,39.12989421,-86.53140705
2008,7,2,Weekday,2200,1-Car,No injury/unknown,ANIMAL/OBJECT IN ROADWAY,BUNGER & SR45W,39.1295362,-86.60406549
2008,11,7,Weekend,1800,1-Car,No injury/unknown,ANIMAL/OBJECT IN ROADWAY,SR446E & SWARTZ RIDGE,39.12953221,-86.44696083
2008,4,7,Weekend,1400,2-Car,No injury/unknown,RAN OFF ROAD RIGHT,BALFOUR & JORDAN AVE,39.12948117,-86.51263769
2008,12,5,Weekday,2300,1-Car,No injury/unknown,ANIMAL/OBJECT IN ROADWAY,BUNGER & SR45W,39.1294481,-86.60420074
2008,8,4,Weekday,1700,2-Car,Non-incapacitating,LEFT OF CENTER,HENNESSEY & ROCKPORT RD,39.12940276,-86.55658275
2008,7,4,Weekday,1900,2-Car,Non-incapacitating,FAILURE TO YIELD RIGHT OF WAY,BUNGER & SR45W,39.12936,-86.604336
2008,7,7,Weekend,1900,2-Car,Non-incapacitating,DRIVER DISTRACTED - EXPLAIN IN NARRATIVE,BUNGER & SR45W,39.12936,-86.604336
2008,11,6,Weekday,1800,2-Car,No injury/unknown,FOLLOWING TOO CLOSELY,BUNGER & SR45W,39.12936,-86.604336
2008,12,7,Weekend,1300,1-Car,No injury/unknown,ROADWAY SURFACE CONDITION,BUNGER RD & SR 45,39.12925,-86.6043
2008,1,3,Weekday,700,2-Car,No injury/unknown,FAILURE TO YIELD RIGHT OF WAY,2ND & COLLEGE MALL RD,39.12921964,-86.49772
2008,12,3,Weekday,1900,2-Car,No injury/unknown,OTHER (ENVIRONMENTAL) - EXPLAIN IN NARR,S BUNGER & SR45W,39.1291842,-86.60460694
2008,7,3,Weekday,1600,2-Car,No injury/unknown,FOLLOWING TOO CLOSELY,DAPHNE & SR45E,39.12911215,-86.60447458
2008,7,5,Weekday,1300,2-Car,No injury/unknown,IMPROPER LANE USAGE,DAPHNE & SR45S,39.12911215,-86.60448324
2008,5,6,Weekday,1300,2-Car,Non-incapacitating,FOLLOWING TOO CLOSELY,3300 BLOCK OF SOUTH ROGERS ST ST & LOIS LANE,39.12904489,-86.53866291
2008,8,1,Weekend,1700,2-Car,No injury/unknown,ALCOHOLIC BEVERAGES,OAKLAWN CIR,39.12902677,-86.5026178
2008,12,4,Weekday,600,1-Car,No injury/unknown,ROADWAY SURFACE CONDITION,PINE MEADOWS & W TWIN OAKS RDGS,39.12899232,-86.55035
2008,9,5,Weekday,1800,Cyclist,Non-incapacitating,PEDESTRIAN ACTION,HEATHERWOOD LN & IRIS,39.128848,-86.588272
2008,8,3,Weekday,1200,2-Car,No injury/unknown,DRIVER DISTRACTED - EXPLAIN IN NARRATIVE,RHORER & SARE ST,39.12851707,-86.51158
2008,1,1,Weekend,900,2-Car,No injury/unknown,GLARE,LAURA & S BAINBRIDGE DR,39.1284,-86.51697809
2008,7,7,Weekend,1700,1-Car,No injury/unknown,DRIVER ASLEEP OR FATIGUED,DAVID & SARE RD,39.12800259,-86.49653
2008,8,4,Weekday,1700,2-Car,No injury/unknown,SPEED TOO FAST FOR WEATHER CONDITIONS,DAVID & SARE RD,39.12800259,-86.49653
2008,4,2,Weekday,800,2-Car,No injury/unknown,FAILURE TO YIELD RIGHT OF WAY,ISOM ROAD RD & SR45,39.128,-86.606432
2008,3,7,Weekend,1800,1-Car,No injury/unknown,OTHER (DRIVER) - EXPLAIN IN NARRATIVE,S WALNUT STREET PIKE,39.127931,-86.526769
2008,4,3,Weekday,2200,2-Car,No injury/unknown,BRAKE FAILURE OR DEFECTIVE,WALNUT STREET PIKE ST,39.127931,-86.526769
2008,4,6,Weekend,2200,2-Car,No injury/unknown,OTHER (DRIVER) - EXPLAIN IN NARRATIVE,S WALNUT STREET PIKE,39.127931,-86.526769
2008,4,2,Weekday,1600,2-Car,No injury/unknown,SPEED TOO FAST FOR WEATHER CONDITIONS,ISON & SR45W,39.12790321,-86.60654596
2008,8,3,Weekday,800,Bus,No injury/unknown,OTHER (DRIVER) - EXPLAIN IN NARRATIVE,HENNESSEY ST & MCDOUGAL,39.12788955,-86.55620063
2008,1,3,Weekday,1500,2-Car,No injury/unknown,FAILURE TO YIELD RIGHT OF WAY,HEATHERWOOD DR & PEONY,39.12776,-86.585024
2008,11,7,Weekend,1800,2-Car,No injury/unknown,IMPROPER TURNING,CANADA DR & GOLDIN,39.12729,-86.50757
2008,5,6,Weekend,2200,2-Car,No injury/unknown,SPEED TOO FAST FOR WEATHER CONDITIONS,JENNIFER & LAURA WAY,39.12724,-86.51884326
2008,2,6,Weekday,1500,2-Car,Non-incapacitating,OTHER (DRIVER) - EXPLAIN IN NARRATIVE,S WALNUT PIKE,39.12716835,-86.52677353
2008,8,5,Weekday,2100,1-Car,No injury/unknown,UNSAFE BACKING,S WALNUT ST,39.12716835,-86.52677353
2008,9,1,Weekend,300,2-Car,No injury/unknown,ALCOHOLIC BEVERAGES,S WALNUT ST,39.12716835,-86.52677353
2008,1,6,Weekday,800,1-Car,No injury/unknown,SPEED TOO FAST FOR WEATHER CONDITIONS,LEONARD SPRINGS & SOUTH LEONARD SPRINGS RD,39.126976,-86.582464
2008,4,2,Weekday,1800,2-Car,Non-incapacitating,FAILURE TO YIELD RIGHT OF WAY,LEONARD SPRINGS RD & SOUTH LEONARD SPRINGS,39.126976,-86.582464
2008,8,1,Weekday,2100,1-Car,Non-incapacitating,RAN OFF ROAD RIGHT,LEONARD SPRINGS & SOUTH LEONARD SPRINGS RD,39.126976,-86.582464
2008,12,7,Weekend,1400,1-Car,No injury/unknown,ROADWAY SURFACE CONDITION,S LEONARD SPRINGS & WEST LEONARD SPRINGS RD,39.126976,-86.582464
2008,6,2,Weekday,1800,2-Car,Non-incapacitating,FOLLOWING TOO CLOSELY,BOTTOM & SR37N,39.12695784,-86.54219875
2008,11,5,Weekday,1800,1-Car,No injury/unknown,ANIMAL/OBJECT IN ROADWAY,BOTTOM & SR37N,39.12695784,-86.54219875
2008,6,7,Weekend,2100,2-Car,No injury/unknown,PRESCRIPTION DRUGS,HEATHERWOOD LN,39.126935,-86.586957
2008,2,6,Weekday,1800,2-Car,Non-incapacitating,OTHER (ENVIRONMENTAL) - EXPLAIN IN NARR,GATES & S WALNUT ST,39.12672491,-86.5313673
2008,3,3,Weekday,1500,2-Car,No injury/unknown,OTHER (DRIVER) - EXPLAIN IN NARRATIVE,3160 SOUTH WALNUT ST & BURKS,39.12669768,-86.5313729
2008,10,7,Weekend,1500,2-Car,No injury/unknown,IMPROPER TURNING,SR37S,39.12660505,-86.5726527
2008,2,2,Weekday,1800,1-Car,No injury/unknown,ANIMAL/OBJECT IN ROADWAY,CANADA & SARE RD,39.12659,-86.5043
2008,6,4,Weekday,1400,2-Car,No injury/unknown,IMPROPER TURNING,S WALNUT ST,39.12633358,-86.52674532
2008,4,7,Weekend,1600,1-Car,No injury/unknown,FOLLOWING TOO CLOSELY,BUNGER & SR45W,39.12583973,-86.60975009
2008,10,6,Weekend,2200,2-Car,No injury/unknown,OTHER (VEHICLE) - EXPLAIN IN NARRATIVE,VALMORE AVE & WALTER,39.125744,-86.615888
2008,5,4,Weekday,1500,2-Car,No injury/unknown,FOLLOWING TOO CLOSELY,BURKS & WALNUT ST,39.12557,-86.52672
2008,7,3,Weekday,1200,2-Car,No injury/unknown,DRIVER DISTRACTED - EXPLAIN IN NARRATIVE,BURKS & WALNUT PIKE,39.12557,-86.52672
2008,9,6,Weekday,1500,2-Car,No injury/unknown,IMPROPER LANE USAGE,BURKS & WALNUT ST PIKE,39.12557,-86.52672
2008,1,4,Weekday,1500,2-Car,No injury/unknown,OTHER (DRIVER) - EXPLAIN IN NARRATIVE,SR45W,39.125312,-86.610496
2008,5,2,Weekday,1300,1-Car,No injury/unknown,DRIVER DISTRACTED - EXPLAIN IN NARRATIVE,SR45E,39.125312,-86.610496
2008,6,6,Weekday,1500,2-Car,No injury/unknown,UNSAFE BACKING,45 WEST RD,39.125312,-86.610496
2008,11,6,Weekend,2200,2-Car,No injury/unknown,UNSAFE SPEED,SR45W,39.125312,-86.610496
2008,12,4,Weekday,1800,2-Car,No injury/unknown,OTHER (DRIVER) - EXPLAIN IN NARRATIVE,SR45W,39.125312,-86.610496
2008,6,7,Weekend,0,2-Car,No injury/unknown,UNSAFE BACKING,S WALNUT SPRINGS DR,39.12489412,-86.52666966
2008,9,4,Weekday,300,2-Car,No injury/unknown,DRIVER DISTRACTED - EXPLAIN IN NARRATIVE,SR37S & VERNAL,39.12448822,-86.5609886
2008,6,4,Weekday,1400,2-Car,No injury/unknown,OTHER (DRIVER) - EXPLAIN IN NARRATIVE,1453 ROCKCREST DR & CRAMER,39.124351,-86.54633114
2008,1,6,Weekday,1100,2-Car,No injury/unknown,UNSAFE BACKING,ALLENDALE DR & CLAIRMONT,39.12430572,-86.51646
2008,12,2,Weekday,1700,2-Car,No injury/unknown,SPEED TOO FAST FOR WEATHER CONDITIONS,HEATHER & S WALNUT ST PIKE,39.123856,-86.526656
2008,5,3,Weekday,2000,Moped/Motorcycle,Non-incapacitating,VIEW OBSTRUCTED,S MILL STONE & SARE RD,39.1237846,-86.50868984
2008,6,5,Weekday,1000,2-Car,No injury/unknown,UNSAFE BACKING,S WALNUT ST,39.12377991,-86.52665096
2008,1,5,Weekday,1500,2-Car,No injury/unknown,UNSAFE SPEED,FULLERTON & SR37S,39.12366208,-86.57172876
2008,3,6,Weekday,1000,1-Car,No injury/unknown,ROADWAY SURFACE CONDITION,FULLERTON & LEONARD SPRINGS RD,39.123376,-86.582592
2008,9,3,Weekday,1700,2-Car,No injury/unknown,IMPROPER TURNING,FULLERTON & LEONARD SPRINGS RD,39.123376,-86.582592
2008,3,5,Weekday,700,1-Car,No injury/unknown,ROADWAY SURFACE CONDITION,RHORER & SNODDY RD,39.1232314,-86.48968969
2008,6,6,Weekday,0,2-Car,No injury/unknown,OTHER (DRIVER) - EXPLAIN IN NARRATIVE,BENSON CT,39.12304862,-86.52043337
2008,11,2,Weekday,1700,2-Car,Non-incapacitating,VIEW OBSTRUCTED,S WALNUT ST,39.12287016,-86.52659071
2008,2,2,Weekday,1600,1-Car,No injury/unknown,OTHER (DRIVER) - EXPLAIN IN NARRATIVE,PINE HURST DR & PINE MEADOWS,39.12273887,-86.54864
2008,9,5,Weekday,2100,1-Car,No injury/unknown,RAN OFF ROAD RIGHT,FULLERTON PIKE & SHARRON,39.12267,-86.57709
2008,8,7,Weekend,1700,1-Car,No injury/unknown,RAN OFF ROAD RIGHT,ELLER & SR45W,39.12263035,-86.61390382
2008,3,5,Weekday,800,2-Car,No injury/unknown,ROADWAY SURFACE CONDITION,FULLERTON & LEONARD SPRINGS RD,39.12242988,-86.58568363
2008,2,5,Weekday,500,1-Car,No injury/unknown,RAN OFF ROAD RIGHT,WEST ELLER RD,39.122424,-86.635419
2008,3,5,Weekday,1800,1-Car,No injury/unknown,OTHER (DRIVER) - EXPLAIN IN NARRATIVE,6589 W ELLER RD & SR 45 SOUTH,39.12240491,-86.61425175
2008,1,7,Weekend,1300,2-Car,Non-incapacitating,DISREGARD SIGNAL/REG SIGN,FULLERTON & SR37S,39.122352,-86.5712
2008,4,2,Weekday,800,3+ Cars,Non-incapacitating,DISREGARD SIGNAL/REG SIGN,FULLERTON & SR37S,39.122352,-86.5712
2008,5,3,Weekday,1500,2-Car,No injury/unknown,OTHER (ENVIRONMENTAL) - EXPLAIN IN NARR,ISON RD & W LEONARD SPRINGS,39.122352,-86.6056
2008,7,7,Weekend,1500,2-Car,No injury/unknown,OTHER (DRIVER) - EXPLAIN IN NARRATIVE,FULLERTON & SR37S,39.122352,-86.5712
2008,12,7,Weekend,1200,1-Car,No injury/unknown,OTHER (ENVIRONMENTAL) - EXPLAIN IN NARR,5800 S ISON RD & LEONARD SPRINGS,39.122352,-86.6056
2008,10,2,Weekday,2200,1-Car,No injury/unknown,SPEED TOO FAST FOR WEATHER CONDITIONS,LEONARD SPRINGS RD,39.122347,-86.591709
2008,11,4,Weekday,1000,2-Car,Non-incapacitating,FAILURE TO YIELD RIGHT OF WAY,500 S LIBERTY DR & W 3RD,39.12230063,-86.57913641
2008,4,7,Weekend,1000,2-Car,Non-incapacitating,FAILURE TO YIELD RIGHT OF WAY,ELLER ROAD & SR45S,39.12224,-86.6144
2008,5,4,Weekday,1500,2-Car,No injury/unknown,DISREGARD SIGNAL/REG SIGN,SR45E & W LEONARD SPRINGS,39.12224,-86.6144
2008,7,3,Weekday,0,1-Car,Non-incapacitating,ALCOHOLIC BEVERAGES,ELLER RD & SR45,39.12224,-86.6144
2008,9,2,Weekday,600,2-Car,Non-incapacitating,FAILURE TO YIELD RIGHT OF WAY,SR45N & W LEONARD SPRINGS,39.12224,-86.6144
2008,12,7,Weekend,1200,2-Car,No injury/unknown,OTHER (ENVIRONMENTAL) - EXPLAIN IN NARR,SR45W & W LEONARD SPRINGS,39.12224,-86.6144
2008,2,6,Weekday,1500,2-Car,No injury/unknown,OTHER (DRIVER) - EXPLAIN IN NARRATIVE,FULERTON PIKE,39.122231,-86.573393
2008,7,6,Weekday,1600,3+ Cars,Non-incapacitating,OTHER (DRIVER) - EXPLAIN IN NARRATIVE,GORDON & SR37S,39.12222831,-86.57138586
2008,7,3,Weekday,1500,2-Car,No injury/unknown,FAILURE TO YIELD RIGHT OF WAY,FULLERTON & ROCKPORT RD,39.122224,-86.562688
2008,10,6,Weekday,700,2-Car,Non-incapacitating,FOLLOWING TOO CLOSELY,FULLERTON PK PIKE & ROCKPORT RD,39.122224,-86.562688
2008,3,2,Weekday,1100,2-Car,Incapacitating,DISREGARD SIGNAL/REG SIGN,FULLERTON & SR37S,39.12220683,-86.57140464
2008,7,5,Weekday,700,2-Car,Non-incapacitating,FAILURE TO YIELD RIGHT OF WAY,SR37S & W FULLERTON,39.12220683,-86.57140464
2008,8,7,Weekend,1800,2-Car,No injury/unknown,RAN OFF ROAD RIGHT,FULERTON & SR37S,39.12220683,-86.57140464
2008,10,4,Weekday,800,2-Car,No injury/unknown,DISREGARD SIGNAL/REG SIGN,FULLTERTON & SR37S,39.12220683,-86.57140464
2008,10,4,Weekday,1400,1-Car,No injury/unknown,RAN OFF ROAD RIGHT,FULLERTON PIKE & SR 37,39.12220683,-86.57140464
2008,11,6,Weekday,900,1-Car,No injury/unknown,ROADWAY SURFACE CONDITION,FULERTON PIKE & JUDD,39.1221,-86.57402134
2008,12,2,Weekday,1300,2-Car,No injury/unknown,IMPROPER PASSING,HARREL RD & RHORER,39.121808,-86.498784
2008,12,7,Weekend,1400,2-Car,No injury/unknown,ROADWAY SURFACE CONDITION,W GORDON PIKE & WICKENS,39.1218,-86.54793
2008,12,7,Weekend,1500,1-Car,No injury/unknown,ROADWAY SURFACE CONDITION,GORDON PIKE & WICKENS,39.1218,-86.54793
2008,12,7,Weekend,1200,2-Car,No injury/unknown,SPEED TOO FAST FOR WEATHER CONDITIONS,GORDON & WICKENS ST,39.1218,-86.54793
2008,1,3,Weekday,1900,2-Car,No injury/unknown,FAILURE TO YIELD RIGHT OF WAY,GORDON PIKE & ROGERS,39.121648,-86.539088
2008,1,4,Weekday,700,2-Car,No injury/unknown,FAILURE TO YIELD RIGHT OF WAY,GORDON & SOUTH ROGERS ST,39.121648,-86.539088
2008,5,5,Weekday,1200,2-Car,No injury/unknown,SPEED TOO FAST FOR WEATHER CONDITIONS,GORDON & SOUTH ROGERS ST,39.121648,-86.539088
2008,9,6,Weekday,1700,2-Car,No injury/unknown,LEFT OF CENTER,GORDON PIKE & SOUTH ROGERS,39.121648,-86.539088
2008,11,4,Weekday,800,2-Car,No injury/unknown,IMPROPER TURNING,GORDON PIKE & ROGERS,39.121648,-86.539088
2008,11,6,Weekday,1100,2-Car,No injury/unknown,FAILURE TO YIELD RIGHT OF WAY,SOUTH ROGERS ST & WEST GORDON,39.121648,-86.539088
2008,1,3,Weekday,1200,2-Car,Non-incapacitating,FOLLOWING TOO CLOSELY,RHORER & SR37S,39.12164567,-86.5313673
2008,11,1,Weekday,2200,1-Car,No injury/unknown,ANIMAL/OBJECT IN ROADWAY,RHORER & SNOODY RD,39.121584,-86.489744
2008,2,4,Weekday,1000,2-Car,No injury/unknown,TIRE FAILURE OR DEFECTIVE,RHORER & WALNUT ST,39.12157715,-86.52650508
2008,10,1,Weekend,100,Moped/Motorcycle,No injury/unknown,UNSAFE SPEED,FULLERTON & ROCKPORT RD,39.12156538,-86.56332364
2008,1,3,Weekday,700,2-Car,Non-incapacitating,FAILURE TO YIELD RIGHT OF WAY,315 W GORDON PIKE & W GORDON PIKE PIKE,39.121552,-86.531296
2008,2,6,Weekday,1800,1-Car,No injury/unknown,RAN OFF ROAD RIGHT,GORDON PIKE & OLD SR 37 SOUTH RD,39.121552,-86.531296
2008,12,7,Weekend,1300,2-Car,No injury/unknown,SPEED TOO FAST FOR WEATHER CONDITIONS,OLD STATE ROAD 37 RD & RHORER,39.121552,-86.531296
2008,12,5,Weekday,2000,2-Car,No injury/unknown,DRIVER DISTRACTED - EXPLAIN IN NARRATIVE,S OLD STATE ROAD 37 HWY & W GORDON,39.121552,-86.531296
2008,12,7,Weekend,1000,2-Car,No injury/unknown,ROADWAY SURFACE CONDITION,W GORDON PIKE,39.12154418,-86.53386009
2008,1,2,Weekday,1700,2-Car,No injury/unknown,DRIVER DISTRACTED - EXPLAIN IN NARRATIVE,OLD STATE ROAD 37 & RHORER RD,39.12153693,-86.53059107
2008,10,4,Weekday,1900,1-Car,No injury/unknown,ANIMAL/OBJECT IN ROADWAY,JAMIE & RHORER RD,39.12151339,-86.51844883
2008,1,2,Weekday,700,2-Car,No injury/unknown,IMPROPER TURNING,KENNEDY DR & RHORER,39.121488,-86.528304
2008,5,7,Weekend,1200,2-Car,No injury/unknown,OTHER (DRIVER) - EXPLAIN IN NARRATIVE,KENNEDY & RHORER RD,39.121488,-86.528304
2008,6,5,Weekday,1700,1-Car,Non-incapacitating,RAN OFF ROAD RIGHT,FOX CHASE & RHORER RD,39.12145423,-86.49602652
2008,10,1,Weekend,0,1-Car,Incapacitating,DRIVER ILLNESS,KENNEDY & RHORER RD,39.12145,-86.52849433
2008,3,5,Weekday,1500,2-Car,Non-incapacitating,FOLLOWING TOO CLOSELY,RHORER ROAD RD & WALNUT STREET PIKE,39.1214459,-86.52663857
2008,10,6,Weekday,1600,2-Car,Non-incapacitating,OTHER (DRIVER) - EXPLAIN IN NARRATIVE,RHORER & WALNUT ST,39.12144,-86.526496
2008,1,4,Weekday,900,3+ Cars,No injury/unknown,FAILURE TO YIELD RIGHT OF WAY,RHORER RD & SOUTH WALNUT STREET,39.12144,-86.526496
2008,3,3,Weekday,700,Bus,No injury/unknown,FOLLOWING TOO CLOSELY,E RHORER RD & SO WALNUT,39.12144,-86.526496
2008,3,6,Weekend,2000,2-Car,Non-incapacitating,SPEED TOO FAST FOR WEATHER CONDITIONS,RHORER & WALNUT STREET PIKE PIKE,39.12144,-86.526496
2008,3,7,Weekend,1200,2-Car,Non-incapacitating,FAILURE TO YIELD RIGHT OF WAY,RHORER RD & WALNUT STREET,39.12144,-86.526496
2008,4,4,Weekday,1800,2-Car,No injury/unknown,DRIVER DISTRACTED - EXPLAIN IN NARRATIVE,RHORER & WALNUT ST,39.12144,-86.526496
2008,7,5,Weekday,2300,Moped/Motorcycle,Non-incapacitating,IMPROPER LANE USAGE,RHORER RD & S WALNUT,39.12144,-86.526496
2008,7,1,Weekend,1800,2-Car,No injury/unknown,FAILURE TO YIELD RIGHT OF WAY,RHORER & SARE RD,39.12144,-86.51158
2008,7,2,Weekday,1400,2-Car,No injury/unknown,DISREGARD SIGNAL/REG SIGN,RHORER & WALNUT STREET PIKE PIKE,39.12144,-86.526496
2008,7,7,Weekend,1300,2-Car,No injury/unknown,IMPROPER LANE USAGE,RHORER & WALNUT ST,39.12144,-86.526496
2008,8,1,Weekend,1300,2-Car,Non-incapacitating,OVERSIZE/OVERWEIGHT LOAD,RHORER RD & SARE,39.12144,-86.51157135
2008,8,5,Weekday,1400,2-Car,No injury/unknown,DRIVER DISTRACTED - EXPLAIN IN NARRATIVE,RHORER RD & WALNUT STREET,39.12144,-86.526496
2008,10,2,Weekday,1400,Moped/Motorcycle,Non-incapacitating,OTHER (DRIVER) - EXPLAIN IN NARRATIVE,RHORER & WALNUT ST,39.12144,-86.526496
2008,10,3,Weekday,900,3+ Cars,Non-incapacitating,OTHER (DRIVER) - EXPLAIN IN NARRATIVE,RHORER RD & SARE,39.12144,-86.51155301
2008,10,5,Weekday,1900,2-Car,No injury/unknown,FAILURE TO YIELD RIGHT OF WAY,RHORER RD & WALNUT STREET,39.12144,-86.526496
2008,11,3,Weekday,1000,2-Car,No injury/unknown,SPEED TOO FAST FOR WEATHER CONDITIONS,RORHER & WALNUT ST PIKE,39.12144,-86.52663
2008,12,7,Weekend,900,3+ Cars,No injury/unknown,ROADWAY SURFACE CONDITION,RHORER RD & WALNUT STREET,39.12144,-86.526496
2008,1,3,Weekday,900,1-Car,No injury/unknown,OVERCORRECTING/OVERSTEERING,GORDON PIKE & SOUTH WALNUT,39.12142,-86.53135