Year,Month,Day,Weekend?,Hour,Collision Type,Injury Type,Primary Factor,Reported_Location,Latitude,Longitude
2008,2,6,Weekend,2200,1-Car,Incapacitating,DRIVER ILLNESS,GORDON PIKE & OLD 37 SOUTH,39.12142,-86.53130673
2008,8,7,Weekend,1200,2-Car,Non-incapacitating,FOLLOWING TOO CLOSELY,E GORDON & S WALNUT ST,39.12142,-86.53135
2008,8,6,Weekday,1800,2-Car,No injury/unknown,NONE (VEHICLE),SOUTH OLD STATE ROAD 37 RD,39.12136,-86.531344
2008,9,1,Weekend,900,2-Car,No injury/unknown,FOLLOWING TOO CLOSELY,GORDON & ROGERS RD,39.12129171,-86.53911805
2008,2,2,Weekday,1300,2-Car,No injury/unknown,FAILURE TO YIELD RIGHT OF WAY,SOUTH OLD STATE ROAD 37 HWY,39.121122,-86.531339
2008,2,2,Weekday,1300,2-Car,No injury/unknown,FAILURE TO YIELD RIGHT OF WAY,SOUTH OLD STATE ROAD 37 HWY,39.121122,-86.531339
2008,3,6,Weekend,2000,1-Car,No injury/unknown,SPEED TOO FAST FOR WEATHER CONDITIONS,SOUTH OLD STATE RD 37 RD,39.121122,-86.531339
2008,3,4,Weekday,1800,2-Car,No injury/unknown,UNSAFE BACKING,SOUTH OLD STATE RD 37 RD,39.121122,-86.531339
2008,3,5,Weekday,1200,1-Car,No injury/unknown,RAN OFF ROAD RIGHT,THAT & TIWARI BLVD,39.1206,-86.57320567
2008,9,3,Weekday,1700,2-Car,No injury/unknown,FAILURE TO YIELD RIGHT OF WAY,DUNLAP & SR45W,39.1198691,-86.61808084
2008,6,6,Weekday,1600,Cyclist,Non-incapacitating,FAILURE TO YIELD RIGHT OF WAY,10TH & SMITH RD,39.11979688,-86.48267
2008,2,2,Weekday,1000,2-Car,Non-incapacitating,OTHER (DRIVER) - EXPLAIN IN NARRATIVE,CONSTITUTION & LIBERTY DR,39.11948753,-86.57687
2008,5,2,Weekday,0,1-Car,No injury/unknown,ANIMAL/OBJECT IN ROADWAY,DUNLAP & SR45W,39.11948158,-86.61870354
2008,9,2,Weekday,1300,1-Car,Non-incapacitating,RAN OFF ROAD RIGHT,PINE GROVE ROAD & SR446S,39.11908958,-86.4293384
2008,10,3,Weekday,1500,1-Car,No injury/unknown,OTHER (DRIVER) - EXPLAIN IN NARRATIVE,DUNLAP & SR45W,39.11894358,-86.61961207
2008,7,5,Weekday,700,2-Car,Incapacitating,ROADWAY SURFACE CONDITION,ROCKPORT & SR37N,39.11878453,-86.56809357
2008,4,6,Weekday,1700,2-Car,No injury/unknown,FOLLOWING TOO CLOSELY,DUNLAP & SR45S,39.11870332,-86.62004172
2008,11,4,Weekday,1700,3+ Cars,No injury/unknown,FAILURE TO YIELD RIGHT OF WAY,DUNLAP RD & SR45W,39.11870332,-86.62004172
2008,9,5,Weekday,1500,2-Car,No injury/unknown,FOLLOWING TOO CLOSELY,10TH & SR46E,39.11867335,-86.50224214
2008,9,4,Weekday,200,1-Car,No injury/unknown,UNSAFE SPEED,BASSWOOD DR & BLOOMFIELD,39.11807922,-86.56891162
2008,2,4,Weekday,900,Bus,No injury/unknown,SPEED TOO FAST FOR WEATHER CONDITIONS,EAGLEVIEW DR & FALCON,39.11795,-86.54681
2008,12,4,Weekday,1900,2-Car,No injury/unknown,DISREGARD SIGNAL/REG SIGN,ROCKPORT & SR37S,39.117648,-86.567104
2008,12,6,Weekday,1600,2-Car,No injury/unknown,IMPROPER LANE USAGE,ROCKPORT & SR37S,39.11731641,-86.56719724
2008,12,6,Weekday,1000,1-Car,No injury/unknown,SPEED TOO FAST FOR WEATHER CONDITIONS,W THAT RD & W WATSON,39.117152,-86.573504
2008,10,4,Weekday,1400,2-Car,No injury/unknown,LEFT OF CENTER,POPCORN ROAD & S KETCHAM ROAD RD,39.11708173,-86.56188
2008,5,3,Weekday,1300,1-Car,No injury/unknown,RAN OFF ROAD RIGHT,PINE GROVE RD & SR446S,39.11605361,-86.42871846
2008,11,4,Weekday,1700,2-Car,No injury/unknown,SPEED TOO FAST FOR WEATHER CONDITIONS,SR37S & THAT,39.11595373,-86.56507293
2008,2,3,Weekday,1100,1-Car,No injury/unknown,ROADWAY SURFACE CONDITION,BLUEBIRD LANE & SNODDY RD,39.11584167,-86.48959
2008,6,6,Weekend,2100,2-Car,Non-incapacitating,OTHER (DRIVER) - EXPLAIN IN NARRATIVE,ORCHARD & SR37S,39.11564832,-86.53123856
2008,9,6,Weekday,1700,2-Car,No injury/unknown,FOLLOWING TOO CLOSELY,SR37S & THAT,39.115552,-86.564592
2008,11,2,Weekday,700,1-Car,No injury/unknown,ANIMAL/OBJECT IN ROADWAY,SR37S & THAT,39.115552,-86.564592
2008,1,5,Weekday,1000,1-Car,Non-incapacitating,UNSAFE SPEED,HARRELL RD & PLATEAU,39.115488,-86.498688
2008,1,3,Weekday,800,Bus,No injury/unknown,ROADWAY SURFACE CONDITION,FOREST HILL DRIVE & STERLING AVE,39.11531,-86.48514
2008,10,3,Weekday,1800,Moped/Motorcycle,No injury/unknown,FOLLOWING TOO CLOSELY,SR37 & THAT RD,39.11525711,-86.56496377
2008,12,3,Weekday,600,2-Car,Non-incapacitating,DRIVER DISTRACTED - EXPLAIN IN NARRATIVE,STATE ROAD 37 & THAT RD,39.11525711,-86.56496377
2008,10,4,Weekday,1900,1-Car,No injury/unknown,ANIMAL/OBJECT IN ROADWAY,PINE GROVE & SR446S,39.115183,-86.42914221
2008,6,4,Weekday,900,3+ Cars,Non-incapacitating,UNSAFE SPEED,DINSMORE & SR45N,39.11504,-86.630992
2008,8,1,Weekend,1100,1-Car,No injury/unknown,ANIMAL/OBJECT IN ROADWAY,DINSMORE & SR45W,39.11504,-86.630992
2008,11,6,Weekday,1500,2-Car,No injury/unknown,FOLLOWING TOO CLOSELY,DINSMORE & SR45W,39.11504,-86.630992
2008,12,3,Weekday,1600,1-Car,No injury/unknown,RAN OFF ROAD RIGHT,HUGHES & MOORES CREEK RD,39.11503,-86.4711
2008,7,5,Weekday,1400,2-Car,Non-incapacitating,BRAKE FAILURE OR DEFECTIVE,DINSMORE & SR45W,39.11501447,-86.62922947
2008,2,6,Weekend,1900,2-Car,No injury/unknown,FAILURE TO YIELD RIGHT OF WAY,ROGERS RD & THAT,39.11464,-86.539392
2008,6,2,Weekday,800,2-Car,Non-incapacitating,FAILURE TO YIELD RIGHT OF WAY,S ROGERS ST & W THAT,39.11464,-86.539392
2008,7,3,Weekday,0,2-Car,No injury/unknown,OTHER (VEHICLE) - EXPLAIN IN NARRATIVE,EAGLEVIEW & THAT RD,39.11461,-86.54628433
2008,10,3,Weekday,1500,3+ Cars,Non-incapacitating,LEFT OF CENTER,DINSMORE & SR45W,39.11460543,-86.63189064
2008,12,4,Weekday,1500,3+ Cars,No injury/unknown,LEFT OF CENTER,DINSMORE & SR45W,39.11460543,-86.63189064
2008,10,3,Weekday,700,2-Car,No injury/unknown,,SOUTH OLD STATE ROAD 37,39.11456,-86.531175
2008,9,2,Weekday,0,1-Car,Non-incapacitating,ALCOHOLIC BEVERAGES,FULLERTON & STANSIFER LN,39.11450373,-86.5684703
2008,12,3,Weekday,1100,2-Car,No injury/unknown,UNSAFE BACKING,ROGERS ST & THAT,39.11396539,-86.53955633
2008,6,3,Weekday,700,1-Car,Non-incapacitating,UNSAFE SPEED,HUESTON & ROCKPORT RD,39.11307,-86.57162
2008,8,1,Weekend,600,2-Car,Fatal,LEFT OF CENTER,GREENE COUNTY CHAPEL & SR45W,39.11188918,-86.63693506
2008,10,3,Weekday,1600,3+ Cars,Non-incapacitating,FOLLOWING TOO CLOSELY,HARMONY & SR45E,39.11188918,-86.63693506
2008,8,4,Weekday,1600,2-Car,Non-incapacitating,FOLLOWING TOO CLOSELY,LIBERTY DR & THIRD,39.11173778,-86.57913
2008,6,2,Weekday,1200,2-Car,No injury/unknown,UNSAFE SPEED,STANSIFER & STANSIFER LN,39.111664,-86.5684
2008,6,3,Weekday,2000,2-Car,No injury/unknown,FAILURE TO YIELD RIGHT OF WAY,FAIRFAX & WALNUT ST,39.11138357,-86.52651
2008,7,7,Weekend,1500,1-Car,No injury/unknown,BRAKE FAILURE OR DEFECTIVE,CLEAR CREEK & SOUTH ROGERS STREET ST,39.11136,-86.539824
2008,5,3,Weekday,1900,1-Car,No injury/unknown,GLARE,W CLEAR CREEK DR,39.111152,-86.5348
2008,9,2,Weekday,800,Bus,Non-incapacitating,BRAKE FAILURE OR DEFECTIVE,CLEAR CREEK & PARKING LOT CLEAR CREEK SCHOOL DR,39.11112604,-86.53714478
2008,11,6,Weekday,1700,2-Car,No injury/unknown,DRIVER DISTRACTED - EXPLAIN IN NARRATIVE,HARMONY RD & ST RD 45 W RD,39.11108,-86.63819134
2008,3,5,Weekday,1700,3+ Cars,No injury/unknown,ALCOHOLIC BEVERAGES,W SR 45 HWY,39.111079,-86.6382
2008,3,3,Weekday,1300,2-Car,Non-incapacitating,FAILURE TO YIELD RIGHT OF WAY,HARMONY & SR45,39.111024,-86.638304
2008,5,7,Weekend,1000,2-Car,Non-incapacitating,DRIVER DISTRACTED - EXPLAIN IN NARRATIVE,HARMONY & SR45W,39.111024,-86.638304
2008,8,2,Weekday,700,Moped/Motorcycle,Non-incapacitating,FAILURE TO YIELD RIGHT OF WAY,GARRISON CHAPEL & SR45W,39.111024,-86.638304
2008,12,7,Weekend,1300,2-Car,No injury/unknown,SPEED TOO FAST FOR WEATHER CONDITIONS,RHORER & SOUTH OLD STATE ROAD 37 RD,39.11085722,-86.53135
2008,4,7,Weekend,1100,2-Car,No injury/unknown,UNSAFE BACKING,ROGERS ST,39.110834,-86.539826
2008,11,6,Weekend,2300,1-Car,Non-incapacitating,ALCOHOLIC BEVERAGES,145 GARRISON CHAPEL RD & STATE HIGHWAY 48,39.1107542,-86.64984936
2008,10,7,Weekend,1400,2-Car,Non-incapacitating,DRIVER DISTRACTED - EXPLAIN IN NARRATIVE,S HARMONY & SR45W,39.1105084,-86.63912899
2008,7,7,Weekend,1600,2-Car,No injury/unknown,IMPROPER PASSING,HARMONY & SR45W,39.11016466,-86.63967898
2008,8,1,Weekend,1700,1-Car,Non-incapacitating,ALCOHOLIC BEVERAGES,MOORES CREEK RD & SWARTZ RIDGE,39.10898732,-86.46344494
2008,12,7,Weekend,2300,1-Car,No injury/unknown,ROADWAY SURFACE CONDITION,ELWREN RD & STANFORD,39.10837541,-86.66268517
2008,12,7,Weekend,1200,2-Car,No injury/unknown,ROADWAY SURFACE CONDITION,ELWREN RD & STANFORD,39.10837541,-86.66268517
2008,11,2,Weekday,900,1-Car,No injury/unknown,ANIMAL/OBJECT IN ROADWAY,SR37S & VICTOR,39.1083746,-86.55495588
2008,9,5,Weekday,1700,2-Car,No injury/unknown,RAN OFF ROAD RIGHT,SOUTH VICTOR PIKE,39.108356,-86.549509
2008,2,5,Weekday,100,1-Car,Non-incapacitating,RAN OFF ROAD RIGHT,STANFORD & W ELWREN RD,39.10834,-86.66610733
2008,2,5,Weekday,200,2-Car,No injury/unknown,BRAKE FAILURE OR DEFECTIVE,ELWREN RD & STANFORD,39.1083218,-86.6652105
2008,7,4,Weekday,1800,2-Car,No injury/unknown,UNSAFE SPEED,ISON & TOWER RD,39.107952,-86.610304
2008,7,1,Weekend,1800,Moped/Motorcycle,Non-incapacitating,RAN OFF ROAD RIGHT,SR45W & W ELWREN,39.10773413,-86.64355871
2008,11,5,Weekday,1100,2-Car,No injury/unknown,FAILURE TO YIELD RIGHT OF WAY,WALNUT ST & WALNUT STREET,39.10748133,-86.52640051
2008,5,4,Weekday,1200,2-Car,No injury/unknown,OTHER (DRIVER) - EXPLAIN IN NARRATIVE,ELWREN & SR45W,39.1074624,-86.64387777
2008,8,6,Weekday,1000,2-Car,Non-incapacitating,LEFT OF CENTER,CHURCH & SOUTH ROGERS ST,39.107456,-86.540064
2008,12,6,Weekday,1600,1-Car,No injury/unknown,ROADWAY SURFACE CONDITION,CHURCH LN & ROGERS,39.107456,-86.540064
2008,6,2,Weekday,1200,2-Car,No injury/unknown,OTHER (DRIVER) - EXPLAIN IN NARRATIVE,SOUTH WALNUT ST & WALNUT STREET PIKE,39.107344,-86.5264
2008,8,5,Weekday,1700,Pedestrian,Non-incapacitating,OTHER (DRIVER) - EXPLAIN IN NARRATIVE,W CHURCH LN,39.1073378,-86.53539037
2008,3,6,Weekday,1700,1-Car,Non-incapacitating,RAN OFF ROAD RIGHT,FAIRFAX RD & SR37S,39.10726116,-86.53149068
2008,6,2,Weekday,1800,2-Car,No injury/unknown,FOLLOWING TOO CLOSELY,FAIRFAX & OLD SR 37 SOUTH RD,39.10726,-86.53149
2008,9,3,Weekday,2000,Moped/Motorcycle,No injury/unknown,FAILURE TO YIELD RIGHT OF WAY,FAIRFAX & OLD SR 37 SOUTH HWY,39.10726,-86.53149
2008,11,6,Weekday,1500,2-Car,No injury/unknown,IMPROPER TURNING,CHURCH & OLD STATE ROAD 37 RD,39.107248,-86.531392
2008,6,5,Weekday,700,2-Car,Non-incapacitating,FOLLOWING TOO CLOSELY,OLD WALNUT ST & S FAIRFAX RD,39.1071675,-86.52650982
2008,8,6,Weekday,1400,2-Car,Non-incapacitating,FAILURE TO YIELD RIGHT OF WAY,FAIRFAX RD & WALNUT,39.10716,-86.52651
2008,3,2,Weekday,1800,2-Car,No injury/unknown,UNSAFE SPEED,FAIRFAX RD & SCHACHT,39.10704,-86.523488
2008,5,5,Weekday,1400,1-Car,Non-incapacitating,SPEED TOO FAST FOR WEATHER CONDITIONS,S FAIRFAX RD & SCHACHT,39.10704,-86.523488
2008,8,6,Weekday,1000,2-Car,Non-incapacitating,BRAKE FAILURE OR DEFECTIVE,SCHACHT ROAD & SOUTH FAIRFAX ROAD RD,39.10704,-86.523488
2008,12,3,Weekday,1800,1-Car,No injury/unknown,ROADWAY SURFACE CONDITION,S FAIRFAX RD,39.10704,-86.523488
2008,5,7,Weekend,800,2-Car,No injury/unknown,UNSAFE BACKING,VICTOR PIKE,39.106659,-86.550268
2008,11,2,Weekday,1600,1-Car,Non-incapacitating,RAN OFF ROAD RIGHT,SR 446 RD,39.10593,-86.430629
2008,7,1,Weekend,1100,1-Car,No injury/unknown,DRIVER ASLEEP OR FATIGUED,FAIRFAX RD & MARIE,39.10568,-86.52248
2008,8,6,Weekday,800,2-Car,No injury/unknown,DISREGARD SIGNAL/REG SIGN,SR37 RD & VICTOR PIKE,39.10560026,-86.55135781
2008,2,7,Weekend,1100,2-Car,Non-incapacitating,BRAKE FAILURE OR DEFECTIVE,SR37S & VICTOR,39.10555824,-86.55147414
2008,11,5,Weekday,1900,1-Car,No injury/unknown,ANIMAL/OBJECT IN ROADWAY,HWY 37 & VICTOR PIKE,39.10555824,-86.55147414
2008,9,7,Weekend,1100,2-Car,Non-incapacitating,FAILURE TO YIELD RIGHT OF WAY,SR37S & VICTOR,39.105552,-86.551104
2008,10,6,Weekday,1200,2-Car,No injury/unknown,DISREGARD SIGNAL/REG SIGN,SR37S & VICTOR PIKE,39.105552,-86.551104
2008,11,5,Weekday,1700,2-Car,Non-incapacitating,DISREGARD SIGNAL/REG SIGN,SR37N & VICTOR,39.105552,-86.551104
2008,11,6,Weekend,2200,2-Car,Non-incapacitating,DISREGARD SIGNAL/REG SIGN,SR37S & VICTOR,39.105552,-86.551104
2008,10,6,Weekday,700,2-Car,No injury/unknown,FOLLOWING TOO CLOSELY,BRENNICK & SR45W,39.10408634,-86.64816679
2008,1,7,Weekend,500,1-Car,Non-incapacitating,ALCOHOLIC BEVERAGES,FOWLER & LEONARD SPRINGS RD,39.10404719,-86.59359326
2008,5,5,Weekday,2000,1-Car,No injury/unknown,ANIMAL/OBJECT IN ROADWAY,BALFOUR & SR45N,39.10389193,-86.51178391
2008,2,6,Weekday,1700,2-Car,Non-incapacitating,LEFT OF CENTER,HARMONY RD & ROSE CREEK,39.10328523,-86.63833327
2008,6,1,Weekend,1800,1-Car,No injury/unknown,RAN OFF ROAD RIGHT,BOLIN & SOUTH ROCKPORT RD,39.10316,-86.57509
2008,11,1,Weekend,1100,2-Car,No injury/unknown,SPEED TOO FAST FOR WEATHER CONDITIONS,BOLIN & ROCKPORT RD,39.10316,-86.57507701
2008,7,4,Weekday,1100,1-Car,Non-incapacitating,SPEED TOO FAST FOR WEATHER CONDITIONS,CHERRY & S FAIRFAX RD,39.10247812,-86.51705
2008,4,4,Weekday,1300,2-Car,No injury/unknown,UNSAFE BACKING,CHARLIE AVE & ROGERS,39.10193,-86.53940433
2008,7,2,Weekday,1500,1-Car,No injury/unknown,RAN OFF ROAD RIGHT,HINDS & SR45W,39.10133773,-86.64986539
2008,12,3,Weekday,1200,1-Car,No injury/unknown,RAN OFF ROAD RIGHT,FOWLER & LEONARD SPRINGS RD,39.100656,-86.59280986
2008,10,4,Weekday,600,2-Car,No injury/unknown,OTHER (DRIVER) - EXPLAIN IN NARRATIVE,CEDARWOOD CIR & SOUTHERN OAKS,39.10049293,-86.50423
2008,9,7,Weekend,600,1-Car,No injury/unknown,ANIMAL/OBJECT IN ROADWAY,BOLIN LN & VICTOR,39.100448,-86.558096
2008,8,5,Weekday,1600,2-Car,No injury/unknown,DRIVER DISTRACTED - EXPLAIN IN NARRATIVE,JOHN WILLIAMS & SR45W,39.10005311,-86.65130419
2008,12,7,Weekend,1000,2-Car,No injury/unknown,FOLLOWING TOO CLOSELY,SR45E & W JOHN WILLIAMS,39.10005311,-86.65130419
2008,2,1,Weekend,1600,1-Car,Non-incapacitating,SPEED TOO FAST FOR WEATHER CONDITIONS,MOORES & STIPP RD,39.09992668,-86.46408352
2008,2,3,Weekday,1500,2-Car,No injury/unknown,ROADWAY SURFACE CONDITION,FAIRFAX & MOFFETT RD,39.09991,-86.51785865
2008,6,5,Weekday,1500,2-Car,No injury/unknown,OTHER (DRIVER) - EXPLAIN IN NARRATIVE,FAIRFAX RD & MOFFETT,39.09991,-86.51785
2008,2,6,Weekend,2100,1-Car,No injury/unknown,ANIMAL/OBJECT IN ROADWAY,FAIRFAX & MOFFETT LN,39.09984,-86.5176
2008,7,3,Weekday,1700,2-Car,No injury/unknown,FAILURE TO YIELD RIGHT OF WAY,FAIRFAX RD & MOFFATT,39.09984,-86.5176
2008,5,2,Weekday,2000,Moped/Motorcycle,No injury/unknown,OVERCORRECTING/OVERSTEERING,RED OAK & SR446S,39.09963105,-86.42329198
2008,12,6,Weekday,1500,1-Car,No injury/unknown,ROADWAY SURFACE CONDITION,ROGERS & S OLD STATE ROAD 37 HWY,39.099408,-86.537904
2008,8,5,Weekday,1600,2-Car,No injury/unknown,DRIVER DISTRACTED - EXPLAIN IN NARRATIVE,HINDS & SR45W,39.099152,-86.652
2008,12,7,Weekend,1000,1-Car,No injury/unknown,SPEED TOO FAST FOR WEATHER CONDITIONS,HINDS ROAD & SR45E,39.09859974,-86.6527848
2008,5,3,Weekday,400,1-Car,Non-incapacitating,ALCOHOLIC BEVERAGES,CHERRY & FAIRFAX RD,39.09784,-86.5168
2008,11,7,Weekend,300,1-Car,No injury/unknown,RAN OFF ROAD RIGHT,HINDS & SR45W,39.09640983,-86.6577342
2008,7,2,Weekday,600,1-Car,No injury/unknown,ANIMAL/OBJECT IN ROADWAY,MAY & ROCKPORT RD,39.09514441,-86.58462911
2008,7,2,Weekday,1700,2-Car,No injury/unknown,DRIVER DISTRACTED - EXPLAIN IN NARRATIVE,HINDS RD,39.093906,-86.657578
2008,2,2,Weekday,1700,1-Car,No injury/unknown,UNSAFE SPEED,HARMONY & MAY RD,39.093744,-86.638304
2008,1,6,Weekday,300,1-Car,No injury/unknown,RAN OFF ROAD RIGHT,FISCUS & HANDY RD,39.09366019,-86.48685147
2008,7,2,Weekday,1500,2-Car,No injury/unknown,FAILURE TO YIELD RIGHT OF WAY,LEONARD SPRINGS & MAY RD,39.09350527,-86.60060297
2008,12,2,Weekday,1800,1-Car,No injury/unknown,ANIMAL/OBJECT IN ROADWAY,LEONARD SPRINGS & MAY RD,39.09348814,-86.59884081
2008,3,7,Weekend,0,1-Car,No injury/unknown,ROADWAY SURFACE CONDITION,HANDY RD,39.09344832,-86.48681274
2008,8,1,Weekend,1500,1-Car,Non-incapacitating,UNSAFE SPEED,WEST MAY RD,39.093431,-86.606177
2008,6,6,Weekday,800,2-Car,No injury/unknown,FOLLOWING TOO CLOSELY,SR37S & W DILLMAN RD,39.09318123,-86.5456708
2008,2,3,Weekday,1800,2-Car,Non-incapacitating,FAILURE TO YIELD RIGHT OF WAY,DILLMAN & SR37S,39.092976,-86.545648
2008,4,6,Weekday,1400,2-Car,Non-incapacitating,FAILURE TO YIELD RIGHT OF WAY,DILLMAN & SR37S,39.092976,-86.545648
2008,5,6,Weekday,1300,2-Car,No injury/unknown,FAILURE TO YIELD RIGHT OF WAY,DILLMAN ROAD RD & SR37,39.092976,-86.545648
2008,5,2,Weekday,1500,2-Car,Incapacitating,DISREGARD SIGNAL/REG SIGN,DILLMAN & STATE ROAD 37 RD,39.09296,-86.54416
2008,7,2,Weekday,1800,2-Car,No injury/unknown,DRIVER DISTRACTED - EXPLAIN IN NARRATIVE,DILLMAN & OLD STATE ROAD 37 RD,39.092944,-86.544
2008,7,4,Weekday,1600,3+ Cars,No injury/unknown,FAILURE TO YIELD RIGHT OF WAY,DILLMAN & OLD STATE ROAD 37 RD,39.092944,-86.544
2008,8,4,Weekday,400,1-Car,No injury/unknown,RAN OFF ROAD RIGHT,S OLD HWY 37 HWY & W  DILLMAN,39.092944,-86.544
2008,3,3,Weekday,1400,2-Car,Non-incapacitating,DRIVER DISTRACTED - EXPLAIN IN NARRATIVE,SR37N & VERNIAL,39.09275455,-86.5609886
2008,12,7,Weekend,1500,1-Car,No injury/unknown,SPEED TOO FAST FOR WEATHER CONDITIONS,EAST WYLIE & OLD SR37N HWY,39.09239199,-86.50108
2008,5,2,Weekday,2000,1-Car,No injury/unknown,ANIMAL/OBJECT IN ROADWAY,DILLMAN & SR37S,39.09051285,-86.54538068
2008,6,6,Weekend,2000,2-Car,No injury/unknown,FAILURE TO YIELD RIGHT OF WAY,PINEWOOD & WALNUT ST,39.08925796,-86.53143
2008,3,3,Weekday,2000,1-Car,No injury/unknown,RAN OFF ROAD RIGHT,9360 W SPARKS & SR45W,39.086848,-86.671296
2008,5,7,Weekend,400,1-Car,No injury/unknown,RAN OFF ROAD RIGHT,SPARKS ROAD & SR45E,39.086848,-86.671296
2008,5,1,Weekend,800,2-Car,No injury/unknown,DRIVER ASLEEP OR FATIGUED,SPARKS & SR45W,39.086848,-86.671296
2008,7,5,Weekday,300,1-Car,No injury/unknown,OTHER (ENVIRONMENTAL) - EXPLAIN IN NARR,SPARKS & SR45W,39.086848,-86.671296
2008,8,4,Weekday,800,2-Car,No injury/unknown,OTHER (DRIVER) - EXPLAIN IN NARRATIVE,BREEDEN & SR45W,39.086832,-86.671984
2008,9,4,Weekday,1200,1-Car,No injury/unknown,DRIVER ILLNESS,SPARKS & SR45S,39.08681958,-86.67341018
2008,2,4,Weekday,700,1-Car,Non-incapacitating,ROADWAY SURFACE CONDITION,BREEDEN RD & STATE ROAD 45 WEST,39.08678,-86.67203
2008,7,1,Weekday,2000,1-Car,Non-incapacitating,OVERCORRECTING/OVERSTEERING,7625 S BREEDEN & BREEDEN RD,39.08677762,-86.67199396
2008,9,5,Weekday,500,1-Car,No injury/unknown,RAN OFF ROAD RIGHT,COUNTY LINE & SR45W,39.08666936,-86.68237209
2008,9,5,Weekday,1500,Moped/Motorcycle,No injury/unknown,ANIMAL/OBJECT IN ROADWAY,COUNTY LINE & SR45E,39.08666936,-86.68232008
2008,12,3,Weekday,500,1-Car,Non-incapacitating,ALCOHOLIC BEVERAGES,HARMONY RD & KIRKSVILLE,39.08630482,-86.63822674
2008,8,2,Weekday,1700,2-Car,No injury/unknown,DRIVER ASLEEP OR FATIGUED,S EMPIRE MILL & S OLD HWY 37 HWY,39.08624,-86.542
2008,11,1,Weekday,2300,1-Car,Non-incapacitating,RAN OFF ROAD RIGHT,FAIRFAX RD & MCCORMICK,39.08622043,-86.50779
2008,7,3,Weekday,1100,1-Car,No injury/unknown,DRIVER ASLEEP OR FATIGUED,SOUTH OLD STATE ROAD 37 & SR37S,39.085632,-86.542304
2008,9,4,Weekday,800,2-Car,Non-incapacitating,OTHER (DRIVER) - EXPLAIN IN NARRATIVE,OLD STATE ROAD 37 & SR37S,39.085632,-86.542304
2008,12,7,Weekend,900,2-Car,No injury/unknown,SPEED TOO FAST FOR WEATHER CONDITIONS,OLD SR 37 HWY & SR37,39.085632,-86.542304
2008,3,5,Weekday,1500,2-Car,No injury/unknown,DRIVER DISTRACTED - EXPLAIN IN NARRATIVE,FAIRFAX RD,39.085577,-86.517029
2008,2,1,Weekend,1400,2-Car,No injury/unknown,FOLLOWING TOO CLOSELY,SOUTH OLD STATE ROAD 37 & SR37S,39.08528624,-86.54271101
2008,2,3,Weekday,1600,3+ Cars,Incapacitating,FAILURE TO YIELD RIGHT OF WAY,OLD STATE ROAD 37  S WALNUT & SR37N,39.08528624,-86.54271101
2008,3,6,Weekday,1200,2-Car,Non-incapacitating,SPEED TOO FAST FOR WEATHER CONDITIONS,SR37 SOUTH & SR37S,39.08525418,-86.5423134
2008,2,6,Weekday,1600,1-Car,Non-incapacitating,RAN OFF ROAD RIGHT,RUSH RIDGE & SR446S,39.08472,-86.420688
2008,5,2,Weekday,1300,1-Car,No injury/unknown,SPEED TOO FAST FOR WEATHER CONDITIONS,SR37 & SR37S,39.08452517,-86.54135527
2008,1,4,Weekday,1900,1-Car,No injury/unknown,RAN OFF ROAD RIGHT,RUSH RIDGE & SR446S,39.08391224,-86.42047933
2008,11,7,Weekend,600,1-Car,No injury/unknown,ANIMAL/OBJECT IN ROADWAY,SR37 & SR37S,39.08384,-86.540768
2008,1,1,Weekday,2200,1-Car,No injury/unknown,ANIMAL/OBJECT IN ROADWAY,TRAMWAY & VICTOR PIKE,39.08307511,-86.56728002
2008,9,2,Weekday,2300,1-Car,Non-incapacitating,RAN OFF ROAD RIGHT,2ND STREET AND SANDERS & 6100 SOUTH FAIRFAX RD,39.082144,-86.515488
2008,11,4,Weekday,1400,2-Car,Non-incapacitating,LEFT OF CENTER,2ND AVE SANDERS & S FAIRFAX RD RD,39.082144,-86.515488
2008,11,5,Weekday,900,1-Car,No injury/unknown,ROADWAY SURFACE CONDITION,2ND STREET SANDERS & SO FAIRFAX RD RD,39.082144,-86.515488
2008,1,6,Weekday,900,2-Car,No injury/unknown,DRIVER DISTRACTED - EXPLAIN IN NARRATIVE,OLD VERNAL & VERNAL PIKE,39.0803075,-86.59628
2008,5,6,Weekday,1500,2-Car,No injury/unknown,SPEED TOO FAST FOR WEATHER CONDITIONS,1ST & FAIRFAX RD,39.07975709,-86.51362639
2008,3,1,Weekday,2300,1-Car,Non-incapacitating,RAN OFF ROAD RIGHT,1ST AVE SANDERS & S FAIRFAX RD RD,39.079552,-86.513392
2008,11,6,Weekday,700,1-Car,No injury/unknown,RAN OFF ROAD RIGHT,KOONTZ & S ROCKPORT RD RD,39.078944,-86.596304
2008,11,7,Weekend,2100,1-Car,No injury/unknown,ANIMAL/OBJECT IN ROADWAY,SR37N & WINERY,39.07889578,-86.52269173
2008,4,2,Weekday,700,1-Car,Non-incapacitating,OVERCORRECTING/OVERSTEERING,SMITHVILLE & SR37S,39.0773565,-86.53618877
2008,5,1,Weekday,2000,2-Car,No injury/unknown,DRIVER DISTRACTED - EXPLAIN IN NARRATIVE,37 SOUTH STATE RD,39.07704,-86.53616
2008,11,5,Weekday,1300,1-Car,Non-incapacitating,DRIVER DISTRACTED - EXPLAIN IN NARRATIVE,BURGOON CHURCH & SR446S,39.07657267,-86.40894176