Year,Month,Day,Weekend?,Hour,Collision Type,Injury Type,Primary Factor,Reported_Location,Latitude,Longitude
2008,4,7,Weekend,1900,2-Car,No injury/unknown,OTHER (DRIVER) - EXPLAIN IN NARRATIVE,FAIRFAX & OLD STATE ROAD 37 RD,39.07558312,-86.53149
2008,12,7,Weekend,1200,2-Car,No injury/unknown,ROADWAY SURFACE CONDITION,HENNESSEY & ROCKPORT RD,39.07536694,-86.55672
2008,12,7,Weekend,1200,2-Car,No injury/unknown,ROADWAY SURFACE CONDITION,HENNESSEY & S ROCKPORT RD,39.07536694,-86.55672
2008,7,7,Weekend,1500,1-Car,Non-incapacitating,BRAKE FAILURE OR DEFECTIVE,EVANS & HARMONY RD,39.07290166,-86.6275493
2008,5,5,Weekday,700,1-Car,No injury/unknown,ANIMAL/OBJECT IN ROADWAY,SR37N & STRAIN RDIGE,39.07284103,-86.53661165
2008,8,5,Weekday,1200,1-Car,No injury/unknown,RAN OFF ROAD RIGHT,SR37N & SR45,39.07192818,-86.57295509
2008,3,2,Weekday,1400,2-Car,No injury/unknown,FOLLOWING TOO CLOSELY,SR37N & VERNAL,39.07159876,-86.5609886
2008,9,2,Weekday,1700,1-Car,Non-incapacitating,OTHER (DRIVER) - EXPLAIN IN NARRATIVE,3100 BLOCK RAMP CREEK RD & MATTATHA,39.07118814,-86.49786919
2008,8,6,Weekend,2200,1-Car,No injury/unknown,OTHER (DRIVER) - EXPLAIN IN NARRATIVE,RAMP CREEK RD RD & SMITHVILLE,39.071152,-86.503088
2008,2,3,Weekday,100,1-Car,Non-incapacitating,OTHER (DRIVER) - EXPLAIN IN NARRATIVE,SMITHVILLE RD & ZIKES,39.07114,-86.5253827
2008,9,4,Weekday,900,2-Car,No injury/unknown,UNSAFE BACKING,SR37 & SR37N,39.071056,-86.5356
2008,2,5,Weekday,1400,1-Car,No injury/unknown,RAN OFF ROAD RIGHT,SMITHVILLE RD & SR37,39.07093943,-86.53670051
2008,2,4,Weekday,600,1-Car,Non-incapacitating,OVERCORRECTING/OVERSTEERING,SMILTHVILLE RDS & SOCIETY,39.0708914,-86.51787311
2008,12,7,Weekend,1600,2-Car,No injury/unknown,OTHER (DRIVER) - EXPLAIN IN NARRATIVE,KETCHAM & OLD STATE ROAD 37 RD,39.07050913,-86.54443222
2008,3,7,Weekend,600,1-Car,No injury/unknown,ROADWAY SURFACE CONDITION,BOTTOM RD & DENNY,39.07028499,-86.55548
2008,8,2,Weekday,1900,2-Car,Non-incapacitating,OTHER (DRIVER) - EXPLAIN IN NARRATIVE,SHIELDS RIDGE BOAT RAMP & SHIELDS RIDGE RD,39.06999285,-86.45628154
2008,2,5,Weekday,100,1-Car,No injury/unknown,SPEED TOO FAST FOR WEATHER CONDITIONS,DUNLAP RD & W ST RD 45,39.06668868,-86.6188
2008,7,2,Weekday,1400,1-Car,Non-incapacitating,UNSAFE SPEED,DELLSVILLE & SR37S,39.06615175,-86.54152483
2008,3,2,Weekday,1800,1-Car,Non-incapacitating,OTHER (DRIVER) - EXPLAIN IN NARRATIVE,DELLSVILLE & OLD STATE ROAD 37 SOUTH HWY,39.06614,-86.54151567
2008,6,1,Weekend,1400,1-Car,No injury/unknown,OTHER (VEHICLE) - EXPLAIN IN NARRATIVE,KETCHAM RD,39.060174,-86.56921
2008,6,3,Weekday,1300,1-Car,Non-incapacitating,OVERCORRECTING/OVERSTEERING,3100 BLOCK OF WILL SOWDERS RD RDS & SOUTH FAIRFAX ROAD,39.05998723,-86.49849951
2008,8,6,Weekday,400,1-Car,No injury/unknown,RAN OFF ROAD RIGHT,DOC MITHELL & STRAINRIDGE RD,39.05701176,-86.50784
2008,6,4,Weekday,2100,1-Car,No injury/unknown,ANIMAL/OBJECT IN ROADWAY,SCOTT & STRAINRIDGE RD,39.056848,-86.507776
2008,4,6,Weekend,2200,1-Car,No injury/unknown,TIRE FAILURE OR DEFECTIVE,HARMONY RD & ROCKPORT,39.05606525,-86.61616871
2008,8,4,Weekday,0,Moped/Motorcycle,No injury/unknown,ANIMAL/OBJECT IN ROADWAY,CLEVE BUTCHER & FAIRFAX RD,39.05452987,-86.49831994
2008,11,6,Weekday,1500,2-Car,No injury/unknown,ROADWAY SURFACE CONDITION,FAIRFAX RD & SCHACT,39.0540957,-86.52378
2008,11,4,Weekday,1200,3+ Cars,No injury/unknown,BRAKE FAILURE OR DEFECTIVE,ROCKPORT & VICTOR PIKE,39.0538975,-86.60102373
2008,7,3,Weekday,100,1-Car,No injury/unknown,RAN OFF ROAD RIGHT,S ROCKPORT & S VICTOR PIKE,39.053744,-86.606304
2008,9,1,Weekend,900,1-Car,No injury/unknown,ROADWAY SURFACE CONDITION,BURGOON CHURCH & SR446N,39.05301072,-86.4077687
2008,1,1,Weekday,2200,1-Car,No injury/unknown,SPEED TOO FAST FOR WEATHER CONDITIONS,GRAMERCY & N HINKLE RD,39.05159788,-86.50543
2008,1,6,Weekday,1600,1-Car,Non-incapacitating,OTHER (DRIVER) - EXPLAIN IN NARRATIVE,4800 STIPP RD & MOORES CREEK,39.04967584,-86.46195085
2008,12,3,Weekday,1700,2-Car,No injury/unknown,ROADWAY SURFACE CONDITION,SR37S & WEST ZIKES RD,39.049456,-86.535888
2008,9,7,Weekend,1700,1-Car,Non-incapacitating,UNSAFE BACKING,ZIKES RD,39.04936,-86.52807
2008,1,3,Weekday,800,1-Car,No injury/unknown,OVERCORRECTING/OVERSTEERING,ANNE & STRAIN RIDGE RD,39.04934,-86.51104
2008,5,6,Weekday,1100,1-Car,No injury/unknown,STEERING FAILURE,CRUM & SO BREEDEN ROAD RD,39.047296,-86.666976
2008,6,6,Weekday,1800,Moped/Motorcycle,Non-incapacitating,ANIMAL/OBJECT IN ROADWAY,SR37S & ZIKES,39.0456108,-86.5358592
2008,5,4,Weekday,1400,Moped/Motorcycle,Non-incapacitating,UNSAFE SPEED,HAYES & SR446S,39.04464,-86.407952
2008,10,7,Weekend,2000,2-Car,Non-incapacitating,LEFT OF CENTER,CEDAR BLUFF & OLD STATE ROAD 37 RD,39.042144,-86.5412
2008,4,1,Weekday,2300,1-Car,No injury/unknown,ALCOHOLIC BEVERAGES,MONROE DAMN & STRAIN RIDGE RD,39.0402882,-86.53437818
2008,12,1,Weekend,500,1-Car,No injury/unknown,RAN OFF ROAD RIGHT,DILLMAN & SR37S,39.04015036,-86.54606463
2008,8,7,Weekend,1700,Cyclist,Non-incapacitating,OTHER (DRIVER) - EXPLAIN IN NARRATIVE,HOLYHOCK & MARIGOLD RD,39.03766,-86.5179
2008,10,4,Weekday,600,1-Car,No injury/unknown,ANIMAL/OBJECT IN ROADWAY,ALLENS CREEK & SR446S,39.03661819,-86.40781357
2008,3,2,Weekday,1700,1-Car,No injury/unknown,RAN OFF ROAD RIGHT,POINT & STRAIN RIDGE RD,39.03492,-86.51688
2008,6,1,Weekend,1200,2-Car,Non-incapacitating,FAILURE TO YIELD RIGHT OF WAY,POINTE RD & STRAIN RIDGE,39.03492,-86.51688
2008,1,6,Weekday,1600,2-Car,No injury/unknown,OTHER (DRIVER) - EXPLAIN IN NARRATIVE,EAST POINT RD,39.03491,-86.510142
2008,8,6,Weekend,2300,2-Car,No injury/unknown,IMPROPER TURNING,FAIRFAX RD,39.03444,-86.490396
2008,12,4,Weekday,500,2-Car,No injury/unknown,ROADWAY SURFACE CONDITION,S ADAMS HILL CIR & W TWIN OAKS,39.03429208,-86.55113
2008,7,7,Weekend,2000,2-Car,No injury/unknown,UNSAFE BACKING,POINTE RIDGE LN,39.03359,-86.509469
2008,6,1,Weekend,1300,1-Car,No injury/unknown,TIRE FAILURE OR DEFECTIVE,ALLENS CREEK & SR446S,39.03330191,-86.40833922
2008,4,7,Weekend,100,1-Car,No injury/unknown,ALCOHOLIC BEVERAGES,POINTE CLUB DR,39.03218,-86.519469
2008,6,7,Weekend,1700,1-Car,No injury/unknown,SPEED TOO FAST FOR WEATHER CONDITIONS,ALLENS CREEK & SR446S,39.03147918,-86.40764723
2008,11,1,Weekday,2000,1-Car,Non-incapacitating,ALCOHOLIC BEVERAGES,ALLENS CREEK RD & SR446S,39.02758297,-86.40724404
2008,1,5,Weekday,1800,1-Car,No injury/unknown,ANIMAL/OBJECT IN ROADWAY,MONROE DAM & SR37S,39.02680551,-86.53455737
2008,12,4,Weekday,1000,1-Car,No injury/unknown,SPEED TOO FAST FOR WEATHER CONDITIONS,3RD & FOREST CIR,39.02406365,-86.54874
2008,5,1,Weekend,400,1-Car,No injury/unknown,RAN OFF ROAD RIGHT,KETCHAM RD RD,39.021319,-86.562796
2008,3,5,Weekday,700,1-Car,Non-incapacitating,SPEED TOO FAST FOR WEATHER CONDITIONS,FOGGY MORNING & MONROE DAM RD,39.02117796,-86.53151751
2008,3,5,Weekday,800,1-Car,Non-incapacitating,SPEED TOO FAST FOR WEATHER CONDITIONS,FOGGY MORNING & MONROE DAM RD,39.02117796,-86.53151751
2008,5,2,Weekday,2300,1-Car,No injury/unknown,ANIMAL/OBJECT IN ROADWAY,SR37N & STRAIN RIDGE,39.0201638,-86.53661165
2008,1,1,Weekend,200,1-Car,No injury/unknown,RAN OFF ROAD RIGHT,MONROE DAM & STRAIN RIDGE RD,39.01875832,-86.52266681
2008,6,3,Weekday,400,1-Car,No injury/unknown,ANIMAL/OBJECT IN ROADWAY,SR37S & VERNAL,39.0187093,-86.5609886
2008,5,4,Weekday,2100,1-Car,No injury/unknown,ANIMAL/OBJECT IN ROADWAY,INGRAM & SR37S,39.01833587,-86.53648907
2008,11,2,Weekday,1800,1-Car,No injury/unknown,ANIMAL/OBJECT IN ROADWAY,SR37S & ZIKES,39.01774312,-86.53635211
2008,12,7,Weekend,1000,2-Car,No injury/unknown,SPEED TOO FAST FOR WEATHER CONDITIONS,MONROE DAM & SR37N,39.01733966,-86.53666059
2008,12,7,Weekend,1000,3+ Cars,No injury/unknown,SPEED TOO FAST FOR WEATHER CONDITIONS,MONROE DAM & SR37N,39.01733966,-86.53666059
2008,12,3,Weekday,1200,1-Car,No injury/unknown,ROADWAY SURFACE CONDITION,HARRODSBURG ON RAMP & SR37S,39.01727041,-86.53635211
2008,3,7,Weekend,1700,2-Car,Non-incapacitating,LEFT OF CENTER,HOBART RD & SR 37,39.014352,-86.537088
2008,8,6,Weekday,1800,1-Car,Non-incapacitating,BRAKE FAILURE OR DEFECTIVE,HOBART RD & OLD STATE ROAD 37 SOUTH,39.01369,-86.54098
2008,10,1,Weekend,700,1-Car,Non-incapacitating,DRIVER DISTRACTED - EXPLAIN IN NARRATIVE,HARRODSBURG & SR37S,39.01355901,-86.54112786
2008,8,1,Weekend,1400,1-Car,Non-incapacitating,RAN OFF ROAD RIGHT,DAM RD & DEPOT HILL,39.01330684,-86.52363718
2008,7,2,Weekday,0,1-Car,No injury/unknown,RAN OFF ROAD RIGHT,DEPOT HILL RD & MONROE DAMM,39.0133,-86.52363
2008,3,5,Weekday,600,1-Car,No injury/unknown,ROADWAY SURFACE CONDITION,BENNETT & POPCORN RD,39.01176211,-86.55353671
2008,4,3,Weekday,600,Bus,No injury/unknown,RAN OFF ROAD RIGHT,KETCHAM & POPCORN RD,39.01175,-86.56110094
2008,6,6,Weekday,500,1-Car,No injury/unknown,ANIMAL/OBJECT IN ROADWAY,KETCHAM & POPCORN RD RD,39.011744,-86.562
2008,7,7,Weekend,1200,Moped/Motorcycle,Non-incapacitating,FAILURE TO YIELD RIGHT OF WAY,MONROE DAM RD & VALLEY MISSION,39.009344,-86.510096
2008,10,3,Weekday,1500,1-Car,Non-incapacitating,UNSAFE SPEED,HOLLY & PINEGROVE RD,39.00816282,-86.42545
2008,4,5,Weekday,0,1-Car,Non-incapacitating,RAN OFF ROAD RIGHT,FAIRFAX & POINTE RD,39.00613308,-86.49009
2008,9,7,Weekend,1800,Moped/Motorcycle,Non-incapacitating,OTHER (DRIVER) - EXPLAIN IN NARRATIVE,DUTCH RIDGE & SR446S,39.00391662,-86.39392154
2008,3,5,Weekday,2000,1-Car,No injury/unknown,ROADWAY SURFACE CONDITION,MONROE DAM & TAILWATER RD,39.0036538,-86.51796
2008,4,6,Weekend,2100,1-Car,Non-incapacitating,RAN OFF ROAD RIGHT,GUTHRIE & STEWART RD,39.00113373,-86.46168482
2008,4,6,Weekend,2100,1-Car,Non-incapacitating,RAN OFF ROAD RIGHT,GUTHRIE & STEWART RD,38.9988792,-86.45377936
2008,8,2,Weekday,2100,Moped/Motorcycle,No injury/unknown,OBSTRUCTION NOT MARKED,1230 GARRISON  CHAPEL RD & GIFFORD,38.99510859,-86.644698
2008,8,2,Weekday,500,1-Car,No injury/unknown,RAN OFF ROAD RIGHT,FLOWER & S LEONARD SPRING RD RD,38.99244892,-86.59359
2008,6,2,Weekday,1300,2-Car,No injury/unknown,FAILURE TO YIELD RIGHT OF WAY,BRIAR GATE & SR46W,0,0
2008,10,6,Weekday,1600,2-Car,No injury/unknown,FOLLOWING TOO CLOSELY,CAPITOL & SR46W,0,0
2008,3,5,Weekday,700,2-Car,No injury/unknown,FAILURE TO YIELD RIGHT OF WAY,EDGEWOOD DR & PARKING ENTRANCE NW,0,0
2008,2,6,Weekend,1900,1-Car,No injury/unknown,CELL PHONE USAGE,CAMPBELLS PARK & PARK ST,0,0
2008,1,6,Weekday,1500,2-Car,No injury/unknown,FAILURE TO YIELD RIGHT OF WAY,ENTRANCE TO TARGET PARKING LOT & KINGSTON DR,0,0
2008,1,4,Weekday,0,1-Car,No injury/unknown,ROADWAY SURFACE CONDITION,LOW GAP & MORGAN MONROE FOREST RD,0,0
2008,1,6,Weekday,900,3+ Cars,No injury/unknown,FAILURE TO YIELD RIGHT OF WAY,EAST WEST & LINCOLN ST,0,0
2008,1,7,Weekend,1400,2-Car,No injury/unknown,OTHER (DRIVER) - EXPLAIN IN NARRATIVE,AMARYLLIS DR,0,0
2008,1,1,Weekend,1600,2-Car,No injury/unknown,BRAKE FAILURE OR DEFECTIVE,RIDGEWOOD DR,0,0
2008,1,3,Weekday,800,2-Car,No injury/unknown,FAILURE TO YIELD RIGHT OF WAY,CURRY PIKE RD & VERNAL PIKE,0,0
2008,1,3,Weekday,800,1-Car,No injury/unknown,ANIMAL/OBJECT IN ROADWAY,GORE & OLD STATE HWY37 SOUTH RD,0,0
2008,1,5,Weekday,1200,2-Car,No injury/unknown,FAILURE TO YIELD RIGHT OF WAY,LIBERTY DR & SR48,0,0
2008,1,5,Weekday,1800,2-Car,No injury/unknown,ANIMAL/OBJECT IN ROADWAY,STRAIN RDG & ZENIA,0,0
2008,1,5,Weekday,1600,2-Car,No injury/unknown,IMPROPER TURNING,SR45S & WALMART,0,0
2008,1,2,Weekday,1500,2-Car,No injury/unknown,OTHER (VEHICLE) - EXPLAIN IN NARRATIVE,MILTON & S MILTON DR,0,0
2008,1,5,Weekday,1000,1-Car,No injury/unknown,SPEED TOO FAST FOR WEATHER CONDITIONS,CUTRIGHT RAMP & CUTRIGHT RD,0,0
2008,1,2,Weekday,1800,2-Car,No injury/unknown,LEFT OF CENTER,PARKING LOT FOR 1101 N FEE LN,0,0
2008,1,5,Weekday,500,2-Car,No injury/unknown,FAILURE TO YIELD RIGHT OF WAY,BROWN STREET ST & COOLIDGE DRIVE,0,0
2008,1,1,Weekend,1100,1-Car,No injury/unknown,OTHER (VEHICLE) - EXPLAIN IN NARRATIVE,KIMBLE & PRIVATE DR,0,0
2008,1,2,Weekday,1100,1-Car,No injury/unknown,OTHER (DRIVER) - EXPLAIN IN NARRATIVE,WASHINGTON ST,0,0
2008,1,4,Weekday,1400,2-Car,No injury/unknown,OTHER (VEHICLE) - EXPLAIN IN NARRATIVE,COVENANTER DR,0,0
2008,1,4,Weekday,1800,2-Car,No injury/unknown,OTHER (VEHICLE) - EXPLAIN IN NARRATIVE,HUNTER AVE,0,0
2008,1,5,Weekday,1200,2-Car,No injury/unknown,FAILURE TO YIELD RIGHT OF WAY,ELEVENTH & FEE LN,0,0
2008,1,6,Weekend,2200,1-Car,No injury/unknown,RAN OFF ROAD RIGHT,2ND ST & LANDMARK,0,0
2008,1,5,Weekday,400,2-Car,No injury/unknown,OTHER (DRIVER) - EXPLAIN IN NARRATIVE,PARKING LOT & PARKING LOT CMN,0,0
2008,1,2,Weekday,1400,1-Car,No injury/unknown,INSECURE/LEAKY LOAD,SR37,0,0
2008,1,3,Weekday,1400,2-Car,No injury/unknown,OTHER (DRIVER) - EXPLAIN IN NARRATIVE,EAST WEST ALY & INDIANA,0,0
2008,1,5,Weekday,1500,2-Car,No injury/unknown,OTHER (DRIVER) - EXPLAIN IN NARRATIVE,2ND & ALLEY SOUTH OF 300 BLK W 2ND ALY,0,0
2008,2,6,Weekday,600,1-Car,No injury/unknown,ROADWAY SURFACE CONDITION,FOGGY MORNING & MONROE DAM RD,0,0
2008,2,6,Weekday,700,1-Car,No injury/unknown,ROADWAY SURFACE CONDITION,FOGGY MORNING & MONROE DAM RD,0,0
2008,1,3,Weekday,1400,2-Car,No injury/unknown,FAILURE TO YIELD RIGHT OF WAY,BETWEEN THIRD AND ATWATER 1300 & HIGHLAND ST,0,0
2008,2,7,Weekend,1100,3+ Cars,No injury/unknown,OTHER (VEHICLE) - EXPLAIN IN NARRATIVE,S CLARIZZ  APT P BLVD,0,0
2008,2,6,Weekday,1100,1-Car,No injury/unknown,ROADWAY SURFACE CONDITION,AUDUBON DRIVE & SR37N,0,0
2008,2,3,Weekday,800,Bus,No injury/unknown,FAILURE TO YIELD RIGHT OF WAY,MOFFETT LN & ORNAMENTAL,0,0
2008,2,2,Weekday,900,2-Car,No injury/unknown,UNSAFE SPEED,JORDAN AVE & KIRKWOOD,0,0
2008,2,3,Weekday,1600,2-Car,No injury/unknown,ROADWAY SURFACE CONDITION,SR37 & VERNAL PIKE,0,0
2008,2,6,Weekday,1500,2-Car,No injury/unknown,LEFT OF CENTER,ENTRANCE INTO COLLEGE MALL & SOUTH COLLEGE MALL RD,0,0
2008,2,4,Weekday,1300,2-Car,No injury/unknown,FOLLOWING TOO CLOSELY,500 E ATWATER ST & SWAIN,0,0
2008,2,6,Weekday,1600,2-Car,No injury/unknown,UNSAFE BACKING,125 S JORDAN SOUTH DR & JONES,0,0
2008,2,2,Weekday,1300,2-Car,No injury/unknown,FAILURE TO YIELD RIGHT OF WAY,DUNN ST & IU MEMORIAL STADIUM WHITE WEST,0,0
2008,2,2,Weekday,1600,2-Car,No injury/unknown,OTHER (VEHICLE) - EXPLAIN IN NARRATIVE,BAYLES & INDIANA BUSINESS 37 HWY,0,0
2008,2,2,Weekday,600,1-Car,Incapacitating,ANIMAL/OBJECT IN ROADWAY,SR37N & WYLIE,0,0
2008,2,3,Weekday,1100,Bus,No injury/unknown,IMPROPER PASSING,4546 BYPASS BYP & EASTGATE,0,0
2008,2,6,Weekday,700,2-Car,No injury/unknown,FAILURE TO YIELD RIGHT OF WAY,MARY ADAMS WAY & NATASHA DR,0,0
2008,2,4,Weekday,700,2-Car,No injury/unknown,SPEED TOO FAST FOR WEATHER CONDITIONS,KINSER & SR45E,0,0
2008,2,6,Weekday,700,1-Car,No injury/unknown,RAN OFF ROAD RIGHT,CR420N & SR45S,0,0
2008,2,7,Weekend,1900,2-Car,No injury/unknown,UNSAFE BACKING,BLUE LOT ROW & GATE 2,0,0
2008,2,3,Weekday,900,2-Car,No injury/unknown,UNSAFE BACKING,STADIUM & WELLS LIBRARY PARKING LOT DR,0,0
2008,2,4,Weekday,1400,2-Car,No injury/unknown,FAILURE TO YIELD RIGHT OF WAY,PARKING LOT RDS,0,0
2008,2,6,Weekday,1000,1-Car,No injury/unknown,ROADWAY SURFACE CONDITION,BUSS 37  NORTH RDS & WHISNAND,0,0
2008,2,4,Weekday,800,1-Car,No injury/unknown,SPEED TOO FAST FOR WEATHER CONDITIONS,SR46E,0,0
2008,2,1,Weekday,1900,1-Car,No injury/unknown,RAN OFF ROAD RIGHT,COUNTY LINE ROAD RD & MT CARMEL,0,0
2008,2,6,Weekend,2200,2-Car,No injury/unknown,UNSAFE BACKING,11TH ST,0,0
2008,2,5,Weekday,700,2-Car,No injury/unknown,FAILURE TO YIELD RIGHT OF WAY,SR45N & WALMART,0,0
2008,2,7,Weekend,1800,2-Car,No injury/unknown,OTHER (DRIVER) - EXPLAIN IN NARRATIVE,MATLOCK DR,0,0
2008,2,3,Weekday,1500,2-Car,No injury/unknown,FAILURE TO YIELD RIGHT OF WAY,COLLAGE & SR37N,0,0
2008,2,6,Weekday,1000,1-Car,Non-incapacitating,ROADWAY SURFACE CONDITION,KNIGHTRIDGE & SR446S,0,0
2008,2,6,Weekday,1100,2-Car,No injury/unknown,LEFT OF CENTER,NORWAY & SMITH PIKE,0,0
2008,2,1,Weekend,1700,1-Car,No injury/unknown,RAN OFF ROAD RIGHT,5000 BLK UNION VALLEY RD & MEADOWVALE,0,0
2008,2,6,Weekday,800,3+ Cars,Non-incapacitating,SPEED TOO FAST FOR WEATHER CONDITIONS,GORDON & OLD SR37 S HWY,0,0
2008,2,5,Weekday,1000,2-Car,No injury/unknown,UNSAFE BACKING,7TH & IMU PAYLOT 1 DR,0,0
2008,2,3,Weekday,900,2-Car,No injury/unknown,UNSAFE BACKING,DUNN & IU MEMORIAL STADIUM WHITE LOT DR,0,0
2008,2,6,Weekend,2300,1-Car,Non-incapacitating,UNSAFE SPEED,FAIRFAX RD & MT EBAL,0,0
2008,3,7,Weekend,1200,2-Car,No injury/unknown,NONE (DRIVER),GIFFORD & PARKING LOT ONE STEP ABOVE,0,0
2008,3,1,Weekend,1000,2-Car,No injury/unknown,LEFT OF CENTER,SNOW RD & THACKER,0,0
2008,2,6,Weekday,1000,2-Car,No injury/unknown,LEFT OF CENTER,5000 BLK N BUISNESS 37 HWY & BAYLES,0,0
2008,3,3,Weekday,1500,2-Car,No injury/unknown,OTHER (DRIVER) - EXPLAIN IN NARRATIVE,OUTBACK & SR46W,0,0
2008,3,4,Weekday,1700,1-Car,No injury/unknown,RAN OFF ROAD RIGHT,1041 W WINDING WAY & STONEYCREST,0,0
2008,3,4,Weekday,1200,2-Car,No injury/unknown,OTHER (DRIVER) - EXPLAIN IN NARRATIVE,10TH ST & UITS ENTRANCE,0,0
2008,3,7,Weekend,0,1-Car,No injury/unknown,ROADWAY SURFACE CONDITION,HENDERSON ST & MELROSE,0,0
2008,2,5,Weekday,1400,1-Car,No injury/unknown,ROADWAY SURFACE CONDITION,HARTSTRAIT RD & SR46,0,0
2008,3,6,Weekday,1200,2-Car,No injury/unknown,ROADWAY SURFACE CONDITION,CURRY PIKE RD & PROFILE PARKWAY,0,0
2008,3,6,Weekday,1800,2-Car,No injury/unknown,SPEED TOO FAST FOR WEATHER CONDITIONS,POINTE RIDGE LN & POINTE VIEW,0,0
2008,3,7,Weekend,900,2-Car,No injury/unknown,ROADWAY SURFACE CONDITION,NORTH SMITH PIKE PIKE & WOODYARD,0,0
2008,3,6,Weekday,1000,2-Car,No injury/unknown,SPEED TOO FAST FOR WEATHER CONDITIONS,SR46E,0,0
2008,3,6,Weekend,2000,2-Car,No injury/unknown,SPEED TOO FAST FOR WEATHER CONDITIONS,HIDDEN VALLEY DR & SR46,0,0
2008,3,6,Weekday,500,1-Car,No injury/unknown,ANIMAL/OBJECT IN ROADWAY,IMPIRE & SR37S,0,0
2008,3,6,Weekend,2000,2-Car,No injury/unknown,ALCOHOLIC BEVERAGES,WEST WOODLAND RD,0,0
2008,3,7,Weekend,1400,1-Car,No injury/unknown,RAN OFF ROAD RIGHT,ELWREN ROAD & ELWREN RUNAROUND RD,0,0
2008,3,2,Weekday,500,1-Car,No injury/unknown,OTHER (ENVIRONMENTAL) - EXPLAIN IN NARR,SR37W & STINESVILLE,0,0
2008,3,4,Weekday,1400,1-Car,No injury/unknown,RAN OFF ROAD RIGHT,BLOOMFIELD RD & HICKORY LEAF,0,0
2008,3,4,Weekday,1000,2-Car,No injury/unknown,IMPROPER PASSING,5700 BLOCK OF SOUTH HARMONY RO RD & MAY ROAD,0,0
2008,3,5,Weekday,600,1-Car,No injury/unknown,OTHER (ENVIRONMENTAL) - EXPLAIN IN NARR,3800 E MOORES PIKE PIKE & SMITH ROAD,0,0
2008,3,3,Weekday,1600,2-Car,No injury/unknown,FAILURE TO YIELD RIGHT OF WAY,BLOOMFIELD RD & HICKORY LEAF,0,0
2008,3,3,Weekday,1400,2-Car,No injury/unknown,FAILURE TO YIELD RIGHT OF WAY,LANDMARK AVE,0,0
2008,3,6,Weekday,1200,2-Car,No injury/unknown,OTHER (DRIVER) - EXPLAIN IN NARRATIVE,EASTLAND PLAZA LOT  E THIRD ST,0,0
2008,3,7,Weekend,900,2-Car,No injury/unknown,FAILURE TO YIELD RIGHT OF WAY,SR 48 HWY,0,0
2008,3,7,Weekend,2000,1-Car,No injury/unknown,LEFT OF CENTER,HWY W 48 & SR48W,0,0
2008,3,6,Weekday,1300,2-Car,No injury/unknown,UNSAFE BACKING,FOSTER LOT ST & LAW,0,0
2008,4,5,Weekday,900,2-Car,No injury/unknown,OTHER (DRIVER) - EXPLAIN IN NARRATIVE,400 EAST 4TH ST & MADISON,0,0
2008,3,4,Weekday,1600,2-Car,No injury/unknown,FOLLOWING TOO CLOSELY,SR37N,0,0
2008,4,3,Weekday,900,2-Car,No injury/unknown,OTHER (DRIVER) - EXPLAIN IN NARRATIVE,BLOOMFIELD RD,0,0
2008,4,3,Weekday,1800,2-Car,No injury/unknown,DRIVER DISTRACTED - EXPLAIN IN NARRATIVE,2700 COVENATER DR & COLLEGE MALL,0,0
2008,4,4,Weekday,1200,2-Car,No injury/unknown,UNSAFE BACKING,2000 E MARILYN DR DR & HIGH,0,0
2008,4,4,Weekday,1000,2-Car,No injury/unknown,FAILURE TO YIELD RIGHT OF WAY,1015 EAST ATWATER ALY & HAWTHORNE,0,0
2008,4,4,Weekday,1800,2-Car,No injury/unknown,IMPROPER TURNING,BALLENTINE & KIRKWOOD AVE,0,0
2008,4,2,Weekday,900,2-Car,No injury/unknown,UNSAFE BACKING,FEE & FOSTER NORTH DR,0,0
2008,4,5,Weekday,1300,2-Car,No injury/unknown,FAILURE TO YIELD RIGHT OF WAY,DANIELS WAY & SR48W,0,0
2008,4,5,Weekday,1900,1-Car,No injury/unknown,DRIVER DISTRACTED - EXPLAIN IN NARRATIVE,7000 BLOCK S ZIKES RD & SR37,0,0
2008,4,7,Weekend,1500,2-Car,No injury/unknown,FAILURE TO YIELD RIGHT OF WAY,1100 S COLLEGE MALL RD RD & MOORES PIKE,0,0
2008,4,2,Weekday,200,2-Car,No injury/unknown,FOLLOWING TOO CLOSELY,SR46W,0,0
2008,2,3,Weekday,800,2-Car,No injury/unknown,OTHER (DRIVER) - EXPLAIN IN NARRATIVE,2ND & LANDMARK AVE,0,0
2008,4,4,Weekday,1300,2-Car,No injury/unknown,OTHER (DRIVER) - EXPLAIN IN NARRATIVE,ATWATER AVE,0,0
2008,4,6,Weekday,800,2-Car,No injury/unknown,UNSAFE BACKING,S ALPINE TRL,0,0
2008,4,7,Weekend,1000,1-Car,No injury/unknown,OTHER (ENVIRONMENTAL) - EXPLAIN IN NARR,33003400 MOORES PIKE PIKE & COLLEGE MALL,0,0
2008,4,3,Weekday,1000,2-Car,No injury/unknown,LEFT OF CENTER,ROGERS STREET & SR37S,0,0
2008,4,1,Weekend,1800,Moped/Motorcycle,No injury/unknown,OVERCORRECTING/OVERSTEERING,SR46W & UNIONVALLEY,0,0
2008,4,5,Weekday,800,2-Car,No injury/unknown,DISREGARD SIGNAL/REG SIGN,SR 37 RDS,0,0
2008,4,3,Weekday,1400,2-Car,No injury/unknown,FAILURE TO YIELD RIGHT OF WAY,SR4546W,0,0
2008,4,4,Weekday,1800,2-Car,No injury/unknown,OTHER (VEHICLE) - EXPLAIN IN NARRATIVE,CLARIZZ BLVD,0,0
2008,4,5,Weekday,800,2-Car,No injury/unknown,UNSAFE BACKING,SOUTH LANDMARD AVE,0,0
2008,4,4,Weekday,1100,2-Car,Incapacitating,DRIVER ILLNESS,OLD BUSINESS 37 NORTH HWY & SR 37 NORTH,0,0
2008,4,4,Weekday,1700,2-Car,No injury/unknown,ALCOHOLIC BEVERAGES,VALLEY MISSION RD,0,0
2008,4,6,Weekday,700,1-Car,No injury/unknown,RAN OFF ROAD RIGHT,THOMAS ROAD RD,0,0
2008,4,1,Weekend,1200,2-Car,No injury/unknown,UNSAFE BACKING,LEANARD SPRINGS & W MAYBURY MALL RD,0,0
2008,4,2,Weekday,1400,2-Car,No injury/unknown,FAILURE TO YIELD RIGHT OF WAY,BLOOMINGTON HIGHSCHOOL NORTH & N KINSER PIKE,0,0