Year,Month,Day,Weekend?,Hour,Collision Type,Injury Type,Primary Factor,Reported_Location,Latitude,Longitude
2008,4,3,Weekday,2000,2-Car,No injury/unknown,FAILURE TO YIELD RIGHT OF WAY,ALLEY BEHIND 413 E 10TH ST & TO S EAST OF 413 E 10TH,0,0
2008,4,4,Weekday,1500,2-Car,No injury/unknown,,,0,0
2008,4,1,Weekend,1700,1-Car,No injury/unknown,TIRE FAILURE OR DEFECTIVE,FOGGY MORNING & MONROE DAM RD,0,0
2008,5,2,Weekday,900,2-Car,No injury/unknown,IMPROPER TURNING,SR46W,0,0
2008,5,3,Weekday,1400,1-Car,Non-incapacitating,DRIVER ASLEEP OR FATIGUED,SR46W,0,0
2008,5,4,Weekday,1700,3+ Cars,No injury/unknown,SPEED TOO FAST FOR WEATHER CONDITIONS,FOREST & SMITH PIKE,0,0
2008,5,5,Weekday,1800,2-Car,No injury/unknown,ALCOHOLIC BEVERAGES,N CURRY PIKE 54 PIKE,0,0
2008,5,3,Weekday,1100,2-Car,No injury/unknown,OTHER (DRIVER) - EXPLAIN IN NARRATIVE,DIXIE ST ST & WASHINGTON,0,0
2008,5,3,Weekday,1600,1-Car,No injury/unknown,ANIMAL/OBJECT IN ROADWAY,WAPAHANI & WEIMER RD,0,0
2008,5,1,Weekend,400,1-Car,No injury/unknown,ROADWAY SURFACE CONDITION,HANDY RD & MOFFET,0,0
2008,5,2,Weekday,700,2-Car,No injury/unknown,GLARE,CURRY PIKE & SR45W,0,0
2008,5,5,Weekday,1700,1-Car,Non-incapacitating,OVERCORRECTING/OVERSTEERING,LAKEWOOD & NORTHSHORE DR,0,0
2008,5,1,Weekend,1300,Pedestrian,No injury/unknown,PEDESTRIAN ACTION,8400 BLOCK HINDS ROAD RD & SR45,0,0
2008,5,5,Weekday,1400,2-Car,No injury/unknown,UNSAFE BACKING,S BRENDA LN,0,0
2008,5,7,Weekend,1800,2-Car,No injury/unknown,FAILURE TO YIELD RIGHT OF WAY,EAST POINTE RD & PARK VIEW,0,0
2008,5,7,Weekend,600,1-Car,Non-incapacitating,RAN OFF ROAD RIGHT,FLUCK MILL & VICTOR PIKE RDS,0,0
2008,5,4,Weekday,1100,1-Car,No injury/unknown,ALCOHOLIC BEVERAGES,CURRY PIKE & SR46W,0,0
2008,6,2,Weekday,1200,2-Car,No injury/unknown,OTHER (DRIVER) - EXPLAIN IN NARRATIVE,OFF RAMP FROM HWY 37 SOUTH & SR45W,0,0
2008,5,7,Weekend,2000,Moped/Motorcycle,Non-incapacitating,ANIMAL/OBJECT IN ROADWAY,SOUTH ROCKPORT RD & SOUTH VICTOR,0,0
2008,5,7,Weekend,1000,2-Car,No injury/unknown,UNSAFE BACKING,CIRCLE K PARKING LOT & WEST SR 45 HWY,0,0
2008,6,4,Weekday,1600,2-Car,No injury/unknown,LEFT OF CENTER,BUSKIRK & E MAIN ST,0,0
2008,5,5,Weekday,1500,1-Car,No injury/unknown,ANIMAL/OBJECT IN ROADWAY,MILO SAMPSON & SR45 46 BYP,0,0
2008,5,3,Weekday,1000,2-Car,No injury/unknown,OVERCORRECTING/OVERSTEERING,FEE LN,0,0
2008,6,3,Weekday,600,2-Car,No injury/unknown,FOLLOWING TOO CLOSELY,SR37N,0,0
2008,6,3,Weekday,1500,2-Car,No injury/unknown,FAILURE TO YIELD RIGHT OF WAY,KIRWOOD AVE & ROGERS,0,0
2008,6,2,Weekday,1300,2-Car,No injury/unknown,FOLLOWING TOO CLOSELY,KIRBY ROAD RD & WSR48,0,0
2008,6,6,Weekend,2000,1-Car,No injury/unknown,IMPROPER TURNING,E MONROE DAM RD & FOGGY MORNING,0,0
2008,6,6,Weekday,800,2-Car,No injury/unknown,FOLLOWING TOO CLOSELY,SR48 & SR48W,0,0
2008,6,7,Weekend,1100,2-Car,No injury/unknown,OTHER (DRIVER) - EXPLAIN IN NARRATIVE,SR37S,0,0
2008,6,6,Weekday,700,2-Car,No injury/unknown,FAILURE TO YIELD RIGHT OF WAY,ANDERSON & SR37N,0,0
2008,6,4,Weekday,1200,2-Car,No injury/unknown,FOLLOWING TOO CLOSELY,OAKDALE & SECOND ST,0,0
2008,6,5,Weekday,1200,2-Car,No injury/unknown,IMPROPER TURNING,EAST WEST & INDIANA AVE,0,0
2008,6,1,Weekend,1400,2-Car,No injury/unknown,UNSAFE BACKING,3912 ALLEN COURT DR & HEATHER,0,0
2008,6,7,Weekend,1100,2-Car,No injury/unknown,OTHER (DRIVER) - EXPLAIN IN NARRATIVE,HARVEST & LOGANS VIEW DR,0,0
2008,6,5,Weekday,200,2-Car,No injury/unknown,LEFT OF CENTER,SR45 & SR9000W,0,0
2008,6,2,Weekday,1600,2-Car,No injury/unknown,VIEW OBSTRUCTED,CORY LN & WEST THIRD,0,0
2008,6,3,Weekday,700,2-Car,No injury/unknown,FAILURE TO YIELD RIGHT OF WAY,NORHT COLLEGE AVE & SR45,0,0
2008,6,3,Weekday,900,1-Car,No injury/unknown,DRIVER DISTRACTED - EXPLAIN IN NARRATIVE,10TH & 3900 BLOCK TAMMARON DR,0,0
2008,6,5,Weekday,100,1-Car,No injury/unknown,ANIMAL/OBJECT IN ROADWAY,OLD STATE ROAD 37 HWY & ZIKES,0,0
2008,6,4,Weekday,1600,2-Car,No injury/unknown,OTHER (DRIVER) - EXPLAIN IN NARRATIVE,GATES DR,0,0
2008,6,6,Weekend,1900,2-Car,Non-incapacitating,LEFT OF CENTER,KNIGHTRIDGE & SR446S,0,0
2008,6,7,Weekend,1700,2-Car,No injury/unknown,FOLLOWING TOO CLOSELY,FORREST PARK & SMITH PIKE,0,0
2008,6,7,Weekend,700,1-Car,No injury/unknown,ANIMAL/OBJECT IN ROADWAY,PEDIGO BAY & VALLEY MISSION RD,0,0
2008,6,7,Weekend,1200,2-Car,No injury/unknown,OTHER (DRIVER) - EXPLAIN IN NARRATIVE,0000 DR,0,0
2008,6,2,Weekday,1900,2-Car,No injury/unknown,UNSAFE SPEED,FOREST CIR & THIRD,0,0
2008,6,2,Weekday,2000,1-Car,No injury/unknown,ROADWAY SURFACE CONDITION,401 N GATES DR & JOHNATHAN,0,0
2008,7,6,Weekend,1900,1-Car,No injury/unknown,STEERING FAILURE,BLOOMFIELD RD & LEONARD SPRINGS,0,0
2008,7,2,Weekday,1700,2-Car,No injury/unknown,OTHER (DRIVER) - EXPLAIN IN NARRATIVE,S COLLEGE MALL RD,0,0
2008,7,3,Weekday,1400,2-Car,No injury/unknown,FAILURE TO YIELD RIGHT OF WAY,BURMA RD & MT PLEASANT,0,0
2008,7,6,Weekday,900,1-Car,No injury/unknown,OTHER (DRIVER) - EXPLAIN IN NARRATIVE,3RD & NORTH SIDE MYERS HALL WAY,0,0
2008,7,6,Weekday,1500,2-Car,No injury/unknown,FAILURE TO YIELD RIGHT OF WAY,HILLVIEW & SR37N,0,0
2008,7,6,Weekday,1100,2-Car,Non-incapacitating,IMPROPER LANE USAGE,BRYANTS CK & SR37N,0,0
2008,7,7,Weekend,100,1-Car,No injury/unknown,ROADWAY SURFACE CONDITION,SR37N,0,0
2008,7,5,Weekday,2300,1-Car,No injury/unknown,ANIMAL/OBJECT IN ROADWAY,BOTTOM & SR37S,0,0
2008,7,1,Weekend,1800,1-Car,No injury/unknown,ALCOHOLIC BEVERAGES,MT GILEAD & SR46E,0,0
2008,7,2,Weekday,600,1-Car,No injury/unknown,RAN OFF ROAD RIGHT,COUNTY LINE ROAD & WEST STATE ROAD 45 HWY,0,0
2008,7,6,Weekday,1600,Bus,No injury/unknown,IMPROPER TURNING,S LIBERTY DR & SR48,0,0
2008,7,6,Weekday,1100,2-Car,No injury/unknown,IMPROPER PASSING,LIBERTY DR & ST RD 48,0,0
2008,7,3,Weekday,1500,2-Car,No injury/unknown,FAILURE TO YIELD RIGHT OF WAY,KINGSTON DR,0,0
2008,7,4,Weekday,700,2-Car,No injury/unknown,OTHER (DRIVER) - EXPLAIN IN NARRATIVE,SR37S,0,0
2008,7,4,Weekday,1200,2-Car,No injury/unknown,OTHER (DRIVER) - EXPLAIN IN NARRATIVE,4546 BYPASS BYP & MILO B SAMPSON,0,0
2008,7,5,Weekday,600,2-Car,No injury/unknown,FAILURE TO YIELD RIGHT OF WAY,BLOOMFIELD & LIBERTY DR,0,0
2008,7,1,Weekday,2100,1-Car,No injury/unknown,ANIMAL/OBJECT IN ROADWAY,DILLMAN & SR32S,0,0
2008,7,4,Weekday,1600,2-Car,No injury/unknown,UNSAFE BACKING,JORDAN AVE,0,0
2008,7,2,Weekday,1800,2-Car,No injury/unknown,DRIVER DISTRACTED - EXPLAIN IN NARRATIVE,BUSKIRK RD & DITTMORE,0,0
2008,7,3,Weekday,1200,2-Car,No injury/unknown,UNSAFE BACKING,KROGER PARKING LOT CMN & WALNUT,0,0
2008,8,6,Weekday,600,2-Car,No injury/unknown,,UNKNOWN & UNKNOWN ST,0,0
2008,7,6,Weekday,1600,2-Car,No injury/unknown,IMPROPER LANE USAGE,SLYVAN & SR37S,0,0
2008,8,5,Weekday,400,1-Car,Non-incapacitating,RAN OFF ROAD RIGHT,GORDON PIKE & SOUTH WALNUT ST,0,0
2008,7,4,Weekday,1700,2-Car,No injury/unknown,DRIVER ASLEEP OR FATIGUED,CROSSOVER & SR37S,0,0
2008,8,5,Weekday,1800,2-Car,No injury/unknown,DRIVER DISTRACTED - EXPLAIN IN NARRATIVE,SR 37 ACCESS RAMP & SR45W,0,0
2008,8,6,Weekday,1600,2-Car,No injury/unknown,,,0,0
2008,8,6,Weekend,2000,2-Car,No injury/unknown,FOLLOWING TOO CLOSELY,CURRY & WHITEHALL PIKE,0,0
2008,8,4,Weekday,100,Moped/Motorcycle,No injury/unknown,ANIMAL/OBJECT IN ROADWAY,CLEVEBUTCHER & FAIRFAX RD,0,0
2008,8,6,Weekday,1100,2-Car,No injury/unknown,FAILURE TO YIELD RIGHT OF WAY,WAL MART PARKING LOT ST,0,0
2008,8,1,Weekend,500,1-Car,No injury/unknown,RAN OFF ROAD RIGHT,SOUTH OLD 37 STATE RD & SR37S,0,0
2008,8,5,Weekday,1200,1-Car,No injury/unknown,OTHER (DRIVER) - EXPLAIN IN NARRATIVE,ALLEY 212W KIRKWOOD AVE & KIRKWOOD,0,0
2008,8,5,Weekday,1200,2-Car,No injury/unknown,FAILURE TO YIELD RIGHT OF WAY,COLLEGE MALL NW & COLLEGE MALL RD,0,0
2008,8,4,Weekday,1000,2-Car,No injury/unknown,UNSAFE BACKING,FEE LN,0,0
2008,8,4,Weekday,1700,3+ Cars,No injury/unknown,FOLLOWING TOO CLOSELY,SR46W & UNION VALLEY,0,0
2008,8,3,Weekday,1000,2-Car,No injury/unknown,IMPROPER LANE USAGE,2ND ST & BASSWOOD,0,0
2008,8,4,Weekday,1300,3+ Cars,No injury/unknown,FOLLOWING TOO CLOSELY,3RD ST & MUELLER,0,0
2008,8,1,Weekend,1700,2-Car,No injury/unknown,ALCOHOLIC BEVERAGES,GROSS & KNIGHTRIDGE RD,0,0
2008,8,1,Weekend,900,2-Car,No injury/unknown,FOLLOWING TOO CLOSELY,SEVENTH & SR45N,0,0
2008,8,3,Weekday,1100,2-Car,No injury/unknown,OTHER (DRIVER) - EXPLAIN IN NARRATIVE,EAST WEST ALY & WOODLAWN,0,0
2008,8,5,Weekday,200,1-Car,No injury/unknown,ALCOHOLIC BEVERAGES,3100 N HEADLY RD & SR46,0,0
2008,8,7,Weekend,2300,1-Car,No injury/unknown,RAN OFF ROAD RIGHT,OLD ST RD 37 & SR37N,0,0
2008,8,4,Weekday,1700,2-Car,No injury/unknown,IMPROPER TURNING,PARKING LOT ALY & RHORER,0,0
2008,8,4,Weekday,1600,2-Car,No injury/unknown,FAILURE TO YIELD RIGHT OF WAY,CURRY PIKE & SR25W,0,0
2008,9,4,Weekday,1500,1-Car,No injury/unknown,ILLEGAL DRUGS,LOST MANS LN & WHITE RIVER,0,0
2008,9,5,Weekday,700,2-Car,No injury/unknown,UNSAFE BACKING,CAMPUS COURT PARKING LOT PL,0,0
2008,9,6,Weekday,1100,2-Car,No injury/unknown,FAILURE TO YIELD RIGHT OF WAY,EW ALLEYWAY ALY & WASHINGTON,0,0
2008,9,7,Weekend,1600,2-Car,No injury/unknown,FOLLOWING TOO CLOSELY,SR37S,0,0
2008,9,3,Weekday,2300,1-Car,No injury/unknown,RAN OFF ROAD RIGHT,CROSSOVER & SR37,0,0
2008,9,5,Weekday,2100,1-Car,No injury/unknown,RAN OFF ROAD RIGHT,RUSH & SR446S,0,0
2008,9,7,Weekend,0,1-Car,No injury/unknown,ANIMAL/OBJECT IN ROADWAY,FAIRFAX ROAD & MOFFAT ROAD RD,0,0
2008,9,7,Weekend,2000,1-Car,No injury/unknown,UNSAFE SPEED,THOMAS RD,0,0
2008,9,1,Weekend,800,1-Car,Non-incapacitating,BRAKE FAILURE OR DEFECTIVE,4 LANE SR 37 SOUTH & SR37S,0,0
2008,9,6,Weekday,1200,1-Car,No injury/unknown,UNSAFE BACKING,ST HIGHWAY GARGAGE PARKING LOT RDS,0,0
2008,8,3,Weekday,700,1-Car,No injury/unknown,ANIMAL/OBJECT IN ROADWAY,BAYLES & SR4000N,0,0
2008,9,5,Weekday,700,2-Car,No injury/unknown,IMPROPER PASSING,JONATHON & N CURRY PIKE PIKE,0,0
2008,9,1,Weekend,100,1-Car,No injury/unknown,LEFT OF CENTER,KINSER & SR45W,0,0
2008,9,1,Weekend,700,1-Car,No injury/unknown,DRIVER ASLEEP OR FATIGUED,300 COLLEGE MALL RD & PRIVATE ACCESSS,0,0
2008,9,7,Weekend,1600,3+ Cars,No injury/unknown,OTHER (DRIVER) - EXPLAIN IN NARRATIVE,HEDRICK & SR46W,0,0
2008,9,3,Weekday,1600,2-Car,No injury/unknown,OTHER (DRIVER) - EXPLAIN IN NARRATIVE,RHORER & SR37S,0,0
2008,9,4,Weekday,1600,2-Car,No injury/unknown,IMPROPER TURNING,SR45W & WALMART,0,0
2008,9,4,Weekday,900,2-Car,No injury/unknown,OTHER (DRIVER) - EXPLAIN IN NARRATIVE,300 BLK GORDON PIKE & S OLD ST RD 37,0,0
2008,9,5,Weekday,1000,2-Car,No injury/unknown,FAILURE TO YIELD RIGHT OF WAY,DANIELS WAY ST & IV TECK,0,0
2008,9,3,Weekday,1000,2-Car,No injury/unknown,FAILURE TO YIELD RIGHT OF WAY,11TH & FEE LN,0,0
2008,9,4,Weekday,1700,2-Car,No injury/unknown,IMPROPER TURNING,SR45 & UITS WEST ENTRANCE DR,0,0
2008,9,5,Weekday,1000,2-Car,No injury/unknown,INSECURE/LEAKY LOAD,MULLER & WEST 3RD  2300 ST,0,0
2008,9,2,Weekday,900,1-Car,No injury/unknown,OTHER (DRIVER) - EXPLAIN IN NARRATIVE,WGRIMES LN,0,0
2008,9,4,Weekday,400,1-Car,No injury/unknown,TIRE FAILURE OR DEFECTIVE,SR37N,0,0
2008,9,7,Weekend,900,2-Car,No injury/unknown,FAILURE TO YIELD RIGHT OF WAY,45 46 & N WALNUT ST,0,0
2008,9,5,Weekday,800,Moped/Motorcycle,No injury/unknown,ANIMAL/OBJECT IN ROADWAY,7800 BLK S OLD ST RD 37 HWY & CHUMLEY,0,0
2008,9,6,Weekday,0,Bus,No injury/unknown,FAILURE TO YIELD RIGHT OF WAY,HICKORY LEAF & WEST 2ND ST,0,0
2008,9,7,Weekend,1100,1-Car,No injury/unknown,BRAKE FAILURE OR DEFECTIVE,STATE ROAD 37 HWY & WEST THIRD,0,0
2008,9,7,Weekend,1000,Bus,No injury/unknown,OTHER (DRIVER) - EXPLAIN IN NARRATIVE,17TH ST & FEES,0,0
2008,9,2,Weekday,900,2-Car,No injury/unknown,OTHER (DRIVER) - EXPLAIN IN NARRATIVE,WELLS LIBRARY PARK,0,0
2008,9,2,Weekday,1100,2-Car,No injury/unknown,UNSAFE BACKING,ATWATER PARKING GARAGE ST,0,0
2008,10,6,Weekday,900,1-Car,No injury/unknown,RAN OFF ROAD RIGHT,GRNDVIEW DR & KERRY,0,0
2008,10,6,Weekday,1600,1-Car,No injury/unknown,OTHER (DRIVER) - EXPLAIN IN NARRATIVE,525 S CLARIZZ BLVD BLVD,0,0
2008,10,3,Weekday,1200,2-Car,No injury/unknown,DISREGARD SIGNAL/REG SIGN,GRIMES LANE LN & HENDERSON ST,0,0
2008,10,3,Weekday,1500,1-Car,No injury/unknown,SPEED TOO FAST FOR WEATHER CONDITIONS,ROLL & SOUTH CURRY PIKE PIKE,0,0
2008,10,3,Weekday,1100,2-Car,No injury/unknown,UNSAFE BACKING,OLD SR 37 SOUTH & WGORDON PIKE,0,0
2008,10,3,Weekday,1700,2-Car,No injury/unknown,FOLLOWING TOO CLOSELY,N SMITH PIKE & WOOODYARD,0,0
2008,10,4,Weekday,700,1-Car,No injury/unknown,SPEED TOO FAST FOR WEATHER CONDITIONS,CASCADES & KINSER PIKE,0,0
2008,10,1,Weekend,1100,1-Car,No injury/unknown,RAN OFF ROAD RIGHT,2711 E TENTH & SR4546E,0,0
2008,10,2,Weekday,1200,2-Car,No injury/unknown,UNSAFE BACKING,FEE LANE PARKING GARAGE LN,0,0
2008,10,3,Weekday,1000,3+ Cars,No injury/unknown,FOLLOWING TOO CLOSELY,LANDMARK AVE & WEST 3 ST ST,0,0
2008,10,3,Weekday,1000,2-Car,No injury/unknown,FOLLOWING TOO CLOSELY,LANDMARK AVE & WEST3 ST ST,0,0
2008,10,3,Weekday,1300,1-Car,No injury/unknown,ROADWAY SURFACE CONDITION,BAYLES & SR37N,0,0
2008,10,3,Weekday,1600,2-Car,No injury/unknown,OTHER (DRIVER) - EXPLAIN IN NARRATIVE,SR37S & THAT RD,0,0
2008,10,1,Weekday,2100,2-Car,No injury/unknown,FOLLOWING TOO CLOSELY,10TH ST & 45 46,0,0
2008,10,4,Weekday,1100,2-Car,No injury/unknown,DRIVER DISTRACTED - EXPLAIN IN NARRATIVE,CASCADES & N KINSER PIKE,0,0
2008,10,6,Weekday,900,2-Car,No injury/unknown,UNSAFE SPEED,TENTH ST & TULIP TREE APARTMENTS,0,0
2008,10,1,Weekend,1000,1-Car,No injury/unknown,ANIMAL/OBJECT IN ROADWAY,SEVENTEENTH & SR45S,0,0
2008,10,3,Weekday,2000,2-Car,No injury/unknown,FOLLOWING TOO CLOSELY,17TH ST & 45 46,0,0
2008,10,4,Weekday,1500,2-Car,No injury/unknown,FAILURE TO YIELD RIGHT OF WAY,DUNN & IU MEMORIAL STADIUM WHITE WEST DR,0,0
2008,10,2,Weekday,700,2-Car,No injury/unknown,VIEW OBSTRUCTED,BASSWOOD & MULLER PKWY,0,0
2008,10,6,Weekday,1600,2-Car,No injury/unknown,OTHER (DRIVER) - EXPLAIN IN NARRATIVE,2ND ST & STATE ROAD 37,0,0
2008,10,5,Weekday,700,2-Car,No injury/unknown,FOLLOWING TOO CLOSELY,BURKS DRIVE DR & WALNUT STREET,0,0
2008,10,2,Weekday,1000,2-Car,No injury/unknown,UNSAFE BACKING,DUNN & WHITE LOT WEST DR,0,0
2008,10,6,Weekday,1000,2-Car,No injury/unknown,FOLLOWING TOO CLOSELY,LANDMARK AVE & WEST 3 ST ST,0,0
2008,10,1,Weekend,200,1-Car,No injury/unknown,UNSAFE SPEED,SOUTH MULLER PKWY,0,0
2008,10,3,Weekday,1700,2-Car,No injury/unknown,UNSAFE BACKING,4 ST & GRANT,0,0
2008,10,4,Weekday,1400,1-Car,No injury/unknown,ANIMAL/OBJECT IN ROADWAY,PINEGROVE & SR466,0,0
2008,10,7,Weekend,1500,2-Car,No injury/unknown,ALCOHOLIC BEVERAGES,17TH & ORANGE LOT,0,0
2008,10,3,Weekday,1100,2-Car,No injury/unknown,FAILURE TO YIELD RIGHT OF WAY,TENTH ST & TULIP TREE,0,0
2008,10,6,Weekday,1300,2-Car,No injury/unknown,FAILURE TO YIELD RIGHT OF WAY,ARCH HAVEN & LANDMARK AVE,0,0
2008,11,7,Weekend,1800,2-Car,No injury/unknown,FAILURE TO YIELD RIGHT OF WAY,15 & N INDIANA AVE,0,0
2008,11,7,Weekend,2100,2-Car,No injury/unknown,FAILURE TO YIELD RIGHT OF WAY,10TH & 800 SMITH RD,0,0
2008,11,1,Weekend,1100,2-Car,No injury/unknown,FAILURE TO YIELD RIGHT OF WAY,SGATES & W 3RD ST,0,0
2008,11,7,Weekend,1100,1-Car,No injury/unknown,OTHER (DRIVER) - EXPLAIN IN NARRATIVE,CURRY & SR46W,0,0
2008,11,1,Weekend,1500,2-Car,No injury/unknown,DRIVER DISTRACTED - EXPLAIN IN NARRATIVE,2900 BLOCK E 10TH ST & 45 46,0,0
2008,11,3,Weekday,100,2-Car,No injury/unknown,FAILURE TO YIELD RIGHT OF WAY,400 BLK WALNUT BW WASHINGTON ALY & SMITH,0,0
2008,10,2,Weekday,1800,2-Car,No injury/unknown,FOLLOWING TOO CLOSELY,3000 WEST 3RD ST,0,0
2008,11,2,Weekday,700,1-Car,No injury/unknown,ANIMAL/OBJECT IN ROADWAY,ROBINSON & SR37N,0,0
2008,11,6,Weekday,1100,2-Car,No injury/unknown,FOLLOWING TOO CLOSELY,SR37S,0,0
2008,11,6,Weekday,1400,2-Car,No injury/unknown,IMPROPER LANE USAGE,17 & WALNUT ST,0,0
2008,11,6,Weekday,1500,2-Car,No injury/unknown,UNSAFE BACKING,S MULLER PKWY,0,0
2008,11,5,Weekday,1600,2-Car,No injury/unknown,FAILURE TO YIELD RIGHT OF WAY,DANIELS WAY & PARKING LOT,0,0
2008,11,5,Weekday,2200,3+ Cars,No injury/unknown,UNSAFE SPEED,HENNESSY ST & MCDOUGAL,0,0
2008,11,5,Weekday,400,2-Car,No injury/unknown,LEFT OF CENTER,GORE & SR37S,0,0
2008,10,7,Weekend,1500,1-Car,Non-incapacitating,IMPROPER LANE USAGE,CONNAUAH & SR37N,0,0
2008,11,5,Weekday,1000,2-Car,No injury/unknown,FAILURE TO YIELD RIGHT OF WAY,17TH ST,0,0
2008,11,2,Weekday,1200,2-Car,No injury/unknown,FOLLOWING TOO CLOSELY,45 46 BYPASS & N WALNUT ST,0,0
2008,11,2,Weekday,2000,2-Car,No injury/unknown,IMPROPER PASSING,MEADOWCREEK & RHORER RD,0,0
2008,11,3,Weekday,1100,2-Car,No injury/unknown,ROADWAY SURFACE CONDITION,N DUNN & SR37N,0,0
2008,11,2,Weekday,1000,1-Car,No injury/unknown,ALCOHOLIC BEVERAGES,CUT RIGHT BUT RAMP & SR446S,0,0
2008,11,3,Weekday,2000,1-Car,No injury/unknown,UNSAFE SPEED,HOWARD RD & STATE ROAD 43,0,0
2008,11,4,Weekday,1400,2-Car,No injury/unknown,VIEW OBSTRUCTED,LOUDEN RD & RATLIFF,0,0
2008,11,5,Weekday,1100,2-Car,No injury/unknown,IMPROPER TURNING,HILLSIDE DR & NANCY ST ST,0,0
2008,11,4,Weekday,1700,2-Car,No injury/unknown,SPEED TOO FAST FOR WEATHER CONDITIONS,11TH & FEE LN,0,0
2008,11,1,Weekend,1400,2-Car,No injury/unknown,LEFT OF CENTER,46 & CURRY PIKE,0,0
2008,11,4,Weekday,1200,Bus,No injury/unknown,UNSAFE BACKING,3300 BLOCK E COVENANTER DR DR & CLARIZZ BLVD,0,0
2008,11,4,Weekday,1500,2-Car,No injury/unknown,OTHER (DRIVER) - EXPLAIN IN NARRATIVE,GRANT ST,0,0
2008,11,6,Weekday,1200,2-Car,No injury/unknown,IMPROPER PASSING,COLLEGE MALL ROAD RD & EASTLAND PLAZA DRIVE,0,0
2008,11,7,Weekend,900,1-Car,No injury/unknown,OTHER (DRIVER) - EXPLAIN IN NARRATIVE,345 MULLER PKWY & W 3RD,0,0
2008,11,1,Weekend,1500,1-Car,Non-incapacitating,DRIVER ASLEEP OR FATIGUED,MONROE DAM & SR37S,0,0
2008,11,3,Weekday,1300,2-Car,No injury/unknown,IMPROPER LANE USAGE,CURRY PIKE & SUNSET,0,0
2008,11,1,Weekend,1500,2-Car,No injury/unknown,,MULLER PKWY,0,0
2008,12,2,Weekday,1200,2-Car,No injury/unknown,FAILURE TO YIELD RIGHT OF WAY,3RD ST & MULLER,0,0
2008,11,5,Weekday,0,1-Car,No injury/unknown,UNSAFE SPEED,ARLINGTON RD & PYRAMID,0,0
2008,11,6,Weekend,1900,2-Car,No injury/unknown,OTHER (DRIVER) - EXPLAIN IN NARRATIVE,RIDGEMOOR & SHADOWWOOD DR,0,0
2008,11,1,Weekend,1600,2-Car,No injury/unknown,FAILURE TO YIELD RIGHT OF WAY,GORDON PIKE PIKE & WICKER,0,0
2008,12,4,Weekday,1500,2-Car,No injury/unknown,LEFT OF CENTER,MONROE DAME ROAD RD & STRAIN RIDGE ROAD,0,0
2008,12,7,Weekend,1200,2-Car,No injury/unknown,UNSAFE BACKING,S MULLER BLVD & W 3RD,0,0
2008,12,7,Weekend,1200,1-Car,No injury/unknown,ALCOHOLIC BEVERAGES,E 3RD ST & EAST ALLEY OF 300 S DUNN,0,0
2008,12,1,Weekend,400,2-Car,No injury/unknown,OTHER (DRIVER) - EXPLAIN IN NARRATIVE,,0,0
2008,12,1,Weekday,2100,1-Car,No injury/unknown,OTHER (ENVIRONMENTAL) - EXPLAIN IN NARR,45 46 BYP & FEE,0,0
2008,12,2,Weekday,300,3+ Cars,No injury/unknown,,BASSWOOD DR & MULLER,0,0
2008,12,7,Weekend,200,1-Car,No injury/unknown,ANIMAL/OBJECT IN ROADWAY,MCNEELY ST & UNION VALLEY,0,0
2008,12,1,Weekend,200,1-Car,No injury/unknown,ROADWAY SURFACE CONDITION,LOW GAP & NORTHSHORE DR,0,0
2008,12,1,Weekend,600,1-Car,No injury/unknown,ALCOHOLIC BEVERAGES,OLD37 HWY & SR37N,0,0
2008,12,2,Weekday,800,2-Car,No injury/unknown,SPEED TOO FAST FOR WEATHER CONDITIONS,BASSWOOD DR & MULLER,0,0
2008,12,2,Weekday,1000,2-Car,No injury/unknown,FAILURE TO YIELD RIGHT OF WAY,GRIMES LANE & WASHINGTON ST ST,0,0
2008,12,7,Weekend,1100,2-Car,No injury/unknown,ROADWAY SURFACE CONDITION,RICHLAND PLAZA & SR46W,0,0
2008,12,7,Weekend,1000,2-Car,No injury/unknown,SPEED TOO FAST FOR WEATHER CONDITIONS,W SR 45 & WAL MART ENTRANCE DR,0,0
2008,12,3,Weekday,1000,2-Car,No injury/unknown,FAILURE TO YIELD RIGHT OF WAY,2600 E3RD EASTLAND PLAZA ST,0,0
2008,12,7,Weekend,1000,2-Car,No injury/unknown,SPEED TOO FAST FOR WEATHER CONDITIONS,SR37N & STRAIN RIDGE,0,0
2008,12,2,Weekday,800,3+ Cars,No injury/unknown,SPEED TOO FAST FOR WEATHER CONDITIONS,BASSWOOD DR & MULLER,0,0
2008,12,5,Weekday,1000,2-Car,No injury/unknown,DRIVER DISTRACTED - EXPLAIN IN NARRATIVE,RAMP 13 RAMP & WEST THIRD,0,0
2008,12,7,Weekend,1000,2-Car,No injury/unknown,ROADWAY SURFACE CONDITION,ANDERSON & BEAN BLOSSOM RD,0,0
2008,12,1,Weekend,1300,2-Car,No injury/unknown,OTHER (DRIVER) - EXPLAIN IN NARRATIVE,14TH ST,0,0
2008,12,3,Weekday,0,1-Car,No injury/unknown,ANIMAL/OBJECT IN ROADWAY,BEAN BLOSSOM & E ANDERSON RD,0,0
2008,12,3,Weekday,1500,1-Car,No injury/unknown,SPEED TOO FAST FOR WEATHER CONDITIONS,4000 BLK E BENNINGTON BLVD & ROMANS,0,0
2008,12,3,Weekday,1700,2-Car,No injury/unknown,SPEED TOO FAST FOR WEATHER CONDITIONS,3RD ST & NANCY,0,0
2008,12,3,Weekday,1800,1-Car,No injury/unknown,SPEED TOO FAST FOR WEATHER CONDITIONS,SR37S,0,0
2008,12,3,Weekday,2200,1-Car,No injury/unknown,ROADWAY SURFACE CONDITION,BASSWOOD DR & MULLER,0,0
2008,12,4,Weekday,1500,2-Car,No injury/unknown,FAILURE TO YIELD RIGHT OF WAY,BLOOMFIELD & LEONARD SPRINGS DR,0,0
2008,12,2,Weekday,1800,1-Car,No injury/unknown,ANIMAL/OBJECT IN ROADWAY,HEDRICK & SR46W,0,0
2008,12,3,Weekday,1200,2-Car,No injury/unknown,FAILURE TO YIELD RIGHT OF WAY,MOTHER BEARS & SWAIN AVE,0,0
2008,12,3,Weekday,2100,2-Car,No injury/unknown,IMPROPER LANE USAGE,JORDAN AVE & OLD KIRKWOOD,0,0
2008,12,2,Weekday,900,2-Car,No injury/unknown,OTHER (DRIVER) - EXPLAIN IN NARRATIVE,3RD & MEMORIAL HALL CIR,0,0
2008,12,3,Weekday,2200,1-Car,No injury/unknown,ROADWAY SURFACE CONDITION,17TH & IUPD AUXILIARY PARKING LOT ST,0,0
2008,12,3,Weekday,2300,2-Car,No injury/unknown,SPEED TOO FAST FOR WEATHER CONDITIONS,BASSWOOD DR & MUELLER,0,0
2008,12,4,Weekday,900,1-Car,No injury/unknown,RAN OFF ROAD RIGHT,HAGAN ST ST & SMITH ROAD,0,0
2008,12,5,Weekday,1800,2-Car,No injury/unknown,ROADWAY SURFACE CONDITION,CLARIZZ BLVD & MOORES PIKE,0,0
2008,12,4,Weekday,1100,1-Car,No injury/unknown,OTHER (ENVIRONMENTAL) - EXPLAIN IN NARR,ALLEY & TEMPERANCE ST,0,0