Year,Month,Day,Weekend?,Hour,Collision Type,Injury Type,Primary Factor,Reported_Location,Latitude,Longitude
2008,12,5,Weekday,1800,1-Car,No injury/unknown,RAN OFF ROAD RIGHT,DELAP & MATTHEWS RDS,0,0
2008,12,6,Weekday,500,1-Car,No injury/unknown,ROADWAY SURFACE CONDITION,AIRPORT & KIRBY RD,0,0
2008,12,3,Weekday,1200,1-Car,Non-incapacitating,ROADWAY SURFACE CONDITION,DUNN & WALNUT ST,0,0
2008,12,6,Weekday,1500,2-Car,No injury/unknown,FAILURE TO YIELD RIGHT OF WAY,BUELHERS & SR46W,0,0
2008,12,7,Weekend,500,2-Car,No injury/unknown,FAILURE TO YIELD RIGHT OF WAY,SOUTH BOUND 3RD STREET ON RAMP & SR37S,0,0
2008,12,1,Weekend,1500,2-Car,No injury/unknown,DISREGARD SIGNAL/REG SIGN,EAST MOORES PIKE RD & SMITH,0,0
2008,12,4,Weekday,100,2-Car,No injury/unknown,OTHER (ENVIRONMENTAL) - EXPLAIN IN NARR,PRIVATE PARK,0,0
2008,12,6,Weekday,1500,1-Car,No injury/unknown,SPEED TOO FAST FOR WEATHER CONDITIONS,HANDY & MOFFET RD,0,0
2008,12,3,Weekday,1300,1-Car,No injury/unknown,SPEED TOO FAST FOR WEATHER CONDITIONS,SALT CREEK BRIDGE & SR46W,0,0
2008,12,3,Weekday,1200,1-Car,No injury/unknown,SPEED TOO FAST FOR WEATHER CONDITIONS,GOURLEY & SR46W,0,0
2007,9,1,Weekend,300,1-Car,No injury/unknown,OTHER (DRIVER) - EXPLAIN IN NARRATIVE,600 BLOCK EAST 13TH STREET ST,39.33900386,-86.53958961
2007,3,6,Weekday,1700,1-Car,Incapacitating,RAN OFF ROAD RIGHT,MAIN FOREST ROAD RD & OLD STATE ROAD 37,39.338656,-86.482992
2007,8,6,Weekday,400,2-Car,Non-incapacitating,SPEED TOO FAST FOR WEATHER CONDITIONS,LIBERTY HOLLOW & WAMPLER RD,39.335152,-86.607008
2007,11,3,Weekday,900,1-Car,No injury/unknown,ANIMAL/OBJECT IN ROADWAY,BRYANTS CREEK & SR37N,39.334368,-86.5124
2007,12,4,Weekday,700,2-Car,Non-incapacitating,FOLLOWING TOO CLOSELY,BRYANTS CREEK & SR37N,39.33077592,-86.51494129
2007,11,6,Weekday,1800,1-Car,No injury/unknown,ANIMAL/OBJECT IN ROADWAY,COOKSEY & SR37N,39.32811944,-86.50903135
2007,1,4,Weekday,0,1-Car,No injury/unknown,ROADWAY SURFACE CONDITION,BURMA & SR37N,39.31968099,-86.51067443
2007,2,7,Weekend,1700,1-Car,No injury/unknown,SPEED TOO FAST FOR WEATHER CONDITIONS,BURMA & SR37S,39.31771234,-86.51062621
2007,2,3,Weekday,1200,1-Car,No injury/unknown,SPEED TOO FAST FOR WEATHER CONDITIONS,BURMA & SR37N,39.31689767,-86.51080625
2007,4,2,Weekday,2300,1-Car,No injury/unknown,ANIMAL/OBJECT IN ROADWAY,SR37N & STATE ROAD 45,39.31653047,-86.57320781
2007,2,3,Weekday,1200,1-Car,Non-incapacitating,SPEED TOO FAST FOR WEATHER CONDITIONS,BURMA & SR37N,39.31561299,-86.51117113
2007,7,4,Weekday,1400,2-Car,Non-incapacitating,FAILURE TO YIELD RIGHT OF WAY,BURMA & SR37N,39.314272,-86.511552
2007,12,3,Weekday,1500,2-Car,No injury/unknown,IMPROPER LANE USAGE,BURMA & SR37N,39.314272,-86.511552
2007,5,5,Weekday,2100,1-Car,No injury/unknown,ANIMAL/OBJECT IN ROADWAY,BURMA & SR37,39.31233946,-86.51241759
2007,5,5,Weekday,1300,1-Car,Non-incapacitating,RAN OFF ROAD RIGHT,FARR RD & FISH,39.306784,-86.47504853
2007,8,4,Weekday,1500,1-Car,Non-incapacitating,OTHER (DRIVER) - EXPLAIN IN NARRATIVE,MT TABOR ROAD RD & TABOR HILL,39.30584,-86.631008
2007,7,4,Weekday,1200,2-Car,No injury/unknown,FAILURE TO YIELD RIGHT OF WAY,FARR & OLD STATE ROAD 37 RD,39.3056,-86.486999
2007,11,2,Weekday,1700,2-Car,Incapacitating,OTHER (VEHICLE) - EXPLAIN IN NARRATIVE,CROSSOVER & SR37N,39.30402988,-86.51702267
2007,2,1,Weekday,1900,1-Car,Non-incapacitating,OTHER (VEHICLE) - EXPLAIN IN NARRATIVE,DITTEMORE RD & TILFORD,39.301702,-86.53047688
2007,1,1,Weekend,1400,1-Car,No injury/unknown,RAN OFF ROAD RIGHT,DITTEMORE RD,39.300742,-86.5369
2007,4,7,Weekend,400,1-Car,No injury/unknown,ILLEGAL DRUGS,CHAMBERS & SR37N,39.29762234,-86.51863647
2007,4,3,Weekday,2000,1-Car,Non-incapacitating,OTHER (DRIVER) - EXPLAIN IN NARRATIVE,7907 W WALKER LN & ELM,39.296848,-86.648704
2007,11,1,Weekend,,1-Car,No injury/unknown,ANIMAL/OBJECT IN ROADWAY,SMITH PIKE & WOODYARD,39.29645473,-86.58311
2007,5,6,Weekday,1400,2-Car,No injury/unknown,FOLLOWING TOO CLOSELY,RED HILL ROAD RD & WALKER LANE,39.295952,-86.639808
2007,9,1,Weekend,100,1-Car,No injury/unknown,ANIMAL/OBJECT IN ROADWAY,CHAMBERS & SR37N,39.2913022,-86.51668116
2007,2,6,Weekend,2100,2-Car,No injury/unknown,FAILURE TO YIELD RIGHT OF WAY,FOX HOLLOW & SR37S,39.287808,-86.519024
2007,11,7,Weekend,100,1-Car,No injury/unknown,ANIMAL/OBJECT IN ROADWAY,FOX HOLLOW RD & SR37N,39.287808,-86.519024
2007,9,1,Weekend,1700,1-Car,No injury/unknown,UNSAFE SPEED,LEE PAUL & SR37,39.28487462,-86.52088856
2007,12,5,Weekday,600,1-Car,Non-incapacitating,RAN OFF ROAD RIGHT,ANDERSON RD & N LOW GAP RD RD,39.282576,-86.411808
2007,6,1,Weekday,2100,1-Car,No injury/unknown,ANIMAL/OBJECT IN ROADWAY,SIMPSON CHAPEL & SR37N,39.28233742,-86.5221833
2007,11,4,Weekday,1000,1-Car,No injury/unknown,UNSAFE BACKING,9649 WEST HEDRICK RD & HEDRICK,39.281552,-86.6472
2007,6,4,Weekday,2300,1-Car,Non-incapacitating,RAN OFF ROAD RIGHT,COUNTY LINE & SR46W,39.28147957,-86.68379587
2007,4,3,Weekday,2000,2-Car,No injury/unknown,DRIVER ASLEEP OR FATIGUED,SR46W,39.281192,-86.682704
2007,11,4,Weekday,2300,1-Car,No injury/unknown,OTHER (ENVIRONMENTAL) - EXPLAIN IN NARR,BARR & WOODLAND RD,39.28106598,-86.60363436
2007,11,1,Weekend,1400,1-Car,No injury/unknown,RAN OFF ROAD RIGHT,SIMPSON CHAPEL & SR37N,39.280496,-86.522864
2007,9,7,Weekend,100,1-Car,Non-incapacitating,DRIVER ASLEEP OR FATIGUED,COUNTY LINE & SR46W,39.27910011,-86.67886061
2007,6,2,Weekday,900,1-Car,No injury/unknown,RAN OFF ROAD RIGHT,DUTCH CHURCH & MT TABOR RDS,39.278832,-86.623456
2007,11,7,Weekend,2300,1-Car,No injury/unknown,ANIMAL/OBJECT IN ROADWAY,FISH RD,39.27802735,-86.46899278
2007,11,5,Weekday,500,1-Car,No injury/unknown,ANIMAL/OBJECT IN ROADWAY,CHAMBERS & SR37N,39.27220044,-86.51668116
2007,2,3,Weekday,600,1-Car,Non-incapacitating,RAN OFF ROAD RIGHT,HARTSTRAIGHT RD & WEST STATE ROAD 48,39.27064824,-86.611001
2007,11,6,Weekday,1600,2-Car,Non-incapacitating,OTHER (VEHICLE) - EXPLAIN IN NARRATIVE,SAMPLE & SR37N,39.26945386,-86.52289793
2007,5,7,Weekend,1100,2-Car,No injury/unknown,OTHER (DRIVER) - EXPLAIN IN NARRATIVE,SR37N,39.26891991,-86.52287428
2007,2,3,Weekday,800,1-Car,No injury/unknown,SPEED TOO FAST FOR WEATHER CONDITIONS,SAMPLE & SR37N,39.26890488,-86.52287361
2007,10,5,Weekday,1400,1-Car,Non-incapacitating,OVERCORRECTING/OVERSTEERING,SR46W & STINESVILLE,39.26884344,-86.66789
2007,1,2,Weekday,1600,2-Car,No injury/unknown,LEFT OF CENTER,MILLER RD & SHILO,39.26864895,-86.46276554
2007,3,2,Weekday,1600,2-Car,No injury/unknown,FOLLOWING TOO CLOSELY,SR46W & STINESVILLE,39.266752,-86.6656
2007,3,2,Weekday,1100,2-Car,Non-incapacitating,FOLLOWING TOO CLOSELY,SAMPLE & SR37N,39.26616,-86.522752
2007,4,6,Weekday,1000,1-Car,No injury/unknown,IMPROPER LANE USAGE,SAMPLE & SR37N,39.26616,-86.522752
2007,7,1,Weekend,1700,1-Car,No injury/unknown,OTHER (VEHICLE) - EXPLAIN IN NARRATIVE,SAMPLE & SR37N,39.26616,-86.522752
2007,10,7,Weekend,800,2-Car,No injury/unknown,FAILURE TO YIELD RIGHT OF WAY,SAMPLE & SR37N,39.26616,-86.522752
2007,1,1,Weekend,1000,2-Car,No injury/unknown,IMPROPER TURNING,SR 37 BUSINESS NORTH & SR37N,39.26576946,-86.52273805
2007,4,4,Weekday,800,2-Car,No injury/unknown,LEFT OF CENTER,SR46W & STINESVILLE,39.26565376,-86.66453938
2007,1,2,Weekday,200,1-Car,No injury/unknown,ANIMAL/OBJECT IN ROADWAY,SR46W & STINESVILLE,39.26543411,-86.66432726
2007,10,3,Weekday,900,1-Car,Non-incapacitating,SPEED TOO FAST FOR WEATHER CONDITIONS,ANDERSON RD & N OLD SR 37,39.26444016,-86.49577641
2007,3,4,Weekday,300,1-Car,No injury/unknown,ANIMAL/OBJECT IN ROADWAY,SR37N & WAYPORT,39.263024,-86.52264
2007,4,1,Weekend,1500,1-Car,No injury/unknown,OVERCORRECTING/OVERSTEERING,SR37N & WAYPORT,39.263024,-86.52264
2007,11,6,Weekday,1600,2-Car,Non-incapacitating,FAILURE TO YIELD RIGHT OF WAY,SR37N & WAYPORT,39.263024,-86.52264
2007,1,7,Weekend,1700,2-Car,No injury/unknown,FOLLOWING TOO CLOSELY,OLD SR 37N & SR37S,39.26247496,-86.52261804
2007,7,5,Weekday,1100,2-Car,No injury/unknown,FOLLOWING TOO CLOSELY,SR 37 & SR37S,39.26195484,-86.52270244
2007,11,4,Weekday,1700,1-Car,Non-incapacitating,OTHER (VEHICLE) - EXPLAIN IN NARRATIVE,SR37 & WAYPORT,39.26167132,-86.52280192
2007,9,4,Weekday,1700,2-Car,No injury/unknown,FOLLOWING TOO CLOSELY,CHAFIN CHAPEL & SR46W,39.25958926,-86.65766779
2007,4,7,Weekend,1800,2-Car,No injury/unknown,OTHER (DRIVER) - EXPLAIN IN NARRATIVE,WAYPORT RD,39.258355,-86.522946
2007,6,2,Weekday,2300,1-Car,No injury/unknown,RAN OFF ROAD RIGHT,CLEVEBUTCHER & FAIRFAX RD,39.25795434,-86.491099
2007,4,3,Weekday,0,2-Car,No injury/unknown,OTHER (DRIVER) - EXPLAIN IN NARRATIVE,HILLSIDE & WEATHERSTONE LN,39.25781067,-86.519099
2007,5,4,Weekday,600,1-Car,Non-incapacitating,DRIVER ASLEEP OR FATIGUED,FLATWOODS & SR46W,39.25757668,-86.65643452
2007,8,2,Weekday,1600,1-Car,No injury/unknown,ANIMAL/OBJECT IN ROADWAY,NORTH OLD STATE RD 37 RD,39.254846,-86.500754
2007,7,4,Weekday,2100,1-Car,No injury/unknown,OTHER (DRIVER) - EXPLAIN IN NARRATIVE,COWDEN ROAD RD & DELAP,39.254128,-86.592464
2007,2,7,Weekend,1700,2-Car,No injury/unknown,ROADWAY SURFACE CONDITION,FLATWOODS & SR46W,39.25373018,-86.6545366
2007,5,3,Weekday,900,1-Car,Non-incapacitating,OVERCORRECTING/OVERSTEERING,FLATWOODS & SR46W,39.25373018,-86.6545366
2007,10,5,Weekday,1300,1-Car,No injury/unknown,OVERCORRECTING/OVERSTEERING,FLATWOODS & SR46W,39.25373018,-86.6545366
2007,9,5,Weekday,500,1-Car,Non-incapacitating,DRIVER ASLEEP OR FATIGUED,46 & FLATWOODS RD,39.252448,-86.653904
2007,9,3,Weekday,600,1-Car,Non-incapacitating,DISREGARD SIGNAL/REG SIGN,DELAP & MOUNT TABOR RD,39.252336,-86.620512
2007,8,6,Weekday,800,2-Car,No injury/unknown,OTHER (VEHICLE) - EXPLAIN IN NARRATIVE,EAST STATE ROAD 46 & OLD 46 EAST RD,39.25208401,-86.40447
2007,2,3,Weekday,100,1-Car,No injury/unknown,DRIVER ASLEEP OR FATIGUED,SR37N & WALNUT,39.2518947,-86.52890182
2007,11,6,Weekday,700,1-Car,No injury/unknown,ANIMAL/OBJECT IN ROADWAY,DELAP RD & UNIONVALLY,39.25182,-86.59291
2007,12,6,Weekday,1600,2-Car,Non-incapacitating,IMPROPER LANE USAGE,SR37S & STRAIN RIDGE,39.25173287,-86.53661165
2007,2,1,Weekend,100,1-Car,No injury/unknown,RAN OFF ROAD RIGHT,SHUFFEL CREEK RD & SOUTH SHORE,39.251536,-86.400816
2007,11,2,Weekday,2200,1-Car,No injury/unknown,ANIMAL/OBJECT IN ROADWAY,SR 37 & WILEY RD,39.251505,-86.52950628
2007,9,5,Weekday,2000,3+ Cars,Non-incapacitating,OTHER (DRIVER) - EXPLAIN IN NARRATIVE,FLATWOODS & SR46,39.25141104,-86.65274071
2007,4,4,Weekday,1900,2-Car,No injury/unknown,UNSAFE BACKING,OLD SR 37 N RD,39.251296,-86.500832
2007,7,2,Weekday,1600,3+ Cars,No injury/unknown,OTHER (DRIVER) - EXPLAIN IN NARRATIVE,SR46W,39.2512,-86.652504
2007,2,2,Weekday,1100,2-Car,Non-incapacitating,FOLLOWING TOO CLOSELY,SR37N & WALNUT STREET,39.250688,-86.529744
2007,4,3,Weekday,2300,2-Car,Non-incapacitating,FAILURE TO YIELD RIGHT OF WAY,WALNUT ST & WALNUT STREET,39.250688,-86.529744
2007,10,5,Weekday,1900,2-Car,No injury/unknown,FAILURE TO YIELD RIGHT OF WAY,WALNUT ST,39.250688,-86.529744
2007,2,7,Weekend,1700,1-Car,No injury/unknown,SPEED TOO FAST FOR WEATHER CONDITIONS,UNION VALLY RD,39.250048,-86.5928
2007,3,7,Weekend,1900,2-Car,Non-incapacitating,LEFT OF CENTER,HUDOFF RD & ROBINSON ROAD RD,39.249248,-86.463888
2007,7,5,Weekday,0,1-Car,No injury/unknown,RAN OFF ROAD RIGHT,HUDOFF  RD & ROBINSON RD RD,39.249248,-86.463888
2007,12,7,Weekend,100,1-Car,No injury/unknown,ANIMAL/OBJECT IN ROADWAY,SHUFFLE CREEK RD & SOUTH SHORE,39.24905395,-86.4023099
2007,12,1,Weekend,600,1-Car,No injury/unknown,RAN OFF ROAD RIGHT,SHUFFLE CREEK RD & SOUTH SHORE,39.24905395,-86.4023099
2007,2,7,Weekend,1600,2-Car,No injury/unknown,OTHER (DRIVER) - EXPLAIN IN NARRATIVE,RED HILL & SR 46,39.24712588,-86.64582224
2007,2,5,Weekday,700,1-Car,No injury/unknown,RAN OFF ROAD RIGHT,OLD SR 37 N & ROBINSON RD,39.24625854,-86.4838549
2007,3,6,Weekday,1100,2-Car,No injury/unknown,FAILURE TO YIELD RIGHT OF WAY,SHILO & TUNNEL RDS,39.246208,-86.431904
2007,7,3,Weekday,1600,2-Car,No injury/unknown,FAILURE TO YIELD RIGHT OF WAY,MAPLE GROVE & UNION VALLEY RD,39.24612527,-86.5928
2007,8,3,Weekday,1400,2-Car,Non-incapacitating,LEFT OF CENTER,RED HILL & SR 46,39.24594982,-86.64157475
2007,6,3,Weekday,700,1-Car,No injury/unknown,RAN OFF ROAD RIGHT,BOTTOM RD & W MAPLE GROVE,39.24551807,-86.54772829
2007,6,4,Weekday,800,2-Car,Non-incapacitating,LEFT OF CENTER,MAPLE GROVE & MATTHEWS DR,39.245408,-86.6204
2007,3,6,Weekday,1800,1-Car,Non-incapacitating,ANIMAL/OBJECT IN ROADWAY,MAPLE GROVE ROAD WST & MATTHEWS ST,39.245408,-86.6204
2007,4,3,Weekday,1900,2-Car,No injury/unknown,IMPROPER PASSING,FLATWOODS & SR46W,39.24537006,-86.63584654
2007,6,7,Weekend,500,1-Car,No injury/unknown,RAN OFF ROAD RIGHT,MAPLE COURT & MAPLE GROVE RD,39.244999,-86.60768661
2007,2,4,Weekday,1100,2-Car,No injury/unknown,FAILURE TO YIELD RIGHT OF WAY,SR46W & STATE ROAD 46 WEST,39.24474042,-86.63480928
2007,4,6,Weekday,100,1-Car,No injury/unknown,ANIMAL/OBJECT IN ROADWAY,ROBINSON RD & TUNNEL,39.24387565,-86.44585664
2007,4,3,Weekday,1600,2-Car,No injury/unknown,UNSAFE BACKING,W STATE ROAD 46 RD,39.24237035,-86.63303343
2007,4,3,Weekday,1700,2-Car,Non-incapacitating,FAILURE TO YIELD RIGHT OF WAY,RIDGE SPRINGS & TEMPERANCE,39.24104,-86.632096
2007,12,6,Weekday,1800,2-Car,No injury/unknown,FAILURE TO YIELD RIGHT OF WAY,RIDGE SPRINGS & SR46,39.24104,-86.632096
2007,9,7,Weekend,1800,1-Car,No injury/unknown,SPEED TOO FAST FOR WEATHER CONDITIONS,OLD STATE ROAD 37 & ROBINSON RD,39.24032,-86.49928
2007,4,7,Weekend,200,1-Car,No injury/unknown,UNSAFE SPEED,BOLTINGHOUSE RD & OLD ST RD 37 N,39.2397,-86.499226
2007,5,7,Weekend,400,1-Car,No injury/unknown,ALCOHOLIC BEVERAGES,MAIN & TEMPERANCE ST,39.238848,-86.630096
2007,12,3,Weekday,1700,1-Car,No injury/unknown,DRIVER DISTRACTED - EXPLAIN IN NARRATIVE,MCNEELY ST,39.237586,-86.600973
2007,7,3,Weekday,1300,2-Car,No injury/unknown,OTHER (DRIVER) - EXPLAIN IN NARRATIVE,CONSTABLE & WEST MAIN ST,39.237248,-86.62768
2007,4,6,Weekday,700,Bus,Non-incapacitating,UNSAFE SPEED,EDGEWOOD DR,39.23713871,-86.63040789
2007,11,2,Weekday,700,2-Car,Non-incapacitating,OTHER (DRIVER) - EXPLAIN IN NARRATIVE,EDGEWOOD DR,39.236224,-86.630976
2007,5,4,Weekday,1400,3+ Cars,No injury/unknown,OTHER (DRIVER) - EXPLAIN IN NARRATIVE,EDGEWOOD DR,39.235741,-86.633199
2007,12,3,Weekday,700,3+ Cars,Non-incapacitating,OTHER (DRIVER) - EXPLAIN IN NARRATIVE,MATTHEWS & SR46W,39.23515898,-86.62688244
2007,10,3,Weekday,1100,2-Car,Non-incapacitating,OTHER (DRIVER) - EXPLAIN IN NARRATIVE,SALE ST & SR46,39.23494935,-86.62338238
2007,2,2,Weekday,1200,2-Car,Non-incapacitating,FAILURE TO YIELD RIGHT OF WAY,MATTHEWS & SR 46,39.234768,-86.626384
2007,8,2,Weekday,700,2-Car,Non-incapacitating,FAILURE TO YIELD RIGHT OF WAY,MATTHEWS & SR 46,39.234768,-86.626384
2007,9,7,Weekend,2100,1-Car,Non-incapacitating,PEDESTRIAN ACTION,SALE & SR46,39.23396448,-86.62502038
2007,5,5,Weekday,1300,2-Car,Non-incapacitating,IMPROPER TURNING,SALE & SR 46,39.23384,-86.624704
2007,5,7,Weekend,1000,2-Car,Non-incapacitating,FOLLOWING TOO CLOSELY,SALE & SR 46,39.23384,-86.624704
2007,3,7,Weekend,800,2-Car,Non-incapacitating,LEFT OF CENTER,SALE & SR 46,39.23384,-86.624704
2007,2,2,Weekday,1400,2-Car,No injury/unknown,DISREGARD SIGNAL/REG SIGN,SALE & SR 46,39.23384,-86.624704
2007,5,7,Weekend,2100,2-Car,Non-incapacitating,IMPROPER TURNING,SALE & SR46,39.23384,-86.624704
2007,12,5,Weekday,700,2-Car,Non-incapacitating,OTHER (DRIVER) - EXPLAIN IN NARRATIVE,SALE & SR46W,39.23384,-86.624704
2007,10,1,Weekend,1500,2-Car,No injury/unknown,OTHER (DRIVER) - EXPLAIN IN NARRATIVE,SALE & SR46,39.23384,-86.624704
2007,9,3,Weekday,1100,2-Car,Non-incapacitating,FOLLOWING TOO CLOSELY,SALE & SR46,39.23384,-86.624704
2007,5,4,Weekday,1200,2-Car,Non-incapacitating,FAILURE TO YIELD RIGHT OF WAY,SALE & SR46,39.23384,-86.624704
2007,3,6,Weekday,0,1-Car,No injury/unknown,ALCOHOLIC BEVERAGES,SHUFFLE CREEK RD & STATE ROAD 45,39.23380885,-86.41213936
2007,10,7,Weekend,1400,2-Car,Non-incapacitating,FAILURE TO YIELD RIGHT OF WAY,SALE & SR46,39.23380346,-86.62465101
2007,8,6,Weekday,900,2-Car,Non-incapacitating,FAILURE TO YIELD RIGHT OF WAY,4TH & SR 46,39.23345734,-86.62415455
2007,2,3,Weekday,1300,1-Car,No injury/unknown,SPEED TOO FAST FOR WEATHER CONDITIONS,BOTTOM & SR37N,39.23288663,-86.54219875
2007,6,4,Weekday,1800,2-Car,No injury/unknown,OTHER (DRIVER) - EXPLAIN IN NARRATIVE,CHANDLER & MAIN,39.23278259,-86.62064179
2007,1,4,Weekday,1200,2-Car,Non-incapacitating,DISREGARD SIGNAL/REG SIGN,SR37S & SR46W,39.232688,-86.623056
2007,2,5,Weekday,2300,2-Car,No injury/unknown,UNSAFE BACKING,NORTH WALNUT ST,39.232544,-86.540704
2007,4,3,Weekday,800,2-Car,No injury/unknown,UNSAFE BACKING,N WALNUT ST,39.232544,-86.540704
2007,6,6,Weekend,2000,3+ Cars,No injury/unknown,OTHER (DRIVER) - EXPLAIN IN NARRATIVE,N WALNUT ST,39.232544,-86.540704
2007,8,7,Weekend,0,2-Car,No injury/unknown,UNSAFE BACKING,N WALNUT ST,39.232544,-86.540704
2007,9,5,Weekday,2000,2-Car,No injury/unknown,UNSAFE BACKING,N WALNUT ST,39.232544,-86.540704
2007,9,7,Weekend,1600,2-Car,No injury/unknown,OTHER (DRIVER) - EXPLAIN IN NARRATIVE,N WALNUT ST,39.232544,-86.540704
2007,10,7,Weekend,0,2-Car,No injury/unknown,UNSAFE BACKING,N WALNUT ST,39.232544,-86.540704
2007,11,1,Weekend,600,2-Car,No injury/unknown,,N WALNUT ST,39.232544,-86.540704
2007,12,1,Weekend,1700,2-Car,No injury/unknown,LEFT OF CENTER,N WALNUT ST,39.232544,-86.540704
2007,4,3,Weekday,1800,2-Car,No injury/unknown,OTHER (DRIVER) - EXPLAIN IN NARRATIVE,KELLI & SR46,39.23245974,-86.62011755
2007,1,2,Weekday,700,1-Car,No injury/unknown,ANIMAL/OBJECT IN ROADWAY,SHUFFLE CREEK & SR45E,39.23204803,-86.40797235
2007,7,2,Weekday,2200,2-Car,No injury/unknown,IMPROPER PASSING,OLD MEYERS RD & OLD SR 37N,39.231936,-86.506288
2007,2,2,Weekday,2300,1-Car,Non-incapacitating,UNSAFE SPEED,LENTZ RD & NERWT,39.2319,-86.46848171
2007,6,6,Weekday,900,2-Car,Non-incapacitating,OTHER (DRIVER) - EXPLAIN IN NARRATIVE,1ST & SR 46,39.23162553,-86.62155764
2007,9,6,Weekday,1500,2-Car,No injury/unknown,FAILURE TO YIELD RIGHT OF WAY,REEVES RD & STARNES,39.231536,-86.6588
2007,1,4,Weekday,700,1-Car,Non-incapacitating,SPEED TOO FAST FOR WEATHER CONDITIONS,REEVES RD & STARNS,39.23152354,-86.65703432
2007,3,6,Weekday,1800,2-Car,No injury/unknown,IMPROPER PASSING,REEVES RD & STARNES,39.23152354,-86.65703432
2007,9,6,Weekday,1400,3+ Cars,No injury/unknown,FOLLOWING TOO CLOSELY,1ST & SR46,39.23144,-86.621296
2007,10,1,Weekend,400,1-Car,No injury/unknown,OVERCORRECTING/OVERSTEERING,REEVES RD & STARNES,39.23136337,-86.64114421
2007,1,4,Weekday,1500,1-Car,Non-incapacitating,DRIVER DISTRACTED - EXPLAIN IN NARRATIVE,REEVES RD & SYCAMORE,39.231344,-86.640096
2007,11,1,Weekend,1300,2-Car,Non-incapacitating,IMPROPER TURNING,1ST & SR46,39.23130064,-86.62110002
2007,1,3,Weekday,1500,2-Car,No injury/unknown,FAILURE TO YIELD RIGHT OF WAY,DEPOT & SR46,39.23125422,-86.61866455
2007,3,7,Weekend,700,2-Car,Non-incapacitating,NONE (DRIVER),REEVES RD & THOMAS,39.231152,-86.6308
2007,6,3,Weekday,1400,1-Car,No injury/unknown,DRIVER DISTRACTED - EXPLAIN IN NARRATIVE,SALE & THOMAS RD,39.23087948,-86.63075697
2007,2,3,Weekday,700,1-Car,No injury/unknown,SPEED TOO FAST FOR WEATHER CONDITIONS,FLOYD & SR45W,39.23083757,-86.42251334
2007,12,7,Weekend,700,1-Car,No injury/unknown,ALCOHOLIC BEVERAGES,FLOYD & SR45E,39.23083757,-86.4225047
2007,5,4,Weekday,1000,2-Car,Non-incapacitating,LEFT OF CENTER,1ST & ASSOCIATION,39.2308,-86.622032
2007,12,5,Weekday,200,1-Car,No injury/unknown,DRIVER ASLEEP OR FATIGUED,MT GILEAD & SR45N,39.23074878,-86.42431861
2007,8,4,Weekday,1700,2-Car,Non-incapacitating,DISREGARD SIGNAL/REG SIGN,2ND ST & RITTER,39.230096,-86.624528
2007,6,6,Weekday,1400,2-Car,Non-incapacitating,FAILURE TO YIELD RIGHT OF WAY,SR45E & TUNNEL,39.230048,-86.4316
2007,6,4,Weekday,2100,2-Car,No injury/unknown,FAILURE TO YIELD RIGHT OF WAY,1ST ST & RITTER,39.229424,-86.623584
2007,4,1,Weekday,2000,1-Car,Non-incapacitating,OTHER (DRIVER) - EXPLAIN IN NARRATIVE,4105 N HARTSTRAIT RD & PARK,39.229344,-86.618704
2007,2,1,Weekend,300,1-Car,Non-incapacitating,UNSAFE SPEED,OLD MYERS RD & OLD SR 37 NORTH,39.22919952,-86.49290421
2007,11,1,Weekend,800,1-Car,No injury/unknown,DRIVER ASLEEP OR FATIGUED,SKIRVIN & SR45E,39.22765471,-86.43448527
2007,1,4,Weekday,1800,2-Car,Non-incapacitating,DRIVER DISTRACTED - EXPLAIN IN NARRATIVE,HARTSTRAIGHT & SR46,39.22764788,-86.61591448
2007,2,3,Weekday,1300,1-Car,Non-incapacitating,DRIVER ILLNESS,HARTSTRAIGHT & SR 46,39.22764788,-86.61599676
2007,3,1,Weekend,1100,2-Car,Non-incapacitating,DRIVER DISTRACTED - EXPLAIN IN NARRATIVE,HARTSTRAIT & SR 46,39.22764788,-86.61591015
2007,11,2,Weekday,1400,2-Car,No injury/unknown,OTHER (DRIVER) - EXPLAIN IN NARRATIVE,HARTSTRAIT & SR46,39.22764788,-86.61591015
2007,6,5,Weekday,1100,2-Car,Non-incapacitating,FAILURE TO YIELD RIGHT OF WAY,HARTSTRAIT & SR 46,39.22764788,-86.61591015
2007,10,2,Weekday,1400,2-Car,Non-incapacitating,OTHER (DRIVER) - EXPLAIN IN NARRATIVE,HARTSTRAIT & SR46,39.22764788,-86.61602448
2007,9,6,Weekday,1800,1-Car,No injury/unknown,FAILURE TO YIELD RIGHT OF WAY,HARTSTRAIT & SR46,39.22764788,-86.61591015
2007,6,7,Weekend,1900,2-Car,No injury/unknown,SPEED TOO FAST FOR WEATHER CONDITIONS,HARTSTRAIGHT & SR46N,39.22764788,-86.61591015
2007,2,6,Weekday,0,1-Car,No injury/unknown,CELL PHONE USAGE,KINSER & SR37N,39.22607704,-86.54663581
2007,12,6,Weekday,100,1-Car,No injury/unknown,OTHER (ENVIRONMENTAL) - EXPLAIN IN NARR,REEVES & STARNES RD,39.22604317,-86.65872819
2007,2,3,Weekday,700,1-Car,No injury/unknown,SPEED TOO FAST FOR WEATHER CONDITIONS,SKIRVIN & SR45W,39.22592409,-86.43681751
2007,1,1,Weekend,1500,2-Car,Non-incapacitating,FOLLOWING TOO CLOSELY,TECUMSEH & THOMAS RD,39.22312244,-86.6304898