Year,Month,Day,Weekend?,Hour,Collision Type,Injury Type,Primary Factor,Reported_Location,Latitude,Longitude
2007,12,6,Weekday,1700,2-Car,Non-incapacitating,SPEED TOO FAST FOR WEATHER CONDITIONS,LOST MANS & N UNION VALLEY RD,39.222848,-86.592704
2007,4,5,Weekday,1600,2-Car,No injury/unknown,OTHER (DRIVER) - EXPLAIN IN NARRATIVE,N KINSER PIKE,39.222752,-86.550096
2007,5,1,Weekend,1100,2-Car,No injury/unknown,FAILURE TO YIELD RIGHT OF WAY,N KINSER PIKE,39.222752,-86.550096
2007,7,2,Weekday,1100,2-Car,No injury/unknown,FAILURE TO YIELD RIGHT OF WAY,N KINSER PIKE,39.222752,-86.550096
2007,11,6,Weekday,1600,2-Car,No injury/unknown,IMPROPER TURNING,N KINSER PIKE,39.222752,-86.550096
2007,9,5,Weekday,200,2-Car,Non-incapacitating,FAILURE TO YIELD RIGHT OF WAY,LAKEVIEW & SR46,39.22214908,-86.60729503
2007,3,2,Weekday,1600,2-Car,No injury/unknown,OTHER (DRIVER) - EXPLAIN IN NARRATIVE,LAKEVIEW DR & SR 46,39.22142347,-86.60554696
2007,1,4,Weekday,2200,1-Car,No injury/unknown,ANIMAL/OBJECT IN ROADWAY,KINSER & SR37S,39.221248,-86.55
2007,9,3,Weekday,1700,1-Car,Non-incapacitating,RAN OFF ROAD RIGHT,N KINSER PIKE & SR37,39.221248,-86.55
2007,10,6,Weekday,1700,2-Car,Non-incapacitating,FAILURE TO YIELD RIGHT OF WAY,KINSER & SR37S,39.221248,-86.55
2007,11,7,Weekend,1300,2-Car,No injury/unknown,FAILURE TO YIELD RIGHT OF WAY,KINSER & SR37S,39.221248,-86.55
2007,6,7,Weekend,2000,2-Car,Incapacitating,FAILURE TO YIELD RIGHT OF WAY,LAKEVIEW & SR 46,39.221152,-86.6056
2007,1,1,Weekend,1000,1-Car,No injury/unknown,ROADWAY SURFACE CONDITION,HARBISON & HARTSTRAIT RD,39.220944,-86.612192
2007,2,3,Weekday,2300,2-Car,Non-incapacitating,ALCOHOLIC BEVERAGES,BLACKFOOT & MIAMI,39.220816,-86.6252
2007,4,6,Weekday,1300,1-Car,No injury/unknown,RAN OFF ROAD RIGHT,COX & SR45E,39.22080568,-86.44218079
2007,10,6,Weekday,1200,2-Car,Non-incapacitating,OTHER (DRIVER) - EXPLAIN IN NARRATIVE,LAKEVIEW & SR46,39.22059162,-86.60481998
2007,12,7,Weekend,1000,1-Car,No injury/unknown,ROADWAY SURFACE CONDITION,HARBISON & HARTSTRAIGHT RD,39.22053334,-86.61214952
2007,4,1,Weekday,1900,2-Car,No injury/unknown,OTHER (DRIVER) - EXPLAIN IN NARRATIVE,KINSER & SR37S,39.22051769,-86.55049049
2007,11,1,Weekend,1800,1-Car,No injury/unknown,ANIMAL/OBJECT IN ROADWAY,KINSER & SR37N,39.22027426,-86.55065399
2007,2,5,Weekday,1600,2-Car,No injury/unknown,FAILURE TO YIELD RIGHT OF WAY,LAKEVIEW & SR 46,39.22004765,-86.60388729
2007,8,4,Weekday,2100,1-Car,No injury/unknown,ANIMAL/OBJECT IN ROADWAY,KINSER & SR37N,39.21954395,-86.55114447
2007,3,7,Weekend,800,1-Car,No injury/unknown,RAN OFF ROAD RIGHT,COX DRIVE & SR45N,39.21949534,-86.44342785
2007,3,1,Weekend,500,2-Car,No injury/unknown,OTHER (DRIVER) - EXPLAIN IN NARRATIVE,LOVE & SR 46,39.219152,-86.602304
2007,11,4,Weekday,2000,1-Car,No injury/unknown,ROADWAY SURFACE CONDITION,BOLTINGHOUSE & OLD MEYERS RD,39.21904,-86.472896
2007,11,2,Weekday,800,2-Car,No injury/unknown,ANIMAL/OBJECT IN ROADWAY,RIDGEWOOD & SR46W,39.217248,-86.598992
2007,5,1,Weekday,1900,1-Car,Non-incapacitating,RAN OFF ROAD RIGHT,EARL YOUNG & SR45E,39.21705988,-86.453841
2007,2,7,Weekend,1200,2-Car,No injury/unknown,FOLLOWING TOO CLOSELY,RIDGEWOOD & SR 46,39.21680383,-86.59769748
2007,8,5,Weekday,1600,1-Car,No injury/unknown,ANIMAL/OBJECT IN ROADWAY,LOUDEN & RATLIFF RD,39.216504,-86.63377201
2007,2,5,Weekday,700,2-Car,Non-incapacitating,IMPROPER LANE USAGE,SR 46 & UNION VALLEY RD,39.21591979,-86.5928
2007,4,2,Weekday,700,2-Car,No injury/unknown,LEFT OF CENTER,N KINSER & W BAYLES RD,39.21544,-86.547504
2007,2,6,Weekday,800,2-Car,Non-incapacitating,DISREGARD SIGNAL/REG SIGN,SR46 & UNION VALLEY,39.215152,-86.5928
2007,5,1,Weekend,1300,2-Car,Non-incapacitating,DISREGARD SIGNAL/REG SIGN,SR46W & UNION VALLEY,39.215152,-86.5928
2007,8,2,Weekday,1400,2-Car,No injury/unknown,FAILURE TO YIELD RIGHT OF WAY,SR46W & UNION VALLEY,39.215152,-86.5928
2007,2,6,Weekday,1800,1-Car,No injury/unknown,ANIMAL/OBJECT IN ROADWAY,BETHEL LN & BOLTINGHOUSE,39.214752,-86.472896
2007,6,6,Weekday,0,1-Car,No injury/unknown,UNSAFE SPEED,BETHEL LN & STIDD,39.21461723,-86.47778991
2007,11,6,Weekday,1500,Moped/Motorcycle,Non-incapacitating,FOLLOWING TOO CLOSELY,SR46W & UNION VALLEY,39.21458895,-86.59202676
2007,1,6,Weekday,1600,1-Car,No injury/unknown,ROADWAY SURFACE CONDITION,RATLIFF RD & THOMAS,39.214302,-86.628698
2007,10,6,Weekday,100,Pedestrian,Non-incapacitating,PEDESTRIAN ACTION,2ND & COLLEGE AVE,39.21424786,-86.53493
2007,12,2,Weekday,1800,1-Car,No injury/unknown,ANIMAL/OBJECT IN ROADWAY,SR46W & UNION VALLEY,39.21328558,-86.59020994
2007,12,2,Weekday,1800,1-Car,No injury/unknown,ANIMAL/OBJECT IN ROADWAY,SR46W & UNION VALLEY,39.21328558,-86.59020994
2007,2,5,Weekday,700,1-Car,No injury/unknown,RAN OFF ROAD RIGHT,BAUGH & BETHLE RD,39.212944,-86.486896
2007,2,4,Weekday,800,2-Car,Non-incapacitating,ROADWAY SURFACE CONDITION,NORTH THOMAS RD RD,39.212615,-86.630399
2007,2,5,Weekday,1500,2-Car,No injury/unknown,OTHER (DRIVER) - EXPLAIN IN NARRATIVE,DEER PARK & SR46W,39.2123644,-86.58817795
2007,10,3,Weekday,700,2-Car,No injury/unknown,OTHER (DRIVER) - EXPLAIN IN NARRATIVE,N WILSHIRE DR,39.2123297,-86.55937794
2007,3,4,Weekday,1900,2-Car,No injury/unknown,DISREGARD SIGNAL/REG SIGN,DEER PARK & SR 46,39.212048,-86.5872
2007,8,6,Weekday,1500,2-Car,No injury/unknown,OTHER (DRIVER) - EXPLAIN IN NARRATIVE,SMITH & SR46W,39.21146384,-86.58545804
2007,4,4,Weekday,1100,3+ Cars,No injury/unknown,FOLLOWING TOO CLOSELY,NORTH SMITH & SR46W,39.21113389,-86.58489353
2007,9,4,Weekday,1100,2-Car,No injury/unknown,OTHER (DRIVER) - EXPLAIN IN NARRATIVE,BUICK DR & FOREST PARK,39.210848,-86.5888
2007,4,3,Weekday,1600,3+ Cars,No injury/unknown,DRIVER DISTRACTED - EXPLAIN IN NARRATIVE,SMITH PIKE & SR46,39.21030898,-86.58348225
2007,2,6,Weekday,1200,3+ Cars,No injury/unknown,FOLLOWING TOO CLOSELY,SMITH & SR46W,39.210144,-86.5832
2007,6,7,Weekend,1800,Pedestrian,Non-incapacitating,PEDESTRIAN ACTION,SMITH & SR46W,39.210144,-86.5832
2007,7,6,Weekday,1800,2-Car,No injury/unknown,FAILURE TO YIELD RIGHT OF WAY,BETHEL LN & SR45,39.209952,-86.463392
2007,7,5,Weekday,1600,2-Car,No injury/unknown,FAILURE TO YIELD RIGHT OF WAY,FOREST PARK & SR46W,39.20986163,-86.58275542
2007,2,5,Weekday,1100,1-Car,No injury/unknown,OTHER (DRIVER) - EXPLAIN IN NARRATIVE,SOUTHDOWNS & WOODLAWN AVE,39.2088606,-86.522699
2007,4,5,Weekday,800,2-Car,Non-incapacitating,ROADWAY SURFACE CONDITION,HARTSTRAIGHT RD & W RATLIFF,39.208603,-86.611399
2007,6,2,Weekday,2100,1-Car,No injury/unknown,OVERCORRECTING/OVERSTEERING,ACUFF RD & SR37,39.20839016,-86.55359286
2007,7,4,Weekday,1600,2-Car,No injury/unknown,FAILURE TO YIELD RIGHT OF WAY,ACUFF & SR37,39.20824,-86.554704
2007,9,7,Weekend,1200,2-Car,Non-incapacitating,ROADWAY SURFACE CONDITION,FORREST PARK & SMITH PIKE,39.20822,-86.58315
2007,12,6,Weekday,1500,2-Car,No injury/unknown,ROADWAY SURFACE CONDITION,FOREST PARK & SMITH PIKE,39.208144,-86.5832
2007,1,5,Weekday,1700,2-Car,Non-incapacitating,IMPROPER LANE USAGE,SR46 & UNION VALLEY,39.20812736,-86.57803004
2007,3,6,Weekday,1300,1-Car,Non-incapacitating,SPEED TOO FAST FOR WEATHER CONDITIONS,DUNN & OLD STATE RD 37 HWY,39.208048,-86.528704
2007,9,3,Weekday,2000,2-Car,No injury/unknown,SPEED TOO FAST FOR WEATHER CONDITIONS,N DUNN & OLD STATE ROAD 37 RD,39.208048,-86.528704
2007,10,3,Weekday,1400,1-Car,No injury/unknown,OTHER (DRIVER) - EXPLAIN IN NARRATIVE,N  OLD SR 37 HWY & N DUNN,39.208048,-86.528704
2007,10,5,Weekday,1700,2-Car,Non-incapacitating,LEFT OF CENTER,N DUNN & OLD SR 37 NORTH RTE,39.208048,-86.528704
2007,10,5,Weekday,1900,3+ Cars,No injury/unknown,LEFT OF CENTER,N DUNN & OLD SR 37 NORTH RTE,39.208048,-86.528704
2007,2,3,Weekday,1400,2-Car,No injury/unknown,OVERCORRECTING/OVERSTEERING,ACUFF & SR37N,39.20796535,-86.55470202
2007,6,4,Weekday,1300,2-Car,No injury/unknown,DRIVER DISTRACTED - EXPLAIN IN NARRATIVE,ARLINGTON RD & SHELBURNE,39.20764225,-86.5737269
2007,2,6,Weekday,1400,2-Car,No injury/unknown,DRIVER DISTRACTED - EXPLAIN IN NARRATIVE,WEST SR 46 HWY,39.207491,-86.573078
2007,11,4,Weekday,1200,2-Car,No injury/unknown,UNSAFE BACKING,W STATE ROAD 46 RD,39.20746,-86.573065
2007,10,3,Weekday,1200,2-Car,Non-incapacitating,DISREGARD SIGNAL/REG SIGN,N WALNUT ST & OLD 37 N,39.20710737,-86.53486144
2007,4,6,Weekday,900,1-Car,No injury/unknown,ANIMAL/OBJECT IN ROADWAY,N WALNUT ST & NORTH OLD STATE ROAD 37,39.20704,-86.534704
2007,10,6,Weekday,0,2-Car,No injury/unknown,FAILURE TO YIELD RIGHT OF WAY,NORTH WALNUT 1800 BLK ST & OLD STATE ROAD 37,39.20704,-86.534704
2007,11,5,Weekday,1500,2-Car,No injury/unknown,OTHER (DRIVER) - EXPLAIN IN NARRATIVE,N WALNUT ST & OLD SR 37 NORTH,39.20704,-86.534704
2007,12,1,Weekend,1700,2-Car,No injury/unknown,DISREGARD SIGNAL/REG SIGN,N WALNUT ST & OLD STATE ROAD 37,39.20704,-86.534704
2007,12,7,Weekend,2100,2-Car,No injury/unknown,FOLLOWING TOO CLOSELY,OLD STATE ROAD 37 & WALNUT ST,39.20662838,-86.53472605
2007,5,1,Weekend,1700,2-Car,No injury/unknown,SPEED TOO FAST FOR WEATHER CONDITIONS,ACUFF RD & NORTH MAPLE GROVE,39.20650287,-86.55701711
2007,3,6,Weekday,1800,2-Car,No injury/unknown,RAN OFF ROAD RIGHT,339 S LINCOLN ST & SMITH,39.20622004,-86.531199
2007,7,1,Weekend,800,2-Car,No injury/unknown,UNSAFE BACKING,N DUNN ST,39.206144,-86.528592
2007,11,7,Weekend,1000,Bus,No injury/unknown,DRIVER DISTRACTED - EXPLAIN IN NARRATIVE,N DUNN ST,39.206144,-86.528592
2007,2,7,Weekend,2300,1-Car,Non-incapacitating,OTHER (DRIVER) - EXPLAIN IN NARRATIVE,ACUFF & PROW RD,39.20549365,-86.55214942
2007,5,5,Weekday,2200,1-Car,No injury/unknown,ANIMAL/OBJECT IN ROADWAY,ACUFF & SR37,39.2054935,-86.55468418
2007,10,7,Weekend,400,1-Car,No injury/unknown,ANIMAL/OBJECT IN ROADWAY,MERRYWAY & SMITH,39.2054,-86.58314
2007,7,3,Weekday,1700,2-Car,No injury/unknown,DRIVER DISTRACTED - EXPLAIN IN NARRATIVE,MERRY WAY & SMITH PIKE,39.205248,-86.5832
2007,2,1,Weekend,1100,2-Car,No injury/unknown,INSECURE/LEAKY LOAD,E RATLIFF & SR45E,39.20521753,-86.46330643
2007,11,1,Weekend,1300,1-Car,No injury/unknown,SPEED TOO FAST FOR WEATHER CONDITIONS,EAST RATLIFF & SR45E,39.20521753,-86.46328049
2007,1,5,Weekday,2300,1-Car,No injury/unknown,PRESCRIPTION DRUGS,KINSER PIKE,39.204989,-86.547399
2007,12,7,Weekend,300,1-Car,No injury/unknown,RAN OFF ROAD RIGHT,MARTIN & SR45E,39.204864,-86.463472
2007,11,6,Weekday,0,3+ Cars,Non-incapacitating,ALCOHOLIC BEVERAGES,2ND & DUNN ST,39.20364426,-86.52841
2007,2,6,Weekday,1500,2-Car,No injury/unknown,OTHER (DRIVER) - EXPLAIN IN NARRATIVE,N KINSER PIKE,39.20304,-86.547392
2007,4,3,Weekday,1400,2-Car,No injury/unknown,UNSAFE BACKING,N KINSER PIKE,39.20304,-86.547392
2007,9,5,Weekday,1400,2-Car,No injury/unknown,,N KINSER PIKE,39.20304,-86.547392
2007,10,6,Weekday,1400,2-Car,No injury/unknown,UNSAFE BACKING,N KINSER PIKE,39.20304,-86.547392
2007,12,6,Weekday,800,2-Car,No injury/unknown,ROADWAY SURFACE CONDITION,N KINSER PIKE,39.20304,-86.547392
2007,12,6,Weekday,700,2-Car,No injury/unknown,FOLLOWING TOO CLOSELY,N KINSER PIKE,39.20304,-86.547392
2007,2,6,Weekday,1000,2-Car,Non-incapacitating,FAILURE TO YIELD RIGHT OF WAY,CONSTITUTION & LIBERTY DR,39.20266425,-86.576899
2007,10,5,Weekday,1800,Moped/Motorcycle,Non-incapacitating,OVERCORRECTING/OVERSTEERING,DANIELS WAY & SR 48,39.20184076,-86.59911
2007,8,6,Weekday,1700,1-Car,No injury/unknown,OVERCORRECTING/OVERSTEERING,DUNN ST & LAKEWOOD,39.20154035,-86.52877884
2007,6,4,Weekday,800,1-Car,No injury/unknown,OVERCORRECTING/OVERSTEERING,WALCOTT & WOODYARD RD,39.20125755,-86.60177595
2007,11,2,Weekday,1500,2-Car,No injury/unknown,IMPROPER TURNING,KINSER PIKE,39.201135,-86.547265
2007,10,5,Weekday,1600,2-Car,No injury/unknown,FOLLOWING TOO CLOSELY,RUSSELL & SR45E,39.200352,-86.468
2007,2,5,Weekday,1000,2-Car,No injury/unknown,FOLLOWING TOO CLOSELY,SR37N & VERNAL PIKE,39.20022593,-86.5609886
2007,3,2,Weekday,1400,1-Car,No injury/unknown,OTHER (DRIVER) - EXPLAIN IN NARRATIVE,RUSSELL & SR45E,39.20007749,-86.46798859
2007,2,5,Weekday,1000,2-Car,No injury/unknown,FOLLOWING TOO CLOSELY,SR37N & VERNAL PIKE,39.19990859,-86.5609886
2007,8,6,Weekday,1100,2-Car,Non-incapacitating,FAILURE TO YIELD RIGHT OF WAY,MAPLE GROVE ROAD & SR46W,39.19968,-86.55968
2007,10,3,Weekday,1700,1-Car,No injury/unknown,OVERCORRECTING/OVERSTEERING,WALCOTT & WOODYARD RD,39.19919392,-86.6000299
2007,4,5,Weekday,1400,2-Car,No injury/unknown,BRAKE FAILURE OR DEFECTIVE,SR37S & VERNAL,39.19853347,-86.5609886
2007,8,7,Weekend,1700,1-Car,No injury/unknown,OTHER (ENVIRONMENTAL) - EXPLAIN IN NARR,KENWOOD & NORTH DUNN AVE,39.198528,-86.528624
2007,9,7,Weekend,0,2-Car,No injury/unknown,OTHER (DRIVER) - EXPLAIN IN NARRATIVE,SR46W & STATE ROAD 37,39.19848254,-86.55886523
2007,7,6,Weekday,1200,1-Car,No injury/unknown,RAN OFF ROAD RIGHT,WALCOTT & WOODYARD RD,39.19819878,-86.59881365
2007,5,3,Weekday,1700,2-Car,No injury/unknown,FOLLOWING TOO CLOSELY,KINSER PIKE & WINDING,39.198144,-86.542096
2007,11,1,Weekend,1200,2-Car,No injury/unknown,FAILURE TO YIELD RIGHT OF WAY,N KINSER PIKE PIKE & WINDING WAY,39.198144,-86.542096
2007,9,4,Weekday,1500,2-Car,No injury/unknown,OTHER (DRIVER) - EXPLAIN IN NARRATIVE,ARLINGTON RD & STATE ROAD 46,39.1981,-86.55861
2007,10,6,Weekday,500,1-Car,Non-incapacitating,ALCOHOLIC BEVERAGES,CROSSOVER & SR37N,39.197909,-86.51702267
2007,7,1,Weekend,0,1-Car,No injury/unknown,UNSAFE SPEED,STONEYBROOK & STOUTE CREEK RD,39.197903,-86.55835672
2007,12,5,Weekday,700,1-Car,No injury/unknown,ANIMAL/OBJECT IN ROADWAY,ARLINGTON RD & STOUTS CREEK,39.1979,-86.55843
2007,3,7,Weekend,1700,2-Car,No injury/unknown,UNSAFE BACKING,FEE LN,39.19710301,-86.518937
2007,4,1,Weekend,1700,2-Car,Non-incapacitating,DRIVER DISTRACTED - EXPLAIN IN NARRATIVE,BLUE RIDGE & N WALNUT ST,39.196848,-86.5344
2007,12,6,Weekday,1300,2-Car,No injury/unknown,FAILURE TO YIELD RIGHT OF WAY,2700 NORTH WALNUT ST & BLUE RIDGE,39.196848,-86.5344
2007,1,4,Weekday,1000,2-Car,No injury/unknown,FAILURE TO YIELD RIGHT OF WAY,BLUE RIDGE & WALNUT ST,39.19658469,-86.53429962
2007,12,7,Weekend,1800,2-Car,No injury/unknown,FOLLOWING TOO CLOSELY,BLUE RIDGE & WALNUT ST,39.19553143,-86.53389809
2007,9,1,Weekday,2000,1-Car,No injury/unknown,ANIMAL/OBJECT IN ROADWAY,SR37N & SR46E,39.19551723,-86.55460661
2007,10,3,Weekday,1700,2-Car,No injury/unknown,FAILURE TO YIELD RIGHT OF WAY,E 7 TH & N JORDAN AVE,39.19528897,-86.51614
2007,4,7,Weekend,100,Pedestrian,Non-incapacitating,PEDESTRIAN ACTION,BLUE RIDGE & WALNUT ST,39.19526812,-86.53379771
2007,2,4,Weekday,700,1-Car,Non-incapacitating,RAN OFF ROAD RIGHT,ARLINGTON & PROW RD,39.19507562,-86.55214509
2007,8,2,Weekday,2000,2-Car,No injury/unknown,UNSAFE BACKING,N DUNN ST,39.195004,-86.528426
2007,3,2,Weekday,1700,Cyclist,Non-incapacitating,OTHER (DRIVER) - EXPLAIN IN NARRATIVE,TIMBERS TRL,39.194864,-86.483376
2007,11,6,Weekday,0,3+ Cars,No injury/unknown,DRIVER DISTRACTED - EXPLAIN IN NARRATIVE,BRIARCLIFF DR & KINGSLEY,39.194192,-86.542208
2007,6,7,Weekend,2100,2-Car,No injury/unknown,ALCOHOLIC BEVERAGES,BRIARCLIFF DR & KINSER,39.19416487,-86.54152076
2007,2,1,Weekend,0,2-Car,Non-incapacitating,ALCOHOLIC BEVERAGES,SR37S & SR46W,39.194144,-86.554592
2007,2,3,Weekday,2300,2-Car,No injury/unknown,SPEED TOO FAST FOR WEATHER CONDITIONS,SR37 & SR46,39.194144,-86.554592
2007,9,6,Weekday,1400,2-Car,Non-incapacitating,OTHER (DRIVER) - EXPLAIN IN NARRATIVE,BRIARCLIFF & KINSER PIKE,39.194144,-86.540992
2007,10,3,Weekday,1400,2-Car,No injury/unknown,UNSAFE SPEED,BRIARCLIFF & KINSER PIKE,39.194144,-86.540992
2007,11,6,Weekend,2300,1-Car,No injury/unknown,ANIMAL/OBJECT IN ROADWAY,SR37N & STATE ROAD 46,39.194144,-86.554592
2007,8,6,Weekday,1400,2-Car,No injury/unknown,OTHER (DRIVER) - EXPLAIN IN NARRATIVE,7TH & SUNRISE DR,39.19404013,-86.512399
2007,3,5,Weekday,800,2-Car,No injury/unknown,IMPROPER PASSING,HARTSTRAIGHT RD & VERNAL,39.19400255,-86.61140798
2007,9,1,Weekend,1100,2-Car,Non-incapacitating,FAILURE TO YIELD RIGHT OF WAY,LOESCH & WOODYARD RD,39.193872,-86.590784
2007,2,5,Weekday,2100,1-Car,Non-incapacitating,SPEED TOO FAST FOR WEATHER CONDITIONS,CURRY & SR46W,39.19377697,-86.57148667
2007,2,7,Weekend,1700,2-Car,No injury/unknown,ROADWAY SURFACE CONDITION,CURRY & SR46W,39.19377697,-86.57136374
2007,7,1,Weekend,200,1-Car,No injury/unknown,ALCOHOLIC BEVERAGES,RUSSELL & SR45E,39.19348926,-86.46771468
2007,11,1,Weekend,1500,2-Car,No injury/unknown,OTHER (DRIVER) - EXPLAIN IN NARRATIVE,LINCOLN & VARSITY LN,39.19342937,-86.53123
2007,7,4,Weekday,1300,2-Car,No injury/unknown,UNSAFE BACKING,BENNINGTON & SMITH RD,39.19262033,-86.480699
2007,11,4,Weekday,800,2-Car,Non-incapacitating,FAILURE TO YIELD RIGHT OF WAY,FRITZ & WALNUT ST,39.19261238,-86.53309648
2007,5,2,Weekday,400,1-Car,No injury/unknown,RAN OFF ROAD RIGHT,ARLINGTON & PROW RD,39.192352,-86.552592
2007,3,6,Weekday,1500,2-Car,No injury/unknown,OTHER (DRIVER) - EXPLAIN IN NARRATIVE,FRITZ & WALNUT ST,39.191248,-86.532896
2007,8,6,Weekday,300,1-Car,No injury/unknown,RAN OFF ROAD RIGHT,KINSER PIKE & SKYLINE,39.19087343,-86.53772518
2007,3,5,Weekday,600,2-Car,No injury/unknown,DISREGARD SIGNAL/REG SIGN,CURRY PIKE & WOODYARD,39.190672,-86.582992
2007,11,2,Weekday,1100,2-Car,No injury/unknown,FAILURE TO YIELD RIGHT OF WAY,CURRY PIKE & WOODYARD,39.190672,-86.582992
2007,11,4,Weekday,1500,2-Car,No injury/unknown,FAILURE TO YIELD RIGHT OF WAY,CURRY PIKE PIKE & WOODYARD,39.190672,-86.582992
2007,10,6,Weekday,800,1-Car,No injury/unknown,RAN OFF ROAD RIGHT,NORTH SMITH PIKE & WWOODYARD RD,39.19064,-86.58309268
2007,11,7,Weekend,200,1-Car,Non-incapacitating,LEFT OF CENTER,SMITH & WOODYARD RD,39.19064,-86.58306671
2007,7,4,Weekday,700,1-Car,No injury/unknown,OTHER (VEHICLE) - EXPLAIN IN NARRATIVE,W SKYLINE DR,39.190544,-86.53789159
2007,7,6,Weekday,1400,2-Car,Non-incapacitating,FAILURE TO YIELD RIGHT OF WAY,N KINSER PIKE & SKYLINE,39.190544,-86.537712
2007,7,5,Weekday,1200,2-Car,No injury/unknown,IMPROPER TURNING,CURRY PIKE & WOODYARD,39.19039737,-86.582997
2007,10,7,Weekend,1700,Cyclist,Incapacitating,PEDESTRIAN ACTION,N HEADLEY RD & TREADWELL,39.19008,-86.514288
2007,10,5,Weekday,2000,2-Car,No injury/unknown,DRIVER DISTRACTED - EXPLAIN IN NARRATIVE,JORDAN AVE & SEVENTH,39.19000118,-86.51614
2007,3,5,Weekday,1500,3+ Cars,Non-incapacitating,OTHER (DRIVER) - EXPLAIN IN NARRATIVE,GLENDORA & N WALNUT ST,39.189968,-86.533232
2007,11,2,Weekday,1400,Cyclist,Non-incapacitating,FAILURE TO YIELD RIGHT OF WAY,7TH & SUNRISE AVE,39.18968101,-86.51242
2007,12,7,Weekend,1400,1-Car,Non-incapacitating,SPEED TOO FAST FOR WEATHER CONDITIONS,PIONEER & WOODYARD RD,39.18965,-86.58072182
2007,3,4,Weekday,1400,2-Car,No injury/unknown,OTHER (DRIVER) - EXPLAIN IN NARRATIVE,PIONEER & WOODYARD RD,39.189648,-86.580496
2007,9,2,Weekday,1400,2-Car,No injury/unknown,IMPROPER PASSING,GLENDORA & WALNUT ST,39.18943207,-86.53338683
2007,5,1,Weekend,1200,2-Car,No injury/unknown,UNSAFE BACKING,S LIBERTY DR DR,39.189248,-86.531472
2007,12,2,Weekday,500,1-Car,No injury/unknown,RAN OFF ROAD RIGHT,N THOMAS RD RD & VERNAL PK,39.18904,-86.630096
2007,11,1,Weekday,2200,1-Car,No injury/unknown,ANIMAL/OBJECT IN ROADWAY,46 & SR37S,39.18865532,-86.55473806
2007,1,7,Weekend,1400,2-Car,No injury/unknown,FAILURE TO YIELD RIGHT OF WAY,KINSER PIKE & PARRISH,39.188144,-86.5376
2007,2,5,Weekday,1700,2-Car,Non-incapacitating,GLARE,SR37 & VERNAL,39.18795558,-86.5609886
2007,2,6,Weekend,2200,2-Car,No injury/unknown,OTHER (DRIVER) - EXPLAIN IN NARRATIVE,ARLINGTON RD & GOURLEY,39.18787727,-86.5515834
2007,12,7,Weekend,1200,2-Car,No injury/unknown,UNSAFE BACKING,W REPPEL AVE,39.187434,-86.545609
2007,1,2,Weekday,1300,2-Car,No injury/unknown,FOLLOWING TOO CLOSELY,37 & SR45W,39.1873397,-86.55502362
2007,1,3,Weekday,800,3+ Cars,No injury/unknown,OTHER (DRIVER) - EXPLAIN IN NARRATIVE,ARLINGTON RD & GOURLEY,39.18733831,-86.55144704
2007,11,3,Weekday,0,1-Car,No injury/unknown,RAN OFF ROAD RIGHT,46 AND 46 BYPASS & ARLINGTON RD,39.187184,-86.551408
2007,2,7,Weekend,1400,2-Car,No injury/unknown,SPEED TOO FAST FOR WEATHER CONDITIONS,N KINSER PIKE,39.18704,-86.53788
2007,11,3,Weekday,1800,1-Car,No injury/unknown,ANIMAL/OBJECT IN ROADWAY,N MONROE & SR46W,39.18698069,-86.54750427
2007,4,6,Weekend,2000,2-Car,No injury/unknown,UNSAFE BACKING,KINSER PIKE,39.186978,-86.537699
2007,6,6,Weekend,1900,2-Car,No injury/unknown,OTHER (DRIVER) - EXPLAIN IN NARRATIVE,NORTH KINSER PIKE,39.186978,-86.537699
2007,10,5,Weekday,1900,2-Car,No injury/unknown,LEFT OF CENTER,KINSER PIKE,39.186952,-86.537719
2007,9,6,Weekday,1100,2-Car,Non-incapacitating,FAILURE TO YIELD RIGHT OF WAY,N MONROE & SR46W,39.186944,-86.5468
2007,10,7,Weekend,1000,3+ Cars,No injury/unknown,FOLLOWING TOO CLOSELY,KINSER & SR46W,39.186944,-86.54669574
2007,2,3,Weekday,1100,1-Car,No injury/unknown,SPEED TOO FAST FOR WEATHER CONDITIONS,MONROE & SR46W,39.18689179,-86.54574373
2007,2,7,Weekend,2000,1-Car,No injury/unknown,ROADWAY SURFACE CONDITION,HARTSTRAIGHT & VERNAL PIKE,39.18686194,-86.616796
2007,1,5,Weekday,1600,2-Car,No injury/unknown,IMPROPER LANE USAGE,SR37S & SR45,39.18680817,-86.5553554
2007,2,4,Weekday,500,1-Car,No injury/unknown,RAN OFF ROAD RIGHT,HARTSTRAIT RD & VERNAL,39.186752,-86.611504
2007,7,2,Weekday,700,2-Car,No injury/unknown,DISREGARD SIGNAL/REG SIGN,HARTSTRAIGHT & VERNAL PIKE PIKE,39.186752,-86.611504
2007,5,6,Weekend,2200,2-Car,No injury/unknown,DRIVER ASLEEP OR FATIGUED,HARTSTRAIT & VERNAL PIKE PIKE,39.186704,-86.60994331
2007,5,6,Weekday,1100,2-Car,No injury/unknown,FOLLOWING TOO CLOSELY,KINSER & SR46W,39.18662255,-86.53964972
2007,10,4,Weekday,1500,2-Car,No injury/unknown,FAILURE TO YIELD RIGHT OF WAY,STATE ROAD 45 46 & WALNUT ST,39.18656667,-86.53433005