Year,Month,Day,Weekend?,Hour,Collision Type,Injury Type,Primary Factor,Reported_Location,Latitude,Longitude
2007,1,5,Weekday,2200,2-Car,Non-incapacitating,FAILURE TO YIELD RIGHT OF WAY,KINSER & SR4546E,39.186544,-86.537888
2007,1,6,Weekend,2200,2-Car,No injury/unknown,FAILURE TO YIELD RIGHT OF WAY,KINSER & SR45,39.186544,-86.537888
2007,2,3,Weekday,1700,1-Car,No injury/unknown,ROADWAY SURFACE CONDITION,KINSER & SR46E,39.186544,-86.537888
2007,2,7,Weekend,2000,2-Car,No injury/unknown,TRAFFIC CONTROL INOPERATIVE/MISSING/OBSC,KINSER & SR46,39.186544,-86.537888
2007,4,5,Weekday,1700,3+ Cars,No injury/unknown,UNSAFE SPEED,KINSER & SR46E,39.186544,-86.537888
2007,5,1,Weekend,1300,2-Car,Incapacitating,DISREGARD SIGNAL/REG SIGN,N KINSER & SR46,39.186544,-86.537888
2007,5,2,Weekday,1700,2-Car,No injury/unknown,FOLLOWING TOO CLOSELY,KINSER PIKE & SR46W,39.186544,-86.537888
2007,9,4,Weekday,1700,2-Car,Non-incapacitating,FOLLOWING TOO CLOSELY,KINSER & SR4546E,39.186544,-86.537888
2007,10,3,Weekday,1700,2-Car,No injury/unknown,IMPROPER LANE USAGE,KINSER & SR4546E,39.186544,-86.537888
2007,10,2,Weekday,1500,2-Car,Non-incapacitating,FAILURE TO YIELD RIGHT OF WAY,KINSER PIKE & SR46E,39.186544,-86.537888
2007,12,4,Weekday,1900,2-Car,No injury/unknown,FAILURE TO YIELD RIGHT OF WAY,KINSER & SR46E,39.186544,-86.537888
2007,12,7,Weekend,1200,3+ Cars,No injury/unknown,FOLLOWING TOO CLOSELY,KINSER PIKE & SR46E,39.18653339,-86.53771207
2007,1,3,Weekday,1500,2-Car,No injury/unknown,DRIVER DISTRACTED - EXPLAIN IN NARRATIVE,KINSER & SR46E,39.18652279,-86.53753613
2007,12,6,Weekday,1100,2-Car,No injury/unknown,ROADWAY SURFACE CONDITION,N KINSER & SR46W,39.18650157,-86.53718426
2007,10,1,Weekday,2300,1-Car,No injury/unknown,ANIMAL/OBJECT IN ROADWAY,KINSER & SR46W,39.18649257,-86.53759517
2007,11,6,Weekday,1100,2-Car,No injury/unknown,FAILURE TO YIELD RIGHT OF WAY,KINSER PIKE & SR 46 HWY,39.18649257,-86.53772497
2007,12,1,Weekend,1800,2-Car,Non-incapacitating,FOLLOWING TOO CLOSELY,KINSER & SR46W,39.18649257,-86.53769901
2007,2,7,Weekend,1100,1-Car,No injury/unknown,SPEED TOO FAST FOR WEATHER CONDITIONS,GOURLEY PIKE & MONROE,39.18648119,-86.54858007
2007,4,5,Weekday,1700,2-Car,No injury/unknown,DRIVER DISTRACTED - EXPLAIN IN NARRATIVE,KINSER & SR46,39.18648036,-86.5368324
2007,8,7,Weekend,1000,3+ Cars,No injury/unknown,FOLLOWING TOO CLOSELY,N KINSER & SR46W,39.18648036,-86.5368324
2007,6,1,Weekend,1300,2-Car,No injury/unknown,FOLLOWING TOO CLOSELY,SR46W & WALNUT,39.18637612,-86.53510395
2007,1,2,Weekday,1800,2-Car,No injury/unknown,OTHER (DRIVER) - EXPLAIN IN NARRATIVE,SR4546E & WALNUT,39.186368,-86.5344
2007,3,6,Weekday,1300,2-Car,No injury/unknown,SPEED TOO FAST FOR WEATHER CONDITIONS,N WALNUT & SR46E,39.186368,-86.5344
2007,7,6,Weekday,800,2-Car,No injury/unknown,FOLLOWING TOO CLOSELY,NORTH WALNUT & SR45E,39.186368,-86.5344
2007,7,5,Weekday,1500,2-Car,No injury/unknown,FAILURE TO YIELD RIGHT OF WAY,SR45E & WALNUT,39.186368,-86.5344
2007,7,3,Weekday,1700,2-Car,No injury/unknown,FAILURE TO YIELD RIGHT OF WAY,SR4546E & WALNUT ST,39.186368,-86.5344
2007,8,4,Weekday,2200,2-Car,Non-incapacitating,FAILURE TO YIELD RIGHT OF WAY,4546 BYPASS & NORTH WALNUT ST,39.186368,-86.5344
2007,10,2,Weekday,2000,2-Car,No injury/unknown,DISREGARD SIGNAL/REG SIGN,SR4546E & WALNUT,39.186368,-86.5344
2007,10,4,Weekday,1700,3+ Cars,No injury/unknown,OTHER (DRIVER) - EXPLAIN IN NARRATIVE,SR46E & WALNUT,39.186368,-86.5344
2007,10,3,Weekday,800,2-Car,No injury/unknown,FAILURE TO YIELD RIGHT OF WAY,SR46E & WALNUT,39.186368,-86.5344
2007,11,4,Weekday,1900,2-Car,Non-incapacitating,DRIVER ILLNESS,SR46E & WALNUT,39.186368,-86.5344
2007,12,1,Weekend,300,2-Car,No injury/unknown,DRIVER DISTRACTED - EXPLAIN IN NARRATIVE,HWY 45 46 & WALNUT ST,39.186368,-86.5344
2007,12,5,Weekday,1900,2-Car,No injury/unknown,OTHER (DRIVER) - EXPLAIN IN NARRATIVE,SR46E & WALNUT ST,39.186368,-86.5344
2007,11,2,Weekday,900,2-Car,No injury/unknown,FOLLOWING TOO CLOSELY,NORTH COLLEGE & SR45E,39.18636792,-86.5349679
2007,12,5,Weekday,700,2-Car,Incapacitating,FAILURE TO YIELD RIGHT OF WAY,SR45N & WALNUT,39.18636592,-86.53404709
2007,5,5,Weekday,1700,2-Car,No injury/unknown,FAILURE TO YIELD RIGHT OF WAY,SR46E & WALNUT,39.18636487,-86.53387063
2007,11,6,Weekend,1900,2-Car,No injury/unknown,FAILURE TO YIELD RIGHT OF WAY,N WALNUT & SR46,39.18636487,-86.53387063
2007,1,7,Weekend,1500,2-Car,No injury/unknown,FAILURE TO YIELD RIGHT OF WAY,SR46E & WALNUT,39.18636383,-86.53369418
2007,1,6,Weekday,1200,2-Car,No injury/unknown,FAILURE TO YIELD RIGHT OF WAY,SR46E & WALNUT,39.18636383,-86.53369418
2007,12,4,Weekday,1600,2-Car,Incapacitating,FAILURE TO YIELD RIGHT OF WAY,N WALNUT & SR46E,39.18636383,-86.53369418
2007,7,4,Weekday,1500,2-Car,Non-incapacitating,IMPROPER TURNING,SR45E & WALNUT,39.18636279,-86.53351772
2007,11,6,Weekday,1400,2-Car,No injury/unknown,FAILURE TO YIELD RIGHT OF WAY,N WALNUT & SR46,39.18636174,-86.53334127
2007,10,6,Weekday,1700,2-Car,No injury/unknown,FOLLOWING TOO CLOSELY,COLLEGE & SR46E,39.18635937,-86.53294013
2007,11,6,Weekday,1400,3+ Cars,No injury/unknown,OTHER (DRIVER) - EXPLAIN IN NARRATIVE,N WALNUT & SR46E,39.18635873,-86.53457606
2007,7,6,Weekday,1500,3+ Cars,No injury/unknown,IMPROPER LANE USAGE,SR46W & WALNUT STREET,39.18635548,-86.53228253
2007,4,6,Weekday,1700,3+ Cars,Non-incapacitating,PRESCRIPTION DRUGS,N WALNUT & SR46,39.1863549,-86.53475208
2007,5,6,Weekday,1700,2-Car,No injury/unknown,OTHER (DRIVER) - EXPLAIN IN NARRATIVE,SR46E & WALNUT,39.1863549,-86.53475208
2007,12,3,Weekday,1200,2-Car,No injury/unknown,UNSAFE BACKING,STATE ROAD 46 RD,39.186354,-86.535259
2007,6,2,Weekday,1000,2-Car,No injury/unknown,FAILURE TO YIELD RIGHT OF WAY,MARTHA & SR45E,39.18635305,-86.53187246
2007,2,4,Weekday,1900,2-Car,No injury/unknown,DRIVER DISTRACTED - EXPLAIN IN NARRATIVE,DUNN & SR46E,39.18635204,-86.52531971
2007,9,5,Weekday,700,2-Car,Non-incapacitating,FOLLOWING TOO CLOSELY,DUNN & SR46W,39.18635204,-86.52531971
2007,6,1,Weekday,2000,2-Car,No injury/unknown,FAILURE TO YIELD RIGHT OF WAY,N DUNN & SR46E,39.18635204,-86.52637847
2007,1,6,Weekday,800,2-Car,Incapacitating,LEFT OF CENTER,MILO SAMPSON & SR46E,39.18635201,-86.52256257
2007,2,2,Weekday,1300,Bus,No injury/unknown,FAILURE TO YIELD RIGHT OF WAY,FRITZ & SR46E,39.186352,-86.53049784
2007,3,7,Weekend,1500,2-Car,Non-incapacitating,FOLLOWING TOO CLOSELY,FRITZ & SR45E,39.186352,-86.53049784
2007,5,3,Weekday,900,2-Car,No injury/unknown,FAILURE TO YIELD RIGHT OF WAY,DUNN & SR46E,39.186352,-86.53096645
2007,4,6,Weekday,1800,2-Car,No injury/unknown,DRIVER DISTRACTED - EXPLAIN IN NARRATIVE,DUNN & SR46E,39.186352,-86.52920184
2007,4,6,Weekend,1900,3+ Cars,No injury/unknown,FOLLOWING TOO CLOSELY,DUNN & SR46W,39.186352,-86.52920184
2007,11,2,Weekday,1700,Moped/Motorcycle,Non-incapacitating,DRIVER DISTRACTED - EXPLAIN IN NARRATIVE,FRITZ & SR46E,39.186352,-86.53014492
2007,1,4,Weekday,2100,2-Car,No injury/unknown,FAILURE TO YIELD RIGHT OF WAY,MARTHA & SR4546E,39.186352,-86.531696
2007,1,6,Weekday,1600,2-Car,Non-incapacitating,FOLLOWING TOO CLOSELY,DUNN & SR4546W,39.186352,-86.528496
2007,1,6,Weekend,2300,1-Car,No injury/unknown,RAN OFF ROAD RIGHT,LOESCH RD & VERNAL PIKE,39.186352,-86.592896
2007,3,5,Weekday,1700,2-Car,No injury/unknown,FAILURE TO YIELD RIGHT OF WAY,DUNN ST & SR45E,39.186352,-86.528496
2007,3,6,Weekday,1600,2-Car,No injury/unknown,FOLLOWING TOO CLOSELY,DUNN & SR46E,39.186352,-86.528496
2007,5,5,Weekday,1400,2-Car,No injury/unknown,OTHER (DRIVER) - EXPLAIN IN NARRATIVE,MARTHA & SR46E,39.186352,-86.531696
2007,6,6,Weekday,1300,2-Car,No injury/unknown,DRIVER DISTRACTED - EXPLAIN IN NARRATIVE,DUNN & SR4546W,39.186352,-86.528496
2007,7,1,Weekend,1400,2-Car,No injury/unknown,FAILURE TO YIELD RIGHT OF WAY,DUNN & SR46E,39.186352,-86.528496
2007,7,7,Weekend,300,1-Car,No injury/unknown,ANIMAL/OBJECT IN ROADWAY,DUNN & SR4546E,39.186352,-86.528496
2007,7,1,Weekend,1500,2-Car,Non-incapacitating,FAILURE TO YIELD RIGHT OF WAY,DUNN & SR45E,39.186352,-86.528496
2007,8,7,Weekend,1600,2-Car,Non-incapacitating,FOLLOWING TOO CLOSELY,MARTHA & SR46S,39.186352,-86.531696
2007,9,7,Weekend,1500,2-Car,No injury/unknown,UNSAFE BACKING,N COLLEGE & OLD SR 37 N RD,39.186352,-86.534704
2007,9,3,Weekday,2100,2-Car,No injury/unknown,DISREGARD SIGNAL/REG SIGN,DUNN & SR 45 46 BYP,39.186352,-86.528496
2007,11,3,Weekday,2200,2-Car,No injury/unknown,FAILURE TO YIELD RIGHT OF WAY,NORTH COLLEGE & SR4546E,39.186352,-86.534704
2007,11,2,Weekday,2000,2-Car,No injury/unknown,FAILURE TO YIELD RIGHT OF WAY,DUNN & SR46E,39.186352,-86.528496
2007,11,1,Weekend,1600,2-Car,No injury/unknown,SPEED TOO FAST FOR WEATHER CONDITIONS,46 & DUNN ST,39.186352,-86.528496
2007,9,7,Weekend,1300,Bus,No injury/unknown,DRIVER DISTRACTED - EXPLAIN IN NARRATIVE,N DUNN ST & SR 45 46,39.18632523,-86.52844958
2007,5,6,Weekday,400,2-Car,No injury/unknown,ALCOHOLIC BEVERAGES,MILO B SAMPSON & SR46E,39.18624327,-86.52217946
2007,2,4,Weekday,0,1-Car,No injury/unknown,ROADWAY SURFACE CONDITION,HEADLEY & MATLOCK RD,39.18624,-86.5180252
2007,6,6,Weekday,100,1-Car,No injury/unknown,ALCOHOLIC BEVERAGES,3100 N HEADLEY RD & E MATLOCK,39.18624,-86.514496
2007,4,4,Weekday,2000,1-Car,No injury/unknown,ANIMAL/OBJECT IN ROADWAY,FEE & SR46,39.18609869,-86.5203624
2007,4,2,Weekday,1500,2-Car,No injury/unknown,UNSAFE BACKING,HOOSIER CT,39.186048,-86.550976
2007,9,7,Weekend,1600,2-Car,Non-incapacitating,FAILURE TO YIELD RIGHT OF WAY,ARLINGTON RD & HICKORY,39.186048,-86.550976
2007,5,4,Weekday,1700,3+ Cars,No injury/unknown,FOLLOWING TOO CLOSELY,FEE & SR46W,39.186032,-86.51984
2007,11,6,Weekday,1700,2-Car,Non-incapacitating,OTHER (DRIVER) - EXPLAIN IN NARRATIVE,N FEE & SR46W,39.186032,-86.51984
2007,11,2,Weekday,700,2-Car,No injury/unknown,FOLLOWING TOO CLOSELY,FEE & SR45E,39.186032,-86.51984
2007,12,6,Weekday,1800,2-Car,No injury/unknown,BRAKE FAILURE OR DEFECTIVE,MATLOCK & SR4546E,39.186032,-86.51984
2007,4,1,Weekend,1300,2-Car,No injury/unknown,FAILURE TO YIELD RIGHT OF WAY,SR37N & SR45W,39.18600442,-86.5555885
2007,11,2,Weekday,1400,2-Car,No injury/unknown,FAILURE TO YIELD RIGHT OF WAY,SR46E & WALNUT ST,39.18595739,-86.53444322
2007,7,5,Weekday,1800,2-Car,No injury/unknown,UNSAFE BACKING,N KINSER PIKE,39.18589867,-86.53787333
2007,1,6,Weekday,100,1-Car,Non-incapacitating,ANIMAL/OBJECT IN ROADWAY,HOOSIER & KINSER PIKE,39.18584,-86.537872
2007,10,1,Weekend,1500,3+ Cars,No injury/unknown,FOLLOWING TOO CLOSELY,FEE & SR45E,39.18571747,-86.51850049
2007,6,6,Weekday,900,1-Car,No injury/unknown,OTHER (DRIVER) - EXPLAIN IN NARRATIVE,3RD & HAWTHORNE DR,39.18544872,-86.520099
2007,1,4,Weekday,2300,Moped/Motorcycle,Non-incapacitating,LEFT OF CENTER,GOURLEY & KINSER PIKE,39.185392,-86.537856
2007,1,6,Weekday,100,1-Car,No injury/unknown,DRIVER DISTRACTED - EXPLAIN IN NARRATIVE,1600 N KINSER PIKE & W GOURLEY,39.185392,-86.537856
2007,8,1,Weekend,1300,Moped/Motorcycle,Incapacitating,ROADWAY SURFACE CONDITION,GOURLEY & N KINSER PIKE,39.185392,-86.537856
2007,10,2,Weekday,700,2-Car,No injury/unknown,FAILURE TO YIELD RIGHT OF WAY,GOURLEY & KINSER PIKE,39.185392,-86.537856
2007,12,4,Weekday,700,2-Car,No injury/unknown,DRIVER DISTRACTED - EXPLAIN IN NARRATIVE,1700 N KINSER PIKE & 500 W GOURLEY,39.185392,-86.537856
2007,2,4,Weekday,900,2-Car,No injury/unknown,VIEW OBSTRUCTED,W GOURLEY PIKE,39.185232,-86.54060206
2007,10,5,Weekday,1100,Bus,No injury/unknown,UNSAFE BACKING,W GOURLEY PIKE,39.185232,-86.54060206
2007,9,5,Weekday,1400,Cyclist,Incapacitating,FAILURE TO YIELD RIGHT OF WAY,N OLD STATE ROAD 37 RD & W GOURLEY,39.18518,-86.53521
2007,4,1,Weekend,1500,1-Car,No injury/unknown,BRAKE FAILURE OR DEFECTIVE,W GOURLEY PIKE,39.18516376,-86.53794612
2007,8,5,Weekday,0,2-Car,No injury/unknown,IMPROPER TURNING,GOURLEY PIKE,39.1851,-86.5402
2007,11,2,Weekday,1000,1-Car,No injury/unknown,RAN OFF ROAD RIGHT,GOURLEY PIKE PIKE,39.18508,-86.540044
2007,11,1,Weekend,300,2-Car,No injury/unknown,FAILURE TO YIELD RIGHT OF WAY,COLLEGE & WALNUT ST,39.184544,-86.534592
2007,3,1,Weekend,1100,2-Car,No injury/unknown,OTHER (DRIVER) - EXPLAIN IN NARRATIVE,N HOOSIER CT,39.184499,-86.539304
2007,3,3,Weekday,2100,2-Car,No injury/unknown,OTHER (DRIVER) - EXPLAIN IN NARRATIVE,HOOSIER COURT AVE,39.184499,-86.537941
2007,11,3,Weekday,900,1-Car,No injury/unknown,RAN OFF ROAD RIGHT,BELLE & PARKSQUARE DR,39.18440816,-86.59185
2007,10,1,Weekend,1300,2-Car,Non-incapacitating,DRIVER ASLEEP OR FATIGUED,LEONARD SPRINGS RD & MAYBURY,39.18431751,-86.58259
2007,1,5,Weekday,800,2-Car,No injury/unknown,UNSAFE BACKING,NORTHLANE DR,39.184265,-86.540999
2007,12,6,Weekday,1000,2-Car,No injury/unknown,UNSAFE BACKING,NORTH WALNUT ST,39.184232,-86.534334
2007,12,3,Weekday,1400,2-Car,No injury/unknown,SPEED TOO FAST FOR WEATHER CONDITIONS,CURRY PIKE & JONATHAN,39.18422319,-86.58298
2007,3,4,Weekday,100,1-Car,No injury/unknown,,20TH & ARLINGTON RD,39.18417935,-86.55024349
2007,7,2,Weekday,1900,Pedestrian,Non-incapacitating,PEDESTRIAN ACTION,20TH ST & ARLINGTON,39.184048,-86.54878036
2007,2,6,Weekday,400,3+ Cars,No injury/unknown,ALCOHOLIC BEVERAGES,NORTHLANE DR,39.183933,-86.540999
2007,10,6,Weekday,1500,2-Car,No injury/unknown,OTHER (DRIVER) - EXPLAIN IN NARRATIVE,FEE LN & NORTH JORDAN,39.18384,-86.5192
2007,11,7,Weekend,1600,Pedestrian,Non-incapacitating,OTHER (DRIVER) - EXPLAIN IN NARRATIVE,FEE LN & JORDAN,39.18384,-86.5192
2007,11,1,Weekday,2100,2-Car,No injury/unknown,UNSAFE BACKING,FISHERS & N JORDAN AVE,39.18377,-86.51686865
2007,1,5,Weekday,1300,2-Car,Non-incapacitating,DRIVER DISTRACTED - EXPLAIN IN NARRATIVE,S ROGERS ST & W 2ND,39.1835467,-86.538699
2007,1,7,Weekend,0,3+ Cars,No injury/unknown,ALCOHOLIC BEVERAGES,VARSITY LN,39.183524,-86.530498
2007,2,7,Weekend,1800,2-Car,No injury/unknown,DRIVER DISTRACTED - EXPLAIN IN NARRATIVE,2ND & S COLLEGE MALL RD,39.18334759,-86.497899
2007,12,6,Weekday,900,2-Car,No injury/unknown,OTHER (DRIVER) - EXPLAIN IN NARRATIVE,MATLOCK RD,39.18326872,-86.5117361
2007,11,2,Weekday,1200,2-Car,No injury/unknown,OTHER (DRIVER) - EXPLAIN IN NARRATIVE,N DUNN ST,39.18321044,-86.52842156
2007,12,3,Weekday,1400,Bus,No injury/unknown,BRAKE FAILURE OR DEFECTIVE,BROOKDALE & KINSER ST,39.183136,-86.537824
2007,6,3,Weekday,1200,2-Car,No injury/unknown,FAILURE TO YIELD RIGHT OF WAY,FEE LN & JORDAN,39.18301648,-86.51916513
2007,2,7,Weekend,100,2-Car,No injury/unknown,OTHER (DRIVER) - EXPLAIN IN NARRATIVE,VARSITY LN,39.182976,-86.528416
2007,3,5,Weekday,700,2-Car,No injury/unknown,OTHER (DRIVER) - EXPLAIN IN NARRATIVE,VARSITY LN,39.182976,-86.528416
2007,6,1,Weekend,200,2-Car,No injury/unknown,ALCOHOLIC BEVERAGES,E VARSITY LN,39.182944,-86.528912
2007,11,2,Weekday,1500,2-Car,No injury/unknown,IMPROPER LANE USAGE,DUNN & VARSITY LN,39.18293497,-86.52911978
2007,12,5,Weekday,2000,2-Car,No injury/unknown,IMPROPER TURNING,LAW & UNION ST,39.18291653,-86.50966
2007,9,6,Weekday,1300,2-Car,No injury/unknown,UNSAFE BACKING,N FEE LN,39.18242962,-86.51914028
2007,10,4,Weekday,1700,2-Car,No injury/unknown,FAILURE TO YIELD RIGHT OF WAY,N FEE LN,39.18242962,-86.51914028
2007,3,5,Weekday,1300,1-Car,No injury/unknown,DRIVER DISTRACTED - EXPLAIN IN NARRATIVE,COLLEGE AVE,39.1824214,-86.53470708
2007,3,7,Weekend,900,1-Car,No injury/unknown,RAN OFF ROAD RIGHT,HOWARD RD & WEST STARNES,39.18208861,-86.67532331
2007,9,1,Weekend,1500,2-Car,No injury/unknown,IMPROPER TURNING,N KINSER PIKE,39.18187116,-86.5377819
2007,2,5,Weekday,2300,2-Car,No injury/unknown,IMPROPER PASSING,E 20TH & N DUNN ST,39.18184,-86.5284
2007,9,4,Weekday,2000,3+ Cars,Non-incapacitating,DRIVER DISTRACTED - EXPLAIN IN NARRATIVE,20TH & DUNN ST,39.18184,-86.5284
2007,11,6,Weekday,1400,2-Car,No injury/unknown,FAILURE TO YIELD RIGHT OF WAY,E 20TH & N DUNN ST,39.18184,-86.5284
2007,10,2,Weekday,1400,2-Car,No injury/unknown,FOLLOWING TOO CLOSELY,DUNN ST & TWENTIETH,39.1818,-86.52832
2007,2,4,Weekday,1200,2-Car,No injury/unknown,UNSAFE BACKING,E 20TH ST,39.18176294,-86.52973192
2007,2,5,Weekday,1600,2-Car,No injury/unknown,FAILURE TO YIELD RIGHT OF WAY,20TH ST & LINCOLN,39.181744,-86.530192
2007,9,7,Weekend,100,Moped/Motorcycle,No injury/unknown,OTHER (DRIVER) - EXPLAIN IN NARRATIVE,20TH ST & LINCOLN,39.181744,-86.53001555
2007,2,6,Weekday,0,1-Car,No injury/unknown,OTHER (DRIVER) - EXPLAIN IN NARRATIVE,NORTH WALNUT ST,39.181729,-86.533841
2007,9,4,Weekday,1200,2-Car,No injury/unknown,FOLLOWING TOO CLOSELY,BROOKDALE & KINSER PIKE,39.18167268,-86.53777454
2007,1,2,Weekday,1700,2-Car,No injury/unknown,BRAKE FAILURE OR DEFECTIVE,N COLLEGE AVE,39.18162924,-86.53471004
2007,5,4,Weekday,2200,2-Car,No injury/unknown,UNSAFE BACKING,N COLLEGE AVE,39.18162924,-86.53471004
2007,1,1,Weekend,400,1-Car,No injury/unknown,ROADWAY SURFACE CONDITION,EAST 19TH & NORTH WALNUT ST,39.181552,-86.5336
2007,2,6,Weekday,1300,2-Car,No injury/unknown,SPEED TOO FAST FOR WEATHER CONDITIONS,19TH & N WALNUT ST,39.181552,-86.5336
2007,2,6,Weekend,2300,2-Car,No injury/unknown,FOLLOWING TOO CLOSELY,19TH ST & NORTH WALNUT,39.181552,-86.5336
2007,7,2,Weekday,1600,2-Car,No injury/unknown,FOLLOWING TOO CLOSELY,19TH & N WALNUT ST,39.181552,-86.5336
2007,8,2,Weekday,2100,3+ Cars,Non-incapacitating,DRIVER ILLNESS,19TH & WALNUT ST,39.181552,-86.5336
2007,11,4,Weekday,600,2-Car,No injury/unknown,OTHER (DRIVER) - EXPLAIN IN NARRATIVE,EAST 19TH ST,39.181424,-86.533369
2007,2,7,Weekend,1700,2-Car,No injury/unknown,IMPROPER PASSING,E 19TH ST & N LINCOLN,39.18112,-86.530816
2007,9,7,Weekend,1700,2-Car,No injury/unknown,UNSAFE BACKING,N KINSER PIKE,39.18106466,-86.53776301
2007,10,4,Weekday,0,2-Car,No injury/unknown,UNSAFE BACKING,N KINSER PIKE,39.18106466,-86.53776301
2007,3,6,Weekday,900,Pedestrian,Non-incapacitating,FAILURE TO YIELD RIGHT OF WAY,19TH & 19TH ST,39.18104,-86.5284
2007,9,6,Weekday,1700,2-Car,No injury/unknown,DRIVER DISTRACTED - EXPLAIN IN NARRATIVE,19TH & DUNN ST,39.18104,-86.5284
2007,1,7,Weekend,200,2-Car,No injury/unknown,UNSAFE BACKING,19TH & WASHINGTON ST,39.18101155,-86.53186657
2007,10,2,Weekday,1200,2-Car,No injury/unknown,UNSAFE BACKING,NORTH DUNN ST,39.18101,-86.528319
2007,11,3,Weekday,1000,Moped/Motorcycle,No injury/unknown,IMPROPER PASSING,DUNN ST & NINETEENTH,39.18101,-86.52832
2007,2,7,Weekend,900,3+ Cars,No injury/unknown,OTHER (DRIVER) - EXPLAIN IN NARRATIVE,GRANITE DR,39.1808,-86.5391
2007,11,5,Weekday,800,1-Car,No injury/unknown,OTHER (DRIVER) - EXPLAIN IN NARRATIVE,MARBLE LN,39.180596,-86.540471
2007,11,7,Weekend,800,1-Car,No injury/unknown,OTHER (DRIVER) - EXPLAIN IN NARRATIVE,MARBLE LN,39.180596,-86.540471
2007,10,1,Weekend,1400,2-Car,No injury/unknown,UNSAFE BACKING,MARBLE LN,39.180571,-86.540505
2007,12,4,Weekday,300,1-Car,No injury/unknown,,18TH ST & DUNN,39.180352,-86.5284
2007,1,5,Weekday,900,2-Car,No injury/unknown,FAILURE TO YIELD RIGHT OF WAY,17TH & COLLEGE AVE,39.18033327,-86.53471488
2007,7,3,Weekday,1500,2-Car,No injury/unknown,LEFT OF CENTER,ARLINGTON PARK DR,39.180241,-86.554099
2007,12,7,Weekend,200,3+ Cars,No injury/unknown,OTHER (DRIVER) - EXPLAIN IN NARRATIVE,18TH & LINCOLN ST,39.18017336,-86.53083512
2007,6,6,Weekday,1300,2-Car,No injury/unknown,OTHER (DRIVER) - EXPLAIN IN NARRATIVE,N WILLIS DR,39.180048,-86.544
2007,6,1,Weekend,1100,2-Car,No injury/unknown,OTHER (DRIVER) - EXPLAIN IN NARRATIVE,N WILLIS LOT 180 DR,39.180048,-86.544
2007,12,7,Weekend,1600,2-Car,No injury/unknown,LEFT OF CENTER,N WILLIS DR,39.180048,-86.544
2007,12,5,Weekday,800,2-Car,No injury/unknown,OTHER (DRIVER) - EXPLAIN IN NARRATIVE,S WALNUT ST ST,39.17997932,-86.53330441
2007,3,1,Weekend,1500,2-Car,No injury/unknown,UNSAFE BACKING,N ARLINGTON PARK DR,39.17988369,-86.54826237
2007,4,5,Weekday,1000,2-Car,No injury/unknown,DRIVER DISTRACTED - EXPLAIN IN NARRATIVE,17TH ST & 4546 BYPASS,39.17984,-86.507088
2007,8,3,Weekday,1600,2-Car,No injury/unknown,FOLLOWING TOO CLOSELY,17TH ST & SR 45 AND 46,39.17984,-86.507088
2007,8,1,Weekend,500,1-Car,No injury/unknown,ALCOHOLIC BEVERAGES,E 17TH & SR46E,39.17984,-86.507088
2007,9,1,Weekday,1900,2-Car,No injury/unknown,FAILURE TO YIELD RIGHT OF WAY,17TH & SR46W,39.17984,-86.507088
2007,9,3,Weekday,2100,2-Car,No injury/unknown,FAILURE TO YIELD RIGHT OF WAY,EAST 17TH ST & SR45S,39.17984,-86.507088
2007,9,6,Weekday,1300,3+ Cars,Non-incapacitating,UNSAFE SPEED,17TH & SR46W,39.17984,-86.507088
2007,10,6,Weekday,1100,1-Car,Non-incapacitating,OTHER (DRIVER) - EXPLAIN IN NARRATIVE,17TH & SR45E,39.17984,-86.507088
2007,10,5,Weekday,1500,2-Car,No injury/unknown,FOLLOWING TOO CLOSELY,17TH & SR45W,39.17984,-86.507088
2007,10,5,Weekday,1600,2-Car,No injury/unknown,FOLLOWING TOO CLOSELY,17TH & SR45W,39.17984,-86.507088
2007,12,6,Weekend,2000,2-Car,Non-incapacitating,FAILURE TO YIELD RIGHT OF WAY,E 17TH & SR46E,39.17984,-86.507088
2007,11,6,Weekday,1300,2-Car,No injury/unknown,FAILURE TO YIELD RIGHT OF WAY,JORDAN AVE,39.179764,-86.510942
2007,1,5,Weekday,1700,2-Car,No injury/unknown,IMPROPER TURNING,N RANGE RD,39.17975117,-86.49529366
2007,9,6,Weekend,2300,2-Car,No injury/unknown,UNSAFE BACKING,17TH & LINCOLN ST,39.17972661,-86.5308402
2007,9,6,Weekday,1400,2-Car,Non-incapacitating,IMPROPER LANE USAGE,17TH & SR46N,39.17970042,-86.50697544
2007,9,2,Weekday,1400,2-Car,No injury/unknown,OTHER (DRIVER) - EXPLAIN IN NARRATIVE,N JORDAN AVE,39.17967426,-86.511088
2007,4,5,Weekday,1900,2-Car,No injury/unknown,OTHER (DRIVER) - EXPLAIN IN NARRATIVE,N JORDAN AVE,39.17963492,-86.511088
2007,1,2,Weekday,1100,2-Car,No injury/unknown,OTHER (DRIVER) - EXPLAIN IN NARRATIVE,N WOODBURN AVE,39.1794156,-86.53602554
2007,12,7,Weekend,1600,2-Car,Non-incapacitating,FOLLOWING TOO CLOSELY,17TH & COLLEGE AVE,39.17937198,-86.53471846
2007,4,2,Weekday,1400,2-Car,No injury/unknown,FAILURE TO YIELD RIGHT OF WAY,EAST 17TH & FEE LN,39.17933976,-86.51900944