Year,Month,Day,Weekend?,Hour,Collision Type,Injury Type,Primary Factor,Reported_Location,Latitude,Longitude
2007,10,6,Weekday,1300,2-Car,No injury/unknown,FAILURE TO YIELD RIGHT OF WAY,17TH & FEE LN,39.17933976,-86.51900944
2007,1,6,Weekday,1600,2-Car,No injury/unknown,FOLLOWING TOO CLOSELY,17TH & MONROE ST,39.179248,-86.547104
2007,1,6,Weekday,1500,2-Car,No injury/unknown,FOLLOWING TOO CLOSELY,17TH ST & MONROE,39.179248,-86.547104
2007,1,1,Weekend,1800,1-Car,No injury/unknown,ROADWAY SURFACE CONDITION,17TH & MONROE ST,39.179248,-86.547104
2007,2,4,Weekday,1700,1-Car,No injury/unknown,IMPROPER LANE USAGE,17TH & MONROE ST,39.179248,-86.547104
2007,3,4,Weekday,1200,1-Car,No injury/unknown,OTHER (VEHICLE) - EXPLAIN IN NARRATIVE,W VERNAL RD,39.179248,-86.58292
2007,4,4,Weekday,1300,2-Car,No injury/unknown,FAILURE TO YIELD RIGHT OF WAY,17TH & ARLINGTON RD,39.179248,-86.547104
2007,4,6,Weekday,1600,1-Car,Non-incapacitating,OTHER (DRIVER) - EXPLAIN IN NARRATIVE,17TH ST & N LINDBERGH,39.179248,-86.552592
2007,5,3,Weekday,700,3+ Cars,No injury/unknown,LEFT OF CENTER,CURRY & VERNAL PIKE,39.179248,-86.5832
2007,5,6,Weekday,1100,2-Car,No injury/unknown,OTHER (DRIVER) - EXPLAIN IN NARRATIVE,N CURRY PIKE & VERNAL,39.179248,-86.5832
2007,5,7,Weekend,0,2-Car,No injury/unknown,FAILURE TO YIELD RIGHT OF WAY,17TH ST & MONROE,39.179248,-86.547104
2007,7,2,Weekday,1400,1-Car,Non-incapacitating,RAN OFF ROAD RIGHT,17TH ST & MONROE,39.179248,-86.547104
2007,7,4,Weekday,1000,1-Car,Non-incapacitating,RAN OFF ROAD RIGHT,17TH ST & MONROE,39.179248,-86.547104
2007,9,3,Weekday,1400,2-Car,No injury/unknown,SPEED TOO FAST FOR WEATHER CONDITIONS,17TH ST & N MONROE,39.179248,-86.547104
2007,12,3,Weekday,2000,1-Car,No injury/unknown,OTHER (DRIVER) - EXPLAIN IN NARRATIVE,ARLINGTON RD & MONROE,39.179248,-86.547104
2007,12,7,Weekend,2200,1-Car,No injury/unknown,RAN OFF ROAD RIGHT,17TH ST & MONROE,39.179248,-86.547104
2007,1,1,Weekend,1800,1-Car,No injury/unknown,OTHER (DRIVER) - EXPLAIN IN NARRATIVE,10TH ST & TAMARRON,39.17924601,-86.482499
2007,9,1,Weekend,1600,Bus,No injury/unknown,IMPROPER TURNING,17TH & FEE LN,39.17920251,-86.51900362
2007,2,7,Weekend,1700,1-Car,No injury/unknown,RAN OFF ROAD RIGHT,VERNAL & WOODYARD RD,39.179202,-86.56346518
2007,1,4,Weekday,800,1-Car,No injury/unknown,ROADWAY SURFACE CONDITION,ENTERPRISE & W VERNAL PIKE,39.1792,-86.56390766
2007,8,2,Weekday,1200,2-Car,No injury/unknown,OTHER (DRIVER) - EXPLAIN IN NARRATIVE,E17TH ST,39.179199,-86.546998
2007,11,5,Weekday,1700,1-Car,No injury/unknown,ANIMAL/OBJECT IN ROADWAY,CURRY & WEST VERNAL PIKE,39.17916,-86.58282025
2007,7,3,Weekday,1400,2-Car,Non-incapacitating,IMPROPER LANE USAGE,17TH & SR46E,39.17914212,-86.50652519
2007,9,1,Weekend,100,1-Car,No injury/unknown,OTHER (DRIVER) - EXPLAIN IN NARRATIVE,VERNAL PIKE,39.17914,-86.581402
2007,11,5,Weekday,1500,2-Car,No injury/unknown,UNSAFE BACKING,N JORDAN AVE,39.17912342,-86.511088
2007,1,6,Weekday,1400,2-Car,No injury/unknown,FAILURE TO YIELD RIGHT OF WAY,17TH ST & WILLIS,39.179104,-86.544016
2007,4,3,Weekday,700,3+ Cars,No injury/unknown,FAILURE TO YIELD RIGHT OF WAY,WEST 17TH ST & WILLIS,39.179104,-86.544016
2007,8,2,Weekday,1500,2-Car,No injury/unknown,FAILURE TO YIELD RIGHT OF WAY,N WILLIS & W 17TH ST,39.179104,-86.544016
2007,10,5,Weekday,700,2-Car,Non-incapacitating,FAILURE TO YIELD RIGHT OF WAY,17TH ST & WILLIS,39.179104,-86.544016
2007,1,7,Weekend,0,1-Car,No injury/unknown,RAN OFF ROAD RIGHT,17TH ST & CRESENT,39.1791,-86.554098
2007,10,1,Weekend,0,1-Car,No injury/unknown,OTHER (DRIVER) - EXPLAIN IN NARRATIVE,3401 WOODYARD RD & VERNAL,39.17908865,-86.563716
2007,11,6,Weekday,1500,1-Car,No injury/unknown,OTHER (DRIVER) - EXPLAIN IN NARRATIVE,17TH & LINDBERG AVE,39.17908,-86.55262
2007,12,6,Weekday,1700,2-Car,No injury/unknown,FAILURE TO YIELD RIGHT OF WAY,17TH ST & LINDBERG,39.17908,-86.55262
2007,1,1,Weekend,0,2-Car,No injury/unknown,FAILURE TO YIELD RIGHT OF WAY,17TH & DUNN ST,39.17904,-86.5284
2007,1,4,Weekday,1300,2-Car,No injury/unknown,FAILURE TO YIELD RIGHT OF WAY,DUNN & EAST SEVENTEENTH ST,39.17904,-86.5284
2007,2,3,Weekday,700,Bus,No injury/unknown,SPEED TOO FAST FOR WEATHER CONDITIONS,17TH & DUNN ST,39.17904,-86.5284
2007,3,4,Weekday,1400,2-Car,No injury/unknown,FOLLOWING TOO CLOSELY,E 17TH ST & N DUNN,39.17904,-86.5284
2007,3,6,Weekday,1600,2-Car,No injury/unknown,FAILURE TO YIELD RIGHT OF WAY,17TH ST & LINCOLN,39.17904,-86.530848
2007,4,3,Weekday,2200,2-Car,Non-incapacitating,FAILURE TO YIELD RIGHT OF WAY,17TH ST & DUNN,39.17904,-86.5284
2007,5,7,Weekend,1200,Bus,No injury/unknown,OTHER (DRIVER) - EXPLAIN IN NARRATIVE,E 17TH ST,39.17904,-86.5284
2007,8,2,Weekday,800,2-Car,No injury/unknown,UNSAFE BACKING,17TH ST & WASHINGTON,39.17904,-86.532096
2007,9,5,Weekday,1500,2-Car,Non-incapacitating,FOLLOWING TOO CLOSELY,17TH ST & DUNN,39.17904,-86.5284
2007,9,6,Weekday,1400,2-Car,No injury/unknown,IMPROPER TURNING,E 17TH ST,39.17904,-86.532096
2007,10,5,Weekday,1600,3+ Cars,No injury/unknown,FOLLOWING TOO CLOSELY,17TH & DUNN ST,39.17904,-86.5284
2007,10,3,Weekday,1700,2-Car,Non-incapacitating,ROADWAY SURFACE CONDITION,17TH ST & LINCOLN,39.17904,-86.530848
2007,11,2,Weekday,1900,2-Car,No injury/unknown,UNSAFE BACKING,N DUNN ST,39.17904,-86.5284
2007,10,3,Weekday,2100,1-Car,No injury/unknown,BRAKE FAILURE OR DEFECTIVE,E 17TH ST,39.17903837,-86.52827755
2007,3,7,Weekend,1600,2-Car,No injury/unknown,UNSAFE BACKING,17TH ST,39.17902533,-86.52729936
2007,2,4,Weekday,1700,1-Car,No injury/unknown,BRAKE FAILURE OR DEFECTIVE,17TH ST & INDIANA,39.179024,-86.5272
2007,5,3,Weekday,2100,2-Car,No injury/unknown,FOLLOWING TOO CLOSELY,17TH ST & JACKSON,39.179024,-86.539616
2007,5,4,Weekday,0,1-Car,No injury/unknown,CELL PHONE USAGE,17TH ST & INDIANA,39.179024,-86.5272
2007,9,7,Weekend,1000,2-Car,No injury/unknown,DRIVER DISTRACTED - EXPLAIN IN NARRATIVE,17 STREET ST & INDIANA,39.179024,-86.5272
2007,9,3,Weekday,1700,2-Car,No injury/unknown,FAILURE TO YIELD RIGHT OF WAY,E 17TH ST & INDIANA,39.179024,-86.5272
2007,9,3,Weekday,1200,2-Car,No injury/unknown,SPEED TOO FAST FOR WEATHER CONDITIONS,INDIANA & SEVENTEENTH ST,39.179024,-86.5272
2007,9,3,Weekday,1200,2-Car,No injury/unknown,SPEED TOO FAST FOR WEATHER CONDITIONS,INDIANA & SEVENTEENTH ST,39.179024,-86.5272
2007,10,2,Weekday,800,2-Car,Non-incapacitating,FAILURE TO YIELD RIGHT OF WAY,110 N JACKSON & 600 W 17TH ST,39.179024,-86.539616
2007,11,3,Weekday,1400,2-Car,No injury/unknown,FAILURE TO YIELD RIGHT OF WAY,17TH & INDIANA AVE,39.179024,-86.5272
2007,9,7,Weekend,2300,2-Car,No injury/unknown,UNSAFE BACKING,DUNN ST,39.179022,-86.528328
2007,9,5,Weekday,1200,2-Car,No injury/unknown,FAILURE TO YIELD RIGHT OF WAY,E SEVENTEENTH ST,39.17902,-86.525975
2007,10,7,Weekend,2300,Pedestrian,Non-incapacitating,PEDESTRIAN ACTION,17TH ST & FORREST,39.17902,-86.5225
2007,10,3,Weekday,900,3+ Cars,Non-incapacitating,UNSAFE SPEED,17TH ST & FORREST,39.17902,-86.5225
2007,10,5,Weekday,1000,2-Car,No injury/unknown,OTHER (DRIVER) - EXPLAIN IN NARRATIVE,EAST 17TH ST,39.17902,-86.525975
2007,11,4,Weekday,1500,Bus,No injury/unknown,FAILURE TO YIELD RIGHT OF WAY,EAST SEVENTEENTH ST,39.17902,-86.525975
2007,11,2,Weekday,1300,2-Car,Non-incapacitating,UNSAFE SPEED,17TH ST & FORREST,39.17902,-86.5225
2007,12,3,Weekday,1600,Moped/Motorcycle,Non-incapacitating,OTHER (VEHICLE) - EXPLAIN IN NARRATIVE,EAST 17TH ST,39.17902,-86.525975
2007,11,3,Weekday,900,3+ Cars,No injury/unknown,FOLLOWING TOO CLOSELY,17TH ST & DUNN,39.17901183,-86.52910262
2007,9,3,Weekday,1400,2-Car,No injury/unknown,UNSAFE BACKING,E 17TH ST,39.17901143,-86.53061946
2007,10,5,Weekday,1700,2-Car,No injury/unknown,FAILURE TO YIELD RIGHT OF WAY,E17 TH ST & N DUNN,39.17901,-86.52833
2007,11,7,Weekend,2000,2-Car,No injury/unknown,IMPROPER PASSING,DUNN AVE & SEVENTEENTH,39.17901,-86.52833
2007,1,5,Weekday,1100,2-Car,Non-incapacitating,UNSAFE SPEED,17TH ST & FESS,39.179008,-86.525888
2007,2,6,Weekday,1500,2-Car,No injury/unknown,UNSAFE SPEED,E 17TH ST,39.179008,-86.525888
2007,3,6,Weekend,2000,1-Car,Non-incapacitating,UNSAFE SPEED,E 17TH ST,39.179008,-86.525888
2007,4,6,Weekend,2200,2-Car,Non-incapacitating,CELL PHONE USAGE,E 17TH ST,39.179008,-86.525888
2007,7,3,Weekday,2200,2-Car,Non-incapacitating,FAILURE TO YIELD RIGHT OF WAY,17TH ST & FESS,39.179008,-86.525888
2007,9,3,Weekday,1600,2-Car,No injury/unknown,FOLLOWING TOO CLOSELY,17TH ST & FESS,39.179008,-86.525888
2007,11,5,Weekday,1600,2-Car,No injury/unknown,UNSAFE BACKING,E 17TH ST,39.179008,-86.525888
2007,11,7,Weekend,1400,2-Car,No injury/unknown,UNSAFE BACKING,E 17TH ST,39.179008,-86.525888
2007,11,2,Weekday,1200,2-Car,No injury/unknown,OTHER (DRIVER) - EXPLAIN IN NARRATIVE,17TH ST,39.179008,-86.525888
2007,2,4,Weekday,2100,3+ Cars,No injury/unknown,FOLLOWING TOO CLOSELY,E 17TH ST & FORREST,39.179,-86.523599
2007,4,4,Weekday,1300,2-Car,No injury/unknown,FAILURE TO YIELD RIGHT OF WAY,E  17TH ST,39.179,-86.525975
2007,7,2,Weekday,1000,2-Car,No injury/unknown,DRIVER DISTRACTED - EXPLAIN IN NARRATIVE,WEST 17TH ST,39.179,-86.534923
2007,4,4,Weekday,1200,2-Car,No injury/unknown,UNSAFE BACKING,17TH ST & WOODLAWN,39.178992,-86.523504
2007,5,6,Weekday,800,Moped/Motorcycle,No injury/unknown,OTHER (DRIVER) - EXPLAIN IN NARRATIVE,17TH ST & KINSER,39.178992,-86.537792
2007,5,5,Weekday,600,2-Car,No injury/unknown,FAILURE TO YIELD RIGHT OF WAY,17TH ST & KINSER,39.178992,-86.537792
2007,6,4,Weekday,900,2-Car,No injury/unknown,DISREGARD SIGNAL/REG SIGN,17TH STREET ST & KINSER PIKE,39.178992,-86.537792
2007,6,7,Weekend,200,2-Car,No injury/unknown,FAILURE TO YIELD RIGHT OF WAY,17TH ST & KINSER,39.178992,-86.537792
2007,8,4,Weekday,1300,2-Car,No injury/unknown,OTHER (DRIVER) - EXPLAIN IN NARRATIVE,17TH ST ST & KINSER PK,39.178992,-86.537792
2007,9,7,Weekend,1400,2-Car,No injury/unknown,UNSAFE BACKING,W 17TH ST,39.178992,-86.537792
2007,9,7,Weekend,700,1-Car,No injury/unknown,OTHER (DRIVER) - EXPLAIN IN NARRATIVE,17TH ST,39.178992,-86.523504
2007,11,2,Weekday,1800,2-Car,No injury/unknown,FOLLOWING TOO CLOSELY,17TH ST & WOODLAWN,39.178992,-86.523504
2007,10,7,Weekend,700,2-Car,No injury/unknown,DRIVER DISTRACTED - EXPLAIN IN NARRATIVE,N FEE LN & SEVENTEEN,39.17899,-86.51895
2007,3,5,Weekday,1200,Bus,No injury/unknown,IMPROPER PASSING,W 17TH STREET ST & WOODBURN AVE,39.178976,-86.536032
2007,6,3,Weekday,1700,1-Car,No injury/unknown,OTHER (VEHICLE) - EXPLAIN IN NARRATIVE,E 17TH ST,39.17897394,-86.52938043
2007,3,4,Weekday,2000,2-Car,No injury/unknown,UNSAFE BACKING,E 17TH ST,39.17896359,-86.53312751
2007,5,3,Weekday,1100,1-Car,No injury/unknown,OTHER (DRIVER) - EXPLAIN IN NARRATIVE,17TH ST & COLLEGE,39.17896215,-86.53489642
2007,8,4,Weekday,1700,2-Car,No injury/unknown,FOLLOWING TOO CLOSELY,17TH ST & WALNUT GROVE,39.17896194,-86.52124678
2007,2,6,Weekday,1700,2-Car,No injury/unknown,UNSAFE BACKING,W 17TH ST,39.17896033,-86.53474678
2007,1,4,Weekday,1400,3+ Cars,No injury/unknown,FAILURE TO YIELD RIGHT OF WAY,17 TH ST & COLLEGE,39.17896,-86.53472
2007,2,6,Weekend,2000,2-Car,No injury/unknown,UNSAFE BACKING,W 17TH ST,39.17896,-86.53472
2007,2,4,Weekday,1700,2-Car,No injury/unknown,IMPROPER TURNING,17TH ST & WALNUT GROVE,39.17896,-86.521088
2007,3,2,Weekday,600,2-Car,No injury/unknown,DRIVER ILLNESS,17TH & COLLEGE AVE,39.17896,-86.53472
2007,5,2,Weekday,2100,2-Car,No injury/unknown,FAILURE TO YIELD RIGHT OF WAY,17TH ST & COLLEGE,39.17896,-86.53472
2007,9,6,Weekend,1900,2-Car,No injury/unknown,UNSAFE BACKING,17TH & WALNUT GRV,39.17896,-86.521088
2007,9,6,Weekday,1300,2-Car,No injury/unknown,UNSAFE BACKING,W 17TH ST,39.17896,-86.53472
2007,9,7,Weekend,100,2-Car,Non-incapacitating,ALCOHOLIC BEVERAGES,17TH & COLLEGE AVE,39.17896,-86.53472
2007,11,7,Weekend,1800,2-Car,No injury/unknown,ALCOHOLIC BEVERAGES,E 17TH ST,39.17896,-86.521088
2007,5,6,Weekday,1200,2-Car,No injury/unknown,UNSAFE SPEED,17TH ST & WALNUT,39.17895462,-86.52073518
2007,4,7,Weekend,2000,3+ Cars,No injury/unknown,OTHER (DRIVER) - EXPLAIN IN NARRATIVE,E 17TH ST,39.17895065,-86.52955121
2007,6,5,Weekday,2000,2-Car,No injury/unknown,ALCOHOLIC BEVERAGES,E 17TH ST,39.17895065,-86.52955121
2007,1,4,Weekday,2100,2-Car,No injury/unknown,OTHER (DRIVER) - EXPLAIN IN NARRATIVE,SEVENTEENTH ST,39.17894926,-86.52038464
2007,3,7,Weekend,1400,2-Car,No injury/unknown,IMPROPER TURNING,17TH ST,39.17894926,-86.52038464
2007,11,6,Weekday,1700,2-Car,Non-incapacitating,FAILURE TO YIELD RIGHT OF WAY,E 17TH ST,39.17894926,-86.52038464
2007,4,4,Weekday,1400,2-Car,No injury/unknown,UNSAFE SPEED,17TH ST & FEE,39.17894416,-86.52005045
2007,1,1,Weekday,2200,3+ Cars,No injury/unknown,DRIVER DISTRACTED - EXPLAIN IN NARRATIVE,17TH & WALNUT ST,39.178944,-86.533392
2007,1,1,Weekend,500,2-Car,No injury/unknown,DISREGARD SIGNAL/REG SIGN,17TH & WALNUT ST,39.178944,-86.533392
2007,1,2,Weekday,2000,2-Car,No injury/unknown,DISREGARD SIGNAL/REG SIGN,17TH & WALNUT ST,39.178944,-86.533392
2007,8,2,Weekday,1300,2-Car,No injury/unknown,FAILURE TO YIELD RIGHT OF WAY,17TH ST & GRANT,39.178944,-86.5296
2007,9,4,Weekday,2000,2-Car,Non-incapacitating,DISREGARD SIGNAL/REG SIGN,17TH & WALNUT ST,39.178944,-86.533392
2007,10,2,Weekday,2000,Cyclist,Incapacitating,PEDESTRIAN ACTION,17TH ST & N WALNUT,39.178944,-86.533392
2007,10,5,Weekday,300,1-Car,No injury/unknown,ALCOHOLIC BEVERAGES,17TH & WALNUT ST,39.178944,-86.533392
2007,10,6,Weekday,1700,2-Car,No injury/unknown,FOLLOWING TOO CLOSELY,17TH ST & WALNUT,39.178944,-86.533392
2007,11,7,Weekend,2000,2-Car,Non-incapacitating,DISREGARD SIGNAL/REG SIGN,17TH ST & WALNUT,39.178944,-86.533392
2007,1,1,Weekend,100,2-Car,No injury/unknown,FAILURE TO YIELD RIGHT OF WAY,17TH ST & FEE,39.178928,-86.518992
2007,1,4,Weekday,700,Pedestrian,Non-incapacitating,FAILURE TO YIELD RIGHT OF WAY,17TH & FEE LN,39.178928,-86.518992
2007,2,6,Weekday,0,2-Car,No injury/unknown,DISREGARD SIGNAL/REG SIGN,17TH ST & FEE,39.178928,-86.518992
2007,4,2,Weekday,1700,2-Car,No injury/unknown,FOLLOWING TOO CLOSELY,17TH ST & FEE,39.178928,-86.518992
2007,4,3,Weekday,1700,2-Car,No injury/unknown,FOLLOWING TOO CLOSELY,17TH & FEE LN,39.178928,-86.518992
2007,4,4,Weekday,1800,2-Car,No injury/unknown,FOLLOWING TOO CLOSELY,17TH ST & FEE,39.178928,-86.518992
2007,4,4,Weekday,1100,2-Car,No injury/unknown,IMPROPER LANE USAGE,17TH ST & FEE,39.178928,-86.518992
2007,4,1,Weekend,0,2-Car,No injury/unknown,FAILURE TO YIELD RIGHT OF WAY,17TH ST & FEE,39.178928,-86.518992
2007,4,2,Weekday,1700,2-Car,Non-incapacitating,DISREGARD SIGNAL/REG SIGN,17TH ST & FEE,39.178928,-86.518992
2007,6,7,Weekend,1100,2-Car,No injury/unknown,UNSAFE BACKING,17TH ST & FEE,39.178928,-86.518992
2007,8,2,Weekday,1900,1-Car,No injury/unknown,ROADWAY SURFACE CONDITION,17TH ST & FEE,39.178928,-86.518992
2007,9,1,Weekend,0,2-Car,No injury/unknown,FAILURE TO YIELD RIGHT OF WAY,17TH ST & FEE,39.178928,-86.518992
2007,9,4,Weekday,1000,Pedestrian,Non-incapacitating,DISREGARD SIGNAL/REG SIGN,17TH ST & FEE,39.178928,-86.518992
2007,12,2,Weekday,700,1-Car,Non-incapacitating,SPEED TOO FAST FOR WEATHER CONDITIONS,17TH ST & FEE,39.178928,-86.518992
2007,5,4,Weekday,800,2-Car,Non-incapacitating,OTHER (DRIVER) - EXPLAIN IN NARRATIVE,17TH & MADISON ST,39.17885471,-86.53778784
2007,1,3,Weekday,1700,2-Car,No injury/unknown,FAILURE TO YIELD RIGHT OF WAY,E 17TH & N JORDAN AVE,39.178848,-86.511088
2007,2,6,Weekday,0,2-Car,Non-incapacitating,IMPROPER TURNING,17TH ST & JORDAN,39.178848,-86.511088
2007,4,4,Weekday,1400,2-Car,No injury/unknown,UNSAFE BACKING,E 17TH ST,39.178848,-86.51192519
2007,8,2,Weekday,1300,2-Car,No injury/unknown,DRIVER DISTRACTED - EXPLAIN IN NARRATIVE,17TH ST & JORDAN,39.178848,-86.511088
2007,8,5,Weekday,1300,2-Car,No injury/unknown,FAILURE TO YIELD RIGHT OF WAY,JORDAN & SEVENTEENTH ST,39.178848,-86.511088
2007,8,2,Weekday,1400,Moped/Motorcycle,Non-incapacitating,OTHER (DRIVER) - EXPLAIN IN NARRATIVE,17TH ST & JORDAN,39.178848,-86.511088
2007,9,5,Weekday,1800,3+ Cars,Non-incapacitating,FAILURE TO YIELD RIGHT OF WAY,17TH ST & JORDAN,39.178848,-86.511088
2007,9,6,Weekday,1100,2-Car,No injury/unknown,OVERCORRECTING/OVERSTEERING,600 NORTH JORDAN PARKING LOT AVE & JORDAN,39.178848,-86.511088
2007,9,5,Weekday,1400,2-Car,No injury/unknown,OTHER (DRIVER) - EXPLAIN IN NARRATIVE,E 17TH & N JORDAN AVE,39.178848,-86.511088
2007,12,2,Weekday,1100,2-Car,No injury/unknown,CELL PHONE USAGE,17TH ST & N JORDAN EXTENSION,39.178848,-86.51135266
2007,12,5,Weekday,2100,1-Car,No injury/unknown,DRIVER DISTRACTED - EXPLAIN IN NARRATIVE,E 17TH ST,39.178848,-86.51192519
2007,12,5,Weekday,200,3+ Cars,No injury/unknown,ROADWAY SURFACE CONDITION,17TH & NORTH JORDAN AVE,39.178848,-86.511088
2007,9,4,Weekday,1400,1-Car,No injury/unknown,ROADWAY SURFACE CONDITION,HENSONBURG & VERNAL PIKE,39.17872887,-86.56172527
2007,9,4,Weekday,1400,1-Car,No injury/unknown,ROADWAY SURFACE CONDITION,HENSONBURG & VERNAL PIKE,39.17872887,-86.56172527
2007,3,3,Weekday,1500,2-Car,No injury/unknown,OTHER (DRIVER) - EXPLAIN IN NARRATIVE,2ND & PATTERSON DR,39.17856089,-86.550599
2007,11,6,Weekday,1600,2-Car,Non-incapacitating,RAN OFF ROAD RIGHT,BURKS & S WALNUT ST,39.17838952,-86.52672
2007,8,6,Weekend,1900,2-Car,No injury/unknown,UNSAFE BACKING,16TH & WASHINGTON ST,39.17802744,-86.53216175
2007,7,3,Weekday,1500,2-Car,No injury/unknown,DISREGARD SIGNAL/REG SIGN,1ST ST & WASHINGTON,39.177808,-86.532176
2007,1,2,Weekday,2000,2-Car,No injury/unknown,OTHER (DRIVER) - EXPLAIN IN NARRATIVE,1ST ST & LINCOLN,39.177792,-86.530864
2007,2,1,Weekday,2100,2-Car,No injury/unknown,UNSAFE BACKING,16TH & N LINCOLN ST,39.177792,-86.530864
2007,11,6,Weekend,2100,3+ Cars,Non-incapacitating,DRIVER DISTRACTED - EXPLAIN IN NARRATIVE,1ST & 614 S LINCOLN ST,39.177792,-86.530864
2007,7,1,Weekend,1100,2-Car,No injury/unknown,OTHER (DRIVER) - EXPLAIN IN NARRATIVE,16TH & N MADISON ST,39.177744,-86.53776
2007,5,4,Weekday,1300,2-Car,No injury/unknown,FAILURE TO YIELD RIGHT OF WAY,SR37S & VERNAL,39.1775537,-86.5612041
2007,2,1,Weekend,700,1-Car,Non-incapacitating,SPEED TOO FAST FOR WEATHER CONDITIONS,100 BLK KINGSTON DR & EAST THIRD,39.17747606,-86.492801
2007,11,7,Weekend,2100,2-Car,No injury/unknown,FAILURE TO YIELD RIGHT OF WAY,EIGHTH & NORTH COLLEGE AVE,39.17744183,-86.53484
2007,1,6,Weekday,1400,2-Car,Non-incapacitating,DISREGARD SIGNAL/REG SIGN,SR37N & VERNAL,39.17737768,-86.5609886
2007,1,6,Weekday,700,2-Car,No injury/unknown,FOLLOWING TOO CLOSELY,SR37 & VERNAL PIKE,39.17737768,-86.5609886
2007,2,7,Weekend,1600,2-Car,Non-incapacitating,FOLLOWING TOO CLOSELY,SR37 & VERNAL,39.17737768,-86.5609886
2007,2,1,Weekend,1400,2-Car,No injury/unknown,FOLLOWING TOO CLOSELY,SR37S & VERNAL,39.17737768,-86.5609886
2007,3,5,Weekday,1500,2-Car,No injury/unknown,FOLLOWING TOO CLOSELY,SR37S & VERNAL PIKE,39.17737768,-86.5609886
2007,5,6,Weekend,1900,2-Car,No injury/unknown,FOLLOWING TOO CLOSELY,SR37S & VERNAL,39.17737768,-86.5609886
2007,7,2,Weekday,1400,2-Car,Non-incapacitating,FOLLOWING TOO CLOSELY,SR37N & VERNAL,39.17737768,-86.5609886
2007,10,2,Weekday,1800,2-Car,No injury/unknown,FOLLOWING TOO CLOSELY,SR37 & VERNAL,39.17737768,-86.5609886
2007,11,2,Weekday,2200,1-Car,Non-incapacitating,OTHER (ENVIRONMENTAL) - EXPLAIN IN NARR,SR37N & VERNAL,39.17737768,-86.5609886
2007,1,7,Weekend,2000,2-Car,No injury/unknown,UNSAFE BACKING,FIRE DRIVE OF 1225 N FEE LN DR,39.17729391,-86.5189799
2007,11,5,Weekday,1500,2-Car,No injury/unknown,OTHER (DRIVER) - EXPLAIN IN NARRATIVE,N FEE LN,39.17729391,-86.5189799
2007,12,7,Weekend,700,2-Car,No injury/unknown,OTHER (ENVIRONMENTAL) - EXPLAIN IN NARR,CURRY PIKE & W VERNAL,39.17719476,-86.58317553
2007,5,7,Weekend,1300,2-Car,No injury/unknown,FAILURE TO YIELD RIGHT OF WAY,15TH & INDIANA AVE,39.177152,-86.527152
2007,8,5,Weekday,1700,Moped/Motorcycle,Non-incapacitating,IMPROPER PASSING,LINGELBACH & N JORDAN AVE,39.17715,-86.51253
2007,4,3,Weekday,1700,3+ Cars,No injury/unknown,OTHER (DRIVER) - EXPLAIN IN NARRATIVE,SR37S & VERNAL,39.17714982,-86.56168247
2007,10,3,Weekday,1600,2-Car,No injury/unknown,UNSAFE SPEED,SR37S & VERNAL,39.17714982,-86.56168247
2007,10,4,Weekday,2100,1-Car,No injury/unknown,ANIMAL/OBJECT IN ROADWAY,SR37S & VERNAL,39.17714982,-86.56168247
2007,9,2,Weekday,900,2-Car,Non-incapacitating,FAILURE TO YIELD RIGHT OF WAY,ETTER & SR45E,39.17714235,-86.47775636
2007,2,4,Weekday,2000,2-Car,No injury/unknown,FAILURE TO YIELD RIGHT OF WAY,LINGLEBACH & N JORDAN AVE,39.17713521,-86.51255573
2007,3,6,Weekend,2300,2-Car,No injury/unknown,OTHER (DRIVER) - EXPLAIN IN NARRATIVE,NORTH FEE LN,39.177121,-86.518839
2007,7,6,Weekday,900,2-Car,No injury/unknown,LEFT OF CENTER,CRESCENT & VERNAL PIKE,39.17704448,-86.558807
2007,2,4,Weekday,1800,2-Car,No injury/unknown,FAILURE TO YIELD RIGHT OF WAY,N COLLEGE AVE,39.1769498,-86.53473546
2007,5,6,Weekday,1200,1-Car,No injury/unknown,JACKKNIFING,SR37S & VERNAL,39.17694788,-86.56192165
2007,6,6,Weekday,1600,2-Car,No injury/unknown,OTHER (DRIVER) - EXPLAIN IN NARRATIVE,SR37N & VERNAL,39.17694788,-86.56192165
2007,5,5,Weekday,2000,2-Car,No injury/unknown,OTHER (DRIVER) - EXPLAIN IN NARRATIVE,15TH ST & DUNN,39.17693763,-86.52880125
2007,10,4,Weekday,1400,2-Car,No injury/unknown,OTHER (DRIVER) - EXPLAIN IN NARRATIVE,E 15TH ST,39.17692833,-86.5295729
2007,8,1,Weekend,1300,2-Car,No injury/unknown,OTHER (DRIVER) - EXPLAIN IN NARRATIVE,15TH ST & GRANT,39.176928,-86.5296
2007,10,4,Weekday,700,2-Car,No injury/unknown,OTHER (DRIVER) - EXPLAIN IN NARRATIVE,E 15TH ST & N GRANT,39.176928,-86.5296
2007,4,2,Weekday,2000,2-Car,No injury/unknown,FAILURE TO YIELD RIGHT OF WAY,15TH ST & LINCOLN,39.176896,-86.53088