Year,Month,Day,Weekend?,Hour,Collision Type,Injury Type,Primary Factor,Reported_Location,Latitude,Longitude
2007,8,5,Weekday,2300,2-Car,No injury/unknown,ALCOHOLIC BEVERAGES,E 15TH & N LINCOLN ST,39.176896,-86.53088
2007,2,4,Weekday,900,2-Car,No injury/unknown,UNSAFE BACKING,COTTAGE & WALNUT GRV,39.17689017,-86.520999
2007,10,7,Weekend,1300,2-Car,No injury/unknown,IMPROPER LANE USAGE,1ST ST & COLLEGE,39.17688,-86.534736
2007,3,2,Weekday,1900,2-Car,No injury/unknown,FAILURE TO YIELD RIGHT OF WAY,EAST 3ED & PETE ELLIS DR,39.1768749,-86.4949
2007,12,7,Weekend,200,1-Car,No injury/unknown,RAN OFF ROAD RIGHT,15TH ST & ILLINOIS,39.176848,-86.55073338
2007,1,1,Weekend,1600,2-Car,No injury/unknown,SPEED TOO FAST FOR WEATHER CONDITIONS,10 TH ST & SR45,39.176848,-86.478192
2007,1,3,Weekday,1700,2-Car,No injury/unknown,FOLLOWING TOO CLOSELY,10TH & SR46E,39.176848,-86.478192
2007,3,1,Weekend,900,2-Car,No injury/unknown,OTHER (DRIVER) - EXPLAIN IN NARRATIVE,E 10TH & SR46E,39.176848,-86.478192
2007,4,6,Weekday,1300,2-Car,No injury/unknown,OTHER (DRIVER) - EXPLAIN IN NARRATIVE,15TH & NORTH WALNUT ST,39.176848,-86.533424
2007,5,6,Weekday,1700,2-Car,No injury/unknown,FAILURE TO YIELD RIGHT OF WAY,15TH & WALNUT ST,39.176848,-86.533424
2007,7,6,Weekday,1200,2-Car,No injury/unknown,UNSAFE SPEED,EAST 10TH & SR46S,39.176848,-86.478192
2007,7,6,Weekday,1700,2-Car,No injury/unknown,FAILURE TO YIELD RIGHT OF WAY,SR45 & TENTH ST,39.176848,-86.478192
2007,7,5,Weekday,1400,2-Car,No injury/unknown,FOLLOWING TOO CLOSELY,E 10TH & SR46S,39.176848,-86.478192
2007,8,2,Weekday,1800,2-Car,Non-incapacitating,FOLLOWING TOO CLOSELY,EAST 10TH & SR46,39.176848,-86.478192
2007,9,7,Weekend,2300,2-Car,No injury/unknown,FAILURE TO YIELD RIGHT OF WAY,15TH & WALNUT ST,39.176848,-86.533424
2007,10,3,Weekday,1000,2-Car,Non-incapacitating,FAILURE TO YIELD RIGHT OF WAY,E 10TH & SR45E,39.176848,-86.478192
2007,6,3,Weekday,1100,2-Car,No injury/unknown,IMPROPER LANE USAGE,SR37S & VERNAL,39.17684691,-86.56204123
2007,9,1,Weekend,800,Moped/Motorcycle,No injury/unknown,OTHER (DRIVER) - EXPLAIN IN NARRATIVE,ALLEN & PATTERSON DR,39.17677404,-86.54331
2007,4,1,Weekend,100,2-Car,Non-incapacitating,ALCOHOLIC BEVERAGES,NORTH MADISON & WEST 15TH ST,39.17664,-86.537712
2007,10,6,Weekday,200,1-Car,No injury/unknown,OTHER (DRIVER) - EXPLAIN IN NARRATIVE,15TH ST & FAIRVIEW,39.17664,-86.540992
2007,1,1,Weekend,1500,3+ Cars,Non-incapacitating,FOLLOWING TOO CLOSELY,SR37N & VERNAL PIKE,39.176544,-86.5624
2007,1,3,Weekday,1500,2-Car,No injury/unknown,FOLLOWING TOO CLOSELY,SR37 & VERNAL,39.176544,-86.5624
2007,2,1,Weekend,800,1-Car,Non-incapacitating,RAN OFF ROAD RIGHT,SR37S & VERNAL,39.176544,-86.5624
2007,2,6,Weekday,1500,2-Car,Non-incapacitating,IMPROPER TURNING,SR37S & VERNAL,39.176544,-86.5624
2007,4,4,Weekday,1300,3+ Cars,No injury/unknown,FOLLOWING TOO CLOSELY,SR37N & VERNAL,39.176544,-86.5624
2007,5,6,Weekday,1300,2-Car,No injury/unknown,FOLLOWING TOO CLOSELY,SR37S & VERNAL,39.176544,-86.5624
2007,5,4,Weekday,1700,2-Car,No injury/unknown,FAILURE TO YIELD RIGHT OF WAY,SR37N & VERNAL,39.176544,-86.5624
2007,7,2,Weekday,1000,2-Car,Non-incapacitating,OTHER (DRIVER) - EXPLAIN IN NARRATIVE,SR37N & VERNAL,39.176544,-86.5624
2007,7,4,Weekday,1600,2-Car,No injury/unknown,FOLLOWING TOO CLOSELY,SR37 & VERNAL PIKE,39.176544,-86.5624
2007,9,5,Weekday,1400,2-Car,No injury/unknown,FOLLOWING TOO CLOSELY,SR37N & VERNAL PK,39.176544,-86.5624
2007,9,3,Weekday,1200,2-Car,No injury/unknown,ROADWAY SURFACE CONDITION,SR37N & VERNAL PIKE,39.176544,-86.5624
2007,10,3,Weekday,800,2-Car,No injury/unknown,SPEED TOO FAST FOR WEATHER CONDITIONS,SR37N & VERNAL PIKE,39.176544,-86.5624
2007,10,3,Weekday,1700,3+ Cars,No injury/unknown,FOLLOWING TOO CLOSELY,SR37S & VERNAL,39.176544,-86.5624
2007,11,3,Weekday,1500,3+ Cars,No injury/unknown,OTHER (DRIVER) - EXPLAIN IN NARRATIVE,SR37N & VERNAL,39.176544,-86.5624
2007,12,3,Weekday,1000,2-Car,No injury/unknown,SPEED TOO FAST FOR WEATHER CONDITIONS,SR37N & VERNAL,39.176544,-86.5624
2007,10,6,Weekday,1200,2-Car,No injury/unknown,UNSAFE BACKING,EAST LINGLEBACH LN,39.176537,-86.509897
2007,11,7,Weekend,1500,Pedestrian,No injury/unknown,OTHER (DRIVER) - EXPLAIN IN NARRATIVE,14TH & FESS AVE,39.17651463,-86.52584476
2007,2,4,Weekday,1500,2-Car,No injury/unknown,FAILURE TO YIELD RIGHT OF WAY,CURRY PIKE & VERNAL,39.17650909,-86.58312857
2007,9,1,Weekend,1200,3+ Cars,No injury/unknown,RAN OFF ROAD RIGHT,N LINDBERGH RD,39.1764682,-86.552592
2007,2,2,Weekday,1100,2-Car,No injury/unknown,IMPROPER LANE USAGE,SR 37 & VERNAL PIKE,39.17642487,-86.56229999
2007,6,7,Weekend,2300,2-Car,Non-incapacitating,SPEED TOO FAST FOR WEATHER CONDITIONS,STATE ROAD 37 & VERNAL PIKE,39.17642487,-86.56229999
2007,11,5,Weekday,1600,2-Car,Non-incapacitating,FOLLOWING TOO CLOSELY,SR37N & W VERNAL PIKE,39.17642487,-86.56230432
2007,4,7,Weekend,1300,2-Car,No injury/unknown,SPEED TOO FAST FOR WEATHER CONDITIONS,SR37N & VERNAL,39.1764055,-86.56259591
2007,1,3,Weekday,1700,2-Car,Non-incapacitating,FOLLOWING TOO CLOSELY,E TENTH & SR45S,39.17636303,-86.47904783
2007,2,3,Weekday,1100,2-Car,No injury/unknown,FOLLOWING TOO CLOSELY,SR37N & VERNAL,39.17635934,-86.56266121
2007,3,7,Weekend,800,2-Car,No injury/unknown,ROADWAY SURFACE CONDITION,SR37N & VERNAL,39.17635934,-86.56266121
2007,10,6,Weekday,1700,2-Car,No injury/unknown,DRIVER DISTRACTED - EXPLAIN IN NARRATIVE,SR37S & VERNAL,39.17635934,-86.56266121
2007,11,4,Weekday,1100,2-Car,No injury/unknown,FOLLOWING TOO CLOSELY,SR37S & VERNAL PIKE,39.17635934,-86.56266121
2007,8,4,Weekday,2100,2-Car,Non-incapacitating,FOLLOWING TOO CLOSELY,SR37N & VERNAL,39.1763224,-86.56271345
2007,10,3,Weekday,1300,2-Car,Non-incapacitating,FAILURE TO YIELD RIGHT OF WAY,14TH ST & FESS,39.17624,-86.52584
2007,10,2,Weekday,1600,2-Car,No injury/unknown,OTHER (DRIVER) - EXPLAIN IN NARRATIVE,14TH ST & FESS,39.17624,-86.52584
2007,11,4,Weekday,1300,2-Car,No injury/unknown,VIEW OBSTRUCTED,FESS & FOURTEENTH ST,39.17624,-86.52584
2007,1,5,Weekday,1700,2-Car,Non-incapacitating,FOLLOWING TOO CLOSELY,SR37N & VERNAL,39.17622084,-86.56285712
2007,1,5,Weekday,900,2-Car,No injury/unknown,FAILURE TO YIELD RIGHT OF WAY,14TH & INDIANA AVE,39.176192,-86.52712
2007,11,6,Weekday,1700,2-Car,No injury/unknown,FAILURE TO YIELD RIGHT OF WAY,14TH & INDIANA AVE,39.176192,-86.52712
2007,1,5,Weekday,1700,2-Car,No injury/unknown,SPEED TOO FAST FOR WEATHER CONDITIONS,SR37N & W VERNAL,39.17617467,-86.56292242
2007,6,1,Weekend,1500,2-Car,No injury/unknown,ROADWAY SURFACE CONDITION,SR37N & VERNAL,39.17617467,-86.56292242
2007,10,6,Weekday,1500,2-Car,No injury/unknown,FOLLOWING TOO CLOSELY,SR37 & VERNAL,39.17617467,-86.56292242
2007,4,6,Weekday,1800,2-Car,Non-incapacitating,FAILURE TO YIELD RIGHT OF WAY,DUNN & E 14TH ST,39.17616,-86.528224
2007,2,7,Weekend,800,3+ Cars,No injury/unknown,OTHER (DRIVER) - EXPLAIN IN NARRATIVE,S WOODLAWN AVE,39.176144,-86.523504
2007,9,6,Weekday,0,2-Car,No injury/unknown,UNSAFE BACKING,COLLEGE AVE,39.17609371,-86.534736
2007,1,1,Weekend,400,2-Car,No injury/unknown,ALCOHOLIC BEVERAGES,ALLEN & SOUTH LINCOLN ST,39.17605486,-86.53089502
2007,6,7,Weekend,900,2-Car,No injury/unknown,,N ROGERS ST,39.17605029,-86.53850971
2007,10,7,Weekend,1000,2-Car,No injury/unknown,FAILURE TO YIELD RIGHT OF WAY,300 E 14TH ST & NORTH LINCOLN,39.176,-86.530896
2007,11,3,Weekday,1500,2-Car,No injury/unknown,FOLLOWING TOO CLOSELY,SR37N & VERNAL,39.17599001,-86.56318363
2007,7,3,Weekday,300,1-Car,No injury/unknown,,N COLLEGE AVE & W 14TH,39.175984,-86.534736
2007,9,3,Weekday,1300,2-Car,No injury/unknown,UNSAFE BACKING,N COLLEGE AVE,39.175984,-86.534736
2007,11,5,Weekday,1000,2-Car,No injury/unknown,IMPROPER PASSING,S COLLEGE AVE & W 14TH,39.175984,-86.534736
2007,11,3,Weekday,1700,2-Car,Non-incapacitating,UNSAFE BACKING,COLLEGE & W 14TH ST,39.175984,-86.534736
2007,3,6,Weekday,1700,2-Car,No injury/unknown,FAILURE TO YIELD RIGHT OF WAY,14TH & WALNUT ST,39.175952,-86.53344
2007,4,7,Weekend,1300,2-Car,No injury/unknown,IMPROPER TURNING,14TH & NORTH WALNUT ST,39.175952,-86.53344
2007,7,1,Weekday,1900,2-Car,No injury/unknown,FAILURE TO YIELD RIGHT OF WAY,14TH & WALNUT ST,39.175952,-86.53344
2007,7,7,Weekend,1600,2-Car,No injury/unknown,UNSAFE BACKING,1100 N WALNUT (PARKING LOT) GRV & 14TH,39.175952,-86.53344
2007,9,7,Weekend,1500,2-Car,No injury/unknown,UNSAFE SPEED,14TH & WALNUT ST,39.175952,-86.53344
2007,9,2,Weekday,1600,Cyclist,Non-incapacitating,FAILURE TO YIELD RIGHT OF WAY,14TH & WALNUT ST,39.175952,-86.53344
2007,10,2,Weekday,2000,2-Car,No injury/unknown,FOLLOWING TOO CLOSELY,14TH & N WALNUT ST,39.175952,-86.53344
2007,11,3,Weekday,1400,2-Car,No injury/unknown,IMPROPER TURNING,14TH & WALNUT ST,39.175952,-86.53344
2007,12,4,Weekday,600,2-Car,No injury/unknown,IMPROPER PASSING,14TH ST & WALNUT ST ST,39.175952,-86.53344
2007,4,1,Weekend,1200,1-Car,No injury/unknown,FAILURE TO YIELD RIGHT OF WAY,FEE LN,39.175948,-86.518937
2007,6,5,Weekday,1500,2-Car,Non-incapacitating,FOLLOWING TOO CLOSELY,SR37N & VERNAL,39.17589768,-86.56331423
2007,9,6,Weekday,1600,1-Car,No injury/unknown,RAN OFF ROAD RIGHT,SR37N & VERNAL,39.17589768,-86.56331423
2007,11,4,Weekday,1300,2-Car,No injury/unknown,FAILURE TO YIELD RIGHT OF WAY,BROWNSTONE ST,39.17585822,-86.53229123
2007,1,5,Weekday,1700,2-Car,Non-incapacitating,SPEED TOO FAST FOR WEATHER CONDITIONS,SR37N & W VERNAL,39.17562068,-86.56370604
2007,2,5,Weekday,700,2-Car,No injury/unknown,FOLLOWING TOO CLOSELY,SR37N & VERNAL,39.17562068,-86.56370604
2007,3,7,Weekend,800,2-Car,No injury/unknown,ROADWAY SURFACE CONDITION,SR37N & W VERNAL,39.17562068,-86.56370604
2007,3,4,Weekday,200,2-Car,No injury/unknown,OTHER (DRIVER) - EXPLAIN IN NARRATIVE,CALLERY & TAMARRON DR,39.175595,-86.48449775
2007,11,2,Weekday,2200,1-Car,No injury/unknown,SPEED TOO FAST FOR WEATHER CONDITIONS,13TH & DUNN ST,39.175552,-86.528192
2007,11,2,Weekday,0,1-Car,No injury/unknown,SPEED TOO FAST FOR WEATHER CONDITIONS,13TH & DUNN ST,39.175552,-86.528192
2007,2,7,Weekend,1400,2-Car,No injury/unknown,FAILURE TO YIELD RIGHT OF WAY,EAST 13TH & N INDIANA AVE,39.175504,-86.527104
2007,2,2,Weekday,1400,2-Car,No injury/unknown,FAILURE TO YIELD RIGHT OF WAY,13TH & INDIANA AVE,39.175504,-86.527104
2007,4,5,Weekday,1600,2-Car,No injury/unknown,FAILURE TO YIELD RIGHT OF WAY,13 TH ST & INDIANA,39.175504,-86.527104
2007,5,5,Weekday,1500,2-Car,No injury/unknown,FAILURE TO YIELD RIGHT OF WAY,13TH & N INDIANA AVE,39.175504,-86.527104
2007,8,7,Weekend,2000,2-Car,No injury/unknown,DISREGARD SIGNAL/REG SIGN,13TH & INDIANA AVE,39.175504,-86.527104
2007,8,6,Weekend,2100,2-Car,No injury/unknown,FAILURE TO YIELD RIGHT OF WAY,13TH & INDIANA AVE,39.175504,-86.527104
2007,9,3,Weekday,1400,2-Car,No injury/unknown,FAILURE TO YIELD RIGHT OF WAY,13TH & INDIANA AVE,39.175504,-86.527104
2007,9,7,Weekend,1500,2-Car,No injury/unknown,FAILURE TO YIELD RIGHT OF WAY,13TH & INDIANA AVE,39.175504,-86.527104
2007,9,7,Weekend,1400,2-Car,No injury/unknown,FAILURE TO YIELD RIGHT OF WAY,13TH & INDIANA AVE,39.175504,-86.527104
2007,10,2,Weekday,1400,Bus,No injury/unknown,FAILURE TO YIELD RIGHT OF WAY,13TH & INDIANA AVE,39.175504,-86.527104
2007,10,3,Weekday,1700,2-Car,Non-incapacitating,FAILURE TO YIELD RIGHT OF WAY,13TH & INDIANA AVE,39.175504,-86.527104
2007,11,2,Weekday,1700,3+ Cars,Non-incapacitating,FAILURE TO YIELD RIGHT OF WAY,13TH & INDIANA AVE,39.175504,-86.527104
2007,11,1,Weekday,2000,2-Car,Non-incapacitating,FAILURE TO YIELD RIGHT OF WAY,13TH & INDIANA AVE,39.175504,-86.527104
2007,7,7,Weekend,2300,2-Car,No injury/unknown,RAN OFF ROAD RIGHT,CRESCENT RD,39.17544,-86.556512
2007,12,1,Weekend,900,2-Car,No injury/unknown,RAN OFF ROAD RIGHT,N CRESCENT RD,39.17544,-86.556512
2007,2,2,Weekday,1800,1-Car,No injury/unknown,OTHER (DRIVER) - EXPLAIN IN NARRATIVE,NORTH RANGE RD,39.1753,-86.495499
2007,1,4,Weekday,2100,3+ Cars,Non-incapacitating,FAILURE TO YIELD RIGHT OF WAY,E 13TH ST & WALNUT GROVE,39.175232,-86.520976
2007,2,1,Weekend,1200,2-Car,No injury/unknown,FAILURE TO YIELD RIGHT OF WAY,13TH ST & WALNUT,39.175232,-86.520976
2007,2,3,Weekday,1400,2-Car,No injury/unknown,FAILURE TO YIELD RIGHT OF WAY,13TH ST & WALNUT,39.175232,-86.520976
2007,3,5,Weekday,1500,2-Car,No injury/unknown,DISREGARD SIGNAL/REG SIGN,13TH ST & WALNUT GROVE,39.175232,-86.520976
2007,4,4,Weekday,1000,2-Car,Non-incapacitating,FAILURE TO YIELD RIGHT OF WAY,THIRTEENTH ST & WALNUT,39.175232,-86.520976
2007,8,3,Weekday,1700,2-Car,No injury/unknown,IMPROPER TURNING,13TH ST & WALNUT GROVE,39.175232,-86.520976
2007,10,2,Weekday,700,2-Car,Non-incapacitating,HEADLIGHT DEFECTIVE OR NOT ON,THIRTEENTH ST & WALNUT,39.175232,-86.520976
2007,11,3,Weekday,800,2-Car,No injury/unknown,FAILURE TO YIELD RIGHT OF WAY,THIRTEENTH ST & WALNUT GROVE,39.175232,-86.520976
2007,12,5,Weekday,1500,2-Car,No injury/unknown,FAILURE TO YIELD RIGHT OF WAY,THIRTEENTH ST & WALNUT,39.175232,-86.520976
2007,9,4,Weekday,1100,2-Car,Non-incapacitating,FAILURE TO YIELD RIGHT OF WAY,13TH ST & WALNUT,39.17520359,-86.52027121
2007,1,7,Weekend,1500,2-Car,No injury/unknown,ROADWAY SURFACE CONDITION,SR37N & VERNAL,39.17515901,-86.56435905
2007,1,3,Weekday,1800,Pedestrian,Non-incapacitating,UNSAFE SPEED,13TH ST & FEE,39.175152,-86.518992
2007,4,3,Weekday,1400,2-Car,No injury/unknown,UNSAFE BACKING,N SUMMIT AVE & W 13TH,39.175152,-86.548048
2007,8,4,Weekday,1700,2-Car,No injury/unknown,UNSAFE BACKING,N FEE LN,39.175152,-86.518992
2007,9,6,Weekday,1700,2-Car,No injury/unknown,OTHER (DRIVER) - EXPLAIN IN NARRATIVE,FEE & THIRTEENTH ST,39.175152,-86.518992
2007,10,4,Weekday,1600,2-Car,No injury/unknown,UNSAFE BACKING,N FEE LN,39.175152,-86.518992
2007,11,3,Weekday,2200,2-Car,No injury/unknown,UNSAFE BACKING,N FEE LN,39.175152,-86.518992
2007,11,6,Weekday,1700,2-Car,No injury/unknown,UNSAFE BACKING,N FEE LN,39.175152,-86.518992
2007,12,2,Weekday,1800,2-Car,No injury/unknown,UNSAFE BACKING,N FEE LN,39.175152,-86.518992
2007,2,3,Weekday,1300,1-Car,No injury/unknown,RAN OFF ROAD RIGHT,FEE LN,39.175103,-86.518995
2007,3,2,Weekday,1600,2-Car,No injury/unknown,UNSAFE BACKING,FEE LN,39.175103,-86.518995
2007,7,2,Weekday,1700,2-Car,No injury/unknown,UNSAFE BACKING,CRESCENT RD & VERNAL,39.17504,-86.556496
2007,11,3,Weekday,1000,2-Car,No injury/unknown,OTHER (DRIVER) - EXPLAIN IN NARRATIVE,900 NORTH MONROE ST & ORRIS,39.17504,-86.547104
2007,10,4,Weekday,1600,2-Car,No injury/unknown,LEFT OF CENTER,CRESENT & VERNAL PIKE,39.17498,-86.55652269
2007,10,2,Weekday,1900,2-Car,No injury/unknown,FAILURE TO YIELD RIGHT OF WAY,JORDAN AVE & LAW,39.17476808,-86.51466999
2007,11,3,Weekday,1800,2-Car,No injury/unknown,FOLLOWING TOO CLOSELY,JORDAN AVE & LAW,39.17476808,-86.51466999
2007,1,6,Weekday,1500,2-Car,No injury/unknown,UNSAFE BACKING,TAMARRON CT,39.174611,-86.482888
2007,10,1,Weekend,1400,2-Car,No injury/unknown,LEFT OF CENTER,E 12TH ST & GRANT,39.174448,-86.529696
2007,1,4,Weekday,1800,2-Car,No injury/unknown,OTHER (DRIVER) - EXPLAIN IN NARRATIVE,12TH ST & LINCOLN,39.174416,-86.530992
2007,5,6,Weekday,1300,2-Car,Non-incapacitating,FAILURE TO YIELD RIGHT OF WAY,INDIANA AVE & THIRTEENTH,39.174404,-86.526999
2007,4,6,Weekday,1300,2-Car,Non-incapacitating,IMPROPER TURNING,14 TH ST & WALNUT ST ST,39.174403,-86.533599
2007,3,3,Weekday,900,2-Car,No injury/unknown,DISREGARD SIGNAL/REG SIGN,12TH & INDIANA AVE,39.174368,-86.527088
2007,5,4,Weekday,1400,2-Car,No injury/unknown,FAILURE TO YIELD RIGHT OF WAY,12TH & INDIANA AVE,39.174368,-86.527088
2007,9,7,Weekend,1900,2-Car,No injury/unknown,FAILURE TO YIELD RIGHT OF WAY,12TH & INDIANA AVE,39.174368,-86.527088
2007,9,1,Weekend,100,2-Car,No injury/unknown,UNSAFE BACKING,12TH ST & WASHINGTON,39.174368,-86.5324
2007,12,2,Weekday,1200,2-Car,No injury/unknown,FAILURE TO YIELD RIGHT OF WAY,12TH & INDIANA AVE,39.174368,-86.527088
2007,5,1,Weekday,1900,Cyclist,Non-incapacitating,PEDESTRIAN ACTION,12TH ST & SUMMIT,39.17435201,-86.54870572
2007,1,2,Weekday,900,2-Car,No injury/unknown,FAILURE TO YIELD RIGHT OF WAY,12TH & MONROE ST,39.174352,-86.547104
2007,4,1,Weekend,1800,2-Car,Non-incapacitating,FAILURE TO YIELD RIGHT OF WAY,12TH ST & LINDBERGH,39.174352,-86.552592
2007,1,6,Weekday,700,1-Car,No injury/unknown,SPEED TOO FAST FOR WEATHER CONDITIONS,12TH ST & WOODLAWN,39.174272,-86.523664
2007,10,3,Weekday,200,2-Car,No injury/unknown,UNSAFE SPEED,12TH & FAIRVIEW ST,39.17416,-86.54107
2007,1,6,Weekday,800,Pedestrian,Non-incapacitating,VIEW OBSTRUCTED,FEE & LAW LANE LN,39.174048,-86.518896
2007,2,6,Weekday,1300,2-Car,No injury/unknown,FAILURE TO YIELD RIGHT OF WAY,FEE LN & LAW,39.174048,-86.518896
2007,4,3,Weekday,1700,Moped/Motorcycle,Non-incapacitating,ANIMAL/OBJECT IN ROADWAY,FEE LN & LAW,39.174048,-86.518896
2007,9,7,Weekend,2100,2-Car,No injury/unknown,DRIVER DISTRACTED - EXPLAIN IN NARRATIVE,FEE LN & LAW,39.174048,-86.518896
2007,9,3,Weekday,1500,Cyclist,No injury/unknown,FAILURE TO YIELD RIGHT OF WAY,FEE LN & LAW,39.174048,-86.518896
2007,12,2,Weekday,1000,2-Car,No injury/unknown,OTHER (DRIVER) - EXPLAIN IN NARRATIVE,FEE & LAW LN,39.1739697,-86.51837636
2007,2,4,Weekday,1500,Pedestrian,Non-incapacitating,PEDESTRIAN ACTION,JORDAN & LAW LN,39.17366877,-86.51635729
2007,11,3,Weekday,2100,Pedestrian,Incapacitating,PEDESTRIAN ACTION,LAW LN & N FOSTER,39.17359,-86.51666554
2007,11,7,Weekend,1800,2-Car,Non-incapacitating,FAILURE TO YIELD RIGHT OF WAY,SR45E & TAMARRON,39.17358351,-86.48214089
2007,9,6,Weekday,1400,2-Car,No injury/unknown,OTHER (DRIVER) - EXPLAIN IN NARRATIVE,N INDIANA AVE,39.17357257,-86.52706057
2007,9,3,Weekday,1700,2-Car,No injury/unknown,OTHER (DRIVER) - EXPLAIN IN NARRATIVE,NORTH JORDAN AVE,39.173568,-86.515375
2007,11,4,Weekday,0,3+ Cars,No injury/unknown,UNSAFE BACKING,NORTH JORDAN AVENUE ST,39.173568,-86.515375
2007,1,6,Weekday,400,1-Car,No injury/unknown,ALCOHOLIC BEVERAGES,JORDAN AVE & LAW,39.173552,-86.515488
2007,4,3,Weekday,900,2-Car,No injury/unknown,FOLLOWING TOO CLOSELY,JORDAN AVE & LAW,39.173552,-86.515488
2007,4,7,Weekend,1800,2-Car,No injury/unknown,IMPROPER TURNING,JORDAN & LAW LN,39.173552,-86.515488
2007,11,7,Weekend,1400,Cyclist,Non-incapacitating,OTHER (DRIVER) - EXPLAIN IN NARRATIVE,LAW & N JORDAN AVE,39.173552,-86.515488
2007,12,1,Weekend,1500,2-Car,No injury/unknown,DISREGARD SIGNAL/REG SIGN,JORDAN AVE & LAW,39.173552,-86.515488
2007,5,5,Weekday,1700,2-Car,No injury/unknown,UNSAFE BACKING,JORDAN & LAW LN,39.17348545,-86.51523755
2007,1,3,Weekday,900,1-Car,No injury/unknown,BRAKE FAILURE OR DEFECTIVE,E 11TH ST,39.17344,-86.5296098
2007,1,5,Weekday,1400,2-Car,No injury/unknown,UNSAFE BACKING,11TH ST & WALNUT,39.17344,-86.520944
2007,2,2,Weekday,1700,2-Car,No injury/unknown,FAILURE TO YIELD RIGHT OF WAY,11TH ST & WALNUT GROVE,39.17344,-86.520944
2007,4,2,Weekday,800,2-Car,Non-incapacitating,DISREGARD SIGNAL/REG SIGN,11TH ST & WOODLAWN,39.17344,-86.523616
2007,4,4,Weekday,1200,2-Car,No injury/unknown,FAILURE TO YIELD RIGHT OF WAY,11TH & WALNUT GRV,39.17344,-86.520944
2007,4,4,Weekday,1400,2-Car,No injury/unknown,ROADWAY SURFACE CONDITION,11TH ST & WALNUT GROVE,39.17344,-86.520944
2007,9,7,Weekend,1600,1-Car,Non-incapacitating,WRONG WAY ON ONE WAY,11TH ST & LINCOLN,39.17344,-86.530992
2007,10,6,Weekday,1800,2-Car,No injury/unknown,FAILURE TO YIELD RIGHT OF WAY,ELEVENTH ST & INDIANA,39.17344,-86.527056
2007,11,2,Weekday,1900,3+ Cars,No injury/unknown,FAILURE TO YIELD RIGHT OF WAY,11TH & WOODLAWN AVE,39.17344,-86.523616
2007,11,3,Weekday,1900,2-Car,No injury/unknown,UNSAFE BACKING,EAST 11TH ST,39.173418,-86.522042
2007,9,1,Weekday,1900,2-Car,No injury/unknown,IMPROPER LANE USAGE,11TH & N MAPLE ST,39.173408,-86.542
2007,4,5,Weekday,1400,2-Car,No injury/unknown,UNSAFE BACKING,N MONROE ST,39.17336436,-86.547104
2007,3,1,Weekend,200,1-Car,No injury/unknown,OTHER (DRIVER) - EXPLAIN IN NARRATIVE,W 11TH ST,39.173344,-86.549792
2007,6,5,Weekday,1200,2-Car,No injury/unknown,IMPROPER PASSING,11TH ST & LINDBERGH,39.173344,-86.552592
2007,8,1,Weekday,2200,1-Car,No injury/unknown,ANIMAL/OBJECT IN ROADWAY,11TH ST & LINDBERGH,39.173344,-86.552592
2007,8,2,Weekday,900,Pedestrian,Non-incapacitating,OTHER (DRIVER) - EXPLAIN IN NARRATIVE,SUMMIT & W 11 TH ST,39.173344,-86.548192
2007,11,1,Weekend,900,3+ Cars,No injury/unknown,DRIVER ILLNESS,1305 WEST 11 ST & LINDBERGH,39.173344,-86.552592
2007,11,2,Weekday,700,2-Car,No injury/unknown,FAILURE TO YIELD RIGHT OF WAY,11TH & BLAIR ST,39.17327,-86.54379
2007,1,7,Weekend,0,2-Car,Non-incapacitating,DISREGARD SIGNAL/REG SIGN,11TH & WALNUT ST,39.173248,-86.533488
2007,12,5,Weekday,1200,2-Car,No injury/unknown,FAILURE TO YIELD RIGHT OF WAY,11TH & WALNUT ST,39.173248,-86.533488
2007,6,4,Weekday,1800,2-Car,No injury/unknown,FAILURE TO YIELD RIGHT OF WAY,11TH & COLLEGE AVE,39.173232,-86.534752
2007,7,6,Weekday,1500,2-Car,No injury/unknown,FOLLOWING TOO CLOSELY,11TH & N COLLEGE AVE,39.173232,-86.534752
2007,9,7,Weekend,200,3+ Cars,Non-incapacitating,DRIVER ASLEEP OR FATIGUED,11TH & 632 NORTH COLLEGE ST,39.173232,-86.534752
2007,8,6,Weekday,1100,1-Car,No injury/unknown,OTHER (VEHICLE) - EXPLAIN IN NARRATIVE,W 11TH ST,39.173216,-86.536
2007,10,6,Weekday,1600,2-Car,No injury/unknown,INSECURE/LEAKY LOAD,11TH & MORTON STA,39.173216,-86.536
2007,3,6,Weekday,1800,2-Car,No injury/unknown,UNSAFE BACKING,W 11TH ST,39.17319967,-86.53691429
2007,1,2,Weekday,1400,Pedestrian,Non-incapacitating,,N ROGERS AVE & W 11TH,39.173184,-86.538528
2007,2,5,Weekday,1300,2-Car,No injury/unknown,FAILURE TO YIELD RIGHT OF WAY,11TH ST & ROGERS,39.173184,-86.538528
2007,6,5,Weekday,1500,2-Car,No injury/unknown,DRIVER DISTRACTED - EXPLAIN IN NARRATIVE,11TH & ROGERS ST,39.173184,-86.538528
2007,7,3,Weekday,2100,2-Car,Non-incapacitating,FAILURE TO YIELD RIGHT OF WAY,NORTH ROGERS ST & WEST 11TH,39.173184,-86.538528