Year,Month,Day,Weekend?,Hour,Collision Type,Injury Type,Primary Factor,Reported_Location,Latitude,Longitude
2007,10,3,Weekday,1000,2-Car,No injury/unknown,SPEED TOO FAST FOR WEATHER CONDITIONS,11TH & ROGERS ST ST,39.173184,-86.538528
2007,11,6,Weekday,1400,2-Car,No injury/unknown,FAILURE TO YIELD RIGHT OF WAY,N ROGERS ST & W 11TH,39.173184,-86.538528
2007,12,4,Weekday,2200,2-Car,Non-incapacitating,FOLLOWING TOO CLOSELY,11TH & ROGERS ST,39.173184,-86.538528
2007,8,5,Weekday,1700,Moped/Motorcycle,Non-incapacitating,OTHER (DRIVER) - EXPLAIN IN NARRATIVE,11TH ST & FAIRVIEW,39.173152,-86.5408
2007,6,1,Weekend,200,1-Car,No injury/unknown,UNSAFE SPEED,DECKARD & SR45E,39.17312913,-86.48211964
2007,2,1,Weekday,2000,2-Car,No injury/unknown,RAN OFF ROAD RIGHT,LAW LN,39.173082,-86.513769
2007,4,2,Weekday,1700,Cyclist,Non-incapacitating,OTHER (DRIVER) - EXPLAIN IN NARRATIVE,LAW LN,39.173082,-86.513769
2007,11,6,Weekday,1200,2-Car,No injury/unknown,OTHER (VEHICLE) - EXPLAIN IN NARRATIVE,LAW LN,39.172986,-86.513406
2007,7,2,Weekday,1800,2-Car,No injury/unknown,UNSAFE BACKING,E LAW LN,39.17297448,-86.51331469
2007,10,3,Weekday,1700,2-Car,No injury/unknown,FAILURE TO YIELD RIGHT OF WAY,E LAW LN,39.17297448,-86.51331469
2007,9,4,Weekday,1400,2-Car,No injury/unknown,UNSAFE BACKING,E LAW LN,39.17297448,-86.51331469
2007,11,2,Weekday,2300,2-Car,No injury/unknown,RAN OFF ROAD RIGHT,11TH & MORTON ST,39.17294134,-86.536
2007,4,1,Weekend,1500,2-Car,No injury/unknown,UNSAFE BACKING,7TH & SUNRISE DR,39.17288963,-86.512399
2007,7,6,Weekday,1500,2-Car,Non-incapacitating,FOLLOWING TOO CLOSELY,SR37 & VERNAL,39.17285105,-86.56762445
2007,2,7,Weekend,700,1-Car,No injury/unknown,IMPROPER TURNING,FEE LN,39.172794,-86.518899
2007,2,3,Weekday,2000,2-Car,No injury/unknown,OTHER (DRIVER) - EXPLAIN IN NARRATIVE,FEE LN,39.172794,-86.518899
2007,3,2,Weekday,1400,3+ Cars,No injury/unknown,OTHER (DRIVER) - EXPLAIN IN NARRATIVE,FEE LN,39.172794,-86.518899
2007,9,6,Weekday,700,2-Car,No injury/unknown,FAILURE TO YIELD RIGHT OF WAY,E 10TH & N SMITH RD,39.172752,-86.482288
2007,11,1,Weekend,400,1-Car,No injury/unknown,OTHER (DRIVER) - EXPLAIN IN NARRATIVE,3900 EAST 10TH ST & SMITH,39.172752,-86.482288
2007,4,4,Weekday,1500,2-Car,No injury/unknown,FAILURE TO YIELD RIGHT OF WAY,COTTAGE GROVE & INDIANA AVE,39.17264,-86.52704
2007,4,6,Weekday,100,2-Car,No injury/unknown,OTHER (DRIVER) - EXPLAIN IN NARRATIVE,COTTAGE GROVE & WAHSINGTON ST,39.17264,-86.5324
2007,5,1,Weekend,1400,2-Car,No injury/unknown,OTHER (DRIVER) - EXPLAIN IN NARRATIVE,COTTAGE GROVE AVE & WALNUT,39.17264,-86.533504
2007,11,6,Weekend,2000,2-Car,No injury/unknown,IMPROPER LANE USAGE,BEACON & N PLYMOUTH RD,39.17264,-86.475872
2007,5,5,Weekday,0,2-Car,No injury/unknown,OTHER (DRIVER) - EXPLAIN IN NARRATIVE,EAST COTTAGE GROVE AVE,39.1726,-86.529723
2007,10,3,Weekday,1800,2-Car,No injury/unknown,OTHER (DRIVER) - EXPLAIN IN NARRATIVE,10TH & COLLEGE AVE,39.17256794,-86.53475914
2007,3,2,Weekday,1200,2-Car,No injury/unknown,UNSAFE BACKING,10TH & COLLEGE AVE,39.17243062,-86.53476062
2007,11,2,Weekday,1400,2-Car,No injury/unknown,UNSAFE BACKING,NORTH UNION ST,39.172342,-86.509659
2007,8,5,Weekday,1200,2-Car,No injury/unknown,UNSAFE BACKING,EAST BARRINGTON DR,39.172308,-86.486799
2007,5,3,Weekday,800,2-Car,No injury/unknown,UNSAFE SPEED,10TH & JORDAN AVE,39.17223566,-86.51564596
2007,2,3,Weekday,1200,1-Car,Non-incapacitating,ROADWAY SURFACE CONDITION,SMITH & SR45E,39.17217296,-86.48378813
2007,4,5,Weekday,1800,2-Car,No injury/unknown,UNSAFE BACKING,N UNION ST,39.172144,-86.509392
2007,8,5,Weekday,1900,2-Car,No injury/unknown,IMPROPER TURNING,N UNION ST,39.172144,-86.509392
2007,8,4,Weekday,700,2-Car,No injury/unknown,UNSAFE BACKING,N UNION ST,39.172144,-86.509392
2007,10,4,Weekday,2000,2-Car,No injury/unknown,OTHER (DRIVER) - EXPLAIN IN NARRATIVE,N UNION ST,39.172144,-86.509392
2007,7,2,Weekday,1000,1-Car,No injury/unknown,OTHER (DRIVER) - EXPLAIN IN NARRATIVE,NORTH CURRY PIKE,39.172079,-86.582999
2007,6,6,Weekday,1100,1-Car,No injury/unknown,UNSAFE BACKING,NORTH SMITH RD,39.172026,-86.481733
2007,6,3,Weekday,1300,2-Car,No injury/unknown,FOLLOWING TOO CLOSELY,N GATES DR & W 3RD,39.17200211,-86.575999
2007,11,2,Weekday,1400,2-Car,Non-incapacitating,FOLLOWING TOO CLOSELY,NORTH CURRY PIKE & PROFILE PARKWAY,39.17196,-86.58298
2007,8,4,Weekday,1800,2-Car,No injury/unknown,IMPROPER TURNING,WHITEHALL CROSSING BLVD,39.171903,-86.570539
2007,1,5,Weekday,1500,2-Car,No injury/unknown,UNSAFE BACKING,LOESCH & PROFILE PARKWAY PKWY,39.1719,-86.587699
2007,9,4,Weekday,600,Cyclist,Non-incapacitating,FAILURE TO YIELD RIGHT OF WAY,10TH & MORTON ST,39.17188133,-86.536
2007,6,2,Weekday,900,1-Car,No injury/unknown,OTHER (DRIVER) - EXPLAIN IN NARRATIVE,10TH ST & GRANDVIEW,39.17184,-86.487488
2007,1,7,Weekend,300,2-Car,No injury/unknown,DISREGARD SIGNAL/REG SIGN,10TH & WALNUT ST,39.171744,-86.53352
2007,1,7,Weekend,1200,2-Car,Non-incapacitating,DISREGARD SIGNAL/REG SIGN,N COLLEGE AVE & W 10TH,39.171744,-86.534768
2007,4,6,Weekday,800,2-Car,Non-incapacitating,IMPROPER TURNING,10TH & COLLEGE AVE,39.171744,-86.534768
2007,4,6,Weekday,1000,2-Car,No injury/unknown,FAILURE TO YIELD RIGHT OF WAY,10 TH STREET ST & COLLEGE AVENUE,39.171744,-86.534768
2007,4,7,Weekend,2200,2-Car,No injury/unknown,OTHER (DRIVER) - EXPLAIN IN NARRATIVE,10TH & COLLEGE AVE,39.171744,-86.534768
2007,5,2,Weekday,1600,2-Car,No injury/unknown,OTHER (DRIVER) - EXPLAIN IN NARRATIVE,N WALNUT ST,39.171744,-86.53352
2007,5,2,Weekday,700,2-Car,Non-incapacitating,IMPROPER TURNING,10TH & N COLLEGE AVE,39.171744,-86.534768
2007,6,5,Weekday,1000,2-Car,No injury/unknown,FAILURE TO YIELD RIGHT OF WAY,10TH STREET & COLLEGE AVENUE AVE,39.171744,-86.534768
2007,7,4,Weekday,1600,2-Car,No injury/unknown,FAILURE TO YIELD RIGHT OF WAY,10TH & COLLEGE AVE,39.171744,-86.534768
2007,7,7,Weekend,1000,2-Car,No injury/unknown,DISREGARD SIGNAL/REG SIGN,EAST 10TH ST & NORTH WALNUT,39.171744,-86.53352
2007,8,6,Weekday,1600,2-Car,No injury/unknown,FOLLOWING TOO CLOSELY,10TH & WALNUT ST,39.171744,-86.53352
2007,8,4,Weekday,1100,2-Car,No injury/unknown,IMPROPER LANE USAGE,10TH & COLLEGE AVE,39.171744,-86.534768
2007,8,2,Weekday,2100,2-Car,No injury/unknown,IMPROPER TURNING,10TH & COLLEGE AVE,39.171744,-86.534768
2007,8,3,Weekday,1300,2-Car,No injury/unknown,IMPROPER TURNING,10TH STREET & COLLEGE AVE AVE,39.171744,-86.534768
2007,8,7,Weekend,100,2-Car,Non-incapacitating,DISREGARD SIGNAL/REG SIGN,10TH & NORTH WALNUT ST,39.171744,-86.53352
2007,10,5,Weekday,1800,2-Car,No injury/unknown,FAILURE TO YIELD RIGHT OF WAY,10TH ST & COLLEGE,39.171744,-86.534768
2007,10,7,Weekend,1200,2-Car,No injury/unknown,IMPROPER LANE USAGE,10TH & COLLEGE AVE,39.171744,-86.534768
2007,11,2,Weekday,0,2-Car,No injury/unknown,ALCOHOLIC BEVERAGES,10TH & WALNUT ST,39.171744,-86.53352
2007,2,3,Weekday,1700,2-Car,Non-incapacitating,ROADWAY SURFACE CONDITION,10TH ST & WASHINGTON,39.171728,-86.5324
2007,4,2,Weekday,900,2-Car,Incapacitating,CELL PHONE USAGE,10TH ST & WASHINGTON,39.171728,-86.5324
2007,4,2,Weekday,1700,2-Car,Non-incapacitating,FAILURE TO YIELD RIGHT OF WAY,10TH ST & WASHINGTON,39.171728,-86.5324
2007,5,4,Weekday,1100,2-Car,No injury/unknown,FAILURE TO YIELD RIGHT OF WAY,10TH ST & WASHINGTON,39.171728,-86.5324
2007,8,3,Weekday,1600,1-Car,No injury/unknown,OTHER (DRIVER) - EXPLAIN IN NARRATIVE,E 10TH ST,39.171728,-86.5324
2007,10,5,Weekday,1200,2-Car,No injury/unknown,FAILURE TO YIELD RIGHT OF WAY,E 10TH STREET ST & WASHINGTON STREET,39.171728,-86.5324
2007,5,4,Weekday,2200,2-Car,No injury/unknown,IMPROPER LANE USAGE,E 10TH ST & N LINCOLN,39.171712,-86.530992
2007,9,3,Weekday,1400,2-Car,Non-incapacitating,FAILURE TO YIELD RIGHT OF WAY,10TH ST & LINCOLN,39.171712,-86.530992
2007,10,5,Weekday,0,2-Car,No injury/unknown,WRONG WAY ON ONE WAY,10TH ST & LINCOLN,39.171712,-86.530992
2007,10,1,Weekend,200,3+ Cars,No injury/unknown,ALCOHOLIC BEVERAGES,10TH & LINCOLN ST,39.171712,-86.530992
2007,11,6,Weekend,2100,2-Car,No injury/unknown,FAILURE TO YIELD RIGHT OF WAY,EAST 10TH ST & NORTH LINCOLN,39.171712,-86.530992
2007,12,4,Weekday,300,2-Car,Non-incapacitating,DISREGARD SIGNAL/REG SIGN,10TH ST & LINCOLN,39.171712,-86.530992
2007,7,6,Weekday,1000,1-Car,No injury/unknown,OTHER (DRIVER) - EXPLAIN IN NARRATIVE,N WALNUT GRV,39.171702,-86.520999
2007,8,4,Weekday,900,2-Car,No injury/unknown,OTHER (DRIVER) - EXPLAIN IN NARRATIVE,WALNUT GRV,39.171702,-86.520999
2007,2,3,Weekday,1700,2-Car,No injury/unknown,SPEED TOO FAST FOR WEATHER CONDITIONS,10TH ST & GRANT,39.171696,-86.529696
2007,5,4,Weekday,1200,2-Car,No injury/unknown,FOLLOWING TOO CLOSELY,10TH ST & PROW,39.171696,-86.528896
2007,8,5,Weekday,1000,2-Car,No injury/unknown,OTHER (DRIVER) - EXPLAIN IN NARRATIVE,EAST 10TH ST & PROW,39.171696,-86.528896
2007,9,1,Weekend,1100,2-Car,No injury/unknown,FAILURE TO YIELD RIGHT OF WAY,EAST 10TH ST & NORTH GRANT,39.171696,-86.529696
2007,9,2,Weekday,2000,2-Car,No injury/unknown,FAILURE TO YIELD RIGHT OF WAY,GRANT & TENTH ST,39.171696,-86.529696
2007,10,6,Weekday,1700,2-Car,No injury/unknown,FAILURE TO YIELD RIGHT OF WAY,10TH ST & GRANT,39.171696,-86.529696
2007,10,7,Weekend,1600,2-Car,No injury/unknown,FAILURE TO YIELD RIGHT OF WAY,E 10TH ST & GRANT,39.171696,-86.529696
2007,12,7,Weekend,1700,2-Car,No injury/unknown,UNSAFE SPEED,10TH & N GRANT ST,39.171696,-86.529696
2007,1,5,Weekday,1500,2-Car,No injury/unknown,FOLLOWING TOO CLOSELY,10TH ST & DUNN,39.17168,-86.52772673
2007,1,6,Weekend,2300,2-Car,Non-incapacitating,FAILURE TO YIELD RIGHT OF WAY,10TH ST & DUNN,39.17168,-86.528256
2007,2,5,Weekday,1900,2-Car,No injury/unknown,DISREGARD SIGNAL/REG SIGN,10TH ST & INDIANA,39.17168,-86.527024
2007,3,6,Weekday,1600,2-Car,No injury/unknown,FAILURE TO YIELD RIGHT OF WAY,10TH ST & DUNN,39.17168,-86.528256
2007,5,2,Weekday,1300,2-Car,Non-incapacitating,FOLLOWING TOO CLOSELY,10TH STREET ST & DUNN ST,39.17168,-86.528256
2007,6,4,Weekday,800,2-Car,No injury/unknown,UNSAFE BACKING,E 10TH ST,39.17168,-86.52802971
2007,6,3,Weekday,1300,2-Car,No injury/unknown,FOLLOWING TOO CLOSELY,INDIANA & TENTH ST,39.17168,-86.527024
2007,8,4,Weekday,900,2-Car,Non-incapacitating,FOLLOWING TOO CLOSELY,10TH ST & INDIANA,39.17168,-86.527024
2007,9,7,Weekend,2100,Cyclist,Non-incapacitating,FAILURE TO YIELD RIGHT OF WAY,E 10TH ST & N INDIANA AVE,39.17168,-86.527024
2007,9,1,Weekend,200,2-Car,Non-incapacitating,FAILURE TO YIELD RIGHT OF WAY,10TH ST & INDIANA,39.17168,-86.527024
2007,10,7,Weekend,1500,3+ Cars,No injury/unknown,FOLLOWING TOO CLOSELY,10TH ST & INDIANA,39.17168,-86.527024
2007,10,2,Weekday,2000,2-Car,No injury/unknown,ALCOHOLIC BEVERAGES,E 10TH ST,39.17168,-86.52802971
2007,11,7,Weekend,100,2-Car,No injury/unknown,FAILURE TO YIELD RIGHT OF WAY,10TH ST & INDIANA,39.17168,-86.527024
2007,11,5,Weekday,900,2-Car,Incapacitating,OTHER (DRIVER) - EXPLAIN IN NARRATIVE,EAST 10TH ST & INDIANA,39.17168,-86.527024
2007,8,6,Weekday,1500,2-Car,No injury/unknown,FOLLOWING TOO CLOSELY,10TH ST & FESS,39.171664,-86.52576
2007,9,3,Weekday,1400,Pedestrian,No injury/unknown,FAILURE TO YIELD RIGHT OF WAY,10TH ST & FESS,39.171664,-86.52576
2007,11,1,Weekend,1400,3+ Cars,No injury/unknown,OTHER (DRIVER) - EXPLAIN IN NARRATIVE,10TH ST & FESS,39.171664,-86.52576
2007,12,3,Weekday,1900,2-Car,No injury/unknown,FOLLOWING TOO CLOSELY,10TH ST & FESS,39.171664,-86.52576
2007,12,6,Weekday,1600,2-Car,No injury/unknown,FAILURE TO YIELD RIGHT OF WAY,10TH ST & FESS,39.171664,-86.52576
2007,8,7,Weekend,1000,2-Car,No injury/unknown,OTHER (DRIVER) - EXPLAIN IN NARRATIVE,EAST 10TH ST,39.17166,-86.526957
2007,9,6,Weekend,2200,2-Car,No injury/unknown,FOLLOWING TOO CLOSELY,10TH ST & JEFFERSON,39.17164802,-86.50550019
2007,1,4,Weekday,1900,2-Car,No injury/unknown,OTHER (DRIVER) - EXPLAIN IN NARRATIVE,EAST 10TH ST,39.171648,-86.50298873
2007,2,1,Weekend,1100,2-Car,Non-incapacitating,FOLLOWING TOO CLOSELY,EAST TENTH ST & PARK,39.171648,-86.524608
2007,2,6,Weekday,800,1-Car,No injury/unknown,OTHER (ENVIRONMENTAL) - EXPLAIN IN NARR,JEFFERSON & TENTH ST,39.171648,-86.507088
2007,5,6,Weekday,1700,2-Car,No injury/unknown,FAILURE TO YIELD RIGHT OF WAY,E 10TH ST & JEFFERSON,39.171648,-86.507088
2007,6,2,Weekday,1200,2-Car,Non-incapacitating,FAILURE TO YIELD RIGHT OF WAY,EAST TENTH ST & PARK,39.171648,-86.524608
2007,8,4,Weekday,1700,2-Car,No injury/unknown,FOLLOWING TOO CLOSELY,10TH ST & PARK,39.171648,-86.524608
2007,10,1,Weekend,0,Moped/Motorcycle,No injury/unknown,UNSAFE BACKING,E 10TH ST,39.171648,-86.50358996
2007,10,2,Weekday,2200,1-Car,No injury/unknown,SPEED TOO FAST FOR WEATHER CONDITIONS,10TH ST & JEFFERSON,39.171648,-86.507088
2007,11,6,Weekday,300,1-Car,No injury/unknown,OTHER (DRIVER) - EXPLAIN IN NARRATIVE,10TH ST & JEFFERSON,39.171648,-86.507088
2007,11,1,Weekend,1200,1-Car,Non-incapacitating,OVERCORRECTING/OVERSTEERING,EAST 10TH ST & JEFFERSON,39.171648,-86.507088
2007,11,7,Weekend,1600,2-Car,No injury/unknown,FAILURE TO YIELD RIGHT OF WAY,10TH & SR 45 46 BYPASS RD,39.171648,-86.502096
2007,1,7,Weekend,0,1-Car,No injury/unknown,ROADWAY SURFACE CONDITION,10TH ST & PARK,39.17163747,-86.52390243
2007,1,1,Weekday,2300,Cyclist,Non-incapacitating,PEDESTRIAN ACTION,TENTH & WOODLAWN AVE,39.171632,-86.523536
2007,1,3,Weekday,1400,2-Car,No injury/unknown,FAILURE TO YIELD RIGHT OF WAY,10 TH ST & WOODLAWN,39.171632,-86.523536
2007,2,5,Weekday,1400,2-Car,No injury/unknown,SPEED TOO FAST FOR WEATHER CONDITIONS,10TH ST & WOODLAWN,39.171632,-86.523536
2007,2,2,Weekday,1300,2-Car,No injury/unknown,FAILURE TO YIELD RIGHT OF WAY,10TH ST & WOODLAWN,39.171632,-86.523536
2007,3,7,Weekend,1900,2-Car,No injury/unknown,FAILURE TO YIELD RIGHT OF WAY,10TH ST & WOODLAWN,39.171632,-86.523536
2007,10,2,Weekday,1900,2-Car,No injury/unknown,FAILURE TO YIELD RIGHT OF WAY,E 10TH ST & WOODLAWN,39.171632,-86.523536
2007,10,3,Weekday,1200,2-Car,Non-incapacitating,FOLLOWING TOO CLOSELY,FORREST & TENTH ST,39.17163,-86.52238
2007,10,2,Weekday,1700,3+ Cars,No injury/unknown,FOLLOWING TOO CLOSELY,10TH ST & FORREST,39.17163,-86.52238
2007,10,6,Weekday,1600,2-Car,No injury/unknown,FOLLOWING TOO CLOSELY,E10TH ST & FORREST,39.17163,-86.52238433
2007,11,1,Weekend,1100,3+ Cars,No injury/unknown,FOLLOWING TOO CLOSELY,FORREST & TENTH ST,39.17163,-86.52238
2007,11,4,Weekday,1100,2-Car,No injury/unknown,DRIVER DISTRACTED - EXPLAIN IN NARRATIVE,FORREST & TENTH ST,39.17163,-86.52237351
2007,12,7,Weekend,1800,2-Car,No injury/unknown,FAILURE TO YIELD RIGHT OF WAY,10TH ST & FORREST,39.17163,-86.52238
2007,10,1,Weekend,1500,2-Car,No injury/unknown,IMPROPER PASSING,10TH ST & WOODLAWN,39.17162703,-86.52318321
2007,12,1,Weekend,1300,2-Car,No injury/unknown,FOLLOWING TOO CLOSELY,SR45E & SR46,39.17162626,-86.50103783
2007,11,2,Weekday,1900,2-Car,No injury/unknown,FOLLOWING TOO CLOSELY,10TH ST & FOREST,39.171616,-86.5224
2007,9,1,Weekday,2000,2-Car,No injury/unknown,OTHER (DRIVER) - EXPLAIN IN NARRATIVE,EAST 10TH ST,39.17161,-86.518435
2007,9,3,Weekday,1200,2-Car,No injury/unknown,FOLLOWING TOO CLOSELY,EAST 10TH ST & WALNUT,39.17161,-86.52099
2007,9,5,Weekday,1000,2-Car,No injury/unknown,UNSAFE BACKING,E TENTH ST,39.171609,-86.518314
2007,10,7,Weekend,800,1-Car,No injury/unknown,UNSAFE BACKING,EAST 10TH ST,39.171609,-86.518314
2007,2,6,Weekday,1100,2-Car,No injury/unknown,UNSAFE BACKING,EAST COTTAGE & WALNUT GRV,39.171602,-86.52100765
2007,2,4,Weekday,1600,2-Car,No injury/unknown,UNSAFE BACKING,EAST TENTH ST,39.1716,-86.518332
2007,2,1,Weekday,1900,3+ Cars,No injury/unknown,DRIVER DISTRACTED - EXPLAIN IN NARRATIVE,10TH ST & FORREST,39.1716,-86.523499
2007,3,5,Weekday,1200,2-Car,No injury/unknown,UNSAFE BACKING,EAST 10TH ST,39.1716,-86.518332
2007,4,3,Weekday,1800,2-Car,No injury/unknown,FOLLOWING TOO CLOSELY,10TH ST & WALNUT,39.1716,-86.520896
2007,4,7,Weekend,1800,3+ Cars,No injury/unknown,ALCOHOLIC BEVERAGES,E 10TH ST & FORREST,39.1716,-86.52350765
2007,10,5,Weekday,1900,3+ Cars,No injury/unknown,FOLLOWING TOO CLOSELY,10TH ST & WALNUT GROVE,39.1716,-86.520896
2007,10,3,Weekday,1200,2-Car,No injury/unknown,FOLLOWING TOO CLOSELY,TENTH ST & WALNUT GROVE,39.1716,-86.520896
2007,11,2,Weekday,1200,2-Car,No injury/unknown,UNSAFE SPEED,NORTH JORDAN AVE & TENTH,39.17159,-86.51566
2007,1,3,Weekday,1800,2-Car,No injury/unknown,FOLLOWING TOO CLOSELY,EAST 10TH ST & NORTH FEE,39.171584,-86.518688
2007,4,6,Weekday,1800,2-Car,No injury/unknown,FOLLOWING TOO CLOSELY,E 10 TH ST & FEE,39.171584,-86.518688
2007,5,4,Weekday,1300,2-Car,No injury/unknown,OTHER (DRIVER) - EXPLAIN IN NARRATIVE,FEE & TENTH ST,39.171584,-86.518688
2007,5,7,Weekend,1700,2-Car,No injury/unknown,FOLLOWING TOO CLOSELY,10TH ST & FEE,39.171584,-86.518688
2007,6,4,Weekday,2000,2-Car,No injury/unknown,DISREGARD SIGNAL/REG SIGN,10TH ST & FEE,39.171584,-86.518688
2007,8,1,Weekday,2200,2-Car,No injury/unknown,ALCOHOLIC BEVERAGES,10TH ST & FEE,39.171584,-86.518688
2007,9,5,Weekday,800,2-Car,No injury/unknown,FOLLOWING TOO CLOSELY,FEE & TENTH ST,39.171584,-86.518688
2007,10,5,Weekday,2000,2-Car,No injury/unknown,FOLLOWING TOO CLOSELY,10TH ST & FEE,39.171584,-86.518688
2007,11,4,Weekday,1900,2-Car,No injury/unknown,UNSAFE BACKING,10TH & FEE LN,39.171584,-86.518688
2007,11,1,Weekday,2200,2-Car,No injury/unknown,SPEED TOO FAST FOR WEATHER CONDITIONS,FEE & TENTH ST,39.171584,-86.518688
2007,11,4,Weekday,1300,3+ Cars,Non-incapacitating,UNSAFE SPEED,10TH ST & FEE,39.171584,-86.518688
2007,12,1,Weekday,2000,2-Car,No injury/unknown,FAILURE TO YIELD RIGHT OF WAY,FEE & TENTH ST,39.171584,-86.518688
2007,12,2,Weekday,1200,2-Car,No injury/unknown,UNSAFE SPEED,10TH ST & FEE,39.171584,-86.518688
2007,12,1,Weekend,100,2-Car,No injury/unknown,FAILURE TO YIELD RIGHT OF WAY,10TH ST & FEE,39.171584,-86.518688
2007,11,3,Weekday,2100,2-Car,No injury/unknown,UNSAFE BACKING,E 10TH ST,39.17158139,-86.51844637
2007,2,2,Weekday,1100,2-Car,No injury/unknown,OTHER (VEHICLE) - EXPLAIN IN NARRATIVE,E 10TH ST,39.17157943,-86.51826514
2007,10,3,Weekday,900,Cyclist,Non-incapacitating,OTHER (DRIVER) - EXPLAIN IN NARRATIVE,10TH ST & FEE,39.17157828,-86.51815878
2007,10,2,Weekday,1600,2-Car,No injury/unknown,DISREGARD SIGNAL/REG SIGN,E 10TH ST,39.17157747,-86.51808392
2007,11,5,Weekday,1300,2-Car,No injury/unknown,OTHER (DRIVER) - EXPLAIN IN NARRATIVE,10TH ST & JORDAN,39.17157108,-86.51749207
2007,1,5,Weekday,1500,2-Car,No injury/unknown,FAILURE TO YIELD RIGHT OF WAY,BLOOMFIELD & LANDMARK AVE,39.17157071,-86.55379641
2007,10,6,Weekday,900,2-Car,No injury/unknown,IMPROPER TURNING,E TENTH ST,39.17156,-86.510649
2007,4,4,Weekday,1200,2-Car,No injury/unknown,DRIVER DISTRACTED - EXPLAIN IN NARRATIVE,EAST 10TH ST & SR 45  46,39.17155495,-86.5021645
2007,4,5,Weekday,1100,2-Car,No injury/unknown,UNSAFE SPEED,10TH & SR46S,39.17155495,-86.50216018
2007,6,6,Weekend,2000,2-Car,No injury/unknown,FOLLOWING TOO CLOSELY,SR46N & TENTH,39.17155495,-86.50216018
2007,7,4,Weekday,1800,3+ Cars,No injury/unknown,FOLLOWING TOO CLOSELY,SR46E & TENTH,39.17155495,-86.50215153
2007,8,4,Weekday,1100,2-Car,No injury/unknown,OTHER (DRIVER) - EXPLAIN IN NARRATIVE,SR45S & TENTH,39.17155495,-86.50216018
2007,8,2,Weekday,1500,3+ Cars,No injury/unknown,DRIVER DISTRACTED - EXPLAIN IN NARRATIVE,10TH & SR46S,39.17155495,-86.50216018
2007,8,5,Weekday,1600,2-Car,No injury/unknown,FOLLOWING TOO CLOSELY,10TH & SR46S,39.17155495,-86.50216018
2007,10,1,Weekend,1500,2-Car,No injury/unknown,IMPROPER TURNING,10TH ST & SR46S,39.17155495,-86.50217315
2007,12,7,Weekend,2200,2-Car,No injury/unknown,FAILURE TO YIELD RIGHT OF WAY,10TH ST & SR 46,39.17155495,-86.50216018
2007,2,4,Weekday,1500,2-Car,No injury/unknown,IMPROPER TURNING,N JORDAN AVE,39.171552,-86.515728
2007,2,3,Weekday,1100,2-Car,No injury/unknown,SPEED TOO FAST FOR WEATHER CONDITIONS,10TH & JORDAN AVE,39.171552,-86.515728
2007,2,7,Weekend,1800,2-Car,No injury/unknown,SPEED TOO FAST FOR WEATHER CONDITIONS,10TH & JORDAN AVE,39.171552,-86.515728
2007,4,4,Weekday,1300,2-Car,No injury/unknown,FOLLOWING TOO CLOSELY,10TH ST & JORDAN,39.171552,-86.515728
2007,8,1,Weekend,1800,2-Car,No injury/unknown,FOLLOWING TOO CLOSELY,10 ST & JORDAN,39.171552,-86.515728
2007,10,2,Weekday,1500,2-Car,No injury/unknown,FOLLOWING TOO CLOSELY,10TH & JORDAN AVE,39.171552,-86.515728
2007,10,5,Weekday,1600,2-Car,No injury/unknown,FOLLOWING TOO CLOSELY,10TH & JORDAN AVE,39.171552,-86.515728
2007,11,7,Weekend,1900,2-Car,No injury/unknown,FOLLOWING TOO CLOSELY,JORDAN & TENTH ST,39.171552,-86.515728
2007,12,3,Weekday,1200,2-Car,No injury/unknown,UNSAFE SPEED,TENTH & UNION ST,39.17155,-86.50945
2007,10,7,Weekend,2000,Bus,No injury/unknown,UNSAFE BACKING,E TENTH ST,39.171549,-86.499235
2007,10,2,Weekday,1600,2-Car,No injury/unknown,IMPROPER TURNING,EAST 10TH ST,39.171546,-86.504172
2007,10,2,Weekday,1100,2-Car,No injury/unknown,OTHER (DRIVER) - EXPLAIN IN NARRATIVE,E TENTH ST,39.171537,-86.498518
2007,7,5,Weekday,300,1-Car,No injury/unknown,ALCOHOLIC BEVERAGES,10TH & PARK ST,39.17151075,-86.52460203
2007,4,2,Weekday,1800,2-Car,Non-incapacitating,FOLLOWING TOO CLOSELY,10TH ST & JOHN HINKLE,39.17150838,-86.49260729
2007,9,1,Weekend,1500,3+ Cars,Non-incapacitating,DRIVER DISTRACTED - EXPLAIN IN NARRATIVE,PETE ELLIS & SR45E,39.171504,-86.49425346
2007,1,1,Weekend,1100,2-Car,No injury/unknown,FAILURE TO YIELD RIGHT OF WAY,EAST 10TH ST & PETE ELLIS,39.171504,-86.495312
2007,1,3,Weekday,200,1-Car,No injury/unknown,ANIMAL/OBJECT IN ROADWAY,EAST 10TH ST ST & PETE ELLIS,39.171504,-86.495312
2007,2,2,Weekday,1700,2-Car,No injury/unknown,UNSAFE BACKING,E 10TH ST,39.171504,-86.49509867
2007,2,1,Weekend,1800,2-Car,No injury/unknown,FOLLOWING TOO CLOSELY,E 10TH ST & PETE ELLIS,39.171504,-86.495312