Year,Month,Day,Weekend?,Hour,Collision Type,Injury Type,Primary Factor,Reported_Location,Latitude,Longitude
2007,2,2,Weekday,1700,2-Car,No injury/unknown,FOLLOWING TOO CLOSELY,10TH ST & PETE ELLIS,39.171504,-86.49495915
2007,2,2,Weekday,600,1-Car,No injury/unknown,ANIMAL/OBJECT IN ROADWAY,EAST 10 ST & RANGE,39.171504,-86.495312
2007,3,4,Weekday,1500,3+ Cars,No injury/unknown,FAILURE TO YIELD RIGHT OF WAY,RANGE & SR45E,39.171504,-86.495312
2007,4,7,Weekend,900,2-Car,No injury/unknown,FAILURE TO YIELD RIGHT OF WAY,PETE ELLIS & SR45E,39.171504,-86.49495915
2007,6,7,Weekend,2000,2-Car,No injury/unknown,FOLLOWING TOO CLOSELY,PETE ELLIS & SR45E,39.171504,-86.495312
2007,9,7,Weekend,1000,2-Car,No injury/unknown,FOLLOWING TOO CLOSELY,EAST 10TH ST & PETE ELLIS,39.171504,-86.495312
2007,9,1,Weekend,1800,Cyclist,Non-incapacitating,FAILURE TO YIELD RIGHT OF WAY,EAST 10TH ST & JOHN HINKLE,39.171504,-86.49296
2007,9,1,Weekend,1700,2-Car,Non-incapacitating,FAILURE TO YIELD RIGHT OF WAY,JOHN HINKLE & SR45W,39.171504,-86.49296
2007,9,1,Weekend,1700,2-Car,No injury/unknown,FAILURE TO YIELD RIGHT OF WAY,EAST TENTH ST & JOHN HINKLE,39.171504,-86.49296
2007,9,3,Weekday,1500,2-Car,No injury/unknown,FAILURE TO YIELD RIGHT OF WAY,10TH ST & PETE ELLIS,39.17149,-86.49538
2007,9,3,Weekday,1400,2-Car,Non-incapacitating,SPEED TOO FAST FOR WEATHER CONDITIONS,10TH ST & PETE ELLIS,39.17149,-86.49538
2007,9,6,Weekday,1700,2-Car,No injury/unknown,OTHER (DRIVER) - EXPLAIN IN NARRATIVE,10TH ST & UNION,39.17148364,-86.51043443
2007,11,3,Weekday,1700,2-Car,No injury/unknown,UNSAFE BACKING,E 10TH ST,39.17148252,-86.51033364
2007,12,6,Weekday,1800,2-Car,No injury/unknown,UNSAFE BACKING,E 10TH ST,39.17148166,-86.51025546
2007,1,2,Weekday,2000,2-Car,No injury/unknown,FAILURE TO YIELD RIGHT OF WAY,E 10TH ST & UNION,39.171472,-86.509376
2007,2,7,Weekend,200,1-Car,Non-incapacitating,ALCOHOLIC BEVERAGES,10 TH ST & UNION,39.171472,-86.509376
2007,5,3,Weekday,1400,3+ Cars,No injury/unknown,FAILURE TO YIELD RIGHT OF WAY,E 10TH ST & N UNION,39.171472,-86.509376
2007,5,5,Weekday,1800,2-Car,No injury/unknown,DRIVER DISTRACTED - EXPLAIN IN NARRATIVE,TENTH ST & UNION,39.171472,-86.509376
2007,6,3,Weekday,900,Pedestrian,Non-incapacitating,IMPROPER PASSING,10TH ST & UNION,39.171472,-86.509376
2007,6,4,Weekday,1700,2-Car,No injury/unknown,OTHER (DRIVER) - EXPLAIN IN NARRATIVE,E 10TH ST,39.171472,-86.509376
2007,9,4,Weekday,1300,2-Car,No injury/unknown,OTHER (DRIVER) - EXPLAIN IN NARRATIVE,TENTH ST & UNION,39.171472,-86.509376
2007,10,6,Weekday,1200,2-Car,Non-incapacitating,FOLLOWING TOO CLOSELY,TENTH ST & UNION,39.171472,-86.509376
2007,11,4,Weekday,1700,2-Car,No injury/unknown,FOLLOWING TOO CLOSELY,10TH ST & UNION,39.171472,-86.509376
2007,5,2,Weekday,900,Moped/Motorcycle,No injury/unknown,INSECURE/LEAKY LOAD,MOORES & SR446S,39.17145423,-86.47140384
2007,9,4,Weekday,1300,2-Car,No injury/unknown,UNSAFE SPEED,10TH & INDIANA AVE,39.17140541,-86.52701627
2007,10,6,Weekend,2300,2-Car,No injury/unknown,OTHER (DRIVER) - EXPLAIN IN NARRATIVE,N GATES RD,39.171386,-86.576241
2007,10,5,Weekday,1300,Cyclist,Non-incapacitating,FAILURE TO YIELD RIGHT OF WAY,JOHN HINKLE PL & PETE ELLIS,39.17137802,-86.49296
2007,7,1,Weekend,400,2-Car,No injury/unknown,UNSAFE BACKING,10TH & FESS AVE,39.17125212,-86.52574823
2007,1,1,Weekend,1600,2-Car,No injury/unknown,UNSAFE BACKING,10TH & UNION ST,39.17119738,-86.50937067
2007,8,6,Weekday,1500,2-Car,No injury/unknown,IMPROPER TURNING,9TH & COLLEGE AVE,39.17109331,-86.534768
2007,4,4,Weekday,2100,2-Car,No injury/unknown,FAILURE TO YIELD RIGHT OF WAY,10TH & UNION ST,39.17106006,-86.509368
2007,9,7,Weekend,600,1-Car,No injury/unknown,RAN OFF ROAD RIGHT,SR37N & VERNAL,39.17096164,-86.57017416
2007,5,4,Weekday,1000,1-Car,No injury/unknown,UNSAFE BACKING,9TH & PARK AVE,39.17095575,-86.5245779
2007,10,3,Weekday,900,2-Car,No injury/unknown,TRAFFIC CONTROL INOPERATIVE/MISSING/OBSC,SUSAN DRIVE DR,39.17093,-86.574423
2007,5,7,Weekend,1700,2-Car,No injury/unknown,UNSAFE BACKING,N JACOBS DR,39.170902,-86.573901
2007,6,2,Weekday,1500,2-Car,No injury/unknown,UNSAFE BACKING,N JACOB DR,39.170902,-86.573901
2007,3,5,Weekday,700,2-Car,No injury/unknown,FAILURE TO YIELD RIGHT OF WAY,GATES DL & JACOB,39.170741,-86.576399
2007,6,2,Weekday,1400,2-Car,No injury/unknown,IMPROPER TURNING,GATES DR & JACOB,39.170741,-86.576399
2007,5,6,Weekday,1400,2-Car,No injury/unknown,FOLLOWING TOO CLOSELY,JOHN HINKLE & PETE ELLIS DR,39.17072,-86.4956
2007,2,6,Weekday,1200,2-Car,No injury/unknown,FAILURE TO YIELD RIGHT OF WAY,JOHN HINKLE PL & PETE ELLIS,39.17069811,-86.49489488
2007,2,1,Weekday,1900,2-Car,No injury/unknown,UNSAFE BACKING,N GRANT ST,39.17063804,-86.529696
2007,9,6,Weekday,1200,1-Car,No injury/unknown,UNSAFE BACKING,N SUNRISE AVE,39.170614,-86.512468
2007,1,7,Weekend,300,1-Car,No injury/unknown,DRIVER DISTRACTED - EXPLAIN IN NARRATIVE,N COLLEGE AVE,39.17056849,-86.534768
2007,1,5,Weekday,1700,2-Car,No injury/unknown,VIEW OBSTRUCTED,9TH & COLLEGE AVE,39.170544,-86.534768
2007,1,1,Weekend,300,2-Car,No injury/unknown,OTHER (DRIVER) - EXPLAIN IN NARRATIVE,9TH & DUNN ST,39.170544,-86.52824
2007,1,1,Weekend,1700,2-Car,No injury/unknown,OTHER (DRIVER) - EXPLAIN IN NARRATIVE,9TH & LINCOLN ST,39.170544,-86.530992
2007,1,3,Weekday,1800,2-Car,No injury/unknown,FAILURE TO YIELD RIGHT OF WAY,9TH & COLLEGE AVE,39.170544,-86.534768
2007,2,4,Weekday,1200,2-Car,No injury/unknown,OTHER (DRIVER) - EXPLAIN IN NARRATIVE,9TH & COLLEGE AVE,39.170544,-86.534768
2007,2,3,Weekday,700,2-Car,No injury/unknown,FOLLOWING TOO CLOSELY,9TH & NORTH COLLEGE AVE,39.170544,-86.534768
2007,2,1,Weekend,0,3+ Cars,No injury/unknown,LEFT OF CENTER,9TH & COLLEGE AVE,39.170544,-86.534768
2007,3,4,Weekday,1700,2-Car,Non-incapacitating,DRIVER DISTRACTED - EXPLAIN IN NARRATIVE,EAST 9TH & NORTH WALNUT ST,39.170544,-86.533536
2007,3,6,Weekday,1100,2-Car,Non-incapacitating,DISREGARD SIGNAL/REG SIGN,E 9TH & N GRANT ST,39.170544,-86.529696
2007,3,2,Weekday,1900,2-Car,No injury/unknown,FAILURE TO YIELD RIGHT OF WAY,9TH ST & GRANT,39.170544,-86.529696
2007,4,2,Weekday,1400,2-Car,No injury/unknown,FAILURE TO YIELD RIGHT OF WAY,9TH & COLLEGE AVE,39.170544,-86.534768
2007,4,3,Weekday,1200,2-Car,No injury/unknown,OTHER (DRIVER) - EXPLAIN IN NARRATIVE,E 9TH ST & N GRANT,39.170544,-86.529696
2007,4,1,Weekend,200,3+ Cars,No injury/unknown,ALCOHOLIC BEVERAGES,100 E 9TH ST & N WASHINGTON,39.170544,-86.5324
2007,5,6,Weekday,1200,2-Car,No injury/unknown,FOLLOWING TOO CLOSELY,N COLLEGE AVE & W 9TH,39.170544,-86.534768
2007,6,4,Weekday,1900,2-Car,No injury/unknown,FAILURE TO YIELD RIGHT OF WAY,9TH & GRANT ST,39.170544,-86.529696
2007,6,4,Weekday,1900,2-Car,No injury/unknown,IMPROPER TURNING,9TH & N WALNUT ST,39.170544,-86.533536
2007,7,6,Weekday,1400,2-Car,No injury/unknown,IMPROPER TURNING,9TH & COLLEGE AVE,39.170544,-86.534768
2007,7,7,Weekend,200,2-Car,No injury/unknown,ALCOHOLIC BEVERAGES,9TH & COLLEGE AVE,39.170544,-86.534768
2007,8,4,Weekday,2200,2-Car,No injury/unknown,IMPROPER TURNING,9TH & COLLEGE AVE,39.170544,-86.534768
2007,10,2,Weekday,1700,2-Car,No injury/unknown,FAILURE TO YIELD RIGHT OF WAY,9TH & GRANT ST,39.170544,-86.529696
2007,11,1,Weekend,1000,2-Car,No injury/unknown,FAILURE TO YIELD RIGHT OF WAY,9TH & NORTH COLLEGE AVE,39.170544,-86.534768
2007,12,7,Weekend,1300,2-Car,No injury/unknown,FAILURE TO YIELD RIGHT OF WAY,9TH & LINCOLN ST,39.170544,-86.530992
2007,11,7,Weekend,1900,2-Car,No injury/unknown,FAILURE TO YIELD RIGHT OF WAY,9TH & COLLEGE AVE,39.17053027,-86.53476822
2007,3,1,Weekend,900,2-Car,No injury/unknown,DISREGARD SIGNAL/REG SIGN,10 STREET & WALNUT STREET ST,39.170503,-86.533599
2007,9,5,Weekday,1500,2-Car,No injury/unknown,SPEED TOO FAST FOR WEATHER CONDITIONS,PROFILE PARKWAY & ZENITH DR,39.17048,-86.59237
2007,9,6,Weekday,1700,1-Car,No injury/unknown,SPEED TOO FAST FOR WEATHER CONDITIONS,PROFILE PARKWAY PKWY & ZENITH DRIVE,39.17048,-86.59237
2007,7,3,Weekday,1400,2-Car,No injury/unknown,UNSAFE BACKING,JOHN HINKLE PL,39.17043,-86.491354
2007,2,2,Weekday,1600,1-Car,No injury/unknown,BRAKE FAILURE OR DEFECTIVE,NORTH PARK AVE,39.170415,-86.524601
2007,4,1,Weekday,2000,2-Car,No injury/unknown,OTHER (DRIVER) - EXPLAIN IN NARRATIVE,9TH & COLLEGE AVE,39.17040668,-86.53477022
2007,8,5,Weekday,1700,2-Car,No injury/unknown,DRIVER DISTRACTED - EXPLAIN IN NARRATIVE,E 10 TH & N PARK ST,39.170403,-86.5246
2007,9,4,Weekday,1200,2-Car,Non-incapacitating,OTHER (DRIVER) - EXPLAIN IN NARRATIVE,EASTGATE & SR46S,39.17036798,-86.50145599
2007,8,7,Weekend,100,2-Car,No injury/unknown,UNSAFE BACKING,9TH & WALNUT ST,39.17026937,-86.53354043
2007,2,3,Weekday,700,1-Car,Non-incapacitating,RAN OFF ROAD RIGHT,SR45E & STATE ROAD 45 EAST,39.17024,-86.501392
2007,2,1,Weekend,1200,3+ Cars,Non-incapacitating,FOLLOWING TOO CLOSELY,EASTGATE & SR46E,39.17024,-86.501392
2007,10,5,Weekday,1600,2-Car,No injury/unknown,FAILURE TO YIELD RIGHT OF WAY,EASTGATE & SR46,39.17024,-86.501392
2007,10,6,Weekend,1900,2-Car,No injury/unknown,FOLLOWING TOO CLOSELY,EASTGATE LN & SR4546N,39.17024,-86.501392
2007,12,4,Weekday,100,2-Car,No injury/unknown,OTHER (DRIVER) - EXPLAIN IN NARRATIVE,EASTGATE & SR46E,39.17024,-86.501392
2007,3,7,Weekend,1400,2-Car,No injury/unknown,UNSAFE BACKING,N JACOB DR,39.170203,-86.572699
2007,5,4,Weekday,1100,2-Car,No injury/unknown,UNSAFE BACKING,JACOB DR,39.170203,-86.572699
2007,6,5,Weekday,600,1-Car,No injury/unknown,RAN OFF ROAD RIGHT,NORTH JACOB DR,39.170203,-86.572699
2007,7,4,Weekday,1300,2-Car,No injury/unknown,FOLLOWING TOO CLOSELY,GATES & JACOB DR,39.170203,-86.572699
2007,2,6,Weekend,1900,2-Car,No injury/unknown,FOLLOWING TOO CLOSELY,EAST GATE & SR46N,39.17017866,-86.50147033
2007,9,7,Weekend,1600,Bus,No injury/unknown,IMPROPER LANE USAGE,EAST GATE & SR46E,39.17017866,-86.50147033
2007,11,2,Weekday,1800,2-Car,Non-incapacitating,UNSAFE SPEED,EAST GATE & SR46N,39.17017866,-86.50147033
2007,1,1,Weekend,400,1-Car,No injury/unknown,ALCOHOLIC BEVERAGES,JORDAN AVE,39.17013209,-86.5158848
2007,9,7,Weekend,1500,2-Car,No injury/unknown,IMPROPER LANE USAGE,9TH & COLLEGE AVE,39.17013205,-86.53477464
2007,6,6,Weekday,1400,2-Car,No injury/unknown,FAILURE TO YIELD RIGHT OF WAY,COLLEGE MALL RD & SECOND,39.17013035,-86.497899
2007,11,5,Weekday,1600,2-Car,No injury/unknown,FAILURE TO YIELD RIGHT OF WAY,DANIELS WAY & WEST STATE ROAD 48,39.17011725,-86.59911
2007,6,1,Weekend,0,1-Car,Incapacitating,ALCOHOLIC BEVERAGES,ADAMS ST & VERNAL,39.17011466,-86.549696
2007,12,6,Weekday,1300,2-Car,No injury/unknown,UNSAFE BACKING,N GATES DR,39.170074,-86.576423
2007,2,5,Weekday,1800,2-Car,No injury/unknown,FAILURE TO YIELD RIGHT OF WAY,8TH & PARK ST,39.16997985,-86.5245415
2007,7,3,Weekday,1800,2-Car,No injury/unknown,OTHER (DRIVER) - EXPLAIN IN NARRATIVE,N WOODLAWN AVE,39.1699569,-86.52345959
2007,8,2,Weekday,2100,1-Car,No injury/unknown,DRIVER DISTRACTED - EXPLAIN IN NARRATIVE,ADAMS ST & VERNAL,39.16984,-86.549696
2007,8,6,Weekday,400,1-Car,No injury/unknown,OTHER (DRIVER) - EXPLAIN IN NARRATIVE,N ADAMS ST & VERNAL,39.16984,-86.549696
2007,9,7,Weekend,1700,1-Car,No injury/unknown,OTHER (DRIVER) - EXPLAIN IN NARRATIVE,N ADAMS ST & VERNAL,39.16984,-86.549696
2007,9,6,Weekday,400,1-Car,No injury/unknown,ALCOHOLIC BEVERAGES,ADAMS ST & VERNAL,39.16984,-86.549696
2007,10,1,Weekday,2000,2-Car,No injury/unknown,FOLLOWING TOO CLOSELY,ADAMS ST & VERNAL,39.16984,-86.549696
2007,2,7,Weekend,300,2-Car,No injury/unknown,ALCOHOLIC BEVERAGES,WASHINGTON ST,39.1697342,-86.5324
2007,6,1,Weekend,1500,1-Car,No injury/unknown,OTHER (DRIVER) - EXPLAIN IN NARRATIVE,ADAMS ST & VERNAL,39.16970296,-86.54968458
2007,1,6,Weekend,2100,2-Car,No injury/unknown,IMPROPER TURNING,N WALNUT ST,39.16969371,-86.53354971
2007,10,3,Weekday,1800,1-Car,No injury/unknown,RAN OFF ROAD RIGHT,W 8TH ST,39.169664,-86.550928
2007,10,3,Weekday,1100,1-Car,No injury/unknown,OTHER (DRIVER) - EXPLAIN IN NARRATIVE,ADAMS ST & VERNAL,39.16963665,-86.5496704
2007,4,6,Weekday,1000,2-Car,No injury/unknown,UNSAFE BACKING,EAST EIGHTH ST & INDIANA,39.169616,-86.52696
2007,8,2,Weekday,900,2-Car,No injury/unknown,OTHER (DRIVER) - EXPLAIN IN NARRATIVE,500 EAST 8TH ST & INDIANA,39.169616,-86.52696
2007,4,3,Weekday,800,Bus,No injury/unknown,OTHER (DRIVER) - EXPLAIN IN NARRATIVE,FAIRVIEW & WEST 8TH ST,39.1696,-86.54104
2007,5,3,Weekday,900,2-Car,Non-incapacitating,FAILURE TO YIELD RIGHT OF WAY,8TH STREET ST & FAIRVIEW STREET,39.1696,-86.54104
2007,10,7,Weekend,100,Pedestrian,Non-incapacitating,OTHER (DRIVER) - EXPLAIN IN NARRATIVE,E 8TH ST & FESS,39.1696,-86.525712
2007,11,5,Weekday,1200,2-Car,No injury/unknown,FAILURE TO YIELD RIGHT OF WAY,8TH ST & FAIRVIEW,39.1696,-86.54104
2007,1,6,Weekday,1100,2-Car,No injury/unknown,OTHER (DRIVER) - EXPLAIN IN NARRATIVE,N ROGERS & W 8TH ST,39.169584,-86.538576
2007,1,5,Weekday,1600,2-Car,No injury/unknown,FAILURE TO YIELD RIGHT OF WAY,N ROGERS & W 8TH ST,39.169584,-86.538576
2007,2,6,Weekday,0,2-Car,No injury/unknown,ROADWAY SURFACE CONDITION,8TH ST & ROGERS,39.169584,-86.538576
2007,5,7,Weekend,900,2-Car,No injury/unknown,OTHER (DRIVER) - EXPLAIN IN NARRATIVE,ROGERS & WEST 8TH ST,39.169584,-86.538576
2007,4,1,Weekday,1900,1-Car,No injury/unknown,OTHER (DRIVER) - EXPLAIN IN NARRATIVE,ADAMS ST & VERNAL,39.16957931,-86.54962188
2007,5,6,Weekday,1800,1-Car,No injury/unknown,OTHER (DRIVER) - EXPLAIN IN NARRATIVE,ADAMS ST & VERNAL,39.16957931,-86.54962188
2007,1,5,Weekday,900,2-Car,No injury/unknown,UNSAFE BACKING,WEST 8TH ST,39.169568,-86.53641673
2007,7,4,Weekday,800,1-Car,No injury/unknown,OTHER (DRIVER) - EXPLAIN IN NARRATIVE,400 N MORTON ST ST,39.169568,-86.536
2007,7,5,Weekday,1200,2-Car,No injury/unknown,IMPROPER TURNING,N MORTON ST,39.169568,-86.536
2007,2,5,Weekday,1700,2-Car,No injury/unknown,FAILURE TO YIELD RIGHT OF WAY,WOODLAWN AVE,39.169552,-86.52344
2007,2,1,Weekend,100,2-Car,No injury/unknown,SPEED TOO FAST FOR WEATHER CONDITIONS,8TH & WALNUT ST,39.169552,-86.533552
2007,2,1,Weekend,200,2-Car,No injury/unknown,ROADWAY SURFACE CONDITION,8TH & LINCOLN ST,39.169552,-86.530992
2007,2,2,Weekday,2000,2-Car,No injury/unknown,FAILURE TO YIELD RIGHT OF WAY,8TH & N COLLEGE AVE,39.169552,-86.534784
2007,3,1,Weekend,1700,2-Car,No injury/unknown,IMPROPER TURNING,8TH & N COLLEGE AVE,39.169552,-86.534784
2007,3,2,Weekday,1300,2-Car,No injury/unknown,FAILURE TO YIELD RIGHT OF WAY,319 N WALNUT ST & W 8TH,39.169552,-86.533552
2007,3,1,Weekend,1400,2-Car,No injury/unknown,FAILURE TO YIELD RIGHT OF WAY,8TH ST & GRANT,39.169552,-86.529696
2007,4,4,Weekday,1500,Pedestrian,Non-incapacitating,PEDESTRIAN ACTION,8TH & WOODLAWN AVE,39.169552,-86.52344
2007,4,6,Weekday,1300,2-Car,No injury/unknown,DRIVER DISTRACTED - EXPLAIN IN NARRATIVE,W 8TH STREET ST & WALNUT ST,39.169552,-86.533552
2007,7,4,Weekday,1700,2-Car,Non-incapacitating,FAILURE TO YIELD RIGHT OF WAY,N COLLEGE AVE & W 8TH,39.169552,-86.534784
2007,7,5,Weekday,300,2-Car,No injury/unknown,ALCOHOLIC BEVERAGES,8TH ST & WALNUT,39.169552,-86.533552
2007,8,5,Weekday,1200,2-Car,No injury/unknown,OTHER (DRIVER) - EXPLAIN IN NARRATIVE,400 NORTH COLLEGE AVE & 8TH,39.169552,-86.534784
2007,9,7,Weekend,1500,2-Car,No injury/unknown,IMPROPER LANE USAGE,8TH & WALNUT ST,39.169552,-86.533552
2007,9,4,Weekday,1600,Pedestrian,Non-incapacitating,PEDESTRIAN ACTION,8TH & COLLEGE AVE,39.169552,-86.534784
2007,9,1,Weekend,1300,2-Car,No injury/unknown,IMPROPER TURNING,8TH & N COLLEGE AVE,39.169552,-86.534784
2007,10,1,Weekend,1400,2-Car,Non-incapacitating,IMPROPER TURNING,N COLLEGE AVE & W 8TH,39.169552,-86.534784
2007,11,6,Weekday,1000,2-Car,No injury/unknown,FAILURE TO YIELD RIGHT OF WAY,8TH & COLLEGE AVE,39.169552,-86.534784
2007,11,5,Weekday,1200,2-Car,Non-incapacitating,FAILURE TO YIELD RIGHT OF WAY,8TH ST & WOODLAWN,39.169552,-86.52344
2007,12,7,Weekend,1900,2-Car,No injury/unknown,FOLLOWING TOO CLOSELY,8TH & N COLLEGE AVE,39.169552,-86.534784
2007,8,4,Weekday,0,2-Car,No injury/unknown,OTHER (DRIVER) - EXPLAIN IN NARRATIVE,FAIRVIEW & W 8TH ST,39.1695,-86.53979667
2007,6,5,Weekday,1600,Cyclist,Non-incapacitating,FAILURE TO YIELD RIGHT OF WAY,7TH & JORDAN AVE,39.16949129,-86.51595557
2007,10,4,Weekday,1500,2-Car,Non-incapacitating,OTHER (ENVIRONMENTAL) - EXPLAIN IN NARR,NORTH WALNUT ST,39.16948,-86.533569
2007,4,1,Weekend,1800,3+ Cars,Non-incapacitating,BRAKE FAILURE OR DEFECTIVE,EASTGATE & SR46E,39.16947215,-86.50100806
2007,9,6,Weekend,2100,2-Car,No injury/unknown,FOLLOWING TOO CLOSELY,EASTGATE & SR46N,39.16947215,-86.50100806
2007,2,3,Weekday,700,2-Car,No injury/unknown,OTHER (VEHICLE) - EXPLAIN IN NARRATIVE,E AMY LN,39.16936,-86.497952
2007,2,7,Weekend,400,1-Car,No injury/unknown,RAN OFF ROAD RIGHT,AMY & PETE ELLIS DR,39.169312,-86.495888
2007,12,5,Weekday,2000,1-Car,No injury/unknown,DRIVER ILLNESS,AMY LN & PETE ELLIS,39.169312,-86.495888
2007,11,2,Weekday,0,2-Car,No injury/unknown,OTHER (DRIVER) - EXPLAIN IN NARRATIVE,NORTH JORDAN AVE,39.169241,-86.516142
2007,3,7,Weekend,1700,2-Car,No injury/unknown,UNSAFE BACKING,N JACOB DR,39.16921,-86.573588
2007,6,2,Weekday,1900,2-Car,No injury/unknown,OTHER (DRIVER) - EXPLAIN IN NARRATIVE,N JACOB DR,39.16921,-86.573588
2007,3,3,Weekday,1400,2-Car,No injury/unknown,FAILURE TO YIELD RIGHT OF WAY,7TH & COLLEGE AVE,39.16906798,-86.534784
2007,1,3,Weekday,1700,1-Car,No injury/unknown,OTHER (DRIVER) - EXPLAIN IN NARRATIVE,7TH & ADAMS ST,39.16898645,-86.5495544
2007,2,7,Weekend,1100,1-Car,No injury/unknown,OTHER (DRIVER) - EXPLAIN IN NARRATIVE,7TH & JORDAN AVE,39.168944,-86.516016
2007,3,3,Weekday,1500,Cyclist,Non-incapacitating,OTHER (DRIVER) - EXPLAIN IN NARRATIVE,7TH & N JORDAN AVE,39.168944,-86.516016
2007,10,2,Weekday,2100,2-Car,No injury/unknown,SPEED TOO FAST FOR WEATHER CONDITIONS,7TH & JORDAN AVE,39.168944,-86.516016
2007,11,7,Weekend,2300,2-Car,No injury/unknown,FAILURE TO YIELD RIGHT OF WAY,7TH & JORDAN AVE,39.168944,-86.516016
2007,11,1,Weekday,1900,3+ Cars,Non-incapacitating,FOLLOWING TOO CLOSELY,7TH & JORDAN AVE,39.168944,-86.516016
2007,8,4,Weekday,1400,2-Car,No injury/unknown,ALCOHOLIC BEVERAGES,7TH & COLLEGE AVE,39.16893066,-86.534784
2007,3,4,Weekday,1500,2-Car,No injury/unknown,UNSAFE BACKING,7TH ST & JORDAN,39.16892571,-86.51584115
2007,10,3,Weekday,800,2-Car,No injury/unknown,OTHER (DRIVER) - EXPLAIN IN NARRATIVE,EASTGATE LN,39.16892,-86.498679
2007,5,5,Weekday,300,Pedestrian,Non-incapacitating,ALCOHOLIC BEVERAGES,7TH & WALNUT AVE,39.16891463,-86.53356318
2007,10,5,Weekday,1700,2-Car,No injury/unknown,FAILURE TO YIELD RIGHT OF WAY,N WALNUT ST,39.16890057,-86.53356343
2007,12,1,Weekend,1700,2-Car,No injury/unknown,DRIVER DISTRACTED - EXPLAIN IN NARRATIVE,GRANDVIEW & SMITH RD,39.168848,-86.481296
2007,3,6,Weekday,1100,2-Car,No injury/unknown,FAILURE TO YIELD RIGHT OF WAY,7TH & FESS AVE,39.16884598,-86.52569943
2007,5,4,Weekday,1800,1-Car,No injury/unknown,SPEED TOO FAST FOR WEATHER CONDITIONS,N CURRY PIKE & W JONATHAN DR DR,39.1688,-86.57644329
2007,1,3,Weekday,1500,2-Car,No injury/unknown,DISREGARD SIGNAL/REG SIGN,7TH ST & WALDRON,39.168752,-86.5436
2007,3,7,Weekend,1500,2-Car,No injury/unknown,UNSAFE BACKING,E 7TH ST,39.168752,-86.5436
2007,11,3,Weekday,1600,2-Car,No injury/unknown,UNSAFE BACKING,E 7TH ST,39.168752,-86.5436
2007,12,3,Weekday,1700,2-Car,No injury/unknown,FOLLOWING TOO CLOSELY,E 7TH ST,39.168752,-86.5436
2007,5,7,Weekend,1000,2-Car,No injury/unknown,DRIVER DISTRACTED - EXPLAIN IN NARRATIVE,COLLEGE AVE,39.16874743,-86.534784
2007,9,7,Weekend,2300,Cyclist,Non-incapacitating,PEDESTRIAN ACTION,N ROGERS ST,39.16872196,-86.538576
2007,9,5,Weekday,1600,Cyclist,Non-incapacitating,PEDESTRIAN ACTION,COLLEGE AVE,39.16871093,-86.534784
2007,12,7,Weekend,400,1-Car,No injury/unknown,ALCOHOLIC BEVERAGES,EAST 7TH STREET ST,39.168709,-86.518649
2007,12,2,Weekday,1200,2-Car,No injury/unknown,OTHER (DRIVER) - EXPLAIN IN NARRATIVE,7TH ST & ROGERS,39.168704,-86.538576
2007,1,5,Weekday,1400,2-Car,No injury/unknown,FAILURE TO YIELD RIGHT OF WAY,7TH ST & SUNRISE,39.1687,-86.51390333
2007,2,3,Weekday,1000,2-Car,No injury/unknown,UNSAFE BACKING,EAST SEVENTH ST & SUNRISE,39.1687,-86.51390506
2007,3,5,Weekday,1500,2-Car,No injury/unknown,FAILURE TO YIELD RIGHT OF WAY,7TH ST & SUNRISE,39.1687,-86.513899
2007,4,6,Weekday,1200,Cyclist,Non-incapacitating,OTHER (DRIVER) - EXPLAIN IN NARRATIVE,SEVENTH ST & SUNRISE,39.1687,-86.513899
2007,8,6,Weekday,1400,2-Car,No injury/unknown,OTHER (DRIVER) - EXPLAIN IN NARRATIVE,7TH & MORTON ST,39.16869947,-86.536
2007,4,2,Weekday,1700,2-Car,No injury/unknown,OTHER (DRIVER) - EXPLAIN IN NARRATIVE,7TH ST & MORTON,39.168672,-86.53614113
2007,7,7,Weekend,800,2-Car,No injury/unknown,UNSAFE BACKING,W 7TH ST,39.168672,-86.536
2007,10,5,Weekday,1400,2-Car,No injury/unknown,DISREGARD SIGNAL/REG SIGN,7TH ST & MORTON,39.168672,-86.536
2007,10,6,Weekend,2200,2-Car,No injury/unknown,ALCOHOLIC BEVERAGES,7TH ST & MORTON,39.168672,-86.536
2007,3,4,Weekday,1300,Cyclist,Non-incapacitating,FAILURE TO YIELD RIGHT OF WAY,7TH & JORDAN AVE,39.16867049,-86.51604818
2007,1,7,Weekend,2100,2-Car,No injury/unknown,VIEW OBSTRUCTED,7TH ST & COLLEGE,39.16866529,-86.53548957
2007,6,3,Weekday,1200,2-Car,No injury/unknown,UNSAFE BACKING,W 7TH AVE,39.16866318,-86.53532996
2007,1,2,Weekday,1600,2-Car,No injury/unknown,DISREGARD SIGNAL/REG SIGN,7TH & COLLEGE AVE,39.168656,-86.534784
2007,2,5,Weekday,900,2-Car,No injury/unknown,FAILURE TO YIELD RIGHT OF WAY,7TH ST & COLLEGE,39.168656,-86.534784
2007,4,2,Weekday,1400,2-Car,No injury/unknown,FAILURE TO YIELD RIGHT OF WAY,7TH & N COLLEGE AVE,39.168656,-86.534784
2007,6,6,Weekday,1000,2-Car,No injury/unknown,OTHER (DRIVER) - EXPLAIN IN NARRATIVE,300 NORTH COLLEGE AVE & 7TH,39.168656,-86.534784