Year,Month,Day,Weekend?,Hour,Collision Type,Injury Type,Primary Factor,Reported_Location,Latitude,Longitude
2007,7,7,Weekend,300,1-Car,Non-incapacitating,ALCOHOLIC BEVERAGES,7TH & COLLEGE AVE,39.168656,-86.534784
2007,7,2,Weekday,1700,1-Car,No injury/unknown,OTHER (DRIVER) - EXPLAIN IN NARRATIVE,N COLLEGE AVE,39.168656,-86.534784
2007,8,4,Weekday,1400,2-Car,No injury/unknown,ALCOHOLIC BEVERAGES,N COLLEGE AVE,39.168656,-86.534784
2007,8,4,Weekday,1700,2-Car,No injury/unknown,DRIVER DISTRACTED - EXPLAIN IN NARRATIVE,7TH & COLLEGE AVE,39.168656,-86.534784
2007,9,5,Weekday,900,2-Car,No injury/unknown,OTHER (DRIVER) - EXPLAIN IN NARRATIVE,7TH & N COLLEGE AVE,39.168656,-86.534784
2007,10,3,Weekday,1200,2-Car,No injury/unknown,OTHER (DRIVER) - EXPLAIN IN NARRATIVE,N COLLEGE AVE & W 7TH,39.168656,-86.534784
2007,11,7,Weekend,1000,2-Car,No injury/unknown,FAILURE TO YIELD RIGHT OF WAY,7TH & COLLEGE AVE,39.168656,-86.534784
2007,12,2,Weekday,100,2-Car,No injury/unknown,UNSAFE BACKING,COLLEGE AVE,39.168656,-86.534784
2007,1,1,Weekend,300,2-Car,No injury/unknown,OTHER (DRIVER) - EXPLAIN IN NARRATIVE,7TH ST & LINCOLN,39.16864,-86.53085087
2007,10,5,Weekday,1000,Bus,No injury/unknown,UNSAFE SPEED,7TH ST & WOODLAWN,39.16864,-86.5236037
2007,1,2,Weekday,1000,2-Car,No injury/unknown,OTHER (DRIVER) - EXPLAIN IN NARRATIVE,EAST SEVENTH ST & NORTH DUNN,39.16864,-86.528224
2007,1,7,Weekend,1300,2-Car,No injury/unknown,FAILURE TO YIELD RIGHT OF WAY,7TH & WALNUT ST,39.16864,-86.533568
2007,1,1,Weekend,1400,2-Car,No injury/unknown,IMPROPER TURNING,E 7TH & N WALNUT ST,39.16864,-86.533568
2007,4,7,Weekend,200,2-Car,No injury/unknown,IMPROPER TURNING,N WALNUT ST,39.16864,-86.533568
2007,5,5,Weekday,1900,2-Car,No injury/unknown,IMPROPER TURNING,7TH & N WALNUT ST,39.16864,-86.533568
2007,6,5,Weekday,300,1-Car,No injury/unknown,OTHER (DRIVER) - EXPLAIN IN NARRATIVE,N WALNUT ST,39.16864,-86.533568
2007,6,5,Weekday,100,Moped/Motorcycle,Non-incapacitating,FOLLOWING TOO CLOSELY,7TH & WALNUT ST,39.16864,-86.533568
2007,6,5,Weekday,1200,2-Car,No injury/unknown,UNSAFE BACKING,900 E 7TH ST & WOODLAWN,39.16864,-86.523392
2007,8,7,Weekend,2200,2-Car,No injury/unknown,IMPROPER LANE USAGE,7TH & WALNUT ST,39.16864,-86.533568
2007,8,5,Weekday,1500,2-Car,No injury/unknown,FAILURE TO YIELD RIGHT OF WAY,7TH ST & INDIANA,39.16864,-86.526944
2007,9,3,Weekday,1000,2-Car,No injury/unknown,FAILURE TO YIELD RIGHT OF WAY,7TH & WALNUT ST,39.16864,-86.533568
2007,9,5,Weekday,1200,2-Car,No injury/unknown,UNSAFE SPEED,7TH ST & WOODLAWN,39.16864,-86.523392
2007,9,3,Weekday,2100,2-Car,No injury/unknown,IMPROPER PASSING,7TH & WALNUT ST,39.16864,-86.533568
2007,11,1,Weekend,100,3+ Cars,No injury/unknown,OTHER (DRIVER) - EXPLAIN IN NARRATIVE,N WALNUT ST,39.16864,-86.533568
2007,11,1,Weekend,1600,2-Car,No injury/unknown,,SEVEN ST & WALNUT,39.16864,-86.533568
2007,11,5,Weekday,1900,2-Car,No injury/unknown,FAILURE TO YIELD RIGHT OF WAY,7TH & WALNUT ST,39.16864,-86.533568
2007,11,5,Weekday,1300,Pedestrian,Non-incapacitating,OTHER (DRIVER) - EXPLAIN IN NARRATIVE,SEVENTH ST & WOODLAWN,39.16864,-86.523392
2007,11,5,Weekday,1600,Bus,No injury/unknown,FAILURE TO YIELD RIGHT OF WAY,7TH & WOODLAWN AVE,39.16864,-86.523392
2007,12,5,Weekday,1200,2-Car,No injury/unknown,OTHER (DRIVER) - EXPLAIN IN NARRATIVE,EAST 7TH ST & NORTH WALNUT,39.16864,-86.533568
2007,12,5,Weekday,1400,2-Car,No injury/unknown,FAILURE TO YIELD RIGHT OF WAY,SEVEN ST & WALNUT,39.16864,-86.533568
2007,1,2,Weekday,100,1-Car,No injury/unknown,RAN OFF ROAD RIGHT,SR48W & VERNEL,39.16861262,-86.6698189
2007,10,5,Weekday,0,2-Car,No injury/unknown,IMPROPER TURNING,NORTH WALNUT ST,39.16855,-86.533589
2007,10,3,Weekday,1500,Pedestrian,Non-incapacitating,OTHER (DRIVER) - EXPLAIN IN NARRATIVE,7TH & JORDAN AVE,39.16853373,-86.51606427
2007,10,5,Weekday,1700,2-Car,Non-incapacitating,FAILURE TO YIELD RIGHT OF WAY,7TH ST & SUNRISE,39.16853,-86.51242
2007,8,4,Weekday,1200,2-Car,No injury/unknown,FAILURE TO YIELD RIGHT OF WAY,EAST EIGHTH & INDIANA AVE,39.168504,-86.526999
2007,5,4,Weekday,1400,2-Car,No injury/unknown,UNSAFE BACKING,DUNN & SEVENTH ST,39.1685,-86.529799
2007,5,6,Weekday,1100,2-Car,No injury/unknown,UNSAFE BACKING,DUNN & SEVENTH ST,39.1685,-86.5297791
2007,5,3,Weekday,1200,1-Car,No injury/unknown,OTHER (ENVIRONMENTAL) - EXPLAIN IN NARR,EAST EIGHTH & NORTH COLLEGE AVE,39.1685,-86.53489035
2007,12,4,Weekday,1300,1-Car,No injury/unknown,OTHER (ENVIRONMENTAL) - EXPLAIN IN NARR,EAST SEVENTH ST,39.16848,-86.523479
2007,5,7,Weekend,0,1-Car,Non-incapacitating,ALCOHOLIC BEVERAGES,BRAESIDE & PETE ELLIS DR,39.16838961,-86.49528504
2007,10,6,Weekday,600,2-Car,No injury/unknown,HEADLIGHT DEFECTIVE OR NOT ON,CURRY PIKE & JOHNATHAN,39.16836,-86.58298
2007,3,6,Weekday,1800,2-Car,No injury/unknown,OTHER (VEHICLE) - EXPLAIN IN NARRATIVE,FRANKLIN RD,39.16833,-86.570924
2007,2,4,Weekday,1300,2-Car,No injury/unknown,UNSAFE BACKING,7TH & MORTON ST,39.16826002,-86.536
2007,1,1,Weekend,1100,1-Car,Fatal,ROADWAY SURFACE CONDITION,BRAESIDE & PETE ELLIS DR,39.168192,-86.49504
2007,9,7,Weekend,300,1-Car,Non-incapacitating,UNSAFE SPEED,BRAESIDE & PETE ELLIS DR,39.168192,-86.49504
2007,11,6,Weekday,700,1-Car,No injury/unknown,UNSAFE SPEED,BRAESIDE & N PETE ELLIS DR,39.168192,-86.49504
2007,9,4,Weekday,800,Cyclist,No injury/unknown,FAILURE TO YIELD RIGHT OF WAY,ROSE & SEVENTH ST,39.168144,-86.510992
2007,10,1,Weekend,1800,3+ Cars,Non-incapacitating,DRIVER DISTRACTED - EXPLAIN IN NARRATIVE,7TH ST & ROSE,39.168144,-86.510992
2007,4,4,Weekday,1400,2-Car,No injury/unknown,FAILURE TO YIELD RIGHT OF WAY,6TH & DUNN ST,39.16813995,-86.52821523
2007,7,7,Weekend,1700,2-Car,No injury/unknown,OTHER (DRIVER) - EXPLAIN IN NARRATIVE,N COLLEGE AVE,39.16810057,-86.534784
2007,6,4,Weekday,500,2-Car,No injury/unknown,DRIVER ASLEEP OR FATIGUED,2ND & WASHINGTON ST,39.16808698,-86.532399
2007,10,6,Weekday,1700,2-Car,No injury/unknown,FOLLOWING TOO CLOSELY,ROSE AVE & SEVENTH,39.16808,-86.51091
2007,9,7,Weekend,1500,Moped/Motorcycle,No injury/unknown,UNSAFE BACKING,6TH & COLLEGE AVE,39.16792266,-86.534784
2007,12,1,Weekend,1700,2-Car,No injury/unknown,OTHER (DRIVER) - EXPLAIN IN NARRATIVE,JACOBS DR,39.167918,-86.573567
2007,2,2,Weekday,400,1-Car,No injury/unknown,OTHER (DRIVER) - EXPLAIN IN NARRATIVE,MORTON ST,39.16778743,-86.536
2007,3,6,Weekend,2100,2-Car,No injury/unknown,UNSAFE BACKING,N INDIANA AVE,39.167744,-86.526928
2007,9,5,Weekday,1200,2-Car,No injury/unknown,IMPROPER LANE USAGE,6TH & INDIANA AVE,39.167744,-86.526928
2007,11,6,Weekday,1600,Cyclist,Non-incapacitating,OTHER (DRIVER) - EXPLAIN IN NARRATIVE,6TH & INDIANA AVE,39.167744,-86.526928
2007,11,5,Weekday,700,2-Car,No injury/unknown,OTHER (DRIVER) - EXPLAIN IN NARRATIVE,N COLLEGE AVE,39.16773029,-86.534784
2007,3,6,Weekend,2100,2-Car,No injury/unknown,OTHER (DRIVER) - EXPLAIN IN NARRATIVE,E 6TH ST,39.167728,-86.528208
2007,4,1,Weekend,300,2-Car,Non-incapacitating,ALCOHOLIC BEVERAGES,6TH ST & PINE,39.167728,-86.548336
2007,5,6,Weekday,1700,2-Car,No injury/unknown,FAILURE TO YIELD RIGHT OF WAY,6TH & DUNN ST,39.167728,-86.528208
2007,12,4,Weekday,1200,2-Car,No injury/unknown,UNSAFE BACKING,E 6TH ST & N DUNN,39.167728,-86.528208
2007,7,5,Weekday,1700,1-Car,No injury/unknown,OTHER (DRIVER) - EXPLAIN IN NARRATIVE,6TH ST & GRANT,39.1677158,-86.52934321
2007,7,4,Weekday,2000,2-Car,No injury/unknown,OTHER (DRIVER) - EXPLAIN IN NARRATIVE,MAPLE & W 6TH ST,39.167696,-86.542096
2007,7,3,Weekday,1000,3+ Cars,Non-incapacitating,DRIVER DISTRACTED - EXPLAIN IN NARRATIVE,2ND & ROGERS ST,39.16768592,-86.538699
2007,10,6,Weekday,1500,2-Car,No injury/unknown,FOLLOWING TOO CLOSELY,EASTGATE & SR46,39.16768048,-86.50011224
2007,6,6,Weekend,2200,2-Car,No injury/unknown,OTHER (DRIVER) - EXPLAIN IN NARRATIVE,W 6TH ST,39.16768,-86.539808
2007,6,4,Weekday,2100,Bus,No injury/unknown,FAILURE TO YIELD RIGHT OF WAY,6TH & ROGERS ST,39.16768,-86.538592
2007,7,5,Weekday,700,2-Car,No injury/unknown,FAILURE TO YIELD RIGHT OF WAY,6TH STREET ST & JACKSON ST,39.16768,-86.539808
2007,9,4,Weekday,1000,2-Car,No injury/unknown,FAILURE TO YIELD RIGHT OF WAY,S ROGERS ST & W 6TH,39.16768,-86.538592
2007,12,1,Weekday,1900,2-Car,No injury/unknown,FAILURE TO YIELD RIGHT OF WAY,6TH & ROGERS ST,39.16768,-86.538592
2007,12,3,Weekday,1300,1-Car,No injury/unknown,RAN OFF ROAD RIGHT,6TH ST & ROGERS,39.16768,-86.538592
2007,12,3,Weekday,1300,2-Car,No injury/unknown,FAILURE TO YIELD RIGHT OF WAY,N ROGERS ST & W 6TH,39.16768,-86.538592
2007,10,4,Weekday,700,2-Car,No injury/unknown,OTHER (DRIVER) - EXPLAIN IN NARRATIVE,W 6TH ST,39.16766727,-86.53756049
2007,10,7,Weekend,1500,2-Car,No injury/unknown,DRIVER ILLNESS,6TH ST & MADISON,39.167664,-86.537296
2007,5,2,Weekday,1500,2-Car,No injury/unknown,IMPROPER TURNING,6TH ST & COLLEGE,39.16765032,-86.53496039
2007,6,7,Weekend,1800,Pedestrian,Non-incapacitating,OTHER (DRIVER) - EXPLAIN IN NARRATIVE,6TH ST & COLLEGE,39.167648,-86.53443117
2007,1,6,Weekday,500,1-Car,No injury/unknown,CELL PHONE USAGE,N COLLEGE AVE & W 6TH,39.167648,-86.534784
2007,2,5,Weekday,1400,2-Car,No injury/unknown,FOLLOWING TOO CLOSELY,6TH & COLLEGE AVE,39.167648,-86.534784
2007,3,6,Weekday,0,Moped/Motorcycle,Non-incapacitating,FOLLOWING TOO CLOSELY,6TH & N WALNUT ST,39.167648,-86.533584
2007,7,2,Weekday,1400,2-Car,No injury/unknown,FAILURE TO YIELD RIGHT OF WAY,6TH & WALNUT ST,39.167648,-86.533584
2007,7,2,Weekday,1200,2-Car,No injury/unknown,UNSAFE BACKING,100 W 6T STREET ST & WALNUT ST,39.167648,-86.533584
2007,7,2,Weekday,1000,2-Car,No injury/unknown,DISREGARD SIGNAL/REG SIGN,6TH & NORTH WALNUT ST,39.167648,-86.533584
2007,9,4,Weekday,2000,2-Car,No injury/unknown,OTHER (DRIVER) - EXPLAIN IN NARRATIVE,6TH & N WALNUT ST,39.167648,-86.533584
2007,9,4,Weekday,1300,2-Car,No injury/unknown,UNSAFE BACKING,200 W 6TH STREET ST & COLLEGE AVE,39.167648,-86.534784
2007,10,6,Weekday,0,2-Car,No injury/unknown,FAILURE TO YIELD RIGHT OF WAY,6TH & WALNUT ST,39.167648,-86.533584
2007,10,7,Weekend,2200,2-Car,No injury/unknown,OTHER (DRIVER) - EXPLAIN IN NARRATIVE,6TH ST & WALNUT,39.167648,-86.533584
2007,10,3,Weekday,1800,2-Car,Non-incapacitating,OTHER (DRIVER) - EXPLAIN IN NARRATIVE,6TH STREET & S COLLEGE AVE AVE,39.167648,-86.534784
2007,10,1,Weekend,1500,2-Car,Non-incapacitating,DRIVER DISTRACTED - EXPLAIN IN NARRATIVE,6TH & COLLEGE AVE,39.167648,-86.534784
2007,11,5,Weekday,1000,2-Car,No injury/unknown,FAILURE TO YIELD RIGHT OF WAY,6TH & COLLEGE AVE,39.167648,-86.534784
2007,11,6,Weekend,2100,2-Car,No injury/unknown,FAILURE TO YIELD RIGHT OF WAY,6TH & WALNUT ST,39.167648,-86.533584
2007,12,1,Weekend,1100,2-Car,Non-incapacitating,UNSAFE BACKING,6TH ST & WALNUT,39.167648,-86.533584
2007,1,6,Weekday,1400,2-Car,No injury/unknown,FOLLOWING TOO CLOSELY,LINCOLN ST & SIXTH,39.16754267,-86.530992
2007,12,7,Weekend,300,1-Car,No injury/unknown,UNSAFE BACKING,EAST 6TH ST,39.16754,-86.530797
2007,6,1,Weekend,700,2-Car,No injury/unknown,OTHER (DRIVER) - EXPLAIN IN NARRATIVE,EAST 6TH ST,39.16751148,-86.5335449
2007,5,5,Weekday,800,Cyclist,Non-incapacitating,OTHER (DRIVER) - EXPLAIN IN NARRATIVE,EAST SEVENTH & INDIANA AVE,39.167504,-86.5269
2007,2,4,Weekday,1200,1-Car,No injury/unknown,OTHER (DRIVER) - EXPLAIN IN NARRATIVE,6TH ST & DUNN,39.1675,-86.529799
2007,7,5,Weekday,800,2-Car,No injury/unknown,OTHER (DRIVER) - EXPLAIN IN NARRATIVE,EAST SIXTH ST,39.1675,-86.529799
2007,2,3,Weekday,900,1-Car,No injury/unknown,OTHER (DRIVER) - EXPLAIN IN NARRATIVE,6TH & INDIANA AVE,39.16746941,-86.52692004
2007,10,4,Weekday,1000,1-Car,No injury/unknown,ACCELERATOR FAILURE OR DEFECTIVE,SOUTH JOHNSON AVE AVE,39.167308,-86.565006
2007,11,3,Weekday,1400,2-Car,No injury/unknown,OTHER (DRIVER) - EXPLAIN IN NARRATIVE,E KIRKWOOD AVE,39.167286,-86.52355
2007,8,7,Weekend,2100,1-Car,No injury/unknown,ANIMAL/OBJECT IN ROADWAY,NORTH ST RD 46 RTE,39.167284,-86.499878
2007,4,7,Weekend,1100,2-Car,No injury/unknown,UNSAFE BACKING,S JORDAN AVE,39.1672661,-86.51619777
2007,8,5,Weekday,800,1-Car,No injury/unknown,DRIVER DISTRACTED - EXPLAIN IN NARRATIVE,S JORDAN AVE,39.1672661,-86.51619777
2007,10,4,Weekday,1500,2-Car,No injury/unknown,UNSAFE BACKING,N ROSE AVE,39.167258,-86.510899
2007,4,4,Weekday,1700,2-Car,No injury/unknown,UNSAFE BACKING,E KIRKWOOD AVE,39.167209,-86.523118
2007,5,5,Weekday,2100,1-Car,No injury/unknown,OVERSIZE/OVERWEIGHT LOAD,EAST KIRKWOOD AVE,39.167209,-86.523118
2007,2,6,Weekend,2000,2-Car,No injury/unknown,FOLLOWING TOO CLOSELY,EASTGATE & SR46N,39.16716829,-86.49985726
2007,2,3,Weekday,800,Bus,No injury/unknown,OTHER (DRIVER) - EXPLAIN IN NARRATIVE,UNION & UNION ST,39.16705398,-86.50929848
2007,11,6,Weekday,1300,2-Car,No injury/unknown,UNSAFE BACKING,N JORDAN AVE,39.167006,-86.516145
2007,12,2,Weekday,1600,2-Car,No injury/unknown,IMPROPER TURNING,N JORDAN AVE,39.167006,-86.516145
2007,2,5,Weekday,700,2-Car,No injury/unknown,UNSAFE BACKING,NORTH INDIANA AVE,39.167002,-86.526899
2007,4,6,Weekend,2200,2-Car,No injury/unknown,UNSAFE BACKING,NORTH INDIANA AVE,39.167002,-86.526899
2007,4,2,Weekday,1600,2-Car,Non-incapacitating,OTHER TELEMATICS IN USE,MORNINGSIDE & SMITH RD,39.166986,-86.481299
2007,6,7,Weekend,1300,2-Car,No injury/unknown,FAILURE TO YIELD RIGHT OF WAY,INDIANA AVE & KIRKWOOD,39.1669695,-86.52690555
2007,1,3,Weekday,1000,2-Car,No injury/unknown,FAILURE TO YIELD RIGHT OF WAY,LONGVIEW & PETE ELLIS DR,39.166944,-86.495056
2007,1,2,Weekday,1500,2-Car,No injury/unknown,FAILURE TO YIELD RIGHT OF WAY,LONGVIEW & PETE ELLIS DR,39.166944,-86.495056
2007,2,4,Weekday,1800,2-Car,No injury/unknown,FAILURE TO YIELD RIGHT OF WAY,E LONGVIEW & PETE ELLIS DR,39.166944,-86.495056
2007,10,7,Weekend,0,2-Car,No injury/unknown,ALCOHOLIC BEVERAGES,LONGVIEW & PETE ELLIS DR,39.166944,-86.495056
2007,12,5,Weekday,1800,2-Car,Non-incapacitating,FAILURE TO YIELD RIGHT OF WAY,LONGVIEW & PETE ELLIS DR,39.166944,-86.495056
2007,6,7,Weekend,1700,2-Car,No injury/unknown,UNSAFE BACKING,GRANT ST & KIRKWOOD,39.16691466,-86.529696
2007,9,5,Weekday,1300,2-Car,No injury/unknown,OTHER (DRIVER) - EXPLAIN IN NARRATIVE,DUNN ST & KIRKWOOD,39.16691464,-86.52819604
2007,6,6,Weekday,1400,Bus,No injury/unknown,IMPROPER TURNING,E KIRKWOOD & INDIANA AVE,39.16691459,-86.52690396
2007,7,6,Weekend,2300,1-Car,No injury/unknown,OTHER (DRIVER) - EXPLAIN IN NARRATIVE,SOUTH JORDAN AVE,39.166912,-86.516224
2007,1,3,Weekday,1900,2-Car,No injury/unknown,FAILURE TO YIELD RIGHT OF WAY,LONGVIEW & PETE ELLIS DR,39.1669,-86.494899
2007,3,4,Weekday,1800,2-Car,No injury/unknown,FAILURE TO YIELD RIGHT OF WAY,LONGVIEW & PETE ELLIS DR,39.1669,-86.494899
2007,4,7,Weekend,1400,2-Car,No injury/unknown,DISREGARD SIGNAL/REG SIGN,LONGVIEW & PETE ELLIS DR,39.1669,-86.494899
2007,9,7,Weekend,2200,2-Car,No injury/unknown,UNSAFE SPEED,WEST KIRKWOOD AVE,39.166852,-86.552299
2007,1,5,Weekday,1500,2-Car,No injury/unknown,IMPROPER LANE USAGE,UNION & UNION ST,39.166848,-86.509296
2007,3,1,Weekend,1800,2-Car,Non-incapacitating,FAILURE TO YIELD RIGHT OF WAY,5TH ST & JEFFERSON,39.166848,-86.506992
2007,3,2,Weekday,800,2-Car,No injury/unknown,OTHER (DRIVER) - EXPLAIN IN NARRATIVE,E LONGVIEW AVE,39.166848,-86.495088
2007,5,3,Weekday,2000,2-Car,No injury/unknown,IMPROPER TURNING,UNION & UNION CT,39.166848,-86.509296
2007,5,4,Weekday,900,2-Car,No injury/unknown,FAILURE TO YIELD RIGHT OF WAY,5TH ST & JEFFERSON,39.166848,-86.506992
2007,9,5,Weekday,600,1-Car,No injury/unknown,OTHER (VEHICLE) - EXPLAIN IN NARRATIVE,KINGSTON DR & LONGVIEW,39.166848,-86.4928
2007,11,1,Weekend,1100,2-Car,Non-incapacitating,FAILURE TO YIELD RIGHT OF WAY,E LONGVIEW & S PETE ELLIS DR,39.166848,-86.495088
2007,4,5,Weekday,1100,2-Car,No injury/unknown,DRIVER DISTRACTED - EXPLAIN IN NARRATIVE,N GATES DR,39.166847,-86.575999
2007,6,3,Weekday,1700,2-Car,No injury/unknown,OTHER (DRIVER) - EXPLAIN IN NARRATIVE,N GATES DR,39.166847,-86.575999
2007,1,6,Weekday,1500,2-Car,No injury/unknown,IMPROPER TURNING,INDIANA AVE & KIRKWOOD,39.16684594,-86.52690197
2007,10,3,Weekday,1700,2-Car,No injury/unknown,UNSAFE BACKING,E KIRKWOOD AVE,39.166828,-86.521999
2007,1,3,Weekday,1500,1-Car,No injury/unknown,UNSAFE SPEED,ADAMS & W KIRKWOOD AVE,39.166816,-86.549488
2007,3,3,Weekday,1200,3+ Cars,No injury/unknown,BRAKE FAILURE OR DEFECTIVE,ADAMS & KIRKWOOD AVE,39.16681365,-86.54931161
2007,10,3,Weekday,1700,2-Car,Non-incapacitating,FAILURE TO YIELD RIGHT OF WAY,N GATES DR,39.166813,-86.57597
2007,3,2,Weekday,1900,2-Car,No injury/unknown,FAILURE TO YIELD RIGHT OF WAY,5TH ST & JEFFERSON,39.1668,-86.508299
2007,12,4,Weekday,1600,Pedestrian,No injury/unknown,UNSAFE BACKING,N ROGERS ST,39.16679543,-86.53860604
2007,11,3,Weekday,1200,2-Car,No injury/unknown,OTHER (DRIVER) - EXPLAIN IN NARRATIVE,SOUTH YANCY ST,39.166783,-86.569489
2007,11,5,Weekday,1500,2-Car,No injury/unknown,FAILURE TO YIELD RIGHT OF WAY,GRANT ST & KIRKWOOD,39.16677733,-86.529696
2007,4,5,Weekday,1200,2-Car,No injury/unknown,FOLLOWING TOO CLOSELY,ELM & KIRKWOOD AVE,39.16677153,-86.5455528
2007,1,4,Weekday,1300,Pedestrian,Non-incapacitating,OTHER (DRIVER) - EXPLAIN IN NARRATIVE,KIRKWOOD AVE,39.16677127,-86.54552653
2007,1,4,Weekday,1600,Cyclist,No injury/unknown,FAILURE TO YIELD RIGHT OF WAY,FORREST & KIRKWOOD ST,39.16677127,-86.54552653
2007,5,3,Weekday,1600,2-Car,No injury/unknown,UNSAFE BACKING,EAST KIRKWOOD ST,39.16677127,-86.54552653
2007,5,3,Weekday,900,2-Car,No injury/unknown,FAILURE TO YIELD RIGHT OF WAY,ELM & WEST 5TH ST,39.166768,-86.5452
2007,3,7,Weekend,0,2-Car,No injury/unknown,OTHER (DRIVER) - EXPLAIN IN NARRATIVE,KIRKWOOD ST & WALDRON,39.16674658,-86.54412906
2007,9,5,Weekday,2200,2-Car,No injury/unknown,UNSAFE BACKING,S WALDRON ST & W KIRKWOOD,39.166736,-86.5436
2007,5,3,Weekday,1700,2-Car,No injury/unknown,IMPROPER PASSING,KIRKWOOD AVE & WALDRON,39.16673488,-86.54349416
2007,5,5,Weekday,0,1-Car,No injury/unknown,ALCOHOLIC BEVERAGES,KIRKWOOD AVE & MAPLE,39.16672,-86.542096
2007,5,6,Weekday,1000,2-Car,No injury/unknown,FAILURE TO YIELD RIGHT OF WAY,KIRKWOOD AVE & MAPLE,39.16672,-86.542096
2007,5,3,Weekday,1300,2-Car,Non-incapacitating,FOLLOWING TOO CLOSELY,FAIRVIEW & KIRKWOOD AVE,39.166704,-86.5408
2007,8,5,Weekday,1600,Bus,No injury/unknown,FAILURE TO YIELD RIGHT OF WAY,INDIANA AVE & KIRKWOOD,39.16669492,-86.52689759
2007,10,4,Weekday,1400,2-Car,No injury/unknown,BRAKE FAILURE OR DEFECTIVE,424 S COLLEGE AVE & SECOND,39.16669208,-86.53489044
2007,9,4,Weekday,900,2-Car,No injury/unknown,FAILURE TO YIELD RIGHT OF WAY,S JACKSON ST & W KIRKWOOD,39.166688,-86.539808
2007,10,3,Weekday,1700,2-Car,Non-incapacitating,FAILURE TO YIELD RIGHT OF WAY,NORTH JACKSON & WEST KIRKWOOD AVE,39.166688,-86.539808
2007,11,5,Weekday,1500,1-Car,No injury/unknown,OTHER (DRIVER) - EXPLAIN IN NARRATIVE,W KIRKWOOD AVE,39.1666769,-86.53897535
2007,5,2,Weekday,1700,Cyclist,Non-incapacitating,PEDESTRIAN ACTION,KIRKWOOD AVE & ROGERS,39.16667671,-86.53896077
2007,8,5,Weekday,1600,2-Car,No injury/unknown,FAILURE TO YIELD RIGHT OF WAY,KIRKWOOD AVE & ROGERS,39.16667671,-86.53896077
2007,3,5,Weekday,1200,2-Car,No injury/unknown,FAILURE TO YIELD RIGHT OF WAY,S ROGERS & W KIRKWOOD AVE,39.166672,-86.538608
2007,5,3,Weekday,1400,2-Car,Non-incapacitating,FAILURE TO YIELD RIGHT OF WAY,N ROGERS & W KIRKWOOD AVE,39.166672,-86.538608
2007,7,4,Weekday,1200,2-Car,Non-incapacitating,OTHER (DRIVER) - EXPLAIN IN NARRATIVE,KIRKWOOD AVE & ROGERS ST ST,39.166672,-86.538608
2007,11,7,Weekend,1300,Pedestrian,Non-incapacitating,FAILURE TO YIELD RIGHT OF WAY,5TH & ROGERS ST,39.166672,-86.538608
2007,11,7,Weekend,1300,2-Car,No injury/unknown,FOLLOWING TOO CLOSELY,KIRKWOOD AVE & ROGERS,39.166672,-86.538608
2007,3,6,Weekday,1100,2-Car,Non-incapacitating,FAILURE TO YIELD RIGHT OF WAY,KIRKWOOD AVE & MADISON,39.166656,-86.537296
2007,5,4,Weekday,1200,2-Car,No injury/unknown,FAILURE TO YIELD RIGHT OF WAY,S MADISON & W KIRKWOOD AVE,39.166656,-86.537296
2007,11,5,Weekday,1300,2-Car,No injury/unknown,FAILURE TO YIELD RIGHT OF WAY,KIRKWOOD AVE & MADISON,39.166656,-86.537296
2007,9,1,Weekday,2300,2-Car,No injury/unknown,RAN OFF ROAD RIGHT,KIRKWOOD AVE & MADISON,39.16665365,-86.53711961
2007,6,5,Weekday,1300,2-Car,No injury/unknown,OTHER (DRIVER) - EXPLAIN IN NARRATIVE,WEST KIRKWOOD AVE,39.16664404,-86.55090041
2007,3,4,Weekday,1500,2-Car,No injury/unknown,UNSAFE BACKING,KIRKWOOD AVE & WALNUT,39.16664,-86.53412923
2007,3,3,Weekday,1700,Bus,Non-incapacitating,FAILURE TO YIELD RIGHT OF WAY,KIRKWOOD AVE & LINCOLN,39.16664,-86.53081559
2007,5,4,Weekday,1300,2-Car,No injury/unknown,OTHER (DRIVER) - EXPLAIN IN NARRATIVE,COLLEGE & KIRKWOOD AVE,39.16664,-86.53462359
2007,7,2,Weekday,1900,2-Car,No injury/unknown,UNSAFE BACKING,KIRKWOOD AVE & WALNUT,39.16664,-86.53395282
2007,8,4,Weekday,2300,2-Car,No injury/unknown,UNSAFE BACKING,COLLEGE & KIRKWOOD AVE,39.16664,-86.53462359
2007,8,3,Weekday,1300,Cyclist,Non-incapacitating,IMPROPER TURNING,KIRKWOOD AVE & WASHINGTON,39.16664,-86.53222359
2007,8,7,Weekend,1400,2-Car,No injury/unknown,DRIVER DISTRACTED - EXPLAIN IN NARRATIVE,KIRKWOOD ST & WASHINGTON,39.16664,-86.53257641
2007,9,3,Weekday,2100,2-Car,No injury/unknown,UNSAFE BACKING,GRANT & KIRKWOOD AVE,39.16664,-86.52943138
2007,1,3,Weekday,1500,2-Car,No injury/unknown,FAILURE TO YIELD RIGHT OF WAY,5TH & S GRANT ST,39.16664,-86.529696
2007,1,3,Weekday,1700,2-Car,No injury/unknown,OTHER (DRIVER) - EXPLAIN IN NARRATIVE,KIRKWWOD AVE & WASHINGTON,39.16664,-86.5324
2007,1,7,Weekend,100,2-Car,No injury/unknown,UNSAFE BACKING,COLLEGE & KIRKWOOD AVE,39.16664,-86.5348
2007,1,5,Weekday,1300,2-Car,No injury/unknown,UNSAFE BACKING,100 W KIRKWOOD AVE AVE & COLLEGE AVE,39.16664,-86.5348
2007,1,6,Weekday,100,1-Car,Non-incapacitating,VIEW OBSTRUCTED,COLLEGE AVE & KIRKWOOD,39.16664,-86.5348