Year,Month,Day,Weekend?,Hour,Collision Type,Injury Type,Primary Factor,Reported_Location,Latitude,Longitude
2007,2,2,Weekday,1600,2-Car,No injury/unknown,FAILURE TO YIELD RIGHT OF WAY,KIRKWOOD & LINCOLN ST,39.16664,-86.530992
2007,2,1,Weekend,200,3+ Cars,No injury/unknown,ALCOHOLIC BEVERAGES,KIRKWOOD & WALNUT ST,39.16664,-86.5336
2007,2,7,Weekend,2100,2-Car,No injury/unknown,FAILURE TO YIELD RIGHT OF WAY,KIRKWOOD & WALNUT ST,39.16664,-86.5336
2007,2,6,Weekend,2100,2-Car,No injury/unknown,FAILURE TO YIELD RIGHT OF WAY,GRANT & KIRKWOOD AVE,39.16664,-86.529696
2007,3,5,Weekday,2100,2-Car,No injury/unknown,DISREGARD SIGNAL/REG SIGN,KIRKWOOD AVE & WASHINGTON,39.16664,-86.5324
2007,3,6,Weekday,1700,Cyclist,Incapacitating,OTHER (DRIVER) - EXPLAIN IN NARRATIVE,KIRKWOOD AVE & LINCOLN,39.16664,-86.530992
2007,3,4,Weekday,1700,2-Car,No injury/unknown,UNSAFE BACKING,210 E KIRKWOOD AVE & WASHINGTON,39.16664,-86.5324
2007,4,1,Weekend,200,2-Car,No injury/unknown,FAILURE TO YIELD RIGHT OF WAY,KIRKWOOD & WALNUT ST,39.16664,-86.5336
2007,4,5,Weekday,1400,2-Car,No injury/unknown,CELL PHONE USAGE,COLLEGE AVE & KIRKWOOD,39.16664,-86.5348
2007,4,7,Weekend,100,2-Car,No injury/unknown,UNSAFE BACKING,NORTH WALNUT & WEST KIRKWOOD AVE,39.16664,-86.5336
2007,4,2,Weekday,1800,1-Car,Non-incapacitating,OTHER (DRIVER) - EXPLAIN IN NARRATIVE,E KIRKWOOD AVE & S DUNN,39.16664,-86.528192
2007,5,7,Weekend,0,2-Car,No injury/unknown,DISREGARD SIGNAL/REG SIGN,KIRKWOOD & WALNUT ST,39.16664,-86.5336
2007,5,6,Weekday,1100,2-Car,No injury/unknown,IMPROPER TURNING,INDIANA AVE & KIRKWOOD,39.16664,-86.526896
2007,5,3,Weekday,1400,2-Car,No injury/unknown,UNSAFE BACKING,KIRKWOOD AVE AVE & WALNUT ST,39.16664,-86.5336
2007,5,2,Weekday,1500,2-Car,No injury/unknown,OTHER (DRIVER) - EXPLAIN IN NARRATIVE,E KIRKWOOD AVE,39.16664,-86.52798041
2007,6,4,Weekday,1500,2-Car,No injury/unknown,IMPROPER PASSING,COLLEGE AVE & KIRKWOOD,39.16664,-86.5348
2007,6,2,Weekday,1100,2-Car,No injury/unknown,FAILURE TO YIELD RIGHT OF WAY,KIRKWOOD & N WALNUT ST,39.16664,-86.5336
2007,6,6,Weekday,1500,2-Car,No injury/unknown,FOLLOWING TOO CLOSELY,SOUTH COLLEGE AVE & WEST KIRKWOOD,39.16664,-86.5348
2007,7,3,Weekday,1800,2-Car,No injury/unknown,OTHER (DRIVER) - EXPLAIN IN NARRATIVE,E KIRKWOOD AVE,39.16664,-86.53096555
2007,7,3,Weekday,1400,1-Car,No injury/unknown,IMPROPER TURNING,5TH & KIRKWOOD AVE,39.16664,-86.526896
2007,7,4,Weekday,1500,2-Car,No injury/unknown,UNSAFE BACKING,KIRKWOOD AVE & WALNUT,39.16664,-86.5336
2007,7,5,Weekday,1500,2-Car,No injury/unknown,OTHER (DRIVER) - EXPLAIN IN NARRATIVE,E KIRKWOOD AVE,39.16664,-86.53096555
2007,7,6,Weekday,1500,2-Car,No injury/unknown,OTHER (DRIVER) - EXPLAIN IN NARRATIVE,KIRKWOOD & LINCOLN AVE,39.16664,-86.530992
2007,7,3,Weekday,1200,2-Car,No injury/unknown,FAILURE TO YIELD RIGHT OF WAY,S WALNUT ST & W KIRKWOOD,39.16664,-86.5336
2007,8,6,Weekend,1900,2-Car,No injury/unknown,FAILURE TO YIELD RIGHT OF WAY,COLLEGE AVE & KIRKWOOD,39.16664,-86.5348
2007,8,4,Weekday,2100,2-Car,No injury/unknown,UNSAFE BACKING,KIRKWOOD & WALNUT ST,39.16664,-86.5336
2007,8,3,Weekday,1300,2-Car,No injury/unknown,FOLLOWING TOO CLOSELY,KIRKWOOD AVE & WASHINGTON,39.16664,-86.5324
2007,8,6,Weekday,1500,Cyclist,Non-incapacitating,OTHER (DRIVER) - EXPLAIN IN NARRATIVE,KIRKWOOD AVE & WALNUT,39.16664,-86.5336
2007,9,5,Weekday,1500,2-Car,No injury/unknown,FAILURE TO YIELD RIGHT OF WAY,DUNN ST & KIRKWOOD,39.16664,-86.528192
2007,9,5,Weekday,1600,2-Car,No injury/unknown,FAILURE TO YIELD RIGHT OF WAY,DUNN ST & KIRKWOOD,39.16664,-86.528192
2007,10,6,Weekday,1700,2-Car,No injury/unknown,UNSAFE BACKING,E KIRKWOOD AVE,39.16664,-86.52798041
2007,10,4,Weekday,1900,Cyclist,Non-incapacitating,PEDESTRIAN ACTION,INDIANA AVE & KIRKWOOD,39.16664,-86.526896
2007,11,6,Weekday,1000,2-Car,No injury/unknown,FAILURE TO YIELD RIGHT OF WAY,GRANT & KIRKWOOD AVE,39.16664,-86.529696
2007,11,6,Weekday,1400,2-Car,No injury/unknown,UNSAFE BACKING,KIRKWOOD AVE & WALNUT,39.16664,-86.5336
2007,12,6,Weekday,1600,2-Car,No injury/unknown,FAILURE TO YIELD RIGHT OF WAY,446 STATE & SR46W,39.16664,-86.462496
2007,12,7,Weekend,1800,2-Car,No injury/unknown,FAILURE TO YIELD RIGHT OF WAY,SOUTH WALNUT ST & WALNUT STREET,39.16664,-86.5336
2007,12,3,Weekday,1800,Bus,No injury/unknown,FOLLOWING TOO CLOSELY,COLLEGE AVE & KIRKWOOD,39.16664,-86.5348
2007,12,6,Weekday,300,2-Car,Non-incapacitating,FAILURE TO YIELD RIGHT OF WAY,KIRKWOOD & WALNUT ST,39.16664,-86.5336
2007,11,1,Weekend,800,1-Car,No injury/unknown,OTHER (DRIVER) - EXPLAIN IN NARRATIVE,WEST KIRKWOOD AVE,39.166614,-86.538726
2007,11,3,Weekday,800,1-Car,No injury/unknown,GLARE,WEST KIRKWOOD AVE,39.166614,-86.538726
2007,3,5,Weekday,1700,2-Car,No injury/unknown,FAILURE TO YIELD RIGHT OF WAY,KIRKWOOD & WALNUT ST,39.16661253,-86.5336
2007,9,2,Weekday,900,2-Car,Non-incapacitating,FAILURE TO YIELD RIGHT OF WAY,KIRKWOOD AVE & MADISON,39.16661,-86.53742
2007,11,3,Weekday,1500,2-Car,No injury/unknown,FOLLOWING TOO CLOSELY,KIRKWOOD & ROGERS ST,39.16661,-86.53869
2007,2,5,Weekday,1000,Pedestrian,Incapacitating,FAILURE TO YIELD RIGHT OF WAY,COLLEGE AVE & KIRKWOOD,39.1666,-86.534899
2007,6,7,Weekend,1100,2-Car,No injury/unknown,FAILURE TO YIELD RIGHT OF WAY,ROGERS & W KIRKWOOD AVE,39.1666,-86.5374
2007,6,2,Weekday,1100,2-Car,No injury/unknown,FAILURE TO YIELD RIGHT OF WAY,500 WEST KIRKWOOD AVE & ROGERS,39.1666,-86.53868602
2007,6,7,Weekend,1300,2-Car,No injury/unknown,UNSAFE BACKING,WEST KIRKWOOD AVE,39.1666,-86.538735
2007,7,7,Weekend,1300,2-Car,No injury/unknown,FAILURE TO YIELD RIGHT OF WAY,KIRKWOOD AVE & MADISON,39.1666,-86.5361
2007,9,5,Weekday,1100,2-Car,No injury/unknown,FAILURE TO YIELD RIGHT OF WAY,GENTRY & KIRKWOOD AVE,39.1666,-86.53560654
2007,5,2,Weekday,600,2-Car,No injury/unknown,DISREGARD SIGNAL/REG SIGN,4TH & COLLEGE AVE,39.166599,-86.534899
2007,7,7,Weekend,1100,2-Car,No injury/unknown,DISREGARD SIGNAL/REG SIGN,COLLEGE AVE & EAST 4,39.166599,-86.534899
2007,2,7,Weekend,500,3+ Cars,No injury/unknown,OVERCORRECTING/OVERSTEERING,UNION & UNION ST,39.16657334,-86.509296
2007,9,1,Weekend,1500,2-Car,No injury/unknown,UNSAFE BACKING,S KINGSTON DR,39.16655822,-86.492816
2007,3,5,Weekday,1700,2-Car,Non-incapacitating,FAILURE TO YIELD RIGHT OF WAY,JORDAN AVE & LINGELBACH,39.16655739,-86.51255573
2007,10,1,Weekend,1200,2-Car,No injury/unknown,UNSAFE BACKING,EAST KIRKWOOD AVE,39.166548,-86.529462
2007,12,2,Weekday,2200,2-Car,No injury/unknown,UNSAFE BACKING,KIRKWOOD AVE,39.166548,-86.529336
2007,10,3,Weekday,1600,2-Car,No injury/unknown,UNSAFE BACKING,KIRKWOOD AVE,39.16654,-86.528209
2007,5,3,Weekday,500,2-Car,No injury/unknown,OTHER (DRIVER) - EXPLAIN IN NARRATIVE,115 S CURRY PIKE PIKE,39.16652571,-86.582992
2007,9,5,Weekday,1700,2-Car,No injury/unknown,FAILURE TO YIELD RIGHT OF WAY,KIRKWOOD & WASHINGTON ST,39.16650267,-86.5324
2007,8,2,Weekday,800,2-Car,Non-incapacitating,FAILURE TO YIELD RIGHT OF WAY,BROADWAY & CURRY PIKE,39.1665,-86.582999
2007,2,5,Weekday,2100,Pedestrian,Non-incapacitating,CELL PHONE USAGE,FOURTH & INDIANA AVE,39.166499,-86.526899
2007,2,3,Weekday,1700,2-Car,No injury/unknown,OTHER (DRIVER) - EXPLAIN IN NARRATIVE,FOURTH & INDIANA AVE,39.166499,-86.526899
2007,8,6,Weekday,1300,3+ Cars,No injury/unknown,OTHER (DRIVER) - EXPLAIN IN NARRATIVE,EAST FOURTH & INDIANA AVE,39.166499,-86.526899
2007,1,6,Weekday,1200,2-Car,No injury/unknown,IMPROPER TURNING,INDIANA AVE,39.16649829,-86.52688914
2007,3,1,Weekend,1800,2-Car,No injury/unknown,UNSAFE BACKING,S FRANKLIN ST,39.166496,-86.571216
2007,4,4,Weekday,1800,2-Car,No injury/unknown,OTHER (DRIVER) - EXPLAIN IN NARRATIVE,S FRANKLIN RD,39.166496,-86.571216
2007,9,2,Weekday,1900,2-Car,No injury/unknown,UNSAFE BACKING,S FRANKLIN RD,39.166496,-86.571216
2007,9,1,Weekend,1200,2-Car,No injury/unknown,UNSAFE BACKING,S FRANKLIN RD,39.166496,-86.571216
2007,10,4,Weekday,700,3+ Cars,No injury/unknown,UNSAFE BACKING,S FRANKLIN RD,39.166496,-86.571216
2007,11,4,Weekday,1900,2-Car,No injury/unknown,UNSAFE BACKING,S FRANKLIN ST,39.166496,-86.571216
2007,8,6,Weekday,1500,2-Car,No injury/unknown,FAILURE TO YIELD RIGHT OF WAY,EAST 5TH & HILLSDALE DR,39.16648,-86.503472
2007,6,7,Weekend,1600,2-Car,Non-incapacitating,OTHER (DRIVER) - EXPLAIN IN NARRATIVE,MORNINGSIDE & SMITH RD,39.166432,-86.4812
2007,7,3,Weekday,1200,2-Car,No injury/unknown,FOLLOWING TOO CLOSELY,MORNINGSIDE DR & SMITH,39.166432,-86.4812
2007,8,7,Weekend,1400,2-Car,Non-incapacitating,IMPROPER LANE USAGE,INDIANA AVE & KIRKWOOD,39.16642043,-86.52688538
2007,8,5,Weekday,200,1-Car,No injury/unknown,UNSAFE SPEED,GLENWOOD EAST AVE & MORNINGSIDE,39.1664,-86.484192
2007,2,7,Weekend,1800,1-Car,No injury/unknown,ROADWAY SURFACE CONDITION,UNION & UNION ST,39.16629869,-86.509296
2007,5,3,Weekday,1300,2-Car,No injury/unknown,OTHER (DRIVER) - EXPLAIN IN NARRATIVE,N GATES DR,39.166275,-86.575999
2007,2,5,Weekday,1000,2-Car,No injury/unknown,OTHER (DRIVER) - EXPLAIN IN NARRATIVE,KIRKWOOD & ROGERS ST,39.16626005,-86.53860125
2007,7,6,Weekday,1300,2-Car,Non-incapacitating,FOLLOWING TOO CLOSELY,E 3RD & SR46,39.16622126,-86.46713374
2007,8,2,Weekday,1500,2-Car,No injury/unknown,FAILURE TO YIELD RIGHT OF WAY,GATES DR,39.166218,-86.575999
2007,1,3,Weekday,1100,2-Car,No injury/unknown,OTHER (DRIVER) - EXPLAIN IN NARRATIVE,N ROSE AVE,39.1662177,-86.51097988
2007,10,6,Weekday,1500,2-Car,No injury/unknown,UNSAFE BACKING,109 S KIMBLE DR & MARLENE,39.166144,-86.568
2007,6,4,Weekday,1700,Pedestrian,Non-incapacitating,PEDESTRIAN ACTION,COUNTRYSIDE & ROCKPORT RD,39.16603725,-86.540199
2007,11,2,Weekday,1200,2-Car,No injury/unknown,FAILURE TO YIELD RIGHT OF WAY,LINGLEBACH & NORTH UNION ST,39.16595234,-86.50992
2007,5,5,Weekday,1300,2-Car,No injury/unknown,ENGINE FAILURE OR DEFECTIVE,4TH & WALNUT ST,39.16592266,-86.5336
2007,8,5,Weekday,1800,Pedestrian,Non-incapacitating,PEDESTRIAN ACTION,GENTRY ST & KIRKWOOD,39.165862,-86.535599
2007,9,7,Weekend,500,Moped/Motorcycle,Fatal,RAN OFF ROAD RIGHT,SOUTH GARRISON CHAPEL & SR48W,39.16580591,-86.65494832
2007,12,4,Weekday,100,1-Car,Non-incapacitating,RAN OFF ROAD RIGHT,KINGS & SR46E,39.16578549,-86.45361103
2007,11,2,Weekday,1300,2-Car,No injury/unknown,OTHER (DRIVER) - EXPLAIN IN NARRATIVE,4TH ST & ELM,39.165744,-86.545296
2007,4,3,Weekday,1500,2-Car,No injury/unknown,UNSAFE BACKING,W 4TH ST,39.1657329,-86.54414139
2007,6,2,Weekday,1100,Pedestrian,Non-incapacitating,OTHER (VEHICLE) - EXPLAIN IN NARRATIVE,E 3RD & SR46S,39.1657316,-86.46876888
2007,8,3,Weekday,2100,1-Car,No injury/unknown,OTHER (DRIVER) - EXPLAIN IN NARRATIVE,W 4TH ST,39.165728,-86.543632
2007,7,6,Weekday,1700,2-Car,Non-incapacitating,DISREGARD SIGNAL/REG SIGN,MAPLE & W 4TH ST,39.165712,-86.542096
2007,3,4,Weekday,0,Moped/Motorcycle,Non-incapacitating,FAILURE TO YIELD RIGHT OF WAY,4TH & S ROGERS ST,39.165696,-86.538592
2007,4,2,Weekday,1500,2-Car,No injury/unknown,FAILURE TO YIELD RIGHT OF WAY,4TH & ROGERS ST,39.165696,-86.538592
2007,6,7,Weekend,1100,2-Car,No injury/unknown,UNSAFE BACKING,S ROGERS ST,39.165696,-86.538592
2007,6,4,Weekday,2100,1-Car,No injury/unknown,OTHER (ENVIRONMENTAL) - EXPLAIN IN NARR,S MADISON ST,39.16568,-86.537296
2007,12,1,Weekend,900,1-Car,No injury/unknown,UNSAFE SPEED,930 WEST 4TH ST & ELM,39.16566,-86.544205
2007,3,2,Weekday,1400,2-Car,No injury/unknown,FAILURE TO YIELD RIGHT OF WAY,4TH ST & INDIANA,39.165648,-86.52755364
2007,7,3,Weekday,1500,2-Car,No injury/unknown,OTHER (DRIVER) - EXPLAIN IN NARRATIVE,4TH ST & LINCOLN,39.165648,-86.53136082
2007,9,2,Weekday,900,2-Car,No injury/unknown,IMPROPER TURNING,4TH ST & INDIANA,39.165648,-86.52698913
2007,1,7,Weekend,900,2-Car,No injury/unknown,UNSAFE BACKING,S ROCKPORT RD,39.165648,-86.505792
2007,3,6,Weekday,1600,2-Car,No injury/unknown,FOLLOWING TOO CLOSELY,E 4TH & S WALNUT ST,39.165648,-86.5336
2007,3,7,Weekend,200,2-Car,No injury/unknown,OTHER (DRIVER) - EXPLAIN IN NARRATIVE,4TH ST & DUNN,39.165648,-86.528144
2007,4,4,Weekday,1400,2-Car,No injury/unknown,FAILURE TO YIELD RIGHT OF WAY,4TH & WALNUT ST,39.165648,-86.5336
2007,5,4,Weekday,1900,2-Car,No injury/unknown,FAILURE TO YIELD RIGHT OF WAY,4TH ST & GRANT,39.165648,-86.529712
2007,5,4,Weekday,700,2-Car,Non-incapacitating,DISREGARD SIGNAL/REG SIGN,4TH & WALNUT ST,39.165648,-86.5336
2007,5,5,Weekday,0,Pedestrian,Non-incapacitating,,S WALNUT ST PIKE,39.165648,-86.5336
2007,8,4,Weekday,1200,2-Car,No injury/unknown,OTHER (DRIVER) - EXPLAIN IN NARRATIVE,EAST 4TH ST & INDIANA,39.165648,-86.526848
2007,7,6,Weekend,2100,2-Car,No injury/unknown,OTHER (DRIVER) - EXPLAIN IN NARRATIVE,200 S INDIANA (PARKING LOT) AVE & 4TH,39.165648,-86.526848
2007,8,5,Weekday,1700,2-Car,No injury/unknown,FOLLOWING TOO CLOSELY,E 4TH ST & S WALNUT,39.165648,-86.5336
2007,8,6,Weekday,1300,2-Car,No injury/unknown,FAILURE TO YIELD RIGHT OF WAY,4TH ST & LINCOLN,39.165648,-86.531008
2007,9,3,Weekday,1200,2-Car,No injury/unknown,FAILURE TO YIELD RIGHT OF WAY,4TH ST & DUNN,39.165648,-86.528144
2007,9,1,Weekend,1500,2-Car,No injury/unknown,UNSAFE BACKING,FOURTH ST & INDIANA,39.165648,-86.526848
2007,9,6,Weekday,1300,2-Car,Non-incapacitating,FAILURE TO YIELD RIGHT OF WAY,4TH & WALNUT ST,39.165648,-86.5336
2007,10,5,Weekday,1800,1-Car,Non-incapacitating,PEDESTRIAN ACTION,4TH & DUNN ST,39.165648,-86.528144
2007,10,6,Weekday,100,2-Car,Non-incapacitating,ALCOHOLIC BEVERAGES,4TH & WASHINGTON ST,39.165648,-86.5324
2007,11,2,Weekday,1600,Moped/Motorcycle,Non-incapacitating,FAILURE TO YIELD RIGHT OF WAY,FOURTH ST & GRANT,39.165648,-86.529712
2007,11,3,Weekday,100,Cyclist,Non-incapacitating,DISREGARD SIGNAL/REG SIGN,4TH & SOUTH WALNUT ST,39.165648,-86.5336
2007,11,3,Weekday,2300,2-Car,No injury/unknown,IMPROPER TURNING,E 4TH ST,39.165648,-86.52795886
2007,11,4,Weekday,1200,2-Car,No injury/unknown,UNSAFE BACKING,S WALNUT ST,39.165648,-86.5336
2007,11,2,Weekday,1900,2-Car,No injury/unknown,FAILURE TO YIELD RIGHT OF WAY,4TH & WASHINGTON ST,39.165648,-86.5324
2007,12,7,Weekend,1600,2-Car,No injury/unknown,UNSAFE BACKING,N GATES DR,39.16562,-86.575999
2007,12,2,Weekday,1300,2-Car,No injury/unknown,FAILURE TO YIELD RIGHT OF WAY,GATES DR & JACOB,39.16562,-86.576
2007,2,6,Weekday,1300,2-Car,No injury/unknown,DISREGARD SIGNAL/REG SIGN,ROGERS ST & THIRD,39.1656,-86.538699
2007,4,7,Weekend,1900,2-Car,No injury/unknown,OTHER (DRIVER) - EXPLAIN IN NARRATIVE,E 4 TH ST,39.1656,-86.53232
2007,6,6,Weekday,500,1-Car,No injury/unknown,OTHER (DRIVER) - EXPLAIN IN NARRATIVE,W 4TH ST,39.1656,-86.544187
2007,3,5,Weekday,1700,2-Car,No injury/unknown,UNSAFE BACKING,S JORDAN AVE,39.165576,-86.516312
2007,11,2,Weekday,1100,2-Car,No injury/unknown,OTHER (DRIVER) - EXPLAIN IN NARRATIVE,E 4TH ST & S DUNN,39.16556,-86.52822135
2007,11,7,Weekend,1400,Cyclist,Non-incapacitating,OTHER (DRIVER) - EXPLAIN IN NARRATIVE,FOURTH & GRANT ST,39.16556,-86.52982
2007,7,4,Weekday,1300,1-Car,No injury/unknown,OTHER (DRIVER) - EXPLAIN IN NARRATIVE,SOUTH COLLEGE AVE,39.165488,-86.534899
2007,4,6,Weekday,1500,2-Car,No injury/unknown,DRIVER DISTRACTED - EXPLAIN IN NARRATIVE,3RD & SR46E,39.16547489,-86.46939271
2007,11,6,Weekday,1400,2-Car,No injury/unknown,OTHER (DRIVER) - EXPLAIN IN NARRATIVE,3RD & SR46E,39.16547489,-86.46939271
2007,6,5,Weekday,1600,2-Car,No injury/unknown,OTHER (DRIVER) - EXPLAIN IN NARRATIVE,S WALNUT ST,39.16546286,-86.5336
2007,4,2,Weekday,1500,Bus,No injury/unknown,OTHER (DRIVER) - EXPLAIN IN NARRATIVE,E 3RD & S JORDAN AVE,39.165401,-86.516399
2007,5,5,Weekday,1700,2-Car,No injury/unknown,OTHER (DRIVER) - EXPLAIN IN NARRATIVE,3RD & CURRY PIKE,39.1654,-86.582999
2007,6,6,Weekend,2000,3+ Cars,No injury/unknown,DISREGARD SIGNAL/REG SIGN,CURRY PIKE & THIRD,39.1654,-86.582999
2007,11,7,Weekend,1000,2-Car,No injury/unknown,OTHER (DRIVER) - EXPLAIN IN NARRATIVE,JONES AVE & JORDAN,39.1654,-86.51644461
2007,9,6,Weekday,1600,3+ Cars,Non-incapacitating,DRIVER DISTRACTED - EXPLAIN IN NARRATIVE,3RD & PETE ELLIS DR,39.16533862,-86.495088
2007,9,1,Weekend,1100,2-Car,No injury/unknown,FAILURE TO YIELD RIGHT OF WAY,JONES AVE & ROSE,39.16529,-86.51088702
2007,8,4,Weekday,1300,2-Car,No injury/unknown,OTHER (DRIVER) - EXPLAIN IN NARRATIVE,S DUNN ST,39.1651582,-86.52812441
2007,6,7,Weekend,1400,2-Car,No injury/unknown,UNSAFE BACKING,S PETE ELLIS DR,39.165112,-86.494956
2007,9,4,Weekday,700,2-Car,No injury/unknown,DRIVER DISTRACTED - EXPLAIN IN NARRATIVE,KIRBY & SR48W,39.16504,-86.61052759
2007,9,7,Weekend,1200,Moped/Motorcycle,Non-incapacitating,OTHER (DRIVER) - EXPLAIN IN NARRATIVE,SR46W,39.16499973,-86.4523412
2007,7,2,Weekday,1700,2-Car,No injury/unknown,IMPROPER TURNING,3RD & INDIANA AVE,39.16485979,-86.52681647
2007,2,3,Weekday,1300,2-Car,No injury/unknown,FAILURE TO YIELD RIGHT OF WAY,DANIELS & SR48W,39.16485453,-86.59907373
2007,6,4,Weekday,1600,2-Car,No injury/unknown,UNSAFE SPEED,CHERYL & SR48E,39.16484801,-86.59675118
2007,6,3,Weekday,1500,2-Car,No injury/unknown,DRIVER DISTRACTED - EXPLAIN IN NARRATIVE,SHERWOOD & SR48W,39.164848,-86.58943918
2007,12,5,Weekday,1000,2-Car,No injury/unknown,FAILURE TO YIELD RIGHT OF WAY,CURRY & SR48W,39.164848,-86.58360163
2007,8,4,Weekday,1400,2-Car,Non-incapacitating,FAILURE TO YIELD RIGHT OF WAY,CURRY & SR48E,39.164848,-86.58324882
2007,1,2,Weekday,1600,2-Car,No injury/unknown,UNSAFE SPEED,W THIRD ST,39.164848,-86.57962482
2007,1,5,Weekday,1700,2-Car,No injury/unknown,UNSAFE BACKING,W 3RD ST,39.164848,-86.581504
2007,2,5,Weekday,1700,2-Car,No injury/unknown,FOLLOWING TOO CLOSELY,W 3RD ST,39.164848,-86.57487674
2007,4,1,Weekend,1300,2-Car,No injury/unknown,UNSAFE BACKING,W 3RD ST,39.164848,-86.57487674
2007,4,2,Weekday,1400,2-Car,No injury/unknown,UNSAFE BACKING,E 3RD ST,39.164848,-86.575104
2007,5,6,Weekday,1300,3+ Cars,No injury/unknown,DRIVER DISTRACTED - EXPLAIN IN NARRATIVE,W 3RD ST,39.164848,-86.57440327
2007,5,5,Weekday,800,2-Car,No injury/unknown,FOLLOWING TOO CLOSELY,CURRY & SR48W,39.164848,-86.582896
2007,5,6,Weekday,1500,2-Car,No injury/unknown,UNSAFE BACKING,W 3RD ST,39.164848,-86.5772784
2007,6,6,Weekday,1500,2-Car,No injury/unknown,UNSAFE BACKING,W 3RD ST,39.164848,-86.580096
2007,6,3,Weekday,1200,3+ Cars,No injury/unknown,FOLLOWING TOO CLOSELY,CURRY & SR48W,39.164848,-86.582896
2007,7,6,Weekday,1500,2-Car,No injury/unknown,UNSAFE BACKING,W 3RD ST,39.164848,-86.57487674
2007,9,5,Weekday,1200,2-Car,No injury/unknown,UNSAFE BACKING,W 3RD ST,39.164848,-86.57634041
2007,9,5,Weekday,1600,1-Car,No injury/unknown,UNSAFE SPEED,KNAPP & SR48W,39.164848,-86.601792
2007,8,5,Weekday,1700,2-Car,No injury/unknown,IMPROPER TURNING,3RD & SR46S,39.16483309,-86.47095228
2007,8,5,Weekday,1900,2-Car,No injury/unknown,IMPROPER TURNING,E 3RD & SR46,39.16483309,-86.47095228
2007,9,4,Weekday,1800,2-Car,No injury/unknown,OTHER (DRIVER) - EXPLAIN IN NARRATIVE,W 3RD ST,39.164832,-86.582048
2007,11,7,Weekend,700,2-Car,No injury/unknown,UNSAFE BACKING,W 3RD ST,39.164832,-86.582048
2007,2,6,Weekday,1400,2-Car,No injury/unknown,FAILURE TO YIELD RIGHT OF WAY,WEST THIRD ST,39.16482122,-86.5789551
2007,6,2,Weekday,1900,2-Car,No injury/unknown,IMPROPER TURNING,W 3RD ST,39.16482122,-86.5789551
2007,9,7,Weekend,1100,2-Car,No injury/unknown,IMPROPER PASSING,EAST 3RD & PETE ELLIS DR,39.16481678,-86.495088
2007,3,2,Weekday,1200,2-Car,No injury/unknown,UNSAFE BACKING,W 3RD ST ST,39.164816,-86.573888
2007,4,2,Weekday,900,2-Car,No injury/unknown,IMPROPER TURNING,W 3RD ST ST,39.164816,-86.573888
2007,7,3,Weekday,1200,2-Car,No injury/unknown,FAILURE TO YIELD RIGHT OF WAY,W 3RD ST,39.164816,-86.573888
2007,1,1,Weekend,1200,2-Car,No injury/unknown,FOLLOWING TOO CLOSELY,SR48W & W 3RD STREET,39.1648,-86.573792
2007,6,2,Weekday,1800,2-Car,No injury/unknown,DISREGARD SIGNAL/REG SIGN,FRANKLIN ST & THIRD,39.1648,-86.570199
2007,9,4,Weekday,1600,2-Car,No injury/unknown,DISREGARD SIGNAL/REG SIGN,SR37 & W 3RD ST,39.1648,-86.573792
2007,9,6,Weekday,1600,2-Car,No injury/unknown,FAILURE TO YIELD RIGHT OF WAY,3RD & SR37S,39.1648,-86.573792
2007,2,4,Weekday,1500,2-Car,No injury/unknown,CELL PHONE USAGE,PARK SQUARE & SR48W,39.16476574,-86.59224123
2007,6,1,Weekend,0,2-Car,No injury/unknown,FAILURE TO YIELD RIGHT OF WAY,PARK SQUARE & SR48W,39.16476574,-86.59228452
2007,8,5,Weekday,1600,2-Car,No injury/unknown,DRIVER DISTRACTED - EXPLAIN IN NARRATIVE,PARK SQUARE & SR48W,39.16476574,-86.59225855
2007,7,3,Weekday,600,2-Car,No injury/unknown,DRIVER ASLEEP OR FATIGUED,PARK SQUARE & SR48W,39.16476574,-86.59228452
2007,2,6,Weekday,1000,2-Car,No injury/unknown,FAILURE TO YIELD RIGHT OF WAY,MILLER DR & WALNUT ST ST,39.16475531,-86.533199
2007,1,3,Weekday,2300,2-Car,Non-incapacitating,OTHER (DRIVER) - EXPLAIN IN NARRATIVE,3RD ST & US37,39.164752,-86.573104
2007,1,1,Weekend,1300,2-Car,No injury/unknown,DISREGARD SIGNAL/REG SIGN,3RD ST & SR37,39.164752,-86.573104
2007,3,1,Weekend,800,2-Car,No injury/unknown,FAILURE TO YIELD RIGHT OF WAY,E 3RD ST & SR37S,39.164752,-86.573104
2007,3,3,Weekday,2000,2-Car,No injury/unknown,OTHER (DRIVER) - EXPLAIN IN NARRATIVE,3RD ST & SR37N,39.164752,-86.573104
2007,3,4,Weekday,1700,2-Car,No injury/unknown,FOLLOWING TOO CLOSELY,SR37S & W 3RD ST,39.164752,-86.573104
2007,4,3,Weekday,1400,2-Car,No injury/unknown,FOLLOWING TOO CLOSELY,SR37 & THIRD ST,39.164752,-86.573104
2007,6,2,Weekday,1900,2-Car,No injury/unknown,OTHER (DRIVER) - EXPLAIN IN NARRATIVE,SR37N & WEST 3RD,39.164752,-86.573104
2007,6,6,Weekday,1200,2-Car,Non-incapacitating,DRIVER DISTRACTED - EXPLAIN IN NARRATIVE,SR37S & W 3RD ST,39.164752,-86.573104
2007,6,6,Weekday,1400,2-Car,Non-incapacitating,IMPROPER TURNING,3RD ST & SR37N,39.164752,-86.573104
2007,7,6,Weekday,1600,1-Car,Non-incapacitating,DRIVER DISTRACTED - EXPLAIN IN NARRATIVE,3RD & SR37N,39.164752,-86.573104