Year,Month,Day,Weekend?,Hour,Collision Type,Injury Type,Primary Factor,Reported_Location,Latitude,Longitude
2007,7,7,Weekend,2100,1-Car,No injury/unknown,ACCELERATOR FAILURE OR DEFECTIVE,SR37S & WEST 3RD STREET,39.164752,-86.573104
2007,8,2,Weekday,1500,2-Car,Non-incapacitating,DRIVER DISTRACTED - EXPLAIN IN NARRATIVE,SR37N & W 3RD ST,39.164752,-86.573104
2007,9,7,Weekend,1500,2-Car,No injury/unknown,FOLLOWING TOO CLOSELY,SR37S & W 3RD,39.164752,-86.573104
2007,11,5,Weekday,1300,2-Car,No injury/unknown,FOLLOWING TOO CLOSELY,SR37 & W 3RD ST,39.164752,-86.573104
2007,11,4,Weekday,1300,2-Car,Non-incapacitating,DISREGARD SIGNAL/REG SIGN,SR37S & W 3RD ST,39.164752,-86.573104
2007,3,6,Weekend,2300,2-Car,No injury/unknown,IMPROPER TURNING,W 3RD ST,39.16474251,-86.57282163
2007,11,3,Weekday,1500,2-Car,No injury/unknown,UNSAFE SPEED,PROFILE PARKWAY PKWY & WEST STATE ROAD 48,39.16474,-86.59259
2007,4,1,Weekend,1500,2-Car,No injury/unknown,UNSAFE BACKING,W 3RD ST,39.16472542,-86.57231336
2007,2,6,Weekday,800,2-Car,Non-incapacitating,DISREGARD SIGNAL/REG SIGN,3RD STREET ST & ROGERS STREET,39.16472,-86.538592
2007,2,6,Weekday,1700,2-Car,No injury/unknown,DRIVER DISTRACTED - EXPLAIN IN NARRATIVE,ROGERS ST & W 3RD,39.16472,-86.538592
2007,4,4,Weekday,1800,2-Car,Non-incapacitating,FAILURE TO YIELD RIGHT OF WAY,E 3RD & S ROGERS ST,39.16472,-86.538592
2007,4,3,Weekday,1400,2-Car,Non-incapacitating,FAILURE TO YIELD RIGHT OF WAY,S ROGERS ST & W 3RD,39.16472,-86.538592
2007,11,4,Weekday,900,2-Car,Non-incapacitating,FAILURE TO YIELD RIGHT OF WAY,3RD & ROGERS ST,39.16472,-86.538592
2007,11,4,Weekday,1800,2-Car,No injury/unknown,DISREGARD SIGNAL/REG SIGN,3RD ST & ROGERS,39.16472,-86.538592
2007,7,2,Weekday,1500,2-Car,No injury/unknown,IMPROPER LANE USAGE,3RD ST & ROGERS,39.16471782,-86.53841562
2007,12,5,Weekday,1600,2-Car,No injury/unknown,FOLLOWING TOO CLOSELY,E 3RD & SR46E,39.16470473,-86.47126419
2007,2,6,Weekday,1000,2-Car,No injury/unknown,FAILURE TO YIELD RIGHT OF WAY,MADISON & W 3RD ST,39.164704,-86.537296
2007,3,1,Weekend,1400,Cyclist,Incapacitating,OTHER (DRIVER) - EXPLAIN IN NARRATIVE,MADISON & W 3RD ST,39.164704,-86.537296
2007,11,1,Weekend,1400,2-Car,No injury/unknown,DRIVER ILLNESS,S MADISON ST & W 3RD,39.164704,-86.537296
2007,3,5,Weekday,1800,2-Car,No injury/unknown,OTHER (DRIVER) - EXPLAIN IN NARRATIVE,W THIRD ST,39.1647,-86.582025
2007,4,6,Weekend,2300,2-Car,No injury/unknown,OTHER (DRIVER) - EXPLAIN IN NARRATIVE,W 3RD ST,39.1647,-86.586573
2007,5,6,Weekday,800,1-Car,Non-incapacitating,OTHER (DRIVER) - EXPLAIN IN NARRATIVE,WEST 3RD ST,39.1647,-86.581313
2007,8,6,Weekday,1200,1-Car,No injury/unknown,OVERCORRECTING/OVERSTEERING,WEST THIRD ST,39.1647,-86.587249
2007,8,7,Weekend,2100,2-Car,Non-incapacitating,FAILURE TO YIELD RIGHT OF WAY,3RD ST & CURRY,39.1647,-86.582701
2007,2,5,Weekday,1600,3+ Cars,No injury/unknown,FOLLOWING TOO CLOSELY,FRANKLIN & W 3RD ST,39.164688,-86.5712
2007,3,5,Weekday,1500,1-Car,No injury/unknown,STEERING FAILURE,3RD ST & FRANKLIN,39.164688,-86.5712
2007,3,5,Weekday,1400,2-Car,Non-incapacitating,FAILURE TO YIELD RIGHT OF WAY,FRANKLIN & WEST 3RD ST,39.164688,-86.5712
2007,5,4,Weekday,1500,2-Car,Non-incapacitating,FOLLOWING TOO CLOSELY,3RD ST & FRANKLIN,39.164688,-86.5712
2007,5,4,Weekday,1600,3+ Cars,No injury/unknown,FOLLOWING TOO CLOSELY,FRANKLIN & W 3RD ST,39.164688,-86.5712
2007,7,5,Weekday,500,2-Car,No injury/unknown,OTHER (DRIVER) - EXPLAIN IN NARRATIVE,FRANKLIN & THIRD ST,39.164688,-86.5712
2007,7,3,Weekday,1500,2-Car,No injury/unknown,FOLLOWING TOO CLOSELY,3RD ST & FRANKLIN,39.164688,-86.5712
2007,10,6,Weekday,1700,3+ Cars,Non-incapacitating,UNSAFE SPEED,3RD ST & FRANKLIN,39.164688,-86.5712
2007,5,1,Weekend,500,1-Car,No injury/unknown,OTHER (DRIVER) - EXPLAIN IN NARRATIVE,DODDS & MORTON ST,39.16468752,-86.536299
2007,4,5,Weekday,800,2-Car,No injury/unknown,FAILURE TO YIELD RIGHT OF WAY,CURRY & SR48W,39.16468378,-86.58291168
2007,6,7,Weekend,0,2-Car,Non-incapacitating,FAILURE TO YIELD RIGHT OF WAY,CURRY & SR48,39.16468378,-86.58292033
2007,6,5,Weekday,2200,2-Car,No injury/unknown,FAILURE TO YIELD RIGHT OF WAY,CURRY PIKE & ST RD 48,39.16468378,-86.58292033
2007,6,3,Weekday,1300,2-Car,No injury/unknown,OTHER (DRIVER) - EXPLAIN IN NARRATIVE,3RD ST & WYNNDALE,39.16466571,-86.57011178
2007,9,6,Weekday,1200,2-Car,Non-incapacitating,FAILURE TO YIELD RIGHT OF WAY,CURRY & W 3RD ST,39.16466,-86.58296329
2007,9,4,Weekday,2100,2-Car,No injury/unknown,FAILURE TO YIELD RIGHT OF WAY,CURRY & WEST THIRD ST,39.16466,-86.58291134
2007,9,4,Weekday,600,2-Car,Non-incapacitating,FAILURE TO YIELD RIGHT OF WAY,CURRY & W 3RD ST,39.16466,-86.58292
2007,10,1,Weekday,2000,2-Car,Non-incapacitating,FAILURE TO YIELD RIGHT OF WAY,3RD ST & CURRY,39.16466,-86.58292
2007,10,4,Weekday,1400,3+ Cars,No injury/unknown,OTHER (DRIVER) - EXPLAIN IN NARRATIVE,3RD ST & CURRY,39.16466,-86.58292
2007,10,1,Weekend,900,2-Car,Non-incapacitating,DRIVER DISTRACTED - EXPLAIN IN NARRATIVE,WEST 3RD ST,39.164641,-86.580335
2007,8,4,Weekday,1500,2-Car,No injury/unknown,FOLLOWING TOO CLOSELY,3RD ST & JOHNSON,39.16464,-86.56446278
2007,9,3,Weekday,1600,2-Car,No injury/unknown,FOLLOWING TOO CLOSELY,3RD ST & LINCOLN,39.16464,-86.53067119
2007,10,7,Weekend,1600,2-Car,No injury/unknown,FOLLOWING TOO CLOSELY,3RD ST & GRANT,39.16464,-86.52937519
2007,1,6,Weekend,2200,1-Car,No injury/unknown,SPEED TOO FAST FOR WEATHER CONDITIONS,3RD ST & GRANT,39.16464,-86.529728
2007,1,2,Weekday,900,2-Car,No injury/unknown,DISREGARD SIGNAL/REG SIGN,E 3RD ST & S WASHINGTON,39.16464,-86.5324
2007,1,2,Weekday,1700,2-Car,No injury/unknown,OTHER (DRIVER) - EXPLAIN IN NARRATIVE,EAST 3RD ST & WASHINGTON,39.16464,-86.5324
2007,1,6,Weekday,1800,2-Car,No injury/unknown,FAILURE TO YIELD RIGHT OF WAY,3RD ST & LINCOLN,39.16464,-86.531024
2007,1,1,Weekday,2200,2-Car,No injury/unknown,FAILURE TO YIELD RIGHT OF WAY,3RD ST & COLLEGE,39.16464,-86.534816
2007,1,4,Weekday,1300,2-Car,No injury/unknown,DISREGARD SIGNAL/REG SIGN,3RD ST & WASHINGTON,39.16464,-86.5324
2007,1,4,Weekday,1900,2-Car,No injury/unknown,FAILURE TO YIELD RIGHT OF WAY,THIRD ST & WASHINGTON,39.16464,-86.5324
2007,1,5,Weekday,1300,2-Car,No injury/unknown,DISREGARD SIGNAL/REG SIGN,3RD ST & WASHIINGTON,39.16464,-86.5324
2007,1,3,Weekday,1600,2-Car,No injury/unknown,FOLLOWING TOO CLOSELY,3RD ST & KIMBLE,39.16464,-86.56870563
2007,1,3,Weekday,1500,2-Car,No injury/unknown,IMPROPER LANE USAGE,KIMBLE & WEST 3RD ST,39.16464,-86.5662049
2007,2,6,Weekday,1800,1-Car,No injury/unknown,UNSAFE BACKING,E 3RD ST,39.16464,-86.53086531
2007,2,2,Weekday,1500,2-Car,No injury/unknown,DISREGARD SIGNAL/REG SIGN,E 3 RD ST & WASHINGTON,39.16464,-86.5324
2007,2,3,Weekday,1600,2-Car,No injury/unknown,SPEED TOO FAST FOR WEATHER CONDITIONS,3RD ST & LINCOLN,39.16464,-86.531024
2007,2,4,Weekday,1500,2-Car,No injury/unknown,DISREGARD SIGNAL/REG SIGN,EAST 3RD ST & SOUTH WASHINGTON,39.16464,-86.5324
2007,2,6,Weekend,2200,Bus,No injury/unknown,OTHER (DRIVER) - EXPLAIN IN NARRATIVE,3RD ST & LINCOLN,39.16464,-86.531024
2007,2,3,Weekday,1900,2-Car,No injury/unknown,DISREGARD SIGNAL/REG SIGN,THIRD ST & WALNUT,39.16464,-86.5336
2007,2,3,Weekday,1600,2-Car,No injury/unknown,FAILURE TO YIELD RIGHT OF WAY,3RD ST & KIMBLE,39.16464,-86.568
2007,3,5,Weekday,1100,2-Car,No injury/unknown,FAILURE TO YIELD RIGHT OF WAY,KIMBLE DR & W 3RD ST ST,39.16464,-86.568
2007,3,6,Weekday,1200,2-Car,No injury/unknown,FAILURE TO YIELD RIGHT OF WAY,400 E 3RD ST ST & GRANT ST,39.16464,-86.529728
2007,3,2,Weekday,1200,2-Car,No injury/unknown,OTHER (DRIVER) - EXPLAIN IN NARRATIVE,COLLEGE & WEST THIRD ST,39.16464,-86.534816
2007,3,1,Weekend,1300,2-Car,No injury/unknown,OTHER (DRIVER) - EXPLAIN IN NARRATIVE,E 3RD ST,39.16464,-86.56913891
2007,3,6,Weekend,1900,2-Car,Non-incapacitating,DISREGARD SIGNAL/REG SIGN,E 3RD ST & S WASHINGTON,39.16464,-86.5324
2007,3,5,Weekday,2200,2-Car,No injury/unknown,FAILURE TO YIELD RIGHT OF WAY,3RD ST & LINCOLN,39.16464,-86.531024
2007,4,2,Weekday,2100,2-Car,No injury/unknown,OTHER (DRIVER) - EXPLAIN IN NARRATIVE,W 3RD ST,39.16464,-86.564992
2007,4,2,Weekday,1100,2-Car,No injury/unknown,DISREGARD SIGNAL/REG SIGN,3RD & COLLEGE AVE,39.16464,-86.534816
2007,4,2,Weekday,1500,2-Car,No injury/unknown,DISREGARD SIGNAL/REG SIGN,COLLEGE AVE & W 3RD,39.16464,-86.534816
2007,4,4,Weekday,600,2-Car,No injury/unknown,FAILURE TO YIELD RIGHT OF WAY,KIMBLE & WEST 3RD ST,39.16464,-86.568
2007,4,6,Weekday,1400,2-Car,Non-incapacitating,FAILURE TO YIELD RIGHT OF WAY,THIRD ST & WASHINGTON,39.16464,-86.5324
2007,4,4,Weekday,800,2-Car,Non-incapacitating,DISREGARD SIGNAL/REG SIGN,3RD & COLLEGE AVE,39.16464,-86.534816
2007,4,5,Weekday,1500,2-Car,No injury/unknown,UNSAFE BACKING,E 3RD ST,39.16464,-86.5309182
2007,4,2,Weekday,1300,2-Car,No injury/unknown,IMPROPER PASSING,3RD ST & KIMBLE,39.16464,-86.568
2007,5,3,Weekday,1000,Moped/Motorcycle,Non-incapacitating,OTHER (DRIVER) - EXPLAIN IN NARRATIVE,W 3RD ST,39.16464,-86.5662049
2007,5,6,Weekday,1600,2-Car,No injury/unknown,OTHER (DRIVER) - EXPLAIN IN NARRATIVE,3RD ST & WASHINGTON,39.16464,-86.5324
2007,6,2,Weekday,1200,2-Car,No injury/unknown,DISREGARD SIGNAL/REG SIGN,200 E 3RD ST & S WASHINGTON,39.16464,-86.5324
2007,6,4,Weekday,600,2-Car,No injury/unknown,DRIVER DISTRACTED - EXPLAIN IN NARRATIVE,SR37N & WALNUT,39.16464,-86.5336
2007,6,2,Weekday,1000,2-Car,Non-incapacitating,FAILURE TO YIELD RIGHT OF WAY,S KIMBLE & W 3RD ST,39.16464,-86.568
2007,6,3,Weekday,1200,2-Car,No injury/unknown,FAILURE TO YIELD RIGHT OF WAY,3RD ST & COLLEGE,39.16464,-86.534816
2007,6,5,Weekday,2000,Moped/Motorcycle,Non-incapacitating,OTHER (DRIVER) - EXPLAIN IN NARRATIVE,LINCOLN & THIRD ST,39.16464,-86.531024
2007,6,4,Weekday,1700,2-Car,No injury/unknown,OTHER (DRIVER) - EXPLAIN IN NARRATIVE,E 3RD ST,39.16464,-86.56913891
2007,6,5,Weekday,1600,2-Car,Incapacitating,DISREGARD SIGNAL/REG SIGN,E 3RD ST & LINCOLN,39.16464,-86.531024
2007,7,4,Weekday,1900,2-Car,No injury/unknown,DISREGARD SIGNAL/REG SIGN,3RD ST & WASHINGTON,39.16464,-86.5324
2007,7,6,Weekday,900,2-Car,No injury/unknown,FOLLOWING TOO CLOSELY,E 3RD ST & SO LINCOLN,39.16464,-86.531024
2007,7,7,Weekend,1600,2-Car,No injury/unknown,IMPROPER TURNING,3RD & COLLEGE AVE,39.16464,-86.534816
2007,7,5,Weekday,1500,3+ Cars,No injury/unknown,DISREGARD SIGNAL/REG SIGN,3RD & S WALNUT ST,39.16464,-86.5336
2007,7,6,Weekday,1400,2-Car,Non-incapacitating,FOLLOWING TOO CLOSELY,3RD ST & GRANT,39.16464,-86.529728
2007,7,2,Weekday,1600,2-Car,No injury/unknown,FOLLOWING TOO CLOSELY,3RD ST & GRANT,39.16464,-86.529728
2007,8,4,Weekday,100,1-Car,No injury/unknown,UNSAFE BACKING,W 3RD ST,39.16464,-86.56535587
2007,8,6,Weekday,1600,2-Car,No injury/unknown,UNSAFE BACKING,E 3RD ST,39.16464,-86.53086531
2007,8,3,Weekday,1200,Moped/Motorcycle,Incapacitating,OTHER (DRIVER) - EXPLAIN IN NARRATIVE,KIMBLE & WEST 3RD ST,39.16464,-86.568
2007,8,5,Weekday,300,1-Car,No injury/unknown,ALCOHOLIC BEVERAGES,3 RD ST & KIMBLE,39.16464,-86.568
2007,8,4,Weekday,900,2-Car,No injury/unknown,OTHER (DRIVER) - EXPLAIN IN NARRATIVE,3RD & COLLEGE AVE,39.16464,-86.534816
2007,8,5,Weekday,1800,2-Car,No injury/unknown,DISREGARD SIGNAL/REG SIGN,THIRD ST & WASHINGTON,39.16464,-86.5324
2007,8,2,Weekday,1500,2-Car,No injury/unknown,DISREGARD SIGNAL/REG SIGN,3RD & WALNUT ST,39.16464,-86.5336
2007,9,7,Weekend,1300,2-Car,No injury/unknown,FOLLOWING TOO CLOSELY,E 3RD ST & GRANT,39.16464,-86.529728
2007,9,5,Weekday,1500,2-Car,No injury/unknown,DISREGARD SIGNAL/REG SIGN,3RD ST & WASHINGTON,39.16464,-86.5324
2007,9,5,Weekday,1800,2-Car,No injury/unknown,IMPROPER TURNING,S WALNUT ST,39.16464,-86.5336
2007,9,1,Weekend,0,2-Car,No injury/unknown,DISREGARD SIGNAL/REG SIGN,3RD ST & WASHINGTON,39.16464,-86.5324
2007,9,3,Weekday,1300,3+ Cars,No injury/unknown,FOLLOWING TOO CLOSELY,3RD ST & JOHNSON,39.16464,-86.564992
2007,9,2,Weekday,1100,2-Car,No injury/unknown,FOLLOWING TOO CLOSELY,300 E 3RD ST ST & LINCOLN ST,39.16464,-86.531024
2007,9,4,Weekday,1200,2-Car,No injury/unknown,UNSAFE BACKING,EAST THIRD ST & LINCOLN,39.16464,-86.531024
2007,9,4,Weekday,1200,2-Car,No injury/unknown,OTHER (DRIVER) - EXPLAIN IN NARRATIVE,S WASHINGTON ST,39.16464,-86.5324
2007,10,6,Weekday,1300,2-Car,No injury/unknown,FOLLOWING TOO CLOSELY,W 3RD & W 3RD ST,39.16464,-86.5336
2007,10,6,Weekday,700,1-Car,No injury/unknown,DRIVER DISTRACTED - EXPLAIN IN NARRATIVE,COLLEGE & SR37S,39.16464,-86.534816
2007,10,2,Weekday,1800,2-Car,No injury/unknown,FOLLOWING TOO CLOSELY,3RD & COLLEGE AVE,39.16464,-86.534816
2007,10,2,Weekday,1900,2-Car,Non-incapacitating,FOLLOWING TOO CLOSELY,3RD & COLLEGE AVE,39.16464,-86.534816
2007,10,2,Weekday,2000,1-Car,No injury/unknown,OTHER (DRIVER) - EXPLAIN IN NARRATIVE,3RD ST & GRANT,39.16464,-86.52902237
2007,10,2,Weekday,2000,2-Car,No injury/unknown,OTHER (DRIVER) - EXPLAIN IN NARRATIVE,E 3RD ST & S GRANT,39.16464,-86.529728
2007,10,6,Weekday,800,2-Car,No injury/unknown,FAILURE TO YIELD RIGHT OF WAY,KIMBLE & W 3RD ST,39.16464,-86.568
2007,10,3,Weekday,1900,2-Car,No injury/unknown,DISREGARD SIGNAL/REG SIGN,THIRD ST & WASHINGTON,39.16464,-86.5324
2007,11,5,Weekday,1600,2-Car,No injury/unknown,FOLLOWING TOO CLOSELY,S WALNUT ST & W 3RD,39.16464,-86.5336
2007,11,5,Weekday,1800,2-Car,No injury/unknown,FAILURE TO YIELD RIGHT OF WAY,E 3RD ST & S WASHINGTON,39.16464,-86.5324
2007,11,7,Weekend,2200,2-Car,No injury/unknown,DRIVER DISTRACTED - EXPLAIN IN NARRATIVE,E 3RD ST,39.16464,-86.53211918
2007,11,2,Weekday,900,2-Car,Non-incapacitating,DISREGARD SIGNAL/REG SIGN,3RD ST & WASHINGTON,39.16464,-86.5324
2007,11,3,Weekday,1000,2-Car,No injury/unknown,UNSAFE BACKING,E 3RD ST,39.16464,-86.5324
2007,11,5,Weekday,1800,2-Car,No injury/unknown,FOLLOWING TOO CLOSELY,N JOHNSON & W 3RD ST,39.16464,-86.564992
2007,12,7,Weekend,1800,2-Car,No injury/unknown,DISREGARD SIGNAL/REG SIGN,E 3RD ST & S WASHINGTON,39.16464,-86.5324
2007,12,7,Weekend,1100,2-Car,Non-incapacitating,DISREGARD SIGNAL/REG SIGN,SOUTH COLLEGE & WEST 3RD ST,39.16464,-86.534816
2007,12,7,Weekend,1200,Pedestrian,Non-incapacitating,FAILURE TO YIELD RIGHT OF WAY,THIRD ST & WALNUT,39.16464,-86.5336
2007,10,4,Weekday,1700,2-Car,No injury/unknown,FOLLOWING TOO CLOSELY,LIBERTY & WEST THIRD ST,39.16461,-86.57912134
2007,10,7,Weekend,2000,2-Car,No injury/unknown,FAILURE TO YIELD RIGHT OF WAY,LIBERTY & W 3RD ST,39.16461,-86.57913
2007,10,1,Weekend,1400,2-Car,No injury/unknown,FOLLOWING TOO CLOSELY,3RD ST & LIBERTY,39.16461,-86.57913
2007,10,1,Weekend,1800,2-Car,No injury/unknown,FAILURE TO YIELD RIGHT OF WAY,W 3RD ST,39.16461,-86.578686
2007,11,3,Weekday,1600,2-Car,No injury/unknown,FAILURE TO YIELD RIGHT OF WAY,3RD ST & LIBERTY,39.16461,-86.57912134
2007,2,2,Weekday,1400,2-Car,No injury/unknown,FOLLOWING TOO CLOSELY,3RD ST & CORY,39.16460657,-86.56185824
2007,10,3,Weekday,1500,2-Car,No injury/unknown,OTHER (DRIVER) - EXPLAIN IN NARRATIVE,WALNUT AVE,39.16460343,-86.5336
2007,1,7,Weekend,1600,2-Car,No injury/unknown,DRIVER DISTRACTED - EXPLAIN IN NARRATIVE,GATES & WEST 3RD ST,39.1646,-86.574799
2007,2,5,Weekday,1400,2-Car,No injury/unknown,FAILURE TO YIELD RIGHT OF WAY,3RD ST & GATES,39.1646,-86.574799
2007,2,7,Weekend,1500,2-Car,No injury/unknown,FOLLOWING TOO CLOSELY,3RD ST & GATES,39.1646,-86.574799
2007,2,1,Weekend,1500,2-Car,No injury/unknown,UNSAFE BACKING,W THIRD ST,39.1646,-86.57878
2007,2,7,Weekend,1900,2-Car,No injury/unknown,DISREGARD SIGNAL/REG SIGN,3RD ST & LIBERTY,39.1646,-86.5778
2007,2,5,Weekday,2000,2-Car,No injury/unknown,OTHER (DRIVER) - EXPLAIN IN NARRATIVE,N GATES DR,39.1646,-86.575999
2007,3,7,Weekend,1100,2-Car,Non-incapacitating,OTHER (DRIVER) - EXPLAIN IN NARRATIVE,W 3RD ST & YANCY,39.1646,-86.568798
2007,3,4,Weekday,1200,2-Car,No injury/unknown,OTHER (DRIVER) - EXPLAIN IN NARRATIVE,WEST THIRD ST,39.1646,-86.569793
2007,4,3,Weekday,1200,2-Car,No injury/unknown,FAILURE TO YIELD RIGHT OF WAY,W 3RD STREET ST & YANCY,39.1646,-86.568798
2007,4,5,Weekday,1700,2-Car,No injury/unknown,IMPROPER LANE USAGE,WEST THIRD ST,39.1646,-86.570165
2007,5,4,Weekday,2100,Pedestrian,Non-incapacitating,OTHER (DRIVER) - EXPLAIN IN NARRATIVE,THIRD ST,39.1646,-86.569771
2007,5,5,Weekday,1500,2-Car,No injury/unknown,OTHER (DRIVER) - EXPLAIN IN NARRATIVE,3RD ST & GATES,39.1646,-86.574799
2007,5,5,Weekday,1600,3+ Cars,Non-incapacitating,DISREGARD SIGNAL/REG SIGN,3RD ST & GATES,39.1646,-86.574799
2007,5,1,Weekend,1700,2-Car,No injury/unknown,OTHER (DRIVER) - EXPLAIN IN NARRATIVE,THIRD ST,39.1646,-86.569773
2007,6,3,Weekday,1500,2-Car,No injury/unknown,FAILURE TO YIELD RIGHT OF WAY,3RD ST & GATES,39.1646,-86.57477736
2007,6,6,Weekday,1700,3+ Cars,No injury/unknown,FOLLOWING TOO CLOSELY,LIBERTY & WEST 3RD ST,39.1646,-86.5778
2007,6,5,Weekday,1400,2-Car,No injury/unknown,FAILURE TO YIELD RIGHT OF WAY,THIRD ST & WYNNEDALE,39.1646,-86.56949367
2007,6,5,Weekday,500,2-Car,No injury/unknown,OTHER (DRIVER) - EXPLAIN IN NARRATIVE,EAST THIRD ST,39.1646,-86.532137
2007,6,2,Weekday,1900,2-Car,No injury/unknown,OTHER (DRIVER) - EXPLAIN IN NARRATIVE,W 3RD ST,39.1646,-86.578707
2007,7,2,Weekday,1500,Bus,No injury/unknown,FAILURE TO YIELD RIGHT OF WAY,GATES & W 3RD ST,39.1646,-86.574799
2007,7,2,Weekday,800,Moped/Motorcycle,Non-incapacitating,DISREGARD SIGNAL/REG SIGN,LIBERTY & W 3RD ST,39.1646,-86.5778
2007,8,5,Weekday,1500,2-Car,No injury/unknown,FOLLOWING TOO CLOSELY,3RD ST & LIBERTY,39.1646,-86.57778268
2007,8,6,Weekday,1800,3+ Cars,Non-incapacitating,IMPROPER LANE USAGE,3RD ST & LIBERTY,39.1646,-86.57778701
2007,8,2,Weekday,1600,2-Car,No injury/unknown,FOLLOWING TOO CLOSELY,3RD ST & GATES,39.1646,-86.57479034
2007,3,2,Weekday,1900,2-Car,No injury/unknown,FAILURE TO YIELD RIGHT OF WAY,GATES & SR48,39.1645984,-86.57596037
2007,3,7,Weekend,1200,2-Car,No injury/unknown,FAILURE TO YIELD RIGHT OF WAY,W 3 RD ST,39.1645984,-86.57618577
2007,6,2,Weekday,1600,2-Car,No injury/unknown,DISREGARD SIGNAL/REG SIGN,LIBERTY & SR48W,39.1645984,-86.57913641
2007,6,7,Weekend,1200,2-Car,Non-incapacitating,FOLLOWING TOO CLOSELY,GATES & SR48W,39.1645984,-86.57596903
2007,8,3,Weekday,1200,2-Car,No injury/unknown,DISREGARD SIGNAL/REG SIGN,GATES DRIVE & SR48,39.1645984,-86.57596037
2007,12,5,Weekday,1800,2-Car,No injury/unknown,FAILURE TO YIELD RIGHT OF WAY,GATES & SR48W,39.1645984,-86.57596037
2007,11,5,Weekday,1700,3+ Cars,No injury/unknown,DISREGARD SIGNAL/REG SIGN,GATES & W 3RD ST,39.16459,-86.5762
2007,12,6,Weekday,1600,2-Car,No injury/unknown,FAILURE TO YIELD RIGHT OF WAY,3RD ST & GATES,39.16459,-86.5762
2007,12,4,Weekday,1800,2-Car,No injury/unknown,PRESCRIPTION DRUGS,3RD & GATES DR,39.16459,-86.5762
2007,10,1,Weekday,2000,2-Car,No injury/unknown,DRIVER DISTRACTED - EXPLAIN IN NARRATIVE,3RD ST & FRANKLIN,39.16458,-86.57018134
2007,12,3,Weekday,1800,3+ Cars,Non-incapacitating,OTHER (DRIVER) - EXPLAIN IN NARRATIVE,THIRD ST,39.164572,-86.569857
2007,12,7,Weekend,1800,Cyclist,Non-incapacitating,DRIVER DISTRACTED - EXPLAIN IN NARRATIVE,WEST 3RD ST,39.164571,-86.569804
2007,8,7,Weekend,1200,2-Car,No injury/unknown,UNSAFE BACKING,W 3RD ST,39.16455981,-86.55584763
2007,7,7,Weekend,800,3+ Cars,Non-incapacitating,OTHER (DRIVER) - EXPLAIN IN NARRATIVE,CORY & WEST 3RD ST,39.164544,-86.560096
2007,8,7,Weekend,1100,3+ Cars,No injury/unknown,FAILURE TO YIELD RIGHT OF WAY,2200 W 3RD ST & S CORY,39.164544,-86.560096
2007,9,2,Weekday,1600,2-Car,No injury/unknown,OTHER (DRIVER) - EXPLAIN IN NARRATIVE,CORY & THIRD ST,39.164544,-86.560096
2007,10,5,Weekday,2000,2-Car,No injury/unknown,FAILURE TO YIELD RIGHT OF WAY,CORY & W 3RD ST,39.164544,-86.560096
2007,9,2,Weekday,1100,2-Car,No injury/unknown,FAILURE TO YIELD RIGHT OF WAY,KIMBALL & W 3RD ST,39.16454,-86.56799
2007,2,7,Weekend,1100,2-Car,No injury/unknown,ROADWAY SURFACE CONDITION,W THIRD STREET ST,39.164527,-86.575293
2007,9,4,Weekday,2100,2-Car,No injury/unknown,OTHER (DRIVER) - EXPLAIN IN NARRATIVE,W 3RD ST,39.164526,-86.566533
2007,4,5,Weekday,500,2-Car,No injury/unknown,OTHER (DRIVER) - EXPLAIN IN NARRATIVE,CURRY PIKE,39.164522,-86.582869
2007,3,4,Weekday,2000,2-Car,No injury/unknown,UNSAFE BACKING,E 3RD ST,39.16452114,-86.551072
2007,3,3,Weekday,1700,2-Car,No injury/unknown,FAILURE TO YIELD RIGHT OF WAY,3RD & PETE ELLIS DR,39.16451466,-86.495088
2007,6,6,Weekday,1600,2-Car,No injury/unknown,FAILURE TO YIELD RIGHT OF WAY,3RD & PETE ELLIS DR,39.16451466,-86.495088
2007,8,4,Weekday,1700,2-Car,No injury/unknown,OTHER (DRIVER) - EXPLAIN IN NARRATIVE,3RD & PETE ELLIS DR,39.16451466,-86.495088
2007,11,6,Weekday,900,2-Car,Non-incapacitating,FAILURE TO YIELD RIGHT OF WAY,E 3RD & PETE ELLIS DR,39.16451466,-86.495088
2007,8,5,Weekday,1400,2-Car,No injury/unknown,DRIVER ILLNESS,3RD & KINGSTON DR,39.1645144,-86.49292885
2007,5,5,Weekday,1500,2-Car,No injury/unknown,UNSAFE BACKING,SR 48 RD,39.16450961,-86.57464898
2007,2,1,Weekend,900,2-Car,No injury/unknown,UNSAFE BACKING,W 3RD ST,39.1645,-86.566664
2007,5,4,Weekday,1600,2-Car,No injury/unknown,WRONG WAY ON ONE WAY,E 3RD ST,39.164488,-86.54969829
2007,11,6,Weekday,1600,2-Car,No injury/unknown,OTHER (DRIVER) - EXPLAIN IN NARRATIVE,S COLLEGE AVE,39.16446694,-86.53481763
2007,5,3,Weekday,400,1-Car,No injury/unknown,VIEW OBSTRUCTED,3RD ST & INDIANA,39.164448,-86.52644719
2007,1,4,Weekday,800,2-Car,No injury/unknown,OTHER (VEHICLE) - EXPLAIN IN NARRATIVE,THIRD ST,39.164448,-86.52798769
2007,1,4,Weekday,800,2-Car,No injury/unknown,IMPROPER TURNING,3RD ST & DUNN,39.164448,-86.528096
2007,1,1,Weekend,300,1-Car,No injury/unknown,OVERCORRECTING/OVERSTEERING,DUNN & E 3RD ST,39.164448,-86.528096
2007,1,2,Weekday,1400,2-Car,No injury/unknown,UNSAFE SPEED,3RD ST & FESS,39.164448,-86.525792
2007,1,7,Weekend,2100,2-Car,No injury/unknown,FOLLOWING TOO CLOSELY,3RD & INDIANA AVE,39.164448,-86.5268