Year,Month,Day,Weekend?,Hour,Collision Type,Injury Type,Primary Factor,Reported_Location,Latitude,Longitude
2007,2,6,Weekday,1100,2-Car,Non-incapacitating,FAILURE TO YIELD RIGHT OF WAY,E 3RD & SR46,39.164448,-86.471888
2007,2,5,Weekday,1500,3+ Cars,Non-incapacitating,FOLLOWING TOO CLOSELY,FESS & THIRD ST,39.164448,-86.525792
2007,2,2,Weekday,1400,2-Car,No injury/unknown,DISREGARD SIGNAL/REG SIGN,INDIANA & THIRD ST,39.164448,-86.5268
2007,2,7,Weekend,300,2-Car,No injury/unknown,SPEED TOO FAST FOR WEATHER CONDITIONS,3RD ST & INDIANA,39.164448,-86.5268
2007,3,5,Weekday,700,3+ Cars,No injury/unknown,ROADWAY SURFACE CONDITION,N DUNN ST & SR37N,39.164448,-86.528096
2007,4,5,Weekday,1200,3+ Cars,No injury/unknown,FOLLOWING TOO CLOSELY,E 3RD & SR46E,39.164448,-86.471888
2007,4,2,Weekday,1100,2-Car,No injury/unknown,DISREGARD SIGNAL/REG SIGN,DUNN ST & E 3RD ST ST,39.164448,-86.528096
2007,5,7,Weekend,1600,2-Car,No injury/unknown,OTHER (DRIVER) - EXPLAIN IN NARRATIVE,E 3RD ST & SR446S,39.164448,-86.471888
2007,6,4,Weekday,1400,2-Car,No injury/unknown,OTHER (DRIVER) - EXPLAIN IN NARRATIVE,3RD ST & ATWATER,39.164448,-86.528096
2007,6,5,Weekday,2300,3+ Cars,No injury/unknown,BRAKE FAILURE OR DEFECTIVE,3RD & 527 EAST THIRD ST,39.164448,-86.471888
2007,6,5,Weekday,1400,2-Car,No injury/unknown,DISREGARD SIGNAL/REG SIGN,E 3RD ST & INDIANA,39.164448,-86.5268
2007,6,2,Weekday,1400,2-Car,No injury/unknown,FOLLOWING TOO CLOSELY,3RD ST & INDIANA,39.164448,-86.5268
2007,7,2,Weekday,1200,2-Car,No injury/unknown,FOLLOWING TOO CLOSELY,E 3RD & SR446S,39.164448,-86.471888
2007,7,6,Weekday,1400,2-Car,No injury/unknown,SPEED TOO FAST FOR WEATHER CONDITIONS,3RD ST & DUNN,39.164448,-86.528096
2007,8,3,Weekday,2100,2-Car,Non-incapacitating,FAILURE TO YIELD RIGHT OF WAY,E 3RD & SR4546N,39.164448,-86.471888
2007,8,1,Weekend,1500,2-Car,No injury/unknown,FOLLOWING TOO CLOSELY,EAST 3RD & SR4546S,39.164448,-86.471888
2007,8,2,Weekday,1500,1-Car,No injury/unknown,BRAKE FAILURE OR DEFECTIVE,DUNN ST & SR37N,39.164448,-86.528096
2007,8,5,Weekday,1800,2-Car,No injury/unknown,DISREGARD SIGNAL/REG SIGN,446 & SR46E,39.164448,-86.471888
2007,9,6,Weekday,1300,2-Car,No injury/unknown,DISREGARD SIGNAL/REG SIGN,3RD & SR46E,39.164448,-86.471888
2007,9,5,Weekday,1200,2-Car,No injury/unknown,ROADWAY SURFACE CONDITION,INDIANA & THIRD ST,39.164448,-86.5268
2007,9,6,Weekday,1800,2-Car,No injury/unknown,IMPROPER LANE USAGE,2650 EAST 3RD & 3RD ST,39.164448,-86.471888
2007,9,7,Weekend,2300,2-Car,No injury/unknown,DISREGARD SIGNAL/REG SIGN,3RD & DUNN ST,39.164448,-86.528096
2007,9,4,Weekday,900,2-Car,No injury/unknown,IMPROPER LANE USAGE,3RD ST & INDIANA,39.164448,-86.5268
2007,9,6,Weekday,1500,2-Car,No injury/unknown,FOLLOWING TOO CLOSELY,FESS & THIRD ST,39.164448,-86.525792
2007,10,6,Weekday,1600,2-Car,No injury/unknown,DISREGARD SIGNAL/REG SIGN,INDIANA & THIRD ST,39.164448,-86.5268
2007,10,1,Weekend,1600,2-Car,No injury/unknown,OTHER (DRIVER) - EXPLAIN IN NARRATIVE,SR446S & SR46E,39.164448,-86.471888
2007,11,5,Weekday,1600,2-Car,Non-incapacitating,FOLLOWING TOO CLOSELY,46 BYP & E 3RD,39.164448,-86.471888
2007,11,3,Weekday,2100,2-Car,Non-incapacitating,FAILURE TO YIELD RIGHT OF WAY,E 3RD & SR4546N,39.164448,-86.471888
2007,11,1,Weekend,400,2-Car,No injury/unknown,,3RD & INDIANA AVE,39.164448,-86.5268
2007,12,1,Weekend,100,2-Car,No injury/unknown,ALCOHOLIC BEVERAGES,3RD ST & INDIANA,39.164448,-86.5268
2007,12,4,Weekday,800,2-Car,No injury/unknown,OTHER (DRIVER) - EXPLAIN IN NARRATIVE,3RD ST & DUNN,39.164448,-86.528096
2007,12,5,Weekday,2200,2-Car,No injury/unknown,UNSAFE BACKING,3RD & HENDERSON ST,39.164448,-86.5268
2007,7,3,Weekday,1300,2-Car,No injury/unknown,FOLLOWING TOO CLOSELY,3RD ST & FESS,39.1644443,-86.52566861
2007,9,2,Weekday,1200,2-Car,No injury/unknown,UNSAFE BACKING,E 3RD ST,39.16443758,-86.54775367
2007,3,2,Weekday,1900,3+ Cars,No injury/unknown,FOLLOWING TOO CLOSELY,3RD ST & FESS,39.16443743,-86.52543945
2007,11,5,Weekday,1800,2-Car,No injury/unknown,IMPROPER PASSING,3RD ST & FESS,39.16442686,-86.5250869
2007,2,2,Weekday,600,2-Car,No injury/unknown,UNSAFE BACKING,E 3RD ST,39.16442405,-86.54723179
2007,6,7,Weekend,1700,1-Car,No injury/unknown,ALCOHOLIC BEVERAGES,SR446N & SR46W,39.1644224,-86.47206131
2007,12,5,Weekday,1800,2-Car,No injury/unknown,OTHER (DRIVER) - EXPLAIN IN NARRATIVE,W 3RD ST,39.1644203,-86.54708682
2007,12,3,Weekday,900,1-Car,No injury/unknown,OTHER (DRIVER) - EXPLAIN IN NARRATIVE,WEST THIRD ST,39.164413,-86.554007
2007,10,4,Weekday,1600,2-Car,Non-incapacitating,FAILURE TO YIELD RIGHT OF WAY,3RD ST & WESTPLEX,39.16441,-86.5539
2007,11,5,Weekday,1300,2-Car,No injury/unknown,UNSAFE BACKING,S WESTPLEX ST & W 3RD,39.16441,-86.5539
2007,1,6,Weekday,1000,2-Car,No injury/unknown,FAILURE TO YIELD RIGHT OF WAY,3RD ST & LANDMARK,39.16440374,-86.55627178
2007,1,2,Weekday,1300,2-Car,No injury/unknown,FAILURE TO YIELD RIGHT OF WAY,3RD ST & LANDMARK,39.16440374,-86.55628909
2007,2,2,Weekday,2100,2-Car,Non-incapacitating,ALCOHOLIC BEVERAGES,LANDMARK & WEST 3RD ST,39.16440374,-86.55627481
2007,3,3,Weekday,1300,3+ Cars,Non-incapacitating,FOLLOWING TOO CLOSELY,3RD ST & LANDMARK,39.16440374,-86.5562826
2007,3,6,Weekday,1400,2-Car,Non-incapacitating,ROADWAY SURFACE CONDITION,3RD ST & LANDMARK,39.16440374,-86.5562826
2007,4,4,Weekday,1600,2-Car,Non-incapacitating,FAILURE TO YIELD RIGHT OF WAY,3RD ST & LANDMARK,39.16440374,-86.5562826
2007,6,5,Weekday,1300,2-Car,No injury/unknown,FAILURE TO YIELD RIGHT OF WAY,3RD ST & LANDMARK,39.16440374,-86.5562826
2007,7,6,Weekday,1400,2-Car,No injury/unknown,OTHER (DRIVER) - EXPLAIN IN NARRATIVE,3RD ST & LANDMARK,39.16440374,-86.55626961
2007,7,6,Weekday,1400,2-Car,Non-incapacitating,SPEED TOO FAST FOR WEATHER CONDITIONS,LANDMARK & W THIRD ST,39.16440374,-86.5562826
2007,8,5,Weekday,1700,3+ Cars,No injury/unknown,SPEED TOO FAST FOR WEATHER CONDITIONS,LANDMARK AVE & THIRD,39.16440374,-86.5562826
2007,9,6,Weekday,1200,2-Car,No injury/unknown,IMPROPER LANE USAGE,LANDMARK & W 3RD ST,39.16440374,-86.55625663
2007,12,1,Weekend,1700,2-Car,Non-incapacitating,DISREGARD SIGNAL/REG SIGN,LANDMARK & WEST 3RD ST,39.16440374,-86.5562826
2007,5,7,Weekend,1300,1-Car,No injury/unknown,RAN OFF ROAD RIGHT,W 3RD ST,39.16440226,-86.54639098
2007,6,3,Weekday,1500,2-Car,No injury/unknown,UNSAFE BACKING,WEST THIRD ST,39.1644,-86.555136
2007,7,7,Weekend,1600,1-Car,Non-incapacitating,OTHER (DRIVER) - EXPLAIN IN NARRATIVE,W THIRD ST,39.1644,-86.554107
2007,8,4,Weekday,700,1-Car,No injury/unknown,OTHER (DRIVER) - EXPLAIN IN NARRATIVE,WALKER & WEST 3RD ST,39.1644,-86.546304
2007,8,2,Weekday,1500,2-Car,No injury/unknown,UNSAFE BACKING,E 3RD ST,39.16439079,-86.52388493
2007,8,6,Weekday,1400,3+ Cars,No injury/unknown,UNSAFE SPEED,3RD ST & WOODLAWN,39.16437316,-86.5232971
2007,2,6,Weekday,1700,3+ Cars,No injury/unknown,FOLLOWING TOO CLOSELY,3RD ST & FESS,39.16436868,-86.52314788
2007,9,5,Weekday,1200,3+ Cars,No injury/unknown,FOLLOWING TOO CLOSELY,3RD & WALNUT ST,39.16436534,-86.5336
2007,6,2,Weekday,500,1-Car,No injury/unknown,OTHER (ENVIRONMENTAL) - EXPLAIN IN NARR,3RD ST & WOODLAWN,39.16436258,-86.52294455
2007,8,3,Weekday,1500,2-Car,No injury/unknown,FOLLOWING TOO CLOSELY,3RD ST & WOODLAWN,39.16436258,-86.52294455
2007,4,7,Weekend,1500,3+ Cars,Non-incapacitating,SPEED TOO FAST FOR WEATHER CONDITIONS,3RD ST & WOODLAWN,39.16436152,-86.52290929
2007,2,6,Weekday,1800,2-Car,No injury/unknown,FOLLOWING TOO CLOSELY,3RD ST & WOODLAWN,39.16435835,-86.52280353
2007,1,6,Weekend,2100,2-Car,No injury/unknown,SPEED TOO FAST FOR WEATHER CONDITIONS,3RD ST & UNION,39.164352,-86.5088
2007,1,4,Weekday,1500,2-Car,No injury/unknown,FOLLOWING TOO CLOSELY,3RD ST & WOODLAWN,39.164352,-86.522592
2007,1,1,Weekend,1200,2-Car,No injury/unknown,DRIVER DISTRACTED - EXPLAIN IN NARRATIVE,THIRD ST,39.164352,-86.52216229
2007,1,3,Weekday,2100,3+ Cars,No injury/unknown,FOLLOWING TOO CLOSELY,E 3RD ST & WOODLAWN,39.164352,-86.522592
2007,3,7,Weekend,800,2-Car,No injury/unknown,UNSAFE SPEED,E 3RD ST & SO WOODLAWN,39.164352,-86.522592
2007,3,3,Weekday,900,2-Car,No injury/unknown,FOLLOWING TOO CLOSELY,3RD ST & UNION,39.164352,-86.5088
2007,4,3,Weekday,2000,3+ Cars,No injury/unknown,DRIVER DISTRACTED - EXPLAIN IN NARRATIVE,3RD ST & HIGH,39.164352,-86.508288
2007,3,5,Weekday,2100,2-Car,No injury/unknown,FAILURE TO YIELD RIGHT OF WAY,E 3RD ST & ROSE,39.164352,-86.510944
2007,4,7,Weekend,1300,2-Car,No injury/unknown,IMPROPER TURNING,THIRD ST & WOODLAWN,39.164352,-86.522592
2007,5,3,Weekday,1600,3+ Cars,Non-incapacitating,DRIVER DISTRACTED - EXPLAIN IN NARRATIVE,HIGH & THIRD ST,39.164352,-86.508288
2007,7,6,Weekday,1500,2-Car,No injury/unknown,DRIVER DISTRACTED - EXPLAIN IN NARRATIVE,THIRD ST & WOODLAWN,39.164352,-86.522592
2007,7,6,Weekday,1700,3+ Cars,No injury/unknown,IMPROPER LANE USAGE,THIRD ST & WOODLAWN,39.164352,-86.522592
2007,8,7,Weekend,2100,2-Car,No injury/unknown,SPEED TOO FAST FOR WEATHER CONDITIONS,3RD ST & UNION,39.164352,-86.5088
2007,8,6,Weekday,1000,3+ Cars,Non-incapacitating,UNSAFE SPEED,THIRD ST & WOODLAWN,39.164352,-86.522592
2007,8,1,Weekend,1700,2-Car,No injury/unknown,UNSAFE BACKING,EAST 3RD & UNIVERSITY EAST DR,39.164352,-86.5088
2007,8,4,Weekday,1500,2-Car,No injury/unknown,FOLLOWING TOO CLOSELY,3RD ST & UNION,39.164352,-86.5088
2007,8,6,Weekday,1600,2-Car,No injury/unknown,UNSAFE BACKING,E 3RD ST,39.164352,-86.52216229
2007,8,2,Weekday,1000,2-Car,No injury/unknown,FAILURE TO YIELD RIGHT OF WAY,3RD ST & FACULTY,39.164352,-86.521088
2007,10,2,Weekday,1400,3+ Cars,Non-incapacitating,FOLLOWING TOO CLOSELY,E 3RD ST & S HIGH,39.164352,-86.508288
2007,10,2,Weekday,1900,2-Car,Incapacitating,FOLLOWING TOO CLOSELY,E 3RD ST & S UNION,39.164352,-86.5088
2007,10,3,Weekday,1500,2-Car,No injury/unknown,FAILURE TO YIELD RIGHT OF WAY,E 3RD ST & S WOODLAWN,39.164352,-86.522592
2007,10,3,Weekday,2000,3+ Cars,No injury/unknown,SPEED TOO FAST FOR WEATHER CONDITIONS,3RD ST & FACULTY,39.164352,-86.521088
2007,11,4,Weekday,1300,2-Car,No injury/unknown,FAILURE TO YIELD RIGHT OF WAY,3RD ST & WOODLAWN,39.164352,-86.522592
2007,11,5,Weekday,1000,2-Car,No injury/unknown,FOLLOWING TOO CLOSELY,3RD ST ST & WOODLAWN,39.164352,-86.522592
2007,11,3,Weekday,1000,Bus,No injury/unknown,IMPROPER PASSING,EAST THIRD ST & SOUTH WOODLAWN,39.164352,-86.522592
2007,11,2,Weekday,2100,2-Car,No injury/unknown,FOLLOWING TOO CLOSELY,3RD ST & HIGH,39.164352,-86.508288
2007,12,4,Weekday,1100,2-Car,No injury/unknown,UNSAFE BACKING,E 3RD ST,39.16433829,-86.51077943
2007,12,7,Weekend,1200,2-Car,No injury/unknown,FAILURE TO YIELD RIGHT OF WAY,3RD ST & 4546,39.16433279,-86.4726679
2007,11,6,Weekday,700,2-Car,No injury/unknown,FAILURE TO YIELD RIGHT OF WAY,BRYAN & E 3RD ST,39.16432,-86.50824
2007,1,3,Weekday,1800,3+ Cars,Non-incapacitating,DRIVER DISTRACTED - EXPLAIN IN NARRATIVE,EAST 3RD ST & JEFFERSON,39.164304,-86.506992
2007,1,7,Weekend,1500,2-Car,No injury/unknown,FOLLOWING TOO CLOSELY,3RD ST & JEFFERSON,39.164304,-86.506992
2007,1,7,Weekend,1300,2-Car,No injury/unknown,IMPROPER PASSING,EAST 3RD ST & JEFFERSON,39.164304,-86.506992
2007,1,5,Weekday,900,3+ Cars,No injury/unknown,DRIVER DISTRACTED - EXPLAIN IN NARRATIVE,E 3RD ST & JEFFERSON,39.164304,-86.506992
2007,2,6,Weekday,1500,2-Car,No injury/unknown,IMPROPER TURNING,E 3RD ST & ROOSEVELT,39.164304,-86.505792
2007,4,4,Weekday,1700,2-Car,No injury/unknown,FOLLOWING TOO CLOSELY,E 3RD ST & ROOSEVELT,39.164304,-86.505792
2007,5,4,Weekday,1300,2-Car,No injury/unknown,IMPROPER PASSING,3RD ST & JEFFERSON,39.164304,-86.506992
2007,4,6,Weekday,1200,2-Car,Non-incapacitating,DRIVER DISTRACTED - EXPLAIN IN NARRATIVE,200 S JEFFERSON & 2200 E 3RD ST,39.164304,-86.506992
2007,7,4,Weekday,800,2-Car,Non-incapacitating,SPEED TOO FAST FOR WEATHER CONDITIONS,EAST THIRD ST & SOUTH JEFFERSON,39.164304,-86.506992
2007,9,7,Weekend,1800,2-Car,No injury/unknown,IMPROPER LANE USAGE,3RD ST & ROOSEVELT,39.164304,-86.505792
2007,9,2,Weekday,1500,2-Car,Non-incapacitating,FAILURE TO YIELD RIGHT OF WAY,3RD ST & ROOSEVELT,39.164304,-86.505792
2007,9,4,Weekday,1500,2-Car,No injury/unknown,FOLLOWING TOO CLOSELY,E 3RD ST & JEFFERSON,39.164304,-86.506992
2007,10,4,Weekday,1500,2-Car,No injury/unknown,FAILURE TO YIELD RIGHT OF WAY,3RD ST & ROOSEVELT,39.164304,-86.505792
2007,10,4,Weekday,1700,2-Car,No injury/unknown,FAILURE TO YIELD RIGHT OF WAY,3RD ST & ROOSEVELT,39.164304,-86.505792
2007,11,1,Weekend,1400,3+ Cars,No injury/unknown,FOLLOWING TOO CLOSELY,E 3RD ST & JEFFERSON,39.164304,-86.506992
2007,12,3,Weekday,900,2-Car,No injury/unknown,OTHER (DRIVER) - EXPLAIN IN NARRATIVE,E 3RD ST,39.16430382,-86.50578085
2007,1,1,Weekday,1900,2-Car,No injury/unknown,IMPROPER LANE USAGE,HIGHLAND & THIRD ST,39.1643,-86.519099
2007,1,3,Weekday,700,2-Car,No injury/unknown,FOLLOWING TOO CLOSELY,3RD ST & JORDAN,39.1643,-86.517699
2007,1,3,Weekday,1900,Pedestrian,Non-incapacitating,FAILURE TO YIELD RIGHT OF WAY,3RD ST & HAWTHORNE,39.1643,-86.520386
2007,1,4,Weekday,1200,2-Car,No injury/unknown,FOLLOWING TOO CLOSELY,EAST THIRD ST & JORDAN,39.1643,-86.517699
2007,1,7,Weekend,1800,2-Car,Non-incapacitating,DRIVER DISTRACTED - EXPLAIN IN NARRATIVE,3RD ST & JORDAN,39.1643,-86.517699
2007,2,2,Weekday,1600,2-Car,Non-incapacitating,FAILURE TO YIELD RIGHT OF WAY,E 3RD ST & WOODSCREST,39.1643,-86.502699
2007,2,2,Weekday,1300,2-Car,No injury/unknown,IMPROPER LANE USAGE,JORDAN & THIRD ST,39.1643,-86.517699
2007,2,3,Weekday,1300,3+ Cars,Incapacitating,DRIVER DISTRACTED - EXPLAIN IN NARRATIVE,BALLANTINE & THIRD ST,39.1643,-86.519099
2007,3,3,Weekday,1400,2-Car,No injury/unknown,DRIVER DISTRACTED - EXPLAIN IN NARRATIVE,EAST 3RD ST & SOUTH JORDAN,39.1643,-86.517699
2007,4,1,Weekend,1400,3+ Cars,No injury/unknown,UNSAFE BACKING,E THIRD ST,39.1643,-86.526385
2007,4,2,Weekday,1500,2-Car,Non-incapacitating,OTHER (DRIVER) - EXPLAIN IN NARRATIVE,3RD ST & WOODSCREST,39.1643,-86.502699
2007,4,1,Weekend,1300,2-Car,No injury/unknown,IMPROPER LANE USAGE,3RD ST & SWAIN,39.1643,-86.516399
2007,5,4,Weekday,1400,Bus,No injury/unknown,DISREGARD SIGNAL/REG SIGN,E 3RD ST & JORDAN,39.1643,-86.517699
2007,5,5,Weekday,800,3+ Cars,Non-incapacitating,UNSAFE SPEED,3RD ST & BRYAN,39.1643,-86.508499
2007,5,6,Weekday,1500,2-Car,No injury/unknown,FOLLOWING TOO CLOSELY,3RD ST & HAWTHORNE,39.1643,-86.52110765
2007,5,7,Weekend,2200,2-Car,No injury/unknown,DISREGARD SIGNAL/REG SIGN,ATWATER & HAWTHORNE ST,39.1643,-86.520099
2007,6,7,Weekend,2000,2-Car,No injury/unknown,OTHER (DRIVER) - EXPLAIN IN NARRATIVE,E THIRD ST,39.1643,-86.516021
2007,6,2,Weekday,800,3+ Cars,No injury/unknown,IMPROPER TURNING,E 3RD ST & WOODSCREST,39.1643,-86.502699
2007,6,6,Weekday,900,1-Car,No injury/unknown,OTHER (DRIVER) - EXPLAIN IN NARRATIVE,EAST 3RD ST,39.1643,-86.521837
2007,6,2,Weekday,1500,2-Car,No injury/unknown,FOLLOWING TOO CLOSELY,3RD ST & JORDAN,39.1643,-86.517699
2007,6,5,Weekday,800,2-Car,Non-incapacitating,DISREGARD SIGNAL/REG SIGN,EAST THIRD ST & HAWTHORNE,39.1643,-86.521099
2007,6,7,Weekend,1900,Cyclist,Non-incapacitating,FAILURE TO YIELD RIGHT OF WAY,BALLANTINE & THIRD ST,39.1643,-86.519099
2007,7,4,Weekday,1000,2-Car,No injury/unknown,FOLLOWING TOO CLOSELY,JORDAN & THIRD ST,39.1643,-86.51769121
2007,7,2,Weekday,1400,2-Car,No injury/unknown,IMPROPER TURNING,3RD ST & HAWTHORNE,39.1643,-86.521099
2007,8,1,Weekday,1900,2-Car,No injury/unknown,DRIVER DISTRACTED - EXPLAIN IN NARRATIVE,3RD ST & JORDAN,39.1643,-86.517699
2007,8,1,Weekend,1800,2-Car,Non-incapacitating,DRIVER DISTRACTED - EXPLAIN IN NARRATIVE,3RD ST & JORDAN,39.1643,-86.517699
2007,8,4,Weekday,1800,2-Car,Non-incapacitating,IMPROPER LANE USAGE,BALLANTINE & E 3RD ST,39.1643,-86.51910765
2007,2,5,Weekday,1800,Bus,No injury/unknown,OTHER (DRIVER) - EXPLAIN IN NARRATIVE,ATWATER & JORDAN AVE,39.164299,-86.516399
2007,8,3,Weekday,1700,3+ Cars,Non-incapacitating,DRIVER DISTRACTED - EXPLAIN IN NARRATIVE,3RD ST & CLARK,39.16429085,-86.50497637
2007,10,6,Weekday,1600,2-Car,Non-incapacitating,FAILURE TO YIELD RIGHT OF WAY,CLARK & E THIRD ST,39.164288,-86.5048
2007,10,6,Weekday,1500,2-Car,Non-incapacitating,FAILURE TO YIELD RIGHT OF WAY,CLARK & THIRD ST,39.164288,-86.5048
2007,3,6,Weekday,1400,2-Car,Non-incapacitating,FOLLOWING TOO CLOSELY,3RD ST & WOODCREST,39.16427437,-86.5027688
2007,1,5,Weekday,2100,2-Car,No injury/unknown,FAILURE TO YIELD RIGHT OF WAY,3RD ST & WOODCREST,39.164272,-86.502416
2007,3,6,Weekday,1500,2-Car,No injury/unknown,FAILURE TO YIELD RIGHT OF WAY,E 3RD ST,39.164272,-86.50222661
2007,4,1,Weekend,1400,3+ Cars,No injury/unknown,FOLLOWING TOO CLOSELY,3RD ST & OVERHILL,39.164272,-86.501488
2007,4,7,Weekend,1300,Pedestrian,No injury/unknown,PEDESTRIAN ACTION,E 3RD ST,39.164272,-86.50222661
2007,5,1,Weekend,1000,2-Car,Non-incapacitating,FAILURE TO YIELD RIGHT OF WAY,E 3RD ST & WOODCREST,39.164272,-86.502416
2007,8,3,Weekday,800,3+ Cars,No injury/unknown,DRIVER DISTRACTED - EXPLAIN IN NARRATIVE,EAST THIRD ST & OVERHILL,39.164272,-86.501488
2007,9,7,Weekend,2000,2-Car,No injury/unknown,ALCOHOLIC BEVERAGES,EAST THIRD ST & OVERHILL,39.164272,-86.501488
2007,10,3,Weekday,2200,2-Car,No injury/unknown,FOLLOWING TOO CLOSELY,3RD & HILLSDALE ST,39.164272,-86.502416
2007,12,2,Weekday,1200,2-Car,No injury/unknown,FAILURE TO YIELD RIGHT OF WAY,400 S WOODSCREST AVE & E 3RD,39.164272,-86.502416
2007,9,5,Weekday,1700,2-Car,No injury/unknown,IMPROPER LANE USAGE,3RD ST & BALLANTINE,39.16427,-86.51913
2007,9,1,Weekend,1300,2-Car,No injury/unknown,IMPROPER LANE USAGE,EAST THIRD ST & HIGHLAND,39.16427,-86.51772
2007,10,5,Weekday,1000,2-Car,No injury/unknown,OTHER (DRIVER) - EXPLAIN IN NARRATIVE,BALLANTINE ST & EAST THIRD,39.16427,-86.51913
2007,11,6,Weekday,1500,2-Car,No injury/unknown,FOLLOWING TOO CLOSELY,3RD ST & HILLSDALE,39.16427,-86.50265
2007,11,6,Weekday,1500,2-Car,No injury/unknown,FOLLOWING TOO CLOSELY,3RD ST & HILLSDALE,39.16427,-86.50265
2007,11,3,Weekday,1300,2-Car,Non-incapacitating,FAILURE TO YIELD RIGHT OF WAY,BALLANTINE & EAST 3RD ST,39.16427,-86.51913649
2007,12,2,Weekday,1800,2-Car,No injury/unknown,FAILURE TO YIELD RIGHT OF WAY,3RD ST & WOODSCREST,39.16427,-86.50243163
2007,12,2,Weekday,1800,2-Car,No injury/unknown,FAILURE TO YIELD RIGHT OF WAY,3RD ST & WOODSCREST,39.16427,-86.50243163
2007,12,5,Weekday,1300,2-Car,No injury/unknown,DRIVER DISTRACTED - EXPLAIN IN NARRATIVE,EAST THIRD ST & EASTSIDE,39.16427,-86.51321
2007,3,4,Weekday,1800,2-Car,No injury/unknown,UNSAFE BACKING,E 3RD ST,39.16426688,-86.50099392
2007,11,4,Weekday,1700,2-Car,No injury/unknown,UNSAFE BACKING,E 3RD ST,39.16426688,-86.50099392
2007,10,2,Weekday,1700,3+ Cars,No injury/unknown,OTHER (DRIVER) - EXPLAIN IN NARRATIVE,3RD ST & OVERHILL,39.16426652,-86.50095883
2007,4,5,Weekday,1600,Pedestrian,Non-incapacitating,OTHER (DRIVER) - EXPLAIN IN NARRATIVE,ROOSEVELT & SR46E,39.16426158,-86.50601643
2007,4,5,Weekday,1500,2-Car,No injury/unknown,OTHER (DRIVER) - EXPLAIN IN NARRATIVE,E 3RD ST,39.16426112,-86.50043808
2007,5,3,Weekday,1500,2-Car,No injury/unknown,UNSAFE BACKING,E 3RD ST,39.16426112,-86.50043808
2007,11,5,Weekday,1000,2-Car,No injury/unknown,UNSAFE BACKING,E 3RD ST,39.16426112,-86.50043808
2007,7,4,Weekday,1600,2-Car,No injury/unknown,UNSAFE BACKING,E 3RD ST,39.16426036,-86.50920582
2007,9,5,Weekday,1100,2-Car,No injury/unknown,IMPROPER LANE USAGE,3RD ST & JORDAN,39.16426,-86.5164
2007,9,3,Weekday,900,Cyclist,Non-incapacitating,PEDESTRIAN ACTION,EAST THIRD ST & SOUTH JORDAN,39.16426,-86.5164
2007,10,2,Weekday,1400,2-Car,No injury/unknown,FOLLOWING TOO CLOSELY,3RD ST & JORDAN,39.16426,-86.5164
2007,11,6,Weekend,2300,2-Car,No injury/unknown,IMPROPER TURNING,JORDAN & THIRD ST,39.16426,-86.5164
2007,11,2,Weekday,1900,Pedestrian,Non-incapacitating,OTHER (DRIVER) - EXPLAIN IN NARRATIVE,JORDAN AVE & THIRD,39.16426,-86.5164
2007,11,1,Weekend,1800,2-Car,No injury/unknown,FAILURE TO YIELD RIGHT OF WAY,JORDAN & THIRD ST,39.16426,-86.5164
2007,11,1,Weekday,1900,2-Car,No injury/unknown,WRONG WAY ON ONE WAY,JORDAN & THIRD ST,39.16426,-86.5164
2007,12,4,Weekday,1200,2-Car,No injury/unknown,FOLLOWING TOO CLOSELY,EAST THIRD ST & JORDAN,39.16426,-86.51638962
2007,12,2,Weekday,1500,2-Car,No injury/unknown,FAILURE TO YIELD RIGHT OF WAY,E 3RD & S JORDAN AVE,39.16426,-86.5164
2007,12,3,Weekday,1000,2-Car,Non-incapacitating,DISREGARD SIGNAL/REG SIGN,EAST 3RD ST & JORDAN,39.16426,-86.5164
2007,9,2,Weekday,1400,2-Car,Non-incapacitating,DRIVER DISTRACTED - EXPLAIN IN NARRATIVE,1210 EAST 3RD ST & JORDAN,39.16425006,-86.51640864
2007,11,5,Weekday,2300,2-Car,No injury/unknown,NONE (DRIVER),1400 E THIRD ST & JORDAN,39.16425006,-86.51642161
2007,8,5,Weekday,2000,2-Car,No injury/unknown,FOLLOWING TOO CLOSELY,E 3RD ST & HAWTHORNE,39.16425,-86.52009
2007,9,7,Weekend,1900,2-Car,No injury/unknown,FOLLOWING TOO CLOSELY,3RD & MITCHELL ST,39.16425,-86.51423
2007,9,2,Weekday,1300,2-Car,No injury/unknown,IMPROPER TURNING,EAST THIRD ST & SWAIN,39.16425,-86.51526
2007,9,1,Weekend,1700,2-Car,No injury/unknown,IMPROPER TURNING,SWAIN & THIRD ST,39.16425,-86.51526
2007,10,3,Weekday,700,2-Car,No injury/unknown,IMPROPER TURNING,3RD ST & SWAIN,39.16425,-86.51526
2007,10,5,Weekday,1500,2-Car,No injury/unknown,FAILURE TO YIELD RIGHT OF WAY,E THIRD ST,39.16425,-86.499608
2007,10,6,Weekday,1500,Bus,No injury/unknown,FOLLOWING TOO CLOSELY,MITCHELL & THIRD ST,39.16425,-86.51423
2007,10,1,Weekend,1000,2-Car,No injury/unknown,UNSAFE BACKING,EAST THIRD & WOODLAWN AVE,39.16425,-86.52259404
2007,11,6,Weekend,2100,2-Car,No injury/unknown,IMPROPER LANE USAGE,3RD ST & SWAIN,39.16425,-86.51526
2007,11,6,Weekend,2000,2-Car,No injury/unknown,IMPROPER LANE USAGE,3RD ST & SWAIN,39.16425,-86.51526