Year,Month,Day,Weekend?,Hour,Collision Type,Injury Type,Primary Factor,Reported_Location,Latitude,Longitude
2007,11,2,Weekday,1800,2-Car,No injury/unknown,IMPROPER LANE USAGE,EAST THIRD ST & SWAIN,39.16425,-86.51526
2007,12,1,Weekend,1100,2-Car,No injury/unknown,FAILURE TO YIELD RIGHT OF WAY,EAST 3RD ST,39.16425,-86.499608
2007,12,5,Weekday,2300,2-Car,No injury/unknown,IMPROPER LANE USAGE,SWAIN & THIRD ST,39.16425,-86.51526
2007,2,3,Weekday,2300,2-Car,No injury/unknown,IMPROPER TURNING,3RD ST & HIGHLAND,39.16424664,-86.51771252
2007,4,6,Weekday,1700,2-Car,Non-incapacitating,ANIMAL/OBJECT IN ROADWAY,HIGHLAND & THIRD ST,39.16424664,-86.51771252
2007,8,5,Weekday,1100,2-Car,No injury/unknown,FAILURE TO YIELD RIGHT OF WAY,HIGHLAND & THIRD ST,39.16424664,-86.51771252
2007,8,5,Weekday,1600,Moped/Motorcycle,Non-incapacitating,IMPROPER LANE USAGE,E 3RD ST & HIGHLAND,39.16424664,-86.51771252
2007,9,4,Weekday,900,2-Car,No injury/unknown,DRIVER DISTRACTED - EXPLAIN IN NARRATIVE,HIGHLAND & THIRD ST,39.16424664,-86.51772031
2007,9,6,Weekday,1000,2-Car,No injury/unknown,VIEW OBSTRUCTED,3RD & HIGHLAND AVE,39.16424664,-86.51771252
2007,11,2,Weekday,1900,2-Car,No injury/unknown,FOLLOWING TOO CLOSELY,3RD ST & HIGHLAND,39.16424664,-86.51771901
2007,12,2,Weekday,1700,2-Car,Non-incapacitating,IMPROPER TURNING,E 3RD ST & HIGHLAND,39.16424664,-86.51771252
2007,2,3,Weekday,1100,2-Car,No injury/unknown,OTHER (DRIVER) - EXPLAIN IN NARRATIVE,EAST 3RD ST,39.164246,-86.502002
2007,4,4,Weekday,1300,2-Car,No injury/unknown,FAILURE TO YIELD RIGHT OF WAY,3RD ST & COLLEGE MALL,39.16424366,-86.49875278
2007,12,7,Weekend,1300,2-Car,No injury/unknown,FOLLOWING TOO CLOSELY,3RD ST & COLLEGE MALL,39.16424366,-86.49875278
2007,4,2,Weekday,1600,2-Car,No injury/unknown,FAILURE TO YIELD RIGHT OF WAY,PETE ELLIS & SR46E,39.16424,-86.49455879
2007,5,1,Weekend,1500,2-Car,No injury/unknown,FOLLOWING TOO CLOSELY,3RD ST & KINGSTON,39.16424,-86.49347321
2007,4,1,Weekend,1500,3+ Cars,No injury/unknown,FOLLOWING TOO CLOSELY,KINGSTON & SR46E,39.16424,-86.49320861
2007,2,6,Weekend,2100,2-Car,No injury/unknown,DRIVER DISTRACTED - EXPLAIN IN NARRATIVE,3RD ST & MORNINGSIDE,39.16424,-86.47383712
2007,9,7,Weekend,1800,2-Car,No injury/unknown,FOLLOWING TOO CLOSELY,SMITH & SR46E,39.16424,-86.48033519
2007,1,3,Weekday,1900,3+ Cars,Non-incapacitating,ILLEGAL DRUGS,PETE ELLIS & SR46E,39.16424,-86.495088
2007,1,5,Weekday,2000,2-Car,No injury/unknown,DISREGARD SIGNAL/REG SIGN,3RD ST & PETE ELLIS,39.16424,-86.495088
2007,1,6,Weekday,1100,2-Car,No injury/unknown,UNSAFE BACKING,E 3RD ST,39.16424,-86.49406114
2007,1,5,Weekday,1200,2-Car,No injury/unknown,OTHER (DRIVER) - EXPLAIN IN NARRATIVE,E 3RD ST,39.16424,-86.49250645
2007,1,6,Weekend,2100,2-Car,No injury/unknown,FAILURE TO YIELD RIGHT OF WAY,3RD ST & SMITH,39.16424,-86.480688
2007,1,2,Weekday,1300,2-Car,No injury/unknown,OTHER (DRIVER) - EXPLAIN IN NARRATIVE,E 3RD ST,39.16424,-86.4984
2007,1,1,Weekend,0,2-Car,No injury/unknown,DISREGARD SIGNAL/REG SIGN,COLLEGE MALL & E 3RD ST,39.16424,-86.4984
2007,1,7,Weekend,1400,2-Car,No injury/unknown,UNSAFE BACKING,E 3RD ST,39.16424,-86.49406114
2007,1,1,Weekend,1500,2-Car,No injury/unknown,FAILURE TO YIELD RIGHT OF WAY,COLLEGE MALL RD & E 3RD,39.16424,-86.4984
2007,1,4,Weekday,2300,2-Car,No injury/unknown,IMPROPER TURNING,COLLEGE MALL & THIRD ST,39.16424,-86.4984
2007,2,5,Weekday,1800,2-Car,No injury/unknown,UNSAFE BACKING,S COLLEGE MALL RD,39.16424,-86.4984
2007,2,2,Weekday,1700,2-Car,No injury/unknown,OTHER (DRIVER) - EXPLAIN IN NARRATIVE,E 3RD ST,39.16424,-86.49494053
2007,2,7,Weekend,1600,3+ Cars,Non-incapacitating,FOLLOWING TOO CLOSELY,PETE ELLIS & SR46E,39.16424,-86.495088
2007,2,5,Weekday,2000,2-Car,No injury/unknown,FAILURE TO YIELD RIGHT OF WAY,COLLEGE MALL & E 3RD ST,39.16424,-86.4984
2007,2,1,Weekday,2000,2-Car,No injury/unknown,DISREGARD SIGNAL/REG SIGN,PETE ELLIS & SR46E,39.16424,-86.495088
2007,3,5,Weekday,1200,2-Car,Non-incapacitating,DISREGARD SIGNAL/REG SIGN,300 SOUTH COLLEGE MALL RD & EAST 3RD,39.16424,-86.4984
2007,3,4,Weekday,1400,1-Car,No injury/unknown,OTHER (DRIVER) - EXPLAIN IN NARRATIVE,E 3RD ST,39.16424,-86.51605714
2007,3,4,Weekday,1400,2-Car,No injury/unknown,FAILURE TO YIELD RIGHT OF WAY,CLARIZZ & E 3RD ST,39.16424,-86.4908
2007,3,2,Weekday,900,Bus,Non-incapacitating,DISREGARD SIGNAL/REG SIGN,KINGSTON & SR46E,39.16424,-86.492944
2007,4,7,Weekend,1600,2-Car,No injury/unknown,OTHER (DRIVER) - EXPLAIN IN NARRATIVE,3RD ST & COLLEGE MALL,39.16424,-86.4984
2007,4,7,Weekend,900,2-Car,No injury/unknown,FAILURE TO YIELD RIGHT OF WAY,COLLEGE MALL RD & NORTH COLLEGE MALL ENTRANCE,39.16424,-86.4984
2007,4,1,Weekend,700,Cyclist,Incapacitating,FAILURE TO YIELD RIGHT OF WAY,E 3RD ST & MORNINGSIDE,39.16424,-86.473696
2007,5,3,Weekday,2200,Bus,No injury/unknown,IMPROPER LANE USAGE,3RD ST & COLLEGE MALL,39.16424,-86.4984
2007,5,4,Weekday,1700,2-Car,Non-incapacitating,FAILURE TO YIELD RIGHT OF WAY,EAST 3RD ST & KINGSTON,39.16424,-86.492944
2007,5,2,Weekday,1800,2-Car,No injury/unknown,OTHER (DRIVER) - EXPLAIN IN NARRATIVE,E 3RD ST,39.16424,-86.49425989
2007,5,2,Weekday,1500,Moped/Motorcycle,Incapacitating,OTHER (DRIVER) - EXPLAIN IN NARRATIVE,CLARIZZ & SR46E,39.16424,-86.4908
2007,5,4,Weekday,1400,3+ Cars,Non-incapacitating,FOLLOWING TOO CLOSELY,SMITH & SR46E,39.16424,-86.480688
2007,5,2,Weekday,1500,2-Car,No injury/unknown,OTHER (DRIVER) - EXPLAIN IN NARRATIVE,EAST THIRD ST & KINGSTON,39.16424,-86.492944
2007,5,6,Weekday,1800,2-Car,Non-incapacitating,DISREGARD SIGNAL/REG SIGN,KINGSTON & SR46E,39.16424,-86.492944
2007,5,7,Weekend,1200,Moped/Motorcycle,Non-incapacitating,FOLLOWING TOO CLOSELY,E 3RD ST & MORNINGSIDE,39.16424,-86.473696
2007,5,1,Weekend,900,2-Car,Non-incapacitating,FOLLOWING TOO CLOSELY,COLLEGE MALL & E 3RD ST,39.16424,-86.4984
2007,5,6,Weekday,800,Cyclist,Non-incapacitating,DRIVER DISTRACTED - EXPLAIN IN NARRATIVE,3RD & COLLEGE MALL RD,39.16424,-86.4984
2007,5,3,Weekday,2200,1-Car,No injury/unknown,OTHER (DRIVER) - EXPLAIN IN NARRATIVE,E 3RD ST,39.16424,-86.4939483
2007,6,2,Weekday,1200,2-Car,Non-incapacitating,FAILURE TO YIELD RIGHT OF WAY,SMITH RD & SR46E,39.16424,-86.480688
2007,6,2,Weekday,1300,3+ Cars,No injury/unknown,DRIVER DISTRACTED - EXPLAIN IN NARRATIVE,E 3RD ST & S COLLEGE MALL,39.16424,-86.4984
2007,6,7,Weekend,2200,2-Car,No injury/unknown,UNSAFE BACKING,E 3RD ST,39.16424,-86.47599804
2007,6,5,Weekday,1100,2-Car,No injury/unknown,UNSAFE BACKING,COLLEGE MALL & EAST THIRD ST,39.16424,-86.4984
2007,6,2,Weekday,1700,2-Car,No injury/unknown,FOLLOWING TOO CLOSELY,PETE ELLIS & SR46E,39.16424,-86.495088
2007,6,3,Weekday,1500,2-Car,No injury/unknown,FAILURE TO YIELD RIGHT OF WAY,W 3RD ST,39.16424,-86.48434743
2007,6,3,Weekday,1600,2-Car,No injury/unknown,OTHER (DRIVER) - EXPLAIN IN NARRATIVE,EAST 3RD ST & PETE ELLIS,39.16424,-86.495088
2007,6,7,Weekend,500,1-Car,No injury/unknown,ANIMAL/OBJECT IN ROADWAY,SMITH & THIRD ST,39.16424,-86.480688
2007,6,4,Weekday,1500,2-Car,No injury/unknown,FOLLOWING TOO CLOSELY,3RD ST & KINGSTON,39.16424,-86.492944
2007,7,1,Weekend,1200,2-Car,No injury/unknown,UNSAFE BACKING,W 3RD ST,39.16424,-86.48244996
2007,7,3,Weekday,1300,2-Car,No injury/unknown,FOLLOWING TOO CLOSELY,COLLEGE MALL & SR46,39.16424,-86.4984
2007,7,6,Weekday,1400,2-Car,No injury/unknown,FAILURE TO YIELD RIGHT OF WAY,3RD ST & HIGHLAND,39.16424,-86.5176
2007,7,1,Weekday,2100,2-Car,Non-incapacitating,DISREGARD SIGNAL/REG SIGN,KINGSTON & SR46E,39.16424,-86.492944
2007,7,1,Weekday,2100,2-Car,No injury/unknown,FAILURE TO YIELD RIGHT OF WAY,3RD ST & COLLEGE MALL,39.16424,-86.4984
2007,7,6,Weekday,1800,Cyclist,No injury/unknown,FAILURE TO YIELD RIGHT OF WAY,PARK RIDGE & SR46E,39.16424,-86.476096
2007,7,7,Weekend,1300,2-Car,No injury/unknown,FOLLOWING TOO CLOSELY,KINGSTON & SR46E,39.16424,-86.492944
2007,7,7,Weekend,1800,2-Car,Non-incapacitating,FAILURE TO YIELD RIGHT OF WAY,E 3RD ST,39.16424,-86.49259396
2007,8,6,Weekend,1900,2-Car,No injury/unknown,FAILURE TO YIELD RIGHT OF WAY,COLLEGE MALL & THIRD ST,39.16424,-86.4984
2007,8,1,Weekend,1800,Cyclist,Non-incapacitating,FAILURE TO YIELD RIGHT OF WAY,MORNINGSIDE & SR46,39.16424,-86.473696
2007,8,4,Weekday,1200,2-Car,Non-incapacitating,FAILURE TO YIELD RIGHT OF WAY,E 3RD ST,39.16424,-86.49259396
2007,8,6,Weekday,1500,2-Car,No injury/unknown,UNSAFE BACKING,E 3RD ST,39.16424,-86.49425989
2007,8,1,Weekend,0,2-Car,Non-incapacitating,FAILURE TO YIELD RIGHT OF WAY,PARK RIDGE & THIRD ST,39.16424,-86.476096
2007,8,1,Weekend,1000,1-Car,No injury/unknown,RAN OFF ROAD RIGHT,E 3RD ST,39.16424,-86.48423771
2007,9,1,Weekend,1400,2-Car,No injury/unknown,FOLLOWING TOO CLOSELY,KINGSTON & THIRD ST,39.16424,-86.492944
2007,9,3,Weekday,1700,2-Car,Non-incapacitating,DRIVER DISTRACTED - EXPLAIN IN NARRATIVE,3RD & SMITH RD,39.16424,-86.480688
2007,9,5,Weekday,1000,2-Car,Non-incapacitating,OTHER (DRIVER) - EXPLAIN IN NARRATIVE,E 3RD ST & KINGSTON,39.16424,-86.492944
2007,9,6,Weekday,800,2-Car,No injury/unknown,IMPROPER TURNING,E 3RD & S PETE ELLIS ST,39.16424,-86.495088
2007,9,3,Weekday,1200,2-Car,No injury/unknown,OTHER (DRIVER) - EXPLAIN IN NARRATIVE,COLLEGE MALL & E 3RD ST,39.16424,-86.4984
2007,9,4,Weekday,1100,2-Car,No injury/unknown,FAILURE TO YIELD RIGHT OF WAY,EAST 3RD ST & KINGSTON,39.16424,-86.492944
2007,9,3,Weekday,1700,2-Car,No injury/unknown,ROADWAY SURFACE CONDITION,SMITH & THIRD ST,39.16424,-86.480688
2007,9,2,Weekday,1700,2-Car,No injury/unknown,OTHER (DRIVER) - EXPLAIN IN NARRATIVE,E 3RD ST,39.16424,-86.47599804
2007,10,2,Weekday,1900,2-Car,No injury/unknown,OTHER (DRIVER) - EXPLAIN IN NARRATIVE,3RD ST & COLLEGE MALL,39.16424,-86.4984
2007,10,4,Weekday,1300,2-Car,No injury/unknown,FAILURE TO YIELD RIGHT OF WAY,EAST THIRD ST & PETE ELLIS,39.16424,-86.495088
2007,10,7,Weekend,300,2-Car,No injury/unknown,UNSAFE BACKING,300 S COLLEGE MALL RDS & 3RD,39.16424,-86.4984
2007,10,7,Weekend,2200,2-Car,No injury/unknown,FAILURE TO YIELD RIGHT OF WAY,E 3RD ST & S COLLEGE MALL,39.16424,-86.4984
2007,10,4,Weekday,1800,2-Car,No injury/unknown,IMPROPER PASSING,E 3RD & S PETE ELLIS DR,39.16424,-86.495088
2007,10,5,Weekday,1800,2-Car,No injury/unknown,FOLLOWING TOO CLOSELY,3RD & PETE ELLIS DR,39.16424,-86.495088
2007,10,7,Weekend,1300,2-Car,Non-incapacitating,OTHER (DRIVER) - EXPLAIN IN NARRATIVE,SMITH RD & SR46E,39.16424,-86.480688
2007,11,7,Weekend,1900,2-Car,Non-incapacitating,FOLLOWING TOO CLOSELY,E 3RD ST & PETE ELLIS,39.16424,-86.495088
2007,11,1,Weekend,1800,2-Car,No injury/unknown,ALCOHOLIC BEVERAGES,PETE ELLIS & SR46E,39.16424,-86.495088
2007,11,3,Weekday,1800,2-Car,No injury/unknown,FAILURE TO YIELD RIGHT OF WAY,PARK RIDGE & SR46E,39.16424,-86.476096
2007,11,5,Weekday,1900,2-Car,Non-incapacitating,FOLLOWING TOO CLOSELY,COLLEGE MALL & E 3RD ST,39.16424,-86.4984
2007,11,6,Weekday,1200,2-Car,No injury/unknown,FAILURE TO YIELD RIGHT OF WAY,3RD & PETE ELLIS DR,39.16424,-86.495088
2007,12,5,Weekday,1900,2-Car,Non-incapacitating,FAILURE TO YIELD RIGHT OF WAY,E 3RD ST & S COLLEGE MALL,39.16424,-86.4984
2007,12,5,Weekday,900,2-Car,No injury/unknown,DISREGARD SIGNAL/REG SIGN,E 3RD ST & SO SMITH,39.16424,-86.480688
2007,12,6,Weekday,1400,3+ Cars,No injury/unknown,OTHER (DRIVER) - EXPLAIN IN NARRATIVE,COLLEGE MALL & S COLLEGE MALL RD,39.16424,-86.4984
2007,12,1,Weekend,1500,2-Car,No injury/unknown,OTHER (DRIVER) - EXPLAIN IN NARRATIVE,E THIRD ST,39.16424,-86.498269
2007,12,1,Weekend,1500,2-Car,No injury/unknown,OTHER (DRIVER) - EXPLAIN IN NARRATIVE,EAST THIRD ST,39.16424,-86.498269
2007,12,2,Weekday,500,2-Car,No injury/unknown,DRIVER DISTRACTED - EXPLAIN IN NARRATIVE,EAST 3RD ST,39.16424,-86.498269
2007,12,6,Weekend,2300,2-Car,No injury/unknown,OTHER (DRIVER) - EXPLAIN IN NARRATIVE,SOUTH COLLEGE MALL RD,39.16424,-86.498269
2007,12,4,Weekday,1400,2-Car,No injury/unknown,IMPROPER PASSING,E 3RD ST,39.16424,-86.492944
2007,12,7,Weekend,200,1-Car,No injury/unknown,ANIMAL/OBJECT IN ROADWAY,SMITHVILLE & SR37S,39.16424,-86.480688
2007,12,4,Weekday,1900,2-Car,No injury/unknown,OTHER (DRIVER) - EXPLAIN IN NARRATIVE,EAST 3RD ST & SMITH,39.16424,-86.480688
2007,12,5,Weekday,1500,2-Car,No injury/unknown,OTHER (DRIVER) - EXPLAIN IN NARRATIVE,E 3RD ST,39.16424,-86.49425989
2007,3,5,Weekday,1100,2-Car,No injury/unknown,OTHER (DRIVER) - EXPLAIN IN NARRATIVE,E 3RD ST,39.1642393,-86.49515826
2007,4,2,Weekday,1100,2-Car,No injury/unknown,OTHER (DRIVER) - EXPLAIN IN NARRATIVE,E 3RD ST,39.1642393,-86.49515826
2007,11,6,Weekday,1600,2-Car,Non-incapacitating,DRIVER DISTRACTED - EXPLAIN IN NARRATIVE,E 3RD ST,39.1642393,-86.49515826
2007,10,6,Weekend,1900,2-Car,No injury/unknown,FAILURE TO YIELD RIGHT OF WAY,E 3RD ST,39.16423902,-86.49829616
2007,5,2,Weekday,2000,2-Car,No injury/unknown,UNSAFE BACKING,E 3RD ST,39.16423861,-86.49522852
2007,6,3,Weekday,1600,2-Car,No injury/unknown,UNSAFE BACKING,E 3RD ST,39.16423861,-86.49522852
2007,11,2,Weekday,1500,2-Car,No injury/unknown,UNSAFE BACKING,E 3RD ST,39.16423861,-86.49522852
2007,1,3,Weekday,900,2-Car,No injury/unknown,DRIVER DISTRACTED - EXPLAIN IN NARRATIVE,COLLEGE MALL & SR46E,39.16423834,-86.49822361
2007,4,7,Weekend,1700,2-Car,No injury/unknown,UNSAFE BACKING,E 3RD ST,39.16423674,-86.49805388
2007,8,6,Weekday,1400,2-Car,No injury/unknown,UNSAFE BACKING,E 3RD ST,39.16423674,-86.49805388
2007,12,4,Weekday,2100,2-Car,No injury/unknown,OTHER (DRIVER) - EXPLAIN IN NARRATIVE,E 3RD ST,39.16423674,-86.49805388
2007,6,4,Weekday,1400,2-Car,No injury/unknown,FAILURE TO YIELD RIGHT OF WAY,3RD ST & COLLEGE MALL,39.16423667,-86.49804722
2007,2,4,Weekday,1000,2-Car,No injury/unknown,FAILURE TO YIELD RIGHT OF WAY,EAST THIRD & SR46E,39.16422957,-86.47208686
2007,6,6,Weekday,1700,3+ Cars,Non-incapacitating,DRIVER DISTRACTED - EXPLAIN IN NARRATIVE,SR46E & STATE ROAD 46,39.16422957,-86.47208686
2007,9,5,Weekday,1400,2-Car,No injury/unknown,FAILURE TO YIELD RIGHT OF WAY,PARKRIDGE & SR46E,39.16422615,-86.47630108
2007,7,1,Weekend,1400,2-Car,No injury/unknown,FAILURE TO YIELD RIGHT OF WAY,E 3RD ST,39.164224,-86.496704
2007,12,7,Weekend,1200,2-Car,No injury/unknown,FAILURE TO YIELD RIGHT OF WAY,EAST 3RD ST,39.164221,-86.496581
2007,9,4,Weekday,800,2-Car,No injury/unknown,FAILURE TO YIELD RIGHT OF WAY,E 3RD ST & WILLIAMSBURG,39.16422,-86.49656945
2007,10,2,Weekday,2000,2-Car,No injury/unknown,LEFT OF CENTER,3RD & WILLIAMSBURG DR,39.16422,-86.49658
2007,10,2,Weekday,1100,1-Car,No injury/unknown,DRIVER ILLNESS,EAST THIRD ST,39.16422,-86.496559
2007,12,7,Weekend,1500,2-Car,No injury/unknown,OTHER (DRIVER) - EXPLAIN IN NARRATIVE,3RD ST & WILLIAMSBURG,39.16422,-86.49658865
2007,12,6,Weekend,2100,2-Car,No injury/unknown,FAILURE TO YIELD RIGHT OF WAY,EAST 3RD ST,39.164214,-86.495275
2007,9,2,Weekday,1400,2-Car,No injury/unknown,UNSAFE BACKING,EAST THIRD ST,39.16421,-86.493962
2007,10,2,Weekday,800,1-Car,No injury/unknown,BRAKE FAILURE OR DEFECTIVE,E 3RD ST,39.16421,-86.492262
2007,11,1,Weekend,1000,2-Car,No injury/unknown,FAILURE TO YIELD RIGHT OF WAY,EAST 3RD ST,39.16421,-86.493962
2007,12,2,Weekday,900,2-Car,No injury/unknown,UNSAFE BACKING,EAST 3RD ST,39.16421,-86.493712
2007,12,7,Weekend,0,2-Car,No injury/unknown,OTHER (DRIVER) - EXPLAIN IN NARRATIVE,EAST THIRD ST,39.16421,-86.481219
2007,12,3,Weekday,1000,2-Car,No injury/unknown,OTHER (DRIVER) - EXPLAIN IN NARRATIVE,EAST THIRD ST,39.16421,-86.49446
2007,6,6,Weekday,1500,2-Car,No injury/unknown,UNSAFE BACKING,EAST THIRD ST,39.164201,-86.497801
2007,2,2,Weekday,1900,2-Car,No injury/unknown,UNSAFE BACKING,E THIRD ST,39.1642,-86.497799
2007,2,6,Weekday,1000,1-Car,No injury/unknown,SPEED TOO FAST FOR WEATHER CONDITIONS,EAST THIRD STREET ST,39.1642,-86.496405
2007,3,5,Weekday,1400,2-Car,No injury/unknown,OTHER (DRIVER) - EXPLAIN IN NARRATIVE,E THIRD ST,39.1642,-86.49508
2007,3,5,Weekday,1200,2-Car,Non-incapacitating,OTHER (DRIVER) - EXPLAIN IN NARRATIVE,2817 E 3RD ST,39.1642,-86.496324
2007,3,1,Weekend,1700,2-Car,No injury/unknown,OTHER (DRIVER) - EXPLAIN IN NARRATIVE,E THIRD ST,39.1642,-86.492148
2007,3,3,Weekday,1800,2-Car,No injury/unknown,,EAST 3RD ST,39.1642,-86.496389
2007,4,4,Weekday,1300,2-Car,No injury/unknown,UNSAFE BACKING,3021 E THIRD ST,39.1642,-86.493783
2007,4,6,Weekday,1400,2-Car,No injury/unknown,FAILURE TO YIELD RIGHT OF WAY,EAST 3RD ST,39.1642,-86.500379
2007,5,2,Weekday,1300,2-Car,No injury/unknown,UNSAFE BACKING,EAST 3RD ST,39.1642,-86.500379
2007,5,2,Weekday,800,2-Car,Non-incapacitating,FAILURE TO YIELD RIGHT OF WAY,E 3RD ST & REISNER,39.1642,-86.48852495
2007,6,3,Weekday,1800,2-Car,Non-incapacitating,FAILURE TO YIELD RIGHT OF WAY,COLLEGEMALL & E 3RD ST,39.1642,-86.49938603
2007,6,4,Weekday,1600,1-Car,No injury/unknown,UNSAFE BACKING,EAST 3RD ST,39.1642,-86.501132
2007,6,7,Weekend,1000,2-Car,No injury/unknown,UNSAFE BACKING,E THIRD ST,39.1642,-86.494336
2007,7,2,Weekday,0,2-Car,No injury/unknown,OTHER (DRIVER) - EXPLAIN IN NARRATIVE,EAST 3RD ST,39.1642,-86.481199
2007,6,7,Weekend,1700,2-Car,No injury/unknown,ALCOHOLIC BEVERAGES,EAST THIRD ST,39.1642,-86.491689
2007,7,3,Weekday,1200,1-Car,No injury/unknown,UNSAFE BACKING,THIRD ST,39.1642,-86.490653
2007,7,1,Weekend,1500,2-Car,No injury/unknown,OTHER (DRIVER) - EXPLAIN IN NARRATIVE,EAST THIRD ST,39.1642,-86.496324
2007,9,7,Weekend,1500,2-Car,No injury/unknown,OTHER (VEHICLE) - EXPLAIN IN NARRATIVE,EAST 3RD ST,39.1642,-86.494336
2007,12,5,Weekday,1800,2-Car,No injury/unknown,FAILURE TO YIELD RIGHT OF WAY,SR46E & WILLIAMSBURG,39.1641681,-86.49494067
2007,7,2,Weekday,1200,1-Car,No injury/unknown,OTHER (DRIVER) - EXPLAIN IN NARRATIVE,SOUTH WALNUT ST,39.16412,-86.533599
2007,5,6,Weekday,1500,2-Car,No injury/unknown,FAILURE TO YIELD RIGHT OF WAY,ATWATER AVE & HENDERSON,39.1641,-86.528199
2007,8,5,Weekday,800,2-Car,No injury/unknown,DISREGARD SIGNAL/REG SIGN,ATWATER AVE & HENDERSON,39.1641,-86.528199
2007,8,3,Weekday,1000,2-Car,No injury/unknown,DISREGARD SIGNAL/REG SIGN,ATWATER AVE & HENDERSON,39.1641,-86.528199
2007,8,4,Weekday,1400,2-Car,No injury/unknown,OTHER (DRIVER) - EXPLAIN IN NARRATIVE,ATWATER ST & HENDERSON,39.1641,-86.528199
2007,8,1,Weekend,1500,2-Car,No injury/unknown,FAILURE TO YIELD RIGHT OF WAY,ATWATER AVE & HENDERSON,39.1641,-86.528199
2007,10,4,Weekday,1200,1-Car,No injury/unknown,UNSAFE BACKING,SOUTH WALNUT ST,39.164088,-86.533629
2007,2,6,Weekday,100,2-Car,No injury/unknown,OTHER (DRIVER) - EXPLAIN IN NARRATIVE,OARD & SR48W,39.16400931,-86.62335763
2007,12,4,Weekday,1300,2-Car,No injury/unknown,UNSAFE BACKING,S LANDMARK AVE,39.16400759,-86.5562826
2007,11,4,Weekday,800,2-Car,No injury/unknown,FAILURE TO YIELD RIGHT OF WAY,COLLEGE MALL RD & EAST 3RD,39.16396927,-86.49834057
2007,8,5,Weekday,1600,2-Car,No injury/unknown,FAILURE TO YIELD RIGHT OF WAY,3RD & KINGSTON DR,39.16396575,-86.49296313
2007,12,1,Weekend,1300,1-Car,No injury/unknown,OTHER (DRIVER) - EXPLAIN IN NARRATIVE,SOUTH COLLEGE MALL RD,39.163961,-86.498218
2007,3,1,Weekend,1300,2-Car,No injury/unknown,UNSAFE BACKING,S COLLEGE MALL RD,39.163934,-86.498255
2007,1,1,Weekend,300,1-Car,Incapacitating,OVERCORRECTING/OVERSTEERING,GARRSON CHAPEL & SR48W,39.16377142,-86.64091963
2007,5,5,Weekday,1100,2-Car,No injury/unknown,UNSAFE BACKING,S LANDMARK AVE,39.16374463,-86.5562826
2007,5,3,Weekday,1300,3+ Cars,No injury/unknown,OTHER (VEHICLE) - EXPLAIN IN NARRATIVE,SOUTH LANDMARK AVE,39.16374463,-86.5562826
2007,11,4,Weekday,700,2-Car,Non-incapacitating,FOLLOWING TOO CLOSELY,PROSPECT & ROGERS ST,39.16373,-86.53866
2007,5,2,Weekday,1100,2-Car,No injury/unknown,UNSAFE BACKING,S LANDMARK AVE,39.16367974,-86.5562826
2007,9,1,Weekend,1000,1-Car,Non-incapacitating,RAN OFF ROAD RIGHT,CAVE ROAD & SR48W,39.16366451,-86.62563787
2007,12,7,Weekend,600,1-Car,No injury/unknown,ANIMAL/OBJECT IN ROADWAY,BENDER & SR46E,39.163648,-86.438
2007,5,3,Weekday,1500,Moped/Motorcycle,Non-incapacitating,FOLLOWING TOO CLOSELY,BENDER & SR46E,39.16364217,-86.43828413
2007,5,4,Weekday,1400,1-Car,No injury/unknown,DRIVER DISTRACTED - EXPLAIN IN NARRATIVE,FRIENDSHIP & SR46E,39.16363907,-86.41932875
2007,2,1,Weekday,2300,1-Car,Non-incapacitating,CELL PHONE USAGE,GETTYS CREEK & SR46E,39.16359293,-86.42313136
2007,9,7,Weekend,600,1-Car,No injury/unknown,ANIMAL/OBJECT IN ROADWAY,SR46E & TWINLEAF,39.1635568,-86.44429257
2007,1,7,Weekend,1300,2-Car,Non-incapacitating,IMPROPER TURNING,GARRISON CHAPEL & SR48W,39.163552,-86.649696
2007,6,3,Weekday,1100,2-Car,No injury/unknown,IMPROPER TURNING,BELLE & CURRY PIKE,39.163552,-86.582896
2007,5,6,Weekday,1400,3+ Cars,Non-incapacitating,OTHER (DRIVER) - EXPLAIN IN NARRATIVE,BELLE AVE & VILLAGE,39.16351351,-86.58449588
2007,5,7,Weekend,1900,1-Car,No injury/unknown,STEERING FAILURE,ADAMS & PATTERSON DR,39.1635,-86.551199
2007,1,5,Weekday,2000,2-Car,No injury/unknown,FAILURE TO YIELD RIGHT OF WAY,3RD ST & PATTERSON,39.16346117,-86.5512146
2007,2,7,Weekend,1200,2-Car,No injury/unknown,UNSAFE SPEED,3RD ST & PATTERSON,39.16346117,-86.5512146
2007,8,2,Weekday,900,2-Car,No injury/unknown,UNSAFE BACKING,PATTERSON & WEST 3RD ST,39.16346117,-86.55121027
2007,8,2,Weekday,1700,2-Car,No injury/unknown,FOLLOWING TOO CLOSELY,PATTERSON & W 3RD ST,39.16346117,-86.5512146
2007,8,6,Weekday,1600,2-Car,No injury/unknown,DRIVER DISTRACTED - EXPLAIN IN NARRATIVE,3RD ST & PATTERSON,39.16346117,-86.55119729
2007,12,4,Weekday,2000,2-Car,No injury/unknown,FAILURE TO YIELD RIGHT OF WAY,3RD ST & PATTERSON,39.16346117,-86.5512146
2007,2,2,Weekday,0,1-Car,No injury/unknown,ANIMAL/OBJECT IN ROADWAY,CAVE & SR48W,39.16345193,-86.63082546
2007,8,5,Weekday,1300,1-Car,Fatal,RAN OFF ROAD RIGHT,CAVE & SR48W,39.16345193,-86.63082546
2007,3,2,Weekday,1600,2-Car,No injury/unknown,FAILURE TO YIELD RIGHT OF WAY,BELLE & HICKORY DR,39.16344,-86.58584