Year,Month,Day,Weekend?,Hour,Collision Type,Injury Type,Primary Factor,Reported_Location,Latitude,Longitude
2007,4,6,Weekday,1500,2-Car,No injury/unknown,IMPROPER PASSING,BELLE AVE & PARKWAY,39.16344,-86.5888
2007,7,3,Weekday,1100,2-Car,No injury/unknown,FAILURE TO YIELD RIGHT OF WAY,BELLE AVENUE & HICKORY DRIVE DR,39.16344,-86.58584
2007,10,7,Weekend,1100,2-Car,No injury/unknown,FAILURE TO YIELD RIGHT OF WAY,BELLE & HICKORY DR,39.16344,-86.58584
2007,6,7,Weekend,2200,1-Car,No injury/unknown,ANIMAL/OBJECT IN ROADWAY,CAVE & SR48W,39.16341256,-86.64651391
2007,11,7,Weekend,1700,1-Car,No injury/unknown,DRIVER DISTRACTED - EXPLAIN IN NARRATIVE,SR46E & TRAIL,39.16338604,-86.4431403
2007,5,4,Weekday,0,1-Car,No injury/unknown,ANIMAL/OBJECT IN ROADWAY,E 3RD & SR446N,39.16335103,-86.47181075
2007,9,1,Weekend,1500,Moped/Motorcycle,Non-incapacitating,DRIVER DISTRACTED - EXPLAIN IN NARRATIVE,SR446S & SR46E,39.16335103,-86.47181075
2007,8,5,Weekday,2000,2-Car,No injury/unknown,FAILURE TO YIELD RIGHT OF WAY,ATWATER AVE & HENDERSON,39.163344,-86.5272
2007,8,7,Weekend,1700,2-Car,No injury/unknown,UNSAFE BACKING,ATWATER & HENDERSON ST,39.163344,-86.5272
2007,12,6,Weekday,1700,2-Car,No injury/unknown,FOLLOWING TOO CLOSELY,CAVE & SR48W,39.16333196,-86.63013687
2007,2,3,Weekday,900,2-Car,No injury/unknown,OTHER (DRIVER) - EXPLAIN IN NARRATIVE,ATWATER AVE & FESS,39.16333104,-86.52607258
2007,4,3,Weekday,1800,Cyclist,Non-incapacitating,WRONG WAY ON ONE WAY,ATWATER AVE & FESS,39.163328,-86.525808
2007,11,5,Weekday,1400,Cyclist,Non-incapacitating,OTHER (DRIVER) - EXPLAIN IN NARRATIVE,ATWATER AVE & PARK,39.163296,-86.524
2007,1,6,Weekday,1600,2-Car,No injury/unknown,FAILURE TO YIELD RIGHT OF WAY,ATWATER AVE & WOODLAWN,39.16328,-86.522592
2007,1,5,Weekday,1200,2-Car,No injury/unknown,FAILURE TO YIELD RIGHT OF WAY,ATWATER AVE,39.16328,-86.522592
2007,2,3,Weekday,1400,1-Car,No injury/unknown,ROADWAY SURFACE CONDITION,CAVE & SR48E,39.16327198,-86.62979258
2007,12,5,Weekday,1600,2-Car,No injury/unknown,FAILURE TO YIELD RIGHT OF WAY,ATWATER AVE & INDIANA,39.16323,-86.52783
2007,1,5,Weekday,1400,2-Car,No injury/unknown,FOLLOWING TOO CLOSELY,ATWATER AVE & BALLANTINE,39.163216,-86.519024
2007,6,4,Weekday,1700,2-Car,Non-incapacitating,DISREGARD SIGNAL/REG SIGN,ATWATER AVE & JORDAN,39.163168,-86.516384
2007,2,2,Weekday,1600,2-Car,No injury/unknown,FAILURE TO YIELD RIGHT OF WAY,ATWATER AVE & SWAIN,39.163152,-86.515168
2007,10,4,Weekday,1500,2-Car,No injury/unknown,FAILURE TO YIELD RIGHT OF WAY,ATWATER AVE & HENDERSON,39.16314,-86.52727
2007,10,3,Weekday,900,2-Car,No injury/unknown,FAILURE TO YIELD RIGHT OF WAY,ATWATER AVE AVE & HENDERSON ST,39.16314,-86.52727
2007,10,5,Weekday,1400,2-Car,No injury/unknown,FAILURE TO YIELD RIGHT OF WAY,E ATWATER AVE & S HENDERSON,39.16314,-86.52727
2007,11,6,Weekday,100,2-Car,Non-incapacitating,DISREGARD SIGNAL/REG SIGN,ATWATER AVE & HENDERSON,39.16314,-86.52727
2007,10,2,Weekday,1700,2-Car,No injury/unknown,ROADWAY SURFACE CONDITION,ATWATER & WOODLAWN AVE,39.16312,-86.52262
2007,4,3,Weekday,1700,2-Car,No injury/unknown,OTHER (DRIVER) - EXPLAIN IN NARRATIVE,S JORDAN AVE,39.16311118,-86.51638302
2007,10,3,Weekday,1200,2-Car,No injury/unknown,UNSAFE BACKING,E ATWATER AVE,39.16311,-86.524029
2007,4,7,Weekend,2000,2-Car,No injury/unknown,OTHER (DRIVER) - EXPLAIN IN NARRATIVE,S FESS AVE,39.16310596,-86.52581127
2007,9,2,Weekday,2100,2-Car,No injury/unknown,IMPROPER LANE USAGE,ARBUTUS & ATWATER AVE,39.163104,-86.512096
2007,1,5,Weekday,2200,2-Car,Non-incapacitating,IMPROPER LANE USAGE,ATWATER ST & PARK,39.1631,-86.525899
2007,1,7,Weekend,900,2-Car,Non-incapacitating,DISREGARD SIGNAL/REG SIGN,ATWATER AVE & JORDAN,39.1631,-86.517699
2007,1,4,Weekday,1400,2-Car,No injury/unknown,IMPROPER LANE USAGE,ATWATER AVE,39.1631,-86.512928
2007,2,5,Weekday,1800,2-Car,Non-incapacitating,IMPROPER TURNING,ATWATER AVE & SWAIN,39.1631,-86.516399
2007,2,3,Weekday,1000,2-Car,No injury/unknown,FAILURE TO YIELD RIGHT OF WAY,ATWATER ST & PARK,39.1631,-86.5258237
2007,2,4,Weekday,1300,Bus,No injury/unknown,IMPROPER LANE USAGE,ATWATER ST & FACULTY,39.1631,-86.522599
2007,2,5,Weekday,2100,2-Car,No injury/unknown,ROADWAY SURFACE CONDITION,ATWATER AVE & JORDAN,39.1631,-86.517699
2007,5,5,Weekday,300,1-Car,Non-incapacitating,ALCOHOLIC BEVERAGES,ARBUTUS & ATWATER ST,39.1631,-86.512199
2007,8,2,Weekday,1800,Cyclist,Non-incapacitating,FAILURE TO YIELD RIGHT OF WAY,ATWATER AVE & HAWTHORNE,39.1631,-86.521099
2007,8,3,Weekday,1700,2-Car,Non-incapacitating,FOLLOWING TOO CLOSELY,ATWATER AVE & BALLANTINE,39.1631,-86.520199
2007,8,7,Weekend,1600,2-Car,No injury/unknown,FAILURE TO YIELD RIGHT OF WAY,ATWATER AVE & ROSE,39.163088,-86.510912
2007,9,4,Weekday,1900,2-Car,No injury/unknown,FAILURE TO YIELD RIGHT OF WAY,ATWATER AVE & ROSE,39.163088,-86.510912
2007,9,1,Weekend,1800,2-Car,No injury/unknown,DISREGARD SIGNAL/REG SIGN,ATWATER AVE & MITCHELL,39.16308,-86.51418
2007,10,2,Weekday,1700,2-Car,No injury/unknown,FAILURE TO YIELD RIGHT OF WAY,ATWATER AVE & SWAIN,39.16308,-86.51527433
2007,12,6,Weekday,1300,1-Car,Non-incapacitating,OTHER (DRIVER) - EXPLAIN IN NARRATIVE,ATWATER AVE & EASTSIDE,39.16308,-86.51321
2007,10,2,Weekday,1700,2-Car,No injury/unknown,FOLLOWING TOO CLOSELY,ATWATER AVE & BALLANTINE,39.16307,-86.51913
2007,4,2,Weekday,2000,2-Car,No injury/unknown,FAILURE TO YIELD RIGHT OF WAY,ATWATER & HIGH ST,39.16304,-86.508288
2007,7,7,Weekend,2100,2-Car,No injury/unknown,FAILURE TO YIELD RIGHT OF WAY,ATWATER & HIGH ST,39.16304,-86.508288
2007,12,2,Weekday,1100,2-Car,Non-incapacitating,FAILURE TO YIELD RIGHT OF WAY,FAIRFAX RD & SMITHVILLE,39.16304,-86.5408
2007,1,4,Weekday,1400,Pedestrian,Non-incapacitating,PEDESTRIAN ACTION,COLLEGE MALL RD & EASTLAND PLAZA,39.16300559,-86.49803031
2007,7,3,Weekday,1600,Bus,No injury/unknown,IMPROPER TURNING,HAGAN DR & SMITH,39.163,-86.4808003
2007,3,2,Weekday,1900,2-Car,No injury/unknown,UNSAFE BACKING,S COLLEGE MALL RD,39.162928,-86.498112
2007,2,2,Weekday,2200,2-Car,No injury/unknown,,JACKSON & SMITH AVE,39.1629,-86.538699
2007,5,6,Weekday,1500,1-Car,No injury/unknown,PRESCRIPTION DRUGS,BELLE & VILLAGE CT,39.16286542,-86.58380405
2007,3,4,Weekday,1200,2-Car,No injury/unknown,FAILURE TO YIELD RIGHT OF WAY,DUNN STREET ST & SMITH AVENUE,39.162848,-86.5284
2007,5,4,Weekday,1600,Moped/Motorcycle,Non-incapacitating,FOLLOWING TOO CLOSELY,SMITH & WALNUT ST,39.162848,-86.5336
2007,8,4,Weekday,2100,2-Car,No injury/unknown,UNSAFE BACKING,S HENDERSON ST & SMITH,39.162848,-86.527184
2007,9,7,Weekend,2300,2-Car,No injury/unknown,UNSAFE BACKING,S HENDERSON ST,39.162848,-86.527184
2007,12,6,Weekday,1600,2-Car,Non-incapacitating,FAILURE TO YIELD RIGHT OF WAY,E SMITH & S DUNN ST,39.16281,-86.52843
2007,8,4,Weekday,200,2-Car,No injury/unknown,FAILURE TO YIELD RIGHT OF WAY,SOUTH HENDERSON ST,39.162801,-86.527295
2007,6,4,Weekday,1700,3+ Cars,No injury/unknown,BRAKE FAILURE OR DEFECTIVE,COLLEGE AVE & SMITH,39.16273802,-86.53483419
2007,3,2,Weekday,1700,2-Car,Non-incapacitating,FAILURE TO YIELD RIGHT OF WAY,PATTERSON ST & SECOND,39.1627,-86.550599
2007,3,3,Weekday,1300,2-Car,Non-incapacitating,ILLEGAL DRUGS,PATTERSON DR & W 2ND,39.1627,-86.550599
2007,4,6,Weekday,1700,2-Car,No injury/unknown,FAILURE TO YIELD RIGHT OF WAY,SOUTH PATTERSON DR & WEST 2ND,39.1627,-86.550599
2007,6,5,Weekday,800,2-Car,No injury/unknown,FAILURE TO YIELD RIGHT OF WAY,ADAMS ST & PATTERSON,39.1627,-86.55064228
2007,7,3,Weekday,1600,2-Car,Non-incapacitating,FAILURE TO YIELD RIGHT OF WAY,2ND & PATTERSON DR,39.1627,-86.550599
2007,11,2,Weekday,1500,2-Car,No injury/unknown,FAILURE TO YIELD RIGHT OF WAY,ADAMS ST & PATTERSON,39.16267,-86.55054328
2007,7,5,Weekday,1600,3+ Cars,No injury/unknown,OTHER (DRIVER) - EXPLAIN IN NARRATIVE,BIRDIE GALYAN & SR46E,39.162656,-86.413296
2007,10,1,Weekend,1500,1-Car,No injury/unknown,OTHER (DRIVER) - EXPLAIN IN NARRATIVE,BIRDIE GALYAN & SR46E,39.162656,-86.413296
2007,4,7,Weekend,1100,2-Car,No injury/unknown,UNSAFE BACKING,S HENDERSON ST,39.162637,-86.527269
2007,3,7,Weekend,2100,1-Car,No injury/unknown,RAN OFF ROAD RIGHT,BIRDIE GALYON & SR46E,39.16262106,-86.41334151
2007,5,3,Weekday,1500,Cyclist,No injury/unknown,FAILURE TO YIELD RIGHT OF WAY,SOUTH WASHINGTON ST,39.162574,-86.532399
2007,3,6,Weekday,1600,2-Car,No injury/unknown,FAILURE TO YIELD RIGHT OF WAY,2ND & PATTERSON DR,39.162558,-86.550432
2007,7,4,Weekday,800,2-Car,No injury/unknown,IMPROPER TURNING,SOUTH DUNN ST,39.162504,-86.528399
2007,3,5,Weekday,900,2-Car,No injury/unknown,OTHER (DRIVER) - EXPLAIN IN NARRATIVE,KINGSTON DR,39.16241579,-86.47173549
2007,5,1,Weekend,900,2-Car,No injury/unknown,OTHER (DRIVER) - EXPLAIN IN NARRATIVE,WALKER & WEST HOWE ST,39.1624,-86.54562696
2007,7,3,Weekday,1700,2-Car,No injury/unknown,LEFT OF CENTER,HOWE ST & S MADISON,39.16238542,-86.53800125
2007,8,7,Weekend,200,3+ Cars,No injury/unknown,OTHER (DRIVER) - EXPLAIN IN NARRATIVE,SOUTH DUNN ST,39.162377,-86.528399
2007,11,6,Weekend,2200,2-Car,No injury/unknown,UNSAFE BACKING,SOUTH WALNUT ST,39.162337,-86.533629
2007,4,6,Weekday,1600,2-Car,No injury/unknown,FOLLOWING TOO CLOSELY,COLLEGE MALL RD RD & COVENANTER DR,39.16232908,-86.497899
2007,5,4,Weekday,2100,2-Car,No injury/unknown,UNSAFE BACKING,SOUTH CURRY PIKE PIKE,39.162301,-86.582699
2007,11,7,Weekend,800,3+ Cars,No injury/unknown,DISREGARD SIGNAL/REG SIGN,FESS & HUNTER AVE,39.16225,-86.52591
2007,12,4,Weekday,1400,2-Car,Non-incapacitating,DISREGARD SIGNAL/REG SIGN,FESS & HUNTER AVE,39.16225,-86.52591
2007,8,1,Weekend,1200,Pedestrian,Non-incapacitating,OTHER (DRIVER) - EXPLAIN IN NARRATIVE,FIELDSTONE DR & WATERSTONE,39.162241,-86.605652
2007,1,7,Weekend,1300,2-Car,No injury/unknown,FAILURE TO YIELD RIGHT OF WAY,HUNTER AVE & PARK,39.16224,-86.523968
2007,9,6,Weekday,0,2-Car,No injury/unknown,OTHER (DRIVER) - EXPLAIN IN NARRATIVE,HUNTER & WOODLAWN AVE,39.16224,-86.522576
2007,10,5,Weekday,900,Moped/Motorcycle,Incapacitating,FAILURE TO YIELD RIGHT OF WAY,HAWTHORNE AVE & HUNTER,39.16224,-86.52016
2007,11,1,Weekend,1500,2-Car,No injury/unknown,IMPROPER LANE USAGE,HUNTER AVE & PARK,39.16224,-86.523968
2007,11,7,Weekend,2200,1-Car,No injury/unknown,DRIVER DISTRACTED - EXPLAIN IN NARRATIVE,EAST HUNTER AVE,39.162218,-86.523668
2007,9,5,Weekday,1600,1-Car,No injury/unknown,PRESCRIPTION DRUGS,S WALNUT ST,39.16221584,-86.5336
2007,2,1,Weekend,1700,2-Car,No injury/unknown,DISREGARD SIGNAL/REG SIGN,HUNTER AVE & PARK,39.1622,-86.525899
2007,9,4,Weekday,2000,2-Car,No injury/unknown,OTHER (DRIVER) - EXPLAIN IN NARRATIVE,S PARK RIDGE RD,39.162191,-86.476237
2007,2,3,Weekday,1300,1-Car,No injury/unknown,OTHER (ENVIRONMENTAL) - EXPLAIN IN NARR,HIGHLAND & HUNTER AVE,39.16219076,-86.51769954
2007,8,5,Weekday,1400,2-Car,No injury/unknown,OTHER (DRIVER) - EXPLAIN IN NARRATIVE,3RD & SR37S,39.16200597,-86.57316611
2007,8,2,Weekday,1400,2-Car,No injury/unknown,OTHER (DRIVER) - EXPLAIN IN NARRATIVE,2ND & GRANT ST,39.16198929,-86.52975376
2007,7,2,Weekday,1300,2-Car,No injury/unknown,UNSAFE BACKING,S  COLLEGE MALL RD,39.161674,-86.497819
2007,11,5,Weekday,1000,2-Car,Non-incapacitating,DISREGARD SIGNAL/REG SIGN,WALKER & WEST 2ND ST,39.161648,-86.546128
2007,10,5,Weekday,1300,2-Car,No injury/unknown,UNSAFE BACKING,W 2ND ST,39.16162667,-86.54486933
2007,12,5,Weekday,1300,2-Car,No injury/unknown,OTHER (DRIVER) - EXPLAIN IN NARRATIVE,900 WEST 2ND ST & EUCLID,39.1616,-86.543296
2007,3,6,Weekday,1000,2-Car,No injury/unknown,FOLLOWING TOO CLOSELY,MAPLE & WEST 2ND ST,39.161568,-86.542096
2007,6,2,Weekday,1100,2-Car,No injury/unknown,UNSAFE BACKING,W 2ND ST,39.16153611,-86.53976784
2007,7,2,Weekday,1500,2-Car,No injury/unknown,UNSAFE BACKING,W 2ND ST,39.16153611,-86.53976784
2007,1,2,Weekday,800,2-Car,Non-incapacitating,OTHER (DRIVER) - EXPLAIN IN NARRATIVE,ROGERS & WEST 2ND ST,39.16152,-86.538592
2007,3,6,Weekend,2000,2-Car,No injury/unknown,FAILURE TO YIELD RIGHT OF WAY,2ND ST & ROGERS,39.16152,-86.538592
2007,3,5,Weekday,1500,2-Car,No injury/unknown,FOLLOWING TOO CLOSELY,ROGERS & SECOND ST,39.16152,-86.538592
2007,4,5,Weekday,1900,2-Car,No injury/unknown,FAILURE TO YIELD RIGHT OF WAY,2ND & S ROGERS ST,39.16152,-86.538592
2007,6,5,Weekday,2300,2-Car,No injury/unknown,FAILURE TO YIELD RIGHT OF WAY,SOUTH ROGERS & WEST 2ND ST,39.16152,-86.538592
2007,2,2,Weekday,1500,2-Car,No injury/unknown,OTHER (DRIVER) - EXPLAIN IN NARRATIVE,2ND ST & S ROGERS,39.16151565,-86.53841569
2007,1,5,Weekday,1300,2-Car,Non-incapacitating,FOLLOWING TOO CLOSELY,2ND ST & MADISON,39.16149453,-86.53756047
2007,6,3,Weekday,1600,2-Car,No injury/unknown,DRIVER DISTRACTED - EXPLAIN IN NARRATIVE,2ND ST & MORTON,39.16147735,-86.53659273
2007,1,6,Weekday,1700,2-Car,No injury/unknown,FOLLOWING TOO CLOSELY,2ND ST & MORTON,39.161472,-86.5360636
2007,8,4,Weekday,1900,2-Car,No injury/unknown,DRIVER DISTRACTED - EXPLAIN IN NARRATIVE,MORTON & SECOND ST,39.161472,-86.53624
2007,8,4,Weekday,1400,3+ Cars,No injury/unknown,FOLLOWING TOO CLOSELY,MORTON & W 2ND ST,39.161472,-86.53624
2007,8,3,Weekday,1400,2-Car,Non-incapacitating,FOLLOWING TOO CLOSELY,MORTON & SECOND ST,39.161472,-86.53624
2007,4,7,Weekend,1400,2-Car,No injury/unknown,RAN OFF ROAD RIGHT,S CURRY PIKE,39.16146502,-86.58283426
2007,1,3,Weekday,2300,2-Car,No injury/unknown,FAILURE TO YIELD RIGHT OF WAY,E 2ND ST & S GRANT,39.16144,-86.52976
2007,1,1,Weekend,1100,2-Car,No injury/unknown,FAILURE TO YIELD RIGHT OF WAY,2ND ST & WALNUT,39.16144,-86.5336
2007,2,6,Weekday,1400,2-Car,No injury/unknown,UNSAFE BACKING,2ND & S FESS ST,39.16144,-86.52584
2007,4,5,Weekday,1700,2-Car,No injury/unknown,UNSAFE BACKING,E 2ND ST,39.16144,-86.5324
2007,6,6,Weekday,600,2-Car,No injury/unknown,DISREGARD SIGNAL/REG SIGN,COLLEGE & WEST 2ND ST,39.16144,-86.534848
2007,7,5,Weekday,1900,2-Car,No injury/unknown,VIEW OBSTRUCTED,2ND & GRANT ST,39.16144,-86.52976
2007,9,7,Weekend,700,Cyclist,Non-incapacitating,PEDESTRIAN ACTION,E 2ND & SO WASHINGTON ST,39.16144,-86.5324
2007,9,7,Weekend,900,3+ Cars,Non-incapacitating,FAILURE TO YIELD RIGHT OF WAY,EAST 2ND ST & LINCOLN,39.16144,-86.531056
2007,10,3,Weekday,1600,2-Car,No injury/unknown,FAILURE TO YIELD RIGHT OF WAY,2ND ST & DUNN,39.16144,-86.528288
2007,11,7,Weekend,300,2-Car,No injury/unknown,OTHER (DRIVER) - EXPLAIN IN NARRATIVE,EAST 2ND ST & GRANT,39.16144,-86.52976
2007,11,2,Weekday,900,2-Car,No injury/unknown,DRIVER DISTRACTED - EXPLAIN IN NARRATIVE,E 2ND STREET ST & LINCOLN ST,39.16144,-86.531056
2007,11,6,Weekday,1700,2-Car,No injury/unknown,IMPROPER LANE USAGE,EAST 2ND & SOUTH LINCOLN ST,39.16144,-86.531056
2007,12,3,Weekday,1300,2-Car,No injury/unknown,FOLLOWING TOO CLOSELY,EAST 2ND ST & WALNUT,39.16144,-86.5336
2007,11,5,Weekday,1000,2-Car,Non-incapacitating,DISREGARD SIGNAL/REG SIGN,2ND ST & WALKER,39.16143,-86.54614
2007,11,5,Weekday,100,2-Car,Non-incapacitating,DISREGARD SIGNAL/REG SIGN,WALKER & WEST 2ND ST,39.16143,-86.54614
2007,10,1,Weekday,1900,3+ Cars,No injury/unknown,DRIVER DISTRACTED - EXPLAIN IN NARRATIVE,2ND ST & MADISON,39.16141,-86.53744
2007,12,6,Weekday,1600,2-Car,No injury/unknown,OTHER (DRIVER) - EXPLAIN IN NARRATIVE,2ND ST & MAPLE,39.16141,-86.54225
2007,5,4,Weekday,1900,3+ Cars,No injury/unknown,FAILURE TO YIELD RIGHT OF WAY,FIRST & WASHINGTON ST,39.161401,-86.532399
2007,1,1,Weekend,1400,2-Car,No injury/unknown,OTHER (DRIVER) - EXPLAIN IN NARRATIVE,2ND ST,39.1614,-86.535211
2007,1,5,Weekday,1700,2-Car,No injury/unknown,FAILURE TO YIELD RIGHT OF WAY,2ND ST & WASHINGTON,39.1614,-86.533599
2007,2,5,Weekday,2100,2-Car,No injury/unknown,DISREGARD SIGNAL/REG SIGN,2ND ST & WASHINGTON,39.1614,-86.533599
2007,2,2,Weekday,2300,2-Car,No injury/unknown,FAILURE TO YIELD RIGHT OF WAY,W 2ND ST ST & WALKER,39.1614,-86.545299
2007,2,7,Weekend,400,3+ Cars,No injury/unknown,,2ND ST & DUNN,39.1614,-86.529899
2007,2,3,Weekday,1600,2-Car,No injury/unknown,FAILURE TO YIELD RIGHT OF WAY,2ND ST & MAPLE,39.1614,-86.5418
2007,2,1,Weekend,100,2-Car,No injury/unknown,OTHER (DRIVER) - EXPLAIN IN NARRATIVE,E 2ND ST,39.1614,-86.530989
2007,3,7,Weekend,0,2-Car,No injury/unknown,FAILURE TO YIELD RIGHT OF WAY,2ND STREET ST & SOUTH ROGERS STREET,39.1614,-86.5374
2007,3,5,Weekday,1800,2-Car,No injury/unknown,FAILURE TO YIELD RIGHT OF WAY,2ND ST & HENDERSON,39.1614,-86.52838602
2007,4,7,Weekend,2200,2-Car,No injury/unknown,FAILURE TO YIELD RIGHT OF WAY,2ND ST & WASHINGTON,39.1614,-86.533599
2007,4,6,Weekday,1100,2-Car,No injury/unknown,DISREGARD SIGNAL/REG SIGN,2ND STREET ST & WALNUT ST,39.1614,-86.5336
2007,4,6,Weekday,1700,3+ Cars,No injury/unknown,OTHER (DRIVER) - EXPLAIN IN NARRATIVE,2ND ST & HENDERSON,39.1614,-86.528399
2007,6,7,Weekend,0,2-Car,No injury/unknown,FAILURE TO YIELD RIGHT OF WAY,S ROGERS & W 2ND ST,39.1614,-86.5374
2007,7,1,Weekend,1800,Cyclist,Non-incapacitating,OTHER (DRIVER) - EXPLAIN IN NARRATIVE,2ND ST & HENDERSON,39.1614,-86.528399
2007,8,6,Weekday,0,2-Car,No injury/unknown,FAILURE TO YIELD RIGHT OF WAY,MORTON & WEST 2ND ST,39.1614,-86.534901
2007,10,6,Weekend,2300,2-Car,No injury/unknown,FAILURE TO YIELD RIGHT OF WAY,2ND ST & ROGERS,39.1614,-86.53867
2007,10,3,Weekday,2300,2-Car,No injury/unknown,SPEED TOO FAST FOR WEATHER CONDITIONS,2ND ST & ROGERS,39.1614,-86.53867
2007,2,2,Weekday,800,2-Car,No injury/unknown,FAILURE TO YIELD RIGHT OF WAY,GRANT STREET ST & UNIVERSITY STREET,39.161399,-86.529899
2007,9,7,Weekend,1400,3+ Cars,No injury/unknown,DRIVER DISTRACTED - EXPLAIN IN NARRATIVE,2ND ST & MORTON,39.16139,-86.53629702
2007,11,6,Weekday,0,3+ Cars,Non-incapacitating,ALCOHOLIC BEVERAGES,2ND ST & DUNN,39.16135,-86.52841
2007,5,7,Weekend,1200,2-Car,No injury/unknown,OTHER (DRIVER) - EXPLAIN IN NARRATIVE,2ND & WOODLAWN AVE,39.161312,-86.522576
2007,11,4,Weekday,1100,2-Car,No injury/unknown,OTHER (DRIVER) - EXPLAIN IN NARRATIVE,EAST 2ND ST & WOODLAWN,39.161312,-86.522576
2007,12,3,Weekday,1700,Cyclist,Non-incapacitating,PEDESTRIAN ACTION,2ND ST & WOODLAWN,39.161312,-86.522576
2007,1,2,Weekday,1100,2-Car,No injury/unknown,FAILURE TO YIELD RIGHT OF WAY,2ND & COLLEGE AVE,39.16130268,-86.5348502
2007,4,1,Weekend,1600,2-Car,No injury/unknown,UNSAFE BACKING,SOUTH PARK RIDGE RDS,39.161255,-86.476645
2007,5,5,Weekday,700,2-Car,No injury/unknown,UNSAFE BACKING,2ND & WALKER ST,39.16123652,-86.54610187
2007,10,4,Weekday,1500,2-Car,No injury/unknown,OTHER (DRIVER) - EXPLAIN IN NARRATIVE,BALLANTINE & E 2ND ST ST,39.161232,-86.519056
2007,1,1,Weekday,2000,2-Car,Non-incapacitating,ALCOHOLIC BEVERAGES,2ND ST & PATTERSON,39.161201,-86.5476
2007,7,4,Weekday,2100,2-Car,Non-incapacitating,FOLLOWING TOO CLOSELY,2ND ST & PATTERSON,39.161201,-86.5476
2007,9,3,Weekday,1700,Cyclist,Non-incapacitating,DRIVER DISTRACTED - EXPLAIN IN NARRATIVE,JORDAN & SECOND ST,39.161168,-86.516352
2007,12,7,Weekend,1800,2-Car,No injury/unknown,DISREGARD SIGNAL/REG SIGN,2ND ST & JORDAN,39.161168,-86.516352
2007,7,3,Weekday,1700,3+ Cars,Non-incapacitating,OTHER (DRIVER) - EXPLAIN IN NARRATIVE,2ND & COLLEGE AVE,39.16116537,-86.53485239
2007,7,2,Weekday,1400,2-Car,No injury/unknown,FAILURE TO YIELD RIGHT OF WAY,2ND & WALNUT ST,39.16116534,-86.5336
2007,3,2,Weekday,1700,2-Car,No injury/unknown,OTHER (VEHICLE) - EXPLAIN IN NARRATIVE,S COLLEGE AVE,39.16115717,-86.53485253
2007,10,2,Weekday,1800,2-Car,No injury/unknown,UNSAFE BACKING,S COLLEGE AVE,39.16115717,-86.53485253
2007,10,3,Weekday,1900,Bus,No injury/unknown,FAILURE TO YIELD RIGHT OF WAY,S COLLEGE AVE,39.16115717,-86.53485253
2007,8,6,Weekday,1200,1-Car,No injury/unknown,OTHER (DRIVER) - EXPLAIN IN NARRATIVE,CLARIZZ BLVD,39.161116,-86.490757
2007,2,5,Weekday,1700,2-Car,No injury/unknown,UNSAFE BACKING,W 2ND ST,39.161088,-86.512592
2007,10,4,Weekday,1500,2-Car,No injury/unknown,IMPROPER LANE USAGE,2ND & WOODLAWN AVE,39.16107,-86.52264
2007,10,1,Weekend,1100,2-Car,No injury/unknown,FAILURE TO YIELD RIGHT OF WAY,2ND ST & HAWTHORNE,39.16107,-86.52019351
2007,1,7,Weekend,1800,2-Car,Non-incapacitating,DRIVER ILLNESS,2ND & BALLANTINE RD,39.16103152,-86.5190594
2007,10,1,Weekend,1500,2-Car,No injury/unknown,OTHER (DRIVER) - EXPLAIN IN NARRATIVE,2ND & MITCHELL ST,39.16102,-86.51418
2007,9,7,Weekend,1200,2-Car,No injury/unknown,UNSAFE BACKING,EIGHTH & FORREST AVE,39.16100939,-86.52234
2007,11,2,Weekday,1400,2-Car,Non-incapacitating,ROADWAY SURFACE CONDITION,HIGH & SECOND ST,39.16099,-86.50847
2007,10,3,Weekday,800,2-Car,No injury/unknown,UNSAFE BACKING,E SECOND ST,39.160949,-86.505754
2007,10,5,Weekday,1700,2-Car,No injury/unknown,UNSAFE BACKING,E SECOND ST,39.160949,-86.50572
2007,7,2,Weekday,1300,1-Car,Non-incapacitating,OTHER (DRIVER) - EXPLAIN IN NARRATIVE,2ND ST & COLLEGE MALL,39.16094402,-86.49910717
2007,8,2,Weekday,1300,2-Car,No injury/unknown,IMPROPER PASSING,2ND ST & HIGH,39.16094402,-86.50758241
2007,9,6,Weekday,1300,2-Car,No injury/unknown,FAILURE TO YIELD RIGHT OF WAY,2ND ST & COLLEGE MALL,39.16094401,-86.49822519
2007,4,3,Weekday,1600,2-Car,No injury/unknown,OTHER (DRIVER) - EXPLAIN IN NARRATIVE,2ND ST & COLLEGE MALL,39.16094401,-86.49804879
2007,1,4,Weekday,900,2-Car,No injury/unknown,DISREGARD SIGNAL/REG SIGN,COLLEGE MALL RD & EAST 2ND,39.160944,-86.497696
2007,1,4,Weekday,1700,2-Car,No injury/unknown,FAILURE TO YIELD RIGHT OF WAY,COLLEGE MALL & E 2ND ST,39.160944,-86.497696
2007,4,3,Weekday,1900,2-Car,No injury/unknown,FAILURE TO YIELD RIGHT OF WAY,2ND ST & HIGH,39.160944,-86.508288
2007,4,7,Weekend,2200,2-Car,No injury/unknown,FOLLOWING TOO CLOSELY,2ND & HIGH ST,39.160944,-86.508288
2007,6,6,Weekday,1500,2-Car,No injury/unknown,FOLLOWING TOO CLOSELY,2ND & COLLEGE MALL RD,39.160944,-86.497696
2007,6,2,Weekday,1700,2-Car,No injury/unknown,DISREGARD SIGNAL/REG SIGN,2ND & HIGH ST,39.160944,-86.508288