Year,Month,Day,Weekend?,Hour,Collision Type,Injury Type,Primary Factor,Reported_Location,Latitude,Longitude
2007,6,3,Weekday,1700,2-Car,No injury/unknown,FAILURE TO YIELD RIGHT OF WAY,COLLEGE MALL ENTRANCE & COLLEGE MALL RD,39.160944,-86.497696
2007,7,1,Weekend,1400,2-Car,No injury/unknown,FAILURE TO YIELD RIGHT OF WAY,COLLEGE MALL ENTRANCE & COLLEGE MALL RD,39.160944,-86.497696
2007,7,4,Weekday,1500,1-Car,No injury/unknown,OTHER (DRIVER) - EXPLAIN IN NARRATIVE,HIGH & SECOND ST,39.160944,-86.508288
2007,7,1,Weekday,1900,2-Car,Non-incapacitating,IMPROPER TURNING,COLLEGE MALL ENTRANCE & COLLEGE MALL RD,39.160944,-86.497696
2007,9,3,Weekday,1400,2-Car,Non-incapacitating,OTHER (DRIVER) - EXPLAIN IN NARRATIVE,2ND & HIGH ST,39.160944,-86.508288
2007,11,4,Weekday,1400,2-Car,No injury/unknown,FAILURE TO YIELD RIGHT OF WAY,2ND & 700 S COLLEGE MALL RD,39.160944,-86.497696
2007,12,6,Weekend,2100,2-Car,No injury/unknown,DISREGARD SIGNAL/REG SIGN,2ND ST & HIGH,39.160944,-86.508288
2007,10,5,Weekday,1900,2-Car,No injury/unknown,FAILURE TO YIELD RIGHT OF WAY,COLLEGE MALL RD & SECOND,39.16094,-86.49772
2007,10,1,Weekend,1700,1-Car,Non-incapacitating,ANIMAL/OBJECT IN ROADWAY,SECOND ST & WOODCREST,39.16092,-86.50245433
2007,3,4,Weekday,1100,2-Car,No injury/unknown,UNSAFE BACKING,W 2ND STREET ST,39.16081698,-86.5487311
2007,9,3,Weekday,1600,3+ Cars,Non-incapacitating,DRIVER DISTRACTED - EXPLAIN IN NARRATIVE,2ND ST & PATTERSON,39.16075,-86.54852731
2007,11,6,Weekday,400,1-Car,Non-incapacitating,IMPROPER LANE USAGE,2ND ST & PATTERSON,39.16075,-86.54851
2007,12,3,Weekday,2100,2-Car,No injury/unknown,FAILURE TO YIELD RIGHT OF WAY,2ND & PATTERSON DR,39.16075,-86.54851
2007,9,6,Weekday,500,2-Car,No injury/unknown,ROADWAY SURFACE CONDITION,BLOOMFIELD RD & PATTERSON,39.16071544,-86.54846886
2007,9,5,Weekday,1100,2-Car,No injury/unknown,OTHER (DRIVER) - EXPLAIN IN NARRATIVE,1300 W 2ND ST & S ADAMS,39.160544,-86.5508
2007,12,4,Weekday,1700,2-Car,Non-incapacitating,FOLLOWING TOO CLOSELY,2ND ST & S ADAMS,39.160544,-86.5508
2007,5,3,Weekday,1600,2-Car,No injury/unknown,DRIVER ILLNESS,S COLLEGE MALL RD,39.16048947,-86.49771167
2007,12,2,Weekday,700,2-Car,Non-incapacitating,DRIVER DISTRACTED - EXPLAIN IN NARRATIVE,ADAMS & BLOOMFIELD RD,39.1604449,-86.55120376
2007,8,5,Weekday,1100,2-Car,No injury/unknown,FAILURE TO YIELD RIGHT OF WAY,PARK & UNIVERSITY ST,39.1604,-86.525899
2007,8,2,Weekday,900,2-Car,No injury/unknown,OTHER (DRIVER) - EXPLAIN IN NARRATIVE,E UNIVERSITY ST & S LINCOLN,39.1604,-86.53130246
2007,5,5,Weekday,900,1-Car,No injury/unknown,UNSAFE BACKING,BLOOMFIELD RD,39.160399,-86.551928
2007,4,2,Weekday,1700,3+ Cars,Non-incapacitating,FOLLOWING TOO CLOSELY,2ND & COLLEGE MALL RD,39.16039489,-86.49771494
2007,9,1,Weekday,2300,2-Car,No injury/unknown,UNSAFE BACKING,PARK & UNIVERSITY ST,39.16036,-86.52399567
2007,1,4,Weekday,1100,2-Car,No injury/unknown,UNSAFE BACKING,S WALKER ST,39.160352,-86.546048
2007,2,5,Weekday,1600,2-Car,No injury/unknown,FAILURE TO YIELD RIGHT OF WAY,FESS AVE & UNIVERSITY,39.16032,-86.525856
2007,8,4,Weekday,800,2-Car,No injury/unknown,UNSAFE BACKING,E UNIVERSITY ST & FESS,39.16032,-86.525856
2007,4,3,Weekday,1100,Bus,No injury/unknown,UNSAFE BACKING,STATE ROAD 446 RD,39.160291,-86.471599
2007,6,5,Weekday,1700,1-Car,No injury/unknown,OTHER (DRIVER) - EXPLAIN IN NARRATIVE,FIRST & JORDAN ST,39.1602,-86.516399
2007,7,2,Weekday,1300,2-Car,No injury/unknown,UNSAFE BACKING,WEST BLOOMFIELD RD,39.160164,-86.553242
2007,8,5,Weekday,1600,2-Car,No injury/unknown,UNSAFE BACKING,S COLLEGE MALL RD,39.16009176,-86.49772539
2007,3,5,Weekday,1800,2-Car,No injury/unknown,DISREGARD SIGNAL/REG SIGN,ALLEN & PATTERSON DR,39.16,-86.547799
2007,5,6,Weekday,1200,2-Car,No injury/unknown,SPEED TOO FAST FOR WEATHER CONDITIONS,BLOOMFIELD RD & LANDMARK,39.15994021,-86.55379641
2007,8,5,Weekday,1600,2-Car,Non-incapacitating,FOLLOWING TOO CLOSELY,BLOOMFIELD RD & LANDMARK,39.15994021,-86.55379641
2007,6,3,Weekday,1300,2-Car,No injury/unknown,FAILURE TO YIELD RIGHT OF WAY,10TH & N COLLEGE AVE,39.15992397,-86.534899
2007,4,4,Weekday,1700,2-Car,No injury/unknown,FOLLOWING TOO CLOSELY,BLOOMFIELD RD & RANSOM,39.159901,-86.553901
2007,12,5,Weekday,1800,3+ Cars,No injury/unknown,ALCOHOLIC BEVERAGES,COLLEGE AVE,39.15974303,-86.53487515
2007,11,2,Weekday,1800,2-Car,No injury/unknown,DRIVER DISTRACTED - EXPLAIN IN NARRATIVE,BEASELY & CURRY PIKE,39.15974028,-86.5826
2007,2,1,Weekend,1100,2-Car,No injury/unknown,FAILURE TO YIELD RIGHT OF WAY,1ST & WALNUT ST,39.15961866,-86.5336
2007,6,6,Weekday,1200,2-Car,No injury/unknown,FAILURE TO YIELD RIGHT OF WAY,1ST & WALNUT ST,39.15961866,-86.5336
2007,2,1,Weekend,1800,2-Car,No injury/unknown,FOLLOWING TOO CLOSELY,BUICK CADILLAC BLVD & CLARIZZ,39.1596,-86.490784
2007,10,2,Weekday,700,2-Car,No injury/unknown,LEFT OF CENTER,FAIRVIEW ST & WEST 1 ST ST,39.159552,-86.540896
2007,5,6,Weekday,1500,2-Car,No injury/unknown,OTHER (DRIVER) - EXPLAIN IN NARRATIVE,S ROGERS & W 1ST ST,39.159504,-86.538592
2007,5,7,Weekend,1700,2-Car,No injury/unknown,OTHER (DRIVER) - EXPLAIN IN NARRATIVE,1ST & ROGERS ST,39.159504,-86.538592
2007,11,4,Weekday,800,1-Car,Non-incapacitating,RAN OFF ROAD RIGHT,1ST ST & S ROGERS,39.159504,-86.538592
2007,12,1,Weekend,0,2-Car,No injury/unknown,OTHER (VEHICLE) - EXPLAIN IN NARRATIVE,1ST & WASHINGTON ST,39.15948133,-86.5324
2007,7,5,Weekday,1700,2-Car,No injury/unknown,FAILURE TO YIELD RIGHT OF WAY,1ST & MORTON ST,39.159472,-86.536272
2007,4,2,Weekday,1100,2-Car,Non-incapacitating,UNSAFE SPEED,RANSOM & W 2ED ST,39.15944,-86.555296
2007,10,2,Weekday,1400,Bus,No injury/unknown,IMPROPER TURNING,1ST & COLLEGE AVE,39.15944,-86.53488
2007,6,5,Weekday,900,2-Car,No injury/unknown,DRIVER DISTRACTED - EXPLAIN IN NARRATIVE,WEST 1ST STREET DR,39.1594,-86.539473
2007,10,6,Weekday,1500,2-Car,No injury/unknown,BRAKE FAILURE OR DEFECTIVE,FIRST & WALNUT ST,39.15936,-86.53366
2007,9,2,Weekday,1800,Cyclist,Non-incapacitating,OTHER (DRIVER) - EXPLAIN IN NARRATIVE,1 ST & S WASHINGTON ST,39.15935,-86.53241
2007,2,7,Weekend,300,2-Car,No injury/unknown,OTHER (DRIVER) - EXPLAIN IN NARRATIVE,E 1ST ST,39.159344,-86.5238832
2007,4,5,Weekday,800,2-Car,Non-incapacitating,OTHER (DRIVER) - EXPLAIN IN NARRATIVE,1ST ST & LINCOLN,39.159344,-86.531088
2007,5,6,Weekday,1100,Cyclist,No injury/unknown,WRONG WAY ON ONE WAY,E 1ST & S WALNUT ST,39.159344,-86.5336
2007,7,1,Weekend,1500,2-Car,No injury/unknown,FAILURE TO YIELD RIGHT OF WAY,E 1ST ST & S GRANT,39.159344,-86.529792
2007,8,7,Weekend,2000,2-Car,No injury/unknown,DISREGARD SIGNAL/REG SIGN,FESS & FIRST ST,39.159344,-86.525872
2007,9,4,Weekday,1600,2-Car,No injury/unknown,UNSAFE BACKING,E 1ST ST & HENDERSON,39.159344,-86.52712
2007,10,4,Weekday,1800,1-Car,No injury/unknown,IMPROPER TURNING,FIRST ST & STULL,39.159344,-86.524784
2007,9,3,Weekday,1100,2-Car,No injury/unknown,DISREGARD SIGNAL/REG SIGN,1ST ST & HENDERSON,39.15932,-86.52714
2007,4,6,Weekday,800,2-Car,No injury/unknown,IMPROPER TURNING,1ST ST & HENDERSON,39.1593,-86.52989467
2007,10,2,Weekday,1500,2-Car,No injury/unknown,UNSAFE BACKING,S COLLEGE MALL RD,39.159235,-86.497809
2007,8,2,Weekday,1000,1-Car,No injury/unknown,IMPROPER TURNING,S COLLEGE MALL RD,39.159214,-86.497823
2007,9,7,Weekend,1700,Moped/Motorcycle,No injury/unknown,UNSAFE BACKING,S CLARIZZ BLVD,39.1592,-86.490586
2007,5,6,Weekday,1600,2-Car,Non-incapacitating,FAILURE TO YIELD RIGHT OF WAY,S LIBERTY DR & W 3RD,39.15878406,-86.579099
2007,6,6,Weekday,800,2-Car,No injury/unknown,FOLLOWING TOO CLOSELY,BLOOMFIELD RD & RANSOM,39.15861513,-86.55670627
2007,2,3,Weekday,1800,2-Car,No injury/unknown,FAILURE TO YIELD RIGHT OF WAY,MAXELL & WOODLAWN AVE,39.1586,-86.522599
2007,2,6,Weekday,900,2-Car,No injury/unknown,DISREGARD SIGNAL/REG SIGN,MAXWELL & WOODLAWN AVE,39.1586,-86.522599
2007,10,3,Weekday,1900,2-Car,No injury/unknown,IMPROPER TURNING,S LINCOLN ST & WYLIE,39.158448,-86.531088
2007,6,3,Weekday,1200,1-Car,No injury/unknown,RAN OFF ROAD LEFT,WEST WYLIE ST,39.158402,-86.541056
2007,1,7,Weekend,1100,2-Car,No injury/unknown,DISREGARD SIGNAL/REG SIGN,DODDS & ROGERS ST,39.1584,-86.538699
2007,5,5,Weekday,1500,2-Car,No injury/unknown,FAILURE TO YIELD RIGHT OF WAY,DODDS & WASHINGTON ST,39.158399,-86.532399
2007,6,7,Weekend,1500,2-Car,Non-incapacitating,FAILURE TO YIELD RIGHT OF WAY,DODDS & WASHINGTON ST,39.158399,-86.532399
2007,3,6,Weekday,1600,2-Car,No injury/unknown,UNSAFE BACKING,CURRY PIKE & DOYLE,39.158352,-86.582752
2007,8,4,Weekday,1500,2-Car,No injury/unknown,FAILURE TO YIELD RIGHT OF WAY,CURRY PIKE PIKE & DOYLE,39.158352,-86.582752
2007,12,5,Weekday,1800,2-Car,Non-incapacitating,FOLLOWING TOO CLOSELY,DOYLE & S CURRY PIKE PIKE,39.158352,-86.582752
2007,11,7,Weekend,200,3+ Cars,No injury/unknown,ALCOHOLIC BEVERAGES,S BASSWOOD DR,39.15833,-86.569009
2007,12,2,Weekday,700,2-Car,No injury/unknown,LEFT OF CENTER,SOUTH BASSWOOD DR,39.15833,-86.569009
2007,12,2,Weekday,1400,2-Car,No injury/unknown,OTHER (DRIVER) - EXPLAIN IN NARRATIVE,BASSWOOD DR,39.158327,-86.56939
2007,10,5,Weekday,1000,2-Car,No injury/unknown,IMPROPER TURNING,2900 BUICK CADILLAC & 800 AUTO MALL RD,39.15832146,-86.49614278
2007,11,1,Weekend,1300,2-Car,No injury/unknown,IMPROPER TURNING,AUTO MALL RD & BUICK CADILLAC,39.15832,-86.49611
2007,6,6,Weekday,1400,2-Car,No injury/unknown,UNSAFE BACKING,HENDERSON ST & MAXWELL,39.158301,-86.527099
2007,1,2,Weekday,1600,2-Car,Non-incapacitating,FAILURE TO YIELD RIGHT OF WAY,AUTO MALL & BUICK CADILLAC BLVD,39.1583,-86.49619554
2007,2,6,Weekend,1900,1-Car,No injury/unknown,SPEED TOO FAST FOR WEATHER CONDITIONS,AUTO MALL & BUICK CADILLAC BLVD,39.1583,-86.4962855
2007,4,5,Weekday,1400,2-Car,No injury/unknown,FAILURE TO YIELD RIGHT OF WAY,AUTO MALL & BUICK CADILLAC BLVD,39.1583,-86.496199
2007,7,2,Weekday,1700,2-Car,No injury/unknown,FAILURE TO YIELD RIGHT OF WAY,AUTO MALL & BUICK CADILLAC BLVD,39.1583,-86.496199
2007,1,6,Weekday,700,2-Car,Non-incapacitating,FAILURE TO YIELD RIGHT OF WAY,CURRY PIKE & GIFFORD,39.15826884,-86.58274926
2007,9,4,Weekday,1800,1-Car,No injury/unknown,GLARE,4138 W DOYLE AVE & VILLAGE,39.158208,-86.583904
2007,1,7,Weekend,2200,1-Car,No injury/unknown,ANIMAL/OBJECT IN ROADWAY,BIRDIE GALYAN & SR46E,39.15817796,-86.40933457
2007,2,7,Weekend,1400,2-Car,No injury/unknown,IMPROPER TURNING,BUICK CADILLAC & S COLLEGE MALL RD,39.15816,-86.497792
2007,11,2,Weekday,1000,2-Car,No injury/unknown,DISREGARD SIGNAL/REG SIGN,BUICK CADILLAC BLVD & COLLEGE MALL,39.15816,-86.497792
2007,6,4,Weekday,1800,2-Car,No injury/unknown,FAILURE TO YIELD RIGHT OF WAY,COLLEGE MALL RD & COVENANTER,39.1581,-86.497899
2007,10,3,Weekday,1400,2-Car,No injury/unknown,OTHER (VEHICLE) - EXPLAIN IN NARRATIVE,SOUTH WALNUT ST,39.158084,-86.533649
2007,7,2,Weekday,1700,2-Car,No injury/unknown,FAILURE TO YIELD RIGHT OF WAY,HAWTHORNE & MAXWELL LN,39.157888,-86.520272
2007,8,1,Weekend,300,2-Car,Non-incapacitating,ALCOHOLIC BEVERAGES,BIRDIE GALYAN & SR46E,39.15788609,-86.4092098
2007,11,5,Weekday,1100,2-Car,Non-incapacitating,DRIVER DISTRACTED - EXPLAIN IN NARRATIVE,MAXWELL LN & PARK,39.15781,-86.52373308
2007,12,3,Weekday,2300,2-Car,No injury/unknown,UNSAFE BACKING,MAXWELL ST & WOODLAWN,39.15781,-86.52263654
2007,9,4,Weekday,1900,1-Car,Non-incapacitating,BRAKE FAILURE OR DEFECTIVE,SOUTH RANSOM LN,39.157709,-86.555174
2007,4,1,Weekend,1700,Cyclist,Non-incapacitating,FAILURE TO YIELD RIGHT OF WAY,DODDS & ROGERS ST,39.157616,-86.538592
2007,11,5,Weekday,1800,2-Car,No injury/unknown,FAILURE TO YIELD RIGHT OF WAY,DODDS & ROGERS ST,39.157616,-86.538592
2007,2,1,Weekend,600,1-Car,No injury/unknown,UNSAFE SPEED,W BLOOMFIELD RD,39.15759543,-86.55894204
2007,2,2,Weekday,0,1-Car,Non-incapacitating,ALCOHOLIC BEVERAGES,COLLEGE AVE & DODDS,39.157568,-86.534896
2007,2,6,Weekday,1800,2-Car,No injury/unknown,OTHER (DRIVER) - EXPLAIN IN NARRATIVE,SOUTH COLLEGE AVE & WEST DODDS,39.157568,-86.534896
2007,1,2,Weekday,1000,2-Car,No injury/unknown,OTHER (DRIVER) - EXPLAIN IN NARRATIVE,DODDS & SOUTH WALNUT ST,39.157552,-86.5336
2007,2,6,Weekday,1800,2-Car,No injury/unknown,FAILURE TO YIELD RIGHT OF WAY,DODDS & WALNUT ST,39.157552,-86.5336
2007,11,2,Weekday,1000,2-Car,Non-incapacitating,FAILURE TO YIELD RIGHT OF WAY,S WALNUT ST & W DODDS,39.157552,-86.5336
2007,10,6,Weekday,1100,2-Car,No injury/unknown,FAILURE TO YIELD RIGHT OF WAY,E DODDS AVE & S WASHINGTON,39.157536,-86.5324
2007,11,6,Weekday,1000,2-Car,Non-incapacitating,WRONG WAY ON ONE WAY,COLLEGE AVE & DODDS,39.157473,-86.534813
2007,11,6,Weekday,0,Moped/Motorcycle,Non-incapacitating,UNSAFE SPEED,COLLEGE AVE & DODDS,39.157473,-86.534813
2007,5,7,Weekend,2000,2-Car,Non-incapacitating,FAILURE TO YIELD RIGHT OF WAY,WEST BLOOMFIELD RD,39.157471,-86.558879
2007,10,7,Weekend,1700,2-Car,No injury/unknown,FOLLOWING TOO CLOSELY,DODDS ST & MORTON,39.15745,-86.53633
2007,9,1,Weekend,900,2-Car,No injury/unknown,FAILURE TO YIELD RIGHT OF WAY,DODDS ST & S WALNUT ST ST,39.15742,-86.53365
2007,12,5,Weekday,1300,2-Car,No injury/unknown,FAILURE TO YIELD RIGHT OF WAY,DODDS & S WALNUT ST,39.15742,-86.53365
2007,10,7,Weekend,1100,Moped/Motorcycle,Non-incapacitating,DISREGARD SIGNAL/REG SIGN,DODDS & S WASHINGTON ST ST,39.15738,-86.53243
2007,12,5,Weekday,1600,2-Car,Non-incapacitating,FAILURE TO YIELD RIGHT OF WAY,DODDS & WASHINGTON ST,39.15738,-86.53243
2007,7,7,Weekend,1300,2-Car,No injury/unknown,UNSAFE BACKING,SOUTH MITCHELL ST,39.15737,-86.513731
2007,9,1,Weekend,900,2-Car,No injury/unknown,FAILURE TO YIELD RIGHT OF WAY,DODDS ST & LINCOLN ST ST,39.15737,-86.5313
2007,8,5,Weekday,2000,2-Car,No injury/unknown,DRIVER DISTRACTED - EXPLAIN IN NARRATIVE,COLLEGE MALL RD,39.157354,-86.497856
2007,12,7,Weekend,2000,3+ Cars,No injury/unknown,UNSAFE BACKING,S PERSIMMON TREE CIR,39.15732809,-86.59100352
2007,11,2,Weekday,1500,2-Car,No injury/unknown,IMPROPER LANE USAGE,BLOOMFIELD RD & CURRY,39.1571,-86.55967269
2007,6,5,Weekday,1900,2-Car,No injury/unknown,IMPROPER TURNING,S COLLEGE MALL RD,39.157025,-86.497815
2007,8,2,Weekday,1600,2-Car,No injury/unknown,DISREGARD SIGNAL/REG SIGN,CURRY PIKE & GIFFORD,39.156896,-86.582704
2007,9,1,Weekend,1600,2-Car,Non-incapacitating,OTHER (DRIVER) - EXPLAIN IN NARRATIVE,CURRY PIKE & GIFFORD,39.156896,-86.582704
2007,12,1,Weekday,1900,2-Car,Non-incapacitating,FAILURE TO YIELD RIGHT OF WAY,CURRY PIKE & GIFFORD,39.156896,-86.582704
2007,7,1,Weekend,1300,2-Car,No injury/unknown,UNSAFE BACKING,W BLOOMIFIELD RD,39.156799,-86.560297
2007,5,5,Weekday,800,2-Car,Non-incapacitating,FOLLOWING TOO CLOSELY,S WALNUT ST ST & WILSON ST,39.15678545,-86.533699
2007,6,7,Weekend,1100,2-Car,No injury/unknown,UNSAFE BACKING,PAPERBIRCH CT,39.156717,-86.591199
2007,5,5,Weekday,1500,2-Car,No injury/unknown,FOLLOWING TOO CLOSELY,DIXIE & S ROGERS ST,39.15664,-86.538592
2007,10,3,Weekday,1700,2-Car,No injury/unknown,UNSAFE BACKING,S ROGERS ST,39.15664,-86.538592
2007,11,5,Weekday,1100,2-Car,Non-incapacitating,OTHER (DRIVER) - EXPLAIN IN NARRATIVE,S ROGERS ST & W DIXIE,39.15664,-86.538592
2007,4,4,Weekday,100,2-Car,No injury/unknown,OTHER (DRIVER) - EXPLAIN IN NARRATIVE,WEST DIXIE ST,39.156577,-86.540521
2007,11,5,Weekday,1200,2-Car,No injury/unknown,OTHER (DRIVER) - EXPLAIN IN NARRATIVE,DIXIE ST & FAIRVIEW,39.15657,-86.54103269
2007,6,1,Weekend,0,2-Car,No injury/unknown,,DIXIE ST & WALNUT,39.15654635,-86.53342364
2007,2,5,Weekday,1600,2-Car,No injury/unknown,FOLLOWING TOO CLOSELY,ALLEN & BLOOMFIELD RD,39.156501,-86.56089134
2007,3,4,Weekday,1600,2-Car,No injury/unknown,CELL PHONE USAGE,ALLEN & BLOOMFIELD RD,39.156501,-86.5609
2007,4,5,Weekday,1500,3+ Cars,No injury/unknown,OTHER (DRIVER) - EXPLAIN IN NARRATIVE,ALLEN & BLOOMFIELD RD,39.156501,-86.5609
2007,8,4,Weekday,1400,Bus,No injury/unknown,OTHER (DRIVER) - EXPLAIN IN NARRATIVE,S AUTO MALL RD,39.156333,-86.496099
2007,1,3,Weekday,1300,2-Car,No injury/unknown,UNSAFE BACKING,SOUTH AUTO MALL RD,39.1563,-86.496099
2007,5,5,Weekday,800,2-Car,No injury/unknown,LEFT OF CENTER,FRIENDSHIP & SR46E,39.15629121,-86.40831933
2007,9,1,Weekend,200,2-Car,Non-incapacitating,ALCOHOLIC BEVERAGES,COLLEGE MALL RD & COVENANTER,39.15625028,-86.49785295
2007,6,2,Weekday,1600,2-Car,No injury/unknown,RAN OFF ROAD RIGHT,WILLOW TREE PL,39.156248,-86.590299
2007,1,1,Weekend,1400,2-Car,Non-incapacitating,UNSAFE SPEED,SR37N & VERNAL,39.1562219,-86.5609886
2007,2,5,Weekday,1600,3+ Cars,No injury/unknown,UNSAFE SPEED,SR37 & VERNAL,39.1562219,-86.5609886
2007,2,6,Weekday,600,3+ Cars,No injury/unknown,ROADWAY SURFACE CONDITION,ALLEN & BLOOMFIELD RD,39.156144,-86.561296
2007,3,4,Weekday,1600,2-Car,No injury/unknown,FOLLOWING TOO CLOSELY,BLOOMFIELD RD & SHADELAND,39.156101,-86.561398
2007,7,2,Weekday,1800,2-Car,No injury/unknown,FOLLOWING TOO CLOSELY,BLOOMFIELD RD & S SHADELAND,39.156101,-86.561398
2007,5,5,Weekday,1500,2-Car,No injury/unknown,FAILURE TO YIELD RIGHT OF WAY,COLLEGE MALL RD & COVENANTER,39.15597571,-86.49786171
2007,10,1,Weekday,2100,2-Car,No injury/unknown,FOLLOWING TOO CLOSELY,COLLEGE MALL RD & COVENANTER,39.15597571,-86.49786171
2007,1,4,Weekday,800,2-Car,Non-incapacitating,DISREGARD SIGNAL/REG SIGN,ADAMS & ALLEN ST,39.155952,-86.550592
2007,2,6,Weekday,0,2-Car,Non-incapacitating,DISREGARD SIGNAL/REG SIGN,S ADAMS & W ALLEN ST,39.155952,-86.550592
2007,5,3,Weekday,900,2-Car,No injury/unknown,UNSAFE BACKING,S ADAMS & W ALLEN ST,39.155952,-86.550592
2007,6,5,Weekday,1800,2-Car,No injury/unknown,OTHER (DRIVER) - EXPLAIN IN NARRATIVE,BLOOMFIELD RD,39.155866,-86.561866
2007,3,5,Weekday,1600,2-Car,No injury/unknown,OTHER (DRIVER) - EXPLAIN IN NARRATIVE,ALLEN ST & LARKSPUR,39.1558,-86.54860566
2007,10,3,Weekday,1700,2-Car,No injury/unknown,FOLLOWING TOO CLOSELY,ALLEN & ROGERS ST,39.155776,-86.538592
2007,12,3,Weekday,1100,2-Car,No injury/unknown,LEFT OF CENTER,S ROGERS ST & W 1RST,39.15571944,-86.53867
2007,10,3,Weekday,1400,2-Car,No injury/unknown,SPEED TOO FAST FOR WEATHER CONDITIONS,ALLEN ST & PATTERSON,39.15563,-86.54328404
2007,3,1,Weekend,1400,2-Car,Non-incapacitating,DISREGARD SIGNAL/REG SIGN,ALLEN ST & PATTERSON,39.1556,-86.541098
2007,3,2,Weekday,1000,2-Car,No injury/unknown,UNSAFE BACKING,S WALNUT ST,39.15556865,-86.5336
2007,6,5,Weekday,1800,2-Car,Non-incapacitating,OTHER (DRIVER) - EXPLAIN IN NARRATIVE,GENTRY & SR446N,39.15555181,-86.4714858
2007,7,3,Weekday,1600,2-Car,No injury/unknown,UNSAFE BACKING,E COVENANTER DR,39.155344,-86.503088
2007,9,2,Weekday,100,1-Car,No injury/unknown,UNSAFE BACKING,E COVENANTER DR,39.155344,-86.503088
2007,10,6,Weekday,1500,2-Car,No injury/unknown,UNSAFE BACKING,COVENANTER DR & RECHTOR,39.15531959,-86.49947045
2007,7,2,Weekday,700,2-Car,No injury/unknown,FAILURE TO YIELD RIGHT OF WAY,3100 COVENANTER DR & CLARIZZ,39.155219,-86.49490205
2007,10,3,Weekday,1100,Cyclist,Non-incapacitating,VIEW OBSTRUCTED,COLLEGE MALL & COVENANTER DR,39.15518,-86.49774
2007,10,6,Weekend,2000,2-Car,No injury/unknown,FAILURE TO YIELD RIGHT OF WAY,COLLEGE MALL RD,39.15518,-86.497739
2007,1,1,Weekend,1800,2-Car,No injury/unknown,FAILURE TO YIELD RIGHT OF WAY,COVENANTER & S COLLEGE MALL RD,39.155152,-86.497888
2007,4,1,Weekend,1500,2-Car,No injury/unknown,OTHER (DRIVER) - EXPLAIN IN NARRATIVE,S COLLEGE MALL RD,39.155152,-86.497888
2007,10,5,Weekday,1600,2-Car,No injury/unknown,DISREGARD SIGNAL/REG SIGN,COLLEGE MALL RD & COVENANTER,39.155152,-86.497888
2007,12,7,Weekend,2000,2-Car,No injury/unknown,OTHER (DRIVER) - EXPLAIN IN NARRATIVE,COLLEGE MALL RD & COVENANTER,39.155152,-86.497888
2007,12,7,Weekend,1200,2-Car,No injury/unknown,OTHER (DRIVER) - EXPLAIN IN NARRATIVE,COLLEGE MALL & COVENANTER DR,39.155152,-86.497888
2007,5,2,Weekday,600,2-Car,No injury/unknown,FAILURE TO YIELD RIGHT OF WAY,AUTO MALL & COVENANTER DR,39.1551,-86.4967817
2007,6,2,Weekday,1400,2-Car,No injury/unknown,OTHER (DRIVER) - EXPLAIN IN NARRATIVE,AUTO MALL & COVENANTER DR,39.1551,-86.49682495
2007,5,1,Weekday,2100,2-Car,No injury/unknown,UNSAFE SPEED,S FAIRVIEW DR,39.15508073,-86.54093964
2007,9,2,Weekday,1500,2-Car,No injury/unknown,UNSAFE BACKING,AUTO MALL & E COVENANTER DR,39.15503,-86.4961965
2007,3,6,Weekday,1300,2-Car,No injury/unknown,OTHER (DRIVER) - EXPLAIN IN NARRATIVE,E COVENANTER & RECHTER RD,39.15502449,-86.49968517
2007,3,3,Weekday,900,2-Car,No injury/unknown,UNSAFE BACKING,COLLEGE MALL RD,39.154902,-86.497686
2007,9,4,Weekday,1700,2-Car,No injury/unknown,FOLLOWING TOO CLOSELY,DAVIS & S ROGERS ST,39.15464,-86.538592
2007,7,6,Weekend,2200,2-Car,No injury/unknown,IMPROPER TURNING,PATTERSON & S ROGERS ST,39.1545,-86.538699
2007,7,3,Weekday,0,2-Car,No injury/unknown,DRIVER ASLEEP OR FATIGUED,RECHTER & RHECTOR RD,39.1544,-86.49999035
2007,3,5,Weekday,1300,2-Car,No injury/unknown,FAILURE TO YIELD RIGHT OF WAY,1000 SOUTH WALNUT ST & DAVIS,39.154352,-86.5336
2007,11,2,Weekday,1100,2-Car,No injury/unknown,UNSAFE BACKING,DAVIS & S GRANT ST,39.154352,-86.530048
2007,7,3,Weekday,1600,2-Car,No injury/unknown,UNSAFE BACKING,S COLLEGE MALL RD,39.15430272,-86.49787118
2007,8,7,Weekend,1900,Moped/Motorcycle,Non-incapacitating,FOLLOWING TOO CLOSELY,BLOOMFIELD RD & WEIMER,39.154272,-86.564176
2007,10,1,Weekday,2200,1-Car,No injury/unknown,ANIMAL/OBJECT IN ROADWAY,WEIMER & WEST BLOOMFIELD RD,39.154272,-86.564176
2007,5,7,Weekend,2000,2-Car,No injury/unknown,UNSAFE BACKING,HOMESTEAD & MEADOWBROOK DR,39.15426934,-86.4872
2007,11,2,Weekday,1900,2-Car,No injury/unknown,FAILURE TO YIELD RIGHT OF WAY,COLLEGE MALL RD,39.154261,-86.497703
2007,8,4,Weekday,1600,2-Car,No injury/unknown,UNSAFE BACKING,S WALNUT ST,39.15422171,-86.5336
2007,2,3,Weekday,1200,2-Car,No injury/unknown,FAILURE TO YIELD RIGHT OF WAY,GRIMES & WALNUT ST,39.1542,-86.533699
2007,2,7,Weekend,2300,2-Car,No injury/unknown,FAILURE TO YIELD RIGHT OF WAY,GRIMES & SOUTH WALNUT ST,39.1542,-86.533699