Year,Month,Day,Weekend?,Hour,Collision Type,Injury Type,Primary Factor,Reported_Location,Latitude,Longitude
2007,8,6,Weekday,1400,2-Car,No injury/unknown,OTHER (DRIVER) - EXPLAIN IN NARRATIVE,GRIMES & WALNUT ST,39.1542,-86.533699
2007,4,5,Weekday,1500,2-Car,No injury/unknown,FAILURE TO YIELD RIGHT OF WAY,S COLLEGE MALL RD,39.15412578,-86.49786768
2007,9,4,Weekday,1500,2-Car,No injury/unknown,FAILURE TO YIELD RIGHT OF WAY,S COLLEGE MALL RD,39.15412578,-86.49786768
2007,12,3,Weekday,1300,2-Car,No injury/unknown,FAILURE TO YIELD RIGHT OF WAY,S COLLEGE MALL RD,39.15412578,-86.49786768
2007,11,6,Weekend,2000,2-Car,Non-incapacitating,FAILURE TO YIELD RIGHT OF WAY,COLLEGE MALL RD & COVENANTER,39.15405351,-86.49786625
2007,1,7,Weekend,1500,2-Car,No injury/unknown,FAILURE TO YIELD RIGHT OF WAY,3RD & LIBERTY DR,39.15402556,-86.579099
2007,4,3,Weekday,1300,2-Car,No injury/unknown,FAILURE TO YIELD RIGHT OF WAY,S COLLEGE MALL RD,39.15398423,-86.49786488
2007,7,3,Weekday,2200,2-Car,No injury/unknown,UNSAFE BACKING,S COLLEGE MALL RD,39.15385448,-86.49786231
2007,12,2,Weekday,1300,2-Car,No injury/unknown,FAILURE TO YIELD RIGHT OF WAY,FAIRVIEW & PATTERSON DR,39.15383,-86.54110731
2007,4,2,Weekday,1700,2-Car,Non-incapacitating,FOLLOWING TOO CLOSELY,S PATTERSON AVE & W 3RD,39.15382561,-86.552099
2007,8,2,Weekday,1400,2-Car,No injury/unknown,FOLLOWING TOO CLOSELY,FAIRVIEW & PATTERSON DR,39.1538,-86.53991198
2007,11,3,Weekday,1300,Moped/Motorcycle,No injury/unknown,IMPROPER PASSING,PATTERSON & S ROGERS ST,39.15379,-86.53875
2007,4,5,Weekday,1400,2-Car,No injury/unknown,UNSAFE BACKING,PATTERSON DR & ROGERS,39.153704,-86.537598
2007,6,3,Weekday,2300,2-Car,No injury/unknown,FOLLOWING TOO CLOSELY,PATTERSON DR & ROGERS,39.153704,-86.53758935
2007,2,6,Weekday,1000,3+ Cars,No injury/unknown,RAN OFF ROAD RIGHT,CLARIZZ & E COVENANTER DR,39.1536,-86.49195575
2007,4,4,Weekday,1800,2-Car,No injury/unknown,FAILURE TO YIELD RIGHT OF WAY,BASSWOOD DR & RIDGE,39.153599,-86.572499
2007,1,6,Weekday,1000,2-Car,No injury/unknown,FAILURE TO YIELD RIGHT OF WAY,GRIMES LANE & SOUTH WALNUT STREET ST,39.15344,-86.5336
2007,1,1,Weekend,1800,2-Car,No injury/unknown,UNSAFE BACKING,GRIMES & S MADISON ST,39.15344,-86.5376
2007,3,5,Weekday,1500,Cyclist,Non-incapacitating,OTHER (DRIVER) - EXPLAIN IN NARRATIVE,GRIMES & WALNUT ST,39.15344,-86.5336
2007,4,4,Weekday,1700,Moped/Motorcycle,Non-incapacitating,FAILURE TO YIELD RIGHT OF WAY,GRIMES LN & MORTON,39.15344,-86.53595124
2007,4,1,Weekend,0,2-Car,No injury/unknown,IMPROPER TURNING,1200 S WASHINGTON ST & GRIMES,39.15344,-86.5324
2007,4,2,Weekday,1400,3+ Cars,No injury/unknown,FOLLOWING TOO CLOSELY,GRIMES & SOUTH WALNUT ST,39.15344,-86.5336
2007,4,4,Weekday,2100,2-Car,No injury/unknown,DISREGARD SIGNAL/REG SIGN,GRIMES & S WALNUT ST,39.15344,-86.5336
2007,7,6,Weekday,1400,2-Car,No injury/unknown,FAILURE TO YIELD RIGHT OF WAY,GRIMES & S WALNUT ST,39.15344,-86.5336
2007,7,4,Weekday,1400,2-Car,No injury/unknown,IMPROPER PASSING,GRIMES LN & WALNUT,39.15344,-86.5336
2007,8,5,Weekday,1400,2-Car,No injury/unknown,FAILURE TO YIELD RIGHT OF WAY,GRIMES & WALNUT ST,39.15344,-86.5336
2007,9,4,Weekday,900,2-Car,No injury/unknown,FAILURE TO YIELD RIGHT OF WAY,1200 SOUTH WALNUT ST & GRIMES,39.15344,-86.5336
2007,9,6,Weekday,1500,2-Car,No injury/unknown,OTHER (DRIVER) - EXPLAIN IN NARRATIVE,GRIMES LN & WALNUT,39.15344,-86.5336
2007,10,3,Weekday,2100,2-Car,No injury/unknown,OTHER (DRIVER) - EXPLAIN IN NARRATIVE,SOUTH WALNUT ST & WEST GRIMES,39.15344,-86.5336
2007,10,4,Weekday,1300,2-Car,No injury/unknown,FAILURE TO YIELD RIGHT OF WAY,GRIMES & WALNUT ST,39.15344,-86.5336
2007,11,3,Weekday,1400,2-Car,No injury/unknown,FOLLOWING TOO CLOSELY,S WALNUT ST & W GRIMES,39.15344,-86.5336
2007,12,4,Weekday,1300,2-Car,No injury/unknown,FOLLOWING TOO CLOSELY,GRIMES & WALNUT ST,39.15344,-86.5336
2007,4,7,Weekend,1300,2-Car,No injury/unknown,DRIVER DISTRACTED - EXPLAIN IN NARRATIVE,1210 S LONCOLN ST & E GRIMES,39.153424,-86.531152
2007,10,6,Weekday,1500,2-Car,No injury/unknown,FAILURE TO YIELD RIGHT OF WAY,GRANT & GRIMES LN,39.153408,-86.530048
2007,3,3,Weekday,1600,2-Car,No injury/unknown,FAILURE TO YIELD RIGHT OF WAY,CLARIZZ BLVD & COVENATER,39.153398,-86.49067551
2007,3,5,Weekday,800,2-Car,No injury/unknown,FAILURE TO YIELD RIGHT OF WAY,GRIMES & HENDERSON ST,39.153392,-86.527008
2007,7,4,Weekday,1300,2-Car,No injury/unknown,DISREGARD SIGNAL/REG SIGN,GRIMES & HENDERSON ST,39.153392,-86.527008
2007,4,7,Weekend,2100,2-Car,No injury/unknown,FOLLOWING TOO CLOSELY,COLLEGE MALL AVE & EAST THIRD,39.15335974,-86.498255
2007,10,2,Weekday,2000,2-Car,No injury/unknown,FAILURE TO YIELD RIGHT OF WAY,GRIMES & SOUTH WALNUT ST,39.15335,-86.53371
2007,12,2,Weekday,2300,2-Car,No injury/unknown,FAILURE TO YIELD RIGHT OF WAY,GRIMES & WALNUT ST,39.15335,-86.53371
2007,9,3,Weekday,1200,2-Car,Non-incapacitating,FOLLOWING TOO CLOSELY,GRIMES LANE & WOODLAWN AVENUE AVE,39.153344,-86.522512
2007,9,4,Weekday,1300,2-Car,No injury/unknown,DISREGARD SIGNAL/REG SIGN,GRIMES & WASHINGTON ST,39.15334,-86.53249
2007,10,3,Weekday,1300,2-Car,Non-incapacitating,FOLLOWING TOO CLOSELY,GRIMES & WALNUT ST,39.15323401,-86.5336
2007,5,7,Weekend,1200,2-Car,No injury/unknown,OTHER (DRIVER) - EXPLAIN IN NARRATIVE,COLLEGE MALL RD,39.15305,-86.497599
2007,2,4,Weekday,1800,2-Car,No injury/unknown,OTHER (DRIVER) - EXPLAIN IN NARRATIVE,CLARIZZ BLVD,39.152995,-86.490626
2007,2,6,Weekday,1800,2-Car,No injury/unknown,DISREGARD SIGNAL/REG SIGN,S CLARIZZ BLVD,39.152995,-86.490626
2007,8,2,Weekday,1000,1-Car,No injury/unknown,DRIVER DISTRACTED - EXPLAIN IN NARRATIVE,S HIGH & VIVA DR,39.152736,-86.508288
2007,6,6,Weekday,1600,2-Car,No injury/unknown,FOLLOWING TOO CLOSELY,SR37S & TAPP,39.15261235,-86.57295509
2007,6,7,Weekend,1100,3+ Cars,Non-incapacitating,FOLLOWING TOO CLOSELY,E DRISCOLL AVE & S LINCOLN,39.152544,-86.531168
2007,6,1,Weekday,2100,2-Car,No injury/unknown,ALCOHOLIC BEVERAGES,DRISCOLL & WALNUT ST,39.1525,-86.533699
2007,7,4,Weekday,1600,2-Car,No injury/unknown,FAILURE TO YIELD RIGHT OF WAY,DRISCOLL & WALNUT ST,39.1525,-86.533699
2007,12,4,Weekday,700,2-Car,No injury/unknown,DRIVER DISTRACTED - EXPLAIN IN NARRATIVE,COBBLECREEK & COBBLECREEK CIR,39.15241,-86.48296
2007,7,5,Weekday,0,1-Car,No injury/unknown,OTHER (DRIVER) - EXPLAIN IN NARRATIVE,CURRY & SIERRA DR,39.1524,-86.582704
2007,5,1,Weekday,2100,Pedestrian,Non-incapacitating,PEDESTRIAN ACTION,MONON & WALNUT ST,39.15224,-86.5336
2007,10,5,Weekday,1600,2-Car,No injury/unknown,FAILURE TO YIELD RIGHT OF WAY,MILLER & S WALNUT ST,39.15217483,-86.53265
2007,5,5,Weekday,1300,2-Car,No injury/unknown,UNSAFE BACKING,BRENDA LN & HENDERSON,39.151952,-86.52671144
2007,9,1,Weekend,1300,2-Car,No injury/unknown,OTHER (DRIVER) - EXPLAIN IN NARRATIVE,S MADISON ST & WILSON,39.151744,-86.537504
2007,12,6,Weekday,1600,2-Car,No injury/unknown,OTHER (DRIVER) - EXPLAIN IN NARRATIVE,GARRISON CHAPEL RD & GIFFORD,39.151552,-86.643504
2007,8,2,Weekday,1800,2-Car,No injury/unknown,FAILURE TO YIELD RIGHT OF WAY,COLLEGE MALL RD & MOORES,39.1515459,-86.4979488
2007,6,3,Weekday,300,1-Car,No injury/unknown,ANIMAL/OBJECT IN ROADWAY,ENDWRIGHT & GIFFORD RD,39.15134401,-86.59357801
2007,3,7,Weekend,1100,1-Car,No injury/unknown,RAN OFF ROAD RIGHT,ENDWRIGHT & GIFFORD RD,39.151344,-86.59287252
2007,1,5,Weekday,1700,2-Car,No injury/unknown,VIEW OBSTRUCTED,1700 S CURRY PIKE PARKING LOT PIKE & UNKNOWN,39.1513,-86.582599
2007,8,4,Weekday,1700,2-Car,No injury/unknown,FAILURE TO YIELD RIGHT OF WAY,CONSTITUTION & CURRY PIKE,39.15127953,-86.58266079
2007,10,4,Weekday,1300,2-Car,No injury/unknown,FAILURE TO YIELD RIGHT OF WAY,CONSTITUION & LIBERTY DR,39.1512,-86.57687
2007,5,5,Weekday,600,1-Car,No injury/unknown,OTHER (VEHICLE) - EXPLAIN IN NARRATIVE,2160 SOUTH CURRY PIKE & WOODLYN,39.15106591,-86.582572
2007,1,7,Weekend,1500,2-Car,Non-incapacitating,FOLLOWING TOO CLOSELY,CLARIZZ BLVD & MOORES,39.1508,-86.491299
2007,8,6,Weekday,1400,2-Car,Non-incapacitating,FAILURE TO YIELD RIGHT OF WAY,BLOOMFIELD RD & STONE,39.150799,-86.56800433
2007,6,3,Weekday,1600,2-Car,No injury/unknown,ROADWAY SURFACE CONDITION,HILLSIDE DR & WOODLAWN,39.15072,-86.522496
2007,8,1,Weekend,1700,Cyclist,Incapacitating,FAILURE TO YIELD RIGHT OF WAY,HILLSIDE DR & WOODLAWN,39.15072,-86.522496
2007,8,3,Weekday,1500,2-Car,Non-incapacitating,FOLLOWING TOO CLOSELY,HILLSIDE & WOODLAWN AVE,39.15072,-86.522496
2007,10,7,Weekend,2200,2-Car,No injury/unknown,FAILURE TO YIELD RIGHT OF WAY,HILLSIDE DR & WOODLAWN,39.15072,-86.522496
2007,8,3,Weekday,1400,2-Car,No injury/unknown,FAILURE TO YIELD RIGHT OF WAY,JORDAN AVE & LINGLEBACH,39.15069065,-86.51255573
2007,3,3,Weekday,1500,3+ Cars,No injury/unknown,UNSAFE SPEED,HENDERSON & HILLSIDE DR,39.15067858,-86.52590322
2007,8,6,Weekday,1400,2-Car,No injury/unknown,IMPROPER LANE USAGE,HILLSIDE DR & OLIVE,39.150656,-86.5188
2007,2,3,Weekday,1400,1-Car,No injury/unknown,SPEED TOO FAST FOR WEATHER CONDITIONS,HENDERSON & HILLSIDE DR,39.15064657,-86.5266075
2007,8,1,Weekend,0,2-Car,Non-incapacitating,DISREGARD SIGNAL/REG SIGN,HENDERSON & HILLSIDE DR,39.15064,-86.52696
2007,11,4,Weekday,700,2-Car,Non-incapacitating,ROADWAY SURFACE CONDITION,HENDERSON & HILLSIDE DR,39.15064,-86.52696
2007,5,6,Weekday,700,2-Car,No injury/unknown,FAILURE TO YIELD RIGHT OF WAY,E HILLSIDE DR & S GRANT,39.150592,-86.53008
2007,8,5,Weekday,800,2-Car,No injury/unknown,OTHER (VEHICLE) - EXPLAIN IN NARRATIVE,1409 SOUTH GRANT ST & HILLSIDE,39.150592,-86.53008
2007,9,7,Weekend,1800,2-Car,Non-incapacitating,FAILURE TO YIELD RIGHT OF WAY,GRANT & HILLSIDE DR,39.150592,-86.53008
2007,1,3,Weekday,1500,2-Car,No injury/unknown,OTHER (DRIVER) - EXPLAIN IN NARRATIVE,HILLSIDE DR & MAXWELL,39.150576,-86.515088
2007,1,6,Weekday,800,1-Car,No injury/unknown,SPEED TOO FAST FOR WEATHER CONDITIONS,HILLSIDE DRIVE DR & MAXWELL LANE,39.150576,-86.515088
2007,6,5,Weekday,1000,2-Car,Non-incapacitating,FAILURE TO YIELD RIGHT OF WAY,EAST HILLSIDE DR & MAXWELL,39.150576,-86.515088
2007,7,6,Weekend,1900,1-Car,No injury/unknown,RAN OFF ROAD RIGHT,HILLSIDE & S MAXWELL ST,39.150576,-86.515088
2007,11,5,Weekday,1500,2-Car,No injury/unknown,DISREGARD SIGNAL/REG SIGN,HILLSIDE DR & MAXWELL,39.150576,-86.515088
2007,3,5,Weekday,1200,2-Car,No injury/unknown,UNSAFE BACKING,EAST HILLSIDE DR,39.15056,-86.5324
2007,9,3,Weekday,2100,1-Car,Non-incapacitating,ALCOHOLIC BEVERAGES,FARMER & YOST AVE,39.15056,-86.58076
2007,12,7,Weekend,1500,2-Car,No injury/unknown,FAILURE TO YIELD RIGHT OF WAY,HENDERSON ST & HILLSIDE,39.15056,-86.52691
2007,3,3,Weekday,2000,Moped/Motorcycle,Incapacitating,FAILURE TO YIELD RIGHT OF WAY,HILLSIDE & WALNUT ST,39.150544,-86.5336
2007,4,2,Weekday,2100,2-Car,No injury/unknown,DRIVER DISTRACTED - EXPLAIN IN NARRATIVE,HIGH & HILLSIDE DR,39.150544,-86.508288
2007,6,2,Weekday,1300,2-Car,No injury/unknown,FOLLOWING TOO CLOSELY,HILLSIDE & WALNUT ST,39.150544,-86.5336
2007,8,5,Weekday,2000,2-Car,No injury/unknown,OTHER (DRIVER) - EXPLAIN IN NARRATIVE,E HILLSIDE DR,39.150544,-86.5136
2007,11,6,Weekday,1400,2-Car,No injury/unknown,FAILURE TO YIELD RIGHT OF WAY,HILLSIDE DR & MONON,39.150544,-86.534288
2007,12,6,Weekday,1700,3+ Cars,No injury/unknown,FOLLOWING TOO CLOSELY,EAST HILLSIDE DR & S NANCY,39.150544,-86.511088
2007,12,2,Weekday,1800,Bus,No injury/unknown,LEFT OF CENTER,HILLSIDE DR & WASHINGTON,39.15054,-86.53252
2007,4,3,Weekday,1500,2-Car,No injury/unknown,FAILURE TO YIELD RIGHT OF WAY,CURRY PIKE,39.150531,-86.582599
2007,11,4,Weekday,700,2-Car,Non-incapacitating,FOLLOWING TOO CLOSELY,HILLSIDE & WALNUT ST,39.15052,-86.53367
2007,9,3,Weekday,1900,2-Car,Non-incapacitating,DRIVER DISTRACTED - EXPLAIN IN NARRATIVE,HILLSIDE DR & NANCY,39.15051,-86.51105654
2007,10,7,Weekend,600,2-Car,No injury/unknown,,DALE CT & OLCOTT,39.15050778,-86.48884
2007,7,3,Weekday,1700,2-Car,No injury/unknown,UNSAFE BACKING,HIGHLAND AVE & HILLSIDE,39.15050089,-86.51693388
2007,2,5,Weekday,800,2-Car,No injury/unknown,SPEED TOO FAST FOR WEATHER CONDITIONS,HILLSIDE DR & LINCOLN,39.1505,-86.532499
2007,4,3,Weekday,800,2-Car,No injury/unknown,UNSAFE BACKING,GRANT & HILLSIDE AVE,39.1505,-86.531399
2007,5,3,Weekday,2100,3+ Cars,Non-incapacitating,CELL PHONE USAGE,HILLSIDE DR & NANCY,39.1505,-86.511099
2007,5,5,Weekday,2100,2-Car,No injury/unknown,FOLLOWING TOO CLOSELY,HENDERSON & HILLSIDE DR,39.1505,-86.52664708
2007,5,2,Weekday,1700,2-Car,No injury/unknown,OTHER (DRIVER) - EXPLAIN IN NARRATIVE,HILLSIDE DR & MAXWELL,39.1505,-86.51700419
2007,6,1,Weekend,1400,2-Car,No injury/unknown,OTHER (DRIVER) - EXPLAIN IN NARRATIVE,HENDERSON & HILLSIDE DR,39.1505,-86.5266817
2007,8,3,Weekday,1100,1-Car,No injury/unknown,OTHER (DRIVER) - EXPLAIN IN NARRATIVE,EAST HILLSIDE DR,39.1505,-86.529528
2007,10,4,Weekday,1600,2-Car,Non-incapacitating,DRIVER DISTRACTED - EXPLAIN IN NARRATIVE,CLIFTON & HILLSIDE DR,39.1505,-86.50953
2007,5,1,Weekend,1600,1-Car,Non-incapacitating,ROADWAY SURFACE CONDITION,MOORES PIKE & WINFIELD,39.150496,-86.501088
2007,12,6,Weekend,2100,2-Car,No injury/unknown,SPEED TOO FAST FOR WEATHER CONDITIONS,COLLEGE MALL RD & MOORES,39.15048,-86.49825
2007,6,3,Weekday,1000,2-Car,No injury/unknown,OTHER (DRIVER) - EXPLAIN IN NARRATIVE,COLLEGE MALL RD,39.15045649,-86.49826014
2007,6,4,Weekday,1900,2-Car,No injury/unknown,FOLLOWING TOO CLOSELY,MOORES & SARE RD,39.150448,-86.4992
2007,9,2,Weekday,1900,2-Car,No injury/unknown,OTHER (DRIVER) - EXPLAIN IN NARRATIVE,MOORES & SARE RD,39.150448,-86.4992
2007,9,6,Weekday,1200,2-Car,No injury/unknown,FAILURE TO YIELD RIGHT OF WAY,1300 S COLLEGE MALL RD & MOORES,39.150448,-86.498
2007,11,6,Weekday,1300,3+ Cars,Non-incapacitating,OTHER (DRIVER) - EXPLAIN IN NARRATIVE,E MOORES & SARE RD,39.150448,-86.4992
2007,11,3,Weekday,1000,2-Car,No injury/unknown,FAILURE TO YIELD RIGHT OF WAY,1000 SOUTH COLLEGE MALL RD & MOORES,39.150448,-86.498
2007,9,3,Weekday,1600,2-Car,No injury/unknown,DRIVER DISTRACTED - EXPLAIN IN NARRATIVE,COLLEGE MALL & MOORES PIKE,39.15044746,-86.49798238
2007,12,4,Weekday,1600,2-Car,No injury/unknown,IMPROPER TURNING,COLLEGE MALL & MOORES PIKE,39.15042638,-86.49729507
2007,2,2,Weekday,1400,2-Car,No injury/unknown,FOLLOWING TOO CLOSELY,HENDERSON ST & HILLSIDE,39.15036538,-86.52695451
2007,7,7,Weekend,0,2-Car,Non-incapacitating,DISREGARD SIGNAL/REG SIGN,LAMPKINS RIDGE & STATE ROAD 446,39.150352,-86.471296
2007,7,2,Weekday,1700,2-Car,No injury/unknown,FOLLOWING TOO CLOSELY,MOORES PIKE & SR446,39.150352,-86.471296
2007,9,1,Weekend,1300,2-Car,No injury/unknown,FOLLOWING TOO CLOSELY,MOORES & SR446,39.150352,-86.471296
2007,9,7,Weekend,1800,2-Car,Non-incapacitating,FAILURE TO YIELD RIGHT OF WAY,LAMPKINS RIDGE ROAD & SR446N,39.150352,-86.471296
2007,9,1,Weekend,1100,Moped/Motorcycle,Non-incapacitating,FOLLOWING TOO CLOSELY,MOORES PIKE & SR 446 HWY,39.15035,-86.47139
2007,5,2,Weekday,800,2-Car,No injury/unknown,FAILURE TO YIELD RIGHT OF WAY,MOORES & SR446S,39.15031306,-86.47140384
2007,10,4,Weekday,1600,2-Car,No injury/unknown,IMPROPER TURNING,MOORES & SR446S,39.15031306,-86.47140384
2007,11,6,Weekday,1000,1-Car,No injury/unknown,RAN OFF ROAD RIGHT,EAST MOORES PIKE,39.150246,-86.488376
2007,1,2,Weekday,1100,2-Car,Non-incapacitating,DISREGARD SIGNAL/REG SIGN,MOORES PIKE & SMITH,39.150224,-86.480464
2007,4,3,Weekday,800,2-Car,No injury/unknown,FAILURE TO YIELD RIGHT OF WAY,E MOORES PIKE & S SMITH,39.150224,-86.480464
2007,10,3,Weekday,2000,2-Car,No injury/unknown,DISREGARD SIGNAL/REG SIGN,MOORES & SMITH RD,39.15022,-86.48046
2007,1,2,Weekday,2000,1-Car,Non-incapacitating,ANIMAL/OBJECT IN ROADWAY,MOORES PIKE & OLCOTT,39.1502,-86.487299
2007,1,4,Weekday,1900,Pedestrian,Non-incapacitating,PEDESTRIAN ACTION,MOORES PIKE & OLCOTT,39.1502,-86.487299
2007,4,7,Weekend,1900,2-Car,No injury/unknown,ALCOHOLIC BEVERAGES,GRANT & SOUTHERN DR,39.14984001,-86.52939052
2007,2,3,Weekday,0,2-Car,No injury/unknown,RAN OFF ROAD RIGHT,E SOUTHERN DR,39.14984,-86.53006432
2007,3,6,Weekday,400,2-Car,No injury/unknown,UNSAFE BACKING,E SOUTHERN DR,39.14984,-86.5300168
2007,6,2,Weekday,600,Cyclist,Non-incapacitating,OTHER (DRIVER) - EXPLAIN IN NARRATIVE,S WALNUT ST & SOUTHERN,39.14984,-86.533392
2007,7,1,Weekend,700,2-Car,No injury/unknown,UNSAFE BACKING,E SOUTHERN DR,39.14984,-86.5300168
2007,2,2,Weekday,2300,1-Car,No injury/unknown,SPEED TOO FAST FOR WEATHER CONDITIONS,BLOOMFIELD RD,39.14974957,-86.56891162
2007,6,6,Weekday,1000,2-Car,No injury/unknown,FAILURE TO YIELD RIGHT OF WAY,WEST BLOOMFIELD RD,39.14974957,-86.56891162
2007,5,3,Weekday,1400,2-Car,No injury/unknown,IMPROPER TURNING,2ND & WALNUT ST,39.14968252,-86.533599
2007,4,5,Weekday,1300,2-Car,Non-incapacitating,DRIVER DISTRACTED - EXPLAIN IN NARRATIVE,CONSTITUTION & LIBERTY DR,39.149552,-86.575936
2007,7,4,Weekday,2300,1-Car,No injury/unknown,ALCOHOLIC BEVERAGES,CONSTITUTION & LIBERTY DR,39.149552,-86.575936
2007,10,4,Weekday,1700,2-Car,Non-incapacitating,FOLLOWING TOO CLOSELY,CONSTITUTION & LIBERTY DR,39.149552,-86.575936
2007,9,4,Weekday,1200,2-Car,No injury/unknown,UNSAFE BACKING,S LIBERTY DR,39.149475,-86.576882
2007,2,3,Weekday,1300,2-Car,No injury/unknown,OTHER (VEHICLE) - EXPLAIN IN NARRATIVE,W BLOOMFIELD RD,39.14936,-86.57008
2007,10,5,Weekday,1600,Moped/Motorcycle,Non-incapacitating,LEFT OF CENTER,MOORES & SARE RD,39.14935129,-86.49911683
2007,9,1,Weekday,2000,2-Car,No injury/unknown,UNSAFE BACKING,HENDERSON ST,39.14928,-86.526929
2007,6,3,Weekday,1200,2-Car,No injury/unknown,FOLLOWING TOO CLOSELY,BEASLEY & CURRY PIKE,39.149152,-86.582704
2007,12,4,Weekday,1400,3+ Cars,Non-incapacitating,GLARE,BEASLEY & SOUTH CURRY PIKE,39.149152,-86.582704
2007,10,4,Weekday,1600,2-Car,No injury/unknown,FOLLOWING TOO CLOSELY,EASTGATE & SR46S,39.14902677,-86.50147033
2007,9,3,Weekday,1700,2-Car,No injury/unknown,FAILURE TO YIELD RIGHT OF WAY,CONSTITUTION & LIBERTY DR,39.14900352,-86.57590792
2007,2,2,Weekday,1700,2-Car,Non-incapacitating,FAILURE TO YIELD RIGHT OF WAY,S WALNUT ST & VERMILYA,39.148928,-86.53312
2007,7,1,Weekday,2300,2-Car,No injury/unknown,DRIVER DISTRACTED - EXPLAIN IN NARRATIVE,MILLER & WALNUT ST,39.1489,-86.533199
2007,10,3,Weekday,1400,2-Car,No injury/unknown,UNSAFE BACKING,S WALNUT ST,39.14878,-86.533076
2007,2,6,Weekday,1200,2-Car,No injury/unknown,IMPROPER PASSING,45 & LIBERTY DR,39.14877819,-86.57591328
2007,3,2,Weekday,1500,2-Car,No injury/unknown,FAILURE TO YIELD RIGHT OF WAY,3RD & LIBERTY DR,39.14873834,-86.579099
2007,2,7,Weekend,0,2-Car,No injury/unknown,,MAXWELL & S PARK AVE,39.14872699,-86.523799
2007,5,3,Weekday,1600,3+ Cars,No injury/unknown,FOLLOWING TOO CLOSELY,SR37S & SR45W,39.1485559,-86.57300284
2007,11,5,Weekday,1500,3+ Cars,Non-incapacitating,OTHER (DRIVER) - EXPLAIN IN NARRATIVE,SR37S & SR45W,39.1485559,-86.57300284
2007,1,3,Weekday,700,1-Car,Non-incapacitating,DRIVER DISTRACTED - EXPLAIN IN NARRATIVE,BLOOMFIELD & OAKDALE DR,39.148544,-86.571504
2007,2,7,Weekend,2100,1-Car,No injury/unknown,SPEED TOO FAST FOR WEATHER CONDITIONS,SR446,39.148464,-86.471256
2007,5,1,Weekend,1000,1-Car,No injury/unknown,TIRE FAILURE OR DEFECTIVE,SR446S,39.148464,-86.471256
2007,1,1,Weekend,1200,2-Car,No injury/unknown,IMPROPER LANE USAGE,SR37S & SR45W,39.1484186,-86.57299923
2007,1,1,Weekend,1200,2-Car,Non-incapacitating,FOLLOWING TOO CLOSELY,SR37N & SR45E,39.1484186,-86.57299923
2007,11,6,Weekday,1600,2-Car,No injury/unknown,OTHER (DRIVER) - EXPLAIN IN NARRATIVE,SR37S & SR45W,39.1484186,-86.57299923
2007,1,6,Weekday,1500,2-Car,No injury/unknown,OTHER (DRIVER) - EXPLAIN IN NARRATIVE,SR37 & SR45,39.148144,-86.572992
2007,1,6,Weekday,1500,2-Car,Non-incapacitating,DRIVER DISTRACTED - EXPLAIN IN NARRATIVE,SR37S & SR45W,39.148144,-86.572992
2007,2,1,Weekend,1200,2-Car,No injury/unknown,FAILURE TO YIELD RIGHT OF WAY,SR37S & SR45S,39.148144,-86.572992
2007,3,3,Weekday,1400,2-Car,No injury/unknown,FOLLOWING TOO CLOSELY,SR37S & SR45W,39.148144,-86.572992
2007,4,3,Weekday,1800,2-Car,No injury/unknown,FOLLOWING TOO CLOSELY,BLOOMFIELD & SR37S,39.148144,-86.572992
2007,4,6,Weekday,1600,2-Car,Non-incapacitating,FAILURE TO YIELD RIGHT OF WAY,SR37S & SR45W,39.148144,-86.572992
2007,4,1,Weekend,1700,2-Car,No injury/unknown,FAILURE TO YIELD RIGHT OF WAY,37 & SR45W,39.148144,-86.572992
2007,4,6,Weekday,1400,2-Car,No injury/unknown,OTHER (DRIVER) - EXPLAIN IN NARRATIVE,SR37S & SR45W,39.148144,-86.572992
2007,5,6,Weekday,1800,3+ Cars,Non-incapacitating,FAILURE TO YIELD RIGHT OF WAY,SR37S & SR45W,39.148144,-86.572992
2007,5,3,Weekday,1900,3+ Cars,Non-incapacitating,FAILURE TO YIELD RIGHT OF WAY,SR37S & SR45W,39.148144,-86.572992
2007,5,3,Weekday,1000,2-Car,Non-incapacitating,FAILURE TO YIELD RIGHT OF WAY,BLOOMFIELD & SR37S,39.148144,-86.572992
2007,5,7,Weekend,1300,2-Car,No injury/unknown,OTHER (DRIVER) - EXPLAIN IN NARRATIVE,SR37S & SR45W,39.148144,-86.572992
2007,5,4,Weekday,1300,2-Car,No injury/unknown,FAILURE TO YIELD RIGHT OF WAY,SR37S & SR45W,39.148144,-86.572992
2007,6,5,Weekday,1700,3+ Cars,No injury/unknown,FAILURE TO YIELD RIGHT OF WAY,SR37S & SR45W,39.148144,-86.572992
2007,6,4,Weekday,1500,2-Car,No injury/unknown,DRIVER DISTRACTED - EXPLAIN IN NARRATIVE,SR37S & SR45W,39.148144,-86.572992
2007,6,6,Weekday,1600,3+ Cars,Non-incapacitating,OTHER (DRIVER) - EXPLAIN IN NARRATIVE,SR37S & SR45W,39.148144,-86.572992
2007,7,5,Weekday,1700,2-Car,No injury/unknown,OTHER (DRIVER) - EXPLAIN IN NARRATIVE,SR37S & SR45W,39.148144,-86.572992
2007,8,6,Weekday,1500,2-Car,No injury/unknown,OTHER (DRIVER) - EXPLAIN IN NARRATIVE,SR37S & SR45W,39.148144,-86.572992
2007,8,3,Weekday,1400,2-Car,No injury/unknown,OTHER (DRIVER) - EXPLAIN IN NARRATIVE,SR37 & SR45,39.148144,-86.572992