Year,Month,Day,Weekend?,Hour,Collision Type,Injury Type,Primary Factor,Reported_Location,Latitude,Longitude
2007,8,6,Weekday,1500,2-Car,No injury/unknown,OTHER (DRIVER) - EXPLAIN IN NARRATIVE,SR37N & SR45W,39.148144,-86.572992
2007,7,4,Weekday,800,2-Car,No injury/unknown,FOLLOWING TOO CLOSELY,BLOOMFIELD & SR37S,39.148144,-86.572992
2007,9,7,Weekend,1500,2-Car,Non-incapacitating,FOLLOWING TOO CLOSELY,SR37 & SR45,39.148144,-86.572992
2007,9,3,Weekday,1500,3+ Cars,No injury/unknown,FOLLOWING TOO CLOSELY,SR37S & SR45W,39.148144,-86.572992
2007,9,6,Weekday,900,2-Car,Non-incapacitating,DISREGARD SIGNAL/REG SIGN,SR37S & SR45W,39.148144,-86.572992
2007,10,2,Weekday,1800,3+ Cars,No injury/unknown,FAILURE TO YIELD RIGHT OF WAY,SR37S & SR45W,39.148144,-86.572992
2007,10,4,Weekday,1300,2-Car,No injury/unknown,OTHER (DRIVER) - EXPLAIN IN NARRATIVE,SR37S & SR45W,39.148144,-86.572992
2007,10,2,Weekday,1500,2-Car,Non-incapacitating,FAILURE TO YIELD RIGHT OF WAY,SR37N & SR45E,39.148144,-86.572992
2007,11,7,Weekend,1800,2-Car,No injury/unknown,FOLLOWING TOO CLOSELY,SR37 & SR45,39.148144,-86.572992
2007,11,1,Weekend,1600,2-Car,No injury/unknown,FAILURE TO YIELD RIGHT OF WAY,SR37N & SR45W,39.148144,-86.572992
2007,12,7,Weekend,1500,2-Car,No injury/unknown,FOLLOWING TOO CLOSELY,SR37S & SR45W,39.148144,-86.572992
2007,12,7,Weekend,1600,2-Car,Non-incapacitating,FOLLOWING TOO CLOSELY,SR37S & SR45W,39.148144,-86.572992
2007,2,3,Weekday,1400,2-Car,Non-incapacitating,LEFT OF CENTER,BLOOMFIELD & OAKDALE DR,39.14804632,-86.57151461
2007,10,6,Weekday,900,3+ Cars,Non-incapacitating,DRIVER ILLNESS,E WYLIE & S WASHINGTON ST,39.14778724,-86.53242
2007,11,4,Weekday,1200,2-Car,No injury/unknown,IMPROPER PASSING,S WASHINGTON ST ST & WYLIE ST,39.14778724,-86.53242
2007,1,2,Weekday,1400,2-Car,No injury/unknown,UNSAFE SPEED,ARDEN & HIGH ST,39.147504,-86.508256
2007,2,3,Weekday,100,1-Car,No injury/unknown,,S PARK AVE,39.147504,-86.524264
2007,3,2,Weekday,1500,2-Car,No injury/unknown,DRIVER DISTRACTED - EXPLAIN IN NARRATIVE,ARDEN & HIGH ST,39.147504,-86.508256
2007,5,1,Weekend,300,1-Car,No injury/unknown,,CURRY & ROLL AVE,39.14744,-86.582592
2007,6,4,Weekday,1500,2-Car,Non-incapacitating,OTHER (DRIVER) - EXPLAIN IN NARRATIVE,CURRY PIKE & ROLL,39.14744,-86.582592
2007,7,3,Weekday,2300,2-Car,Non-incapacitating,FOLLOWING TOO CLOSELY,WEST ST RD 45 HWY,39.147401,-86.573198
2007,10,5,Weekday,1800,1-Car,No injury/unknown,SPEED TOO FAST FOR WEATHER CONDITIONS,ARDEN & HIGH ST,39.14731,-86.50836
2007,3,6,Weekday,1700,2-Car,No injury/unknown,UNSAFE BACKING,W STATE RD 45 RD,39.147309,-86.573368
2007,9,6,Weekday,100,1-Car,Non-incapacitating,ANIMAL/OBJECT IN ROADWAY,INDIANA AVE & SEVENTEENTH,39.14728499,-86.52705
2007,2,4,Weekday,1500,2-Car,No injury/unknown,FAILURE TO YIELD RIGHT OF WAY,HENDERSON ST & MILLER,39.147152,-86.526896
2007,7,1,Weekday,1900,2-Car,No injury/unknown,FAILURE TO YIELD RIGHT OF WAY,HENDERSON & MILLER DR,39.147152,-86.526896
2007,5,4,Weekday,1500,2-Car,No injury/unknown,UNSAFE BACKING,E MILLER DR,39.14715071,-86.52686966
2007,11,7,Weekend,900,1-Car,No injury/unknown,RAN OFF ROAD RIGHT,HENDERSON & MILLER DR,39.14714336,-86.52671999
2007,1,6,Weekday,1400,2-Car,No injury/unknown,OTHER (DRIVER) - EXPLAIN IN NARRATIVE,CHEROKEE DR & ROGERS,39.1470085,-86.54056349
2007,2,4,Weekday,1300,2-Car,No injury/unknown,SPEED TOO FAST FOR WEATHER CONDITIONS,HIGHLAND & MILLER DR,39.146992,-86.517392
2007,7,2,Weekday,1100,2-Car,Non-incapacitating,DRIVER DISTRACTED - EXPLAIN IN NARRATIVE,CHEROKEE & ROGERS ST,39.146992,-86.5388
2007,8,7,Weekend,1900,2-Car,No injury/unknown,FOLLOWING TOO CLOSELY,SR 37 & SR45W,39.14698676,-86.57320781
2007,1,6,Weekend,2200,2-Car,Non-incapacitating,DISREGARD SIGNAL/REG SIGN,E MILLER & S MAXWELL ST,39.14696,-86.514992
2007,4,1,Weekend,1400,2-Car,No injury/unknown,OTHER (DRIVER) - EXPLAIN IN NARRATIVE,E MILLER DR,39.14695235,-86.53231717
2007,1,4,Weekday,900,2-Car,No injury/unknown,UNSAFE BACKING,MILLER DR & WALNUT,39.146944,-86.532544
2007,2,3,Weekday,100,2-Car,No injury/unknown,DRIVER ASLEEP OR FATIGUED,100 E MILLER DR & E MILLER,39.146944,-86.514192
2007,2,3,Weekday,900,2-Car,No injury/unknown,DRIVER DISTRACTED - EXPLAIN IN NARRATIVE,MILLER DR & WALNUT,39.146944,-86.532544
2007,3,3,Weekday,1200,2-Car,No injury/unknown,FOLLOWING TOO CLOSELY,MILLER & WALNUT ST,39.146944,-86.532544
2007,4,6,Weekday,1500,2-Car,No injury/unknown,DRIVER DISTRACTED - EXPLAIN IN NARRATIVE,E MILLER & S WALNUT ST,39.146944,-86.532544
2007,5,3,Weekday,900,Moped/Motorcycle,Incapacitating,FAILURE TO YIELD RIGHT OF WAY,MILLER & S WALNUT ST,39.146944,-86.532544
2007,5,5,Weekday,1600,1-Car,No injury/unknown,UNSAFE SPEED,WINDSOR DR,39.146944,-86.513296
2007,6,6,Weekday,1700,Cyclist,Non-incapacitating,DRIVER DISTRACTED - EXPLAIN IN NARRATIVE,OAKDALE DR,39.146944,-86.5712
2007,10,6,Weekend,1900,2-Car,Non-incapacitating,FAILURE TO YIELD RIGHT OF WAY,EAST MILLER & SOUTH WALNUT ST,39.146944,-86.532544
2007,10,4,Weekday,800,3+ Cars,Non-incapacitating,FAILURE TO YIELD RIGHT OF WAY,E MILLER & S WALNUT ST,39.146944,-86.532544
2007,9,3,Weekday,900,2-Car,No injury/unknown,FOLLOWING TOO CLOSELY,MILLER DRIVE & S WALNUT ST ST,39.14689,-86.53265
2007,12,6,Weekday,1700,1-Car,No injury/unknown,SPEED TOO FAST FOR WEATHER CONDITIONS,WILTON & WINDSOR ST,39.14664,-86.51113851
2007,2,2,Weekday,1700,3+ Cars,Non-incapacitating,FOLLOWING TOO CLOSELY,ROCKPORT & ROGERS ST,39.146399,-86.538899
2007,2,7,Weekend,0,1-Car,No injury/unknown,UNSAFE SPEED,45 & LIBERTY DR,39.14637418,-86.57702811
2007,6,7,Weekend,1900,2-Car,No injury/unknown,IMPROPER LANE USAGE,S WALNUT ST,39.14633511,-86.53236178
2007,4,6,Weekday,1500,2-Car,No injury/unknown,DRIVER DISTRACTED - EXPLAIN IN NARRATIVE,LIBERTY & SR45W,39.14596587,-86.5761816
2007,11,3,Weekday,1300,2-Car,No injury/unknown,FAILURE TO YIELD RIGHT OF WAY,MILLER & WALNUT ST,39.14587404,-86.53222379
2007,9,6,Weekday,1700,2-Car,No injury/unknown,FOLLOWING TOO CLOSELY,LIBERTY & SR45W,39.14555674,-86.57688767
2007,4,2,Weekday,1300,2-Car,No injury/unknown,IMPROPER TURNING,KIRKWOOD & S COLLEGE AVE,39.14545004,-86.534899
2007,1,2,Weekday,1700,2-Car,No injury/unknown,IMPROPER TURNING,LIBERTY DR & SR45,39.14542545,-86.5776316
2007,1,2,Weekday,1000,2-Car,Non-incapacitating,FOLLOWING TOO CLOSELY,ROBINS BOW & WINSTON ST,39.1454,-86.492699
2007,12,2,Weekday,1600,3+ Cars,Non-incapacitating,OTHER (DRIVER) - EXPLAIN IN NARRATIVE,LIBERTY & SR45W,39.14539484,-86.57717261
2007,1,6,Weekday,1800,2-Car,Non-incapacitating,FAILURE TO YIELD RIGHT OF WAY,LIBERTY & SR45W,39.14531389,-86.57731507
2007,6,1,Weekend,1500,2-Car,No injury/unknown,FAILURE TO YIELD RIGHT OF WAY,LIBERTY & SR45W,39.14531389,-86.57731507
2007,11,3,Weekday,1600,2-Car,No injury/unknown,OTHER (DRIVER) - EXPLAIN IN NARRATIVE,LIBERTY & SR45W,39.14531389,-86.57731507
2007,3,7,Weekend,1600,2-Car,No injury/unknown,OTHER (DRIVER) - EXPLAIN IN NARRATIVE,S LIBERTY DR,39.145264,-86.577616
2007,8,5,Weekday,1300,2-Car,No injury/unknown,OTHER (DRIVER) - EXPLAIN IN NARRATIVE,S LIBERTY DR,39.145264,-86.577616
2007,8,2,Weekday,1600,2-Car,No injury/unknown,OTHER (DRIVER) - EXPLAIN IN NARRATIVE,LIBERTY DR,39.145264,-86.577616
2007,9,4,Weekday,1500,2-Car,No injury/unknown,OTHER (DRIVER) - EXPLAIN IN NARRATIVE,S LIBERTY DR BLOOMINGTON IN DR,39.145264,-86.577616
2007,10,3,Weekday,1000,2-Car,No injury/unknown,UNSAFE BACKING,S LIBERTY DR,39.145264,-86.577616
2007,10,2,Weekday,2000,1-Car,No injury/unknown,OTHER (DRIVER) - EXPLAIN IN NARRATIVE,S LIBERTY DR,39.145264,-86.577616
2007,10,6,Weekday,1200,2-Car,Non-incapacitating,FAILURE TO YIELD RIGHT OF WAY,S LIBERTY DR,39.145264,-86.577616
2007,11,7,Weekend,1300,2-Car,No injury/unknown,UNSAFE BACKING,S LIBERTY DR,39.145264,-86.577616
2007,12,2,Weekday,1600,1-Car,No injury/unknown,NONE (DRIVER),S LIBERTY DR,39.145264,-86.577616
2007,1,4,Weekday,0,1-Car,Non-incapacitating,DRIVER DISTRACTED - EXPLAIN IN NARRATIVE,HICKORY LEAF & SR45E,39.145152,-86.5776
2007,4,3,Weekday,1500,1-Car,Non-incapacitating,RAN OFF ROAD RIGHT,LIBERTY & SR45W,39.145152,-86.5776
2007,5,5,Weekday,1700,2-Car,No injury/unknown,FAILURE TO YIELD RIGHT OF WAY,LIBERTY & SR45W,39.145152,-86.5776
2007,6,3,Weekday,1500,2-Car,No injury/unknown,FOLLOWING TOO CLOSELY,LIBERTY & SR45W,39.145152,-86.5776
2007,6,7,Weekend,1300,2-Car,No injury/unknown,FOLLOWING TOO CLOSELY,LIBERTY & SR45E,39.145152,-86.5776
2007,8,4,Weekday,1100,2-Car,Non-incapacitating,FAILURE TO YIELD RIGHT OF WAY,LIBERTY & SR45W,39.145152,-86.5776
2007,12,6,Weekday,1800,3+ Cars,Non-incapacitating,FOLLOWING TOO CLOSELY,LIBERTY & SR45W,39.145152,-86.5776
2007,12,2,Weekday,1500,2-Car,No injury/unknown,DRIVER DISTRACTED - EXPLAIN IN NARRATIVE,HICKORY LEAF & I45E,39.145152,-86.5776
2007,6,4,Weekday,2000,2-Car,No injury/unknown,FOLLOWING TOO CLOSELY,LIBERTY & SR45E,39.14507343,-86.57774464
2007,12,2,Weekday,1700,2-Car,No injury/unknown,OTHER (DRIVER) - EXPLAIN IN NARRATIVE,HICKORY LEAF & SR45W,39.145042,-86.5778025
2007,1,1,Weekend,1200,2-Car,No injury/unknown,FAILURE TO YIELD RIGHT OF WAY,LIBERTY & SR45W,39.14500942,-86.57776354
2007,8,4,Weekday,900,2-Car,No injury/unknown,FAILURE TO YIELD RIGHT OF WAY,LIBERTY & SR45W,39.14500942,-86.57775748
2007,11,7,Weekend,1700,2-Car,No injury/unknown,FOLLOWING TOO CLOSELY,LIBERTY & SR45,39.14500942,-86.57778952
2007,4,6,Weekday,1800,2-Car,No injury/unknown,FOLLOWING TOO CLOSELY,LIBERTY & SR45W,39.14491629,-86.57803393
2007,2,1,Weekend,1700,2-Car,No injury/unknown,FAILURE TO YIELD RIGHT OF WAY,HENDERSON ST & NORTH,39.144848,-86.526848
2007,3,5,Weekday,600,2-Car,No injury/unknown,ALCOHOLIC BEVERAGES,1900 SOUTH HENDERSON ST & NORTH,39.144848,-86.526848
2007,5,6,Weekday,1300,2-Car,No injury/unknown,IMPROPER PASSING,NORTH & S WALNUT ST,39.144752,-86.531888
2007,9,1,Weekend,300,2-Car,No injury/unknown,ALCOHOLIC BEVERAGES,NORTH & SOUTH WALNUT ST,39.144752,-86.531888
2007,11,5,Weekday,1700,2-Car,Non-incapacitating,DISREGARD SIGNAL/REG SIGN,NORTH & SOUTH WALNUT ST,39.144752,-86.531888
2007,12,6,Weekday,1500,2-Car,No injury/unknown,FOLLOWING TOO CLOSELY,NORTH DR & WALNUT,39.144752,-86.531888
2007,2,6,Weekday,900,2-Car,No injury/unknown,OTHER (DRIVER) - EXPLAIN IN NARRATIVE,W SPRUCE DR,39.144672,-86.571342
2007,1,3,Weekday,900,2-Car,Non-incapacitating,ROADWAY SURFACE CONDITION,HENDERSON & SUMMITVIEW PL,39.1446,-86.52653926
2007,8,1,Weekend,1500,1-Car,No injury/unknown,BRAKE FAILURE OR DEFECTIVE,HENDERSON & SUMMIT VIEW PL,39.1446,-86.5261
2007,3,5,Weekday,1800,1-Car,Non-incapacitating,DRIVER ASLEEP OR FATIGUED,HENDERSON ST & NORTH,39.14457337,-86.52684313
2007,2,6,Weekday,800,2-Car,No injury/unknown,OTHER (ENVIRONMENTAL) - EXPLAIN IN NARR,1900 SOUTH HENDERSON & SUMMITVIEW PL,39.14456887,-86.52698792
2007,12,2,Weekday,300,1-Car,Non-incapacitating,ALCOHOLIC BEVERAGES,ALPINE & EAST SUMMITVIEW PL,39.14456887,-86.52612731
2007,12,2,Weekday,1600,2-Car,Non-incapacitating,FOLLOWING TOO CLOSELY,HENDERSON ST & NORTH,39.14455,-86.52696
2007,9,1,Weekday,2000,1-Car,Non-incapacitating,ANIMAL/OBJECT IN ROADWAY,KNIGHTRIDGE & SR446N,39.1442137,-86.4668481
2007,11,5,Weekday,800,2-Car,No injury/unknown,DRIVER DISTRACTED - EXPLAIN IN NARRATIVE,GREEN BRIAR LN & HIGH,39.14411,-86.50832
2007,12,6,Weekday,1500,2-Car,No injury/unknown,IMPROPER TURNING,NORTH & S WALNUT ST,39.14411,-86.53181
2007,3,1,Weekend,1500,2-Car,No injury/unknown,OVERSIZE/OVERWEIGHT LOAD,MORMAND & OLD STATE ROAD 37 RD,39.14403694,-86.54116739
2007,2,4,Weekday,800,1-Car,No injury/unknown,SPEED TOO FAST FOR WEATHER CONDITIONS,AZALEA LN & CHRIS,39.144,-86.51970765
2007,11,4,Weekday,700,2-Car,No injury/unknown,DRIVER DISTRACTED - EXPLAIN IN NARRATIVE,HENDERSON ST & WINSLOW,39.14396505,-86.52688
2007,10,4,Weekday,1700,2-Car,No injury/unknown,FAILURE TO YIELD RIGHT OF WAY,CURRY PIKE & INDUSTRIAL,39.14393,-86.58262
2007,5,6,Weekday,1000,2-Car,Non-incapacitating,LEFT OF CENTER,PATTERSON & ROGERS ST,39.14392829,-86.538699
2007,6,6,Weekend,2200,2-Car,No injury/unknown,DRIVER ASLEEP OR FATIGUED,MCMILLAN & WINSTON ST,39.1439,-86.4914163
2007,11,2,Weekday,1100,2-Car,No injury/unknown,ROADWAY SURFACE CONDITION,S HIGHLAND AVE & SHORT,39.143888,-86.517296
2007,3,4,Weekday,1900,2-Car,No injury/unknown,UNSAFE BACKING,GIFFORD & HICKORY GROVE LN,39.14382831,-86.5903
2007,9,3,Weekday,100,1-Car,Non-incapacitating,ALCOHOLIC BEVERAGES,CURRY PIKE & INDUSTRIAL,39.143808,-86.582592
2007,10,4,Weekday,1500,2-Car,No injury/unknown,FOLLOWING TOO CLOSELY,INDUSTRIAL & SR45W,39.14371449,-86.58024364
2007,10,6,Weekday,1500,2-Car,No injury/unknown,OTHER (DRIVER) - EXPLAIN IN NARRATIVE,INDUSTRIAL & SR45W,39.14371449,-86.58024364
2007,1,4,Weekday,2100,2-Car,No injury/unknown,FAILURE TO YIELD RIGHT OF WAY,INDUSTRIAL & SR45,39.14363313,-86.58033852
2007,6,3,Weekday,1700,2-Car,Non-incapacitating,FOLLOWING TOO CLOSELY,INDUSTRIAL & SR45W,39.14363313,-86.58032987
2007,4,1,Weekend,1200,2-Car,No injury/unknown,FAILURE TO YIELD RIGHT OF WAY,INDUSTRIAL & SR45S,39.143552,-86.580528
2007,9,5,Weekday,1500,Bus,No injury/unknown,OTHER (DRIVER) - EXPLAIN IN NARRATIVE,SOUTH WALNUT ST,39.143341,-86.531586
2007,11,1,Weekend,,1-Car,No injury/unknown,LEFT OF CENTER,AZALEA LN & SUMMERWOOD,39.14312,-86.52290731
2007,2,2,Weekday,1500,2-Car,Non-incapacitating,FOLLOWING TOO CLOSELY,HIGH ST & MEADOWBLUFF,39.142912,-86.508192
2007,6,4,Weekday,800,2-Car,No injury/unknown,UNSAFE BACKING,SO WALNUT ST,39.14269,-86.531394
2007,6,4,Weekday,800,2-Car,Non-incapacitating,LEFT OF CENTER,PINEWOOD & SOUTH WALNUT ST,39.14256564,-86.531399
2007,4,3,Weekday,1400,2-Car,No injury/unknown,IMPROPER TURNING,S WALNUT ST,39.142555,-86.531238
2007,9,7,Weekend,1500,2-Car,No injury/unknown,DRIVER DISTRACTED - EXPLAIN IN NARRATIVE,W SR 45 RD,39.142381,-86.581967
2007,12,7,Weekend,1600,1-Car,No injury/unknown,OTHER (DRIVER) - EXPLAIN IN NARRATIVE,WEST STATE RD 45 RD,39.142381,-86.581967
2007,12,2,Weekday,2000,2-Car,No injury/unknown,IMPROPER LANE USAGE,WEST STATE ROAD 45 RD,39.142381,-86.581967
2007,1,1,Weekend,1800,2-Car,Non-incapacitating,OTHER (DRIVER) - EXPLAIN IN NARRATIVE,SR 45 HWY,39.142304,-86.582068
2007,1,5,Weekday,2000,2-Car,No injury/unknown,UNSAFE BACKING,WEST STATE ROAD 45 HWY,39.142304,-86.582068
2007,2,3,Weekday,100,2-Car,No injury/unknown,OTHER (DRIVER) - EXPLAIN IN NARRATIVE,W SR 45 HWY,39.142304,-86.582068
2007,3,7,Weekend,1500,2-Car,No injury/unknown,FOLLOWING TOO CLOSELY,W STATE ROAD 45 RD,39.142304,-86.582068
2007,3,6,Weekend,1900,2-Car,Non-incapacitating,FAILURE TO YIELD RIGHT OF WAY,W STATE RD 45 RD,39.142304,-86.582068
2007,3,1,Weekday,1900,2-Car,No injury/unknown,OTHER (VEHICLE) - EXPLAIN IN NARRATIVE,WEST STATE ROAD 45 RD,39.142304,-86.582068
2007,4,4,Weekday,1800,2-Car,No injury/unknown,UNSAFE BACKING,WEST STATE ROAD 45 RD,39.142304,-86.582068
2007,4,1,Weekend,1600,2-Car,No injury/unknown,UNSAFE BACKING,STATE ROAD 45 WEST HWY,39.142304,-86.582068
2007,5,3,Weekday,1500,2-Car,No injury/unknown,OTHER (DRIVER) - EXPLAIN IN NARRATIVE,WEST ST ROAD 45 RD,39.142304,-86.582068
2007,8,4,Weekday,1800,3+ Cars,No injury/unknown,IMPROPER LANE USAGE,SR 45 WEST HWY,39.142304,-86.582068
2007,7,3,Weekday,1400,2-Car,No injury/unknown,IMPROPER PASSING,CURRY & SR45W,39.1422732,-86.58228296
2007,12,4,Weekday,1700,2-Car,No injury/unknown,FAILURE TO YIELD RIGHT OF WAY,BLOOMFIELD & SR37S,39.14221752,-86.57320781
2007,5,3,Weekday,1600,3+ Cars,Non-incapacitating,DISREGARD SIGNAL/REG SIGN,COOLIDGE & S ROGERS ST,39.1422,-86.538895
2007,2,5,Weekday,700,1-Car,No injury/unknown,SPEED TOO FAST FOR WEATHER CONDITIONS,AZALEA & WYLIE FARMS RD,39.142199,-86.524795
2007,1,3,Weekday,900,2-Car,No injury/unknown,UNSAFE BACKING,1900 SOUTH HENDERSON ST & SOUTH,39.142144,-86.5268
2007,7,2,Weekday,1300,2-Car,No injury/unknown,UNSAFE SPEED,BURKS & SOUTH WALNUT ST,39.14206551,-86.531399
2007,3,1,Weekend,700,1-Car,No injury/unknown,DRIVER ASLEEP OR FATIGUED,LEONARD SPRINGS RD & SR45W,39.142048,-86.582592
2007,4,2,Weekday,2000,2-Car,No injury/unknown,FOLLOWING TOO CLOSELY,CURRY PIKE & STATE ROAD 45,39.142048,-86.582592
2007,5,6,Weekend,2100,2-Car,No injury/unknown,OTHER (DRIVER) - EXPLAIN IN NARRATIVE,LEONARD SPRINGS & SR45W,39.142048,-86.582592
2007,5,6,Weekday,1500,2-Car,No injury/unknown,DISREGARD SIGNAL/REG SIGN,CURRY & SR45W,39.142048,-86.582592
2007,5,3,Weekday,1700,2-Car,No injury/unknown,OTHER (DRIVER) - EXPLAIN IN NARRATIVE,LEONARD SPRINGS & SR45W,39.142048,-86.582592
2007,8,6,Weekend,1900,2-Car,No injury/unknown,FAILURE TO YIELD RIGHT OF WAY,LEONARD SPRINGS & SR45W,39.142048,-86.582592
2007,7,6,Weekday,900,2-Car,No injury/unknown,FAILURE TO YIELD RIGHT OF WAY,LEONARD SPRINGS & SR45W,39.142048,-86.582592
2007,9,6,Weekday,1700,2-Car,No injury/unknown,DISREGARD SIGNAL/REG SIGN,LEONARD SPRINGS & SR45,39.142048,-86.582592
2007,11,7,Weekend,1700,2-Car,Non-incapacitating,FAILURE TO YIELD RIGHT OF WAY,LEONARD SPRINGS & SR45,39.142048,-86.582592
2007,12,2,Weekday,700,2-Car,Non-incapacitating,FAILURE TO YIELD RIGHT OF WAY,LEONARD SPRINGS & SR45W,39.142048,-86.582592
2007,12,7,Weekend,600,2-Car,No injury/unknown,OTHER (DRIVER) - EXPLAIN IN NARRATIVE,CURRY & SR45W,39.142048,-86.582592
2007,3,4,Weekday,2200,2-Car,No injury/unknown,FOLLOWING TOO CLOSELY,LEONARD SPRINGS ROAD & SR45W,39.14191534,-86.582572
2007,9,6,Weekday,700,2-Car,No injury/unknown,FOLLOWING TOO CLOSELY,LEONARD SPRINGS & SR45W,39.14191534,-86.582572
2007,10,4,Weekday,1300,2-Car,Non-incapacitating,FAILURE TO YIELD RIGHT OF WAY,S LEONARD & SR45W,39.14191534,-86.582572
2007,6,5,Weekday,2100,2-Car,Non-incapacitating,IMPROPER PASSING,LEONARD SPRINGS RD & WEST 45,39.14191068,-86.5825907
2007,11,7,Weekend,1500,2-Car,Non-incapacitating,OTHER (VEHICLE) - EXPLAIN IN NARRATIVE,AIRPORT & ENDWRIGHT RD,39.14190136,-86.59634667
2007,1,7,Weekend,2100,2-Car,No injury/unknown,UNSAFE BACKING,S LEONARD SPRINGS RD,39.14187494,-86.58259037
2007,9,3,Weekday,1800,2-Car,No injury/unknown,FAILURE TO YIELD RIGHT OF WAY,WEST STATE ROAD 45 HWY,39.14187,-86.582719
2007,10,6,Weekday,1200,2-Car,No injury/unknown,OTHER (DRIVER) - EXPLAIN IN NARRATIVE,CURRY & SR45W,39.14184549,-86.5830501
2007,12,2,Weekday,1500,2-Car,Non-incapacitating,FOLLOWING TOO CLOSELY,LEONARD SPRINGS RD & SR45W,39.14184201,-86.58259006
2007,7,1,Weekend,1400,2-Car,No injury/unknown,FAILURE TO YIELD RIGHT OF WAY,LEONARD SPRINGS & SR45W,39.14179032,-86.58321159
2007,7,5,Weekday,1600,2-Car,No injury/unknown,FAILURE TO YIELD RIGHT OF WAY,CURRY & SR45W,39.14179032,-86.58321159
2007,2,4,Weekday,800,2-Car,No injury/unknown,OTHER (DRIVER) - EXPLAIN IN NARRATIVE,PATTERSON DR & WEST 2ND,39.14155214,-86.550599
2007,10,2,Weekday,1000,2-Car,No injury/unknown,OTHER (DRIVER) - EXPLAIN IN NARRATIVE,SOUTH LEONARD SPRINGS & SR45W,39.14145928,-86.58418054
2007,9,5,Weekday,1600,2-Car,Non-incapacitating,FAILURE TO YIELD RIGHT OF WAY,COOLIDGE & ROCKPORT RD,39.14144,-86.543632
2007,2,6,Weekday,1500,2-Car,No injury/unknown,OTHER (DRIVER) - EXPLAIN IN NARRATIVE,LEONARD SPRINGS RD,39.141382,-86.582599
2007,11,1,Weekday,2000,2-Car,No injury/unknown,INSECURE/LEAKY LOAD,WAPEHANI & WEIMER RD,39.14123472,-86.56204079
2007,1,2,Weekday,100,2-Car,No injury/unknown,VIEW OBSTRUCTED,ROCKPORT RD,39.1411,-86.5441
2007,6,1,Weekend,1300,1-Car,No injury/unknown,ALCOHOLIC BEVERAGES,ALLEN & PATTERSON DR,39.14096449,-86.544388
2007,10,6,Weekend,1900,1-Car,No injury/unknown,ROADWAY SURFACE CONDITION,SALT CREEK & SR446S,39.14055802,-86.42243138
2007,6,7,Weekend,1200,3+ Cars,No injury/unknown,FOLLOWING TOO CLOSELY,LEONARD SPRINGS RD & WALNUT LEAF,39.140352,-86.582576
2007,7,4,Weekday,2100,2-Car,Non-incapacitating,UNSAFE SPEED,GRAHAM & ROCKPORT RD,39.140144,-86.54496
2007,7,6,Weekday,600,2-Car,No injury/unknown,ALCOHOLIC BEVERAGES,GRAHAM & SOUTH ROGERS ST,39.13992,-86.538416
2007,9,3,Weekday,1900,2-Car,No injury/unknown,GLARE,ROCK CREEK DR & SOUTH PAIGES,39.13982,-86.50912
2007,3,2,Weekday,1400,2-Car,No injury/unknown,UNSAFE BACKING,EAST 10 & NORTH RANGE RD,39.13977208,-86.4954
2007,9,1,Weekend,300,1-Car,Non-incapacitating,RAN OFF ROAD RIGHT,OAKLAWN & SARE RD,39.13959161,-86.50302078
2007,2,2,Weekday,1200,2-Car,Non-incapacitating,FAILURE TO YIELD RIGHT OF WAY,S HIGHLAND AVE,39.13948038,-86.51762373
2007,9,1,Weekend,1500,2-Car,No injury/unknown,UNSAFE BACKING,S HIGHLAND AVE,39.13948038,-86.51762373
2007,4,4,Weekday,2000,2-Car,No injury/unknown,OTHER (DRIVER) - EXPLAIN IN NARRATIVE,S WALNUT ST,39.13943525,-86.53054507
2007,4,3,Weekday,1500,1-Car,No injury/unknown,ROADWAY SURFACE CONDITION,HICKORY STICK & HICKORY STICK DR,39.1393,-86.52120549
2007,12,6,Weekday,1800,3+ Cars,Non-incapacitating,OTHER (DRIVER) - EXPLAIN IN NARRATIVE,BUTTONWOOD & SARE RD,39.13921,-86.49654
2007,7,3,Weekday,1300,2-Car,No injury/unknown,DRIVER DISTRACTED - EXPLAIN IN NARRATIVE,AUTO MALL RD & BUICK CADILLAC,39.13914223,-86.496099
2007,8,6,Weekday,1400,Bus,No injury/unknown,OTHER (DRIVER) - EXPLAIN IN NARRATIVE,HENDERSON ST & WINSLOW,39.13889044,-86.52677201
2007,2,6,Weekday,800,2-Car,Non-incapacitating,FAILURE TO YIELD RIGHT OF WAY,LEONARD SPRINGS RD & STAPLETON,39.13888522,-86.58254108
2007,5,2,Weekday,800,2-Car,No injury/unknown,IMPROPER PASSING,PATTERSON & ROGERS ST,39.13864243,-86.538699
2007,9,5,Weekday,900,2-Car,Non-incapacitating,FAILURE TO YIELD RIGHT OF WAY,RALSTON & SOUTH ROCKPORT RD,39.13864,-86.54648
2007,5,7,Weekend,200,2-Car,No injury/unknown,OTHER (DRIVER) - EXPLAIN IN NARRATIVE,HENDERSON CT,39.138628,-86.526899
2007,11,2,Weekday,1700,2-Car,No injury/unknown,OTHER (DRIVER) - EXPLAIN IN NARRATIVE,DAVID & SARE RD,39.13857,-86.49653
2007,5,4,Weekday,600,3+ Cars,Incapacitating,DRIVER DISTRACTED - EXPLAIN IN NARRATIVE,AIRPORT & SR45S,39.13851891,-86.59099291
2007,11,5,Weekday,2100,1-Car,Non-incapacitating,UNSAFE SPEED,MILTON & W RALSTON DR,39.13848,-86.539504