Year,Month,Day,Weekend?,Hour,Collision Type,Injury Type,Primary Factor,Reported_Location,Latitude,Longitude
2007,12,5,Weekday,800,1-Car,No injury/unknown,OTHER (DRIVER) - EXPLAIN IN NARRATIVE,MILTON DR & RALSTON,39.13848,-86.539504
2007,4,5,Weekday,1100,2-Car,No injury/unknown,DRIVER DISTRACTED - EXPLAIN IN NARRATIVE,SOUTH ROGERS ST & WEST RALSTON,39.138448,-86.538288
2007,9,7,Weekend,700,1-Car,No injury/unknown,OVERCORRECTING/OVERSTEERING,SR37S & TAPP,39.13841323,-86.57291295
2007,11,2,Weekday,1900,1-Car,No injury/unknown,ANIMAL/OBJECT IN ROADWAY,SR37N & TAPP,39.13841323,-86.57291295
2007,5,5,Weekday,1800,2-Car,Non-incapacitating,IMPROPER LANE USAGE,GRIMES & WALNUT ST,39.13834255,-86.533699
2007,7,2,Weekday,1600,2-Car,No injury/unknown,FAILURE TO YIELD RIGHT OF WAY,LEONARD SPRINGS RD & STAPLETON,39.138336,-86.582528
2007,2,2,Weekday,1700,2-Car,No injury/unknown,UNSAFE BACKING,PINEHURS DR & ROCKPORT,39.138302,-86.546798
2007,4,6,Weekday,1300,2-Car,No injury/unknown,FAILURE TO YIELD RIGHT OF WAY,HENDERSON ST & WINSLOW,39.1383,-86.526899
2007,6,4,Weekday,900,2-Car,No injury/unknown,DISREGARD SIGNAL/REG SIGN,HENDERSON ST & WINSLOW,39.1383,-86.526899
2007,7,5,Weekday,2000,2-Car,Non-incapacitating,FOLLOWING TOO CLOSELY,HENDERSON ST & WINSLOW,39.1383,-86.526899
2007,10,4,Weekday,1300,2-Car,Non-incapacitating,OTHER (DRIVER) - EXPLAIN IN NARRATIVE,PINEHURST & S ROCKPORT ROAD RD,39.13829,-86.54678
2007,6,4,Weekday,900,2-Car,No injury/unknown,DRIVER DISTRACTED - EXPLAIN IN NARRATIVE,N WALNUT ST,39.13811396,-86.53034423
2007,7,7,Weekend,,1-Car,No injury/unknown,DRIVER DISTRACTED - EXPLAIN IN NARRATIVE,FRIENDSHIP & GROSS RD,39.13799801,-86.41785806
2007,9,5,Weekday,1600,2-Car,No injury/unknown,FOLLOWING TOO CLOSELY,SR37S & TAPP,39.13786394,-86.57290617
2007,4,5,Weekday,1600,2-Car,Non-incapacitating,DRIVER DISTRACTED - EXPLAIN IN NARRATIVE,AIRPORT & SR45S,39.13768346,-86.59239247
2007,8,4,Weekday,2200,2-Car,No injury/unknown,CELL PHONE USAGE,DANIEL ST & FORRESTER,39.1376,-86.49579597
2007,1,7,Weekend,1400,2-Car,Non-incapacitating,ALCOHOLIC BEVERAGES,SR37N & TAPP,39.13758929,-86.57290278
2007,4,6,Weekday,1000,2-Car,No injury/unknown,FAILURE TO YIELD RIGHT OF WAY,WALNUT STREET PIKE & WINLSOW,39.1375,-86.530499
2007,9,2,Weekday,1800,2-Car,No injury/unknown,UNSAFE BACKING,S HENDERSTON ST,39.137371,-86.526891
2007,6,2,Weekday,1400,2-Car,No injury/unknown,FOLLOWING TOO CLOSELY,ROGERS ST & WATSON,39.137248,-86.538192
2007,1,4,Weekday,700,2-Car,No injury/unknown,FAILURE TO YIELD RIGHT OF WAY,COUNTRY CLUB & ROGERS ST,39.137101,-86.538395
2007,1,6,Weekday,1600,2-Car,No injury/unknown,IMPROPER LANE USAGE,WALNUT ST & WINSLOW,39.1371,-86.530599
2007,5,3,Weekday,1200,Pedestrian,Incapacitating,DISREGARD SIGNAL/REG SIGN,WALNUT ST ST & WINSLOW RD,39.1371,-86.530599
2007,5,4,Weekday,1400,2-Car,No injury/unknown,FOLLOWING TOO CLOSELY,E WINSLOW & S WALNUT ST,39.1371,-86.530599
2007,6,6,Weekday,1400,2-Car,No injury/unknown,FOLLOWING TOO CLOSELY,COUNTRY CLU & S WALNUT ST,39.1371,-86.530599
2007,6,1,Weekday,1900,2-Car,No injury/unknown,OTHER (DRIVER) - EXPLAIN IN NARRATIVE,S OLD STATE ROAD 37 RD,39.137088,-86.53056
2007,8,3,Weekday,1000,2-Car,No injury/unknown,OTHER (DRIVER) - EXPLAIN IN NARRATIVE,S OLD ST RD 37 RD,39.137088,-86.53056
2007,10,3,Weekday,1800,1-Car,No injury/unknown,OTHER (DRIVER) - EXPLAIN IN NARRATIVE,S OLD STATE ROAD 37 RD,39.137088,-86.53056
2007,1,6,Weekday,700,2-Car,No injury/unknown,SPEED TOO FAST FOR WEATHER CONDITIONS,SR37N & TAPP,39.13704,-86.572896
2007,1,3,Weekday,1200,2-Car,No injury/unknown,FOLLOWING TOO CLOSELY,LEONARD SPRINGS RD & TAPP,39.13704,-86.582512
2007,2,7,Weekend,2300,2-Car,No injury/unknown,LEFT OF CENTER,SR37S & TAPP,39.13704,-86.572896
2007,5,4,Weekday,1200,2-Car,Non-incapacitating,FAILURE TO YIELD RIGHT OF WAY,SR37S & TAPP,39.13704,-86.572896
2007,5,3,Weekday,1400,2-Car,Non-incapacitating,FOLLOWING TOO CLOSELY,SR37S & TAPP,39.13704,-86.572896
2007,5,3,Weekday,1500,2-Car,No injury/unknown,IMPROPER TURNING,SR37S & TAPP,39.13704,-86.572896
2007,6,6,Weekday,1400,2-Car,No injury/unknown,FAILURE TO YIELD RIGHT OF WAY,SR37S & TAPP ROAD,39.13704,-86.572896
2007,6,3,Weekday,1500,3+ Cars,Non-incapacitating,FOLLOWING TOO CLOSELY,TAPP RD & YONKERS,39.13704,-86.575296
2007,6,3,Weekday,1200,2-Car,Incapacitating,DISREGARD SIGNAL/REG SIGN,SR37N & TAPP ROAD,39.13704,-86.572896
2007,7,6,Weekday,1600,2-Car,No injury/unknown,UNSAFE SPEED,LEONARD SPRINGS RD & TAPP,39.13704,-86.582512
2007,7,4,Weekday,1800,2-Car,No injury/unknown,OTHER (DRIVER) - EXPLAIN IN NARRATIVE,SR37 & TAPP,39.13704,-86.572896
2007,10,5,Weekday,1600,2-Car,No injury/unknown,IMPROPER TURNING,SR37N & TAPP,39.13704,-86.572896
2007,12,7,Weekend,1500,1-Car,No injury/unknown,OVERCORRECTING/OVERSTEERING,RAYLE & TAPP RD,39.13704,-86.577504
2007,3,5,Weekday,1600,2-Car,No injury/unknown,FOLLOWING TOO CLOSELY,AIRPORT & SR45W,39.136848,-86.593792
2007,7,4,Weekday,1400,2-Car,No injury/unknown,FAILURE TO YIELD RIGHT OF WAY,AIRPORT RD & BUNGER,39.136848,-86.606
2007,11,5,Weekday,800,2-Car,Non-incapacitating,FAILURE TO YIELD RIGHT OF WAY,AIRPORT RD & ENDWRIGHT,39.1368,-86.59636
2007,1,5,Weekday,900,2-Car,No injury/unknown,FOLLOWING TOO CLOSELY,SR37 & TAPP RD,39.13676196,-86.57295509
2007,1,3,Weekday,2200,2-Car,No injury/unknown,FOLLOWING TOO CLOSELY,STATE ROAD 37 & TAPP RD,39.13676196,-86.57296807
2007,4,3,Weekday,1000,2-Car,Non-incapacitating,DRIVER DISTRACTED - EXPLAIN IN NARRATIVE,STATE ROAD 37 RD & TAPP,39.13676196,-86.57295509
2007,6,4,Weekday,1800,2-Car,No injury/unknown,OTHER (DRIVER) - EXPLAIN IN NARRATIVE,SR37S & TAPP,39.13676196,-86.57295509
2007,9,3,Weekday,1000,2-Car,No injury/unknown,FAILURE TO YIELD RIGHT OF WAY,REX GROSSMAN & TAPP RD,39.13674,-86.57087
2007,2,6,Weekday,1200,2-Car,Non-incapacitating,FAILURE TO YIELD RIGHT OF WAY,HIGH ST & ROGERS,39.13664,-86.508096
2007,2,2,Weekday,2200,1-Car,No injury/unknown,RAN OFF ROAD RIGHT,HIGH & ROGERS RD,39.13664,-86.508096
2007,3,3,Weekday,2100,1-Car,No injury/unknown,BRAKE FAILURE OR DEFECTIVE,HIGH & ROGERS RD,39.13664,-86.508096
2007,7,5,Weekday,1100,2-Car,No injury/unknown,FAILURE TO YIELD RIGHT OF WAY,HIGH & ROGERS RD,39.13664,-86.508096
2007,10,2,Weekday,900,2-Car,No injury/unknown,DRIVER DISTRACTED - EXPLAIN IN NARRATIVE,HENDERSON ST & NORTH,39.13662323,-86.52696
2007,12,7,Weekend,300,1-Car,No injury/unknown,ALCOHOLIC BEVERAGES,ADAMS & TAPP RAMP,39.13662,-86.55431
2007,9,2,Weekday,1800,1-Car,No injury/unknown,UNSAFE BACKING,S WALNUT ST PIKE,39.13656457,-86.52910857
2007,8,6,Weekday,1400,1-Car,No injury/unknown,OVERSIZE/OVERWEIGHT LOAD,TAPP RD & WEIMER,39.1365261,-86.56148746
2007,9,2,Weekday,1100,1-Car,No injury/unknown,DRIVER DISTRACTED - EXPLAIN IN NARRATIVE,TAPP RD RD & WEIMER RD,39.136512,-86.562016
2007,4,1,Weekend,300,1-Car,Non-incapacitating,ALCOHOLIC BEVERAGES,TAPP RD & WEIMER,39.1365,-86.56039381
2007,6,4,Weekday,1700,2-Car,Non-incapacitating,UNSAFE SPEED,TAPP RD & WEIMER,39.1365,-86.56041631
2007,7,2,Weekday,1700,3+ Cars,Non-incapacitating,FOLLOWING TOO CLOSELY,AIRPORT & SR45W,39.13648282,-86.59431892
2007,9,6,Weekday,1600,2-Car,No injury/unknown,DRIVER ASLEEP OR FATIGUED,AIRPORT & SR45W,39.13648282,-86.59431892
2007,2,3,Weekday,1700,2-Car,No injury/unknown,FAILURE TO YIELD RIGHT OF WAY,COUNTRY CLUB DR & ROCKPORT,39.136448,-86.548704
2007,2,6,Weekday,1500,3+ Cars,Non-incapacitating,DRIVER DISTRACTED - EXPLAIN IN NARRATIVE,COUNTRY CLUB DR & ROCKPORT,39.136411,-86.54764705
2007,8,7,Weekend,100,1-Car,Non-incapacitating,OTHER (VEHICLE) - EXPLAIN IN NARRATIVE,S ADAMS & W TAPP RD,39.136404,-86.5503
2007,7,7,Weekend,1200,2-Car,Non-incapacitating,FOLLOWING TOO CLOSELY,PINEHURST & TAPP RD,39.1364,-86.548799
2007,9,2,Weekday,1300,2-Car,No injury/unknown,DRIVER DISTRACTED - EXPLAIN IN NARRATIVE,BANTA & COUNTRY CLUB DR,39.13632869,-86.54529663
2007,6,1,Weekend,1300,1-Car,No injury/unknown,RAN OFF ROAD RIGHT,AIRPORT & BUNGER RD,39.13630578,-86.60588944
2007,10,6,Weekday,1700,2-Car,No injury/unknown,ALCOHOLIC BEVERAGES,BANTA & COUNTRY CLUB DR,39.136304,-86.544592
2007,10,2,Weekday,1500,2-Car,No injury/unknown,OTHER (DRIVER) - EXPLAIN IN NARRATIVE,BANTA & COUNTRY CLUB DR,39.13626962,-86.54353491
2007,6,5,Weekday,1300,2-Car,No injury/unknown,FAILURE TO YIELD RIGHT OF WAY,SOUTH & SOUTH WALNUT ST,39.13617332,-86.531799
2007,7,3,Weekday,1600,3+ Cars,No injury/unknown,ENGINE FAILURE OR DEFECTIVE,HIGH & WINSLOW RD,39.136144,-86.50897768
2007,12,6,Weekday,1700,1-Car,No injury/unknown,ROADWAY SURFACE CONDITION,S HIGH & WINSLOW RD,39.136144,-86.50844867
2007,2,4,Weekday,1700,2-Car,No injury/unknown,FAILURE TO YIELD RIGHT OF WAY,WALNUT ST & WINSLOW,39.136144,-86.528688
2007,3,5,Weekday,1600,2-Car,No injury/unknown,FAILURE TO YIELD RIGHT OF WAY,HENDERSON & WINSLOW RD,39.136144,-86.5268
2007,3,3,Weekday,1500,2-Car,No injury/unknown,FAILURE TO YIELD RIGHT OF WAY,HENDERSON ST & WINSLOW,39.136144,-86.5268
2007,3,5,Weekday,1300,2-Car,No injury/unknown,OTHER (VEHICLE) - EXPLAIN IN NARRATIVE,E WINSLOW RD,39.136144,-86.52444414
2007,5,2,Weekday,1900,2-Car,No injury/unknown,DRIVER DISTRACTED - EXPLAIN IN NARRATIVE,WALNUT & WINSLOW RD,39.136144,-86.528688
2007,5,3,Weekday,1700,2-Car,No injury/unknown,FOLLOWING TOO CLOSELY,S WALNUT ST & WINSLOW,39.136144,-86.528688
2007,5,6,Weekday,1000,2-Car,No injury/unknown,IMPROPER TURNING,HENDERSON STREET & WINSLOW ROAD RD,39.136144,-86.5268
2007,6,2,Weekday,1400,3+ Cars,No injury/unknown,FAILURE TO YIELD RIGHT OF WAY,WALNUT STREET & WINSLOW RD,39.136144,-86.528688
2007,7,4,Weekday,1200,2-Car,No injury/unknown,OTHER (DRIVER) - EXPLAIN IN NARRATIVE,E WINSLOW RD,39.136144,-86.524496
2007,7,2,Weekday,2000,Moped/Motorcycle,Non-incapacitating,FOLLOWING TOO CLOSELY,WALNUT ST PIKE & WINSLOW,39.136144,-86.528688
2007,7,2,Weekday,1500,3+ Cars,No injury/unknown,FAILURE TO YIELD RIGHT OF WAY,WALNUT ST & WINSLOW RD,39.136144,-86.528688
2007,8,5,Weekday,700,2-Car,Non-incapacitating,OTHER (DRIVER) - EXPLAIN IN NARRATIVE,HENDERSON & WINSLOW RD,39.136144,-86.5268
2007,8,7,Weekend,1100,3+ Cars,No injury/unknown,OTHER (DRIVER) - EXPLAIN IN NARRATIVE,WALNUT ST & WINSLOW,39.136144,-86.528688
2007,8,4,Weekday,1600,2-Car,No injury/unknown,FAILURE TO YIELD RIGHT OF WAY,HENDERSON ST & WINSLOW,39.136144,-86.5268
2007,8,6,Weekday,1700,2-Car,No injury/unknown,FAILURE TO YIELD RIGHT OF WAY,WALNUT STREET PIKE & WINSLOW,39.136144,-86.528688
2007,10,1,Weekend,1000,2-Car,No injury/unknown,FAILURE TO YIELD RIGHT OF WAY,E WINSLOW RD & SO WALNUT STREET,39.136144,-86.528688
2007,10,4,Weekday,700,1-Car,No injury/unknown,OTHER (ENVIRONMENTAL) - EXPLAIN IN NARR,HENDERSON ST & WINSLOW,39.136144,-86.5268
2007,10,3,Weekday,800,2-Car,No injury/unknown,FAILURE TO YIELD RIGHT OF WAY,HENDERSON & WINSLOW RD,39.136144,-86.5268
2007,10,3,Weekday,1700,2-Car,No injury/unknown,FOLLOWING TOO CLOSELY,HENDERSON ST & WINSLOW,39.136144,-86.5268
2007,11,1,Weekend,1600,2-Car,No injury/unknown,FOLLOWING TOO CLOSELY,WESTMINSTER WAY & WINSLOW,39.136144,-86.521888
2007,11,5,Weekday,1500,2-Car,No injury/unknown,OTHER (DRIVER) - EXPLAIN IN NARRATIVE,WALNUT ST & WINSLOW,39.136144,-86.528688
2007,11,6,Weekday,1200,3+ Cars,Non-incapacitating,FAILURE TO YIELD RIGHT OF WAY,WALNUT STREET & WINSLOW RD,39.136144,-86.528688
2007,12,2,Weekday,1400,2-Car,No injury/unknown,SPEED TOO FAST FOR WEATHER CONDITIONS,WALNUT & WINSLOW RD,39.136144,-86.528688
2007,12,5,Weekday,900,1-Car,No injury/unknown,SPEED TOO FAST FOR WEATHER CONDITIONS,E WINSLOW RD & S WALNUT,39.136144,-86.528688
2007,7,5,Weekday,1000,2-Car,No injury/unknown,OTHER (DRIVER) - EXPLAIN IN NARRATIVE,WALNUT & WINSLOW RD,39.13614348,-86.52842351
2007,7,3,Weekday,1500,2-Car,Non-incapacitating,FAILURE TO YIELD RIGHT OF WAY,WALNUT & WINSLOW RD,39.13614348,-86.52842351
2007,6,3,Weekday,1600,2-Car,No injury/unknown,FAILURE TO YIELD RIGHT OF WAY,WALNUT & WINSLOW RD,39.1361416,-86.52833537
2007,7,3,Weekday,1600,2-Car,No injury/unknown,FOLLOWING TOO CLOSELY,COUNTRY CLUB DR & MILTON,39.13613661,-86.53944827
2007,3,5,Weekday,1700,2-Car,No injury/unknown,OTHER (DRIVER) - EXPLAIN IN NARRATIVE,WALNUT STREET & WINSLOW RD,39.13613411,-86.52798283
2007,8,2,Weekday,1200,3+ Cars,No injury/unknown,INSECURE/LEAKY LOAD,COUNTRY CLUB DRIVE DR & MILTON DRIVE,39.136128,-86.539184
2007,5,6,Weekend,2100,1-Car,No injury/unknown,IMPROPER TURNING,S ROGERS RD & W COUNTRY CLUB,39.13608,-86.538096
2007,7,6,Weekday,1600,2-Car,No injury/unknown,OTHER (DRIVER) - EXPLAIN IN NARRATIVE,COUNTRY CLUB DR & ROGERS,39.13608,-86.538096
2007,8,7,Weekend,1300,2-Car,Non-incapacitating,DISREGARD SIGNAL/REG SIGN,COUNTRY CLUB & ROGERS ST,39.13608,-86.538096
2007,10,2,Weekday,2100,2-Car,No injury/unknown,FAILURE TO YIELD RIGHT OF WAY,COUNTRY CLUB DR & ROGERS,39.13608,-86.538096
2007,11,1,Weekend,1100,2-Car,Non-incapacitating,OTHER (DRIVER) - EXPLAIN IN NARRATIVE,HIGHLAND & WINSLOW RD,39.13607642,-86.51937692
2007,5,1,Weekend,1600,2-Car,No injury/unknown,CELL PHONE USAGE,COUNTRY CLUB DR & ROGERS,39.13606979,-86.53774357
2007,10,2,Weekday,1400,2-Car,No injury/unknown,FOLLOWING TOO CLOSELY,COUNTRY CLUB DR & ROGERS,39.13606979,-86.53774357
2007,1,6,Weekday,1000,1-Car,No injury/unknown,ALCOHOLIC BEVERAGES,ACADIA & WINSLOW RD,39.136048,-86.518496
2007,2,3,Weekday,1500,2-Car,Non-incapacitating,LEFT OF CENTER,S HIGHLAND AVE & WINSLOW FARM,39.136048,-86.518496
2007,3,5,Weekday,1400,2-Car,No injury/unknown,FOLLOWING TOO CLOSELY,COUNTRY CLUB DR & MADISON,39.136048,-86.536992
2007,5,4,Weekday,1700,2-Car,Non-incapacitating,FAILURE TO YIELD RIGHT OF WAY,HIGHLAND & WINSLOW RD,39.136048,-86.518496
2007,7,2,Weekday,1300,Moped/Motorcycle,Non-incapacitating,FAILURE TO YIELD RIGHT OF WAY,COUNTRY CLUB DR & MADISON,39.136048,-86.536992
2007,7,7,Weekend,1600,2-Car,No injury/unknown,FAILURE TO YIELD RIGHT OF WAY,S HIGHLAND DR & WINSLOW FARM,39.136048,-86.518496
2007,12,7,Weekend,1400,2-Car,No injury/unknown,FAILURE TO YIELD RIGHT OF WAY,S ROGERS ST & W COUNTRY CLUB,39.13604,-86.53825
2007,12,6,Weekday,1500,3+ Cars,No injury/unknown,DRIVER DISTRACTED - EXPLAIN IN NARRATIVE,COUNTRY CLUB RD & ROGERS,39.13604,-86.53825
2007,2,7,Weekend,400,1-Car,No injury/unknown,,EAST WINSLOW RD,39.13602772,-86.51203663
2007,1,2,Weekday,2300,2-Car,No injury/unknown,UNSAFE BACKING,WINSLOW RD,39.136,-86.525528
2007,1,2,Weekday,2300,2-Car,No injury/unknown,,EAST WINSLOW RD,39.136,-86.525087
2007,1,3,Weekday,1400,2-Car,No injury/unknown,OVERCORRECTING/OVERSTEERING,COUNTRY CLUB DR & WALNUT,39.136,-86.531099
2007,3,4,Weekday,1700,2-Car,No injury/unknown,FAILURE TO YIELD RIGHT OF WAY,COUNTRY CLUB DR & WALNUT,39.136,-86.53108169
2007,3,2,Weekday,1600,3+ Cars,Non-incapacitating,FOLLOWING TOO CLOSELY,WINSLOW & WINSLOW RD,39.136,-86.52450419
2007,3,5,Weekday,1900,2-Car,No injury/unknown,OTHER (DRIVER) - EXPLAIN IN NARRATIVE,COUNTRY CLUB DR & S ROGER,39.136,-86.537099
2007,5,1,Weekend,1200,Moped/Motorcycle,Non-incapacitating,FAILURE TO YIELD RIGHT OF WAY,ROGERS RD & SARE,39.136,-86.496499
2007,6,7,Weekend,1700,3+ Cars,Non-incapacitating,DISREGARD SIGNAL/REG SIGN,COUNTRY CLUB DR & ROGERS,39.136,-86.537099
2007,7,3,Weekday,1500,2-Car,No injury/unknown,FAILURE TO YIELD RIGHT OF WAY,COUNTRY CLUB DR & S WALNUT,39.136,-86.53108818
2007,10,1,Weekend,1000,2-Car,Incapacitating,FAILURE TO YIELD RIGHT OF WAY,ROGERS RD & SPICEWOOD,39.13599,-86.50089
2007,11,6,Weekday,1600,Moped/Motorcycle,No injury/unknown,UNSAFE SPEED,COUNTRY CLUB & WALNUT ST,39.13597,-86.53111
2007,11,1,Weekend,1800,2-Car,No injury/unknown,SPEED TOO FAST FOR WEATHER CONDITIONS,COUNTRY CLUB DR & WALNUT,39.13597,-86.53111
2007,12,5,Weekday,1200,2-Car,No injury/unknown,FAILURE TO YIELD RIGHT OF WAY,COUNTRYCLUB DR DR & WALNUT ST,39.13597,-86.53108404
2007,12,6,Weekend,2200,2-Car,Non-incapacitating,FAILURE TO YIELD RIGHT OF WAY,WALNUT & WINSLOW RD,39.13597,-86.53111
2007,11,5,Weekday,700,3+ Cars,No injury/unknown,ALCOHOLIC BEVERAGES,AIRPORT ROAD & SR45W,39.13593504,-86.59510928
2007,1,5,Weekday,1700,2-Car,No injury/unknown,FAILURE TO YIELD RIGHT OF WAY,ROGERS & SARE RD,39.13584,-86.496288
2007,6,1,Weekend,1300,2-Car,No injury/unknown,FAILURE TO YIELD RIGHT OF WAY,ROGERS RD & SARE,39.13584,-86.496288
2007,6,2,Weekday,2000,2-Car,Non-incapacitating,LEFT OF CENTER,EAST ROGERS ROAD RD & SMITH ROAD,39.13584,-86.480496
2007,6,2,Weekday,2200,2-Car,No injury/unknown,FAILURE TO YIELD RIGHT OF WAY,ROGERS RD & SARE,39.13584,-86.496288
2007,12,7,Weekend,100,1-Car,No injury/unknown,LEFT OF CENTER,E ROGERS RD & SMITH,39.13584,-86.480496
2007,12,6,Weekend,1900,2-Car,No injury/unknown,FAILURE TO YIELD RIGHT OF WAY,ROGERS RD & S SARE,39.13584,-86.496288
2007,12,5,Weekday,2000,2-Car,No injury/unknown,SPEED TOO FAST FOR WEATHER CONDITIONS,ROGERS RD & SNOTTY,39.1358,-86.48954351
2007,6,6,Weekday,100,1-Car,No injury/unknown,ALCOHOLIC BEVERAGES,ROGERS RD & SNODDY,39.13576,-86.489488
2007,6,3,Weekday,1700,1-Car,No injury/unknown,TIRE FAILURE OR DEFECTIVE,W COTA DR,39.1357,-86.568826
2007,2,5,Weekday,400,2-Car,No injury/unknown,BRAKE FAILURE OR DEFECTIVE,FARRINGTON DR & STAFFORD,39.135552,-86.575792
2007,1,7,Weekend,800,2-Car,No injury/unknown,FAILURE TO YIELD RIGHT OF WAY,COPPER TREE & THE STANDS DR,39.13529689,-86.50430486
2007,9,4,Weekday,1900,1-Car,Non-incapacitating,OTHER (DRIVER) - EXPLAIN IN NARRATIVE,S LEONARD SPRINGS RD,39.135248,-86.582496
2007,5,5,Weekday,600,1-Car,No injury/unknown,ANIMAL/OBJECT IN ROADWAY,DUNCAN & SR45W,39.13504,-86.596192
2007,2,4,Weekday,1600,2-Car,No injury/unknown,OTHER (DRIVER) - EXPLAIN IN NARRATIVE,MCINTYRE DR,39.135039,-86.569899
2007,10,2,Weekday,1400,2-Car,No injury/unknown,IMPROPER TURNING,MARKET PLACE PL & STAFFORD,39.13499,-86.58094
2007,11,4,Weekday,2000,Moped/Motorcycle,Non-incapacitating,FAILURE TO YIELD RIGHT OF WAY,KIRKWOOD & S ADAMS ST,39.13497497,-86.54964
2007,3,2,Weekday,1600,3+ Cars,Non-incapacitating,UNSAFE SPEED,AIRPORT & SR45W,39.13494583,-86.59632591
2007,7,2,Weekday,1700,2-Car,No injury/unknown,OTHER (DRIVER) - EXPLAIN IN NARRATIVE,S WALNUT ST,39.13493114,-86.52778394
2007,5,6,Weekday,800,2-Car,No injury/unknown,FAILURE TO YIELD RIGHT OF WAY,MCINTYRE DR,39.134741,-86.569899
2007,5,6,Weekday,1300,2-Car,No injury/unknown,FAILURE TO YIELD RIGHT OF WAY,MCINTYRE DR,39.134741,-86.569899
2007,6,1,Weekend,0,1-Car,No injury/unknown,ROADWAY SURFACE CONDITION,ALLENDALE DR & BROWNING,39.13434671,-86.51604894
2007,5,7,Weekend,1400,2-Car,No injury/unknown,DRIVER DISTRACTED - EXPLAIN IN NARRATIVE,SR37S & TAPP,39.13429342,-86.572896
2007,5,3,Weekday,1500,2-Car,No injury/unknown,OTHER (ENVIRONMENTAL) - EXPLAIN IN NARR,ROCKPORT RD & TAPP,39.13426528,-86.55084379
2007,8,5,Weekday,600,1-Car,No injury/unknown,OTHER (DRIVER) - EXPLAIN IN NARRATIVE,GARDNER & GARRISON CHAPEL RD,39.134144,-86.642864
2007,10,6,Weekend,1900,2-Car,Non-incapacitating,FAILURE TO YIELD RIGHT OF WAY,GARDNER & GARRISON CHAPEL RD,39.134144,-86.642864
2007,11,1,Weekday,2200,Pedestrian,Non-incapacitating,IMPROPER TURNING,HENDERSON ST & SHERWOOD HILLS,39.13413,-86.52687
2007,7,3,Weekday,1700,2-Car,Non-incapacitating,FOLLOWING TOO CLOSELY,RIDGEVIEW & WALNUT ST,39.1338,-86.531399
2007,1,4,Weekday,700,1-Car,Non-incapacitating,RAN OFF ROAD RIGHT,ROCKPORT RD & TAPP,39.1331908,-86.55194189
2007,11,5,Weekday,1400,1-Car,No injury/unknown,ANIMAL/OBJECT IN ROADWAY,ROCKPORT RD & TAPP,39.1331908,-86.55194189
2007,7,1,Weekend,1300,Moped/Motorcycle,Non-incapacitating,UNSAFE SPEED,COUNTRY SIDE LN & SOUTH ROGERS,39.13304,-86.5384
2007,5,1,Weekend,900,2-Car,No injury/unknown,FAILURE TO YIELD RIGHT OF WAY,S LIBERTY DR & W 3RD,39.13287667,-86.579099
2007,10,3,Weekday,1000,1-Car,Non-incapacitating,TIRE FAILURE OR DEFECTIVE,SO WALNUT STREET PIKE & SUNNY SLOPES,39.13264,-86.526688
2007,11,6,Weekday,800,2-Car,No injury/unknown,UNSAFE BACKING,CHISHOLM TRL & RED ROCK,39.13264,-86.585296
2007,7,5,Weekday,1700,1-Car,No injury/unknown,UNSAFE BACKING,E SHERWOOD HILLS DR & WALNUT STREET,39.1326,-86.52643361
2007,8,3,Weekday,1600,2-Car,No injury/unknown,UNSAFE BACKING,SHERWOOD HILLS DR,39.1326,-86.526407
2007,8,4,Weekday,2100,1-Car,No injury/unknown,OTHER (DRIVER) - EXPLAIN IN NARRATIVE,HWY 48 & PARKSQUARE DRIVE DR,39.13251497,-86.592443
2007,9,6,Weekday,1700,2-Car,No injury/unknown,FOLLOWING TOO CLOSELY,DAVID & SARE RD,39.13222955,-86.49653
2007,10,5,Weekday,700,1-Car,No injury/unknown,OTHER (DRIVER) - EXPLAIN IN NARRATIVE,FORRESTER ST & ST JAMES,39.1322154,-86.49309
2007,1,3,Weekday,900,1-Car,No injury/unknown,ROADWAY SURFACE CONDITION,EVANS & HARMONY RD,39.13185679,-86.630399
2007,4,6,Weekday,1500,2-Car,No injury/unknown,OTHER (DRIVER) - EXPLAIN IN NARRATIVE,GARDNER RD,39.13152,-86.677664
2007,9,6,Weekday,1200,2-Car,No injury/unknown,ANIMAL/OBJECT IN ROADWAY,PINEWOOD & WALNUT ST,39.13152,-86.53143
2007,12,6,Weekday,200,2-Car,No injury/unknown,OTHER (DRIVER) - EXPLAIN IN NARRATIVE,GARDEN PATH DR,39.131513,-86.496415
2007,5,7,Weekend,1300,1-Car,Non-incapacitating,RAN OFF ROAD RIGHT,BUNGER & SR45W,39.13113338,-86.60164378
2007,1,4,Weekday,700,2-Car,No injury/unknown,IMPROPER TURNING,ALLENDALE DR & WESTMINSTER,39.13104,-86.521792
2007,12,3,Weekday,700,3+ Cars,No injury/unknown,OTHER (DRIVER) - EXPLAIN IN NARRATIVE,ALLENDALE & SOUTH WALNUT STREET PIKE,39.130944,-86.526688
2007,2,2,Weekday,1100,1-Car,No injury/unknown,SPEED TOO FAST FOR WEATHER CONDITIONS,BAYWOOD & ROGERS ST,39.13086248,-86.539198
2007,2,5,Weekday,2100,2-Car,No injury/unknown,ALCOHOLIC BEVERAGES,E ALLENDALE DR,39.1307,-86.51819
2007,9,1,Weekend,1800,1-Car,No injury/unknown,OTHER (DRIVER) - EXPLAIN IN NARRATIVE,LADD AVE & TULIP,39.13064,-86.5416
2007,1,4,Weekday,200,1-Car,Non-incapacitating,ANIMAL/OBJECT IN ROADWAY,SR446 & SWARTZRIDGE,39.13001889,-86.44330861