Year,Month,Day,Weekend?,Hour,Collision Type,Injury Type,Primary Factor,Reported_Location,Latitude,Longitude
2007,8,5,Weekday,800,1-Car,No injury/unknown,OTHER (ENVIRONMENTAL) - EXPLAIN IN NARR,ELLISTON & S HAMPSHIRE ST,39.1296,-86.517199
2007,7,7,Weekend,1000,2-Car,No injury/unknown,FOLLOWING TOO CLOSELY,BUNGER & SR45W,39.12936,-86.604336
2007,8,5,Weekday,1700,2-Car,Non-incapacitating,DRIVER DISTRACTED - EXPLAIN IN NARRATIVE,BUNGER & SR45W,39.12936,-86.604336
2007,10,6,Weekday,1700,2-Car,No injury/unknown,DRIVER DISTRACTED - EXPLAIN IN NARRATIVE,BUNGER & SR45W,39.12936,-86.604336
2007,10,3,Weekday,1700,2-Car,No injury/unknown,UNSAFE SPEED,BUNGER & SR45W,39.12936,-86.604336
2007,12,2,Weekday,700,2-Car,No injury/unknown,FOLLOWING TOO CLOSELY,BUNGER & SR45W,39.1291842,-86.60460694
2007,4,7,Weekend,1500,Moped/Motorcycle,Non-incapacitating,OTHER (DRIVER) - EXPLAIN IN NARRATIVE,S WALNUT ST,39.12901992,-86.52678557
2007,1,7,Weekend,2000,2-Car,No injury/unknown,OTHER (DRIVER) - EXPLAIN IN NARRATIVE,WOODMERE CT,39.12865869,-86.57929812
2007,4,3,Weekday,1300,2-Car,No injury/unknown,OTHER (DRIVER) - EXPLAIN IN NARRATIVE,10 TH & UNION AVE,39.12860142,-86.509453
2007,11,5,Weekday,1400,2-Car,No injury/unknown,FAILURE TO YIELD RIGHT OF WAY,LEONARD SPRINGS RD & WOODHAVEN,39.128368,-86.58256
2007,6,6,Weekend,2300,2-Car,No injury/unknown,OTHER (VEHICLE) - EXPLAIN IN NARRATIVE,GROSS & SR446S,39.12795689,-86.43856081
2007,3,5,Weekday,600,3+ Cars,No injury/unknown,ALCOHOLIC BEVERAGES,S WALNUT STREET PIKE,39.127901,-86.526799
2007,4,4,Weekday,2000,1-Car,No injury/unknown,OTHER (DRIVER) - EXPLAIN IN NARRATIVE,S WALNUT STREET PIKE,39.127901,-86.526799
2007,7,3,Weekday,1300,3+ Cars,No injury/unknown,OTHER (DRIVER) - EXPLAIN IN NARRATIVE,WALNUT ST,39.127889,-86.531399
2007,8,1,Weekend,1700,2-Car,No injury/unknown,UNSAFE BACKING,VIOLET LN,39.127852,-86.588
2007,2,3,Weekday,1300,2-Car,No injury/unknown,LEFT OF CENTER,BURKS & WALNUT STREET PIKE,39.1278,-86.526799
2007,6,6,Weekend,2000,1-Car,No injury/unknown,ANIMAL/OBJECT IN ROADWAY,FULLERTON & SR37,39.1276755,-86.572812
2007,10,1,Weekday,1900,1-Car,No injury/unknown,ANIMAL/OBJECT IN ROADWAY,FULLERTON & SR37N,39.1276755,-86.572812
2007,4,7,Weekend,1500,2-Car,No injury/unknown,FOLLOWING TOO CLOSELY,3RD & LIBERTY DR,39.12758945,-86.579099
2007,9,4,Weekday,900,2-Car,No injury/unknown,FOLLOWING TOO CLOSELY,PINEWOOD DR & S WALNUT ST ST,39.1272938,-86.53143
2007,10,6,Weekend,2100,2-Car,No injury/unknown,UNSAFE SPEED,HEATHERWOOD LN & PEONY,39.12715418,-86.58377907
2007,10,6,Weekday,1700,2-Car,No injury/unknown,ROADWAY SURFACE CONDITION,LEONARD SPRINGS RD & SOUTH LEONARD SPRINGS,39.126976,-86.582464
2007,12,1,Weekend,600,1-Car,Non-incapacitating,RAN OFF ROAD RIGHT,CHURCH RD & RAMP CREEK ROAD RD,39.1267499,-86.48466
2007,1,4,Weekday,700,1-Car,Non-incapacitating,DRIVER ILLNESS,SR37,39.12660505,-86.5726527
2007,9,7,Weekend,1100,2-Car,No injury/unknown,OTHER (DRIVER) - EXPLAIN IN NARRATIVE,SR37S,39.12660505,-86.5726527
2007,8,3,Weekday,1600,2-Car,No injury/unknown,IMPROPER PASSING,COUNTRY CLUB & S WALNUT ST,39.12653298,-86.530599
2007,8,7,Weekend,1300,1-Car,Non-incapacitating,DRIVER ASLEEP OR FATIGUED,LORELEI & SMITH RD,39.1262604,-86.480399
2007,10,5,Weekday,1600,2-Car,No injury/unknown,IMPROPER TURNING,VALMORE & WALTER AVE,39.125744,-86.615888
2007,7,2,Weekday,900,2-Car,No injury/unknown,LEFT OF CENTER,RHORER & SNODDY RD,39.12569931,-86.48956011
2007,7,7,Weekend,1600,2-Car,No injury/unknown,OTHER (DRIVER) - EXPLAIN IN NARRATIVE,WEST STATE ROAD 45,39.125552,-86.610192
2007,8,6,Weekday,1300,2-Car,No injury/unknown,UNSAFE BACKING,S PARKRIDGE RD,39.125471,-86.5401135
2007,7,7,Weekend,1500,2-Car,No injury/unknown,UNSAFE BACKING,S PARKRIDGE RD,39.12546,-86.539528
2007,2,6,Weekday,1600,2-Car,No injury/unknown,OTHER (DRIVER) - EXPLAIN IN NARRATIVE,SR45W,39.125312,-86.610496
2007,4,3,Weekday,1600,2-Car,No injury/unknown,OTHER (DRIVER) - EXPLAIN IN NARRATIVE,SR45W,39.125312,-86.610496
2007,8,6,Weekday,1600,2-Car,No injury/unknown,OTHER (DRIVER) - EXPLAIN IN NARRATIVE,SR45W,39.125312,-86.610496
2007,9,7,Weekend,2100,Moped/Motorcycle,Non-incapacitating,OTHER (DRIVER) - EXPLAIN IN NARRATIVE,1600 N WILLIS DR,39.125006,-86.528518
2007,2,7,Weekend,1300,2-Car,No injury/unknown,UNSAFE BACKING,S SARE RD,39.124978,-86.506516
2007,2,7,Weekend,900,2-Car,No injury/unknown,BRAKE FAILURE OR DEFECTIVE,SR 45 RD,39.124309,-86.611845
2007,8,5,Weekday,1700,2-Car,Non-incapacitating,FAILURE TO YIELD RIGHT OF WAY,RHORER & WALNUT ST,39.12418335,-86.52666031
2007,12,2,Weekday,1700,2-Car,No injury/unknown,UNSAFE BACKING,KENNEDY & KENNEDY CT,39.123744,-86.527792
2007,4,4,Weekday,1600,2-Car,No injury/unknown,SPEED TOO FAST FOR WEATHER CONDITIONS,RHORER & SARE RD,39.1237,-86.508698
2007,5,7,Weekend,1500,2-Car,No injury/unknown,FOLLOWING TOO CLOSELY,RHORER & SARE RD,39.1237,-86.508698
2007,5,3,Weekday,0,1-Car,Non-incapacitating,ALCOHOLIC BEVERAGES,FULLERTON PIKE & LEONARD SPRINGS,39.1234,-86.582198
2007,8,5,Weekday,1900,Moped/Motorcycle,Non-incapacitating,RAN OFF ROAD RIGHT,FULERTON & LEONARD SPRINGS RD,39.123399,-86.58247968
2007,4,2,Weekday,1700,2-Car,No injury/unknown,FOLLOWING TOO CLOSELY,FULLERTON PIKE & LEONARD SPRINGS,39.123376,-86.582592
2007,6,4,Weekday,0,1-Car,No injury/unknown,UNSAFE SPEED,FULLERTON & LEONARD SPRINGS RD,39.123376,-86.582592
2007,7,5,Weekday,1600,1-Car,No injury/unknown,SPEED TOO FAST FOR WEATHER CONDITIONS,AZALEA & S HIGHLAND AVE,39.1233523,-86.51736418
2007,1,6,Weekday,1800,2-Car,No injury/unknown,LEFT OF CENTER,FULLERTON & ROCKPORT RAMP,39.12331853,-86.56162327
2007,7,2,Weekday,1200,2-Car,No injury/unknown,UNSAFE BACKING,ORCHARD RD,39.123248,-86.60411819
2007,10,2,Weekday,1800,2-Car,No injury/unknown,OTHER (DRIVER) - EXPLAIN IN NARRATIVE,EASTGATE & SR46S,39.1225869,-86.50147033
2007,4,4,Weekday,800,1-Car,Non-incapacitating,DRIVER DISTRACTED - EXPLAIN IN NARRATIVE,W ELLER RD,39.122416,-86.64296
2007,1,2,Weekday,1700,2-Car,Incapacitating,FAILURE TO YIELD RIGHT OF WAY,FULLERTON & SR37S,39.122352,-86.5712
2007,2,5,Weekday,2100,2-Car,Non-incapacitating,DISREGARD SIGNAL/REG SIGN,FULLERTON & SR37S,39.122352,-86.5712
2007,2,6,Weekday,1800,1-Car,No injury/unknown,OTHER (DRIVER) - EXPLAIN IN NARRATIVE,DUNCAN & LEONARD SPG,39.122352,-86.5964
2007,4,2,Weekday,1300,2-Car,No injury/unknown,FAILURE TO YIELD RIGHT OF WAY,FULLERTON & SR37S,39.122352,-86.5712
2007,5,7,Weekend,1400,2-Car,Non-incapacitating,FAILURE TO YIELD RIGHT OF WAY,FULLERTON & SR37S,39.122352,-86.5712
2007,8,1,Weekend,1400,2-Car,Non-incapacitating,DISREGARD SIGNAL/REG SIGN,FULLERTON & SR37S,39.122352,-86.5712
2007,8,4,Weekday,1400,3+ Cars,Incapacitating,FAILURE TO YIELD RIGHT OF WAY,FULLERTON & SR37S,39.122352,-86.5712
2007,10,4,Weekday,1900,2-Car,Non-incapacitating,FAILURE TO YIELD RIGHT OF WAY,FULLERTON & SR37S,39.122352,-86.5712
2007,12,6,Weekday,800,2-Car,No injury/unknown,ROADWAY SURFACE CONDITION,FULLERTON & SR37S,39.122352,-86.5712
2007,2,6,Weekday,1100,1-Car,No injury/unknown,SPEED TOO FAST FOR WEATHER CONDITIONS,ISON & W LEONARD SPRINGS RD,39.1223,-86.6056567
2007,9,2,Weekday,1500,1-Car,No injury/unknown,ANIMAL/OBJECT IN ROADWAY,CASSANDRA & WEST LEONARD SPRINGS RD,39.12223415,-86.61264532
2007,1,3,Weekday,700,2-Car,No injury/unknown,ROADWAY SURFACE CONDITION,FULLERTON PIKE & ROCKPORT RD RD,39.122224,-86.562688
2007,6,3,Weekday,1500,2-Car,Incapacitating,FOLLOWING TOO CLOSELY,FULLERTON & SR37S,39.12221366,-86.57106313
2007,12,7,Weekend,1100,1-Car,No injury/unknown,SPEED TOO FAST FOR WEATHER CONDITIONS,FULLERTON PIKE & STATE ROAD 37,39.12221366,-86.57105447
2007,6,5,Weekday,900,2-Car,No injury/unknown,OTHER (DRIVER) - EXPLAIN IN NARRATIVE,BENSON CT,39.12217061,-86.52051337
2007,5,1,Weekend,1500,1-Car,No injury/unknown,DRIVER DISTRACTED - EXPLAIN IN NARRATIVE,HARRELL ROAD & RHORER ROAD RD,39.121808,-86.498784
2007,1,3,Weekday,1700,2-Car,No injury/unknown,DISREGARD SIGNAL/REG SIGN,GORDON & ROGERS ST,39.121648,-86.539088
2007,3,4,Weekday,600,1-Car,No injury/unknown,RAN OFF ROAD RIGHT,S ROGERS ST & W GORDON PIKE PIKE,39.121648,-86.539088
2007,5,5,Weekday,1700,2-Car,No injury/unknown,UNSAFE BACKING,OLD STATE ROAD 37 RD & RHORER,39.121552,-86.531296
2007,6,7,Weekend,1500,2-Car,No injury/unknown,UNSAFE BACKING,W GORDON PIKE,39.12154418,-86.53386009
2007,12,7,Weekend,1400,2-Car,Non-incapacitating,FOLLOWING TOO CLOSELY,JAMIE & RHORER RD,39.12152105,-86.51777897
2007,5,3,Weekday,800,Moped/Motorcycle,Incapacitating,DRIVER DISTRACTED - EXPLAIN IN NARRATIVE,JAMIE LANE & RHORER RD RD,39.12152,-86.51792
2007,8,3,Weekday,900,2-Car,No injury/unknown,FAILURE TO YIELD RIGHT OF WAY,DERBY & RHORER RD,39.1215,-86.523799
2007,6,2,Weekday,1800,2-Car,No injury/unknown,FOLLOWING TOO CLOSELY,BENSON & RHORER RD,39.121488,-86.52048
2007,10,6,Weekday,1800,2-Car,No injury/unknown,OTHER (VEHICLE) - EXPLAIN IN NARRATIVE,WEST GORDON PIKE,39.12148,-86.535479
2007,11,6,Weekday,700,2-Car,No injury/unknown,UNSAFE BACKING,GORDON PIKE,39.12148,-86.535479
2007,12,4,Weekday,1000,2-Car,Non-incapacitating,UNSAFE BACKING,RHORER RD & WALNUT,39.12144212,-86.52623157
2007,8,5,Weekday,1700,2-Car,Non-incapacitating,FOLLOWING TOO CLOSELY,3905 S WALNUT ST & RHORER,39.12144,-86.526496
2007,8,2,Weekday,1200,2-Car,No injury/unknown,IMPROPER TURNING,RHORER ROAD & WALNUT STREET ST,39.12144,-86.526496
2007,9,6,Weekday,700,1-Car,Non-incapacitating,RAN OFF ROAD RIGHT,RHORER RD & SARE,39.12144,-86.51158
2007,9,3,Weekday,1500,2-Car,No injury/unknown,OTHER (DRIVER) - EXPLAIN IN NARRATIVE,RHORER RD & WALNUT STREET,39.12144,-86.526496
2007,10,2,Weekday,1700,2-Car,No injury/unknown,FOLLOWING TOO CLOSELY,RHORER RD & WALNUT STREET,39.12144,-86.526496
2007,11,1,Weekend,1200,2-Car,No injury/unknown,LEFT OF CENTER,RHORER ROAD RD & WALNUT STREET PIKE,39.12144,-86.526496
2007,11,2,Weekday,1600,2-Car,No injury/unknown,FAILURE TO YIELD RIGHT OF WAY,RHORER & WALNUT STREET PIKE,39.12144,-86.526496
2007,6,3,Weekday,1700,2-Car,No injury/unknown,IMPROPER LANE USAGE,SOUTH OLD STATE ROAD 37 HWY,39.12141453,-86.5313729
2007,8,7,Weekend,1600,2-Car,No injury/unknown,UNSAFE BACKING,SOUTH OLD STATE ROAD 37 HWY,39.12141453,-86.5313729
2007,5,2,Weekday,2000,2-Car,No injury/unknown,DRIVER ASLEEP OR FATIGUED,GORDON PIKE & S WALNUT ST ST,39.1214,-86.531399
2007,8,6,Weekday,1800,1-Car,No injury/unknown,DRIVER DISTRACTED - EXPLAIN IN NARRATIVE,RHORER RD,39.1214,-86.489906
2007,3,2,Weekday,1900,1-Car,No injury/unknown,DRIVER DISTRACTED - EXPLAIN IN NARRATIVE,MOORES CREEK RD & ROHER,39.1213,-86.48962873
2007,1,6,Weekday,1700,2-Car,No injury/unknown,FAILURE TO YIELD RIGHT OF WAY,MOORES CREEK & STERLING AVE,39.1212,-86.489199
2007,5,5,Weekday,1700,2-Car,No injury/unknown,UNSAFE BACKING,SOUTH WALNUT STREET ST,39.121101,-86.531386
2007,11,4,Weekday,700,2-Car,No injury/unknown,FOLLOWING TOO CLOSELY,3100 SOUTH WALNUT ST & PINEWOOD,39.12094404,-86.53145486
2007,2,7,Weekend,2200,3+ Cars,Non-incapacitating,,DUNLAP & SR45S,39.12056922,-86.61699394
2007,4,4,Weekday,700,1-Car,Non-incapacitating,RAN OFF ROAD RIGHT,S WALNUT ST PIKE PIKE,39.119854,-86.526599
2007,1,4,Weekday,1800,2-Car,No injury/unknown,ALCOHOLIC BEVERAGES,DUNLAP & SR45W,39.119344,-86.618896
2007,4,1,Weekend,1600,2-Car,No injury/unknown,FAILURE TO YIELD RIGHT OF WAY,ROCKPORT & SR37S,39.117648,-86.567104
2007,4,5,Weekday,700,2-Car,Incapacitating,FAILURE TO YIELD RIGHT OF WAY,ROCKPORT & SR37N,39.117648,-86.567104
2007,9,1,Weekday,2300,1-Car,No injury/unknown,ANIMAL/OBJECT IN ROADWAY,ROCKPORT & SR37S,39.117648,-86.567104
2007,10,6,Weekend,2000,2-Car,No injury/unknown,FAILURE TO YIELD RIGHT OF WAY,ROCKPORT & SR37S,39.117648,-86.567104
2007,8,4,Weekday,1400,2-Car,No injury/unknown,UNSAFE BACKING,ROCKPORT RD & STATE ROAD 37,39.11749058,-86.56702648
2007,12,4,Weekday,1400,2-Car,No injury/unknown,FOLLOWING TOO CLOSELY,ROCKPORT & SR37S,39.11641575,-86.56562607
2007,10,1,Weekend,1700,2-Car,Non-incapacitating,FAILURE TO YIELD RIGHT OF WAY,4802 S OLD STATE ROAD 37 RD & ORCHARD,39.11584,-86.5312
2007,9,1,Weekend,1600,2-Car,Incapacitating,FOLLOWING TOO CLOSELY,PINEWOOD & S WALNUT ST,39.11567173,-86.53143
2007,1,2,Weekday,1500,2-Car,No injury/unknown,FOLLOWING TOO CLOSELY,37 & THAT RD,39.115552,-86.564592
2007,1,4,Weekday,900,3+ Cars,Non-incapacitating,FAILURE TO YIELD RIGHT OF WAY,SR37S & THAT,39.115552,-86.564592
2007,10,7,Weekend,600,1-Car,No injury/unknown,ANIMAL/OBJECT IN ROADWAY,SR37S & THAT RD,39.115552,-86.564592
2007,11,6,Weekday,1000,2-Car,Non-incapacitating,FAILURE TO YIELD RIGHT OF WAY,SR37S & THAT,39.115552,-86.564592
2007,12,7,Weekend,2100,1-Car,No injury/unknown,DRIVER DISTRACTED - EXPLAIN IN NARRATIVE,5500 S ROGERS ST & PHYLLIS,39.11534473,-86.54030678
2007,1,7,Weekend,800,2-Car,No injury/unknown,FAILURE TO YIELD RIGHT OF WAY,SR37N & THAT,39.11534249,-86.56470422
2007,9,6,Weekday,1700,2-Car,Non-incapacitating,DRIVER DISTRACTED - EXPLAIN IN NARRATIVE,DINSMORE & SR45W,39.11504,-86.630992
2007,8,7,Weekend,1100,2-Car,No injury/unknown,OTHER (VEHICLE) - EXPLAIN IN NARRATIVE,DINSMORE & SR45W,39.11503847,-86.63088625
2007,2,6,Weekday,1400,2-Car,No injury/unknown,UNSAFE BACKING,SOUTH ROGERS T RD & THAT RD,39.11464,-86.539392
2007,9,3,Weekday,1400,Bus,No injury/unknown,FAILURE TO YIELD RIGHT OF WAY,EAGLEVIEW & THAT RD,39.11461,-86.54628
2007,8,6,Weekday,1800,3+ Cars,Non-incapacitating,ALCOHOLIC BEVERAGES,DINSMORE & SR45W,39.11460543,-86.63189064
2007,9,6,Weekday,1500,2-Car,No injury/unknown,FOLLOWING TOO CLOSELY,DINSMORE & SR45,39.114026,-86.63308881
2007,1,7,Weekend,1800,1-Car,No injury/unknown,ANIMAL/OBJECT IN ROADWAY,SR37 & THAT,39.11382857,-86.56231729
2007,9,1,Weekend,1800,1-Car,No injury/unknown,OVERCORRECTING/OVERSTEERING,ELWREN & ELWREN RD,39.113232,-86.668544
2007,5,3,Weekday,1000,2-Car,No injury/unknown,OTHER (DRIVER) - EXPLAIN IN NARRATIVE,ROGERS ST & THAT,39.11261618,-86.53988499
2007,5,6,Weekday,1500,2-Car,Non-incapacitating,OTHER (DRIVER) - EXPLAIN IN NARRATIVE,CIANA & S HARRELL RD,39.1122,-86.498599
2007,12,7,Weekend,1200,1-Car,No injury/unknown,STEERING FAILURE,HARMONY & SR45S,39.11188918,-86.63693506
2007,5,7,Weekend,1800,2-Car,No injury/unknown,FAILURE TO YIELD RIGHT OF WAY,LIBERTY DR & THIRD,39.11172779,-86.579099
2007,1,6,Weekday,1600,2-Car,Non-incapacitating,FOLLOWING TOO CLOSELY,601 S LIBERTY DR & W 3RD,39.11172619,-86.57913641
2007,2,6,Weekday,1500,2-Car,No injury/unknown,FAILURE TO YIELD RIGHT OF WAY,500 S LIBERTY DR & W 3RD,39.11172619,-86.57913641
2007,2,3,Weekday,1200,1-Car,No injury/unknown,ROADWAY SURFACE CONDITION,STANSIFER LN,39.111451,-86.568399
2007,6,5,Weekday,1800,2-Car,Non-incapacitating,RAN OFF ROAD RIGHT,4910 S ROGERS ST & CLEAR CREEK,39.11136,-86.539824
2007,4,6,Weekday,1500,2-Car,No injury/unknown,LEFT OF CENTER,CLEAR CREEK DRIVE DR & COLLEGE AVENUE,39.1111,-86.534901
2007,8,3,Weekday,1500,2-Car,No injury/unknown,FOLLOWING TOO CLOSELY,HARMONY & SR45W,39.11085213,-86.638579
2007,12,7,Weekend,800,1-Car,No injury/unknown,ROADWAY SURFACE CONDITION,HARMONY & SR45W,39.1107662,-86.6387165
2007,8,2,Weekday,2300,Moped/Motorcycle,Incapacitating,ALCOHOLIC BEVERAGES,3000 SOUTH WALNUT ST & PINEWOOD,39.11037853,-86.53145486
2007,8,7,Weekend,100,1-Car,Non-incapacitating,ALCOHOLIC BEVERAGES,MOORES CREEK RD & SWARTZ RIDGE,39.11025514,-86.4641116
2007,11,6,Weekend,2000,1-Car,No injury/unknown,ANIMAL/OBJECT IN ROADWAY,SR37S & THAT,39.10984532,-86.55696309
2007,11,5,Weekday,1500,2-Car,No injury/unknown,FOLLOWING TOO CLOSELY,STATE HIGHWAY 45 HWY & WOODBINE,39.10935,-86.64095134
2007,6,4,Weekday,1800,2-Car,Non-incapacitating,LEFT OF CENTER,OLD HWY 37 SOUTH HWY & WAYSIDE,39.109248,-86.53128
2007,2,6,Weekday,1700,1-Car,Non-incapacitating,UNSAFE SPEED,HARMONY & WEST ISON RD,39.108848,-86.6384
2007,8,6,Weekday,1200,2-Car,No injury/unknown,OTHER (DRIVER) - EXPLAIN IN NARRATIVE,HARMONY RD & ISON,39.1086,-86.63828
2007,10,6,Weekday,1600,1-Car,Non-incapacitating,SPEED TOO FAST FOR WEATHER CONDITIONS,ELWREN RD & ELWREN RUNAROUND,39.10843,-86.66951
2007,5,4,Weekday,1700,2-Car,No injury/unknown,FAILURE TO YIELD RIGHT OF WAY,FAIRFAX & OLD STATE ROAD 37 RD,39.1083,-86.531299
2007,6,6,Weekday,1600,2-Car,Non-incapacitating,OTHER (DRIVER) - EXPLAIN IN NARRATIVE,FAIRFAX & OLD SR 37S RD,39.1083,-86.531299
2007,2,4,Weekday,600,1-Car,Non-incapacitating,ANIMAL/OBJECT IN ROADWAY,ELWREN RD RD & S STANFORD RD,39.10824,-86.666192
2007,9,7,Weekend,1200,2-Car,Non-incapacitating,FAILURE TO YIELD RIGHT OF WAY,ROCKPORT RD & STANSIFER,39.108032,-86.575552
2007,3,6,Weekday,800,1-Car,Non-incapacitating,RAN OFF ROAD RIGHT,MOORES CREEK RD & SWARTZ RIDGE,39.107904,-86.462368
2007,2,6,Weekend,2300,1-Car,No injury/unknown,ROADWAY SURFACE CONDITION,FAIRFAX & SCHACHT RD,39.10789901,-86.51342508
2007,1,2,Weekday,200,2-Car,No injury/unknown,ALCOHOLIC BEVERAGES,VICTOR PIKE,39.10789061,-86.54973844
2007,9,7,Weekend,200,1-Car,Non-incapacitating,RAN OFF ROAD RIGHT,SR45W & W ELWREN RD,39.107648,-86.643696
2007,5,5,Weekday,2200,1-Car,No injury/unknown,OTHER (VEHICLE) - EXPLAIN IN NARRATIVE,3093 E COVENANTER DR & AUTO MALL,39.10763043,-86.49501
2007,7,4,Weekday,2300,2-Car,No injury/unknown,IMPROPER TURNING,CHURCH LN & VICTOR,39.107552,-86.549792
2007,9,1,Weekend,1300,Moped/Motorcycle,Non-incapacitating,IMPROPER PASSING,ROCKPORT & SR37S,39.10752149,-86.55379162
2007,1,5,Weekday,1600,2-Car,Non-incapacitating,FAILURE TO YIELD RIGHT OF WAY,WALNUT & WALNUT ST,39.10748133,-86.52640051
2007,10,3,Weekday,300,1-Car,No injury/unknown,OVERCORRECTING/OVERSTEERING,CHURCH LN & SOUTH ROGERS,39.107456,-86.540064
2007,5,6,Weekday,1400,2-Car,No injury/unknown,FAILURE TO YIELD RIGHT OF WAY,S WALNUT ST & WALNUT STREET,39.107344,-86.5264
2007,10,3,Weekday,1400,2-Car,No injury/unknown,FAILURE TO YIELD RIGHT OF WAY,WALNUT ST,39.107344,-86.5264
2007,11,4,Weekday,1700,2-Car,No injury/unknown,FAILURE TO YIELD RIGHT OF WAY,S WALNUT ST,39.107344,-86.5264
2007,4,4,Weekday,1800,2-Car,No injury/unknown,FOLLOWING TOO CLOSELY,FAIRFAX RD & WALNUT STREET,39.1073,-86.531499
2007,5,7,Weekend,1100,2-Car,No injury/unknown,SPEED TOO FAST FOR WEATHER CONDITIONS,S FAIRFAX RD & WALNUT STREET PIKE,39.1073,-86.531499
2007,9,4,Weekday,1700,2-Car,No injury/unknown,OTHER (DRIVER) - EXPLAIN IN NARRATIVE,FAIRFAX RD & OLD STATE RD 37,39.10726,-86.53149
2007,12,1,Weekend,1500,2-Car,No injury/unknown,DISREGARD SIGNAL/REG SIGN,FAIRFAX & OLD STATE ROAD 37 RD,39.10726,-86.53149
2007,2,4,Weekday,1100,2-Car,No injury/unknown,FOLLOWING TOO CLOSELY,FAIRFAX RD & SCHACHT,39.1072,-86.526499
2007,5,6,Weekday,1800,2-Car,No injury/unknown,FOLLOWING TOO CLOSELY,FAIRFAX RD & SCHACHT,39.10704,-86.523488
2007,7,3,Weekday,1600,2-Car,No injury/unknown,OTHER (DRIVER) - EXPLAIN IN NARRATIVE,S FAIRFAX RD,39.10704,-86.523488
2007,7,5,Weekday,500,1-Car,No injury/unknown,RAN OFF ROAD RIGHT,FAIRFAX RDS & SCHACHT,39.10704,-86.523488
2007,4,3,Weekday,1700,2-Car,Non-incapacitating,FOLLOWING TOO CLOSELY,HARRELL RD & MOFFETT,39.107,-86.498499
2007,2,6,Weekday,900,2-Car,No injury/unknown,UNSAFE BACKING,SOUTH VICTOR PIKE RD,39.10667,-86.550297
2007,1,2,Weekday,600,1-Car,No injury/unknown,ANIMAL/OBJECT IN ROADWAY,ELWREN & SR45N,39.10622868,-86.64508598
2007,7,7,Weekend,1600,2-Car,No injury/unknown,CELL PHONE USAGE,ANDY WAY ST & NORWAY,39.1061406,-86.587699
2007,11,5,Weekday,1500,3+ Cars,No injury/unknown,DRIVER DISTRACTED - EXPLAIN IN NARRATIVE,SR37S & VICTOR,39.10592835,-86.55161757
2007,1,5,Weekday,1800,2-Car,No injury/unknown,DRIVER DISTRACTED - EXPLAIN IN NARRATIVE,SR37S & VICTOR,39.105552,-86.551104
2007,1,1,Weekend,1400,2-Car,Non-incapacitating,DISREGARD SIGNAL/REG SIGN,SR37S & VICTOR,39.105552,-86.551104
2007,2,4,Weekday,1100,1-Car,No injury/unknown,UNSAFE SPEED,SR37 & VICTOR,39.105552,-86.551104
2007,5,6,Weekend,2100,2-Car,Non-incapacitating,FAILURE TO YIELD RIGHT OF WAY,SR37S & VICTOR,39.105552,-86.551104
2007,6,6,Weekday,1600,2-Car,No injury/unknown,DRIVER DISTRACTED - EXPLAIN IN NARRATIVE,SR37S & VICTOR,39.105552,-86.551104
2007,6,6,Weekday,1500,2-Car,Non-incapacitating,DISREGARD SIGNAL/REG SIGN,SR37S & VICTOR,39.105552,-86.551104
2007,8,7,Weekend,600,2-Car,No injury/unknown,FAILURE TO YIELD RIGHT OF WAY,SR37S & VICTOR,39.105552,-86.551104
2007,8,6,Weekday,1200,1-Car,Non-incapacitating,RAN OFF ROAD RIGHT,SR37N & VICTOR,39.105552,-86.551104
2007,9,3,Weekday,1600,2-Car,No injury/unknown,DISREGARD SIGNAL/REG SIGN,SR37S & VICTOR,39.105552,-86.551104
2007,10,2,Weekday,2300,1-Car,Non-incapacitating,ANIMAL/OBJECT IN ROADWAY,SR37S & VICTOR,39.105552,-86.551104
2007,10,7,Weekend,700,2-Car,No injury/unknown,FAILURE TO YIELD RIGHT OF WAY,SR37N & VICTOR PIKE,39.105552,-86.551104
2007,4,2,Weekday,1800,2-Car,No injury/unknown,DRIVER DISTRACTED - EXPLAIN IN NARRATIVE,SR37 & VICTOR,39.10546945,-86.55147414
2007,6,4,Weekday,1800,1-Car,No injury/unknown,ANIMAL/OBJECT IN ROADWAY,RUSSELL & SR45,39.10514187,-86.46787946
2007,6,1,Weekday,2100,2-Car,Non-incapacitating,ALCOHOLIC BEVERAGES,SOUTH OLD SR 37 RDS,39.104873,-86.532233
2007,8,3,Weekday,1700,1-Car,Non-incapacitating,RAN OFF ROAD RIGHT,MOORES CREEK & STIPP RD,39.102704,-86.461792
2007,8,2,Weekday,800,1-Car,No injury/unknown,ANIMAL/OBJECT IN ROADWAY,MORSE CREEK & STIPP RD,39.10252,-86.46190677
2007,11,4,Weekday,2000,1-Car,No injury/unknown,ANIMAL/OBJECT IN ROADWAY,SR37S & ZIKES,39.10208976,-86.5360106
2007,2,4,Weekday,0,1-Car,Non-incapacitating,RAN OFF ROAD RIGHT,COCKRELL & S ROCKPORT RD,39.101776,-86.576864
2007,2,4,Weekday,1500,1-Car,No injury/unknown,ROADWAY SURFACE CONDITION,BLUEBIRD & SNOODY RD,39.10130227,-86.489599
2007,4,7,Weekend,2000,1-Car,Non-incapacitating,RAN OFF ROAD RIGHT,HARRELL RD & MOFFATT,39.10116522,-86.49846611