Year,Month,Day,Weekend?,Hour,Collision Type,Injury Type,Primary Factor,Reported_Location,Latitude,Longitude
2007,9,6,Weekday,900,2-Car,Non-incapacitating,FAILURE TO YIELD RIGHT OF WAY,500 SOUTH LIBERTY DR & E 3RD,39.10115175,-86.57913641
2007,1,6,Weekday,1600,2-Car,No injury/unknown,FAILURE TO YIELD RIGHT OF WAY,FAIRFAX & MOFFETT LN,39.09984,-86.5176
2007,9,6,Weekday,1500,2-Car,No injury/unknown,IMPROPER TURNING,OLD SR 37 SOUTH & ROGERS ST,39.099408,-86.537904
2007,2,2,Weekday,900,2-Car,Non-incapacitating,DRIVER DISTRACTED - EXPLAIN IN NARRATIVE,HINDS & SR45W,39.09896791,-86.6522616
2007,8,4,Weekday,1800,2-Car,No injury/unknown,OTHER (DRIVER) - EXPLAIN IN NARRATIVE,HINDS & SR45W,39.09791987,-86.65502648
2007,5,7,Weekend,1600,1-Car,No injury/unknown,ACCELERATOR FAILURE OR DEFECTIVE,S OLD SR 37 RD,39.0978897,-86.53976953
2007,7,5,Weekday,900,2-Car,No injury/unknown,FAILURE TO YIELD RIGHT OF WAY,CHERRY LANE & SOUTH FAIRFAX ROAD RD,39.09784,-86.5168
2007,11,6,Weekday,1400,2-Car,No injury/unknown,OTHER (DRIVER) - EXPLAIN IN NARRATIVE,CHERRY & FAIRFAX RD,39.09784,-86.5168
2007,4,6,Weekday,300,1-Car,No injury/unknown,ALCOHOLIC BEVERAGES,DORCHESTER DR & HILLSIDE,39.09764683,-86.512499
2007,4,7,Weekend,1800,1-Car,No injury/unknown,RAN OFF ROAD RIGHT,MAY & ROCKPORT RD,39.09535099,-86.58439683
2007,6,2,Weekday,1500,1-Car,No injury/unknown,DRIVER DISTRACTED - EXPLAIN IN NARRATIVE,FAIRFAX ROAD RD & HUPP,39.09464,-86.516896
2007,3,2,Weekday,1700,Pedestrian,Non-incapacitating,PEDESTRIAN ACTION,S ROCKPORT RD,39.093344,-86.5868
2007,7,6,Weekend,1900,2-Car,Non-incapacitating,OTHER (DRIVER) - EXPLAIN IN NARRATIVE,DILLMAN & SR37S,39.092976,-86.545648
2007,10,4,Weekday,1200,2-Car,Incapacitating,FAILURE TO YIELD RIGHT OF WAY,DILLMAN & SR37S,39.092976,-86.545648
2007,10,7,Weekend,2200,2-Car,Non-incapacitating,FAILURE TO YIELD RIGHT OF WAY,DILLMAN & SR37S,39.092976,-86.545648
2007,11,1,Weekend,1300,2-Car,No injury/unknown,DISREGARD SIGNAL/REG SIGN,DILLMAN RD & SR37N,39.092976,-86.545648
2007,9,4,Weekday,1800,2-Car,No injury/unknown,FAILURE TO YIELD RIGHT OF WAY,DILLMAN & SR37N,39.09293264,-86.54580509
2007,1,1,Weekend,1100,2-Car,No injury/unknown,OTHER (DRIVER) - EXPLAIN IN NARRATIVE,DILLMAN RD RD & EMPIRE RD,39.092928,-86.54176
2007,2,1,Weekday,2100,1-Car,No injury/unknown,DRIVER DISTRACTED - EXPLAIN IN NARRATIVE,MAY & ROCKPORT RD,39.09282781,-86.58704112
2007,11,1,Weekend,1800,1-Car,No injury/unknown,OTHER (DRIVER) - EXPLAIN IN NARRATIVE,5305 S ROCKPORT RD & BOLIN,39.09260982,-86.57509977
2007,12,1,Weekend,800,2-Car,No injury/unknown,RAN OFF ROAD RIGHT,BOLIN & ROCKPORT RD,39.09260215,-86.57509
2007,2,5,Weekday,1600,2-Car,No injury/unknown,RAN OFF ROAD RIGHT,HANDY RD,39.09223255,-86.48318591
2007,5,7,Weekend,1800,1-Car,Non-incapacitating,ALCOHOLIC BEVERAGES,KNIGHTRIDGE & SR446,39.09136901,-86.4668481
2007,6,1,Weekend,1400,1-Car,Non-incapacitating,DRIVER ASLEEP OR FATIGUED,KNIGHTRIDGE & SR446S,39.09136901,-86.4668481
2007,11,1,Weekend,1200,2-Car,No injury/unknown,FOLLOWING TOO CLOSELY,BLUERIDGE & N WALNUT ST,39.09107834,-86.53452
2007,2,2,Weekday,2100,3+ Cars,Non-incapacitating,UNSAFE SPEED,BURCH & SR45W,39.0902146,-86.66578843
2007,8,4,Weekday,1800,2-Car,Non-incapacitating,OTHER (DRIVER) - EXPLAIN IN NARRATIVE,SR45W & STATE ROAD 45,39.08985222,-86.66625547
2007,4,6,Weekday,1400,2-Car,No injury/unknown,FOLLOWING TOO CLOSELY,SR45W & STANFORD,39.08984,-86.666304
2007,6,5,Weekday,2100,2-Car,No injury/unknown,FOLLOWING TOO CLOSELY,BURCH & SR45W,39.08984,-86.666304
2007,2,5,Weekday,1600,2-Car,No injury/unknown,OTHER (DRIVER) - EXPLAIN IN NARRATIVE,PINEWOOD & WALNUT ST,39.08973744,-86.531399
2007,7,1,Weekend,1300,2-Car,No injury/unknown,FAILURE TO YIELD RIGHT OF WAY,PAYNETOWN REC AREA PARK,39.08946426,-86.42889643
2007,8,7,Weekend,1000,1-Car,No injury/unknown,OVERCORRECTING/OVERSTEERING,FAIRFAX ROAD RD & SCHACT RD,39.08872185,-86.526499
2007,4,4,Weekday,1900,1-Car,Non-incapacitating,RAN OFF ROAD RIGHT,SALT CREEK & SR446N,39.08778951,-86.42243138
2007,8,3,Weekday,1000,1-Car,Non-incapacitating,RAN OFF ROAD RIGHT,SALT CREEK DR & SR446N,39.08778951,-86.42243138
2007,5,4,Weekday,600,2-Car,No injury/unknown,OTHER (DRIVER) - EXPLAIN IN NARRATIVE,DILLMAN & SR37S,39.08758969,-86.54457085
2007,11,5,Weekday,400,1-Car,No injury/unknown,SPEED TOO FAST FOR WEATHER CONDITIONS,HARMONY RD & KIRKSVILLE,39.08709195,-86.63844981
2007,6,2,Weekday,1700,1-Car,No injury/unknown,DRIVER ASLEEP OR FATIGUED,SPARKS & SR45W,39.086848,-86.671296
2007,10,7,Weekend,1400,2-Car,Non-incapacitating,DRIVER DISTRACTED - EXPLAIN IN NARRATIVE,BREEDEN & SR45W,39.086832,-86.671984
2007,9,3,Weekday,600,1-Car,No injury/unknown,ANIMAL/OBJECT IN ROADWAY,OLD SR 37 & SR37S,39.08660818,-86.54353988
2007,1,1,Weekday,1900,1-Car,No injury/unknown,ANIMAL/OBJECT IN ROADWAY,TRAMWAY RD & VICTOR,39.085952,-86.566096
2007,1,1,Weekend,1200,2-Car,No injury/unknown,DISREGARD SIGNAL/REG SIGN,OLD SR 37 & SR37N,39.085632,-86.542304
2007,11,3,Weekday,1400,2-Car,No injury/unknown,OTHER (ENVIRONMENTAL) - EXPLAIN IN NARR,OLD SR 37 & SR37S,39.085632,-86.542304
2007,11,6,Weekday,700,2-Car,No injury/unknown,DRIVER DISTRACTED - EXPLAIN IN NARRATIVE,SOUTH OLD HIGHWAY 37 & SR37N,39.08540361,-86.54210824
2007,11,4,Weekday,2000,2-Car,No injury/unknown,OTHER (DRIVER) - EXPLAIN IN NARRATIVE,SR37S & STATE ROAD 37  4LN,39.08528624,-86.54271101
2007,5,1,Weekend,1300,Moped/Motorcycle,Non-incapacitating,RAN OFF ROAD RIGHT,RUSH RIDGE & SR446S,39.08495149,-86.42087765
2007,1,1,Weekend,100,2-Car,No injury/unknown,ALCOHOLIC BEVERAGES,SR37S & STATE ROAD 37,39.08384,-86.540768
2007,7,3,Weekday,1500,2-Car,No injury/unknown,OVERCORRECTING/OVERSTEERING,EMPIRE MILL & SR37S,39.08384,-86.540768
2007,11,5,Weekday,1000,2-Car,No injury/unknown,DISREGARD SIGNAL/REG SIGN,SR37S & STATE HWY 37 4LANE SOUTH,39.08384,-86.540768
2007,11,7,Weekend,600,1-Car,No injury/unknown,ANIMAL/OBJECT IN ROADWAY,RUSH RIDGE & SR446N,39.08337373,-86.42034021
2007,11,6,Weekend,2200,1-Car,Non-incapacitating,RAN OFF ROAD RIGHT,TRAMWAY & VICTOR PIKE,39.08333664,-86.56717239
2007,12,6,Weekday,1800,1-Car,No injury/unknown,SPEED TOO FAST FOR WEATHER CONDITIONS,EMPIRE & OLDSR37 HWY,39.083248,-86.5408
2007,4,7,Weekend,2000,1-Car,Non-incapacitating,UNSAFE SPEED,SR37N & VERNAL,39.08217666,-86.5609886
2007,4,4,Weekday,200,1-Car,No injury/unknown,ALCOHOLIC BEVERAGES,RUSH RIDGE & SR446S,39.08215554,-86.4196101
2007,11,5,Weekday,800,1-Car,No injury/unknown,ANIMAL/OBJECT IN ROADWAY,HICKORY LEAF DRIVE DR & SR 45 SOUTH,39.08160507,-86.57777
2007,4,2,Weekday,2300,1-Car,Non-incapacitating,ALCOHOLIC BEVERAGES,TRAMWAY & VICTOR PIKE,39.08072104,-86.56824778
2007,10,3,Weekday,1500,1-Car,No injury/unknown,OVERCORRECTING/OVERSTEERING,LODGE & ROCKPORT RD,39.0795821,-86.59388612
2007,7,6,Weekday,1600,2-Car,Non-incapacitating,FAILURE TO YIELD RIGHT OF WAY,BURCH & W EVANS RD,39.079552,-86.666592
2007,12,1,Weekend,1200,1-Car,No injury/unknown,RAN OFF ROAD RIGHT,FIRST STREET & SOUTH FAIRFAX ROAD RDS,39.07936,-86.51332
2007,12,3,Weekday,500,1-Car,Non-incapacitating,ALCOHOLIC BEVERAGES,KOONTZ RD & ROCKPORT,39.07897127,-86.603225
2007,10,6,Weekend,2000,1-Car,No injury/unknown,OTHER (DRIVER) - EXPLAIN IN NARRATIVE,7300 S ROCKPORT RD & KOONTZ,39.078944,-86.596304
2007,3,7,Weekend,300,1-Car,No injury/unknown,ANIMAL/OBJECT IN ROADWAY,FAIRFAX RD & SMITHVILLE,39.07656651,-86.50904617
2007,7,5,Weekday,1500,1-Car,Incapacitating,DRIVER ASLEEP OR FATIGUED,HARMONY RD & KOONTZ,39.07581852,-86.6276
2007,11,5,Weekday,1600,1-Car,No injury/unknown,DRIVER DISTRACTED - EXPLAIN IN NARRATIVE,EVANS RD & HARMONY,39.07569907,-86.63288518
2007,3,5,Weekday,700,2-Car,No injury/unknown,FAILURE TO YIELD RIGHT OF WAY,FLUCKMILL & VICTOR PIKE,39.0744954,-86.57099924
2007,11,1,Weekend,1000,2-Car,No injury/unknown,FAILURE TO YIELD RIGHT OF WAY,FAIRFAX RD & STRAIN RIDGE,39.07439,-86.50583
2007,10,4,Weekday,2000,Pedestrian,Non-incapacitating,DRIVER DISTRACTED - EXPLAIN IN NARRATIVE,CHURCH & E RAMP CREEK RD,39.074,-86.48474649
2007,11,4,Weekday,900,1-Car,No injury/unknown,RAN OFF ROAD RIGHT,KOONTZ & ROCKPORT RD,39.07399922,-86.59931331
2007,7,2,Weekday,700,2-Car,No injury/unknown,FAILURE TO YIELD RIGHT OF WAY,FAIRFAX RD & SMITHVILLE,39.0735198,-86.50453069
2007,2,6,Weekend,1900,1-Car,No injury/unknown,BRAKE FAILURE OR DEFECTIVE,SHADY SIDE & SHIELDS RIDGE RD,39.073088,-86.461184
2007,12,6,Weekday,1000,1-Car,Non-incapacitating,SPEED TOO FAST FOR WEATHER CONDITIONS,KETCHAM RUNAROUND & SOUTH OLD ST RD 37 HWY,39.07274,-86.54445
2007,12,4,Weekday,200,1-Car,No injury/unknown,ANIMAL/OBJECT IN ROADWAY,S ROCKPORT RD & WEST EVANS ROAD,39.071952,-86.600704
2007,5,2,Weekday,700,Bus,Non-incapacitating,GLARE,E SMITHVILLE RDS & SOCIETY LANE,39.071056,-86.517488
2007,8,6,Weekday,1100,2-Car,No injury/unknown,FAILURE TO YIELD RIGHT OF WAY,SMITHVILLE & SR37N,39.071056,-86.5356
2007,4,1,Weekend,1500,2-Car,No injury/unknown,FOLLOWING TOO CLOSELY,KETCHAM & SR37S,39.07093943,-86.5364409
2007,11,3,Weekday,2000,1-Car,No injury/unknown,ANIMAL/OBJECT IN ROADWAY,SMITHVILLE & SR37,39.06885882,-86.53562808
2007,9,1,Weekend,0,1-Car,No injury/unknown,ANIMAL/OBJECT IN ROADWAY,SMITHVILLE & SR37,39.06418982,-86.53568775
2007,8,7,Weekend,1900,1-Car,Non-incapacitating,ALCOHOLIC BEVERAGES,SR446S & WALDRIP CREEK,39.06392824,-86.41456115
2007,7,5,Weekday,2300,1-Car,No injury/unknown,ROADWAY SURFACE CONDITION,EAST WALDRIP CREEK RD,39.061184,-86.414416
2007,11,6,Weekend,2100,1-Car,Non-incapacitating,RAN OFF ROAD RIGHT,SR446S & WALDRIP CREEK,39.06041196,-86.41405295
2007,2,6,Weekend,1900,2-Car,No injury/unknown,ALCOHOLIC BEVERAGES,FAIRFAX RD & SCOTT,39.06,-86.498599
2007,1,7,Weekend,1800,2-Car,No injury/unknown,IMPROPER PASSING,FAIRFAX RD & SCOTT,39.056992,-86.498432
2007,5,5,Weekday,600,1-Car,No injury/unknown,ANIMAL/OBJECT IN ROADWAY,SR37S & ZIKES,39.05494892,-86.53581235
2007,10,4,Weekday,800,Bus,No injury/unknown,LEFT OF CENTER,ROCKPORT & VICTOR PIKE,39.053744,-86.606304
2007,10,6,Weekend,2300,1-Car,No injury/unknown,RAN OFF ROAD RIGHT,ROCKPORT RD & VICTOR,39.053744,-86.606304
2007,10,7,Weekend,1800,2-Car,No injury/unknown,FAILURE TO YIELD RIGHT OF WAY,SR37N & ZIKES,39.05220246,-86.53585037
2007,9,2,Weekday,2000,1-Car,No injury/unknown,ANIMAL/OBJECT IN ROADWAY,SR37 & ZIKES,39.05192781,-86.53585417
2007,3,6,Weekday,1300,2-Car,No injury/unknown,FOLLOWING TOO CLOSELY,SR37S & ZIKES,39.04973065,-86.53588429
2007,11,4,Weekday,1500,1-Car,No injury/unknown,RAN OFF ROAD RIGHT,ANNE & STRAIN RIDGE RD,39.04934,-86.51078047
2007,11,2,Weekday,1900,1-Car,No injury/unknown,ANIMAL/OBJECT IN ROADWAY,SR37S & ZIKES,39.04890669,-86.53588389
2007,5,6,Weekday,500,1-Car,No injury/unknown,RAN OFF ROAD LEFT,SR37N & ZIKES,39.04721205,-86.53587119
2007,4,3,Weekday,1600,Moped/Motorcycle,No injury/unknown,FAILURE TO YIELD RIGHT OF WAY,ROCKPORT RD & TARKINGTON,39.04716124,-86.61368161
2007,9,6,Weekend,1900,1-Car,No injury/unknown,OTHER (ENVIRONMENTAL) - EXPLAIN IN NARR,HAYS & SR446S,39.04464,-86.407952
2007,10,3,Weekday,1200,1-Car,Non-incapacitating,OTHER (DRIVER) - EXPLAIN IN NARRATIVE,HAYS & SR446S,39.04423891,-86.40747069
2007,2,4,Weekday,1400,1-Car,Non-incapacitating,OTHER (DRIVER) - EXPLAIN IN NARRATIVE,BREEDEN RD & CARTER,39.043792,-86.666048
2007,7,6,Weekday,1500,1-Car,Non-incapacitating,ROADWAY SURFACE CONDITION,CEDAR BLUFF & OLD STATE ROAD  37 HWY,39.042144,-86.5412
2007,9,4,Weekday,1900,1-Car,Incapacitating,RAN OFF ROAD RIGHT,MATHEWS DR & MT TABOR,39.04006904,-86.62067
2007,3,6,Weekday,1500,Bus,No injury/unknown,OTHER (DRIVER) - EXPLAIN IN NARRATIVE,ROCK EAST RD & ROCKPORT,39.03600387,-86.61691329
2007,7,2,Weekday,400,2-Car,No injury/unknown,LEFT OF CENTER,ROCKEAST RD & ROCKPORT,39.035999,-86.61313916
2007,6,7,Weekend,2200,1-Car,No injury/unknown,UNSAFE SPEED,STRAIN & STRAIN RDG,39.0349,-86.51428935
2007,7,6,Weekend,2100,1-Car,Non-incapacitating,OTHER (DRIVER) - EXPLAIN IN NARRATIVE,BIRCH RD & GRAVES,39.03379892,-86.666197
2007,6,7,Weekend,500,1-Car,No injury/unknown,RAN OFF ROAD RIGHT,POINTE RDG,39.033589,-86.510508
2007,7,6,Weekend,1900,1-Car,No injury/unknown,ROADWAY SURFACE CONDITION,ALLENS CREEK & SR446N,39.03343919,-86.40833432
2007,5,7,Weekend,300,1-Car,No injury/unknown,OTHER (DRIVER) - EXPLAIN IN NARRATIVE,ROCKEAST RD & SNOW,39.032701,-86.6563957
2007,3,2,Weekday,700,1-Car,Non-incapacitating,ANIMAL/OBJECT IN ROADWAY,GORE & OLD STATE HIGHWAY 37 SOUTH RD,39.032544,-86.541696
2007,8,6,Weekend,2100,2-Car,Non-incapacitating,ALCOHOLIC BEVERAGES,FAIRFAX & POINTE RD,39.032,-86.4967817
2007,7,6,Weekday,500,1-Car,Non-incapacitating,SPEED TOO FAST FOR WEATHER CONDITIONS,ALLENS CREEK & SR446S,39.03147918,-86.40764723
2007,9,7,Weekend,2100,1-Car,No injury/unknown,NONE (VEHICLE),SOUTH FAIRFAX RD,39.029324,-86.489529
2007,12,7,Weekend,400,1-Car,No injury/unknown,RAN OFF ROAD RIGHT,BREEDEN RD RD & TOM PHILLIPS RD,39.02327736,-86.67457
2007,5,7,Weekend,1000,2-Car,No injury/unknown,OTHER (DRIVER) - EXPLAIN IN NARRATIVE,HARDIN RIDGE RD,39.01995302,-86.44896695
2007,9,7,Weekend,0,1-Car,No injury/unknown,OTHER (DRIVER) - EXPLAIN IN NARRATIVE,BURKS & BURKS CT,39.01993096,-86.52739
2007,8,6,Weekday,200,1-Car,No injury/unknown,RAN OFF ROAD RIGHT,MONROE DAM RD & STRAIN RIDGE,39.0192,-86.535099
2007,1,4,Weekday,2100,1-Car,No injury/unknown,ANIMAL/OBJECT IN ROADWAY,KETCHAM RD & THRASHER,39.0148877,-86.56234558
2007,3,2,Weekday,200,1-Car,No injury/unknown,ANIMAL/OBJECT IN ROADWAY,MONROE DAM & SR37N,39.0146275,-86.537088
2007,9,5,Weekday,1200,1-Car,No injury/unknown,RAN OFF ROAD RIGHT,KETCHAM & POPCORN RD,39.01175,-86.56188
2007,8,3,Weekday,1400,2-Car,No injury/unknown,OTHER (DRIVER) - EXPLAIN IN NARRATIVE,9300 SOUTH OLD STATE ROAD 37 RD,39.011099,-86.543098
2007,7,4,Weekday,600,1-Car,Non-incapacitating,SPEED TOO FAST FOR WEATHER CONDITIONS,MONROE DAM & VALLEY MISSION RD,39.009344,-86.510096
2007,4,5,Weekday,600,1-Car,Non-incapacitating,DRIVER ASLEEP OR FATIGUED,HOBART & SR37S,39.00885949,-86.53710075
2007,10,1,Weekday,1900,2-Car,Non-incapacitating,LEFT OF CENTER,LIBERTY DR & WEST THIRD,39.00599333,-86.57913
2007,7,6,Weekday,1500,2-Car,Non-incapacitating,OTHER (DRIVER) - EXPLAIN IN NARRATIVE,FAIRFAX & OLD STATE ROAD 37 SOUTH HWY,39.00270759,-86.531299
2007,2,2,Weekday,2000,2-Car,Non-incapacitating,FAILURE TO YIELD RIGHT OF WAY,COLLEGE MALL RD & COVENANTER,38.9995097,-86.497899
2007,6,5,Weekday,1300,1-Car,No injury/unknown,RAN OFF ROAD RIGHT,POPCORN & ROCKPORT RD,38.99929758,-86.59211377
2007,9,1,Weekend,400,1-Car,No injury/unknown,RAN OFF ROAD RIGHT,POPCORN RD & ROCKPORT,38.99929758,-86.59211377
2007,8,5,Weekday,700,1-Car,No injury/unknown,ANIMAL/OBJECT IN ROADWAY,INGRAM & SR37S,38.99476252,-86.53728083
2007,4,3,Weekday,700,2-Car,No injury/unknown,OTHER (DRIVER) - EXPLAIN IN NARRATIVE,INGRAM RD & SR37N,38.99256531,-86.53725457
2007,12,3,Weekday,900,1-Car,Non-incapacitating,RAN OFF ROAD RIGHT,CR37S & INGRAM,38.99256531,-86.53725457
2007,1,5,Weekday,1700,2-Car,No injury/unknown,UNSAFE BACKING,OLD STATE ROAD 37 RDS,38.992032,-86.548272
2007,3,5,Weekday,1600,3+ Cars,No injury/unknown,OTHER (DRIVER) - EXPLAIN IN NARRATIVE,OLD STATE ROAD 37 SOUTH RD,38.992032,-86.548272
2007,3,5,Weekday,1700,2-Car,No injury/unknown,UNSAFE BACKING,OLD STATE ROAD 37 SOUTH RD,38.992032,-86.548272
2007,10,5,Weekday,2100,1-Car,No injury/unknown,ANIMAL/OBJECT IN ROADWAY,INGRAM & SR37S,38.992016,-86.537248
2007,4,2,Weekday,2100,1-Car,No injury/unknown,RAN OFF ROAD RIGHT,MATTEWS DR & MCNEELY,0,0
2007,2,3,Weekday,1100,1-Car,Non-incapacitating,RAN OFF ROAD RIGHT,HARRISON & HARTSTRAIT RD,0,0
2007,10,3,Weekday,1400,2-Car,Non-incapacitating,FAILURE TO YIELD RIGHT OF WAY,BRIARGATE & SR46,0,0
2007,5,5,Weekday,1600,2-Car,No injury/unknown,FAILURE TO YIELD RIGHT OF WAY,OUTBACK RD & SR 46,0,0
2007,5,6,Weekend,2200,2-Car,Non-incapacitating,FAILURE TO YIELD RIGHT OF WAY,DEER PARK & SR 46,0,0
2007,10,6,Weekday,1700,2-Car,Non-incapacitating,FAILURE TO YIELD RIGHT OF WAY,OUTBACK DR & SR46,0,0
2007,9,7,Weekend,1000,2-Car,Non-incapacitating,OTHER (DRIVER) - EXPLAIN IN NARRATIVE,DOVER CLIFFS DR & PADRINGTON,0,0
2007,8,1,Weekend,1400,1-Car,Non-incapacitating,RAN OFF ROAD RIGHT,LAKE VIEW & SR 46,0,0
2007,8,7,Weekend,1200,2-Car,Non-incapacitating,FOLLOWING TOO CLOSELY,BRIARGATE & SR 46,0,0
2007,8,4,Weekday,2200,Moped/Motorcycle,Incapacitating,ALCOHOLIC BEVERAGES,CAMBPELLS PARK & HARTSTRAIT,0,0
2007,11,2,Weekday,1200,1-Car,No injury/unknown,ROADWAY SURFACE CONDITION,RAILROAD & STINESVILLE RD,0,0
2007,9,7,Weekend,1300,1-Car,Non-incapacitating,OTHER (DRIVER) - EXPLAIN IN NARRATIVE,ALLEN ST & TEMPERANCE,0,0
2007,8,7,Weekend,1100,2-Car,No injury/unknown,LEFT OF CENTER,TEXAS RIDGE & WOLF MOUNTAIN,0,0
2007,12,6,Weekend,2200,2-Car,No injury/unknown,FAILURE TO YIELD RIGHT OF WAY,BRIARGATE & SR46,0,0
2007,12,6,Weekday,200,1-Car,No injury/unknown,UNSAFE SPEED,GARNETT & TENCHERANCE,0,0
2007,9,7,Weekend,1000,2-Car,No injury/unknown,DRIVER DISTRACTED - EXPLAIN IN NARRATIVE,HINDS & SR4 5,0,0
2007,1,5,Weekday,1300,2-Car,No injury/unknown,IMPROPER TURNING,3RD ST & KIRKWOOD,0,0
2007,1,5,Weekday,2100,1-Car,No injury/unknown,ANIMAL/OBJECT IN ROADWAY,ENDWRIGHT & SR46W,0,0
2007,1,6,Weekday,1100,3+ Cars,No injury/unknown,OTHER (VEHICLE) - EXPLAIN IN NARRATIVE,2200 BLOCK E8TH ST & NORTH ROOSEVELT,0,0
2007,1,4,Weekday,1000,2-Car,No injury/unknown,FAILURE TO YIELD RIGHT OF WAY,19TH & MEMORIAL STAD WHITE LOT WEST DR,0,0
2007,1,7,Weekend,1200,2-Car,No injury/unknown,FOLLOWING TOO CLOSELY,FIELDSTONE & KIRBY RD,0,0
2007,1,6,Weekday,300,1-Car,No injury/unknown,RAN OFF ROAD RIGHT,RILEY & WOODBURN AVE,0,0
2007,1,1,Weekend,1000,2-Car,No injury/unknown,ROADWAY SURFACE CONDITION,3100 WEST WHITEHALL & SR37N,0,0
2007,1,2,Weekday,800,2-Car,No injury/unknown,VIEW OBSTRUCTED,BASSWOOD DR & BLOOMFIELD,0,0
2007,1,3,Weekday,1000,1-Car,Incapacitating,DRIVER ILLNESS,SR37 & WHISNAND,0,0
2007,1,3,Weekday,1600,2-Car,No injury/unknown,OTHER (DRIVER) - EXPLAIN IN NARRATIVE,HENDRICK & SR46W,0,0
2007,1,5,Weekday,2000,3+ Cars,Non-incapacitating,IMPROPER TURNING,OUTBACK & SR46W,0,0
2007,1,5,Weekday,1600,2-Car,No injury/unknown,DRIVER DISTRACTED - EXPLAIN IN NARRATIVE,SR46W & STINESVILLE,0,0
2007,1,1,Weekend,1200,2-Car,No injury/unknown,ROADWAY SURFACE CONDITION,PROFILE PARKWAY & SR48W,0,0
2007,1,3,Weekday,1400,1-Car,No injury/unknown,RAN OFF ROAD RIGHT,4160 BETHAL LN & STIDD,0,0
2007,1,7,Weekend,1600,1-Car,Non-incapacitating,ALCOHOLIC BEVERAGES,GORE & SR37,0,0
2007,1,1,Weekend,1400,2-Car,No injury/unknown,OTHER (DRIVER) - EXPLAIN IN NARRATIVE,BALFOUR & NORTH JORDAN EXTENSION AVE,0,0
2007,1,7,Weekend,1400,2-Car,No injury/unknown,FAILURE TO YIELD RIGHT OF WAY,JONES & JORDAN AVE,0,0
2007,2,2,Weekday,1500,2-Car,No injury/unknown,IMPROPER LANE USAGE,600 BLK S WOODLAWN AVE,0,0
2007,2,5,Weekday,600,2-Car,Non-incapacitating,FAILURE TO YIELD RIGHT OF WAY,DANIELS WAY & SR48W,0,0
2007,2,5,Weekday,2000,1-Car,Non-incapacitating,ALCOHOLIC BEVERAGES,BUSINESS 37 & State Road 37 ramp,0,0
2007,2,7,Weekend,1400,2-Car,No injury/unknown,DRIVER DISTRACTED - EXPLAIN IN NARRATIVE,COLT & SYCAMORE ST,0,0
2007,2,4,Weekday,400,1-Car,No injury/unknown,ANIMAL/OBJECT IN ROADWAY,37 & SR8600N,0,0
2007,2,4,Weekday,1200,2-Car,No injury/unknown,FAILURE TO YIELD RIGHT OF WAY,WEST THIRD ST & WESTPLEX,0,0
2007,2,7,Weekend,1100,2-Car,No injury/unknown,ALCOHOLIC BEVERAGES,2ND ST,0,0
2007,2,1,Weekend,1000,2-Car,No injury/unknown,FAILURE TO YIELD RIGHT OF WAY,ATWATER AVE & INDIANA,0,0
2007,2,6,Weekday,1100,2-Car,No injury/unknown,UNSAFE BACKING,CAMPBELL DR & SEVENTH,0,0
2007,2,3,Weekday,1900,2-Car,No injury/unknown,ROADWAY SURFACE CONDITION,BALFOUR & N JORDAN AVE,0,0
2007,2,5,Weekday,1400,2-Car,No injury/unknown,ROADWAY SURFACE CONDITION,DUNN & MEMORIAL STADIUM WHITE LOT DR,0,0
2007,2,2,Weekday,1800,2-Car,No injury/unknown,FOLLOWING TOO CLOSELY,SR37S,0,0
2007,1,3,Weekday,1900,1-Car,Non-incapacitating,OVERCORRECTING/OVERSTEERING,SNOW ROAD RDS & UNK,0,0
2007,2,5,Weekday,1100,1-Car,Non-incapacitating,RAN OFF ROAD RIGHT,ROCKPORT RD & ZINNA,0,0
2007,2,7,Weekend,1200,2-Car,No injury/unknown,FAILURE TO YIELD RIGHT OF WAY,SR & STATE ROAD 46 WEST,0,0
2007,2,3,Weekday,300,1-Car,No injury/unknown,ROADWAY SURFACE CONDITION,FAIRFAX RD & POINTE,0,0
2007,2,4,Weekday,700,2-Car,No injury/unknown,ROADWAY SURFACE CONDITION,LOIS LN & SOUTH ROGERS STREET RD,0,0
2007,2,7,Weekend,2200,2-Car,No injury/unknown,OTHER (DRIVER) - EXPLAIN IN NARRATIVE,EAST FOUTH ST & SOUTH DUNN,0,0
2007,2,5,Weekday,2300,3+ Cars,No injury/unknown,OTHER (DRIVER) - EXPLAIN IN NARRATIVE,LINGELBACH LN & UNION,0,0
2007,2,3,Weekday,800,3+ Cars,No injury/unknown,SPEED TOO FAST FOR WEATHER CONDITIONS,BALFOUR & JORDAN AVE,0,0
2007,2,5,Weekday,1700,2-Car,No injury/unknown,GLARE,COLLEGE MALL RD & MALL ENTRANCE,0,0
2007,2,7,Weekend,100,2-Car,No injury/unknown,ALCOHOLIC BEVERAGES,300 NORTH WALNUT & PARKING LOT 300 NORTH WALNUT ST,0,0
2007,2,7,Weekend,0,1-Car,No injury/unknown,SPEED TOO FAST FOR WEATHER CONDITIONS,3400 NORTH KINSER PIKE & CLUBHOUSE,0,0
2007,2,6,Weekday,1800,2-Car,No injury/unknown,IMPROPER PASSING,HEDRICK RD & STATE ROAD 46,0,0
2007,2,3,Weekday,1200,2-Car,No injury/unknown,IMPROPER LANE USAGE,SCHWATZ RIDGE & SR446S,0,0
2007,2,5,Weekday,800,2-Car,No injury/unknown,ROADWAY SURFACE CONDITION,SR4546,0,0
2007,2,6,Weekday,600,1-Car,No injury/unknown,ANIMAL/OBJECT IN ROADWAY,JOHN WILLIAMS & SR45S,0,0
2007,2,6,Weekday,800,2-Car,No injury/unknown,LEFT OF CENTER,THAT RDG & TIWARI,0,0
2007,2,7,Weekend,1100,2-Car,No injury/unknown,UNSAFE BACKING,OLD STATE ROAD 37 SOUTH RD & SR 37 SOUTH 4 LANE,0,0
2007,2,1,Weekend,1200,2-Car,No injury/unknown,FOLLOWING TOO CLOSELY,SR46 & UNIONVALLEY,0,0
2007,2,2,Weekday,2300,1-Car,No injury/unknown,ROADWAY SURFACE CONDITION,ROCKPORT RD RD & W HENNESSEY,0,0