Year,Month,Day,Weekend?,Hour,Collision Type,Injury Type,Primary Factor,Reported_Location,Latitude,Longitude
2007,2,4,Weekday,100,1-Car,No injury/unknown,RAN OFF ROAD RIGHT,FAIRFAX RD & MT EBAL,0,0
2007,2,5,Weekday,1200,2-Car,No injury/unknown,FAILURE TO YIELD RIGHT OF WAY,2ND ST & 500 S WALNUT STREET ST,0,0
2007,2,5,Weekday,1000,3+ Cars,No injury/unknown,OTHER (ENVIRONMENTAL) - EXPLAIN IN NARR,HIGHLAND & UNKNOWN ALY,0,0
2007,2,2,Weekday,1500,Bus,No injury/unknown,OTHER (DRIVER) - EXPLAIN IN NARRATIVE,LINGELBACH LN,0,0
2007,2,7,Weekend,100,2-Car,No injury/unknown,OTHER (DRIVER) - EXPLAIN IN NARRATIVE,13TH ST,0,0
2007,2,4,Weekday,1400,2-Car,No injury/unknown,UNSAFE BACKING,MAIN LIBRARY SOUTH PARKING LOT DR & STADIUM,0,0
2007,2,6,Weekday,1200,2-Car,Non-incapacitating,OTHER (DRIVER) - EXPLAIN IN NARRATIVE,State Road 37 Ramp & W 3RD ST ST,0,0
2007,2,6,Weekday,1700,2-Car,No injury/unknown,FAILURE TO YIELD RIGHT OF WAY,KIRKWOOD AVE & N S BETWEEN KIRKWOOD AND MADIS,0,0
2007,2,4,Weekday,700,2-Car,No injury/unknown,LEFT OF CENTER,GARDEN HILL TRAILER PARK & VERNAL PIKE RD,0,0
2007,2,6,Weekday,800,2-Car,No injury/unknown,FOLLOWING TOO CLOSELY,FEE LANE & State Road 45 46 Bypass,0,0
2007,2,7,Weekend,1700,1-Car,No injury/unknown,SPEED TOO FAST FOR WEATHER CONDITIONS,HIGH & RODGERS RD,0,0
2007,1,7,Weekend,1000,2-Car,Non-incapacitating,DISREGARD SIGNAL/REG SIGN,SR37 FOURLANE  NORTHBOUND & SR37N,0,0
2007,2,4,Weekday,1400,1-Car,No injury/unknown,ROADWAY SURFACE CONDITION,6000 BLOCK SR 46 EAST & SR46E,0,0
2007,2,5,Weekday,500,1-Car,Non-incapacitating,DRIVER ASLEEP OR FATIGUED,HOOSIER ENERGY & SR37N,0,0
2007,2,5,Weekday,1700,1-Car,Non-incapacitating,RAN OFF ROAD RIGHT,FLUCKMILL & S VICTOR PIKE PIKE,0,0
2007,2,4,Weekday,500,1-Car,No injury/unknown,RAN OFF ROAD RIGHT,DELAP & MATTHEWS DR,0,0
2007,2,5,Weekday,100,1-Car,No injury/unknown,ROADWAY SURFACE CONDITION,446 & UNKNOWN RDS,0,0
2007,2,6,Weekday,1200,2-Car,Non-incapacitating,FAILURE TO YIELD RIGHT OF WAY,LIBERTY & PRIVATE PARKING LOT RD,0,0
2007,2,7,Weekend,1600,1-Car,Non-incapacitating,ROADWAY SURFACE CONDITION,HARRODSBURG & SR37S,0,0
2007,2,7,Weekend,1900,1-Car,No injury/unknown,ROADWAY SURFACE CONDITION,COWDEN RD & UNION VALLEY,0,0
2007,2,7,Weekend,1900,1-Car,No injury/unknown,ROADWAY SURFACE CONDITION,HOOSIER ENERGY & SR37N,0,0
2007,2,7,Weekend,1600,1-Car,No injury/unknown,UNSAFE SPEED,SR37 002 H & SR37S,0,0
2007,3,5,Weekday,2100,2-Car,No injury/unknown,IMPROPER TURNING,BALFOUR & N JORDAN AVE,0,0
2007,3,1,Weekend,200,Cyclist,Non-incapacitating,FAILURE TO YIELD RIGHT OF WAY,GRANT ST & ROGERS,0,0
2007,3,7,Weekend,1200,2-Car,No injury/unknown,LEFT OF CENTER,SR 45 46 BYPASS & VARSITY COURT STREET ST,0,0
2007,3,6,Weekday,1500,3+ Cars,Non-incapacitating,DRIVER DISTRACTED - EXPLAIN IN NARRATIVE,RHORER ROAD RD & SARE,0,0
2007,3,7,Weekend,400,1-Car,No injury/unknown,OVERCORRECTING/OVERSTEERING,BOTTOM & DITTIMORE RD,0,0
2007,3,1,Weekend,1400,1-Car,Non-incapacitating,OVERCORRECTING/OVERSTEERING,FAIRFAX RDS & SECOND AVE SANDERS,0,0
2007,2,1,Weekend,200,1-Car,No injury/unknown,RAN OFF ROAD RIGHT,WOLF MOUNTAIN RD,0,0
2007,3,7,Weekend,200,3+ Cars,Non-incapacitating,ALCOHOLIC BEVERAGES,BALFOUR AVENUE & JORDAN AVENUE EXTENSION AVE,0,0
2007,3,2,Weekday,1700,2-Car,No injury/unknown,DRIVER DISTRACTED - EXPLAIN IN NARRATIVE,FEE LN & GATE 12 PARKING LOT,0,0
2007,3,3,Weekday,2000,2-Car,No injury/unknown,OTHER (DRIVER) - EXPLAIN IN NARRATIVE,JONES AVE,0,0
2007,3,4,Weekday,1300,2-Car,No injury/unknown,DRIVER DISTRACTED - EXPLAIN IN NARRATIVE,LANDMARK AVENUE AVE,0,0
2007,3,6,Weekday,700,2-Car,No injury/unknown,IMPROPER PASSING,SR 37 S & SR37S,0,0
2007,3,6,Weekend,2300,1-Car,No injury/unknown,UNSAFE SPEED,S R 46 EAST & TRAILWAY DR,0,0
2007,3,1,Weekend,0,1-Car,Non-incapacitating,UNSAFE SPEED,E ST RD 45 & SHUFFLE CREEK RD RD,0,0
2007,3,3,Weekday,2000,1-Car,No injury/unknown,OTHER (DRIVER) - EXPLAIN IN NARRATIVE,DUTCH CHURCH RD & RED HILL,0,0
2007,3,6,Weekend,1900,1-Car,No injury/unknown,ANIMAL/OBJECT IN ROADWAY,SR37 & WHISENAND,0,0
2007,3,4,Weekday,1000,2-Car,No injury/unknown,BRAKE FAILURE OR DEFECTIVE,STRONG DR,0,0
2007,3,5,Weekday,1000,2-Car,No injury/unknown,OTHER (DRIVER) - EXPLAIN IN NARRATIVE,COOPER BEECH WAY,0,0
2007,3,4,Weekday,0,1-Car,Non-incapacitating,RAN OFF ROAD RIGHT,HINKLE RD & TREADWELL,0,0
2007,3,5,Weekday,400,1-Car,No injury/unknown,ALCOHOLIC BEVERAGES,FOX & STRAIN RIDGE RD,0,0
2007,3,4,Weekday,1800,2-Car,No injury/unknown,FAILURE TO YIELD RIGHT OF WAY,E 10TH & EIGENMANN CIRCLE DR,0,0
2007,3,4,Weekday,200,1-Car,No injury/unknown,OTHER (DRIVER) - EXPLAIN IN NARRATIVE,CULLERY & TAMARRON DR,0,0
2007,3,4,Weekday,1100,2-Car,No injury/unknown,FAILURE TO YIELD RIGHT OF WAY,ALEXANDER & GATES DR,0,0
2007,3,2,Weekday,0,1-Car,No injury/unknown,ANIMAL/OBJECT IN ROADWAY,HWY  37 NORTH HWY & N  KINSER PIKE,0,0
2007,3,6,Weekday,1400,2-Car,No injury/unknown,FOLLOWING TOO CLOSELY,BLOOMFIELD RD & RALSTON,0,0
2007,3,6,Weekday,1400,1-Car,No injury/unknown,TIRE FAILURE OR DEFECTIVE,TAWARI & THAT RD,0,0
2007,3,6,Weekday,1100,2-Car,No injury/unknown,DRIVER DISTRACTED - EXPLAIN IN NARRATIVE,BENNETT LN,0,0
2007,3,7,Weekend,1200,2-Car,Non-incapacitating,FOLLOWING TOO CLOSELY,SR48W,0,0
2007,3,2,Weekday,1300,2-Car,No injury/unknown,FAILURE TO YIELD RIGHT OF WAY,S LIBERTY & State Road 45,0,0
2007,3,4,Weekday,2000,2-Car,No injury/unknown,UNSAFE BACKING,KENDALL DR & WATSON,0,0
2007,3,5,Weekday,1900,2-Car,No injury/unknown,OTHER (VEHICLE) - EXPLAIN IN NARRATIVE,2ND & LANDMARK AVE,0,0
2007,3,6,Weekday,1600,2-Car,No injury/unknown,FOLLOWING TOO CLOSELY,JONES & JORDAN AVE,0,0
2007,3,6,Weekday,1100,2-Car,No injury/unknown,FAILURE TO YIELD RIGHT OF WAY,ATWATER AVE & INDIANA,0,0
2007,3,5,Weekday,2000,2-Car,No injury/unknown,OTHER (DRIVER) - EXPLAIN IN NARRATIVE,9000 BLOCK N OLD STATE ROAD 37 RD & MAIN FORREST,0,0
2007,3,6,Weekday,1700,1-Car,No injury/unknown,OTHER (DRIVER) - EXPLAIN IN NARRATIVE,UNKNOWN & UNKNOWN ST,0,0
2007,4,2,Weekday,1700,2-Car,No injury/unknown,FAILURE TO YIELD RIGHT OF WAY,BASSWOOD DR & BLOOMFIELD,0,0
2007,4,1,Weekend,400,1-Car,No injury/unknown,ALCOHOLIC BEVERAGES,OLD WALNUT PIKE & RHORER,0,0
2007,4,4,Weekday,1800,2-Car,No injury/unknown,OTHER (DRIVER) - EXPLAIN IN NARRATIVE,ALLEY BEHIND 100 WEST 10TH & ALLEY BEHIND 600 NORTH WALNUT ALY,0,0
2007,3,5,Weekday,900,1-Car,No injury/unknown,UNSAFE BACKING,CAMPBELL DR & SEVENTH,0,0
2007,3,6,Weekday,500,2-Car,No injury/unknown,OTHER (DRIVER) - EXPLAIN IN NARRATIVE,BALFOUR & NORTH JORDAN AVE,0,0
2007,4,2,Weekday,1700,2-Car,No injury/unknown,,FEE LN & FOSTER,0,0
2007,4,3,Weekday,1300,2-Car,Non-incapacitating,LEFT OF CENTER,JORDAN & READ CENTER NORTH DR,0,0
2007,4,3,Weekday,1700,2-Car,Non-incapacitating,FAILURE TO YIELD RIGHT OF WAY,E 10TH ST & ST HWY 46,0,0
2007,4,3,Weekday,2000,2-Car,No injury/unknown,UNSAFE BACKING,JORDAN & PARKING LOT OF 1320 E 10TH ST,0,0
2007,4,7,Weekend,200,2-Car,No injury/unknown,ALCOHOLIC BEVERAGES,HENDERSON & THORTON DR,0,0
2007,4,2,Weekday,1800,1-Car,No injury/unknown,OTHER (DRIVER) - EXPLAIN IN NARRATIVE,6565 SHUFFLE CREEK RD & EAST 45,0,0
2007,4,3,Weekday,1400,2-Car,Non-incapacitating,FAILURE TO YIELD RIGHT OF WAY,DEERPARK & SR46W,0,0
2007,4,3,Weekday,1800,1-Car,No injury/unknown,RAN OFF ROAD RIGHT,6000 BLOCK S ROCKPORT RD & MAY,0,0
2007,4,3,Weekday,700,2-Car,No injury/unknown,FAILURE TO YIELD RIGHT OF WAY,HENSLEY DRIVE & SOUTH ROCKPORT RD RD,0,0
2007,4,5,Weekday,700,2-Car,No injury/unknown,FOLLOWING TOO CLOSELY,DUBLIN & SR46E,0,0
2007,4,6,Weekday,1300,1-Car,Non-incapacitating,DRIVER DISTRACTED - EXPLAIN IN NARRATIVE,MATLOCK & MCCORMICK LN,0,0
2007,4,6,Weekday,1700,1-Car,No injury/unknown,OVERCORRECTING/OVERSTEERING,BALFOUR & SR4546W,0,0
2007,4,1,Weekend,1000,2-Car,No injury/unknown,UNSAFE BACKING,JONES ST & JORDAN,0,0
2007,4,2,Weekday,900,2-Car,No injury/unknown,FAILURE TO YIELD RIGHT OF WAY,SR46W & UNIVERSITY SCHOOL W ENTRANCE,0,0
2007,4,2,Weekday,1600,2-Car,No injury/unknown,FAILURE TO YIELD RIGHT OF WAY,E 10TH ST & TULIP TREE,0,0
2007,4,1,Weekend,1100,1-Car,No injury/unknown,UNSAFE SPEED,SR37N,0,0
2007,4,5,Weekday,1900,2-Car,No injury/unknown,OTHER (DRIVER) - EXPLAIN IN NARRATIVE,CLRARIZZ BLVD,0,0
2007,4,1,Weekday,2200,2-Car,No injury/unknown,DISREGARD SIGNAL/REG SIGN,4546 BYPASS & SR46E,0,0
2007,4,1,Weekend,1600,2-Car,No injury/unknown,ALCOHOLIC BEVERAGES,RICHLAND PLAZA DRIVE DR,0,0
2007,4,2,Weekday,2100,1-Car,No injury/unknown,ANIMAL/OBJECT IN ROADWAY,MT GILEAD & SR45,0,0
2007,4,6,Weekday,900,2-Car,No injury/unknown,FAILURE TO YIELD RIGHT OF WAY,EAST ST,0,0
2007,4,5,Weekday,1400,2-Car,No injury/unknown,OTHER (DRIVER) - EXPLAIN IN NARRATIVE,JORDAN & PARKING LOT 125 SOUTH JORDAN AVE,0,0
2007,4,2,Weekday,1000,2-Car,No injury/unknown,FAILURE TO YIELD RIGHT OF WAY,7TH ST,0,0
2007,4,6,Weekday,1500,2-Car,No injury/unknown,FAILURE TO YIELD RIGHT OF WAY,COPPER BEECH WAY,0,0
2007,4,6,Weekday,1700,2-Car,No injury/unknown,IMPROPER TURNING,8TH & NORHT COLLEGE AVE,0,0
2007,4,7,Weekend,800,1-Car,No injury/unknown,ANIMAL/OBJECT IN ROADWAY,KINGS RIDGE & SR46E,0,0
2007,4,7,Weekend,700,1-Car,No injury/unknown,RAN OFF ROAD RIGHT,DELAPP RD,0,0
2007,4,7,Weekend,1300,2-Car,No injury/unknown,FOLLOWING TOO CLOSELY,HARTSTRAIT ROAD & PRIVATE DRIVE LN,0,0
2007,4,1,Weekend,700,1-Car,No injury/unknown,BRAKE FAILURE OR DEFECTIVE,MORGANMONROE STATE FORREST RD & ROSENBAUM,0,0
2007,4,7,Weekend,2000,2-Car,No injury/unknown,OTHER (VEHICLE) - EXPLAIN IN NARRATIVE,SR43N & STATE HIGHWAY 43,0,0
2007,4,1,Weekend,1400,2-Car,No injury/unknown,FOLLOWING TOO CLOSELY,FORREST PARK & NORTH SHITH PIKE,0,0
2007,4,2,Weekday,1600,2-Car,No injury/unknown,FOLLOWING TOO CLOSELY,DANIELS WAY & SR45W,0,0
2007,4,4,Weekday,2100,2-Car,No injury/unknown,FAILURE TO YIELD RIGHT OF WAY,2ND STREET ST & 37 OFF RAMP,0,0
2007,4,4,Weekday,1500,2-Car,No injury/unknown,BRAKE FAILURE OR DEFECTIVE,FAIRFAX & WALNUT STREET PIKE,0,0
2007,4,4,Weekday,1900,2-Car,Non-incapacitating,FOLLOWING TOO CLOSELY,900 GORDAN & 900 W GORDAN PIKE,0,0
2007,4,6,Weekday,1200,2-Car,No injury/unknown,FAILURE TO YIELD RIGHT OF WAY,11TH & FEE LN,0,0
2007,4,6,Weekend,2000,2-Car,Non-incapacitating,FAILURE TO YIELD RIGHT OF WAY,NORTH ENTRANCE TO COLLEGE MALL & S COLLEGE MALL RD,0,0
2007,4,5,Weekday,1200,3+ Cars,No injury/unknown,FAILURE TO YIELD RIGHT OF WAY,LANDMARK AVE & W 2ND,0,0
2007,4,2,Weekday,1700,2-Car,Non-incapacitating,ALCOHOLIC BEVERAGES,OLD ST RD 37S & SR3300S,0,0
2007,4,2,Weekday,1700,2-Car,No injury/unknown,FAILURE TO YIELD RIGHT OF WAY,37 SOUTH & SR37S,0,0
2007,4,2,Weekday,1900,2-Car,Non-incapacitating,FAILURE TO YIELD RIGHT OF WAY,COLLEGE MALL RD & EASTLAND,0,0
2007,4,6,Weekday,600,2-Car,No injury/unknown,IMPROPER LANE USAGE,DANIELS WAY & ENTRANCE TO BAXTER TRWY,0,0
2007,4,7,Weekend,600,Moped/Motorcycle,Non-incapacitating,ANIMAL/OBJECT IN ROADWAY,SIMPSON CHAPEL RD & STATE ROAD 37,0,0
2007,5,4,Weekday,1700,2-Car,No injury/unknown,OTHER (DRIVER) - EXPLAIN IN NARRATIVE,JEFFERSON & SR46E,0,0
2007,4,7,Weekend,1300,2-Car,Non-incapacitating,FAILURE TO YIELD RIGHT OF WAY,CAMPBELL & E 10TH ST,0,0
2007,5,5,Weekday,1700,2-Car,Non-incapacitating,FAILURE TO YIELD RIGHT OF WAY,BLOOMFIELD & S LEONARD SPRINGS RD,0,0
2007,5,3,Weekday,2100,1-Car,No injury/unknown,ANIMAL/OBJECT IN ROADWAY,SR446N & SWARTZ RIDGE,0,0
2007,5,6,Weekday,1100,2-Car,No injury/unknown,FOLLOWING TOO CLOSELY,BLOOMFIELD RD & State Road 37 ramp,0,0
2007,5,6,Weekday,1200,2-Car,No injury/unknown,BRAKE FAILURE OR DEFECTIVE,10 TH STREET ST & SR 46 BYPASS,0,0
2007,5,1,Weekend,300,1-Car,Non-incapacitating,DRIVER DISTRACTED - EXPLAIN IN NARRATIVE,BALFOUR & SR46E,0,0
2007,5,2,Weekday,1200,2-Car,No injury/unknown,FAILURE TO YIELD RIGHT OF WAY,ARCH HAVEN & LANDMARK AVE,0,0
2007,5,6,Weekday,900,2-Car,No injury/unknown,DRIVER DISTRACTED - EXPLAIN IN NARRATIVE,EAST 3RD & State Road 46,0,0
2007,5,4,Weekday,2000,1-Car,No injury/unknown,OVERCORRECTING/OVERSTEERING,OLD RICHARDSON & SR446S,0,0
2007,5,7,Weekend,1400,2-Car,Non-incapacitating,LEFT OF CENTER,OLD STATE ROAD 37 SOUTH RD & ORCHARD LANE,0,0
2007,5,5,Weekday,2300,1-Car,No injury/unknown,ANIMAL/OBJECT IN ROADWAY,CLUBHOUSE & N KINSER PIKE,0,0
2007,5,4,Weekday,1300,1-Car,No injury/unknown,OTHER (DRIVER) - EXPLAIN IN NARRATIVE,BALLANTINE HALL EAST DR & FORREST,0,0
2007,5,4,Weekday,1400,2-Car,No injury/unknown,FAILURE TO YIELD RIGHT OF WAY,E 17TH ST & SR 4546 BYPASS,0,0
2007,5,4,Weekday,1800,3+ Cars,No injury/unknown,OTHER (DRIVER) - EXPLAIN IN NARRATIVE,JORDAN & WELLS LIBRARY DR,0,0
2007,5,5,Weekday,1600,1-Car,Non-incapacitating,DRIVER DISTRACTED - EXPLAIN IN NARRATIVE,MT CARMEL & STINESVILLE RD,0,0
2007,5,4,Weekday,700,2-Car,No injury/unknown,FOLLOWING TOO CLOSELY,DUNN & SR45 SR46 BYP,0,0
2007,5,3,Weekday,600,1-Car,No injury/unknown,ALCOHOLIC BEVERAGES,700 BLOCK SOUTH COLLEGE MALL RD & EAST 2ND,0,0
2007,5,5,Weekday,1600,2-Car,No injury/unknown,ANIMAL/OBJECT IN ROADWAY,BOTTOM & SR37S,0,0
2007,5,1,Weekend,1600,2-Car,No injury/unknown,UNSAFE BACKING,1320 E 10TH PARKING LOT ST & STADIUM,0,0
2007,5,7,Weekend,1900,2-Car,No injury/unknown,FAILURE TO YIELD RIGHT OF WAY,CAMPGROUND & MAIN CAMPGROUND RD,0,0
2007,5,3,Weekday,900,1-Car,Non-incapacitating,PEDESTRIAN ACTION,7TH ST & 8TH,0,0
2007,5,2,Weekday,1600,2-Car,No injury/unknown,PRESCRIPTION DRUGS,2ND ST & LANDMARK,0,0
2007,5,3,Weekday,1200,2-Car,Non-incapacitating,FAILURE TO YIELD RIGHT OF WAY,SR 46 BYPASS & WALNUT ST ST,0,0
2007,5,2,Weekday,1000,2-Car,Non-incapacitating,FAILURE TO YIELD RIGHT OF WAY,ENTRANCE TO EASTLAND PLAZA & SO COLLEGE MALL RD,0,0
2007,5,7,Weekend,1300,1-Car,Non-incapacitating,RAN OFF ROAD RIGHT,RHORER ROAD RD & SARA ROAD,0,0
2007,5,4,Weekday,900,2-Car,No injury/unknown,FAILURE TO YIELD RIGHT OF WAY,SR37S & WAYSIDE,0,0
2007,5,7,Weekend,1000,2-Car,Non-incapacitating,SPEED TOO FAST FOR WEATHER CONDITIONS,HENNESY & ROCKPORT RD,0,0
2007,5,7,Weekend,2000,2-Car,No injury/unknown,FAILURE TO YIELD RIGHT OF WAY,KETCHAM RUNAROUND & OLD STATE ROAD 37 RD,0,0
2007,5,2,Weekday,1200,2-Car,No injury/unknown,LEFT OF CENTER,1100 BLOCK DILLMAN ROAD RD & SOUTH FAIRFAX,0,0
2007,5,7,Weekend,600,1-Car,Non-incapacitating,DRIVER ASLEEP OR FATIGUED,BISCAYNE & COWDEN RD,0,0
2007,5,6,Weekend,2200,2-Car,No injury/unknown,FOLLOWING TOO CLOSELY,CARMOLA & SMITH PIKE RD,0,0
2007,5,3,Weekday,1200,2-Car,No injury/unknown,DRIVER DISTRACTED - EXPLAIN IN NARRATIVE,45 46 & SR45E,0,0
2007,5,2,Weekday,1000,2-Car,No injury/unknown,FOLLOWING TOO CLOSELY,SR4546S & TENTH,0,0
2007,6,2,Weekday,1700,2-Car,No injury/unknown,OTHER (DRIVER) - EXPLAIN IN NARRATIVE,10TH & ALLEY BEHIND 600 N WALNUT ST,0,0
2007,6,3,Weekday,1600,2-Car,No injury/unknown,IMPROPER PASSING,5600 MCNEELY ST & CHANDLER,0,0
2007,6,1,Weekend,1500,2-Car,No injury/unknown,IMPROPER LANE USAGE,1OTH ST & PETE ELLIS,0,0
2007,6,6,Weekday,1200,2-Car,Non-incapacitating,SPEED TOO FAST FOR WEATHER CONDITIONS,N DUNN & Old State Road 37,0,0
2007,4,3,Weekday,900,2-Car,No injury/unknown,OTHER (DRIVER) - EXPLAIN IN NARRATIVE,RHORER & SR37N,0,0
2007,4,3,Weekday,1200,2-Car,No injury/unknown,BRAKE FAILURE OR DEFECTIVE,CR00S & LIBERTY DRIVE,0,0
2007,4,5,Weekday,700,2-Car,No injury/unknown,UNSAFE BACKING,CHAFIN CHAPEL RD & SR46 WEST,0,0
2007,4,7,Weekend,1000,2-Car,No injury/unknown,FAILURE TO YIELD RIGHT OF WAY,PRIVATE  DRIVE AT 1400 & WHISNAND RD,0,0
2007,5,5,Weekday,1300,2-Car,Incapacitating,OTHER (DRIVER) - EXPLAIN IN NARRATIVE,SR 37 FOURLANE NORTH & SR37N,0,0
2007,5,2,Weekday,1200,2-Car,No injury/unknown,DRIVER DISTRACTED - EXPLAIN IN NARRATIVE,SR 37 FOUR LANE SOUTH & SR37S,0,0
2007,6,4,Weekday,700,2-Car,No injury/unknown,FAILURE TO YIELD RIGHT OF WAY,OLD LEONARD SPRINGS ROAD & SOUTH LEONARD SPRINGS ROAD RD,0,0
2007,6,7,Weekend,2100,Moped/Motorcycle,Non-incapacitating,TIRE FAILURE OR DEFECTIVE,HUNTERS CREEK ROAD & SR446S,0,0
2007,6,2,Weekday,800,2-Car,No injury/unknown,FAILURE TO YIELD RIGHT OF WAY,BLOOMFIELD & LANDMARK DR,0,0
2007,6,4,Weekday,900,2-Car,No injury/unknown,FOLLOWING TOO CLOSELY,OLD LEONARD SPRINGS & S LEONARD SPRINGS RD,0,0
2007,6,7,Weekend,1400,2-Car,No injury/unknown,OTHER (VEHICLE) - EXPLAIN IN NARRATIVE,OLD 37 S & PARKING LOT ALY,0,0
2007,6,3,Weekday,1000,2-Car,No injury/unknown,OTHER (DRIVER) - EXPLAIN IN NARRATIVE,GRIMES LANE & WALNUT ST,0,0
2007,6,3,Weekday,800,2-Car,No injury/unknown,FOLLOWING TOO CLOSELY,FULLERTON PIKE RD & SR 37,0,0
2007,6,1,Weekday,1900,1-Car,No injury/unknown,RAN OFF ROAD RIGHT,BREEDEN RD & TOM PHILLIPS,0,0
2007,6,3,Weekday,1000,1-Car,Non-incapacitating,OVERCORRECTING/OVERSTEERING,HARDING PLACE & SR37S,0,0
2007,6,2,Weekday,900,2-Car,No injury/unknown,UNSAFE BACKING,ATWATER & HIGHLAND AVE,0,0
2007,6,2,Weekday,1100,2-Car,No injury/unknown,OTHER (DRIVER) - EXPLAIN IN NARRATIVE,7TH ST & STADIUM,0,0
2007,6,3,Weekday,1900,1-Car,No injury/unknown,OVERCORRECTING/OVERSTEERING,MILTON & VICTOR PIKE,0,0
2007,6,3,Weekday,1300,2-Car,No injury/unknown,OTHER (DRIVER) - EXPLAIN IN NARRATIVE,EAST WEST & NORTH SOUTH ALY,0,0
2007,6,3,Weekday,1200,2-Car,No injury/unknown,FOLLOWING TOO CLOSELY,K MART EAST ACESS RD & LIBERTY DRIVE DR,0,0
2007,6,5,Weekday,700,2-Car,Non-incapacitating,FOLLOWING TOO CLOSELY,E TENTH ST & SUNRISE,0,0
2007,6,2,Weekday,1500,2-Car,Non-incapacitating,OTHER (DRIVER) - EXPLAIN IN NARRATIVE,E 10 TH ST & ST RD 46,0,0
2007,6,5,Weekday,200,1-Car,No injury/unknown,RAN OFF ROAD RIGHT,MILO B SAMSON RD & STATE ROAD 45 46,0,0
2007,6,6,Weekday,1100,2-Car,No injury/unknown,UNSAFE BACKING,SOUTH ROGES ST & THAT,0,0
2007,6,7,Weekend,1400,2-Car,Incapacitating,DRIVER ASLEEP OR FATIGUED,OLD RICHARDSON & SR446S,0,0
2007,6,1,Weekend,0,1-Car,Non-incapacitating,ALCOHOLIC BEVERAGES,JOHN WILLIAMS & SR45S,0,0
2007,6,7,Weekend,1000,2-Car,No injury/unknown,DRIVER DISTRACTED - EXPLAIN IN NARRATIVE,MARTHA & SR 45 46 BYPASS RD,0,0
2007,6,4,Weekday,1400,2-Car,No injury/unknown,OVERCORRECTING/OVERSTEERING,LANDMARK AVE AVE,0,0
2007,6,6,Weekday,400,2-Car,No injury/unknown,ALCOHOLIC BEVERAGES,DANLIN & TAPP RD,0,0
2007,6,1,Weekend,1300,2-Car,No injury/unknown,FAILURE TO YIELD RIGHT OF WAY,RHORER ROAD & SR37S,0,0
2007,6,2,Weekday,1200,2-Car,No injury/unknown,FOLLOWING TOO CLOSELY,3300 W 3RD STREET ST & GATES DRIVE,0,0
2007,6,3,Weekday,700,2-Car,No injury/unknown,FAILURE TO YIELD RIGHT OF WAY,State Road 37 ramp & State Road 45,0,0
2007,6,3,Weekday,1700,2-Car,No injury/unknown,IMPROPER TURNING,SR45W & WOODBRIDGE,0,0
2007,6,5,Weekday,900,Pedestrian,Incapacitating,FAILURE TO YIELD RIGHT OF WAY,ATWATER & INDIANA AVE,0,0
2007,6,4,Weekday,1500,2-Car,No injury/unknown,OTHER (ENVIRONMENTAL) - EXPLAIN IN NARR,10TH ST & CAMBELL,0,0
2007,6,5,Weekday,1800,Cyclist,Non-incapacitating,OTHER (DRIVER) - EXPLAIN IN NARRATIVE,FORREST & KIRKWOOD AVE,0,0
2007,6,6,Weekday,1100,2-Car,No injury/unknown,UNSAFE BACKING,JORDAN AVE PARKING GARAGE LN & NORTH READ,0,0
2007,6,5,Weekday,1700,2-Car,No injury/unknown,FOLLOWING TOO CLOSELY,BASSWOOD & BLOOMFIELD RD,0,0
2007,6,5,Weekday,1700,2-Car,No injury/unknown,FOLLOWING TOO CLOSELY,SR45E & STATE ROAD 37,0,0
2007,7,1,Weekend,900,2-Car,Non-incapacitating,OTHER (DRIVER) - EXPLAIN IN NARRATIVE,CURRY & WHITEHALL PIKE,0,0
2007,7,1,Weekend,1500,2-Car,Non-incapacitating,FOLLOWING TOO CLOSELY,SR37S,0,0
2007,6,3,Weekday,1700,2-Car,No injury/unknown,BRAKE FAILURE OR DEFECTIVE,SR46W,0,0
2007,7,2,Weekday,0,2-Car,Non-incapacitating,UNSAFE BACKING,COLLEGE MALL RD & E STATE ROAD 46,0,0
2007,7,2,Weekday,1700,2-Car,No injury/unknown,UNSAFE BACKING,AUTO MALL RD,0,0
2007,6,4,Weekday,1800,2-Car,No injury/unknown,FOLLOWING TOO CLOSELY,CURRY PIKE PIKE & DOYLE,0,0
2007,7,1,Weekend,1700,3+ Cars,Non-incapacitating,UNSAFE SPEED,BUSINESS 37 & State Road 37 ramp,0,0
2007,7,3,Weekday,1500,2-Car,No injury/unknown,OTHER (DRIVER) - EXPLAIN IN NARRATIVE,3000 BLOCK E POINTE RD & S FAIRFAX,0,0
2007,7,3,Weekday,1800,2-Car,No injury/unknown,UNSAFE BACKING,POINTE CLUB & POINTE VIEW DR,0,0
2007,6,3,Weekday,1100,2-Car,Non-incapacitating,UNSAFE BACKING,JONES AVE & JORDAN,0,0
2007,7,3,Weekday,2000,2-Car,No injury/unknown,FOLLOWING TOO CLOSELY,10TH & TULIP TREE DR,0,0
2007,7,7,Weekend,2100,2-Car,No injury/unknown,FAILURE TO YIELD RIGHT OF WAY,GORDON & SR37S,0,0
2007,7,4,Weekday,1600,2-Car,No injury/unknown,IMPROPER LANE USAGE,SR1000E & STATE ROAD 446,0,0
2007,6,2,Weekday,700,2-Car,No injury/unknown,GLARE,LEONARD SPRINGS & SR45 WEST HWY,0,0
2007,6,5,Weekday,1000,2-Car,No injury/unknown,OTHER (DRIVER) - EXPLAIN IN NARRATIVE,SR 45 SOUTH & SR45S,0,0
2007,7,4,Weekday,700,2-Car,No injury/unknown,FOLLOWING TOO CLOSELY,700 BLK N COLLEGE AVE AVE & W 11TH ST,0,0
2007,7,5,Weekday,900,2-Car,Non-incapacitating,FAILURE TO YIELD RIGHT OF WAY,CREATIVE ARTS & SR45N,0,0
2007,7,6,Weekday,1400,2-Car,No injury/unknown,IMPROPER TURNING,800 N UNION AVE & LAW,0,0
2007,7,5,Weekday,1100,2-Car,No injury/unknown,FOLLOWING TOO CLOSELY,MONROE DAM & SR37N,0,0
2007,7,1,Weekend,1200,1-Car,No injury/unknown,OTHER (DRIVER) - EXPLAIN IN NARRATIVE,UNKNOWN DR,0,0
2007,7,2,Weekday,600,1-Car,No injury/unknown,ANIMAL/OBJECT IN ROADWAY,ASHBROOK RD & SHADOWOOD,0,0
2007,7,4,Weekday,800,2-Car,No injury/unknown,FAILURE TO YIELD RIGHT OF WAY,SR300E & WALNUT,0,0
2007,7,5,Weekday,1400,2-Car,Non-incapacitating,OTHER (DRIVER) - EXPLAIN IN NARRATIVE,LIBERTY DR & WEST THIRD,0,0
2007,7,6,Weekend,1900,2-Car,Non-incapacitating,DISREGARD SIGNAL/REG SIGN,LOUDEN & RATLIFF RD,0,0
2007,7,1,Weekend,1300,2-Car,No injury/unknown,DISREGARD SIGNAL/REG SIGN,HARVEST & UNION VALLEY RD,0,0
2007,7,2,Weekday,1900,1-Car,No injury/unknown,ANIMAL/OBJECT IN ROADWAY,BAYLES & N OLD STATE ROAD 37 BUSINESS RD,0,0
2007,7,3,Weekday,700,2-Car,No injury/unknown,FAILURE TO YIELD RIGHT OF WAY,SR45W & STATE ROAD  WEST,0,0