Year,Month,Day,Weekend?,Hour,Collision Type,Injury Type,Primary Factor,Reported_Location,Latitude,Longitude
2007,7,4,Weekday,1100,1-Car,No injury/unknown,ROADWAY SURFACE CONDITION,HIGHWAY 37 SOUTH & STATE ROAD 45 RDS,0,0
2007,7,5,Weekday,0,2-Car,No injury/unknown,OTHER (DRIVER) - EXPLAIN IN NARRATIVE,ALLEYWAY & WALNUT ST,0,0
2007,7,5,Weekday,1400,Cyclist,Non-incapacitating,PEDESTRIAN ACTION,15TH ST & RODGERS,0,0
2007,7,5,Weekday,1800,1-Car,No injury/unknown,DRIVER ILLNESS,BLOOMFIELD & OAKDALE SQUARE DR,0,0
2007,7,4,Weekday,1400,3+ Cars,No injury/unknown,OTHER (DRIVER) - EXPLAIN IN NARRATIVE,CURRY & LIBERTY DR,0,0
2007,7,6,Weekday,1500,2-Car,No injury/unknown,UNSAFE BACKING,S LANDMARK DR,0,0
2007,7,3,Weekday,1300,3+ Cars,Non-incapacitating,FOLLOWING TOO CLOSELY,GOURLEY & SR46W,0,0
2007,7,3,Weekday,1300,2-Car,No injury/unknown,FOLLOWING TOO CLOSELY,GOURLEY & SR46W,0,0
2007,7,4,Weekday,1700,1-Car,No injury/unknown,OTHER (VEHICLE) - EXPLAIN IN NARRATIVE,SR37N & STEPHENS CREEK,0,0
2007,7,6,Weekday,1800,2-Car,Non-incapacitating,LEFT OF CENTER,CR37N & DUNN,0,0
2007,7,7,Weekend,1800,2-Car,Non-incapacitating,FOLLOWING TOO CLOSELY,SR37,0,0
2007,7,6,Weekday,1600,2-Car,No injury/unknown,FAILURE TO YIELD RIGHT OF WAY,SHIELDS RIDGE RD & SUNDANCE,0,0
2007,7,1,Weekend,1200,2-Car,Non-incapacitating,LEFT OF CENTER,COUNTY LINE & E SOUTH SHORE DR,0,0
2007,7,5,Weekday,700,2-Car,No injury/unknown,IMPROPER PASSING,STATE ROAD 37 & VICTOR PIKE,0,0
2007,8,5,Weekday,1700,2-Car,No injury/unknown,OTHER (VEHICLE) - EXPLAIN IN NARRATIVE,COBBLE CREEK & E COBBLE CREEK DR,0,0
2007,7,1,Weekend,1100,2-Car,No injury/unknown,OTHER (ENVIRONMENTAL) - EXPLAIN IN NARR,FOSTER EAST LOT DR & LAW,0,0
2007,7,7,Weekend,400,1-Car,No injury/unknown,RAN OFF ROAD RIGHT,CEAR BLUFF & SR37S,0,0
2007,7,6,Weekday,1400,1-Car,Non-incapacitating,RAN OFF ROAD RIGHT,3400 BLOCK EAST BETHEL LN RD & BAUGH ROAD,0,0
2007,8,7,Weekend,1700,2-Car,Non-incapacitating,BRAKE FAILURE OR DEFECTIVE,MERRYWAY & SMITH PIKE,0,0
2007,8,3,Weekday,2300,Moped/Motorcycle,Non-incapacitating,ROADWAY SURFACE CONDITION,HICKORY GROVE & SR446S,0,0
2007,8,6,Weekday,1200,2-Car,No injury/unknown,FOLLOWING TOO CLOSELY,K MART ACESS ROAD NORTH AND SO RDS & K MART EAST WEST ACCESS ROAD,0,0
2007,8,5,Weekday,1600,2-Car,No injury/unknown,FAILURE TO YIELD RIGHT OF WAY,ALEXANDER & GATES DR,0,0
2007,8,6,Weekday,1300,2-Car,No injury/unknown,IMPROPER TURNING,HEARTWOOD CT,0,0
2007,8,2,Weekday,1400,Moped/Motorcycle,Non-incapacitating,LEFT OF CENTER,GOURLEY & SR37N,0,0
2007,8,2,Weekday,1500,3+ Cars,No injury/unknown,FOLLOWING TOO CLOSELY,SR45W & ST RD 45 46 BYPASS,0,0
2007,8,2,Weekday,1600,2-Car,Non-incapacitating,FOLLOWING TOO CLOSELY,3RD & NB EXIT RAMP FROM ST RD 37 RAMP,0,0
2007,7,7,Weekend,1700,1-Car,No injury/unknown,SHOULDER DEFECTIVE,6161 HARMONY & HARMONY RDG,0,0
2007,8,1,Weekend,0,1-Car,No injury/unknown,OVERCORRECTING/OVERSTEERING,SR37S,0,0
2007,8,1,Weekday,1900,1-Car,Non-incapacitating,RAN OFF ROAD RIGHT,MAPLE GROVE RD & MATHEWS,0,0
2007,8,3,Weekday,1700,1-Car,Non-incapacitating,RAN OFF ROAD RIGHT,OLD STATE ROAD 37 N & ROBINSON RD,0,0
2007,8,4,Weekday,1200,2-Car,No injury/unknown,LEFT OF CENTER,HUNTERS RIDGE & TOWER RIDGE RD,0,0
2007,8,4,Weekday,2100,1-Car,No injury/unknown,RAN OFF ROAD RIGHT,8200 BLOCK NORTH SHORE DR & ANDERSON,0,0
2007,8,5,Weekday,700,1-Car,Non-incapacitating,RAN OFF ROAD RIGHT,HACKERS CRK & MAIN FOREST,0,0
2007,8,6,Weekday,1200,Bus,No injury/unknown,FOLLOWING TOO CLOSELY,3000 E COVENANTER DR DR & AUTO MALL DR,0,0
2007,8,7,Weekend,1200,2-Car,No injury/unknown,FAILURE TO YIELD RIGHT OF WAY,SR37S & WEST 3 ST,0,0
2007,8,1,Weekend,1200,2-Car,No injury/unknown,DRIVER DISTRACTED - EXPLAIN IN NARRATIVE,45 46 BYP & EASTGATE,0,0
2007,8,7,Weekend,1500,1-Car,No injury/unknown,FOLLOWING TOO CLOSELY,CHAFIN CHAPEL & US46N,0,0
2007,8,2,Weekday,1800,2-Car,Non-incapacitating,OTHER (DRIVER) - EXPLAIN IN NARRATIVE,BASSWOOD & BLOOMFIELD RD,0,0
2007,8,6,Weekday,1300,2-Car,No injury/unknown,DRIVER DISTRACTED - EXPLAIN IN NARRATIVE,BALFOUR & SR46E,0,0
2007,8,1,Weekend,1200,2-Car,No injury/unknown,FAILURE TO YIELD RIGHT OF WAY,INDIANA AVE & VON LEE,0,0
2007,8,1,Weekend,1300,2-Car,No injury/unknown,NONE (DRIVER),SR 46 & SR46E,0,0
2007,8,2,Weekday,1600,2-Car,Non-incapacitating,LEFT OF CENTER,BALFOUR & SR46E,0,0
2007,8,4,Weekday,1200,2-Car,Non-incapacitating,FAILURE TO YIELD RIGHT OF WAY,100 BLOCK PETE ELLIS DR & LONGVIEW,0,0
2007,8,7,Weekend,1500,2-Car,Non-incapacitating,FAILURE TO YIELD RIGHT OF WAY,SMITH PIKE & WOODYARD,0,0
2007,8,3,Weekday,900,2-Car,No injury/unknown,DRIVER DISTRACTED - EXPLAIN IN NARRATIVE,FEE LN,0,0
2007,8,3,Weekday,1300,2-Car,No injury/unknown,FAILURE TO YIELD RIGHT OF WAY,1101 NORTH FEE (PARKING LOT) LN & WALNUT,0,0
2007,8,4,Weekday,1200,2-Car,No injury/unknown,OTHER (DRIVER) - EXPLAIN IN NARRATIVE,3RD & GOODBODY CIR,0,0
2007,8,6,Weekday,1300,2-Car,No injury/unknown,FOLLOWING TOO CLOSELY,EAST ATWATER AVE & HIGHLAND,0,0
2007,8,7,Weekend,1100,3+ Cars,Non-incapacitating,FAILURE TO YIELD RIGHT OF WAY,GATES & SR45W,0,0
2007,8,7,Weekend,2100,1-Car,Non-incapacitating,UNSAFE SPEED,3800 N HINKLE DR & HEADLEY,0,0
2007,8,1,Weekend,1600,2-Car,Non-incapacitating,FAILURE TO YIELD RIGHT OF WAY,BASSWOOD & BLOOMFIELD RD,0,0
2007,8,1,Weekend,0,2-Car,No injury/unknown,OTHER (DRIVER) - EXPLAIN IN NARRATIVE,E HUNTER ST & S HENEDERSON,0,0
2007,8,1,Weekend,1700,2-Car,No injury/unknown,OTHER (DRIVER) - EXPLAIN IN NARRATIVE,COLLEGE MALL RD & EASTLAND PLAZA,0,0
2007,8,2,Weekday,1500,2-Car,No injury/unknown,OTHER (DRIVER) - EXPLAIN IN NARRATIVE,WALMART PARK,0,0
2007,8,3,Weekday,1900,2-Car,No injury/unknown,OTHER (DRIVER) - EXPLAIN IN NARRATIVE,COLLE MALL RD,0,0
2007,8,5,Weekday,1600,3+ Cars,Non-incapacitating,FOLLOWING TOO CLOSELY,RANSOM & SR45W,0,0
2007,8,5,Weekday,1400,2-Car,No injury/unknown,FAILURE TO YIELD RIGHT OF WAY,SR4546E & STATE ROAD 46,0,0
2007,8,6,Weekday,1100,3+ Cars,Non-incapacitating,UNSAFE SPEED,10TH ST & CAMPBELL,0,0
2007,8,7,Weekend,1300,2-Car,No injury/unknown,DRIVER DISTRACTED - EXPLAIN IN NARRATIVE,INDIANA STATE ROAD 45 46 & SR46E,0,0
2007,8,7,Weekend,1500,Cyclist,Non-incapacitating,IMPROPER TURNING,5TH & N JORDAN AVE,0,0
2007,8,1,Weekend,1400,2-Car,No injury/unknown,UNSAFE BACKING,JORDAN & WELLS LIBRARY PARKING LOT ALY,0,0
2007,8,4,Weekday,2000,1-Car,Non-incapacitating,ANIMAL/OBJECT IN ROADWAY,KETCHAM RD,0,0
2007,8,4,Weekday,1500,2-Car,Non-incapacitating,FOLLOWING TOO CLOSELY,SR37S & TAPP,0,0
2007,8,6,Weekday,1200,2-Car,No injury/unknown,DISREGARD SIGNAL/REG SIGN,OLD SR37 & SR37N,0,0
2007,8,2,Weekday,800,2-Car,No injury/unknown,BRAKE FAILURE OR DEFECTIVE,SR46E & STINESVILLE,0,0
2007,9,2,Weekday,1100,2-Car,Non-incapacitating,DRIVER DISTRACTED - EXPLAIN IN NARRATIVE,3500 W HWY 45 HWY & YOST,0,0
2007,9,2,Weekday,1100,2-Car,No injury/unknown,FAILURE TO YIELD RIGHT OF WAY,45 46 BYPASS BYP & NORTH WALNUT,0,0
2007,9,7,Weekend,500,1-Car,No injury/unknown,ALCOHOLIC BEVERAGES,SR6500N,0,0
2007,9,3,Weekday,2200,2-Car,No injury/unknown,IMPROPER TURNING,OUTBACK & SR46W,0,0
2007,9,1,Weekend,1600,2-Car,Non-incapacitating,FAILURE TO YIELD RIGHT OF WAY,SR45W & State Road 37 ramp,0,0
2007,9,5,Weekday,1200,2-Car,No injury/unknown,OTHER (DRIVER) - EXPLAIN IN NARRATIVE,COUNTY CLUB DR & WALNUT,0,0
2007,9,2,Weekday,1500,2-Car,No injury/unknown,UNSAFE BACKING,N JORDAN & WELLS LIBRARY PARKING LOT ALY,0,0
2007,9,4,Weekday,2300,Moped/Motorcycle,Non-incapacitating,FAILURE TO YIELD RIGHT OF WAY,1320 E 10TH PRK LOT WELLS LIB & JORDAN AVE,0,0
2007,9,6,Weekday,600,2-Car,Non-incapacitating,FAILURE TO YIELD RIGHT OF WAY,ENTRANCE TO GARDEN HILL & WEST VERNAL PIKE PIKE,0,0
2007,9,7,Weekend,1700,1-Car,Non-incapacitating,RAN OFF ROAD RIGHT,BROWN COUNTY LINE & SR46E,0,0
2007,9,3,Weekday,1600,2-Car,No injury/unknown,OTHER (DRIVER) - EXPLAIN IN NARRATIVE,STATE ROAD 37 RAMP & THIRD,0,0
2007,9,4,Weekday,1100,2-Car,No injury/unknown,FOLLOWING TOO CLOSELY,45 46 BYP & WALNUT,0,0
2007,9,5,Weekday,1400,2-Car,No injury/unknown,FOLLOWING TOO CLOSELY,E17 TH ST & State Road 45 46 Bypass,0,0
2007,9,5,Weekday,2000,2-Car,No injury/unknown,IMPROPER LANE USAGE,ELEVENTH & FEE LN,0,0
2007,9,1,Weekend,100,2-Car,No injury/unknown,UNSAFE BACKING,BALFOUR & JORDAN AVE,0,0
2007,9,2,Weekday,1700,2-Car,No injury/unknown,UNSAFE BACKING,STADIUM & WELLS LIBRARY PARKING LOT ALY,0,0
2007,9,3,Weekday,1800,2-Car,Non-incapacitating,FOLLOWING TOO CLOSELY,17TH & 45 46 BYPASS HWY,0,0
2007,9,3,Weekday,1600,2-Car,Non-incapacitating,IMPROPER TURNING,10TH ST & 45 46,0,0
2007,9,6,Weekday,900,2-Car,No injury/unknown,FAILURE TO YIELD RIGHT OF WAY,COLLEGE MALL RD & KERASOTES,0,0
2007,9,7,Weekend,800,Pedestrian,Non-incapacitating,GLARE,1200 E SOUTHDOWNS DR DR & BALLANTINE ST,0,0
2007,8,7,Weekend,100,1-Car,No injury/unknown,ANIMAL/OBJECT IN ROADWAY,46 BYPASS & SR5000W,0,0
2007,9,1,Weekend,0,1-Car,Non-incapacitating,RAN OFF ROAD RIGHT,SR37N,0,0
2007,9,1,Weekend,1700,2-Car,Non-incapacitating,DRIVER DISTRACTED - EXPLAIN IN NARRATIVE,CUTRIGHT & SR446S,0,0
2007,9,2,Weekday,2000,1-Car,No injury/unknown,OTHER (DRIVER) - EXPLAIN IN NARRATIVE,OWL LN,0,0
2007,9,3,Weekday,2000,2-Car,No injury/unknown,ALCOHOLIC BEVERAGES,FARMER & SOUTH CURRY PIKE PIKE,0,0
2007,9,4,Weekday,800,2-Car,No injury/unknown,FOLLOWING TOO CLOSELY,SR46W & State Road 37 ramp,0,0
2007,9,5,Weekday,1600,2-Car,No injury/unknown,DRIVER DISTRACTED - EXPLAIN IN NARRATIVE,GORDON PIKE & SR37S,0,0
2007,9,5,Weekday,1600,2-Car,No injury/unknown,FAILURE TO YIELD RIGHT OF WAY,10TH ST & 45 AND 46,0,0
2007,9,6,Weekday,1700,3+ Cars,No injury/unknown,FOLLOWING TOO CLOSELY,FEE LN & STATE ROAD 46,0,0
2007,9,4,Weekday,500,1-Car,Non-incapacitating,RAN OFF ROAD RIGHT,2ND & BASSWOOD DR,0,0
2007,8,2,Weekday,2100,1-Car,No injury/unknown,ANIMAL/OBJECT IN ROADWAY,NESLSON RIDGE RD & SR 46,0,0
2007,9,4,Weekday,1100,2-Car,No injury/unknown,FAILURE TO YIELD RIGHT OF WAY,COLLEGE & SR45 46 BYP,0,0
2007,9,5,Weekday,1400,2-Car,No injury/unknown,OTHER (DRIVER) - EXPLAIN IN NARRATIVE,SR37S,0,0
2007,9,2,Weekday,900,Cyclist,Non-incapacitating,FAILURE TO YIELD RIGHT OF WAY,JORDAN AVE & WELLS LIBRARY ENTRANCE,0,0
2007,9,7,Weekend,2200,2-Car,No injury/unknown,,S RODGERS & W 2ND ST,0,0
2007,9,2,Weekday,1400,2-Car,No injury/unknown,FOLLOWING TOO CLOSELY,BLOOMFIELD RD & LIBERTY,0,0
2007,9,4,Weekday,700,2-Car,Non-incapacitating,FAILURE TO YIELD RIGHT OF WAY,BASSWOOD & BLOOMFILED RD,0,0
2007,9,3,Weekday,1100,2-Car,No injury/unknown,FOLLOWING TOO CLOSELY,LANDMARK AVE & WEST 3 RD ST ST,0,0
2007,9,3,Weekday,1600,1-Car,Incapacitating,UNSAFE SPEED,SR37S,0,0
2007,9,2,Weekday,800,2-Car,No injury/unknown,LEFT OF CENTER,SR100W & STATE ROAD 46,0,0
2007,9,5,Weekday,1000,2-Car,No injury/unknown,LEFT OF CENTER,HENDERSON ST & MILLER DR DR,0,0
2007,9,3,Weekday,2000,1-Car,No injury/unknown,ANIMAL/OBJECT IN ROADWAY,3296 E MOFFETT LN & SNODDY,0,0
2007,9,1,Weekday,2100,1-Car,No injury/unknown,DRIVER DISTRACTED - EXPLAIN IN NARRATIVE,DEER PARK & RHORER RD,0,0
2007,9,7,Weekend,2000,2-Car,No injury/unknown,UNSAFE BACKING,100 BLK N INDIANA  PARKING LOT & SIXTH ST,0,0
2007,9,6,Weekday,800,2-Car,No injury/unknown,FOLLOWING TOO CLOSELY,SR37S,0,0
2007,9,7,Weekend,1100,2-Car,No injury/unknown,FOLLOWING TOO CLOSELY,SR45E & STATE ROAD 46,0,0
2007,9,6,Weekday,1600,2-Car,No injury/unknown,UNSAFE BACKING,JACOB DR,0,0
2007,9,1,Weekday,2300,2-Car,No injury/unknown,OTHER (DRIVER) - EXPLAIN IN NARRATIVE,1000 BASSWOOD DR & BLOOMFIELD,0,0
2007,9,2,Weekday,1000,Moped/Motorcycle,Non-incapacitating,FAILURE TO YIELD RIGHT OF WAY,45 46 BYPASS & N DUNN ST,0,0
2007,9,6,Weekday,900,Moped/Motorcycle,Non-incapacitating,RAN OFF ROAD RIGHT,E BOLTINGHOUSE RD & EARL YOUNG,0,0
2007,9,1,Weekend,1400,2-Car,No injury/unknown,FOLLOWING TOO CLOSELY,SR46E & WOODCREST DRIVE,0,0
2007,9,1,Weekend,1400,2-Car,Non-incapacitating,FAILURE TO YIELD RIGHT OF WAY,FAIRFAX & SR37S,0,0
2007,10,3,Weekday,2000,2-Car,Incapacitating,LEFT OF CENTER,LOWER BIRDIE GALYAN & SR46E,0,0
2007,10,4,Weekday,1200,2-Car,No injury/unknown,VIEW OBSTRUCTED,NORTH SMITH PIKE PIKE & W FORREST PARK DR,0,0
2007,10,4,Weekday,2200,2-Car,No injury/unknown,FOLLOWING TOO CLOSELY,CR55W & SHIELDS RIDGE RD,0,0
2007,9,5,Weekday,1900,2-Car,No injury/unknown,UNSAFE BACKING,1320 E 10TH ST PARKING LOT & STADIUM DR,0,0
2007,9,6,Weekday,1400,Moped/Motorcycle,Non-incapacitating,IMPROPER TURNING,13 ST & FORREST,0,0
2007,10,2,Weekday,1800,2-Car,No injury/unknown,FAILURE TO YIELD RIGHT OF WAY,BALFOUR & SR45S,0,0
2007,10,4,Weekday,1200,2-Car,No injury/unknown,IMPROPER TURNING,STATE ROAD 37 & VICTOR PIKE RD,0,0
2007,10,6,Weekday,900,2-Car,No injury/unknown,OTHER (DRIVER) - EXPLAIN IN NARRATIVE,COTTAGE GROVE & NS ALLEY 400 E COTTAGE GROVE ST,0,0
2007,10,7,Weekend,1800,2-Car,No injury/unknown,DRIVER DISTRACTED - EXPLAIN IN NARRATIVE,CUTRIGHT & SR446S,0,0
2007,10,7,Weekend,1400,2-Car,No injury/unknown,FAILURE TO YIELD RIGHT OF WAY,400 BLK N WALNUT ST & 8TH,0,0
2007,10,7,Weekend,1300,Moped/Motorcycle,Non-incapacitating,ROADWAY SURFACE CONDITION,2ND & LANDMARK AVE,0,0
2007,10,5,Weekday,1900,2-Car,No injury/unknown,FOLLOWING TOO CLOSELY,BERNICE & FAIRFAX RDS,0,0
2007,10,5,Weekday,2000,2-Car,Non-incapacitating,ALCOHOLIC BEVERAGES,CHAPEL HILL ROAD & SR446S,0,0
2007,10,6,Weekday,1700,1-Car,Non-incapacitating,RAN OFF ROAD RIGHT,SOUTH OLD STATE ROAD 37 ROW & WEST INGRAM,0,0
2007,10,2,Weekday,1400,2-Car,Non-incapacitating,FAILURE TO YIELD RIGHT OF WAY,2ND ST & LANDMARK,0,0
2007,10,4,Weekday,800,2-Car,Non-incapacitating,OTHER (DRIVER) - EXPLAIN IN NARRATIVE,HIGH & ROGES RD,0,0
2007,10,4,Weekday,1100,2-Car,No injury/unknown,UNSAFE BACKING,LANDMARK AVE AVE,0,0
2007,10,7,Weekend,400,2-Car,No injury/unknown,UNSAFE BACKING,DUNN STREET ST,0,0
2007,10,1,Weekday,1900,2-Car,No injury/unknown,OTHER (DRIVER) - EXPLAIN IN NARRATIVE,BALFOUR & SR4546E,0,0
2007,10,6,Weekday,1300,2-Car,No injury/unknown,FAILURE TO YIELD RIGHT OF WAY,45 46 & WALNUT ST,0,0
2007,10,7,Weekend,900,2-Car,No injury/unknown,FOLLOWING TOO CLOSELY,BLOOMFIELD RD RD,0,0
2007,10,1,Weekday,2100,2-Car,Non-incapacitating,ALCOHOLIC BEVERAGES,SMITHVILLE RD & STATE ROAD 37,0,0
2007,10,6,Weekday,1500,1-Car,No injury/unknown,RAN OFF ROAD RIGHT,SR46W & STINESVILLE,0,0
2007,10,2,Weekday,700,2-Car,No injury/unknown,ACCELERATOR FAILURE OR DEFECTIVE,SMITH PIKE & SR46W,0,0
2007,10,4,Weekday,1300,1-Car,Non-incapacitating,RAN OFF ROAD RIGHT,SMITHVILKLE RD & STATE HWY 37 4LANE,0,0
2007,10,5,Weekday,2300,1-Car,No injury/unknown,ANIMAL/OBJECT IN ROADWAY,BAYLES & SR37N,0,0
2007,10,1,Weekend,1100,2-Car,No injury/unknown,UNSAFE BACKING,FAMILY LIFE CHURCH DR & FOX HOLLOW,0,0
2007,10,4,Weekday,600,2-Car,Non-incapacitating,OTHER (DRIVER) - EXPLAIN IN NARRATIVE,2ND ST & LANDMARK,0,0
2007,10,3,Weekday,800,2-Car,Non-incapacitating,FOLLOWING TOO CLOSELY,SR 45  NORTH        2ND STREET & SR45N,0,0
2007,10,4,Weekday,700,2-Car,No injury/unknown,FOLLOWING TOO CLOSELY,SR100S & TAPP,0,0
2007,10,4,Weekday,1100,2-Car,No injury/unknown,OTHER (DRIVER) - EXPLAIN IN NARRATIVE,EAST THIRD ST & State Road 46,0,0
2007,10,7,Weekend,900,2-Car,No injury/unknown,IMPROPER TURNING,BALFOUR & SR 46 BYPASS HWY,0,0
2007,10,2,Weekday,2000,2-Car,No injury/unknown,OTHER (VEHICLE) - EXPLAIN IN NARRATIVE,DUNN & PARKING LOT WHITE NEAR GATE 8,0,0
2007,10,7,Weekend,1000,2-Car,No injury/unknown,FAILURE TO YIELD RIGHT OF WAY,INDUSTRIAL BLVD & State Road 45,0,0
2007,10,7,Weekend,1300,2-Car,No injury/unknown,DRIVER DISTRACTED - EXPLAIN IN NARRATIVE,HANDY RD & MOFFETT,0,0
2007,10,2,Weekday,2000,2-Car,No injury/unknown,FAILURE TO YIELD RIGHT OF WAY,ACCESS ROAD 955 S COLLEGE MALL & COVENANTER DR,0,0
2007,10,3,Weekday,1800,2-Car,No injury/unknown,OTHER (DRIVER) - EXPLAIN IN NARRATIVE,SR37S & THIRD,0,0
2007,10,3,Weekday,1500,2-Car,No injury/unknown,LEFT OF CENTER,ELWREN ROAD RD & OLD ELWREN ROAD,0,0
2007,10,5,Weekday,1500,2-Car,No injury/unknown,LEFT OF CENTER,N DUNN & OLD 37 NORTH RTE,0,0
2007,10,5,Weekday,1700,2-Car,Non-incapacitating,DISREGARD SIGNAL/REG SIGN,BASSWOOD & BLOOMFIELD RD,0,0
2007,10,5,Weekday,1800,2-Car,No injury/unknown,IMPROPER LANE USAGE,SR 37 & THIRD ST,0,0
2007,10,5,Weekday,700,2-Car,No injury/unknown,OTHER (DRIVER) - EXPLAIN IN NARRATIVE,SMITH PIKE & SR46W,0,0
2007,10,6,Weekday,1500,2-Car,No injury/unknown,OTHER (DRIVER) - EXPLAIN IN NARRATIVE,RED BUD,0,0
2007,10,6,Weekend,2300,2-Car,No injury/unknown,UNSAFE BACKING,500 EAST 4TH STREET ST,0,0
2007,10,2,Weekday,1900,1-Car,No injury/unknown,GLARE,BALFOUR & SR45W,0,0
2007,10,4,Weekday,1200,Cyclist,Non-incapacitating,OTHER (DRIVER) - EXPLAIN IN NARRATIVE,JORDAN AVE & WELLS LIBRARY,0,0
2007,10,3,Weekday,1700,1-Car,Non-incapacitating,RAN OFF ROAD RIGHT,FREINDSHIP & SR46E,0,0
2007,10,6,Weekday,800,2-Car,No injury/unknown,FAILURE TO YIELD RIGHT OF WAY,45 46 BYPASS & WALNUT ST,0,0
2007,10,5,Weekday,1400,2-Car,No injury/unknown,UNSAFE BACKING,W SR45,0,0
2007,10,7,Weekend,1300,1-Car,Non-incapacitating,ROADWAY SURFACE CONDITION,DUNN STREET & Old State Road 37,0,0
2007,10,7,Weekend,1900,2-Car,No injury/unknown,UNSAFE BACKING,17TH & TERRY LN,0,0
2007,10,1,Weekend,1200,2-Car,Non-incapacitating,FAILURE TO YIELD RIGHT OF WAY,State Road 37 ramp & State Road 45,0,0
2007,10,6,Weekday,1500,Moped/Motorcycle,Non-incapacitating,ILLEGAL DRUGS,CENTENNIAL DR & STATE ROAD 46,0,0
2007,10,3,Weekday,300,1-Car,No injury/unknown,TIRE FAILURE OR DEFECTIVE,GRUBB & SR37N,0,0
2007,10,2,Weekday,800,2-Car,No injury/unknown,,MITCHELL & PRIVATE DR,0,0
2007,10,2,Weekday,1000,2-Car,No injury/unknown,OTHER (DRIVER) - EXPLAIN IN NARRATIVE,4700 BLK LOUDEN RD & RATLIFF,0,0
2007,10,5,Weekday,1100,2-Car,No injury/unknown,FAILURE TO YIELD RIGHT OF WAY,DUNN ST & MEMORIAL STADIUM WHITE LOT W,0,0
2007,10,3,Weekday,2200,2-Car,No injury/unknown,FAILURE TO YIELD RIGHT OF WAY,BLOOMFIELD RD & SR 37 NORTHBOUND,0,0
2007,10,3,Weekday,1100,2-Car,No injury/unknown,FAILURE TO YIELD RIGHT OF WAY,SR37S & STATE HWY37 4LA,0,0
2007,10,4,Weekday,1600,3+ Cars,Non-incapacitating,OTHER (DRIVER) - EXPLAIN IN NARRATIVE,S HICKORY & SR48E,0,0
2007,10,5,Weekday,1500,Pedestrian,Incapacitating,OTHER (DRIVER) - EXPLAIN IN NARRATIVE,CURRY & INDIANA RAILROAD TRAK,0,0
2007,10,4,Weekday,1600,2-Car,No injury/unknown,FAILURE TO YIELD RIGHT OF WAY,BALFOUR & N JORDAN AVE,0,0
2007,10,4,Weekday,800,2-Car,No injury/unknown,LEFT OF CENTER,BIRCH & PECAN LN,0,0
2007,10,2,Weekday,2300,1-Car,No injury/unknown,OTHER (DRIVER) - EXPLAIN IN NARRATIVE,HAYS & SR8215S,0,0
2007,11,4,Weekday,0,1-Car,No injury/unknown,ANIMAL/OBJECT IN ROADWAY,INGRAM & SR9000S,0,0
2007,9,7,Weekend,2100,3+ Cars,No injury/unknown,ANIMAL/OBJECT IN ROADWAY,SR37S,0,0
2007,11,4,Weekday,1700,1-Car,No injury/unknown,UNSAFE SPEED,BOTTOM ROAD RD & MT PLEASANT,0,0
2007,11,2,Weekday,1800,2-Car,Non-incapacitating,LEFT OF CENTER,DUNN & OLD 37 NORTH RD,0,0
2007,11,3,Weekday,700,2-Car,Non-incapacitating,DISREGARD SIGNAL/REG SIGN,FAIRFAX & SR37S,0,0
2007,11,6,Weekday,1600,2-Car,No injury/unknown,FOLLOWING TOO CLOSELY,TENTH & TULIP TREE DR,0,0
2007,11,1,Weekend,900,1-Car,No injury/unknown,OTHER (DRIVER) - EXPLAIN IN NARRATIVE,SOUTH HAWTHORNE ST,0,0
2007,11,2,Weekday,900,1-Car,No injury/unknown,OTHER (DRIVER) - EXPLAIN IN NARRATIVE,JORDAN & MUSICAL ARTS CIR,0,0
2007,11,1,Weekend,1300,2-Car,No injury/unknown,ROADWAY SURFACE CONDITION,OLD WALNUT STREET PIKE & RHORER RD,0,0
2007,11,1,Weekend,900,1-Car,No injury/unknown,ROADWAY SURFACE CONDITION,MERRITT & SR446S,0,0
2007,11,3,Weekday,2300,1-Car,No injury/unknown,ANIMAL/OBJECT IN ROADWAY,HARRODSBURG EXIT & SR37S,0,0
2007,11,6,Weekday,1200,2-Car,Non-incapacitating,DRIVER DISTRACTED - EXPLAIN IN NARRATIVE,200 45 46 BYPASS & SR4546N,0,0
2007,11,6,Weekday,1500,2-Car,No injury/unknown,UNSAFE BACKING,S BRENDA LN,0,0
2007,11,6,Weekend,1900,1-Car,No injury/unknown,ANIMAL/OBJECT IN ROADWAY,SOUTH KETCHAM & SR37S,0,0
2007,11,7,Weekend,1100,2-Car,No injury/unknown,FAILURE TO YIELD RIGHT OF WAY,2200 N WALNUT ST & 45 46 BYPASS,0,0
2007,11,7,Weekend,1200,2-Car,No injury/unknown,VIEW OBSTRUCTED,E10TH ST NORTH ALLEY ALY & N INDIANA WEST ALLEY,0,0
2007,11,7,Weekend,1700,2-Car,No injury/unknown,IMPROPER TURNING,100 BLK N INDIANA AVE & E KIRKWOOD,0,0
2007,11,5,Weekday,1000,2-Car,Non-incapacitating,FOLLOWING TOO CLOSELY,E SEVENTEENTH & State Road 45 46 Bypass,0,0
2007,11,2,Weekday,1000,2-Car,No injury/unknown,UNSAFE BACKING,SOUTH LANDMARK DR,0,0
2007,11,7,Weekend,1800,2-Car,Non-incapacitating,OTHER (DRIVER) - EXPLAIN IN NARRATIVE,400 BLK SOUTH COLLEGE MALL RD & EASTLAND PLAZA ACCESS,0,0
2007,11,1,Weekend,1400,2-Car,Non-incapacitating,SPEED TOO FAST FOR WEATHER CONDITIONS,State Road 37 ramp & W SR 48 RD,0,0
2007,11,6,Weekday,100,1-Car,Non-incapacitating,RAN OFF ROAD RIGHT,45 46 & SR37N,0,0
2007,11,2,Weekday,1800,2-Car,No injury/unknown,FAILURE TO YIELD RIGHT OF WAY,COLLEGE MALL RD & ENTRANCE FOR COLLEGE MALL,0,0
2007,11,1,Weekend,1100,2-Car,No injury/unknown,OTHER (DRIVER) - EXPLAIN IN NARRATIVE,GARDEN HILLS TRAILER CT CT & WEST VERNAL,0,0
2007,11,2,Weekday,1300,1-Car,No injury/unknown,BRAKE FAILURE OR DEFECTIVE,EMPIRE & PARKING LOT PARK,0,0
2007,11,5,Weekday,2200,1-Car,No injury/unknown,OTHER (DRIVER) - EXPLAIN IN NARRATIVE,OLD WALNUT ST & RHORER RD,0,0
2007,11,7,Weekend,1700,1-Car,No injury/unknown,ANIMAL/OBJECT IN ROADWAY,SR37S & WAYSIDE,0,0
2007,11,2,Weekday,600,2-Car,Non-incapacitating,ROADWAY SURFACE CONDITION,OLD WALNUT STREET & RHORER RD,0,0
2007,11,1,Weekday,2300,1-Car,No injury/unknown,RAN OFF ROAD RIGHT,PRAIRIE & SR37N,0,0
2007,11,2,Weekday,800,1-Car,No injury/unknown,ROADWAY SURFACE CONDITION,STRAINRIDGE ROAD & VALLEY MISSSION ROAD RD,0,0
2007,11,3,Weekday,2100,2-Car,No injury/unknown,OTHER (DRIVER) - EXPLAIN IN NARRATIVE,45 46 BYP & WALNUT,0,0
2007,11,4,Weekday,900,Pedestrian,No injury/unknown,FAILURE TO YIELD RIGHT OF WAY,15 & WALNUT ST,0,0