Year,Month,Day,Weekend?,Hour,Collision Type,Injury Type,Primary Factor,Reported_Location,Latitude,Longitude
2007,11,3,Weekday,1300,1-Car,Incapacitating,DRIVER DISTRACTED - EXPLAIN IN NARRATIVE,DUNLAP RD & STATE ROAD 45,0,0
2007,11,5,Weekday,2100,2-Car,No injury/unknown,FAILURE TO YIELD RIGHT OF WAY,SR 37 NORTH BOUND & WEST SECOND ST,0,0
2007,11,5,Weekday,1700,1-Car,No injury/unknown,ANIMAL/OBJECT IN ROADWAY,4398 OLD WALNUT STREET PIKE & CRESTLINE,0,0
2007,11,1,Weekend,1800,1-Car,No injury/unknown,DRIVER ILLNESS,10TH ST & SR 45 46 BYPASS,0,0
2007,11,2,Weekday,1500,2-Car,No injury/unknown,OTHER (DRIVER) - EXPLAIN IN NARRATIVE,INDIANA UNIVERSITY BLUE LOT 3 ROW,0,0
2007,11,3,Weekday,1000,2-Car,No injury/unknown,GLARE,SEVENTEENTH ST & State Road 45 46 Bypass,0,0
2007,11,3,Weekday,1500,2-Car,No injury/unknown,FAILURE TO YIELD RIGHT OF WAY,ASHTON S & UNION ST,0,0
2007,12,7,Weekend,0,1-Car,No injury/unknown,OTHER (DRIVER) - EXPLAIN IN NARRATIVE,,0,0
2007,11,4,Weekday,1200,2-Car,No injury/unknown,UNSAFE BACKING,CALLERY & TAMMARON DR,0,0
2007,12,7,Weekend,1100,2-Car,No injury/unknown,DRIVER DISTRACTED - EXPLAIN IN NARRATIVE,7TH & RODGERS ST,0,0
2007,12,7,Weekend,1600,2-Car,No injury/unknown,OTHER (DRIVER) - EXPLAIN IN NARRATIVE,KIRKWOOD AVE,0,0
2007,11,6,Weekend,2300,1-Car,Non-incapacitating,PRESCRIPTION DRUGS,KETCHUM & Old State Road 37,0,0
2007,12,2,Weekday,1200,2-Car,Non-incapacitating,FOLLOWING TOO CLOSELY,W ALLEN & W BLOOMINGFIELD RD,0,0
2007,12,1,Weekend,0,1-Car,No injury/unknown,DRIVER DISTRACTED - EXPLAIN IN NARRATIVE,OLD ST RD 37 S RD,0,0
2007,12,2,Weekday,1800,2-Car,No injury/unknown,DISREGARD SIGNAL/REG SIGN,NORTH UNION VALLEY RD & STATE ROAD 46 WEST,0,0
2007,12,3,Weekday,1700,3+ Cars,No injury/unknown,DRIVER DISTRACTED - EXPLAIN IN NARRATIVE,2708 E 10TH ST & 45 46,0,0
2007,12,3,Weekday,1700,2-Car,No injury/unknown,FAILURE TO YIELD RIGHT OF WAY,NORTH WANLNUT ST & SIXTH,0,0
2007,11,2,Weekday,1500,1-Car,No injury/unknown,SPEED TOO FAST FOR WEATHER CONDITIONS,ACUFF RD & STATE ROAD 37,0,0
2007,12,4,Weekday,1500,2-Car,No injury/unknown,FOLLOWING TOO CLOSELY,RATLIFF & SR45E,0,0
2007,12,4,Weekday,1100,2-Car,No injury/unknown,FAILURE TO YIELD RIGHT OF WAY,SO LIBERTY,0,0
2007,12,5,Weekday,1300,3+ Cars,No injury/unknown,FAILURE TO YIELD RIGHT OF WAY,2700 BLOCK E 3RD ST ST & State Road 46,0,0
2007,12,7,Weekend,100,2-Car,No injury/unknown,WRONG WAY ON ONE WAY,WALNUT ST,0,0
2007,12,6,Weekday,1600,2-Car,No injury/unknown,FAILURE TO YIELD RIGHT OF WAY,ACCESS ROAD & BUICK CADILLAC BLVD,0,0
2007,12,6,Weekday,900,2-Car,No injury/unknown,OTHER (VEHICLE) - EXPLAIN IN NARRATIVE,2700 BLK E 3RD ST ST & State Road 46,0,0
2007,12,1,Weekend,1700,2-Car,No injury/unknown,OTHER (VEHICLE) - EXPLAIN IN NARRATIVE,WALNUT ST,0,0
2007,12,5,Weekday,1500,1-Car,No injury/unknown,ANIMAL/OBJECT IN ROADWAY,GUTHRIE & KINSER CEMETARY RD,0,0
2007,12,7,Weekend,2000,1-Car,No injury/unknown,SPEED TOO FAST FOR WEATHER CONDITIONS,FAIRFAX RD & NORTON,0,0
2007,12,2,Weekday,1100,2-Car,No injury/unknown,FAILURE TO YIELD RIGHT OF WAY,2600 W 3RD ST & S YANCY,0,0
2007,12,5,Weekday,1400,2-Car,No injury/unknown,NONE (DRIVER),CLARIZZ BLVD,0,0
2007,12,7,Weekend,1400,2-Car,No injury/unknown,OTHER (DRIVER) - EXPLAIN IN NARRATIVE,JONES AVE & SOUTH READ,0,0
2007,12,2,Weekday,1600,2-Car,No injury/unknown,FAILURE TO YIELD RIGHT OF WAY,E 17TH & SR 45 46 BYP,0,0
2007,12,6,Weekday,1500,2-Car,Non-incapacitating,FAILURE TO YIELD RIGHT OF WAY,COLLEGE MALL RDS & SERVICE ENTRANCE COLLEGE MALL,0,0
2007,12,6,Weekend,2100,1-Car,No injury/unknown,UNSAFE SPEED,HINKLE RD & TREADWELL,0,0
2007,12,7,Weekend,700,2-Car,No injury/unknown,ROADWAY SURFACE CONDITION,N DUNN & Old State Road 37,0,0
2007,12,7,Weekend,700,1-Car,No injury/unknown,SPEED TOO FAST FOR WEATHER CONDITIONS,RAPELL & SR46W,0,0
2007,12,1,Weekday,2300,2-Car,Non-incapacitating,IMPROPER TURNING,EASTGATE & ST 4546 BYP,0,0
2007,12,1,Weekday,2300,2-Car,No injury/unknown,OTHER (ENVIRONMENTAL) - EXPLAIN IN NARR,BIRCH & PECAN LN,0,0
2007,12,6,Weekday,800,2-Car,No injury/unknown,PEDESTRIAN ACTION,MAIN ST & MARKET,0,0
2007,12,2,Weekday,1600,2-Car,No injury/unknown,FOLLOWING TOO CLOSELY,315 GORDON & GORDON PIKE,0,0
2007,12,4,Weekday,300,1-Car,No injury/unknown,ALCOHOLIC BEVERAGES,BLUERIDGE RD & RAMBLE,0,0
2007,12,4,Weekday,700,1-Car,No injury/unknown,ANIMAL/OBJECT IN ROADWAY,NEWT FULFORD & SR37S,0,0
2007,12,6,Weekday,900,2-Car,No injury/unknown,OTHER (DRIVER) - EXPLAIN IN NARRATIVE,400 EAST SOUTHER DR & HENDERSON,0,0
2007,12,7,Weekend,600,1-Car,No injury/unknown,RAN OFF ROAD RIGHT,GREENTREE & S BASSWOOD DR,0,0
2007,12,2,Weekday,1400,2-Car,No injury/unknown,FAILURE TO YIELD RIGHT OF WAY,KINGSTON DR & TARGET ENTRANCE,0,0
2007,12,3,Weekday,2200,2-Car,No injury/unknown,OTHER (DRIVER) - EXPLAIN IN NARRATIVE,LANDMARK AVE,0,0
2007,12,6,Weekday,600,2-Car,No injury/unknown,FOLLOWING TOO CLOSELY,11 & 46 HWY,0,0
2007,12,6,Weekday,1100,2-Car,No injury/unknown,OTHER (DRIVER) - EXPLAIN IN NARRATIVE,COLLEGE MALL & COLLEGE MALL SOUTH LOT DR,0,0
2007,12,7,Weekend,1400,2-Car,Non-incapacitating,OTHER (DRIVER) - EXPLAIN IN NARRATIVE,1419 W 12TH & SR,0,0
2007,12,4,Weekday,1800,3+ Cars,No injury/unknown,DISREGARD SIGNAL/REG SIGN,OUTBACK & SR46W,0,0
2007,12,2,Weekday,700,1-Car,No injury/unknown,RAN OFF ROAD RIGHT,COUNTY LINE ROAD & REEVES ROAD RD,0,0
2006,1,5,Weekday,1200,2-Car,Non-incapacitating,FAILURE TO YIELD RIGHT OF WAY,3RD & LIBERTY,39.335152,-86.607008
2006,1,2,Weekday,1700,2-Car,Non-incapacitating,FAILURE TO YIELD RIGHT OF WAY,3RD & LIBERTY,39.335152,-86.607008
2006,7,7,Weekend,2000,1-Car,No injury/unknown,NONE (DRIVER),BRIGHTON RD & WAMPLER,39.33448,-86.614368
2006,11,2,Weekday,1800,1-Car,No injury/unknown,ANIMAL/OBJECT IN ROADWAY,BRYANTS CREEK & SR37,39.334368,-86.5124
2006,4,5,Weekday,800,1-Car,No injury/unknown,ANIMAL/OBJECT IN ROADWAY,BURMA RD & SPRADLING,39.33346643,-86.53310219
2006,10,4,Weekday,2000,1-Car,Non-incapacitating,ANIMAL/OBJECT IN ROADWAY,BRYANTS & SR37,39.33077592,-86.51494129
2006,8,2,Weekday,1600,1-Car,Non-incapacitating,UNSAFE SPEED,BOWMAN & BROWN,39.32188043,-86.59768726
2006,7,1,Weekend,200,1-Car,Non-incapacitating,UNSAFE SPEED,BOWMAN RD & BROWN,39.32188043,-86.59768726
2006,8,1,Weekend,1100,2-Car,Non-incapacitating,LEFT OF CENTER,LOW GAP RD & TULIP TREE,39.319904,-86.39896
2006,1,3,Weekday,1200,2-Car,No injury/unknown,IMPROPER LANE USAGE,BURMA & SR37S,39.31695399,-86.51079025
2006,7,1,Weekend,1200,1-Car,Fatal,RAN OFF ROAD RIGHT,BURMA & SR37,39.31695365,-86.51079035
2006,10,2,Weekday,700,1-Car,No injury/unknown,RAN OFF ROAD RIGHT,BOTTOM & SR37,39.31233323,-86.54219875
2006,8,2,Weekday,500,1-Car,No injury/unknown,ANIMAL/OBJECT IN ROADWAY,CROSS OVER & SR37N,39.3046181,-86.51670231
2006,9,1,Weekend,300,2-Car,Non-incapacitating,FAILURE TO YIELD RIGHT OF WAY,CHAMBERS & SR37,39.30432,-86.5168
2006,6,3,Weekday,600,2-Car,No injury/unknown,OTHER (DRIVER) - EXPLAIN IN NARRATIVE,CROSSOVER RD & SR37,39.30402988,-86.51702267
2006,10,4,Weekday,1500,1-Car,No injury/unknown,SPEED TOO FAST FOR WEATHER CONDITIONS,DITTEMORE RD & TILFORD,39.302102,-86.53137488
2006,10,3,Weekday,1000,1-Car,No injury/unknown,SPEED TOO FAST FOR WEATHER CONDITIONS,HOADLEY & MAIN ST,39.29864,-86.652496
2006,10,3,Weekday,1600,Pedestrian,Incapacitating,DRIVER DISTRACTED - EXPLAIN IN NARRATIVE,WINSLOW & WINSLOW CT,39.2944998,-86.524497
2006,8,6,Weekday,500,1-Car,No injury/unknown,OTHER (DRIVER) - EXPLAIN IN NARRATIVE,ANDERSON & LOW GAP RD,39.29359291,-86.40059588
2006,11,6,Weekday,400,1-Car,No injury/unknown,ALCOHOLIC BEVERAGES,BOTTOM RD & WOODALL,39.290288,-86.576992
2006,9,5,Weekday,1600,2-Car,Non-incapacitating,LEFT OF CENTER,JENNER & MT TABOR,39.2891,-86.625399
2006,12,3,Weekday,300,1-Car,No injury/unknown,ALCOHOLIC BEVERAGES,SR37S,39.28844,-86.518728
2006,8,4,Weekday,2000,2-Car,No injury/unknown,OTHER (DRIVER) - EXPLAIN IN NARRATIVE,W 3RD ST,39.287808,-86.519024
2006,3,7,Weekend,1700,2-Car,No injury/unknown,LEFT OF CENTER,FAWN RIDGE & FOX HOLLOW RD,39.2877451,-86.51572379
2006,11,3,Weekday,800,2-Car,No injury/unknown,UNSAFE BACKING,374 & FOX HOLLOW RD,39.287736,-86.51787926
2006,9,1,Weekend,1000,1-Car,No injury/unknown,RAN OFF ROAD RIGHT,FAWN RIDGE & FOX HALLOW RD,39.287728,-86.515696
2006,5,2,Weekday,2000,1-Car,Non-incapacitating,RAN OFF ROAD RIGHT,MT TABOR & WOODLAND,39.28344,-86.624192
2006,11,6,Weekend,2300,2-Car,Non-incapacitating,FAILURE TO YIELD RIGHT OF WAY,HEDRICK & STINESVILLE RD,39.281744,-86.662992
2006,9,3,Weekday,700,1-Car,No injury/unknown,RAN OFF ROAD RIGHT,ANDERSON RD & SHILO,39.28127032,-86.46128366
2006,10,6,Weekday,500,2-Car,No injury/unknown,SPEED TOO FAST FOR WEATHER CONDITIONS,SR46,39.281192,-86.682704
2006,3,3,Weekday,1600,2-Car,No injury/unknown,FAILURE TO YIELD RIGHT OF WAY,SIMPSON CHAPEL & SR37S,39.280496,-86.522864
2006,3,7,Weekend,1300,2-Car,Non-incapacitating,FOLLOWING TOO CLOSELY,SAMPLE & SR37N,39.28039763,-86.52288227
2006,8,4,Weekday,1500,Moped/Motorcycle,Non-incapacitating,RAN OFF ROAD RIGHT,ANDERSON RD & SHILO,39.2785457,-86.46759105
2006,12,1,Weekday,2300,1-Car,No injury/unknown,RAN OFF ROAD RIGHT,SHILO RD,39.276472,-86.464424
2006,9,1,Weekend,1400,Moped/Motorcycle,Non-incapacitating,ANIMAL/OBJECT IN ROADWAY,BOTTOM RD & WILLIAMS,39.273856,-86.558112
2006,10,2,Weekday,1300,Bus,Non-incapacitating,DRIVER ASLEEP OR FATIGUED,CROSS OVER & NORM ANDERSON RD,39.27149315,-86.51908539
2006,8,2,Weekday,1600,1-Car,No injury/unknown,ANIMAL/OBJECT IN ROADWAY,CR700N & SR37N,39.27027733,-86.52293441
2006,11,7,Weekend,2000,1-Car,Non-incapacitating,ANIMAL/OBJECT IN ROADWAY,SR  37,39.26891991,-86.52287428
2006,11,5,Weekday,900,2-Car,No injury/unknown,IMPROPER LANE USAGE,SR  37,39.26891991,-86.52287428
2006,8,6,Weekday,1000,1-Car,Non-incapacitating,RAN OFF ROAD RIGHT,SR 46 & STINESVILLE,39.26779716,-86.66675119
2006,7,5,Weekday,400,1-Car,Fatal,DRIVER ASLEEP OR FATIGUED,ANDERSON RD & DORA,39.26713453,-86.48757544
2006,5,6,Weekday,1300,2-Car,No injury/unknown,FOLLOWING TOO CLOSELY,FAIRFAX & OLD SR 37 HWY,39.26708923,-86.531198
2006,4,4,Weekday,2200,1-Car,Non-incapacitating,ANIMAL/OBJECT IN ROADWAY,SAMPLE & SR37N,39.26698347,-86.52278848
2006,4,3,Weekday,1600,2-Car,Non-incapacitating,FOLLOWING TOO CLOSELY,SR 46 & STINESVILLE,39.26685652,-86.66571512
2006,8,7,Weekend,1300,2-Car,No injury/unknown,FAILURE TO YIELD RIGHT OF WAY,SR 46 & STINESVILLE,39.266752,-86.6656
2006,10,3,Weekday,2000,2-Car,No injury/unknown,OTHER TELEMATICS IN USE,SAMPLE & SR37,39.26616,-86.522752
2006,6,4,Weekday,700,1-Car,Non-incapacitating,OTHER (DRIVER) - EXPLAIN IN NARRATIVE,E SAMPLE RD & SR 37,39.26616,-86.522752
2006,2,7,Weekend,1100,2-Car,No injury/unknown,OTHER (DRIVER) - EXPLAIN IN NARRATIVE,SAMPLE RD & SR 37,39.26616,-86.522752
2006,11,1,Weekday,2200,2-Car,No injury/unknown,FAILURE TO YIELD RIGHT OF WAY,SAMPLE ROAD & SR37S,39.26616,-86.522752
2006,6,4,Weekday,1300,2-Car,No injury/unknown,DRIVER DISTRACTED - EXPLAIN IN NARRATIVE,SAMPLE RD & SR37,39.26597207,-86.52286248
2006,11,4,Weekday,1000,1-Car,Non-incapacitating,NONE (DRIVER),SAMPLE RD & SR37,39.26502513,-86.51791945
2006,1,7,Weekend,800,2-Car,Non-incapacitating,FAILURE TO YIELD RIGHT OF WAY,SAMPLE & SR37,39.26478779,-86.52270299
2006,7,5,Weekday,1300,1-Car,Non-incapacitating,DRIVER ILLNESS,SAMPLE & SR37,39.26465,-86.52269807
2006,8,2,Weekday,1700,2-Car,Non-incapacitating,FOLLOWING TOO CLOSELY,SR 37 & WAYPORT,39.26329844,-86.5226498
2006,11,3,Weekday,900,2-Car,Non-incapacitating,FAILURE TO YIELD RIGHT OF WAY,SR 37 & WAYFORT,39.26307891,-86.52264196
2006,9,7,Weekend,1500,2-Car,No injury/unknown,FOLLOWING TOO CLOSELY,SR37 & WAYPORT,39.263024,-86.52264
2006,7,4,Weekday,1600,1-Car,Non-incapacitating,NONE (DRIVER),SR37 & WAYPORT,39.263024,-86.52264
2006,7,7,Weekend,2300,Moped/Motorcycle,Non-incapacitating,FAILURE TO YIELD RIGHT OF WAY,SR 37 & WAYPORT,39.263024,-86.52264
2006,1,2,Weekday,100,1-Car,No injury/unknown,ANIMAL/OBJECT IN ROADWAY,SIMPSON CHAPEL & SR37,39.26286547,-86.52263366
2006,5,7,Weekend,1500,2-Car,No injury/unknown,UNSAFE BACKING,N WAYPORT RD,39.26128885,-86.52247292
2006,12,4,Weekday,1800,1-Car,Non-incapacitating,OTHER (DRIVER) - EXPLAIN IN NARRATIVE,CHAFIN CHAPEL & SR 46,39.26050125,-86.65792179
2006,2,7,Weekend,1600,2-Car,No injury/unknown,OTHER (DRIVER) - EXPLAIN IN NARRATIVE,WAYPORT RD,39.26,-86.522756
2006,5,5,Weekday,1700,2-Car,No injury/unknown,UNSAFE BACKING,MARKET ST & MAYBURY MALL,39.25978992,-86.580899
2006,4,3,Weekday,2200,Moped/Motorcycle,Non-incapacitating,NONE (DRIVER),CHAFFIN CHAPEL & SR46,39.25958925,-86.65740782
2006,12,6,Weekday,800,1-Car,Non-incapacitating,ANIMAL/OBJECT IN ROADWAY,CHAFIN CHAPEL & SR 46,39.25958925,-86.65758113
2006,11,2,Weekday,1400,1-Car,No injury/unknown,DRIVER ASLEEP OR FATIGUED,CHAFIN CHAPEL & SR46,39.25923114,-86.65725092
2006,12,7,Weekend,1800,2-Car,Non-incapacitating,OVERCORRECTING/OVERSTEERING,OLD STATE ROAD 37 & SAMPLE RD,39.25884886,-86.50462726
2006,11,6,Weekend,2000,2-Car,Non-incapacitating,SPEED TOO FAST FOR WEATHER CONDITIONS,OLD SR 37 & SAMPLE,39.25868807,-86.5029618
2006,11,2,Weekday,1900,1-Car,Non-incapacitating,SPEED TOO FAST FOR WEATHER CONDITIONS,LOST MANS & MAPLE GROVE RD,39.258624,-86.568352
2006,8,2,Weekday,1600,2-Car,No injury/unknown,FAILURE TO YIELD RIGHT OF WAY,2ND & COLLEGE MALL RD,39.25816609,-86.497996
2006,8,3,Weekday,300,1-Car,No injury/unknown,ANIMAL/OBJECT IN ROADWAY,COWDEN RD & DELAP,39.25464353,-86.59314473
2006,7,6,Weekday,1700,1-Car,No injury/unknown,SPEED TOO FAST FOR WEATHER CONDITIONS,COWDEN & DELAP RD,39.25414712,-86.59239743
2006,9,5,Weekday,2100,1-Car,Non-incapacitating,OVERCORRECTING/OVERSTEERING,ROBINSON & ROBINSON RD,39.25386519,-86.45616595
2006,4,6,Weekend,2000,Moped/Motorcycle,No injury/unknown,FAILURE TO YIELD RIGHT OF WAY,COWDEN & MT TABOR RD,39.253703,-86.6206
2006,5,2,Weekday,1300,2-Car,No injury/unknown,FAILURE TO YIELD RIGHT OF WAY,SOUTH SHORE & TUNNEL RD,39.253104,-86.416528
2006,2,7,Weekend,500,1-Car,No injury/unknown,,FLATWOOD & SR46,39.252448,-86.653904
2006,1,3,Weekday,2200,1-Car,No injury/unknown,OTHER (DRIVER) - EXPLAIN IN NARRATIVE,FLATWOODS & SR 46,39.252448,-86.653904
2006,1,7,Weekend,2200,3+ Cars,No injury/unknown,OTHER (VEHICLE) - EXPLAIN IN NARRATIVE,ELLIS & SR 37,39.25189829,-86.532899
2006,10,2,Weekday,1600,2-Car,Non-incapacitating,FOLLOWING TOO CLOSELY,FLATWOODS & SR46,39.25182583,-86.65320602
2006,12,5,Weekday,800,1-Car,No injury/unknown,RAN OFF ROAD RIGHT,S SHORE RD RD & S SHUFFLE CREEK RD,39.251536,-86.400816
2006,6,7,Weekend,1500,2-Car,Non-incapacitating,FAILURE TO YIELD RIGHT OF WAY,SR46,39.2512,-86.652504
2006,7,6,Weekday,300,1-Car,Non-incapacitating,ALCOHOLIC BEVERAGES,SR46,39.2512,-86.652504
2006,4,3,Weekday,500,2-Car,No injury/unknown,FAILURE TO YIELD RIGHT OF WAY,SR 46,39.2512,-86.652504
2006,1,3,Weekday,1500,2-Car,No injury/unknown,FAILURE TO YIELD RIGHT OF WAY,SR46,39.2512,-86.652504
2006,10,2,Weekday,0,1-Car,No injury/unknown,ANIMAL/OBJECT IN ROADWAY,CURRY PIKE & SR 46,39.2512,-86.652504
2006,10,4,Weekday,2200,1-Car,Non-incapacitating,OVERCORRECTING/OVERSTEERING,MILLER & ROBINSON RD,39.251056,-86.469904
2006,10,3,Weekday,2200,2-Car,Non-incapacitating,UNSAFE SPEED,HARVEST  LANE & UNION VALLEY RD,39.250976,-86.592808
2006,11,6,Weekend,2100,2-Car,Non-incapacitating,FAILURE TO YIELD RIGHT OF WAY,NESTLEDOWN  DRIVE & UNION VALLEY RD,39.250976,-86.592808
2006,1,4,Weekday,900,1-Car,Non-incapacitating,SPEED TOO FAST FOR WEATHER CONDITIONS,SR 37 & WALNUT,39.250688,-86.529744
2006,10,6,Weekday,1600,2-Car,No injury/unknown,OTHER (DRIVER) - EXPLAIN IN NARRATIVE,WALNUT ST & WALNUT STREET,39.250688,-86.529744
2006,5,6,Weekend,2100,2-Car,No injury/unknown,HEADLIGHT DEFECTIVE OR NOT ON,WALNUT ST & WALNUT STREET,39.25032615,-86.5299973
2006,11,3,Weekday,2300,1-Car,No injury/unknown,ANIMAL/OBJECT IN ROADWAY,FLATWOODS & SR46,39.25025793,-86.65144718
2006,9,1,Weekend,200,1-Car,No injury/unknown,RAN OFF ROAD RIGHT,HUDOFF & ROBINSON RD,39.24742298,-86.4612356
2006,8,3,Weekday,1500,2-Car,Non-incapacitating,FAILURE TO YIELD RIGHT OF WAY,ELLIS & SR 37,39.2466,-86.532899
2006,7,6,Weekend,2200,2-Car,Non-incapacitating,ILLEGAL DRUGS,RED HILL RD & SR46,39.245744,-86.636896
2006,2,1,Weekend,1600,1-Car,No injury/unknown,RAN OFF ROAD RIGHT,MAPLE & MATTHEWS RD,39.24554473,-86.62041643
2006,4,3,Weekday,1200,2-Car,No injury/unknown,FAILURE TO YIELD RIGHT OF WAY,N MAPLE GROVE & N MATTHEWS RD,39.245408,-86.6204
2006,6,5,Weekday,1000,2-Car,No injury/unknown,IMPROPER PASSING,MAPLE GROVE & UNION VALLEY RD,39.24474651,-86.59279996
2006,4,3,Weekday,1500,2-Car,Non-incapacitating,OTHER (DRIVER) - EXPLAIN IN NARRATIVE,RIDGE SPRINGS & SR46,39.24104,-86.632096
2006,10,2,Weekday,1200,Moped/Motorcycle,Non-incapacitating,RAN OFF ROAD RIGHT,RICHARDSON & SR45,39.23984,-86.387696
2006,9,1,Weekend,1100,Moped/Motorcycle,No injury/unknown,LEFT OF CENTER,RICHARDSON & SR45,39.23977733,-86.38753808
2006,12,4,Weekday,1000,2-Car,Non-incapacitating,FAILURE TO YIELD RIGHT OF WAY,RIDGESPRINGS & TEMPERANCE,39.239404,-86.63031437
2006,8,6,Weekday,500,1-Car,Non-incapacitating,UNSAFE SPEED,MAIN & TEMPERANCE ST,39.238848,-86.630096
2006,2,3,Weekday,1500,1-Car,No injury/unknown,UNSAFE SPEED,BOLTING HOUSE & EARL YOUND,39.23824414,-86.473399
2006,9,7,Weekend,1400,Moped/Motorcycle,Non-incapacitating,RAN OFF ROAD RIGHT,RICHARDSON & SR45,39.23814347,-86.3721914
2006,5,4,Weekday,1900,2-Car,No injury/unknown,FAILURE TO YIELD RIGHT OF WAY,TEMPERANCE,39.238104,-86.629728
2006,6,6,Weekday,1800,2-Car,No injury/unknown,FAILURE TO YIELD RIGHT OF WAY,MCNEELY ST & SHELLY,39.2376,-86.602398
2006,11,4,Weekday,1100,2-Car,No injury/unknown,FAILURE TO YIELD RIGHT OF WAY,MC NEELEY & UNION VALLEY RD,39.23744,-86.592752
2006,9,5,Weekday,1600,1-Car,Non-incapacitating,RAN OFF ROAD RIGHT,LENTZ & NEHRT RD,39.23712,-86.463408
2006,11,5,Weekday,1400,Bus,No injury/unknown,PEDESTRIAN ACTION,EDGEWOOD DR,39.2364,-86.631248
2006,6,4,Weekday,2100,2-Car,No injury/unknown,UNSAFE BACKING,LAW & LAW LN,39.23632404,-86.513148
2006,9,6,Weekday,1000,2-Car,Non-incapacitating,FAILURE TO YIELD RIGHT OF WAY,EDGEWOOD & SR46,39.236288,-86.628336
2006,5,2,Weekday,700,2-Car,Non-incapacitating,FAILURE TO YIELD RIGHT OF WAY,ASSOCIATION & EDGEWOOD DR,39.235952,-86.629696
2006,3,2,Weekday,700,2-Car,Non-incapacitating,FAILURE TO YIELD RIGHT OF WAY,ASSOCIATION & EDGEWOOD DR,39.235952,-86.629696
2006,8,3,Weekday,1900,2-Car,No injury/unknown,OTHER (DRIVER) - EXPLAIN IN NARRATIVE,ASSOCIATION & EDGEWOOD DR,39.235952,-86.629696
2006,11,3,Weekday,2200,2-Car,No injury/unknown,LEFT OF CENTER,MAIN ST & MATTEWS,39.23574389,-86.62462585
2006,1,2,Weekday,1100,2-Car,No injury/unknown,UNSAFE SPEED,CHANDLER DR & LANGLEY,39.23503897,-86.61465832
2006,7,2,Weekday,2100,1-Car,No injury/unknown,DRIVER DISTRACTED - EXPLAIN IN NARRATIVE,MAIN ST & SALE,39.234944,-86.623392
2006,5,4,Weekday,1700,2-Car,No injury/unknown,FAILURE TO YIELD RIGHT OF WAY,CHANDLER & RENEE,39.23488,-86.616736
2006,5,2,Weekday,1000,2-Car,Non-incapacitating,FAILURE TO YIELD RIGHT OF WAY,MATTHEWS & SR46,39.234768,-86.626384
2006,12,7,Weekend,1100,2-Car,Non-incapacitating,FAILURE TO YIELD RIGHT OF WAY,MATHEWS & SR 46,39.234768,-86.626384
2006,5,1,Weekend,1600,2-Car,Non-incapacitating,FAILURE TO YIELD RIGHT OF WAY,MATTHEWS & SR46,39.234768,-86.626384
2006,5,7,Weekend,1300,2-Car,Non-incapacitating,FAILURE TO YIELD RIGHT OF WAY,MATTHEWS & SR46,39.234768,-86.626384
2006,7,2,Weekday,1900,2-Car,No injury/unknown,FOLLOWING TOO CLOSELY,MATHEWS & SR46,39.234768,-86.626384
2006,9,6,Weekday,1800,2-Car,No injury/unknown,FAILURE TO YIELD RIGHT OF WAY,MATTHEWS & SR46,39.234768,-86.626384
2006,6,4,Weekday,1600,2-Car,No injury/unknown,OTHER (DRIVER) - EXPLAIN IN NARRATIVE,MATTHEWS & TEMPERANCE ST,39.234768,-86.626384
2006,9,7,Weekend,1200,1-Car,No injury/unknown,BRAKE FAILURE OR DEFECTIVE,MAIN ST & SALE,39.23464898,-86.6230205
2006,9,3,Weekday,2200,2-Car,No injury/unknown,FAILURE TO YIELD RIGHT OF WAY,MATTEWS & TEMPERANCE,39.234602,-86.625998
2006,6,6,Weekday,800,2-Car,No injury/unknown,VIEW OBSTRUCTED,CHANDLER & RENEE DR,39.23441576,-86.61635687
2006,3,1,Weekend,1500,2-Car,Non-incapacitating,FAILURE TO YIELD RIGHT OF WAY,N WALNUT ST,39.234392,-86.54
2006,9,6,Weekend,2000,2-Car,No injury/unknown,FAILURE TO YIELD RIGHT OF WAY,SALE ST & VIRE,39.23434488,-86.62407222
2006,5,7,Weekend,900,1-Car,Non-incapacitating,UNSAFE BACKING,SALE ST & SR46,39.23404306,-86.6244651
2006,10,5,Weekday,1400,1-Car,No injury/unknown,SPEED TOO FAST FOR WEATHER CONDITIONS,CHANDLER DR & MAIN,39.23397998,-86.62167561
2006,10,5,Weekday,1400,2-Car,Non-incapacitating,FAILURE TO YIELD RIGHT OF WAY,SALE ST & TEMPERANCE,39.23387046,-86.62466817
2006,12,3,Weekday,1300,2-Car,Non-incapacitating,FAILURE TO YIELD RIGHT OF WAY,SALE & SR 46,39.23384,-86.624704
2006,7,7,Weekend,900,2-Car,Non-incapacitating,IMPROPER TURNING,SALE & SR46,39.23384,-86.624704
2006,11,7,Weekend,2200,2-Car,No injury/unknown,DISREGARD SIGNAL/REG SIGN,SALE & TEMPERANCE,39.23384,-86.624704
2006,11,1,Weekend,1200,2-Car,Non-incapacitating,IMPROPER TURNING,SALE & SR46,39.23370296,-86.6245053
2006,7,2,Weekday,1900,2-Car,No injury/unknown,DISREGARD SIGNAL/REG SIGN,SALE & SR46,39.23365728,-86.62443906
2006,5,4,Weekday,500,2-Car,Non-incapacitating,IMPROPER LANE USAGE,SALE & SR46,39.23291887,-86.62338823
2006,12,1,Weekday,2000,1-Car,Non-incapacitating,ALCOHOLIC BEVERAGES,DOVER CLIFFS DR & PADDINGTON,39.232736,-86.612928
2006,9,6,Weekday,1700,2-Car,No injury/unknown,FAILURE TO YIELD RIGHT OF WAY,SR46 & THIRD,39.232688,-86.623056
2006,8,1,Weekend,1200,Pedestrian,Incapacitating,UNSAFE BACKING,N WALNUT ST,39.232544,-86.540704