Year,Month,Day,Weekend?,Hour,Collision Type,Injury Type,Primary Factor,Reported_Location,Latitude,Longitude
2006,11,4,Weekday,700,2-Car,Non-incapacitating,UNSAFE BACKING,N WALNUT ST,39.232544,-86.540704
2006,11,4,Weekday,1800,2-Car,No injury/unknown,FAILURE TO YIELD RIGHT OF WAY,SECOND & TEMPERANCE ST,39.232064,-86.622176
2006,4,1,Weekday,2100,1-Car,Non-incapacitating,NONE (DRIVER),SHUFFLE CREEK & SR45,39.23204809,-86.39906062
2006,10,7,Weekend,800,1-Car,No injury/unknown,OTHER (ENVIRONMENTAL) - EXPLAIN IN NARR,OLD MEYERS & OLD SR 37,39.231936,-86.506288
2006,9,3,Weekday,200,1-Car,No injury/unknown,UNSAFE SPEED,CHURCH & RAMP CREEK RD,39.23174768,-86.484699
2006,2,1,Weekend,1400,1-Car,Non-incapacitating,OVERCORRECTING/OVERSTEERING,GILMORE & REEVES RD,39.23164167,-86.67058614
2006,5,4,Weekday,1500,1-Car,No injury/unknown,RAN OFF ROAD RIGHT,SR45 & TUNNEL RD,39.23155421,-86.43246233
2006,2,1,Weekend,1100,2-Car,No injury/unknown,FAILURE TO YIELD RIGHT OF WAY,REEVES RD & STARNES,39.231536,-86.6588
2006,3,4,Weekday,0,1-Car,Non-incapacitating,SPEED TOO FAST FOR WEATHER CONDITIONS,REEVES RD & STARNES,39.23152347,-86.65702532
2006,9,7,Weekend,900,1-Car,No injury/unknown,RAN OFF ROAD RIGHT,TANGLEWOOD & UNION VALLEY,39.231501,-86.5896787
2006,6,1,Weekend,1400,2-Car,No injury/unknown,DISREGARD SIGNAL/REG SIGN,2ND & ASSOCIATION,39.231424,-86.622944
2006,2,5,Weekday,800,2-Car,No injury/unknown,FAILURE TO YIELD RIGHT OF WAY,REEVES RD & SYCAMORE,39.231344,-86.640096
2006,6,6,Weekday,1700,2-Car,No injury/unknown,DRIVER DISTRACTED - EXPLAIN IN NARRATIVE,MARY & REEVES RD,39.231312,-86.636704
2006,6,2,Weekday,1500,2-Car,Non-incapacitating,ROADWAY SURFACE CONDITION,RAUBS & REEVES RD,39.231268,-86.63530804
2006,4,7,Weekend,900,2-Car,Non-incapacitating,FAILURE TO YIELD RIGHT OF WAY,1ST & SR46W,39.23106838,-86.62077339
2006,9,5,Weekday,1800,1-Car,Non-incapacitating,RAN OFF ROAD RIGHT,SALE & THOMAS RD,39.23087948,-86.63075697
2006,6,7,Weekend,1200,2-Car,Non-incapacitating,FAILURE TO YIELD RIGHT OF WAY,MT GILEAD & SR45,39.23075225,-86.42406069
2006,3,5,Weekday,1300,3+ Cars,Non-incapacitating,FAILURE TO YIELD RIGHT OF WAY,BRUMMETTS CREEK & SR45S,39.230544,-86.42
2006,7,1,Weekend,1000,Cyclist,Non-incapacitating,IMPROPER PASSING,BRUMMETTS CREEK & SR45S,39.230544,-86.42
2006,10,6,Weekday,1000,2-Car,No injury/unknown,IMPROPER TURNING,FIRST & TEMPERANCE ST,39.23051334,-86.61999286
2006,8,7,Weekend,900,Moped/Motorcycle,Non-incapacitating,OTHER (DRIVER) - EXPLAIN IN NARRATIVE,SR 45 & TUNNEL,39.23002729,-86.4316233
2006,11,7,Weekend,1100,1-Car,Non-incapacitating,NONE (DRIVER),GLENN ELLEN & MAPLE GRV,39.22995852,-86.57246846
2006,1,5,Weekday,1300,Moped/Motorcycle,Non-incapacitating,OTHER (DRIVER) - EXPLAIN IN NARRATIVE,PAUL & SR46,39.22981269,-86.61900411
2006,11,6,Weekday,1600,2-Car,Non-incapacitating,FAILURE TO YIELD RIGHT OF WAY,1ST ST & RITTER,39.229424,-86.623584
2006,3,5,Weekday,1500,Moped/Motorcycle,Non-incapacitating,FAILURE TO YIELD RIGHT OF WAY,FIRST ST & RITTER,39.229424,-86.623584
2006,11,2,Weekday,1800,1-Car,No injury/unknown,RAN OFF ROAD RIGHT,PARK & SR46,39.22911295,-86.61809764
2006,2,1,Weekday,2300,2-Car,Non-incapacitating,ALCOHOLIC BEVERAGES,BRUMMETTS CREEK & SR45,39.22823084,-86.41836647
2006,10,7,Weekend,1800,Moped/Motorcycle,Fatal,UNSAFE SPEED,SR46 & TEMPERANCE,39.226352,-86.614192
2006,6,1,,,2-Car,No injury/unknown,LEFT OF CENTER,SR 45 & TUNNEL,39.22526814,-86.43986113
2006,8,6,Weekday,1200,2-Car,No injury/unknown,IMPROPER TURNING,LIBERTY DR & SR45,39.22427806,-86.57776354
2006,10,4,Weekday,1300,1-Car,No injury/unknown,ROADWAY SURFACE CONDITION,LOSTMANS LN & MAPLE GROVE,39.222944,-86.573696
2006,5,2,Weekday,1900,2-Car,No injury/unknown,UNSAFE BACKING,N KINSER PIKE,39.222752,-86.550096
2006,5,7,Weekend,800,2-Car,No injury/unknown,OTHER (VEHICLE) - EXPLAIN IN NARRATIVE,N KINSER PIKE,39.222752,-86.550096
2006,6,4,Weekday,1300,2-Car,No injury/unknown,UNSAFE BACKING,N KINSER PIKE,39.222752,-86.550096
2006,11,5,Weekday,1200,2-Car,No injury/unknown,OTHER (DRIVER) - EXPLAIN IN NARRATIVE,N KINSER PIKE,39.222752,-86.550096
2006,12,5,Weekday,1300,2-Car,No injury/unknown,FOLLOWING TOO CLOSELY,OLD SR 37 & WHISNAND,39.222544,-86.5172
2006,8,4,Weekday,1900,2-Car,No injury/unknown,FAILURE TO YIELD RIGHT OF WAY,LAKEVIEW & SR46,39.22250933,-86.60533478
2006,12,1,Weekend,0,1-Car,No injury/unknown,CELL PHONE USAGE,E CHESTER DR & TECUMSEH,39.221952,-86.626352
2006,12,6,Weekday,800,2-Car,Non-incapacitating,FAILURE TO YIELD RIGHT OF WAY,LAKEVIEW & SR 46,39.22165055,-86.60644751
2006,2,3,Weekday,1200,2-Car,Non-incapacitating,FAILURE TO YIELD RIGHT OF WAY,LAKEVIEW & SR46,39.22140127,-86.60602375
2006,3,4,Weekday,1400,2-Car,Non-incapacitating,FAILURE TO YIELD RIGHT OF WAY,LAKEVIEW & SR46,39.22131818,-86.6058825
2006,9,3,Weekday,1700,2-Car,No injury/unknown,FOLLOWING TOO CLOSELY,LAKEVIEW & SR46,39.22123509,-86.60574125
2006,10,3,Weekday,1900,2-Car,Non-incapacitating,NONE (DRIVER),LAKEVIEW & SR46,39.221152,-86.6056
2006,4,6,Weekday,600,2-Car,No injury/unknown,FAILURE TO YIELD RIGHT OF WAY,LAKEVIEW & SR46,39.221152,-86.6056
2006,6,3,Weekday,1700,2-Car,No injury/unknown,LEFT OF CENTER,BOLTINGHOUSE & OLD MEYERS,39.22108911,-86.4727332
2006,5,4,Weekday,1800,2-Car,Non-incapacitating,FAILURE TO YIELD RIGHT OF WAY,KINSER PIKE,39.220907,-86.548765
2006,10,2,Weekday,2100,1-Car,Non-incapacitating,UNSAFE SPEED,HARBISON & HARTSTRAIGHT RD,39.22080716,-86.61217784
2006,11,6,Weekday,600,1-Car,Non-incapacitating,OTHER (DRIVER) - EXPLAIN IN NARRATIVE,LAKEVIEW & SR46,39.22068187,-86.60495357
2006,8,5,Weekday,1200,2-Car,No injury/unknown,SPEED TOO FAST FOR WEATHER CONDITIONS,COX & SR 45,39.220544,-86.442288
2006,11,7,Weekend,1800,1-Car,No injury/unknown,ANIMAL/OBJECT IN ROADWAY,KINSER & SR37,39.21954395,-86.55114447
2006,1,3,Weekday,1700,2-Car,No injury/unknown,UNSAFE BACKING,LINGLEBACH LN & UNION,39.21951138,-86.512494
2006,9,1,Weekend,1600,1-Car,Non-incapacitating,DRIVER ASLEEP OR FATIGUED,SR45 & VIKING RIDGE,39.21949604,-86.44600972
2006,10,6,Weekend,2100,2-Car,Non-incapacitating,LEFT OF CENTER,RUSSELL  ROAD & SR  45,39.21936967,-86.44920774
2006,4,2,Weekday,1400,1-Car,Non-incapacitating,OTHER (DRIVER) - EXPLAIN IN NARRATIVE,SR45,39.21936967,-86.44920774
2006,10,2,Weekday,1400,1-Car,No injury/unknown,RAN OFF ROAD RIGHT,DUNN & N OLD 37 RTE,39.21858616,-86.528699
2006,4,7,Weekend,1000,2-Car,No injury/unknown,FAILURE TO YIELD RIGHT OF WAY,N RIDGEWOOD & SR 46,39.217248,-86.598992
2006,2,7,Weekend,1900,2-Car,Non-incapacitating,FAILURE TO YIELD RIGHT OF WAY,RIDGEWOOD & SR46,39.217248,-86.598992
2006,2,4,Weekday,2000,2-Car,No injury/unknown,FAILURE TO YIELD RIGHT OF WAY,RIDGEWOOD & SR46E,39.217248,-86.598992
2006,12,3,Weekday,500,1-Car,No injury/unknown,RAN OFF ROAD RIGHT,RATLIFF RD & STARNES,39.216702,-86.6475703
2006,8,4,Weekday,1600,2-Car,Non-incapacitating,FAILURE TO YIELD RIGHT OF WAY,SR46W & UNION VALLEY,39.21600765,-86.5928
2006,10,7,Weekend,900,2-Car,No injury/unknown,LEFT OF CENTER,SHADOWOOD & WHITE RIVER DR,39.2159,-86.586499
2006,5,7,Weekend,1100,2-Car,No injury/unknown,FAILURE TO YIELD RIGHT OF WAY,SR 46 & UNION VALLEY,39.21539479,-86.59351487
2006,11,5,Weekday,2100,1-Car,No injury/unknown,ANIMAL/OBJECT IN ROADWAY,BETHEL & OLD STATE 37 RD,39.215344,-86.521392
2006,12,1,Weekend,1800,3+ Cars,Non-incapacitating,FAILURE TO YIELD RIGHT OF WAY,SR 46 & UNION VALLEY,39.21520718,-86.59296247
2006,6,4,Weekday,1300,2-Car,No injury/unknown,FAILURE TO YIELD RIGHT OF WAY,SR46 & UNION,39.215152,-86.5928
2006,4,6,Weekday,1200,2-Car,Non-incapacitating,FAILURE TO YIELD RIGHT OF WAY,SR46 & UNION VALLEY RD,39.215152,-86.5928
2006,8,2,Weekday,1900,2-Car,No injury/unknown,OTHER (DRIVER) - EXPLAIN IN NARRATIVE,SR 46 & UNION VALLEY,39.215152,-86.5928
2006,1,6,Weekday,800,2-Car,No injury/unknown,FAILURE TO YIELD RIGHT OF WAY,SR46 & UNION VALLEY,39.215152,-86.5928
2006,2,1,Weekend,1400,3+ Cars,Non-incapacitating,FAILURE TO YIELD RIGHT OF WAY,BRAIR GATE & SR 46,39.215088,-86.59271467
2006,1,3,Weekday,1200,2-Car,No injury/unknown,LEFT OF CENTER,COLLEGE AVE & SR 37,39.21493839,-86.534599
2006,8,3,Weekday,700,2-Car,Non-incapacitating,LEFT OF CENTER,ASHBROOK & RIDGEMOOR CT,39.214784,-86.586432
2006,2,7,Weekend,900,1-Car,No injury/unknown,RAN OFF ROAD RIGHT,BETHEL LN & ROBS,39.214752,-86.472896
2006,6,6,Weekday,1600,1-Car,Non-incapacitating,ALCOHOLIC BEVERAGES,SR46 & UNION,39.21421656,-86.59150766
2006,5,4,Weekday,800,1-Car,Non-incapacitating,NONE (DRIVER),N LOUDEN RD & W RATLIFF,39.21381312,-86.639807
2006,8,6,Weekday,1600,1-Car,Non-incapacitating,ALCOHOLIC BEVERAGES,OLD RICHARDSON & SR 46,39.21381161,-86.591766
2006,8,7,Weekend,100,1-Car,No injury/unknown,RAN OFF ROAD RIGHT,BETHEL LN & SR45,39.21344947,-86.46493232
2006,10,7,Weekend,1200,Moped/Motorcycle,Non-incapacitating,FAILURE TO YIELD RIGHT OF WAY,BETHEL LN & HINKLE,39.213386,-86.50647133
2006,3,1,Weekday,2100,1-Car,Non-incapacitating,OTHER (DRIVER) - EXPLAIN IN NARRATIVE,BAUGH & BETHEL LN,39.212944,-86.486896
2006,8,3,Weekday,1700,2-Car,Non-incapacitating,FAILURE TO YIELD RIGHT OF WAY,BETHEL LN & HINKLE,39.212848,-86.505392
2006,12,3,Weekday,1500,2-Car,No injury/unknown,FAILURE TO YIELD RIGHT OF WAY,SR 46 & UNION VALLEY,39.21252895,-86.58868655
2006,10,5,Weekday,1600,2-Car,Non-incapacitating,OTHER (DRIVER) - EXPLAIN IN NARRATIVE,DEER PARK & SR46,39.21220688,-86.58769107
2006,11,5,Weekday,700,2-Car,No injury/unknown,FAILURE TO YIELD RIGHT OF WAY,FOREST PARK & SR46E,39.21193983,-86.58687548
2006,2,2,Weekday,1700,2-Car,Non-incapacitating,FAILURE TO YIELD RIGHT OF WAY,DEER PARK & SR46,39.21188575,-86.58671322
2006,2,7,Weekend,1900,1-Car,No injury/unknown,ANIMAL/OBJECT IN ROADWAY,ACUFF & SR37N,39.21095173,-86.55414369
2006,3,4,Weekday,1100,1-Car,No injury/unknown,ANIMAL/OBJECT IN ROADWAY,SMITH & SR 46,39.21064049,-86.58404939
2006,1,6,Weekday,1600,3+ Cars,No injury/unknown,FOLLOWING TOO CLOSELY,SMITH & SR 46,39.2103095,-86.58348313
2006,3,4,Weekday,1800,2-Car,No injury/unknown,IMPROPER LANE USAGE,SMITH & SR 46,39.21022675,-86.58334157
2006,5,3,Weekday,1700,2-Car,Non-incapacitating,ALCOHOLIC BEVERAGES,N SMITH PIKE & SR46,39.210177,-86.58325645
2006,8,5,Weekday,1400,2-Car,Non-incapacitating,FAILURE TO YIELD RIGHT OF WAY,SMITH PIKE & SR46,39.210144,-86.5832
2006,10,7,Weekend,1900,2-Car,Non-incapacitating,FAILURE TO YIELD RIGHT OF WAY,SMITH & SR46,39.210144,-86.5832
2006,12,1,Weekend,1500,2-Car,No injury/unknown,FAILURE TO YIELD RIGHT OF WAY,BETHEL LN & SR45,39.21008923,-86.46339643
2006,9,2,Weekday,1900,2-Car,No injury/unknown,FOLLOWING TOO CLOSELY,BETHEL LN & SR45,39.209952,-86.463392
2006,10,2,Weekday,1200,2-Car,No injury/unknown,OTHER (DRIVER) - EXPLAIN IN NARRATIVE,BETHEL & SR45,39.209952,-86.463392
2006,6,2,Weekday,1700,2-Car,Non-incapacitating,OTHER (DRIVER) - EXPLAIN IN NARRATIVE,SMITH PIKE & SR46,39.20993809,-86.5832
2006,6,3,Weekday,1500,Moped/Motorcycle,Non-incapacitating,OTHER (DRIVER) - EXPLAIN IN NARRATIVE,SMITH & SR46W,39.20988362,-86.58278962
2006,5,3,Weekday,1400,1-Car,No injury/unknown,OTHER (DRIVER) - EXPLAIN IN NARRATIVE,STATE ROAD 46 HWY,39.20968,-86.582375
2006,1,6,Weekday,1200,2-Car,No injury/unknown,OTHER (DRIVER) - EXPLAIN IN NARRATIVE,SMITH PIKE & SR46,39.20945763,-86.5832
2006,2,4,Weekday,2300,2-Car,No injury/unknown,ALCOHOLIC BEVERAGES,SMITH RD & SR 46,39.2094,-86.583199
2006,7,3,Weekday,1500,3+ Cars,Incapacitating,IMPROPER TURNING,SMITH & SR46,39.20925937,-86.58184343
2006,10,2,Weekday,1600,2-Car,No injury/unknown,FAILURE TO YIELD RIGHT OF WAY,SMITH & WOODYARD  ROAD,39.209144,-86.5832
2006,2,4,Weekday,1700,3+ Cars,Non-incapacitating,FOLLOWING TOO CLOSELY,SMITH PIKE,39.209144,-86.5832
2006,5,2,Weekday,1800,3+ Cars,Non-incapacitating,FOLLOWING TOO CLOSELY,SR37N & VERNAL,39.20911136,-86.5609886
2006,12,3,Weekday,900,1-Car,No injury/unknown,RAN OFF ROAD RIGHT,ACUFF & SR 37,39.20878221,-86.55459197
2006,2,7,Weekend,900,1-Car,No injury/unknown,NONE (DRIVER),ARLINGOTN & SR 46,39.20854763,-86.58076857
2006,11,4,Weekday,2000,2-Car,Non-incapacitating,FAILURE TO YIELD RIGHT OF WAY,HARTSTRAIGHT & WOODYARD,39.208544,-86.611504
2006,10,4,Weekday,1100,2-Car,No injury/unknown,LEFT OF CENTER,ACUFF RD & SR37,39.20824,-86.55541367
2006,5,6,Weekday,1600,2-Car,Non-incapacitating,ROADWAY SURFACE CONDITION,ACUFF RD & SR37,39.20824,-86.55417175
2006,8,5,Weekday,1600,2-Car,Non-incapacitating,SPEED TOO FAST FOR WEATHER CONDITIONS,ACUFF RD & SR37,39.20824,-86.554704
2006,9,2,Weekday,1200,2-Car,No injury/unknown,OTHER (ENVIRONMENTAL) - EXPLAIN IN NARR,ARLINGTON & SR46,39.20824,-86.580208
2006,8,5,Weekday,1700,Moped/Motorcycle,Non-incapacitating,NONE (DRIVER),ARLINGTON & SR 46,39.20824,-86.58027897
2006,4,7,Weekend,1600,2-Car,Non-incapacitating,FAILURE TO YIELD RIGHT OF WAY,ARLINGTON & SR46,39.20824,-86.580208
2006,1,3,Weekday,2200,2-Car,No injury/unknown,DISREGARD SIGNAL/REG SIGN,ARLINGTON & SR46,39.20824,-86.580208
2006,4,3,Weekday,1500,2-Car,No injury/unknown,DRIVER DISTRACTED - EXPLAIN IN NARRATIVE,ARLINGTON RD & SR46W,39.20824,-86.580208
2006,5,3,Weekday,1400,Bus,Non-incapacitating,FAILURE TO YIELD RIGHT OF WAY,ACUFF & SR37N,39.20824,-86.554704
2006,4,3,Weekday,1200,2-Car,No injury/unknown,OTHER (DRIVER) - EXPLAIN IN NARRATIVE,HARTSTRAIGHT & W RATLIFF,39.208202,-86.607198
2006,12,3,Weekday,1800,1-Car,No injury/unknown,ANIMAL/OBJECT IN ROADWAY,ARLINGTON & SR46W,39.20816713,-86.57879898
2006,5,4,Weekday,1600,2-Car,No injury/unknown,SPEED TOO FAST FOR WEATHER CONDITIONS,SR46 & UNION VALLEY,39.20812736,-86.57803004
2006,12,3,Weekday,1800,2-Car,Non-incapacitating,DRIVER DISTRACTED - EXPLAIN IN NARRATIVE,ARLINGTON & SR46W,39.2080578,-86.57668546
2006,10,5,Weekday,1200,1-Car,No injury/unknown,ROADWAY SURFACE CONDITION,DUNN & N OLD STATE ROAD 37 ST,39.208048,-86.528704
2006,1,6,Weekday,1200,1-Car,Non-incapacitating,SPEED TOO FAST FOR WEATHER CONDITIONS,WALCOTT & WOODYARD,39.20800636,-86.60597831
2006,5,4,Weekday,1600,2-Car,No injury/unknown,LEFT OF CENTER,DUNN & OLD STATE 37 RD,39.208,-86.52871631
2006,5,1,Weekend,1100,2-Car,Non-incapacitating,ROADWAY SURFACE CONDITION,DUNN & N OLD STATE ROAD 37 ST,39.208,-86.52871631
2006,7,3,Weekday,900,1-Car,No injury/unknown,OTHER (DRIVER) - EXPLAIN IN NARRATIVE,DUNN & OLD ST RD 37 N RDS,39.208,-86.52871016
2006,8,6,Weekday,1400,2-Car,No injury/unknown,BRAKE FAILURE OR DEFECTIVE,N DUNN & OLD STATE RD 37 NORTH RD,39.208,-86.52874226
2006,12,6,Weekday,0,1-Car,No injury/unknown,UNSAFE SPEED,OLD STATE ROAD 37 RD & STATE ROAD 37,39.208,-86.528699
2006,2,6,Weekday,1600,2-Car,No injury/unknown,UNSAFE SPEED,I45 & SR45,39.207696,-86.46328
2006,6,6,Weekday,700,2-Car,No injury/unknown,FAILURE TO YIELD RIGHT OF WAY,RATLIFF & THOMAS RD,39.20765719,-86.63024622
2006,6,2,Weekday,1700,2-Car,Non-incapacitating,FAILURE TO YIELD RIGHT OF WAY,N OLD SR 37 & WALNUT ST,39.20704,-86.534704
2006,11,5,Weekday,1700,1-Car,No injury/unknown,ANIMAL/OBJECT IN ROADWAY,N WALNUT ST & OLD SR 37 NORTH,39.20704,-86.534704
2006,12,3,Weekday,1300,2-Car,No injury/unknown,SPEED TOO FAST FOR WEATHER CONDITIONS,N WALNUT ST ST & OLD ST RD 37 NORTH,39.20704,-86.534704
2006,9,5,Weekday,1600,2-Car,No injury/unknown,FOLLOWING TOO CLOSELY,ARLINGTON RD & SHELBURNE,39.206602,-86.571598
2006,10,3,Weekday,600,1-Car,Fatal,OTHER (DRIVER) - EXPLAIN IN NARRATIVE,ARLINGTON & SR46,39.20658589,-86.5718263
2006,10,4,Weekday,1100,2-Car,No injury/unknown,LEFT OF CENTER,ACUFF RD & MAPLE GROVE,39.20637853,-86.55757664
2006,10,7,Weekend,1600,1-Car,No injury/unknown,DRIVER DISTRACTED - EXPLAIN IN NARRATIVE,N DUNN ST,39.206144,-86.528592
2006,5,7,Weekend,1500,2-Car,Non-incapacitating,FOLLOWING TOO CLOSELY,BURKS & SOUTH WALNUT ST,39.20613197,-86.531399
2006,11,4,Weekday,300,1-Car,Non-incapacitating,UNSAFE SPEED,BETHEL & HINKLE RD,39.20484589,-86.50699411
2006,10,5,Weekday,1800,2-Car,No injury/unknown,VIEW OBSTRUCTED,BETHEL & HINKLE RD,39.20484537,-86.50699464
2006,6,2,Weekday,1900,1-Car,Non-incapacitating,UNSAFE SPEED,MARTIN & SR 45,39.2043226,-86.46359043
2006,10,6,,,2-Car,No injury/unknown,LEFT OF CENTER,RATCLIFF & SR 45,39.2041647,-86.46362497
2006,7,2,Weekday,1800,2-Car,No injury/unknown,NONE (DRIVER),LAW LN & UNION,39.20412864,-86.510294
2006,9,3,Weekday,0,1-Car,No injury/unknown,LEFT OF CENTER,SR37 & SR46,39.20380499,-86.56750824
2006,4,6,Weekday,1800,2-Car,No injury/unknown,FAILURE TO YIELD RIGHT OF WAY,10TH ST & SUNRISE,39.203329,-86.513894
2006,10,3,Weekday,700,Pedestrian,Non-incapacitating,DRIVER DISTRACTED - EXPLAIN IN NARRATIVE,N KINSER PK PIKE,39.20304,-86.547392
2006,11,2,Weekday,900,2-Car,No injury/unknown,UNSAFE BACKING,N KINSER PIKE,39.20304,-86.547392
2006,1,2,Weekday,1600,2-Car,No injury/unknown,ROADWAY SURFACE CONDITION,RUSSELL & SR 45,39.20292683,-86.4660919
2006,2,1,Weekday,2100,1-Car,No injury/unknown,ALCOHOLIC BEVERAGES,ACUFF & SR 37,39.20274699,-86.55466437
2006,9,4,Weekday,2200,1-Car,Non-incapacitating,ALCOHOLIC BEVERAGES,ARLINGTON RD & STONEYBROOK,39.202335,-86.56290069
2006,6,3,Weekday,2000,1-Car,No injury/unknown,OVERCORRECTING/OVERSTEERING,LAKEWOOD & NORTH DUNN ST,39.201952,-86.5288
2006,7,6,Weekday,1700,1-Car,Non-incapacitating,SPEED TOO FAST FOR WEATHER CONDITIONS,E LAKEWOOD & N DUNN ST,39.201952,-86.5288
2006,6,6,Weekday,1300,1-Car,Non-incapacitating,RAN OFF ROAD RIGHT,DUNN ST & LAKEWOOD,39.20154035,-86.52877884
2006,4,7,Weekend,1200,2-Car,No injury/unknown,OTHER (DRIVER) - EXPLAIN IN NARRATIVE,400 WOODLAWN & 8TH ST,39.2012273,-86.542365
2006,6,5,Weekday,1200,2-Car,No injury/unknown,OTHER (DRIVER) - EXPLAIN IN NARRATIVE,3901 N KINSER PIKE PIKE,39.201002,-86.547299
2006,9,7,Weekend,1300,1-Car,No injury/unknown,ALCOHOLIC BEVERAGES,RUSSELL & SR45E,39.200352,-86.468
2006,12,4,Weekday,1400,2-Car,No injury/unknown,FOLLOWING TOO CLOSELY,RUSSELL & SR45N,39.200352,-86.468
2006,6,7,Weekend,1300,2-Car,Incapacitating,OTHER (DRIVER) - EXPLAIN IN NARRATIVE,MAPLE GROVE & SR 46,39.19968,-86.55968
2006,11,6,Weekday,400,1-Car,No injury/unknown,OVERCORRECTING/OVERSTEERING,ARLINGTON & MAPLE GRV,39.19968,-86.55968
2006,6,7,Weekend,1000,2-Car,No injury/unknown,OTHER (DRIVER) - EXPLAIN IN NARRATIVE,CHAFIN CHPEL & REDHILL RD,39.19940926,-86.634599
2006,4,1,Weekend,1600,2-Car,Non-incapacitating,FOLLOWING TOO CLOSELY,NORWAY & SMITH PIKE,39.199202,-86.583099
2006,10,4,Weekday,1400,1-Car,No injury/unknown,SPEED TOO FAST FOR WEATHER CONDITIONS,CLUB HOUSE & N KINSER PIKE,39.198203,-86.542098
2006,6,6,Weekday,1300,3+ Cars,No injury/unknown,FAILURE TO YIELD RIGHT OF WAY,KINSER PIKE & WINDING,39.198144,-86.542096
2006,10,7,Weekend,1900,1-Car,No injury/unknown,ANIMAL/OBJECT IN ROADWAY,SR37S & SR46E,39.19811839,-86.55861759
2006,10,4,Weekday,1200,1-Car,No injury/unknown,OTHER (DRIVER) - EXPLAIN IN NARRATIVE,KINSER PIKE & WINDING WAY,39.19800973,-86.54205894
2006,12,1,Weekend,1600,1-Car,No injury/unknown,DRIVER ASLEEP OR FATIGUED,ARLINGTON ROAD RD & STOUTS,39.197648,-86.558304
2006,7,6,Weekday,800,1-Car,No injury/unknown,NONE (DRIVER),RUSSELL & SR 45,39.19760792,-86.46788591
2006,8,7,Weekend,1000,2-Car,Non-incapacitating,ROADWAY SURFACE CONDITION,BLUE RIDGE & NORTH WALNUT ST,39.196848,-86.5344
2006,9,5,Weekday,300,1-Car,No injury/unknown,OTHER (DRIVER) - EXPLAIN IN NARRATIVE,BLUE RIDGE & N WALNUT ST,39.196848,-86.5344
2006,1,4,Weekday,2000,2-Car,No injury/unknown,OTHER (DRIVER) - EXPLAIN IN NARRATIVE,MT GILEAD & SR 45,39.19674299,-86.46784995
2006,7,7,Weekend,2000,Cyclist,Incapacitating,OTHER (VEHICLE) - EXPLAIN IN NARRATIVE,STONEY CREST RD & WINDING,39.196602,-86.543898
2006,10,7,Weekend,2300,1-Car,No injury/unknown,ALCOHOLIC BEVERAGES,ARLINGTON RD & STOUTES CREEK,39.19634208,-86.55701227
2006,2,6,Weekday,1400,Bus,Non-incapacitating,FAILURE TO YIELD RIGHT OF WAY,BLOOMINGTON NORTH HIGH SCHOOL & PROW RD,39.196144,-86.552
2006,10,5,Weekday,1700,2-Car,No injury/unknown,UNSAFE BACKING,N BELL TRACE DR,39.196112,-86.533328
2006,2,2,Weekday,800,2-Car,No injury/unknown,UNSAFE BACKING,3RD & HAWTHORNE,39.19602208,-86.5201
2006,11,5,Weekday,1500,2-Car,No injury/unknown,FOLLOWING TOO CLOSELY,BLUE RIDGE & WALNUT ST,39.19579475,-86.53399847
2006,10,4,Weekday,1800,1-Car,Non-incapacitating,DRIVER ASLEEP OR FATIGUED,SR37 & SR46,39.19577482,-86.55648301
2006,8,2,Weekday,2000,2-Car,Non-incapacitating,ALCOHOLIC BEVERAGES,LEONARD SPRINGS RD & MAYBURY MALL,39.19539384,-86.582599
2006,11,7,Weekend,200,1-Car,Non-incapacitating,SPEED TOO FAST FOR WEATHER CONDITIONS,LOESCH & WOODYARD RD,39.19516124,-86.59391618
2006,7,2,Weekday,1500,2-Car,No injury/unknown,DRIVER DISTRACTED - EXPLAIN IN NARRATIVE,SR37 & SR46,39.19515303,-86.555794
2006,10,2,Weekday,1700,1-Car,No injury/unknown,DRIVER ASLEEP OR FATIGUED,SR37S & SR46W,39.1950468,-86.55567628
2006,8,3,Weekday,1200,2-Car,No injury/unknown,FOLLOWING TOO CLOSELY,ARLINGTON & SR37S,39.19490752,-86.55460012
2006,6,6,Weekday,1400,1-Car,No injury/unknown,OVERCORRECTING/OVERSTEERING,SR37 & SR46,39.19434307,-86.55483631
2006,10,5,Weekday,700,2-Car,No injury/unknown,OTHER (DRIVER) - EXPLAIN IN NARRATIVE,KINSER PIKE & WINDING WAY,39.194204,-86.5411
2006,5,4,Weekday,1300,2-Car,No injury/unknown,OTHER (DRIVER) - EXPLAIN IN NARRATIVE,CAMPBELL ST & SEVENTH,39.19408132,-86.513899
2006,1,4,Weekday,700,2-Car,No injury/unknown,OTHER (DRIVER) - EXPLAIN IN NARRATIVE,PROW RD,39.194052,-86.551899
2006,6,5,Weekday,1300,2-Car,No injury/unknown,UNSAFE BACKING,LAW LN PARKING & UNION,39.19401735,-86.513148
2006,4,6,Weekday,1600,2-Car,No injury/unknown,OTHER (ENVIRONMENTAL) - EXPLAIN IN NARR,N WALNUT ST,39.193952,-86.533296
2006,11,5,Weekday,900,2-Car,No injury/unknown,DRIVER DISTRACTED - EXPLAIN IN NARRATIVE,WALNUT ST,39.193952,-86.533296
2006,3,1,Weekend,1500,1-Car,No injury/unknown,ALCOHOLIC BEVERAGES,TAPP & WEIMER RD,39.19394049,-86.562095