Year,Month,Day,Weekend?,Hour,Collision Type,Injury Type,Primary Factor,Reported_Location,Latitude,Longitude
2006,11,3,Weekday,1800,2-Car,Non-incapacitating,LEFT OF CENTER,BRIARCLIFF & KINSER PIKE,39.19389596,-86.54084042
2006,3,5,Weekday,1500,2-Car,Non-incapacitating,FOLLOWING TOO CLOSELY,CURRY & SR46,39.19377697,-86.5711906
2006,1,1,Weekend,1400,1-Car,No injury/unknown,UNSAFE SPEED,CURRY & SR46,39.19377697,-86.5711906
2006,1,3,Weekday,1500,2-Car,Non-incapacitating,SPEED TOO FAST FOR WEATHER CONDITIONS,CURRY & SR46,39.19377697,-86.57121224
2006,1,4,Weekday,800,2-Car,No injury/unknown,SPEED TOO FAST FOR WEATHER CONDITIONS,CURRY PIKE & SR46,39.19377697,-86.57123388
2006,8,3,Weekday,1700,2-Car,No injury/unknown,DISREGARD SIGNAL/REG SIGN,CURRY PIKE & SR46,39.19377697,-86.57123388
2006,8,5,Weekday,1300,1-Car,Non-incapacitating,SPEED TOO FAST FOR WEATHER CONDITIONS,N KINSER PIKE & N SKYLINE,39.193248,-86.539696
2006,8,2,Weekday,1200,3+ Cars,Non-incapacitating,FOLLOWING TOO CLOSELY,SR45W & TENTH,39.19270759,-86.50216018
2006,1,4,Weekday,1500,2-Car,No injury/unknown,OTHER (DRIVER) - EXPLAIN IN NARRATIVE,JUNIPER & TAMARACK TR,39.192599,-86.5227
2006,10,5,Weekday,1000,2-Car,Non-incapacitating,SPEED TOO FAST FOR WEATHER CONDITIONS,CLUBHOUSE & KINSER PIKE,39.19185289,-86.542098
2006,9,7,Weekend,1600,2-Car,No injury/unknown,OTHER (DRIVER) - EXPLAIN IN NARRATIVE,NORTH KINSER PIKE,39.191768,-86.537701
2006,7,7,Weekend,1800,2-Car,Non-incapacitating,FOLLOWING TOO CLOSELY,SR37N & SR46W,39.19139779,-86.55463666
2006,2,7,Weekend,1200,2-Car,No injury/unknown,FAILURE TO YIELD RIGHT OF WAY,FRITZ & WALNUT,39.191248,-86.532896
2006,10,3,Weekday,700,2-Car,No injury/unknown,ROADWAY SURFACE CONDITION,KINSER PIKE & SR 46,39.1911901,-86.537699
2006,10,5,Weekday,1400,1-Car,No injury/unknown,DRIVER DISTRACTED - EXPLAIN IN NARRATIVE,HEADLEY RD & TREADWELL,39.19088391,-86.51177204
2006,4,3,Weekday,1600,2-Car,No injury/unknown,SPEED TOO FAST FOR WEATHER CONDITIONS,3RD & HAWTHORNE AVE,39.1907349,-86.5201
2006,7,4,Weekday,1200,2-Car,Non-incapacitating,DISREGARD SIGNAL/REG SIGN,CURRY & WOODYARD,39.190672,-86.582992
2006,9,7,Weekend,1100,2-Car,Non-incapacitating,FAILURE TO YIELD RIGHT OF WAY,CURRY PIKE & WOODYARD,39.190672,-86.582992
2006,8,3,Weekday,1700,2-Car,No injury/unknown,FAILURE TO YIELD RIGHT OF WAY,CURRY & WOODYARD,39.190672,-86.582992
2006,8,5,Weekday,1800,2-Car,Non-incapacitating,FAILURE TO YIELD RIGHT OF WAY,N CURRY PIKE & WOODYARD,39.190672,-86.582992
2006,8,2,Weekday,1400,2-Car,Non-incapacitating,FOLLOWING TOO CLOSELY,CURRY & WOODYARD,39.190672,-86.582992
2006,9,6,Weekend,2200,2-Car,Non-incapacitating,FAILURE TO YIELD RIGHT OF WAY,CURRY PIKE & WOODYARD,39.190672,-86.582992
2006,6,1,Weekday,1900,2-Car,Non-incapacitating,UNSAFE SPEED,CURRY PIKE & WOODYARD,39.190672,-86.582992
2006,6,1,Weekend,300,1-Car,Incapacitating,ALCOHOLIC BEVERAGES,CURRY & WOODYARD,39.190672,-86.582992
2006,2,1,Weekend,900,2-Car,No injury/unknown,FAILURE TO YIELD RIGHT OF WAY,N CURRY & WOODYARD,39.190672,-86.582992
2006,12,2,Weekday,2100,1-Car,No injury/unknown,UNSAFE SPEED,NORTH CURRY PIKE & WOODYARD,39.190672,-86.582992
2006,12,2,Weekday,2100,1-Car,No injury/unknown,RAN OFF ROAD RIGHT,NORTH CURRY PIKE PIKE & WOODYARD,39.190672,-86.582992
2006,12,5,Weekday,1700,2-Car,Non-incapacitating,FOLLOWING TOO CLOSELY,SMITH & WOODYARD,39.190603,-86.583099
2006,10,3,Weekday,700,2-Car,No injury/unknown,FOLLOWING TOO CLOSELY,2000 N KINSER PK PIKE & SKYLINE,39.190544,-86.537712
2006,11,1,Weekend,1600,1-Car,No injury/unknown,SPEED TOO FAST FOR WEATHER CONDITIONS,NORTH KINSER PIKE & SKYLINE,39.190544,-86.537712
2006,9,1,Weekday,2100,2-Car,No injury/unknown,LEFT OF CENTER,CURRY & WOODYARD,39.19046611,-86.58299575
2006,1,1,Weekend,1700,1-Car,No injury/unknown,PRESCRIPTION DRUGS,KINSER & SKYLINE,39.19026997,-86.53769008
2006,5,5,Weekday,1600,2-Car,Non-incapacitating,FOLLOWING TOO CLOSELY,KINSER PIKE & SKYLINE,39.1901328,-86.53767955
2006,3,7,Weekend,800,1-Car,No injury/unknown,LEFT OF CENTER,GLENDORA & WALNUT ST,39.19003528,-86.53321434
2006,7,7,Weekend,1000,2-Car,No injury/unknown,IMPROPER TURNING,CURRY PIKE & WOODYARD,39.18929886,-86.58301701
2006,7,7,Weekend,1500,2-Car,No injury/unknown,OTHER (DRIVER) - EXPLAIN IN NARRATIVE,S LIBERTY DR,39.189248,-86.531472
2006,4,7,Weekend,400,1-Car,Non-incapacitating,ALCOHOLIC BEVERAGES,HOWARD RD & STARNES,39.18917106,-86.65453235
2006,9,5,Weekday,2100,1-Car,No injury/unknown,ALCOHOLIC BEVERAGES,THOMAS & VERNAL,39.18904,-86.630096
2006,2,5,Weekday,700,2-Car,No injury/unknown,DRIVER DISTRACTED - EXPLAIN IN NARRATIVE,10TH & 10TH DR,39.18852213,-86.511109
2006,2,6,Weekend,2000,2-Car,No injury/unknown,IMPROPER PASSING,NORTH WALNUT ST,39.188325,-86.533849
2006,4,1,Weekday,2200,1-Car,No injury/unknown,OTHER (DRIVER) - EXPLAIN IN NARRATIVE,CURRY & WOODYARD,39.18823099,-86.57473652
2006,11,6,Weekend,2200,2-Car,No injury/unknown,UNSAFE BACKING,KINSER & PARISH RD,39.1881,-86.53852535
2006,1,4,Weekday,1400,2-Car,Non-incapacitating,DISREGARD SIGNAL/REG SIGN,CURRY & SR 46,39.1878,-86.566299
2006,8,5,Weekday,800,2-Car,No injury/unknown,FOLLOWING TOO CLOSELY,N CURRY & SR 46,39.1878,-86.566299
2006,11,5,Weekday,700,2-Car,No injury/unknown,OTHER (ENVIRONMENTAL) - EXPLAIN IN NARR,CURRY PIKE & WOODYARD,39.18777303,-86.58304479
2006,1,5,Weekday,1500,2-Car,No injury/unknown,OTHER (DRIVER) - EXPLAIN IN NARRATIVE,SR37 & SR45,39.187344,-86.5552
2006,1,2,Weekday,1300,2-Car,No injury/unknown,FAILURE TO YIELD RIGHT OF WAY,SR37 & SR45,39.187344,-86.5552
2006,3,4,Weekday,2200,2-Car,Incapacitating,ALCOHOLIC BEVERAGES,SR37 & SR45,39.187344,-86.5552
2006,2,7,Weekend,1200,2-Car,No injury/unknown,FAILURE TO YIELD RIGHT OF WAY,SR37 & SR45,39.187344,-86.5552
2006,2,6,Weekday,1700,2-Car,No injury/unknown,IMPROPER LANE USAGE,SR37 & SR45,39.187344,-86.5552
2006,10,4,Weekday,700,2-Car,No injury/unknown,FOLLOWING TOO CLOSELY,SR45W & STATE ROAD 37,39.187344,-86.5552
2006,2,5,Weekday,1400,1-Car,Fatal,RAN OFF ROAD RIGHT,HOWARD & W VERNAL,39.187248,-86.635696
2006,6,3,Weekday,1600,Moped/Motorcycle,No injury/unknown,FOLLOWING TOO CLOSELY,MONROE & SR 45 46 BYPASS RD,39.186944,-86.5468
2006,8,4,Weekday,1200,1-Car,No injury/unknown,ANIMAL/OBJECT IN ROADWAY,MONROE & SR46E,39.186944,-86.5468
2006,12,7,Weekend,1800,2-Car,No injury/unknown,FOLLOWING TOO CLOSELY,MONROE ST & SR45,39.186944,-86.5468
2006,12,2,Weekday,1900,2-Car,Non-incapacitating,UNSAFE SPEED,SR 37 & SR 45,39.18680823,-86.55535538
2006,10,3,Weekday,1700,3+ Cars,Non-incapacitating,FOLLOWING TOO CLOSELY,KINSER & SR46W,39.18656757,-86.53841652
2006,4,6,Weekday,1700,2-Car,No injury/unknown,FOLLOWING TOO CLOSELY,KINSER & SR46,39.18655186,-86.53806417
2006,3,6,Weekday,1400,2-Car,Non-incapacitating,DRIVER DISTRACTED - EXPLAIN IN NARRATIVE,ARLINGTON & GOURLEY,39.186544,-86.551168
2006,7,4,Weekday,1300,2-Car,No injury/unknown,FAILURE TO YIELD RIGHT OF WAY,KINSER & SR46W,39.186544,-86.537888
2006,8,3,Weekday,800,2-Car,No injury/unknown,OTHER (DRIVER) - EXPLAIN IN NARRATIVE,KINSER & SR46W,39.186544,-86.537888
2006,8,4,Weekday,700,Bus,No injury/unknown,BRAKE FAILURE OR DEFECTIVE,KINSER & SR46E,39.186544,-86.537888
2006,10,5,Weekday,2000,2-Car,Non-incapacitating,FAILURE TO YIELD RIGHT OF WAY,KINSER & SR4546E,39.186544,-86.537888
2006,11,6,Weekday,700,3+ Cars,Non-incapacitating,FOLLOWING TOO CLOSELY,KINSER & SR45 46,39.186544,-86.537888
2006,12,5,Weekday,700,2-Car,No injury/unknown,FAILURE TO YIELD RIGHT OF WAY,N KINSER & SR45-46,39.186544,-86.537888
2006,10,5,Weekday,1600,3+ Cars,No injury/unknown,ROADWAY SURFACE CONDITION,SR4546W & WALNUT ST,39.18654018,-86.53433938
2006,2,1,Weekday,2100,1-Car,No injury/unknown,SPEED TOO FAST FOR WEATHER CONDITIONS,ARLINGTON & GOURLEY,39.1865268,-86.5504589
2006,3,3,Weekday,800,3+ Cars,Non-incapacitating,FOLLOWING TOO CLOSELY,KINSER & SR46W,39.18650157,-86.53718426
2006,5,7,Weekend,2300,2-Car,No injury/unknown,UNSAFE BACKING,GOURLEY PIKE,39.186496,-86.545066
2006,1,4,Weekday,1900,2-Car,No injury/unknown,IMPROPER LANE USAGE,KINSER & SR45,39.18648003,-86.53682704
2006,4,5,Weekday,800,2-Car,No injury/unknown,ALCOHOLIC BEVERAGES,KINSER PIKE & STATE ROAD 45 46,39.18640669,-86.53788488
2006,1,2,Weekday,1800,2-Car,No injury/unknown,FAILURE TO YIELD RIGHT OF WAY,SR45 & WALNUT ST,39.18639449,-86.53439067
2006,1,4,Weekday,2200,2-Car,No injury/unknown,FAILURE TO YIELD RIGHT OF WAY,SR46 & WALNUT ST,39.186368,-86.5344
2006,3,5,Weekday,1700,2-Car,No injury/unknown,OTHER (DRIVER) - EXPLAIN IN NARRATIVE,SR46W & WALNUT,39.186368,-86.5344
2006,6,7,Weekend,2300,2-Car,No injury/unknown,SPEED TOO FAST FOR WEATHER CONDITIONS,45 46 & WALNUT ST,39.186368,-86.5344
2006,7,4,Weekday,2100,2-Car,No injury/unknown,FAILURE TO YIELD RIGHT OF WAY,S WALNUT & SR46W,39.186368,-86.5344
2006,9,2,Weekday,1600,2-Car,No injury/unknown,FOLLOWING TOO CLOSELY,SR46E & WALNUT,39.186368,-86.5344
2006,10,5,Weekday,1600,2-Car,Non-incapacitating,OTHER (DRIVER) - EXPLAIN IN NARRATIVE,N WALNUT & SR46W,39.186368,-86.5344
2006,10,5,Weekday,1600,3+ Cars,No injury/unknown,SPEED TOO FAST FOR WEATHER CONDITIONS,45 AND 46 & WALNUT ST,39.186368,-86.5344
2006,11,3,Weekday,1700,2-Car,No injury/unknown,FAILURE TO YIELD RIGHT OF WAY,N WALNUT & SR46,39.186368,-86.5344
2006,11,4,Weekday,1700,3+ Cars,No injury/unknown,FAILURE TO YIELD RIGHT OF WAY,45 AND 46 & N WALNUT ST,39.186368,-86.5344
2006,11,1,Weekend,1600,2-Car,No injury/unknown,FAILURE TO YIELD RIGHT OF WAY,SR4546E & WALNUT,39.186368,-86.5344
2006,11,7,Weekend,300,2-Car,No injury/unknown,ALCOHOLIC BEVERAGES,46 & WALNUT ST,39.186368,-86.5344
2006,9,5,Weekday,1500,2-Car,No injury/unknown,FAILURE TO YIELD RIGHT OF WAY,SR45 & WALNUT,39.18636695,-86.53422264
2006,2,3,Weekday,800,2-Car,No injury/unknown,IMPROPER TURNING,SR 45 & WALNUT,39.18636486,-86.53386793
2006,3,5,Weekday,1300,2-Car,No injury/unknown,FOLLOWING TOO CLOSELY,SR46E & WALNUT,39.18635873,-86.53457606
2006,1,6,Weekday,0,2-Car,No injury/unknown,IMPROPER TURNING,MARTHA & SR 45,39.18635242,-86.53176694
2006,5,1,Weekend,1300,2-Car,No injury/unknown,LEFT OF CENTER,FEE & SR46E,39.18635204,-86.52509808
2006,5,1,Weekend,1300,2-Car,No injury/unknown,LEFT OF CENTER,DUNN & SR46E,39.18635204,-86.52637847
2006,7,6,Weekday,1800,3+ Cars,Non-incapacitating,UNSAFE SPEED,DUNN & SR45,39.18635203,-86.52672238
2006,9,7,Weekend,1300,2-Car,Non-incapacitating,FOLLOWING TOO CLOSELY,MILO B SAMSON & SR45,39.18635203,-86.52395661
2006,11,3,Weekday,1600,1-Car,No injury/unknown,SPEED TOO FAST FOR WEATHER CONDITIONS,DUNN & SR46E,39.18635202,-86.52743724
2006,3,4,Weekday,600,1-Car,No injury/unknown,RAN OFF ROAD RIGHT,DUNN & SR45,39.18635202,-86.5276137
2006,2,4,Weekday,1300,2-Car,No injury/unknown,DRIVER DISTRACTED - EXPLAIN IN NARRATIVE,MATLOCK & SR45,39.18635202,-86.52779016
2006,12,5,Weekday,2000,2-Car,No injury/unknown,OTHER (DRIVER) - EXPLAIN IN NARRATIVE,DUNN & SR45E,39.18635202,-86.52779016
2006,4,6,Weekday,1300,3+ Cars,No injury/unknown,FOLLOWING TOO CLOSELY,DUNN & SR46E,39.186352,-86.53026061
2006,4,7,Weekend,2000,2-Car,No injury/unknown,FOLLOWING TOO CLOSELY,FRITZ & SR45W,39.186352,-86.53032138
2006,4,6,Weekday,1800,3+ Cars,No injury/unknown,OTHER (DRIVER) - EXPLAIN IN NARRATIVE,FRITZ & SR46,39.186352,-86.53014492
2006,8,5,Weekday,1300,2-Car,No injury/unknown,FOLLOWING TOO CLOSELY,MARTHA & SR45E,39.186352,-86.53143131
2006,3,1,Weekend,1400,2-Car,No injury/unknown,FAILURE TO YIELD RIGHT OF WAY,LOESCH & VERNAL,39.186352,-86.592896
2006,2,7,Weekend,1400,2-Car,No injury/unknown,FAILURE TO YIELD RIGHT OF WAY,DUNN & MATLOCK RD,39.186352,-86.528496
2006,4,7,Weekend,1600,2-Car,Non-incapacitating,FAILURE TO YIELD RIGHT OF WAY,DUNN & SR46S,39.186352,-86.528496
2006,5,3,Weekday,2000,2-Car,No injury/unknown,DISREGARD SIGNAL/REG SIGN,N COLLEGE & SR46,39.186352,-86.534704
2006,7,6,Weekday,1100,2-Car,Non-incapacitating,FAILURE TO YIELD RIGHT OF WAY,DUNN & SR46E,39.186352,-86.528496
2006,8,3,Weekday,1300,2-Car,No injury/unknown,FAILURE TO YIELD RIGHT OF WAY,DUNN & SR46E,39.186352,-86.528496
2006,11,6,Weekday,1400,3+ Cars,No injury/unknown,FOLLOWING TOO CLOSELY,DUNN & SR4546E,39.186352,-86.528496
2006,12,6,Weekday,1400,2-Car,No injury/unknown,FOLLOWING TOO CLOSELY,FRITZ & SR45E,39.186352,-86.529792
2006,12,7,Weekend,1400,1-Car,No injury/unknown,ANIMAL/OBJECT IN ROADWAY,MILO B SAMPSON & SR46E,39.186352,-86.522192
2006,12,7,Weekend,2200,1-Car,No injury/unknown,ANIMAL/OBJECT IN ROADWAY,MILO B SAMPSON & SR4546,39.186352,-86.522192
2006,12,6,Weekday,1700,2-Car,No injury/unknown,DRIVER DISTRACTED - EXPLAIN IN NARRATIVE,MARTHA & SR4546E,39.186352,-86.531696
2006,8,6,Weekday,1200,3+ Cars,No injury/unknown,SPEED TOO FAST FOR WEATHER CONDITIONS,FRITZ & SR45E,39.18632523,-86.52982244
2006,2,5,Weekday,1500,2-Car,Non-incapacitating,FOLLOWING TOO CLOSELY,US 46 & WALNUT,39.1863,-86.53470433
2006,1,1,Weekend,1400,2-Car,No injury/unknown,FOLLOWING TOO CLOSELY,FRITZ & MATLOCK,39.1863,-86.53137267
2006,1,7,Weekend,1100,2-Car,No injury/unknown,OTHER (DRIVER) - EXPLAIN IN NARRATIVE,SR45 46 BYP & WALNUT,39.1863,-86.53472596
2006,3,4,Weekday,2000,2-Car,No injury/unknown,,E MATLOCK RD,39.1863,-86.531594
2006,3,4,Weekday,1300,2-Car,No injury/unknown,FOLLOWING TOO CLOSELY,MILO B SAMPSON LANE & SR45N,39.18624327,-86.52218379
2006,9,6,Weekend,1900,1-Car,No injury/unknown,OTHER (DRIVER) - EXPLAIN IN NARRATIVE,MILO B SAMPSON & SR45W,39.18624327,-86.52217946
2006,9,4,Weekday,1000,3+ Cars,Non-incapacitating,FAILURE TO YIELD RIGHT OF WAY,MILO B SAMPSON & SR46E,39.18624327,-86.52217946
2006,11,3,Weekday,1600,2-Car,Non-incapacitating,OTHER (DRIVER) - EXPLAIN IN NARRATIVE,MILO B SAMPSON & SR46,39.18624327,-86.52217946
2006,3,3,Weekday,100,1-Car,No injury/unknown,ALCOHOLIC BEVERAGES,DUNN & SR45,39.1862431,-86.52141414
2006,11,1,Weekend,1100,2-Car,No injury/unknown,FOLLOWING TOO CLOSELY,FEE & SR46E,39.18612092,-86.52053653
2006,7,6,Weekday,1800,2-Car,No injury/unknown,UNSAFE SPEED,FEE & SR46E,39.18609869,-86.5203624
2006,11,1,Weekday,1900,2-Car,No injury/unknown,DRIVER DISTRACTED - EXPLAIN IN NARRATIVE,FEE & SR46E,39.186032,-86.51984
2006,3,1,Weekday,2000,2-Car,No injury/unknown,OTHER (DRIVER) - EXPLAIN IN NARRATIVE,SR 37 & SR 45,39.18600458,-86.55558845
2006,6,4,Weekday,1100,3+ Cars,No injury/unknown,FOLLOWING TOO CLOSELY,N KINSER PIKE & SR 46,39.1859,-86.537699
2006,2,6,Weekend,1900,2-Car,No injury/unknown,OTHER (DRIVER) - EXPLAIN IN NARRATIVE,3RD ST & KIMBLE,39.18564883,-86.568165
2006,9,6,Weekend,2000,3+ Cars,No injury/unknown,FOLLOWING TOO CLOSELY,FEE & SR46E,39.18558968,-86.5181881
2006,8,4,Weekday,1700,2-Car,Non-incapacitating,FOLLOWING TOO CLOSELY,GOURLEY & KINSER PIKE,39.185392,-86.537856
2006,8,4,Weekday,1300,2-Car,No injury/unknown,FAILURE TO YIELD RIGHT OF WAY,GOURLEY & KINSER PIKE,39.185392,-86.537856
2006,6,4,Weekday,1500,2-Car,No injury/unknown,UNSAFE BACKING,W GOURLEY PIKE,39.185248,-86.53868085
2006,6,6,Weekday,700,1-Car,No injury/unknown,RAN OFF ROAD RIGHT,CASCADES & GOURLEY PIKE,39.185232,-86.54054184
2006,3,1,Weekday,1900,2-Car,No injury/unknown,UNSAFE BACKING,KINSER PIKE,39.185205,-86.537699
2006,1,1,Weekend,100,1-Car,Fatal,RAN OFF ROAD RIGHT,GOURLEY PK & KINSER PK,39.185152,-86.537856
2006,8,2,Weekday,1900,2-Car,No injury/unknown,FAILURE TO YIELD RIGHT OF WAY,COLLEGE AVE & GOURLEY,39.185152,-86.535296
2006,4,6,Weekday,200,3+ Cars,No injury/unknown,RAN OFF ROAD RIGHT,WEST GOURLEY PIKE,39.1851,-86.541276
2006,10,3,Weekday,1600,2-Car,No injury/unknown,OTHER (VEHICLE) - EXPLAIN IN NARRATIVE,GOURLEY PIKE,39.1851,-86.541238
2006,3,6,Weekend,2000,2-Car,No injury/unknown,OTHER (VEHICLE) - EXPLAIN IN NARRATIVE,NORTH WALNUT STREET ST,39.185095,-86.534453
2006,10,2,Weekday,1600,1-Car,No injury/unknown,ROADWAY SURFACE CONDITION,GOURLEY PIKE & KINSER,39.18509471,-86.53686857
2006,1,6,Weekend,2200,2-Car,No injury/unknown,IMPROPER TURNING,DUNN & I45,39.18452333,-86.52845267
2006,12,6,Weekday,1800,2-Car,No injury/unknown,OTHER (DRIVER) - EXPLAIN IN NARRATIVE,W HOOSIER COURT AVE,39.1845,-86.538537
2006,8,6,Weekday,1500,2-Car,No injury/unknown,WRONG WAY ON ONE WAY,7TH & FORREST,39.18436324,-86.522299
2006,4,1,Weekend,400,2-Car,No injury/unknown,OTHER (DRIVER) - EXPLAIN IN NARRATIVE,N WALNUT ST,39.1841412,-86.5344552
2006,8,5,Weekday,2300,2-Car,No injury/unknown,ALCOHOLIC BEVERAGES,FEE & JORDAN AVE,39.18385639,-86.51884772
2006,12,3,Weekday,100,1-Car,No injury/unknown,NONE (DRIVER),MT GILEAD & SR45,39.1837032,-86.47042612
2006,10,3,Weekday,1400,2-Car,No injury/unknown,FOLLOWING TOO CLOSELY,4546 & WALNUT ST,39.1836579,-86.53429149
2006,5,1,Weekend,1400,1-Car,No injury/unknown,RAN OFF ROAD RIGHT,2ND & PATTERSON DR,39.18364875,-86.550396
2006,10,2,Weekday,1700,2-Car,No injury/unknown,UNSAFE BACKING,E VARSITY LN,39.183603,-86.529798
2006,2,2,Weekday,1100,2-Car,Non-incapacitating,UNSAFE BACKING,S WALNUT,39.18358772,-86.53426844
2006,9,6,Weekend,2100,2-Car,No injury/unknown,FAILURE TO YIELD RIGHT OF WAY,BROOKDALE & KINSER PIKE,39.18354795,-86.53783054
2006,3,6,Weekend,2300,2-Car,No injury/unknown,FAILURE TO YIELD RIGHT OF WAY,1800 N WALNUT ST & N OLD ST RD 37,39.18335931,-86.53442254
2006,7,7,Weekend,1000,2-Car,No injury/unknown,FAILURE TO YIELD RIGHT OF WAY,1800 BLOCK NORTH WALNUT ST & OLD SR 37 NORTH,39.18335931,-86.53442254
2006,5,3,Weekday,2000,2-Car,No injury/unknown,,N DUNN ST,39.18321044,-86.52842156
2006,1,3,Weekday,,2-Car,No injury/unknown,,VARSITY LN,39.1832,-86.53057
2006,11,4,Weekday,1100,2-Car,No injury/unknown,UNSAFE BACKING,S WALNUT ST ST,39.18300299,-86.53407644
2006,1,4,Weekday,2300,2-Car,No injury/unknown,OTHER (DRIVER) - EXPLAIN IN NARRATIVE,DUNN & VARSITY LN,39.182976,-86.528416
2006,3,5,Weekday,2300,2-Car,No injury/unknown,FAILURE TO YIELD RIGHT OF WAY,VARSITY LN,39.182976,-86.528416
2006,4,1,Weekend,1600,2-Car,No injury/unknown,OTHER (DRIVER) - EXPLAIN IN NARRATIVE,VARSITY LN,39.182976,-86.528416
2006,8,3,Weekday,1400,2-Car,No injury/unknown,UNSAFE BACKING,VARSITY LN,39.182976,-86.528416
2006,1,3,Weekday,2100,3+ Cars,No injury/unknown,SPEED TOO FAST FOR WEATHER CONDITIONS,DUNN & VARSITY LN,39.18293481,-86.52912336
2006,1,3,Weekday,2200,2-Car,No injury/unknown,FAILURE TO YIELD RIGHT OF WAY,DUNN & VARSITY LN,39.18291965,-86.52947214
2006,11,1,Weekend,1600,2-Car,Non-incapacitating,ROADWAY SURFACE CONDITION,BROOKDALE & KINSER PIKE,39.18286149,-86.53781256
2006,9,6,Weekday,1600,2-Car,No injury/unknown,FAILURE TO YIELD RIGHT OF WAY,N FEE LN,39.18242962,-86.51914028
2006,6,2,Weekday,1800,2-Car,No injury/unknown,UNSAFE BACKING,10TH & 10TH ST,39.18217633,-86.510558
2006,5,3,Weekday,800,2-Car,No injury/unknown,OTHER (DRIVER) - EXPLAIN IN NARRATIVE,ARLINGTON VALLEY & SASSAFRAS DR,39.182176,-86.548112
2006,11,5,Weekday,1100,1-Car,No injury/unknown,OTHER (ENVIRONMENTAL) - EXPLAIN IN NARR,FEE LN,39.18217024,-86.51912929
2006,10,6,Weekend,2200,2-Car,No injury/unknown,IMPROPER TURNING,STATE ROAD 46 RDS,39.18192,-86.543984
2006,2,2,Weekday,1300,2-Car,No injury/unknown,FAILURE TO YIELD RIGHT OF WAY,20TH & DUNN ST,39.18184,-86.5284
2006,1,4,Weekday,1600,2-Car,No injury/unknown,UNSAFE SPEED,20TH & DUNN,39.18182902,-86.5284
2006,7,2,Weekday,2300,1-Car,No injury/unknown,RAN OFF ROAD RIGHT,20TH ST & DUNN,39.1818,-86.52879204
2006,4,7,Weekend,1800,2-Car,No injury/unknown,FAILURE TO YIELD RIGHT OF WAY,N COLLEGE AVE,39.18162924,-86.53471004
2006,10,2,Weekday,1100,2-Car,No injury/unknown,NONE (DRIVER),N COLLEGE AVE,39.18162924,-86.53471004
2006,10,4,Weekday,1200,2-Car,No injury/unknown,FAILURE TO YIELD RIGHT OF WAY,N COLLEGE AVE,39.18162924,-86.53471004
2006,7,1,Weekend,1400,Cyclist,Non-incapacitating,OTHER (VEHICLE) - EXPLAIN IN NARRATIVE,19TH & WALNUT ST,39.181552,-86.5336
2006,7,3,Weekday,300,1-Car,No injury/unknown,UNSAFE SPEED,19TH & WALNUT ST,39.181552,-86.5336
2006,8,3,Weekday,1300,2-Car,No injury/unknown,UNSAFE BACKING,N WALNUT ST,39.181552,-86.5336
2006,4,1,Weekend,1000,2-Car,No injury/unknown,OTHER (DRIVER) - EXPLAIN IN NARRATIVE,1400 N WASHINGTON ST & E 19TH,39.18128,-86.531792
2006,7,3,Weekday,2000,Moped/Motorcycle,Incapacitating,DRIVER DISTRACTED - EXPLAIN IN NARRATIVE,19TH ST & LINCOLN,39.18112,-86.530816
2006,12,2,Weekday,300,2-Car,No injury/unknown,ALCOHOLIC BEVERAGES,19TH & WASHINGTON ST,39.18107866,-86.53184793
2006,1,6,Weekday,1800,2-Car,No injury/unknown,DRIVER DISTRACTED - EXPLAIN IN NARRATIVE,19TH & DUNN ST,39.18104,-86.5284
2006,8,5,Weekday,1200,2-Car,No injury/unknown,FAILURE TO YIELD RIGHT OF WAY,19TH & DUNN ST,39.18104,-86.5284
2006,9,5,Weekday,1500,2-Car,No injury/unknown,DRIVER DISTRACTED - EXPLAIN IN NARRATIVE,19TH & DUNN ST,39.18104,-86.5284
2006,9,4,Weekday,1500,2-Car,Non-incapacitating,FAILURE TO YIELD RIGHT OF WAY,19TH & DUNN ST,39.18104,-86.5284
2006,10,5,Weekday,1400,2-Car,Non-incapacitating,FAILURE TO YIELD RIGHT OF WAY,19TH & DUNN ST,39.18104,-86.5284
2006,10,6,Weekday,1200,2-Car,No injury/unknown,FAILURE TO YIELD RIGHT OF WAY,EAST 19TH & NORTH DUNN ST,39.18104,-86.5284
2006,12,3,Weekday,900,Bus,Non-incapacitating,FAILURE TO YIELD RIGHT OF WAY,19TH & DUNN ST,39.18104,-86.5284
2006,3,6,Weekend,2100,1-Car,No injury/unknown,UNSAFE BACKING,N WILLIS DR,39.1808,-86.544099
2006,6,7,Weekend,2000,2-Car,No injury/unknown,OTHER (DRIVER) - EXPLAIN IN NARRATIVE,S WESTPLEX AVE,39.18056,-86.543968
2006,1,3,Weekday,2300,1-Car,No injury/unknown,SPEED TOO FAST FOR WEATHER CONDITIONS,18TH & LINCOLN ST,39.180448,-86.530832
2006,11,2,Weekday,1800,2-Car,No injury/unknown,OTHER (DRIVER) - EXPLAIN IN NARRATIVE,N LINCOLN AVE,39.18039053,-86.53083265
2006,3,6,Weekend,2100,1-Car,No injury/unknown,IMPROPER TURNING,18TH & DUNN ST,39.180352,-86.5284
2006,9,1,Weekend,200,1-Car,Non-incapacitating,ALCOHOLIC BEVERAGES,18TH & DUNN STREET ST,39.180352,-86.5284