Year,Month,Day,Weekend?,Hour,Collision Type,Injury Type,Primary Factor,Reported_Location,Latitude,Longitude
2006,9,2,Weekday,900,2-Car,No injury/unknown,GLARE,18TH ST & GRANT,39.180352,-86.529792
2006,1,1,Weekend,1200,Moped/Motorcycle,Non-incapacitating,RAN OFF ROAD RIGHT,VERNAL & WOODYARD,39.18034389,-86.56521512
2006,2,1,Weekend,1300,2-Car,No injury/unknown,IMPROPER TURNING,17TH ST & SR45,39.17984,-86.507088
2006,6,6,Weekday,1700,2-Car,No injury/unknown,FOLLOWING TOO CLOSELY,17TH & SR 45,39.17984,-86.507088
2006,2,2,Weekday,900,2-Car,Non-incapacitating,FAILURE TO YIELD RIGHT OF WAY,17TH & SR 45,39.17984,-86.507088
2006,2,4,Weekday,1900,2-Car,Non-incapacitating,FAILURE TO YIELD RIGHT OF WAY,17TH & SR46,39.17984,-86.507088
2006,5,2,Weekday,1400,1-Car,No injury/unknown,OVERCORRECTING/OVERSTEERING,17TH & SR4546N,39.17984,-86.507088
2006,8,7,Weekend,2300,1-Car,Non-incapacitating,ANIMAL/OBJECT IN ROADWAY,17TH & SR46W,39.17984,-86.507088
2006,10,6,Weekend,2100,2-Car,No injury/unknown,FOLLOWING TOO CLOSELY,17TH ST & SR 45 46,39.17984,-86.507088
2006,10,6,Weekday,1300,2-Car,No injury/unknown,FOLLOWING TOO CLOSELY,17TH ST & SR 45 46 BYPASS,39.17984,-86.507088
2006,10,6,Weekday,1700,2-Car,No injury/unknown,SPEED TOO FAST FOR WEATHER CONDITIONS,17TH & SR46E,39.17984,-86.507088
2006,11,3,Weekday,1700,2-Car,No injury/unknown,FOLLOWING TOO CLOSELY,17TH & SR 45  46 BYP,39.17984,-86.507088
2006,11,6,Weekend,2100,3+ Cars,No injury/unknown,FOLLOWING TOO CLOSELY,E 17TH & SR45N,39.17984,-86.507088
2006,11,5,Weekday,1800,1-Car,No injury/unknown,IMPROPER TURNING,17TH & SR46W,39.17984,-86.507088
2006,11,3,Weekday,1900,1-Car,No injury/unknown,ANIMAL/OBJECT IN ROADWAY,17TH & SR4546E,39.17984,-86.507088
2006,11,5,Weekday,700,1-Car,No injury/unknown,RAN OFF ROAD RIGHT,E 17TH & SR46E,39.17984,-86.507088
2006,12,3,Weekday,2300,2-Car,No injury/unknown,FOLLOWING TOO CLOSELY,17TH ST & 46 BYPASS,39.17984,-86.507088
2006,12,2,Weekday,2000,1-Car,Non-incapacitating,UNSAFE SPEED,17TH & SR4546E,39.17984,-86.507088
2006,12,6,Weekday,1700,2-Car,No injury/unknown,OTHER (DRIVER) - EXPLAIN IN NARRATIVE,E 17TH ST & ST RD 46,39.17984,-86.507088
2006,12,5,Weekday,300,3+ Cars,No injury/unknown,ALCOHOLIC BEVERAGES,17TH & WOODBURN AVE,39.17979991,-86.53601988
2006,3,1,Weekend,100,3+ Cars,No injury/unknown,OVERCORRECTING/OVERSTEERING,N RANGE RD,39.17975117,-86.49529366
2006,5,7,Weekend,1000,2-Car,No injury/unknown,IMPROPER TURNING,N RANGE RD,39.17975117,-86.49529366
2006,8,6,Weekend,2300,2-Car,No injury/unknown,UNSAFE BACKING,N JORDAN AVE,39.17967426,-86.511088
2006,3,3,Weekday,1000,2-Car,No injury/unknown,IMPROPER TURNING,19TH & DUNN ST,39.17966672,-86.5284
2006,2,3,Weekday,900,3+ Cars,No injury/unknown,OTHER (DRIVER) - EXPLAIN IN NARRATIVE,WOODBURN,39.1794156,-86.53602554
2006,5,6,Weekday,100,1-Car,Non-incapacitating,OTHER (DRIVER) - EXPLAIN IN NARRATIVE,ARLINGTON PARK DR,39.1793458,-86.54728221
2006,7,3,Weekday,1500,1-Car,No injury/unknown,CELL PHONE USAGE,17TH ST & MONROE,39.17924801,-86.55063286
2006,11,4,Weekday,1200,2-Car,Non-incapacitating,UNSAFE BACKING,VERNAL  PIKE,39.179248,-86.573912
2006,10,1,Weekend,1100,2-Car,No injury/unknown,OTHER (DRIVER) - EXPLAIN IN NARRATIVE,CURRY & VERNAL PARK,39.179248,-86.5832
2006,12,7,Weekend,1300,2-Car,Non-incapacitating,DISREGARD SIGNAL/REG SIGN,CURRY & VERNAL,39.179248,-86.5832
2006,2,3,Weekday,800,1-Car,Non-incapacitating,FAILURE TO YIELD RIGHT OF WAY,17TH ST & MONROE,39.179248,-86.547104
2006,2,7,Weekend,1500,1-Car,No injury/unknown,RAN OFF ROAD RIGHT,ARLINGTON RD & MONROE,39.179248,-86.547104
2006,3,6,Weekday,1100,3+ Cars,Non-incapacitating,FAILURE TO YIELD RIGHT OF WAY,17TH ST & MONROE,39.179248,-86.547104
2006,3,2,Weekday,700,2-Car,No injury/unknown,FAILURE TO YIELD RIGHT OF WAY,N MONROE & W 17TH ST,39.179248,-86.547104
2006,5,5,Weekday,1600,1-Car,No injury/unknown,SPEED TOO FAST FOR WEATHER CONDITIONS,17TH ST & MONROE,39.179248,-86.547104
2006,6,5,Weekday,1700,2-Car,No injury/unknown,OTHER (DRIVER) - EXPLAIN IN NARRATIVE,17TH ST & MONROE,39.179248,-86.547104
2006,6,2,Weekday,1000,2-Car,Non-incapacitating,IMPROPER PASSING,ARLINGTON RD & MONROE,39.179248,-86.547104
2006,9,7,Weekend,2000,2-Car,No injury/unknown,OTHER (VEHICLE) - EXPLAIN IN NARRATIVE,W 17TH ST,39.179248,-86.54678008
2006,9,4,Weekday,0,1-Car,Non-incapacitating,STEERING FAILURE,1400 W 17TH ST & N MONROE,39.179248,-86.547104
2006,9,4,Weekday,1700,2-Car,No injury/unknown,FAILURE TO YIELD RIGHT OF WAY,17TH ST & MONROE,39.179248,-86.547104
2006,10,5,Weekday,1300,2-Car,Non-incapacitating,SPEED TOO FAST FOR WEATHER CONDITIONS,17TH ST & LINDBERGH,39.179248,-86.552592
2006,11,3,Weekday,1100,2-Car,Non-incapacitating,FAILURE TO YIELD RIGHT OF WAY,E 17TH ST & LINDBERGH,39.179248,-86.552592
2006,11,4,Weekday,1100,3+ Cars,No injury/unknown,FOLLOWING TOO CLOSELY,ARLINGTON & W 17TH ST,39.179248,-86.547104
2006,12,4,Weekday,1900,2-Car,No injury/unknown,FOLLOWING TOO CLOSELY,17TH ST & MONROE,39.179248,-86.547104
2006,12,1,Weekend,200,2-Car,No injury/unknown,UNSAFE BACKING,W 17TH ST,39.179248,-86.54678008
2006,12,6,Weekend,2000,2-Car,Non-incapacitating,IMPROPER TURNING,CURRY PIKE & VERNAL PIKE,39.179248,-86.5832
2006,9,5,Weekday,1700,2-Car,No injury/unknown,FOLLOWING TOO CLOSELY,E 17TH & SR46E,39.1792375,-86.50660211
2006,8,6,Weekday,1800,2-Car,No injury/unknown,FOLLOWING TOO CLOSELY,17TH ST & SR45 46,39.1792,-86.50839814
2006,10,2,Weekday,1800,2-Car,No injury/unknown,LEFT OF CENTER,SEVENTEENTH ST & SR 46,39.1792,-86.50839078
2006,12,4,Weekday,300,1-Car,No injury/unknown,TIRE FAILURE OR DEFECTIVE,17TH ST & WILLIS,39.1791828,-86.54577702
2006,7,1,Weekend,1500,2-Car,No injury/unknown,DRIVER DISTRACTED - EXPLAIN IN NARRATIVE,17TH ST & LINGLEBACH,39.179152,-86.508592
2006,4,4,Weekday,1700,2-Car,No injury/unknown,DRIVER DISTRACTED - EXPLAIN IN NARRATIVE,17TH & SR46,39.17914131,-86.50652454
2006,5,3,Weekday,1500,2-Car,Non-incapacitating,FAILURE TO YIELD RIGHT OF WAY,17TH ST & LINDBERG,39.1791,-86.55
2006,5,4,Weekday,1600,1-Car,Non-incapacitating,SPEED TOO FAST FOR WEATHER CONDITIONS,17TH ST & CRESENT,39.1791,-86.554499
2006,7,2,Weekday,800,2-Car,No injury/unknown,FAILURE TO YIELD RIGHT OF WAY,17TH STREET ST & LINDBERG STREET,39.1791,-86.55
2006,1,1,Weekend,1200,2-Car,No injury/unknown,DISREGARD SIGNAL/REG SIGN,17TH & FEE,39.179049,-86.518999
2006,1,6,Weekday,1400,2-Car,No injury/unknown,OTHER (DRIVER) - EXPLAIN IN NARRATIVE,17TH ST & LINCOLN,39.17904,-86.53120269
2006,7,6,Weekday,1700,2-Car,No injury/unknown,FOLLOWING TOO CLOSELY,17TH & DUNN ST,39.17904,-86.5284
2006,3,5,Weekday,1400,2-Car,No injury/unknown,,E 17TH & N DUNN ST,39.17904,-86.5284
2006,5,7,Weekend,1200,2-Car,Non-incapacitating,FAILURE TO YIELD RIGHT OF WAY,17TH & LINCOLN,39.17904,-86.530848
2006,1,2,Weekday,2100,2-Car,No injury/unknown,UNSAFE BACKING,DUNN ST,39.17904,-86.5284
2006,2,4,Weekday,1600,3+ Cars,No injury/unknown,FOLLOWING TOO CLOSELY,17TH & DUNN,39.17904,-86.5284
2006,1,7,Weekend,1000,2-Car,No injury/unknown,FAILURE TO YIELD RIGHT OF WAY,17TH ST & LINCOLN,39.17904,-86.530848
2006,3,4,Weekday,2000,2-Car,No injury/unknown,DRIVER DISTRACTED - EXPLAIN IN NARRATIVE,17TH & LINCOLN ST,39.17904,-86.530848
2006,6,1,Weekday,2200,2-Car,No injury/unknown,OTHER (DRIVER) - EXPLAIN IN NARRATIVE,17 ST & LINCOLN,39.17904,-86.530848
2006,8,5,Weekday,1600,3+ Cars,No injury/unknown,FAILURE TO YIELD RIGHT OF WAY,17TH ST & LINCOLN,39.17904,-86.530848
2006,9,3,Weekday,800,2-Car,No injury/unknown,IMPROPER TURNING,17TH ST & DUNN,39.17904,-86.5284
2006,10,2,Weekday,1700,3+ Cars,No injury/unknown,SPEED TOO FAST FOR WEATHER CONDITIONS,E 17TH ST & N DUNN,39.17904,-86.5284
2006,10,6,Weekday,1300,2-Car,No injury/unknown,UNSAFE SPEED,17TH ST & DUNN,39.17904,-86.5284
2006,10,3,Weekday,1200,2-Car,No injury/unknown,UNSAFE SPEED,17TH ST & DUNN,39.17904,-86.52875289
2006,11,3,Weekday,1500,2-Car,No injury/unknown,FAILURE TO YIELD RIGHT OF WAY,E 17TH ST & N WASHINGTON,39.17904,-86.532096
2006,11,1,Weekend,1600,2-Car,No injury/unknown,OTHER (DRIVER) - EXPLAIN IN NARRATIVE,E 17TH ST & N DUNN,39.17904,-86.5284
2006,11,2,Weekday,2000,Cyclist,Non-incapacitating,PEDESTRIAN ACTION,17TH & DUNN ST,39.17904,-86.5284
2006,12,7,Weekend,900,2-Car,No injury/unknown,OTHER (ENVIRONMENTAL) - EXPLAIN IN NARR,1200 NORTH LINCOLN ST & EAST 17TH,39.17904,-86.530848
2006,12,1,Weekend,1500,2-Car,No injury/unknown,STEERING FAILURE,E 17TH ST & N DUNN,39.17904,-86.5284
2006,12,4,Weekday,1000,2-Car,No injury/unknown,FAILURE TO YIELD RIGHT OF WAY,DUNN ST,39.17904,-86.5284
2006,1,7,Weekend,900,2-Car,No injury/unknown,DISREGARD SIGNAL/REG SIGN,17TH & JACKSON,39.179024,-86.539616
2006,3,3,Weekday,1600,2-Car,No injury/unknown,FOLLOWING TOO CLOSELY,JACKSON & WEST 17TH STREET ST,39.179024,-86.539616
2006,4,4,Weekday,1700,2-Car,No injury/unknown,OTHER (DRIVER) - EXPLAIN IN NARRATIVE,17TH ST & INDIANA,39.179024,-86.5272
2006,9,3,Weekday,1200,2-Car,No injury/unknown,FOLLOWING TOO CLOSELY,17TH ST & INDIANA,39.179024,-86.5272
2006,9,3,Weekday,1800,2-Car,No injury/unknown,FOLLOWING TOO CLOSELY,17TH ST & INDIANA,39.179024,-86.5272
2006,9,7,Weekend,1300,2-Car,No injury/unknown,FOLLOWING TOO CLOSELY,17TH ST & INDIANA,39.179024,-86.5272
2006,10,3,Weekday,800,2-Car,No injury/unknown,FAILURE TO YIELD RIGHT OF WAY,17TH ST & JACKSON,39.179024,-86.539616
2006,11,3,Weekday,1700,2-Car,No injury/unknown,FOLLOWING TOO CLOSELY,E 17TH & N INDIANA AVE,39.179024,-86.5272
2006,4,3,Weekday,1600,2-Car,No injury/unknown,FOLLOWING TOO CLOSELY,17TH ST & INDIANA,39.17902357,-86.52716454
2006,11,4,Weekday,1400,1-Car,No injury/unknown,OTHER (DRIVER) - EXPLAIN IN NARRATIVE,17 ST,39.17901461,-86.53064485
2006,3,2,Weekday,1600,2-Car,No injury/unknown,OTHER (DRIVER) - EXPLAIN IN NARRATIVE,17TH ST & DUNN AND 19TH,39.179008,-86.525888
2006,6,6,Weekday,1300,1-Car,No injury/unknown,OVERCORRECTING/OVERSTEERING,17TH ST & FESS,39.179008,-86.525888
2006,9,6,Weekday,1500,2-Car,No injury/unknown,UNSAFE BACKING,17TH ST & FESS,39.179008,-86.525888
2006,10,3,Weekday,1600,Bus,No injury/unknown,OTHER (DRIVER) - EXPLAIN IN NARRATIVE,E 17TH ST,39.179008,-86.525888
2006,11,5,Weekday,1500,2-Car,No injury/unknown,DRIVER DISTRACTED - EXPLAIN IN NARRATIVE,E 17TH ST,39.179008,-86.525888
2006,11,5,Weekday,1900,2-Car,No injury/unknown,OTHER (DRIVER) - EXPLAIN IN NARRATIVE,E 17TH ST,39.179008,-86.525888
2006,11,7,Weekend,1300,2-Car,No injury/unknown,UNSAFE BACKING,17TH ST & FESS,39.179008,-86.525888
2006,11,4,Weekday,1800,3+ Cars,No injury/unknown,SPEED TOO FAST FOR WEATHER CONDITIONS,17TH ST & FESS,39.179008,-86.525888
2006,11,5,Weekday,1800,2-Car,No injury/unknown,OTHER (DRIVER) - EXPLAIN IN NARRATIVE,17TH ST,39.179008,-86.525888
2006,11,5,Weekday,1800,2-Car,No injury/unknown,SPEED TOO FAST FOR WEATHER CONDITIONS,17TH ST & FESS,39.179008,-86.525888
2006,12,6,Weekday,1200,2-Car,No injury/unknown,OTHER (DRIVER) - EXPLAIN IN NARRATIVE,E 17 TH ST,39.179008,-86.525888
2006,3,5,Weekday,1900,2-Car,No injury/unknown,BRAKE FAILURE OR DEFECTIVE,17 TH & KINSER PIKE,39.179003,-86.537699
2006,3,6,Weekday,900,2-Car,No injury/unknown,UNSAFE BACKING,17TH ST & FEE,39.179,-86.52251961
2006,6,1,Weekday,2100,2-Car,No injury/unknown,,EAST 17TH ST,39.179,-86.529445
2006,7,5,Weekday,600,2-Car,No injury/unknown,OTHER (VEHICLE) - EXPLAIN IN NARRATIVE,17TH ST & COLLEGE,39.179,-86.533499
2006,9,3,Weekday,800,2-Car,No injury/unknown,OTHER (VEHICLE) - EXPLAIN IN NARRATIVE,17TH ST & JACKSON,39.179,-86.53771531
2006,10,4,Weekday,1400,2-Car,No injury/unknown,UNSAFE BACKING,EAST SEVENTEENTH ST,39.179,-86.528178
2006,9,7,Weekend,1500,2-Car,No injury/unknown,ROADWAY SURFACE CONDITION,17TH ST & FESS,39.17899616,-86.52412364
2006,1,1,Weekend,1700,2-Car,No injury/unknown,FAILURE TO YIELD RIGHT OF WAY,17TH ST,39.178992,-86.532744
2006,1,5,Weekday,1100,2-Car,No injury/unknown,OTHER (DRIVER) - EXPLAIN IN NARRATIVE,17TH & KINSER,39.178992,-86.537792
2006,2,3,Weekday,1000,2-Car,No injury/unknown,FAILURE TO YIELD RIGHT OF WAY,17TH ST & KINSER,39.178992,-86.537792
2006,3,3,Weekday,700,2-Car,No injury/unknown,FAILURE TO YIELD RIGHT OF WAY,17TH & MADISON ST,39.178992,-86.537792
2006,3,4,Weekday,1000,2-Car,No injury/unknown,OTHER (VEHICLE) - EXPLAIN IN NARRATIVE,1221 N MADISON ST ST & 400 W 17TH,39.178992,-86.537792
2006,4,3,Weekday,900,2-Car,No injury/unknown,DRIVER DISTRACTED - EXPLAIN IN NARRATIVE,17TH & MADISON ST,39.178992,-86.537792
2006,5,3,Weekday,1100,2-Car,No injury/unknown,FAILURE TO YIELD RIGHT OF WAY,17TH & KINSER PIKE,39.178992,-86.537792
2006,7,6,Weekday,1300,2-Car,No injury/unknown,DISREGARD SIGNAL/REG SIGN,17TH ST & KINSER,39.178992,-86.537792
2006,8,1,Weekend,1700,2-Car,No injury/unknown,ALCOHOLIC BEVERAGES,17TH & MADISON ST,39.178992,-86.537792
2006,8,4,Weekday,1200,3+ Cars,No injury/unknown,FOLLOWING TOO CLOSELY,SEVENTEENTH ST & WOODLAWN,39.178992,-86.523504
2006,10,3,Weekday,900,2-Car,No injury/unknown,FOLLOWING TOO CLOSELY,SEVENTEENTH ST & WOODLAWN,39.178992,-86.523504
2006,10,6,Weekday,1500,3+ Cars,No injury/unknown,SPEED TOO FAST FOR WEATHER CONDITIONS,17 TH ST & WOODLAWN,39.178992,-86.523504
2006,10,6,Weekday,1700,2-Car,No injury/unknown,SPEED TOO FAST FOR WEATHER CONDITIONS,17 TH ST & WOODLAWN,39.178992,-86.523504
2006,12,4,Weekday,1300,2-Car,No injury/unknown,FOLLOWING TOO CLOSELY,17TH & N KINSER PIKE,39.178992,-86.537792
2006,12,1,Weekend,1600,2-Car,No injury/unknown,LEFT OF CENTER,1410 N JORDAN & JORDAN AVE,39.17898533,-86.511088
2006,3,6,Weekday,1700,2-Car,No injury/unknown,FOLLOWING TOO CLOSELY,17 ST & WOODBURN,39.178976,-86.536032
2006,5,7,Weekend,700,1-Car,No injury/unknown,RAN OFF ROAD RIGHT,214 W 17TH ST ST & N WOODBURN,39.178976,-86.536032
2006,8,7,Weekend,1600,2-Car,No injury/unknown,ALCOHOLIC BEVERAGES,W 17TH ST & WOODBURN,39.178976,-86.536032
2006,10,2,Weekday,1700,2-Car,No injury/unknown,FOLLOWING TOO CLOSELY,FORREST & SEVENTEENTH ST,39.178976,-86.5224
2006,4,5,Weekday,1300,2-Car,No injury/unknown,OTHER (DRIVER) - EXPLAIN IN NARRATIVE,17TH & FEE,39.17896886,-86.52181458
2006,5,6,Weekday,1800,2-Car,No injury/unknown,FAILURE TO YIELD RIGHT OF WAY,17TH ST & FEE,39.17896,-86.521088
2006,4,6,Weekday,1200,2-Car,No injury/unknown,DRIVER DISTRACTED - EXPLAIN IN NARRATIVE,17TH ST & WALNUT,39.17896,-86.521088
2006,10,2,Weekday,1200,2-Car,No injury/unknown,UNSAFE BACKING,MACS STORE & W 17TH ST,39.17896,-86.53472
2006,1,5,Weekday,2100,2-Car,No injury/unknown,UNSAFE BACKING,W 17TH,39.17896,-86.53472
2006,4,1,Weekday,1900,2-Car,No injury/unknown,DISREGARD SIGNAL/REG SIGN,17TH ST & COLLEGE,39.17896,-86.53472
2006,5,5,Weekday,1400,2-Car,No injury/unknown,OTHER (DRIVER) - EXPLAIN IN NARRATIVE,N COLLEGE AVE & W 17TH,39.17896,-86.53472
2006,7,6,Weekend,2300,2-Car,No injury/unknown,WRONG WAY ON ONE WAY,17TH & COLLEGE AVE,39.17896,-86.53472
2006,9,7,Weekend,1900,2-Car,No injury/unknown,UNSAFE SPEED,17TH & WALNUT GRV,39.17896,-86.521088
2006,10,3,Weekday,1900,Moped/Motorcycle,No injury/unknown,FAILURE TO YIELD RIGHT OF WAY,17TH ST & COLLEGE,39.17896,-86.53472
2006,11,5,Weekday,1800,2-Car,No injury/unknown,FAILURE TO YIELD RIGHT OF WAY,17TH ST & COLLEGE,39.17896,-86.53472
2006,10,5,Weekday,1400,1-Car,No injury/unknown,SPEED TOO FAST FOR WEATHER CONDITIONS,17TH ST & WALNUT GROVE,39.17896,-86.521088
2006,10,6,Weekday,1700,2-Car,No injury/unknown,SPEED TOO FAST FOR WEATHER CONDITIONS,17 TH ST & WALNUT,39.17896,-86.521088
2006,12,3,Weekday,1400,1-Car,No injury/unknown,UNSAFE BACKING,E 17TH ST,39.17896,-86.521088
2006,2,3,Weekday,1900,2-Car,Non-incapacitating,UNSAFE BACKING,17TH ST & COLLEGE,39.17895786,-86.53454268
2006,9,2,Weekday,1400,2-Car,Non-incapacitating,FOLLOWING TOO CLOSELY,17TH ST & WALNUT,39.17895785,-86.52094687
2006,10,5,Weekday,1700,2-Car,Non-incapacitating,FAILURE TO YIELD RIGHT OF WAY,17TH ST & WALNUT GROVE,39.17895785,-86.52094687
2006,10,1,Weekend,1800,2-Car,Non-incapacitating,FAILURE TO YIELD RIGHT OF WAY,17TH ST & N WALNUT,39.17895701,-86.53321635
2006,6,3,Weekday,1500,1-Car,No injury/unknown,UNSAFE BACKING,E 17TH ST,39.17895065,-86.52955121
2006,9,4,Weekday,1800,2-Car,No injury/unknown,FAILURE TO YIELD RIGHT OF WAY,E 17TH ST,39.17894926,-86.52038464
2006,3,5,Weekday,1600,2-Car,No injury/unknown,DISREGARD SIGNAL/REG SIGN,17TH & WALNUT ST,39.178944,-86.533392
2006,5,2,Weekday,1600,2-Car,No injury/unknown,FOLLOWING TOO CLOSELY,17TH ST & GRANT,39.178944,-86.5296
2006,5,4,Weekday,1700,2-Car,No injury/unknown,DISREGARD SIGNAL/REG SIGN,17TH & WALNUT ST,39.178944,-86.533392
2006,8,3,Weekday,1400,Bus,No injury/unknown,IMPROPER TURNING,17TH ST & N WALNUT,39.178944,-86.533392
2006,9,2,Weekday,2000,2-Car,No injury/unknown,DISREGARD SIGNAL/REG SIGN,17TH ST & WALNUT,39.178944,-86.533392
2006,10,2,Weekday,1400,3+ Cars,No injury/unknown,ROADWAY SURFACE CONDITION,17TH ST & GRANT,39.178944,-86.5296
2006,2,1,Weekday,1900,2-Car,No injury/unknown,SPEED TOO FAST FOR WEATHER CONDITIONS,17TH ST & FEE,39.17893883,-86.51970124
2006,4,6,Weekday,400,1-Car,Non-incapacitating,PEDESTRIAN ACTION,17TH ST & FEE,39.17893206,-86.51925796
2006,1,4,Weekday,1300,1-Car,Non-incapacitating,OTHER (DRIVER) - EXPLAIN IN NARRATIVE,17TH ST & FEE,39.178928,-86.518992
2006,9,4,Weekday,1800,2-Car,No injury/unknown,SPEED TOO FAST FOR WEATHER CONDITIONS,E17TH ST & N FEE,39.178928,-86.518992
2006,10,6,Weekday,1600,2-Car,No injury/unknown,FAILURE TO YIELD RIGHT OF WAY,17TH ST & FEE,39.178928,-86.518992
2006,10,5,Weekday,1400,2-Car,No injury/unknown,SPEED TOO FAST FOR WEATHER CONDITIONS,17TH ST & FEE,39.178928,-86.518992
2006,10,5,Weekday,1700,2-Car,No injury/unknown,FOLLOWING TOO CLOSELY,17 TH ST & FEE,39.178928,-86.518992
2006,11,1,Weekend,0,2-Car,No injury/unknown,FAILURE TO YIELD RIGHT OF WAY,17TH STREET ST & FEE LANE,39.178928,-86.518992
2006,2,3,Weekday,900,1-Car,No injury/unknown,SPEED TOO FAST FOR WEATHER CONDITIONS,17TH ST & FEE LANE,39.17891065,-86.51758064
2006,11,7,Weekend,2000,1-Car,No injury/unknown,ANIMAL/OBJECT IN ROADWAY,17TH ST & N JORDAN,39.178848,-86.51170555
2006,3,6,Weekday,1500,2-Car,No injury/unknown,OTHER (DRIVER) - EXPLAIN IN NARRATIVE,JORDAN & JORDAN AVE,39.178848,-86.511088
2006,8,5,Weekday,800,2-Car,No injury/unknown,UNSAFE BACKING,600 NORTH JORDAN PARKING LOT & JORDAN AVE,39.178848,-86.511088
2006,8,5,Weekday,100,2-Car,No injury/unknown,FAILURE TO YIELD RIGHT OF WAY,1500 NORTH JORDAN PARKING LOT & NORTH JORDAN AVE,39.178848,-86.511088
2006,10,4,Weekday,1800,2-Car,No injury/unknown,VIEW OBSTRUCTED,17TH & N JORDAN AVE,39.178848,-86.511088
2006,11,3,Weekday,1100,2-Car,No injury/unknown,FAILURE TO YIELD RIGHT OF WAY,17TH ST & JORDAN,39.178848,-86.511088
2006,10,3,Weekday,1000,2-Car,No injury/unknown,ROADWAY SURFACE CONDITION,17TH & MADISON ST,39.17882725,-86.53778701
2006,2,4,Weekday,2100,2-Car,No injury/unknown,IMPROPER TURNING,17TH & FEE LN,39.17851618,-86.51898895
2006,12,3,Weekday,1700,2-Car,No injury/unknown,FOLLOWING TOO CLOSELY,SR45N & TENTH,39.17851161,-86.47538683
2006,10,7,Weekend,1500,2-Car,No injury/unknown,FAILURE TO YIELD RIGHT OF WAY,17TH & WOODLAWN AVE,39.17844269,-86.523504
2006,8,6,Weekday,1200,2-Car,No injury/unknown,OTHER (DRIVER) - EXPLAIN IN NARRATIVE,FEE LN,39.178028,-86.518805
2006,11,6,Weekday,1100,2-Car,No injury/unknown,IMPROPER TURNING,S WALNUT ST,39.17789576,-86.53340719
2006,11,7,Weekend,2200,Pedestrian,Non-incapacitating,OTHER (DRIVER) - EXPLAIN IN NARRATIVE,S WALNUT ST,39.17785115,-86.53340784
2006,11,4,Weekday,2200,2-Car,No injury/unknown,SPEED TOO FAST FOR WEATHER CONDITIONS,WALNUT ST,39.17785115,-86.53340784
2006,1,5,Weekday,1100,2-Car,No injury/unknown,OTHER (DRIVER) - EXPLAIN IN NARRATIVE,GRIMES & WALNUT ST,39.17784,-86.533408
2006,7,7,Weekend,200,Cyclist,Non-incapacitating,PEDESTRIAN ACTION,1ST & WALNUT ST,39.17784,-86.533408
2006,10,1,Weekend,100,2-Car,No injury/unknown,UNSAFE BACKING,E 16TH ST,39.177808,-86.532176
2006,8,4,Weekday,1900,2-Car,No injury/unknown,FAILURE TO YIELD RIGHT OF WAY,16TH & LINCOLN ST,39.177792,-86.530864
2006,10,7,Weekend,1400,2-Car,No injury/unknown,FAILURE TO YIELD RIGHT OF WAY,16TH ST & LINCOLN,39.177792,-86.530864
2006,4,7,Weekend,2000,2-Car,No injury/unknown,OTHER (DRIVER) - EXPLAIN IN NARRATIVE,EAST 16TH ST & GRANT,39.177776,-86.5296
2006,10,6,Weekday,1600,2-Car,Non-incapacitating,IMPROPER LANE USAGE,SR37 & VERNAL,39.17775822,-86.56096186
2006,6,7,Weekend,1400,2-Car,No injury/unknown,OTHER (DRIVER) - EXPLAIN IN NARRATIVE,16TH ST & MADISON,39.177744,-86.53723068
2006,9,3,Weekday,1000,2-Car,No injury/unknown,FAILURE TO YIELD RIGHT OF WAY,N MADISON ST & W 16TH,39.177744,-86.53776
2006,3,3,Weekday,1200,2-Car,No injury/unknown,UNSAFE BACKING,HENSONBURG RD,39.17774191,-86.56218489
2006,11,5,Weekday,1400,3+ Cars,Non-incapacitating,DISREGARD SIGNAL/REG SIGN,CURRY PIKE & VERNAL,39.177704,-86.583099
2006,7,2,Weekday,900,1-Car,No injury/unknown,UNSAFE BACKING,NORTH JACKSON ST,39.1777,-86.539699
2006,5,3,Weekday,1600,2-Car,No injury/unknown,FAILURE TO YIELD RIGHT OF WAY,HENSONBURG & VERNAL PIKE,39.177648,-86.562
2006,10,3,Weekday,1100,2-Car,No injury/unknown,,15TH & INDIANA AVE,39.1774266,-86.52715904
2006,4,6,Weekday,700,2-Car,No injury/unknown,DRIVER DISTRACTED - EXPLAIN IN NARRATIVE,SR37N & VERNAL,39.17737768,-86.5609886
2006,6,5,Weekday,1300,2-Car,No injury/unknown,DRIVER DISTRACTED - EXPLAIN IN NARRATIVE,SR37S & VERNAL,39.17737768,-86.5609886
2006,9,2,Weekday,900,3+ Cars,No injury/unknown,DISREGARD SIGNAL/REG SIGN,SR37N & VERNAL,39.17737768,-86.5609886
2006,10,6,Weekday,1200,1-Car,Non-incapacitating,DRIVER ASLEEP OR FATIGUED,SR37 & VERNAL,39.17737768,-86.5609886
2006,1,7,Weekend,1600,2-Car,No injury/unknown,UNSAFE BACKING,17TH & FEE LN,39.17729391,-86.5189799