Year,Month,Day,Weekend?,Hour,Collision Type,Injury Type,Primary Factor,Reported_Location,Latitude,Longitude
2006,11,1,Weekend,1400,2-Car,No injury/unknown,IMPROPER TURNING,LINGLEBACH & NORTH JORDAN AVE,39.177248,-86.512496
2006,11,4,Weekday,100,2-Car,No injury/unknown,OTHER (DRIVER) - EXPLAIN IN NARRATIVE,LINGLEBACH LN & N JORDAN,39.177248,-86.512496
2006,6,6,Weekday,1700,2-Car,No injury/unknown,OTHER (DRIVER) - EXPLAIN IN NARRATIVE,SR37S & VERNAL PIKE,39.17720031,-86.56162267
2006,10,3,Weekday,900,2-Car,No injury/unknown,OTHER (DRIVER) - EXPLAIN IN NARRATIVE,SR37S & W VERNAL,39.17714982,-86.56168247
2006,11,3,Weekday,1700,2-Car,Non-incapacitating,FAILURE TO YIELD RIGHT OF WAY,JORDAN AVE & LINGLEBACH,39.17709456,-86.51261325
2006,1,6,Weekday,1400,3+ Cars,Non-incapacitating,FOLLOWING TOO CLOSELY,SR 37 & VERNAL,39.17704993,-86.56180078
2006,11,7,Weekend,300,1-Car,No injury/unknown,RAN OFF ROAD RIGHT,LEMON & WEST VERNAL PIKE,39.17704,-86.5588
2006,8,1,Weekend,1800,2-Car,No injury/unknown,FOLLOWING TOO CLOSELY,10TH & SR45S,39.17702805,-86.47792553
2006,3,7,Weekend,1900,1-Car,No injury/unknown,UNSAFE BACKING,GRIMES & WALNUT,39.17698971,-86.53342171
2006,8,3,Weekday,1500,1-Car,No injury/unknown,RAN OFF ROAD RIGHT,W VERNAL PIKE,39.17695417,-86.56265139
2006,4,1,Weekend,1200,2-Car,No injury/unknown,IMPROPER TURNING,N COLLEGE AVE,39.1769498,-86.53473546
2006,8,5,Weekday,1400,3+ Cars,Non-incapacitating,FOLLOWING TOO CLOSELY,SR37S & VERNAL,39.17694788,-86.56192165
2006,12,1,Weekend,1500,2-Car,Non-incapacitating,OTHER (DRIVER) - EXPLAIN IN NARRATIVE,SR37S & W VERNAL,39.17694788,-86.56192165
2006,1,6,Weekend,2300,1-Car,No injury/unknown,OTHER (DRIVER) - EXPLAIN IN NARRATIVE,E 16TH ST (DUNN ST ENTRANCE) ST,39.17693061,-86.52938318
2006,3,5,Weekday,1900,2-Car,No injury/unknown,UNSAFE BACKING,15TH ST & GRANT,39.176928,-86.5296
2006,3,6,Weekday,1100,2-Car,No injury/unknown,FAILURE TO YIELD RIGHT OF WAY,15TH ST & GRANT,39.176928,-86.5296
2006,1,3,Weekday,2100,2-Car,No injury/unknown,SPEED TOO FAST FOR WEATHER CONDITIONS,15TH ST & LINCOLN,39.1769,-86.53230333
2006,9,2,Weekday,1300,2-Car,Non-incapacitating,DISREGARD SIGNAL/REG SIGN,15TH STREET ST & LINCOLN,39.176896,-86.53088
2006,1,7,Weekend,300,2-Car,No injury/unknown,FAILURE TO YIELD RIGHT OF WAY,15TH & COLLEGE AVE,39.17688,-86.534736
2006,3,7,Weekend,1800,Pedestrian,Non-incapacitating,FAILURE TO YIELD RIGHT OF WAY,1ST ST & COLLEGE,39.17688,-86.534736
2006,3,2,Weekday,800,2-Car,No injury/unknown,DISREGARD SIGNAL/REG SIGN,S COLLEGE & W 1ST ST,39.17688,-86.534736
2006,4,3,Weekday,800,2-Car,Non-incapacitating,OTHER (DRIVER) - EXPLAIN IN NARRATIVE,1ST ST & COLLEGE,39.17688,-86.534736
2006,7,1,Weekend,200,Cyclist,Non-incapacitating,WRONG WAY ON ONE WAY,15TH & COLLEGE AVE,39.17688,-86.534736
2006,12,4,Weekday,1600,2-Car,No injury/unknown,FOLLOWING TOO CLOSELY,15TH & COLLEGE AVE,39.17688,-86.534736
2006,12,2,Weekday,1200,2-Car,Non-incapacitating,IMPROPER TURNING,N COLLEGE AVE & W 15TH,39.17688,-86.534736
2006,5,5,Weekday,1800,2-Car,No injury/unknown,FOLLOWING TOO CLOSELY,E 10TH ST & SR46,39.176848,-86.478192
2006,7,4,Weekday,1100,2-Car,No injury/unknown,,E 10TH ST & SR 45,39.176848,-86.478192
2006,3,4,Weekday,1400,3+ Cars,Non-incapacitating,OTHER (DRIVER) - EXPLAIN IN NARRATIVE,10TH & SR46,39.176848,-86.478192
2006,5,6,Weekday,1300,2-Car,Non-incapacitating,SPEED TOO FAST FOR WEATHER CONDITIONS,10TH & SR46,39.176848,-86.478192
2006,2,3,Weekday,1600,2-Car,No injury/unknown,PASSENGER DISTRACTION,10TH & SR46,39.176848,-86.478192
2006,2,7,Weekend,1000,2-Car,No injury/unknown,DISREGARD SIGNAL/REG SIGN,10TH ST & SR45,39.176848,-86.478192
2006,3,2,Weekday,1200,2-Car,No injury/unknown,FOLLOWING TOO CLOSELY,E 10TH & SR4546N,39.176848,-86.478192
2006,4,7,Weekend,1200,2-Car,No injury/unknown,IMPROPER TURNING,15TH & WALNUT ST,39.176848,-86.533424
2006,8,6,Weekday,1500,2-Car,No injury/unknown,FAILURE TO YIELD RIGHT OF WAY,EAST 10TH & SR4546S,39.176848,-86.478192
2006,9,2,Weekday,2100,2-Car,No injury/unknown,FAILURE TO YIELD RIGHT OF WAY,10TH & SR4546S,39.176848,-86.478192
2006,10,6,Weekend,2000,2-Car,No injury/unknown,FOLLOWING TOO CLOSELY,10TH & SR46,39.176848,-86.478192
2006,10,6,Weekday,1500,2-Car,No injury/unknown,IMPROPER LANE USAGE,E 10TH ST & SR46,39.176848,-86.478192
2006,11,7,Weekend,2300,2-Car,No injury/unknown,FAILURE TO YIELD RIGHT OF WAY,10TH & SR46E,39.176848,-86.478192
2006,11,7,Weekend,1500,2-Car,Non-incapacitating,FAILURE TO YIELD RIGHT OF WAY,10TH & SR46,39.176848,-86.478192
2006,11,4,Weekday,1800,2-Car,No injury/unknown,DISREGARD SIGNAL/REG SIGN,E 10TH & SR4546S,39.176848,-86.478192
2006,12,2,Weekday,1600,2-Car,No injury/unknown,IMPROPER TURNING,SR45S & TENTH,39.176848,-86.478192
2006,12,6,Weekday,1800,2-Car,No injury/unknown,FOLLOWING TOO CLOSELY,E 10TH & SR46N,39.176848,-86.478192
2006,4,7,Weekend,1200,2-Car,No injury/unknown,FOLLOWING TOO CLOSELY,SR37N & W VERNAL,39.17684691,-86.56204123
2006,8,4,Weekday,1600,2-Car,No injury/unknown,FAILURE TO YIELD RIGHT OF WAY,EAST 10TH & SR45N,39.17675101,-86.47836317
2006,9,7,Weekend,1300,2-Car,No injury/unknown,SPEED TOO FAST FOR WEATHER CONDITIONS,SR37S & VERNAL,39.17674594,-86.56216082
2006,9,6,Weekday,1600,2-Car,No injury/unknown,FOLLOWING TOO CLOSELY,SR37N & W VERNAL,39.17674594,-86.56216082
2006,9,7,Weekend,1600,2-Car,No injury/unknown,OTHER (DRIVER) - EXPLAIN IN NARRATIVE,SR37S & W VERNAL,39.17669546,-86.56222062
2006,1,5,Weekday,1700,2-Car,Non-incapacitating,FOLLOWING TOO CLOSELY,SR37 & VERNAL PIKE,39.17664316,-86.56246077
2006,4,7,Weekend,1600,2-Car,No injury/unknown,IMPROPER LANE USAGE,N MAPLE ST & W 15TH ST ST,39.17664,-86.542096
2006,7,3,Weekday,1400,Pedestrian,Incapacitating,PEDESTRIAN ACTION,N MAPLE ST & W 15TH,39.17664,-86.542096
2006,7,2,Weekday,1700,2-Car,No injury/unknown,OTHER (DRIVER) - EXPLAIN IN NARRATIVE,SR45 & TENTH,39.17663785,-86.47856286
2006,4,5,Weekday,1900,2-Car,Non-incapacitating,FOLLOWING TOO CLOSELY,SR 37 & VERNAL PIKE,39.1766,-86.562449
2006,1,2,Weekday,1700,2-Car,Non-incapacitating,UNSAFE SPEED,SR37 & VERNAL,39.176544,-86.5624
2006,2,5,Weekday,1500,2-Car,Non-incapacitating,FOLLOWING TOO CLOSELY,SR37 & VERNAL,39.176544,-86.5624
2006,7,6,Weekday,1100,2-Car,No injury/unknown,FOLLOWING TOO CLOSELY,SR37 & VERNAL,39.176544,-86.5624
2006,2,5,Weekday,2100,2-Car,Non-incapacitating,DISREGARD SIGNAL/REG SIGN,SR37N & VERNAL,39.176544,-86.5624
2006,4,7,Weekend,1100,3+ Cars,Non-incapacitating,SPEED TOO FAST FOR WEATHER CONDITIONS,SR37N & VERNAL,39.176544,-86.5624
2006,5,1,Weekend,500,1-Car,Non-incapacitating,DRIVER ILLNESS,SR37S & VERNAL,39.176544,-86.5624
2006,6,1,Weekend,900,2-Car,Non-incapacitating,SPEED TOO FAST FOR WEATHER CONDITIONS,SR37S & VERNAL,39.176544,-86.5624
2006,7,2,Weekday,1900,2-Car,No injury/unknown,DISREGARD SIGNAL/REG SIGN,SR37N & VERNAL,39.176544,-86.5624
2006,9,6,Weekday,1800,2-Car,No injury/unknown,FAILURE TO YIELD RIGHT OF WAY,SR37N & W VERNAL,39.176544,-86.5624
2006,9,1,Weekday,2300,2-Car,No injury/unknown,ROADWAY SURFACE CONDITION,SR37N & VERNAL,39.176544,-86.5624
2006,9,4,Weekday,1100,2-Car,Incapacitating,DISREGARD SIGNAL/REG SIGN,SR37N & VERNAL,39.176544,-86.5624
2006,10,7,Weekend,1700,2-Car,No injury/unknown,DRIVER DISTRACTED - EXPLAIN IN NARRATIVE,SR37N & VERNAL,39.176544,-86.5624
2006,11,1,Weekend,1300,2-Car,No injury/unknown,FOLLOWING TOO CLOSELY,SR37N & VERNAL,39.176544,-86.5624
2006,11,2,Weekday,1800,2-Car,Non-incapacitating,FOLLOWING TOO CLOSELY,SR37N & VERNAL PIKE,39.176544,-86.5624
2006,11,5,Weekday,1300,2-Car,No injury/unknown,UNSAFE SPEED,SR37N & W VERNAL,39.176544,-86.5624
2006,12,3,Weekday,1000,2-Car,Non-incapacitating,SPEED TOO FAST FOR WEATHER CONDITIONS,SR37S & VERNAL,39.176544,-86.5624
2006,12,4,Weekday,1500,2-Car,Non-incapacitating,OTHER (DRIVER) - EXPLAIN IN NARRATIVE,SR37N & W VERNAL,39.176544,-86.5624
2006,12,2,Weekday,1300,2-Car,Non-incapacitating,FOLLOWING TOO CLOSELY,SR37N & W VERNAL,39.176544,-86.5624
2006,1,2,Weekday,900,Bus,Non-incapacitating,OTHER (DRIVER) - EXPLAIN IN NARRATIVE,10TH & SR45,39.17642123,-86.47894513
2006,10,4,Weekday,1400,2-Car,No injury/unknown,OTHER (DRIVER) - EXPLAIN IN NARRATIVE,FEE LN,39.176401,-86.5189
2006,4,3,Weekday,1700,3+ Cars,No injury/unknown,FOLLOWING TOO CLOSELY,15TH & MADISON ST,39.17622811,-86.53770087
2006,2,7,Weekend,1200,2-Car,Non-incapacitating,FAILURE TO YIELD RIGHT OF WAY,14TH & INDIANA AVE,39.176192,-86.52712
2006,10,6,Weekday,1000,2-Car,No injury/unknown,FAILURE TO YIELD RIGHT OF WAY,14TH & INDIANA AVE,39.176192,-86.52712
2006,10,3,Weekday,0,2-Car,No injury/unknown,PRESCRIPTION DRUGS,14TH & INDIANA ST,39.176192,-86.52712
2006,11,7,Weekend,1700,2-Car,No injury/unknown,FAILURE TO YIELD RIGHT OF WAY,14TH & INDIANA AVE,39.176192,-86.52712
2006,11,5,Weekday,2000,2-Car,No injury/unknown,FAILURE TO YIELD RIGHT OF WAY,E 14TH & N INDIANA AVE,39.176192,-86.52712
2006,9,7,Weekend,1500,2-Car,No injury/unknown,FOLLOWING TOO CLOSELY,SR37N & W VERNAL,39.17617467,-86.56292242
2006,10,6,Weekday,1800,2-Car,No injury/unknown,FOLLOWING TOO CLOSELY,SR37N & W VERNAL,39.17617467,-86.56292242
2006,4,1,Weekend,1500,3+ Cars,No injury/unknown,FOLLOWING TOO CLOSELY,GATES DR & JACOB,39.17617371,-86.575999
2006,8,7,Weekend,2300,3+ Cars,No injury/unknown,IMPROPER LANE USAGE,14TH ST & INDIANA,39.17617156,-86.52782525
2006,9,6,Weekday,1500,2-Car,No injury/unknown,IMPROPER LANE USAGE,14TH ST & DUNN,39.17616,-86.528224
2006,1,3,Weekday,2100,2-Car,No injury/unknown,FAILURE TO YIELD RIGHT OF WAY,14TH ST & WOODLAWN,39.176144,-86.523504
2006,10,7,Weekend,1100,2-Car,No injury/unknown,FAILURE TO YIELD RIGHT OF WAY,14TH ST & FOREST,39.176144,-86.522448
2006,3,5,Weekday,1100,1-Car,No injury/unknown,STEERING FAILURE,CRESCENT RDS & VERNAL,39.17613834,-86.55652667
2006,3,4,Weekday,1900,1-Car,No injury/unknown,OTHER (DRIVER) - EXPLAIN IN NARRATIVE,FEE LN,39.17612549,-86.51898236
2006,10,3,Weekday,1700,2-Car,No injury/unknown,OTHER (DRIVER) - EXPLAIN IN NARRATIVE,N FEE LN,39.17612549,-86.51898236
2006,3,7,Weekend,200,2-Car,Non-incapacitating,ALCOHOLIC BEVERAGES,14 TH & FESS ST,39.176101,-86.525999
2006,3,7,Weekend,400,1-Car,No injury/unknown,UNSAFE BACKING,EAST 14 ST,39.1761,-86.52819
2006,12,3,Weekday,1200,3+ Cars,No injury/unknown,OTHER (DRIVER) - EXPLAIN IN NARRATIVE,SR37N & W VERNAL,39.17608234,-86.56305302
2006,5,3,Weekday,1900,2-Car,No injury/unknown,FOLLOWING TOO CLOSELY,14TH & N MADISON ST,39.176048,-86.537696
2006,8,7,Weekend,1400,2-Car,No injury/unknown,UNSAFE BACKING,E 14TH ST,39.17600327,-86.53063151
2006,4,7,Weekend,1900,2-Car,No injury/unknown,OTHER (DRIVER) - EXPLAIN IN NARRATIVE,EAST 14TH ST,39.176,-86.530717
2006,7,5,Weekday,1300,2-Car,No injury/unknown,SPEED TOO FAST FOR WEATHER CONDITIONS,SR37N & VERNAL PIKE,39.17599001,-86.56318363
2006,8,1,Weekday,1900,2-Car,No injury/unknown,UNSAFE BACKING,14TH ST & COLLEGE,39.175984,-86.534736
2006,8,4,Weekday,2000,2-Car,No injury/unknown,FAILURE TO YIELD RIGHT OF WAY,14TH ST & COLLEGE,39.175984,-86.534736
2006,9,4,Weekday,2200,2-Car,No injury/unknown,IMPROPER TURNING,14TH & NORTH COLLEGE AVE,39.175984,-86.534736
2006,2,7,Weekend,1200,2-Car,Non-incapacitating,FAILURE TO YIELD RIGHT OF WAY,14TH & WALNUT,39.175952,-86.53344
2006,2,4,Weekday,1700,2-Car,Non-incapacitating,FAILURE TO YIELD RIGHT OF WAY,14TH ST & WALNUT,39.175952,-86.53344
2006,3,5,Weekday,0,3+ Cars,Non-incapacitating,DISREGARD SIGNAL/REG SIGN,14TH & WALNUT ST,39.175952,-86.53344
2006,6,4,Weekday,1400,2-Car,Non-incapacitating,FAILURE TO YIELD RIGHT OF WAY,14TH & N WALNUT ST,39.175952,-86.53344
2006,7,2,Weekday,1700,2-Car,No injury/unknown,IMPROPER TURNING,14TH & N WALNUT ST,39.175952,-86.53344
2006,8,1,Weekend,1400,2-Car,No injury/unknown,FAILURE TO YIELD RIGHT OF WAY,14TH & WALNUT ST,39.175952,-86.53344
2006,9,2,Weekday,700,2-Car,No injury/unknown,FAILURE TO YIELD RIGHT OF WAY,14TH & WALNUT ST,39.175952,-86.53344
2006,11,6,Weekday,1200,2-Car,No injury/unknown,FAILURE TO YIELD RIGHT OF WAY,14TH & NORTH WALNUT ST,39.175952,-86.53344
2006,12,7,Weekend,1100,2-Car,No injury/unknown,FAILURE TO YIELD RIGHT OF WAY,E 14TH & N WALNUT ST,39.175952,-86.53344
2006,12,2,Weekday,1000,1-Car,No injury/unknown,GLARE,N WALNUT ST,39.175952,-86.53344
2006,12,7,Weekend,1300,2-Car,No injury/unknown,FAILURE TO YIELD RIGHT OF WAY,14TH & WALNUT ST,39.175952,-86.53344
2006,2,4,Weekday,,1-Car,No injury/unknown,NONE (DRIVER),OOLITIC ST,39.175888,-86.55368049
2006,1,2,Weekday,1500,2-Car,No injury/unknown,FAILURE TO YIELD RIGHT OF WAY,JORDAN AVE & LAW,39.17584147,-86.51357081
2006,1,7,Weekend,2300,1-Car,No injury/unknown,OVERCORRECTING/OVERSTEERING,SR37 & VERNAL,39.17580534,-86.56344483
2006,4,2,Weekday,1700,3+ Cars,No injury/unknown,OTHER (DRIVER) - EXPLAIN IN NARRATIVE,STATE ROAD 46 & WALNUT ST,39.17576869,-86.534599
2006,6,1,Weekend,1200,3+ Cars,No injury/unknown,DRIVER DISTRACTED - EXPLAIN IN NARRATIVE,SR 46 BYPASS & WALNUT ST,39.17576869,-86.534599
2006,4,6,Weekday,1300,2-Car,No injury/unknown,WRONG WAY ON ONE WAY,14TH & WALNUT ST,39.17567738,-86.53344549
2006,10,6,Weekday,1600,1-Car,No injury/unknown,SPEED TOO FAST FOR WEATHER CONDITIONS,SR37N & VERNAL,39.17562068,-86.56370604
2006,12,2,Weekday,1000,1-Car,No injury/unknown,TIRE FAILURE OR DEFECTIVE,SR37N & VERNAL,39.17562068,-86.56370604
2006,12,3,Weekday,1200,2-Car,No injury/unknown,FOLLOWING TOO CLOSELY,SR37N & VERNAL,39.17557082,-86.56377656
2006,2,7,Weekend,1400,Bus,No injury/unknown,FAILURE TO YIELD RIGHT OF WAY,13TH ST & INDIANA,39.175504,-86.527104
2006,2,4,Weekday,2200,2-Car,Non-incapacitating,DISREGARD SIGNAL/REG SIGN,13TH & INDIANA,39.175504,-86.527104
2006,4,5,Weekday,2200,2-Car,Non-incapacitating,ALCOHOLIC BEVERAGES,13TH & INDIANA AVE,39.175504,-86.527104
2006,4,3,Weekday,1000,2-Car,Non-incapacitating,FAILURE TO YIELD RIGHT OF WAY,13TH & INDIANA AVE,39.175504,-86.527104
2006,6,2,Weekday,800,2-Car,Non-incapacitating,FAILURE TO YIELD RIGHT OF WAY,13TH & INDIANA AVE,39.175504,-86.527104
2006,8,5,Weekday,1300,2-Car,Non-incapacitating,FAILURE TO YIELD RIGHT OF WAY,EAST 13TH & NORTH INDIANA AVE,39.175504,-86.527104
2006,9,1,Weekend,1100,2-Car,Non-incapacitating,FAILURE TO YIELD RIGHT OF WAY,13TH & INDIANA AVE,39.175504,-86.527104
2006,9,3,Weekday,1700,2-Car,No injury/unknown,FAILURE TO YIELD RIGHT OF WAY,13TH & INDIANA AVE,39.175504,-86.527104
2006,9,5,Weekday,1600,3+ Cars,No injury/unknown,DISREGARD SIGNAL/REG SIGN,13TH & INDIANA AVE,39.175504,-86.527104
2006,10,7,Weekend,2100,2-Car,No injury/unknown,FAILURE TO YIELD RIGHT OF WAY,13TH & INDIANA AVE,39.175504,-86.527104
2006,10,7,Weekend,100,2-Car,No injury/unknown,FAILURE TO YIELD RIGHT OF WAY,13TH & INDIANA AVE,39.175504,-86.527104
2006,10,6,Weekday,1800,3+ Cars,No injury/unknown,FAILURE TO YIELD RIGHT OF WAY,13 TH ST & INDIANA,39.175504,-86.527104
2006,10,6,Weekend,2200,2-Car,Non-incapacitating,FAILURE TO YIELD RIGHT OF WAY,13TH STREET & INDIANA AVENUE AVE,39.175504,-86.527104
2006,10,3,Weekday,700,2-Car,Non-incapacitating,FAILURE TO YIELD RIGHT OF WAY,13TH & INDIANA AVE,39.175504,-86.527104
2006,8,6,Weekday,1500,2-Car,No injury/unknown,FOLLOWING TOO CLOSELY,14 TH & N MADISON ST,39.1755,-86.537799
2006,6,5,Weekday,1900,Cyclist,Non-incapacitating,OTHER (VEHICLE) - EXPLAIN IN NARRATIVE,14TH & LINDBERGH DR,39.17549869,-86.552592
2006,10,2,Weekday,1200,3+ Cars,No injury/unknown,DISREGARD SIGNAL/REG SIGN,13TH ST & FESS,39.17544,-86.525824
2006,6,5,Weekday,1700,2-Car,No injury/unknown,FAILURE TO YIELD RIGHT OF WAY,14TH & COLLEGE AVE,39.17543475,-86.53474656
2006,2,5,Weekday,1700,2-Car,No injury/unknown,DRIVER DISTRACTED - EXPLAIN IN NARRATIVE,GORDON & WALNUT ST,39.17541651,-86.531399
2006,1,7,Weekend,1300,2-Car,No injury/unknown,FAILURE TO YIELD RIGHT OF WAY,13TH ST & WOODLAWN,39.17535174,-86.52369949
2006,5,4,Weekday,1400,1-Car,No injury/unknown,TIRE FAILURE OR DEFECTIVE,E 13TH & N DUNN ST,39.175303,-86.528299
2006,4,4,Weekday,1300,Bus,No injury/unknown,IMPROPER TURNING,14TH & BLAIR AVE,39.175302,-86.544298
2006,2,2,Weekday,1000,2-Car,No injury/unknown,OTHER (DRIVER) - EXPLAIN IN NARRATIVE,13TH ST & FEE,39.175232,-86.520976
2006,1,2,Weekday,1500,1-Car,Non-incapacitating,OTHER (DRIVER) - EXPLAIN IN NARRATIVE,13TH & WALNUT,39.175232,-86.520976
2006,11,5,Weekday,1600,2-Car,No injury/unknown,FAILURE TO YIELD RIGHT OF WAY,E13TH ST & WALNUT GROVE,39.175232,-86.520976
2006,11,5,Weekday,1900,2-Car,No injury/unknown,FAILURE TO YIELD RIGHT OF WAY,THIRTEENTH ST & WALNUT,39.175232,-86.520976
2006,3,5,Weekday,1900,3+ Cars,No injury/unknown,LEFT OF CENTER,13TH ST & WALNUT,39.17522914,-86.52090516
2006,2,5,Weekday,2000,2-Car,No injury/unknown,FAILURE TO YIELD RIGHT OF WAY,13TH ST & WALNUT GROVE,39.175199,-86.522394
2006,4,1,Weekend,100,2-Car,No injury/unknown,OTHER (DRIVER) - EXPLAIN IN NARRATIVE,300 S LINCOLN ST & SMITH,39.17517444,-86.5311
2006,1,5,Weekday,800,2-Car,No injury/unknown,OTHER (DRIVER) - EXPLAIN IN NARRATIVE,13TH ST & FEE,39.17517343,-86.51952328
2006,6,6,Weekday,1200,2-Car,No injury/unknown,OTHER (DRIVER) - EXPLAIN IN NARRATIVE,501 W 13TH ST & 900 N ROGERS,39.175152,-86.538512
2006,10,3,Weekday,1900,2-Car,No injury/unknown,UNSAFE BACKING,N FEE LN,39.175152,-86.518992
2006,5,1,Weekend,1300,2-Car,No injury/unknown,FAILURE TO YIELD RIGHT OF WAY,E 3RD & WILLIAMSBURG DR,39.17511724,-86.496599
2006,10,7,Weekend,1300,2-Car,No injury/unknown,DRIVER DISTRACTED - EXPLAIN IN NARRATIVE,NORTH FEE LN,39.1751,-86.518999
2006,9,7,Weekend,1200,2-Car,Non-incapacitating,DISREGARD SIGNAL/REG SIGN,EAST THIRTEENTH & INDIANA AVE,39.175002,-86.526999
2006,5,5,Weekday,2200,2-Car,No injury/unknown,FAILURE TO YIELD RIGHT OF WAY,JACOB DR & SUSAN,39.17458186,-86.5735
2006,1,6,Weekend,2300,1-Car,Non-incapacitating,DRIVER ASLEEP OR FATIGUED,SR37 & VERNAL,39.17451267,-86.56527324
2006,10,3,Weekday,1300,Moped/Motorcycle,Non-incapacitating,OTHER (DRIVER) - EXPLAIN IN NARRATIVE,CURRY PIKE & PROFILE,39.174497,-86.582999
2006,4,3,Weekday,1100,2-Car,Non-incapacitating,DISREGARD SIGNAL/REG SIGN,12TH ST & GRANT,39.174448,-86.529696
2006,4,5,Weekday,1900,1-Car,Non-incapacitating,UNSAFE SPEED,DUNN ST & OLD HWY 37 NORTH,39.17444498,-86.528699
2006,2,5,Weekday,1800,2-Car,No injury/unknown,UNSAFE BACKING,12TH ST & LINCOLN,39.17442913,-86.53046027
2006,8,3,Weekday,800,2-Car,No injury/unknown,CELL PHONE USAGE,E 12TH ST & LINCOLN,39.174416,-86.530992
2006,9,3,Weekday,1100,2-Car,No injury/unknown,FAILURE TO YIELD RIGHT OF WAY,12TH ST & DUNN,39.174416,-86.528304
2006,5,7,Weekend,1600,2-Car,No injury/unknown,OTHER (DRIVER) - EXPLAIN IN NARRATIVE,12TH ST & LINCOLN,39.17440398,-86.53134452
2006,8,4,Weekday,200,2-Car,No injury/unknown,OTHER (VEHICLE) - EXPLAIN IN NARRATIVE,12TH ST & LINCOLN,39.17440398,-86.53134452
2006,1,1,Weekend,500,1-Car,No injury/unknown,OVERCORRECTING/OVERSTEERING,12TH ST & INDIANA,39.17437496,-86.5272642
2006,11,4,Weekday,2000,2-Car,No injury/unknown,FAILURE TO YIELD RIGHT OF WAY,12TH & INDIANA AVE,39.174368,-86.527088
2006,10,4,Weekday,700,2-Car,No injury/unknown,FAILURE TO YIELD RIGHT OF WAY,12TH ST & WALNUT,39.1743599,-86.53294281
2006,1,5,Weekday,400,1-Car,No injury/unknown,ALCOHOLIC BEVERAGES,12TH ST & MONROE,39.174352,-86.547104
2006,3,1,Weekend,200,1-Car,Non-incapacitating,OTHER (DRIVER) - EXPLAIN IN NARRATIVE,SUMMITT & WEST 12TH ST,39.174352,-86.548
2006,3,5,Weekday,2000,2-Car,No injury/unknown,LEFT OF CENTER,1301 W 12TH ST & ILLINOIS,39.174352,-86.5504
2006,6,4,Weekday,1500,2-Car,Non-incapacitating,FAILURE TO YIELD RIGHT OF WAY,12TH & MONROE ST,39.174352,-86.547104
2006,2,5,Weekday,1600,1-Car,Non-incapacitating,PEDESTRIAN ACTION,12TH ST & FESS,39.174336,-86.525808
2006,5,3,Weekday,1600,2-Car,No injury/unknown,UNSAFE BACKING,12TH ST PARKING LOT EAST 10TH ST & SUNRISE,39.1743,-86.55250446
2006,9,4,Weekday,1000,2-Car,No injury/unknown,FAILURE TO YIELD RIGHT OF WAY,LEONARD SPRINGS RD & MAYBURY,39.17426256,-86.582599
2006,5,7,Weekend,300,1-Car,No injury/unknown,ALCOHOLIC BEVERAGES,CRESENT & VERNAL PIKE,39.17426168,-86.5551
2006,10,4,Weekday,700,2-Car,No injury/unknown,DISREGARD SIGNAL/REG SIGN,CURRY PARK & PROFILE,39.174202,-86.582999
2006,4,6,Weekday,1700,1-Car,Non-incapacitating,FAILURE TO YIELD RIGHT OF WAY,FEE LN & LAW,39.174048,-86.518896
2006,4,7,Weekend,2200,2-Car,No injury/unknown,SPEED TOO FAST FOR WEATHER CONDITIONS,FEE LN & LAW,39.174048,-86.518896
2006,6,3,Weekday,1600,Moped/Motorcycle,Non-incapacitating,OTHER (DRIVER) - EXPLAIN IN NARRATIVE,FEE LN & LAW,39.174048,-86.518896
2006,10,4,Weekday,1100,2-Car,No injury/unknown,FAILURE TO YIELD RIGHT OF WAY,FEE LANE & LAW LANE LN,39.174048,-86.518896
2006,10,2,Weekday,1800,2-Car,No injury/unknown,FOLLOWING TOO CLOSELY,FEE LN & LAW,39.174048,-86.518896
2006,12,2,Weekday,900,2-Car,No injury/unknown,OTHER (DRIVER) - EXPLAIN IN NARRATIVE,LAW LN,39.174048,-86.518896
2006,2,4,Weekday,2100,2-Car,No injury/unknown,IMPROPER TURNING,13TH & FEE LN,39.174002,-86.5189
2006,8,7,Weekend,1800,1-Car,No injury/unknown,ACCELERATOR FAILURE OR DEFECTIVE,KEYSTONE CT & TAMARRON,39.174,-86.483099
2006,5,3,Weekday,700,2-Car,No injury/unknown,FAILURE TO YIELD RIGHT OF WAY,HECTOR DR & KINSER,39.1739,-86.480899
2006,1,4,Weekday,1700,2-Car,No injury/unknown,FAILURE TO YIELD RIGHT OF WAY,LAW LN,39.173872,-86.517728
2006,9,7,Weekend,100,2-Car,No injury/unknown,OTHER (DRIVER) - EXPLAIN IN NARRATIVE,12TH & LINCOLN ST,39.17386669,-86.530992
2006,3,6,Weekday,700,2-Car,No injury/unknown,OVERCORRECTING/OVERSTEERING,JORDAN & LAW LN,39.17364588,-86.51618688
2006,10,4,Weekday,1100,Cyclist,Non-incapacitating,OTHER (DRIVER) - EXPLAIN IN NARRATIVE,JORDAN & LAW LN,39.1735847,-86.5157314
2006,4,2,Weekday,900,1-Car,Non-incapacitating,FAILURE TO YIELD RIGHT OF WAY,JORDAN & LAW LANE,39.173552,-86.515488