Year,Month,Day,Weekend?,Hour,Collision Type,Injury Type,Primary Factor,Reported_Location,Latitude,Longitude
2006,1,4,Weekday,2300,2-Car,Non-incapacitating,DISREGARD SIGNAL/REG SIGN,JORDAN AVE & LAW,39.173552,-86.515488
2006,1,3,Weekday,1200,2-Car,Non-incapacitating,FAILURE TO YIELD RIGHT OF WAY,JORDAN & LAW LN,39.173552,-86.515488
2006,9,3,Weekday,1600,2-Car,Non-incapacitating,DISREGARD SIGNAL/REG SIGN,JORDAN AVE & LAW,39.173552,-86.515488
2006,11,3,Weekday,2000,2-Car,No injury/unknown,FOLLOWING TOO CLOSELY,LAW & NORTH JORDAN AVE,39.173552,-86.515488
2006,10,2,Weekday,700,2-Car,No injury/unknown,FAILURE TO YIELD RIGHT OF WAY,N WALNUT ST,39.17350531,-86.52094531
2006,2,3,Weekday,1700,2-Car,Non-incapacitating,FAILURE TO YIELD RIGHT OF WAY,ELEVENTH & WOODLAWN AVE,39.17344,-86.523616
2006,1,4,Weekday,1700,2-Car,No injury/unknown,FAILURE TO YIELD RIGHT OF WAY,11TH & WOODLAWN,39.17344,-86.523616
2006,2,3,Weekday,1000,2-Car,No injury/unknown,FAILURE TO YIELD RIGHT OF WAY,11TH ST & PARK,39.17344,-86.524672
2006,3,5,Weekday,800,2-Car,No injury/unknown,FAILURE TO YIELD RIGHT OF WAY,11TH & WOODLAWN AVE,39.17344,-86.523616
2006,4,5,Weekday,1400,2-Car,Non-incapacitating,FAILURE TO YIELD RIGHT OF WAY,11TH & N LINCOLN ST,39.17344,-86.530992
2006,9,7,Weekend,1900,2-Car,No injury/unknown,ALCOHOLIC BEVERAGES,11TH & INDIANA AVE,39.17344,-86.527056
2006,10,3,Weekday,1200,3+ Cars,No injury/unknown,DISREGARD SIGNAL/REG SIGN,ELEVENTH ST & WOODLAWN,39.17344,-86.523616
2006,1,5,Weekday,1700,2-Car,No injury/unknown,FAILURE TO YIELD RIGHT OF WAY,11TH ST & WALNUT GROVE,39.1734,-86.522394
2006,2,7,Weekend,2300,2-Car,No injury/unknown,OTHER (DRIVER) - EXPLAIN IN NARRATIVE,11TH & COLLEGE AVE,39.17336928,-86.534752
2006,3,5,Weekday,900,1-Car,No injury/unknown,OTHER (DRIVER) - EXPLAIN IN NARRATIVE,11TH & VERNAL PIKE,39.173344,-86.555104
2006,5,1,Weekend,1100,Moped/Motorcycle,Non-incapacitating,UNSAFE SPEED,ILLINOIS & ILLINOIS ST,39.173344,-86.550304
2006,7,1,Weekend,1000,2-Car,No injury/unknown,OTHER (VEHICLE) - EXPLAIN IN NARRATIVE,11TH & VERNAL PIKE,39.173344,-86.555104
2006,8,7,Weekend,1500,2-Car,No injury/unknown,UNSAFE BACKING,W 11TH ST,39.173344,-86.549296
2006,8,4,Weekday,2000,2-Car,No injury/unknown,DISREGARD SIGNAL/REG SIGN,11TH ST & ADAMS,39.173344,-86.549792
2006,10,3,Weekday,0,2-Car,No injury/unknown,OTHER (DRIVER) - EXPLAIN IN NARRATIVE,ILLINOIS & ILLINOIS CT,39.173344,-86.550304
2006,10,4,Weekday,1500,Pedestrian,Non-incapacitating,OTHER (DRIVER) - EXPLAIN IN NARRATIVE,W 11TH & W VERNAL PIKE,39.173344,-86.555104
2006,10,7,Weekend,600,1-Car,Incapacitating,ALCOHOLIC BEVERAGES,11TH STREET & VERNAL PIKE PIKE,39.173344,-86.555104
2006,10,1,Weekend,1600,2-Car,Non-incapacitating,ALCOHOLIC BEVERAGES,ILLINOIS & ILLINOIS STREET ST,39.173344,-86.550304
2006,11,6,Weekday,1800,1-Car,No injury/unknown,UNSAFE BACKING,W 11TH ST,39.173344,-86.54734825
2006,12,3,Weekday,900,2-Car,No injury/unknown,OTHER (DRIVER) - EXPLAIN IN NARRATIVE,2010 W VERNAL PK PIKE & W 11TH,39.173344,-86.555104
2006,12,6,Weekday,1700,2-Car,Non-incapacitating,DISREGARD SIGNAL/REG SIGN,11TH ST & ADAMS,39.173344,-86.549792
2006,2,3,Weekday,1100,Moped/Motorcycle,Incapacitating,OTHER (DRIVER) - EXPLAIN IN NARRATIVE,11TH & ROGERS,39.17328009,-86.53852702
2006,11,2,Weekday,700,2-Car,No injury/unknown,ROADWAY SURFACE CONDITION,JORDAN AVE & LAW,39.17327854,-86.51552082
2006,3,7,Weekend,2200,1-Car,Non-incapacitating,UNSAFE SPEED,11TH & VERNAL,39.17325813,-86.55496565
2006,7,2,Weekday,800,2-Car,No injury/unknown,OTHER (DRIVER) - EXPLAIN IN NARRATIVE,11TH & COLLEGE AVE,39.173232,-86.534752
2006,10,4,Weekday,1300,2-Car,Non-incapacitating,OTHER (DRIVER) - EXPLAIN IN NARRATIVE,NORTH COLLEGE AVE & WEST 11TH,39.173232,-86.534752
2006,11,4,Weekday,1500,2-Car,Non-incapacitating,DISREGARD SIGNAL/REG SIGN,N COLLEGE & W 11TH ST,39.173232,-86.534752
2006,12,3,Weekday,1100,2-Car,Non-incapacitating,FAILURE TO YIELD RIGHT OF WAY,11TH STREET ST & COLLEGE AVENUE,39.173232,-86.534752
2006,7,5,Weekday,900,2-Car,No injury/unknown,FAILURE TO YIELD RIGHT OF WAY,12TH & MONROE ST,39.173202,-86.5471
2006,6,3,Weekday,1500,2-Car,No injury/unknown,OTHER (DRIVER) - EXPLAIN IN NARRATIVE,ELEVENTH ST,39.1732,-86.547343
2006,1,7,Weekend,1800,2-Car,No injury/unknown,IMPROPER PASSING,MORTON & W 11TH ST,39.17319967,-86.53691429
2006,6,5,Weekday,2000,2-Car,Non-incapacitating,DISREGARD SIGNAL/REG SIGN,11TH & ROGERS ST,39.173184,-86.538528
2006,12,2,Weekday,1900,1-Car,No injury/unknown,ANIMAL/OBJECT IN ROADWAY,SMITH & SR45E,39.17301144,-86.48217218
2006,12,5,Weekday,900,2-Car,No injury/unknown,OTHER (DRIVER) - EXPLAIN IN NARRATIVE,WOODBRIDGE DR,39.173004,-86.490695
2006,12,7,Weekend,1400,3+ Cars,No injury/unknown,FAILURE TO YIELD RIGHT OF WAY,WOODBRIDGE DR,39.172928,-86.491105
2006,2,4,Weekday,1000,2-Car,No injury/unknown,UNSAFE BACKING,COTTAGE GROVE & WALNUT GROVE,39.17288707,-86.52093294
2006,5,2,Weekday,1800,1-Car,No injury/unknown,OTHER (DRIVER) - EXPLAIN IN NARRATIVE,10TH & FEE LN,39.17281681,-86.51879292
2006,4,3,Weekday,1700,2-Car,No injury/unknown,UNSAFE BACKING,11TH & FEE LN,39.17281455,-86.51879273
2006,6,3,Weekday,1800,1-Car,No injury/unknown,IMPROPER TURNING,11TH & FEE LN,39.17281455,-86.51879273
2006,9,3,Weekday,1500,2-Car,No injury/unknown,FAILURE TO YIELD RIGHT OF WAY,SMITH & SR45E,39.172752,-86.482288
2006,9,6,Weekday,1600,2-Car,No injury/unknown,SPEED TOO FAST FOR WEATHER CONDITIONS,10TH & 800 N SMITH RD,39.172752,-86.482288
2006,10,4,Weekday,1100,2-Car,No injury/unknown,FAILURE TO YIELD RIGHT OF WAY,10TH ST & SMITH,39.172752,-86.482288
2006,11,4,Weekday,900,2-Car,No injury/unknown,,10TH & SMITH RD,39.172752,-86.482288
2006,11,6,Weekday,400,1-Car,No injury/unknown,OTHER (DRIVER) - EXPLAIN IN NARRATIVE,WEST 10TH ST,39.17272751,-86.54475298
2006,9,1,Weekend,300,1-Car,No injury/unknown,ANIMAL/OBJECT IN ROADWAY,SMITH & SR45E,39.17265825,-86.48241691
2006,8,5,Weekday,800,Moped/Motorcycle,No injury/unknown,UNSAFE BACKING,COTTAGE GROVE & WALNUT GROVE,39.17264,-86.52110533
2006,4,3,Weekday,1600,2-Car,No injury/unknown,FAILURE TO YIELD RIGHT OF WAY,COTTAGE GROVE & INDIANA AVE,39.17264,-86.52704
2006,4,7,Weekend,1600,2-Car,Non-incapacitating,FAILURE TO YIELD RIGHT OF WAY,COTTAGE & INDIANA AVE,39.17264,-86.52704
2006,6,3,Weekday,1600,2-Car,No injury/unknown,UNSAFE BACKING,11TH & WALNUT GROVE,39.17264,-86.520928
2006,2,4,Weekday,1800,3+ Cars,Non-incapacitating,DISREGARD SIGNAL/REG SIGN,COTTAGE GROVE & FESS AVE,39.17264,-86.525776
2006,2,5,Weekday,2100,2-Car,No injury/unknown,IMPROPER LANE USAGE,COTTAGE GRV & DUNN,39.17264,-86.52934727
2006,6,7,Weekend,1900,1-Car,No injury/unknown,,COTTAGE GROVE AVE & LINCOLN,39.17264,-86.530992
2006,8,7,Weekend,1400,2-Car,No injury/unknown,FAILURE TO YIELD RIGHT OF WAY,COTTAGE GROVE AVE & WOODLAWN,39.17264,-86.523584
2006,9,6,Weekend,1900,2-Car,No injury/unknown,FAILURE TO YIELD RIGHT OF WAY,COTTAGE GROVE & INDIANA AVE,39.17264,-86.52704
2006,10,3,Weekday,1500,2-Car,No injury/unknown,FAILURE TO YIELD RIGHT OF WAY,E COTTAGE GROVE & N WOODLAWN AVE,39.17264,-86.523584
2006,10,4,Weekday,1400,2-Car,No injury/unknown,FAILURE TO YIELD RIGHT OF WAY,COTTAGE GROVE & INDIANA AVE,39.17264,-86.52704
2006,10,4,Weekday,0,2-Car,No injury/unknown,IMPROPER LANE USAGE,COTTAGE GROVE AVE & GRANT,39.17264,-86.529696
2006,11,3,Weekday,1900,2-Car,No injury/unknown,FAILURE TO YIELD RIGHT OF WAY,COTTAGE GROVE & WOODLAWN AVE,39.17264,-86.523584
2006,11,5,Weekday,1100,2-Car,Non-incapacitating,FAILURE TO YIELD RIGHT OF WAY,COTTAGE GROVE & WOODLAWN AVE,39.17264,-86.523584
2006,11,5,Weekday,1800,2-Car,No injury/unknown,FAILURE TO YIELD RIGHT OF WAY,COTTAGE GROVE & INDIANA AVE,39.17264,-86.52704
2006,12,1,Weekend,1600,2-Car,No injury/unknown,OTHER (DRIVER) - EXPLAIN IN NARRATIVE,E COTTAGE GROVE AVE,39.17264,-86.52817143
2006,12,4,Weekday,1000,2-Car,No injury/unknown,DRIVER DISTRACTED - EXPLAIN IN NARRATIVE,EAST COTTAGE GRV & WOODLAWN,39.17264,-86.523584
2006,10,6,Weekday,1500,1-Car,No injury/unknown,RAN OFF ROAD RIGHT,SMITH & SR45E,39.17256449,-86.48254583
2006,8,6,Weekday,1800,2-Car,No injury/unknown,OTHER (DRIVER) - EXPLAIN IN NARRATIVE,COTTAGE GROVE & FESS AVE,39.17251642,-86.52577397
2006,11,2,Weekday,600,1-Car,No injury/unknown,OTHER (ENVIRONMENTAL) - EXPLAIN IN NARR,SMITH & SR45S,39.17251386,-86.48261544
2006,3,2,Weekday,1600,2-Car,No injury/unknown,OTHER (DRIVER) - EXPLAIN IN NARRATIVE,10TH & FEE LN,39.17240617,-86.51875797
2006,7,3,Weekday,800,2-Car,No injury/unknown,FAILURE TO YIELD RIGHT OF WAY,LAW LN & UNION,39.172399,-86.510294
2006,2,5,Weekday,1500,2-Car,No injury/unknown,FAILURE TO YIELD RIGHT OF WAY,LAW LN & UNION,39.172399,-86.51023344
2006,7,7,Weekend,1700,2-Car,No injury/unknown,OTHER (DRIVER) - EXPLAIN IN NARRATIVE,UNION & UNION ST,39.1723,-86.50970765
2006,2,4,Weekday,1600,2-Car,No injury/unknown,OTHER (DRIVER) - EXPLAIN IN NARRATIVE,LAW & UNION ST,39.1723,-86.50970592
2006,3,3,Weekday,1900,2-Car,No injury/unknown,UNSAFE BACKING,N UNION ST PARKING LOT & UNION,39.172144,-86.509392
2006,1,4,Weekday,,2-Car,No injury/unknown,UNSAFE SPEED,10TH,39.172112,-86.484512
2006,5,2,Weekday,900,2-Car,No injury/unknown,UNSAFE BACKING,N CURRY PIKE,39.17209633,-86.582992
2006,12,4,Weekday,1600,3+ Cars,Non-incapacitating,OTHER (DRIVER) - EXPLAIN IN NARRATIVE,HARTSTRAIGHT & SR48,39.17208217,-86.61136088
2006,7,1,Weekend,1300,2-Car,No injury/unknown,FAILURE TO YIELD RIGHT OF WAY,NORTH SMITH RD,39.172003,-86.481699
2006,8,6,Weekday,1200,2-Car,No injury/unknown,OTHER (DRIVER) - EXPLAIN IN NARRATIVE,E 10TH ST,39.17196767,-86.4860911
2006,11,2,Weekday,600,1-Car,No injury/unknown,RAN OFF ROAD RIGHT,E 10TH STREET ST,39.17192327,-86.48657698
2006,1,2,Weekday,1200,2-Car,Non-incapacitating,UNSAFE BACKING,WHITEHALL CROSSING BLVD,39.171921,-86.57264
2006,3,4,Weekday,1700,2-Car,No injury/unknown,FAILURE TO YIELD RIGHT OF WAY,WHITEHALL CROSSING ST,39.171921,-86.57264
2006,12,1,Weekend,1800,2-Car,No injury/unknown,OTHER (VEHICLE) - EXPLAIN IN NARRATIVE,W WHITEHALL CROSSING BLVD,39.171921,-86.57264
2006,1,4,Weekday,1700,2-Car,No injury/unknown,OTHER (DRIVER) - EXPLAIN IN NARRATIVE,UNION ST,39.171808,-86.509384
2006,1,1,Weekend,1700,1-Car,No injury/unknown,RAN OFF ROAD RIGHT,INDIANA & KIRKWOOD,39.17179148,-86.526899
2006,2,4,Weekday,1600,3+ Cars,No injury/unknown,,GRANT,39.1717538,-86.529696
2006,2,2,Weekday,0,2-Car,No injury/unknown,FOLLOWING TOO CLOSELY,10TH ST & WALNUT,39.171744,-86.53352
2006,1,4,Weekday,1100,2-Car,No injury/unknown,FAILURE TO YIELD RIGHT OF WAY,10TH ST & MORTON,39.171744,-86.536
2006,3,2,Weekday,1100,2-Car,No injury/unknown,IMPROPER TURNING,N COLLEGE AVE & W 10TH,39.171744,-86.534768
2006,4,7,Weekend,200,2-Car,No injury/unknown,ALCOHOLIC BEVERAGES,10TH ST & COLLEGE,39.171744,-86.534768
2006,4,2,Weekday,900,2-Car,Non-incapacitating,FAILURE TO YIELD RIGHT OF WAY,10TH & WALNUT ST,39.171744,-86.53352
2006,7,5,Weekday,1300,2-Car,No injury/unknown,FOLLOWING TOO CLOSELY,10TH & COLLEGE AVE,39.171744,-86.534768
2006,8,4,Weekday,900,2-Car,No injury/unknown,OTHER (DRIVER) - EXPLAIN IN NARRATIVE,10TH & WALNUT ST,39.171744,-86.53352
2006,9,5,Weekday,1200,2-Car,No injury/unknown,OTHER (DRIVER) - EXPLAIN IN NARRATIVE,500 N COLLEGE AVE & W 10TH,39.171744,-86.534768
2006,9,1,Weekend,200,2-Car,No injury/unknown,ALCOHOLIC BEVERAGES,10TH & N WALNUT ST,39.171744,-86.53352
2006,9,4,Weekday,1400,2-Car,Non-incapacitating,DISREGARD SIGNAL/REG SIGN,10TH & N COLLEGE AVE,39.171744,-86.534768
2006,10,6,Weekday,0,2-Car,Non-incapacitating,FAILURE TO YIELD RIGHT OF WAY,10TH & COLLEGE AVENUE AVE,39.171744,-86.534768
2006,10,4,Weekday,1400,3+ Cars,No injury/unknown,IMPROPER LANE USAGE,N COLLEGE AVE & W 10TH,39.171744,-86.534768
2006,11,6,Weekday,100,2-Car,No injury/unknown,IMPROPER PASSING,10TH & WALNUT ST,39.171744,-86.53352
2006,11,7,Weekend,0,2-Car,No injury/unknown,IMPROPER TURNING,10TH & COLLEGE AVE,39.171744,-86.534768
2006,11,1,Weekday,1900,2-Car,Non-incapacitating,FOLLOWING TOO CLOSELY,10TH ST & COLLEGE,39.171744,-86.534768
2006,11,3,Weekday,1700,2-Car,No injury/unknown,IMPROPER LANE USAGE,COLLEGE AVE & TENTH,39.171744,-86.534768
2006,11,3,Weekday,1900,2-Car,No injury/unknown,DRIVER DISTRACTED - EXPLAIN IN NARRATIVE,10TH ST & WALNUT,39.17173644,-86.53299082
2006,3,4,Weekday,1600,Cyclist,Non-incapacitating,OTHER (DRIVER) - EXPLAIN IN NARRATIVE,10TH ST & WASHINGTON,39.171728,-86.5324
2006,3,5,Weekday,1300,3+ Cars,No injury/unknown,FAILURE TO YIELD RIGHT OF WAY,10TH ST & LINCOLN,39.171712,-86.530992
2006,1,5,Weekday,1800,2-Car,No injury/unknown,FAILURE TO YIELD RIGHT OF WAY,10TH ST & LINCOLN,39.171712,-86.530992
2006,4,2,Weekday,900,3+ Cars,Non-incapacitating,DISREGARD SIGNAL/REG SIGN,10TH & LINCOLN ST,39.171712,-86.530992
2006,6,6,Weekday,1400,2-Car,No injury/unknown,FAILURE TO YIELD RIGHT OF WAY,10TH ST & LINCOLN,39.171712,-86.530992
2006,7,7,Weekend,1900,2-Car,Non-incapacitating,DISREGARD SIGNAL/REG SIGN,10TH ST & LINCOLN,39.171712,-86.530992
2006,8,1,Weekend,1700,2-Car,No injury/unknown,DISREGARD SIGNAL/REG SIGN,10TH ST & LINCOLN,39.171712,-86.530992
2006,10,7,Weekend,2200,2-Car,No injury/unknown,FAILURE TO YIELD RIGHT OF WAY,10TH ST & LINCOLN,39.171712,-86.530992
2006,3,1,Weekend,0,2-Car,No injury/unknown,,E 10TH ST,39.17171167,-86.53096555
2006,1,1,Weekday,2100,2-Car,No injury/unknown,DRIVER ILLNESS,10TH ST,39.1717,-86.528046
2006,4,7,Weekend,1400,2-Car,No injury/unknown,FAILURE TO YIELD RIGHT OF WAY,COTTAGE GROVE & INDIANA AVE,39.1717,-86.526999
2006,4,2,Weekday,1800,2-Car,No injury/unknown,FAILURE TO YIELD RIGHT OF WAY,10TH ST & INDIANA,39.1717,-86.528295
2006,10,5,Weekday,100,2-Car,No injury/unknown,UNSAFE BACKING,EAST TENTH ST,39.1717,-86.528046
2006,4,6,Weekday,1600,Moped/Motorcycle,No injury/unknown,IMPROPER PASSING,10TH ST & GRANT,39.171696,-86.52934315
2006,2,3,Weekday,1000,3+ Cars,No injury/unknown,FAILURE TO YIELD RIGHT OF WAY,10TH ST & GRANT,39.171696,-86.529696
2006,8,2,Weekday,900,2-Car,No injury/unknown,FAILURE TO YIELD RIGHT OF WAY,10TH ST & GRANT,39.171696,-86.529696
2006,10,5,Weekday,1100,2-Car,No injury/unknown,FAILURE TO YIELD RIGHT OF WAY,10TH ST & PROW,39.171696,-86.528896
2006,10,2,Weekday,1600,2-Car,No injury/unknown,DISREGARD SIGNAL/REG SIGN,10TH ST & GRANT,39.171696,-86.529696
2006,2,1,Weekend,200,2-Car,No injury/unknown,FAILURE TO YIELD RIGHT OF WAY,E 10TH ST & N INDIANA,39.17168,-86.527024
2006,4,2,Weekday,2200,2-Car,No injury/unknown,FAILURE TO YIELD RIGHT OF WAY,E 10TH & N INDIANA AVE,39.17168,-86.527024
2006,7,7,Weekend,300,2-Car,Non-incapacitating,DISREGARD SIGNAL/REG SIGN,10TH ST & INDIANA,39.17168,-86.527024
2006,7,4,Weekday,2000,2-Car,Non-incapacitating,DRIVER DISTRACTED - EXPLAIN IN NARRATIVE,E 10TH ST & N INDIANA,39.17168,-86.527024
2006,8,4,Weekday,1400,Bus,No injury/unknown,IMPROPER TURNING,10TH & INDIANA AVE,39.17168,-86.527024
2006,9,2,Weekday,2100,2-Car,No injury/unknown,SPEED TOO FAST FOR WEATHER CONDITIONS,INDIANA & TENTH ST,39.17168,-86.527024
2006,10,4,Weekday,1700,2-Car,Non-incapacitating,OTHER (DRIVER) - EXPLAIN IN NARRATIVE,E 10TH & INDIANA AVE,39.17168,-86.527024
2006,11,1,Weekend,1500,2-Car,No injury/unknown,FAILURE TO YIELD RIGHT OF WAY,10TH ST & FESS,39.171664,-86.52576
2006,8,3,Weekday,1600,2-Car,No injury/unknown,FOLLOWING TOO CLOSELY,10TH ST & PARK,39.17165535,-86.52513719
2006,11,4,Weekday,1600,2-Car,No injury/unknown,FOLLOWING TOO CLOSELY,10TH ST & PARK,39.1716529,-86.52496079
2006,11,4,Weekday,1700,2-Car,Incapacitating,FAILURE TO YIELD RIGHT OF WAY,10TH ST & JEFFERSON,39.17164802,-86.50602946
2006,9,7,Weekend,100,1-Car,No injury/unknown,ALCOHOLIC BEVERAGES,10TH ST & JEFFERSON,39.171648,-86.50691158
2006,4,5,Weekday,1100,2-Car,Non-incapacitating,FAILURE TO YIELD RIGHT OF WAY,10TH ST & PARK AVENUE,39.171648,-86.524608
2006,4,3,Weekday,1300,3+ Cars,No injury/unknown,FOLLOWING TOO CLOSELY,10TH ST & JEFFERSON,39.171648,-86.507088
2006,4,7,Weekend,1200,2-Car,No injury/unknown,UNSAFE BACKING,10TH ST & TULIP TREE,39.171648,-86.50435515
2006,6,1,Weekend,1600,2-Car,No injury/unknown,FAILURE TO YIELD RIGHT OF WAY,10TH ST,39.171648,-86.50435515
2006,1,3,Weekday,1700,2-Car,No injury/unknown,SPEED TOO FAST FOR WEATHER CONDITIONS,10TH ST & PARK,39.171648,-86.524608
2006,4,7,Weekend,1500,3+ Cars,Incapacitating,OTHER (DRIVER) - EXPLAIN IN NARRATIVE,E 10TH & SR45 46,39.171648,-86.502096
2006,6,5,Weekday,1300,1-Car,No injury/unknown,OTHER (DRIVER) - EXPLAIN IN NARRATIVE,JEFFERSON & TENTH ST,39.171648,-86.507088
2006,6,1,Weekend,800,2-Car,No injury/unknown,FAILURE TO YIELD RIGHT OF WAY,10TH & JEFFERSON ST,39.171648,-86.507088
2006,6,7,Weekend,2100,2-Car,No injury/unknown,DRIVER DISTRACTED - EXPLAIN IN NARRATIVE,10TH & SR46BYP,39.171648,-86.502096
2006,1,4,Weekday,2300,2-Car,Non-incapacitating,FAILURE TO YIELD RIGHT OF WAY,SR45 & SR46,39.171648,-86.502096
2006,6,5,Weekday,1500,2-Car,Non-incapacitating,OTHER (DRIVER) - EXPLAIN IN NARRATIVE,10TH ST & PARK,39.171648,-86.524608
2006,8,2,Weekday,1400,2-Car,No injury/unknown,FAILURE TO YIELD RIGHT OF WAY,EAST TENTH ST & PARK,39.171648,-86.524608
2006,8,2,Weekday,1900,1-Car,No injury/unknown,ROADWAY SURFACE CONDITION,10TH ST & JEFFERSON,39.171648,-86.507088
2006,10,4,Weekday,1600,2-Car,No injury/unknown,SPEED TOO FAST FOR WEATHER CONDITIONS,10TH ST & PARK,39.171648,-86.524608
2006,10,6,Weekday,1200,2-Car,No injury/unknown,FAILURE TO YIELD RIGHT OF WAY,10TH ST & JEFFERSON,39.171648,-86.507088
2006,12,3,Weekday,1500,2-Car,No injury/unknown,FAILURE TO YIELD RIGHT OF WAY,E 10TH ST & ST RD 46,39.171648,-86.50293407
2006,3,4,Weekday,1700,2-Car,Non-incapacitating,FOLLOWING TOO CLOSELY,SR45S & SR46E,39.17164293,-86.50184909
2006,3,4,Weekday,1500,2-Car,No injury/unknown,UNSAFE BACKING,10TH & E 10TH ST,39.17164278,-86.50184209
2006,10,6,Weekday,1300,2-Car,No injury/unknown,FOLLOWING TOO CLOSELY,SR45 & SR46,39.17164076,-86.50174328
2006,6,7,Weekend,1400,2-Car,No injury/unknown,OTHER (DRIVER) - EXPLAIN IN NARRATIVE,10TH ST & PARK,39.1716401,-86.52407883
2006,11,4,Weekday,1600,2-Car,No injury/unknown,UNSAFE BACKING,E 10TH ST,39.17163913,-86.50166435
2006,4,7,Weekend,2000,2-Car,No injury/unknown,IMPROPER TURNING,10TH ST & WOODLAWN,39.171632,-86.523536
2006,1,2,Weekday,1700,2-Car,No injury/unknown,OTHER (DRIVER) - EXPLAIN IN NARRATIVE,10TH ST & WOODLAWN,39.171632,-86.523536
2006,2,5,Weekday,1900,2-Car,Non-incapacitating,DRIVER DISTRACTED - EXPLAIN IN NARRATIVE,E 10TH ST & WOODLAWN,39.171632,-86.523536
2006,6,7,Weekend,1900,2-Car,Non-incapacitating,OTHER (DRIVER) - EXPLAIN IN NARRATIVE,10TH ST & WOODLAWN,39.171632,-86.523536
2006,8,6,Weekday,1300,3+ Cars,Incapacitating,FOLLOWING TOO CLOSELY,10TH ST & WOODLAWN,39.171632,-86.523536
2006,9,7,Weekend,100,2-Car,No injury/unknown,DISREGARD SIGNAL/REG SIGN,10TH ST & WOODLAWN,39.171632,-86.523536
2006,10,4,Weekday,1500,2-Car,No injury/unknown,FOLLOWING TOO CLOSELY,E 10TH ST & N WOODLAWN,39.171632,-86.523536
2006,10,2,Weekday,1300,2-Car,No injury/unknown,FOLLOWING TOO CLOSELY,10TH ST & WOODLAWN,39.171632,-86.523536
2006,10,6,Weekday,1300,2-Car,No injury/unknown,FAILURE TO YIELD RIGHT OF WAY,10TH STREET ST & WOODLAWN AVE,39.171632,-86.523536
2006,10,6,Weekday,1400,2-Car,No injury/unknown,FOLLOWING TOO CLOSELY,E10TH ST & WOODLAND,39.171632,-86.523536
2006,8,2,Weekday,1900,2-Car,No injury/unknown,FOLLOWING TOO CLOSELY,10TH ST & WOODLAWN,39.17163001,-86.52339488
2006,10,2,Weekday,1700,1-Car,No injury/unknown,DRIVER DISTRACTED - EXPLAIN IN NARRATIVE,E 10TH ST,39.17162087,-86.50077565
2006,4,4,Weekday,1600,2-Car,No injury/unknown,UNSAFE BACKING,10TH & 10TH ST,39.1716193,-86.50069948
2006,4,3,Weekday,1700,3+ Cars,Non-incapacitating,FOLLOWING TOO CLOSELY,E 10TH ST & FORREST,39.171616,-86.5224
2006,12,4,Weekday,1600,3+ Cars,No injury/unknown,FOLLOWING TOO CLOSELY,FORREST & TENTH ST,39.171616,-86.5224
2006,11,6,Weekend,2200,2-Car,No injury/unknown,FAILURE TO YIELD RIGHT OF WAY,10TH & LINCOLN ST,39.17160214,-86.530992
2006,4,5,Weekday,1400,2-Car,Non-incapacitating,DISREGARD SIGNAL/REG SIGN,TENTH ST & UNION,39.1716,-86.510799
2006,5,6,Weekday,1300,2-Car,No injury/unknown,OTHER (DRIVER) - EXPLAIN IN NARRATIVE,10TH ST & SUNRISE,39.1716,-86.51390049
2006,7,3,Weekday,1400,2-Car,No injury/unknown,UNSAFE SPEED,JEFFERSON & TENTH ST,39.1716,-86.50940092
2006,4,1,Weekday,2300,2-Car,No injury/unknown,FAILURE TO YIELD RIGHT OF WAY,10TH ST & CAMPBELL,39.1716,-86.51559987
2006,5,3,Weekday,2000,2-Car,Non-incapacitating,IMPROPER TURNING,10TH ST & SUNRISE,39.1716,-86.513894
2006,2,1,Weekday,2200,2-Car,No injury/unknown,FOLLOWING TOO CLOSELY,10TH & JORDAN,39.1716,-86.515599
2006,1,2,Weekday,1900,2-Car,No injury/unknown,FAILURE TO YIELD RIGHT OF WAY,11TH & FEE LN,39.1716,-86.518999
2006,4,4,Weekday,1700,2-Car,No injury/unknown,OTHER (DRIVER) - EXPLAIN IN NARRATIVE,E 10TH ST & SUNRISE,39.1716,-86.51390438
2006,6,2,Weekday,1700,2-Car,No injury/unknown,UNSAFE BACKING,10TH & STADIUM,39.1716,-86.51831233
2006,2,6,Weekday,1300,Bus,No injury/unknown,IMPROPER PASSING,FEE & TENTH ST,39.1716,-86.52011301
2006,4,5,Weekday,1500,2-Car,No injury/unknown,FOLLOWING TOO CLOSELY,CAMPBELL & E 10TH ST,39.1716,-86.515599
2006,5,3,Weekday,1200,2-Car,No injury/unknown,FOLLOWING TOO CLOSELY,10TH ST & WALNUT,39.1716,-86.522399
2006,2,5,Weekday,2000,2-Car,No injury/unknown,FOLLOWING TOO CLOSELY,10TH ST & FORREST,39.1716,-86.5234983
2006,3,4,Weekday,2200,2-Car,No injury/unknown,FAILURE TO YIELD RIGHT OF WAY,10TH ST & JORDON,39.1716,-86.515599
2006,2,5,Weekday,1900,1-Car,Non-incapacitating,IMPROPER TURNING,10TH ST & CAMPBELL,39.1716,-86.515599
2006,1,3,Weekday,2300,2-Car,No injury/unknown,DISREGARD SIGNAL/REG SIGN,10TH ST & JORDAN,39.1716,-86.515599
2006,5,3,Weekday,1800,2-Car,No injury/unknown,UNSAFE BACKING,EAST 10TH ST,39.1716,-86.500854