Year,Month,Day,Weekend?,Hour,Collision Type,Injury Type,Primary Factor,Reported_Location,Latitude,Longitude
2006,8,6,Weekday,1600,Moped/Motorcycle,Non-incapacitating,OTHER (DRIVER) - EXPLAIN IN NARRATIVE,E 10TH ST & N CAMPBELL,39.1716,-86.515599
2006,8,6,Weekday,1600,2-Car,No injury/unknown,FOLLOWING TOO CLOSELY,10TH ST & SUNRISE,39.1716,-86.513894
2006,9,4,Weekday,1800,2-Car,No injury/unknown,DRIVER DISTRACTED - EXPLAIN IN NARRATIVE,10TH ST & FORREST,39.1716,-86.52350133
2006,9,2,Weekday,1600,2-Car,No injury/unknown,FOLLOWING TOO CLOSELY,E 10 TH ST & SR 46,39.1716,-86.50510679
2006,9,7,Weekend,2000,2-Car,No injury/unknown,FAILURE TO YIELD RIGHT OF WAY,10TH ST & SUNRISE,39.1716,-86.513894
2006,9,7,Weekend,1100,2-Car,No injury/unknown,UNSAFE BACKING,10TH STREET (EAST) ST,39.1716,-86.518308
2006,9,5,Weekday,1500,1-Car,No injury/unknown,SPEED TOO FAST FOR WEATHER CONDITIONS,E10TH ST & WALNUT GROVE,39.1716,-86.520896
2006,9,6,Weekend,1900,2-Car,No injury/unknown,FAILURE TO YIELD RIGHT OF WAY,CAMPBELL & E10TH ST,39.1716,-86.51560333
2006,9,7,Weekend,2000,2-Car,No injury/unknown,UNSAFE BACKING,EAST 10TH ST,39.1716,-86.511819
2006,10,2,Weekday,1700,2-Car,Non-incapacitating,FAILURE TO YIELD RIGHT OF WAY,11TH & N FEE LN,39.1716,-86.518999
2006,10,3,Weekday,700,2-Car,No injury/unknown,FOLLOWING TOO CLOSELY,SUNRISE & TENTH ST,39.1716,-86.513894
2006,10,6,Weekday,1600,2-Car,No injury/unknown,FOLLOWING TOO CLOSELY,E10 TH ST & UNION,39.1716,-86.5107817
2006,11,4,Weekday,1300,2-Car,No injury/unknown,UNSAFE SPEED,CAMPBELL & TENTH ST,39.1716,-86.515599
2006,11,5,Weekday,1400,2-Car,No injury/unknown,FOLLOWING TOO CLOSELY,10 TH ST & WALNUT,39.1716,-86.520896
2006,11,7,Weekend,500,2-Car,No injury/unknown,UNSAFE BACKING,FEE LN,39.1716,-86.518999
2006,11,3,Weekday,1900,2-Car,No injury/unknown,ROADWAY SURFACE CONDITION,TENTH ST & WALNUT,39.1716,-86.520896
2006,11,2,Weekday,700,2-Car,No injury/unknown,OTHER (DRIVER) - EXPLAIN IN NARRATIVE,CAMPBELL & TENTH ST,39.1716,-86.515599
2006,11,2,Weekday,1500,2-Car,Non-incapacitating,FAILURE TO YIELD RIGHT OF WAY,10 TH ST & WALNUT,39.1716,-86.520896
2006,12,6,Weekday,1400,2-Car,No injury/unknown,FOLLOWING TOO CLOSELY,E 10TH ST & SUNRISE,39.1716,-86.51389919
2006,12,6,Weekday,1700,2-Car,No injury/unknown,OTHER (DRIVER) - EXPLAIN IN NARRATIVE,10TH ST & WALNUT GROVE,39.1716,-86.520896
2006,10,3,Weekday,1400,2-Car,No injury/unknown,DRIVER DISTRACTED - EXPLAIN IN NARRATIVE,10TH ST & WALNUT,39.17159745,-86.52054317
2006,2,3,Weekday,1600,Bus,No injury/unknown,FOLLOWING TOO CLOSELY,10TH & JORDAN AVE,39.17159301,-86.51572308
2006,12,5,Weekday,1300,2-Car,No injury/unknown,IMPROPER LANE USAGE,10TH ST & FEE,39.17158656,-86.51904083
2006,4,4,Weekday,1600,2-Car,No injury/unknown,FOLLOWING TOO CLOSELY,E 10TH ST & FEE,39.171584,-86.518688
2006,7,7,Weekend,1700,2-Car,No injury/unknown,FAILURE TO YIELD RIGHT OF WAY,10TH & FEE LN,39.171584,-86.518688
2006,4,4,Weekday,200,2-Car,No injury/unknown,IMPROPER TURNING,10TH ST & FEE,39.171584,-86.518688
2006,2,6,Weekday,100,2-Car,No injury/unknown,FAILURE TO YIELD RIGHT OF WAY,10TH ST & FEE,39.171584,-86.518688
2006,1,3,Weekday,2100,Bus,No injury/unknown,,10TH & FEE LN,39.171584,-86.518688
2006,4,7,Weekend,200,2-Car,No injury/unknown,FAILURE TO YIELD RIGHT OF WAY,10TH ST & FEE,39.171584,-86.518688
2006,9,7,Weekend,0,2-Car,No injury/unknown,FAILURE TO YIELD RIGHT OF WAY,10TH ST & FEE,39.171584,-86.518688
2006,9,6,Weekday,1800,2-Car,No injury/unknown,FOLLOWING TOO CLOSELY,10TH ST & FEE,39.171584,-86.518688
2006,9,2,Weekday,1800,2-Car,No injury/unknown,FOLLOWING TOO CLOSELY,E 10TH ST & FEE,39.171584,-86.518688
2006,9,7,Weekend,2000,2-Car,No injury/unknown,ALCOHOLIC BEVERAGES,10TH ST & FEE,39.171584,-86.518688
2006,9,3,Weekday,1800,2-Car,No injury/unknown,FOLLOWING TOO CLOSELY,E10TH ST & N FEE,39.171584,-86.518688
2006,10,2,Weekday,1400,Cyclist,Non-incapacitating,FAILURE TO YIELD RIGHT OF WAY,11TH & FEE LN,39.171584,-86.518688
2006,10,6,Weekday,100,2-Car,No injury/unknown,ROADWAY SURFACE CONDITION,10TH ST & FEE,39.171584,-86.518688
2006,10,7,Weekend,1500,2-Car,No injury/unknown,FAILURE TO YIELD RIGHT OF WAY,11TH & N FEE LN,39.171584,-86.518688
2006,11,2,Weekday,1800,Cyclist,Non-incapacitating,FAILURE TO YIELD RIGHT OF WAY,11TH & FEE LN,39.171584,-86.518688
2006,11,4,Weekday,0,2-Car,No injury/unknown,DISREGARD SIGNAL/REG SIGN,10TH ST & FEE,39.171584,-86.518688
2006,11,6,Weekday,1100,2-Car,No injury/unknown,OTHER (DRIVER) - EXPLAIN IN NARRATIVE,EAST 11TH ST & FEE,39.171584,-86.518688
2006,11,3,Weekday,2100,Pedestrian,Incapacitating,PEDESTRIAN ACTION,10TH ST & FEE,39.171584,-86.518688
2006,3,5,Weekday,1600,2-Car,No injury/unknown,IMPROPER TURNING,10TH ST & 11TH,39.17158139,-86.51844637
2006,12,7,Weekend,1500,2-Car,No injury/unknown,BRAKE FAILURE OR DEFECTIVE,E 10TH ST,39.17158139,-86.51844637
2006,10,1,Weekday,2100,Moped/Motorcycle,Non-incapacitating,BRAKE FAILURE OR DEFECTIVE,E 10TH ST,39.17157747,-86.51808392
2006,10,1,Weekday,2300,2-Car,No injury/unknown,UNSAFE BACKING,10TH ST,39.17157747,-86.51808392
2006,11,3,Weekday,2300,2-Car,No injury/unknown,SPEED TOO FAST FOR WEATHER CONDITIONS,E 10TH STREET ST,39.17157747,-86.51808392
2006,12,5,Weekday,1500,2-Car,No injury/unknown,FAILURE TO YIELD RIGHT OF WAY,E 10TH ST,39.17157747,-86.51808392
2006,5,5,Weekday,1100,2-Car,No injury/unknown,LEFT OF CENTER,10TH ST & FEE,39.17157634,-86.51797877
2006,3,5,Weekday,200,2-Car,No injury/unknown,OTHER (DRIVER) - EXPLAIN IN NARRATIVE,10TH & LINCOLN ST,39.17157467,-86.530992
2006,10,3,Weekday,0,2-Car,No injury/unknown,OTHER (DRIVER) - EXPLAIN IN NARRATIVE,10TH ST & JORDAN,39.17156154,-86.51661003
2006,4,3,Weekday,2100,2-Car,No injury/unknown,FOLLOWING TOO CLOSELY,10TH ST & JORDAN,39.17155967,-86.51643723
2006,5,5,Weekday,1700,2-Car,No injury/unknown,FOLLOWING TOO CLOSELY,10TH ST & SR46,39.17155495,-86.50216883
2006,6,3,Weekday,1600,2-Car,No injury/unknown,FOLLOWING TOO CLOSELY,10TH ST & SR46,39.17155495,-86.50220343
2006,8,3,Weekday,1000,2-Car,No injury/unknown,FOLLOWING TOO CLOSELY,10TH & SR46S,39.17155495,-86.50216018
2006,8,2,Weekday,2000,2-Car,No injury/unknown,FAILURE TO YIELD RIGHT OF WAY,10TH & SR46N,39.17155495,-86.50216018
2006,1,3,Weekday,2000,2-Car,No injury/unknown,PEDESTRIAN ACTION,10TH ST & JORDAN,39.17155488,-86.51599396
2006,3,4,Weekday,2100,2-Car,No injury/unknown,FOLLOWING TOO CLOSELY,10TH & JORDAN AVE,39.171552,-86.515728
2006,2,5,Weekday,900,2-Car,No injury/unknown,DISREGARD SIGNAL/REG SIGN,10TH ST & JORDAN,39.171552,-86.515728
2006,1,3,Weekday,1600,2-Car,No injury/unknown,,10 ST & JORDAN,39.171552,-86.515728
2006,2,5,Weekday,2300,2-Car,No injury/unknown,DRIVER DISTRACTED - EXPLAIN IN NARRATIVE,10TH ST & JORDAN,39.171552,-86.515728
2006,2,5,Weekday,1900,2-Car,Non-incapacitating,FAILURE TO YIELD RIGHT OF WAY,10TH ST & N JORDAN,39.171552,-86.515728
2006,8,3,Weekday,2000,Moped/Motorcycle,Non-incapacitating,DISREGARD SIGNAL/REG SIGN,10TH ST & JORDAN,39.171552,-86.515728
2006,9,5,Weekday,1500,Cyclist,Non-incapacitating,OTHER (DRIVER) - EXPLAIN IN NARRATIVE,E10TH & N JORDAN AVE,39.171552,-86.515728
2006,10,5,Weekday,1800,Moped/Motorcycle,Non-incapacitating,IMPROPER PASSING,10TH & JORDAN AVE,39.171552,-86.515728
2006,10,1,Weekend,0,2-Car,No injury/unknown,FAILURE TO YIELD RIGHT OF WAY,10TH ST & JORDAN,39.171552,-86.515728
2006,10,1,Weekend,1700,2-Car,No injury/unknown,FAILURE TO YIELD RIGHT OF WAY,E 10TH & N JORDAN AVE,39.171552,-86.515728
2006,10,3,Weekday,2000,2-Car,No injury/unknown,FOLLOWING TOO CLOSELY,JORDAN & TENTH ST,39.171552,-86.515728
2006,10,4,Weekday,2000,3+ Cars,No injury/unknown,OTHER (ENVIRONMENTAL) - EXPLAIN IN NARR,10 TH ST & JORDAN,39.171552,-86.515728
2006,11,7,Weekend,2100,2-Car,No injury/unknown,FAILURE TO YIELD RIGHT OF WAY,10TH & JORDAN AVE,39.171552,-86.515728
2006,11,3,Weekday,1000,2-Car,No injury/unknown,FOLLOWING TOO CLOSELY,JORDAN & TENTH ST,39.171552,-86.515728
2006,3,1,Weekend,1800,3+ Cars,Non-incapacitating,DRIVER DISTRACTED - EXPLAIN IN NARRATIVE,10TH ST & JORDAN,39.17154953,-86.5155507
2006,8,2,Weekday,1600,2-Car,Non-incapacitating,FOLLOWING TOO CLOSELY,10TH ST & JORDAN,39.17154708,-86.51537521
2006,9,2,Weekday,900,2-Car,No injury/unknown,OTHER (DRIVER) - EXPLAIN IN NARRATIVE,RANGE ROAD RD,39.171547,-86.495402
2006,2,2,Weekday,700,3+ Cars,No injury/unknown,OTHER (DRIVER) - EXPLAIN IN NARRATIVE,10TH ST & RANGE,39.17153149,-86.49637533
2006,11,5,Weekday,1700,2-Car,No injury/unknown,OTHER (DRIVER) - EXPLAIN IN NARRATIVE,E TENTH ST,39.17152776,-86.51399063
2006,10,4,Weekday,1200,Cyclist,Non-incapacitating,OTHER (DRIVER) - EXPLAIN IN NARRATIVE,10TH & SUNRISE ST,39.171507,-86.512499
2006,10,2,Weekday,2000,2-Car,No injury/unknown,SPEED TOO FAST FOR WEATHER CONDITIONS,PETE ELLIS & SR45S,39.171504,-86.49425346
2006,9,2,Weekday,1700,2-Car,No injury/unknown,FOLLOWING TOO CLOSELY,RANGE & SR45E,39.171504,-86.49354777
2006,2,2,Weekday,700,2-Car,No injury/unknown,DRIVER DISTRACTED - EXPLAIN IN NARRATIVE,PETE ELLIS & TENTH ST,39.171504,-86.495312
2006,6,5,Weekday,200,1-Car,No injury/unknown,NONE (DRIVER),10TH & PETE ELLIS,39.171504,-86.4946027
2006,2,5,Weekday,1500,2-Car,No injury/unknown,SPEED TOO FAST FOR WEATHER CONDITIONS,PETE ELLIS & SR45E,39.171504,-86.49460631
2006,3,6,Weekday,1800,2-Car,No injury/unknown,FOLLOWING TOO CLOSELY,E 10TH ST & PETE ELLIS,39.171504,-86.495312
2006,7,2,Weekday,1600,3+ Cars,No injury/unknown,DRIVER DISTRACTED - EXPLAIN IN NARRATIVE,PETE ELLIS & TENTH ST,39.171504,-86.495312
2006,9,7,Weekend,1200,1-Car,Non-incapacitating,RAN OFF ROAD RIGHT,E 10TH ST & PETE ELLIS,39.171504,-86.495312
2006,10,3,Weekday,2100,2-Car,No injury/unknown,FAILURE TO YIELD RIGHT OF WAY,JOHN HINKLE & SR45E,39.171504,-86.49296
2006,10,7,Weekend,100,2-Car,No injury/unknown,FAILURE TO YIELD RIGHT OF WAY,E 10 TH ST & RANGE,39.171504,-86.495312
2006,11,4,Weekday,800,3+ Cars,No injury/unknown,FOLLOWING TOO CLOSELY,E 10TH ST & PETE ELLIS,39.171504,-86.495312
2006,12,4,Weekday,1000,Cyclist,Non-incapacitating,FAILURE TO YIELD RIGHT OF WAY,E 10TH ST & PETE ELLIS,39.171504,-86.495312
2006,12,3,Weekday,1300,2-Car,No injury/unknown,IMPROPER LANE USAGE,10TH ST & PETE ELLIS,39.171504,-86.495312
2006,9,7,Weekend,1200,2-Car,No injury/unknown,UNSAFE BACKING,10TH ST,39.17150142,-86.51205348
2006,7,4,Weekday,100,1-Car,No injury/unknown,DRIVER DISTRACTED - EXPLAIN IN NARRATIVE,E 10 & RANGE RD,39.171501,-86.4954
2006,4,4,Weekday,800,2-Car,No injury/unknown,,E TENTH ST,39.1715,-86.493399
2006,5,7,Weekend,800,2-Car,No injury/unknown,UNSAFE BACKING,EAST 10TH ST,39.1715,-86.494599
2006,12,6,Weekday,900,2-Car,No injury/unknown,FAILURE TO YIELD RIGHT OF WAY,10TH ST,39.1715,-86.494478
2006,5,2,Weekday,1500,Bus,No injury/unknown,OTHER (DRIVER) - EXPLAIN IN NARRATIVE,10TH & WOODLAWN AVE,39.1714948,-86.52352995
2006,1,3,Weekday,,2-Car,No injury/unknown,,10TH & LINCOLN ST,39.17149236,-86.530992
2006,3,4,Weekday,2300,2-Car,No injury/unknown,UNSAFE BACKING,10TH,39.17148317,-86.51039227
2006,10,7,Weekend,1800,2-Car,No injury/unknown,UNSAFE BACKING,E 10TH ST,39.17148231,-86.51031409
2006,4,7,Weekend,1900,2-Car,No injury/unknown,FOLLOWING TOO CLOSELY,10TH ST & UNION,39.17147551,-86.50969515
2006,8,6,Weekday,1400,2-Car,No injury/unknown,UNSAFE BACKING,10TH & UNION ST,39.171472,-86.509376
2006,9,5,Weekday,1500,1-Car,No injury/unknown,DRIVER DISTRACTED - EXPLAIN IN NARRATIVE,E 10TH ST & UNION,39.171472,-86.509376
2006,9,2,Weekday,2300,2-Car,No injury/unknown,FAILURE TO YIELD RIGHT OF WAY,10TH STREET ST & UNION STREET,39.171472,-86.509376
2006,10,4,Weekday,1000,2-Car,Non-incapacitating,FOLLOWING TOO CLOSELY,10TH & N UNION ST,39.171472,-86.509376
2006,10,5,Weekday,1300,2-Car,No injury/unknown,OTHER (DRIVER) - EXPLAIN IN NARRATIVE,10TH & UNION ST,39.171472,-86.509376
2006,11,2,Weekday,2300,2-Car,No injury/unknown,FAILURE TO YIELD RIGHT OF WAY,10TH & UNION ST,39.171472,-86.509376
2006,9,7,Weekend,1700,2-Car,No injury/unknown,OTHER (DRIVER) - EXPLAIN IN NARRATIVE,10TH & COLLEGE AVE,39.17146934,-86.534768
2006,1,2,Weekday,1400,2-Car,No injury/unknown,FOLLOWING TOO CLOSELY,10TH ST & UNION,39.17145713,-86.50831223
2006,2,3,Weekday,800,1-Car,No injury/unknown,RAN OFF ROAD RIGHT,10TH & PETE ELLIS DR,39.17139458,-86.49532416
2006,1,3,Weekday,2000,2-Car,No injury/unknown,FAILURE TO YIELD RIGHT OF WAY,10TH & JEFFERSON AVE,39.17137345,-86.50708687
2006,8,1,Weekend,200,2-Car,No injury/unknown,ALCOHOLIC BEVERAGES,E 10TH & UNION ST,39.17136215,-86.50937387
2006,3,3,Weekday,1400,2-Car,No injury/unknown,OTHER (DRIVER) - EXPLAIN IN NARRATIVE,10 TH & MORTON ST,39.171333,-86.536099
2006,8,4,Weekday,800,2-Car,No injury/unknown,UNSAFE BACKING,10TH & PARK AVE,39.17115409,-86.52458653
2006,1,3,Weekday,2100,Bus,No injury/unknown,SPEED TOO FAST FOR WEATHER CONDITIONS,10TH & JORDAN AVE,39.17114167,-86.51577331
2006,7,5,Weekday,1800,2-Car,No injury/unknown,FOLLOWING TOO CLOSELY,7TH & CAMBPELL AVE,39.171077,-86.513899
2006,10,4,Weekday,1600,2-Car,No injury/unknown,FAILURE TO YIELD RIGHT OF WAY,ROGERS ST & TENTH,39.171,-86.538599
2006,1,3,Weekday,1700,Bus,No injury/unknown,IMPROPER PASSING,8TH & INDIANA AVE,39.17098832,-86.52700452
2006,1,6,Weekday,700,2-Car,No injury/unknown,UNSAFE BACKING,COLLEGE AVE,39.17091135,-86.534768
2006,9,4,Weekday,1700,2-Car,No injury/unknown,OTHER (DRIVER) - EXPLAIN IN NARRATIVE,S COLLEGE AVE,39.17088686,-86.534768
2006,7,1,Weekend,1700,2-Car,Non-incapacitating,FOLLOWING TOO CLOSELY,10TH & JORDAN AVE,39.17086812,-86.51580352
2006,10,2,Weekday,1700,Bus,No injury/unknown,IMPROPER PASSING,10TH & JORDAN AVE,39.17086788,-86.51580355
2006,6,3,Weekday,1200,2-Car,No injury/unknown,UNSAFE BACKING,9TH & FESS AVE,39.17081848,-86.52573584
2006,12,3,Weekday,800,2-Car,No injury/unknown,FOLLOWING TOO CLOSELY,JOHN HINKLE & PETE ELLIS DR,39.17072,-86.4956
2006,7,3,Weekday,1800,2-Car,No injury/unknown,DRIVER DISTRACTED - EXPLAIN IN NARRATIVE,E 10TH & PETE ELLIS DR,39.17071649,-86.49560102
2006,12,7,Weekend,1000,2-Car,No injury/unknown,OTHER (DRIVER) - EXPLAIN IN NARRATIVE,JOHN HINKLE PLACE PL,39.17069688,-86.49485549
2006,8,6,Weekday,900,1-Car,Non-incapacitating,OTHER (VEHICLE) - EXPLAIN IN NARRATIVE,JOHN HINKLE PL & PETE ELLIS,39.17068716,-86.49454232
2006,6,2,Weekday,1300,2-Car,No injury/unknown,UNSAFE BACKING,N JACOBS DR,39.170648,-86.572352
2006,11,6,Weekday,200,2-Car,No injury/unknown,,CLARIZZ BLVD,39.17064,-86.504896
2006,9,2,Weekday,0,2-Car,No injury/unknown,DRIVER DISTRACTED - EXPLAIN IN NARRATIVE,S FESS AVE,39.17063543,-86.52573061
2006,5,7,Weekend,100,2-Car,No injury/unknown,UNSAFE BACKING,10TH & 10TH ST,39.17057586,-86.53360637
2006,2,2,Weekday,1800,2-Car,No injury/unknown,FAILURE TO YIELD RIGHT OF WAY,9TH & GRANT,39.170544,-86.529696
2006,3,7,Weekend,1800,2-Car,No injury/unknown,FAILURE TO YIELD RIGHT OF WAY,9TH & GRANT,39.170544,-86.529696
2006,2,5,Weekday,1200,1-Car,No injury/unknown,OTHER (DRIVER) - EXPLAIN IN NARRATIVE,9TH & WALNUT,39.170544,-86.533536
2006,2,6,Weekday,1500,2-Car,No injury/unknown,IMPROPER TURNING,9TH & COLLEGE AVE,39.170544,-86.534768
2006,3,5,Weekday,1800,2-Car,No injury/unknown,FAILURE TO YIELD RIGHT OF WAY,9TH & COLLEGE AVE,39.170544,-86.534768
2006,4,5,Weekday,800,2-Car,No injury/unknown,IMPROPER TURNING,9TH & COLLEGE AVE,39.170544,-86.534768
2006,6,5,Weekday,2300,2-Car,No injury/unknown,ALCOHOLIC BEVERAGES,9TH & N WALNUT ST,39.170544,-86.533536
2006,8,5,Weekday,1700,2-Car,No injury/unknown,FAILURE TO YIELD RIGHT OF WAY,9TH & WALNUT ST,39.170544,-86.533536
2006,8,1,Weekend,1600,2-Car,No injury/unknown,OTHER (DRIVER) - EXPLAIN IN NARRATIVE,DUNN & EAST 9TH ST,39.170544,-86.52824
2006,10,2,Weekday,2100,2-Car,No injury/unknown,FAILURE TO YIELD RIGHT OF WAY,FESS & NINTH ST,39.170544,-86.525728
2006,10,6,Weekday,1500,2-Car,No injury/unknown,FAILURE TO YIELD RIGHT OF WAY,9TH & COLLEGE AVE,39.170544,-86.534768
2006,10,5,Weekday,1900,Cyclist,Non-incapacitating,FAILURE TO YIELD RIGHT OF WAY,9 TH ST & WOODLAWN,39.170544,-86.523488
2006,10,6,Weekday,1700,2-Car,No injury/unknown,CELL PHONE USAGE,9TH & WASHINGTON ST,39.170544,-86.5324
2006,10,5,Weekday,1100,3+ Cars,Non-incapacitating,FOLLOWING TOO CLOSELY,NINTH & WOODLAWN AVE,39.170544,-86.523488
2006,11,7,Weekend,1500,2-Car,No injury/unknown,IMPROPER LANE USAGE,501 N DUNN ST & 9TH,39.170544,-86.52824
2006,11,6,Weekday,1100,2-Car,No injury/unknown,FAILURE TO YIELD RIGHT OF WAY,9TH STREET & DUNN STREET ST,39.170544,-86.52824
2006,12,4,Weekday,1900,2-Car,No injury/unknown,FAILURE TO YIELD RIGHT OF WAY,E 9TH & N INDIANA AVE,39.170544,-86.526992
2006,12,6,Weekday,1600,2-Car,No injury/unknown,IMPROPER TURNING,9TH & INDIANA AVE,39.170544,-86.526992
2006,2,7,Weekend,2000,2-Car,No injury/unknown,OTHER (DRIVER) - EXPLAIN IN NARRATIVE,ALEXANDER & JACOB DR,39.170472,-86.57255297
2006,3,7,Weekend,1400,2-Car,No injury/unknown,UNSAFE BACKING,N JACOB DR,39.170472,-86.572527
2006,7,3,Weekday,800,2-Car,No injury/unknown,DRIVER DISTRACTED - EXPLAIN IN NARRATIVE,W 9TH ST,39.170448,-86.542096
2006,2,4,Weekday,1200,2-Car,No injury/unknown,OTHER (DRIVER) - EXPLAIN IN NARRATIVE,9TH & FESS AVE,39.17043419,-86.52572614
2006,2,1,Weekend,1400,2-Car,No injury/unknown,IMPROPER TURNING,9TH & COLLEGE,39.17043419,-86.53476977
2006,10,5,Weekday,800,2-Car,No injury/unknown,DRIVER DISTRACTED - EXPLAIN IN NARRATIVE,EASTGATE & SR46E,39.17043196,-86.50148798
2006,2,3,Weekday,2300,2-Car,No injury/unknown,IMPROPER LANE USAGE,9TH ST & JACKSON,39.1704,-86.53980173
2006,10,6,Weekday,1600,3+ Cars,No injury/unknown,FAILURE TO YIELD RIGHT OF WAY,10TH & SR46,39.17036824,-86.50145612
2006,2,2,Weekday,2200,2-Car,Non-incapacitating,FOLLOWING TOO CLOSELY,EASTGATE & SR46,39.17036798,-86.50145599
2006,8,6,Weekday,1600,2-Car,No injury/unknown,DRIVER DISTRACTED - EXPLAIN IN NARRATIVE,JOHN HINKLE & PETE ELLIS DR,39.1703182,-86.49571694
2006,10,7,Weekend,1200,2-Car,No injury/unknown,FAILURE TO YIELD RIGHT OF WAY,7TH & JORDAN AVE,39.17031223,-86.51586491
2006,1,3,Weekday,2100,2-Car,No injury/unknown,ROADWAY SURFACE CONDITION,EASTGATE & SR46,39.17029121,-86.5014176
2006,1,4,Weekday,1200,2-Car,Non-incapacitating,OTHER (DRIVER) - EXPLAIN IN NARRATIVE,EASTGATE & SR46,39.17024,-86.501392
2006,1,6,Weekday,1300,2-Car,No injury/unknown,FOLLOWING TOO CLOSELY,EASTGATE & SR 45,39.17024,-86.501392
2006,4,3,Weekday,1300,2-Car,No injury/unknown,FAILURE TO YIELD RIGHT OF WAY,EASTGATE & SR45E,39.17024,-86.501392
2006,7,5,Weekday,1300,2-Car,No injury/unknown,FOLLOWING TOO CLOSELY,EASTGATE & SR46E,39.17024,-86.501392
2006,2,7,Weekend,400,1-Car,No injury/unknown,OTHER (DRIVER) - EXPLAIN IN NARRATIVE,EASTGATE LN & I45,39.17021523,-86.50132901
2006,11,4,Weekday,1600,2-Car,No injury/unknown,FOLLOWING TOO CLOSELY,10TH & JORDAN AVE,39.17018377,-86.5158791
2006,2,1,Weekday,2200,2-Car,No injury/unknown,FAILURE TO YIELD RIGHT OF WAY,JORDAN AVE,39.17013209,-86.5158848
2006,9,6,Weekend,2200,2-Car,No injury/unknown,UNSAFE BACKING,2ND & WOODLAWN AVE,39.17013135,-86.522599
2006,12,6,Weekend,1900,2-Car,No injury/unknown,UNSAFE BACKING,N COLLEGE AVE,39.17009861,-86.53477518
2006,10,6,Weekend,1900,2-Car,Non-incapacitating,FOLLOWING TOO CLOSELY,SR  48,39.170096,-86.682256
2006,3,5,Weekday,1800,2-Car,No injury/unknown,DRIVER DISTRACTED - EXPLAIN IN NARRATIVE,N GATES RDS,39.170095,-86.576399
2006,4,2,Weekday,900,2-Car,No injury/unknown,OTHER (DRIVER) - EXPLAIN IN NARRATIVE,N GATES DR,39.170095,-86.576399
2006,4,1,Weekend,1800,2-Car,No injury/unknown,OTHER (DRIVER) - EXPLAIN IN NARRATIVE,NORTH GATES DR,39.170095,-86.576399
2006,9,2,Weekday,1900,2-Car,No injury/unknown,UNSAFE BACKING,N GATES DR,39.170095,-86.576399
2006,10,7,Weekend,1400,2-Car,Non-incapacitating,UNSAFE BACKING,GATES DR,39.170095,-86.576399
2006,4,5,Weekday,2200,2-Car,No injury/unknown,UNSAFE BACKING,NORTH COLLEGE AVE,39.170055,-86.534799
2006,1,3,Weekday,200,2-Car,No injury/unknown,FOLLOWING TOO CLOSELY,8TH & COLLEGE AVE,39.16982653,-86.53477957
2006,9,4,Weekday,1000,1-Car,No injury/unknown,RAN OFF ROAD RIGHT,VERNAL PIKE & W 8TH,39.169804,-86.54951345
2006,7,2,Weekday,1400,2-Car,Non-incapacitating,FOLLOWING TOO CLOSELY,EASTGATE & SR46E,39.1697281,-86.50113604
2006,3,6,Weekday,1400,2-Car,No injury/unknown,IMPROPER LANE USAGE,8TH & COLLEGE AVE,39.16968932,-86.53478179
2006,2,7,Weekend,300,2-Car,No injury/unknown,WRONG WAY ON ONE WAY,WALNUT ST,39.16965322,-86.53355037
2006,9,6,Weekday,1300,Cyclist,Non-incapacitating,OTHER (VEHICLE) - EXPLAIN IN NARRATIVE,S WALNUT ST,39.16963298,-86.53355069
2006,9,5,Weekday,1500,2-Car,No injury/unknown,FAILURE TO YIELD RIGHT OF WAY,7TH & JORDAN AVE,39.16962812,-86.51594046
2006,8,2,Weekday,1500,1-Car,No injury/unknown,OTHER (DRIVER) - EXPLAIN IN NARRATIVE,ADAMS ST & VERNAL,39.16962518,-86.54966069
2006,1,2,Weekday,1500,2-Car,No injury/unknown,FAILURE TO YIELD RIGHT OF WAY,8TH & INDIANA AVE,39.169616,-86.52696
2006,4,2,Weekday,1300,2-Car,No injury/unknown,FAILURE TO YIELD RIGHT OF WAY,8TH & INDIANA AVE,39.169616,-86.52696
2006,3,3,Weekday,700,2-Car,No injury/unknown,ROADWAY SURFACE CONDITION,DAVISSON ST & SMITH,39.16958818,-86.545695
2006,10,4,Weekday,1500,2-Car,No injury/unknown,UNSAFE SPEED,8TH & ROGERS ST,39.169584,-86.538576
2006,10,6,Weekday,1200,Pedestrian,Incapacitating,PEDESTRIAN ACTION,N ROGERS ST & W 8TH,39.169584,-86.538576
2006,11,6,Weekday,500,2-Car,No injury/unknown,FAILURE TO YIELD RIGHT OF WAY,8TH & ROGERS ST,39.169584,-86.538576
2006,5,4,Weekday,1100,1-Car,No injury/unknown,DISREGARD SIGNAL/REG SIGN,ADAMS ST & VERNAL,39.16957931,-86.54962188
2006,8,5,Weekday,800,2-Car,No injury/unknown,OTHER (DRIVER) - EXPLAIN IN NARRATIVE,N MORTON ST,39.169568,-86.536
2006,10,6,Weekday,1000,2-Car,No injury/unknown,FAILURE TO YIELD RIGHT OF WAY,8TH & MORTON ST,39.169568,-86.536