Year,Month,Day,Weekend?,Hour,Collision Type,Injury Type,Primary Factor,Reported_Location,Latitude,Longitude
2006,10,1,Weekend,0,2-Car,No injury/unknown,OTHER (DRIVER) - EXPLAIN IN NARRATIVE,8TH ST & DUNN,39.169568,-86.537296
2006,7,5,Weekday,1400,2-Car,No injury/unknown,UNSAFE BACKING,8TH ST & PARK,39.16956767,-86.5245058
2006,7,1,Weekday,2100,2-Car,No injury/unknown,OTHER (VEHICLE) - EXPLAIN IN NARRATIVE,8TH ST & COLLEGE,39.16955572,-86.53506623
2006,6,5,Weekday,1800,2-Car,Non-incapacitating,DISREGARD SIGNAL/REG SIGN,8TH & WOODLAWN AVE,39.169552,-86.52344
2006,4,1,Weekend,0,2-Car,No injury/unknown,FAILURE TO YIELD RIGHT OF WAY,8TH & WOODLAWN AVE,39.169552,-86.52344
2006,2,7,Weekend,900,2-Car,No injury/unknown,FAILURE TO YIELD RIGHT OF WAY,COLLEGE AVE,39.169552,-86.534784
2006,2,7,Weekend,1700,2-Car,No injury/unknown,IMPROPER TURNING,8TH & COLLEGE,39.169552,-86.534784
2006,1,6,Weekday,1300,2-Car,No injury/unknown,IMPROPER TURNING,8TH & COLLEGE AVE,39.169552,-86.534784
2006,2,3,Weekday,1100,2-Car,No injury/unknown,OTHER (DRIVER) - EXPLAIN IN NARRATIVE,2ND & WASHINGTON,39.169552,-86.5324
2006,2,4,Weekday,800,2-Car,No injury/unknown,FAILURE TO YIELD RIGHT OF WAY,8TH ST & GRANT,39.169552,-86.529696
2006,3,6,Weekday,1200,2-Car,No injury/unknown,FAILURE TO YIELD RIGHT OF WAY,N WALNUT & W EIGHTH ST,39.169552,-86.533552
2006,3,6,Weekday,0,2-Car,No injury/unknown,ALCOHOLIC BEVERAGES,N COLLEGE & W 8TH ST,39.169552,-86.534784
2006,3,1,Weekday,2200,2-Car,No injury/unknown,DISREGARD SIGNAL/REG SIGN,E 8TH & N WASHINGTON ST,39.169552,-86.5324
2006,5,6,Weekday,300,2-Car,No injury/unknown,UNSAFE BACKING,W 8TH ST & WALNUT,39.169552,-86.533552
2006,8,5,Weekday,1600,2-Car,No injury/unknown,FAILURE TO YIELD RIGHT OF WAY,8TH & COLLEGE AVE,39.169552,-86.534784
2006,8,2,Weekday,1400,2-Car,No injury/unknown,IMPROPER TURNING,8TH & COLLEGE AVE,39.169552,-86.534784
2006,9,5,Weekday,2300,2-Car,No injury/unknown,FAILURE TO YIELD RIGHT OF WAY,400 S WASHINGTON ST & E 8TH,39.169552,-86.5324
2006,9,7,Weekend,2300,2-Car,No injury/unknown,FOLLOWING TOO CLOSELY,8TH & COLLEGE AVE,39.169552,-86.534784
2006,10,6,Weekday,400,1-Car,No injury/unknown,ALCOHOLIC BEVERAGES,8TH & COLLEGE AVE,39.169552,-86.534784
2006,10,3,Weekday,1200,2-Car,No injury/unknown,IMPROPER TURNING,8TH STREET & N COLLEGE AVE AVE,39.169552,-86.534784
2006,10,3,Weekday,2300,2-Car,Non-incapacitating,OTHER (DRIVER) - EXPLAIN IN NARRATIVE,8TH & WALNUT ST,39.169552,-86.533552
2006,12,7,Weekend,300,2-Car,No injury/unknown,FAILURE TO YIELD RIGHT OF WAY,8TH & N COLLEGE AVE,39.169552,-86.534784
2006,11,5,Weekday,1700,2-Car,No injury/unknown,SPEED TOO FAST FOR WEATHER CONDITIONS,8TH ST & WOODLAWN,39.169552,-86.52344
2006,12,3,Weekday,2200,2-Car,No injury/unknown,IMPROPER TURNING,300 N COLLEGE AVE & W 8TH,39.169552,-86.534784
2006,12,2,Weekday,2200,1-Car,Non-incapacitating,OTHER (DRIVER) - EXPLAIN IN NARRATIVE,8TH & WALNUT ST,39.169552,-86.533552
2006,5,6,Weekday,1500,2-Car,Non-incapacitating,FAILURE TO YIELD RIGHT OF WAY,9TH & COLLEGE AVE,39.1695,-86.534799
2006,4,5,Weekday,1700,2-Car,No injury/unknown,CELL PHONE USAGE,EASTGATE & SR46E,39.16947215,-86.50100806
2006,10,3,Weekday,1600,2-Car,No injury/unknown,FOLLOWING TOO CLOSELY,EASTGATE & SR46E,39.16947215,-86.50100806
2006,12,6,Weekday,1200,2-Car,No injury/unknown,DRIVER DISTRACTED - EXPLAIN IN NARRATIVE,EASTGATE & SR46N,39.16947215,-86.50100806
2006,12,7,Weekend,100,2-Car,No injury/unknown,IMPROPER TURNING,8TH & CLARK ST,39.169472,-86.504864
2006,2,5,Weekday,1200,2-Car,No injury/unknown,IMPROPER LANE USAGE,8TH & ROGERS ST,39.16946869,-86.538576
2006,11,7,Weekend,200,Pedestrian,Non-incapacitating,ALCOHOLIC BEVERAGES,8TH & WALNUT ST,39.16942842,-86.53355417
2006,10,4,Weekday,1300,1-Car,No injury/unknown,RAN OFF ROAD RIGHT,BELL TRACE CIR,39.16941,-86.489199
2006,2,3,Weekday,1300,2-Car,No injury/unknown,OTHER (DRIVER) - EXPLAIN IN NARRATIVE,BENNINGTON & S SMITH RD,39.169408,-86.481392
2006,6,6,Weekday,1200,2-Car,No injury/unknown,OTHER (DRIVER) - EXPLAIN IN NARRATIVE,W 8TH ST,39.169404,-86.536826
2006,12,6,Weekday,300,2-Car,No injury/unknown,ALCOHOLIC BEVERAGES,8TH & WALNUT ST,39.16935976,-86.53355537
2006,5,3,Weekday,1700,Cyclist,Non-incapacitating,FAILURE TO YIELD RIGHT OF WAY,AMY & PETE ELLIS DR,39.169312,-86.495888
2006,1,2,Weekday,1700,2-Car,No injury/unknown,FAILURE TO YIELD RIGHT OF WAY,7TH & JORDAN AVE,39.16921755,-86.51598579
2006,8,2,Weekday,1800,2-Car,No injury/unknown,FOLLOWING TOO CLOSELY,EASTGATE & SR46E,39.16921619,-86.50088009
2006,6,7,Weekend,300,2-Car,No injury/unknown,UNSAFE BACKING,7TH & WALNUT ST,39.16918905,-86.53355837
2006,11,4,Weekday,1600,2-Car,No injury/unknown,FAILURE TO YIELD RIGHT OF WAY,EVERGREEN & JOHNSON,39.16900359,-86.564992
2006,3,1,Weekend,1200,Moped/Motorcycle,No injury/unknown,OTHER (DRIVER) - EXPLAIN IN NARRATIVE,S MORTON ST,39.16900114,-86.536
2006,9,7,Weekend,300,1-Car,No injury/unknown,UNSAFE SPEED,AMY & PETE ELLIS DR,39.169,-86.495799
2006,9,1,Weekend,1200,3+ Cars,Non-incapacitating,FOLLOWING TOO CLOSELY,EASTGATE & SR46N,39.16896024,-86.50075211
2006,10,7,Weekend,2000,2-Car,Non-incapacitating,FOLLOWING TOO CLOSELY,EASTGATE & SR46E,39.16896024,-86.50075211
2006,11,4,Weekday,2000,2-Car,No injury/unknown,FOLLOWING TOO CLOSELY,7TH & N JORDAN AVE,39.168944,-86.516016
2006,10,7,Weekend,0,1-Car,No injury/unknown,ANIMAL/OBJECT IN ROADWAY,SR48 & VERNAL,39.16893646,-86.66423274
2006,12,3,Weekday,1400,1-Car,No injury/unknown,OVERCORRECTING/OVERSTEERING,SR 48 & VERNAL,39.16893277,-86.67149918
2006,5,2,Weekday,1900,2-Car,No injury/unknown,UNSAFE BACKING,GATES DR,39.168929,-86.576399
2006,5,4,Weekday,1600,2-Car,No injury/unknown,UNSAFE BACKING,7TH ST & JORDAN,39.16889567,-86.51672252
2006,1,7,Weekend,1300,1-Car,No injury/unknown,OTHER (DRIVER) - EXPLAIN IN NARRATIVE,7TH & ADAMS ST,39.16878116,-86.54957721
2006,1,5,Weekday,1200,Bus,No injury/unknown,FAILURE TO YIELD RIGHT OF WAY,300 N WOODLAWN & 7TH ST,39.168752,-86.5436
2006,6,5,Weekday,1100,2-Car,No injury/unknown,UNSAFE BACKING,7TH ST & WOODLAWN,39.168752,-86.5436
2006,2,2,Weekday,1200,2-Car,No injury/unknown,UNSAFE BACKING,7TH & 7TH ST,39.168752,-86.5436
2006,10,1,Weekend,1000,2-Car,No injury/unknown,OTHER (DRIVER) - EXPLAIN IN NARRATIVE,E 7TH ST,39.168752,-86.5436
2006,1,4,Weekday,800,2-Car,No injury/unknown,OTHER (DRIVER) - EXPLAIN IN NARRATIVE,COLLEGE AVE,39.16874743,-86.534784
2006,5,5,Weekday,1200,2-Car,No injury/unknown,UNSAFE BACKING,SEVENTH & WOODLAWN AVE,39.16872233,-86.52339633
2006,12,1,Weekend,1600,1-Car,No injury/unknown,OVERCORRECTING/OVERSTEERING,SR48W & VERNAL,39.16871806,-86.66283373
2006,1,5,Weekday,900,2-Car,No injury/unknown,DISREGARD SIGNAL/REG SIGN,7TH & ROGERS ST,39.168704,-86.538576
2006,6,5,Weekday,1500,2-Car,No injury/unknown,FAILURE TO YIELD RIGHT OF WAY,7TH ST & JACKSON,39.168704,-86.539808
2006,8,3,Weekday,600,2-Car,No injury/unknown,OTHER (ENVIRONMENTAL) - EXPLAIN IN NARR,900 W 7TH STREET ST & ELM STREET,39.168704,-86.5452
2006,11,5,Weekday,1600,2-Car,No injury/unknown,OTHER (DRIVER) - EXPLAIN IN NARRATIVE,7TH ST & SUNRISE,39.1687,-86.513897
2006,9,6,Weekend,2100,1-Car,No injury/unknown,OTHER (DRIVER) - EXPLAIN IN NARRATIVE,E COVENANTER & S COLLEGE MALL RD,39.16867369,-86.497897
2006,4,3,Weekday,1100,2-Car,No injury/unknown,OTHER (DRIVER) - EXPLAIN IN NARRATIVE,NORTH MORTON ST & WEST 7TH,39.168672,-86.536
2006,4,4,Weekday,1100,2-Car,No injury/unknown,UNSAFE BACKING,7TH & MORTON ST,39.168672,-86.536
2006,6,7,Weekend,2300,1-Car,No injury/unknown,RAN OFF ROAD RIGHT,7TH ST & MORTON,39.168672,-86.536
2006,10,5,Weekday,1500,2-Car,No injury/unknown,UNSAFE BACKING,MORTON & W 7TH ST,39.168672,-86.536
2006,10,6,Weekday,700,2-Car,No injury/unknown,IMPROPER PASSING,7TH ST ST & MORTON ST,39.168672,-86.536
2006,5,3,Weekday,1600,1-Car,No injury/unknown,UNSAFE SPEED,7TH & JORDAN AVE,39.16867058,-86.51604817
2006,7,7,Weekend,700,2-Car,No injury/unknown,UNSAFE BACKING,7TH ST & MORTON,39.16866968,-86.53582361
2006,2,1,Weekday,2300,2-Car,No injury/unknown,NONE (DRIVER),N WALNUT,39.16865861,-86.53356767
2006,2,5,Weekday,1200,2-Car,No injury/unknown,DISREGARD SIGNAL/REG SIGN,7TH ST & COLLEGE,39.168656,-86.534784
2006,12,3,Weekday,1500,2-Car,No injury/unknown,OTHER (DRIVER) - EXPLAIN IN NARRATIVE,COLLEGE AVE & EIGHTH,39.168656,-86.534784
2006,2,1,Weekend,200,2-Car,Non-incapacitating,IMPROPER LANE USAGE,7TH & COLLEGE AVE,39.168656,-86.534784
2006,4,4,Weekday,1500,2-Car,No injury/unknown,FAILURE TO YIELD RIGHT OF WAY,S COLLEGE AVE & W 7TH,39.168656,-86.534784
2006,4,7,Weekend,1900,2-Car,No injury/unknown,FAILURE TO YIELD RIGHT OF WAY,7TH & COLLEGE AVE,39.168656,-86.534784
2006,5,2,Weekday,1400,2-Car,No injury/unknown,IMPROPER TURNING,7TH & N COLLEGE AVE,39.168656,-86.534784
2006,7,6,Weekday,1400,Pedestrian,Non-incapacitating,PEDESTRIAN ACTION,N COLLEGE AVE & W 7TH,39.168656,-86.534784
2006,8,2,Weekday,2300,2-Car,Non-incapacitating,DISREGARD SIGNAL/REG SIGN,7TH & COLLEGE AVE,39.168656,-86.534784
2006,9,7,Weekend,800,2-Car,No injury/unknown,DISREGARD SIGNAL/REG SIGN,7TH ST & COLLEGE,39.168656,-86.534784
2006,10,1,Weekend,1300,2-Car,No injury/unknown,OTHER (DRIVER) - EXPLAIN IN NARRATIVE,7TH ST & COLLEGE,39.168656,-86.534784
2006,1,4,Weekday,1700,2-Car,No injury/unknown,FOLLOWING TOO CLOSELY,7TH & WOODLAWN AVE,39.16865372,-86.52339272
2006,10,6,Weekday,1600,3+ Cars,Non-incapacitating,ROADWAY SURFACE CONDITION,SR37N & VERNAL,39.16864806,-86.57204637
2006,6,7,Weekend,1000,2-Car,No injury/unknown,,7TH ST & WALNUT,39.16864372,-86.53385023
2006,4,7,Weekend,0,2-Car,No injury/unknown,DRIVER DISTRACTED - EXPLAIN IN NARRATIVE,7TH ST & WOODLAWN,39.16864,-86.523392
2006,2,6,Weekday,1400,Bus,No injury/unknown,OTHER (DRIVER) - EXPLAIN IN NARRATIVE,7TH & WOODLAWN AVE,39.16864,-86.523392
2006,1,5,Weekday,1500,2-Car,No injury/unknown,OTHER (DRIVER) - EXPLAIN IN NARRATIVE,7TH,39.16864,-86.533568
2006,1,2,Weekday,700,2-Car,No injury/unknown,OTHER (DRIVER) - EXPLAIN IN NARRATIVE,7TH & INDIANA AVE,39.16864,-86.526944
2006,1,4,Weekday,2100,2-Car,No injury/unknown,UNSAFE BACKING,7TH ST & WALNUT,39.16864,-86.53346161
2006,3,7,Weekend,400,1-Car,No injury/unknown,UNSAFE BACKING,N WALNUT ST,39.16864,-86.533568
2006,3,6,Weekend,2100,2-Car,No injury/unknown,UNSAFE BACKING,E 7TH ST & N WALNUT,39.16864,-86.533568
2006,4,2,Weekday,1200,2-Car,No injury/unknown,OTHER (DRIVER) - EXPLAIN IN NARRATIVE,100 E 7TH & N WALNUT ST,39.16864,-86.533568
2006,8,7,Weekend,300,Moped/Motorcycle,No injury/unknown,DRIVER DISTRACTED - EXPLAIN IN NARRATIVE,7TH & WLANUT ST,39.16864,-86.533568
2006,8,3,Weekday,1600,3+ Cars,No injury/unknown,FAILURE TO YIELD RIGHT OF WAY,7TH & WALNUT ST,39.16864,-86.533568
2006,9,1,Weekday,1900,2-Car,No injury/unknown,UNSAFE BACKING,N WALNUT ST,39.16864,-86.533568
2006,9,3,Weekday,1400,Cyclist,Non-incapacitating,OTHER (DRIVER) - EXPLAIN IN NARRATIVE,7TH ST & PARK,39.16864,-86.524496
2006,9,3,Weekday,1800,2-Car,No injury/unknown,FAILURE TO YIELD RIGHT OF WAY,E 7TH ST,39.16864,-86.529696
2006,9,4,Weekday,1100,Bus,No injury/unknown,OTHER (DRIVER) - EXPLAIN IN NARRATIVE,7TH ST & WOODLAWN,39.16864,-86.523392
2006,9,5,Weekday,1700,Bus,No injury/unknown,IMPROPER LANE USAGE,7TH ST & WOODLAWN,39.16864,-86.523392
2006,10,7,Weekend,2300,Pedestrian,Non-incapacitating,PEDESTRIAN ACTION,7TH & WALNUT ST,39.16864,-86.533568
2006,10,5,Weekday,1300,2-Car,No injury/unknown,UNSAFE BACKING,400 E SEVENTH ST & GRANT,39.16864,-86.529696
2006,11,2,Weekday,1100,2-Car,No injury/unknown,DISREGARD SIGNAL/REG SIGN,N WALNUT ST & W 7TH,39.16864,-86.533568
2006,11,3,Weekday,1200,3+ Cars,No injury/unknown,FAILURE TO YIELD RIGHT OF WAY,7TH ST & WALNUT ST ST,39.16864,-86.533568
2006,11,4,Weekday,1000,2-Car,No injury/unknown,LEFT OF CENTER,300 N WALNUT ST ST,39.16864,-86.533568
2006,11,1,Weekend,300,2-Car,No injury/unknown,OTHER (DRIVER) - EXPLAIN IN NARRATIVE,N WALNUT ST,39.16864,-86.533568
2006,12,1,Weekend,1500,2-Car,No injury/unknown,OTHER (VEHICLE) - EXPLAIN IN NARRATIVE,DUNN & SEVENTH ST,39.16864,-86.528224
2006,5,7,Weekend,1500,1-Car,Non-incapacitating,OVERCORRECTING/OVERSTEERING,SR43 & SR48,39.16863684,-86.67082081
2006,9,2,Weekday,1300,2-Car,No injury/unknown,FAILURE TO YIELD RIGHT OF WAY,7TH ST,39.16863635,-86.51915565
2006,11,2,Weekday,2100,2-Car,No injury/unknown,UNSAFE BACKING,E 7TH ST,39.16862958,-86.52294205
2006,6,5,Weekday,1300,2-Car,No injury/unknown,UNSAFE BACKING,W SEVENTH ST,39.1686,-86.5374
2006,5,3,Weekday,600,2-Car,No injury/unknown,OTHER (VEHICLE) - EXPLAIN IN NARRATIVE,7TH & ADAMS ST,39.168576,-86.5496
2006,1,2,Weekday,500,1-Car,No injury/unknown,NONE (DRIVER),SR48 & VERNAL,39.16855655,-86.66179927
2006,3,3,Weekday,1000,2-Car,Non-incapacitating,FAILURE TO YIELD RIGHT OF WAY,7TH & GRANT ST,39.16850267,-86.529696
2006,4,5,Weekday,200,2-Car,No injury/unknown,UNSAFE SPEED,7TH & LINCOLN ST,39.16850267,-86.530992
2006,3,7,Weekend,500,2-Car,No injury/unknown,OTHER (VEHICLE) - EXPLAIN IN NARRATIVE,NORTH WALNUT ST,39.1685,-86.533599
2006,3,2,Weekday,1900,2-Car,No injury/unknown,IMPROPER TURNING,E 8TH & N COLLEGE AVE,39.1685,-86.534899
2006,4,3,Weekday,1100,2-Car,Non-incapacitating,FAILURE TO YIELD RIGHT OF WAY,COLLEGE AVE AVE & EIGHTH,39.1685,-86.534899
2006,6,6,Weekday,1600,2-Car,No injury/unknown,FAILURE TO YIELD RIGHT OF WAY,EIGHTH & WALNUT ST,39.1685,-86.533599
2006,7,2,Weekday,200,2-Car,No injury/unknown,OTHER (DRIVER) - EXPLAIN IN NARRATIVE,INDIANA & SEVENTH ST,39.1685,-86.528295
2006,8,4,Weekday,1500,3+ Cars,No injury/unknown,FOLLOWING TOO CLOSELY,8TH & COLLEGE AVE,39.1685,-86.534899
2006,9,2,Weekday,2000,1-Car,No injury/unknown,UNSAFE BACKING,7TH ST & FOREST,39.1685,-86.52349946
2006,11,6,Weekday,1000,2-Car,No injury/unknown,FAILURE TO YIELD RIGHT OF WAY,6TH & COLLEGE AVE,39.16847197,-86.534784
2006,2,6,Weekday,1200,2-Car,No injury/unknown,FOLLOWING TOO CLOSELY,7TH & ROGERS ST,39.16842947,-86.53858029
2006,4,1,Weekday,2200,2-Car,No injury/unknown,UNSAFE BACKING,10TH ST & JORDAN,39.1684271,-86.518308
2006,2,4,Weekday,900,2-Car,No injury/unknown,UNSAFE BACKING,GATES DR,39.168242,-86.576396
2006,11,4,Weekday,2000,2-Car,No injury/unknown,IMPROPER TURNING,GATES DR,39.168242,-86.576396
2006,9,4,Weekday,1700,2-Car,No injury/unknown,FOLLOWING TOO CLOSELY,E 7TH & JORDAN AVE,39.16812347,-86.51611253
2006,6,2,Weekday,800,1-Car,No injury/unknown,UNSAFE BACKING,JORDAN & JORDAN AVE,39.16810533,-86.51611467
2006,10,7,Weekend,1300,2-Car,No injury/unknown,UNSAFE BACKING,GATES DR,39.167969,-86.576273
2006,3,4,Weekday,1600,2-Car,No injury/unknown,OTHER (DRIVER) - EXPLAIN IN NARRATIVE,6TH & LINCOLN ST,39.16795466,-86.530992
2006,9,4,Weekday,2200,2-Car,No injury/unknown,UNSAFE BACKING,7TH & UNION ST,39.16790136,-86.50930869
2006,5,4,Weekday,1100,1-Car,No injury/unknown,DISREGARD SIGNAL/REG SIGN,JORDAN AVE & SEVENTH,39.1678,-86.516099
2006,6,2,Weekday,1700,2-Car,No injury/unknown,WRONG WAY ON ONE WAY,6TH & INDIANA AVE,39.167744,-86.526928
2006,6,6,Weekend,2200,3+ Cars,No injury/unknown,DISREGARD SIGNAL/REG SIGN,N ELM & W 6TH ST,39.167712,-86.5452
2006,9,4,Weekday,900,2-Car,No injury/unknown,OTHER (DRIVER) - EXPLAIN IN NARRATIVE,6TH ST & ELM,39.167712,-86.5452
2006,6,7,Weekend,1300,2-Car,No injury/unknown,FAILURE TO YIELD RIGHT OF WAY,MAPLE & SIXTH ST,39.167696,-86.542096
2006,7,1,Weekday,2200,2-Car,No injury/unknown,DRIVER DISTRACTED - EXPLAIN IN NARRATIVE,MAPLE & W 6TH ST,39.167696,-86.542096
2006,11,1,Weekend,1200,2-Car,No injury/unknown,OTHER (DRIVER) - EXPLAIN IN NARRATIVE,321 E 6TH STREET ST,39.16768653,-86.53072751
2006,11,6,Weekend,1900,2-Car,No injury/unknown,FOLLOWING TOO CLOSELY,EASTGATE & SR46,39.16768048,-86.50011224
2006,5,4,Weekday,1500,Cyclist,No injury/unknown,PEDESTRIAN ACTION,6TH & ROGERS ST,39.16768,-86.538592
2006,5,5,Weekday,1700,2-Car,No injury/unknown,ROADWAY SURFACE CONDITION,6TH & ROGERS ST,39.16768,-86.538592
2006,9,6,Weekday,1600,2-Car,Non-incapacitating,FAILURE TO YIELD RIGHT OF WAY,6TH & N ROGERS ST,39.16768,-86.538592
2006,10,4,Weekday,2000,Cyclist,Non-incapacitating,OTHER (DRIVER) - EXPLAIN IN NARRATIVE,6TH & ROGERS ST,39.16768,-86.538592
2006,11,3,Weekday,1600,2-Car,No injury/unknown,OTHER (DRIVER) - EXPLAIN IN NARRATIVE,BRAESIDE & PETE ELLIS DR,39.167673,-86.494899
2006,10,5,Weekday,800,2-Car,No injury/unknown,DISREGARD SIGNAL/REG SIGN,6TH ST ST & WASHINGTON ST,39.167664,-86.5324
2006,12,5,Weekday,1800,2-Car,No injury/unknown,OTHER (DRIVER) - EXPLAIN IN NARRATIVE,6TH ST & MORTON,39.16765704,-86.53547083
2006,1,6,Weekday,1100,2-Car,Non-incapacitating,OTHER (DRIVER) - EXPLAIN IN NARRATIVE,6TH & COLLEGE,39.167648,-86.53460669
2006,9,6,Weekday,1300,2-Car,No injury/unknown,UNSAFE BACKING,6TH ST & WALNUT,39.167648,-86.53383098
2006,3,4,Weekday,1200,3+ Cars,No injury/unknown,FAILURE TO YIELD RIGHT OF WAY,N COLLEGE AVE & W 6TH,39.167648,-86.534784
2006,3,6,Weekday,1300,2-Car,No injury/unknown,DISREGARD SIGNAL/REG SIGN,6TH & COLLEGE AVE,39.167648,-86.534784
2006,4,2,Weekday,900,Bus,No injury/unknown,IMPROPER TURNING,6TH & COLLEGE AVE,39.167648,-86.534784
2006,5,4,Weekday,1500,2-Car,No injury/unknown,FOLLOWING TOO CLOSELY,SOUTH COLLEGE AVE & WEST 6TH,39.167648,-86.534784
2006,7,5,Weekday,1600,2-Car,No injury/unknown,DRIVER DISTRACTED - EXPLAIN IN NARRATIVE,6TH & COLLEGE ST,39.167648,-86.534784
2006,11,5,Weekday,1300,2-Car,Non-incapacitating,OTHER (DRIVER) - EXPLAIN IN NARRATIVE,NORTH COLLEGE AVE & WEST 6TH,39.167648,-86.534784
2006,9,4,Weekday,2100,1-Car,No injury/unknown,OBSTRUCTION NOT MARKED,N JORDAN AVE,39.1676,-86.516168
2006,12,4,Weekday,1400,2-Car,No injury/unknown,IMPROPER LANE USAGE,6TH & INDIANA AVE,39.16755179,-86.52692243
2006,5,2,Weekday,1400,2-Car,Non-incapacitating,UNSAFE BACKING,300 E 6TH ST & LINCOLN,39.16751148,-86.53111335
2006,8,7,Weekend,1000,2-Car,No injury/unknown,FAILURE TO YIELD RIGHT OF WAY,NORTH WALNUT ST & WEST SEVENTH,39.1675,-86.533599
2006,8,4,Weekday,700,1-Car,No injury/unknown,DRIVER DISTRACTED - EXPLAIN IN NARRATIVE,E 6TH ST,39.1675,-86.53082
2006,7,5,Weekday,1200,2-Car,No injury/unknown,UNSAFE BACKING,JONES & ROSE AVE,39.16741693,-86.510899
2006,12,4,Weekday,1700,2-Car,No injury/unknown,OTHER (DRIVER) - EXPLAIN IN NARRATIVE,GATES DR,39.167409,-86.575904
2006,4,6,Weekend,1900,2-Car,No injury/unknown,IMPROPER LANE USAGE,JORDAN & JORDAN AVE,39.1672661,-86.51619777
2006,11,4,Weekday,2300,2-Car,No injury/unknown,DRIVER DISTRACTED - EXPLAIN IN NARRATIVE,JORDAN AVE,39.1672661,-86.51619777
2006,11,4,Weekday,2300,1-Car,No injury/unknown,UNSAFE BACKING,JORDAN AVE,39.1672661,-86.51619777
2006,3,4,Weekday,800,2-Car,Non-incapacitating,OTHER (DRIVER) - EXPLAIN IN NARRATIVE,MORNINGSIDE & SMITH RD,39.167187,-86.48122736
2006,2,5,Weekday,1500,1-Car,No injury/unknown,OTHER (DRIVER) - EXPLAIN IN NARRATIVE,JORDAN AVE & KIRKWOOD,39.167128,-86.516008
2006,10,5,Weekday,2200,Pedestrian,Non-incapacitating,FAILURE TO YIELD RIGHT OF WAY,JONES & JORDAN AVE,39.167128,-86.516008
2006,8,1,Weekend,400,1-Car,No injury/unknown,ALCOHOLIC BEVERAGES,SR48 & VERNAL,39.16711694,-86.65800234
2006,5,1,Weekend,100,2-Car,No injury/unknown,UNSAFE BACKING,S SR 46 RD,39.167084,-86.499825
2006,5,7,Weekend,1900,2-Car,No injury/unknown,UNSAFE BACKING,S ST RD 46 BYP,39.167084,-86.499825
2006,7,5,Weekday,600,2-Car,Non-incapacitating,OTHER (DRIVER) - EXPLAIN IN NARRATIVE,CURRY PIKE & JONATHON,39.167002,-86.582999
2006,10,5,Weekday,1500,2-Car,No injury/unknown,UNSAFE BACKING,E LONGVIEW AVE,39.16698971,-86.4924
2006,7,4,Weekday,1200,2-Car,No injury/unknown,OTHER (DRIVER) - EXPLAIN IN NARRATIVE,E LONGVIEW AVE & PETE ELLIS,39.166944,-86.495056
2006,8,7,Weekend,2100,2-Car,No injury/unknown,FAILURE TO YIELD RIGHT OF WAY,LONGVIEW & PETE ELLIS DR,39.166944,-86.495056
2006,1,7,Weekend,1600,2-Car,No injury/unknown,IMPROPER TURNING,INDIANA AVE & KIRKWOOD,39.16691448,-86.52690396
2006,10,4,Weekday,1500,2-Car,No injury/unknown,FAILURE TO YIELD RIGHT OF WAY,S JORDAN AVE,39.166912,-86.516224
2006,11,2,Weekday,1300,2-Car,No injury/unknown,OTHER (DRIVER) - EXPLAIN IN NARRATIVE,SOUTH JORDAN AVE,39.166912,-86.516224
2006,3,7,Weekend,900,1-Car,No injury/unknown,OTHER (DRIVER) - EXPLAIN IN NARRATIVE,JORDAN & N JORDAN,39.166904,-86.51616905
2006,5,6,Weekday,1200,2-Car,No injury/unknown,FAILURE TO YIELD RIGHT OF WAY,JORDAN & JORDAN AVE,39.1669,-86.516199
2006,7,5,Weekday,1700,2-Car,No injury/unknown,IMPROPER TURNING,JORDAN & JORDAN AVE,39.1669,-86.51620592
2006,6,1,Weekend,1000,2-Car,No injury/unknown,FAILURE TO YIELD RIGHT OF WAY,EAST LONGVIEW AVE,39.1669,-86.493395
2006,8,2,Weekday,1100,2-Car,No injury/unknown,OTHER (VEHICLE) - EXPLAIN IN NARRATIVE,EAST LONGVIEW DR,39.1669,-86.492427
2006,2,5,Weekday,0,2-Car,Non-incapacitating,FAILURE TO YIELD RIGHT OF WAY,5TH & JEFFERSON,39.166848,-86.506992
2006,2,2,Weekday,1700,2-Car,No injury/unknown,FAILURE TO YIELD RIGHT OF WAY,5TH & JEFFERSON ST,39.166848,-86.506992
2006,9,3,Weekday,1500,2-Car,No injury/unknown,UNSAFE BACKING,800 N UNION ST & UNION,39.166848,-86.509296
2006,11,4,Weekday,1600,2-Car,No injury/unknown,DISREGARD SIGNAL/REG SIGN,5TH & JEFFERSON ST,39.166848,-86.506992
2006,12,2,Weekday,1100,1-Car,No injury/unknown,OTHER (DRIVER) - EXPLAIN IN NARRATIVE,S KINGSTON DR,39.166848,-86.4928
2006,12,2,Weekday,800,2-Car,Non-incapacitating,FAILURE TO YIELD RIGHT OF WAY,E 5TH & JEFFERSON ST,39.166848,-86.506992
2006,2,7,Weekend,1100,2-Car,No injury/unknown,IMPROPER LANE USAGE,INDIANA AVE & KIRKWOOD,39.16684586,-86.52690197
2006,5,2,Weekday,1800,2-Car,No injury/unknown,DISREGARD SIGNAL/REG SIGN,ADAMS ST & KIRKWOOD,39.166816,-86.549488
2006,9,3,Weekday,1600,2-Car,No injury/unknown,FOLLOWING TOO CLOSELY,ADAMS & KIRKWOOD AVE,39.166816,-86.549488
2006,10,4,Weekday,700,2-Car,No injury/unknown,FAILURE TO YIELD RIGHT OF WAY,ADAMS ST ST & KIRKWOOD AVE,39.166816,-86.549488