Year,Month,Day,Weekend?,Hour,Collision Type,Injury Type,Primary Factor,Reported_Location,Latitude,Longitude
2006,10,3,Weekday,1600,Moped/Motorcycle,Incapacitating,ALCOHOLIC BEVERAGES,ADAMS ST & KIRKWOOD,39.166816,-86.549488
2006,10,1,Weekend,0,2-Car,No injury/unknown,UNSAFE BACKING,N GRANT ST,39.16681502,-86.529696
2006,5,5,Weekday,1500,2-Car,No injury/unknown,FAILURE TO YIELD RIGHT OF WAY,5TH & JEFFERSON ST,39.166803,-86.5071
2006,10,2,Weekday,600,Cyclist,Non-incapacitating,OTHER (DRIVER) - EXPLAIN IN NARRATIVE,SEVENTH & UNION ST,39.166802,-86.509399
2006,2,7,Weekend,1100,2-Car,No injury/unknown,FOLLOWING TOO CLOSELY,SR37N & VERNAL,39.16679979,-86.5609886
2006,5,6,Weekday,1300,3+ Cars,No injury/unknown,OTHER (DRIVER) - EXPLAIN IN NARRATIVE,SR37N & VERNAL,39.16679979,-86.5609886
2006,2,7,Weekend,1600,2-Car,No injury/unknown,FAILURE TO YIELD RIGHT OF WAY,COLLEGE AVE & KIRKWOOD,39.16677732,-86.53479782
2006,8,2,Weekday,1000,2-Car,No injury/unknown,OTHER (DRIVER) - EXPLAIN IN NARRATIVE,GATES DR,39.166774,-86.575999
2006,11,3,Weekday,1400,2-Car,No injury/unknown,UNSAFE BACKING,E KIRKWOOD ST,39.16677127,-86.54552653
2006,12,1,Weekend,1700,2-Car,No injury/unknown,OTHER (DRIVER) - EXPLAIN IN NARRATIVE,E KIRKWOOD AVE,39.16677127,-86.54552653
2006,9,5,Weekday,1800,2-Car,No injury/unknown,FAILURE TO YIELD RIGHT OF WAY,ELM & KIRKWOOD AVE,39.166768,-86.5452
2006,10,7,Weekend,300,2-Car,No injury/unknown,ALCOHOLIC BEVERAGES,ELM & W KIRKWOOD AVE,39.166768,-86.5452
2006,9,2,Weekday,2300,1-Car,No injury/unknown,UNSAFE BACKING,W 5TH ST,39.16673796,-86.54369796
2006,4,5,Weekday,1900,2-Car,No injury/unknown,OTHER (DRIVER) - EXPLAIN IN NARRATIVE,ADAMS ST & KIRKWOOD,39.166699,-86.549599
2006,7,5,Weekday,1400,2-Car,No injury/unknown,UNSAFE BACKING,JORDAN & KIRKWOOD AVE,39.166688,-86.539808
2006,9,3,Weekday,900,1-Car,No injury/unknown,OVERCORRECTING/OVERSTEERING,JORDAN AVE,39.166687,-86.516399
2006,3,5,Weekday,1200,2-Car,No injury/unknown,FAILURE TO YIELD RIGHT OF WAY,S ROGERS & W KIRKWOOD ST,39.166672,-86.538608
2006,5,7,Weekend,1000,2-Car,No injury/unknown,DRIVER ASLEEP OR FATIGUED,KIRKWOOD AVE & ROGERS,39.166672,-86.538608
2006,7,1,Weekday,2000,2-Car,Non-incapacitating,OTHER (DRIVER) - EXPLAIN IN NARRATIVE,KIRKWOOD & ROGERS ST,39.166672,-86.538608
2006,9,3,Weekday,1200,2-Car,Non-incapacitating,FAILURE TO YIELD RIGHT OF WAY,100 SOUTH ROGERS STREET ST & KIRKWOOD AVE,39.166672,-86.538608
2006,10,6,Weekday,1500,2-Car,No injury/unknown,VIEW OBSTRUCTED,KIRKWOOD AVE & ROGERS,39.166672,-86.538608
2006,11,6,Weekday,1700,2-Car,No injury/unknown,FAILURE TO YIELD RIGHT OF WAY,ROGERS & W 5TH ST,39.166672,-86.538608
2006,2,7,Weekend,1600,2-Car,No injury/unknown,FAILURE TO YIELD RIGHT OF WAY,KIRKWOOD AVE & MADISON,39.166656,-86.537296
2006,5,7,Weekend,1900,2-Car,No injury/unknown,FAILURE TO YIELD RIGHT OF WAY,KIRKWOOD AVE & MADISON,39.166656,-86.537296
2006,7,7,Weekend,1300,Cyclist,Non-incapacitating,PEDESTRIAN ACTION,NORTH MADISON & WEST KIRKWOOD ST,39.166656,-86.537296
2006,7,4,Weekday,1500,2-Car,No injury/unknown,FOLLOWING TOO CLOSELY,KIRKWOOD AVE & MADISON,39.166656,-86.537296
2006,7,1,Weekend,1500,2-Car,Non-incapacitating,FAILURE TO YIELD RIGHT OF WAY,KIRKWOOD AVE & MADISON,39.166656,-86.537296
2006,9,3,Weekday,1300,2-Car,No injury/unknown,FAILURE TO YIELD RIGHT OF WAY,KIRKWOOD AVE & MADISON,39.166656,-86.537296
2006,6,6,Weekday,800,1-Car,No injury/unknown,UNSAFE BACKING,DUNN & KIRKWOOD,39.16664,-86.52861755
2006,2,7,Weekend,800,2-Car,No injury/unknown,UNSAFE SPEED,INDIANA & KIRKWOOD AVE,39.16664,-86.52732155
2006,5,4,Weekday,1500,2-Car,No injury/unknown,IMPROPER TURNING,COLLEGE & KIRKWOOD AVE,39.16664,-86.53444718
2006,8,2,Weekday,1100,2-Car,Non-incapacitating,FOLLOWING TOO CLOSELY,KIRKWOOD AVE & WASHINGTON,39.16664,-86.53345847
2006,10,2,Weekday,1800,2-Car,No injury/unknown,UNSAFE BACKING,KIRKWOOD AVE & WALNUT,39.16664,-86.53289435
2006,11,7,Weekend,1000,2-Car,No injury/unknown,UNSAFE BACKING,COLLEGE & KIRKWOOD AVE,39.16664,-86.53462359
2006,8,3,Weekday,900,1-Car,No injury/unknown,OTHER (DRIVER) - EXPLAIN IN NARRATIVE,KIRKWOOD AVE,39.16664,-86.526896
2006,5,4,Weekday,1600,1-Car,No injury/unknown,RAN OFF ROAD RIGHT,INDIANA AVE & KIRKWOOD,39.16664,-86.526896
2006,1,3,Weekday,1400,2-Car,No injury/unknown,OTHER (DRIVER) - EXPLAIN IN NARRATIVE,DUNN & KIRKWOOD,39.16664,-86.528192
2006,1,1,Weekend,0,2-Car,No injury/unknown,FAILURE TO YIELD RIGHT OF WAY,KIRKWOOD & WALNUT,39.16664,-86.5336
2006,2,7,Weekend,1700,2-Car,Non-incapacitating,FOLLOWING TOO CLOSELY,4TH & COLLEGE AVE,39.16664,-86.5348
2006,4,7,Weekend,2300,2-Car,No injury/unknown,IMPROPER TURNING,KERR CREEK & SR 46,39.16664,-86.462496
2006,3,6,Weekday,1600,2-Car,No injury/unknown,,KIRKWOOD & WALNUT ST,39.16664,-86.5336
2006,3,5,Weekday,0,2-Car,No injury/unknown,UNSAFE BACKING,KIRKWOOD AVE & WALNUT,39.16664,-86.5336
2006,3,6,Weekday,200,2-Car,Non-incapacitating,DISREGARD SIGNAL/REG SIGN,COLLEGE AVE & KIRKWOOD,39.16664,-86.5348
2006,4,7,Weekend,1100,2-Car,No injury/unknown,OTHER (DRIVER) - EXPLAIN IN NARRATIVE,100 E KIRKWOOD AVENUE AVE & WALNUT ST,39.16664,-86.5336
2006,4,4,Weekday,1400,2-Car,No injury/unknown,FAILURE TO YIELD RIGHT OF WAY,KIRKWOOD AVE & WALNUT,39.16664,-86.5336
2006,5,3,Weekday,200,2-Car,No injury/unknown,ALCOHOLIC BEVERAGES,300 E KIRKWOOD AVE & LINCOLN,39.16664,-86.530992
2006,5,5,Weekday,1900,3+ Cars,No injury/unknown,FAILURE TO YIELD RIGHT OF WAY,DUNN & KIRKWOOD AVE,39.16664,-86.528192
2006,5,5,Weekday,1500,2-Car,No injury/unknown,DRIVER DISTRACTED - EXPLAIN IN NARRATIVE,KIRKWOOD AVE & LINCOLN,39.16664,-86.530992
2006,6,5,Weekday,1500,2-Car,No injury/unknown,IMPROPER TURNING,E KIRKWOOD AVE & WASHINGTON,39.16664,-86.5324
2006,6,1,Weekend,800,3+ Cars,Non-incapacitating,DISREGARD SIGNAL/REG SIGN,KIRKWOOD & WALNUT ST,39.16664,-86.5336
2006,7,2,Weekday,1900,Pedestrian,Non-incapacitating,PEDESTRIAN ACTION,KIRKWOOD & WALNUT ST,39.16664,-86.5336
2006,7,3,Weekday,1200,3+ Cars,Non-incapacitating,OTHER (DRIVER) - EXPLAIN IN NARRATIVE,100 N COLLEGE AVENUE AVE & KIRKWOOD AVENUE,39.16664,-86.5348
2006,8,4,Weekday,1800,2-Car,No injury/unknown,OTHER (DRIVER) - EXPLAIN IN NARRATIVE,E KIRKWOOD DR & GRANT,39.16664,-86.529696
2006,8,3,Weekday,300,2-Car,No injury/unknown,UNSAFE BACKING,E KIRKWOOD & S LINCOLN ST,39.16664,-86.530992
2006,8,4,Weekday,1400,2-Car,No injury/unknown,OTHER (DRIVER) - EXPLAIN IN NARRATIVE,E KIRKWOOD AVE,39.16664,-86.53067461
2006,8,5,Weekday,1400,2-Car,No injury/unknown,DISREGARD SIGNAL/REG SIGN,COLLEGE & KIRKWOOD AVE,39.16664,-86.5348
2006,9,2,Weekday,1700,Pedestrian,Non-incapacitating,PEDESTRIAN ACTION,KIRKWOOD & WALNUT ST,39.16664,-86.5336
2006,9,3,Weekday,0,2-Car,No injury/unknown,DRIVER DISTRACTED - EXPLAIN IN NARRATIVE,DUNN STREET ST & KIRKWOOD,39.16664,-86.528192
2006,10,6,Weekday,1600,2-Car,No injury/unknown,OTHER (DRIVER) - EXPLAIN IN NARRATIVE,N INDIANA AVE,39.16664,-86.526896
2006,10,6,Weekend,1900,Pedestrian,Non-incapacitating,FAILURE TO YIELD RIGHT OF WAY,E KIRKWOOD & N INDIANA AVE,39.16664,-86.526896
2006,10,1,Weekend,100,2-Car,No injury/unknown,IMPROPER LANE USAGE,KIRKWOOD AVE & WALNUT,39.16664,-86.5336
2006,11,7,Weekend,1300,2-Car,No injury/unknown,FOLLOWING TOO CLOSELY,KIRKWOOD & WALNUT ST,39.16664,-86.5336
2006,11,4,Weekday,2300,1-Car,No injury/unknown,ALCOHOLIC BEVERAGES,COLLEGE & KIRKWOOD AVE,39.16664,-86.5348
2006,11,7,Weekend,2300,2-Car,No injury/unknown,OTHER (DRIVER) - EXPLAIN IN NARRATIVE,DUNN & KIRKWOOD AVE,39.16664,-86.528192
2006,11,2,Weekday,1500,2-Car,No injury/unknown,FOLLOWING TOO CLOSELY,KRIKWOOD AVE & WASHINGTON,39.16664,-86.5324
2006,12,6,Weekday,1400,2-Car,No injury/unknown,FAILURE TO YIELD RIGHT OF WAY,KIRKWOOD & S GRANT AVE,39.16664,-86.529696
2006,12,5,Weekday,1000,2-Car,No injury/unknown,DISREGARD SIGNAL/REG SIGN,COLLEGE AVE & KIRKWOOD,39.16664,-86.5348
2006,3,5,Weekday,1700,2-Car,No injury/unknown,FAILURE TO YIELD RIGHT OF WAY,KIRKWOOD & KIRKWOOD AVE,39.1666,-86.53358851
2006,5,4,Weekday,1200,2-Car,No injury/unknown,FAILURE TO YIELD RIGHT OF WAY,KIRKWOOD AVE & MADISON,39.1666,-86.5361
2006,5,5,Weekday,800,2-Car,No injury/unknown,FOLLOWING TOO CLOSELY,ROGERS & W KIRKWOOD ST,39.1666,-86.53739481
2006,5,4,Weekday,1700,2-Car,Non-incapacitating,FOLLOWING TOO CLOSELY,KIRKWOOD AVE & WALNUT,39.1666,-86.53360149
2006,7,6,Weekday,1500,2-Car,No injury/unknown,FAILURE TO YIELD RIGHT OF WAY,KIRKWOOD AVE & MADSION,39.1666,-86.53736
2006,7,5,Weekday,1100,2-Car,No injury/unknown,FAILURE TO YIELD RIGHT OF WAY,COLLEGE & KIRKWOOD AVE,39.1666,-86.5336
2006,12,6,Weekday,1500,2-Car,No injury/unknown,FOLLOWING TOO CLOSELY,GENTRY & KIRKWOOD AVE,39.1666,-86.534898
2006,3,4,Weekday,100,2-Car,No injury/unknown,ALCOHOLIC BEVERAGES,SOUTH COLLEGE AVE,39.166599,-86.534899
2006,4,5,Weekday,800,1-Car,No injury/unknown,UNSAFE BACKING,S ROGERS ST,39.166599,-86.538699
2006,1,4,Weekday,300,1-Car,No injury/unknown,ALCOHOLIC BEVERAGES,SR 446 & SR 46,39.16657901,-86.46360922
2006,12,1,Weekend,1700,1-Car,Incapacitating,RAN OFF ROAD RIGHT,SR446E & SR46E,39.16657688,-86.46364818
2006,3,5,Weekday,1800,Bus,No injury/unknown,IMPROPER LANE USAGE,UNION & UNION ST,39.16657345,-86.509296
2006,4,7,Weekend,1400,2-Car,No injury/unknown,UNSAFE BACKING,S KINGSTON DR,39.16655822,-86.492816
2006,12,5,Weekday,1300,2-Car,No injury/unknown,OTHER (DRIVER) - EXPLAIN IN NARRATIVE,SOUTH KINGSTON RD,39.16655822,-86.492816
2006,10,1,Weekend,100,2-Car,No injury/unknown,OTHER (DRIVER) - EXPLAIN IN NARRATIVE,KIRKWOOD AVE,39.166507,-86.526885
2006,4,6,Weekday,1400,2-Car,No injury/unknown,UNSAFE BACKING,INDIANA AVE & KIRKWOOD,39.16650282,-86.52688936
2006,4,3,Weekday,0,2-Car,No injury/unknown,UNSAFE BACKING,DUNN & KIRKWOOD,39.1665,-86.52819933
2006,3,3,Weekday,800,1-Car,No injury/unknown,RAN OFF ROAD RIGHT,KIRKWOOD AVE,39.1665,-86.531016
2006,5,5,Weekday,1200,2-Car,Non-incapacitating,WRONG WAY ON ONE WAY,E KIRKOOD AVE,39.1665,-86.530964
2006,7,2,Weekday,1100,2-Car,No injury/unknown,FAILURE TO YIELD RIGHT OF WAY,EAST KIRKWOOD & SOUTH LINCOLN AVE,39.1665,-86.531099
2006,9,5,Weekday,200,1-Car,No injury/unknown,UNSAFE BACKING,EAST KIRKWOOD AVE,39.16649719,-86.52685131
2006,10,3,Weekday,0,2-Car,No injury/unknown,ILLEGAL DRUGS,SOUTH INDIANA AVE,39.16647804,-86.52688816
2006,3,3,Weekday,800,2-Car,Non-incapacitating,FAILURE TO YIELD RIGHT OF WAY,MORNINGSIDE & SMITH RD,39.166432,-86.4812
2006,11,4,Weekday,1000,2-Car,No injury/unknown,OTHER (DRIVER) - EXPLAIN IN NARRATIVE,E MORNINGSIDE & SMITH RD,39.166432,-86.4812
2006,9,7,Weekend,1500,2-Car,Non-incapacitating,UNSAFE BACKING,UNION & UNION ST,39.16640855,-86.509296
2006,12,5,Weekday,1400,2-Car,No injury/unknown,DRIVER DISTRACTED - EXPLAIN IN NARRATIVE,KIRKWOOD & ROGERS ST,39.16639737,-86.5386035
2006,5,7,Weekend,1300,2-Car,No injury/unknown,ROADWAY SURFACE CONDITION,SMITH RD & THIRD,39.1663,-86.481295
2006,11,5,Weekday,2100,3+ Cars,No injury/unknown,OTHER (DRIVER) - EXPLAIN IN NARRATIVE,421 SOUTH WALNUT & WALNUT ST,39.16622802,-86.5336
2006,5,3,Weekday,2000,2-Car,No injury/unknown,IMPROPER LANE USAGE,JONES & ROSE AVE,39.1662177,-86.51097988
2006,8,5,Weekday,2000,2-Car,Non-incapacitating,DRIVER DISTRACTED - EXPLAIN IN NARRATIVE,ROSE AVE,39.1662177,-86.51097988
2006,11,4,Weekday,1700,2-Car,No injury/unknown,OTHER (DRIVER) - EXPLAIN IN NARRATIVE,S ROSE AVE,39.1662177,-86.51097988
2006,6,7,Weekend,800,2-Car,No injury/unknown,OTHER (DRIVER) - EXPLAIN IN NARRATIVE,PARKRIDGE ROAD & PARKRIDGE ROAD RD,39.166201,-86.475499
2006,11,5,Weekday,1800,3+ Cars,No injury/unknown,FOLLOWING TOO CLOSELY,JONES & JORDAN AVE,39.166199,-86.516399
2006,12,7,Weekend,1900,2-Car,No injury/unknown,OTHER (DRIVER) - EXPLAIN IN NARRATIVE,4TH & JEFFERSON ST,39.16601866,-86.506992
2006,1,3,Weekday,2100,1-Car,No injury/unknown,ROADWAY SURFACE CONDITION,KIRKWOOD & KIRKWOOD AVE,39.1659885,-86.545601
2006,10,5,Weekday,900,2-Car,No injury/unknown,IMPROPER LANE USAGE,SR37 & TAPP,39.16592668,-86.57295509
2006,2,2,Weekday,1500,2-Car,No injury/unknown,OTHER (DRIVER) - EXPLAIN IN NARRATIVE,E UNIVERSITY & S JORDAN AVE,39.16588568,-86.516399
2006,10,6,Weekday,1800,1-Car,No injury/unknown,GLARE,LEXINGTON & MORNINGSIDE DR,39.16584,-86.488688
2006,3,4,Weekday,1000,2-Car,No injury/unknown,OTHER (DRIVER) - EXPLAIN IN NARRATIVE,4TH & STREET,39.165736,-86.544464
2006,1,7,Weekend,1600,2-Car,No injury/unknown,FAILURE TO YIELD RIGHT OF WAY,4TH & ROGERS ST,39.165696,-86.538592
2006,2,7,Weekend,1600,2-Car,Non-incapacitating,FAILURE TO YIELD RIGHT OF WAY,4TH & ROGERS,39.165696,-86.538592
2006,9,7,Weekend,1800,2-Car,No injury/unknown,DISREGARD SIGNAL/REG SIGN,S ROGERS ST & W 4TH,39.165696,-86.538592
2006,11,5,Weekday,1700,2-Car,No injury/unknown,FAILURE TO YIELD RIGHT OF WAY,4TH & BRYAN ST,39.165696,-86.508208
2006,12,4,Weekday,900,2-Car,Non-incapacitating,FAILURE TO YIELD RIGHT OF WAY,S ROGERS ST & W 4TH,39.165696,-86.538592
2006,9,1,Weekend,1400,2-Car,No injury/unknown,OTHER (DRIVER) - EXPLAIN IN NARRATIVE,4TH & S MADISON ST,39.16568,-86.537296
2006,3,2,Weekday,2300,2-Car,No injury/unknown,LEFT OF CENTER,4TH ST & COLLEGE,39.165664,-86.5348
2006,8,6,Weekday,200,2-Car,No injury/unknown,ALCOHOLIC BEVERAGES,100 S COLLEGE AVE & 4TH,39.165664,-86.5348
2006,1,3,Weekday,1800,1-Car,No injury/unknown,ALCOHOLIC BEVERAGES,4TH ST & COLLEGE,39.16565459,-86.53409447
2006,4,3,Weekday,1700,2-Car,No injury/unknown,FAILURE TO YIELD RIGHT OF WAY,INDIANA & INDIANA AVE,39.165648,-86.526848
2006,1,4,Weekday,600,2-Car,No injury/unknown,OTHER (DRIVER) - EXPLAIN IN NARRATIVE,4TH ST & WASHINGTON,39.165648,-86.5324
2006,1,6,Weekend,1900,2-Car,No injury/unknown,OTHER (DRIVER) - EXPLAIN IN NARRATIVE,4TH ST & DUNN,39.165648,-86.528144
2006,2,3,Weekday,1600,2-Car,No injury/unknown,OTHER (VEHICLE) - EXPLAIN IN NARRATIVE,4TH ST & N DUNN,39.165648,-86.528144
2006,5,3,Weekday,300,3+ Cars,No injury/unknown,WRONG WAY ON ONE WAY,209 S DUNN ST & 4TH,39.165648,-86.528144
2006,5,6,Weekday,1800,2-Car,No injury/unknown,IMPROPER TURNING,WALNUT ST,39.165648,-86.5336
2006,5,2,Weekday,2000,2-Car,No injury/unknown,OTHER (DRIVER) - EXPLAIN IN NARRATIVE,DUNN ST,39.165648,-86.528144
2006,6,2,Weekday,1400,2-Car,No injury/unknown,OTHER (DRIVER) - EXPLAIN IN NARRATIVE,DUNN & E 4TH ST,39.165648,-86.528144
2006,7,5,Weekday,1400,Moped/Motorcycle,Non-incapacitating,SPEED TOO FAST FOR WEATHER CONDITIONS,4TH & INDIANA AVE,39.165648,-86.526848
2006,8,3,Weekday,1100,2-Car,No injury/unknown,NONE (DRIVER),E 4TH ST & S INDIANA,39.165648,-86.526848
2006,8,3,Weekday,2200,2-Car,No injury/unknown,FAILURE TO YIELD RIGHT OF WAY,E 4TH ST,39.165648,-86.531008
2006,8,3,Weekday,1500,2-Car,No injury/unknown,IMPROPER LANE USAGE,EAST 4TH ST & SOUTH WASHINGTON,39.165648,-86.5324
2006,9,7,Weekend,1400,2-Car,No injury/unknown,FAILURE TO YIELD RIGHT OF WAY,E 4TH & S WASHINGTON ST,39.165648,-86.5324
2006,9,2,Weekday,1800,2-Car,No injury/unknown,DISREGARD SIGNAL/REG SIGN,4TH & WALNUT ST,39.165648,-86.5336
2006,10,3,Weekday,1400,2-Car,No injury/unknown,FAILURE TO YIELD RIGHT OF WAY,4TH ST & WASHINGTON,39.165648,-86.5324
2006,11,6,Weekend,2100,1-Car,No injury/unknown,RAN OFF ROAD RIGHT,S WALNUT ST,39.165648,-86.5336
2006,11,2,Weekday,1100,2-Car,No injury/unknown,,E 4TH ST,39.165648,-86.52952
2006,12,7,Weekend,900,2-Car,No injury/unknown,DISREGARD SIGNAL/REG SIGN,4TH & S WALNUT ST,39.165648,-86.5336
2006,12,1,Weekend,700,3+ Cars,No injury/unknown,LEFT OF CENTER,E 4TH ST & S GRANT,39.165648,-86.529712
2006,12,3,Weekday,300,1-Car,No injury/unknown,ALCOHOLIC BEVERAGES,S WALNUT ST,39.165648,-86.5336
2006,8,3,Weekday,1300,2-Car,No injury/unknown,OTHER (VEHICLE) - EXPLAIN IN NARRATIVE,4TH ST & GENTRY,39.1656,-86.534898
2006,5,7,Weekend,1500,2-Car,No injury/unknown,IMPROPER TURNING,3RD & COLLEGE AVE,39.165599,-86.534899
2006,6,2,Weekday,1700,2-Car,No injury/unknown,FAILURE TO YIELD RIGHT OF WAY,GATES DR & JACOB,39.165599,-86.575999
2006,8,4,Weekday,1000,2-Car,Non-incapacitating,DISREGARD SIGNAL/REG SIGN,E 3ED & SO LINCOLN ST,39.165599,-86.531099
2006,6,3,Weekday,300,1-Car,No injury/unknown,LEFT OF CENTER,S GRANT ST,39.16552457,-86.52971396
2006,10,3,Weekday,1100,2-Car,No injury/unknown,OTHER (DRIVER) - EXPLAIN IN NARRATIVE,DUNN STREET & E 4TH STREET ST,39.16551,-86.52836
2006,6,3,Weekday,1300,2-Car,No injury/unknown,DRIVER DISTRACTED - EXPLAIN IN NARRATIVE,INDIANA & THIRD,39.16550106,-86.52684212
2006,1,4,Weekday,1200,2-Car,No injury/unknown,OTHER (DRIVER) - EXPLAIN IN NARRATIVE,8TH & MORTON,39.16546334,-86.536099
2006,10,5,Weekday,1400,2-Car,No injury/unknown,UNSAFE BACKING,S INDIANA AVE,39.16545208,-86.52684016
2006,12,4,Weekday,700,2-Car,No injury/unknown,IMPROPER PASSING,JORDAN AVE & THIRD  STREET,39.165401,-86.516399
2006,4,7,Weekend,1300,2-Car,No injury/unknown,OTHER (DRIVER) - EXPLAIN IN NARRATIVE,JONES AVE & JORDAN,39.165399,-86.51640998
2006,5,5,Weekday,1600,2-Car,No injury/unknown,UNSAFE BACKING,JONES AVE & JORDAN,39.165399,-86.5164143
2006,6,5,Weekday,1300,2-Car,No injury/unknown,UNSAFE BACKING,JONES AVE & JORDAN,39.165399,-86.51640219
2006,1,4,Weekday,1600,2-Car,Non-incapacitating,FAILURE TO YIELD RIGHT OF WAY,JONES AVE & JORDAN,39.165399,-86.5164143
2006,8,5,Weekday,2000,2-Car,No injury/unknown,FAILURE TO YIELD RIGHT OF WAY,JONES AVE & JORDAN,39.165399,-86.51640133
2006,10,1,Weekday,2000,2-Car,No injury/unknown,IMPROPER TURNING,JONES AVE & ROSE,39.165399,-86.516397
2006,2,1,Weekend,1500,2-Car,No injury/unknown,FAILURE TO YIELD RIGHT OF WAY,JONES & JONES AVE,39.16538796,-86.564999
2006,4,6,Weekday,1500,2-Car,No injury/unknown,FOLLOWING TOO CLOSELY,4TH & INDIANA AVE,39.16537348,-86.52683702
2006,2,1,Weekday,1900,3+ Cars,Non-incapacitating,FOLLOWING TOO CLOSELY,3RD & CURRY,39.165301,-86.582995
2006,10,2,Weekday,1900,2-Car,No injury/unknown,SPEED TOO FAST FOR WEATHER CONDITIONS,3RD & CURRY PIKE,39.165301,-86.582995
2006,4,6,Weekend,2100,2-Car,No injury/unknown,FAILURE TO YIELD RIGHT OF WAY,JONES AVE & ROSE,39.1653,-86.51188435
2006,10,6,Weekday,1200,2-Car,No injury/unknown,FAILURE TO YIELD RIGHT OF WAY,JONES AVE & JORDAN,39.1653,-86.513635
2006,4,1,Weekend,1400,3+ Cars,Non-incapacitating,OTHER (DRIVER) - EXPLAIN IN NARRATIVE,SR446 & SR46,39.1652985,-86.46982135
2006,6,7,Weekend,1100,2-Car,No injury/unknown,FAILURE TO YIELD RIGHT OF WAY,4TH & INDIANA AVE,39.16509895,-86.52682604
2006,8,6,Weekday,1800,3+ Cars,No injury/unknown,FOLLOWING TOO CLOSELY,3RD & SR46E,39.16508981,-86.47032845
2006,1,3,Weekday,1200,2-Car,Non-incapacitating,OTHER (DRIVER) - EXPLAIN IN NARRATIVE,SOUTH CURRY PKY,39.165088,-86.582896
2006,7,4,Weekday,1500,2-Car,No injury/unknown,FAILURE TO YIELD RIGHT OF WAY,3RD & PETE ELLIS DR,39.16506397,-86.495088
2006,10,3,Weekday,900,3+ Cars,Non-incapacitating,FOLLOWING TOO CLOSELY,SR 48,39.165056,-86.653168
2006,5,7,Weekend,900,2-Car,Non-incapacitating,OTHER (DRIVER) - EXPLAIN IN NARRATIVE,SR46,39.16499973,-86.4523412
2006,7,7,Weekend,1200,2-Car,No injury/unknown,OTHER (DRIVER) - EXPLAIN IN NARRATIVE,HARTSTRAIGHT & SR48,39.16496667,-86.61315864
2006,2,3,Weekday,2000,1-Car,Non-incapacitating,PEDESTRIAN ACTION,3RD & FRANKLIN RD,39.16496255,-86.5712
2006,9,4,Weekday,1200,Bus,No injury/unknown,IMPROPER TURNING,3RD & SR46W,39.16496145,-86.47064037
2006,4,1,Weekday,2000,2-Car,No injury/unknown,OTHER (DRIVER) - EXPLAIN IN NARRATIVE,KIRBY & SR48,39.16495822,-86.61246409
2006,9,4,Weekday,800,2-Car,Non-incapacitating,GLARE,HARTSTRAIT & SR48,39.16494486,-86.61136656
2006,4,2,Weekday,1800,Bus,No injury/unknown,UNSAFE BACKING,N DANIELS WAY,39.16492,-86.599199
2006,8,6,Weekday,1800,2-Car,No injury/unknown,OTHER (DRIVER) - EXPLAIN IN NARRATIVE,FRANKLIN RD,39.1649,-86.570465
2006,1,2,Weekday,1600,2-Car,Non-incapacitating,DISREGARD SIGNAL/REG SIGN,DANIELS & SR48,39.16485453,-86.59907373
2006,9,3,Weekday,1600,2-Car,Non-incapacitating,DRIVER DISTRACTED - EXPLAIN IN NARRATIVE,FEDSTONE WAY & SR48,39.16485112,-86.60534385
2006,1,4,Weekday,1700,2-Car,Non-incapacitating,OTHER (DRIVER) - EXPLAIN IN NARRATIVE,SR48 & WAYNES,39.16484801,-86.59169077
2006,10,4,Weekday,1600,2-Car,Non-incapacitating,OTHER (DRIVER) - EXPLAIN IN NARRATIVE,SR48 & WESTERN,39.164848,-86.58730123
2006,8,5,Weekday,1700,3+ Cars,Non-incapacitating,OTHER (DRIVER) - EXPLAIN IN NARRATIVE,HICKORY & SR48W,39.164848,-86.58832537
2006,9,5,Weekday,1400,2-Car,No injury/unknown,FAILURE TO YIELD RIGHT OF WAY,CURRY & SR48,39.164848,-86.58307331
2006,8,5,Weekday,600,2-Car,No injury/unknown,UNSAFE BACKING,W 3RD ST,39.164848,-86.5761011
2006,8,5,Weekday,1800,2-Car,Non-incapacitating,FAILURE TO YIELD RIGHT OF WAY,W 3RD ST,39.164848,-86.57487674
2006,10,4,Weekday,600,2-Car,No injury/unknown,FOLLOWING TOO CLOSELY,W THIRD ST,39.164848,-86.581504
2006,12,3,Weekday,1700,2-Car,No injury/unknown,FAILURE TO YIELD RIGHT OF WAY,WEST THIRD ST,39.164848,-86.5768688
2006,12,3,Weekday,1200,2-Car,Non-incapacitating,FAILURE TO YIELD RIGHT OF WAY,W 3RD ST,39.164848,-86.57614099
2006,12,6,Weekday,1700,2-Car,No injury/unknown,FAILURE TO YIELD RIGHT OF WAY,W 3RD ST,39.164848,-86.57596151
2006,2,2,Weekday,1200,2-Car,No injury/unknown,OVERCORRECTING/OVERSTEERING,MARSH PARKING LOT & W 3RD ST,39.16482122,-86.5789551
2006,7,3,Weekday,1900,2-Car,No injury/unknown,OTHER (VEHICLE) - EXPLAIN IN NARRATIVE,W 3RD ST,39.16482122,-86.5789551
2006,12,7,Weekend,1600,2-Car,No injury/unknown,OTHER (VEHICLE) - EXPLAIN IN NARRATIVE,W 3RD ST,39.16482122,-86.5789551
2006,9,3,Weekday,1500,2-Car,Non-incapacitating,UNSAFE SPEED,DANIELLE & SR 48,39.1648,-86.5991
2006,7,2,Weekday,1600,2-Car,No injury/unknown,DRIVER DISTRACTED - EXPLAIN IN NARRATIVE,DANIELS & SR 48,39.1648,-86.5992732
2006,8,4,Weekday,700,2-Car,Non-incapacitating,FAILURE TO YIELD RIGHT OF WAY,DANIELS & SR 48,39.1648,-86.5991