Year,Month,Day,Weekend?,Hour,Collision Type,Injury Type,Primary Factor,Reported_Location,Latitude,Longitude
2006,3,5,Weekday,1400,3+ Cars,Non-incapacitating,DRIVER DISTRACTED - EXPLAIN IN NARRATIVE,DANIELS & SR 48,39.1648,-86.5991
2006,6,2,Weekday,1300,1-Car,Non-incapacitating,UNSAFE SPEED,3RD & SR37S,39.1648,-86.573792
2006,10,1,Weekend,1300,2-Car,No injury/unknown,IMPROPER TURNING,PETE ELLIS DR & THIRD,39.16478931,-86.495088
2006,12,6,Weekday,1500,2-Car,No injury/unknown,FAILURE TO YIELD RIGHT OF WAY,PETE ELLIS DR & THIRD,39.16478931,-86.495088
2006,5,2,Weekday,1300,1-Car,Non-incapacitating,OVERCORRECTING/OVERSTEERING,PROFILE & SR48,39.16476574,-86.59502794
2006,10,6,Weekday,1100,2-Car,No injury/unknown,FOLLOWING TOO CLOSELY,PARK SQUARE & SR48,39.16476574,-86.59228452
2006,11,6,Weekday,800,3+ Cars,No injury/unknown,DRIVER DISTRACTED - EXPLAIN IN NARRATIVE,PARK & SR48,39.16476574,-86.59228452
2006,4,3,Weekday,1500,2-Car,No injury/unknown,OTHER (DRIVER) - EXPLAIN IN NARRATIVE,SR48W & STATE ROAD 48,39.16476574,-86.59230184
2006,8,6,Weekday,100,1-Car,No injury/unknown,OTHER (DRIVER) - EXPLAIN IN NARRATIVE,STATE ROAD 48 HWY,39.16476574,-86.59231185
2006,12,6,Weekday,1400,2-Car,No injury/unknown,OTHER (DRIVER) - EXPLAIN IN NARRATIVE,3RD & MADISON ST,39.16475893,-86.537296
2006,1,3,Weekday,1800,2-Car,Non-incapacitating,IMPROPER TURNING,SR37 & SR48,39.164752,-86.573104
2006,1,6,Weekend,2100,2-Car,Non-incapacitating,FAILURE TO YIELD RIGHT OF WAY,3RD ST & I45,39.164752,-86.573104
2006,2,5,Weekday,1000,3+ Cars,Non-incapacitating,FOLLOWING TOO CLOSELY,SR37 & SR48,39.164752,-86.573104
2006,2,7,Weekend,2100,2-Car,Non-incapacitating,DRIVER DISTRACTED - EXPLAIN IN NARRATIVE,3RD & SR37,39.164752,-86.573104
2006,2,6,Weekday,1500,2-Car,Non-incapacitating,DRIVER DISTRACTED - EXPLAIN IN NARRATIVE,3RD ST & SR37,39.164752,-86.573104
2006,1,4,Weekday,1200,2-Car,No injury/unknown,FOLLOWING TOO CLOSELY,3RD & SR37N,39.164752,-86.573104
2006,3,7,Weekend,1800,2-Car,No injury/unknown,OTHER (DRIVER) - EXPLAIN IN NARRATIVE,37 & 3RD ST,39.164752,-86.573104
2006,7,6,Weekday,1800,2-Car,No injury/unknown,FAILURE TO YIELD RIGHT OF WAY,SR37S & THIRD ST,39.164752,-86.573104
2006,7,1,Weekend,1400,2-Car,No injury/unknown,FOLLOWING TOO CLOSELY,3RD & SR37S,39.164752,-86.573104
2006,8,5,Weekday,1000,1-Car,No injury/unknown,DRIVER ILLNESS,3RD ST & SR37S,39.164752,-86.573104
2006,8,4,Weekday,1800,2-Car,No injury/unknown,OTHER (DRIVER) - EXPLAIN IN NARRATIVE,SR37 & W 3RD ST,39.164752,-86.573104
2006,9,3,Weekday,2000,2-Car,No injury/unknown,DISREGARD SIGNAL/REG SIGN,SR37S & W 3RD ST,39.164752,-86.573104
2006,10,4,Weekday,900,2-Car,No injury/unknown,DISREGARD SIGNAL/REG SIGN,3RD ST & SR37S,39.164752,-86.573104
2006,10,5,Weekday,1300,3+ Cars,No injury/unknown,UNSAFE SPEED,3RD ST & SR37N,39.164752,-86.573104
2006,10,3,Weekday,1600,3+ Cars,No injury/unknown,OTHER (DRIVER) - EXPLAIN IN NARRATIVE,SR37 & SR48W,39.164752,-86.573104
2006,11,5,Weekday,600,2-Car,No injury/unknown,UNSAFE SPEED,3RD ST & SR37,39.164752,-86.573104
2006,12,3,Weekday,1800,2-Car,No injury/unknown,FOLLOWING TOO CLOSELY,SR37N & W 3RD,39.164752,-86.573104
2006,12,5,Weekday,1500,2-Car,No injury/unknown,OTHER (DRIVER) - EXPLAIN IN NARRATIVE,SR37S & WEST 3RD,39.164752,-86.573104
2006,7,3,Weekday,1600,2-Car,No injury/unknown,UNSAFE BACKING,W 3RD ST,39.16474251,-86.57282163
2006,1,1,Weekend,1700,2-Car,No injury/unknown,UNSAFE BACKING,3RD ST & WILLIAMSBURG,39.16472678,-86.5723537
2006,1,3,Weekday,1900,2-Car,No injury/unknown,SPEED TOO FAST FOR WEATHER CONDITIONS,3RD & ROGER ST,39.16472,-86.538592
2006,6,5,Weekday,100,2-Car,No injury/unknown,ALCOHOLIC BEVERAGES,311 S ROGERS AVE & W 3RD,39.16472,-86.538592
2006,12,3,Weekday,1900,2-Car,No injury/unknown,FAILURE TO YIELD RIGHT OF WAY,ROGERS ST & W 3RD,39.16472,-86.538592
2006,9,7,Weekend,1600,2-Car,No injury/unknown,VIEW OBSTRUCTED,3RD ST,39.16471159,-86.5719019
2006,10,6,Weekend,2000,2-Car,No injury/unknown,UNSAFE BACKING,THIRD ST,39.16470933,-86.57183467
2006,8,5,Weekday,1700,2-Car,No injury/unknown,UNSAFE BACKING,N MADISON ST & W 3RD,39.164704,-86.537296
2006,8,4,Weekday,1200,1-Car,No injury/unknown,RAN OFF ROAD LEFT,3RD ST & MADISON,39.164704,-86.537296
2006,1,4,Weekday,1800,2-Car,No injury/unknown,UNSAFE BACKING,3RD,39.1647,-86.5865
2006,3,5,Weekday,2300,1-Car,No injury/unknown,OTHER (DRIVER) - EXPLAIN IN NARRATIVE,WEST 3 RD ST,39.1647,-86.58338
2006,9,3,Weekday,1300,2-Car,No injury/unknown,IMPROPER TURNING,W 3RD ST,39.1647,-86.589098
2006,9,3,Weekday,1000,2-Car,No injury/unknown,FOLLOWING TOO CLOSELY,HICKORY AVE & WEST 3 ST ST,39.1647,-86.585701
2006,9,1,Weekend,500,1-Car,Non-incapacitating,DRIVER ASLEEP OR FATIGUED,HICKORY & THIRD ST,39.1647,-86.585701
2006,1,5,Weekday,1100,2-Car,Non-incapacitating,OTHER (DRIVER) - EXPLAIN IN NARRATIVE,3RD & FRANKLIN,39.164688,-86.5712
2006,3,4,Weekday,1500,2-Car,Non-incapacitating,OTHER (DRIVER) - EXPLAIN IN NARRATIVE,FRANKLIN & W 3RD ST,39.164688,-86.5712
2006,4,5,Weekday,1200,2-Car,No injury/unknown,DISREGARD SIGNAL/REG SIGN,FRANKLIN & W 3RD STREET ST,39.164688,-86.5712
2006,4,5,Weekday,1600,2-Car,No injury/unknown,FAILURE TO YIELD RIGHT OF WAY,FRANKLIN & W 3RD ST,39.164688,-86.5712
2006,7,6,Weekday,1600,2-Car,No injury/unknown,SPEED TOO FAST FOR WEATHER CONDITIONS,FRANKLIN & THIRD ST,39.164688,-86.5712
2006,9,6,Weekday,1200,3+ Cars,Non-incapacitating,FAILURE TO YIELD RIGHT OF WAY,FRANKLIN RD & W 3RD STREET ST,39.164688,-86.5712
2006,11,3,Weekday,1800,2-Car,No injury/unknown,OTHER (DRIVER) - EXPLAIN IN NARRATIVE,3RD ST & FRANKLIN,39.164688,-86.5712
2006,11,4,Weekday,2000,Moped/Motorcycle,Non-incapacitating,DISREGARD SIGNAL/REG SIGN,FRANKLIN & THIRD ST,39.164688,-86.5712
2006,12,3,Weekday,1200,2-Car,No injury/unknown,IMPROPER TURNING,FRANKLIN & W 3RD ST,39.164688,-86.5712
2006,12,5,Weekday,1300,2-Car,No injury/unknown,DISREGARD SIGNAL/REG SIGN,3RD ST & FRANKLIN,39.164688,-86.5712
2006,1,3,Weekday,1600,2-Car,No injury/unknown,FAILURE TO YIELD RIGHT OF WAY,CURRY & SR48W,39.16468378,-86.58288787
2006,6,2,Weekday,1300,2-Car,Non-incapacitating,FAILURE TO YIELD RIGHT OF WAY,CURRY & SR48W,39.16468378,-86.58292033
2006,9,6,Weekend,2100,2-Car,Non-incapacitating,DRIVER ILLNESS,W 3RD ST,39.16467533,-86.570478
2006,12,4,Weekday,1700,2-Car,No injury/unknown,OTHER (DRIVER) - EXPLAIN IN NARRATIVE,WEST THIRD ST,39.16467533,-86.570478
2006,10,6,Weekday,1700,2-Car,No injury/unknown,OTHER (DRIVER) - EXPLAIN IN NARRATIVE,THIRD ST,39.16467067,-86.57025067
2006,5,2,Weekday,1200,2-Car,Non-incapacitating,FOLLOWING TOO CLOSELY,3RD ST & COLLEGE,39.16464526,-86.53499228
2006,12,7,Weekend,1200,2-Car,No injury/unknown,FAILURE TO YIELD RIGHT OF WAY,E 3RD & SR46E,39.16464055,-86.47142014
2006,8,2,Weekday,1600,2-Car,No injury/unknown,FOLLOWING TOO CLOSELY,3RD ST & JOHNSON,39.16464,-86.56428637
2006,2,3,Weekday,1600,2-Car,No injury/unknown,IMPROPER LANE USAGE,3RD & GRANT,39.16464,-86.52946204
2006,4,6,Weekday,900,Bus,No injury/unknown,FOLLOWING TOO CLOSELY,3RD ST & GRANT,39.16464,-86.52937519
2006,11,5,Weekday,1900,2-Car,No injury/unknown,UNSAFE BACKING,3RD ST & LINCOLN,39.16464,-86.53084759
2006,2,5,Weekday,2000,2-Car,No injury/unknown,FAILURE TO YIELD RIGHT OF WAY,3RD & COLLEGE,39.16464,-86.534816
2006,1,2,Weekday,1600,2-Car,Non-incapacitating,ILLEGAL DRUGS,COLLEGE AVE & THIRD,39.16464,-86.534816
2006,1,1,,,2-Car,No injury/unknown,,3RD ST,39.16464,-86.569392
2006,1,7,Weekend,1200,2-Car,No injury/unknown,FAILURE TO YIELD RIGHT OF WAY,3RD & COLLEGE,39.16464,-86.534816
2006,2,4,Weekday,1300,2-Car,Non-incapacitating,DRIVER DISTRACTED - EXPLAIN IN NARRATIVE,3RD ST & KIMBLE,39.16464,-86.568
2006,6,6,Weekday,1800,2-Car,No injury/unknown,FAILURE TO YIELD RIGHT OF WAY,3RD  STREET & LIBERTY   DRIVE,39.16464,-86.533
2006,2,3,Weekday,800,3+ Cars,No injury/unknown,FOLLOWING TOO CLOSELY,KIMBLE & W 3RD,39.16464,-86.568
2006,10,2,Weekday,2200,1-Car,Non-incapacitating,ANIMAL/OBJECT IN ROADWAY,COLLEGE & SR 37,39.16464,-86.534816
2006,2,1,Weekday,2000,2-Car,No injury/unknown,FAILURE TO YIELD RIGHT OF WAY,3RD & GRANT,39.16464,-86.529728
2006,2,5,Weekday,1900,2-Car,Non-incapacitating,FAILURE TO YIELD RIGHT OF WAY,3RD ST & COLLEGE,39.16464,-86.534816
2006,2,5,Weekday,2000,2-Car,Non-incapacitating,DISREGARD SIGNAL/REG SIGN,3RD ST & WASHINGTON,39.16464,-86.5324
2006,3,2,Weekday,1800,2-Car,No injury/unknown,PRESCRIPTION DRUGS,3RD ST,39.16464,-86.56913891
2006,3,5,Weekday,1900,3+ Cars,Non-incapacitating,FAILURE TO YIELD RIGHT OF WAY,GRANT & THIRD ST,39.16464,-86.529728
2006,3,4,Weekday,1600,2-Car,No injury/unknown,FAILURE TO YIELD RIGHT OF WAY,3RD ST & GRANT,39.16464,-86.529728
2006,4,6,Weekday,900,2-Car,Non-incapacitating,DISREGARD SIGNAL/REG SIGN,EAST THIRD ST & SOUTH LINCOLN,39.16464,-86.531024
2006,4,6,Weekday,1700,2-Car,No injury/unknown,DISREGARD SIGNAL/REG SIGN,3RD ST & WASHINGTON,39.16464,-86.5324
2006,4,7,Weekend,1000,2-Car,No injury/unknown,FAILURE TO YIELD RIGHT OF WAY,3RD ST & KIMBLE,39.16464,-86.56764719
2006,4,2,Weekday,1600,2-Car,Non-incapacitating,OTHER (DRIVER) - EXPLAIN IN NARRATIVE,3RD ST & JOHNSON,39.16464,-86.564992
2006,4,5,Weekday,900,2-Car,No injury/unknown,FAILURE TO YIELD RIGHT OF WAY,3RD ST & LINCOLN,39.16464,-86.531024
2006,4,6,Weekday,1100,2-Car,No injury/unknown,DISREGARD SIGNAL/REG SIGN,3RD ST & WASHINGTON,39.16464,-86.5324
2006,4,2,Weekday,1500,1-Car,No injury/unknown,OTHER (DRIVER) - EXPLAIN IN NARRATIVE,W 3RD ST,39.16464,-86.56371363
2006,5,2,Weekday,1300,2-Car,Non-incapacitating,OTHER (DRIVER) - EXPLAIN IN NARRATIVE,E 3RD ST ST & LINCOLN ST,39.16464,-86.531024
2006,5,5,Weekday,1500,2-Car,No injury/unknown,ROADWAY SURFACE CONDITION,3RD & GRANT ST,39.16464,-86.529728
2006,5,7,Weekend,2200,2-Car,No injury/unknown,OTHER (DRIVER) - EXPLAIN IN NARRATIVE,3RD & S COLLEGE AVE,39.16464,-86.534816
2006,6,1,Weekend,1500,3+ Cars,No injury/unknown,OTHER (DRIVER) - EXPLAIN IN NARRATIVE,3RD ST,39.16464,-86.53333061
2006,6,5,Weekday,2300,2-Car,Non-incapacitating,IMPROPER TURNING,3RD & COLLEGE AVE,39.16464,-86.534816
2006,6,3,Weekday,100,1-Car,No injury/unknown,UNSAFE SPEED,3RD ST & GRANT,39.16464,-86.52955159
2006,6,5,Weekday,2100,3+ Cars,Non-incapacitating,DISREGARD SIGNAL/REG SIGN,EAST 3RD ST & WALNUT,39.16464,-86.5336
2006,7,3,Weekday,2000,2-Car,No injury/unknown,UNSAFE BACKING,W 3RD ST,39.16464,-86.569392
2006,7,3,Weekday,1600,2-Car,No injury/unknown,FAILURE TO YIELD RIGHT OF WAY,E 3RD ST & GRANT,39.16464,-86.529728
2006,7,4,Weekday,2000,2-Car,No injury/unknown,OTHER (DRIVER) - EXPLAIN IN NARRATIVE,3RD & COLLEGE AVE,39.16464,-86.534816
2006,7,7,Weekend,1200,2-Car,Non-incapacitating,DRIVER DISTRACTED - EXPLAIN IN NARRATIVE,2300 W 3RD ST ST & JOHNSON AVE,39.16464,-86.564992
2006,8,5,Weekday,1200,2-Car,No injury/unknown,FAILURE TO YIELD RIGHT OF WAY,EAST THIRD ST & WASHINGTON,39.16464,-86.5324
2006,8,1,Weekday,2200,2-Car,No injury/unknown,OTHER (DRIVER) - EXPLAIN IN NARRATIVE,3RD & COLLEGE AVE,39.16464,-86.534816
2006,8,7,Weekend,1200,2-Car,No injury/unknown,OTHER (DRIVER) - EXPLAIN IN NARRATIVE,3RD & COLLEGE AVE,39.16464,-86.534816
2006,8,1,Weekday,1900,2-Car,No injury/unknown,FOLLOWING TOO CLOSELY,3RD & COLLEGE AVE,39.16464,-86.534816
2006,8,4,Weekday,300,1-Car,No injury/unknown,IMPROPER TURNING,S WALNUT ST PIKE,39.16464,-86.5336
2006,8,4,Weekday,1100,2-Car,No injury/unknown,UNSAFE BACKING,E 3RD ST,39.16464,-86.56913891
2006,8,4,Weekday,1800,2-Car,No injury/unknown,UNSAFE BACKING,E 3RD ST,39.16464,-86.5324
2006,8,5,Weekday,900,2-Car,No injury/unknown,FAILURE TO YIELD RIGHT OF WAY,SOUTH COLLEGE & WEST 3RD ST,39.16464,-86.534816
2006,9,6,Weekday,1100,2-Car,Non-incapacitating,DRIVER DISTRACTED - EXPLAIN IN NARRATIVE,KIMBLE & W 3RD ST,39.16464,-86.568
2006,9,4,Weekday,1400,3+ Cars,Non-incapacitating,FOLLOWING TOO CLOSELY,E 3 RD ST & GRANT,39.16464,-86.529728
2006,9,6,Weekday,0,2-Car,No injury/unknown,FAILURE TO YIELD RIGHT OF WAY,3RD & WASHINGTON ST,39.16464,-86.5324
2006,9,6,Weekend,1900,2-Car,No injury/unknown,VIEW OBSTRUCTED,3RD ST & LINCOLN,39.16464,-86.531024
2006,9,2,Weekday,1300,2-Car,No injury/unknown,SPEED TOO FAST FOR WEATHER CONDITIONS,3RD ST & WASHINGTON,39.16464,-86.5324
2006,9,7,Weekend,0,2-Car,No injury/unknown,DISREGARD SIGNAL/REG SIGN,THIRD AVE & WALNUT,39.16464,-86.5336
2006,9,7,Weekend,1100,Pedestrian,Non-incapacitating,PEDESTRIAN ACTION,3RD ST & BENHAM,39.16464,-86.56324719
2006,9,3,Weekday,1400,2-Car,Non-incapacitating,FAILURE TO YIELD RIGHT OF WAY,3RD ST & COLLEGE,39.16464,-86.534816
2006,10,3,Weekday,900,2-Car,No injury/unknown,FOLLOWING TOO CLOSELY,3RD STREET & S WALNUT STREET ST,39.16464,-86.5336
2006,10,7,Weekend,900,3+ Cars,No injury/unknown,OTHER (DRIVER) - EXPLAIN IN NARRATIVE,3RD STREET ST & WASHINGTON ST,39.16464,-86.5324
2006,10,5,Weekday,1000,2-Car,No injury/unknown,DISREGARD SIGNAL/REG SIGN,3RD ST & WASHINGTON,39.16464,-86.5324
2006,10,5,Weekday,1800,2-Car,No injury/unknown,IMPROPER TURNING,3RD & S COLLEGE AVE,39.16464,-86.534816
2006,10,5,Weekday,1300,2-Car,Non-incapacitating,DISREGARD SIGNAL/REG SIGN,THIRD ST & WASHINGTON,39.16464,-86.5324
2006,10,5,Weekday,1300,3+ Cars,No injury/unknown,DISREGARD SIGNAL/REG SIGN,S COLLEGE AVE & W 3RD,39.16464,-86.534816
2006,10,6,Weekend,2100,2-Car,Non-incapacitating,SPEED TOO FAST FOR WEATHER CONDITIONS,3RD ST & WALNUT,39.16464,-86.5336
2006,11,2,Weekday,1400,2-Car,No injury/unknown,FOLLOWING TOO CLOSELY,3RD ST & WASHINGTON,39.16464,-86.5324
2006,11,3,Weekday,800,2-Car,No injury/unknown,FAILURE TO YIELD RIGHT OF WAY,WALNUT ST PIKE,39.16464,-86.5336
2006,11,7,Weekend,900,2-Car,No injury/unknown,DISREGARD SIGNAL/REG SIGN,E 3RD STREET ST & WASHINGTON STREET,39.16464,-86.5324
2006,11,1,Weekend,1200,2-Car,No injury/unknown,DISREGARD SIGNAL/REG SIGN,3RD & COLLEGE AVE,39.16464,-86.534816
2006,12,4,Weekday,900,2-Car,Non-incapacitating,FAILURE TO YIELD RIGHT OF WAY,3RD ST ST & GRANT ST,39.16464,-86.529728
2006,12,5,Weekday,1300,3+ Cars,No injury/unknown,DISREGARD SIGNAL/REG SIGN,EAST THIRD ST & SOUTH WASHINGTON,39.16464,-86.5324
2006,12,5,Weekday,700,2-Car,No injury/unknown,IMPROPER LANE USAGE,SOUTH COLLEGE AVE & WEST THIRD,39.16464,-86.534816
2006,12,3,Weekday,1000,2-Car,No injury/unknown,FAILURE TO YIELD RIGHT OF WAY,SOUTH WALNUT & SR37N,39.16464,-86.5336
2006,12,1,Weekend,1700,2-Car,No injury/unknown,IMPROPER LANE USAGE,3RD & WALNUT ST,39.16464,-86.5336
2006,6,3,Weekday,1400,2-Car,Non-incapacitating,OTHER (DRIVER) - EXPLAIN IN NARRATIVE,CURRY & W 3RD ST,39.164604,-86.582701
2006,9,2,Weekday,1600,2-Car,No injury/unknown,FAILURE TO YIELD RIGHT OF WAY,3RD ST & CURRY,39.164604,-86.58272698
2006,10,3,Weekday,1100,2-Car,No injury/unknown,IMPROPER LANE USAGE,3RD ST & CURRY,39.164604,-86.582701
2006,4,4,Weekday,1900,2-Car,No injury/unknown,FAILURE TO YIELD RIGHT OF WAY,E SMITH & S WALNUT ST,39.164601,-86.533599
2006,2,1,Weekend,1100,2-Car,No injury/unknown,FAILURE TO YIELD RIGHT OF WAY,3RD ST & GATES,39.1646,-86.575601
2006,1,3,Weekday,1000,2-Car,No injury/unknown,FAILURE TO YIELD RIGHT OF WAY,3RD ST & GATES,39.1646,-86.57558369
2006,3,4,Weekday,1200,2-Car,No injury/unknown,UNSAFE BACKING,W 3RD ST,39.1646,-86.576862
2006,3,5,Weekday,1700,2-Car,Non-incapacitating,OTHER (DRIVER) - EXPLAIN IN NARRATIVE,LIBERTY DRIVE & WEST 3RD STREET ST,39.1646,-86.5787596
2006,3,2,Weekday,1400,2-Car,Non-incapacitating,FOLLOWING TOO CLOSELY,3RD ST & GATES,39.1646,-86.575601
2006,4,4,Weekday,1800,2-Car,Non-incapacitating,DISREGARD SIGNAL/REG SIGN,SR 37 SOUTHBOUND OFF & W 3RD ST,39.1646,-86.573499
2006,4,3,Weekday,1000,2-Car,No injury/unknown,UNSAFE BACKING,LIBERTY & W 3RD ST,39.1646,-86.5774
2006,4,5,Weekday,1000,2-Car,No injury/unknown,UNSAFE BACKING,3175 W 3 ST DR,39.1646,-86.574879
2006,4,7,Weekend,1100,2-Car,No injury/unknown,DISREGARD SIGNAL/REG SIGN,S GATES & W 3RD ST,39.1646,-86.575601
2006,5,3,Weekday,1100,2-Car,No injury/unknown,UNSAFE BACKING,3300 WEST 3 ST DR,39.1646,-86.576211
2006,5,4,Weekday,1800,2-Car,No injury/unknown,SPEED TOO FAST FOR WEATHER CONDITIONS,E 3RD ST & S WASHINGTON,39.1646,-86.533596
2006,6,6,Weekend,2300,2-Car,No injury/unknown,OTHER (DRIVER) - EXPLAIN IN NARRATIVE,EAST 3RD ST,39.1646,-86.532133
2006,7,6,Weekday,1200,2-Car,No injury/unknown,FAILURE TO YIELD RIGHT OF WAY,LIBERTY & WEST THIRD ST,39.1646,-86.57738269
2006,7,4,Weekday,1000,2-Car,No injury/unknown,OTHER (DRIVER) - EXPLAIN IN NARRATIVE,SO LIBERTY & W 3RD ST,39.1646,-86.57739134
2006,7,6,Weekday,1500,2-Car,No injury/unknown,UNSAFE BACKING,WEST THIRD ST,39.1646,-86.580358
2006,8,2,Weekday,900,2-Car,No injury/unknown,FOLLOWING TOO CLOSELY,3RD ST & GATES,39.1646,-86.575601
2006,8,4,Weekday,1600,2-Car,No injury/unknown,FAILURE TO YIELD RIGHT OF WAY,3RD ST & LIBERTY,39.1646,-86.57738269
2006,9,6,Weekend,2200,2-Car,No injury/unknown,IMPROPER TURNING,WEST 3RD ST,39.1646,-86.580358
2006,9,2,Weekday,1300,2-Car,No injury/unknown,OTHER (DRIVER) - EXPLAIN IN NARRATIVE,220 EAST THIRD ST,39.1646,-86.532133
2006,9,3,Weekday,1100,3+ Cars,No injury/unknown,OTHER (DRIVER) - EXPLAIN IN NARRATIVE,N GATES & W 3RD ST,39.1646,-86.57561399
2006,9,2,Weekday,1700,2-Car,No injury/unknown,UNSAFE BACKING,THIRD ST,39.1646,-86.576079
2006,9,3,Weekday,1500,2-Car,No injury/unknown,FOLLOWING TOO CLOSELY,E 3RD ST & GATES,39.1646,-86.575601
2006,10,2,Weekday,1400,2-Car,Non-incapacitating,FAILURE TO YIELD RIGHT OF WAY,LIBERTY & W 3RD ST,39.1646,-86.57737403
2006,10,1,Weekend,1100,2-Car,Non-incapacitating,FAILURE TO YIELD RIGHT OF WAY,LIBERTY DR & W 3RD ST ST,39.1646,-86.5774
2006,10,5,Weekday,900,3+ Cars,No injury/unknown,FAILURE TO YIELD RIGHT OF WAY,GATES & W 3RD ST,39.1646,-86.575601
2006,11,3,Weekday,1600,3+ Cars,Non-incapacitating,OTHER (DRIVER) - EXPLAIN IN NARRATIVE,3RD ST & LIBERTY,39.1646,-86.5774
2006,12,6,Weekday,1100,2-Car,No injury/unknown,UNSAFE BACKING,3RD ST,39.1646,-86.576444
2006,12,7,Weekend,2100,2-Car,No injury/unknown,FAILURE TO YIELD RIGHT OF WAY,LIBERTY & W 3RD ST,39.1646,-86.57737403
2006,5,4,Weekday,1400,2-Car,No injury/unknown,UNSAFE BACKING,EAST 3RD ST,39.164599,-86.52916935
2006,12,4,Weekday,1700,2-Car,No injury/unknown,LEFT OF CENTER,LIBERTY DR & W 3RD,39.164599,-86.5791
2006,1,3,Weekday,1600,3+ Cars,No injury/unknown,OTHER (DRIVER) - EXPLAIN IN NARRATIVE,GATES & SR48,39.1645984,-86.57600366
2006,1,4,Weekday,2000,2-Car,No injury/unknown,FAILURE TO YIELD RIGHT OF WAY,LIBERTY & SR48,39.1645984,-86.57911909
2006,3,4,Weekday,1700,2-Car,Non-incapacitating,FAILURE TO YIELD RIGHT OF WAY,GATES & SR48W,39.1645984,-86.57596037
2006,4,3,Weekday,600,2-Car,No injury/unknown,FOLLOWING TOO CLOSELY,GATES & SR48W,39.1645984,-86.57596037
2006,4,5,Weekday,1900,3+ Cars,No injury/unknown,ILLEGAL DRUGS,GATES & SR48W,39.1645984,-86.57596037
2006,5,4,Weekday,1400,2-Car,Non-incapacitating,DISREGARD SIGNAL/REG SIGN,GATES & SR48W,39.1645984,-86.57596037
2006,6,6,Weekday,1600,Moped/Motorcycle,No injury/unknown,OTHER (DRIVER) - EXPLAIN IN NARRATIVE,LIBERTY & SR48W,39.1645984,-86.57913641
2006,8,4,Weekday,1800,2-Car,No injury/unknown,OTHER (DRIVER) - EXPLAIN IN NARRATIVE,GATES & SR48W,39.1645984,-86.57596037
2006,10,6,Weekday,1300,2-Car,Non-incapacitating,FAILURE TO YIELD RIGHT OF WAY,LIBERTY & SR48,39.1645984,-86.57915373
2006,11,2,Weekday,1800,2-Car,No injury/unknown,OTHER (DRIVER) - EXPLAIN IN NARRATIVE,GATES & SR48,39.1645984,-86.57596037
2006,11,3,Weekday,1200,2-Car,No injury/unknown,FAILURE TO YIELD RIGHT OF WAY,GATES & SR48W,39.1645984,-86.57595777
2006,12,4,Weekday,1600,2-Car,No injury/unknown,FAILURE TO YIELD RIGHT OF WAY,GATES & SR48W,39.1645984,-86.57595171
2006,1,3,Weekday,1100,2-Car,No injury/unknown,NONE (DRIVER),GRANT & R 3RD ST,39.16459157,-86.52982677
2006,4,6,Weekend,2000,2-Car,No injury/unknown,OTHER (DRIVER) - EXPLAIN IN NARRATIVE,WEST THIRD ST,39.164591,-86.571105
2006,6,6,Weekday,1800,2-Car,No injury/unknown,IMPROPER TURNING,WEST 3RD ST,39.164591,-86.571105
2006,5,6,Weekday,1400,2-Car,No injury/unknown,ILLEGAL DRUGS,WEST 3RD ST,39.164578,-86.570972
2006,3,5,Weekday,1500,Pedestrian,Non-incapacitating,PEDESTRIAN ACTION,3 RD & SR46W,39.16457636,-86.47157609
2006,1,6,Weekday,1100,2-Car,No injury/unknown,FOLLOWING TOO CLOSELY,FRANKLIN & W 3RD ST,39.16456766,-86.57018954
2006,3,6,Weekday,1300,2-Car,No injury/unknown,OTHER (DRIVER) - EXPLAIN IN NARRATIVE,E 3RD ST,39.16456462,-86.55869926
2006,9,6,Weekday,1500,2-Car,No injury/unknown,OTHER (DRIVER) - EXPLAIN IN NARRATIVE,E 3RD ST,39.16456,-86.5550845
2006,1,1,Weekend,1300,2-Car,Non-incapacitating,OTHER (DRIVER) - EXPLAIN IN NARRATIVE,3RD ST,39.16455981,-86.55584763
2006,3,2,Weekday,1600,2-Car,No injury/unknown,FAILURE TO YIELD RIGHT OF WAY,S CURRY PIKE & W 3RD,39.164544,-86.560096
2006,4,2,Weekday,1700,2-Car,No injury/unknown,FOLLOWING TOO CLOSELY,CORY & W 3RD ST,39.164544,-86.560096
2006,5,1,Weekend,1400,2-Car,No injury/unknown,FOLLOWING TOO CLOSELY,CORY & W 3RD ST,39.164544,-86.560096
2006,9,2,Weekday,700,3+ Cars,No injury/unknown,OTHER (DRIVER) - EXPLAIN IN NARRATIVE,CORY & WEST THIRD ST,39.164544,-86.560096
2006,9,4,Weekday,700,3+ Cars,No injury/unknown,FOLLOWING TOO CLOSELY,CORY & W 3RD ST,39.164544,-86.560096
2006,10,4,Weekday,700,2-Car,No injury/unknown,FAILURE TO YIELD RIGHT OF WAY,3RD ST & CORY,39.164544,-86.560096
2006,11,6,Weekday,1200,3+ Cars,No injury/unknown,FAILURE TO YIELD RIGHT OF WAY,SOUTH CURRY & WEST 3RD ST,39.164544,-86.560096
2006,12,5,Weekday,1700,3+ Cars,No injury/unknown,OTHER (DRIVER) - EXPLAIN IN NARRATIVE,CORY & WEST 3RD ST,39.164544,-86.560096
2006,12,5,Weekday,1500,2-Car,No injury/unknown,OTHER (DRIVER) - EXPLAIN IN NARRATIVE,CORY & WEST 3RD ST,39.164544,-86.560096
2006,10,2,Weekday,2300,2-Car,No injury/unknown,UNSAFE BACKING,3RD & OVERHILL DR,39.16454237,-86.50155005