Year,Month,Day,Weekend?,Hour,Collision Type,Injury Type,Primary Factor,Reported_Location,Latitude,Longitude
2006,1,7,Weekend,2000,2-Car,Non-incapacitating,ALCOHOLIC BEVERAGES,3RD ST & ATWATER,39.16453477,-86.52823339
2006,2,6,Weekday,1700,2-Car,No injury/unknown,UNSAFE BACKING,3RD ST & SWAIN,39.16452114,-86.551072
2006,11,6,Weekday,1800,2-Car,No injury/unknown,FAILURE TO YIELD RIGHT OF WAY,3RD & UNION ST,39.16451466,-86.509296
2006,3,2,Weekday,1900,2-Car,No injury/unknown,FAILURE TO YIELD RIGHT OF WAY,3RD & UNION ST,39.16451455,-86.509296
2006,6,2,Weekday,1200,2-Car,No injury/unknown,DISREGARD SIGNAL/REG SIGN,3RD ST & JORDAN,39.164512,-86.550624
2006,5,6,Weekday,600,3+ Cars,Non-incapacitating,DISREGARD SIGNAL/REG SIGN,3RD ST & JORDAN,39.164512,-86.550624
2006,11,1,Weekend,1000,2-Car,No injury/unknown,IMPROPER LANE USAGE,E3RD ST & PETE ELLIS,39.164504,-86.57019407
2006,3,5,Weekday,1200,2-Car,Non-incapacitating,FOLLOWING TOO CLOSELY,3RD ST & YANCY,39.1645,-86.567998
2006,4,3,Weekday,1500,2-Car,No injury/unknown,UNSAFE BACKING,WEST 3RD ST,39.1645,-86.568165
2006,5,7,Weekend,1000,2-Car,Non-incapacitating,FAILURE TO YIELD RIGHT OF WAY,3RD ST & KIMBLE,39.1645,-86.565
2006,5,6,Weekday,1800,2-Car,No injury/unknown,FAILURE TO YIELD RIGHT OF WAY,THIRD ST & YANCY,39.1645,-86.567998
2006,8,3,Weekday,1100,2-Car,Non-incapacitating,FAILURE TO YIELD RIGHT OF WAY,E 3RD ST & YANCY,39.1645,-86.567998
2006,8,3,Weekday,1500,2-Car,No injury/unknown,DRIVER DISTRACTED - EXPLAIN IN NARRATIVE,THIRD ST & YANCY,39.1645,-86.567998
2006,4,1,Weekend,400,2-Car,No injury/unknown,UNSAFE BACKING,WALMART PARKING LOT & WALNUT AVE,39.16449371,-86.5336
2006,1,1,Weekend,1200,2-Car,No injury/unknown,OTHER (DRIVER) - EXPLAIN IN NARRATIVE,3RD & LIBERTY,39.16449326,-86.5791
2006,6,3,Weekday,1400,2-Car,No injury/unknown,UNSAFE BACKING,W 3RD ST,39.164488,-86.54969829
2006,11,6,Weekday,0,3+ Cars,Non-incapacitating,ALCOHOLIC BEVERAGES,GRANT ST & UNIVERSITY,39.16447207,-86.529899
2006,1,7,Weekend,300,2-Car,No injury/unknown,OTHER (DRIVER) - EXPLAIN IN NARRATIVE,3RD ST & ATWATER,39.1644625,-86.54871471
2006,1,3,Weekday,1600,2-Car,No injury/unknown,FAILURE TO YIELD RIGHT OF WAY,DUNN,39.1644618,-86.52842454
2006,5,2,Weekday,0,1-Car,Non-incapacitating,PRESCRIPTION DRUGS,3RD ST & INDIANA,39.164448,-86.52672908
2006,1,5,Weekday,1400,2-Car,No injury/unknown,UNSAFE SPEED,3RD ST & FESS,39.164448,-86.52582746
2006,6,3,Weekday,800,2-Car,No injury/unknown,DISREGARD SIGNAL/REG SIGN,3RD ST & INDIANA,39.164448,-86.5268
2006,6,3,Weekday,1300,2-Car,No injury/unknown,WRONG WAY ON ONE WAY,3RD ST & INDIANA,39.164448,-86.5268
2006,6,7,Weekend,2200,2-Car,No injury/unknown,FAILURE TO YIELD RIGHT OF WAY,3RD ST & INDIANA,39.164448,-86.52683528
2006,3,4,Weekday,2000,2-Car,Non-incapacitating,FAILURE TO YIELD RIGHT OF WAY,3RD ST & INDIANA,39.164448,-86.5268
2006,4,5,Weekday,1600,3+ Cars,No injury/unknown,DISREGARD SIGNAL/REG SIGN,3RD ST & INDIANA,39.164448,-86.5268
2006,1,5,Weekday,1400,2-Car,No injury/unknown,FOLLOWING TOO CLOSELY,3RD ST & INDIANA,39.164448,-86.52715461
2006,3,4,Weekday,1200,2-Car,No injury/unknown,OTHER (DRIVER) - EXPLAIN IN NARRATIVE,E 3RD & SR46E,39.164448,-86.471888
2006,4,6,Weekday,1000,2-Car,Non-incapacitating,FOLLOWING TOO CLOSELY,E 3RD ST & S HENDERSON,39.164448,-86.5268
2006,5,2,Weekday,1800,2-Car,No injury/unknown,DRIVER DISTRACTED - EXPLAIN IN NARRATIVE,DUNN & E 3RD ST,39.164448,-86.528096
2006,5,4,Weekday,1700,2-Car,No injury/unknown,FOLLOWING TOO CLOSELY,E 3RD & SR46E,39.164448,-86.471888
2006,5,5,Weekday,1700,2-Car,No injury/unknown,FAILURE TO YIELD RIGHT OF WAY,3RD ST & INDIANA,39.164448,-86.5268
2006,7,4,Weekday,1300,2-Car,Non-incapacitating,DISREGARD SIGNAL/REG SIGN,3RD & SR46E,39.164448,-86.471888
2006,8,7,Weekend,1000,2-Car,Non-incapacitating,DRIVER DISTRACTED - EXPLAIN IN NARRATIVE,3RD ST & SR446,39.164448,-86.471888
2006,8,3,Weekday,1200,2-Car,Non-incapacitating,UNSAFE SPEED,3RD ST & INDIANA,39.164448,-86.5268
2006,8,6,Weekend,1900,2-Car,No injury/unknown,IMPROPER TURNING,3RD ST & FESS,39.164448,-86.525792
2006,9,2,Weekday,1800,2-Car,No injury/unknown,FOLLOWING TOO CLOSELY,3RD ST & DUNN,39.164448,-86.528096
2006,10,3,Weekday,1800,Bus,No injury/unknown,IMPROPER TURNING,E3RD ST & INDIANA,39.164448,-86.5268
2006,10,1,Weekday,2300,Bus,Non-incapacitating,DISREGARD SIGNAL/REG SIGN,3RD & DUNN ST,39.164448,-86.528096
2006,10,5,Weekday,800,3+ Cars,Non-incapacitating,FAILURE TO YIELD RIGHT OF WAY,45 AND 46 BY PASS & EAST 3RD STREET ST,39.164448,-86.471888
2006,10,6,Weekday,1100,2-Car,Non-incapacitating,UNSAFE SPEED,INDIANA & THIRD ST,39.164448,-86.5268
2006,10,2,Weekday,1300,Moped/Motorcycle,Non-incapacitating,SPEED TOO FAST FOR WEATHER CONDITIONS,3RD ST & FESS,39.164448,-86.525792
2006,10,4,Weekday,1500,2-Car,No injury/unknown,IMPROPER LANE USAGE,3RD ST & INDIANA,39.164448,-86.5268
2006,10,2,Weekday,1800,2-Car,No injury/unknown,FOLLOWING TOO CLOSELY,3RD & SR46S,39.164448,-86.471888
2006,10,3,Weekday,1800,3+ Cars,Non-incapacitating,FOLLOWING TOO CLOSELY,E 3RD ST & FESS,39.164448,-86.525792
2006,10,6,Weekend,2000,2-Car,No injury/unknown,OTHER (DRIVER) - EXPLAIN IN NARRATIVE,3RD ST & ATWATER,39.164448,-86.528096
2006,10,7,Weekend,2000,2-Car,No injury/unknown,FAILURE TO YIELD RIGHT OF WAY,DUNN & SR37N,39.164448,-86.528096
2006,10,6,Weekday,1600,2-Car,No injury/unknown,FOLLOWING TOO CLOSELY,3RD ST & DUNN,39.164448,-86.528096
2006,10,3,Weekday,1300,2-Car,No injury/unknown,FAILURE TO YIELD RIGHT OF WAY,3RD ST & INDIANA,39.164448,-86.5268
2006,11,5,Weekday,1400,1-Car,No injury/unknown,IMPROPER TURNING,FESS AVE & THIRD,39.164448,-86.525792
2006,11,2,Weekday,2200,3+ Cars,Non-incapacitating,FOLLOWING TOO CLOSELY,E3RD ST & N FESS,39.164448,-86.525792
2006,11,1,Weekend,1300,1-Car,No injury/unknown,SPEED TOO FAST FOR WEATHER CONDITIONS,N DUNN & SR37N,39.164448,-86.528096
2006,11,1,Weekend,1200,2-Car,Non-incapacitating,LEFT OF CENTER,DUNN & SR37N,39.164448,-86.528096
2006,12,5,Weekday,2000,2-Car,No injury/unknown,FOLLOWING TOO CLOSELY,E 3RD & INDIANA AVE,39.164448,-86.5268
2006,12,1,Weekend,200,2-Car,No injury/unknown,FAILURE TO YIELD RIGHT OF WAY,3RD ST,39.164448,-86.52649143
2006,12,6,Weekday,0,2-Car,No injury/unknown,OTHER (DRIVER) - EXPLAIN IN NARRATIVE,EAST THIRD ST,39.16444703,-86.52575968
2006,12,6,Weekday,1200,2-Car,No injury/unknown,DRIVER DISTRACTED - EXPLAIN IN NARRATIVE,E 3RD & PETE ELLIS DR,39.16444599,-86.495088
2006,4,4,Weekday,1300,2-Car,No injury/unknown,FOLLOWING TOO CLOSELY,3RD ST & FESS,39.16444375,-86.52565026
2006,1,7,Weekend,1600,1-Car,Non-incapacitating,FAILURE TO YIELD RIGHT OF WAY,3RD ST & FESS,39.1644383,-86.52546877
2006,4,5,Weekday,900,2-Car,No injury/unknown,FOLLOWING TOO CLOSELY,3RD ST & WOODLAWN,39.16443539,-86.5253718
2006,1,3,Weekday,2100,2-Car,No injury/unknown,SPEED TOO FAST FOR WEATHER CONDITIONS,3RD ST & INDIANA,39.16442507,-86.5250275
2006,1,4,Weekday,1500,2-Car,No injury/unknown,FAILURE TO YIELD RIGHT OF WAY,3RD ST & WOODLAWN,39.16440516,-86.52436374
2006,11,5,Weekday,1200,2-Car,No injury/unknown,IMPROPER LANE USAGE,E 3RD & PETE ELLIS DR,39.16440479,-86.495088
2006,7,5,Weekday,1800,2-Car,No injury/unknown,IMPROPER PASSING,LANDMARK & W 3RD ST,39.16440374,-86.5562826
2006,7,4,Weekday,1600,2-Car,No injury/unknown,FOLLOWING TOO CLOSELY,3RD ST & LANDMARK,39.16440374,-86.5562826
2006,7,5,Weekday,700,2-Car,Non-incapacitating,FOLLOWING TOO CLOSELY,LANDMARK & W 3RD ST,39.16440374,-86.55629991
2006,8,5,Weekday,1900,1-Car,Non-incapacitating,ANIMAL/OBJECT IN ROADWAY,3RD ST & LANDMARK,39.16440374,-86.5562826
2006,8,6,Weekday,700,2-Car,No injury/unknown,FAILURE TO YIELD RIGHT OF WAY,3RD ST & LANDMARK,39.16440374,-86.5562826
2006,9,2,Weekday,900,2-Car,Non-incapacitating,FAILURE TO YIELD RIGHT OF WAY,LANDMARK & W 3RD ST,39.16440374,-86.5562826
2006,10,3,Weekday,1000,3+ Cars,Incapacitating,FOLLOWING TOO CLOSELY,3RD ST & LANDMARK,39.16440374,-86.55627394
2006,10,5,Weekday,1200,2-Car,Non-incapacitating,IMPROPER TURNING,LANDMARK & WEST THIRD ST,39.16440374,-86.55630856
2006,11,3,Weekday,1300,2-Car,No injury/unknown,OTHER (DRIVER) - EXPLAIN IN NARRATIVE,LANDMARK & W 3RD ST,39.16440374,-86.55627394
2006,11,3,Weekday,1400,2-Car,No injury/unknown,OTHER (DRIVER) - EXPLAIN IN NARRATIVE,3RD ST & LANDMARK,39.16440374,-86.5562826
2006,11,5,Weekday,1500,2-Car,Non-incapacitating,DISREGARD SIGNAL/REG SIGN,LANDMARK & W 3RD ST,39.16440374,-86.5562826
2006,12,6,Weekday,1600,3+ Cars,Non-incapacitating,OTHER (DRIVER) - EXPLAIN IN NARRATIVE,3RD ST & LANDMARK,39.16440374,-86.55626529
2006,12,6,Weekday,1100,2-Car,No injury/unknown,FAILURE TO YIELD RIGHT OF WAY,3RD ST & LANDMARK,39.16440374,-86.55625663
2006,6,7,Weekend,2100,1-Car,Non-incapacitating,ALCOHOLIC BEVERAGES,WALKER & WALKER ST,39.1644,-86.546304
2006,4,2,Weekday,1400,2-Car,No injury/unknown,FAILURE TO YIELD RIGHT OF WAY,3RD & PETE ELLIS DR,39.16437733,-86.495088
2006,1,5,Weekday,2000,3+ Cars,No injury/unknown,OTHER (DRIVER) - EXPLAIN IN NARRATIVE,3RD ST & WOODLAWN,39.16437327,-86.5233007
2006,10,6,Weekday,1500,3+ Cars,Non-incapacitating,FOLLOWING TOO CLOSELY,3RD & LIBERTY DR,39.164368,-86.579146
2006,4,3,Weekday,1400,2-Car,No injury/unknown,UNSAFE SPEED,3RD ST & WOODLAWN,39.16436157,-86.52291091
2006,2,3,Weekday,1600,3+ Cars,Non-incapacitating,FOLLOWING TOO CLOSELY,3RD ST & WOODLAWN,39.16435625,-86.52273374
2006,7,3,Weekday,1300,2-Car,No injury/unknown,UNSAFE BACKING,3RD ST & WOODLAWN,39.164352,-86.52223739
2006,11,5,Weekday,1500,2-Car,No injury/unknown,DRIVER DISTRACTED - EXPLAIN IN NARRATIVE,3RD ST & WOODLAWN,39.164352,-86.52206278
2006,9,6,Weekend,2200,2-Car,No injury/unknown,ALCOHOLIC BEVERAGES,3RD ST & WOODLAWN,39.164352,-86.52241559
2006,11,4,Weekday,1300,2-Car,No injury/unknown,UNSAFE BACKING,3RD ST & FACULTY,39.164352,-86.52133497
2006,1,7,Weekend,1500,2-Car,Non-incapacitating,IMPROPER PASSING,3RD ST & HIGH,39.164352,-86.508288
2006,3,5,Weekday,1300,2-Car,No injury/unknown,FOLLOWING TOO CLOSELY,E THIRD ST & WOODLAWN,39.164352,-86.522592
2006,1,7,Weekend,400,2-Car,No injury/unknown,OTHER (DRIVER) - EXPLAIN IN NARRATIVE,THIRD & UNION ST,39.164352,-86.5088
2006,2,7,Weekend,900,2-Car,No injury/unknown,OTHER (DRIVER) - EXPLAIN IN NARRATIVE,3RD & HIGH ST,39.164352,-86.508288
2006,4,6,Weekday,1400,2-Car,No injury/unknown,FAILURE TO YIELD RIGHT OF WAY,THIRD ST & UNION,39.164352,-86.5088
2006,6,3,Weekday,1700,2-Car,No injury/unknown,FOLLOWING TOO CLOSELY,E 3RD ST & UNION,39.164352,-86.5088
2006,7,4,Weekday,1000,2-Car,No injury/unknown,FAILURE TO YIELD RIGHT OF WAY,3RD ST & HIGH,39.164352,-86.508288
2006,8,6,Weekday,1700,2-Car,Incapacitating,DRIVER ILLNESS,3RD ST & ROSE,39.164352,-86.510944
2006,9,4,Weekday,2000,Moped/Motorcycle,Non-incapacitating,ACCELERATOR FAILURE OR DEFECTIVE,E3RD ST & FACULTY,39.164352,-86.521088
2006,9,2,Weekday,1200,3+ Cars,No injury/unknown,FOLLOWING TOO CLOSELY,THIRD ST & WOODLAWN,39.164352,-86.522592
2006,9,7,Weekend,1500,2-Car,No injury/unknown,SPEED TOO FAST FOR WEATHER CONDITIONS,E 3RD ST & HIGH,39.164352,-86.508288
2006,10,3,Weekday,1500,2-Car,No injury/unknown,DRIVER DISTRACTED - EXPLAIN IN NARRATIVE,3RD ST & HIGH,39.164352,-86.508288
2006,10,5,Weekday,1500,2-Car,No injury/unknown,FOLLOWING TOO CLOSELY,E 3RD ST & WOODLAWN,39.164352,-86.522592
2006,11,6,Weekday,1600,2-Car,No injury/unknown,FOLLOWING TOO CLOSELY,3RD ST & UNION,39.164352,-86.5088
2006,11,7,Weekend,1200,2-Car,No injury/unknown,LEFT OF CENTER,EAST THIRD & SOUTH HIGH ST,39.164352,-86.508288
2006,11,5,Weekday,1800,3+ Cars,No injury/unknown,FOLLOWING TOO CLOSELY,3RD ST & ROSE,39.164352,-86.510944
2006,11,5,Weekday,2200,2-Car,No injury/unknown,FOLLOWING TOO CLOSELY,THIRD ST & WOODLAWN,39.164352,-86.522592
2006,12,4,Weekday,1600,2-Car,No injury/unknown,OTHER (DRIVER) - EXPLAIN IN NARRATIVE,E 3RD ST,39.164352,-86.52246922
2006,7,6,Weekday,1200,3+ Cars,Non-incapacitating,UNSAFE SPEED,3RD ST & ROSE,39.16432997,-86.51067957
2006,7,7,Weekend,1900,2-Car,No injury/unknown,UNSAFE BACKING,BRYAN & E THIRD ST,39.16432,-86.50824
2006,6,4,Weekday,1000,2-Car,No injury/unknown,OTHER (DRIVER) - EXPLAIN IN NARRATIVE,E  3RD ST & SOUTH BRYAN,39.16432,-86.50824
2006,7,4,Weekday,800,2-Car,No injury/unknown,OTHER (DRIVER) - EXPLAIN IN NARRATIVE,E 3RD ST & SO  BRYAN,39.16432,-86.50824
2006,3,6,Weekday,1400,2-Car,No injury/unknown,FOLLOWING TOO CLOSELY,3RD ST & FACULTY,39.16430846,-86.52073965
2006,2,2,Weekday,800,2-Car,No injury/unknown,OTHER (DRIVER) - EXPLAIN IN NARRATIVE,3RD ST & JEFFERSON,39.164304,-86.50646008
2006,6,5,Weekday,1500,2-Car,Non-incapacitating,FOLLOWING TOO CLOSELY,E 3RD ST & ROOSEVELT,39.164304,-86.505792
2006,6,7,Weekend,1600,3+ Cars,No injury/unknown,FOLLOWING TOO CLOSELY,3RD ST & JEFFERSON,39.164304,-86.506992
2006,1,2,Weekday,1400,3+ Cars,Non-incapacitating,OTHER (DRIVER) - EXPLAIN IN NARRATIVE,3RD ST & CORY,39.164304,-86.506992
2006,1,7,Weekend,1300,2-Car,No injury/unknown,FOLLOWING TOO CLOSELY,E 3RD ST & ROOSEVELT,39.164304,-86.505792
2006,2,7,Weekend,1900,2-Car,Non-incapacitating,OTHER (DRIVER) - EXPLAIN IN NARRATIVE,3RD ST & JEFFERSON,39.164304,-86.506992
2006,3,5,Weekday,1500,2-Car,No injury/unknown,DRIVER DISTRACTED - EXPLAIN IN NARRATIVE,JEFFERSON & THIRD ST,39.164304,-86.506992
2006,5,4,Weekday,1200,2-Car,No injury/unknown,FAILURE TO YIELD RIGHT OF WAY,E 3RD ST & S ROOSEVELT,39.164304,-86.505792
2006,8,4,Weekday,1400,2-Car,No injury/unknown,IMPROPER PASSING,E 3RD ST & JEFFERSON,39.164304,-86.506992
2006,9,1,Weekend,1200,2-Car,No injury/unknown,FOLLOWING TOO CLOSELY,3RD ST & JEFFERSON,39.164304,-86.506992
2006,10,4,Weekday,1300,2-Car,No injury/unknown,FOLLOWING TOO CLOSELY,3RD ST & JEFFERSON,39.164304,-86.506992
2006,10,6,Weekday,1500,2-Car,No injury/unknown,IMPROPER LANE USAGE,E 3RD ST & S JEFFERSON,39.164304,-86.506992
2006,10,6,Weekend,2200,2-Car,Non-incapacitating,ROADWAY SURFACE CONDITION,SWAIN AVE & THIRD,39.164301,-86.515299
2006,4,3,Weekday,800,2-Car,Non-incapacitating,FOLLOWING TOO CLOSELY,MITCHELL & THIRD ST,39.1643,-86.515296
2006,4,4,Weekday,1800,3+ Cars,Non-incapacitating,FOLLOWING TOO CLOSELY,E 3RD ST & ROSE,39.1643,-86.51220765
2006,2,7,Weekend,1700,2-Car,No injury/unknown,IMPROPER TURNING,BALANTINE & E 3RD ST,39.1643,-86.520099
2006,5,7,Weekend,1100,3+ Cars,Non-incapacitating,FOLLOWING TOO CLOSELY,BRYAN & THIRD,39.1643,-86.50850333
2006,5,5,Weekday,1600,2-Car,No injury/unknown,FAILURE TO YIELD RIGHT OF WAY,JORDAN & THIRD ST,39.1643,-86.517695
2006,5,1,Weekday,2100,2-Car,No injury/unknown,IMPROPER LANE USAGE,3RD ST & SWAIN,39.1643,-86.516099
2006,4,3,Weekday,1900,2-Car,No injury/unknown,FAILURE TO YIELD RIGHT OF WAY,3RD ST & JORDON,39.1643,-86.5176963
2006,1,1,Weekend,700,2-Car,Non-incapacitating,DISREGARD SIGNAL/REG SIGN,JORDAN & THIRD,39.1643,-86.517695
2006,1,2,Weekday,1600,2-Car,No injury/unknown,FOLLOWING TOO CLOSELY,CLARK & E 3RD ST,39.1643,-86.50599773
2006,3,5,Weekday,2200,1-Car,No injury/unknown,WRONG WAY ON ONE WAY,3RD ST & WALKER,39.1643,-86.545701
2006,4,4,Weekday,2200,2-Car,No injury/unknown,UNSAFE BACKING,EAST 3RD STREET ST,39.1643,-86.515296
2006,8,6,Weekday,1100,3+ Cars,No injury/unknown,FOLLOWING TOO CLOSELY,E THIRD ST & JORDAN,39.1643,-86.517695
2006,8,5,Weekday,1700,3+ Cars,No injury/unknown,FOLLOWING TOO CLOSELY,E 3RD ST & EASTSIDE,39.1643,-86.514199
2006,9,6,Weekend,2300,2-Car,No injury/unknown,IMPROPER TURNING,BALLANTINE & THIRD ST,39.1643,-86.520099
2006,9,1,Weekday,2300,1-Car,No injury/unknown,OTHER (DRIVER) - EXPLAIN IN NARRATIVE,EAST THIRD ST,39.1643,-86.526653
2006,9,7,Weekend,300,1-Car,Non-incapacitating,WRONG WAY ON ONE WAY,3RD ST & BALLENTINE,39.1643,-86.520099
2006,9,1,Weekend,1600,2-Car,No injury/unknown,FOLLOWING TOO CLOSELY,3RD ST & SWAIN,39.1643,-86.51610203
2006,10,4,Weekday,2200,Pedestrian,Non-incapacitating,FAILURE TO YIELD RIGHT OF WAY,E 3 RD ST,39.1643,-86.516399
2006,10,3,Weekday,1200,2-Car,No injury/unknown,IMPROPER LANE USAGE,BALLANTINE & THIRD ST,39.1643,-86.519387
2006,10,3,Weekday,1900,2-Car,No injury/unknown,OVERCORRECTING/OVERSTEERING,E 3RD ST & JORDAN,39.1643,-86.51770365
2006,10,5,Weekday,1200,2-Car,No injury/unknown,UNSAFE SPEED,EASTSIDE & THIRD ST,39.1643,-86.514199
2006,10,1,Weekend,1800,3+ Cars,No injury/unknown,DRIVER DISTRACTED - EXPLAIN IN NARRATIVE,E THIRD ST & S JORDAN,39.1643,-86.516556
2006,10,2,Weekday,1700,Bus,No injury/unknown,OVERCORRECTING/OVERSTEERING,JORDAN & THIRD ST,39.1643,-86.517695
2006,10,5,Weekday,800,2-Car,No injury/unknown,SPEED TOO FAST FOR WEATHER CONDITIONS,MITCHELL & THIRD ST,39.1643,-86.515296
2006,10,5,Weekday,1500,Bus,No injury/unknown,FOLLOWING TOO CLOSELY,E 3RD ST & JORDAN,39.1643,-86.51770279
2006,10,6,Weekend,2100,2-Car,No injury/unknown,IMPROPER TURNING,3RD ST & JORDAN,39.1643,-86.517695
2006,11,4,Weekday,1700,2-Car,No injury/unknown,FOLLOWING TOO CLOSELY,E THIRD ST & HAWTHORNE,39.1643,-86.521094
2006,11,2,Weekday,1900,3+ Cars,No injury/unknown,SPEED TOO FAST FOR WEATHER CONDITIONS,3RD ST & HAWTHORNE,39.1643,-86.521094
2006,11,7,Weekend,2300,1-Car,No injury/unknown,OTHER (ENVIRONMENTAL) - EXPLAIN IN NARR,MITCHELL & THIRD ST,39.1643,-86.51529167
2006,11,5,Weekday,2200,2-Car,No injury/unknown,ROADWAY SURFACE CONDITION,3RD ST & MITCHELL,39.1643,-86.515084
2006,12,4,Weekday,1900,2-Car,No injury/unknown,IMPROPER TURNING,3RD ST & SWAIN,39.1643,-86.516099
2006,4,7,Weekend,1500,Bus,No injury/unknown,OTHER (DRIVER) - EXPLAIN IN NARRATIVE,ATWATER & HIGH ST,39.164299,-86.508499
2006,11,6,Weekday,1600,2-Car,No injury/unknown,FOLLOWING TOO CLOSELY,446 & SR46E,39.16429438,-86.47292787
2006,4,7,Weekend,1400,2-Car,No injury/unknown,FOLLOWING TOO CLOSELY,3RD ST & CLARK,39.164288,-86.5048
2006,1,6,Weekday,1500,3+ Cars,No injury/unknown,FAILURE TO YIELD RIGHT OF WAY,3RD & UNION,39.16428348,-86.50880508
2006,9,4,Weekday,1600,2-Car,No injury/unknown,FAILURE TO YIELD RIGHT OF WAY,3RD ST & WOODCREST,39.164272,-86.50188679
2006,6,2,Weekday,800,3+ Cars,Non-incapacitating,OTHER (DRIVER) - EXPLAIN IN NARRATIVE,OVERHILL & THIRD ST,39.164272,-86.501488
2006,1,2,Weekday,1900,2-Car,No injury/unknown,FAILURE TO YIELD RIGHT OF WAY,3RD ST & WOODSCREST,39.164272,-86.50194253
2006,5,4,Weekday,1500,2-Car,Non-incapacitating,FAILURE TO YIELD RIGHT OF WAY,EAST 3RD ST & OVERHILL,39.164272,-86.501488
2006,6,3,Weekday,1900,2-Car,No injury/unknown,UNSAFE BACKING,E 3RD ST,39.164272,-86.50194253
2006,9,7,Weekend,1700,2-Car,No injury/unknown,FAILURE TO YIELD RIGHT OF WAY,3RD ST & FAIRVIEW,39.164272,-86.5408
2006,11,6,Weekend,2100,2-Car,No injury/unknown,OTHER (DRIVER) - EXPLAIN IN NARRATIVE,E 3RD ST,39.164272,-86.50194253
2006,12,4,Weekday,1700,2-Car,No injury/unknown,,EAST 3RD ST,39.164272,-86.50194253
2006,11,3,Weekday,1300,2-Car,No injury/unknown,VIEW OBSTRUCTED,3RD ST & COLLEGE MALL,39.1642656,-86.50086945
2006,7,1,Weekend,1300,2-Car,No injury/unknown,UNSAFE BACKING,E 3RD ST,39.16426112,-86.50043808
2006,12,4,Weekday,1000,2-Car,Non-incapacitating,FAILURE TO YIELD RIGHT OF WAY,EAST THIRD ST,39.16425856,-86.50019104
2006,1,1,Weekday,2200,1-Car,Non-incapacitating,ALCOHOLIC BEVERAGES,MEADOW BROOK & THIRD ST,39.16425689,-86.48434842
2006,5,5,Weekday,1000,1-Car,No injury/unknown,OTHER (DRIVER) - EXPLAIN IN NARRATIVE,MORNIGSIDE & SR46E,39.16425689,-86.48925648
2006,5,5,Weekday,1800,2-Car,Non-incapacitating,FAILURE TO YIELD RIGHT OF WAY,3RD ST & COLLEGE MALL,39.16425098,-86.49945834
2006,1,1,Weekend,1300,2-Car,No injury/unknown,IMPROPER TURNING,3RD,39.16425006,-86.51527414
2006,8,3,Weekday,1200,2-Car,No injury/unknown,FOLLOWING TOO CLOSELY,HIGHLAND & THIRD ST,39.16424664,-86.51771252
2006,9,4,Weekday,1000,2-Car,No injury/unknown,FAILURE TO YIELD RIGHT OF WAY,EAST THIRD ST & HIGHLAND,39.16424664,-86.51771252
2006,9,6,Weekday,800,1-Car,No injury/unknown,IMPROPER LANE USAGE,HIGHLAND & THIRD ST,39.16424664,-86.51770387
2006,11,2,Weekday,1600,2-Car,No injury/unknown,IMPROPER TURNING,E 3RD ST & HIGHLAND,39.16424664,-86.51771252
2006,6,6,Weekday,1600,3+ Cars,Non-incapacitating,FOLLOWING TOO CLOSELY,3RD ST & COLLEGE MALL,39.16424549,-86.49892917
2006,8,5,Weekday,1500,2-Car,Non-incapacitating,FOLLOWING TOO CLOSELY,CLARIZZ & SR46E,39.16424001,-86.49185843
2006,2,2,Weekday,800,2-Car,No injury/unknown,FAILURE TO YIELD RIGHT OF WAY,3RD ST & KINGSTON,39.16424,-86.49365323
2006,5,1,Weekend,1500,1-Car,No injury/unknown,ANIMAL/OBJECT IN ROADWAY,CLARIZZ & SR46E,39.16424,-86.49027079
2006,7,5,Weekday,2100,1-Car,No injury/unknown,ANIMAL/OBJECT IN ROADWAY,CLARIZZ & SR46E,39.16424,-86.49044719
2006,4,7,Weekend,1100,Moped/Motorcycle,Non-incapacitating,DRIVER DISTRACTED - EXPLAIN IN NARRATIVE,3RD ST & EASTSIDE,39.16424,-86.51291069
2006,7,4,Weekday,1700,2-Car,No injury/unknown,IMPROPER TURNING,3RD ST & SWAIN,39.16424,-86.51502269
2006,8,1,Weekend,1200,2-Car,No injury/unknown,IMPROPER LANE USAGE,3RD ST & JORDAN,39.16424,-86.51462693
2006,1,7,Weekend,2200,2-Car,No injury/unknown,NONE (DRIVER),PETE ELLIS & SR 46,39.16424,-86.49501708
2006,4,6,Weekday,1300,2-Car,No injury/unknown,FOLLOWING TOO CLOSELY,SMITH & SR46E,39.16424,-86.48047631
2006,8,6,Weekday,1400,2-Car,No injury/unknown,IMPROPER TURNING,3RD ST & HIGHLAND,39.16424,-86.5176
2006,2,3,Weekday,1400,2-Car,No injury/unknown,FOLLOWING TOO CLOSELY,3RD ST & JORDAN,39.16424,-86.5164
2006,5,7,Weekend,1300,Moped/Motorcycle,Non-incapacitating,UNSAFE SPEED,3RD ST & JORDAN,39.16424,-86.5164
2006,6,7,Weekend,1100,2-Car,No injury/unknown,IMPROPER LANE USAGE,3RD ST & SWAIN,39.16424,-86.5152
2006,3,7,Weekend,1900,2-Car,No injury/unknown,IMPROPER LANE USAGE,3RD ST & HAWTHORNE,39.16424,-86.520192
2006,3,6,Weekday,1400,3+ Cars,No injury/unknown,FOLLOWING TOO CLOSELY,3RD ST & UNION,39.16424,-86.50947331
2006,5,5,Weekday,1000,2-Car,Non-incapacitating,FAILURE TO YIELD RIGHT OF WAY,3RD ST & JORDAN,39.16424,-86.5164