Year,Month,Day,Weekend?,Hour,Collision Type,Injury Type,Primary Factor,Reported_Location,Latitude,Longitude
2006,7,5,Weekday,1600,Bus,No injury/unknown,OVERCORRECTING/OVERSTEERING,3RD & JORDAN AVE,39.16424,-86.5164
2006,7,6,Weekday,1800,2-Car,Non-incapacitating,FOLLOWING TOO CLOSELY,3RD ST & EASTSIDE,39.16424,-86.513088
2006,4,3,Weekday,1500,2-Car,No injury/unknown,FOLLOWING TOO CLOSELY,3RD ST & JORDAN,39.16424,-86.51629362
2006,5,7,Weekend,1700,2-Car,No injury/unknown,IMPROPER TURNING,3RD ST & HAWTHORNE,39.16424,-86.52017427
2006,7,4,Weekday,2100,2-Car,No injury/unknown,FAILURE TO YIELD RIGHT OF WAY,3RD ST & SWAIN,39.16424,-86.5152
2006,8,5,Weekday,1800,2-Car,No injury/unknown,DRIVER DISTRACTED - EXPLAIN IN NARRATIVE,3RD ST & BALLANTINE,39.16424,-86.518992
2006,2,6,Weekday,1200,2-Car,No injury/unknown,OTHER (DRIVER) - EXPLAIN IN NARRATIVE,3RD & KINGSTON,39.16424,-86.4939483
2006,2,5,Weekday,1700,2-Car,No injury/unknown,FAILURE TO YIELD RIGHT OF WAY,3RD ST & COLLEGE MALL,39.16424,-86.4984
2006,2,7,Weekend,2000,2-Car,Non-incapacitating,FAILURE TO YIELD RIGHT OF WAY,3RD ST,39.16424,-86.48244996
2006,4,6,Weekday,1500,3+ Cars,Non-incapacitating,FOLLOWING TOO CLOSELY,3RD ST & ARBUTUS,39.16424,-86.512096
2006,5,4,Weekday,1600,2-Car,Non-incapacitating,DISREGARD SIGNAL/REG SIGN,3RD ST & JORDAN,39.16424,-86.5164
2006,1,3,Weekday,1800,2-Car,No injury/unknown,IMPROPER TURNING,3RD ST & HIGHLAND,39.16424,-86.5176
2006,2,6,Weekday,1500,2-Car,No injury/unknown,FOLLOWING TOO CLOSELY,3RD ST & JORDAN,39.16424,-86.51647092
2006,1,2,Weekday,1600,1-Car,No injury/unknown,UNSAFE BACKING,3RD ST,39.16424,-86.51374629
2006,1,1,Weekend,1800,3+ Cars,Non-incapacitating,DISREGARD SIGNAL/REG SIGN,3RD ST & COLLEGE MALL,39.16424,-86.4984
2006,2,1,Weekday,2100,2-Car,Non-incapacitating,DISREGARD SIGNAL/REG SIGN,3RD ST & COLLEGE MALL,39.16424,-86.4984
2006,2,1,Weekday,2200,2-Car,No injury/unknown,FAILURE TO YIELD RIGHT OF WAY,3RD ST & COLLEGE MALL,39.16424,-86.4984
2006,2,2,Weekday,1400,2-Car,No injury/unknown,FOLLOWING TOO CLOSELY,3RD ST & JORDAN,39.16424,-86.51632908
2006,2,1,Weekend,1500,2-Car,No injury/unknown,FAILURE TO YIELD RIGHT OF WAY,3RD ST & HIGHLAND,39.16424,-86.51767092
2006,1,3,Weekday,2100,2-Car,No injury/unknown,FAILURE TO YIELD RIGHT OF WAY,3RD & HAWTHORNE,39.16424,-86.520192
2006,11,2,Weekday,600,1-Car,No injury/unknown,ROADWAY SURFACE CONDITION,SMITHVILLE & SR37,39.16424,-86.480688
2006,2,6,Weekend,2300,2-Car,No injury/unknown,FOLLOWING TOO CLOSELY,3RD ST & COLLEGE MALL,39.16424,-86.4984
2006,3,6,Weekday,1700,2-Car,No injury/unknown,FOLLOWING TOO CLOSELY,E 3RD ST & MORNINGSIDE,39.16424,-86.473696
2006,3,4,Weekday,1200,2-Car,No injury/unknown,UNSAFE BACKING,W 3RD ST,39.16424,-86.48427429
2006,3,1,Weekend,1400,2-Car,Non-incapacitating,FAILURE TO YIELD RIGHT OF WAY,COLLEGE MALL & E 3RD ST,39.16424,-86.4984
2006,3,4,Weekday,1600,2-Car,No injury/unknown,DISREGARD SIGNAL/REG SIGN,KINGSTON & SR46E,39.16424,-86.492944
2006,3,5,Weekday,1800,2-Car,No injury/unknown,FAILURE TO YIELD RIGHT OF WAY,SMITH & THIRD ST,39.16424,-86.480688
2006,3,7,Weekend,1200,2-Car,No injury/unknown,OTHER (DRIVER) - EXPLAIN IN NARRATIVE,E 3RD SR,39.16424,-86.49425989
2006,3,2,Weekday,1300,2-Car,No injury/unknown,FAILURE TO YIELD RIGHT OF WAY,COLLEGE MALL & EAST 3RD ST,39.16424,-86.4984
2006,3,6,Weekday,1800,2-Car,No injury/unknown,FAILURE TO YIELD RIGHT OF WAY,COLLEGE MALL & THIRD ST,39.16424,-86.4984
2006,4,7,Weekend,1900,2-Car,Non-incapacitating,CELL PHONE USAGE,PARK RIDGE & SR46E,39.16424,-86.476096
2006,4,5,Weekday,800,2-Car,No injury/unknown,DISREGARD SIGNAL/REG SIGN,CLARIZZ & E 3RD ST,39.16424,-86.4908
2006,4,7,Weekend,800,2-Car,No injury/unknown,OTHER (DRIVER) - EXPLAIN IN NARRATIVE,E 3RD ST & SOUTH SMITH,39.16424,-86.480688
2006,4,7,Weekend,2300,2-Car,Non-incapacitating,FOLLOWING TOO CLOSELY,E 3RD & SMITH RD,39.16424,-86.480688
2006,4,1,Weekday,1900,2-Car,Non-incapacitating,FAILURE TO YIELD RIGHT OF WAY,PARK RIDGE & SR46E,39.16424,-86.476096
2006,5,6,Weekday,1700,2-Car,No injury/unknown,FOLLOWING TOO CLOSELY,COLLEGE MALL & SR46E,39.16424,-86.4984
2006,6,6,Weekday,1700,2-Car,No injury/unknown,UNSAFE SPEED,3RD ST & KINGSTON,39.16424,-86.492944
2006,6,5,Weekday,1700,2-Car,No injury/unknown,FAILURE TO YIELD RIGHT OF WAY,2817 E 3RD & PETE ELLIS DR,39.16424,-86.495088
2006,6,3,Weekday,1300,Moped/Motorcycle,Non-incapacitating,FOLLOWING TOO CLOSELY,E 3RD ST & KINGSTON,39.16424,-86.492944
2006,6,6,Weekday,1300,3+ Cars,Non-incapacitating,DISREGARD SIGNAL/REG SIGN,E 3RD ST & SO SMITH,39.16424,-86.480688
2006,7,4,Weekday,1600,2-Car,No injury/unknown,FAILURE TO YIELD RIGHT OF WAY,E 3RD & S KINGSTON DR,39.16424,-86.492944
2006,7,3,Weekday,1400,2-Car,No injury/unknown,ROADWAY SURFACE CONDITION,3RD & SMITH RD,39.16424,-86.480688
2006,7,6,Weekday,1600,2-Car,No injury/unknown,FAILURE TO YIELD RIGHT OF WAY,E 3RD ST,39.16424,-86.49259396
2006,7,6,Weekday,1700,2-Car,No injury/unknown,FAILURE TO YIELD RIGHT OF WAY,3RD & SMITH RD,39.16424,-86.480688
2006,7,5,Weekday,1000,2-Car,Non-incapacitating,FAILURE TO YIELD RIGHT OF WAY,3RD STREET & SMITH ROAD RD,39.16424,-86.480688
2006,7,2,Weekday,1300,2-Car,No injury/unknown,OTHER (DRIVER) - EXPLAIN IN NARRATIVE,E 3RD ST,39.16424,-86.49259396
2006,8,3,Weekday,1300,2-Car,No injury/unknown,OTHER (DRIVER) - EXPLAIN IN NARRATIVE,SMITH & SR46E,39.16424,-86.480688
2006,8,5,Weekday,1300,2-Car,No injury/unknown,DISREGARD SIGNAL/REG SIGN,SMITH & SR46E,39.16424,-86.480688
2006,8,5,Weekday,1300,2-Car,No injury/unknown,UNSAFE SPEED,SMITH & SR46E,39.16424,-86.480688
2006,8,6,Weekday,1300,2-Car,Non-incapacitating,FOLLOWING TOO CLOSELY,SMITHVILLE & SR37N,39.16424,-86.480688
2006,8,2,Weekday,1000,2-Car,No injury/unknown,OTHER (VEHICLE) - EXPLAIN IN NARRATIVE,E 3RD ST & MORNINGSIDE,39.16424,-86.473696
2006,8,3,Weekday,1700,2-Car,No injury/unknown,OTHER (VEHICLE) - EXPLAIN IN NARRATIVE,E 3RD ST,39.16424,-86.49425989
2006,9,1,Weekend,200,Pedestrian,Non-incapacitating,PEDESTRIAN ACTION,3RD ST & HIGHLAND,39.16424,-86.5176
2006,9,3,Weekday,1800,2-Car,No injury/unknown,FOLLOWING TOO CLOSELY,E 3RD ST & KINGSTON,39.16424,-86.492944
2006,9,3,Weekday,1100,2-Car,No injury/unknown,FOLLOWING TOO CLOSELY,3RD ST & PETE ELLIS,39.16424,-86.495088
2006,9,6,Weekday,1600,2-Car,No injury/unknown,IMPROPER TURNING,E 3RD ST,39.16424,-86.49425989
2006,9,6,Weekday,1800,2-Car,No injury/unknown,ROADWAY SURFACE CONDITION,KINGSTON & SR46E,39.16424,-86.492944
2006,10,6,Weekday,1200,Pedestrian,Non-incapacitating,DRIVER DISTRACTED - EXPLAIN IN NARRATIVE,E 3RD ST,39.16424,-86.49368135
2006,10,6,Weekday,1400,2-Car,No injury/unknown,OTHER (DRIVER) - EXPLAIN IN NARRATIVE,PETE ELLIS & SR46E,39.16424,-86.495088
2006,10,6,Weekday,1700,2-Car,No injury/unknown,FAILURE TO YIELD RIGHT OF WAY,3RD ST & PETE ELLIS,39.16424,-86.495088
2006,10,1,Weekend,1700,3+ Cars,Non-incapacitating,FOLLOWING TOO CLOSELY,3RD ST & KINGSTON,39.16424,-86.492944
2006,10,4,Weekday,1600,2-Car,Non-incapacitating,FAILURE TO YIELD RIGHT OF WAY,E 3RD ST & PETE ELLIS,39.16424,-86.495088
2006,10,2,Weekday,0,2-Car,No injury/unknown,IMPROPER TURNING,3RD ST,39.16424,-86.480688
2006,10,4,Weekday,1200,2-Car,No injury/unknown,FAILURE TO YIELD RIGHT OF WAY,COLLEGE MALL & THIRD ST,39.16424,-86.4984
2006,10,6,Weekday,1200,2-Car,No injury/unknown,OTHER (DRIVER) - EXPLAIN IN NARRATIVE,W 3RD ST,39.16424,-86.48599111
2006,10,7,Weekend,1500,2-Car,No injury/unknown,,3RD ST,39.16424,-86.48968889
2006,10,1,Weekend,100,1-Car,No injury/unknown,RAN OFF ROAD LEFT,E 3RD ST,39.16424,-86.49368135
2006,10,2,Weekday,1200,2-Car,No injury/unknown,OTHER (DRIVER) - EXPLAIN IN NARRATIVE,3RD ST & SMITH,39.16424,-86.480688
2006,10,5,Weekday,1600,2-Car,No injury/unknown,FOLLOWING TOO CLOSELY,PETE ELLIS & SR46E,39.16424,-86.495088
2006,10,5,Weekday,1200,Bus,Non-incapacitating,FAILURE TO YIELD RIGHT OF WAY,3RD STREET & SMITH ROAD RD,39.16424,-86.480688
2006,10,6,Weekend,1900,2-Car,No injury/unknown,FAILURE TO YIELD RIGHT OF WAY,KINGSTON AVE & SR46E,39.16424,-86.492944
2006,10,6,Weekend,2000,2-Car,No injury/unknown,OTHER (DRIVER) - EXPLAIN IN NARRATIVE,3RD & SMITH RD,39.16424,-86.480688
2006,10,6,Weekday,800,2-Car,No injury/unknown,DISREGARD SIGNAL/REG SIGN,EAST THIRD STREET ST & PETE ELLIS DRIVE,39.16424,-86.495088
2006,10,6,Weekday,900,2-Car,Non-incapacitating,OTHER (DRIVER) - EXPLAIN IN NARRATIVE,CLARIZZ & E 3RD ST,39.16424,-86.4908
2006,10,6,Weekend,1900,2-Car,Non-incapacitating,DRIVER DISTRACTED - EXPLAIN IN NARRATIVE,3RD STREET ST & KINGSTON AVENUE,39.16424,-86.492944
2006,10,7,Weekend,1700,2-Car,No injury/unknown,OTHER (DRIVER) - EXPLAIN IN NARRATIVE,3RD ST & KINGSTON,39.16424,-86.492944
2006,10,2,Weekday,1300,2-Car,No injury/unknown,FAILURE TO YIELD RIGHT OF WAY,COLLEGE MALL & E 3RD ST,39.16424,-86.4984
2006,10,2,Weekday,1500,2-Car,No injury/unknown,FOLLOWING TOO CLOSELY,3RD ST & COLLEGE MALL,39.16424,-86.4984
2006,11,6,Weekday,1300,2-Car,Non-incapacitating,OTHER (DRIVER) - EXPLAIN IN NARRATIVE,E 3RD ST & SO KINGSTON,39.16424,-86.492944
2006,11,7,Weekend,1000,2-Car,No injury/unknown,OTHER (DRIVER) - EXPLAIN IN NARRATIVE,3RD & KINGSTON DR,39.16424,-86.492944
2006,11,7,Weekend,1800,2-Car,No injury/unknown,FOLLOWING TOO CLOSELY,COLLEGE MALL & SR46E,39.16424,-86.4984
2006,11,7,Weekend,2200,2-Car,No injury/unknown,FAILURE TO YIELD RIGHT OF WAY,E 3RD ST & SMITH,39.16424,-86.480688
2006,11,2,Weekday,1700,2-Car,No injury/unknown,IMPROPER LANE USAGE,COLLEGE MALL & E 3RD ST,39.16424,-86.4984
2006,11,3,Weekday,1600,2-Car,No injury/unknown,BRAKE FAILURE OR DEFECTIVE,COLLEGE MALL & E 3RD ST,39.16424,-86.4984
2006,11,3,Weekday,1700,2-Car,No injury/unknown,FOLLOWING TOO CLOSELY,3RD ST & COLLEGE MALL,39.16424,-86.4984
2006,11,4,Weekday,2000,2-Car,No injury/unknown,OTHER (DRIVER) - EXPLAIN IN NARRATIVE,E 3RD ST,39.16424,-86.49425989
2006,11,7,Weekend,2300,3+ Cars,Non-incapacitating,DISREGARD SIGNAL/REG SIGN,3RD ST & COLLEGE MALL,39.16424,-86.4984
2006,11,5,Weekday,1300,2-Car,No injury/unknown,UNSAFE BACKING,EAST THIRD STREET ST,39.16424,-86.49259396
2006,11,5,Weekday,2000,2-Car,No injury/unknown,DRIVER DISTRACTED - EXPLAIN IN NARRATIVE,PETE ELLIS & SR45E,39.16424,-86.495088
2006,11,1,Weekend,0,2-Car,No injury/unknown,DISREGARD SIGNAL/REG SIGN,3RD ST & PETE ELLIS,39.16424,-86.495088
2006,11,3,Weekday,1200,2-Car,No injury/unknown,UNSAFE BACKING,3RD ST,39.16424,-86.48939592
2006,12,7,Weekend,900,2-Car,No injury/unknown,OTHER (DRIVER) - EXPLAIN IN NARRATIVE,COLLEGE MALL & E 3RD ST,39.16424,-86.4984
2006,12,7,Weekend,1900,Pedestrian,Non-incapacitating,PEDESTRIAN ACTION,PETE ELLIS & SR46E,39.16424,-86.495088
2006,12,1,Weekend,1500,2-Car,No injury/unknown,OTHER (DRIVER) - EXPLAIN IN NARRATIVE,E 3RD ST,39.16424,-86.49425989
2006,12,4,Weekday,1800,2-Car,No injury/unknown,FAILURE TO YIELD RIGHT OF WAY,COLLEGE MALL & E THIRD ST,39.16424,-86.4984
2006,12,5,Weekday,1200,2-Car,No injury/unknown,OTHER (DRIVER) - EXPLAIN IN NARRATIVE,S COLLEGE MALL RD,39.16424,-86.4984
2006,12,5,Weekday,1300,2-Car,No injury/unknown,UNSAFE BACKING,W 3RD ST,39.16424,-86.49307941
2006,12,1,Weekend,1300,2-Car,No injury/unknown,FAILURE TO YIELD RIGHT OF WAY,E SMITHVILLE RD & SR37S,39.16424,-86.480688
2006,6,3,Weekday,1800,2-Car,No injury/unknown,OTHER (DRIVER) - EXPLAIN IN NARRATIVE,E 3RD ST,39.1642393,-86.49515826
2006,5,2,Weekday,1800,2-Car,No injury/unknown,OTHER (DRIVER) - EXPLAIN IN NARRATIVE,E 3RD ST,39.16423861,-86.49522852
2006,11,1,Weekend,1500,2-Car,No injury/unknown,IMPROPER LANE USAGE,E 3RD ST,39.16423861,-86.49522852
2006,11,6,Weekday,1200,2-Car,No injury/unknown,OTHER (DRIVER) - EXPLAIN IN NARRATIVE,E 3RD ST,39.16423861,-86.49522852
2006,9,6,Weekday,1300,2-Car,No injury/unknown,OTHER (DRIVER) - EXPLAIN IN NARRATIVE,EAST THIRD ST,39.16423674,-86.49805388
2006,11,6,Weekday,1100,2-Car,No injury/unknown,UNSAFE BACKING,E 3RD ST,39.16423674,-86.49805388
2006,10,3,Weekday,1500,2-Car,No injury/unknown,FAILURE TO YIELD RIGHT OF WAY,COLLEGE MALL & SR46E,39.16423335,-86.49769443
2006,2,1,Weekend,0,1-Car,No injury/unknown,ALCOHOLIC BEVERAGES,SR46,39.16423131,-86.44744758
2006,7,1,Weekend,1400,2-Car,Non-incapacitating,FAILURE TO YIELD RIGHT OF WAY,SR 446 & SR46E,39.16422957,-86.47208686
2006,7,5,Weekday,900,2-Car,No injury/unknown,OTHER (DRIVER) - EXPLAIN IN NARRATIVE,SR446 & SR46E,39.16422957,-86.47208686
2006,5,1,Weekend,1300,2-Car,No injury/unknown,OTHER (DRIVER) - EXPLAIN IN NARRATIVE,SMITH & SR46E,39.16422615,-86.48119833
2006,12,6,Weekday,1600,1-Car,Non-incapacitating,UNSAFE BACKING,EAST 3RD ST,39.16422509,-86.49659382
2006,11,1,Weekend,1400,2-Car,No injury/unknown,DRIVER DISTRACTED - EXPLAIN IN NARRATIVE,EAST THIRD ST,39.16422436,-86.49666727
2006,9,7,Weekend,1400,2-Car,No injury/unknown,FAILURE TO YIELD RIGHT OF WAY,3RD & WOODLAWN AVE,39.16421467,-86.522592
2006,1,5,Weekday,300,1-Car,Non-incapacitating,DRIVER ASLEEP OR FATIGUED,3RD & SR37,39.16420291,-86.57310557
2006,7,2,Weekday,300,1-Car,No injury/unknown,IMPROPER TURNING,HAGAN & SMITH RDS,39.164201,-86.481195
2006,2,6,Weekday,1200,2-Car,No injury/unknown,,3RD ST,39.1642,-86.486087
2006,4,7,Weekend,2100,2-Car,No injury/unknown,UNSAFE BACKING,EAST 3RD ST,39.1642,-86.481199
2006,4,6,Weekday,1500,3+ Cars,No injury/unknown,FOLLOWING TOO CLOSELY,THIRD ST & WOODSCREST,39.1642,-86.502399
2006,5,4,Weekday,1700,1-Car,No injury/unknown,IMPROPER TURNING,EAST THIRD ST,39.1642,-86.491561
2006,5,5,Weekday,2000,2-Car,Non-incapacitating,FAILURE TO YIELD RIGHT OF WAY,EAST 3RD ST,39.1642,-86.496406
2006,5,2,Weekday,1900,2-Car,No injury/unknown,UNSAFE BACKING,EAST THIRD ST,39.1642,-86.498279
2006,5,5,Weekday,900,1-Car,No injury/unknown,OTHER (DRIVER) - EXPLAIN IN NARRATIVE,E 3 ST ST,39.1642,-86.493097
2006,6,4,Weekday,1400,Pedestrian,Non-incapacitating,PEDESTRIAN ACTION,EAST 3RD ST,39.1642,-86.494985
2006,6,5,Weekday,1100,2-Car,No injury/unknown,UNSAFE BACKING,EAST THIRD ST,39.1642,-86.494985
2006,6,2,Weekday,1900,2-Car,No injury/unknown,FAILURE TO YIELD RIGHT OF WAY,COLLEGE MALL & E 3RD ST,39.1642,-86.501694
2006,7,6,Weekday,800,1-Car,No injury/unknown,DRIVER DISTRACTED - EXPLAIN IN NARRATIVE,EAST 3RD ST,39.1642,-86.499705
2006,8,3,Weekday,1900,2-Car,No injury/unknown,OTHER (DRIVER) - EXPLAIN IN NARRATIVE,EAST THIRD ST,39.1642,-86.494985
2006,9,6,Weekday,1100,2-Car,No injury/unknown,OTHER (DRIVER) - EXPLAIN IN NARRATIVE,EAST THIRD ST,39.1642,-86.494498
2006,9,1,Weekend,1800,2-Car,No injury/unknown,OTHER (DRIVER) - EXPLAIN IN NARRATIVE,EAST 3RD ST,39.1642,-86.49495
2006,9,2,Weekday,1600,2-Car,No injury/unknown,OTHER (DRIVER) - EXPLAIN IN NARRATIVE,E THIRD ST,39.1642,-86.494985
2006,9,7,Weekend,1300,2-Car,No injury/unknown,FAILURE TO YIELD RIGHT OF WAY,3RD ST & WOODSCREST,39.1642,-86.50242495
2006,9,2,Weekday,1700,2-Car,No injury/unknown,FAILURE TO YIELD RIGHT OF WAY,3RD ST & WOODSCREST,39.1642,-86.502399
2006,9,2,Weekday,2100,2-Car,No injury/unknown,UNSAFE BACKING,EAST 3RD ST,39.1642,-86.502086
2006,9,2,Weekday,1400,2-Car,No injury/unknown,IMPROPER TURNING,E THIRD ST,39.1642,-86.500528
2006,1,1,Weekday,2300,2-Car,No injury/unknown,FAILURE TO YIELD RIGHT OF WAY,3RD & COLLEGE MALL RD,39.164199,-86.498296
2006,5,7,Weekend,900,2-Car,No injury/unknown,FAILURE TO YIELD RIGHT OF WAY,COLLEGE MALL ROAD RD & EAST 3RD STREET,39.164199,-86.498296
2006,2,3,Weekday,1500,2-Car,No injury/unknown,OTHER (DRIVER) - EXPLAIN IN NARRATIVE,3RD & JORDAN AVE,39.16418509,-86.51639918
2006,6,3,Weekday,1700,2-Car,Non-incapacitating,FOLLOWING TOO CLOSELY,SR46E & WILLIAMSBURG,39.1641681,-86.49494067
2006,2,6,Weekday,1100,2-Car,No injury/unknown,UNSAFE BACKING,LANDMARK,39.16415102,-86.5562826
2006,3,5,Weekday,1100,2-Car,No injury/unknown,FOLLOWING TOO CLOSELY,3RD & KINGSTON DR,39.16410287,-86.49295357
2006,8,6,Weekday,900,2-Car,No injury/unknown,FAILURE TO YIELD RIGHT OF WAY,LINCOLN ST & SMITH,39.164101,-86.531199
2006,7,3,Weekday,2000,2-Car,No injury/unknown,OTHER (DRIVER) - EXPLAIN IN NARRATIVE,SOUTH COLLEGE MALL RD,39.164078,-86.498265
2006,4,5,Weekday,1000,2-Car,No injury/unknown,UNSAFE BACKING,LANDMARK AVE,39.16403832,-86.5562826
2006,5,4,Weekday,800,2-Car,No injury/unknown,UNSAFE BACKING,WINDEMERE WOODS DR,39.164032,-86.570272
2006,2,3,Weekday,1400,2-Car,No injury/unknown,FAILURE TO YIELD RIGHT OF WAY,3RD & HAWTHORNE,39.16399292,-86.52018808
2006,4,3,Weekday,1500,2-Car,Non-incapacitating,FAILURE TO YIELD RIGHT OF WAY,COLLEGE MALL RD & SR46E,39.16396927,-86.49834057
2006,7,5,Weekday,1200,2-Car,No injury/unknown,FAILURE TO YIELD RIGHT OF WAY,SOUTH COLLEGE MALL RD,39.163933,-86.498228
2006,12,6,Weekday,1600,Bus,No injury/unknown,FAILURE TO YIELD RIGHT OF WAY,KINGSTON AVE,39.163896,-86.492968
2006,8,3,Weekday,1000,2-Car,No injury/unknown,CELL PHONE USAGE,3RD & HAWTHORNE DR,39.1638282,-86.52018546
2006,5,7,Weekend,2000,2-Car,No injury/unknown,FAILURE TO YIELD RIGHT OF WAY,OWENS DR & WYNNEDALE,39.163799,-86.57022197
2006,8,4,Weekday,100,1-Car,No injury/unknown,DRIVER ASLEEP OR FATIGUED,3RD & SR37N,39.16379078,-86.57311494
2006,5,3,Weekday,1000,2-Car,No injury/unknown,UNSAFE BACKING,S LANDMARK AVE,39.16374463,-86.5562826
2006,10,4,Weekday,1400,2-Car,No injury/unknown,OTHER (DRIVER) - EXPLAIN IN NARRATIVE,LANDMARK AVE,39.16374463,-86.5562826
2006,1,3,Weekday,1100,2-Car,No injury/unknown,UNSAFE BACKING,LANDMARK AVE,39.16372414,-86.5562826
2006,7,2,Weekday,1400,2-Car,Non-incapacitating,DISREGARD SIGNAL/REG SIGN,DUNN ST & SMITH,39.1637,-86.528495
2006,3,6,Weekday,1500,2-Car,No injury/unknown,FAILURE TO YIELD RIGHT OF WAY,3RD & COLLEGE MALL RD,39.16369854,-86.49828114
2006,7,2,Weekday,2000,1-Car,Non-incapacitating,DRIVER DISTRACTED - EXPLAIN IN NARRATIVE,3RD & SR37N,39.16365347,-86.57311806
2006,2,7,Weekend,500,1-Car,Non-incapacitating,ROADWAY SURFACE CONDITION,SR46 & TRAILWAYS,39.16359936,-86.42657888
2006,6,4,Weekday,1000,2-Car,No injury/unknown,FAILURE TO YIELD RIGHT OF WAY,GARRISON CHAPEL & SR48,39.163552,-86.649696
2006,7,7,Weekend,1600,1-Car,Non-incapacitating,UNSAFE BACKING,GARRISON CHAPEL & SR48,39.16353649,-86.64934196
2006,2,4,Weekday,1700,1-Car,Non-incapacitating,OTHER (DRIVER) - EXPLAIN IN NARRATIVE,GARRISON CHAPEL & SR48,39.16347519,-86.64965759
2006,1,6,Weekday,1100,2-Car,No injury/unknown,FAILURE TO YIELD RIGHT OF WAY,3RD & PATTERSON,39.16346117,-86.5512146
2006,5,4,Weekday,1800,2-Car,No injury/unknown,FAILURE TO YIELD RIGHT OF WAY,PATTERSON & WEST 3RD ST,39.16346117,-86.5512146
2006,11,7,Weekend,1500,2-Car,Non-incapacitating,DISREGARD SIGNAL/REG SIGN,3RD ST & PATTERSON,39.16346117,-86.5512146
2006,12,6,Weekday,1400,2-Car,No injury/unknown,FOLLOWING TOO CLOSELY,PATTERSON & THIRD ST,39.16346117,-86.5512146
2006,7,5,Weekday,1500,2-Car,Non-incapacitating,FAILURE TO YIELD RIGHT OF WAY,BELLE & HICKORY DR,39.16344,-86.58584
2006,4,7,Weekend,1900,2-Car,No injury/unknown,FAILURE TO YIELD RIGHT OF WAY,ATWATER AVE & HENDERSON,39.163344,-86.5272
2006,5,3,Weekday,900,1-Car,No injury/unknown,DRIVER DISTRACTED - EXPLAIN IN NARRATIVE,ATWATER & HENDERSON,39.163344,-86.52727092
2006,4,1,Weekend,1800,2-Car,No injury/unknown,FAILURE TO YIELD RIGHT OF WAY,ATWATER AVE & HENDERSON,39.163344,-86.5272
2006,6,2,Weekday,1200,2-Car,No injury/unknown,FAILURE TO YIELD RIGHT OF WAY,ATWATER & HENDERSON,39.163344,-86.5272
2006,1,4,Weekday,1500,2-Car,No injury/unknown,FAILURE TO YIELD RIGHT OF WAY,ATWATER & HENDERSON,39.163344,-86.5272
2006,2,7,Weekend,1600,2-Car,No injury/unknown,FAILURE TO YIELD RIGHT OF WAY,ATWATER & HENDERSON,39.163344,-86.5272
2006,4,4,Weekday,800,2-Car,No injury/unknown,FAILURE TO YIELD RIGHT OF WAY,E ATWATER AVE & S HENDERSON,39.163344,-86.5272
2006,7,7,Weekend,1900,2-Car,No injury/unknown,FOLLOWING TOO CLOSELY,ATWATER AVE & HENDERSON,39.163344,-86.5272
2006,10,6,Weekday,1300,2-Car,Non-incapacitating,FAILURE TO YIELD RIGHT OF WAY,ATWATER AVE & HENDERSON,39.163344,-86.5272
2006,11,6,Weekday,1800,2-Car,No injury/unknown,UNSAFE BACKING,ATWATER & JORDAN AVE,39.16333278,-86.51638646
2006,5,1,Weekend,300,2-Car,No injury/unknown,FAILURE TO YIELD RIGHT OF WAY,ATWATER & FESS,39.163328,-86.525808
2006,6,5,Weekday,1200,2-Car,No injury/unknown,UNSAFE BACKING,E ATWATER AVE,39.16332474,-86.52562351
2006,8,4,Weekday,800,1-Car,No injury/unknown,FAILURE TO YIELD RIGHT OF WAY,ATWATER AVE & FESS,39.16332173,-86.52545348
2006,2,6,,,2-Car,No injury/unknown,OTHER (DRIVER) - EXPLAIN IN NARRATIVE,ATWATER AVE,39.16331755,-86.52521763
2006,10,7,Weekend,2100,1-Car,No injury/unknown,DRIVER DISTRACTED - EXPLAIN IN NARRATIVE,ATWATER AVE & WOODLAWN,39.16328401,-86.52294477
2006,12,7,Weekend,900,2-Car,No injury/unknown,FAILURE TO YIELD RIGHT OF WAY,ATWATER AVE & WOODLAWN,39.16328401,-86.52294477
2006,8,3,Weekday,1000,2-Car,No injury/unknown,FOLLOWING TOO CLOSELY,ATWATER AVE & WOODLAWN,39.16327644,-86.52241566
2006,5,6,Weekday,1600,2-Car,No injury/unknown,FAILURE TO YIELD RIGHT OF WAY,ATWATER AVE & HAWTHORNE,39.163232,-86.520176
2006,11,3,Weekday,1700,Pedestrian,Non-incapacitating,FAILURE TO YIELD RIGHT OF WAY,ATWATER & HAWTHORNE ST,39.163232,-86.520176
2006,12,7,Weekend,1100,2-Car,Non-incapacitating,FAILURE TO YIELD RIGHT OF WAY,ATWATER AVE & HAWTHORNE,39.16322465,-86.51964688
2006,5,5,Weekday,2100,1-Car,Non-incapacitating,OTHER (DRIVER) - EXPLAIN IN NARRATIVE,S FESS ST,39.16321698,-86.52580963
2006,4,7,Weekend,1700,2-Car,No injury/unknown,FAILURE TO YIELD RIGHT OF WAY,ATWATER & BALLANTINE,39.163216,-86.519024
2006,1,2,Weekday,0,2-Car,No injury/unknown,IMPROPER TURNING,ATWATER & HIGHLAND,39.16320059,-86.51763719
2006,8,3,Weekday,1300,2-Car,No injury/unknown,OTHER (VEHICLE) - EXPLAIN IN NARRATIVE,S HIGHLAND ST,39.1632,-86.517584
2006,4,3,Weekday,1000,2-Car,Non-incapacitating,FAILURE TO YIELD RIGHT OF WAY,ATWATER AVE & HENDERSON,39.163199,-86.527629