Year,Month,Day,Weekend?,Hour,Collision Type,Injury Type,Primary Factor,Reported_Location,Latitude,Longitude
2006,6,7,Weekend,400,1-Car,Non-incapacitating,RAN OFF ROAD RIGHT,ATWATER AVE & HENDERSON,39.163199,-86.52788535
2006,8,4,Weekday,1700,2-Car,No injury/unknown,DISREGARD SIGNAL/REG SIGN,ATWATER AVE & HENDERSON,39.163199,-86.527894
2006,9,3,Weekday,900,2-Car,No injury/unknown,DISREGARD SIGNAL/REG SIGN,ATWATER AVE & HENDERSON,39.163199,-86.527894
2006,9,6,Weekday,1300,2-Car,No injury/unknown,FAILURE TO YIELD RIGHT OF WAY,ATWATER AVE & HENDERSON,39.163199,-86.527894
2006,10,1,Weekend,1100,2-Car,No injury/unknown,FAILURE TO YIELD RIGHT OF WAY,ATWATER AVE & HENDERSON,39.163199,-86.527894
2006,12,3,Weekday,400,1-Car,No injury/unknown,,ATWATER AVE & HNDERSON,39.163199,-86.52788535
2006,7,1,Weekend,1000,1-Car,No injury/unknown,OTHER (DRIVER) - EXPLAIN IN NARRATIVE,CAVE & SR48,39.16318214,-86.62927698
2006,1,3,Weekday,2200,2-Car,No injury/unknown,FOLLOWING TOO CLOSELY,ATWATER AVE & JORDAN,39.16317462,-86.51663208
2006,1,4,Weekday,700,2-Car,No injury/unknown,DISREGARD SIGNAL/REG SIGN,ATWATER AVE & JORDAN,39.163168,-86.516384
2006,4,1,Weekend,1700,2-Car,Non-incapacitating,FAILURE TO YIELD RIGHT OF WAY,ATWATER AVE & JORDAN,39.163168,-86.516384
2006,3,3,Weekday,1100,Bus,No injury/unknown,LEFT OF CENTER,ATWATER & JORDAN,39.163168,-86.516384
2006,7,5,Weekday,1400,2-Car,No injury/unknown,FOLLOWING TOO CLOSELY,ATWATER ST & SWAIN,39.163152,-86.515168
2006,9,3,Weekday,100,2-Car,No injury/unknown,FAILURE TO YIELD RIGHT OF WAY,E ATWATER AVE & S SWAIN,39.163152,-86.515168
2006,10,6,Weekday,800,2-Car,No injury/unknown,IMPROPER LANE USAGE,E ATWATER ST & SO MITCHELL,39.163136,-86.514096
2006,2,2,Weekday,600,2-Car,No injury/unknown,IMPROPER TURNING,ATWATER & BALLENTINE,39.1631,-86.520196
2006,2,6,Weekday,1400,2-Car,No injury/unknown,FAILURE TO YIELD RIGHT OF WAY,EAST HUNTER & SOUTH JORDAN AVE,39.1631,-86.516399
2006,6,2,Weekday,1900,2-Car,No injury/unknown,FAILURE TO YIELD RIGHT OF WAY,ATWATER AVE & S HAWTHORNE,39.1631,-86.520878
2006,8,5,Weekday,1700,3+ Cars,No injury/unknown,DRIVER DISTRACTED - EXPLAIN IN NARRATIVE,ATWATER AVE & WOODLAWN,39.1631,-86.52399833
2006,8,2,Weekday,700,2-Car,No injury/unknown,FAILURE TO YIELD RIGHT OF WAY,HUNTER & WOODLAWN AVE,39.1631,-86.522599
2006,9,7,Weekend,1900,2-Car,No injury/unknown,OTHER (DRIVER) - EXPLAIN IN NARRATIVE,EAST ATWATER AVE,39.1631,-86.522596
2006,9,2,Weekday,1500,2-Car,No injury/unknown,FOLLOWING TOO CLOSELY,ATWATER AVE & FESS,39.1631,-86.52730765
2006,9,2,Weekday,900,2-Car,No injury/unknown,FAILURE TO YIELD RIGHT OF WAY,ATWATER ST & PARK,39.1631,-86.525897
2006,10,4,Weekday,1700,2-Car,No injury/unknown,FAILURE TO YIELD RIGHT OF WAY,ATWATER ST & EASTSIDE,39.1631,-86.514199
2006,10,3,Weekday,1000,2-Car,No injury/unknown,FAILURE TO YIELD RIGHT OF WAY,ATWATER AVE & HAWTHORNE,39.1631,-86.520543
2006,10,2,Weekday,1500,2-Car,No injury/unknown,ROADWAY SURFACE CONDITION,HUNTER & WOODLAWN AVE,39.1631,-86.522599
2006,10,6,Weekday,1100,2-Car,No injury/unknown,FAILURE TO YIELD RIGHT OF WAY,ATWATER AVE & FESS,39.1631,-86.527299
2006,10,3,Weekday,1600,2-Car,No injury/unknown,FAILURE TO YIELD RIGHT OF WAY,ATWATER AVE & WOODLAWN,39.1631,-86.52398362
2006,10,5,Weekday,1200,2-Car,No injury/unknown,SPEED TOO FAST FOR WEATHER CONDITIONS,ATWATER AVE & WOODLAWN,39.1631,-86.52400698
2006,11,5,Weekday,100,2-Car,No injury/unknown,FOLLOWING TOO CLOSELY,ATWATER AVE & WOODLAWN,39.1631,-86.523994
2006,12,4,Weekday,1400,3+ Cars,No injury/unknown,OTHER (DRIVER) - EXPLAIN IN NARRATIVE,ATWATER AVE & HAWTHORNE,39.1631,-86.521095
2006,12,6,Weekday,1600,2-Car,No injury/unknown,FOLLOWING TOO CLOSELY,BALLENTINE & E ATWATER AVE,39.1631,-86.52020465
2006,3,3,Weekday,1500,2-Car,No injury/unknown,IMPROPER LANE USAGE,HENDERSON ST & SMITH,39.163099,-86.527299
2006,1,3,Weekday,2100,2-Car,No injury/unknown,ROADWAY SURFACE CONDITION,ATWATER AVE & ROSE,39.16309279,-86.51126655
2006,4,7,Weekend,1500,2-Car,Non-incapacitating,FAILURE TO YIELD RIGHT OF WAY,ATWATER AVE & ROSE,39.163088,-86.510912
2006,1,3,Weekday,1600,2-Car,Non-incapacitating,ROADWAY SURFACE CONDITION,ATWATER & CLIFTON,39.163072,-86.5096
2006,8,3,Weekday,1700,2-Car,No injury/unknown,OTHER (DRIVER) - EXPLAIN IN NARRATIVE,ATWATER AVE,39.163001,-86.515288
2006,12,3,Weekday,2200,2-Car,No injury/unknown,DRIVER DISTRACTED - EXPLAIN IN NARRATIVE,S PARKRIDGE RD,39.163001,-86.476295
2006,12,7,Weekend,2300,2-Car,No injury/unknown,FAILURE TO YIELD RIGHT OF WAY,2ND & COLLEGE MALL ST,39.163,-86.497996
2006,1,7,Weekend,300,1-Car,Non-incapacitating,DRIVER DISTRACTED - EXPLAIN IN NARRATIVE,ROGERS ST & SMITH,39.162992,-86.538592
2006,3,4,Weekday,2100,1-Car,No injury/unknown,SPEED TOO FAST FOR WEATHER CONDITIONS,GETTYS CREEK & SR46E,39.16296598,-86.41435602
2006,3,7,Weekend,2000,2-Car,No injury/unknown,FOLLOWING TOO CLOSELY,SMITH & WALNUT ST,39.16295786,-86.5336
2006,6,6,Weekday,1200,2-Car,No injury/unknown,FAILURE TO YIELD RIGHT OF WAY,SMITH & SO COLLEGE AVE,39.162944,-86.534832
2006,6,4,Weekday,1200,Pedestrian,Non-incapacitating,PEDESTRIAN ACTION,S COLLEGE MALL RD,39.162928,-86.498112
2006,11,5,Weekday,1300,2-Car,No injury/unknown,OTHER (DRIVER) - EXPLAIN IN NARRATIVE,S COLLEGE MALL RD,39.162928,-86.498112
2006,5,4,Weekday,2000,1-Car,No injury/unknown,RAN OFF ROAD RIGHT,ATWATER & HIGH ST,39.16290267,-86.508288
2006,6,2,Weekday,1000,2-Car,No injury/unknown,OTHER (DRIVER) - EXPLAIN IN NARRATIVE,WOODSCRREST DR,39.162894,-86.502499
2006,12,5,Weekday,1100,2-Car,No injury/unknown,FAILURE TO YIELD RIGHT OF WAY,LINCOLN & SMITH AVE,39.162848,-86.5306872
2006,2,7,Weekend,1500,1-Car,Non-incapacitating,OTHER (DRIVER) - EXPLAIN IN NARRATIVE,SMITH & WASHINGTON ST,39.162848,-86.5324
2006,2,1,Weekend,1100,2-Car,No injury/unknown,OTHER (DRIVER) - EXPLAIN IN NARRATIVE,2ND & LINCOLN,39.162848,-86.53104
2006,6,4,Weekday,1700,1-Car,No injury/unknown,DRIVER DISTRACTED - EXPLAIN IN NARRATIVE,S HENDERSON ST,39.162848,-86.527184
2006,7,4,Weekday,1900,2-Car,No injury/unknown,OTHER (DRIVER) - EXPLAIN IN NARRATIVE,SMITH & WALNUT ST,39.162848,-86.5336
2006,9,7,Weekend,1700,2-Car,No injury/unknown,FAILURE TO YIELD RIGHT OF WAY,GRANT ST & SMITH,39.162848,-86.529744
2006,10,2,Weekday,1400,2-Car,No injury/unknown,,S HENDERSON ST,39.162848,-86.527184
2006,12,5,Weekday,1300,2-Car,No injury/unknown,OTHER (DRIVER) - EXPLAIN IN NARRATIVE,GRANT ST & SMITH,39.162848,-86.529744
2006,1,4,Weekday,1300,2-Car,No injury/unknown,FAILURE TO YIELD RIGHT OF WAY,3RD & COLLEGE MALL RD,39.16281072,-86.49808741
2006,6,1,Weekend,300,2-Car,No injury/unknown,DISREGARD SIGNAL/REG SIGN,2ND & COLLEGE AVE,39.1628,-86.534899
2006,6,4,Weekday,1200,Moped/Motorcycle,No injury/unknown,DRIVER DISTRACTED - EXPLAIN IN NARRATIVE,2ND & COLLEGE AVE,39.1628,-86.534899
2006,12,7,Weekend,1300,2-Car,No injury/unknown,FAILURE TO YIELD RIGHT OF WAY,SECOND & WALNUT ST,39.1628,-86.533599
2006,3,1,Weekday,2200,2-Car,No injury/unknown,UNSAFE BACKING,SOUTH LIBERTY DR,39.162799,-86.579195
2006,9,7,Weekend,1800,2-Car,Non-incapacitating,LEFT OF CENTER,2ND & GRANT ST,39.162799,-86.5298
2006,10,2,Weekday,1400,2-Car,No injury/unknown,FOLLOWING TOO CLOSELY,HILLSIDE & WALNUT ST,39.16277009,-86.533795
2006,5,3,Weekday,1200,2-Car,No injury/unknown,FAILURE TO YIELD RIGHT OF WAY,ADAMS ST & PATTERSON,39.162699,-86.55050866
2006,9,4,Weekday,1800,2-Car,No injury/unknown,GLARE,ADAMS ST & PATTERSON,39.162641,-86.550558
2006,8,6,Weekend,2300,2-Car,No injury/unknown,FAILURE TO YIELD RIGHT OF WAY,ADAMS ST & BLOOMFIELD,39.162601,-86.550601
2006,11,3,Weekday,1700,2-Car,Non-incapacitating,FAILURE TO YIELD RIGHT OF WAY,HOWE & WALKER ST,39.162544,-86.546176
2006,6,6,Weekday,1200,2-Car,No injury/unknown,FAILURE TO YIELD RIGHT OF WAY,S PATTERSON ST & W 2ND,39.162501,-86.550396
2006,1,1,Weekend,400,1-Car,No injury/unknown,DRIVER ASLEEP OR FATIGUED,8TH & DUNN,39.16238512,-86.528499
2006,1,3,Weekday,1800,2-Car,Non-incapacitating,VIEW OBSTRUCTED,HOWE ST & MADISON,39.162368,-86.537296
2006,4,6,Weekday,1400,2-Car,No injury/unknown,IMPROPER PASSING,7TH & S ROGERS,39.16231237,-86.538699
2006,2,7,Weekend,1400,2-Car,No injury/unknown,OTHER (DRIVER) - EXPLAIN IN NARRATIVE,FESS & HUNTER AVE,39.16224,-86.52671051
2006,1,3,Weekday,1800,2-Car,No injury/unknown,DISREGARD SIGNAL/REG SIGN,HUNTER AVE & PARK,39.16224,-86.523968
2006,4,6,Weekday,1400,2-Car,No injury/unknown,UNSAFE SPEED,822 E HUNTER AVE & HAWTHORNE,39.16224,-86.52016
2006,9,6,Weekend,2000,3+ Cars,No injury/unknown,DISREGARD SIGNAL/REG SIGN,HUNTER & PARK ST,39.16224,-86.523968
2006,9,6,Weekday,1700,2-Car,Non-incapacitating,DISREGARD SIGNAL/REG SIGN,HUNTER AVE & PARK,39.16224,-86.523968
2006,10,5,Weekday,1300,2-Car,No injury/unknown,FAILURE TO YIELD RIGHT OF WAY,HUNTER & WOODLAWN AVE,39.16224,-86.522576
2006,11,1,Weekend,1600,2-Car,No injury/unknown,FAILURE TO YIELD RIGHT OF WAY,HUNTER & JORDAN AVE,39.16224,-86.516368
2006,5,4,Weekday,1100,1-Car,Non-incapacitating,UNSAFE SPEED,FESS & HUNTER AVE,39.1622,-86.527195
2006,9,2,Weekday,1400,3+ Cars,Incapacitating,DISREGARD SIGNAL/REG SIGN,2ND & HIGH ST,39.162199,-86.508495
2006,4,6,Weekday,200,1-Car,No injury/unknown,ROADWAY SURFACE CONDITION,JORDAN AVE,39.162187,-86.516399
2006,11,2,Weekday,1800,2-Car,No injury/unknown,FOLLOWING TOO CLOSELY,HIGH ST & HUNTER,39.162144,-86.508288
2006,12,7,Weekend,1100,2-Car,No injury/unknown,IMPROPER LANE USAGE,3RD & CLARIZZ BLVD,39.16204376,-86.49078903
2006,2,7,Weekend,500,2-Car,No injury/unknown,DRIVER DISTRACTED - EXPLAIN IN NARRATIVE,2ND & JORDAN AVE,39.16197747,-86.51636408
2006,12,6,Weekday,1200,3+ Cars,No injury/unknown,OTHER (DRIVER) - EXPLAIN IN NARRATIVE,COLLEGE MALL RD,39.161936,-86.497904
2006,8,4,Weekday,1200,2-Car,No injury/unknown,OTHER (DRIVER) - EXPLAIN IN NARRATIVE,S COLLEGE MALL RD RD,39.16171055,-86.49785673
2006,10,3,Weekday,1100,2-Car,Non-incapacitating,FOLLOWING TOO CLOSELY,SMITH RD & STONEGATE,39.1617,-86.480795
2006,2,3,Weekday,800,2-Car,Non-incapacitating,OTHER (DRIVER) - EXPLAIN IN NARRATIVE,2ND ST & WALKER,39.161648,-86.546128
2006,10,6,Weekend,2200,2-Car,No injury/unknown,FOLLOWING TOO CLOSELY,2ND ST & WALKER,39.161648,-86.546128
2006,7,6,Weekday,1700,2-Car,No injury/unknown,FOLLOWING TOO CLOSELY,EUCLID & W 2ND ST,39.1616,-86.543296
2006,2,3,Weekday,1400,2-Car,No injury/unknown,FOLLOWING TOO CLOSELY,MAPLE & W 2ND ST,39.161568,-86.542096
2006,2,5,Weekday,1800,3+ Cars,Non-incapacitating,FAILURE TO YIELD RIGHT OF WAY,2ND ST & MAPLE,39.16156317,-86.54174326
2006,9,6,Weekday,1800,2-Car,No injury/unknown,OTHER (DRIVER) - EXPLAIN IN NARRATIVE,W 2ND ST,39.16153675,-86.53981487
2006,10,6,Weekend,2100,1-Car,No injury/unknown,UNSAFE BACKING,SECOND ST,39.16153611,-86.53976784
2006,3,3,Weekday,700,2-Car,No injury/unknown,DISREGARD SIGNAL/REG SIGN,2ND ST & ROGERS,39.16152,-86.538592
2006,4,6,Weekday,1300,2-Car,No injury/unknown,FAILURE TO YIELD RIGHT OF WAY,S ROGERS & W 2ND ST,39.16152,-86.538592
2006,10,5,Weekday,1000,2-Car,Non-incapacitating,OTHER (DRIVER) - EXPLAIN IN NARRATIVE,S ROGERS & W 2ND ST,39.16152,-86.538592
2006,10,2,Weekday,1100,2-Car,No injury/unknown,FAILURE TO YIELD RIGHT OF WAY,S ROGERS & W 2ND ST,39.16152,-86.538592
2006,2,4,Weekday,1600,2-Car,No injury/unknown,OTHER (DRIVER) - EXPLAIN IN NARRATIVE,2ND ST & ROGERS,39.16151739,-86.53848621
2006,11,6,Weekday,1400,2-Car,No injury/unknown,UNSAFE BACKING,W 2ND ST,39.161488,-86.537296
2006,2,7,Weekend,1100,2-Car,Non-incapacitating,FOLLOWING TOO CLOSELY,2ND ST & MORTON,39.16148006,-86.5367718
2006,7,7,Weekend,1100,2-Car,No injury/unknown,IMPROPER PASSING,MORTON & W 2ND ST,39.161472,-86.53624
2006,8,6,Weekday,1100,Cyclist,Non-incapacitating,FAILURE TO YIELD RIGHT OF WAY,SOUTH MORTON & WEST SECOND ST,39.161472,-86.53624
2006,2,6,Weekday,1300,3+ Cars,Non-incapacitating,FOLLOWING TOO CLOSELY,2ND ST & COLLEGE,39.16145959,-86.53555315
2006,3,4,Weekday,2000,2-Car,No injury/unknown,FAILURE TO YIELD RIGHT OF WAY,W 2ND ST,39.16144727,-86.53510982
2006,1,2,Weekday,1100,2-Car,No injury/unknown,IMPROPER PASSING,2ND ST & GRANT,39.16144,-86.52961816
2006,1,3,Weekday,1700,2-Car,No injury/unknown,OTHER (DRIVER) - EXPLAIN IN NARRATIVE,2ND ST & DUNN,39.16144,-86.528288
2006,2,4,Weekday,1100,2-Car,No injury/unknown,IMPROPER TURNING,2ND ST,39.16144,-86.52709845
2006,2,2,Weekday,1500,2-Car,No injury/unknown,FAILURE TO YIELD RIGHT OF WAY,2ND & COLLEGE AVE,39.16144,-86.534848
2006,4,6,Weekend,1900,2-Car,No injury/unknown,UNSAFE BACKING,E 2ND ST,39.16144,-86.5324
2006,6,7,Weekend,1700,3+ Cars,No injury/unknown,FOLLOWING TOO CLOSELY,S COLLEGE AVE & W 2ND ST,39.16144,-86.534848
2006,7,7,Weekend,1100,2-Car,No injury/unknown,DISREGARD SIGNAL/REG SIGN,2ND & COLLEGE AVE,39.16144,-86.534848
2006,9,7,Weekend,200,2-Car,No injury/unknown,ALCOHOLIC BEVERAGES,E 2ND & S DUNN ST,39.16144,-86.528288
2006,9,7,Weekend,1600,Bus,No injury/unknown,FOLLOWING TOO CLOSELY,S WALNUT & W SECOND ST,39.16144,-86.5336
2006,9,2,Weekday,1000,2-Car,No injury/unknown,OTHER (VEHICLE) - EXPLAIN IN NARRATIVE,E 2ND ST & WASHINGTON,39.16144,-86.5324
2006,10,1,Weekend,1000,1-Car,No injury/unknown,RAN OFF ROAD RIGHT,2ND & S WALNUT ST,39.16144,-86.5336
2006,10,2,Weekday,0,1-Car,No injury/unknown,ALCOHOLIC BEVERAGES,2ND ST,39.16144,-86.528288
2006,10,4,Weekday,1300,2-Car,No injury/unknown,OTHER (DRIVER) - EXPLAIN IN NARRATIVE,2ND ST & DUNN,39.16144,-86.528288
2006,10,5,Weekday,1400,2-Car,No injury/unknown,IMPROPER TURNING,2ND ST & PARK,39.16144,-86.523952
2006,11,6,Weekend,2300,2-Car,No injury/unknown,FAILURE TO YIELD RIGHT OF WAY,2ND ST & COLLEGE,39.16144,-86.534848
2006,11,4,Weekday,1500,2-Car,No injury/unknown,SPEED TOO FAST FOR WEATHER CONDITIONS,2ND ST & PARK,39.16144,-86.523952
2006,12,6,Weekday,1000,2-Car,No injury/unknown,OTHER (DRIVER) - EXPLAIN IN NARRATIVE,E 2ND & SO LINCOLN ST,39.16144,-86.531056
2006,12,7,Weekend,1700,2-Car,No injury/unknown,FAILURE TO YIELD RIGHT OF WAY,2ND & WALNUT ST,39.16144,-86.5336
2006,12,6,Weekday,900,2-Car,No injury/unknown,OTHER (DRIVER) - EXPLAIN IN NARRATIVE,WEST 2ND ST,39.16144,-86.527152
2006,12,4,Weekday,100,2-Car,No injury/unknown,UNSAFE BACKING,E 2ND ST,39.16144,-86.53084441
2006,1,6,Weekday,1700,2-Car,No injury/unknown,ROADWAY SURFACE CONDITION,2ND ST & PATTERSON,39.1614,-86.546198
2006,1,3,Weekday,1900,1-Car,Non-incapacitating,RAN OFF ROAD RIGHT,2ND ST & PATTERSON,39.1614,-86.546198
2006,1,6,Weekday,700,1-Car,Non-incapacitating,RAN OFF ROAD RIGHT,PATTERSON & WEST 2ND,39.1614,-86.546198
2006,2,2,Weekday,1000,2-Car,Non-incapacitating,FOLLOWING TOO CLOSELY,2ND & WALKER,39.1614,-86.543398
2006,2,3,Weekday,2100,1-Car,No injury/unknown,UNSAFE SPEED,S ROGERS & W 2ND ST,39.1614,-86.53737404
2006,3,6,Weekday,1500,3+ Cars,No injury/unknown,DRIVER DISTRACTED - EXPLAIN IN NARRATIVE,2ND ST & MADISON,39.1614,-86.53629367
2006,3,6,Weekday,800,2-Car,No injury/unknown,DRIVER DISTRACTED - EXPLAIN IN NARRATIVE,S ROGERS & W 2ND ST,39.1614,-86.5374
2006,4,6,Weekday,1300,3+ Cars,No injury/unknown,FOLLOWING TOO CLOSELY,S MORTON & W 2ND ST,39.1614,-86.53620433
2006,4,4,Weekday,1900,2-Car,No injury/unknown,OTHER (DRIVER) - EXPLAIN IN NARRATIVE,W 2ND ST,39.1614,-86.539881
2006,4,5,Weekday,1200,2-Car,Non-incapacitating,UNSAFE BACKING,ROGERS & W 2ND ST,39.1614,-86.5374
2006,4,6,Weekday,1700,3+ Cars,Non-incapacitating,FOLLOWING TOO CLOSELY,S MADISON & W 2ND ST,39.1614,-86.536298
2006,5,4,Weekday,1200,3+ Cars,No injury/unknown,FOLLOWING TOO CLOSELY,2ND ST & ROGERS,39.1614,-86.53737404
2006,5,7,Weekend,1500,2-Car,No injury/unknown,FOLLOWING TOO CLOSELY,2ND ST & PATTERSON,39.1614,-86.546198
2006,5,1,Weekday,1900,2-Car,No injury/unknown,ALCOHOLIC BEVERAGES,PATTERSON & SECOND ST,39.1614,-86.546198
2006,6,7,Weekend,800,2-Car,No injury/unknown,DISREGARD SIGNAL/REG SIGN,2ND ST & WALKER,39.1614,-86.543398
2006,6,1,Weekend,1300,2-Car,No injury/unknown,OTHER (DRIVER) - EXPLAIN IN NARRATIVE,2ND ST & PATTERSON,39.1614,-86.546198
2006,7,4,Weekday,1400,1-Car,Non-incapacitating,SPEED TOO FAST FOR WEATHER CONDITIONS,SECOND ST & WALKER,39.1614,-86.54344127
2006,9,6,Weekend,2000,2-Car,No injury/unknown,OTHER (VEHICLE) - EXPLAIN IN NARRATIVE,W SECOND ST,39.1614,-86.535435
2006,9,2,Weekday,1800,2-Car,No injury/unknown,UNSAFE BACKING,EAST 2ND ST & WASHINGTON,39.1614,-86.53280233
2006,9,7,Weekend,1500,2-Car,No injury/unknown,DRIVER DISTRACTED - EXPLAIN IN NARRATIVE,S MAPLE & W 2ND ST,39.1614,-86.538698
2006,10,7,Weekend,1800,2-Car,No injury/unknown,FOLLOWING TOO CLOSELY,2ND ST & WALKER,39.1614,-86.543398
2006,10,5,Weekday,2100,2-Car,No injury/unknown,LEFT OF CENTER,2ND ST & LINCOLN,39.1614,-86.53178867
2006,10,6,Weekday,1300,2-Car,No injury/unknown,UNSAFE BACKING,WEST SECOND ST,39.1614,-86.539927
2006,10,6,Weekday,1000,Bus,No injury/unknown,FAILURE TO YIELD RIGHT OF WAY,2ND ST ST,39.1614,-86.539927
2006,11,4,Weekday,1800,3+ Cars,No injury/unknown,ROADWAY SURFACE CONDITION,2ND ST & EUCLID,39.1614,-86.54218169
2006,12,1,Weekend,100,1-Car,No injury/unknown,ALCOHOLIC BEVERAGES,2ND ST & PATTERSON,39.1614,-86.54621098
2006,12,6,Weekday,1300,2-Car,Non-incapacitating,IMPROPER PASSING,S MORTON & W SECOND ST,39.1614,-86.5362
2006,1,3,Weekday,1600,2-Car,Non-incapacitating,OTHER (DRIVER) - EXPLAIN IN NARRATIVE,2ND & COLLEGE AVE,39.16135764,-86.53484932
2006,2,7,Weekend,1700,2-Car,No injury/unknown,,2ND & WOODLAWN,39.161312,-86.522576
2006,1,6,Weekday,1100,2-Car,No injury/unknown,FAILURE TO YIELD RIGHT OF WAY,2ND ST & HENDERSON,39.1613,-86.528396
2006,5,6,Weekday,1600,2-Car,No injury/unknown,OTHER (ENVIRONMENTAL) - EXPLAIN IN NARR,E SECOND & S PARK ST,39.1613,-86.523999
2006,5,2,Weekday,2100,2-Car,No injury/unknown,FAILURE TO YIELD RIGHT OF WAY,2ND ST & DUNN,39.1613,-86.529899
2006,5,6,Weekday,1300,2-Car,No injury/unknown,OTHER (DRIVER) - EXPLAIN IN NARRATIVE,WEST SR 45 HWY,39.161296,-86.589792
2006,4,5,Weekday,1000,2-Car,No injury/unknown,OTHER (DRIVER) - EXPLAIN IN NARRATIVE,2ND ST ST & BALLANTINE,39.161232,-86.519056
2006,3,4,Weekday,,3+ Cars,No injury/unknown,OTHER (DRIVER) - EXPLAIN IN NARRATIVE,2ND,39.16123069,-86.51899592
2006,11,4,Weekday,1300,2-Car,No injury/unknown,FAILURE TO YIELD RIGHT OF WAY,PARKSQUARE DR & WOODSIDE,39.161201,-86.591795
2006,5,4,Weekday,1300,2-Car,No injury/unknown,BRAKE FAILURE OR DEFECTIVE,2ND & JORDAN AVE,39.161168,-86.516352
2006,6,4,Weekday,1600,2-Car,No injury/unknown,OTHER (DRIVER) - EXPLAIN IN NARRATIVE,COLLEGE AVE,39.16115717,-86.53485253
2006,6,5,Weekday,2300,2-Car,No injury/unknown,UNSAFE BACKING,S COLLEGE AVE,39.16115717,-86.53485253
2006,10,1,Weekend,0,2-Car,No injury/unknown,FAILURE TO YIELD RIGHT OF WAY,S COLLEGE AVE,39.16115717,-86.53485253
2006,2,7,Weekend,100,2-Car,No injury/unknown,OTHER (DRIVER) - EXPLAIN IN NARRATIVE,2ND ST & WOODLAWN,39.1611,-86.52350304
2006,5,4,Weekday,1800,2-Car,No injury/unknown,SPEED TOO FAST FOR WEATHER CONDITIONS,EAST 2ND ST & PARK,39.1611,-86.523994
2006,11,5,Weekday,1500,2-Car,No injury/unknown,SPEED TOO FAST FOR WEATHER CONDITIONS,2ND ST & WOODLAWN,39.1611,-86.523994
2006,12,1,Weekend,1700,2-Car,No injury/unknown,OTHER (DRIVER) - EXPLAIN IN NARRATIVE,2ND ST & HAWTHORNE,39.1611,-86.52262196
2006,11,4,Weekday,700,2-Car,Non-incapacitating,DISREGARD SIGNAL/REG SIGN,2ND ST & JORDAN,39.161099,-86.517695
2006,8,5,Weekday,1400,2-Car,No injury/unknown,FAILURE TO YIELD RIGHT OF WAY,JORDAN AVE & UNIVERSITY,39.160999,-86.516399
2006,8,2,Weekday,700,2-Car,No injury/unknown,DRIVER DISTRACTED - EXPLAIN IN NARRATIVE,E 2ND ST,39.160996,-86.508316
2006,7,7,Weekend,1900,2-Car,Non-incapacitating,DISREGARD SIGNAL/REG SIGN,2ND ST & COLLEGE MALL,39.160944,-86.497696
2006,2,2,Weekday,1500,2-Car,Non-incapacitating,FAILURE TO YIELD RIGHT OF WAY,E 2ND ST & WOODSCREST,39.160944,-86.5024
2006,1,3,Weekday,1400,2-Car,Non-incapacitating,FAILURE TO YIELD RIGHT OF WAY,2ND ST & HIGH,39.160944,-86.508288
2006,1,6,Weekday,1200,2-Car,Non-incapacitating,OTHER (DRIVER) - EXPLAIN IN NARRATIVE,E 2ND & S HIGH ST,39.160944,-86.508288
2006,3,2,Weekday,2100,2-Car,Non-incapacitating,FAILURE TO YIELD RIGHT OF WAY,COLLEGE MALL RD & EAST 2ND ST ST,39.160944,-86.497696
2006,4,7,Weekend,1500,2-Car,No injury/unknown,OTHER (DRIVER) - EXPLAIN IN NARRATIVE,2ND STREET & COLLEGE MALL ROAD RD,39.160944,-86.497696
2006,6,5,Weekday,1700,2-Car,Non-incapacitating,FOLLOWING TOO CLOSELY,2ND ST & COLLEGE MALL,39.160944,-86.497696
2006,7,3,Weekday,2200,2-Car,No injury/unknown,DISREGARD SIGNAL/REG SIGN,2ND & COLLEGE MALL RD,39.160944,-86.497696
2006,7,2,Weekday,1300,2-Car,No injury/unknown,FAILURE TO YIELD RIGHT OF WAY,COLLEGE MALL & SECOND ST,39.160944,-86.497696
2006,9,6,Weekday,1800,2-Car,Non-incapacitating,FAILURE TO YIELD RIGHT OF WAY,2ND ST & S HIGH,39.160944,-86.508288
2006,10,7,Weekend,200,1-Car,Non-incapacitating,RAN OFF ROAD RIGHT,E 2ND & WOODSCREST DR,39.160944,-86.5024
2006,10,3,Weekday,900,2-Car,No injury/unknown,LEFT OF CENTER,E 2ND ST,39.160944,-86.49959661
2006,10,6,Weekday,1000,2-Car,No injury/unknown,DISREGARD SIGNAL/REG SIGN,COLLEGE MALL ROAD RD & E 2ND STREET,39.160944,-86.497696
2006,12,7,Weekend,1800,Moped/Motorcycle,No injury/unknown,FAILURE TO YIELD RIGHT OF WAY,2ND ST & WOODSCREST,39.160944,-86.5024
2006,12,1,Weekend,1100,2-Car,No injury/unknown,DISREGARD SIGNAL/REG SIGN,2ND & COLLEGE MALL RD,39.160944,-86.497696
2006,4,4,Weekday,1700,3+ Cars,Non-incapacitating,FOLLOWING TOO CLOSELY,10TH & SR 46 BYP,39.1609227,-86.502295
2006,1,5,Weekday,1300,2-Car,No injury/unknown,OTHER (DRIVER) - EXPLAIN IN NARRATIVE,COLLEGE MALL RD,39.1609,-86.497701
2006,9,4,Weekday,1900,2-Car,No injury/unknown,FOLLOWING TOO CLOSELY,2ND ST & COLLEGE MALL,39.1609,-86.497499
2006,11,5,Weekday,1400,2-Car,No injury/unknown,FAILURE TO YIELD RIGHT OF WAY,BUICK CADILLAC & COLLEGE MALL RD,39.1609,-86.497701