Year,Month,Day,Weekend?,Hour,Collision Type,Injury Type,Primary Factor,Reported_Location,Latitude,Longitude
2006,10,3,Weekday,1500,2-Car,No injury/unknown,FOLLOWING TOO CLOSELY,ADAMS & BLOOMFIELD RD,39.16072758,-86.54940867
2006,9,3,Weekday,200,1-Car,No injury/unknown,UNSAFE BACKING,S COLLEGE MALL RD,39.16071674,-86.49770384
2006,8,5,Weekday,1300,2-Car,No injury/unknown,OTHER (VEHICLE) - EXPLAIN IN NARRATIVE,S WALNUT ST,39.16071282,-86.5336
2006,1,4,Weekday,900,2-Car,No injury/unknown,IMPROPER TURNING,3RD & LIBERTY DR,39.16070173,-86.579199
2006,10,7,Weekend,0,2-Car,No injury/unknown,FOLLOWING TOO CLOSELY,2ND & COLLEGE AVE,39.1606161,-86.53486118
2006,11,5,Weekday,900,2-Car,No injury/unknown,FAILURE TO YIELD RIGHT OF WAY,2ND & COLLEGE AVE,39.1606161,-86.53486118
2006,1,4,Weekday,1500,2-Car,No injury/unknown,FAILURE TO YIELD RIGHT OF WAY,2ND & WALNUT ST,39.16061603,-86.5336
2006,10,6,Weekday,1000,2-Car,No injury/unknown,FOLLOWING TOO CLOSELY,2ND ST & ADAMS,39.160544,-86.5508
2006,7,3,Weekday,800,2-Car,No injury/unknown,DISREGARD SIGNAL/REG SIGN,FIRST & HENDERSON,39.160401,-86.527195
2006,3,4,Weekday,1700,2-Car,No injury/unknown,FAILURE TO YIELD RIGHT OF WAY,FIRST & HENDERSON ST,39.160401,-86.527195
2006,7,5,Weekday,1300,2-Car,No injury/unknown,UNSAFE BACKING,W BLOOMFIELD RD,39.160384,-86.551454
2006,8,5,Weekday,1200,2-Car,No injury/unknown,UNSAFE BACKING,S COLLEGE MALL RD,39.16037584,-86.49771559
2006,9,4,Weekday,1100,2-Car,No injury/unknown,UNSAFE BACKING,E UNIVERSITY ST,39.16034874,-86.53080751
2006,6,6,Weekday,1800,2-Car,No injury/unknown,FAILURE TO YIELD RIGHT OF WAY,HENDERSON ST & UNIVERSITY,39.16032,-86.527136
2006,7,2,Weekday,1800,2-Car,No injury/unknown,FAILURE TO YIELD RIGHT OF WAY,S HENDERSON ST & UNIVERSITY,39.16032,-86.527136
2006,6,3,Weekday,1400,3+ Cars,Non-incapacitating,FOLLOWING TOO CLOSELY,ADAMS & BLOOMFIELD RD,39.160114,-86.553211
2006,1,3,Weekday,1100,2-Car,No injury/unknown,IMPROPER TURNING,2ND & WALNUT ST,39.16006672,-86.5336
2006,3,5,Weekday,2100,2-Car,No injury/unknown,OTHER (DRIVER) - EXPLAIN IN NARRATIVE,W BLOOMFIELD RD,39.15998862,-86.55307876
2006,12,1,Weekday,2000,2-Car,No injury/unknown,OTHER (DRIVER) - EXPLAIN IN NARRATIVE,LINCOLN ST & UNIVERSITY,39.15980273,-86.53108072
2006,1,5,Weekday,0,2-Car,No injury/unknown,IMPROPER TURNING,COLLEGE AVE & FIRST,39.159784,-86.53498
2006,1,5,Weekday,2000,2-Car,No injury/unknown,FAILURE TO YIELD RIGHT OF WAY,1ST & COLLEGE,39.15971453,-86.53487561
2006,11,2,Weekday,1600,2-Car,No injury/unknown,FAILURE TO YIELD RIGHT OF WAY,FIRST & ROGERS ST,39.159504,-86.538592
2006,2,4,Weekday,2200,1-Car,Non-incapacitating,OVERCORRECTING/OVERSTEERING,BUICK CADILLAC & CLARIZZ,39.15948522,-86.49145754
2006,2,5,Weekday,1600,2-Car,No injury/unknown,FAILURE TO YIELD RIGHT OF WAY,1ST ST & MORTON,39.159472,-86.536272
2006,5,3,Weekday,1700,2-Car,No injury/unknown,IMPROPER TURNING,1ST & MORTON ST,39.159472,-86.536272
2006,7,6,Weekday,1200,2-Car,No injury/unknown,UNSAFE SPEED,ANN LEE & WYLIE ST,39.15944,-86.5568
2006,1,4,Weekday,1700,2-Car,No injury/unknown,IMPROPER PASSING,BLOOMFIELD RD & RANSOM,39.15944,-86.555296
2006,2,4,Weekday,700,2-Car,No injury/unknown,IMPROPER TURNING,1ST ST & COLLEGE,39.15944,-86.53488
2006,2,4,Weekday,1400,2-Car,No injury/unknown,IMPROPER TURNING,1ST & COLLEGE,39.15944,-86.53488
2006,8,6,Weekday,1200,3+ Cars,No injury/unknown,FOLLOWING TOO CLOSELY,1ST & COLLEGE AVE,39.15944,-86.53488
2006,10,5,Weekday,1300,Moped/Motorcycle,Non-incapacitating,OTHER (VEHICLE) - EXPLAIN IN NARRATIVE,SOUTH COLLEGE AVE & WEST 1ST,39.15944,-86.53488
2006,11,4,Weekday,600,2-Car,Non-incapacitating,DISREGARD SIGNAL/REG SIGN,S COLLEGE AVE & W 1ST,39.15944,-86.53488
2006,12,3,Weekday,1100,2-Car,No injury/unknown,FAILURE TO YIELD RIGHT OF WAY,SOUTH COLLEGE AVE & WEST 1ST,39.15944,-86.53488
2006,3,5,Weekday,2200,2-Car,No injury/unknown,IMPROPER LANE USAGE,2714 PINEHURST DR & TAPP,39.15943468,-86.549499
2006,2,2,Weekday,1600,2-Car,No injury/unknown,OTHER (DRIVER) - EXPLAIN IN NARRATIVE,1ST ST,39.1594,-86.537758
2006,7,6,Weekday,200,1-Car,Non-incapacitating,ALCOHOLIC BEVERAGES,COLLEGE AVE & DODDS,39.159399,-86.534999
2006,1,2,Weekday,1700,2-Car,No injury/unknown,FAILURE TO YIELD RIGHT OF WAY,1ST & HAWTHORNE,39.159344,-86.520096
2006,1,2,Weekday,800,2-Car,No injury/unknown,DISREGARD SIGNAL/REG SIGN,1ST & HENDERSON ST,39.159344,-86.52712
2006,3,7,Weekend,1500,2-Car,No injury/unknown,DISREGARD SIGNAL/REG SIGN,1ST & HAWTHORNE ST,39.159344,-86.520096
2006,3,4,Weekday,1600,2-Car,No injury/unknown,FAILURE TO YIELD RIGHT OF WAY,1ST ST & WASHINGTON,39.159344,-86.5324
2006,3,3,Weekday,2300,2-Car,No injury/unknown,IMPROPER TURNING,E 1ST & S STULL AVE,39.159344,-86.524784
2006,4,1,Weekend,1700,2-Car,No injury/unknown,DISREGARD SIGNAL/REG SIGN,1ST & S WALNUT ST,39.159344,-86.5336
2006,10,2,Weekday,1200,2-Car,Non-incapacitating,FAILURE TO YIELD RIGHT OF WAY,1ST ST & FESS,39.159344,-86.525872
2006,11,5,Weekday,1900,2-Car,No injury/unknown,DISREGARD SIGNAL/REG SIGN,1ST & WALNUT ST,39.159344,-86.5336
2006,11,2,Weekday,2300,2-Car,No injury/unknown,ALCOHOLIC BEVERAGES,COLLEGE AVE & SMITH,39.15931378,-86.534899
2006,4,4,Weekday,1700,3+ Cars,Non-incapacitating,OTHER (DRIVER) - EXPLAIN IN NARRATIVE,SR 48 & SR37S,39.15930776,-86.5732966
2006,4,2,Weekday,1800,2-Car,Non-incapacitating,FAILURE TO YIELD RIGHT OF WAY,E 1ST ST & HAWTHORNE,39.1593,-86.520995
2006,7,1,Weekend,1300,2-Car,No injury/unknown,IMPROPER LANE USAGE,1ST ST & GRANT,39.1593,-86.531294
2006,1,2,Weekday,2200,Pedestrian,Incapacitating,UNSAFE SPEED,WALKER,39.159185,-86.545995
2006,6,3,Weekday,1600,3+ Cars,No injury/unknown,FOLLOWING TOO CLOSELY,1ST & WALNUT ST,39.15906934,-86.5336
2006,11,4,Weekday,1800,2-Car,Non-incapacitating,DRIVER DISTRACTED - EXPLAIN IN NARRATIVE,BRIGHTON & SMITH RD,39.159,-86.480695
2006,4,6,Weekday,1600,2-Car,Non-incapacitating,FAILURE TO YIELD RIGHT OF WAY,COLLEGE MALL RD & SR46E,39.15896289,-86.49837625
2006,5,1,Weekend,1500,2-Car,No injury/unknown,BRAKE FAILURE OR DEFECTIVE,1ST & ROSE AVE,39.15883832,-86.51143213
2006,2,6,Weekend,2200,2-Car,No injury/unknown,UNSAFE BACKING,BURKS & WALNUT SPRINGS DR,39.15879395,-86.527698
2006,5,5,Weekday,100,1-Car,No injury/unknown,ALCOHOLIC BEVERAGES,CURRY & N CURRY,39.15861943,-86.58275886
2006,7,5,Weekday,1300,2-Car,No injury/unknown,LEFT OF CENTER,BURKS & S WALNUT ST,39.15859279,-86.531399
2006,10,4,Weekday,1600,2-Car,No injury/unknown,OTHER (DRIVER) - EXPLAIN IN NARRATIVE,FAIRVIEW & WYLIE ST,39.15857489,-86.54233857
2006,1,2,Weekday,1700,2-Car,No injury/unknown,FAILURE TO YIELD RIGHT OF WAY,DODDS & WASHINGTON ST,39.158399,-86.532399
2006,2,5,Weekday,1100,2-Car,Non-incapacitating,FAILURE TO YIELD RIGHT OF WAY,DODDS & WASHINGTON ST,39.158399,-86.532399
2006,3,2,Weekday,1500,3+ Cars,Incapacitating,DISREGARD SIGNAL/REG SIGN,DODDS & WASHINGTON ST,39.158399,-86.532399
2006,9,5,Weekday,1700,1-Car,No injury/unknown,OTHER (DRIVER) - EXPLAIN IN NARRATIVE,E DODDS & S WASHINGTON ST,39.158399,-86.532399
2006,2,6,Weekday,700,1-Car,No injury/unknown,RAN OFF ROAD RIGHT,ANNA LEE LN & BLOOMFIELD,39.15839056,-86.55762272
2006,8,4,Weekday,1800,2-Car,No injury/unknown,OTHER (DRIVER) - EXPLAIN IN NARRATIVE,BASSWOOD DR,39.1583,-86.569336
2006,5,3,Weekday,1800,2-Car,No injury/unknown,FAILURE TO YIELD RIGHT OF WAY,AUTO MALL & BUICK CADILLAC DR,39.1582,-86.496899
2006,4,4,Weekday,1600,2-Car,No injury/unknown,DRIVER DISTRACTED - EXPLAIN IN NARRATIVE,PATTERSON & THIRD ST,39.15817411,-86.5512146
2006,2,7,Weekend,1100,2-Car,No injury/unknown,FAILURE TO YIELD RIGHT OF WAY,BUICK CADILLAC & COLLEGE MALL RD,39.15816,-86.497792
2006,5,3,Weekday,1200,3+ Cars,Non-incapacitating,DISREGARD SIGNAL/REG SIGN,BUICK CADILLAC & COLLEGE MALL RD,39.15816,-86.497792
2006,6,3,Weekday,900,2-Car,No injury/unknown,UNSAFE BACKING,W 3RD ST,39.15815535,-86.568165
2006,3,3,Weekday,2100,Pedestrian,Incapacitating,PEDESTRIAN ACTION,COLLEGE MALL RD & COVENATER,39.158101,-86.497897
2006,9,5,Weekday,1100,2-Car,No injury/unknown,IMPROPER TURNING,COLLEGE MALL ROAD RD & COVENANTER DRIVE,39.158101,-86.497897
2006,3,2,Weekday,1500,2-Car,No injury/unknown,DRIVER DISTRACTED - EXPLAIN IN NARRATIVE,S CURRY & W BLOOMFIELD RD,39.157999,-86.55760566
2006,6,2,Weekday,1700,2-Car,No injury/unknown,FOLLOWING TOO CLOSELY,BLOOMFIELD RD & CORY,39.157999,-86.557597
2006,3,4,Weekday,1300,3+ Cars,No injury/unknown,OTHER (DRIVER) - EXPLAIN IN NARRATIVE,MAXWELL & SOUTH HENDERSON ST,39.157952,-86.527088
2006,10,7,Weekend,300,1-Car,No injury/unknown,DISREGARD SIGNAL/REG SIGN,HENDERSON ST & MAXWELL,39.157952,-86.527088
2006,4,6,Weekday,900,2-Car,Non-incapacitating,OTHER (DRIVER) - EXPLAIN IN NARRATIVE,E MAXWELL & S WOODLAWN ST,39.157904,-86.522544
2006,6,1,Weekday,2000,2-Car,No injury/unknown,IMPROPER TURNING,17TH ST & FEE,39.15784334,-86.521099
2006,1,6,Weekday,1000,2-Car,Non-incapacitating,FAILURE TO YIELD RIGHT OF WAY,EASTSIDE & MAXWELL LN,39.157824,-86.512528
2006,2,6,Weekday,1100,2-Car,Non-incapacitating,DISREGARD SIGNAL/REG SIGN,MAXWELL LN & MITCHELL,39.157824,-86.5136
2006,1,6,Weekday,800,2-Car,No injury/unknown,OTHER (DRIVER) - EXPLAIN IN NARRATIVE,MAXWELL,39.1578,-86.510779
2006,6,7,Weekend,1900,2-Car,Non-incapacitating,DISREGARD SIGNAL/REG SIGN,HAWTHORNE & MAXWELL LN,39.1578,-86.520999
2006,7,4,Weekday,1700,1-Car,No injury/unknown,IMPROPER TURNING,MAXWELL & S HIGH ST,39.157792,-86.508288
2006,9,1,Weekend,1700,2-Car,Non-incapacitating,OTHER (DRIVER) - EXPLAIN IN NARRATIVE,HIGH ST & MAXWELL,39.157792,-86.508288
2006,12,7,Weekend,1000,2-Car,No injury/unknown,FAILURE TO YIELD RIGHT OF WAY,E MAXWELL & SO HIGH ST,39.157792,-86.508288
2006,2,3,Weekday,700,2-Car,No injury/unknown,FAILURE TO YIELD RIGHT OF WAY,MAXWELL TER,39.15772474,-86.51169012
2006,6,3,Weekday,1300,2-Car,No injury/unknown,UNSAFE BACKING,AUTO MALL RD,39.157653,-86.496099
2006,2,7,Weekend,1300,2-Car,Non-incapacitating,UNSAFE BACKING,COLLEGE MALL RD,39.15762,-86.497882
2006,4,4,Weekday,1100,2-Car,No injury/unknown,DISREGARD SIGNAL/REG SIGN,ALLEN & PATTERSON DR,39.1576,-86.545199
2006,3,7,Weekend,1600,2-Car,Non-incapacitating,FAILURE TO YIELD RIGHT OF WAY,FENBROOK & SMITH RD,39.157599,-86.480599
2006,11,3,Weekday,1500,2-Car,No injury/unknown,IMPROPER TURNING,BLOOMFIELD RD & CORY,39.15759543,-86.55894204
2006,5,2,Weekday,1300,1-Car,No injury/unknown,IMPROPER TURNING,COLLEGE & W DODDS ST,39.157568,-86.534896
2006,8,7,Weekend,1300,2-Car,No injury/unknown,IMPROPER LANE USAGE,COLLEGE AVE & DODDS,39.157568,-86.534896
2006,1,4,Weekday,700,2-Car,Non-incapacitating,SPEED TOO FAST FOR WEATHER CONDITIONS,E DODDS & S LINCOLN,39.157504,-86.531104
2006,9,6,Weekday,200,3+ Cars,Non-incapacitating,DRIVER ILLNESS,DODDS & S LINCOLN ST,39.157504,-86.531104
2006,7,1,Weekend,1000,1-Car,Non-incapacitating,ALCOHOLIC BEVERAGES,CARLETON CT & GENTRY,39.15744,-86.472096
2006,10,1,Weekend,1500,2-Car,No injury/unknown,UNSAFE BACKING,PERSIMMON TREE CIR,39.15742411,-86.59100737
2006,2,7,Weekend,200,3+ Cars,No injury/unknown,RAN OFF ROAD RIGHT,DODDS & HENDERSON ST,39.15741254,-86.52708745
2006,6,3,Weekday,1700,3+ Cars,No injury/unknown,OTHER (DRIVER) - EXPLAIN IN NARRATIVE,DIXIE & WALNUT ST,39.1574,-86.533599
2006,7,4,Weekday,800,2-Car,No injury/unknown,OTHER (DRIVER) - EXPLAIN IN NARRATIVE,DODDS & SOUTH WALNUT ST,39.15737206,-86.53368833
2006,4,2,Weekday,800,2-Car,No injury/unknown,FAILURE TO YIELD RIGHT OF WAY,BLOOMFIELD ROAD RD & CORY LANE,39.157248,-86.559792
2006,6,5,Weekday,1600,2-Car,No injury/unknown,FOLLOWING TOO CLOSELY,BLOOMFIELD RD & CORY,39.157248,-86.559792
2006,9,4,Weekday,1600,2-Car,Non-incapacitating,FAILURE TO YIELD RIGHT OF WAY,BLOOMFIELD RD & CORY,39.157248,-86.559792
2006,11,4,Weekday,2000,3+ Cars,No injury/unknown,DRIVER DISTRACTED - EXPLAIN IN NARRATIVE,BLOOMFIELD RD & CORY,39.157248,-86.559792
2006,8,4,Weekday,1400,2-Car,No injury/unknown,FAILURE TO YIELD RIGHT OF WAY,BLOOMFIELD RD & CORY,39.15716674,-86.5599342
2006,1,4,Weekday,800,1-Car,No injury/unknown,ROADWAY SURFACE CONDITION,BLOOMFIELD & CORY,39.157,-86.55979567
2006,5,7,Weekend,2200,2-Car,No injury/unknown,UNSAFE BACKING,WESTHILL & WOODHILL DR,39.157,-86.5491
2006,3,2,Weekday,1600,2-Car,No injury/unknown,FAILURE TO YIELD RIGHT OF WAY,7TH & DUNN SMT,39.15692877,-86.528299
2006,2,2,Weekday,1400,2-Car,Non-incapacitating,DISREGARD SIGNAL/REG SIGN,CURRY & GIFFORD,39.156896,-86.582704
2006,12,6,Weekday,1100,2-Car,No injury/unknown,FOLLOWING TOO CLOSELY,GIFFORD & SOUTH CURRY PIKE,39.156896,-86.582704
2006,4,2,Weekday,2200,2-Car,No injury/unknown,UNSAFE BACKING,17TH & FEE,39.15687187,-86.518805
2006,2,2,Weekday,700,2-Car,No injury/unknown,OTHER (DRIVER) - EXPLAIN IN NARRATIVE,LEROY & S CURRY,39.15677942,-86.582699
2006,7,2,Weekday,1000,2-Car,No injury/unknown,FAILURE TO YIELD RIGHT OF WAY,DIXIE & FAIRVIEW ST,39.156752,-86.540976
2006,8,6,Weekday,1200,Pedestrian,Incapacitating,OTHER (DRIVER) - EXPLAIN IN NARRATIVE,EAST SEVENTH & ROSE AVE,39.15672883,-86.510899
2006,3,5,Weekday,1100,2-Car,No injury/unknown,OTHER (DRIVER) - EXPLAIN IN NARRATIVE,HAWTHORNE AVE & SHERIDAN,39.15669059,-86.5204258
2006,11,5,Weekday,1300,2-Car,No injury/unknown,DISREGARD SIGNAL/REG SIGN,COLLEGE MALL RD,39.156658,-86.4978
2006,9,6,Weekday,300,2-Car,No injury/unknown,DRIVER ASLEEP OR FATIGUED,DIXIE & ROGERS ST,39.15664,-86.538592
2006,6,4,Weekday,1200,1-Car,No injury/unknown,RAN OFF ROAD RIGHT,EAST DIXIE & SOUTH DUNN ST,39.156624,-86.528
2006,1,3,Weekday,900,1-Car,No injury/unknown,OTHER (DRIVER) - EXPLAIN IN NARRATIVE,WOODSIDE DR,39.156582,-86.589279
2006,12,5,Weekday,1400,2-Car,No injury/unknown,OTHER (DRIVER) - EXPLAIN IN NARRATIVE,DIXIE & WALNUT ST,39.156544,-86.5336
2006,7,1,Weekend,1800,2-Car,No injury/unknown,FAILURE TO YIELD RIGHT OF WAY,W ALLEN & W BLOOMFIELD RD,39.156501,-86.560897
2006,5,3,Weekday,1500,2-Car,No injury/unknown,OTHER (DRIVER) - EXPLAIN IN NARRATIVE,WALNUT ST,39.15643429,-86.5336
2006,12,7,Weekend,1800,2-Car,No injury/unknown,UNSAFE BACKING,E THIRD & HAWTHORNE DR,39.15636823,-86.5201
2006,9,6,Weekend,2100,2-Car,No injury/unknown,RAN OFF ROAD LEFT,SOUTH WASHINGTON ST,39.156364,-86.532415
2006,1,3,Weekday,1200,2-Car,Non-incapacitating,FOLLOWING TOO CLOSELY,ALLEN & BLOOMFIELD,39.156144,-86.561296
2006,9,4,Weekday,2200,2-Car,No injury/unknown,RAN OFF ROAD RIGHT,ALLEN & BLOOMFIELD RD,39.156144,-86.561296
2006,4,6,Weekday,1400,2-Car,Non-incapacitating,OTHER (DRIVER) - EXPLAIN IN NARRATIVE,S LIBERTY DR & W 3RD,39.15613945,-86.5791
2006,4,1,Weekend,900,2-Car,No injury/unknown,,W ALLEN ST ST,39.156128,-86.560912
2006,6,6,Weekday,1600,2-Car,Non-incapacitating,FAILURE TO YIELD RIGHT OF WAY,ALLEN ST & PEACHTREE,39.156048,-86.556896
2006,1,7,Weekend,1600,Moped/Motorcycle,Non-incapacitating,DISREGARD SIGNAL/REG SIGN,ADAMS & ALLEN ST,39.155952,-86.550592
2006,7,4,Weekday,1400,2-Car,No injury/unknown,FAILURE TO YIELD RIGHT OF WAY,S ADAMS & W ALLEN ST,39.155952,-86.550592
2006,9,2,Weekday,800,2-Car,No injury/unknown,OTHER (DRIVER) - EXPLAIN IN NARRATIVE,W ALLEN ST,39.155952,-86.550736
2006,5,7,Weekend,1600,1-Car,Non-incapacitating,SPEED TOO FAST FOR WEATHER CONDITIONS,CIRCLE DR & SOUTHDOWNS,39.15591723,-86.51392859
2006,3,5,Weekday,900,2-Car,No injury/unknown,OTHER (DRIVER) - EXPLAIN IN NARRATIVE,W ALLEN,39.1558,-86.549877
2006,11,3,Weekday,1500,2-Car,Non-incapacitating,OTHER (DRIVER) - EXPLAIN IN NARRATIVE,ALLEN & WALNUT ST,39.15578533,-86.5336
2006,4,5,Weekday,1700,3+ Cars,No injury/unknown,SPEED TOO FAST FOR WEATHER CONDITIONS,SR37S & TAPP,39.15578243,-86.57295509
2006,10,4,Weekday,1200,2-Car,Non-incapacitating,DISREGARD SIGNAL/REG SIGN,ALLEN & ROGERS ST,39.155776,-86.538592
2006,8,6,Weekday,1600,2-Car,No injury/unknown,FAILURE TO YIELD RIGHT OF WAY,10TH & SR46N,39.15569047,-86.50216018
2006,10,3,Weekday,1700,2-Car,No injury/unknown,FAILURE TO YIELD RIGHT OF WAY,ALLEN & WASHINGTON ST,39.155664,-86.5324
2006,3,6,Weekday,1000,2-Car,No injury/unknown,NONE (VEHICLE),1457 W ALLEN ST & ALLEN,39.155648,-86.5336
2006,5,1,Weekday,2100,2-Car,No injury/unknown,DISREGARD SIGNAL/REG SIGN,DAVIS & ROGERS ST,39.155601,-86.538699
2006,6,3,Weekday,1300,2-Car,No injury/unknown,UNSAFE BACKING,E GENTRY BLVD,39.155551,-86.472948
2006,12,6,Weekend,1900,2-Car,No injury/unknown,FAILURE TO YIELD RIGHT OF WAY,BLOOMFIELD RD & LAKECREST,39.15553778,-86.56206815
2006,2,6,Weekday,1400,2-Car,No injury/unknown,IMPROPER TURNING,3RD & PATTERSON,39.15553057,-86.5512146
2006,9,4,Weekday,1700,3+ Cars,No injury/unknown,BRAKE FAILURE OR DEFECTIVE,SOUTH WALNUT ST,39.155514,-86.533706
2006,10,4,Weekday,1700,2-Car,No injury/unknown,FAILURE TO YIELD RIGHT OF WAY,COVENATER & SOUTHDOWNS DR,39.15544,-86.509904
2006,5,4,Weekday,2100,2-Car,No injury/unknown,FAILURE TO YIELD RIGHT OF WAY,COVENANTER & S COLLEGE MALL RD,39.155405,-86.497699
2006,3,2,Weekday,400,1-Car,No injury/unknown,ANIMAL/OBJECT IN ROADWAY,BLOOMFIELD RD & ROLLING RIDGE,39.1554,-86.56248934
2006,3,2,Weekday,800,2-Car,Non-incapacitating,FAILURE TO YIELD RIGHT OF WAY,BLOOMFIELD RD & ROLLING RIDGE,39.1554,-86.562498
2006,8,7,Weekend,2300,2-Car,Non-incapacitating,UNSAFE BACKING,BLOOMFIELD RD & ROLLING RIDGE,39.1554,-86.562498
2006,10,3,Weekday,1100,3+ Cars,No injury/unknown,DRIVER DISTRACTED - EXPLAIN IN NARRATIVE,BLOOMFIELD RD RD & ROLLINGRIDGE WAY,39.1554,-86.562498
2006,10,3,Weekday,1500,3+ Cars,No injury/unknown,FOLLOWING TOO CLOSELY,BLOOMFIELD RD & ROLLING RIDGE,39.1554,-86.56248934
2006,11,3,Weekday,1800,2-Car,Non-incapacitating,FAILURE TO YIELD RIGHT OF WAY,BLOOMFIELD RD & ROLLING RIDGE,39.1554,-86.562498
2006,11,3,Weekday,900,1-Car,No injury/unknown,RAN OFF ROAD RIGHT,E COVENANTER DR,39.15515973,-86.5044638
2006,1,2,Weekday,1100,2-Car,No injury/unknown,DISREGARD SIGNAL/REG SIGN,COLLEGE MALL RD & COVENANTER,39.155152,-86.497888
2006,3,7,Weekend,1100,2-Car,No injury/unknown,FAILURE TO YIELD RIGHT OF WAY,COLLEGE MALL ROAD RD & COVENANTER,39.155152,-86.497888
2006,8,4,Weekday,1000,2-Car,Non-incapacitating,FAILURE TO YIELD RIGHT OF WAY,COLLEGE MALL ROAD RD & COVENANTER DRIVE,39.155152,-86.497888
2006,9,7,Weekend,1800,1-Car,No injury/unknown,RAN OFF ROAD RIGHT,E COVENANTER DR & PICKWICK,39.155152,-86.504496
2006,12,3,Weekday,1400,2-Car,Non-incapacitating,DISREGARD SIGNAL/REG SIGN,COLLEGE MALL RD & COVENANTER,39.155152,-86.497888
2006,12,5,Weekday,1600,2-Car,No injury/unknown,FAILURE TO YIELD RIGHT OF WAY,COLLEGE MALL RD & COVENANTER,39.155152,-86.497888
2006,11,6,Weekend,2200,2-Car,No injury/unknown,FAILURE TO YIELD RIGHT OF WAY,COLLEGE MALL & COVENANTER ST,39.1551,-86.49810333
2006,11,7,Weekend,2200,2-Car,No injury/unknown,ALCOHOLIC BEVERAGES,AUTO MALL & COVENANTER ST,39.155099,-86.496796
2006,2,4,Weekday,2200,2-Car,No injury/unknown,FAILURE TO YIELD RIGHT OF WAY,AUTO MALL & CAVENANTER,39.15504,-86.509552
2006,3,4,Weekday,1000,2-Car,No injury/unknown,DRIVER DISTRACTED - EXPLAIN IN NARRATIVE,BLOOMFIELD RD & WEIMER,39.1549,-86.563198
2006,7,4,Weekday,1800,2-Car,Non-incapacitating,FOLLOWING TOO CLOSELY,BLOOMFIELD RD & WIEMER,39.1549,-86.56317203
2006,11,1,Weekend,900,2-Car,No injury/unknown,LEFT OF CENTER,JED & ROGERS ST,39.15486796,-86.538899
2006,2,6,Weekday,200,2-Car,No injury/unknown,CELL PHONE USAGE,LINGELBACH & UNION ST,39.15474701,-86.509899
2006,6,2,Weekday,800,2-Car,No injury/unknown,UNSAFE BACKING,CHERRY ORCHARD CT,39.154704,-86.588991
2006,8,5,Weekday,1600,3+ Cars,Non-incapacitating,FOLLOWING TOO CLOSELY,DAVIS & S ROGERS ST,39.15464,-86.538592
2006,7,7,Weekend,900,2-Car,No injury/unknown,OTHER (DRIVER) - EXPLAIN IN NARRATIVE,EAST DAVIS & SOUTH WALNUT ST,39.154352,-86.5336
2006,9,4,Weekday,1100,2-Car,No injury/unknown,FAILURE TO YIELD RIGHT OF WAY,DAVIS & WASHINGTON ST,39.154352,-86.5324
2006,2,5,Weekday,900,2-Car,No injury/unknown,OTHER (DRIVER) - EXPLAIN IN NARRATIVE,BASSWOOD DR,39.1543,-86.572499
2006,11,3,Weekday,1400,2-Car,No injury/unknown,UNSAFE BACKING,2ND & MITCHELL ST,39.15426866,-86.514199
2006,11,4,Weekday,1300,2-Car,Non-incapacitating,FAILURE TO YIELD RIGHT OF WAY,S COLLEGE MALL RD,39.15424374,-86.49787002
2006,8,3,Weekday,1600,2-Car,Non-incapacitating,FAILURE TO YIELD RIGHT OF WAY,GRIMES & WALNUT ST,39.1542,-86.533799
2006,11,7,Weekend,1600,Pedestrian,Non-incapacitating,UNSAFE BACKING,S COLLEGE MALL RD,39.15412578,-86.49786768
2006,4,5,Weekday,0,2-Car,No injury/unknown,UNSAFE BACKING,DAVIS & WASHINGTON ST,39.15407734,-86.5324
2006,11,1,Weekend,1700,2-Car,No injury/unknown,GLARE,COVENANTER DR & PICKWICK,39.154,-86.50658602
2006,4,2,Weekday,1800,Moped/Motorcycle,Incapacitating,ALCOHOLIC BEVERAGES,FAIRVIEW & PATTERSON DR,39.1539,-86.54170246
2006,9,3,Weekday,800,2-Car,Non-incapacitating,FOLLOWING TOO CLOSELY,FAIRVIEW AVE & PATTERSON DR DR,39.1539,-86.541699
2006,11,2,Weekday,700,Bus,No injury/unknown,LEFT OF CENTER,FAIRVIEW & PATTERSON AVE,39.1539,-86.54168169
2006,5,7,Weekend,2100,2-Car,No injury/unknown,OTHER (DRIVER) - EXPLAIN IN NARRATIVE,PATTERSON & ROGERS ST,39.153899,-86.538699
2006,8,6,Weekday,1500,2-Car,No injury/unknown,FAILURE TO YIELD RIGHT OF WAY,PATTERSON & ROGERS ST,39.153899,-86.538699
2006,4,1,Weekend,100,1-Car,No injury/unknown,ALCOHOLIC BEVERAGES,E COVENANTER DR,39.15389,-86.492678
2006,9,3,Weekday,1400,2-Car,No injury/unknown,OTHER (VEHICLE) - EXPLAIN IN NARRATIVE,S WALNUT ST,39.15388669,-86.5336
2006,3,6,Weekend,2200,2-Car,Non-incapacitating,DRIVER DISTRACTED - EXPLAIN IN NARRATIVE,PATTERSON DRS & ROGERS,39.1538,-86.541099
2006,4,4,Weekday,700,2-Car,No injury/unknown,FOLLOWING TOO CLOSELY,PATTERSON DR & ROGERS,39.1538,-86.54108169
2006,6,3,Weekday,1700,2-Car,Non-incapacitating,LEFT OF CENTER,PATTERSON DR & ROGERS,39.1538,-86.541099