Year,Month,Day,Weekend?,Hour,Collision Type,Injury Type,Primary Factor,Reported_Location,Latitude,Longitude
2006,8,3,Weekday,1100,2-Car,Non-incapacitating,FAILURE TO YIELD RIGHT OF WAY,SR37S & STATE ROAD 45 WEST,39.14741364,-86.57320781
2006,12,6,Weekend,2100,1-Car,Non-incapacitating,OVERCORRECTING/OVERSTEERING,2ND & SR37S,39.14741364,-86.57320781
2006,11,1,Weekend,1300,2-Car,No injury/unknown,FAILURE TO YIELD RIGHT OF WAY,S OAKDALE & S OAKDALE DR,39.147168,-86.570624
2006,8,1,Weekday,2200,2-Car,No injury/unknown,UNSAFE BACKING,E MILLER DR,39.147152,-86.526896
2006,11,7,Weekend,800,1-Car,No injury/unknown,RAN OFF ROAD RIGHT,E MILLER DR,39.147152,-86.526896
2006,10,2,Weekday,800,2-Car,No injury/unknown,OTHER (DRIVER) - EXPLAIN IN NARRATIVE,S SARE ROAD RD,39.147072,-86.498944
2006,12,6,Weekday,700,Cyclist,Non-incapacitating,FAILURE TO YIELD RIGHT OF WAY,S SARE RD,39.147072,-86.498944
2006,10,3,Weekday,1500,2-Car,No injury/unknown,FOLLOWING TOO CLOSELY,CURRY PIKE & ROLL,39.14702801,-86.582592
2006,4,5,Weekday,1100,2-Car,Non-incapacitating,FOLLOWING TOO CLOSELY,HENDERSON ST & MILLER,39.147021,-86.526899
2006,3,3,Weekday,600,2-Car,No injury/unknown,FAILURE TO YIELD RIGHT OF WAY,SR 37 & SR45W,39.14698676,-86.57320781
2006,1,4,Weekday,1200,2-Car,No injury/unknown,UNSAFE BACKING,BLOOMINGTON REHAB & MILLER,39.14695235,-86.53231717
2006,4,5,Weekday,600,2-Car,No injury/unknown,IMPROPER LANE USAGE,E MILLER & S WALNUT ST,39.146944,-86.532544
2006,6,7,Weekend,1200,2-Car,No injury/unknown,DRIVER DISTRACTED - EXPLAIN IN NARRATIVE,E MILLER DR & N WALNUT,39.146944,-86.532544
2006,7,1,Weekday,2200,2-Car,No injury/unknown,UNSAFE BACKING,E MILLER DR,39.146944,-86.532544
2006,8,2,Weekday,1500,2-Car,No injury/unknown,FOLLOWING TOO CLOSELY,MILLER & WALNUT ST,39.146944,-86.532544
2006,11,2,Weekday,1400,2-Car,No injury/unknown,FAILURE TO YIELD RIGHT OF WAY,E MILLER & S WALNUT ST,39.146944,-86.532544
2006,12,5,Weekday,1700,2-Car,No injury/unknown,FAILURE TO YIELD RIGHT OF WAY,SR37,39.14681715,-86.57459372
2006,10,2,Weekday,800,2-Car,No injury/unknown,OTHER (DRIVER) - EXPLAIN IN NARRATIVE,HENDERSON ST & MILLER,39.14660276,-86.52688456
2006,2,7,Weekend,800,1-Car,No injury/unknown,ROADWAY SURFACE CONDITION,ROCKPORT & ROGERS,39.146448,-86.5388
2006,4,4,Weekday,1300,2-Car,Non-incapacitating,FAILURE TO YIELD RIGHT OF WAY,CHAMBERS & ROGERS ST,39.146448,-86.5388
2006,11,1,Weekday,1900,2-Car,No injury/unknown,DRIVER DISTRACTED - EXPLAIN IN NARRATIVE,MILLER & WALNUT ST,39.14640902,-86.53238389
2006,10,7,Weekend,2100,1-Car,No injury/unknown,OTHER (DRIVER) - EXPLAIN IN NARRATIVE,ROCKPORT AND HENNESSY & ROCKPORT RD,39.14621727,-86.53899134
2006,11,6,Weekday,100,1-Car,No injury/unknown,RAN OFF ROAD RIGHT,OLCOTT BLVD & WINSTON,39.146,-86.48570332
2006,2,7,Weekend,,1-Car,Non-incapacitating,ALCOHOLIC BEVERAGES,MCCARTNEY & SARE,39.14587002,-86.49752248
2006,6,1,Weekend,1700,2-Car,No injury/unknown,DRIVER ILLNESS,S WALNUT ST,39.145848,-86.532216
2006,1,6,Weekend,2000,1-Car,No injury/unknown,UNSAFE SPEED,WAPHANEI & WEIMER RD,39.145699,-86.563895
2006,10,6,Weekday,1500,2-Car,No injury/unknown,FOLLOWING TOO CLOSELY,LIBERTY & SR45W,39.14563768,-86.57674521
2006,3,3,Weekday,1200,2-Car,No injury/unknown,FAILURE TO YIELD RIGHT OF WAY,LIBERTY DR & SR45S,39.14542545,-86.5776316
2006,3,3,Weekday,900,2-Car,No injury/unknown,FAILURE TO YIELD RIGHT OF WAY,W SR 45 HWY,39.145405,-86.576958
2006,4,2,Weekday,1400,2-Car,Non-incapacitating,DRIVER DISTRACTED - EXPLAIN IN NARRATIVE,WEST STATE ROAD 45 ST,39.145405,-86.576958
2006,9,6,Weekday,1400,2-Car,Non-incapacitating,DRIVER DISTRACTED - EXPLAIN IN NARRATIVE,LIBERTY & SR45W,39.14539484,-86.57717261
2006,9,3,Weekday,1200,2-Car,No injury/unknown,OTHER (DRIVER) - EXPLAIN IN NARRATIVE,3205 W  SR  45 RTE,39.145387,-86.576987
2006,12,5,Weekday,1600,2-Car,No injury/unknown,UNSAFE BACKING,W SR 45 RD,39.145387,-86.576987
2006,6,3,Weekday,2000,2-Car,No injury/unknown,IMPROPER TURNING,S LIBERTY ST,39.145264,-86.577616
2006,9,5,Weekday,1500,2-Car,No injury/unknown,UNSAFE BACKING,S LIBERTY DR,39.145264,-86.577616
2006,10,1,Weekday,1900,2-Car,No injury/unknown,OTHER (DRIVER) - EXPLAIN IN NARRATIVE,S LIBERTY DR,39.145264,-86.577616
2006,12,6,Weekday,800,1-Car,No injury/unknown,RAN OFF ROAD RIGHT,LIBERTY DR,39.145208,-86.577608
2006,11,7,Weekend,2100,1-Car,No injury/unknown,ANIMAL/OBJECT IN ROADWAY,SARE RD & WINSTON,39.1452,-86.497099
2006,1,3,Weekday,1300,2-Car,No injury/unknown,IMPROPER LANE USAGE,LIBERTY & SR45,39.145152,-86.5776
2006,2,2,Weekday,1500,2-Car,Non-incapacitating,FAILURE TO YIELD RIGHT OF WAY,LIBERTY & SR45,39.145152,-86.5776
2006,3,6,Weekday,1600,2-Car,No injury/unknown,OTHER (DRIVER) - EXPLAIN IN NARRATIVE,LIBERTY & SR45,39.145152,-86.5776
2006,3,3,Weekday,1200,2-Car,No injury/unknown,FAILURE TO YIELD RIGHT OF WAY,HICKORY LEAF & SR45W,39.145152,-86.5776
2006,4,1,Weekend,1600,2-Car,Non-incapacitating,FAILURE TO YIELD RIGHT OF WAY,LIBERTY & SR45W,39.145152,-86.5776
2006,8,7,Weekend,1100,2-Car,No injury/unknown,OTHER (DRIVER) - EXPLAIN IN NARRATIVE,LIBERTY & SR45S,39.145152,-86.5776
2006,8,4,Weekday,1500,2-Car,No injury/unknown,OTHER (DRIVER) - EXPLAIN IN NARRATIVE,LIBERTY DR & SR45W,39.145152,-86.5776
2006,8,5,Weekday,2200,Moped/Motorcycle,No injury/unknown,FAILURE TO YIELD RIGHT OF WAY,LIBERTY & SR45W,39.145152,-86.5776
2006,10,4,Weekday,1600,3+ Cars,No injury/unknown,FOLLOWING TOO CLOSELY,LIBERTY & SR45S,39.145152,-86.5776
2006,5,2,Weekday,800,2-Car,No injury/unknown,OTHER (DRIVER) - EXPLAIN IN NARRATIVE,EMINENCE WAY RD,39.145102,-86.522596
2006,3,4,Weekday,800,2-Car,No injury/unknown,ROADWAY SURFACE CONDITION,SOUTH WALNUT ST,39.145073,-86.532005
2006,3,6,Weekday,1300,1-Car,Non-incapacitating,SPEED TOO FAST FOR WEATHER CONDITIONS,SOUTH WALNUT ST,39.145073,-86.532005
2006,9,4,Weekday,1100,2-Car,No injury/unknown,,S WALUNT AVE,39.145073,-86.532005
2006,4,6,Weekend,1900,2-Car,Non-incapacitating,FAILURE TO YIELD RIGHT OF WAY,HENDERSON ST & NORTH,39.144848,-86.526848
2006,11,5,Weekday,1400,2-Car,No injury/unknown,FAILURE TO YIELD RIGHT OF WAY,NORTH & S HENDERSON ST,39.144848,-86.526848
2006,4,4,Weekday,1400,2-Car,No injury/unknown,FOLLOWING TOO CLOSELY,NORTH DR & S WALNUT,39.144752,-86.531888
2006,11,1,Weekend,1300,2-Car,No injury/unknown,FOLLOWING TOO CLOSELY,LIBERTY & SR45,39.14468058,-86.57846786
2006,3,5,Weekday,1100,2-Car,Non-incapacitating,FOLLOWING TOO CLOSELY,S CURRY & SR45,39.14466284,-86.57850052
2006,5,2,Weekday,2200,2-Car,No injury/unknown,FOLLOWING TOO CLOSELY,HENDERSON ST & WYLIE FARM,39.144601,-86.526999
2006,5,7,Weekend,1600,2-Car,Non-incapacitating,DISREGARD SIGNAL/REG SIGN,HENDERSON ST & SOUTH,39.144601,-86.526999
2006,12,4,Weekday,600,1-Car,No injury/unknown,ANIMAL/OBJECT IN ROADWAY,E MOORES & SR446S,39.14435712,-86.46911156
2006,12,3,Weekday,2100,Pedestrian,Non-incapacitating,OTHER (DRIVER) - EXPLAIN IN NARRATIVE,JED & ROGERS ST,39.14415424,-86.538704
2006,11,5,Weekday,100,2-Car,No injury/unknown,ALCOHOLIC BEVERAGES,WIMBLETON ST,39.144101,-86.50827
2006,12,6,Weekday,1600,3+ Cars,Non-incapacitating,DRIVER DISTRACTED - EXPLAIN IN NARRATIVE,CURRY PIKE & INDUSTRIAL,39.14408266,-86.582592
2006,8,7,Weekend,900,2-Car,No injury/unknown,FAILURE TO YIELD RIGHT OF WAY,COLLEGE AVE & MATLOCK,39.144004,-86.53454894
2006,1,6,Weekday,1200,2-Car,No injury/unknown,,SUDBURY,39.14398489,-86.56113713
2006,6,5,Weekday,1800,2-Car,No injury/unknown,IMPROPER TURNING,CURRY PIKE & INDUSTRIAL,39.143808,-86.582592
2006,10,4,Weekday,2000,2-Car,No injury/unknown,FOLLOWING TOO CLOSELY,INDUSTRIAL & SR45,39.143552,-86.580528
2006,11,4,Weekday,1500,2-Car,No injury/unknown,DISREGARD SIGNAL/REG SIGN,INDUSTRIAL & SR45W,39.143552,-86.580528
2006,5,6,Weekday,1500,2-Car,No injury/unknown,IMPROPER PASSING,3RD & LIBERTY DR,39.14345012,-86.5791
2006,8,3,Weekday,1500,2-Car,No injury/unknown,UNSAFE BACKING,FACULTY AVE & THIRD,39.14315028,-86.521099
2006,12,4,Weekday,1800,3+ Cars,No injury/unknown,FOLLOWING TOO CLOSELY,INDUSTRIAL & SR45W,39.14298902,-86.58130062
2006,10,5,Weekday,700,2-Car,No injury/unknown,OTHER (DRIVER) - EXPLAIN IN NARRATIVE,LEONARD SPRING & SR 45,39.14298632,-86.58130433
2006,8,5,Weekday,1600,2-Car,No injury/unknown,FAILURE TO YIELD RIGHT OF WAY,BENT TREE LN & WYLIE FARMS,39.142801,-86.521699
2006,3,4,Weekday,2000,2-Car,No injury/unknown,OTHER (DRIVER) - EXPLAIN IN NARRATIVE,WALNUT STREET ST,39.142555,-86.531238
2006,5,6,Weekday,1300,2-Car,No injury/unknown,UNSAFE SPEED,S WALNUT ST,39.142555,-86.531238
2006,8,3,Weekday,1400,2-Car,No injury/unknown,UNSAFE BACKING,S WALNUT ST,39.142555,-86.531238
2006,9,4,Weekday,1600,2-Car,No injury/unknown,UNSAFE BACKING,S WALNUT ST,39.142555,-86.531238
2006,10,3,Weekday,1000,3+ Cars,No injury/unknown,UNSAFE BACKING,S WALNUT ST,39.142555,-86.531238
2006,10,2,Weekday,800,2-Car,No injury/unknown,OTHER (DRIVER) - EXPLAIN IN NARRATIVE,S WALNUT ST,39.142555,-86.531238
2006,12,6,Weekend,2000,2-Car,No injury/unknown,UNSAFE BACKING,S WALNUT ST,39.142555,-86.531238
2006,5,6,Weekday,200,1-Car,No injury/unknown,ANIMAL/OBJECT IN ROADWAY,SR37S & TAPP,39.14253292,-86.57296249
2006,9,1,Weekday,2100,1-Car,No injury/unknown,ALCOHOLIC BEVERAGES,HAYS CT & ROGERS,39.1425,-86.53887304
2006,2,6,Weekday,1400,2-Car,Non-incapacitating,UNSAFE BACKING,HENDERSON & SOUTH DR,39.14206512,-86.53034354
2006,11,2,Weekday,700,Bus,No injury/unknown,DRIVER DISTRACTED - EXPLAIN IN NARRATIVE,SOUTH DR & SOUTH WALNUT,39.14205205,-86.53091173
2006,3,2,Weekday,700,2-Car,No injury/unknown,DRIVER DISTRACTED - EXPLAIN IN NARRATIVE,SOUTH DR,39.142048,-86.531088
2006,3,3,Weekday,2000,2-Car,Non-incapacitating,DRIVER DISTRACTED - EXPLAIN IN NARRATIVE,45 & CURRY PIKE,39.142048,-86.582592
2006,5,4,Weekday,700,2-Car,No injury/unknown,FAILURE TO YIELD RIGHT OF WAY,LEONARD SPRINGS & SR45W,39.142048,-86.582592
2006,7,4,Weekday,800,2-Car,No injury/unknown,DISREGARD SIGNAL/REG SIGN,LEONARD SPRINGS & SR45W,39.142048,-86.582592
2006,8,6,Weekday,1400,2-Car,No injury/unknown,OTHER (DRIVER) - EXPLAIN IN NARRATIVE,SOUTH & SOUTH WALNUT ST,39.142048,-86.531088
2006,8,4,Weekday,1700,2-Car,Non-incapacitating,FAILURE TO YIELD RIGHT OF WAY,LEONARD SPRINGS & SR45W,39.142048,-86.582592
2006,10,6,Weekday,1800,2-Car,Non-incapacitating,FOLLOWING TOO CLOSELY,LEONARD SPRINGS & SR45W,39.142048,-86.582592
2006,10,4,Weekday,700,2-Car,Non-incapacitating,SPEED TOO FAST FOR WEATHER CONDITIONS,LEONARD SPRINGS ROAD & SR45W,39.142048,-86.582592
2006,10,2,Weekday,1600,1-Car,No injury/unknown,,CURRY & SR45E,39.142048,-86.582592
2006,12,2,Weekday,1700,2-Car,No injury/unknown,FAILURE TO YIELD RIGHT OF WAY,LEONARD SPRINGS & SR45W,39.142048,-86.582592
2006,2,4,Weekday,1500,2-Car,No injury/unknown,FAILURE TO YIELD RIGHT OF WAY,CURRY & SR45,39.14202472,-86.58263565
2006,4,4,Weekday,1600,2-Car,No injury/unknown,FAILURE TO YIELD RIGHT OF WAY,LEONARD SPRINGS & SR45W,39.1419316,-86.58281025
2006,3,4,Weekday,1500,3+ Cars,Non-incapacitating,ALCOHOLIC BEVERAGES,LEONARD SPRINGS & SR 45 HWY,39.14191534,-86.582572
2006,5,4,Weekday,1100,2-Car,Non-incapacitating,DRIVER DISTRACTED - EXPLAIN IN NARRATIVE,HIGHWAY 45 & LEONARD SPRINGS RD,39.141901,-86.582599
2006,7,7,Weekend,1000,2-Car,No injury/unknown,FAILURE TO YIELD RIGHT OF WAY,CURRY & SR45,39.14190028,-86.58288973
2006,4,1,Weekend,1300,2-Car,No injury/unknown,OTHER (DRIVER) - EXPLAIN IN NARRATIVE,LEONARD SPRINGS & SR 45,39.14190028,-86.58288973
2006,4,1,Weekend,1300,2-Car,No injury/unknown,OTHER (VEHICLE) - EXPLAIN IN NARRATIVE,LEONARD SPRINGS & SR 45,39.14190028,-86.58288973
2006,5,3,Weekday,900,2-Car,No injury/unknown,IMPROPER PASSING,LEONARD SPRINGS & SR 45,39.14184487,-86.58305191
2006,4,1,Weekend,1300,2-Car,No injury/unknown,DRIVER DISTRACTED - EXPLAIN IN NARRATIVE,CURRY & SR45S,39.14179032,-86.58321159
2006,9,5,Weekday,1200,2-Car,No injury/unknown,OTHER (DRIVER) - EXPLAIN IN NARRATIVE,COOLIDGE DR,39.14140931,-86.5409871
2006,6,3,Weekday,1700,2-Car,Non-incapacitating,FAILURE TO YIELD RIGHT OF WAY,COOLIDGE & ROGERS ST,39.141328,-86.538528
2006,12,5,Weekday,1700,2-Car,No injury/unknown,FAILURE TO YIELD RIGHT OF WAY,HENDERSON ST & WINSLOW,39.14132537,-86.526899
2006,12,6,Weekday,0,2-Car,No injury/unknown,ALCOHOLIC BEVERAGES,WEST COOLIDGE ST,39.1413,-86.542287
2006,5,6,Weekday,1600,2-Car,No injury/unknown,FAILURE TO YIELD RIGHT OF WAY,BLUE RIDGE & WALNUT ST,39.14099123,-86.533397
2006,7,5,Weekday,1400,1-Car,Non-incapacitating,TIRE FAILURE OR DEFECTIVE,LEONARD SPGS & WALNUT LEAF,39.140352,-86.582576
2006,11,5,Weekday,1200,2-Car,No injury/unknown,FAILURE TO YIELD RIGHT OF WAY,LEONARD SPRINGS RD & WALNUT LEAF DR DR,39.140352,-86.582576
2006,4,3,Weekday,800,Bus,Incapacitating,SPEED TOO FAST FOR WEATHER CONDITIONS,GRAHAM DRIVE & ROCKPORT ROAD RD,39.140144,-86.54496
2006,4,7,Weekend,800,2-Car,No injury/unknown,OTHER (DRIVER) - EXPLAIN IN NARRATIVE,GRAHAM DR,39.13994547,-86.53910367
2006,10,4,Weekday,1700,Bus,No injury/unknown,FAILURE TO YIELD RIGHT OF WAY,GRAHAM & MADISON ST,39.139888,-86.537328
2006,6,2,Weekday,400,1-Car,No injury/unknown,ANIMAL/OBJECT IN ROADWAY,SR37S & TAPP,39.13974526,-86.5729294
2006,1,4,Weekday,1700,2-Car,No injury/unknown,FAILURE TO YIELD RIGHT OF WAY,2ND & COLLEGE,39.13968815,-86.534928
2006,9,5,Weekday,600,1-Car,Incapacitating,OTHER (DRIVER) - EXPLAIN IN NARRATIVE,GRAHAM DRIVE & S HENDERSON STREET ST,39.139584,-86.526768
2006,10,2,Weekday,1400,2-Car,No injury/unknown,IMPROPER TURNING,S HENDERSON ST & W GRAHAM,39.139584,-86.526768
2006,1,2,Weekday,1300,2-Car,No injury/unknown,IMPROPER PASSING,GRAHAM PL & HENDERSON,39.13956262,-86.5248965
2006,1,6,Weekday,700,1-Car,Non-incapacitating,OTHER (DRIVER) - EXPLAIN IN NARRATIVE,HIGHLAND,39.13948038,-86.51762373
2006,9,2,Weekday,1000,2-Car,No injury/unknown,OTHER (DRIVER) - EXPLAIN IN NARRATIVE,SO  HIGHLAND AVE,39.13948038,-86.51762373
2006,9,2,Weekday,1200,2-Car,No injury/unknown,OTHER (DRIVER) - EXPLAIN IN NARRATIVE,SO HIGHLAND AVE,39.13948038,-86.51762373
2006,6,4,Weekday,1400,2-Car,No injury/unknown,OTHER (DRIVER) - EXPLAIN IN NARRATIVE,ELM LEAF & MAPLE LEAF,39.139304,-86.5774013
2006,2,3,Weekday,800,1-Car,No injury/unknown,PEDESTRIAN ACTION,BLOOMFIELD & ROLLING RIDGE WAY,39.13894231,-86.563099
2006,8,4,Weekday,800,1-Car,Non-incapacitating,OVERCORRECTING/OVERSTEERING,INGRAM & OLD SR 37,39.138688,-86.465968
2006,7,2,Weekday,1000,2-Car,No injury/unknown,FOLLOWING TOO CLOSELY,E ROGERS & S SARE RD,39.138601,-86.496595
2006,8,6,Weekday,1200,3+ Cars,Non-incapacitating,BRAKE FAILURE OR DEFECTIVE,SR37 & TAPP,39.1384127,-86.57291295
2006,8,5,Weekday,1600,1-Car,Non-incapacitating,OTHER (DRIVER) - EXPLAIN IN NARRATIVE,TAPP & WEIMER RD,39.13788528,-86.56202321
2006,7,6,Weekday,1700,1-Car,Non-incapacitating,OTHER (DRIVER) - EXPLAIN IN NARRATIVE,MADISON ST & WATSON,39.13788499,-86.53714916
2006,8,5,Weekday,1300,2-Car,No injury/unknown,OTHER (DRIVER) - EXPLAIN IN NARRATIVE,WINSLOW CT,39.137776,-86.524004
2006,11,4,Weekday,1200,2-Car,No injury/unknown,DRIVER DISTRACTED - EXPLAIN IN NARRATIVE,2495 SOUTH WALNUT STREET PIKE & WALNUT PIKE,39.137744,-86.530288
2006,2,1,,,2-Car,No injury/unknown,UNSAFE BACKING,WINSLOW CT,39.13744686,-86.52401429
2006,11,5,Weekday,1300,Pedestrian,Incapacitating,OTHER (DRIVER) - EXPLAIN IN NARRATIVE,MOSS CREEK DR,39.137365,-86.520777
2006,2,6,Weekday,1100,2-Car,No injury/unknown,FAILURE TO YIELD RIGHT OF WAY,WALNUT,39.13736,-86.529904
2006,8,2,Weekday,1500,2-Car,No injury/unknown,FAILURE TO YIELD RIGHT OF WAY,S WALNUT ST,39.13736,-86.529904
2006,12,3,Weekday,1600,2-Car,No injury/unknown,FAILURE TO YIELD RIGHT OF WAY,SOUTH WALNUT ST,39.13736,-86.529904
2006,6,7,Weekend,1200,2-Car,No injury/unknown,FAILURE TO YIELD RIGHT OF WAY,AIRPORT & SR45,39.13735081,-86.59294972
2006,1,3,Weekday,1600,2-Car,Non-incapacitating,SPEED TOO FAST FOR WEATHER CONDITIONS,LEONARD SPRINGS & TAPP,39.1373,-86.582599
2006,4,3,Weekday,1600,2-Car,Non-incapacitating,OTHER (VEHICLE) - EXPLAIN IN NARRATIVE,SR 37 & TAPP,39.13724591,-86.57289854
2006,4,7,Weekend,1200,2-Car,No injury/unknown,OTHER (DRIVER) - EXPLAIN IN NARRATIVE,E WEXLEY RD & SO HIGH,39.137168,-86.508112
2006,6,2,Weekday,1200,2-Car,No injury/unknown,DRIVER ASLEEP OR FATIGUED,AIRPORT & SR 45,39.13709941,-86.59337086
2006,5,5,Weekday,900,2-Car,No injury/unknown,FAILURE TO YIELD RIGHT OF WAY,SOUTH WALNUT ST,39.137093,-86.530738
2006,11,2,Weekday,1600,1-Car,No injury/unknown,OVERCORRECTING/OVERSTEERING,AIRPORT RD & GARRISON CHPL,39.13704002,-86.64212664
2006,9,2,Weekday,2100,2-Car,Non-incapacitating,OTHER (ENVIRONMENTAL) - EXPLAIN IN NARR,LEONARD SPRINGS RD & TAPP,39.13704,-86.582512
2006,5,4,Weekday,1800,2-Car,Non-incapacitating,FOLLOWING TOO CLOSELY,SR37 & TAPP,39.13704,-86.572896
2006,8,6,Weekday,1200,2-Car,No injury/unknown,FOLLOWING TOO CLOSELY,S LEONARD SPRING & W TAPP,39.13704,-86.582512
2006,10,4,Weekday,1500,3+ Cars,Non-incapacitating,SPEED TOO FAST FOR WEATHER CONDITIONS,SR37 & TAPP,39.13704,-86.572896
2006,10,3,Weekday,1600,2-Car,Non-incapacitating,FAILURE TO YIELD RIGHT OF WAY,SR37 & TAPP,39.13704,-86.572896
2006,9,4,Weekday,1700,2-Car,No injury/unknown,DRIVER DISTRACTED - EXPLAIN IN NARRATIVE,TAPP RD & YONKERS,39.13704,-86.575296
2006,3,3,Weekday,800,2-Car,Non-incapacitating,OTHER (DRIVER) - EXPLAIN IN NARRATIVE,3711 W TAPP & W TAPP RD,39.13704,-86.572896
2006,11,3,Weekday,1600,2-Car,Non-incapacitating,LEFT OF CENTER,LEONARD SPRINGS AVE & TAPP,39.13704,-86.582512
2006,9,1,Weekend,1200,3+ Cars,No injury/unknown,OTHER (DRIVER) - EXPLAIN IN NARRATIVE,AIRPORT & SR45,39.1369737,-86.59358143
2006,11,6,Weekday,900,2-Car,Non-incapacitating,DRIVER ASLEEP OR FATIGUED,AIRPORT RD & KIRBY,39.136848,-86.610192
2006,9,2,Weekday,1500,3+ Cars,No injury/unknown,SPEED TOO FAST FOR WEATHER CONDITIONS,SR37S & TAPP,39.13676196,-86.57295509
2006,10,4,Weekday,800,2-Car,No injury/unknown,SPEED TOO FAST FOR WEATHER CONDITIONS,SR37S & TAPP,39.13676196,-86.57295509
2006,11,5,Weekday,1400,2-Car,No injury/unknown,DISREGARD SIGNAL/REG SIGN,SR37 & TAPP,39.13676196,-86.57295509
2006,12,6,Weekday,1500,2-Car,No injury/unknown,IMPROPER LANE USAGE,SR37 & TAPP,39.13676196,-86.57295509
2006,6,6,Weekday,1700,Pedestrian,No injury/unknown,OTHER (DRIVER) - EXPLAIN IN NARRATIVE,S WINSLOW CT,39.13659785,-86.52383906
2006,3,4,Weekday,1200,2-Car,No injury/unknown,VIEW OBSTRUCTED,WALNUT ST & WINSLOW,39.13657739,-86.52912139
2006,6,5,Weekday,1500,2-Car,No injury/unknown,LEFT OF CENTER,TAPP RD & WEIMER,39.1365261,-86.56148746
2006,7,5,Weekday,1700,2-Car,No injury/unknown,FOLLOWING TOO CLOSELY,TAPP RD & WEIMER,39.136512,-86.562016
2006,12,5,Weekday,1100,2-Car,Non-incapacitating,FAILURE TO YIELD RIGHT OF WAY,TAPP RD & WEIMER,39.136512,-86.562016
2006,12,4,Weekday,1100,2-Car,Non-incapacitating,FAILURE TO YIELD RIGHT OF WAY,TAPP RD & WEIMER,39.136512,-86.562016
2006,6,1,Weekend,900,2-Car,No injury/unknown,OTHER (DRIVER) - EXPLAIN IN NARRATIVE,TAPP RD & WEIMER,39.1365,-86.56180998
2006,10,6,Weekday,700,2-Car,No injury/unknown,FOLLOWING TOO CLOSELY,ADAMS & TAPP RD,39.136466,-86.553348
2006,12,4,Weekday,1500,2-Car,No injury/unknown,OTHER (DRIVER) - EXPLAIN IN NARRATIVE,ROCKPORT & TAPP RD,39.136448,-86.548704
2006,9,6,Weekday,1100,2-Car,No injury/unknown,FAILURE TO YIELD RIGHT OF WAY,HENDERSON ST & WINSLOW,39.13641861,-86.52679346
2006,5,5,Weekday,1700,2-Car,Non-incapacitating,FOLLOWING TOO CLOSELY,ADAMS & TAPP RD,39.136404,-86.55160766
2006,10,4,Weekday,1600,2-Car,No injury/unknown,OTHER (DRIVER) - EXPLAIN IN NARRATIVE,ADAMS & TAPP RD,39.136404,-86.551599
2006,12,3,Weekday,1200,2-Car,No injury/unknown,LEFT OF CENTER,1600 TAPP RD & S ADAMS,39.13639655,-86.55187848
2006,2,4,Weekday,1700,2-Car,No injury/unknown,FAILURE TO YIELD RIGHT OF WAY,HENDERSON & WINSLOW,39.13634988,-86.5267951
2006,6,7,Weekend,1300,2-Car,No injury/unknown,OTHER (DRIVER) - EXPLAIN IN NARRATIVE,BANTA & COUNTRY CLUB DR,39.13631634,-86.54494432
2006,8,5,Weekday,1700,2-Car,No injury/unknown,UNSAFE BACKING,COUNTRY CLUB DR,39.13630593,-86.5446472
2006,6,2,Weekday,1900,2-Car,No injury/unknown,SPEED TOO FAST FOR WEATHER CONDITIONS,ROCKPORT & TAPP RD,39.136304,-86.548799
2006,10,1,Weekend,1500,2-Car,No injury/unknown,FAILURE TO YIELD RIGHT OF WAY,PINE HURST & TAPP RD,39.136304,-86.548799
2006,12,2,Weekday,1600,2-Car,No injury/unknown,FAILURE TO YIELD RIGHT OF WAY,BANTA & COUNTRY CLUB DR,39.136304,-86.544592
2006,12,1,Weekday,2300,1-Car,Incapacitating,RAN OFF ROAD RIGHT,COUNTRY CLUB DR & S BANTA,39.136304,-86.544592
2006,1,4,Weekday,1100,2-Car,No injury/unknown,OTHER (DRIVER) - EXPLAIN IN NARRATIVE,BANTA & COUNTRY CLUB DR,39.13629479,-86.54430867
2006,9,5,Weekday,900,1-Car,Non-incapacitating,RAN OFF ROAD RIGHT,BANTA & COUNTRY CLUB DR,39.13623523,-86.54247781
2006,8,4,Weekday,2200,2-Car,No injury/unknown,UNSAFE SPEED,1004 COUNTRY CLUB DRIVE,39.136206,-86.544854
2006,4,5,Weekday,2000,1-Car,No injury/unknown,RAN OFF ROAD RIGHT,COUNTRY CLUB DR & ROCKPORT,39.136204,-86.54492982
2006,5,4,Weekday,700,1-Car,Non-incapacitating,DRIVER DISTRACTED - EXPLAIN IN NARRATIVE,COUNTRY CLUB RD & ROCKPORT,39.136204,-86.54505963
2006,10,5,Weekday,1600,2-Car,Non-incapacitating,FAILURE TO YIELD RIGHT OF WAY,COUNTRY CLUB RD & SOUTH ROCKPORT,39.136204,-86.54477404
2006,3,4,Weekday,1400,1-Car,Non-incapacitating,OTHER (VEHICLE) - EXPLAIN IN NARRATIVE,COUNTRY CLUB DR & MADISON,39.13617134,-86.54051504
2006,2,6,,,1-Car,No injury/unknown,CELL PHONE USAGE,ROGERS RD & WINSLOW,39.13615408,-86.50817529
2006,1,3,Weekday,1200,2-Car,No injury/unknown,FAILURE TO YIELD RIGHT OF WAY,WALNUT STREET & WINSLOW RD,39.136144,-86.528688
2006,1,3,Weekday,1200,2-Car,No injury/unknown,FOLLOWING TOO CLOSELY,WALNUT & WINSLOW,39.136144,-86.528688
2006,1,7,Weekend,0,2-Car,Non-incapacitating,DRIVER DISTRACTED - EXPLAIN IN NARRATIVE,WALNUT & WINSLOW,39.136144,-86.528688