Year,Month,Day,Weekend?,Hour,Collision Type,Injury Type,Primary Factor,Reported_Location,Latitude,Longitude
2006,11,6,Weekday,500,2-Car,No injury/unknown,DISREGARD SIGNAL/REG SIGN,WALNUT ST & WINSLOW,39.136144,-86.528688
2006,2,6,Weekday,1400,2-Car,Non-incapacitating,UNSAFE BACKING,WALNUT & WINSLOW RD,39.136144,-86.528688
2006,3,3,Weekday,1700,2-Car,Non-incapacitating,FAILURE TO YIELD RIGHT OF WAY,E WINSLOW RD & S WALNUT ST,39.136144,-86.528688
2006,3,5,Weekday,1000,2-Car,No injury/unknown,OTHER (DRIVER) - EXPLAIN IN NARRATIVE,S  WALNUT ST & WINSLOW,39.136144,-86.528688
2006,4,2,Weekday,1500,2-Car,Non-incapacitating,FOLLOWING TOO CLOSELY,FAIRINGTON & LEONARD SPRINGS DR,39.136144,-86.582496
2006,5,2,Weekday,1800,3+ Cars,Non-incapacitating,FOLLOWING TOO CLOSELY,WALNUT STREET & WINSLOW RD,39.136144,-86.528688
2006,5,4,Weekday,1700,Moped/Motorcycle,Non-incapacitating,OTHER (DRIVER) - EXPLAIN IN NARRATIVE,WALNUT STREET & WINSLOW RD,39.136144,-86.5284764
2006,5,6,Weekday,700,2-Car,Non-incapacitating,OTHER (DRIVER) - EXPLAIN IN NARRATIVE,SOUTH WALNUT ST & WINSLOW,39.136144,-86.528688
2006,5,1,Weekend,1100,3+ Cars,No injury/unknown,FOLLOWING TOO CLOSELY,HENDERSON & WINSLOW RD,39.136144,-86.5268
2006,5,6,Weekend,2200,2-Car,No injury/unknown,FOLLOWING TOO CLOSELY,HENDERSON & WINSLOW RD,39.136144,-86.5268
2006,5,2,Weekday,2300,1-Car,Non-incapacitating,DRIVER DISTRACTED - EXPLAIN IN NARRATIVE,WALNUT STREET PIKE & WINSLOW,39.136144,-86.528688
2006,6,5,Weekday,2000,2-Car,Non-incapacitating,FAILURE TO YIELD RIGHT OF WAY,WALNUT ST & WINSLOW,39.136144,-86.528688
2006,6,3,Weekday,1800,2-Car,No injury/unknown,UNSAFE BACKING,S WALNUT ST,39.136144,-86.528688
2006,6,6,Weekday,1300,2-Car,Non-incapacitating,FAILURE TO YIELD RIGHT OF WAY,WALNUT & WINSLOW RD,39.136144,-86.528688
2006,6,6,Weekday,1600,2-Car,Incapacitating,DRIVER ILLNESS,WALNUT ST & WINSLOW,39.136144,-86.528688
2006,6,7,Weekend,2000,2-Car,No injury/unknown,FAILURE TO YIELD RIGHT OF WAY,WALNUT ST & WINSLOW RD,39.136144,-86.528688
2006,6,4,Weekday,800,2-Car,No injury/unknown,FAILURE TO YIELD RIGHT OF WAY,WALNUT & WINSLOW RD,39.136144,-86.528688
2006,7,4,Weekday,800,1-Car,No injury/unknown,OTHER (DRIVER) - EXPLAIN IN NARRATIVE,E WINSLOW RD,39.136144,-86.524752
2006,8,1,Weekend,1800,2-Car,No injury/unknown,FAILURE TO YIELD RIGHT OF WAY,SOUTH WALNUT ST & WINSLOW,39.136144,-86.528688
2006,8,6,Weekday,1500,Cyclist,Non-incapacitating,OTHER (DRIVER) - EXPLAIN IN NARRATIVE,E WINSLOW & S WALNUT ST PIKE,39.136144,-86.528688
2006,8,2,Weekday,2200,2-Car,No injury/unknown,FAILURE TO YIELD RIGHT OF WAY,WALNUT STREET & WINSLOW RD,39.136144,-86.528688
2006,9,5,Weekday,1100,2-Car,Non-incapacitating,UNSAFE BACKING,SOUTH WALNUT ST & WINSLOW,39.136144,-86.528688
2006,10,1,Weekend,1600,2-Car,Non-incapacitating,FAILURE TO YIELD RIGHT OF WAY,WALNUT STEET & WINSLOW RD,39.136144,-86.528688
2006,12,3,Weekday,1200,2-Car,No injury/unknown,BRAKE FAILURE OR DEFECTIVE,SOUTH WALNUT & WINSLOW RD,39.136144,-86.528688
2006,7,4,Weekday,1400,2-Car,Non-incapacitating,FAILURE TO YIELD RIGHT OF WAY,SOUTH WALNUT & WINSLOW RD,39.13613036,-86.52780656
2006,7,6,Weekday,1300,2-Car,No injury/unknown,UNSAFE BACKING,E WINSLOW RD,39.136128,-86.5288
2006,12,6,Weekday,600,2-Car,No injury/unknown,FOLLOWING TOO CLOSELY,COUNTRY CLUB DR & MILTON,39.136128,-86.539184
2006,7,7,Weekend,1100,2-Car,No injury/unknown,FAILURE TO YIELD RIGHT OF WAY,S WALNUT & WINSLOW RD,39.1361266,-86.52763029
2006,8,4,Weekday,1400,2-Car,Non-incapacitating,BRAKE FAILURE OR DEFECTIVE,ROGERS & SARE RD,39.13611414,-86.49630964
2006,7,6,Weekday,1400,1-Car,No injury/unknown,ALCOHOLIC BEVERAGES,812 COUNTRY CLUB DR & S BANTA,39.136107,-86.54231127
2006,5,5,Weekday,900,2-Car,No injury/unknown,DRIVER DISTRACTED - EXPLAIN IN NARRATIVE,COUNTRY CLUB DR & ROGERS,39.1361033,-86.53862416
2006,4,4,Weekday,800,2-Car,No injury/unknown,BRAKE FAILURE OR DEFECTIVE,ALLENDALE & WINSLOW RD,39.136096,-86.516
2006,12,3,Weekday,1200,2-Car,No injury/unknown,DISREGARD SIGNAL/REG SIGN,ALLENDALE & WINSLOW RD,39.136096,-86.516
2006,8,5,Weekday,1100,2-Car,No injury/unknown,OTHER (DRIVER) - EXPLAIN IN NARRATIVE,COUNTRY CLUB & S ROGERS ST,39.13608,-86.538096
2006,11,2,Weekday,1500,2-Car,No injury/unknown,FAILURE TO YIELD RIGHT OF WAY,COUNTRY CLUB DR & ROGERS,39.13608,-86.538096
2006,12,7,Weekend,1000,1-Car,No injury/unknown,INSECURE/LEAKY LOAD,COUNTRY CLUB DR DR & SOUTH ROGERS ST,39.13608,-86.538096
2006,5,2,Weekday,1700,2-Car,No injury/unknown,FAILURE TO YIELD RIGHT OF WAY,COUNTRY CLUB DR & MADISON,39.136048,-86.536992
2006,5,7,Weekend,800,1-Car,No injury/unknown,UNSAFE BACKING,S MADISON ST & W COUNTRY CLUB,39.136048,-86.536992
2006,7,7,Weekend,1100,2-Car,No injury/unknown,IMPROPER TURNING,W COUNTRY CLUB DR,39.136048,-86.530896
2006,9,2,Weekday,1500,2-Car,No injury/unknown,FAILURE TO YIELD RIGHT OF WAY,COUNTRY CLUB DR & MADISON,39.136048,-86.536992
2006,10,3,Weekday,1400,2-Car,Non-incapacitating,OTHER (DRIVER) - EXPLAIN IN NARRATIVE,E WINSLOW RD & HIGHLAND,39.136048,-86.518496
2006,11,4,Weekday,700,2-Car,No injury/unknown,OTHER (DRIVER) - EXPLAIN IN NARRATIVE,COUNTRY CLUB DR & WALNUT,39.136048,-86.530896
2006,12,6,Weekday,1500,2-Car,No injury/unknown,DRIVER DISTRACTED - EXPLAIN IN NARRATIVE,COUNTRY CLUB DR & MADISON,39.136048,-86.536992
2006,5,6,Weekday,1600,1-Car,No injury/unknown,RAN OFF ROAD RIGHT,COUNTRY CLUB DR & MADISON,39.13602237,-86.53646402
2006,2,4,Weekday,1700,3+ Cars,Incapacitating,OTHER (DRIVER) - EXPLAIN IN NARRATIVE,COUNTRY CLUB RD & MADISON,39.13601383,-86.53628803
2006,7,1,Weekend,1400,2-Car,No injury/unknown,FAILURE TO YIELD RIGHT OF WAY,FAIRINGTON & LEONARD SPRINGS RD,39.13600667,-86.582496
2006,1,6,Weekend,2000,2-Car,No injury/unknown,FOLLOWING TOO CLOSELY,COUNTRY CLUB DR & S ROGERS,39.136,-86.537697
2006,2,6,Weekend,2100,1-Car,Non-incapacitating,RAN OFF ROAD RIGHT,WINSLOW & XAVIER,39.136,-86.51423598
2006,5,3,Weekday,1800,2-Car,No injury/unknown,SPEED TOO FAST FOR WEATHER CONDITIONS,COUNTRY CLUB DR & ROGERS,39.136,-86.537697
2006,5,2,Weekday,1600,2-Car,No injury/unknown,FAILURE TO YIELD RIGHT OF WAY,WALNUT STREET & WINSLOW RD,39.136,-86.529799
2006,10,5,Weekday,1600,2-Car,No injury/unknown,FOLLOWING TOO CLOSELY,ABBY & WINSLOW RD,39.136,-86.5098883
2006,12,5,Weekday,1900,2-Car,No injury/unknown,SPEED TOO FAST FOR WEATHER CONDITIONS,PICCADILLY & WINSLOW RD,39.136,-86.526895
2006,1,7,Weekend,1900,2-Car,No injury/unknown,FAILURE TO YIELD RIGHT OF WAY,COUNTRY CLUB & WALNUT ST,39.135999,-86.531
2006,8,6,Weekday,1400,2-Car,Non-incapacitating,OTHER (DRIVER) - EXPLAIN IN NARRATIVE,COUNTRY CLUB & WALNUT ST,39.135999,-86.531
2006,9,1,Weekend,1200,2-Car,Non-incapacitating,FAILURE TO YIELD RIGHT OF WAY,COUNTRY CLUB & SOUTH WALNUT ST,39.135999,-86.531
2006,9,6,Weekday,1500,3+ Cars,No injury/unknown,FAILURE TO YIELD RIGHT OF WAY,COUNTRY CLUB DR & MADISON,39.13599674,-86.53593604
2006,8,5,Weekday,1700,2-Car,No injury/unknown,FOLLOWING TOO CLOSELY,COUNTRY CLUB DR & MILTON,39.13598346,-86.53566239
2006,1,6,Weekday,900,2-Car,No injury/unknown,IMPROPER PASSING,WINSLOW RD,39.135983,-86.529961
2006,9,5,Weekday,1200,2-Car,No injury/unknown,FAILURE TO YIELD RIGHT OF WAY,HENDERSON ST & WINSLOW,39.13595189,-86.52679039
2006,2,2,Weekday,1400,2-Car,Non-incapacitating,FAILURE TO YIELD RIGHT OF WAY,WALNUT ST & WINSLOW RD,39.1359,-86.531099
2006,2,1,Weekend,700,1-Car,No injury/unknown,NONE (DRIVER),FORRESTER & ROGERS RD,39.1359,-86.49591862
2006,4,6,Weekday,1400,2-Car,Non-incapacitating,FAILURE TO YIELD RIGHT OF WAY,COUNTRY CLUB RD & WALNUT,39.1359,-86.531098
2006,6,5,Weekday,1700,2-Car,No injury/unknown,OTHER (VEHICLE) - EXPLAIN IN NARRATIVE,S WALNUT & W COUNTRY CLUB DR,39.1359,-86.531098
2006,10,2,Weekday,1900,2-Car,Non-incapacitating,IMPROPER TURNING,COUNTRY CLUB DR & WALNUT,39.1359,-86.531098
2006,10,4,Weekday,2000,2-Car,No injury/unknown,UNSAFE BACKING,WALNUT & WINSLOW RD,39.1359,-86.531099
2006,11,4,Weekday,900,2-Car,No injury/unknown,UNSAFE SPEED,COUNTRY CLUB DR & WALNUT,39.1359,-86.531098
2006,12,2,Weekday,1500,2-Car,No injury/unknown,OTHER (DRIVER) - EXPLAIN IN NARRATIVE,COUNTRY CLUB DR & WALNUT,39.1359,-86.53105473
2006,12,3,Weekday,1400,2-Car,No injury/unknown,OVERCORRECTING/OVERSTEERING,S WALNUT & W COUNTRY CLUB DR,39.1359,-86.531098
2006,9,7,Weekend,900,2-Car,No injury/unknown,UNSAFE BACKING,SOUTH WALNUT ST,39.135899,-86.531098
2006,2,7,Weekend,1000,2-Car,No injury/unknown,ROADWAY SURFACE CONDITION,ROGERS & SARE,39.13584,-86.496288
2006,3,3,Weekday,700,2-Car,No injury/unknown,FAILURE TO YIELD RIGHT OF WAY,SARE & SARE RD,39.13584,-86.496288
2006,4,7,Weekend,0,1-Car,No injury/unknown,OVERCORRECTING/OVERSTEERING,ROGERS & SARE RD,39.13584,-86.496288
2006,8,4,Weekday,1300,2-Car,No injury/unknown,FOLLOWING TOO CLOSELY,ROGERS & SARE RD,39.13584,-86.496288
2006,9,7,Weekend,800,1-Car,No injury/unknown,DRIVER DISTRACTED - EXPLAIN IN NARRATIVE,ROGERS RD & SMITH,39.13584,-86.480496
2006,10,6,Weekend,2200,2-Car,No injury/unknown,FAILURE TO YIELD RIGHT OF WAY,ROGERS RD & SARE,39.13584,-86.496288
2006,11,3,Weekday,1700,2-Car,No injury/unknown,FOLLOWING TOO CLOSELY,ROGERS & S SARE RD,39.13584,-86.496288
2006,12,3,Weekday,1500,1-Car,No injury/unknown,OTHER (VEHICLE) - EXPLAIN IN NARRATIVE,ROGERS & SOUTH SARE RD,39.13584,-86.496288
2006,5,3,Weekday,1500,2-Car,Non-incapacitating,OTHER (DRIVER) - EXPLAIN IN NARRATIVE,ROGERS RD & SNOODY,39.1358,-86.48999414
2006,2,5,Weekday,600,2-Car,No injury/unknown,UNSAFE BACKING,BLOOMINGTON & CAMBY CT,39.135464,-86.511688
2006,6,5,Weekday,1300,1-Car,No injury/unknown,RAN OFF ROAD RIGHT,BARGE & LEONARD SPRINGS RD,39.135248,-86.582496
2006,8,7,Weekend,1200,2-Car,No injury/unknown,FOLLOWING TOO CLOSELY,SR37N & VERNAL,39.13506612,-86.5609886
2006,5,7,Weekend,1100,2-Car,No injury/unknown,UNSAFE BACKING,2910 LEONARD SPRINGS RD RD,39.134987,-86.582599
2006,10,1,Weekend,300,1-Car,No injury/unknown,NONE (VEHICLE),AIRPORT & SR45,39.13494583,-86.59632591
2006,4,2,Weekday,1000,2-Car,No injury/unknown,FAILURE TO YIELD RIGHT OF WAY,S WALNUT ST,39.13493114,-86.52778394
2006,8,5,Weekday,900,2-Car,No injury/unknown,DRIVER DISTRACTED - EXPLAIN IN NARRATIVE,N WALNUT ST,39.13493114,-86.52778394
2006,1,2,Weekday,1100,2-Car,No injury/unknown,UNSAFE BACKING,MCINTYRE DR,39.134926,-86.569955
2006,9,5,Weekday,400,1-Car,No injury/unknown,RAN OFF ROAD RIGHT,HOOSIER & SOUTH WALNUT ST,39.134701,-86.53140333
2006,9,5,Weekday,2300,2-Car,No injury/unknown,BRAKE FAILURE OR DEFECTIVE,RIDGEVIEW & SOUTH WALNUT ST,39.134701,-86.531399
2006,11,2,Weekday,800,Bus,Non-incapacitating,OTHER (DRIVER) - EXPLAIN IN NARRATIVE,HOOSIER & WALNUT ST,39.134701,-86.531399
2006,8,6,Weekend,2300,2-Car,No injury/unknown,OTHER (DRIVER) - EXPLAIN IN NARRATIVE,PICADILLY & WATERLOO CT,39.13464,-86.524288
2006,10,1,Weekday,1900,2-Car,No injury/unknown,FAILURE TO YIELD RIGHT OF WAY,SR37 & TAPP,39.13429447,-86.572896
2006,7,6,Weekend,1900,2-Car,No injury/unknown,UNSAFE SPEED,RIDGEVIEW DR & SUNNY SLOPES,39.13311798,-86.5278568
2006,2,4,Weekday,1800,2-Car,Non-incapacitating,OTHER (DRIVER) - EXPLAIN IN NARRATIVE,COUNTRY CLUB & ROGERS ST,39.13309452,-86.53839136
2006,8,3,Weekday,1200,3+ Cars,No injury/unknown,FOLLOWING TOO CLOSELY,COUNTRY CLUB RD & ROGERS,39.13304,-86.5384
2006,9,3,Weekday,900,1-Car,No injury/unknown,RAN OFF ROAD RIGHT,ROCKPORT RD & TAPP,39.13303595,-86.55215405
2006,9,6,Weekday,1000,2-Car,No injury/unknown,FAILURE TO YIELD RIGHT OF WAY,LIBERTY DR & THIRD,39.13287568,-86.5791
2006,1,6,Weekday,700,2-Car,No injury/unknown,OTHER (DRIVER) - EXPLAIN IN NARRATIVE,COMMONS & WESTMINSTER WAY,39.13285102,-86.52140943
2006,2,1,Weekend,1400,2-Car,No injury/unknown,FAILURE TO YIELD RIGHT OF WAY,OAK RIDGE & SR 446,39.132752,-86.451392
2006,2,6,Weekday,1700,1-Car,No injury/unknown,UNSAFE SPEED,GARDNER & GARRISON CHAPEL,39.13244809,-86.65238594
2006,1,1,,,1-Car,Non-incapacitating,FAILURE TO YIELD RIGHT OF WAY,OLSEN & SARE RD,39.131899,-86.500398
2006,5,7,Weekend,2100,Pedestrian,Non-incapacitating,,LEONARD SPRINGS ROAD RDS & WEST MAYBURY MALL,39.131648,-86.582496
2006,1,4,Weekday,1800,2-Car,No injury/unknown,FAILURE TO YIELD RIGHT OF WAY,LEONARD SPRINGS RD & MAYBURY MALL,39.13151979,-86.582572
2006,8,3,Weekday,1600,1-Car,No injury/unknown,ANIMAL/OBJECT IN ROADWAY,GREEN RD,39.13126759,-86.53886433
2006,4,7,Weekend,1300,2-Car,No injury/unknown,UNSAFE BACKING,ALLENDALE DRIVE & S SOWDER SQUARE SQ,39.13104,-86.522192
2006,9,1,Weekend,400,Moped/Motorcycle,Fatal,RAN OFF ROAD RIGHT,SR446 & SWARTZ,39.13101665,-86.4464934
2006,8,3,Weekday,2200,2-Car,Non-incapacitating,ALCOHOLIC BEVERAGES,ALLENDALE DR & ESSEX,39.130848,-86.518192
2006,8,3,Weekday,200,1-Car,No injury/unknown,RAN OFF ROAD RIGHT,SOUTH WALNUT ST,39.130825,-86.531399
2006,5,3,Weekday,1600,2-Car,No injury/unknown,FOLLOWING TOO CLOSELY,CANADA & SARE RD,39.130701,-86.501797
2006,5,3,Weekday,1400,1-Car,No injury/unknown,DRIVER ASLEEP OR FATIGUED,BUNGER ROAD & SR45E,39.13027622,-86.60292931
2006,7,1,Weekend,100,1-Car,Non-incapacitating,OVERCORRECTING/OVERSTEERING,ROCKPORT RD & TAPP,39.13018397,-86.55669473
2006,5,7,Weekend,1600,2-Car,No injury/unknown,DRIVER DISTRACTED - EXPLAIN IN NARRATIVE,SR446 & SWARTZ RIDGE,39.12953221,-86.44691761
2006,5,2,Weekday,1700,2-Car,No injury/unknown,IMPROPER TURNING,WALNUT STREET PIKE,39.129428,-86.526799
2006,9,3,Weekday,1500,2-Car,No injury/unknown,ENGINE FAILURE OR DEFECTIVE,S WALNUT STREET PIKE,39.129428,-86.526799
2006,10,5,Weekday,2000,2-Car,No injury/unknown,ALCOHOLIC BEVERAGES,BUNGER & SR45,39.12936,-86.604336
2006,8,2,Weekday,700,1-Car,No injury/unknown,OTHER (DRIVER) - EXPLAIN IN NARRATIVE,BUNGER & SR 45,39.12936,-86.604336
2006,6,6,Weekday,1600,2-Car,Non-incapacitating,DRIVER DISTRACTED - EXPLAIN IN NARRATIVE,BUNGER & SR45,39.12936,-86.604336
2006,5,4,Weekday,1400,2-Car,Non-incapacitating,FAILURE TO YIELD RIGHT OF WAY,BUNGER & SR45S,39.12936,-86.604336
2006,6,4,Weekday,500,Moped/Motorcycle,Non-incapacitating,NONE (DRIVER),ISON & SR 45,39.129099,-86.60444038
2006,9,7,Weekend,1300,2-Car,Non-incapacitating,DRIVER DISTRACTED - EXPLAIN IN NARRATIVE,HEATHERWOOD DR & PRIMROSE,39.128848,-86.587456
2006,10,7,Weekend,1100,1-Car,No injury/unknown,RAN OFF ROAD RIGHT,HEATHERWOOD LN,39.128848,-86.587328
2006,2,5,Weekday,1500,1-Car,No injury/unknown,RAN OFF ROAD RIGHT,LILAC LN LN,39.1288,-86.586464
2006,7,3,Weekday,1700,1-Car,Non-incapacitating,RAN OFF ROAD RIGHT,COUNTRYSIDE & ROCKPORT RD,39.12864748,-86.540599
2006,1,4,Weekday,1500,1-Car,Non-incapacitating,OTHER (DRIVER) - EXPLAIN IN NARRATIVE,FULLERTON & ROCKPORT RD,39.12803436,-86.55709564
2006,11,4,Weekday,1300,2-Car,Non-incapacitating,IMPROPER TURNING,ISON & SR 45,39.128,-86.606432
2006,7,5,Weekday,1300,2-Car,No injury/unknown,LEFT OF CENTER,BURKS & S WALNUT ST PIKE,39.1279,-86.526795
2006,6,3,Weekday,600,2-Car,No injury/unknown,LEFT OF CENTER,WOODHAVEN DR & WOODMERE,39.12766401,-86.57979929
2006,12,5,Weekday,1700,1-Car,No injury/unknown,,CANADA DR,39.1273,-86.507528
2006,1,1,Weekend,400,2-Car,No injury/unknown,OTHER (DRIVER) - EXPLAIN IN NARRATIVE,PINEWOOD & WALNUT ST,39.12716835,-86.52677353
2006,1,6,Weekday,500,2-Car,Non-incapacitating,OTHER (DRIVER) - EXPLAIN IN NARRATIVE,WALNUT ST,39.12716835,-86.52677353
2006,11,3,Weekday,1600,2-Car,Non-incapacitating,FAILURE TO YIELD RIGHT OF WAY,HEATHERWOOD & S LEONARD SPRINGS RD,39.126976,-86.582464
2006,9,6,Weekday,1600,2-Car,Non-incapacitating,DRIVER DISTRACTED - EXPLAIN IN NARRATIVE,BURKS & S WALNUT ST,39.1269,-86.531399
2006,11,3,Weekday,1800,2-Car,Non-incapacitating,FAILURE TO YIELD RIGHT OF WAY,BURKS & S WALNUT ST,39.1269,-86.531399
2006,5,5,Weekday,1500,1-Car,No injury/unknown,PRESCRIPTION DRUGS,PLAZA & SIMS LN,39.12664,-86.57928567
2006,2,7,Weekend,1400,2-Car,No injury/unknown,LEFT OF CENTER,LEONARD SPRINGS ROAD RD & SIMS LANE,39.12664,-86.582512
2006,4,5,Weekday,2100,1-Car,No injury/unknown,OTHER (DRIVER) - EXPLAIN IN NARRATIVE,E BURKS DR,39.126619,-86.529682
2006,11,2,Weekday,1800,2-Car,Non-incapacitating,FAILURE TO YIELD RIGHT OF WAY,SR37,39.12660505,-86.5726527
2006,10,2,Weekday,600,2-Car,Non-incapacitating,DRIVER ILLNESS,SR37S,39.12660505,-86.5726527
2006,11,6,Weekday,1400,1-Car,Non-incapacitating,TIRE FAILURE OR DEFECTIVE,SR37,39.12660505,-86.5726527
2006,9,1,Weekend,0,2-Car,No injury/unknown,UNSAFE BACKING,S ODELL DR,39.126499,-86.528698
2006,12,6,Weekend,1900,2-Car,No injury/unknown,OTHER (DRIVER) - EXPLAIN IN NARRATIVE,ODELL DR,39.126499,-86.528698
2006,7,2,Weekday,900,1-Car,No injury/unknown,RAN OFF ROAD RIGHT,S WALNUT ST,39.12641137,-86.52674795
2006,12,4,Weekday,1400,2-Car,No injury/unknown,OTHER (DRIVER) - EXPLAIN IN NARRATIVE,SOUTH WALNUT ST,39.12641137,-86.52674795
2006,11,7,Weekend,2200,1-Car,No injury/unknown,ANIMAL/OBJECT IN ROADWAY,S CLAYBRIDGE & SARE RD,39.126,-86.5049
2006,7,2,Weekday,700,2-Car,No injury/unknown,UNSAFE SPEED,BURKS DR,39.125876,-86.528072
2006,5,1,Weekend,1000,2-Car,No injury/unknown,OTHER (DRIVER) - EXPLAIN IN NARRATIVE,S PARKRIDGE RD,39.12547,-86.538908
2006,5,3,Weekday,500,2-Car,No injury/unknown,IMPROPER LANE USAGE,COUNTRY CLUB & S WALNUT ST,39.12543228,-86.531
2006,2,7,Weekend,1300,2-Car,No injury/unknown,DRIVER DISTRACTED - EXPLAIN IN NARRATIVE,MEADOW CREEK & SARE RD,39.12533431,-86.496497
2006,2,5,Weekday,2200,2-Car,No injury/unknown,,SR45,39.125312,-86.610496
2006,4,5,Weekday,1500,3+ Cars,No injury/unknown,FOLLOWING TOO CLOSELY,ELWEN   ROAD & SR45,39.125312,-86.610496
2006,12,7,Weekend,1300,2-Car,No injury/unknown,FAILURE TO YIELD RIGHT OF WAY,SR45,39.125312,-86.610496
2006,7,1,Weekend,1500,2-Car,No injury/unknown,UNSAFE BACKING,SR45,39.125312,-86.610496
2006,5,5,Weekday,700,2-Car,No injury/unknown,FOLLOWING TOO CLOSELY,SR 45,39.125312,-86.610496
2006,11,6,Weekday,900,2-Car,Non-incapacitating,UNSAFE BACKING,SR 45,39.125312,-86.610496
2006,6,6,Weekday,1600,2-Car,No injury/unknown,OTHER (DRIVER) - EXPLAIN IN NARRATIVE,SR45W,39.125312,-86.610496
2006,6,1,Weekend,1800,2-Car,No injury/unknown,OTHER (DRIVER) - EXPLAIN IN NARRATIVE,SR45W,39.125312,-86.610496
2006,12,2,Weekday,1500,2-Car,No injury/unknown,DRIVER DISTRACTED - EXPLAIN IN NARRATIVE,SR45,39.125312,-86.610496
2006,8,3,Weekday,2000,1-Car,No injury/unknown,ANIMAL/OBJECT IN ROADWAY,EASTMONT & VALMORE ST,39.125136,-86.617616
2006,10,2,Weekday,2000,2-Car,Non-incapacitating,FAILURE TO YIELD RIGHT OF WAY,HAYS & S ROGERS ST,39.12504,-86.5388
2006,4,7,Weekend,1300,1-Car,Non-incapacitating,DRIVER ASLEEP OR FATIGUED,N CURRY & VERNAL PIKE,39.1248141,-86.583099
2006,5,3,Weekday,1400,2-Car,No injury/unknown,FOLLOWING TOO CLOSELY,SR37N & VERNAL,39.12448822,-86.5609886
2006,9,6,Weekday,1700,3+ Cars,Non-incapacitating,DRIVER ASLEEP OR FATIGUED,SR37S & VERNAL,39.12448822,-86.5609886
2006,2,4,Weekday,2000,2-Car,No injury/unknown,UNSAFE BACKING,HEATHER DRIVE & PEPPERIDGE DRIVE DR,39.124016,-86.524672
2006,5,1,Weekend,1000,2-Car,No injury/unknown,IMPROPER PASSING,HARMONY & ISON,39.123773,-86.6382
2006,12,4,Weekday,1000,1-Car,No injury/unknown,RAN OFF ROAD RIGHT,WALNUT ST,39.12376088,-86.5266497
2006,4,1,Weekday,2000,2-Car,No injury/unknown,OTHER (DRIVER) - EXPLAIN IN NARRATIVE,ELLER & SR45,39.12263125,-86.61390267
2006,12,2,Weekday,1400,1-Car,Non-incapacitating,DRIVER DISTRACTED - EXPLAIN IN NARRATIVE,FAIRFAX & WALNUT PIKE,39.12245921,-86.526499
2006,2,7,Weekend,1500,1-Car,No injury/unknown,UNSAFE SPEED,FULLERTON & JUDD,39.122448,-86.574
2006,11,1,Weekend,800,1-Car,Non-incapacitating,RAN OFF ROAD RIGHT,FULLERTON & LEONARD SPRS RD,39.12242467,-86.5860773
2006,9,7,Weekend,1400,2-Car,No injury/unknown,FAILURE TO YIELD RIGHT OF WAY,ELLER & GARRISON CHAPLE RD,39.122416,-86.64296
2006,8,4,Weekday,1900,2-Car,Non-incapacitating,FAILURE TO YIELD RIGHT OF WAY,FULLERTON & SR37,39.122352,-86.5712
2006,1,6,Weekday,1700,2-Car,Non-incapacitating,OTHER (DRIVER) - EXPLAIN IN NARRATIVE,FULLERTON & SR37,39.122352,-86.5712
2006,5,6,Weekday,1300,2-Car,Non-incapacitating,OTHER (DRIVER) - EXPLAIN IN NARRATIVE,FULLERTON & SR37,39.122352,-86.5712
2006,6,5,Weekday,1300,2-Car,Non-incapacitating,DISREGARD SIGNAL/REG SIGN,FULLERTON & SR37S,39.122352,-86.5712
2006,12,1,Weekday,1900,3+ Cars,Non-incapacitating,FAILURE TO YIELD RIGHT OF WAY,FULLERTON & SR37S,39.122352,-86.5712
2006,1,7,Weekend,2100,2-Car,No injury/unknown,LEFT OF CENTER,ISON & LEONARD SPRINGS RD,39.1223,-86.60572598
2006,1,5,Weekday,700,2-Car,No injury/unknown,NONE (DRIVER),ISON & LEONARD SPRINGS RD,39.1223,-86.60578661
2006,2,5,Weekday,2300,1-Car,No injury/unknown,RAN OFF ROAD RIGHT,RHORER & SARE RD,39.122299,-86.511397
2006,11,4,Weekday,1500,2-Car,No injury/unknown,FAILURE TO YIELD RIGHT OF WAY,ELLER RD & WESTMONT,39.122256,-86.619184
2006,12,5,Weekday,700,2-Car,No injury/unknown,OTHER (DRIVER) - EXPLAIN IN NARRATIVE,ELLER & SR45,39.12224,-86.6144
2006,11,2,Weekday,800,1-Car,Non-incapacitating,ROADWAY SURFACE CONDITION,ELLER RD & SR 45,39.12224,-86.6144
2006,2,4,Weekday,1000,1-Car,No injury/unknown,UNSAFE SPEED,ISON & LEONARD SPRINGS,39.12223415,-86.61445881
2006,1,3,Weekday,1000,2-Car,No injury/unknown,FAILURE TO YIELD RIGHT OF WAY,FULLERTON PIKE & SR37,39.12221366,-86.57106313
2006,1,7,Weekend,1700,2-Car,No injury/unknown,DISREGARD SIGNAL/REG SIGN,FULERTON & SR37N,39.12221366,-86.57106313
2006,1,2,Weekday,500,2-Car,Non-incapacitating,FAILURE TO YIELD RIGHT OF WAY,HARRELL & RHORER RD,39.121808,-86.498784
2006,7,7,Weekend,1700,2-Car,No injury/unknown,DISREGARD SIGNAL/REG SIGN,GORDON & S ROGERS,39.121648,-86.539088
2006,8,4,Weekday,1500,2-Car,No injury/unknown,OTHER (DRIVER) - EXPLAIN IN NARRATIVE,GORDON & S ROGERS ST,39.121648,-86.539088
2006,9,2,Weekday,2000,Moped/Motorcycle,Incapacitating,NONE (DRIVER),GORDAN & ROGERS ST,39.121648,-86.539088