Year,Month,Day,Weekend?,Hour,Collision Type,Injury Type,Primary Factor,Reported_Location,Latitude,Longitude
2006,6,4,Weekday,1700,2-Car,No injury/unknown,FAILURE TO YIELD RIGHT OF WAY,GORDON & ROGERS,39.121648,-86.539088
2006,5,2,Weekday,1600,2-Car,Non-incapacitating,OTHER (DRIVER) - EXPLAIN IN NARRATIVE,GORDON & ROGERS ST,39.121648,-86.539088
2006,12,6,Weekday,1800,2-Car,No injury/unknown,FAILURE TO YIELD RIGHT OF WAY,GORDON & ROGERS ST,39.121648,-86.539088
2006,9,5,Weekday,1500,2-Car,Non-incapacitating,FOLLOWING TOO CLOSELY,GORDON PIKE & OLD SR 37,39.121552,-86.53305899
2006,1,2,Weekday,1700,1-Car,No injury/unknown,DRIVER ILLNESS,OLD SR 37 & RHORER,39.121552,-86.531296
2006,9,7,Weekend,2200,3+ Cars,Non-incapacitating,UNSAFE SPEED,GORDON,39.12154418,-86.53386009
2006,1,7,Weekend,1000,2-Car,Non-incapacitating,OTHER (DRIVER) - EXPLAIN IN NARRATIVE,GORDON & WALNUT,39.12154418,-86.53386009
2006,6,7,Weekend,1900,2-Car,Non-incapacitating,FAILURE TO YIELD RIGHT OF WAY,JAMIE & RHORER RD,39.12152,-86.51792
2006,5,4,Weekday,1500,Bus,Non-incapacitating,PASSENGER DISTRACTION,GORDON & ROGERS,39.121504,-86.53791246
2006,2,6,Weekend,1900,1-Car,No injury/unknown,OTHER (DRIVER) - EXPLAIN IN NARRATIVE,RHORER & SARE,39.1215,-86.51245574
2006,8,4,Weekday,1500,3+ Cars,No injury/unknown,DRIVER DISTRACTED - EXPLAIN IN NARRATIVE,GORDON PIKE & WALNUT,39.1215,-86.531399
2006,5,3,Weekday,1800,2-Car,No injury/unknown,UNSAFE BACKING,GORDON & WALNUT,39.1215,-86.53145714
2006,5,2,Weekday,1300,1-Car,Non-incapacitating,UNSAFE SPEED,JAMIE & RHORER RD,39.1215,-86.51911469
2006,10,3,Weekday,1600,3+ Cars,Non-incapacitating,FAILURE TO YIELD RIGHT OF WAY,RHORER RD & SARE,39.1215,-86.512499
2006,11,2,Weekday,1600,1-Car,Non-incapacitating,ANIMAL/OBJECT IN ROADWAY,RHORER RD & SARE,39.1215,-86.51267203
2006,2,1,Weekend,1300,2-Car,No injury/unknown,DISREGARD SIGNAL/REG SIGN,GORDON & OLD SR 37,39.121499,-86.531395
2006,1,6,Weekday,900,2-Car,No injury/unknown,OTHER (DRIVER) - EXPLAIN IN NARRATIVE,GORDON & OLD SR 37,39.121499,-86.531395
2006,6,7,Weekend,1100,2-Car,No injury/unknown,FOLLOWING TOO CLOSELY,KENNEDY & RHORER RD,39.12149179,-86.52848113
2006,6,1,Weekday,2100,2-Car,Non-incapacitating,DISREGARD SIGNAL/REG SIGN,RHORER & WALNUT ST,39.12144,-86.526496
2006,8,5,Weekday,1200,2-Car,No injury/unknown,FAILURE TO YIELD RIGHT OF WAY,RHORER & S WALNUT ST,39.12144,-86.526496
2006,11,4,Weekday,1300,3+ Cars,Non-incapacitating,DISREGARD SIGNAL/REG SIGN,RHORER & WALNUT ST,39.12144,-86.526496
2006,9,7,Weekend,1700,3+ Cars,No injury/unknown,SPEED TOO FAST FOR WEATHER CONDITIONS,RHORER RD & WALNUT,39.12144,-86.526496
2006,2,7,Weekend,400,1-Car,Non-incapacitating,ROADWAY SURFACE CONDITION,RHORER & WALNUT ST,39.12144,-86.526496
2006,3,5,Weekday,900,2-Car,No injury/unknown,FAILURE TO YIELD RIGHT OF WAY,RHORER & WALNUT ST,39.12144,-86.526496
2006,8,4,Weekday,1000,2-Car,No injury/unknown,OTHER (DRIVER) - EXPLAIN IN NARRATIVE,RHORER ROAD & WALNUT STREET PIKE ST,39.12144,-86.526496
2006,10,4,Weekday,1800,2-Car,No injury/unknown,FOLLOWING TOO CLOSELY,RHORER RD & WALNUT,39.12144,-86.526496
2006,12,7,Weekend,2300,1-Car,No injury/unknown,ANIMAL/OBJECT IN ROADWAY,HARRELL RD & RHORER,39.12043533,-86.49876315
2006,2,4,Weekday,1200,1-Car,Fatal,RAN OFF ROAD LEFT,DAVID & SARE RD,39.12017935,-86.4965
2006,5,2,Weekday,500,1-Car,No injury/unknown,ANIMAL/OBJECT IN ROADWAY,ROCKPORT & SR37,39.11992105,-86.56908317
2006,12,2,Weekday,1700,1-Car,No injury/unknown,SPEED TOO FAST FOR WEATHER CONDITIONS,ELLER & GARRISON CHAPEL RD,39.11966945,-86.6429827
2006,3,5,Weekday,800,1-Car,No injury/unknown,ANIMAL/OBJECT IN ROADWAY,ELLISTON & HAMPSHIRE LN,39.11903501,-86.517195
2006,7,6,Weekend,2000,1-Car,No injury/unknown,OTHER (DRIVER) - EXPLAIN IN NARRATIVE,BUSINESS SR 37 N HWY & WHISNAND,39.11864272,-86.539747
2006,2,3,Weekday,1900,1-Car,Non-incapacitating,UNSAFE SPEED,BEDROCK & FIELD STONE,39.11810777,-86.604799
2006,10,1,Weekend,1800,2-Car,No injury/unknown,OTHER (DRIVER) - EXPLAIN IN NARRATIVE,RIDGE CREST CT & SUMMITVIEW,39.11807746,-86.525497
2006,9,3,Weekday,800,1-Car,No injury/unknown,TIRE FAILURE OR DEFECTIVE,EAGLEVIEW DR & FALCON,39.117999,-86.546798
2006,8,7,Weekend,1200,Moped/Motorcycle,Non-incapacitating,DRIVER DISTRACTED - EXPLAIN IN NARRATIVE,PINE GROVE & SR446N,39.11776961,-86.42919111
2006,5,2,Weekday,1500,1-Car,No injury/unknown,RAN OFF ROAD RIGHT,DUNLAP & SR45,39.11774229,-86.62176025
2006,6,1,Weekend,100,2-Car,No injury/unknown,UNSAFE BACKING,BETHEL & OLD SR 37,39.117667,-86.53128635
2006,4,4,Weekday,1500,2-Car,Non-incapacitating,IMPROPER LANE USAGE,ROCKPORT RD & SR37,39.117648,-86.567104
2006,12,6,Weekday,900,2-Car,No injury/unknown,FAILURE TO YIELD RIGHT OF WAY,ROCKPORT & SR 37,39.117648,-86.567104
2006,1,2,Weekday,1600,2-Car,Non-incapacitating,FAILURE TO YIELD RIGHT OF WAY,ROCKPORT & SR37,39.117648,-86.567104
2006,5,3,Weekday,1500,2-Car,No injury/unknown,FAILURE TO YIELD RIGHT OF WAY,ROCKPORT & SR37,39.117648,-86.567104
2006,7,6,Weekday,1800,2-Car,Non-incapacitating,FAILURE TO YIELD RIGHT OF WAY,ROCKPORT & SR37N,39.117648,-86.567104
2006,7,3,Weekday,2100,2-Car,No injury/unknown,ALCOHOLIC BEVERAGES,CLEAR CREEK & ROGERS ST,39.11708109,-86.539895
2006,9,7,Weekend,600,2-Car,No injury/unknown,FAILURE TO YIELD RIGHT OF WAY,PINE GROVE & SR446,39.11700229,-86.42881131
2006,7,3,Weekday,0,2-Car,No injury/unknown,IMPROPER PASSING,SARE RD & SOUTH MILL STONE,39.11664998,-86.506198
2006,11,5,Weekday,1900,1-Car,No injury/unknown,OTHER (DRIVER) - EXPLAIN IN NARRATIVE,BURKS & S WALNUT ST,39.11633574,-86.531399
2006,2,2,Weekday,1600,2-Car,Non-incapacitating,FAILURE TO YIELD RIGHT OF WAY,SR37 & THAT,39.115552,-86.564592
2006,3,6,Weekday,700,2-Car,No injury/unknown,DRIVER DISTRACTED - EXPLAIN IN NARRATIVE,SR 37 & THAT RD,39.115552,-86.564592
2006,1,7,Weekend,1700,2-Car,Non-incapacitating,IMPROPER TURNING,SR37 & THAT,39.115552,-86.564592
2006,8,5,Weekday,800,1-Car,Non-incapacitating,UNSAFE SPEED,PLATEAU & S HARRELL RD,39.115488,-86.498688
2006,12,6,Weekday,1300,1-Car,No injury/unknown,ROADWAY SURFACE CONDITION,PINE GROVE & SR 446,39.11511878,-86.42919771
2006,3,4,Weekday,600,1-Car,No injury/unknown,ANIMAL/OBJECT IN ROADWAY,DINSMORE & SR45,39.11504,-86.630992
2006,11,3,Weekday,200,1-Car,Non-incapacitating,RAN OFF ROAD RIGHT,DINSMORE & SR45,39.11504,-86.630992
2006,12,7,Weekend,0,1-Car,No injury/unknown,ANIMAL/OBJECT IN ROADWAY,DINSMORE & SR45W,39.11502979,-86.63028699
2006,2,5,Weekday,900,3+ Cars,No injury/unknown,FAILURE TO YIELD RIGHT OF WAY,S ROGERS & THAT RD,39.11464,-86.539392
2006,9,6,Weekday,1500,2-Car,Non-incapacitating,VIEW OBSTRUCTED,STANSIFER LN & THAT,39.11409254,-86.56854011
2006,2,1,Weekday,1900,1-Car,No injury/unknown,DRIVER DISTRACTED - EXPLAIN IN NARRATIVE,BRUMMETTS CREEK RD & FLEENER,39.11402868,-86.398599
2006,2,7,Weekend,100,2-Car,Non-incapacitating,LEFT OF CENTER,JONES & JORDAN AVE,39.11332463,-86.516399
2006,9,6,Weekday,1400,1-Car,Non-incapacitating,RAN OFF ROAD RIGHT,MOORES CK RD & SWARTZ RIDGE,39.113029,-86.46633853
2006,8,6,Weekday,1500,2-Car,No injury/unknown,DRIVER DISTRACTED - EXPLAIN IN NARRATIVE,SOUTH FAIRFAX & SOUTH WALNUT STREET PIKE,39.111899,-86.526499
2006,6,2,Weekday,1500,2-Car,No injury/unknown,FAILURE TO YIELD RIGHT OF WAY,LIBERTY DR & W 3RD,39.11172679,-86.5791
2006,2,2,Weekday,1700,2-Car,No injury/unknown,FAILURE TO YIELD RIGHT OF WAY,LIBERTY & SR48,39.11172619,-86.57913641
2006,1,4,Weekday,700,2-Car,Non-incapacitating,LEFT OF CENTER,CLEAR CREEK & ROGERS ST,39.11149709,-86.53981486
2006,9,5,Weekday,1200,2-Car,No injury/unknown,FAILURE TO YIELD RIGHT OF WAY,HARMONY & SR 45,39.111024,-86.638304
2006,2,5,Weekday,1200,2-Car,Non-incapacitating,NONE (DRIVER),GARRISON CHAPEL & SR 45,39.111024,-86.638304
2006,1,6,Weekend,1900,2-Car,No injury/unknown,UNSAFE BACKING,HARMONY & SR45,39.111024,-86.638304
2006,7,6,Weekday,1300,2-Car,No injury/unknown,FAILURE TO YIELD RIGHT OF WAY,GARRISON CHAPEL & SR45W,39.111024,-86.638304
2006,5,6,Weekday,1700,2-Car,No injury/unknown,OTHER (DRIVER) - EXPLAIN IN NARRATIVE,HARMONY & SR45,39.11098953,-86.63835916
2006,12,6,Weekday,1600,2-Car,No injury/unknown,TIRE FAILURE OR DEFECTIVE,HARMONY & SR45W,39.11095525,-86.638414
2006,10,6,Weekday,700,3+ Cars,No injury/unknown,DRIVER DISTRACTED - EXPLAIN IN NARRATIVE,S WALNUT STREET ST & SOUTH DRIVE,39.11019606,-86.531295
2006,7,2,Weekday,1000,2-Car,No injury/unknown,OTHER (DRIVER) - EXPLAIN IN NARRATIVE,WEST SR 45 RDS,39.109248,-86.534896
2006,6,6,Weekday,1000,1-Car,Non-incapacitating,RAN OFF ROAD RIGHT,HARMONY RD & ISON,39.108848,-86.6384
2006,10,6,Weekday,900,2-Car,Non-incapacitating,DISREGARD SIGNAL/REG SIGN,FAIRFAX & OLD SR 37,39.108699,-86.531198
2006,1,4,Weekday,1400,1-Car,No injury/unknown,ROADWAY SURFACE CONDITION,ELWREN RD & HARMONY,39.108496,-86.6384
2006,5,3,Weekday,700,3+ Cars,Incapacitating,FOLLOWING TOO CLOSELY,ELWREN & SR45,39.10799353,-86.64314523
2006,6,2,Weekday,1800,2-Car,Non-incapacitating,LEFT OF CENTER,ISON RD & TOWER,39.107952,-86.610304
2006,10,7,Weekend,1400,1-Car,Non-incapacitating,UNSAFE SPEED,HOLLY LANE,39.1079401,-86.42005802
2006,3,4,Weekday,100,1-Car,Non-incapacitating,UNSAFE SPEED,ARCHER & STANSIFER LN,39.10785575,-86.57234896
2006,11,5,Weekday,1600,2-Car,No injury/unknown,NONE (DRIVER),CHURCH & ROGERS,39.10773024,-86.54004714
2006,12,4,Weekday,300,2-Car,No injury/unknown,LEFT OF CENTER,ELWREN & SR45W,39.107648,-86.643696
2006,10,5,Weekday,1700,2-Car,Non-incapacitating,FAILURE TO YIELD RIGHT OF WAY,CHURCH & VICTOR PIKE,39.107552,-86.549792
2006,11,4,Weekday,1200,2-Car,No injury/unknown,OTHER (DRIVER) - EXPLAIN IN NARRATIVE,CHURCH & ROGERS ST,39.107456,-86.540064
2006,10,4,Weekday,1400,2-Car,Non-incapacitating,ROADWAY SURFACE CONDITION,CHURCH LN & ROGERS,39.107456,-86.540064
2006,1,1,Weekend,1800,2-Car,Non-incapacitating,FAILURE TO YIELD RIGHT OF WAY,CHURCH & ROGERS ST,39.107456,-86.540064
2006,3,4,Weekday,1600,2-Car,Non-incapacitating,OTHER (DRIVER) - EXPLAIN IN NARRATIVE,CHURCH LN & ROGERS,39.10745115,-86.53988695
2006,5,4,Weekday,1700,2-Car,No injury/unknown,FAILURE TO YIELD RIGHT OF WAY,SOUTH WALNUT ST & WALNUT ST,39.107344,-86.5264
2006,6,4,Weekday,2000,Moped/Motorcycle,Non-incapacitating,FAILURE TO YIELD RIGHT OF WAY,WALNUT ST & WALNUT STREET,39.107344,-86.5264
2006,7,3,Weekday,1500,2-Car,No injury/unknown,FAILURE TO YIELD RIGHT OF WAY,S WALNUT ST,39.107344,-86.5264
2006,8,2,Weekday,1500,2-Car,Non-incapacitating,FAILURE TO YIELD RIGHT OF WAY,WALNUT ST & WALNUT STREET,39.107344,-86.5264
2006,5,7,Weekend,1400,1-Car,Non-incapacitating,RAN OFF ROAD RIGHT,JENNIFER & LAURA WAY,39.10726967,-86.516998
2006,12,3,Weekday,1400,2-Car,Non-incapacitating,FAILURE TO YIELD RIGHT OF WAY,S WALNUT ST & W FAIRFAX RD,39.1072,-86.531497
2006,12,4,Weekday,1600,2-Car,No injury/unknown,OTHER (DRIVER) - EXPLAIN IN NARRATIVE,FAIRFAX RD & WALNUT ST,39.1072,-86.531497
2006,10,5,Weekday,2300,1-Car,No injury/unknown,SPEED TOO FAST FOR WEATHER CONDITIONS,FAIRFAX RD,39.107096,-86.52364
2006,2,2,Weekday,200,1-Car,No injury/unknown,ANIMAL/OBJECT IN ROADWAY,HARRELL RD & SCHACHT,39.107072,-86.498544
2006,6,4,Weekday,700,1-Car,No injury/unknown,RAN OFF ROAD RIGHT,FAIRFAX RD & SCHACHT,39.10680853,-86.52329823
2006,8,4,Weekday,1200,2-Car,No injury/unknown,LEFT OF CENTER,CHURCH LN & S ROGERS,39.106702,-86.54019627
2006,8,5,Weekday,1700,2-Car,No injury/unknown,FOLLOWING TOO CLOSELY,SR37 & VICTOR,39.10668106,-86.55264471
2006,9,5,Weekday,1600,1-Car,Non-incapacitating,RAN OFF ROAD RIGHT,SR37 & VICTOR,39.10611795,-86.55187629
2006,4,1,Weekend,400,1-Car,Non-incapacitating,NONE (DRIVER),SR 37 & VICTOR,39.1059293,-86.55161886
2006,12,1,Weekend,1300,2-Car,Non-incapacitating,DISREGARD SIGNAL/REG SIGN,SR 37 & VICTOR,39.105552,-86.551104
2006,10,7,Weekend,700,2-Car,No injury/unknown,FAILURE TO YIELD RIGHT OF WAY,SR37 & VICTOR,39.105552,-86.551104
2006,12,5,Weekday,900,2-Car,No injury/unknown,DISREGARD SIGNAL/REG SIGN,SR37 & VICTOR,39.105552,-86.551104
2006,11,3,Weekday,1500,2-Car,Non-incapacitating,DISREGARD SIGNAL/REG SIGN,SR37 & VICTOR,39.105552,-86.551104
2006,7,6,Weekday,700,3+ Cars,Non-incapacitating,FAILURE TO YIELD RIGHT OF WAY,SR37 & VICTOR,39.105552,-86.551104
2006,2,2,Weekday,1300,2-Car,Non-incapacitating,FAILURE TO YIELD RIGHT OF WAY,SR 37 & VICTOR,39.105552,-86.551104
2006,4,5,Weekday,1100,2-Car,No injury/unknown,FAILURE TO YIELD RIGHT OF WAY,SR37N & VICTOR,39.105552,-86.551104
2006,6,5,Weekday,1300,2-Car,No injury/unknown,DISREGARD SIGNAL/REG SIGN,SR37N & VICTOR,39.105552,-86.551104
2006,6,5,Weekday,1100,1-Car,No injury/unknown,RAN OFF ROAD RIGHT,SR37S & VICTOR,39.105552,-86.551104
2006,6,5,Weekday,1100,2-Car,No injury/unknown,DISREGARD SIGNAL/REG SIGN,SR37N & VICTOR,39.105552,-86.551104
2006,10,6,Weekday,1400,2-Car,No injury/unknown,FOLLOWING TOO CLOSELY,SR37S & VICTOR,39.105552,-86.551104
2006,10,6,Weekday,1300,2-Car,Non-incapacitating,DISREGARD SIGNAL/REG SIGN,SR37S & VICTOR,39.105552,-86.551104
2006,10,6,Weekday,1500,3+ Cars,Non-incapacitating,DISREGARD SIGNAL/REG SIGN,SR37S & VICTOR,39.105552,-86.551104
2006,3,5,Weekday,1900,2-Car,Non-incapacitating,OVERCORRECTING/OVERSTEERING,ELWREN & STANFORD RD,39.10549446,-86.6661951
2006,10,5,Weekday,1700,1-Car,No injury/unknown,SPEED TOO FAST FOR WEATHER CONDITIONS,FAIRFAX RD & SCHACT,39.10518831,-86.52196977
2006,9,3,Weekday,2100,Moped/Motorcycle,Non-incapacitating,SHOULDER DEFECTIVE,SR37 & VICTOR,39.10487131,-86.55050549
2006,9,5,Weekday,800,1-Car,No injury/unknown,IMPROPER LANE USAGE,SR37S & VICTOR,39.10396588,-86.5497094
2006,7,5,Weekday,1400,1-Car,No injury/unknown,FOLLOWING TOO CLOSELY,FAIRFAX RD & SECOND,39.10322138,-86.51582056
2006,4,1,Weekday,2100,1-Car,No injury/unknown,ANIMAL/OBJECT IN ROADWAY,FAIRFAX RD & VERA,39.10313368,-86.517
2006,1,1,Weekend,200,1-Car,No injury/unknown,ANIMAL/OBJECT IN ROADWAY,HINDS & SR45,39.10243587,-86.64879287
2006,7,4,Weekday,1500,2-Car,Non-incapacitating,OVERCORRECTING/OVERSTEERING,STIPP,39.10190947,-86.48109415
2006,10,6,Weekday,1500,2-Car,Non-incapacitating,UNSAFE BACKING,VICTOR & VICTOR PIKE,39.10092666,-86.550692
2006,1,5,Weekday,1600,2-Car,No injury/unknown,NONE (ENVIRONMENTAL),HINDS & SR45,39.10068202,-86.65050579
2006,8,6,Weekday,700,1-Car,No injury/unknown,RAN OFF ROAD RIGHT,ADAMS HILL CIR & COUNTRYSIDE,39.10012621,-86.550799
2006,6,7,Weekend,2000,2-Car,Non-incapacitating,DRIVER DISTRACTED - EXPLAIN IN NARRATIVE,CHERRY & FAIR FAX RD,39.099901,-86.517795
2006,4,3,Weekday,800,2-Car,No injury/unknown,FAILURE TO YIELD RIGHT OF WAY,E MOFFETT & FAIRFAX,39.099899,-86.51802441
2006,1,2,Weekday,100,1-Car,Non-incapacitating,ALCOHOLIC BEVERAGES,FAIRFAX & MOFFITT LN,39.099899,-86.51722352
2006,12,7,Weekend,2300,1-Car,No injury/unknown,ANIMAL/OBJECT IN ROADWAY,COCKERELL & ROCKPORT RD,39.09987339,-86.57930123
2006,6,5,Weekday,700,2-Car,No injury/unknown,FOLLOWING TOO CLOSELY,MOFFETT LN & S FAIRFAX,39.09984,-86.5176
2006,4,7,Weekend,1400,1-Car,Non-incapacitating,RAN OFF ROAD RIGHT,HARRELL & MOFFITT LN,39.099792,-86.498448
2006,5,1,Weekend,1400,Moped/Motorcycle,Non-incapacitating,DRIVER DISTRACTED - EXPLAIN IN NARRATIVE,HINDS & SR45W,39.09926146,-86.6518931
2006,5,2,Weekday,,2-Car,Non-incapacitating,NONE (DRIVER),HINDS & SR 45,39.099152,-86.652
2006,11,5,Weekday,2000,2-Car,Non-incapacitating,SPEED TOO FAST FOR WEATHER CONDITIONS,HINDS & SR45W,39.099152,-86.652
2006,2,1,Weekend,300,2-Car,No injury/unknown,LEFT OF CENTER,CHERRY LN & FAIRFAX,39.097201,-86.51565896
2006,2,5,Weekday,1700,2-Car,No injury/unknown,OTHER (DRIVER) - EXPLAIN IN NARRATIVE,2ND & SUDBURY,39.09644745,-86.564095
2006,1,6,Weekday,100,1-Car,No injury/unknown,RAN OFF ROAD RIGHT,FOWLER & LEONARD SPRINGS RD,39.09514023,-86.59183287
2006,5,1,Weekend,1400,2-Car,Non-incapacitating,FAILURE TO YIELD RIGHT OF WAY,DILLMAN & SR37,39.09310047,-86.55272924
2006,7,3,Weekday,1600,2-Car,Incapacitating,FAILURE TO YIELD RIGHT OF WAY,DILLMAN & SR37,39.092976,-86.545648
2006,4,4,Weekday,1500,2-Car,Non-incapacitating,FAILURE TO YIELD RIGHT OF WAY,DILLMAN & SR 37,39.092976,-86.545648
2006,11,6,Weekday,1100,2-Car,No injury/unknown,FAILURE TO YIELD RIGHT OF WAY,DILLMAN & SR37,39.092976,-86.545648
2006,3,3,Weekday,1600,2-Car,Non-incapacitating,FAILURE TO YIELD RIGHT OF WAY,DILLMAN & SR 37,39.092976,-86.545648
2006,2,4,Weekday,1700,2-Car,No injury/unknown,FAILURE TO YIELD RIGHT OF WAY,DILLMAN & SR37S,39.092976,-86.545648
2006,6,6,Weekday,1600,2-Car,No injury/unknown,FAILURE TO YIELD RIGHT OF WAY,DILLMAN & SR37N,39.092976,-86.545648
2006,6,3,Weekday,1600,3+ Cars,No injury/unknown,FAILURE TO YIELD RIGHT OF WAY,DILLMAN & SR37,39.092976,-86.545648
2006,6,5,Weekday,1600,2-Car,No injury/unknown,FAILURE TO YIELD RIGHT OF WAY,DILLMAN & SR37,39.092976,-86.545648
2006,8,5,Weekday,1000,2-Car,No injury/unknown,FAILURE TO YIELD RIGHT OF WAY,DILLMAN & SR37S,39.092976,-86.545648
2006,11,6,Weekday,1300,1-Car,No injury/unknown,RAN OFF ROAD RIGHT,DILLMAN & OLD SR 37,39.09295,-86.544309
2006,10,1,Weekend,1200,2-Car,No injury/unknown,FAILURE TO YIELD RIGHT OF WAY,DILLMAN & S OLD HWY 37,39.092944,-86.544
2006,9,3,Weekday,1600,2-Car,Non-incapacitating,FAILURE TO YIELD RIGHT OF WAY,DILLMAN ROAD & SOUTH WALNUT (OLD SR 37) ST,39.09293264,-86.54417267
2006,4,5,Weekday,1700,2-Car,Non-incapacitating,FOLLOWING TOO CLOSELY,DILLMAN RD & FAIRFAX,39.09264,-86.51672
2006,7,6,Weekend,2000,1-Car,No injury/unknown,IMPROPER TURNING,PAYNETOWN OFFICE LN & SR446S,39.092112,-86.422832
2006,8,7,Weekend,2200,2-Car,Non-incapacitating,LEFT OF CENTER,446 & PAYNETOWN SRA MAIN ROAD RD,39.092112,-86.422832
2006,1,3,Weekday,2100,1-Car,No injury/unknown,SPEED TOO FAST FOR WEATHER CONDITIONS,DILLMAN & SR37,39.09160805,-86.54549954
2006,5,2,Weekday,1700,2-Car,No injury/unknown,UNSAFE SPEED,DILLMAN & SR37S,39.09160759,-86.54549948
2006,10,2,Weekday,900,3+ Cars,No injury/unknown,FOLLOWING TOO CLOSELY,DILLMAN & SR37N,39.09136948,-86.54547364
2006,8,7,Weekend,800,1-Car,No injury/unknown,ROADWAY SURFACE CONDITION,SALT CREEK & SR 446,39.09121181,-86.423297
2006,12,2,Weekday,500,1-Car,No injury/unknown,ANIMAL/OBJECT IN ROADWAY,DILLMAN & SR37S,39.09078654,-86.54541038
2006,12,2,Weekday,500,1-Car,No injury/unknown,ANIMAL/OBJECT IN ROADWAY,DILLMAN & SR37S,39.09078654,-86.54541038
2006,7,1,Weekday,1900,2-Car,No injury/unknown,FOLLOWING TOO CLOSELY,DILLMAN & SR37S,39.09023917,-86.54535097
2006,4,7,Weekend,1300,2-Car,No injury/unknown,OTHER TELEMATICS IN USE,BURCH & SR45,39.08993365,-86.66617511
2006,8,5,Weekday,2100,2-Car,No injury/unknown,FAILURE TO YIELD RIGHT OF WAY,SR45W & STATE ROAD 45,39.08985222,-86.66625547
2006,1,4,Weekday,1500,2-Car,No injury/unknown,FOLLOWING TOO CLOSELY,SR45 & STANFORD,39.08984,-86.666304
2006,10,1,Weekday,2000,3+ Cars,Non-incapacitating,FOLLOWING TOO CLOSELY,SR45 & STANFORD,39.08966827,-86.66658039
2006,12,7,Weekend,400,1-Car,No injury/unknown,DRIVER DISTRACTED - EXPLAIN IN NARRATIVE,CURRY & SR46,39.08795377,-86.57123388
2006,2,7,Weekend,600,1-Car,Non-incapacitating,ANIMAL/OBJECT IN ROADWAY,SPARKS & SR45,39.08689589,-86.67120996
2006,5,4,Weekday,2300,1-Car,Non-incapacitating,OVERCORRECTING/OVERSTEERING,BREEDEN & SR45,39.08685711,-86.67127964
2006,1,1,Weekend,1100,3+ Cars,No injury/unknown,FAILURE TO YIELD RIGHT OF WAY,SPARKS & SR45,39.086848,-86.671296
2006,6,1,Weekday,2300,1-Car,Non-incapacitating,SPEED TOO FAST FOR WEATHER CONDITIONS,SPARKS & SR 45,39.086848,-86.671296
2006,5,6,Weekday,1600,2-Car,No injury/unknown,OTHER (DRIVER) - EXPLAIN IN NARRATIVE,BREEDEN & SR 45,39.086832,-86.671984
2006,2,6,Weekday,1800,2-Car,Non-incapacitating,FOLLOWING TOO CLOSELY,BREEDEN & SR 45,39.086832,-86.671984
2006,12,6,Weekday,1600,2-Car,No injury/unknown,TIRE FAILURE OR DEFECTIVE,N BREEDEN & SR45S,39.086832,-86.671984
2006,7,3,Weekday,1600,Moped/Motorcycle,Incapacitating,ROADWAY SURFACE CONDITION,EMPIRE MILL & OLD STATE ROAD 37 RD,39.08624,-86.542
2006,2,7,Weekend,1100,1-Car,Incapacitating,IMPROPER LANE USAGE,EMPIRE MILL RD & OLD SR 37,39.08576531,-86.53469676
2006,5,4,Weekday,1400,2-Car,No injury/unknown,UNSAFE SPEED,OLD SR 37 & SR 37,39.085632,-86.542304
2006,11,2,Weekday,800,2-Car,Non-incapacitating,FAILURE TO YIELD RIGHT OF WAY,OLD SR 37 & SR37,39.085632,-86.542304
2006,5,5,Weekday,900,3+ Cars,No injury/unknown,OTHER (DRIVER) - EXPLAIN IN NARRATIVE,OLD SR 37 & SR37,39.085632,-86.542304
2006,10,7,Weekend,1500,2-Car,Non-incapacitating,FOLLOWING TOO CLOSELY,OLD SR 37 & SR 37,39.085632,-86.542304
2006,3,7,Weekend,1700,3+ Cars,Non-incapacitating,UNSAFE SPEED,OLD SR 37 & SR37,39.085632,-86.542304
2006,2,5,Weekday,1100,2-Car,Incapacitating,FAILURE TO YIELD RIGHT OF WAY,OLD SR 37 & SR 37,39.085632,-86.542304
2006,6,3,Weekday,600,2-Car,No injury/unknown,FOLLOWING TOO CLOSELY,OLD SR 37 HWY & SR37S,39.085632,-86.542304
2006,10,5,Weekday,800,1-Car,Incapacitating,RAN OFF ROAD RIGHT,BURCH RD & SPARKS,39.08536322,-86.66643303
2006,8,4,Weekday,700,2-Car,No injury/unknown,FOLLOWING TOO CLOSELY,OLD STATE ROAD 37 & SR37S,39.08528624,-86.54271101
2006,11,3,Weekday,1900,1-Car,No injury/unknown,ANIMAL/OBJECT IN ROADWAY,BREEDEN RD & SR45,39.08520056,-86.67228283
2006,4,4,Weekday,1800,1-Car,Non-incapacitating,OTHER (DRIVER) - EXPLAIN IN NARRATIVE,FAIRFAX RD & POINTE,39.08519388,-86.490099
2006,10,2,Weekday,1200,3+ Cars,Non-incapacitating,FOLLOWING TOO CLOSELY,OLD SR 37 & SR37S,39.08501307,-86.54177348
2006,8,3,Weekday,1100,2-Car,No injury/unknown,LEFT OF CENTER,S ROCKPORT & TRAMWAY RD,39.0846402,-86.582592
2006,8,6,Weekday,100,1-Car,Non-incapacitating,CELL PHONE USAGE,DILLMAN & FAIRFAX RD,39.08442268,-86.51599205
2006,9,3,Weekday,1400,3+ Cars,Non-incapacitating,DRIVER ASLEEP OR FATIGUED,DILLMAN & OLD SR37,39.08404446,-86.543198