Year,Month,Day,Weekend?,Hour,Collision Type,Injury Type,Primary Factor,Reported_Location,Latitude,Longitude
2006,4,7,Weekend,1200,2-Car,Non-incapacitating,LEFT OF CENTER,SR 37 & SR37,39.08399987,-86.54090503
2006,8,6,Weekday,1100,3+ Cars,Non-incapacitating,OTHER (DRIVER) - EXPLAIN IN NARRATIVE,OLD & SR37,39.08384,-86.540768
2006,10,3,Weekday,700,2-Car,No injury/unknown,FOLLOWING TOO CLOSELY,OLD STATE ROAD 37 & SR37N,39.0828755,-86.53996657
2006,11,5,Weekday,1200,2-Car,No injury/unknown,FAILURE TO YIELD RIGHT OF WAY,OLD & SR37N,39.08268731,-86.5398102
2006,9,3,Weekday,900,1-Car,Non-incapacitating,STEERING FAILURE,RUSH RIDGE & SR446,39.08215487,-86.41960949
2006,5,1,Weekend,600,1-Car,Non-incapacitating,ALCOHOLIC BEVERAGES,2ND AVE SANDERS & FAIRFAX RD,39.08161591,-86.51529385
2006,5,1,Weekend,1600,Moped/Motorcycle,Non-incapacitating,UNSAFE SPEED,RUSH RIDGE & SR446,39.08102094,-86.41862099
2006,2,4,Weekday,2100,1-Car,Non-incapacitating,UNSAFE SPEED,EVANS & HARMONY RD,39.08021672,-86.63132995
2006,10,4,Weekday,1600,1-Car,Non-incapacitating,UNSAFE SPEED,KOONTZ RD & ROCKVPORT,39.078944,-86.596304
2006,2,7,Weekend,900,1-Car,No injury/unknown,RAN OFF ROAD RIGHT,FLUCKMILL & VICTOR PIKE,39.07893318,-86.56898301
2006,6,4,Weekday,1700,1-Car,Non-incapacitating,RAN OFF ROAD RIGHT,BREEDEN RD & TOM PHILLIPS,39.07866638,-86.67556147
2006,4,1,Weekend,1500,1-Car,No injury/unknown,ROADWAY SURFACE CONDITION,FLUCK MILL & VICTOR,39.078601,-86.56914706
2006,6,2,Weekday,1900,1-Car,Non-incapacitating,RAN OFF ROAD RIGHT,LODGE RD & ROCKPORT,39.07757584,-86.59177241
2006,5,4,Weekday,300,1-Car,No injury/unknown,NONE (DRIVER),SR37,39.07704,-86.53616
2006,5,6,Weekday,1800,1-Car,Non-incapacitating,RAN OFF ROAD RIGHT,SR37,39.07704,-86.53616
2006,1,1,Weekday,1900,Moped/Motorcycle,Non-incapacitating,IMPROPER TURNING,KETCHUM & OLD SR 37,39.07681286,-86.5428181
2006,9,7,Weekend,1500,2-Car,No injury/unknown,UNSAFE SPEED,FAIRFAX & STRAINRIDGE RD,39.074448,-86.5056
2006,12,2,Weekday,2000,2-Car,Non-incapacitating,IMPROPER LANE USAGE,COLLEGE MALL RD & COVENANTER,39.0735195,-86.497897
2006,11,3,Weekday,1300,1-Car,No injury/unknown,ROADWAY SURFACE CONDITION,SALT CREEK & SR446,39.07195895,-86.42243138
2006,9,2,Weekday,1200,2-Car,Non-incapacitating,FAILURE TO YIELD RIGHT OF WAY,SMITHVILLE RD & ZIKES,39.071344,-86.5252
2006,7,6,Weekday,1700,2-Car,No injury/unknown,DISREGARD SIGNAL/REG SIGN,FAIRFAX & SMITHVILLE,39.071152,-86.503088
2006,7,3,Weekday,1600,Moped/Motorcycle,Non-incapacitating,FAILURE TO YIELD RIGHT OF WAY,SMITHVILLE & SR37,39.07106422,-86.53560078
2006,5,3,Weekday,1600,2-Car,No injury/unknown,FAILURE TO YIELD RIGHT OF WAY,SMITHVILLE & SR37,39.071056,-86.5356
2006,10,5,Weekday,1600,2-Car,Non-incapacitating,UNSAFE SPEED,SR 37 & SR37,39.071056,-86.5356
2006,11,1,Weekend,100,1-Car,No injury/unknown,OVERCORRECTING/OVERSTEERING,SMITHVILLE & SR37,39.071056,-86.5356
2006,8,7,Weekend,1400,1-Car,Non-incapacitating,ANIMAL/OBJECT IN ROADWAY,SMITHVILLE RD & SOCIETY,39.071056,-86.517488
2006,12,5,Weekday,1700,1-Car,Non-incapacitating,ANIMAL/OBJECT IN ROADWAY,SR37,39.071056,-86.5356
2006,11,7,Weekend,1100,2-Car,Non-incapacitating,FAILURE TO YIELD RIGHT OF WAY,SMITHVILLE & SR37,39.071056,-86.5356
2006,6,1,Weekday,2100,2-Car,Non-incapacitating,FAILURE TO YIELD RIGHT OF WAY,SMITHVILLE & SR37,39.071056,-86.5356
2006,5,5,Weekday,1800,2-Car,No injury/unknown,IMPROPER LANE USAGE,SMITHVILLE & SR37,39.071056,-86.5356
2006,6,6,Weekday,900,2-Car,No injury/unknown,FOLLOWING TOO CLOSELY,SMITHVILLE & SR37N,39.071056,-86.5356
2006,12,4,Weekday,1000,2-Car,Incapacitating,FAILURE TO YIELD RIGHT OF WAY,SMITHVILLE & SR37S,39.071056,-86.5356
2006,12,6,Weekday,700,1-Car,No injury/unknown,RAN OFF ROAD RIGHT,E SMITHVILLE RD RD & SOCIETY LANE,39.071056,-86.517488
2006,7,3,Weekday,1600,2-Car,No injury/unknown,ROAD UNDER CONSTRUCTION,SMITHVILLE RD & SR 37,39.07103493,-86.53551574
2006,1,2,Weekday,1000,2-Car,Incapacitating,FAILURE TO YIELD RIGHT OF WAY,SMITHVILLE & SR37,39.07093943,-86.53609256
2006,11,5,Weekday,2100,2-Car,No injury/unknown,OTHER (DRIVER) - EXPLAIN IN NARRATIVE,EASTGATE & SR46E,39.06441918,-86.50147033
2006,5,4,Weekday,2000,1-Car,No injury/unknown,LEFT OF CENTER,CLEVE BUTCHER & FAIRFAX RD,39.06391999,-86.49911635
2006,6,1,Weekend,600,1-Car,No injury/unknown,RAN OFF ROAD RIGHT,CAROWINDS & FAIRFAX RD,39.06241276,-86.49845788
2006,8,3,Weekday,1300,2-Car,Non-incapacitating,LEFT OF CENTER,N MAPLE GROVE RD & W LOST MANS,39.06050042,-86.566
2006,6,7,Weekend,2100,2-Car,Non-incapacitating,FAILURE TO YIELD RIGHT OF WAY,LIBERTY DR & WEST 3RD,39.05885458,-86.5791
2006,3,4,Weekday,1800,1-Car,No injury/unknown,OTHER (DRIVER) - EXPLAIN IN NARRATIVE,FAIRFAX RD & SCOTT,39.05880408,-86.498432
2006,10,5,Weekday,1700,1-Car,Non-incapacitating,UNSAFE SPEED,SR446 & WALDRIP CREEK,39.05869837,-86.41293476
2006,12,6,Weekday,600,1-Car,No injury/unknown,OBSTRUCTION NOT MARKED,MILTON & VICTOR,39.05734659,-86.58475556
2006,5,2,Weekday,1100,1-Car,Non-incapacitating,ROADWAY SURFACE CONDITION,SR37S & VERNAL,39.05044298,-86.5609886
2006,4,2,Weekday,700,1-Car,Non-incapacitating,OTHER (DRIVER) - EXPLAIN IN NARRATIVE,SR37 & ZIKES,39.049456,-86.535888
2006,8,6,Weekday,1700,2-Car,No injury/unknown,FAILURE TO YIELD RIGHT OF WAY,OLD SR 37 & ZIKES,39.049456,-86.540992
2006,6,7,Weekend,1900,2-Car,No injury/unknown,FOLLOWING TOO CLOSELY,SR37 & ZIKES,39.04808272,-86.53587771
2006,1,4,Weekday,700,2-Car,No injury/unknown,LEFT OF CENTER,SR37N & ZIKES,39.04698409,-86.53586948
2006,3,4,Weekday,1200,1-Car,No injury/unknown,RAN OFF ROAD RIGHT,MORMAN & OLD SR 37,39.04607151,-86.541099
2006,9,4,Weekday,2300,Moped/Motorcycle,Non-incapacitating,NONE (DRIVER),HAYS & SR446,39.04464,-86.407952
2006,4,7,Weekend,100,1-Car,No injury/unknown,ALCOHOLIC BEVERAGES,MOARES PIKE & SMITH RD,39.04449446,-86.480399
2006,12,1,Weekday,2300,2-Car,No injury/unknown,LEFT OF CENTER,BREEDEN & CARTER RD,39.0435,-86.666199
2006,1,2,Weekday,600,1-Car,No injury/unknown,ANIMAL/OBJECT IN ROADWAY,SR37 & ZIKES,39.04220784,-86.53582731
2006,12,1,Weekend,200,1-Car,No injury/unknown,DRIVER ASLEEP OR FATIGUED,BLK OLD SR 37 SOUTH HWY,39.042101,-86.541194
2006,6,6,Weekday,100,1-Car,Fatal,RAN OFF ROAD RIGHT,CLEVE BUTCHER & FAIRFAX RD,39.03656127,-86.49099419
2006,10,1,Weekday,2100,1-Car,No injury/unknown,OVERCORRECTING/OVERSTEERING,CHAPEL HILL & SR 446,39.03623983,-86.40760334
2006,9,7,Weekend,1600,2-Car,Non-incapacitating,FAILURE TO YIELD RIGHT OF WAY,POINT RD & STRAIN RIDGE,39.0349,-86.516895
2006,11,5,Weekday,1800,1-Car,Non-incapacitating,RAN OFF ROAD RIGHT,FAIRFAX & POINTE RD,39.034834,-86.50206925
2006,11,6,Weekend,2100,Moped/Motorcycle,Non-incapacitating,OTHER (DRIVER) - EXPLAIN IN NARRATIVE,FAIRFAX RD,39.034459,-86.490431
2006,4,5,Weekday,1600,1-Car,No injury/unknown,OTHER (DRIVER) - EXPLAIN IN NARRATIVE,ALLENS CREEK & SR446,39.03398123,-86.40826185
2006,9,7,Weekend,1600,1-Car,No injury/unknown,ANIMAL/OBJECT IN ROADWAY,ALLENS CREEK & SR446S,39.03302736,-86.40834902
2006,1,1,Weekend,1000,1-Car,Non-incapacitating,RAN OFF ROAD RIGHT,ALLENS CREEK & SR446,39.03276514,-86.40826594
2006,5,4,Weekday,1500,1-Car,No injury/unknown,UNSAFE SPEED,CHAPEL HILL & SR 446,39.03108093,-86.40754503
2006,9,7,Weekend,1000,1-Car,Non-incapacitating,ROADWAY SURFACE CONDITION,ALLENS & SR446,39.03061792,-86.40758126
2006,4,6,Weekend,2200,1-Car,Non-incapacitating,ALCOHOLIC BEVERAGES,CHAPEL HILL & SR446,39.03011239,-86.40775735
2006,8,7,Weekend,1100,1-Car,Non-incapacitating,SPEED TOO FAST FOR WEATHER CONDITIONS,ALLENS CREEK & SR446,39.02945163,-86.4079875
2006,11,2,Weekday,1000,1-Car,No injury/unknown,OTHER (DRIVER) - EXPLAIN IN NARRATIVE,SNOW RD,39.02909191,-86.65871358
2006,7,1,Weekend,1000,1-Car,Non-incapacitating,RAN OFF ROAD RIGHT,CHAPEL HILL & SR446,39.02843027,-86.40780689
2006,1,7,Weekend,1600,1-Car,Non-incapacitating,RAN OFF ROAD RIGHT,MONROE DAM & SR37,39.02815675,-86.53431707
2006,10,7,Weekend,900,2-Car,No injury/unknown,IMPROPER TURNING,HUNTER CRK & TOWER RIDGE RD,39.02693709,-86.33404214
2006,2,6,Weekend,2200,1-Car,No injury/unknown,UNSAFE SPEED,FOGGY MORNING & MONROE DAM RD,39.02110979,-86.53152635
2006,9,4,Weekday,800,2-Car,Non-incapacitating,UNSAFE SPEED,MONROE DAM & SR37S,39.020048,-86.536096
2006,5,4,Weekday,900,2-Car,No injury/unknown,UNSAFE BACKING,37 & MONROE DAM RD,39.01937952,-86.53454167
2006,1,2,Weekday,700,1-Car,No injury/unknown,ANIMAL/OBJECT IN ROADWAY,MONROE DAM RD & STRAIN RIDGE,39.01911037,-86.52329174
2006,8,2,Weekday,2100,2-Car,Non-incapacitating,ALCOHOLIC BEVERAGES,MONROE DAM & STRAIN RIDGE,39.018656,-86.522896
2006,10,4,Weekday,100,2-Car,No injury/unknown,DISREGARD SIGNAL/REG SIGN,MONROE DAM RD & STRAIN RIDGE,39.018656,-86.522896
2006,4,5,Weekday,1800,2-Car,Non-incapacitating,FOLLOWING TOO CLOSELY,ROHER & SOUTH WALNUT ST,39.01696998,-86.531399
2006,4,3,Weekday,700,3+ Cars,Non-incapacitating,UNSAFE SPEED,OLD STATE ROAD 37 & ORCHARD,39.01587095,-86.531395
2006,10,6,Weekday,1800,1-Car,No injury/unknown,UNSAFE SPEED,SR 446 & TOWER RIDGE,39.015088,-86.401232
2006,1,2,Weekday,2000,1-Car,No injury/unknown,UNSAFE SPEED,SR446 & TOWER RDG,39.015088,-86.401232
2006,8,3,Weekday,1000,2-Car,No injury/unknown,IMPROPER PASSING,SR446S & TOWER RIDGE,39.015088,-86.401232
2006,11,2,Weekday,700,1-Car,No injury/unknown,RAN OFF ROAD RIGHT,HOBART & SR37,39.014352,-86.537088
2006,8,3,Weekday,500,2-Car,No injury/unknown,FAILURE TO YIELD RIGHT OF WAY,HOBART & SR37S,39.014352,-86.537088
2006,9,3,Weekday,1200,2-Car,Non-incapacitating,SPEED TOO FAST FOR WEATHER CONDITIONS,GORE & HOBART RD,39.014048,-86.544896
2006,8,7,Weekend,100,1-Car,No injury/unknown,DRIVER DISTRACTED - EXPLAIN IN NARRATIVE,LEE PHILLIPS & SNOW RD,39.01294826,-86.64908181
2006,2,7,Weekend,1200,2-Car,No injury/unknown,FAILURE TO YIELD RIGHT OF WAY,S KETCHAM & W POPCORN RD,39.011744,-86.562
2006,1,1,Weekday,1900,1-Car,No injury/unknown,ANIMAL/OBJECT IN ROADWAY,CHUMLEY & OLD STATE ROAD 37 HWY,39.01116473,-86.541
2006,12,6,Weekday,500,1-Car,No injury/unknown,ANIMAL/OBJECT IN ROADWAY,KETCHUM & POPCORN RD,39.01030523,-86.56371071
2006,12,1,Weekend,100,1-Car,Non-incapacitating,DRIVER ASLEEP OR FATIGUED,HARRODSBURG RD & POPCORN,39.00933166,-86.54459846
2006,10,6,Weekday,1700,2-Car,Non-incapacitating,FOLLOWING TOO CLOSELY,SR37S & STATE ROAD 37,39.00613854,-86.54271101
2006,1,4,Weekday,1800,1-Car,No injury/unknown,DRIVER ILLNESS,CHAPEL HILL RD & GUTHRIE,39.0034909,-86.4396279
2006,9,6,Weekend,2000,1-Car,Non-incapacitating,ALCOHOLIC BEVERAGES,FAIRFAX & WESLEY,39.00277508,-86.498499
2006,1,6,Weekend,2200,2-Car,No injury/unknown,LEFT OF CENTER,POPCORN RD & SPRINGVILLE,38.999504,-86.591824
2006,11,4,Weekday,1500,2-Car,Non-incapacitating,FOLLOWING TOO CLOSELY,INGRAM & SR37,38.99476148,-86.53728081
2006,6,7,Weekend,2100,2-Car,No injury/unknown,OTHER (ENVIRONMENTAL) - EXPLAIN IN NARR,CAMP GROUND RD,0,0
2006,8,6,Weekday,700,2-Car,No injury/unknown,PRESCRIPTION DRUGS,INDUSTRIAL BLVD,0,0
2006,8,5,Weekday,1600,2-Car,No injury/unknown,DRIVER DISTRACTED - EXPLAIN IN NARRATIVE,CAMP STORE & CAMPGROUND RD,0,0
2006,4,4,Weekday,1600,1-Car,No injury/unknown,OTHER (VEHICLE) - EXPLAIN IN NARRATIVE,NONE,0,0
2006,7,1,Weekend,1100,1-Car,No injury/unknown,UNSAFE SPEED,MERRITT & SR446,0,0
2006,2,1,Weekend,1300,2-Car,No injury/unknown,OTHER (DRIVER) - EXPLAIN IN NARRATIVE,DELTA TAU DELTA LOT & JORDAN,0,0
2006,6,6,Weekday,1500,2-Car,No injury/unknown,FAILURE TO YIELD RIGHT OF WAY,8TH & ALLEY,0,0
2006,6,2,Weekday,1800,2-Car,No injury/unknown,FAILURE TO YIELD RIGHT OF WAY,7TH ST,0,0
2006,4,7,Weekend,2200,2-Car,No injury/unknown,UNSAFE BACKING,3RD & FOREST CIRCLE DR,0,0
2006,4,5,Weekday,100,1-Car,No injury/unknown,RAN OFF ROAD RIGHT,17TH & BLUE LOT,0,0
2006,2,1,Weekend,1500,1-Car,No injury/unknown,OTHER (DRIVER) - EXPLAIN IN NARRATIVE,JORDAN AVE & REED,0,0
2006,4,4,Weekday,1700,2-Car,No injury/unknown,FAILURE TO YIELD RIGHT OF WAY,JORDAN AVE,0,0
2006,3,6,Weekday,1700,2-Car,Non-incapacitating,FAILURE TO YIELD RIGHT OF WAY,ARWATER AVE & FESS,0,0
2006,4,6,Weekend,2000,2-Car,No injury/unknown,FAILURE TO YIELD RIGHT OF WAY,ALLEY & DUNN,0,0
2006,1,4,Weekday,1100,2-Car,No injury/unknown,UNSAFE BACKING,3RD & MUSIC CIRCLE DR,0,0
2006,7,3,Weekday,1000,2-Car,No injury/unknown,FAILURE TO YIELD RIGHT OF WAY,10TH & TULIP TREE DR,0,0
2006,4,6,Weekday,1600,1-Car,No injury/unknown,IMPROPER TURNING,JORDAN AVE,0,0
2006,2,5,Weekday,1100,2-Car,No injury/unknown,OTHER (VEHICLE) - EXPLAIN IN NARRATIVE,FOSTER EAST PARKING LOT & LAW,0,0
2006,1,3,Weekday,1900,2-Car,No injury/unknown,UNSAFE BACKING,17TH & ASSEMBLY HALL BLUE PARKING LOT,0,0
2006,7,4,Weekday,2100,1-Car,No injury/unknown,UNSAFE SPEED,MAPLE GRV & NAPLE,0,0
2006,7,5,Weekday,1600,1-Car,No injury/unknown,UNSAFE SPEED,8183 KETCHUN & KETCHUM RD,0,0
2006,3,4,Weekday,800,1-Car,Non-incapacitating,RAN OFF ROAD RIGHT,MCNEELY & UNION VALLEY RD,0,0
2006,7,1,Weekend,1000,1-Car,No injury/unknown,UNSAFE SPEED,BLOCK S ROGERS ST & THAT,0,0
2006,8,5,Weekday,900,1-Car,No injury/unknown,RAN OFF ROAD RIGHT,FRY RD & MT PLEASANT,0,0
2006,12,5,Weekday,1000,2-Car,No injury/unknown,FAILURE TO YIELD RIGHT OF WAY,SALES & TEMPERANCE ST,0,0
2006,4,6,Weekday,1200,2-Car,Non-incapacitating,FAILURE TO YIELD RIGHT OF WAY,CAPITAL & SR46,0,0
2006,8,2,Weekday,1200,2-Car,Non-incapacitating,FAILURE TO YIELD RIGHT OF WAY,HARTSTRAIT & SR46,0,0
2006,8,4,Weekday,1300,2-Car,Non-incapacitating,FAILURE TO YIELD RIGHT OF WAY,CHANDLER & SR46,0,0
2006,11,4,Weekday,1400,1-Car,No injury/unknown,FAILURE TO YIELD RIGHT OF WAY,RICHLAND PLAZA DR & SR46,0,0
2006,11,6,Weekday,1500,3+ Cars,Non-incapacitating,FOLLOWING TOO CLOSELY,GRANT & TEMPERANCE,0,0
2006,2,2,Weekday,800,1-Car,Non-incapacitating,PRESCRIPTION DRUGS,PRIVATE LOT & SR46,0,0
2006,3,6,Weekday,1600,2-Car,Non-incapacitating,IMPROPER PASSING,HARTSTRAIGHT & SR46,0,0
2006,2,7,Weekend,1800,3+ Cars,Non-incapacitating,DRIVER DISTRACTED - EXPLAIN IN NARRATIVE,HARTSTRAIGHT & SR46,0,0
2006,1,6,Weekday,1300,2-Car,Non-incapacitating,FAILURE TO YIELD RIGHT OF WAY,BRIARGATE & SR46,0,0
2006,1,5,Weekday,600,1-Car,No injury/unknown,NONE (VEHICLE),CAPITAL & SR 46,0,0
2006,1,1,Weekend,1500,1-Car,No injury/unknown,RAN OFF ROAD RIGHT,DEPOT & SR 46,0,0
2006,3,7,Weekend,400,1-Car,Non-incapacitating,RAN OFF ROAD LEFT,HARTSTRAIGHT & TEMPERANCE ST,0,0
2006,3,6,Weekday,1500,2-Car,Non-incapacitating,ILLEGAL DRUGS,CAPITOL & SR46,0,0
2006,8,2,Weekday,1500,2-Car,Non-incapacitating,FAILURE TO YIELD RIGHT OF WAY,GRANT & SR46,0,0
2006,6,5,Weekday,2300,3+ Cars,Non-incapacitating,ROADWAY SURFACE CONDITION,CHANDLER & SR46,0,0
2006,5,5,Weekday,1400,2-Car,No injury/unknown,DRIVER DISTRACTED - EXPLAIN IN NARRATIVE,PINE LANE & SALE  STREET,0,0
2006,9,7,Weekend,2100,2-Car,Non-incapacitating,FAILURE TO YIELD RIGHT OF WAY,OUTBACK & SR46,0,0
2006,9,2,Weekday,1600,2-Car,No injury/unknown,OTHER (DRIVER) - EXPLAIN IN NARRATIVE,HARTSTRAIT & TEMPERANCE,0,0
2006,9,1,Weekend,1400,3+ Cars,No injury/unknown,OTHER (DRIVER) - EXPLAIN IN NARRATIVE,HARSTRAIT & TEMPERANCE,0,0
2006,9,5,Weekday,1700,2-Car,No injury/unknown,IMPROPER LANE USAGE,BRIAR GATE & SR46,0,0
2006,2,3,Weekday,2200,2-Car,No injury/unknown,UNSAFE BACKING,BALFOUR & JORDAN AVE,0,0
2006,7,7,Weekend,1700,2-Car,No injury/unknown,OTHER (DRIVER) - EXPLAIN IN NARRATIVE,7TH & FINE ARTS,0,0
2006,7,6,Weekend,2100,2-Car,No injury/unknown,ALCOHOLIC BEVERAGES,7TH & E 7TH PARKING LOT,0,0
2006,3,5,Weekday,900,1-Car,No injury/unknown,OTHER (DRIVER) - EXPLAIN IN NARRATIVE,IU CREDIT UNION DR & SEVENTEENTH,0,0
2006,7,7,Weekend,2300,2-Car,No injury/unknown,UNSAFE BACKING,INDIANA & VON LEE PARKING LOT,0,0
2006,8,4,Weekday,800,2-Car,No injury/unknown,UNSAFE BACKING,GRAVEL & HEADLEY,0,0
2006,2,3,Weekday,800,2-Car,No injury/unknown,DRIVER DISTRACTED - EXPLAIN IN NARRATIVE,ASHTON PARKING LOT & TENTH,0,0
2006,2,4,Weekday,1900,2-Car,No injury/unknown,OTHER (DRIVER) - EXPLAIN IN NARRATIVE,HEALTH CENTER PARKING LOT & JORDAN,0,0
2006,2,6,Weekday,1500,Bus,No injury/unknown,OTHER (DRIVER) - EXPLAIN IN NARRATIVE,10TH & TULIP TREE DR,0,0
2006,4,1,Weekday,1900,2-Car,No injury/unknown,OTHER (DRIVER) - EXPLAIN IN NARRATIVE,FOREST & KIRKWOOD AVE,0,0
2006,5,6,Weekday,1700,1-Car,No injury/unknown,DRIVER DISTRACTED - EXPLAIN IN NARRATIVE,N JORDON & PARKING LOT OF N JORDON AVE,0,0
2006,2,7,Weekend,1900,2-Car,No injury/unknown,OTHER (DRIVER) - EXPLAIN IN NARRATIVE,PARKING LOT & SWAIN,0,0
2006,5,4,Weekday,900,2-Car,No injury/unknown,UNSAFE BACKING,10TH & 10TH PARKING LOT,0,0
2006,3,5,Weekday,900,2-Car,No injury/unknown,OTHER (DRIVER) - EXPLAIN IN NARRATIVE,SEVENTEENTH & STADIUM CONCOURSE,0,0
2006,3,7,Weekend,400,1-Car,No injury/unknown,ALCOHOLIC BEVERAGES,PARK & RAILROAD TRACKS,0,0
2006,4,3,Weekday,1300,2-Car,Non-incapacitating,FAILURE TO YIELD RIGHT OF WAY,FORTEENTH & INDIANA AVE,0,0
2006,5,4,Weekday,500,2-Car,No injury/unknown,IMPROPER TURNING,DUNN ST & SR 45 46,0,0
2006,5,1,Weekday,1900,1-Car,No injury/unknown,ANIMAL/OBJECT IN ROADWAY,BALFOUR & SR45,0,0
2006,4,7,Weekend,1800,2-Car,No injury/unknown,FAILURE TO YIELD RIGHT OF WAY,AT WATER & PARK,0,0
2006,5,4,Weekday,800,2-Car,No injury/unknown,OTHER (DRIVER) - EXPLAIN IN NARRATIVE,3RD & UNIVERSITY EAST DR,0,0
2006,7,1,Weekend,1200,2-Car,No injury/unknown,UNSAFE BACKING,JORDAN & JORDAN SQUARE LOT,0,0
2006,7,4,Weekday,1000,2-Car,No injury/unknown,LEFT OF CENTER,4TH ST & WALNUT,0,0
2006,7,4,Weekday,2000,1-Car,No injury/unknown,IMPROPER TURNING,JORDAN & N DRIVE OF READ,0,0
2006,3,7,Weekend,1100,Bus,Non-incapacitating,OTHER (DRIVER) - EXPLAIN IN NARRATIVE,ASSEBBLY HALL & FEE,0,0
2006,10,1,Weekday,2300,1-Car,Fatal,OTHER (DRIVER) - EXPLAIN IN NARRATIVE,PRIVATE DR,0,0
2006,10,6,Weekend,2200,2-Car,No injury/unknown,FAILURE TO YIELD RIGHT OF WAY,OLD WALNUT ST & RHORER,0,0
2006,12,4,Weekday,500,1-Car,No injury/unknown,OVERCORRECTING/OVERSTEERING,RATLIFF & THAMES,0,0
2006,10,6,Weekday,1800,1-Car,No injury/unknown,OTHER (DRIVER) - EXPLAIN IN NARRATIVE,SR37 & WAYSIDE,0,0
2006,10,4,Weekday,200,1-Car,No injury/unknown,OTHER (DRIVER) - EXPLAIN IN NARRATIVE,MONROE & PROFILE,0,0
2006,10,2,Weekday,2000,1-Car,Non-incapacitating,ROADWAY SURFACE CONDITION,HOADLEY & MAIN ST,0,0
2006,4,5,Weekday,1400,2-Car,No injury/unknown,FAILURE TO YIELD RIGHT OF WAY,GRANT & SR46,0,0
2006,2,3,Weekday,1500,2-Car,No injury/unknown,IMPROPER LANE USAGE,FORREST PARK & SR46,0,0
2006,1,3,Weekday,1200,2-Car,No injury/unknown,FAILURE TO YIELD RIGHT OF WAY,PK LOT COLLEGE MALL APTS,0,0
2006,8,7,Weekend,1500,2-Car,Non-incapacitating,OTHER (DRIVER) - EXPLAIN IN NARRATIVE,HEDRICK & SR 46,0,0
2006,1,1,Weekday,1900,2-Car,No injury/unknown,OVERCORRECTING/OVERSTEERING,CHESTNUT & S HIGHLLAND,0,0
2006,2,5,Weekday,1000,2-Car,No injury/unknown,FOLLOWING TOO CLOSELY,State Road 37 45 & WHITEHALL CROSSAGE,0,0
2006,3,4,Weekday,1500,2-Car,No injury/unknown,FAILURE TO YIELD RIGHT OF WAY,OAKDALE & SR 45,0,0
2006,2,6,Weekday,800,2-Car,No injury/unknown,FOLLOWING TOO CLOSELY,10TH ST & WOODBRIDGE,0,0
2006,4,5,Weekday,1500,2-Car,No injury/unknown,UNSAFE BACKING,11TH ST,0,0
2006,4,5,Weekday,1600,2-Car,No injury/unknown,UNSAFE BACKING,10TH & PARKING LOT,0,0
2006,4,7,Weekend,2100,2-Car,No injury/unknown,FAILURE TO YIELD RIGHT OF WAY,17TH ST,0,0
2006,6,4,Weekday,2200,2-Car,No injury/unknown,UNSAFE BACKING,FEE & MCNUTT QUAD CIRCLE DR,0,0
2006,2,4,Weekday,700,2-Car,No injury/unknown,OTHER (DRIVER) - EXPLAIN IN NARRATIVE,10TH AN SUNRISE & CROSSTOWN PARKING LOT,0,0
2006,1,5,Weekday,1600,Pedestrian,Non-incapacitating,FAILURE TO YIELD RIGHT OF WAY,10TH ST & ONION,0,0
2006,1,3,Weekday,1300,Bus,No injury/unknown,UNSAFE BACKING,CIRCLE DR & SEVENTH,0,0
2006,1,7,Weekend,2000,2-Car,No injury/unknown,FAILURE TO YIELD RIGHT OF WAY,JORDAN AVE & READ,0,0
2006,2,2,Weekday,1600,2-Car,No injury/unknown,UNSAFE BACKING,FOSTER LOT & LAW,0,0
2006,2,3,Weekday,1200,2-Car,No injury/unknown,UNSAFE BACKING,4TH AND DUNN LOT & FOURTH AND DUNN,0,0
2006,3,1,Weekend,1700,2-Car,No injury/unknown,NONE (DRIVER),PRIVATE LOT E MATLOCK,0,0
2006,1,3,Weekday,2300,1-Car,Non-incapacitating,PEDESTRIAN ACTION,3RD & WALNUT ST,0,0
2006,1,5,Weekday,1400,3+ Cars,Incapacitating,UNSAFE SPEED,COBBLECREEK & SMITH RD,0,0
2006,1,1,Weekend,1500,2-Car,Non-incapacitating,FOLLOWING TOO CLOSELY,10TH & 45 46 BYP,0,0
2006,1,6,Weekday,1600,2-Car,No injury/unknown,FAILURE TO YIELD RIGHT OF WAY,15TH & WALNUT ST,0,0
2006,1,5,Weekday,400,1-Car,No injury/unknown,ANIMAL/OBJECT IN ROADWAY,BLOOMFIELD RD & FRONTAGE,0,0
2006,2,7,Weekend,1200,2-Car,Non-incapacitating,DISREGARD SIGNAL/REG SIGN,1ST & WALNUT,0,0
2006,1,7,Weekend,1200,Moped/Motorcycle,Non-incapacitating,DISREGARD SIGNAL/REG SIGN,4TH & WALNUT ST,0,0
2006,1,7,Weekend,,2-Car,No injury/unknown,UNSAFE BACKING,PARKING LOT E ATWATER AVE,0,0
2006,1,3,Weekday,1000,2-Car,No injury/unknown,DISREGARD SIGNAL/REG SIGN,KINSER & SR 45 46 BYP,0,0
2006,2,4,Weekday,900,1-Car,Non-incapacitating,OTHER (DRIVER) - EXPLAIN IN NARRATIVE,BROWNCLIFF & PRIVATE DRIVE,0,0
2006,2,2,Weekday,1800,2-Car,No injury/unknown,OTHER (DRIVER) - EXPLAIN IN NARRATIVE,CLARIZZ BLVD,0,0
2006,3,2,Weekday,700,2-Car,Non-incapacitating,FAILURE TO YIELD RIGHT OF WAY,GREENE CO LINE & SR45,0,0
2006,8,6,Weekday,1100,1-Car,No injury/unknown,STEERING FAILURE,REDHILL RD & WSR46,0,0
2006,10,3,Weekday,700,3+ Cars,Incapacitating,,ORCHARD & SR37,0,0
2006,10,6,Weekday,700,2-Car,No injury/unknown,OTHER (DRIVER) - EXPLAIN IN NARRATIVE,BURMA RD & FOUR,0,0
2006,11,3,Weekday,1000,2-Car,Non-incapacitating,OTHER (DRIVER) - EXPLAIN IN NARRATIVE,PROFILE & SR48,0,0
2006,4,1,Weekday,2200,1-Car,Non-incapacitating,ANIMAL/OBJECT IN ROADWAY,ROCKPORT & STANISFER LN,0,0
2006,4,2,Weekday,2100,1-Car,No injury/unknown,UNSAFE SPEED,ESR45 & MT GILEAD,0,0