Year,Month,Day,Weekend?,Hour,Collision Type,Injury Type,Primary Factor,Reported_Location,Latitude,Longitude
2006,4,5,Weekday,1700,1-Car,No injury/unknown,ANIMAL/OBJECT IN ROADWAY,SHADY SIDE & SHIELDS RIDGE,0,0
2006,4,6,Weekday,1700,1-Car,Non-incapacitating,DRIVER ILLNESS,COUNTY LINE & FLATWOODS,0,0
2006,4,4,Weekday,1900,Moped/Motorcycle,Non-incapacitating,UNSAFE SPEED,SR446 & WALDRIP CREEK,0,0
2006,4,1,Weekday,2200,1-Car,Non-incapacitating,SPEED TOO FAST FOR WEATHER CONDITIONS,DELAP & MAPLE,0,0
2006,4,2,Weekday,1900,2-Car,Non-incapacitating,FAILURE TO YIELD RIGHT OF WAY,OLDSR37 & SR37,0,0
2006,4,7,Weekend,1800,2-Car,No injury/unknown,UNSAFE SPEED,BETHEL LN & OLD,0,0
2006,4,7,Weekend,1600,2-Car,No injury/unknown,FOLLOWING TOO CLOSELY,CHURCH & SR37,0,0
2006,6,7,Weekend,,3+ Cars,Non-incapacitating,DRIVER ASLEEP OR FATIGUED,BENT PINE & SR45,0,0
2006,6,6,Weekday,100,1-Car,No injury/unknown,NONE (DRIVER),SIMPSON CHAPEL & SR374,0,0
2006,7,1,Weekday,1900,2-Car,Non-incapacitating,LEFT OF CENTER,WALKER,0,0
2006,7,4,Weekday,1500,2-Car,Non-incapacitating,OTHER (DRIVER) - EXPLAIN IN NARRATIVE,MORGNING GLORY & ZINNIA,0,0
2006,8,6,Weekday,300,1-Car,Non-incapacitating,RAN OFF ROAD RIGHT,INGRAM & S OLD 37,0,0
2006,8,2,Weekday,1500,2-Car,Non-incapacitating,UNSAFE BACKING,MCGOUGAL ST,0,0
2006,8,4,Weekday,1900,1-Car,Non-incapacitating,ALCOHOLIC BEVERAGES,DALLAS & HARTSTRAIT,0,0
2006,9,1,Weekend,1600,Moped/Motorcycle,Non-incapacitating,RAN OFF ROAD RIGHT,BROWN COUNTY LINE & SR45,0,0
2006,9,4,Weekday,1800,2-Car,Non-incapacitating,SPEED TOO FAST FOR WEATHER CONDITIONS,MC NEELY & UNION VALLEY,0,0
2006,8,1,Weekend,300,2-Car,No injury/unknown,ROADWAY SURFACE CONDITION,MORMAN & SR37,0,0
2006,8,6,Weekend,2200,1-Car,No injury/unknown,RAN OFF ROAD RIGHT,INGRAM & SR37,0,0
2006,9,7,Weekend,1700,2-Car,No injury/unknown,FAILURE TO YIELD RIGHT OF WAY,BETHEL & SR37,0,0
2006,9,3,Weekday,2000,2-Car,Non-incapacitating,DRIVER DISTRACTED - EXPLAIN IN NARRATIVE,PROFILE & SR 48,0,0
2006,9,5,Weekday,2000,3+ Cars,No injury/unknown,SPEED TOO FAST FOR WEATHER CONDITIONS,MC NEELY & UNION VALLEY,0,0
2006,8,2,Weekday,1300,2-Car,Non-incapacitating,FOLLOWING TOO CLOSELY,LIBERTY & PARKING LOT,0,0
2006,10,2,Weekday,700,2-Car,Non-incapacitating,SPEED TOO FAST FOR WEATHER CONDITIONS,HENNESSEY & ROCKPORT RD,0,0
2006,8,7,Weekend,2300,1-Car,Non-incapacitating,RAN OFF ROAD RIGHT,SOUTHSHORE DR & TUNNEL,0,0
2006,7,7,Weekend,1500,2-Car,No injury/unknown,OTHER (DRIVER) - EXPLAIN IN NARRATIVE,GARDEN HILL & VERNAL,0,0
2006,6,1,Weekend,1700,1-Car,Non-incapacitating,UNSAFE SPEED,MERRITT & SR 446,0,0
2006,8,3,Weekday,1800,1-Car,Non-incapacitating,UNSAFE SPEED,9000 & SR46,0,0
2006,10,4,Weekday,1100,1-Car,Non-incapacitating,RAN OFF ROAD RIGHT,OLD RICHARDSON & SR446,0,0
2006,6,2,Weekday,400,Moped/Motorcycle,Non-incapacitating,NONE (DRIVER),SCHWARTZ RDG & SR446,0,0
2006,8,3,Weekday,200,1-Car,No injury/unknown,NONE (DRIVER),DEPOT & MONROE DAMN,0,0
2006,10,1,,,1-Car,No injury/unknown,SPEED TOO FAST FOR WEATHER CONDITIONS,SALT CREEK & STATE 446,0,0
2006,10,7,Weekend,300,2-Car,No injury/unknown,OTHER (DRIVER) - EXPLAIN IN NARRATIVE,RICHARDLAND PLAZA PARKING LOT & UNION VALLEY,0,0
2006,4,4,Weekday,2100,1-Car,No injury/unknown,UNSAFE SPEED,CARMOLA DR & SMITH PIKE,0,0
2006,7,2,Weekday,1600,2-Car,No injury/unknown,UNSAFE BACKING,PRIVATE PARKING LOT & SR 37,0,0
2006,4,3,Weekday,1200,1-Car,Non-incapacitating,OTHER (DRIVER) - EXPLAIN IN NARRATIVE,S FAIRFAX RD & SCNACHTRD,0,0
2006,5,3,Weekday,1600,2-Car,Non-incapacitating,FAILURE TO YIELD RIGHT OF WAY,KETCHUM & OLD SR 37,0,0
2006,5,7,Weekend,1000,2-Car,No injury/unknown,UNSAFE BACKING,N MAPLE GROVE & PRIAVTE DRIVEWAY,0,0
2006,5,5,Weekday,600,2-Car,Non-incapacitating,DRIVER DISTRACTED - EXPLAIN IN NARRATIVE,CROSSOVER & SR37,0,0
2006,8,7,Weekend,1800,Moped/Motorcycle,No injury/unknown,RAN OFF ROAD RIGHT,ESR45,0,0
2006,6,5,Weekday,2100,1-Car,No injury/unknown,RAN OFF ROAD RIGHT,ANDERSON RD & NORTHSHORE,0,0
2006,7,2,Weekday,1700,2-Car,No injury/unknown,UNSAFE BACKING,2ND & SUDBURY,0,0
2006,7,3,Weekday,2100,1-Car,Non-incapacitating,ALCOHOLIC BEVERAGES,JENNER LN & WALKER,0,0
2006,12,3,Weekday,1300,1-Car,No injury/unknown,SPEED TOO FAST FOR WEATHER CONDITIONS,HADLEY & STINESVILLE RD,0,0
2006,12,3,Weekday,900,1-Car,No injury/unknown,OTHER (VEHICLE) - EXPLAIN IN NARRATIVE,PARKING LOT & VICTOR,0,0
2006,12,4,Weekday,1300,2-Car,Non-incapacitating,OTHER (DRIVER) - EXPLAIN IN NARRATIVE,ONKERS & TAPP RD,0,0
2006,11,5,Weekday,1400,2-Car,No injury/unknown,DISREGARD SIGNAL/REG SIGN,CENTENNIAL & SR46,0,0
2006,11,4,Weekday,1500,1-Car,Non-incapacitating,CELL PHONE USAGE,SHUFFLE & SOUTHSHORE DR,0,0
2006,12,1,Weekend,1200,2-Car,No injury/unknown,FAILURE TO YIELD RIGHT OF WAY,BETHEL & SR37,0,0
2006,11,1,Weekend,400,1-Car,No injury/unknown,ALCOHOLIC BEVERAGES,HARRODSBERG & SR37,0,0
2006,11,4,Weekday,2000,2-Car,Non-incapacitating,ALCOHOLIC BEVERAGES,OUTBACK DR & SR46,0,0
2006,11,4,Weekday,2100,1-Car,Non-incapacitating,ANIMAL/OBJECT IN ROADWAY,BALES & SR 37,0,0
2006,11,5,Weekday,500,1-Car,No injury/unknown,RAN OFF ROAD RIGHT,MERRETT & SR446,0,0
2006,12,4,Weekday,1900,1-Car,Non-incapacitating,OTHER (DRIVER) - EXPLAIN IN NARRATIVE,5169 OLD SR 37 & OLD SR 37,0,0
2006,9,4,Weekday,1200,1-Car,Non-incapacitating,ALCOHOLIC BEVERAGES,OLD MYERA & SR37,0,0
2006,9,4,Weekday,1700,2-Car,No injury/unknown,VIEW OBSTRUCTED,BEACHWOOD HEIGHTS & LAKEVIEW DR,0,0
2006,10,1,Weekend,200,1-Car,No injury/unknown,OTHER (DRIVER) - EXPLAIN IN NARRATIVE,MAIN FORREST RD & SR37,0,0
2006,12,6,Weekday,1200,2-Car,No injury/unknown,FAILURE TO YIELD RIGHT OF WAY,S BLOCK HARRELL RD & SCHACHT,0,0
2006,7,3,Weekday,1300,2-Car,No injury/unknown,OTHER (DRIVER) - EXPLAIN IN NARRATIVE,LIBERTY DR,0,0
2006,7,4,Weekday,1000,1-Car,No injury/unknown,DRIVER ILLNESS,SR37 & STEWART,0,0
2006,7,1,Weekend,500,2-Car,Non-incapacitating,LEFT OF CENTER,FAIRFAX & SCOTT LN,0,0
2006,7,6,Weekday,1200,2-Car,Non-incapacitating,OTHER (DRIVER) - EXPLAIN IN NARRATIVE,SILBERTY DR & SR45W,0,0
2006,8,2,Weekday,800,1-Car,No injury/unknown,PRESCRIPTION DRUGS,PRIVATE DR & RIDGEWOOD,0,0
2006,5,4,Weekday,500,2-Car,Incapacitating,PRESCRIPTION DRUGS,BEEDEN & SR45,0,0
2006,5,2,Weekday,2200,1-Car,No injury/unknown,OTHER (DRIVER) - EXPLAIN IN NARRATIVE,45 46 & SR37N,0,0
2006,6,5,Weekday,700,2-Car,No injury/unknown,DRIVER DISTRACTED - EXPLAIN IN NARRATIVE,BARGER & TAPP RD,0,0
2006,6,5,Weekday,1800,2-Car,Non-incapacitating,DISREGARD SIGNAL/REG SIGN,SR 37 & SR 65,0,0
2006,5,4,Weekday,1800,2-Car,Non-incapacitating,BRAKE FAILURE OR DEFECTIVE,OLD SR 37 & SR37,0,0
2006,5,5,Weekday,700,3+ Cars,Non-incapacitating,UNSAFE SPEED,HENSENBURG & INDUSTRIAL,0,0
2006,5,3,Weekday,1400,2-Car,Non-incapacitating,FOLLOWING TOO CLOSELY,PROFILE & SR48,0,0
2006,5,3,Weekday,2100,1-Car,No injury/unknown,UNSAFE SPEED,SR446 & WALDRIP CREEK,0,0
2006,6,2,Weekday,1400,2-Car,No injury/unknown,OTHER (DRIVER) - EXPLAIN IN NARRATIVE,EMPIRE & SR37OLD,0,0
2006,10,4,Weekday,1900,1-Car,Non-incapacitating,OVERCORRECTING/OVERSTEERING,BOTTOM & DETTIMORE RD,0,0
2006,4,6,Weekday,1500,1-Car,Non-incapacitating,ALCOHOLIC BEVERAGES,MARTIN & SR 55,0,0
2006,1,3,Weekday,200,2-Car,No injury/unknown,SPEED TOO FAST FOR WEATHER CONDITIONS,GORDON & RODGERS,0,0
2006,4,4,Weekday,600,1-Car,Fatal,RAN OFF ROAD RIGHT,FLUCK MILL & S VILTOR,0,0
2006,3,2,Weekday,700,2-Car,No injury/unknown,FAILURE TO YIELD RIGHT OF WAY,OLD SR37 & PRAIRIE,0,0
2006,4,3,Weekday,1200,2-Car,No injury/unknown,UNSAFE BACKING,PARKING LOT & WSR46,0,0
2006,1,2,Weekday,400,2-Car,No injury/unknown,SPEED TOO FAST FOR WEATHER CONDITIONS,PROFILE & SR48,0,0
2006,2,7,Weekend,1300,2-Car,No injury/unknown,OTHER (DRIVER) - EXPLAIN IN NARRATIVE,NORTH STONEBLAKE CTR,0,0
2006,2,6,Weekend,2200,2-Car,No injury/unknown,UNSAFE BACKING,KERR CREEK RD & SR46E,0,0
2006,3,4,Weekday,1600,2-Car,No injury/unknown,FOLLOWING TOO CLOSELY,BAXTER ENTRANCE & LIBERTY DR,0,0
2006,3,3,Weekday,1000,1-Car,Incapacitating,DRIVER ILLNESS,,0,0
2006,3,7,Weekend,1300,2-Car,No injury/unknown,DRIVER DISTRACTED - EXPLAIN IN NARRATIVE,CLEAR CREEK CROSSING PKG LOT,0,0
2006,2,5,Weekday,1600,3+ Cars,No injury/unknown,OTHER (DRIVER) - EXPLAIN IN NARRATIVE,1599 DRIVEWAY E RHORER & RHORER RD,0,0
2006,1,3,Weekday,1800,2-Car,Non-incapacitating,FOLLOWING TOO CLOSELY,GORDON & SR37,0,0
2006,1,5,Weekday,1300,2-Car,No injury/unknown,UNSAFE BACKING,BLOCK DOVE DR & PURPLE FINCH,0,0
2006,2,4,Weekday,700,2-Car,Non-incapacitating,PASSENGER DISTRACTION,BETHEL & ESR45,0,0
2006,3,1,Weekend,900,1-Car,No injury/unknown,OTHER (DRIVER) - EXPLAIN IN NARRATIVE,FAIRGAY RD & WALNUT ST,0,0
2006,3,3,Weekday,800,2-Car,Non-incapacitating,OTHER (DRIVER) - EXPLAIN IN NARRATIVE,AIRPORT & WSR45,0,0
2006,1,3,Weekday,2100,1-Car,No injury/unknown,OTHER (DRIVER) - EXPLAIN IN NARRATIVE,SR 46 & VERNAL,0,0
2006,1,7,Weekend,2000,1-Car,No injury/unknown,DRIVER ASLEEP OR FATIGUED,BENNICK & SR45,0,0
2006,2,4,Weekday,2100,1-Car,Non-incapacitating,OVERCORRECTING/OVERSTEERING,DECKARD & MT GUEAD,0,0
2006,1,4,Weekday,700,2-Car,No injury/unknown,UNSAFE BACKING,OUTBACK RD & SR46,0,0
2006,2,1,Weekday,2000,2-Car,Non-incapacitating,IMPROPER TURNING,DEPOT HILL & SR37,0,0
2006,7,1,Weekend,1700,Moped/Motorcycle,Non-incapacitating,RAN OFF ROAD RIGHT,SR37 & WINERY,0,0
2006,1,3,Weekday,1500,2-Car,No injury/unknown,FAILURE TO YIELD RIGHT OF WAY,OLD SR 37 & SR37,0,0
2006,3,7,Weekend,1300,2-Car,No injury/unknown,UNSAFE BACKING,DUNN & VON LEE LOT,0,0
2006,3,4,Weekday,1200,2-Car,No injury/unknown,UNSAFE BACKING,BUSINESS SCHOOL LOT & FEE,0,0
2006,3,4,Weekday,1200,2-Car,No injury/unknown,FAILURE TO YIELD RIGHT OF WAY,DUNN & WHITE LOT WEST,0,0
2006,2,2,Weekday,2000,1-Car,No injury/unknown,UNSAFE SPEED,WAPEHANI PARK,0,0
2006,4,3,Weekday,1200,2-Car,No injury/unknown,UNSAFE BACKING,COFFEY & JERRY LEE LN,0,0
2006,6,7,Weekend,800,2-Car,Non-incapacitating,DRIVER DISTRACTED - EXPLAIN IN NARRATIVE,FAIRFAX & SR37,0,0
2006,6,6,Weekday,1400,2-Car,Non-incapacitating,DRIVER DISTRACTED - EXPLAIN IN NARRATIVE,CONNAUGHT & SR37,0,0
2006,7,5,Weekday,1400,2-Car,Non-incapacitating,FAILURE TO YIELD RIGHT OF WAY,DEER PARK & SR 46,0,0
2006,11,7,Weekend,2300,1-Car,No injury/unknown,RAN OFF ROAD RIGHT,GUTHRIE RD & PRINCE,0,0
2006,11,6,Weekday,100,1-Car,No injury/unknown,ALCOHOLIC BEVERAGES,FULERTON PIKE & SR37,0,0
2006,11,1,Weekend,1400,2-Car,Non-incapacitating,ROADWAY SURFACE CONDITION,BENT & SR45,0,0
2006,12,5,Weekday,1600,1-Car,Non-incapacitating,OVERCORRECTING/OVERSTEERING,MCNEELY & UNION VALEY,0,0
2006,2,6,Weekday,1100,2-Car,No injury/unknown,FAILURE TO YIELD RIGHT OF WAY,IU CREDIT LOT,0,0
2006,2,6,Weekday,1700,2-Car,No injury/unknown,FAILURE TO YIELD RIGHT OF WAY,4TH & WALNUT,0,0
2006,2,6,Weekday,100,2-Car,No injury/unknown,ALCOHOLIC BEVERAGES,PARKING LOT BUILDING CLARIZZ,0,0
2006,2,6,Weekday,1100,1-Car,Non-incapacitating,UNSAFE SPEED,DUNN ST,0,0
2006,2,7,Weekend,200,1-Car,No injury/unknown,RAN OFF ROAD RIGHT,OLD SR 37 & WALNUT,0,0
2006,2,2,Weekday,1700,1-Car,Non-incapacitating,RAN OFF ROAD RIGHT,HOOSIER COURT & KINSER PIKE,0,0
2006,2,4,Weekday,2200,2-Car,No injury/unknown,UNSAFE BACKING,W COURLEY,0,0
2006,2,5,Weekday,,2-Car,No injury/unknown,UNSAFE BACKING,S PARKING LOT PARKRIDGE RD,0,0
2006,3,4,Weekday,1700,3+ Cars,No injury/unknown,FAILURE TO YIELD RIGHT OF WAY,10TH ST & 45 46,0,0
2006,3,1,Weekday,1900,2-Car,No injury/unknown,OTHER (DRIVER) - EXPLAIN IN NARRATIVE,10TH & PRIVATE LOT E 10TH,0,0
2006,2,7,Weekend,1500,2-Car,No injury/unknown,DRIVER DISTRACTED - EXPLAIN IN NARRATIVE,MOORES PIKE & SARE RD,0,0
2006,2,5,Weekday,1500,2-Car,No injury/unknown,FAILURE TO YIELD RIGHT OF WAY,3RD STREET ST & HICKORY LANE,0,0
2006,2,3,Weekday,700,2-Car,No injury/unknown,IMPROPER TURNING,46 & SR37S,0,0
2006,3,6,Weekend,1900,2-Car,No injury/unknown,UNSAFE BACKING,LOWES PARKING LOT PLZ & W ALEXANDER,0,0
2006,3,2,Weekday,1200,2-Car,Non-incapacitating,FAILURE TO YIELD RIGHT OF WAY,SR 46 BYPASS & SR46W,0,0
2006,3,5,Weekday,700,1-Car,No injury/unknown,ANIMAL/OBJECT IN ROADWAY,37 & SMITHVILLE RD,0,0
2006,3,3,Weekday,1500,2-Car,No injury/unknown,FAILURE TO YIELD RIGHT OF WAY,3 ST & HILLSDALE,0,0
2006,3,4,Weekday,1200,2-Car,No injury/unknown,DRIVER DISTRACTED - EXPLAIN IN NARRATIVE,8 & COLLEGE AVE,0,0
2006,3,5,Weekday,1000,2-Car,No injury/unknown,FAILURE TO YIELD RIGHT OF WAY,SR45 SR46 & SR45W,0,0
2006,3,5,Weekday,1500,2-Car,No injury/unknown,FOLLOWING TOO CLOSELY,State Road 37 Ramp & W THIRD STREET,0,0
2006,3,5,Weekday,1100,2-Car,No injury/unknown,UNSAFE BACKING,ROGERS ST,0,0
2006,3,4,Weekday,1900,2-Car,No injury/unknown,FAILURE TO YIELD RIGHT OF WAY,45 46 BYP & N WALNUT,0,0
2006,3,1,Weekend,900,2-Car,No injury/unknown,DISREGARD SIGNAL/REG SIGN,SR48W & State Road 37 ramp,0,0
2006,3,2,Weekday,1200,2-Car,No injury/unknown,OTHER (DRIVER) - EXPLAIN IN NARRATIVE,37 SOUTH & VERNAL PIKE,0,0
2006,3,7,Weekend,1800,2-Car,No injury/unknown,UNSAFE BACKING,KINGSTON & MARSH EAST PARKING LOT PLZ,0,0
2006,3,3,Weekday,900,1-Car,No injury/unknown,ROADWAY SURFACE CONDITION,300 BLOCK N PETE ELLIS DRIVE DR & NORTH DRIVE FOR CAMBRIDGE APTS,0,0
2006,3,1,Weekend,100,2-Car,No injury/unknown,FAILURE TO YIELD RIGHT OF WAY,ARLINGTON VALLEY RD,0,0
2006,3,5,Weekday,1100,2-Car,No injury/unknown,IMPROPER TURNING,10TH & 500 BLOCK N DUNN ST,0,0
2006,3,6,Weekday,1400,2-Car,No injury/unknown,IMPROPER PASSING,ARCH HAVEN & LANDMARK AVE,0,0
2006,3,3,Weekday,1700,1-Car,No injury/unknown,RAN OFF ROAD LEFT,17 & ARLINGTON RD,0,0
2006,3,4,Weekday,1400,2-Car,No injury/unknown,FAILURE TO YIELD RIGHT OF WAY,EAST WEST & NORTH SOUTH ALY,0,0
2006,3,5,Weekday,1200,1-Car,No injury/unknown,UNSAFE SPEED,SR37N,0,0
2006,4,3,Weekday,900,2-Car,No injury/unknown,FAILURE TO YIELD RIGHT OF WAY,STRONG DRIVE & W ALLEN STREET ST,0,0
2006,4,5,Weekday,1100,2-Car,Non-incapacitating,DRIVER DISTRACTED - EXPLAIN IN NARRATIVE,SR48W & WSR 48,0,0
2006,4,5,Weekday,900,2-Car,No injury/unknown,DRIVER DISTRACTED - EXPLAIN IN NARRATIVE,100 BLOCK SOUTH GRANT STREET ST & 4TH,0,0
2006,4,5,Weekday,800,1-Car,No injury/unknown,OVERCORRECTING/OVERSTEERING,S OAKDALE DR & ST RD 45 W,0,0
2006,3,6,Weekday,1600,1-Car,No injury/unknown,UNSAFE SPEED,SR45W & State Road 37 ramp,0,0
2006,4,5,Weekday,1400,Bus,No injury/unknown,OTHER (DRIVER) - EXPLAIN IN NARRATIVE,3901 N KINSER PIKE & PRIVATE,0,0
2006,4,5,Weekday,1000,2-Car,Non-incapacitating,SPEED TOO FAST FOR WEATHER CONDITIONS,SR4546W & STATE ROAD 45 46,0,0
2006,4,6,Weekday,1300,3+ Cars,No injury/unknown,OTHER (DRIVER) - EXPLAIN IN NARRATIVE,4546 BYPASS & SR4546S,0,0
2006,4,2,Weekday,700,2-Car,No injury/unknown,UNSAFE BACKING,2513 WEST DRS,0,0
2006,4,6,Weekday,800,1-Car,No injury/unknown,UNSAFE SPEED,DUNN & SR37N,0,0
2006,4,7,Weekend,1300,2-Car,No injury/unknown,FOLLOWING TOO CLOSELY,COLLEGE MALL RD & ENTRANCE TO COLLEGE MALL,0,0
2006,4,1,Weekend,1200,2-Car,No injury/unknown,FAILURE TO YIELD RIGHT OF WAY,LINCOLN & WEST ALLEY OFF 100 S LINCOLN ALY,0,0
2006,4,3,Weekday,600,1-Car,Non-incapacitating,OTHER (DRIVER) - EXPLAIN IN NARRATIVE,SR 37 & SR37S,0,0
2006,4,6,Weekday,1700,2-Car,No injury/unknown,FOLLOWING TOO CLOSELY,MOORMAN & OLD SR37 SOUTH HWY,0,0
2006,4,2,Weekday,1600,Bus,No injury/unknown,LEFT OF CENTER,SEWELL RD & SR46E,0,0
2006,4,4,Weekday,600,2-Car,No injury/unknown,IMPROPER TURNING,HIGHLAND AVE & YMCA PRIVATE DRIVE,0,0
2006,4,5,Weekday,1500,2-Car,No injury/unknown,FOLLOWING TOO CLOSELY,FRANLKIN RD,0,0
2006,4,5,Weekday,1700,2-Car,No injury/unknown,FOLLOWING TOO CLOSELY,3 RD ST & PARKRIDGE,0,0
2006,4,6,Weekday,400,1-Car,No injury/unknown,ANIMAL/OBJECT IN ROADWAY,BUSINESS 37 & State Road 37 ramp,0,0
2006,4,6,Weekend,2200,2-Car,No injury/unknown,IMPROPER TURNING,500 BLOCK SOUTH WALNUT ST & SECOND,0,0
2006,4,7,Weekend,1500,2-Car,Non-incapacitating,FAILURE TO YIELD RIGHT OF WAY,321 E 14 & 321 E 14 ST,0,0
2006,4,2,Weekday,2000,2-Car,No injury/unknown,FAILURE TO YIELD RIGHT OF WAY,EW ALLEY & NS ALLEY ALY,0,0
2006,4,2,Weekday,2000,Moped/Motorcycle,Non-incapacitating,FAILURE TO YIELD RIGHT OF WAY,1600 BLOCK OF S WALNUT ST & SOUTHERN,0,0
2006,4,5,Weekday,1400,2-Car,Non-incapacitating,FAILURE TO YIELD RIGHT OF WAY,COLLEGE MALL RD & EASTLAND PLAZA,0,0
2006,4,3,Weekday,1200,2-Car,No injury/unknown,OTHER (DRIVER) - EXPLAIN IN NARRATIVE,SMITHVILLE RD & STATE ROAD 37,0,0
2006,4,4,Weekday,1500,2-Car,No injury/unknown,UNSAFE BACKING,313 N CLARK ST & 313 N CLARK ST ST,0,0
2006,4,1,Weekend,1300,2-Car,Non-incapacitating,FAILURE TO YIELD RIGHT OF WAY,45 46 BYP & N COLLEGE,0,0
2006,4,1,Weekend,1400,2-Car,Non-incapacitating,SPEED TOO FAST FOR WEATHER CONDITIONS,DUNN & SR37N,0,0
2006,4,7,Weekend,1700,2-Car,No injury/unknown,DRIVER DISTRACTED - EXPLAIN IN NARRATIVE,HAYES & SR446E,0,0
2006,5,6,Weekday,1800,2-Car,No injury/unknown,FAILURE TO YIELD RIGHT OF WAY,SR45W & STATE ROAD 37,0,0
2006,5,1,Weekday,1900,2-Car,No injury/unknown,OTHER (DRIVER) - EXPLAIN IN NARRATIVE,WTHIRD ST,0,0
2006,5,2,Weekday,1200,2-Car,No injury/unknown,OTHER (VEHICLE) - EXPLAIN IN NARRATIVE,1300 S DUNN ST ST & DRISCOLL AVE,0,0
2006,5,4,Weekday,700,1-Car,No injury/unknown,ANIMAL/OBJECT IN ROADWAY,SR 446 & TOWER RIDGE ROAD RD,0,0
2006,5,3,Weekday,1200,2-Car,No injury/unknown,DRIVER DISTRACTED - EXPLAIN IN NARRATIVE,300 S WALNUT ST ST & SMITH AVE,0,0
2006,5,4,Weekday,1200,2-Car,No injury/unknown,OTHER (DRIVER) - EXPLAIN IN NARRATIVE,ARDEN DRIVE & HIGH STREET ST,0,0
2006,5,7,Weekend,1200,2-Car,No injury/unknown,DISREGARD SIGNAL/REG SIGN,400 W 17TH ST ST & N MADISON,0,0
2006,5,5,Weekday,1300,2-Car,No injury/unknown,IMPROPER TURNING,11TH STREET & 1804 VERNAL PIKE PIKE,0,0
2006,5,7,Weekend,1100,2-Car,No injury/unknown,OTHER (DRIVER) - EXPLAIN IN NARRATIVE,RHORER & SR37S,0,0
2006,5,3,Weekday,2200,2-Car,No injury/unknown,UNSAFE BACKING,SR46 HWY,0,0
2006,5,5,Weekday,1600,2-Car,No injury/unknown,UNSAFE BACKING,HOBART RD & OLD SR37,0,0
2006,5,2,Weekday,1400,2-Car,No injury/unknown,FAILURE TO YIELD RIGHT OF WAY,715 PLYMOUTH & EAST UNIVERSITY ST,0,0
2006,5,2,Weekday,2100,1-Car,No injury/unknown,ANIMAL/OBJECT IN ROADWAY,BROWN COUNTY LINE & SR46E,0,0
2006,5,6,Weekday,1200,Moped/Motorcycle,Non-incapacitating,OTHER (DRIVER) - EXPLAIN IN NARRATIVE,GRIMES LANE & S WALNUT STREET ST,0,0
2006,6,6,Weekday,1400,3+ Cars,Non-incapacitating,FOLLOWING TOO CLOSELY,45 46 & SR4546E,0,0
2006,5,2,Weekday,1800,2-Car,Non-incapacitating,UNSAFE SPEED,SOUTH KNIGHTSRIGDE & SR446E,0,0
2006,6,6,Weekday,600,2-Car,No injury/unknown,OTHER (DRIVER) - EXPLAIN IN NARRATIVE,TAPP RD & TAPP RD RD,0,0
2006,6,6,Weekday,900,3+ Cars,Non-incapacitating,LEFT OF CENTER,WEST 3 RD ST & WEST 3 TH ST ST,0,0
2006,6,7,Weekend,1900,2-Car,No injury/unknown,FAILURE TO YIELD RIGHT OF WAY,SR48E & ST RD 48,0,0
2006,6,6,Weekday,900,2-Car,No injury/unknown,OTHER (DRIVER) - EXPLAIN IN NARRATIVE,4TH STREET ST,0,0
2006,6,4,Weekday,100,1-Car,No injury/unknown,IMPROPER LANE USAGE,FOREST BLVD BLVD & PINE BLVD,0,0
2006,6,5,Weekday,1200,1-Car,Non-incapacitating,PRESCRIPTION DRUGS,OLD SR37 & OLD SR37 RD,0,0
2006,6,5,Weekday,1700,2-Car,No injury/unknown,FOLLOWING TOO CLOSELY,MOORSE PIKE PIKE & STATE ROAD 446,0,0
2006,6,6,Weekday,1200,2-Car,No injury/unknown,DRIVER ILLNESS,11TH & MADISON ST,0,0
2006,5,3,Weekday,1500,2-Car,No injury/unknown,SPEED TOO FAST FOR WEATHER CONDITIONS,WALNUT & WINSLOW ROAD RD,0,0
2006,6,1,Weekend,1300,2-Car,No injury/unknown,OTHER (DRIVER) - EXPLAIN IN NARRATIVE,912 SOUTH WALNUT ST,0,0
2006,6,2,Weekday,1700,2-Car,No injury/unknown,FOLLOWING TOO CLOSELY,MILO B SAMPSON & SR 45 46 BYPASS RD,0,0
2006,6,5,Weekday,1500,3+ Cars,No injury/unknown,FOLLOWING TOO CLOSELY,10TH ST & 45 46,0,0
2006,6,7,Weekend,1800,2-Car,No injury/unknown,FOLLOWING TOO CLOSELY,CUTRIGHT & SR446S,0,0
2006,6,3,Weekday,1700,2-Car,No injury/unknown,FAILURE TO YIELD RIGHT OF WAY,SR45W & State Road 37 ramp,0,0
2006,6,6,Weekday,700,3+ Cars,No injury/unknown,DRIVER ILLNESS,800 S FESS ST ST & MAXWELL LANE,0,0
2006,7,2,Weekday,2300,2-Car,No injury/unknown,LEFT OF CENTER,BEACH & FAIRFAX RD,0,0
2006,7,2,Weekday,600,1-Car,Non-incapacitating,ANIMAL/OBJECT IN ROADWAY,SR 37 & SR37S,0,0
2006,7,5,Weekday,2100,2-Car,No injury/unknown,UNSAFE BACKING,W WHITEHALL BLVD,0,0
2006,7,6,Weekday,1300,2-Car,No injury/unknown,DRIVER DISTRACTED - EXPLAIN IN NARRATIVE,200 BLK W2ND ST ST & S MORTON,0,0
2006,7,1,Weekend,900,2-Car,No injury/unknown,FOLLOWING TOO CLOSELY,BLOOMFIELD RD & BLOOMFIELD RD RD,0,0
2006,7,2,Weekday,1200,2-Car,No injury/unknown,FAILURE TO YIELD RIGHT OF WAY,COLLEGE MALL RD & DRIVEWAY ENTRANCE 2718 E 3RD,0,0
2006,7,3,Weekday,1500,2-Car,Non-incapacitating,SPEED TOO FAST FOR WEATHER CONDITIONS,KINSER PIKE & VAUGHN CLIPP,0,0
2006,7,3,Weekday,0,1-Car,Non-incapacitating,UNSAFE SPEED,500 S BASSWOOD DR DR & CANTERBURY APARTMENTS DRIVE,0,0
2006,7,6,Weekday,1100,Moped/Motorcycle,Non-incapacitating,OTHER (DRIVER) - EXPLAIN IN NARRATIVE,KINSER PIKE & VAUGHN CLIP,0,0
2006,7,6,Weekday,900,2-Car,No injury/unknown,FAILURE TO YIELD RIGHT OF WAY,400 S FAIRVIEW & 500 BLOCK W HOWE ALY,0,0
2006,7,1,Weekday,2300,2-Car,No injury/unknown,ALCOHOLIC BEVERAGES,45 46 HWY BYPASS HWY & MONROE,0,0
2006,7,4,Weekday,1200,2-Car,No injury/unknown,DRIVER DISTRACTED - EXPLAIN IN NARRATIVE,3300 W ST RD 45 & SR45W,0,0
2006,7,4,Weekday,900,1-Car,No injury/unknown,RAN OFF ROAD RIGHT,ALEXANDER & GATES DR,0,0
2006,7,5,Weekday,1300,2-Car,No injury/unknown,OTHER (DRIVER) - EXPLAIN IN NARRATIVE,1300 W BLOOMFIELD ROAD RD & ADAMS STREET,0,0
2006,7,4,Weekday,1900,2-Car,No injury/unknown,FAILURE TO YIELD RIGHT OF WAY,ACCESS ROAD & SR46W,0,0
2006,7,3,Weekday,1100,2-Car,No injury/unknown,DRIVER DISTRACTED - EXPLAIN IN NARRATIVE,PATTERSON STREET & W ALLEN STREET ST,0,0
2006,7,3,Weekday,1400,2-Car,No injury/unknown,FAILURE TO YIELD RIGHT OF WAY,LANDMARK & W 3 RD ST,0,0