Year,Month,Day,Weekend?,Hour,Collision Type,Injury Type,Primary Factor,Reported_Location,Latitude,Longitude
2006,7,3,Weekday,1900,2-Car,No injury/unknown,FAILURE TO YIELD RIGHT OF WAY,2100 BLOCK SOUTH LIBERTY DR & BLOOMFIELD,0,0
2006,7,4,Weekday,1600,2-Car,Incapacitating,OTHER (DRIVER) - EXPLAIN IN NARRATIVE,SR37S & THIRD,0,0
2006,7,2,Weekday,1200,2-Car,No injury/unknown,UNSAFE BACKING,COPPERBEECH WAY,0,0
2006,7,2,Weekday,2300,1-Car,No injury/unknown,RAN OFF ROAD RIGHT,STATE ROAD 48 & STATE ROAD 48 HWY,0,0
2006,8,3,Weekday,1100,2-Car,Incapacitating,FAILURE TO YIELD RIGHT OF WAY,CLARIZZ BLVD & EAST DRIVEWAY ENTRANCE COLLEGE,0,0
2006,8,4,Weekday,1700,2-Car,Non-incapacitating,DISREGARD SIGNAL/REG SIGN,1 & COLLEGE AVE AVE,0,0
2006,8,6,Weekday,200,1-Car,No injury/unknown,ALCOHOLIC BEVERAGES,ADAMS HILL CIR & MASTON,0,0
2006,8,6,Weekend,2000,2-Car,No injury/unknown,FOLLOWING TOO CLOSELY,DUNN & E HILLSIDE DR DR,0,0
2006,8,1,Weekend,0,2-Car,No injury/unknown,UNSAFE BACKING,2600 BLK S MADISON ST & WATSON,0,0
2006,8,2,Weekday,1700,3+ Cars,Non-incapacitating,FOLLOWING TOO CLOSELY,45 46 BYPASS & EAST 10TH STREET ST,0,0
2006,7,6,Weekday,800,2-Car,No injury/unknown,FOLLOWING TOO CLOSELY,MCCORMICL & SMITHVILLE RD,0,0
2006,8,6,Weekday,1200,2-Car,No injury/unknown,FAILURE TO YIELD RIGHT OF WAY,500 S LIBERTY ST & W 3 RD ST,0,0
2006,8,4,Weekday,1200,1-Car,No injury/unknown,OTHER (VEHICLE) - EXPLAIN IN NARRATIVE,OLD SR 37 AT NORTH DUNN & SR37,0,0
2006,8,4,Weekday,1500,2-Car,No injury/unknown,FAILURE TO YIELD RIGHT OF WAY,ALLEY N OF 7TH & FESS AVE,0,0
2006,8,6,Weekend,2300,2-Car,No injury/unknown,IMPROPER TURNING,DUNN & VON LEE PARKING LOT ALY,0,0
2006,8,2,Weekday,100,1-Car,No injury/unknown,OVERCORRECTING/OVERSTEERING,45 46 & EASTGATE LN,0,0
2006,8,2,Weekday,1300,2-Car,Non-incapacitating,FOLLOWING TOO CLOSELY,LEONARD SPRINGS & STATE ROAD 45 RDS,0,0
2006,8,2,Weekday,1500,1-Car,Non-incapacitating,UNSAFE SPEED,ROCKPORT RD & TAPP,0,0
2006,8,4,Weekday,2200,1-Car,No injury/unknown,RAN OFF ROAD RIGHT,OLD RICHARDSON & SR446S,0,0
2006,8,6,Weekday,0,1-Car,No injury/unknown,OTHER (DRIVER) - EXPLAIN IN NARRATIVE,ADAMS ST & COUNTRSIDE,0,0
2006,8,3,Weekday,1300,1-Car,No injury/unknown,RAN OFF ROAD RIGHT,9TH & NS ALLEY EAST OF 500 N COLLEGE ALY,0,0
2006,8,5,Weekday,1300,2-Car,No injury/unknown,OVERCORRECTING/OVERSTEERING,DUNN & SOUTH OF 430 EAST KIRKWOOD ALY,0,0
2006,8,2,Weekday,1800,2-Car,No injury/unknown,OTHER (DRIVER) - EXPLAIN IN NARRATIVE,EIGENMANN SOUTH DR,0,0
2006,8,3,Weekday,1300,2-Car,No injury/unknown,FAILURE TO YIELD RIGHT OF WAY,IMU CIR,0,0
2006,8,3,Weekday,1600,2-Car,No injury/unknown,FAILURE TO YIELD RIGHT OF WAY,10TH ST & SR 45 46,0,0
2006,8,3,Weekday,1700,2-Car,No injury/unknown,UNSAFE BACKING,STADIUM & WELLS LIBRARY PARKING LOT PARK,0,0
2006,8,5,Weekday,1800,2-Car,No injury/unknown,UNSAFE BACKING,SECOND & UNKNOWN ALY,0,0
2006,8,7,Weekend,2000,1-Car,No injury/unknown,OTHER (VEHICLE) - EXPLAIN IN NARRATIVE,SR446E,0,0
2006,8,5,Weekday,0,1-Car,No injury/unknown,OTHER (DRIVER) - EXPLAIN IN NARRATIVE,300 S MORTON ST ST & PROSPECT ST,0,0
2006,8,6,Weekday,1400,2-Car,No injury/unknown,OTHER (DRIVER) - EXPLAIN IN NARRATIVE,3200 N PROW & 3900 N KINSER PIKE,0,0
2006,8,2,Weekday,1600,2-Car,No injury/unknown,FOLLOWING TOO CLOSELY,SR45W & State Road 37 ramp,0,0
2006,8,4,Weekday,2300,1-Car,No injury/unknown,SPEED TOO FAST FOR WEATHER CONDITIONS,FAIRFIELD & FRANKLIN RD,0,0
2006,8,5,Weekday,1100,2-Car,No injury/unknown,FAILURE TO YIELD RIGHT OF WAY,500 S JORDAN AVE & AVENUE AVE,0,0
2006,8,2,Weekday,1800,2-Car,No injury/unknown,FAILURE TO YIELD RIGHT OF WAY,ATWATER AVE & INDIANA,0,0
2006,8,2,Weekday,2200,2-Car,No injury/unknown,UNSAFE BACKING,3 RD ST & FESS,0,0
2006,8,3,Weekday,1700,2-Car,No injury/unknown,IMPROPER TURNING,N DUNN  WHITE LOT ST,0,0
2006,9,1,Weekend,1400,1-Car,No injury/unknown,UNSAFE BACKING,S GRANT & SOUTH ALLEY E KIRKWOOD ALY,0,0
2006,9,1,Weekend,1800,Moped/Motorcycle,Non-incapacitating,BRAKE FAILURE OR DEFECTIVE,SR45S & STATE ROAD 37,0,0
2006,9,2,Weekday,1400,2-Car,No injury/unknown,OTHER (DRIVER) - EXPLAIN IN NARRATIVE,OAKDALE DR,0,0
2006,9,3,Weekday,1500,2-Car,No injury/unknown,VIEW OBSTRUCTED,600 BLOCK COLLEGE AV ALY & 600 BLOCK COLLEGE AVE,0,0
2006,9,3,Weekday,1700,2-Car,No injury/unknown,FOLLOWING TOO CLOSELY,4546 BYP & MARTHA,0,0
2006,9,4,Weekday,1000,Moped/Motorcycle,Incapacitating,OVERCORRECTING/OVERSTEERING,SOUTH HIGHLAND AVE AVE,0,0
2006,9,4,Weekday,1800,2-Car,Non-incapacitating,FAILURE TO YIELD RIGHT OF WAY,KINGSTON DR & PRIVATE,0,0
2006,9,5,Weekday,1000,2-Car,No injury/unknown,FOLLOWING TOO CLOSELY,SMITH PIKE & SR46E,0,0
2006,9,3,Weekday,1700,Cyclist,Non-incapacitating,OTHER (DRIVER) - EXPLAIN IN NARRATIVE,CREATIVE ARTS & SR45N,0,0
2006,9,6,Weekday,700,2-Car,No injury/unknown,FOLLOWING TOO CLOSELY,E STATE 45 46 RD,0,0
2006,9,7,Weekend,2200,1-Car,No injury/unknown,UNSAFE SPEED,CLUBHOUSE & SR37N,0,0
2006,9,2,Weekday,900,1-Car,No injury/unknown,OTHER (DRIVER) - EXPLAIN IN NARRATIVE,SR45W & State Road 37 ramp,0,0
2006,9,6,Weekday,1200,2-Car,No injury/unknown,UNSAFE BACKING,800 N WALNUT & E W ALLEY ALY,0,0
2006,9,6,Weekday,1300,2-Car,No injury/unknown,UNSAFE BACKING,10TH ST & BETWEEN LINCOLN AND GRANT ST,0,0
2006,9,6,Weekend,1900,Moped/Motorcycle,Incapacitating,OVERCORRECTING/OVERSTEERING,DUNN & SR37S,0,0
2006,9,6,Weekend,1900,Pedestrian,Incapacitating,ANIMAL/OBJECT IN ROADWAY,DUNN & SR37S,0,0
2006,9,7,Weekend,2100,2-Car,Non-incapacitating,FOLLOWING TOO CLOSELY,SR45E & State Road 37 ramp,0,0
2006,9,1,Weekday,2200,2-Car,Non-incapacitating,FAILURE TO YIELD RIGHT OF WAY,COLLEGE MALL RD ST & EASTLAND PLAZA ENTRANCE,0,0
2006,9,5,Weekday,1100,2-Car,No injury/unknown,FOLLOWING TOO CLOSELY,1OTH ST & WALNUT GROVE,0,0
2006,9,1,Weekend,400,3+ Cars,No injury/unknown,ALCOHOLIC BEVERAGES,BALFOUR & JORDAN AVE,0,0
2006,9,1,Weekend,400,3+ Cars,No injury/unknown,ALCOHOLIC BEVERAGES,BALFOUR & JORDAN AVE,0,0
2006,9,2,Weekday,1900,2-Car,No injury/unknown,UNSAFE BACKING,PRESIDENTS LOT DR,0,0
2006,9,2,Weekday,2000,2-Car,Non-incapacitating,FAILURE TO YIELD RIGHT OF WAY,JORDAN AVE & LOT TO 1320 E 10TH ST,0,0
2006,9,3,Weekday,700,Pedestrian,Non-incapacitating,FAILURE TO YIELD RIGHT OF WAY,7 & JORDAN AVE,0,0
2006,9,4,Weekday,800,3+ Cars,Non-incapacitating,UNSAFE SPEED,BALFOUR & SR46,0,0
2006,9,2,Weekday,1200,2-Car,No injury/unknown,FAILURE TO YIELD RIGHT OF WAY,3300 W 3RD STREET ST & GATES DRIVE,0,0
2006,9,3,Weekday,200,1-Car,No injury/unknown,DRIVER ASLEEP OR FATIGUED,OAKDALE DR & PECAN,0,0
2006,9,3,Weekday,800,2-Car,No injury/unknown,IMPROPER TURNING,WEST SR45 HWY,0,0
2006,9,6,Weekday,1600,2-Car,No injury/unknown,FAILURE TO YIELD RIGHT OF WAY,10TH ST & SR 45 46,0,0
2006,9,7,Weekend,2000,3+ Cars,Non-incapacitating,FAILURE TO YIELD RIGHT OF WAY,17 & SR46S,0,0
2006,9,1,Weekend,1300,2-Car,No injury/unknown,FAILURE TO YIELD RIGHT OF WAY,17 & DUNN ST,0,0
2006,9,2,Weekday,1800,2-Car,No injury/unknown,UNSAFE BACKING,FOREST PARKING LOT,0,0
2006,9,6,Weekend,2200,2-Car,No injury/unknown,UNSAFE BACKING,2904 S DALE CT & OLCOTT,0,0
2006,9,7,Weekend,1600,2-Car,No injury/unknown,FAILURE TO YIELD RIGHT OF WAY,45 46 & WALNUT ST,0,0
2006,9,7,Weekend,1100,2-Car,No injury/unknown,OTHER (DRIVER) - EXPLAIN IN NARRATIVE,W SR 48 RD,0,0
2006,9,7,Weekend,1100,1-Car,No injury/unknown,RAN OFF ROAD LEFT,300 BLOCK WEST COUNTRY CLUB DR DR & MADISON STREET,0,0
2006,9,6,Weekend,2200,2-Car,No injury/unknown,OTHER (DRIVER) - EXPLAIN IN NARRATIVE,PARKING LOT  2304 S ROGERS,0,0
2006,9,7,Weekend,1400,2-Car,No injury/unknown,UNSAFE BACKING,KINSER & SR 46 AND SR 45 BYP,0,0
2006,9,1,Weekend,800,2-Car,No injury/unknown,OTHER (DRIVER) - EXPLAIN IN NARRATIVE,LINDEN HILL RD & STANDS,0,0
2006,9,4,Weekday,1200,1-Car,No injury/unknown,OTHER (DRIVER) - EXPLAIN IN NARRATIVE,1000 W 1ST STREET ST & WALKER STREET,0,0
2006,9,5,Weekday,1400,Moped/Motorcycle,Non-incapacitating,SPEED TOO FAST FOR WEATHER CONDITIONS,NORTH KINSER PIKE & VAUGHN CLIPP,0,0
2006,9,5,Weekday,1600,2-Car,No injury/unknown,IMPROPER TURNING,100 BLK S DUNN EAST WEST & DUNN ST,0,0
2006,9,6,Weekday,1300,2-Car,No injury/unknown,FAILURE TO YIELD RIGHT OF WAY,MCDONALDS SOUTH & SR4546E,0,0
2006,9,6,Weekend,2000,2-Car,No injury/unknown,VIEW OBSTRUCTED,20TH & VARSITY LN,0,0
2006,10,1,Weekend,1400,2-Car,No injury/unknown,VIEW OBSTRUCTED,400 BLOCK S WALNUT & SMITH AVE,0,0
2006,10,3,Weekday,1600,Cyclist,Incapacitating,PEDESTRIAN ACTION,SR4546E & STATE ROAD 45 46,0,0
2006,10,4,Weekday,700,2-Car,No injury/unknown,FAILURE TO YIELD RIGHT OF WAY,NORTH DRIVE BHSS & SOUTH WALNUT ST,0,0
2006,10,2,Weekday,1400,2-Car,No injury/unknown,UNSAFE BACKING,17TH ST,0,0
2006,10,3,Weekday,1300,2-Car,No injury/unknown,FAILURE TO YIELD RIGHT OF WAY,NORTH FEE LN,0,0
2006,10,3,Weekday,800,2-Car,No injury/unknown,OTHER (DRIVER) - EXPLAIN IN NARRATIVE,BALFOUR & N JORDAN AVE,0,0
2006,10,7,Weekend,800,2-Car,Non-incapacitating,OTHER (DRIVER) - EXPLAIN IN NARRATIVE,BLOOMFIELD RD & NORTH BOUND ON RAMP TO SR 37,0,0
2006,10,1,Weekend,1000,1-Car,No injury/unknown,OTHER (DRIVER) - EXPLAIN IN NARRATIVE,E  COVENANTOR DR & SO  CLARIZZ,0,0
2006,10,4,Weekday,1600,1-Car,No injury/unknown,ANIMAL/OBJECT IN ROADWAY,HARDING PLACE & OLD SR 37 HWY,0,0
2006,10,6,Weekday,1300,2-Car,No injury/unknown,UNSAFE BACKING,JONES & READ SOUTH CIR,0,0
2006,10,6,Weekday,1600,2-Car,No injury/unknown,UNSAFE BACKING,JORDAN AVE,0,0
2006,10,4,Weekday,900,2-Car,No injury/unknown,FAILURE TO YIELD RIGHT OF WAY,FOREST & KIRKWOOD AVE,0,0
2006,10,7,Weekend,300,3+ Cars,No injury/unknown,ALCOHOLIC BEVERAGES,ALDER CT,0,0
2006,10,1,Weekend,1200,2-Car,No injury/unknown,FAILURE TO YIELD RIGHT OF WAY,EASTLAND PLAZA & S COLLEGE MALL RD,0,0
2006,10,3,Weekday,1100,2-Car,No injury/unknown,IMPROPER LANE USAGE,LIBERTY DR & W BLOOMFIELD,0,0
2006,10,5,Weekday,1200,2-Car,Non-incapacitating,OTHER (DRIVER) - EXPLAIN IN NARRATIVE,37 NORTH RAMP & BLOOMFIELD RD,0,0
2006,10,4,Weekday,1600,2-Car,No injury/unknown,VIEW OBSTRUCTED,ALLEY & ALLEY ALY,0,0
2006,10,6,Weekday,1200,2-Car,No injury/unknown,UNSAFE BACKING,ALLEY NORTH OF PEOPLES PARK ALY & DUNN,0,0
2006,10,6,Weekday,800,2-Car,No injury/unknown,FAILURE TO YIELD RIGHT OF WAY,LIBERTY DR,0,0
2006,10,2,Weekday,900,1-Car,No injury/unknown,OTHER (VEHICLE) - EXPLAIN IN NARRATIVE,MONROE & SUMMIT ST,0,0
2006,10,3,Weekday,1800,2-Car,No injury/unknown,,,0,0
2006,10,1,Weekend,1800,2-Car,No injury/unknown,UNSAFE BACKING,11TH,0,0
2006,10,3,Weekday,1700,Moped/Motorcycle,No injury/unknown,IMPROPER PASSING,BALLANTINE TRWY,0,0
2006,10,5,Weekday,1400,2-Car,No injury/unknown,FAILURE TO YIELD RIGHT OF WAY,14TH ST,0,0
2006,10,6,Weekday,1700,2-Car,No injury/unknown,FAILURE TO YIELD RIGHT OF WAY,2 & WALNUT ST,0,0
2006,10,6,Weekend,2100,2-Car,Non-incapacitating,FOLLOWING TOO CLOSELY,SOUTH WALNUT ST & WINSLOW,0,0
2006,10,3,Weekday,700,2-Car,No injury/unknown,SPEED TOO FAST FOR WEATHER CONDITIONS,BANTA & TAPP RD,0,0
2006,10,4,Weekday,1000,2-Car,No injury/unknown,UNSAFE BACKING,JORDAN & MUSICAL ARTS CIR,0,0
2006,10,6,Weekend,2100,2-Car,Non-incapacitating,FOLLOWING TOO CLOSELY,BALFOUR STREET & SR46W,0,0
2006,11,2,Weekday,1700,2-Car,No injury/unknown,FOLLOWING TOO CLOSELY,1OTH ST & SUNRISE,0,0
2006,11,7,Weekend,1200,2-Car,No injury/unknown,DISREGARD SIGNAL/REG SIGN,MAXWELL LANE & WOODLAWN AVENUE AVE,0,0
2006,11,5,Weekday,2100,2-Car,No injury/unknown,FAILURE TO YIELD RIGHT OF WAY,SAMPSON LANE & SR46,0,0
2006,11,6,Weekend,1900,2-Car,No injury/unknown,FAILURE TO YIELD RIGHT OF WAY,MCDONALDS & SR46,0,0
2006,11,4,Weekday,700,Bus,No injury/unknown,OTHER (DRIVER) - EXPLAIN IN NARRATIVE,600 E MAXWELL LANE LN & HENDERSON STREET,0,0
2006,11,4,Weekday,1400,2-Car,Non-incapacitating,FAILURE TO YIELD RIGHT OF WAY,S LANDMARK & W BLOOMFIELD RD,0,0
2006,11,3,Weekday,1200,2-Car,No injury/unknown,OTHER (DRIVER) - EXPLAIN IN NARRATIVE,FRANKLIN & SR48W,0,0
2006,11,7,Weekend,1500,2-Car,No injury/unknown,DRIVER DISTRACTED - EXPLAIN IN NARRATIVE,BALFOUR & SR46W,0,0
2006,11,4,Weekday,1400,2-Car,No injury/unknown,DRIVER DISTRACTED - EXPLAIN IN NARRATIVE,BLOOMINGTON NORTH ( N EXIT) DR & KINSER,0,0
2006,11,3,Weekday,1900,1-Car,No injury/unknown,ANIMAL/OBJECT IN ROADWAY,SR37 & TURKEY TRACE,0,0
2006,11,6,Weekday,1500,Moped/Motorcycle,Incapacitating,ROADWAY SURFACE CONDITION,COUNTRYSIDE LN & QUARRY,0,0
2006,11,7,Weekend,2300,1-Car,No injury/unknown,UNSAFE SPEED,2400 N OLD ST 37 RD & SAFETY,0,0
2006,11,2,Weekday,1100,2-Car,No injury/unknown,,,0,0
2006,10,5,Weekday,1100,2-Car,No injury/unknown,FAILURE TO YIELD RIGHT OF WAY,400 S HENDERSON & ATWATER AVE,0,0
2006,11,4,Weekday,1800,1-Car,No injury/unknown,ANIMAL/OBJECT IN ROADWAY,EAST MOORES PIKE & SOTH ANDREW,0,0
2006,12,7,Weekend,1300,2-Car,No injury/unknown,FAILURE TO YIELD RIGHT OF WAY,KIRKWOOD AVE & N S ALLEY OFF 400 W KIRKWOOD ALY,0,0
2006,12,7,Weekend,1900,1-Car,No injury/unknown,OVERCORRECTING/OVERSTEERING,BALFOUR & SR46W,0,0
2006,12,2,Weekday,900,2-Car,No injury/unknown,GLARE,LAW LN & SR,0,0
2006,12,3,Weekday,700,2-Car,No injury/unknown,LEFT OF CENTER,State Road 45 & STONE DR,0,0
2006,12,3,Weekday,1200,2-Car,No injury/unknown,FAILURE TO YIELD RIGHT OF WAY,400 BLOCK EAST COTTAGE GROVE AVE & NORTH SOUTH ALLEY,0,0
2006,12,3,Weekday,1800,2-Car,No injury/unknown,LEFT OF CENTER,N DUNN & SR4200N,0,0
2006,12,1,Weekday,2000,1-Car,No injury/unknown,ANIMAL/OBJECT IN ROADWAY,SR45 & W BRENNICK,0,0
2006,12,5,Weekday,1100,2-Car,No injury/unknown,OTHER (DRIVER) - EXPLAIN IN NARRATIVE,E 10TH & WOODBRIDGE DR,0,0
2006,12,3,Weekday,1000,1-Car,Non-incapacitating,RAN OFF ROAD RIGHT,BASSWOOD DR & COPPER BEECH,0,0
2006,12,5,Weekday,1300,2-Car,No injury/unknown,FAILURE TO YIELD RIGHT OF WAY,BOB EVANS & WHITEHALL PLAZA DR,0,0
2006,12,6,Weekday,900,Bus,No injury/unknown,FAILURE TO YIELD RIGHT OF WAY,DUNN & PARKING LOT MEMORIAL STADIUM TRFY,0,0
2006,12,6,Weekday,1100,Bus,No injury/unknown,FAILURE TO YIELD RIGHT OF WAY,TENTH & TULIP TREE DR,0,0
2006,12,2,Weekday,2100,2-Car,Non-incapacitating,FAILURE TO YIELD RIGHT OF WAY,E 7TH & STADIUM DR,0,0
2006,12,3,Weekday,1500,2-Car,No injury/unknown,IMPROPER TURNING,EAST WEST ALLY BETWEEN 3 AND 4 & INDIANA AVE,0,0
2006,12,3,Weekday,1300,2-Car,Non-incapacitating,FOLLOWING TOO CLOSELY,SR37N,0,0
2006,12,2,Weekday,900,1-Car,Non-incapacitating,DRIVER ILLNESS,HWY 37 NORTH & SR37N,0,0
2006,12,3,Weekday,1300,1-Car,No injury/unknown,SPEED TOO FAST FOR WEATHER CONDITIONS,HOADLEY & STINESVILLE RD,0,0
2006,12,4,Weekday,1800,2-Car,No injury/unknown,FAILURE TO YIELD RIGHT OF WAY,PARKING LOT HWY,0,0
2006,12,7,Weekend,2200,1-Car,No injury/unknown,ROADWAY SURFACE CONDITION,SHIELDS RIDGE RD & UNKNOWN,0,0
2006,12,3,Weekday,700,2-Car,No injury/unknown,FAILURE TO YIELD RIGHT OF WAY,SR45W & ST RD 45 WEST,0,0
2006,12,3,Weekday,2300,2-Car,No injury/unknown,IMPROPER LANE USAGE,SALES & SR46,0,0
2006,12,7,Weekend,1100,2-Car,No injury/unknown,FAILURE TO YIELD RIGHT OF WAY,BREEDEN RD & ROCK,0,0
2006,12,5,Weekday,1000,1-Car,No injury/unknown,DISREGARD SIGNAL/REG SIGN,MCNEELY ST & UNION VALLEY,0,0
2006,12,1,Weekday,2300,1-Car,No injury/unknown,ANIMAL/OBJECT IN ROADWAY,SHILO ROAD & SHILO ROAD COR,0,0
2006,3,3,Weekday,1300,2-Car,No injury/unknown,OTHER (DRIVER) - EXPLAIN IN NARRATIVE,JORDAN & READ WEST PARKING LOT DR,0,0
2006,10,6,Weekday,1500,2-Car,No injury/unknown,DISREGARD SIGNAL/REG SIGN,CURRY PIKE RD & WOODYARD,0,0
2005,11,6,Weekday,800,1-Car,No injury/unknown,ANIMAL/OBJECT IN ROADWAY,SR37N & STONEBELT,39.33699845,-86.52845641
2005,11,5,Weekday,1700,1-Car,No injury/unknown,OTHER (VEHICLE) - EXPLAIN IN NARRATIVE,BRYANTS CREEK & SR37,39.33676832,-86.51067472
2005,2,5,Weekday,1400,3+ Cars,No injury/unknown,FOLLOWING TOO CLOSELY,3RD ST & LIBERTY,39.335152,-86.607008
2005,8,1,Weekend,1500,2-Car,No injury/unknown,FOLLOWING TOO CLOSELY,3RD ST & LIBERTY,39.335152,-86.607008
2005,9,6,Weekday,700,2-Car,Non-incapacitating,FAILURE TO YIELD RIGHT OF WAY,3RD ST & LIBERTY,39.335152,-86.607008
2005,12,4,Weekday,1500,2-Car,No injury/unknown,DISREGARD SIGNAL/REG SIGN,3RD ST & LIBERTY,39.335152,-86.607008
2005,7,1,Weekend,900,1-Car,No injury/unknown,ANIMAL/OBJECT IN ROADWAY,BURMA & SR37N,39.32402779,-86.51251468
2005,5,7,Weekend,1700,1-Car,No injury/unknown,JACKKNIFING,BURMA & SR37,39.31831027,-86.51055931
2005,1,5,Weekday,900,1-Car,Non-incapacitating,ALCOHOLIC BEVERAGES,BURMA & SR37,39.31695365,-86.51079035
2005,3,5,Weekday,1400,1-Car,No injury/unknown,ANIMAL/OBJECT IN ROADWAY,BURMA & SR37S,39.31561283,-86.51117118
2005,1,7,Weekend,1200,1-Car,Non-incapacitating,SPEED TOO FAST FOR WEATHER CONDITIONS,BURMA & SR37,39.31521058,-86.51128543
2005,10,7,Weekend,1100,2-Car,Incapacitating,FAILURE TO YIELD RIGHT OF WAY,BURMA & SR37,39.314272,-86.511552
2005,12,5,Weekday,900,2-Car,No injury/unknown,OTHER (DRIVER) - EXPLAIN IN NARRATIVE,BURMA & SR37,39.314272,-86.511552
2005,11,2,Weekday,800,1-Car,No injury/unknown,ANIMAL/OBJECT IN ROADWAY,BURMA & SR37N,39.314272,-86.511552
2005,6,3,Weekday,2100,1-Car,No injury/unknown,ANIMAL/OBJECT IN ROADWAY,BURMA & SR37S,39.3129574,-86.51203488
2005,11,6,Weekend,2300,1-Car,Non-incapacitating,LEFT OF CENTER,BUSKIRK & FRY,39.30968,-86.552592
2005,12,1,Weekend,1400,1-Car,No injury/unknown,SPEED TOO FAST FOR WEATHER CONDITIONS,CHAMBERS & SR37N,39.30873276,-86.51492345
2005,11,6,Weekday,700,1-Car,No injury/unknown,OTHER (DRIVER) - EXPLAIN IN NARRATIVE,BOTTOM & PRATHER RD,39.30851214,-86.601115
2005,6,5,Weekday,600,1-Car,No injury/unknown,ANIMAL/OBJECT IN ROADWAY,COUNTY LINE RD & WOLF MOUNTAIN,39.30802993,-86.68531948
2005,12,3,Weekday,2200,1-Car,No injury/unknown,ANIMAL/OBJECT IN ROADWAY,CROSS OVER & SR37,39.30698013,-86.51592055
2005,12,6,Weekend,2100,1-Car,Non-incapacitating,ALCOHOLIC BEVERAGES,BURMA & SR37,39.30684392,-86.51596657
2005,11,7,Weekend,1500,1-Car,Non-incapacitating,FOLLOWING TOO CLOSELY,CHAMBERS PIKE & SR37,39.30435086,-86.51674122
2005,5,1,Weekend,1700,2-Car,No injury/unknown,UNSAFE BACKING,CHAMBERS PIKE & SR37,39.30432,-86.5168
2005,10,4,Weekday,2100,1-Car,No injury/unknown,ANIMAL/OBJECT IN ROADWAY,CHAMBERS & SR37N,39.30405365,-86.51688615
2005,10,2,Weekday,1200,1-Car,No injury/unknown,DRIVER ASLEEP OR FATIGUED,CROSSOVER & SR 37,39.30402988,-86.51702267
2005,3,2,Weekday,2000,1-Car,No injury/unknown,ALCOHOLIC BEVERAGES,ANDERSON & LOW GAP RD,39.30305253,-86.40284771
2005,8,3,Weekday,1000,1-Car,No injury/unknown,ANIMAL/OBJECT IN ROADWAY,BRYANS & SR37,39.30207196,-86.51238497
2005,3,4,Weekday,800,2-Car,No injury/unknown,FAILURE TO YIELD RIGHT OF WAY,CHAMBERS & SR37S,39.30165646,-86.51766146
2005,6,5,Weekday,1000,2-Car,No injury/unknown,OVERCORRECTING/OVERSTEERING,GOURLEY & SR  37N,39.29879102,-86.554703
2005,9,2,Weekday,800,2-Car,No injury/unknown,FAILURE TO YIELD RIGHT OF WAY,JENNER & WALKER LN,39.296304,-86.648608
2005,9,6,Weekday,1000,2-Car,No injury/unknown,ROADWAY SURFACE CONDITION,MT CARMEL & STINESVILLE RD,39.296144,-86.659296
2005,10,4,Weekday,500,1-Car,Non-incapacitating,ANIMAL/OBJECT IN ROADWAY,MT CARMEL & STINESVILLE RD,39.296144,-86.659296
2005,7,1,Weekday,2000,2-Car,No injury/unknown,DRIVER DISTRACTED - EXPLAIN IN NARRATIVE,RED HILL & WALKER LN,39.29602956,-86.64335934
2005,11,6,Weekday,900,2-Car,No injury/unknown,FAILURE TO YIELD RIGHT OF WAY,N MT TABOR RD & WALKER,39.29584,-86.626304
2005,4,4,Weekday,1300,1-Car,No injury/unknown,OTHER (DRIVER) - EXPLAIN IN NARRATIVE,MT TABOR & WALKER,39.29584,-86.626304
2005,10,1,Weekend,1100,2-Car,No injury/unknown,NONE (VEHICLE),BUSKIRK & DITTAMORE RD,39.295216,-86.550832
2005,11,7,Weekend,2300,1-Car,No injury/unknown,RAN OFF ROAD RIGHT,E TREADWELL & HEADLEY RD,39.2948103,-86.514499
2005,11,6,Weekend,2100,1-Car,No injury/unknown,ANIMAL/OBJECT IN ROADWAY,FOX HOLLOW & SR37S,39.29042184,-86.51795546
2005,2,6,Weekday,1300,2-Car,No injury/unknown,OTHER (DRIVER) - EXPLAIN IN NARRATIVE,SR37,39.28844,-86.518728
2005,10,7,Weekend,2000,1-Car,No injury/unknown,OTHER (DRIVER) - EXPLAIN IN NARRATIVE,FOX HOLLOW & SR 37,39.287808,-86.519024
2005,4,7,Weekend,2300,1-Car,No injury/unknown,ALCOHOLIC BEVERAGES,FOX HOLLOW & SR37,39.287808,-86.519024
2005,11,3,Weekday,1600,1-Car,No injury/unknown,RAN OFF ROAD RIGHT,HEDRICK & STINESVILLE RD,39.28586199,-86.66304558
2005,12,7,Weekend,700,1-Car,No injury/unknown,RAN OFF ROAD RIGHT,ANDERSON & LOW GAP RD,39.28508422,-86.40784886
2005,1,1,Weekend,1500,2-Car,No injury/unknown,LEFT OF CENTER,HEDRICK,39.281648,-86.655096
2005,5,5,Weekday,1600,2-Car,Non-incapacitating,LEFT OF CENTER,DUTCH CHURCH & MT TABOR RD,39.278832,-86.623456
2005,5,6,Weekday,300,Moped/Motorcycle,Non-incapacitating,ALCOHOLIC BEVERAGES,LAW & UNION,39.27792483,-86.509558
2005,3,1,Weekend,1600,1-Car,Non-incapacitating,DRIVER DISTRACTED - EXPLAIN IN NARRATIVE,SIMPSON CHAPEL & SR37,39.27776207,-86.52305478
2005,10,2,Weekday,2300,1-Car,Non-incapacitating,ANIMAL/OBJECT IN ROADWAY,BOTTOM RD & WILLIAMS,39.27358145,-86.558112
2005,6,6,Weekday,1300,2-Car,No injury/unknown,,LAWSON & SIMPSON CHAPEL RD,39.273216,-86.5339741
2005,5,1,Weekend,1000,Moped/Motorcycle,Non-incapacitating,RAN OFF ROAD RIGHT,NORTH SHORE DR & SPILLWAY,39.272208,-86.41408
2005,10,6,Weekday,1300,2-Car,No injury/unknown,OTHER (DRIVER) - EXPLAIN IN NARRATIVE,GATES DR & W THIRD,39.2707465,-86.576001
2005,10,3,Weekday,1600,2-Car,Non-incapacitating,OTHER (DRIVER) - EXPLAIN IN NARRATIVE,DANIELS & SR 48,39.27054496,-86.599199
2005,2,6,Weekday,1500,2-Car,Non-incapacitating,FOLLOWING TOO CLOSELY,SR46 & STINESVILLE,39.26989431,-86.66904296
2005,10,4,Weekday,1000,2-Car,Non-incapacitating,FOLLOWING TOO CLOSELY,STATE ROAD  37,39.26891991,-86.52287428
2005,12,5,Weekday,1500,2-Car,No injury/unknown,RAN OFF ROAD LEFT,SR 37,39.26891991,-86.52287428
2005,3,5,Weekday,0,2-Car,No injury/unknown,OTHER (DRIVER) - EXPLAIN IN NARRATIVE,SR37 & SR45 46,39.26891991,-86.52287428