Year,Month,Day,Weekend?,Hour,Collision Type,Injury Type,Primary Factor,Reported_Location,Latitude,Longitude
2005,2,3,Weekday,1100,2-Car,No injury/unknown,FOLLOWING TOO CLOSELY,SR37,39.26891991,-86.52287428
2005,9,1,Weekend,800,1-Car,No injury/unknown,RAN OFF ROAD RIGHT,SR37N,39.26891991,-86.52287428
2005,11,6,Weekday,600,1-Car,No injury/unknown,ANIMAL/OBJECT IN ROADWAY,SR46W & STINESVILLE,39.26845169,-86.66746021
2005,5,4,Weekday,1400,2-Car,No injury/unknown,OTHER (DRIVER) - EXPLAIN IN NARRATIVE,SR46 & STINESVILLE,39.26727458,-86.66617559
2005,6,1,Weekday,1900,2-Car,Non-incapacitating,FAILURE TO YIELD RIGHT OF WAY,10TH STREET & STATE ROAD  56,39.26727447,-86.527584
2005,12,7,Weekend,1300,2-Car,No injury/unknown,LEFT OF CENTER,ANDERSON & DORA RD,39.26708537,-86.47883426
2005,2,7,Weekend,1500,1-Car,Non-incapacitating,DRIVER ILLNESS,SAMPLE & SR37,39.26698316,-86.52278847
2005,2,2,Weekday,2100,1-Car,Non-incapacitating,SPEED TOO FAST FOR WEATHER CONDITIONS,COWDEN & MT TABOR RD,39.266864,-86.620704
2005,7,7,Weekend,1200,2-Car,No injury/unknown,OVERCORRECTING/OVERSTEERING,COWDEN RD & MT TABOR RD,39.266864,-86.620704
2005,3,2,Weekday,1600,2-Car,No injury/unknown,FOLLOWING TOO CLOSELY,SR46 W & STINESVILLE,39.266752,-86.6656
2005,12,7,Weekend,1300,2-Car,No injury/unknown,RAN OFF ROAD RIGHT,SR46W & STINESVILLE,39.266752,-86.6656
2005,12,7,Weekend,1000,2-Car,No injury/unknown,DISREGARD SIGNAL/REG SIGN,SAMPLE & SR37,39.26616,-86.522752
2005,4,6,Weekday,200,2-Car,Non-incapacitating,ALCOHOLIC BEVERAGES,SAMPLE & SR374,39.26616,-86.522752
2005,1,7,Weekend,800,1-Car,No injury/unknown,RAN OFF ROAD RIGHT,SR46 & STINESVILLE,39.26609202,-86.66496262
2005,11,4,Weekday,1000,1-Car,No injury/unknown,OVERCORRECTING/OVERSTEERING,ANDERSON RD & OLD  STATE ROAD,39.266,-86.501008
2005,1,4,Weekday,900,2-Car,Non-incapacitating,DRIVER ASLEEP OR FATIGUED,SAMPLE & SR37,39.26561112,-86.5227324
2005,8,1,Weekday,2200,2-Car,Non-incapacitating,VIOLATION OF LICENSE RESTRICTION,SR37 & WAYPORT,39.263024,-86.52264
2005,4,2,Weekday,1600,2-Car,No injury/unknown,DRIVER DISTRACTED - EXPLAIN IN NARRATIVE,SR37 & WAYPORT,39.263024,-86.52264
2005,3,5,Weekday,2000,1-Car,No injury/unknown,OVERCORRECTING/OVERSTEERING,SR37 & WAYPORT,39.26288679,-86.52263451
2005,5,7,Weekend,1000,2-Car,No injury/unknown,UNSAFE BACKING,FENBROOK & FENBROOK CT,39.26182047,-86.481098
2005,4,6,Weekend,2100,2-Car,No injury/unknown,FAILURE TO YIELD RIGHT OF WAY,SAMPLE & SR37,39.26076444,-86.52327102
2005,6,3,Weekday,1600,2-Car,No injury/unknown,IMPROPER TURNING,NORTH WAYPORT RD,39.26,-86.522756
2005,4,1,Weekend,1400,2-Car,No injury/unknown,FAILURE TO YIELD RIGHT OF WAY,CHAFIN CHAPEL RD & SR46,39.259744,-86.657504
2005,7,3,Weekday,700,2-Car,Non-incapacitating,LEFT OF CENTER,CHAFIN CHAPEL & SR46,39.259744,-86.657504
2005,6,7,Weekend,600,2-Car,Non-incapacitating,DRIVER ASLEEP OR FATIGUED,CHAFIN CHAPEL & SR46,39.259744,-86.657504
2005,1,5,Weekday,1800,2-Car,Non-incapacitating,LEFT OF CENTER,CHAFIN CHAPEL & SR46,39.25958926,-86.6576158
2005,5,6,Weekend,2000,3+ Cars,Non-incapacitating,UNSAFE SPEED,CHAFIN CHAPEL ROAD & SR46W,39.25958926,-86.65758113
2005,2,7,Weekend,1000,1-Car,Non-incapacitating,ROADWAY SURFACE CONDITION,OLDSR37 & SAMPLE RD,39.25889247,-86.50762938
2005,5,3,Weekday,100,1-Car,No injury/unknown,ANIMAL/OBJECT IN ROADWAY,SR37 & WAYPORT,39.25794097,-86.52503969
2005,9,5,Weekday,1300,Moped/Motorcycle,Non-incapacitating,OTHER (DRIVER) - EXPLAIN IN NARRATIVE,6TH & WABUT,39.256512,-86.525936
2005,11,7,Weekend,1000,2-Car,Non-incapacitating,FAILURE TO YIELD RIGHT OF WAY,MILLER DR,39.255568,-86.469632
2005,1,7,Weekend,700,1-Car,No injury/unknown,RAN OFF ROAD RIGHT,FLATWOODS & SR46,39.25501314,-86.6551696
2005,7,3,Weekday,200,1-Car,No injury/unknown,LEFT OF CENTER,COWDEN & DELAP RD,39.25457594,-86.59079034
2005,4,4,Weekday,2000,1-Car,Non-incapacitating,ALCOHOLIC BEVERAGES,MILLER RD & ROBINSON,39.25260133,-86.46985833
2005,1,6,Weekday,1100,1-Car,No injury/unknown,SPEED TOO FAST FOR WEATHER CONDITIONS,CHAFIN CHAPEL & RED HILL RD,39.2524,-86.63455568
2005,2,7,Weekend,600,1-Car,No injury/unknown,OTHER (DRIVER) - EXPLAIN IN NARRATIVE,DELAP & MT TABOR,39.252336,-86.620512
2005,9,6,Weekday,300,1-Car,No injury/unknown,RAN OFF ROAD RIGHT,CAROLWINDS & FAIRFAX RD,39.25228958,-86.49855384
2005,10,2,Weekday,1600,2-Car,No injury/unknown,IMPROPER PASSING,DELAP RD & UNIONVALLEY,39.251904,-86.592816
2005,12,5,Weekday,1400,1-Car,No injury/unknown,UNSAFE SPEED,SR37 & WYLE,39.251648,-86.529056
2005,6,4,Weekday,1800,1-Car,Non-incapacitating,UNSAFE SPEED,SR37 & WYLIE RD,39.251648,-86.529056
2005,9,5,Weekday,1100,1-Car,No injury/unknown,,SR37NB & WYLIE,39.251648,-86.529056
2005,12,6,Weekday,900,1-Car,Non-incapacitating,ROADWAY SURFACE CONDITION,SHORE DR & SHUFFLE CREEK,39.251648,-86.39552024
2005,8,4,Weekday,1300,1-Car,No injury/unknown,RAN OFF ROAD RIGHT,RICHARDSON & SOUTHSHORE DR,39.2516,-86.3948422
2005,5,2,Weekday,1400,1-Car,Non-incapacitating,OVERCORRECTING/OVERSTEERING,OLD SR 37,39.251296,-86.500832
2005,7,5,Weekday,1200,1-Car,Non-incapacitating,RAN OFF ROAD RIGHT,DUNN & OLD SR 37,39.251296,-86.500832
2005,10,6,Weekend,2000,2-Car,No injury/unknown,IMPROPER TURNING,CASCADES PARK & OLD SR 37,39.251296,-86.500832
2005,12,3,Weekday,1800,2-Car,Non-incapacitating,FAILURE TO YIELD RIGHT OF WAY,SR  46,39.2512,-86.652504
2005,5,4,Weekday,800,1-Car,No injury/unknown,RAN OFF ROAD RIGHT,MILLER & ROBINSON RD,39.251056,-86.469904
2005,12,7,Weekend,1700,1-Car,No injury/unknown,OTHER (DRIVER) - EXPLAIN IN NARRATIVE,CROSSOVER & SR37,39.25096944,-86.51702267
2005,12,2,Weekday,1200,2-Car,No injury/unknown,DISREGARD SIGNAL/REG SIGN,OLD & WALNUT ST,39.250688,-86.529744
2005,9,5,Weekday,0,1-Car,No injury/unknown,SPEED TOO FAST FOR WEATHER CONDITIONS,SR37 & WALNUT SPRINGS,39.250688,-86.529744
2005,2,4,Weekday,100,1-Car,No injury/unknown,SPEED TOO FAST FOR WEATHER CONDITIONS,N OLD & N WALNUT ST,39.250688,-86.529744
2005,4,7,Weekend,400,2-Car,No injury/unknown,LEFT OF CENTER,OLD & WALNUT ST,39.250688,-86.529744
2005,3,6,Weekday,1500,1-Car,Non-incapacitating,OTHER (DRIVER) - EXPLAIN IN NARRATIVE,SR37 & WALNUT,39.250688,-86.529744
2005,8,6,Weekday,700,1-Car,No injury/unknown,RAN OFF ROAD RIGHT,MATTHEWS RD & MT TABER,39.25002006,-86.62164804
2005,2,5,Weekday,100,1-Car,No injury/unknown,ANIMAL/OBJECT IN ROADWAY,HUDOFF & ROBINSON,39.24938236,-86.46415529
2005,12,6,Weekday,800,1-Car,No injury/unknown,RAN OFF ROAD RIGHT,BOTTOM RD & MAPLE GROVE,39.2488126,-86.54781726
2005,3,7,Weekend,500,1-Car,No injury/unknown,UNSAFE SPEED,FLATWOODS & SR46,39.24870777,-86.64877853
2005,10,6,Weekend,1900,1-Car,No injury/unknown,ANIMAL/OBJECT IN ROADWAY,SR 37 & WALNUT,39.24752626,-86.53200733
2005,7,7,Weekend,300,1-Car,Non-incapacitating,RAN OFF ROAD RIGHT,BOTTOM & MAPLE GROVE,39.24744,-86.547792
2005,5,3,Weekday,200,1-Car,Non-incapacitating,RAN OFF ROAD LEFT,MILLER & ROBINSON,39.24712598,-86.48183876
2005,1,7,Weekend,1500,1-Car,No injury/unknown,RAN OFF ROAD RIGHT,SHILO & TUNNEL RD,39.24698458,-86.43117292
2005,12,1,Weekend,200,3+ Cars,No injury/unknown,SPEED TOO FAST FOR WEATHER CONDITIONS,17TH & MAPLE ST,39.24667906,-86.55574397
2005,1,1,Weekend,1100,1-Car,No injury/unknown,OTHER (DRIVER) - EXPLAIN IN NARRATIVE,MAPLE GROVE & MATTHEWS DR,39.245408,-86.6204
2005,3,6,Weekday,1600,2-Car,No injury/unknown,FAILURE TO YIELD RIGHT OF WAY,MAPLE GROVE & MATTHEWS,39.245408,-86.6204
2005,1,3,Weekday,1400,2-Car,Non-incapacitating,UNSAFE SPEED,MAPLE GROVE & MATTHEWS DR,39.24407179,-86.62075212
2005,6,6,Weekday,1600,1-Car,Non-incapacitating,UNSAFE SPEED,NEHRT & ROBINSON RD,39.2438,-86.44532684
2005,12,5,Weekday,500,1-Car,Non-incapacitating,DRIVER ASLEEP OR FATIGUED,BOTTOM RD & MAPLE GROVE,39.24287695,-86.54523558
2005,7,4,Weekday,700,2-Car,Non-incapacitating,OTHER (DRIVER) - EXPLAIN IN NARRATIVE,RIDGE SPRINGS & SR46,39.24104,-86.632096
2005,11,4,Weekday,700,Bus,No injury/unknown,OTHER (DRIVER) - EXPLAIN IN NARRATIVE,RIDGE SPRINGS & SR46,39.24104,-86.632096
2005,10,2,Weekday,700,Bus,Non-incapacitating,LEFT OF CENTER,RIDGE SPRINGS & SR46W,39.24104,-86.632096
2005,6,3,Weekday,1100,2-Car,Non-incapacitating,UNSAFE SPEED,KETCHUM RD & MARSHAL MAY,39.24068637,-86.570994
2005,12,2,Weekday,1300,1-Car,No injury/unknown,RAN OFF ROAD RIGHT,FOUR BOYS & NEHRT RD,39.24015413,-86.45973094
2005,4,4,Weekday,1100,2-Car,No injury/unknown,FAILURE TO YIELD RIGHT OF WAY,MAIN & SR46,39.238848,-86.630096
2005,12,3,Weekday,1500,1-Car,No injury/unknown,UNSAFE SPEED,CEDAR & SYCAMORE DR,39.23784,-86.64
2005,12,1,Weekend,1800,1-Car,No injury/unknown,ROADWAY SURFACE CONDITION,MCNEELY & SHELLY,39.2376,-86.60240233
2005,8,3,Weekday,1400,2-Car,Non-incapacitating,IMPROPER LANE USAGE,EDGEWOOD & TEMPERANCE ST,39.236288,-86.628336
2005,5,2,Weekday,1400,3+ Cars,Non-incapacitating,FOLLOWING TOO CLOSELY,EDGEWOOD & EDGEWOOD DR,39.236288,-86.628336
2005,12,3,Weekday,700,Bus,Non-incapacitating,OTHER (DRIVER) - EXPLAIN IN NARRATIVE,EDGEWOOD & EDGEWOOD DR,39.236288,-86.628336
2005,4,6,Weekday,1500,2-Car,No injury/unknown,IMPROPER TURNING,TEMPERANCE ST & WALNUT,39.235376,-86.627168
2005,9,7,Weekend,1900,1-Car,No injury/unknown,RAN OFF ROAD RIGHT,ROBINSON & TUNNEL RD,39.23514903,-86.436288
2005,8,4,Weekday,1700,2-Car,Non-incapacitating,DISREGARD SIGNAL/REG SIGN,MATTHEWS & SR46,39.234768,-86.626384
2005,5,7,Weekend,1600,2-Car,Non-incapacitating,IMPROPER TURNING,MATTHEWS & SR46,39.234768,-86.626384
2005,1,4,Weekday,1500,2-Car,Non-incapacitating,FAILURE TO YIELD RIGHT OF WAY,MATTHEWS & SR46,39.234768,-86.626384
2005,3,3,Weekday,700,2-Car,Non-incapacitating,FAILURE TO YIELD RIGHT OF WAY,MATTHEWS & SR46,39.234768,-86.626384
2005,8,5,Weekday,1900,2-Car,No injury/unknown,FAILURE TO YIELD RIGHT OF WAY,MATTHEWS & SR46,39.234768,-86.626384
2005,1,3,Weekday,700,2-Car,No injury/unknown,FAILURE TO YIELD RIGHT OF WAY,MATHEWS & SR46,39.234768,-86.626384
2005,1,4,Weekday,1400,2-Car,Non-incapacitating,FAILURE TO YIELD RIGHT OF WAY,MATTHEWS & SR46,39.23452716,-86.6260679
2005,9,3,Weekday,1500,2-Car,No injury/unknown,FAILURE TO YIELD RIGHT OF WAY,SALE ST & VINE,39.234384,-86.624064
2005,3,4,Weekday,1700,2-Car,No injury/unknown,IMPROPER LANE USAGE,SALE ST & SR46,39.23424613,-86.62422621
2005,11,3,Weekday,1300,2-Car,Non-incapacitating,OTHER (DRIVER) - EXPLAIN IN NARRATIVE,SALE & SR46,39.23399187,-86.62508999
2005,9,7,Weekend,1200,2-Car,No injury/unknown,FAILURE TO YIELD RIGHT OF WAY,SALE & SR46,39.23396448,-86.62502038
2005,11,5,Weekday,1500,2-Car,Non-incapacitating,IMPROPER TURNING,SALE & SR46,39.23384,-86.624704
2005,11,5,Weekday,1800,2-Car,Non-incapacitating,OTHER (DRIVER) - EXPLAIN IN NARRATIVE,SALE & TEMPERANCE ST,39.23384,-86.624704
2005,4,4,Weekday,1400,2-Car,No injury/unknown,FAILURE TO YIELD RIGHT OF WAY,SALE & SR46,39.23384,-86.624704
2005,6,1,Weekend,1600,2-Car,Non-incapacitating,DISREGARD SIGNAL/REG SIGN,N SALE ST & SR46,39.23384,-86.624704
2005,1,3,Weekday,900,2-Car,No injury/unknown,FAILURE TO YIELD RIGHT OF WAY,SALE & SR46,39.23384,-86.624704
2005,11,2,Weekday,2000,1-Car,No injury/unknown,RAN OFF ROAD RIGHT,SALE & SR46,39.23384,-86.624704
2005,6,6,Weekday,800,1-Car,Non-incapacitating,RAN OFF ROAD RIGHT,MELCURRY & OLD SR 37,39.2338,-86.504499
2005,9,1,Weekend,1400,1-Car,Non-incapacitating,SPEED TOO FAST FOR WEATHER CONDITIONS,MURAT & TUNNEL RD,39.233744,-86.436288
2005,11,7,Weekend,1400,2-Car,Non-incapacitating,IMPROPER TURNING,SALE & SR46,39.23365728,-86.62443906
2005,5,4,Weekday,2100,2-Car,Non-incapacitating,IMPROPER TURNING,SALE & SR46,39.23365728,-86.62443906
2005,12,6,Weekday,1700,2-Car,No injury/unknown,FAILURE TO YIELD RIGHT OF WAY,SALE ST & SR46,39.2336343,-86.62493909
2005,1,7,Weekend,1500,2-Car,No injury/unknown,UNSAFE BACKING,3RD & GATES DR,39.23355055,-86.576399
2005,8,5,Weekday,600,2-Car,Non-incapacitating,DRIVER ASLEEP OR FATIGUED,BOTTOM & SR37,39.23288663,-86.54219875
2005,2,7,Weekend,200,1-Car,No injury/unknown,UNSAFE SPEED,SR 37 & SR 46,39.232688,-86.623056
2005,11,1,Weekend,300,2-Car,Non-incapacitating,IMPROPER PASSING,300 E MATLOCK & N WALNUT,39.232544,-86.540704
2005,1,2,Weekday,1900,2-Car,No injury/unknown,UNSAFE BACKING,N WALNUT PARKING LOT,39.232544,-86.540704
2005,7,5,Weekday,1900,1-Car,Non-incapacitating,FAILURE TO YIELD RIGHT OF WAY,GLENDORA & N WALNUT,39.232544,-86.540704
2005,1,7,Weekend,300,2-Car,No injury/unknown,OTHER (DRIVER) - EXPLAIN IN NARRATIVE,N WALNUT,39.232544,-86.540704
2005,2,3,Weekday,1400,2-Car,Non-incapacitating,OTHER (DRIVER) - EXPLAIN IN NARRATIVE,2ND & SR46,39.23224953,-86.62243764
2005,7,3,Weekday,800,2-Car,Non-incapacitating,FAILURE TO YIELD RIGHT OF WAY,2ND & SR46,39.232064,-86.622176
2005,12,3,Weekday,800,2-Car,No injury/unknown,FAILURE TO YIELD RIGHT OF WAY,RITTER & SALE ST,39.232048,-86.627296
2005,7,7,Weekend,1200,2-Car,No injury/unknown,FAILURE TO YIELD RIGHT OF WAY,3RD & ASSOCIATION ST,39.232032,-86.623808
2005,11,6,Weekday,800,2-Car,Non-incapacitating,OTHER (DRIVER) - EXPLAIN IN NARRATIVE,SALE,39.231843,-86.627906
2005,12,3,Weekday,1500,1-Car,No injury/unknown,DRIVER ILLNESS,REEVES & STARNES,39.23159979,-86.66589855
2005,12,2,Weekday,1200,2-Car,No injury/unknown,FAILURE TO YIELD RIGHT OF WAY,REEVES RD & STARNES,39.231536,-86.6588
2005,12,1,Weekend,1500,1-Car,Non-incapacitating,SPEED TOO FAST FOR WEATHER CONDITIONS,REEVES RD & STARNES,39.23151092,-86.65525063
2005,5,6,Weekday,1600,1-Car,No injury/unknown,RAN OFF ROAD RIGHT,GILMORE & REEVES RD,39.23149886,-86.65354948
2005,8,6,Weekday,700,2-Car,Non-incapacitating,DISREGARD SIGNAL/REG SIGN,2ND & ASSOCIATION ST,39.231424,-86.622944
2005,6,1,Weekend,600,1-Car,No injury/unknown,DRIVER ASLEEP OR FATIGUED,LOUDEN & REEVES,39.23140954,-86.6436445
2005,7,3,Weekday,1200,2-Car,Non-incapacitating,FAILURE TO YIELD RIGHT OF WAY,EDGEWOOD & REEVES RD,39.231312,-86.63816
2005,4,5,Weekday,1500,1-Car,Non-incapacitating,OTHER (DRIVER) - EXPLAIN IN NARRATIVE,OLD MEYERS RD & OLDSR37,39.23124,-86.505544
2005,3,7,Weekend,1700,2-Car,No injury/unknown,FAILURE TO YIELD RIGHT OF WAY,N THOMAS RD & SALE,39.231152,-86.6308
2005,2,5,Weekday,700,2-Car,Non-incapacitating,ROADWAY SURFACE CONDITION,REEVES & THOMAS RD,39.23087948,-86.63075697
2005,4,6,Weekend,2200,1-Car,Non-incapacitating,UNSAFE SPEED,SR45 & TUNNEL,39.23084122,-86.4302342
2005,1,1,Weekend,1600,3+ Cars,Non-incapacitating,IMPROPER PASSING,MOUNT GILEAD & SR45,39.23076441,-86.42232134
2005,12,6,Weekday,1700,2-Car,Non-incapacitating,ALCOHOLIC BEVERAGES,MT GILLIAD & SR 45,39.230752,-86.424096
2005,10,2,Weekday,1800,1-Car,No injury/unknown,ANIMAL/OBJECT IN ROADWAY,MT GILEAD & SR45,39.230752,-86.424096
2005,8,2,Weekday,1400,1-Car,Non-incapacitating,RAN OFF ROAD RIGHT,MT GILEAD & SR45,39.230752,-86.424096
2005,5,4,Weekday,400,1-Car,Non-incapacitating,ALCOHOLIC BEVERAGES,MT GILEAD & SR45,39.230752,-86.424096
2005,6,7,Weekend,0,1-Car,Non-incapacitating,ALCOHOLIC BEVERAGES,MT GILEAD & SR45,39.230752,-86.424096
2005,2,5,Weekday,1700,2-Car,Non-incapacitating,FAILURE TO YIELD RIGHT OF WAY,RITTER & SECOND ST,39.230701,-86.623697
2005,10,7,Weekend,1700,2-Car,No injury/unknown,UNSAFE BACKING,E LONGVIEW & WILLIAMSBURG DR,39.23036765,-86.49494067
2005,12,4,Weekday,1500,2-Car,No injury/unknown,FOLLOWING TOO CLOSELY,SR45 & TUNNEL,39.23022198,-86.41787626
2005,8,7,Weekend,1900,2-Car,Non-incapacitating,IMPROPER TURNING,PAUL & SR46,39.23018272,-86.61952794
2005,2,5,Weekday,1500,1-Car,Non-incapacitating,RAN OFF ROAD RIGHT,SR45 & TUNNEL,39.23014185,-86.43147049
2005,11,1,Weekend,0,1-Car,Non-incapacitating,ANIMAL/OBJECT IN ROADWAY,SALE & THOMAS RD,39.23006285,-86.63061846
2005,9,5,Weekday,1500,2-Car,No injury/unknown,FAILURE TO YIELD RIGHT OF WAY,SR45 & TUNNEL,39.230048,-86.4316
2005,3,5,Weekday,100,1-Car,Non-incapacitating,CELL PHONE USAGE,SR45 E & TUNNEL,39.230048,-86.4316
2005,10,7,Weekend,1300,Moped/Motorcycle,Non-incapacitating,RAN OFF ROAD RIGHT,SHUFFLE CREEK & SR45,39.229952,-86.416096
2005,10,1,Weekend,1700,1-Car,No injury/unknown,TIRE FAILURE OR DEFECTIVE,JACOB & SUSAN DRIVE,39.229952,-86.636784
2005,1,7,Weekend,800,1-Car,No injury/unknown,SPEED TOO FAST FOR WEATHER CONDITIONS,SHUFFLECREEK RD & SR45N,39.229952,-86.416096
2005,1,5,Weekday,1900,1-Car,Non-incapacitating,UNSAFE BACKING,SHUFFLE CREEK & SR45,39.22995011,-86.41606059
2005,1,2,Weekday,800,1-Car,Non-incapacitating,FAILURE TO YIELD RIGHT OF WAY,TEMPERANCE ST,39.229904,-86.619136
2005,10,2,Weekday,800,1-Car,Non-incapacitating,OVERCORRECTING/OVERSTEERING,BOLTON RD,39.229896,-86.473096
2005,9,5,Weekday,1400,1-Car,No injury/unknown,DRIVER ASLEEP OR FATIGUED,RAUBS & SUSAN ST,39.229872,-86.635728
2005,2,4,Weekday,1400,2-Car,No injury/unknown,RAN OFF ROAD RIGHT,DEWEY & THIRD ST,39.229792,-86.626464
2005,3,6,Weekday,500,2-Car,Non-incapacitating,FAILURE TO YIELD RIGHT OF WAY,1ST & RITTER ST,39.229424,-86.623584
2005,2,5,Weekday,700,1-Car,Non-incapacitating,ROADWAY SURFACE CONDITION,SR37,39.229368,-86.626984
2005,12,5,Weekday,1700,2-Car,No injury/unknown,SPEED TOO FAST FOR WEATHER CONDITIONS,OLD SR 37 & SR 37,39.22917232,-86.528699
2005,11,1,Weekday,2000,1-Car,Non-incapacitating,ROADWAY SURFACE CONDITION,DUNN & OLD SR 37,39.22917232,-86.528699
2005,11,4,Weekday,1700,2-Car,No injury/unknown,OTHER (DRIVER) - EXPLAIN IN NARRATIVE,LAW & N UNION,39.22518261,-86.509699
2005,4,7,Weekend,1500,1-Car,Non-incapacitating,OVERCORRECTING/OVERSTEERING,PATHWAYS & SR45,39.2248864,-86.38291191
2005,4,2,Weekday,700,1-Car,Non-incapacitating,DRIVER ILLNESS,TECUMSEH & THOMAS RD,39.22465979,-86.63051271
2005,10,6,Weekend,2100,2-Car,Non-incapacitating,LEFT OF CENTER,SALE & THOMAS RD,39.22429982,-86.6305083
2005,3,6,Weekday,600,1-Car,No injury/unknown,OTHER (DRIVER) - EXPLAIN IN NARRATIVE,LOSTMANS & MAPLE GROVE RD,39.22304,-86.569696
2005,10,2,Weekday,1400,2-Car,Non-incapacitating,LEFT OF CENTER,LOSTMANS & UNIONVALLEY RD,39.222848,-86.592704
2005,1,2,Weekday,1900,1-Car,Non-incapacitating,UNSAFE SPEED,CLUBHOUSE & KINSER PIKE,39.222752,-86.550096
2005,3,5,Weekday,1800,2-Car,No injury/unknown,UNSAFE BACKING,KINSER PIKE,39.222752,-86.550096
2005,1,3,Weekday,2100,2-Car,No injury/unknown,UNSAFE BACKING,KINSER PIKE,39.222752,-86.550096
2005,4,2,Weekday,1600,2-Car,No injury/unknown,FAILURE TO YIELD RIGHT OF WAY,KINSER,39.222752,-86.550096
2005,3,7,Weekend,2000,2-Car,No injury/unknown,UNSAFE BACKING,KINSER,39.222752,-86.550096
2005,1,1,Weekday,2000,2-Car,No injury/unknown,OTHER (DRIVER) - EXPLAIN IN NARRATIVE,KINSER PARK,39.222752,-86.550096
2005,12,1,Weekend,1600,2-Car,Non-incapacitating,SPEED TOO FAST FOR WEATHER CONDITIONS,HARBISON & HARTSTRAIGHT,39.22250814,-86.61418523
2005,2,6,Weekday,1600,2-Car,No injury/unknown,FAILURE TO YIELD RIGHT OF WAY,FRANKLIN RD,39.222352,-86.683904
2005,12,1,Weekend,1300,2-Car,No injury/unknown,ROADWAY SURFACE CONDITION,OLD SR 37 & PRAIRIE,39.22216,-86.517408
2005,6,1,Weekend,1200,1-Car,No injury/unknown,UNSAFE SPEED,COX & SR45,39.22185259,-86.44175187
2005,9,5,Weekday,1400,2-Car,No injury/unknown,FOLLOWING TOO CLOSELY,LAKEVIEW & SR46,39.22181673,-86.60673001
2005,11,4,Weekday,1400,2-Car,Non-incapacitating,FOLLOWING TOO CLOSELY,LAKEVIEW & SR46,39.22165055,-86.60644751
2005,9,4,Weekday,1700,2-Car,No injury/unknown,UNSAFE BACKING,TECUMSEH & THOMAS RD,39.22147531,-86.63046475
2005,11,6,Weekday,1600,2-Car,Non-incapacitating,FAILURE TO YIELD RIGHT OF WAY,LAKEVIEW & SR46,39.221152,-86.6056
2005,6,3,Weekday,1900,Bus,Non-incapacitating,FAILURE TO YIELD RIGHT OF WAY,LAKEVIEW & SR46,39.221152,-86.6056
2005,10,3,Weekday,1700,2-Car,Non-incapacitating,FOLLOWING TOO CLOSELY,LAKEVIEW & SR46,39.22101096,-86.60540607
2005,12,5,Weekday,1500,2-Car,No injury/unknown,SPEED TOO FAST FOR WEATHER CONDITIONS,ACUFF & SR37S,39.22076685,-86.55032316
2005,2,4,Weekday,,1-Car,Non-incapacitating,OTHER (ENVIRONMENTAL) - EXPLAIN IN NARR,COX & SR45,39.22064869,-86.44224511
2005,6,2,Weekday,1100,1-Car,Non-incapacitating,RAN OFF ROAD RIGHT,APACHE & THOMAS RD,39.22030985,-86.63045061
2005,5,6,Weekday,1600,2-Car,No injury/unknown,OTHER (DRIVER) - EXPLAIN IN NARRATIVE,KETCHUM & SR37,39.22026451,-86.57288679
2005,8,4,Weekday,1900,2-Car,Non-incapacitating,FAILURE TO YIELD RIGHT OF WAY,LAKEVIEW & SR46,39.22026213,-86.60427813
2005,3,5,Weekday,2200,2-Car,Non-incapacitating,PRESCRIPTION DRUGS,KINSER & SR37,39.22002986,-86.55081813
2005,1,1,Weekend,1700,1-Car,No injury/unknown,RAN OFF ROAD RIGHT,LOST MANS & MAPLE GROVE RD,39.21972872,-86.56545757
2005,10,1,Weekend,1800,2-Car,Non-incapacitating,FAILURE TO YIELD RIGHT OF WAY,LOVE & SR46,39.219152,-86.602304
2005,6,4,Weekday,500,1-Car,No injury/unknown,UNSAFE SPEED,BOLTINGHOUSE RD & OLD MEYERS,39.21904,-86.472896
2005,8,4,Weekday,1200,2-Car,Non-incapacitating,OTHER (DRIVER) - EXPLAIN IN NARRATIVE,LOVE & SR46,39.21898521,-86.60202211
2005,8,3,Weekday,1400,2-Car,No injury/unknown,LEFT OF CENTER,SR46 & UNION VALLEY RD,39.21869801,-86.592772
2005,6,2,Weekday,1400,1-Car,No injury/unknown,HOLES/RUTS IN SURFACE,KINSER & SR37N,39.21820264,-86.55204527
2005,6,2,Weekday,2100,1-Car,Non-incapacitating,ANIMAL/OBJECT IN ROADWAY,BUSINESS 37 & OLD SR 37,39.21768792,-86.5348
2005,4,7,Weekend,1600,2-Car,Non-incapacitating,FAILURE TO YIELD RIGHT OF WAY,RIDGEWOOD & SR46E,39.217248,-86.598992
2005,2,3,Weekday,2000,2-Car,No injury/unknown,UNSAFE BACKING,SR46 & UNION VALLEY,39.21558871,-86.59410239
2005,10,6,Weekend,1900,Moped/Motorcycle,Non-incapacitating,RAN OFF ROAD RIGHT,BAYLES RD & NORTHWOODS,39.21544,-86.54154913
2005,10,4,Weekday,1800,1-Car,Non-incapacitating,PRESCRIPTION DRUGS,BLK CRESCENT & W 17TH,39.21544,-86.547504
2005,7,6,Weekday,1700,1-Car,No injury/unknown,OTHER (DRIVER) - EXPLAIN IN NARRATIVE,EARL YOUNG & SR45,39.2154025,-86.45537919