Year,Month,Day,Weekend?,Hour,Collision Type,Injury Type,Primary Factor,Reported_Location,Latitude,Longitude
2005,10,2,Weekday,1700,2-Car,Non-incapacitating,DRIVER DISTRACTED - EXPLAIN IN NARRATIVE,SR46 & UNION VALLEY,39.21526236,-86.59312494
2005,7,4,Weekday,1700,2-Car,No injury/unknown,FOLLOWING TOO CLOSELY,SR46E & UNION VALLEY,39.21520718,-86.59296247
2005,6,4,Weekday,800,2-Car,No injury/unknown,IMPROPER LANE USAGE,SR46E & UNION VALLEY,39.21519063,-86.59291373
2005,3,3,Weekday,800,1-Car,No injury/unknown,ROADWAY SURFACE CONDITION,RATLIFF & THOMAS RD,39.2151862,-86.63043113
2005,3,7,Weekend,1600,3+ Cars,Non-incapacitating,ALCOHOLIC BEVERAGES,SR46 & UNION VALLEY,39.215152,-86.5928
2005,10,3,Weekday,1900,2-Car,Non-incapacitating,FOLLOWING TOO CLOSELY,SR46 & UNION MILLEY,39.215152,-86.5928
2005,10,4,Weekday,1600,Moped/Motorcycle,Incapacitating,NONE (ENVIRONMENTAL),SR46 & UNION VALLEY,39.215152,-86.5928
2005,11,6,Weekday,1500,2-Car,Non-incapacitating,OTHER (DRIVER) - EXPLAIN IN NARRATIVE,SR 46 & UNION VALLEY,39.215152,-86.5928
2005,3,2,Weekday,1500,2-Car,No injury/unknown,FAILURE TO YIELD RIGHT OF WAY,SR46 & UNION VALLEY,39.215152,-86.5928
2005,8,1,Weekend,1800,2-Car,Non-incapacitating,FAILURE TO YIELD RIGHT OF WAY,SR46 & UNIONVALLY,39.215152,-86.5928
2005,1,7,Weekend,1100,2-Car,No injury/unknown,DRIVER DISTRACTED - EXPLAIN IN NARRATIVE,SR46 & UNIONVALLEY RD,39.215152,-86.5928
2005,6,3,Weekday,0,2-Car,No injury/unknown,FAILURE TO YIELD RIGHT OF WAY,SR46 & UNION VALLEY,39.215152,-86.5928
2005,8,5,Weekday,1500,2-Car,No injury/unknown,FAILURE TO YIELD RIGHT OF WAY,SR46 & UNION VALLEY,39.215152,-86.5928
2005,6,7,Weekend,1200,2-Car,Non-incapacitating,DISREGARD SIGNAL/REG SIGN,SR46 & UNION VALLEY,39.215152,-86.5928
2005,3,3,Weekday,1500,2-Car,No injury/unknown,UNSAFE BACKING,SR46 & UNION VALLEY,39.215152,-86.5928
2005,6,5,Weekday,1700,3+ Cars,No injury/unknown,OTHER (DRIVER) - EXPLAIN IN NARRATIVE,SR46 & UNION VALLEY,39.21509467,-86.59272356
2005,8,2,Weekday,1600,2-Car,No injury/unknown,UNSAFE BACKING,WHITE,39.214944,-86.683808
2005,11,4,Weekday,1800,2-Car,Non-incapacitating,FAILURE TO YIELD RIGHT OF WAY,SR46 & UNION VALLEY,39.21486755,-86.59241512
2005,2,2,Weekday,100,1-Car,Non-incapacitating,UNSAFE SPEED,BETHEL LN & STIDD,39.21475201,-86.47679427
2005,10,5,Weekday,1400,1-Car,Non-incapacitating,,BETHEL LN & STIDD,39.214752,-86.477504
2005,8,4,Weekday,1400,2-Car,No injury/unknown,FAILURE TO YIELD RIGHT OF WAY,SR46W & UNION VALLEY,39.21468087,-86.5921549
2005,4,1,Weekend,1200,2-Car,Non-incapacitating,FAILURE TO YIELD RIGHT OF WAY,HIGHLAND & WINSLOW SPORT,39.21435974,-86.58177286
2005,2,1,Weekend,1800,2-Car,No injury/unknown,FOLLOWING TOO CLOSELY,SR46 & UNION VALLEY,39.21421419,-86.59150436
2005,1,5,Weekday,1800,1-Car,No injury/unknown,ROADWAY SURFACE CONDITION,BETHEL LN & BOLTINGHOUSE,39.21408515,-86.47963809
2005,4,4,Weekday,900,2-Car,No injury/unknown,UNSAFE BACKING,COURLEY PIKE,39.213488,-86.49968
2005,5,3,Weekday,1000,2-Car,No injury/unknown,UNSAFE BACKING,NOVA & RIDGEWOOD DR,39.21296058,-86.59802209
2005,5,3,Weekday,600,1-Car,No injury/unknown,OTHER (DRIVER) - EXPLAIN IN NARRATIVE,RATLIFF & THOMAS,39.21253917,-86.63043113
2005,1,7,Weekend,900,1-Car,No injury/unknown,SPEED TOO FAST FOR WEATHER CONDITIONS,HIGH & MOORES PIKE,39.212528,-86.496128
2005,12,3,Weekday,1400,1-Car,No injury/unknown,SPEED TOO FAST FOR WEATHER CONDITIONS,DEER RUN & TECUMSEH DR,39.21250976,-86.621599
2005,2,5,Weekday,700,2-Car,No injury/unknown,FAILURE TO YIELD RIGHT OF WAY,DEERE PARK & SR46,39.212048,-86.5872
2005,4,2,Weekday,1400,1-Car,Non-incapacitating,DRIVER ILLNESS,CRIDER & RIDGEWOOD,39.212016,-86.59872
2005,2,6,Weekday,1000,2-Car,No injury/unknown,UNSAFE BACKING,LIBERTY & SR45,39.2117563,-86.577099
2005,12,4,Weekday,2200,2-Car,No injury/unknown,FAILURE TO YIELD RIGHT OF WAY,10THS,39.21144,-86.527392
2005,1,3,Weekday,1500,2-Car,Non-incapacitating,FAILURE TO YIELD RIGHT OF WAY,AUTO MALL RD & COVENANTER,39.2111627,-86.496099
2005,7,6,Weekday,1600,2-Car,No injury/unknown,OTHER (DRIVER) - EXPLAIN IN NARRATIVE,SMITH & SR46,39.21047499,-86.58376626
2005,11,7,Weekend,1700,2-Car,Non-incapacitating,UNSAFE BACKING,SMITH & SR46,39.21047499,-86.58376626
2005,2,6,Weekday,1600,2-Car,No injury/unknown,FOLLOWING TOO CLOSELY,SMITH & SR46,39.21047499,-86.58376626
2005,9,2,Weekday,800,2-Car,Non-incapacitating,FOLLOWING TOO CLOSELY,SMITH & SR46,39.2103095,-86.58348313
2005,1,5,Weekday,700,2-Car,No injury/unknown,OTHER (DRIVER) - EXPLAIN IN NARRATIVE,SMITH & SR46,39.21026812,-86.58341235
2005,3,3,Weekday,900,2-Car,No injury/unknown,ROADWAY SURFACE CONDITION,AMHERST & MAPLE GROVE,39.21024,-86.560992
2005,10,5,Weekday,800,2-Car,Non-incapacitating,FOLLOWING TOO CLOSELY,SMITH & SR 46,39.21022675,-86.58334157
2005,11,2,Weekday,1500,2-Car,No injury/unknown,FOLLOWING TOO CLOSELY,SMITH & SR46,39.210144,-86.5832
2005,10,2,Weekday,1700,2-Car,Non-incapacitating,FAILURE TO YIELD RIGHT OF WAY,SMITH & SR46,39.210144,-86.5832
2005,8,6,Weekend,1900,2-Car,No injury/unknown,DRIVER DISTRACTED - EXPLAIN IN NARRATIVE,SMITH PIKE & SR46,39.210144,-86.5832
2005,8,2,Weekday,1300,3+ Cars,No injury/unknown,OTHER (DRIVER) - EXPLAIN IN NARRATIVE,CENTENNIAL & SR46,39.2099611,-86.58266685
2005,7,4,Weekday,2100,2-Car,Non-incapacitating,DRIVER ASLEEP OR FATIGUED,BETHLE & SR45,39.209952,-86.463392
2005,7,1,Weekend,1400,1-Car,Non-incapacitating,ALCOHOLIC BEVERAGES,BETHEL & SR45,39.209952,-86.463392
2005,12,7,Weekend,1400,2-Car,No injury/unknown,FAILURE TO YIELD RIGHT OF WAY,BETHLE & SR 45,39.209952,-86.463392
2005,6,1,Weekend,1300,Moped/Motorcycle,Non-incapacitating,OTHER (DRIVER) - EXPLAIN IN NARRATIVE,SMITH & SR46,39.20992145,-86.58284848
2005,6,4,Weekday,800,2-Car,No injury/unknown,NONE (DRIVER),SMITH & SR 46,39.20970565,-86.58251742
2005,6,4,Weekday,1100,2-Car,No injury/unknown,FAILURE TO YIELD RIGHT OF WAY,SMITH & SR46E,39.20912905,-86.58164663
2005,11,4,Weekday,1600,2-Car,No injury/unknown,BRAKE FAILURE OR DEFECTIVE,HARTSTRAIGHT & W RATCLIFF,39.20904,-86.611504
2005,3,3,Weekday,800,1-Car,Non-incapacitating,OTHER (DRIVER) - EXPLAIN IN NARRATIVE,HARTSTRIGHT & WOODYARD RD,39.208544,-86.611504
2005,7,5,Weekday,1500,2-Car,No injury/unknown,FAILURE TO YIELD RIGHT OF WAY,ACUFF & SR37 N,39.20824,-86.554704
2005,8,2,Weekday,1600,2-Car,No injury/unknown,IMPROPER LANE USAGE,ARLINGTON & SR 46,39.20824,-86.580208
2005,8,4,Weekday,1400,2-Car,Non-incapacitating,FOLLOWING TOO CLOSELY,ARLINGTON RD & SR 46,39.20824,-86.580208
2005,2,4,Weekday,1400,2-Car,No injury/unknown,FAILURE TO YIELD RIGHT OF WAY,ACUFF & SR37,39.20824,-86.554704
2005,6,3,Weekday,900,Moped/Motorcycle,No injury/unknown,DRIVER DISTRACTED - EXPLAIN IN NARRATIVE,ARLINGTON RD & SR46,39.20824,-86.580208
2005,8,4,Weekday,1400,3+ Cars,Incapacitating,FAILURE TO YIELD RIGHT OF WAY,ACUFF & SR37,39.20824,-86.554704
2005,9,5,Weekday,700,2-Car,No injury/unknown,FOLLOWING TOO CLOSELY,37 & ACUFF RD,39.20824,-86.554704
2005,10,3,Weekday,2000,1-Car,No injury/unknown,ANIMAL/OBJECT IN ROADWAY,ARLINGTON & SR46W,39.20822627,-86.57994247
2005,4,4,Weekday,1800,2-Car,No injury/unknown,IMPROPER TURNING,FORREST PARK & SMITH,39.208144,-86.5832
2005,1,2,Weekday,1600,2-Car,Non-incapacitating,FOLLOWING TOO CLOSELY,FORREST PARK & SMITH PIKE,39.208144,-86.5832
2005,11,2,Weekday,1500,2-Car,No injury/unknown,FOLLOWING TOO CLOSELY,FOREST PARK & SMITH PKWY,39.208144,-86.5832
2005,2,3,Weekday,700,2-Car,No injury/unknown,OTHER (DRIVER) - EXPLAIN IN NARRATIVE,FORREST PARK & SMITH PIKE,39.208144,-86.5832
2005,1,6,Weekday,1500,2-Car,Non-incapacitating,FOLLOWING TOO CLOSELY,SMITH & SR46,39.20807484,-86.57701482
2005,12,3,Weekday,1800,2-Car,Non-incapacitating,OTHER (DRIVER) - EXPLAIN IN NARRATIVE,OLD SR 37 & SR 37,39.208,-86.528699
2005,10,6,Weekend,2300,1-Car,No injury/unknown,ANIMAL/OBJECT IN ROADWAY,OLD ST RD 37 & STONEMILL,39.2078,-86.532599
2005,9,6,Weekday,1100,2-Car,No injury/unknown,UNSAFE BACKING,ARLINGTON RD & SUGAR,39.20779023,-86.5747534
2005,8,3,Weekday,1600,1-Car,No injury/unknown,RAN OFF ROAD RIGHT,BIRDIE GALYEIN & MT GILEAD RD,39.207648,-86.423696
2005,5,5,Weekday,1500,2-Car,Non-incapacitating,FAILURE TO YIELD RIGHT OF WAY,ARLINGTON RD & SHELLBURNE,39.207648,-86.573792
2005,11,3,Weekday,700,2-Car,No injury/unknown,ROADWAY SURFACE CONDITION,N OLD SR 37 & WALNUT,39.2071,-86.53481631
2005,10,3,Weekday,1200,2-Car,No injury/unknown,CELL PHONE USAGE,N WALNUT ST & OLD SR 37,39.20704,-86.534704
2005,7,7,Weekend,900,2-Car,No injury/unknown,LEFT OF CENTER,ACUFF & MAPLE GROVE,39.20640884,-86.55744022
2005,9,3,Weekday,1000,2-Car,No injury/unknown,LEFT OF CENTER,ACUFF & N MAPLEWOOD RD,39.206352,-86.557696
2005,5,5,Weekday,2000,1-Car,No injury/unknown,ANIMAL/OBJECT IN ROADWAY,ACUFF & SR37S,39.20631818,-86.55469013
2005,12,4,Weekday,2100,2-Car,No injury/unknown,OTHER (DRIVER) - EXPLAIN IN NARRATIVE,45BYP & SR46,39.206312,-86.571312
2005,1,4,Weekday,1600,2-Car,No injury/unknown,UNSAFE BACKING,SR 46,39.206312,-86.571312
2005,5,7,Weekend,1600,2-Car,Fatal,DISREGARD SIGNAL/REG SIGN,SR46E,39.206312,-86.571312
2005,4,5,Weekday,1400,2-Car,No injury/unknown,OTHER (DRIVER) - EXPLAIN IN NARRATIVE,BABY CREEK RD & BRUMMETTS CREEK,39.20584,-86.401696
2005,4,1,Weekend,200,1-Car,Non-incapacitating,ALCOHOLIC BEVERAGES,ACUFF & SR37,39.20549454,-86.55468419
2005,12,5,Weekday,,2-Car,No injury/unknown,ROADWAY SURFACE CONDITION,ACUFF & SR 37,39.204616,-86.55467785
2005,6,4,Weekday,900,2-Car,Non-incapacitating,OTHER (DRIVER) - EXPLAIN IN NARRATIVE,ACUFF & SR37S,39.20412182,-86.55467428
2005,9,1,Weekend,0,2-Car,No injury/unknown,NONE (DRIVER),LAW & UNION ST,39.20388945,-86.509558
2005,3,3,Weekday,800,1-Car,No injury/unknown,ROADWAY SURFACE CONDITION,HARTSTRART & WOODYARD,39.20318384,-86.60338566
2005,10,7,Weekend,100,1-Car,No injury/unknown,RAN OFF ROAD RIGHT,KINSER,39.20304,-86.547392
2005,3,3,Weekday,800,1-Car,No injury/unknown,ROADWAY SURFACE CONDITION,KINSER PIKE,39.20304,-86.547392
2005,3,3,Weekday,700,2-Car,No injury/unknown,OTHER (DRIVER) - EXPLAIN IN NARRATIVE,KINSER PIKE,39.20304,-86.547392
2005,3,3,Weekday,800,2-Car,No injury/unknown,OTHER (ENVIRONMENTAL) - EXPLAIN IN NARR,KINSER PIKE,39.20304,-86.547392
2005,3,3,Weekday,700,Bus,No injury/unknown,NONE (DRIVER),KINSER PIKE,39.20304,-86.547392
2005,11,4,Weekday,2000,2-Car,No injury/unknown,UNSAFE BACKING,KINGER & KINGER PARK,39.20304,-86.547392
2005,12,4,Weekday,1300,2-Car,No injury/unknown,FAILURE TO YIELD RIGHT OF WAY,BLOOMFIELD & LANDMARK AVE,39.20223295,-86.55379641
2005,2,4,Weekday,1900,2-Car,No injury/unknown,OTHER (DRIVER) - EXPLAIN IN NARRATIVE,DUNN & LAKEWOOD DR,39.201952,-86.5288
2005,7,4,Weekday,1000,1-Car,No injury/unknown,RAN OFF ROAD RIGHT,DUNN ST & LAKEWOOD,39.201952,-86.5288
2005,1,4,Weekday,1000,1-Car,No injury/unknown,ROADWAY SURFACE CONDITION,WALCOTT & WOODYARD RD,39.20171855,-86.60216065
2005,9,3,Weekday,400,1-Car,No injury/unknown,DRIVER ASLEEP OR FATIGUED,HARTSTRAIGHT & WALCOTT,39.201488,-86.611408
2005,9,7,Weekend,1000,1-Car,No injury/unknown,UNSAFE SPEED,HARTSTRAITE RD & WALCOTT LANE,39.201488,-86.611408
2005,8,7,Weekend,1600,1-Car,Non-incapacitating,OTHER (DRIVER) - EXPLAIN IN NARRATIVE,ARLINGTON RD & STONEY BROOK,39.200504,-86.56010233
2005,7,7,Weekend,1000,1-Car,Non-incapacitating,RAN OFF ROAD RIGHT,HINKLE RD,39.200448,-86.514192
2005,10,2,Weekday,800,1-Car,No injury/unknown,RAN OFF ROAD RIGHT,WALCOTT & WOODYARD RD,39.20033481,-86.60100561
2005,3,5,Weekday,2100,1-Car,Non-incapacitating,ALCOHOLIC BEVERAGES,17TH & 17TH ST,39.20015666,-86.522485
2005,5,4,Weekday,2000,2-Car,No injury/unknown,LEFT OF CENTER,CLUB HOUSE DR,39.200096,-86.537744
2005,9,2,Weekday,900,2-Car,Non-incapacitating,DRIVER DISTRACTED - EXPLAIN IN NARRATIVE,PARKVIEW DR & STONEYCREST,39.200048,-86.5448
2005,5,1,Weekend,300,1-Car,No injury/unknown,RAN OFF ROAD RIGHT,ARLINGTON & MAPLE GROVE,39.19968,-86.55968
2005,12,6,Weekday,1800,1-Car,No injury/unknown,OTHER (VEHICLE) - EXPLAIN IN NARRATIVE,WALCOTT & WOODYARD,39.1991914,-86.60002682
2005,1,5,Weekday,1800,1-Car,Non-incapacitating,ROADWAY SURFACE CONDITION,ARLINGTON RD & STOUTES CREEK,39.19850035,-86.55887735
2005,2,1,Weekend,1400,2-Car,No injury/unknown,FAILURE TO YIELD RIGHT OF WAY,ARLINGTON RD & MAPLE GROVE,39.19846534,-86.55885352
2005,4,5,Weekday,700,1-Car,No injury/unknown,RAN OFF ROAD RIGHT,CLUB HOUSE & KINSER,39.198144,-86.542096
2005,7,7,Weekend,500,1-Car,No injury/unknown,RAN OFF ROAD RIGHT,CROSSOVER & SR37,39.197909,-86.51702267
2005,5,6,Weekday,1100,Moped/Motorcycle,Non-incapacitating,UNSAFE SPEED,RUSSELL & SR45,39.19760792,-86.46788591
2005,12,6,Weekday,1800,2-Car,No injury/unknown,LEFT OF CENTER,RUSSELL RD,39.19740932,-86.48694471
2005,1,1,Weekday,2100,1-Car,No injury/unknown,ANIMAL/OBJECT IN ROADWAY,SR 37 & SR 46,39.19688941,-86.55462121
2005,1,5,Weekday,2000,1-Car,No injury/unknown,UNSAFE SPEED,SR37 & SR46,39.19687618,-86.55754056
2005,7,5,Weekday,2200,2-Car,Non-incapacitating,OTHER (DRIVER) - EXPLAIN IN NARRATIVE,BLUE RIDGE & WALNUT,39.196848,-86.5344
2005,8,6,Weekday,1500,2-Car,Non-incapacitating,CELL PHONE USAGE,BLUE RIDGE & NORTH WALNUT ST,39.196848,-86.5344
2005,3,5,Weekday,1200,2-Car,No injury/unknown,,WINDINGBROOK CIR,39.196776,-86.545408
2005,8,1,Weekend,1400,2-Car,No injury/unknown,,BLUE RIDGE & WALNUT ST,39.1966505,-86.53432471
2005,1,6,Weekday,1600,1-Car,No injury/unknown,OTHER (DRIVER) - EXPLAIN IN NARRATIVE,SR 37 & SR 46,39.19515303,-86.555794
2005,2,7,Weekend,1400,1-Car,Fatal,RAN OFF ROAD RIGHT,SR37 & SR46,39.19515303,-86.555794
2005,6,7,Weekend,900,2-Car,No injury/unknown,OTHER (DRIVER) - EXPLAIN IN NARRATIVE,BLUE RIDGE & BLUE RIDGE DR,39.195152,-86.5316
2005,10,3,Weekday,1700,2-Car,Non-incapacitating,FAILURE TO YIELD RIGHT OF WAY,BRIARCLIFF & KINGSLEY DR,39.19498384,-86.54241208
2005,1,6,Weekday,0,1-Car,No injury/unknown,ROADWAY SURFACE CONDITION,SR37 & SR46,39.19484075,-86.5554471
2005,11,2,Weekday,2000,1-Car,No injury/unknown,RAN OFF ROAD RIGHT,BLK N DUNN & VARSITY,39.19474873,-86.528299
2005,7,2,Weekday,1900,1-Car,No injury/unknown,DRIVER ASLEEP OR FATIGUED,SR37 & SR46,39.19455581,-86.55459638
2005,11,7,Weekend,1000,2-Car,No injury/unknown,FAILURE TO YIELD RIGHT OF WAY,E KIRKWARD & N DUNN,39.19439798,-86.52827882
2005,4,6,Weekday,900,2-Car,No injury/unknown,FOLLOWING TOO CLOSELY,SR37N & SR46E,39.19428127,-86.55459346
2005,1,7,Weekend,500,1-Car,No injury/unknown,ROADWAY SURFACE CONDITION,ARLINGTON RD & PROW,39.19421872,-86.5546837
2005,8,2,Weekday,1800,2-Car,Non-incapacitating,OTHER (DRIVER) - EXPLAIN IN NARRATIVE,SR37 & SR46,39.194144,-86.554592
2005,10,5,Weekday,1800,1-Car,No injury/unknown,,SR37 & SR46,39.194144,-86.554592
2005,5,6,Weekday,1800,2-Car,No injury/unknown,UNSAFE SPEED,BRIAR CLIFF & KINSER PIKE,39.194144,-86.540992
2005,8,2,Weekday,1700,2-Car,Non-incapacitating,FAILURE TO YIELD RIGHT OF WAY,SR37 & SR46,39.194144,-86.554592
2005,11,4,Weekday,1000,2-Car,No injury/unknown,FAILURE TO YIELD RIGHT OF WAY,SR37 & SR46,39.194144,-86.554592
2005,6,5,Weekday,1300,2-Car,No injury/unknown,FOLLOWING TOO CLOSELY,SR37 & SR46,39.194144,-86.554592
2005,4,6,Weekend,2100,2-Car,No injury/unknown,DRIVER DISTRACTED - EXPLAIN IN NARRATIVE,OLD & US46,39.194144,-86.554592
2005,2,4,Weekday,900,2-Car,No injury/unknown,IMPROPER TURNING,SR37 & SR46,39.194144,-86.554592
2005,6,6,Weekend,2200,1-Car,Non-incapacitating,RAN OFF ROAD RIGHT,SR37 & SR46,39.194144,-86.554592
2005,4,5,Weekday,900,1-Car,No injury/unknown,OVERSIZE/OVERWEIGHT LOAD,SR37N & SR46W,39.194144,-86.554592
2005,12,2,Weekday,1400,Bus,No injury/unknown,FAILURE TO YIELD RIGHT OF WAY,SR37N & SR46E,39.194144,-86.554592
2005,7,4,Weekday,1600,2-Car,No injury/unknown,FAILURE TO YIELD RIGHT OF WAY,ARLINGTON & HUNTER VALLEY,39.194102,-86.55458502
2005,5,2,Weekday,1300,2-Car,No injury/unknown,,N WALNUT,39.193952,-86.533296
2005,1,5,Weekday,2100,1-Car,Non-incapacitating,OTHER (DRIVER) - EXPLAIN IN NARRATIVE,BLUE RIDGE & WALNUT,39.193952,-86.533296
2005,7,4,Weekday,1100,2-Car,Non-incapacitating,BRAKE FAILURE OR DEFECTIVE,CURRY & SR46,39.19377697,-86.57122955
2005,5,5,Weekday,2100,1-Car,No injury/unknown,ANIMAL/OBJECT IN ROADWAY,CURRY & SR46,39.19377697,-86.57114731
2005,8,3,Weekday,700,2-Car,No injury/unknown,ROADWAY SURFACE CONDITION,CURRY PIKE & SR46,39.19377697,-86.57123388
2005,1,7,Weekend,900,2-Car,Non-incapacitating,OVERCORRECTING/OVERSTEERING,JONES & JORDAN AVE,39.19369367,-86.516399
2005,8,2,Weekday,1200,2-Car,No injury/unknown,OTHER (ENVIRONMENTAL) - EXPLAIN IN NARR,LAW LN & UNION,39.1935521,-86.510294
2005,12,1,Weekend,200,1-Car,No injury/unknown,ROADWAY SURFACE CONDITION,ARLINGTON RD & PROW,39.19276756,-86.55305578
2005,9,1,Weekend,1300,2-Car,No injury/unknown,UNSAFE BACKING,10TH & CAMPBELL,39.19275266,-86.515599
2005,2,7,Weekend,1500,2-Car,No injury/unknown,,10TH ST & SUNRISE,39.19275266,-86.513894
2005,12,5,Weekday,1800,1-Car,Non-incapacitating,FAILURE TO YIELD RIGHT OF WAY,JONES & JORDAN AVE,39.19263618,-86.516399
2005,7,4,Weekday,0,1-Car,Non-incapacitating,RAN OFF ROAD RIGHT,LOESCH & WOODYARD RD,39.19258513,-86.58765025
2005,10,4,Weekday,1700,2-Car,No injury/unknown,UNSAFE SPEED,BLK KINSER,39.191768,-86.537701
2005,4,7,Weekend,2100,Moped/Motorcycle,Non-incapacitating,FAILURE TO YIELD RIGHT OF WAY,FRITZ & WALNUT,39.19135705,-86.53291278
2005,10,2,Weekday,1300,2-Car,No injury/unknown,FAILURE TO YIELD RIGHT OF WAY,KINSER & SKYLINE,39.19109284,-86.53773395
2005,9,2,Weekday,2100,1-Car,No injury/unknown,LEFT OF CENTER,CURRY PIKE & WOODYARD RD,39.190672,-86.582992
2005,5,5,Weekday,700,2-Car,No injury/unknown,DRIVER DISTRACTED - EXPLAIN IN NARRATIVE,CURRY PIKE & WOODYARD,39.190672,-86.582992
2005,12,2,Weekday,1500,2-Car,No injury/unknown,FAILURE TO YIELD RIGHT OF WAY,CURRY PIKE & WOODYARD,39.190672,-86.582992
2005,4,3,Weekday,1200,2-Car,Non-incapacitating,OTHER (DRIVER) - EXPLAIN IN NARRATIVE,KINSER & SKYLINE,39.190544,-86.537712
2005,5,2,Weekday,1700,2-Car,No injury/unknown,UNSAFE BACKING,WALNUT ST,39.190343,-86.533178
2005,12,5,Weekday,1600,3+ Cars,Non-incapacitating,SPEED TOO FAST FOR WEATHER CONDITIONS,SR37S & SR45S,39.19031236,-86.55466428
2005,10,5,Weekday,1100,2-Car,No injury/unknown,FAILURE TO YIELD RIGHT OF WAY,SMITH PIKE & WOODYARD RD,39.190202,-86.582398
2005,12,3,Weekday,2000,2-Car,No injury/unknown,FAILURE TO YIELD RIGHT OF WAY,SMITH & WOODYARD RD,39.190202,-86.582398
2005,9,7,Weekend,1400,Moped/Motorcycle,Non-incapacitating,FAILURE TO YIELD RIGHT OF WAY,GLENDORA & WALNUT ST,39.189968,-86.533232
2005,2,5,Weekday,1600,2-Car,Non-incapacitating,FAILURE TO YIELD RIGHT OF WAY,THOMAS RD & VERNAL,39.18986363,-86.63010394
2005,9,5,Weekday,1400,1-Car,Non-incapacitating,ANIMAL/OBJECT IN ROADWAY,PIONEER & WOODYARD RD,39.18984088,-86.58096614
2005,1,7,Weekend,900,Bus,No injury/unknown,ROADWAY SURFACE CONDITION,JONES & JORDAN AVE,39.18946372,-86.516399
2005,12,7,Weekend,1900,2-Car,No injury/unknown,UNSAFE BACKING,WALNUT,39.18942433,-86.53338906
2005,12,1,Weekend,400,1-Car,No injury/unknown,RAN OFF ROAD RIGHT,PIONEER & WOODYARD,39.1893985,-86.57948178
2005,8,6,Weekday,800,1-Car,Non-incapacitating,RAN OFF ROAD RIGHT,HOWARD RD & STARNES,39.189248,-86.660704
2005,7,3,Weekday,300,1-Car,No injury/unknown,RAN OFF ROAD RIGHT,THOMAS & VERNAL,39.18904,-86.630096
2005,8,2,Weekday,100,1-Car,No injury/unknown,RAN OFF ROAD RIGHT,HEADLEY RD & OLDSR37,39.188944,-86.5144
2005,8,6,Weekday,800,1-Car,No injury/unknown,RAN OFF ROAD RIGHT,THOMAS & VERNAL,39.18888187,-86.63058732
2005,8,3,Weekday,1000,2-Car,Non-incapacitating,UNSAFE BACKING,LANDMARK,39.188832,-86.522848
2005,7,2,Weekday,1300,2-Car,No injury/unknown,UNSAFE BACKING,LANDMARK AVE,39.188832,-86.522848
2005,11,1,Weekend,1500,2-Car,Non-incapacitating,FAILURE TO YIELD RIGHT OF WAY,KINSER & PARRISH,39.188144,-86.5376
2005,10,5,Weekday,1700,2-Car,Non-incapacitating,UNSAFE SPEED,THOMAS & VERNAL,39.1879777,-86.62695204
2005,11,2,Weekday,2000,1-Car,No injury/unknown,ANIMAL/OBJECT IN ROADWAY,CURRY & SR 46,39.1878,-86.56634228
2005,7,6,Weekday,1600,1-Car,Non-incapacitating,RAN OFF ROAD RIGHT,LINGLEBACH LN & UNION,39.18777784,-86.512494
2005,6,4,Weekday,1000,1-Car,No injury/unknown,RAN OFF ROAD RIGHT,SR37 & SR45,39.18748439,-86.55515055
2005,7,2,Weekday,2200,2-Car,No injury/unknown,FOLLOWING TOO CLOSELY,SR37 & SR45,39.18747644,-86.55515335
2005,7,1,Weekend,200,2-Car,Non-incapacitating,ALCOHOLIC BEVERAGES,SR37 & SR45,39.187344,-86.5552
2005,9,1,Weekend,1400,2-Car,No injury/unknown,OTHER (DRIVER) - EXPLAIN IN NARRATIVE,SR37 & SR45,39.187344,-86.5552
2005,8,7,Weekend,1700,2-Car,No injury/unknown,FAILURE TO YIELD RIGHT OF WAY,SR37 & SR45,39.187344,-86.5552
2005,1,6,Weekday,1800,2-Car,No injury/unknown,OTHER (DRIVER) - EXPLAIN IN NARRATIVE,SR37 & SR45,39.187344,-86.5552
2005,1,4,Weekday,700,3+ Cars,Non-incapacitating,FOLLOWING TOO CLOSELY,SR37 & SR45,39.187344,-86.5552
2005,6,5,Weekday,1800,2-Car,Non-incapacitating,FOLLOWING TOO CLOSELY,SR45 & US37,39.187344,-86.5552
2005,7,3,Weekday,1400,2-Car,No injury/unknown,FOLLOWING TOO CLOSELY,SR37 & SR45,39.187344,-86.5552
2005,9,4,Weekday,800,2-Car,No injury/unknown,FAILURE TO YIELD RIGHT OF WAY,SR37 & SR45,39.187344,-86.5552
2005,5,5,Weekday,1100,2-Car,No injury/unknown,IMPROPER PASSING,SR37 & SR45,39.187344,-86.5552
2005,7,5,Weekday,800,2-Car,No injury/unknown,OTHER (DRIVER) - EXPLAIN IN NARRATIVE,SR37 & SR45,39.187344,-86.5552
2005,11,5,Weekday,1700,2-Car,Non-incapacitating,IMPROPER PASSING,SR 37 & W 45TH,39.187344,-86.5552
2005,12,7,Weekend,1400,2-Car,No injury/unknown,FAILURE TO YIELD RIGHT OF WAY,SR37 & SR45,39.187344,-86.5552
2005,10,3,Weekday,1700,Moped/Motorcycle,Non-incapacitating,OTHER (DRIVER) - EXPLAIN IN NARRATIVE,SR37 & SR45,39.187344,-86.5552
2005,10,7,Weekend,1700,3+ Cars,Non-incapacitating,FAILURE TO YIELD RIGHT OF WAY,SR37 & SR45,39.187344,-86.5552