Year,Month,Day,Weekend?,Hour,Collision Type,Injury Type,Primary Factor,Reported_Location,Latitude,Longitude
2005,10,1,Weekend,1500,2-Car,No injury/unknown,FOLLOWING TOO CLOSELY,SR 37 & SR 45,39.187344,-86.5552
2005,5,6,Weekday,1500,2-Car,No injury/unknown,DISREGARD SIGNAL/REG SIGN,SR37 & SR45,39.187344,-86.5552
2005,7,1,Weekend,1800,Moped/Motorcycle,Non-incapacitating,FOLLOWING TOO CLOSELY,SR37 & SR45,39.187344,-86.5552
2005,4,5,Weekday,800,2-Car,Non-incapacitating,OTHER (DRIVER) - EXPLAIN IN NARRATIVE,SR37 & SR45,39.187344,-86.5552
2005,10,1,Weekday,1900,2-Car,Non-incapacitating,FAILURE TO YIELD RIGHT OF WAY,SR 37 & SR 45,39.187344,-86.5552
2005,6,1,Weekend,1600,2-Car,No injury/unknown,OTHER (DRIVER) - EXPLAIN IN NARRATIVE,SR37 & SR45,39.18734314,-86.55516455
2005,4,6,Weekday,1800,2-Car,No injury/unknown,OTHER (DRIVER) - EXPLAIN IN NARRATIVE,SR37 & SR45,39.18731721,-86.55520777
2005,11,3,Weekday,1700,2-Car,No injury/unknown,FOLLOWING TOO CLOSELY,MONROE & SR46W,39.18722521,-86.55210848
2005,9,2,Weekday,2000,2-Car,No injury/unknown,FOLLOWING TOO CLOSELY,SR 37 & SR 45,39.18721006,-86.55523885
2005,5,2,Weekday,1600,2-Car,No injury/unknown,IMPROPER LANE USAGE,SR 37 & SR 45,39.18721006,-86.55523885
2005,12,2,Weekday,1600,2-Car,No injury/unknown,OTHER (DRIVER) - EXPLAIN IN NARRATIVE,17TH & LINGELBACH LN,39.18708766,-86.509878
2005,4,4,Weekday,1800,2-Car,Non-incapacitating,FAILURE TO YIELD RIGHT OF WAY,MONROE & SR45,39.186944,-86.5468
2005,4,6,Weekday,100,2-Car,Non-incapacitating,FAILURE TO YIELD RIGHT OF WAY,MONROE & SR45 46,39.186944,-86.5468
2005,5,3,Weekday,1600,2-Car,No injury/unknown,IMPROPER TURNING,MONROE & SR45,39.186944,-86.5468
2005,5,6,Weekday,1700,2-Car,No injury/unknown,OTHER (DRIVER) - EXPLAIN IN NARRATIVE,OFF RAMP & SR45,39.18694217,-86.55531654
2005,4,5,Weekday,1100,2-Car,No injury/unknown,FAILURE TO YIELD RIGHT OF WAY,SR45 & STONELAKE,39.18691604,-86.54666569
2005,11,5,Weekday,900,2-Car,No injury/unknown,FAILURE TO YIELD RIGHT OF WAY,DEVONSHIRE LN & RUSSELL,39.18684505,-86.4821671
2005,7,2,Weekday,700,2-Car,No injury/unknown,FOLLOWING TOO CLOSELY,MONROE & SR46E,39.18683601,-86.5447051
2005,2,2,Weekday,1800,1-Car,No injury/unknown,OVERCORRECTING/OVERSTEERING,ARLINGTON RD & GOURLEY,39.18680767,-86.55126688
2005,3,5,Weekday,900,2-Car,No injury/unknown,LEFT OF CENTER,HARTSTRAIGHT RD & VERNAL,39.186752,-86.611504
2005,2,5,Weekday,900,1-Car,No injury/unknown,,DEVONSHIRE & RUSSELL,39.1867286,-86.48368498
2005,1,5,Weekday,1800,1-Car,No injury/unknown,ROADWAY SURFACE CONDITION,HARTSTRAIGHT & VERNAL PIKE,39.18672335,-86.61008558
2005,10,7,Weekend,1200,2-Car,No injury/unknown,IMPROPER LANE USAGE,SR45 & WALNUT ST,39.18663289,-86.53430673
2005,7,1,Weekend,1800,2-Car,Non-incapacitating,FAILURE TO YIELD RIGHT OF WAY,KINSER,39.186604,-86.537699
2005,5,4,Weekday,800,2-Car,No injury/unknown,IMPROPER TURNING,KINSER & SR45E,39.18657559,-86.53859628
2005,8,7,Weekend,700,1-Car,No injury/unknown,OVERCORRECTING/OVERSTEERING,KINSER PIKE & SR45 46,39.186544,-86.537888
2005,11,2,Weekday,1000,2-Car,Non-incapacitating,DISREGARD SIGNAL/REG SIGN,KINSER & SR45 46,39.186544,-86.537888
2005,2,6,Weekday,100,2-Car,No injury/unknown,FOLLOWING TOO CLOSELY,KINSER & SR46,39.186544,-86.537888
2005,10,7,Weekend,1300,2-Car,No injury/unknown,FOLLOWING TOO CLOSELY,KINSER & SR45,39.186544,-86.537888
2005,12,5,Weekday,1900,2-Car,No injury/unknown,FAILURE TO YIELD RIGHT OF WAY,KINSER & SR45BYP,39.186544,-86.537888
2005,1,5,Weekday,2300,2-Car,No injury/unknown,SPEED TOO FAST FOR WEATHER CONDITIONS,KINSER & SR45,39.186544,-86.537888
2005,7,5,Weekday,800,2-Car,No injury/unknown,OTHER (DRIVER) - EXPLAIN IN NARRATIVE,KINSER PIKE & SR45 46,39.186544,-86.537888
2005,8,2,Weekday,1000,2-Car,Non-incapacitating,FAILURE TO YIELD RIGHT OF WAY,KINSER & SR45,39.186544,-86.537888
2005,8,5,Weekday,700,2-Car,Non-incapacitating,DRIVER DISTRACTED - EXPLAIN IN NARRATIVE,KINSER & SR 45 46 BYP,39.186544,-86.537888
2005,5,7,Weekend,1400,2-Car,No injury/unknown,UNSAFE SPEED,KINSER & SR45,39.186544,-86.537888
2005,6,2,Weekday,1400,3+ Cars,Non-incapacitating,FOLLOWING TOO CLOSELY,KINSER PIKE & SR45,39.186544,-86.537888
2005,1,3,Weekday,800,2-Car,No injury/unknown,OTHER (DRIVER) - EXPLAIN IN NARRATIVE,KINSER & SR45 46,39.186544,-86.537888
2005,1,3,Weekday,2200,1-Car,No injury/unknown,ALCOHOLIC BEVERAGES,KINSER PIKE & SR45 46 BYPASS,39.186544,-86.537888
2005,5,5,Weekday,1400,2-Car,No injury/unknown,CELL PHONE USAGE,KINSER PIKE & SR46W,39.186544,-86.537888
2005,9,5,Weekday,800,2-Car,No injury/unknown,FOLLOWING TOO CLOSELY,KINSER & SR45E,39.186544,-86.537888
2005,6,3,Weekday,1200,2-Car,Non-incapacitating,DISREGARD SIGNAL/REG SIGN,KINSER & SR45 46,39.186402,-86.537701
2005,8,4,Weekday,1400,2-Car,Non-incapacitating,FAILURE TO YIELD RIGHT OF WAY,SR46 & WALNUT,39.186368,-86.5344
2005,10,4,Weekday,1900,2-Car,Non-incapacitating,FAILURE TO YIELD RIGHT OF WAY,SR45 & WALNUT,39.186368,-86.5344
2005,5,2,Weekday,2200,2-Car,No injury/unknown,FAILURE TO YIELD RIGHT OF WAY,SR46 & WALNUT,39.186368,-86.5344
2005,3,4,Weekday,1700,2-Car,No injury/unknown,OTHER (DRIVER) - EXPLAIN IN NARRATIVE,SR 45 46 BYP & WALNUT,39.186368,-86.5344
2005,8,6,Weekday,1700,2-Car,Non-incapacitating,FAILURE TO YIELD RIGHT OF WAY,SR45 & WALNUT,39.186368,-86.5344
2005,5,6,Weekday,1600,2-Car,No injury/unknown,FOLLOWING TOO CLOSELY,SR 45 46 & WALNUT,39.186368,-86.5344
2005,1,1,Weekend,1000,2-Car,No injury/unknown,FOLLOWING TOO CLOSELY,SR 45 & WALNUT,39.186368,-86.5344
2005,9,7,Weekend,1600,2-Car,No injury/unknown,DRIVER DISTRACTED - EXPLAIN IN NARRATIVE,SR46E & WALNUT,39.186368,-86.5344
2005,10,2,Weekday,900,3+ Cars,No injury/unknown,SPEED TOO FAST FOR WEATHER CONDITIONS,SR45 & WALNUT,39.18636591,-86.53404529
2005,4,2,Weekday,900,2-Car,No injury/unknown,OTHER (DRIVER) - EXPLAIN IN NARRATIVE,N WALNUT & SR 45,39.18636171,-86.53333586
2005,1,5,Weekday,2000,2-Car,No injury/unknown,LEFT OF CENTER,SR45,39.18636,-86.533048
2005,9,1,Weekend,1800,2-Car,No injury/unknown,UNSAFE BACKING,SR45,39.18636,-86.533048
2005,10,5,Weekday,2200,2-Car,No injury/unknown,FOLLOWING TOO CLOSELY,SR45,39.18636,-86.533048
2005,10,7,Weekend,1600,2-Car,No injury/unknown,FOLLOWING TOO CLOSELY,STATE ROAD 45,39.18636,-86.533048
2005,6,6,Weekday,1600,2-Car,No injury/unknown,FAILURE TO YIELD RIGHT OF WAY,SR45 & WALNUT,39.18635961,-86.53298114
2005,8,3,Weekday,1000,2-Car,No injury/unknown,FOLLOWING TOO CLOSELY,SR 45 & WALNUT,39.18635501,-86.53475387
2005,2,1,Weekday,2100,2-Car,No injury/unknown,FOLLOWING TOO CLOSELY,MARTHA & SR 45,39.18635263,-86.53180241
2005,11,7,Weekend,1700,1-Car,No injury/unknown,ALCOHOLIC BEVERAGES,DUNN & SR45,39.18635204,-86.52601293
2005,10,6,Weekday,1800,2-Car,No injury/unknown,FOLLOWING TOO CLOSELY,DUNN & SR 45,39.18635202,-86.52778655
2005,12,6,Weekday,700,3+ Cars,Non-incapacitating,IMPROPER LANE USAGE,MARTHA & SR45,39.186352,-86.53142996
2005,4,6,Weekday,1700,2-Car,No injury/unknown,FOLLOWING TOO CLOSELY,FRITZ & SR45,39.186352,-86.52961464
2005,4,1,Weekend,1500,2-Car,Non-incapacitating,FAILURE TO YIELD RIGHT OF WAY,DUNN & SR45,39.186352,-86.528496
2005,7,6,Weekday,1700,2-Car,Non-incapacitating,FAILURE TO YIELD RIGHT OF WAY,DUNN & SR 45 46,39.186352,-86.528496
2005,7,2,Weekday,1700,3+ Cars,Non-incapacitating,FOLLOWING TOO CLOSELY,DUNN & SR45,39.186352,-86.528496
2005,7,4,Weekday,800,2-Car,No injury/unknown,FOLLOWING TOO CLOSELY,FRITZ & MATTLOCK RD,39.186352,-86.529792
2005,4,3,Weekday,1200,3+ Cars,No injury/unknown,OTHER (DRIVER) - EXPLAIN IN NARRATIVE,N DUNN & SR 45,39.186352,-86.528496
2005,3,5,Weekday,1200,2-Car,No injury/unknown,FOLLOWING TOO CLOSELY,MATTLOCK RD,39.186352,-86.531696
2005,4,6,Weekday,1500,2-Car,No injury/unknown,DRIVER DISTRACTED - EXPLAIN IN NARRATIVE,DUNN & SR45 46,39.186352,-86.528496
2005,10,2,Weekday,1800,2-Car,No injury/unknown,OTHER (DRIVER) - EXPLAIN IN NARRATIVE,DUNN ST & SR46,39.186352,-86.528496
2005,10,2,Weekday,1300,2-Car,No injury/unknown,FAILURE TO YIELD RIGHT OF WAY,DUNN & SR45W,39.186352,-86.528496
2005,12,6,Weekday,1000,2-Car,No injury/unknown,FOLLOWING TOO CLOSELY,COLLEGE AVE & SR 45,39.18632523,-86.53454894
2005,11,4,Weekday,,2-Car,No injury/unknown,OTHER (DRIVER) - EXPLAIN IN NARRATIVE,GOURLEY PIKE,39.186302,-86.541901
2005,11,5,Weekday,1900,2-Car,Non-incapacitating,FAILURE TO YIELD RIGHT OF WAY,COLLEGE & SR45 46,39.1863,-86.5347
2005,12,7,Weekend,1700,2-Car,No injury/unknown,FOLLOWING TOO CLOSELY,MARTHA & MATLOCK RD,39.1863,-86.53190033
2005,9,4,Weekday,1500,2-Car,No injury/unknown,OTHER (DRIVER) - EXPLAIN IN NARRATIVE,N WALNUT & SR45 46,39.1863,-86.53472596
2005,3,5,Weekday,500,1-Car,No injury/unknown,DRIVER ILLNESS,HEADLEY & MATLOCK RD,39.18624001,-86.51485072
2005,5,7,Weekend,1700,2-Car,Non-incapacitating,FAILURE TO YIELD RIGHT OF WAY,E MATLOCK,39.186204,-86.53294127
2005,9,4,Weekday,1700,2-Car,No injury/unknown,FOLLOWING TOO CLOSELY,E MATLOCK,39.1862,-86.525298
2005,2,1,Weekend,1100,2-Car,No injury/unknown,OTHER (DRIVER) - EXPLAIN IN NARRATIVE,HOOSIER CT & KINSER,39.186048,-86.550976
2005,10,6,Weekend,1900,2-Car,No injury/unknown,FOLLOWING TOO CLOSELY,FEE LN & SR 45,39.186032,-86.51984
2005,2,6,Weekend,2000,2-Car,No injury/unknown,ROADWAY SURFACE CONDITION,FEE & SR45 46,39.186032,-86.51984
2005,6,5,Weekday,1200,2-Car,No injury/unknown,FOLLOWING TOO CLOSELY,FEE & SR45 46,39.186032,-86.51984
2005,6,7,Weekend,1400,2-Car,No injury/unknown,FOLLOWING TOO CLOSELY,SR37 & SR45,39.18600458,-86.55558845
2005,10,6,Weekday,1700,2-Car,Non-incapacitating,IMPROPER LANE USAGE,SR37 & SR45,39.18600458,-86.55558845
2005,11,7,Weekend,,2-Car,No injury/unknown,UNSAFE BACKING,N KINSER,39.18598667,-86.53787533
2005,1,7,Weekend,700,Bus,No injury/unknown,OTHER (DRIVER) - EXPLAIN IN NARRATIVE,N KINSER PIKE,39.18598667,-86.53787533
2005,8,6,Weekend,2200,2-Car,Non-incapacitating,OTHER (DRIVER) - EXPLAIN IN NARRATIVE,MT GILEOD & SR45,39.185952,-86.4684
2005,1,2,Weekday,900,1-Car,Non-incapacitating,RAN OFF ROAD RIGHT,MT GLEAD & SR45,39.185952,-86.4684
2005,2,7,Weekend,0,1-Car,No injury/unknown,ANIMAL/OBJECT IN ROADWAY,MT GILEAD & SR45,39.185952,-86.4684
2005,4,6,Weekend,2300,1-Car,No injury/unknown,ANIMAL/OBJECT IN ROADWAY,MT GILEAD & SR45,39.185952,-86.4684
2005,9,1,Weekend,0,2-Car,Non-incapacitating,UNSAFE SPEED,DUNN ST & SR45,39.18566574,-86.52847974
2005,3,5,Weekday,1000,3+ Cars,Non-incapacitating,FAILURE TO YIELD RIGHT OF WAY,GOURLEY & KINSER PIKE,39.185392,-86.537856
2005,11,4,Weekday,1500,Bus,No injury/unknown,OTHER (DRIVER) - EXPLAIN IN NARRATIVE,ALLENDALE & WALNUT ST PIKE,39.18532787,-86.526799
2005,4,1,Weekend,200,2-Car,No injury/unknown,UNSAFE BACKING,GOURLEY PIKE,39.185232,-86.54060206
2005,10,7,Weekend,1400,1-Car,Non-incapacitating,RAN OFF ROAD RIGHT,CASCADE & GOURLEY,39.1852,-86.541952
2005,8,7,Weekend,900,2-Car,No injury/unknown,OTHER (DRIVER) - EXPLAIN IN NARRATIVE,GOURLEY,39.18516767,-86.53797616
2005,5,7,Weekend,1200,2-Car,No injury/unknown,OTHER (DRIVER) - EXPLAIN IN NARRATIVE,COLLEGE AVE,39.185152,-86.535296
2005,7,3,Weekday,300,1-Car,No injury/unknown,RAN OFF ROAD RIGHT,KINSER PIKE & W GOURLEY PIKE,39.185152,-86.537856
2005,3,3,Weekday,1800,1-Car,No injury/unknown,RAN OFF ROAD RIGHT,GOURLEY & N MONROE ST,39.18508278,-86.54686433
2005,8,6,Weekday,1100,2-Car,No injury/unknown,NONE (DRIVER),CURRY & N CURRY PIKE,39.1849887,-86.58309548
2005,12,5,Weekday,2300,2-Car,No injury/unknown,UNSAFE BACKING,WILLIS,39.1848,-86.543968
2005,4,6,Weekday,100,1-Car,No injury/unknown,ANIMAL/OBJECT IN ROADWAY,SR37 & SR45,39.18466515,-86.55597689
2005,7,5,Weekday,1000,2-Car,No injury/unknown,UNSAFE BACKING,RANGE RD,39.18462943,-86.49325851
2005,11,2,Weekday,2200,1-Car,No injury/unknown,CELL PHONE USAGE,17TH,39.18438124,-86.55642603
2005,3,2,Weekday,1400,2-Car,Non-incapacitating,FAILURE TO YIELD RIGHT OF WAY,LEONARD SPRINGS & MATBURY MALL,39.18434735,-86.582572
2005,8,1,Weekend,300,2-Car,No injury/unknown,UNSAFE BACKING,COLLEGE AVE,39.18415252,-86.53518903
2005,6,6,Weekday,1700,2-Car,No injury/unknown,FAILURE TO YIELD RIGHT OF WAY,2ND & COLLEGE MALL RD,39.18414802,-86.497996
2005,8,1,Weekend,800,Bus,No injury/unknown,OTHER (DRIVER) - EXPLAIN IN NARRATIVE,20TH & SASSAFRAS DR,39.184048,-86.54816
2005,3,6,Weekday,1100,2-Car,No injury/unknown,FAILURE TO YIELD RIGHT OF WAY,FISHER & JORDAN AVE,39.18390335,-86.51595131
2005,3,4,Weekday,2000,2-Car,No injury/unknown,OTHER (DRIVER) - EXPLAIN IN NARRATIVE,17TH & FEE LN,39.18384,-86.5192
2005,10,4,Weekday,1800,1-Car,No injury/unknown,BRAKE FAILURE OR DEFECTIVE,BROOKDALE & WOODBURN,39.183664,-86.536928
2005,2,2,Weekday,800,2-Car,No injury/unknown,OTHER (DRIVER) - EXPLAIN IN NARRATIVE,3RD & PETE ELIS,39.18353591,-86.494899
2005,2,4,Weekday,100,2-Car,No injury/unknown,UNSAFE BACKING,N COLLEGE,39.18335771,-86.53469029
2005,8,7,Weekend,1200,2-Car,No injury/unknown,OTHER (DRIVER) - EXPLAIN IN NARRATIVE,MATLOCK RD & WALNUT,39.18326872,-86.51176206
2005,8,3,Weekday,1800,2-Car,No injury/unknown,OTHER (DRIVER) - EXPLAIN IN NARRATIVE,DUNN ST,39.18316356,-86.52842044
2005,8,1,,,Moped/Motorcycle,No injury/unknown,UNSAFE BACKING,VARRSITY LN,39.182976,-86.528416
2005,1,1,,,3+ Cars,No injury/unknown,ROADWAY SURFACE CONDITION,DUNN & VARSITY LN,39.182976,-86.528416
2005,3,4,Weekday,1700,2-Car,No injury/unknown,OTHER (DRIVER) - EXPLAIN IN NARRATIVE,20TH & VARSITY LN,39.182976,-86.528416
2005,12,4,Weekday,2100,2-Car,No injury/unknown,OVERCORRECTING/OVERSTEERING,DUNN & VARSITY LN,39.18294251,-86.52894629
2005,11,4,Weekday,1500,2-Car,No injury/unknown,FAILURE TO YIELD RIGHT OF WAY,13TH & IND AVE,39.18293494,-86.526999
2005,1,2,Weekday,1300,2-Car,Non-incapacitating,BRAKE FAILURE OR DEFECTIVE,LOESCH & VERNAL PIKE,39.18228187,-86.59262378
2005,6,6,Weekend,2100,2-Car,No injury/unknown,IMPROPER TURNING,S WALNUT,39.18220833,-86.53381551
2005,1,4,Weekday,1500,2-Car,No injury/unknown,IMPROPER TURNING,WALNUT & WALNUT ST,39.18220833,-86.53381551
2005,10,1,Weekday,1900,1-Car,No injury/unknown,OVERCORRECTING/OVERSTEERING,KINSER PIKE,39.1820576,-86.5377888
2005,8,2,Weekday,1700,2-Car,Non-incapacitating,FOLLOWING TOO CLOSELY,SR37 & SR45,39.18204212,-86.55694541
2005,9,3,Weekday,0,2-Car,No injury/unknown,DRIVER DISTRACTED - EXPLAIN IN NARRATIVE,RIDGE & WILLIS DR,39.18200229,-86.54398849
2005,1,7,Weekend,1800,2-Car,No injury/unknown,LEFT OF CENTER,RIDGE DR & WILLIS,39.18191389,-86.54362939
2005,4,3,Weekday,0,2-Car,No injury/unknown,ROADWAY SURFACE CONDITION,20TH & DUNN ST,39.18178509,-86.5284
2005,10,2,Weekday,,2-Car,No injury/unknown,,20TH ST & LINCOLN,39.1817676,-86.52966203
2005,4,1,Weekend,1000,2-Car,No injury/unknown,,LINCOLN ST & VARSITY VILLAS COMPLEX,39.181744,-86.530192
2005,1,6,,,2-Car,No injury/unknown,OTHER (DRIVER) - EXPLAIN IN NARRATIVE,20TH & LINCOLN,39.181744,-86.530192
2005,10,7,Weekend,100,2-Car,No injury/unknown,VIEW OBSTRUCTED,20TH ST & LINCOLN,39.181744,-86.530192
2005,9,6,Weekday,900,2-Car,No injury/unknown,UNSAFE BACKING,COLLEGE MALL LOT,39.181712,-86.51276
2005,2,4,Weekday,1300,2-Car,No injury/unknown,OTHER (DRIVER) - EXPLAIN IN NARRATIVE,COLLEGE MALL LOT,39.181712,-86.51276
2005,11,4,Weekday,1200,2-Car,No injury/unknown,OTHER (DRIVER) - EXPLAIN IN NARRATIVE,COLLEGE AVE,39.18162924,-86.53471004
2005,6,1,Weekday,2000,2-Car,No injury/unknown,FOLLOWING TOO CLOSELY,19TH & WALNUT ST,39.181552,-86.5336
2005,6,6,Weekday,1500,1-Car,Non-incapacitating,OTHER (DRIVER) - EXPLAIN IN NARRATIVE,19TH & N WALNUT ST,39.181552,-86.5336
2005,12,7,Weekend,1300,1-Car,Non-incapacitating,UNSAFE SPEED,ARLINGTON RD,39.18128539,-86.54931218
2005,8,4,Weekday,1800,2-Car,No injury/unknown,OVERCORRECTING/OVERSTEERING,19TH & WASHINGTON ST,39.18128,-86.531792
2005,9,2,Weekday,1100,2-Car,No injury/unknown,VIEW OBSTRUCTED,19TH & DUNN,39.18117728,-86.5284
2005,5,6,Weekday,1200,2-Car,No injury/unknown,OTHER (DRIVER) - EXPLAIN IN NARRATIVE,10TH & SUNRISE,39.18116106,-86.512491
2005,9,4,Weekday,1000,2-Car,Non-incapacitating,FOLLOWING TOO CLOSELY,E 19TH & NORTH DUNN,39.18104,-86.5284
2005,3,3,Weekday,1200,Moped/Motorcycle,Non-incapacitating,FAILURE TO YIELD RIGHT OF WAY,19TH & DUNN,39.18104,-86.5284
2005,9,7,Weekend,1100,3+ Cars,Non-incapacitating,FOLLOWING TOO CLOSELY,19TH & DUNN,39.18104,-86.5284
2005,1,5,Weekday,1200,2-Car,No injury/unknown,FAILURE TO YIELD RIGHT OF WAY,19TH & DUNN ST,39.18104,-86.5284
2005,4,3,Weekday,2300,2-Car,Non-incapacitating,OTHER (DRIVER) - EXPLAIN IN NARRATIVE,ARLINGTON,39.18091562,-86.54906064
2005,10,4,Weekday,,2-Car,No injury/unknown,,MARBLE LN,39.18071698,-86.54076626
2005,1,6,Weekday,1300,2-Car,No injury/unknown,FAILURE TO YIELD RIGHT OF WAY,WESTFIELD & WILLIS DR,39.18056,-86.543968
2005,1,7,Weekend,100,2-Car,No injury/unknown,RAN OFF ROAD RIGHT,E 18TH & N LINCOLN ST,39.180448,-86.530832
2005,6,2,Weekday,1200,2-Car,No injury/unknown,FAILURE TO YIELD RIGHT OF WAY,18TH ST & DUNN ST,39.180352,-86.5284
2005,3,2,Weekday,2000,2-Car,No injury/unknown,UNSAFE BACKING,18TH ST & DUNN,39.180352,-86.5284
2005,8,6,Weekday,1700,3+ Cars,No injury/unknown,OTHER (DRIVER) - EXPLAIN IN NARRATIVE,18TH & DUNN ST,39.180352,-86.5284
2005,3,3,Weekday,700,1-Car,No injury/unknown,ROADWAY SURFACE CONDITION,VERNAL & WOODYARD RD,39.18034389,-86.56521512
2005,6,2,Weekday,1600,2-Car,No injury/unknown,IMPROPER PASSING,N WILLIS,39.180048,-86.544
2005,1,7,Weekend,2300,2-Car,No injury/unknown,LEFT OF CENTER,20TH & N WILLIS NUMBER 196,39.180048,-86.544
2005,2,6,Weekday,1300,2-Car,Non-incapacitating,CELL PHONE USAGE,WILLIS,39.180048,-86.544
2005,1,1,Weekend,800,2-Car,No injury/unknown,OTHER (DRIVER) - EXPLAIN IN NARRATIVE,WILLIS,39.180048,-86.544
2005,1,5,Weekday,2000,2-Car,Non-incapacitating,IMPROPER LANE USAGE,BOTTOM & SR37,39.17992223,-86.54219875
2005,11,5,Weekday,1800,1-Car,No injury/unknown,DRIVER ASLEEP OR FATIGUED,BOTTOM & SR37,39.17992223,-86.54219875
2005,3,7,Weekend,2200,2-Car,Non-incapacitating,OTHER (DRIVER) - EXPLAIN IN NARRATIVE,17TH & SR45,39.17984,-86.507088
2005,4,4,Weekday,1100,2-Car,No injury/unknown,UNSAFE SPEED,17TH ST & SR 45,39.17984,-86.507088
2005,1,6,Weekday,1700,2-Car,No injury/unknown,FOLLOWING TOO CLOSELY,17TH & SR45 46,39.17984,-86.507088
2005,10,5,Weekday,1200,2-Car,No injury/unknown,UNSAFE BACKING,JORDAN,39.17967426,-86.511088
2005,10,6,Weekend,2200,2-Car,No injury/unknown,OTHER (DRIVER) - EXPLAIN IN NARRATIVE,17TH & FEE LANE LN,39.17965751,-86.51902289
2005,1,4,Weekday,1900,1-Car,No injury/unknown,ALCOHOLIC BEVERAGES,17TH & DUNN ST,39.1795891,-86.5284
2005,6,5,Weekday,,2-Car,No injury/unknown,UNSAFE BACKING,DUNN,39.17954629,-86.5284
2005,12,1,Weekend,0,2-Car,No injury/unknown,SPEED TOO FAST FOR WEATHER CONDITIONS,17TH & WALNUT ST,39.17949186,-86.53334436
2005,10,6,Weekend,2100,2-Car,No injury/unknown,UNSAFE BACKING,BALFOUR & JORDAN AVE,39.17943819,-86.511088
2005,2,5,Weekday,1800,2-Car,No injury/unknown,FAILURE TO YIELD RIGHT OF WAY,17TH & JORDAN,39.1793971,-86.511088
2005,4,5,Weekday,1200,2-Car,Non-incapacitating,ROADWAY SURFACE CONDITION,CURRY & VERNAL PIKE,39.179248,-86.58293398
2005,2,6,Weekday,1400,2-Car,No injury/unknown,FAILURE TO YIELD RIGHT OF WAY,17TH ST & MONROE,39.179248,-86.547104
2005,7,2,Weekday,2300,1-Car,No injury/unknown,ANIMAL/OBJECT IN ROADWAY,17TH ST & CRESCENT,39.179248,-86.556592
2005,9,3,Weekday,700,2-Car,No injury/unknown,OTHER (DRIVER) - EXPLAIN IN NARRATIVE,17TH & MONROE,39.179248,-86.547104
2005,6,4,Weekday,1000,2-Car,Non-incapacitating,FAILURE TO YIELD RIGHT OF WAY,17TH & MONROE ST,39.179248,-86.547104
2005,8,5,Weekday,1100,2-Car,Incapacitating,FAILURE TO YIELD RIGHT OF WAY,17TH ST & LINDBERGH,39.179248,-86.552592
2005,11,3,Weekday,900,2-Car,No injury/unknown,LEFT OF CENTER,17TH ST & CRESCENT,39.179248,-86.556592
2005,9,7,Weekend,2200,2-Car,Non-incapacitating,ALCOHOLIC BEVERAGES,CURRY & VERANAL PIKE,39.179248,-86.58292
2005,1,2,Weekday,1300,2-Car,No injury/unknown,FAILURE TO YIELD RIGHT OF WAY,17TH ST & MONROE,39.179248,-86.547104
2005,3,6,Weekday,1400,2-Car,No injury/unknown,FAILURE TO YIELD RIGHT OF WAY,ARLINGTON RD & MONROE,39.179248,-86.547104
2005,5,3,Weekday,700,2-Car,No injury/unknown,OTHER (DRIVER) - EXPLAIN IN NARRATIVE,17TH ST & MONROE,39.179248,-86.547104
2005,7,5,Weekday,2200,1-Car,No injury/unknown,RAN OFF ROAD RIGHT,17TH ST & CRESCENT,39.179248,-86.556592
2005,1,3,Weekday,0,2-Car,No injury/unknown,OTHER (DRIVER) - EXPLAIN IN NARRATIVE,PARKING AREA & VERNAL,39.179248,-86.58292
2005,5,6,Weekday,1600,2-Car,No injury/unknown,OVERCORRECTING/OVERSTEERING,VERNAL RD,39.179248,-86.58292
2005,10,5,Weekday,1700,1-Car,No injury/unknown,OTHER (DRIVER) - EXPLAIN IN NARRATIVE,CURRY PIKE & VERNAL PIKE,39.179248,-86.5832
2005,5,7,Weekend,1400,2-Car,No injury/unknown,DRIVER ASLEEP OR FATIGUED,CURRY & VERNAL PIKE,39.179248,-86.5832
2005,12,4,Weekday,900,2-Car,No injury/unknown,NONE (DRIVER),INNOVATION & VERNAL,39.179204,-86.591099
2005,7,1,Weekend,1700,Moped/Motorcycle,Non-incapacitating,UNSAFE SPEED,17TH ST & LINGELBACH,39.179152,-86.508592
2005,3,5,Weekday,1700,2-Car,No injury/unknown,FAILURE TO YIELD RIGHT OF WAY,17TH & DUNN ST,39.17912237,-86.5284
2005,5,3,Weekday,2200,2-Car,No injury/unknown,DRIVER DISTRACTED - EXPLAIN IN NARRATIVE,17TH ST & WILLIS,39.179104,-86.544016
2005,1,4,Weekday,1400,2-Car,No injury/unknown,FAILURE TO YIELD RIGHT OF WAY,17TH ST & WILLIS,39.179104,-86.544016
2005,4,1,Weekend,1600,Cyclist,Non-incapacitating,FAILURE TO YIELD RIGHT OF WAY,17TH & JORDAN AVE,39.17904473,-86.511088
2005,8,7,Weekend,2000,2-Car,No injury/unknown,FAILURE TO YIELD RIGHT OF WAY,17TH & DUNN ST,39.17904,-86.5284
2005,8,3,Weekday,600,2-Car,Non-incapacitating,FOLLOWING TOO CLOSELY,DUNN & SEVENTEENTH ST,39.17904,-86.5284