Year,Month,Day,Weekend?,Hour,Collision Type,Injury Type,Primary Factor,Reported_Location,Latitude,Longitude
2005,9,3,Weekday,1700,2-Car,No injury/unknown,IMPROPER LANE USAGE,17TH ST & DUNN,39.17904,-86.5284
2005,8,2,Weekday,900,2-Car,No injury/unknown,FAILURE TO YIELD RIGHT OF WAY,17TH ST & LINCOLN,39.17904,-86.530848
2005,9,5,Weekday,2100,2-Car,No injury/unknown,UNSAFE BACKING,17TH ST & COLLEGE,39.17904,-86.532096
2005,8,2,Weekday,1700,2-Car,Non-incapacitating,FAILURE TO YIELD RIGHT OF WAY,E 17TH ST & LINCOLN,39.17904,-86.530848
2005,7,2,Weekday,300,1-Car,No injury/unknown,ALCOHOLIC BEVERAGES,17TH ST,39.17904,-86.532096
2005,12,5,Weekday,2100,2-Car,No injury/unknown,UNSAFE BACKING,17TH,39.17904,-86.531888
2005,3,5,Weekday,1300,2-Car,No injury/unknown,OTHER (DRIVER) - EXPLAIN IN NARRATIVE,E 17TH ST,39.17904,-86.531888
2005,4,2,Weekday,1200,2-Car,No injury/unknown,FAILURE TO YIELD RIGHT OF WAY,17TH ST & COLLEGE,39.17904,-86.532096
2005,3,3,Weekday,700,2-Car,Non-incapacitating,FAILURE TO YIELD RIGHT OF WAY,17TH ST & LINCOLN,39.17904,-86.530848
2005,10,5,Weekday,1800,2-Car,No injury/unknown,UNSAFE SPEED,17TH ST & MAPLE,39.17904,-86.542096
2005,5,7,Weekend,1400,2-Car,Non-incapacitating,DRIVER DISTRACTED - EXPLAIN IN NARRATIVE,17TH ST & DUNN,39.17904,-86.5284
2005,10,6,Weekend,2200,2-Car,No injury/unknown,IMPROPER LANE USAGE,17TH ST & DUNN,39.17904,-86.52857734
2005,1,4,Weekday,1500,2-Car,No injury/unknown,BRAKE FAILURE OR DEFECTIVE,17TH ST,39.17903837,-86.52827755
2005,9,4,Weekday,1400,1-Car,No injury/unknown,DRIVER DISTRACTED - EXPLAIN IN NARRATIVE,17TH INDIANA & E 17TH ST,39.17903837,-86.52827755
2005,3,3,Weekday,1700,3+ Cars,No injury/unknown,SPEED TOO FAST FOR WEATHER CONDITIONS,17TH ST & DUNN,39.17903646,-86.52813402
2005,7,4,Weekday,0,2-Car,Non-incapacitating,ALCOHOLIC BEVERAGES,17TH ST & MAPLE,39.17902865,-86.54067733
2005,11,3,Weekday,1400,2-Car,No injury/unknown,FAILURE TO YIELD RIGHT OF WAY,17TH & INDIANA AVE,39.179024,-86.5272
2005,1,7,Weekend,300,1-Car,Non-incapacitating,SPEED TOO FAST FOR WEATHER CONDITIONS,17TH ST & INDIANA,39.179024,-86.5272
2005,9,7,Weekend,1600,2-Car,No injury/unknown,FAILURE TO YIELD RIGHT OF WAY,17TH & INDIANA,39.179024,-86.5272
2005,1,4,Weekday,1600,2-Car,No injury/unknown,IMPROPER PASSING,17TH ST & JACKSON,39.179024,-86.539616
2005,4,5,Weekday,700,2-Car,No injury/unknown,FAILURE TO YIELD RIGHT OF WAY,INDIANA & SEVENTEENTH ST,39.179024,-86.5272
2005,4,2,Weekday,1600,1-Car,Non-incapacitating,UNSAFE SPEED,17TH & INDIANA AVE,39.179024,-86.5272
2005,10,7,Weekend,2100,2-Car,No injury/unknown,VIOLATION OF LICENSE RESTRICTION,17TH ST & JACKSON,39.179024,-86.53979334
2005,11,2,Weekday,1800,2-Car,No injury/unknown,OTHER (DRIVER) - EXPLAIN IN NARRATIVE,17TH ST & JACKSON,39.179024,-86.539616
2005,10,2,Weekday,1900,Bus,No injury/unknown,IMPROPER TURNING,DUNN & E 17TH ST,39.179008,-86.525888
2005,10,2,Weekday,1600,2-Car,No injury/unknown,OTHER (DRIVER) - EXPLAIN IN NARRATIVE,17TH ST & DUNN,39.179008,-86.525888
2005,9,2,Weekday,1400,2-Car,No injury/unknown,FAILURE TO YIELD RIGHT OF WAY,17TH ST & 19TH,39.179008,-86.525888
2005,5,6,Weekday,1700,Bus,No injury/unknown,IMPROPER TURNING,17TH ST & FESS,39.179008,-86.525888
2005,11,6,Weekend,2000,2-Car,Non-incapacitating,OTHER (DRIVER) - EXPLAIN IN NARRATIVE,17TH ST & MAPLE,39.179008,-86.525888
2005,11,4,Weekday,2000,2-Car,No injury/unknown,FOLLOWING TOO CLOSELY,17TH ST & FORREST,39.179,-86.523599
2005,2,5,Weekday,1400,2-Car,No injury/unknown,UNSAFE BACKING,17TH & DUNN,39.179,-86.52965396
2005,8,4,Weekday,1800,2-Car,No injury/unknown,FAILURE TO YIELD RIGHT OF WAY,BLK E 17TH & WALNUT,39.179,-86.53218735
2005,11,5,Weekday,900,2-Car,No injury/unknown,OTHER (DRIVER) - EXPLAIN IN NARRATIVE,17TH ST & MADISON,39.17899698,-86.53807568
2005,6,6,Weekday,1600,2-Car,No injury/unknown,FAILURE TO YIELD RIGHT OF WAY,17TH ST & MADISON,39.17899636,-86.53804022
2005,9,3,Weekday,1400,2-Car,No injury/unknown,UNSAFE SPEED,17TH ST & WOODLAWN,39.17899343,-86.5237168
2005,2,6,Weekday,1400,2-Car,No injury/unknown,FOLLOWING TOO CLOSELY,17TH & WOODLAWN,39.17899319,-86.52368134
2005,10,2,Weekday,800,2-Car,No injury/unknown,DRIVER DISTRACTED - EXPLAIN IN NARRATIVE,17TH ST & WOODLAWN,39.17899248,-86.52357494
2005,10,4,Weekday,800,2-Car,No injury/unknown,LEFT OF CENTER,17TH ST,39.178992,-86.537792
2005,8,7,Weekend,1100,2-Car,No injury/unknown,FAILURE TO YIELD RIGHT OF WAY,17TH ST & MAPLE,39.178992,-86.523504
2005,7,4,Weekday,2200,Pedestrian,Non-incapacitating,FAILURE TO YIELD RIGHT OF WAY,17TH & KINSER PIKE,39.178992,-86.537792
2005,8,6,Weekday,1500,2-Car,No injury/unknown,DISREGARD SIGNAL/REG SIGN,17TH & KINSER,39.178992,-86.537792
2005,5,3,Weekday,1300,1-Car,No injury/unknown,OTHER (DRIVER) - EXPLAIN IN NARRATIVE,17TH ST,39.178992,-86.532744
2005,1,3,Weekday,1200,1-Car,No injury/unknown,OTHER (DRIVER) - EXPLAIN IN NARRATIVE,17TH,39.178992,-86.532744
2005,8,7,Weekend,1400,2-Car,No injury/unknown,FAILURE TO YIELD RIGHT OF WAY,17TH & N KINSER,39.178992,-86.537792
2005,12,3,Weekday,900,3+ Cars,Non-incapacitating,FAILURE TO YIELD RIGHT OF WAY,17TH & KINSER,39.178992,-86.537792
2005,3,5,Weekday,900,2-Car,Non-incapacitating,DISREGARD SIGNAL/REG SIGN,17TH ST & KINSER,39.178992,-86.537792
2005,5,3,Weekday,1700,Bus,Non-incapacitating,OTHER (DRIVER) - EXPLAIN IN NARRATIVE,17TH ST,39.178992,-86.532744
2005,1,4,Weekday,1800,2-Car,No injury/unknown,OTHER (DRIVER) - EXPLAIN IN NARRATIVE,17TH & MADISON,39.178992,-86.537792
2005,1,7,Weekend,800,1-Car,No injury/unknown,RAN OFF ROAD RIGHT,W WOODHILL,39.178992,-86.523504
2005,11,3,Weekday,900,2-Car,Non-incapacitating,DISREGARD SIGNAL/REG SIGN,N KINSER & W 17TH ST,39.178992,-86.537792
2005,4,6,Weekday,1300,3+ Cars,No injury/unknown,FOLLOWING TOO CLOSELY,17TH ST & KINSER,39.17898717,-86.53726001
2005,11,4,Weekday,1900,1-Car,Non-incapacitating,PEDESTRIAN ACTION,E 17TH ST & FORREST,39.178976,-86.5224
2005,3,3,Weekday,1600,2-Car,No injury/unknown,FAILURE TO YIELD RIGHT OF WAY,17TH ST & FORREST,39.178976,-86.5224
2005,12,4,Weekday,900,2-Car,Non-incapacitating,OTHER (DRIVER) - EXPLAIN IN NARRATIVE,17TH & WOODBURN,39.178976,-86.536032
2005,2,2,Weekday,2000,2-Car,No injury/unknown,IMPROPER TURNING,17TH ST & WOODBURN,39.178976,-86.536032
2005,11,7,Weekend,1100,2-Car,Non-incapacitating,FAILURE TO YIELD RIGHT OF WAY,17TH & WOODBURN,39.178976,-86.536032
2005,8,3,Weekday,1200,2-Car,No injury/unknown,OTHER (DRIVER) - EXPLAIN IN NARRATIVE,17TH & WALNUT ST,39.17897139,-86.53338962
2005,3,6,Weekday,1200,2-Car,No injury/unknown,FAILURE TO YIELD RIGHT OF WAY,17TH ST & COLLEGE,39.17896346,-86.53500371
2005,12,7,Weekend,300,1-Car,Non-incapacitating,ALCOHOLIC BEVERAGES,17TH ST & WALNUT,39.17896216,-86.52126532
2005,1,2,Weekday,800,2-Car,No injury/unknown,FAILURE TO YIELD RIGHT OF WAY,17TH ST & COLLEGE,39.1789613,-86.53482639
2005,8,4,Weekday,1300,2-Car,No injury/unknown,UNSAFE SPEED,17TH ST & WALNUT GROVE,39.17896,-86.521088
2005,11,4,Weekday,1500,2-Car,No injury/unknown,FAILURE TO YIELD RIGHT OF WAY,17TH ST & WALNUT GROVE,39.17896,-86.521088
2005,9,7,Weekend,0,1-Car,No injury/unknown,OTHER (ENVIRONMENTAL) - EXPLAIN IN NARR,17TH ST & SR45,39.17896,-86.521088
2005,10,6,Weekday,1400,2-Car,No injury/unknown,FAILURE TO YIELD RIGHT OF WAY,17TH ST & FEE,39.17896,-86.521088
2005,11,6,Weekday,1500,2-Car,Non-incapacitating,FOLLOWING TOO CLOSELY,17TH ST & WALNUT,39.17896,-86.521088
2005,7,4,Weekday,1000,2-Car,No injury/unknown,FOLLOWING TOO CLOSELY,17TH ST & COLLEGE,39.17896,-86.53472
2005,7,4,Weekday,1100,1-Car,No injury/unknown,OTHER (DRIVER) - EXPLAIN IN NARRATIVE,W 17TH ST,39.17896,-86.53472
2005,2,2,Weekday,1400,2-Car,No injury/unknown,FAILURE TO YIELD RIGHT OF WAY,17TH ST & WALNUT,39.17896,-86.521088
2005,6,4,Weekday,2200,2-Car,No injury/unknown,DISREGARD SIGNAL/REG SIGN,17TH & COLLEGE AVE,39.17896,-86.53472
2005,3,4,Weekday,1000,2-Car,No injury/unknown,FAILURE TO YIELD RIGHT OF WAY,17TH ST & COLLEGE,39.17896,-86.53472
2005,11,5,Weekday,2000,2-Car,No injury/unknown,FAILURE TO YIELD RIGHT OF WAY,17TH & WALNUT GROVE,39.17896,-86.521088
2005,4,2,Weekday,1200,2-Car,Non-incapacitating,FOLLOWING TOO CLOSELY,17TH ST & WALNUT,39.17896,-86.521088
2005,4,6,Weekday,800,2-Car,No injury/unknown,SPEED TOO FAST FOR WEATHER CONDITIONS,17TH ST & WALNUT,39.17896,-86.521088
2005,10,3,Weekday,1700,2-Car,No injury/unknown,FAILURE TO YIELD RIGHT OF WAY,17TH ST & COLLEGE,39.17896,-86.53472
2005,4,3,Weekday,1200,3+ Cars,No injury/unknown,OTHER (DRIVER) - EXPLAIN IN NARRATIVE,17TH ST & WALNUT,39.17895446,-86.53325077
2005,10,1,Weekend,300,2-Car,No injury/unknown,LEFT OF CENTER,17TH ST & WALNUT,39.17894923,-86.53332139
2005,4,7,Weekend,400,1-Car,No injury/unknown,UNSAFE SPEED,17TH ST & WALNUT,39.17894792,-86.53333904
2005,4,6,Weekend,2000,2-Car,No injury/unknown,SPEED TOO FAST FOR WEATHER CONDITIONS,17TH ST & WALNUT,39.17894699,-86.53364025
2005,9,2,Weekday,1700,2-Car,Non-incapacitating,FOLLOWING TOO CLOSELY,17TH ST & GRANT,39.178944,-86.5296
2005,8,3,Weekday,800,3+ Cars,No injury/unknown,FOLLOWING TOO CLOSELY,17TH & GRANT,39.178944,-86.5296
2005,9,6,Weekday,1600,2-Car,No injury/unknown,DISREGARD SIGNAL/REG SIGN,17TH & WALNUT ST,39.178944,-86.533392
2005,5,4,Weekday,1400,2-Car,Non-incapacitating,FAILURE TO YIELD RIGHT OF WAY,17TH & WALNUT,39.178944,-86.533392
2005,6,2,Weekday,2300,1-Car,Non-incapacitating,ENGINE FAILURE OR DEFECTIVE,17TH ST & WALNUT,39.178944,-86.533392
2005,8,3,Weekday,1000,2-Car,No injury/unknown,FOLLOWING TOO CLOSELY,17TH ST & GRANT,39.178944,-86.5296
2005,8,1,Weekend,1400,2-Car,No injury/unknown,DISREGARD SIGNAL/REG SIGN,17TH & WALNUT ST,39.178944,-86.533392
2005,4,3,Weekday,1200,2-Car,No injury/unknown,SPEED TOO FAST FOR WEATHER CONDITIONS,17TH ST & WALNUT,39.178944,-86.533392
2005,4,2,Weekday,1500,2-Car,No injury/unknown,DISREGARD SIGNAL/REG SIGN,17TH & WALNUT ST,39.178944,-86.533392
2005,4,2,Weekday,2100,2-Car,No injury/unknown,SPEED TOO FAST FOR WEATHER CONDITIONS,17TH ST & WALNUT,39.178944,-86.533392
2005,2,6,Weekday,1300,2-Car,No injury/unknown,IMPROPER TURNING,17TH ST & WALNUT,39.178944,-86.533392
2005,11,5,Weekday,700,2-Car,No injury/unknown,OTHER (DRIVER) - EXPLAIN IN NARRATIVE,1400 N WALNUT & E 17TH ST,39.178944,-86.533392
2005,9,4,Weekday,1900,2-Car,No injury/unknown,DISREGARD SIGNAL/REG SIGN,E 17TH ST & N FEE,39.178928,-86.518992
2005,12,2,Weekday,1500,2-Car,No injury/unknown,DISREGARD SIGNAL/REG SIGN,17TH & FEE,39.178928,-86.518992
2005,11,7,Weekend,200,1-Car,No injury/unknown,UNSAFE SPEED,17TH ST & FEE,39.178928,-86.518992
2005,11,6,Weekday,1700,2-Car,No injury/unknown,OTHER (DRIVER) - EXPLAIN IN NARRATIVE,E 17TH ST & N FEE,39.178928,-86.518992
2005,3,5,Weekday,1600,2-Car,No injury/unknown,DISREGARD SIGNAL/REG SIGN,17TH & FEE,39.178928,-86.518992
2005,1,3,Weekday,1800,2-Car,No injury/unknown,FOLLOWING TOO CLOSELY,17TH ST & FEE,39.178928,-86.518992
2005,2,2,Weekday,800,2-Car,No injury/unknown,FAILURE TO YIELD RIGHT OF WAY,17TH & COLLEGE AVE,39.17889136,-86.53472053
2005,9,4,Weekday,700,2-Car,No injury/unknown,FAILURE TO YIELD RIGHT OF WAY,17TH & MADISON,39.17888221,-86.53778867
2005,9,1,Weekend,1800,1-Car,Non-incapacitating,FAILURE TO YIELD RIGHT OF WAY,17TH ST & JORDAN,39.178848,-86.511088
2005,10,5,Weekday,2100,2-Car,Non-incapacitating,FOLLOWING TOO CLOSELY,17TH & JORDAN AVE,39.178848,-86.511088
2005,8,7,Weekend,1100,2-Car,No injury/unknown,FAILURE TO YIELD RIGHT OF WAY,LINDBERGH & W 17TH ST,39.178848,-86.512496
2005,3,5,Weekday,1200,Bus,No injury/unknown,IMPROPER TURNING,1700 17TH & JORDAN AVE,39.178848,-86.511088
2005,3,3,Weekday,1900,2-Car,No injury/unknown,FOLLOWING TOO CLOSELY,17TH ST & JORDAN,39.178848,-86.51144269
2005,10,1,Weekend,1200,2-Car,No injury/unknown,FAILURE TO YIELD RIGHT OF WAY,17TH ST & JORDAN,39.178848,-86.511088
2005,3,5,Weekday,2000,2-Car,No injury/unknown,OVERCORRECTING/OVERSTEERING,17TH & JORDAN AVE,39.178848,-86.511088
2005,8,4,Weekday,800,2-Car,No injury/unknown,IMPROPER TURNING,JORDAN & SEVENTEENTH ST,39.178848,-86.511088
2005,9,3,Weekday,,2-Car,No injury/unknown,OTHER (DRIVER) - EXPLAIN IN NARRATIVE,17TH & LINCOLN ST,39.1788341,-86.53085064
2005,4,1,Weekend,1200,2-Car,No injury/unknown,FOLLOWING TOO CLOSELY,17TH & WALNUT ST,39.17877928,-86.53339439
2005,6,3,Weekday,800,2-Car,No injury/unknown,FAILURE TO YIELD RIGHT OF WAY,ALLEN & PATTERSON,39.1787451,-86.545199
2005,9,3,Weekday,,3+ Cars,No injury/unknown,,17TH & MADISON ST,39.17871752,-86.53778368
2005,5,3,Weekday,1700,2-Car,No injury/unknown,OTHER (DRIVER) - EXPLAIN IN NARRATIVE,17TH & MADISON,39.17871752,-86.53778368
2005,8,4,Weekday,2100,2-Car,No injury/unknown,OTHER (DRIVER) - EXPLAIN IN NARRATIVE,MOORES PIKE & S COLLEGE MALL,39.17862497,-86.53472258
2005,4,5,Weekday,1600,2-Car,No injury/unknown,FOLLOWING TOO CLOSELY,SR37S & VERNAL,39.17856768,-86.56000308
2005,10,7,Weekend,1400,2-Car,No injury/unknown,UNSAFE BACKING,17TH & FEE LN,39.17851618,-86.51898895
2005,8,2,Weekday,1700,1-Car,No injury/unknown,FAILURE TO YIELD RIGHT OF WAY,17TH & JACKSON ST,39.17847513,-86.53963658
2005,7,6,Weekday,1200,2-Car,No injury/unknown,UNSAFE BACKING,COLLEGE AVE,39.17841557,-86.53472419
2005,10,6,Weekend,2100,1-Car,No injury/unknown,ANIMAL/OBJECT IN ROADWAY,17TH & SR 45,39.17841183,-86.50603572
2005,9,1,Weekend,1800,2-Car,No injury/unknown,FAILURE TO YIELD RIGHT OF WAY,17TH & FEE LN,39.17837891,-86.51898793
2005,4,2,Weekday,1700,2-Car,No injury/unknown,OTHER (DRIVER) - EXPLAIN IN NARRATIVE,17TH & FEE LN,39.17837891,-86.51898793
2005,9,6,Weekday,100,1-Car,No injury/unknown,RAN OFF ROAD RIGHT,17TH & DUNN ST,39.1783544,-86.52835768
2005,4,6,Weekday,1800,2-Car,No injury/unknown,NONE (DRIVER),KENWOOD & WOODBURN,39.178352,-86.536048
2005,1,7,Weekend,1000,2-Car,Non-incapacitating,OTHER (DRIVER) - EXPLAIN IN NARRATIVE,HARTSTRAIT RD,39.17823223,-86.6114168
2005,3,2,Weekday,1300,2-Car,No injury/unknown,UNSAFE BACKING,10TH ST & SUNRISE,39.1779458,-86.513894
2005,10,6,Weekday,1700,1-Car,Non-incapacitating,SPEED TOO FAST FOR WEATHER CONDITIONS,17TH & CRESENT RD,39.177879,-86.556567
2005,3,3,Weekday,1700,2-Car,Non-incapacitating,FAILURE TO YIELD RIGHT OF WAY,1ST & WALNUT,39.17784,-86.533408
2005,4,5,Weekday,1400,2-Car,No injury/unknown,FAILURE TO YIELD RIGHT OF WAY,1ST & WALNUT,39.17784,-86.533408
2005,10,3,Weekday,1700,2-Car,Non-incapacitating,DISREGARD SIGNAL/REG SIGN,E 1ST & S WALNUT,39.17784,-86.533408
2005,10,3,Weekday,2200,2-Car,No injury/unknown,,EAST 16TH & NORTH WALNUT,39.17784,-86.533408
2005,2,2,Weekday,1200,2-Car,Non-incapacitating,DISREGARD SIGNAL/REG SIGN,16TH ST & WASHINGTON,39.177808,-86.532176
2005,11,4,Weekday,1500,2-Car,No injury/unknown,OTHER (DRIVER) - EXPLAIN IN NARRATIVE,E 16TH ST & PARKING LOT,39.177808,-86.532176
2005,1,7,Weekend,900,1-Car,No injury/unknown,OVERCORRECTING/OVERSTEERING,BOTTOM & SR37,39.17780366,-86.54219875
2005,8,4,Weekday,700,2-Car,No injury/unknown,FOLLOWING TOO CLOSELY,SR37 & VERNAL,39.17775822,-86.56096186
2005,6,7,Weekend,900,2-Car,No injury/unknown,OTHER (DRIVER) - EXPLAIN IN NARRATIVE,W 16TH ST & WOODBURN,39.177744,-86.53664548
2005,8,5,Weekday,1800,2-Car,No injury/unknown,OTHER (DRIVER) - EXPLAIN IN NARRATIVE,16TH & WOODBURN AVE,39.177744,-86.536048
2005,11,4,Weekday,1900,2-Car,Incapacitating,OTHER (DRIVER) - EXPLAIN IN NARRATIVE,16TH & N MADISON ST,39.177744,-86.53776
2005,12,3,Weekday,900,1-Car,No injury/unknown,ROADWAY SURFACE CONDITION,ENTERPRISE & VENTURE BLVD,39.1776,-86.5669003
2005,3,2,Weekday,800,3+ Cars,Non-incapacitating,RAN OFF ROAD RIGHT,17TH & COLLEGE AVE,39.17757799,-86.53473063
2005,11,3,Weekday,1100,2-Car,Non-incapacitating,FOLLOWING TOO CLOSELY,SR37 & VERNAL,39.17755585,-86.56120156
2005,4,6,Weekday,1600,2-Car,No injury/unknown,FOLLOWING TOO CLOSELY,SR37 & VERNAL,39.17755585,-86.56120156
2005,6,5,Weekday,2000,2-Car,No injury/unknown,OTHER (DRIVER) - EXPLAIN IN NARRATIVE,COLLEGE MALL,39.17739651,-86.53473203
2005,4,3,Weekday,2000,Bus,No injury/unknown,FAILURE TO YIELD RIGHT OF WAY,SR37 & VERNAL,39.17737768,-86.5609886
2005,11,1,Weekend,1700,2-Car,No injury/unknown,SPEED TOO FAST FOR WEATHER CONDITIONS,SR37 & VERNAL,39.17735348,-86.56144125
2005,11,4,Weekday,1800,1-Car,Non-incapacitating,FAILURE TO YIELD RIGHT OF WAY,JORDAN AVE & LINGLEBACH,39.177248,-86.512496
2005,3,4,Weekday,1100,2-Car,No injury/unknown,UNSAFE BACKING,JORDAN & LINGELBACH,39.177248,-86.512496
2005,4,2,Weekday,2000,2-Car,Non-incapacitating,FOLLOWING TOO CLOSELY,LINGLEBACH & NORTH JORDAN AVE,39.177248,-86.512496
2005,5,5,Weekday,1600,2-Car,No injury/unknown,IMPROPER LANE USAGE,LINGELBACH LN & UNION,39.1772,-86.512494
2005,9,7,Weekend,1600,2-Car,Non-incapacitating,FAILURE TO YIELD RIGHT OF WAY,15TH & INDIANA AVE,39.177152,-86.527152
2005,8,6,Weekday,1600,2-Car,Non-incapacitating,OTHER (DRIVER) - EXPLAIN IN NARRATIVE,SR37 & VERNAL,39.17715111,-86.56168094
2005,5,7,Weekend,900,2-Car,No injury/unknown,FOLLOWING TOO CLOSELY,SR 37 & VERNAL,39.17715111,-86.56168094
2005,5,5,Weekday,1800,2-Car,Non-incapacitating,FAILURE TO YIELD RIGHT OF WAY,15TH & WOODBURN AVE,39.17707671,-86.53606083
2005,2,6,Weekday,1700,3+ Cars,Non-incapacitating,FOLLOWING TOO CLOSELY,10TH & SR45,39.17702854,-86.4779248
2005,8,3,Weekday,1200,3+ Cars,Non-incapacitating,UNSAFE SPEED,SR37 & VERNAL,39.17700945,-86.56184872
2005,3,1,Weekend,600,1-Car,No injury/unknown,ALCOHOLIC BEVERAGES,INDIANA AVE & SEVENTEENTH,39.177002,-86.527
2005,12,6,Weekday,1600,2-Car,Non-incapacitating,FOLLOWING TOO CLOSELY,US37 & VERNAL,39.17694874,-86.56192063
2005,8,7,Weekend,1800,2-Car,No injury/unknown,FOLLOWING TOO CLOSELY,10TH & SR45,39.17692022,-86.47808512
2005,6,4,Weekday,1800,2-Car,No injury/unknown,DISREGARD SIGNAL/REG SIGN,15TH & WOODBURN,39.176912,-86.536064
2005,3,5,Weekday,1400,2-Car,No injury/unknown,FAILURE TO YIELD RIGHT OF WAY,15TH ST & GRANT,39.17691028,-86.53030898
2005,5,6,Weekday,1600,2-Car,No injury/unknown,UNSAFE SPEED,FIFTEENTH & LINCOLN ST,39.176896,-86.53088
2005,3,1,,,1-Car,No injury/unknown,OTHER (DRIVER) - EXPLAIN IN NARRATIVE,15TH AND COLLEGE & N COLLEGE,39.17688,-86.534736
2005,10,3,Weekday,1900,2-Car,No injury/unknown,FAILURE TO YIELD RIGHT OF WAY,10TH & SR45,39.17686605,-86.47816528
2005,5,1,Weekday,2000,2-Car,No injury/unknown,DISREGARD SIGNAL/REG SIGN,HENDEROSN ST,39.176864,-86.532832
2005,9,1,Weekend,1100,2-Car,No injury/unknown,UNSAFE BACKING,10TH ST & TENTH,39.176848,-86.478192
2005,10,7,Weekend,1500,3+ Cars,No injury/unknown,UNSAFE SPEED,10TH & SR46,39.176848,-86.478192
2005,9,7,Weekend,1100,2-Car,No injury/unknown,IMPROPER LANE USAGE,10TH & SR46,39.176848,-86.478192
2005,11,6,Weekday,1500,2-Car,No injury/unknown,FAILURE TO YIELD RIGHT OF WAY,10TH ST & SR46,39.176848,-86.478192
2005,9,6,Weekday,1600,2-Car,No injury/unknown,OTHER (DRIVER) - EXPLAIN IN NARRATIVE,10TH & SR46,39.176848,-86.478192
2005,8,4,Weekday,1800,2-Car,Non-incapacitating,FOLLOWING TOO CLOSELY,10TH & SR46,39.176848,-86.478192
2005,10,4,Weekday,1100,2-Car,Non-incapacitating,BRAKE FAILURE OR DEFECTIVE,10TH & SR46,39.176848,-86.478192
2005,6,1,Weekend,1100,2-Car,No injury/unknown,FAILURE TO YIELD RIGHT OF WAY,10TH ST & SR45,39.176848,-86.478192
2005,2,2,Weekday,1700,2-Car,No injury/unknown,NONE (DRIVER),W 15TH,39.176848,-86.55261061
2005,5,5,Weekday,1600,3+ Cars,No injury/unknown,UNSAFE SPEED,10TH & SR 45,39.176848,-86.478192
2005,4,3,Weekday,1700,2-Car,No injury/unknown,FOLLOWING TOO CLOSELY,10TH & SR45,39.176848,-86.478192
2005,4,7,Weekend,500,1-Car,No injury/unknown,CELL PHONE USAGE,10TH ST & SR451,39.176848,-86.478192
2005,4,4,Weekday,1800,2-Car,No injury/unknown,IMPROPER TURNING,10TH & SR45,39.176848,-86.478192
2005,5,4,Weekday,1300,2-Car,No injury/unknown,FOLLOWING TOO CLOSELY,10TH & SR45,39.176848,-86.478192
2005,3,3,Weekday,2100,2-Car,No injury/unknown,FOLLOWING TOO CLOSELY,10TH ST & SR45,39.176848,-86.478192
2005,7,3,Weekday,1600,2-Car,No injury/unknown,FOLLOWING TOO CLOSELY,10TH ST & SR 45,39.176848,-86.478192
2005,5,6,Weekday,900,3+ Cars,Non-incapacitating,UNSAFE SPEED,10TH & SR 46,39.176848,-86.478192
2005,4,6,Weekday,1500,3+ Cars,Non-incapacitating,OTHER (DRIVER) - EXPLAIN IN NARRATIVE,SR37 & VERNAL,39.17684756,-86.56204047
2005,7,3,Weekday,1300,2-Car,No injury/unknown,FOLLOWING TOO CLOSELY,SR37S & VERNAL,39.17679696,-86.56210039
2005,7,2,Weekday,1600,3+ Cars,No injury/unknown,FAILURE TO YIELD RIGHT OF WAY,SR37 & VERNAL,39.17674637,-86.56216031
2005,2,3,Weekday,700,2-Car,No injury/unknown,IMPROPER LANE USAGE,SR 37 & VERNAL,39.17674637,-86.56216031
2005,8,3,Weekday,1200,1-Car,No injury/unknown,OTHER (DRIVER) - EXPLAIN IN NARRATIVE,15TH & MAPLE ST,39.17664,-86.542096
2005,9,5,Weekday,1900,1-Car,No injury/unknown,RAN OFF ROAD RIGHT,15TH ST & ROGERS,39.17664,-86.538496
2005,1,7,Weekend,1700,2-Car,No injury/unknown,FAILURE TO YIELD RIGHT OF WAY,15TH & N MADISON,39.17664,-86.537712
2005,8,5,Weekday,1800,2-Car,No injury/unknown,OTHER (DRIVER) - EXPLAIN IN NARRATIVE,15TH & MADISON ST,39.17664,-86.537712
2005,6,6,Weekday,1800,2-Car,No injury/unknown,FOLLOWING TOO CLOSELY,SR 37 & VERNAL PIKE,39.17661842,-86.56244561
2005,9,5,Weekday,1700,2-Car,No injury/unknown,FOLLOWING TOO CLOSELY,10TH ST & SR45,39.17660474,-86.47862128
2005,8,3,Weekday,1900,2-Car,No injury/unknown,DISREGARD SIGNAL/REG SIGN,SR37 & W VERNAL,39.176544,-86.5624
2005,6,1,Weekday,2200,2-Car,No injury/unknown,SPEED TOO FAST FOR WEATHER CONDITIONS,SR37 & VERNAL,39.176544,-86.5624
2005,11,3,Weekday,500,3+ Cars,No injury/unknown,OTHER (DRIVER) - EXPLAIN IN NARRATIVE,SR37 & VERNAL,39.176544,-86.5624
2005,5,2,Weekday,1600,2-Car,No injury/unknown,FOLLOWING TOO CLOSELY,SR37 & VERNAL,39.176544,-86.5624
2005,8,7,Weekend,1700,2-Car,No injury/unknown,FAILURE TO YIELD RIGHT OF WAY,SR 37 & VERNAL,39.176544,-86.5624