Year,Month,Day,Weekend?,Hour,Collision Type,Injury Type,Primary Factor,Reported_Location,Latitude,Longitude
2005,11,6,Weekday,1700,2-Car,No injury/unknown,FAILURE TO YIELD RIGHT OF WAY,SR37 & VERNAL PIKE,39.176544,-86.5624
2005,12,6,Weekday,1300,3+ Cars,No injury/unknown,FOLLOWING TOO CLOSELY,SR37 & VERNAL,39.176544,-86.5624
2005,12,6,Weekday,1600,3+ Cars,Non-incapacitating,DRIVER DISTRACTED - EXPLAIN IN NARRATIVE,SR37 & VERNAL,39.176544,-86.5624
2005,3,2,Weekday,1800,2-Car,No injury/unknown,FOLLOWING TOO CLOSELY,SR37 & VERNAL,39.176544,-86.5624
2005,1,5,Weekday,2300,2-Car,No injury/unknown,SPEED TOO FAST FOR WEATHER CONDITIONS,SR37 & VERNAL,39.176544,-86.5624
2005,3,5,Weekday,800,2-Car,No injury/unknown,OTHER (DRIVER) - EXPLAIN IN NARRATIVE,SR37 & VERNAL,39.176544,-86.5624
2005,6,7,Weekend,800,2-Car,No injury/unknown,IMPROPER LANE USAGE,SR 37 & VERNAL PIKE,39.176544,-86.5624
2005,11,2,Weekday,1900,3+ Cars,Non-incapacitating,SPEED TOO FAST FOR WEATHER CONDITIONS,SR37 & VERNAL,39.176544,-86.5624
2005,12,1,Weekend,1200,2-Car,Non-incapacitating,UNSAFE BACKING,SR 37 & W VERNAL,39.176544,-86.5624
2005,1,7,Weekend,900,2-Car,No injury/unknown,SPEED TOO FAST FOR WEATHER CONDITIONS,SR37N & VERNAL,39.176544,-86.5624
2005,8,4,Weekday,700,2-Car,No injury/unknown,FOLLOWING TOO CLOSELY,SR37N & VERNAL PIKE,39.176544,-86.5624
2005,1,6,Weekend,2000,2-Car,No injury/unknown,IMPROPER LANE USAGE,14TH & COLLEGE AVE,39.1765331,-86.534736
2005,2,7,Weekend,1200,2-Car,No injury/unknown,FOLLOWING TOO CLOSELY,10TH & SR45,39.17652365,-86.47876438
2005,11,4,Weekday,1700,2-Car,Non-incapacitating,FAILURE TO YIELD RIGHT OF WAY,10TH ST & SR45,39.17652365,-86.47876438
2005,4,7,Weekend,1300,2-Car,No injury/unknown,DRIVER DISTRACTED - EXPLAIN IN NARRATIVE,SR 37 & VERNAL,39.17650697,-86.56245238
2005,11,3,Weekday,600,1-Car,No injury/unknown,OTHER (DRIVER) - EXPLAIN IN NARRATIVE,INDUSTRIAL PIKE,39.176471,-86.563363
2005,1,7,Weekend,1200,3+ Cars,No injury/unknown,SPEED TOO FAST FOR WEATHER CONDITIONS,SR 37 & VERNAL,39.17646068,-86.56251785
2005,9,6,Weekday,800,3+ Cars,No injury/unknown,SPEED TOO FAST FOR WEATHER CONDITIONS,SR37 & VERNAL,39.17643291,-86.56255714
2005,1,7,Weekend,1300,2-Car,No injury/unknown,FOLLOWING TOO CLOSELY,SR37 & VERNAL,39.17640514,-86.56259642
2005,11,3,Weekday,1800,2-Car,No injury/unknown,FOLLOWING TOO CLOSELY,10TH & SR 45,39.17636148,-86.47905057
2005,9,6,Weekday,1700,2-Car,No injury/unknown,FOLLOWING TOO CLOSELY,10TH ST & SR45,39.17628051,-86.47919377
2005,4,3,Weekday,1700,2-Car,No injury/unknown,DISREGARD SIGNAL/REG SIGN,14TH & INDIANA AVE,39.176192,-86.52712
2005,6,3,Weekday,1300,2-Car,No injury/unknown,UNSAFE BACKING,14TH ST & INDIANA,39.17618584,-86.52733266
2005,5,2,Weekday,900,1-Car,No injury/unknown,OTHER (DRIVER) - EXPLAIN IN NARRATIVE,SR37 & VERNAL,39.17617371,-86.56292379
2005,2,5,Weekday,2100,1-Car,No injury/unknown,OTHER (DRIVER) - EXPLAIN IN NARRATIVE,14TH & DUNN ST,39.17616,-86.528224
2005,3,3,Weekday,300,1-Car,Non-incapacitating,ALCOHOLIC BEVERAGES,14TH ST & DUNN,39.17616,-86.528224
2005,8,6,Weekday,1000,2-Car,No injury/unknown,OTHER (DRIVER) - EXPLAIN IN NARRATIVE,14TH ST & PARK,39.17615282,-86.52479379
2005,11,7,Weekend,1200,2-Car,No injury/unknown,UNSAFE BACKING,17TH & WOODLAWN,39.176144,-86.523504
2005,7,1,Weekday,2000,2-Car,No injury/unknown,OTHER (DRIVER) - EXPLAIN IN NARRATIVE,WOODLAWN,39.176144,-86.523504
2005,8,5,Weekday,2300,2-Car,No injury/unknown,UNSAFE BACKING,N COLLEGE,39.17609371,-86.534736
2005,4,5,Weekday,1900,2-Car,No injury/unknown,OTHER (DRIVER) - EXPLAIN IN NARRATIVE,DUNN,39.17609,-86.528224
2005,10,2,Weekday,1700,1-Car,Non-incapacitating,PASSENGER DISTRACTION,10TH ST & SR 45,39.17603842,-86.47962415
2005,2,2,Weekday,0,1-Car,No injury/unknown,UNSAFE BACKING,14TH & BROWNSTONE DR,39.176016,-86.5296
2005,9,6,Weekday,1500,2-Car,No injury/unknown,FAILURE TO YIELD RIGHT OF WAY,14TH ST & LINCOLN,39.176,-86.530896
2005,11,7,Weekend,1700,2-Car,No injury/unknown,FAILURE TO YIELD RIGHT OF WAY,14TH & LINCOLN,39.176,-86.530896
2005,9,5,Weekday,1000,2-Car,No injury/unknown,FAILURE TO YIELD RIGHT OF WAY,14TH ST & LINCOLN,39.176,-86.530896
2005,7,7,Weekend,1300,3+ Cars,Non-incapacitating,FAILURE TO YIELD RIGHT OF WAY,SR37 & VERNAL,39.17598856,-86.56318568
2005,1,6,Weekday,1500,2-Car,Non-incapacitating,FAILURE TO YIELD RIGHT OF WAY,14TH & COLLEGE AVE,39.175984,-86.534736
2005,11,1,Weekday,1900,2-Car,No injury/unknown,FAILURE TO YIELD RIGHT OF WAY,14TH & COLLEGE AVE,39.175984,-86.534736
2005,3,6,Weekday,900,2-Car,No injury/unknown,UNSAFE BACKING,14TH ST,39.17595396,-86.53329894
2005,12,3,Weekday,1500,2-Car,Non-incapacitating,FAILURE TO YIELD RIGHT OF WAY,14TH & WALNUT ST,39.175952,-86.53344
2005,8,5,Weekday,2100,2-Car,No injury/unknown,FAILURE TO YIELD RIGHT OF WAY,14TH & WALNUT,39.175952,-86.53344
2005,1,7,Weekend,1400,2-Car,No injury/unknown,UNSAFE BACKING,WALNUT,39.175952,-86.53344
2005,6,3,Weekday,1100,2-Car,No injury/unknown,IMPROPER TURNING,14TH & WALNUT,39.175952,-86.53344
2005,3,3,Weekday,1100,2-Car,No injury/unknown,UNSAFE SPEED,JORDAN AVE & LAW,39.17584147,-86.51357081
2005,11,6,Weekend,2000,2-Car,No injury/unknown,FAILURE TO YIELD RIGHT OF WAY,14TH & WALNUT,39.17581474,-86.53344275
2005,2,7,Weekend,1200,2-Car,Non-incapacitating,FOLLOWING TOO CLOSELY,SR37 & VERNAL,39.17580341,-86.56344756
2005,4,7,Weekend,1200,2-Car,No injury/unknown,DRIVER DISTRACTED - EXPLAIN IN NARRATIVE,SR 37 & VERNAL,39.17565529,-86.56365708
2005,11,3,Weekday,1700,2-Car,Non-incapacitating,FOLLOWING TOO CLOSELY,SR37 & VERNAL,39.17561826,-86.56370945
2005,11,2,Weekday,1700,2-Car,No injury/unknown,SPEED TOO FAST FOR WEATHER CONDITIONS,SR 37 & VERNAL,39.17561826,-86.56370945
2005,4,5,Weekday,2100,2-Car,No injury/unknown,ALCOHOLIC BEVERAGES,13TH & N DUNN,39.175552,-86.528192
2005,2,2,Weekday,2000,2-Car,No injury/unknown,SPEED TOO FAST FOR WEATHER CONDITIONS,13TH & DUNN ST,39.175552,-86.528192
2005,9,6,Weekday,1700,Bus,No injury/unknown,FAILURE TO YIELD RIGHT OF WAY,13TH ST & INDIANA,39.175504,-86.527104
2005,8,1,Weekend,1200,2-Car,Non-incapacitating,FAILURE TO YIELD RIGHT OF WAY,13TH & INDIANA AVE,39.175504,-86.527104
2005,11,1,Weekend,100,2-Car,No injury/unknown,FAILURE TO YIELD RIGHT OF WAY,13TH & INDIANA AVE,39.175504,-86.527104
2005,12,4,Weekday,1500,2-Car,No injury/unknown,FOLLOWING TOO CLOSELY,13TH ST & INDIANA,39.175504,-86.527104
2005,11,7,Weekend,1700,2-Car,No injury/unknown,FAILURE TO YIELD RIGHT OF WAY,13TH & INDIANA,39.175504,-86.527104
2005,1,7,Weekend,1300,2-Car,No injury/unknown,FAILURE TO YIELD RIGHT OF WAY,E 13TH & N INDIANA AVE,39.175504,-86.527104
2005,3,1,Weekend,1200,2-Car,Non-incapacitating,FAILURE TO YIELD RIGHT OF WAY,13TH & INDIANA,39.175504,-86.527104
2005,2,6,Weekday,800,3+ Cars,No injury/unknown,FAILURE TO YIELD RIGHT OF WAY,13TH & INDIANA AVE,39.175504,-86.527104
2005,4,5,Weekday,1700,2-Car,No injury/unknown,FAILURE TO YIELD RIGHT OF WAY,13TH & INDIANA,39.175504,-86.527104
2005,4,4,Weekday,2100,2-Car,Non-incapacitating,DISREGARD SIGNAL/REG SIGN,13TH & INDIANA AVE,39.175504,-86.527104
2005,9,6,Weekday,1600,2-Car,No injury/unknown,FAILURE TO YIELD RIGHT OF WAY,13TH & INDIANA AVE,39.175504,-86.527104
2005,9,4,Weekday,1700,2-Car,No injury/unknown,DRIVER DISTRACTED - EXPLAIN IN NARRATIVE,13TH & INDIANA,39.175504,-86.527104
2005,9,6,Weekday,1300,2-Car,Non-incapacitating,FAILURE TO YIELD RIGHT OF WAY,INDIANA AVE & THIRTEENTH,39.175504,-86.527104
2005,4,6,Weekday,1800,2-Car,No injury/unknown,IMPROPER TURNING,13TH & FESS,39.17544,-86.525824
2005,4,7,Weekend,1300,2-Car,No injury/unknown,NONE (DRIVER),14TH & COLLEGE AVE,39.17543496,-86.53474656
2005,11,7,Weekend,0,2-Car,No injury/unknown,IMPROPER LANE USAGE,6TH & N WALNUT,39.17543142,-86.533599
2005,3,3,Weekday,800,1-Car,No injury/unknown,UNSAFE SPEED,SR37 & VERNAL,39.17542016,-86.56398967
2005,11,4,Weekday,900,2-Car,No injury/unknown,LEFT OF CENTER,BROWNSTONE TERRACE APARTMENTS,39.17539061,-86.53092658
2005,8,6,Weekday,800,2-Car,No injury/unknown,DISREGARD SIGNAL/REG SIGN,13TH ST & WALNUT,39.175232,-86.520976
2005,10,5,Weekday,1100,2-Car,No injury/unknown,DISREGARD SIGNAL/REG SIGN,13TH ST & WALNUT GROVE,39.175232,-86.520976
2005,11,2,Weekday,1700,2-Car,No injury/unknown,FAILURE TO YIELD RIGHT OF WAY,E 13TH ST & WALNUT GROVE,39.175232,-86.520976
2005,3,5,Weekday,1400,2-Car,No injury/unknown,FAILURE TO YIELD RIGHT OF WAY,13TH ST & WALNUT,39.175232,-86.520976
2005,2,4,Weekday,2000,2-Car,No injury/unknown,FAILURE TO YIELD RIGHT OF WAY,13TH ST & WALNUT,39.175232,-86.520976
2005,4,6,Weekday,1700,2-Car,Non-incapacitating,FAILURE TO YIELD RIGHT OF WAY,13TH ST & WALNUT GROVE,39.175232,-86.520976
2005,2,4,Weekday,1800,2-Car,No injury/unknown,FAILURE TO YIELD RIGHT OF WAY,13TH ST & WALNUT,39.175232,-86.520976
2005,3,3,Weekday,1800,2-Car,No injury/unknown,FAILURE TO YIELD RIGHT OF WAY,13TH ST & WALNUT,39.175232,-86.520976
2005,4,5,Weekday,1400,2-Car,No injury/unknown,FAILURE TO YIELD RIGHT OF WAY,13TH ST & WALNUT,39.175232,-86.520976
2005,12,3,Weekday,1100,2-Car,No injury/unknown,OTHER (DRIVER) - EXPLAIN IN NARRATIVE,EAST 9TH & NORTH PARK,39.17519094,-86.524599
2005,9,6,Weekday,1600,2-Car,No injury/unknown,FAILURE TO YIELD RIGHT OF WAY,13TH & FEE LN,39.175152,-86.518992
2005,1,3,Weekday,,2-Car,No injury/unknown,NONE (DRIVER),13TH ST & FEE,39.175152,-86.518992
2005,6,6,Weekday,100,1-Car,No injury/unknown,ALCOHOLIC BEVERAGES,13TH ST & ILLINOIS,39.175152,-86.55152
2005,11,6,Weekend,2000,2-Car,No injury/unknown,FOLLOWING TOO CLOSELY,12TH & N COLELGE,39.1751,-86.534799
2005,11,3,Weekday,900,1-Car,No injury/unknown,SPEED TOO FAST FOR WEATHER CONDITIONS,SR37N & VERNAL,39.17506282,-86.56449511
2005,6,6,Weekday,1700,2-Car,No injury/unknown,OTHER (DRIVER) - EXPLAIN IN NARRATIVE,CRESENT RD & VERNAL,39.17504,-86.556496
2005,4,3,Weekday,1000,2-Car,Non-incapacitating,LEFT OF CENTER,CRESENT & VERNAL PIKE,39.17504,-86.556496
2005,8,4,Weekday,1500,3+ Cars,Non-incapacitating,FAILURE TO YIELD RIGHT OF WAY,CRESCENT & VERNAL,39.17504,-86.556496
2005,11,4,Weekday,800,2-Car,Non-incapacitating,FAILURE TO YIELD RIGHT OF WAY,CRESCENT & VERNAL,39.17504,-86.556496
2005,12,5,Weekday,900,2-Car,No injury/unknown,UNSAFE SPEED,13TH & FEE LN,39.17480959,-86.51896223
2005,9,6,Weekday,800,1-Car,No injury/unknown,ANIMAL/OBJECT IN ROADWAY,BOHOM RD & LAWSON,39.174752,-86.508688
2005,12,1,Weekend,1300,1-Car,No injury/unknown,ROADWAY SURFACE CONDITION,OARD RD & VERNAL,39.174455,-86.62191155
2005,11,1,Weekend,100,1-Car,No injury/unknown,ALCOHOLIC BEVERAGES,12TH & N LINCOLN ST,39.174416,-86.530992
2005,2,1,Weekend,1700,2-Car,No injury/unknown,FAILURE TO YIELD RIGHT OF WAY,12TH ST & LINCOLN,39.174416,-86.530992
2005,3,3,Weekday,1600,2-Car,No injury/unknown,FAILURE TO YIELD RIGHT OF WAY,12TH ST & DUNN,39.174416,-86.528304
2005,1,7,Weekend,300,2-Car,No injury/unknown,PRESCRIPTION DRUGS,12TH ST & INDIANA,39.17439317,-86.52772557
2005,11,7,Weekend,300,2-Car,No injury/unknown,LEFT OF CENTER,E 12TH ST,39.1743778,-86.53211265
2005,6,7,Weekend,100,2-Car,No injury/unknown,UNSAFE BACKING,12TH ST & INDIANA,39.17437499,-86.5272651
2005,1,7,Weekend,2000,2-Car,No injury/unknown,FAILURE TO YIELD RIGHT OF WAY,12TH & INDIANA AVE,39.174368,-86.527088
2005,2,5,Weekday,2000,2-Car,No injury/unknown,OTHER (DRIVER) - EXPLAIN IN NARRATIVE,12TH ST & INDIANA,39.174368,-86.527088
2005,1,3,Weekday,100,2-Car,No injury/unknown,FOLLOWING TOO CLOSELY,12TH & INDIANA,39.174368,-86.527088
2005,7,6,Weekday,1600,2-Car,No injury/unknown,OTHER (DRIVER) - EXPLAIN IN NARRATIVE,COLLEGE AVE & SMITH,39.17435622,-86.534899
2005,11,1,Weekend,300,2-Car,No injury/unknown,OVERCORRECTING/OVERSTEERING,12TH ST & WALNUT,39.17435332,-86.53338335
2005,4,6,Weekday,1800,2-Car,Non-incapacitating,FAILURE TO YIELD RIGHT OF WAY,12TH ST & ILLINOIS,39.174352,-86.5504
2005,9,4,Weekday,1700,2-Car,No injury/unknown,FAILURE TO YIELD RIGHT OF WAY,12TH & MONROE ST,39.174352,-86.547104
2005,7,3,Weekday,900,2-Car,Non-incapacitating,DRIVER DISTRACTED - EXPLAIN IN NARRATIVE,12TH & LINDBERG,39.174352,-86.552592
2005,2,4,Weekday,1700,2-Car,No injury/unknown,OTHER (DRIVER) - EXPLAIN IN NARRATIVE,ILLINOIS,39.174352,-86.551376
2005,6,4,Weekday,2100,2-Car,No injury/unknown,UNSAFE BACKING,12TH & WALNUT GROVE,39.174352,-86.533472
2005,9,6,Weekday,1500,Bus,Non-incapacitating,DISREGARD SIGNAL/REG SIGN,12TH ST & FESS,39.174336,-86.525808
2005,4,1,Weekend,0,2-Car,Non-incapacitating,ALCOHOLIC BEVERAGES,12TH & INDIANA,39.17432683,-86.52708658
2005,4,1,Weekend,1600,2-Car,No injury/unknown,BRAKE FAILURE OR DEFECTIVE,12TH & WASHINGTON ST,39.17420327,-86.5324
2005,3,3,Weekday,1700,2-Car,No injury/unknown,FOLLOWING TOO CLOSELY,FEE LN & LAW,39.17410279,-86.51890076
2005,9,2,Weekday,1700,2-Car,No injury/unknown,FAILURE TO YIELD RIGHT OF WAY,FEE & LAW LN,39.174048,-86.518896
2005,9,2,Weekday,1400,2-Car,No injury/unknown,OTHER (DRIVER) - EXPLAIN IN NARRATIVE,FEE LN & LAW,39.174048,-86.518896
2005,10,2,Weekday,1700,Pedestrian,Non-incapacitating,FAILURE TO YIELD RIGHT OF WAY,FEE LANE & LAW LANE,39.174048,-86.518896
2005,10,2,Weekday,1600,2-Car,No injury/unknown,FOLLOWING TOO CLOSELY,FEE LN & LAW,39.174048,-86.518896
2005,2,5,Weekday,1200,2-Car,No injury/unknown,FAILURE TO YIELD RIGHT OF WAY,FEE LN & LAW,39.174048,-86.518896
2005,2,6,Weekend,2100,2-Car,No injury/unknown,FOLLOWING TOO CLOSELY,FEE LN & LAW,39.174048,-86.518896
2005,2,2,Weekday,1700,2-Car,No injury/unknown,FAILURE TO YIELD RIGHT OF WAY,FEE LN & LAW,39.174048,-86.518896
2005,2,1,Weekend,1400,2-Car,No injury/unknown,FAILURE TO YIELD RIGHT OF WAY,FEE & LAW LN,39.174048,-86.518896
2005,11,2,Weekday,1700,2-Car,Non-incapacitating,UNSAFE SPEED,FEE LN & LAW,39.174048,-86.518896
2005,9,3,Weekday,1700,2-Car,No injury/unknown,FAILURE TO YIELD RIGHT OF WAY,FEE & LAW,39.17399555,-86.51854787
2005,3,3,Weekday,500,2-Car,Non-incapacitating,UNSAFE BACKING,LAW LN,39.173872,-86.517728
2005,11,7,Weekend,1400,2-Car,No injury/unknown,,11TH & COLLEGE AVE,39.1737811,-86.534752
2005,10,6,Weekend,2100,Moped/Motorcycle,Non-incapacitating,FOLLOWING TOO CLOSELY,FEE LN & LAW,39.17377396,-86.51887438
2005,2,7,Weekend,300,2-Car,No injury/unknown,,JORDAN & LAW,39.17369184,-86.51539477
2005,4,2,Weekday,1600,2-Car,No injury/unknown,OTHER (DRIVER) - EXPLAIN IN NARRATIVE,BLK E ATWATER & WOODLAWN,39.17367404,-86.523994
2005,11,4,Weekday,1500,2-Car,No injury/unknown,OTHER (DRIVER) - EXPLAIN IN NARRATIVE,JORDAN & LAW LN,39.17366466,-86.51632665
2005,11,6,Weekday,900,2-Car,No injury/unknown,UNSAFE BACKING,DUNN,39.17363918,-86.52829127
2005,12,5,Weekday,1600,2-Car,No injury/unknown,FAILURE TO YIELD RIGHT OF WAY,CRESCENT & W VERNAH,39.17358844,-86.55527511
2005,1,7,Weekend,1300,2-Car,No injury/unknown,UNSAFE BACKING,JORDAN & LAW LN,39.17357547,-86.51566272
2005,8,7,Weekend,1700,2-Car,No injury/unknown,UNSAFE BACKING,JORDAN & LAW LN,39.173552,-86.515488
2005,8,4,Weekday,800,2-Car,No injury/unknown,DISREGARD SIGNAL/REG SIGN,JORDAN AVE & LAW,39.173552,-86.515488
2005,9,3,Weekday,1000,1-Car,No injury/unknown,DISREGARD SIGNAL/REG SIGN,JORDAN AVE & LAW,39.173552,-86.515488
2005,11,3,Weekday,2300,Moped/Motorcycle,Non-incapacitating,FAILURE TO YIELD RIGHT OF WAY,JORDAN AVE & LAW,39.173552,-86.515488
2005,8,6,Weekday,1600,1-Car,No injury/unknown,RAN OFF ROAD RIGHT,WALNUT,39.17350531,-86.52094531
2005,7,5,Weekday,2300,2-Car,No injury/unknown,OBSTRUCTION NOT MARKED,11TH ST & DUNN,39.17344,-86.52864266
2005,1,4,Weekday,2200,2-Car,No injury/unknown,WRONG WAY ON ONE WAY,11TH & WOODLAWN AVE,39.17344,-86.523616
2005,1,6,Weekday,1700,2-Car,No injury/unknown,UNSAFE BACKING,11TH & FORREST AVE,39.17344,-86.522464
2005,8,1,Weekday,2300,Moped/Motorcycle,No injury/unknown,UNSAFE BACKING,11TH ST,39.17344,-86.531696
2005,5,1,Weekend,400,3+ Cars,Non-incapacitating,CELL PHONE USAGE,11TH & N LINCOLN ST,39.17344,-86.530992
2005,11,7,Weekend,1400,2-Car,No injury/unknown,FAILURE TO YIELD RIGHT OF WAY,11TH & INDIANA,39.17344,-86.527056
2005,2,1,Weekend,1400,2-Car,No injury/unknown,FAILURE TO YIELD RIGHT OF WAY,11TH & WOODLAWN ST,39.17344,-86.523616
2005,3,3,Weekday,1200,2-Car,No injury/unknown,FAILURE TO YIELD RIGHT OF WAY,11TH & INDIANA,39.17344,-86.527056
2005,1,5,Weekday,1200,2-Car,No injury/unknown,DISREGARD SIGNAL/REG SIGN,11TH ST & WOODLAWN,39.17344,-86.523616
2005,9,3,Weekday,1000,2-Car,No injury/unknown,FAILURE TO YIELD RIGHT OF WAY,E 11TH ST & WOODLAWN,39.17344,-86.523616
2005,2,5,Weekday,1100,2-Car,No injury/unknown,FAILURE TO YIELD RIGHT OF WAY,11TH & WALNUT GRV,39.17344,-86.520944
2005,4,6,Weekday,1500,2-Car,No injury/unknown,DISREGARD SIGNAL/REG SIGN,11TH & WALNUT GROVE,39.17344,-86.520944
2005,6,5,Weekday,1400,2-Car,No injury/unknown,UNSAFE BACKING,11TH ST,39.17344,-86.531696
2005,1,6,Weekday,1100,2-Car,No injury/unknown,FAILURE TO YIELD RIGHT OF WAY,11TH & INDIANA AVE,39.17344,-86.527056
2005,12,5,Weekday,1300,2-Car,No injury/unknown,SPEED TOO FAST FOR WEATHER CONDITIONS,11TH & N INDIANA AVE,39.17344,-86.527056
2005,8,2,Weekday,1600,2-Car,No injury/unknown,UNSAFE BACKING,COLLEGE,39.17338874,-86.534752
2005,8,2,Weekday,1100,2-Car,No injury/unknown,DISREGARD SIGNAL/REG SIGN,11TH ST & ADAMS,39.173344,-86.549792
2005,7,4,Weekday,0,2-Car,No injury/unknown,OTHER (DRIVER) - EXPLAIN IN NARRATIVE,ILLINOIS & ILLINOIS CT,39.173344,-86.550304
2005,5,2,Weekday,1900,2-Car,No injury/unknown,UNSAFE BACKING,11TH & 11TH ST,39.173344,-86.54734825
2005,5,6,Weekday,900,3+ Cars,No injury/unknown,FAILURE TO YIELD RIGHT OF WAY,ORRIS & W 11TH ST,39.173344,-86.544704
2005,2,3,Weekday,900,2-Car,No injury/unknown,OTHER (ENVIRONMENTAL) - EXPLAIN IN NARR,11TH ST & OOLITIC,39.173344,-86.5536
2005,6,1,Weekend,700,3+ Cars,No injury/unknown,OTHER (DRIVER) - EXPLAIN IN NARRATIVE,11TH ST,39.173344,-86.54991739
2005,12,6,Weekday,1200,2-Car,No injury/unknown,OTHER (VEHICLE) - EXPLAIN IN NARRATIVE,11TH & MONROE ST,39.173344,-86.547104
2005,10,6,Weekday,500,2-Car,No injury/unknown,DISREGARD SIGNAL/REG SIGN,11TH ST & WALNUT,39.173248,-86.533488
2005,2,3,Weekday,1800,2-Car,No injury/unknown,OTHER (DRIVER) - EXPLAIN IN NARRATIVE,11TH & N WALNUT ST,39.173248,-86.533488
2005,6,2,Weekday,1900,2-Car,No injury/unknown,DISREGARD SIGNAL/REG SIGN,11TH & WALNUT ST,39.173248,-86.533488
2005,1,7,Weekend,1600,2-Car,No injury/unknown,DISREGARD SIGNAL/REG SIGN,11TH & COLLEGE AVE,39.173232,-86.534752
2005,9,5,Weekday,1900,2-Car,No injury/unknown,FAILURE TO YIELD RIGHT OF WAY,11TH & COLLEGE AVE,39.173232,-86.534752
2005,7,3,Weekday,2000,2-Car,Non-incapacitating,SPEED TOO FAST FOR WEATHER CONDITIONS,11TH & COLLEGE AVE,39.173232,-86.534752
2005,1,5,Weekday,2100,2-Car,No injury/unknown,SPEED TOO FAST FOR WEATHER CONDITIONS,COLLEGE & W 11TH ST,39.173232,-86.534752
2005,12,7,Weekend,1000,2-Car,No injury/unknown,IMPROPER TURNING,808 COLLEGE & COLLEGE AVE,39.173232,-86.534752
2005,11,2,Weekday,1400,2-Car,No injury/unknown,DISREGARD SIGNAL/REG SIGN,N ROGERS & W 11TH,39.173184,-86.538528
2005,11,1,Weekend,900,2-Car,Non-incapacitating,FAILURE TO YIELD RIGHT OF WAY,11TH ST & ROGERS,39.173184,-86.538528
2005,3,4,Weekday,400,1-Car,No injury/unknown,ALCOHOLIC BEVERAGES,11TH ST & FAIRVIEW,39.173154,-86.54065816
2005,9,3,Weekday,1800,2-Car,No injury/unknown,LEFT OF CENTER,11TH ST & FAIRVIEW,39.173152,-86.5408
2005,8,2,Weekday,1600,2-Car,No injury/unknown,FAILURE TO YIELD RIGHT OF WAY,11TH ST & FAIRVIEW,39.173152,-86.5408
2005,2,3,Weekday,1500,2-Car,No injury/unknown,UNSAFE BACKING,LAW LN & UNION,39.17297448,-86.51331469
2005,12,4,Weekday,800,3+ Cars,No injury/unknown,UNSAFE SPEED,WOODBRIDGE DR,39.172949,-86.491364
2005,3,5,Weekday,1600,2-Car,No injury/unknown,UNSAFE BACKING,LAW & LAW LN,39.172864,-86.513148
2005,2,4,Weekday,1800,2-Car,No injury/unknown,NONE (DRIVER),FEE LN,39.17281455,-86.51879273
2005,12,2,Weekday,2300,1-Car,No injury/unknown,ALCOHOLIC BEVERAGES,INDIANA,39.17280327,-86.52704327
2005,3,5,Weekday,0,2-Car,No injury/unknown,IMPROPER TURNING,SMITH & SR45,39.172752,-86.482288
2005,10,4,Weekday,1700,2-Car,No injury/unknown,FOLLOWING TOO CLOSELY,10TH ST & SMITH,39.172752,-86.482288
2005,1,5,Weekday,900,2-Car,No injury/unknown,FOLLOWING TOO CLOSELY,11TH & FEE LN,39.17272339,-86.51878497
2005,9,3,Weekday,700,2-Car,Non-incapacitating,OTHER (DRIVER) - EXPLAIN IN NARRATIVE,10TH & SMITH RD,39.17271944,-86.48225544
2005,12,1,Weekend,100,3+ Cars,Non-incapacitating,FAILURE TO YIELD RIGHT OF WAY,10TH & COLLEGE AVE,39.1727049,-86.53475767
2005,10,3,Weekday,1600,2-Car,No injury/unknown,FAILURE TO YIELD RIGHT OF WAY,COTTAGE GROVE & WOODLAWN AVE,39.17264,-86.523584
2005,10,1,Weekend,200,2-Car,No injury/unknown,IMPROPER LANE USAGE,COTTAGE GROVE & INDIANA AVE,39.17264,-86.52704
2005,8,2,Weekday,1200,2-Car,No injury/unknown,DISREGARD SIGNAL/REG SIGN,COTTAGE & GRANT ST,39.17264,-86.529696
2005,11,3,Weekday,900,2-Car,Non-incapacitating,FAILURE TO YIELD RIGHT OF WAY,COTTAGE GROVE & WOODLAWN AVE,39.17264,-86.523584
2005,12,4,Weekday,1700,2-Car,Non-incapacitating,DISREGARD SIGNAL/REG SIGN,E COTTAGE GROVE & N FORREST,39.17264,-86.522432
2005,12,2,Weekday,1100,2-Car,No injury/unknown,ALCOHOLIC BEVERAGES,COTTAGE GRV & INDIANA,39.17264,-86.52704
2005,4,3,Weekday,1800,2-Car,No injury/unknown,FAILURE TO YIELD RIGHT OF WAY,COTTAGE GROVE & GRANT ST,39.17264,-86.529696
2005,4,5,Weekday,800,2-Car,No injury/unknown,FAILURE TO YIELD RIGHT OF WAY,COTTAGE GROVE AVE & N PARK,39.17264,-86.52464
2005,11,4,Weekday,800,2-Car,No injury/unknown,DISREGARD SIGNAL/REG SIGN,600 E 11TH & N INDIANA,39.17264,-86.52704
2005,11,5,Weekday,1300,2-Car,No injury/unknown,FAILURE TO YIELD RIGHT OF WAY,COTTAGE GROVE & WOODLAWN AVE,39.17264,-86.523584
2005,10,7,Weekend,1700,2-Car,No injury/unknown,FAILURE TO YIELD RIGHT OF WAY,COTTAGE & INDIANA AVE,39.17264,-86.52704