Year,Month,Day,Weekend?,Hour,Collision Type,Injury Type,Primary Factor,Reported_Location,Latitude,Longitude
2005,10,7,Weekend,1200,2-Car,No injury/unknown,OTHER (DRIVER) - EXPLAIN IN NARRATIVE,COTTAGE GROVE & LINCOLN ST,39.17261255,-86.530992
2005,7,2,Weekday,2200,1-Car,Non-incapacitating,DISREGARD SIGNAL/REG SIGN,LAW LN & UNION,39.172399,-86.5102767
2005,11,7,Weekend,1200,3+ Cars,No injury/unknown,OTHER (DRIVER) - EXPLAIN IN NARRATIVE,LAW LN & UNION,39.172399,-86.51030092
2005,7,5,Weekday,600,1-Car,No injury/unknown,OTHER (DRIVER) - EXPLAIN IN NARRATIVE,LAW LN & UNION,39.172399,-86.5102767
2005,11,5,Weekday,1700,1-Car,Non-incapacitating,OTHER (DRIVER) - EXPLAIN IN NARRATIVE,10TH & WALNUT,39.1723712,-86.5335088
2005,12,7,Weekend,0,1-Car,Non-incapacitating,RAN OFF ROAD RIGHT,10TH ST & SMITH,39.17223179,-86.48308945
2005,4,5,Weekday,600,1-Car,No injury/unknown,ROADWAY SURFACE CONDITION,10TH & SMITH RD,39.17209519,-86.48164601
2005,3,5,Weekday,1400,2-Car,Incapacitating,FAILURE TO YIELD RIGHT OF WAY,SMITH & SR45,39.17208093,-86.48485196
2005,9,2,Weekday,1200,2-Car,No injury/unknown,FAILURE TO YIELD RIGHT OF WAY,10TH ST & BARRINGTON,39.17198525,-86.48686738
2005,10,1,Weekend,1400,2-Car,No injury/unknown,OTHER (DRIVER) - EXPLAIN IN NARRATIVE,WHITEHALL CROSSING,39.171977,-86.572765
2005,8,6,Weekday,1400,2-Car,No injury/unknown,FAILURE TO YIELD RIGHT OF WAY,WHITEHALL CROSSING BLVD,39.171921,-86.57264
2005,4,7,Weekend,1400,2-Car,No injury/unknown,OTHER (DRIVER) - EXPLAIN IN NARRATIVE,WHITHALL CROSSING,39.171921,-86.57264
2005,8,2,Weekday,1800,2-Car,No injury/unknown,OTHER (DRIVER) - EXPLAIN IN NARRATIVE,10TH & COLLEGE AVE,39.17188127,-86.53476652
2005,11,1,Weekend,200,2-Car,No injury/unknown,IMPROPER LANE USAGE,10TH & COLLEGE AVE,39.17188127,-86.53476652
2005,11,5,Weekday,2300,1-Car,No injury/unknown,UNSAFE SPEED,10TH ST & GRANDVIEW,39.17184,-86.487488
2005,8,4,Weekday,1800,1-Car,Non-incapacitating,FOLLOWING TOO CLOSELY,GRAND VIEW & SR45,39.17184,-86.487488
2005,3,7,Weekend,1000,2-Car,Non-incapacitating,OTHER (DRIVER) - EXPLAIN IN NARRATIVE,10TH ST & SMITH,39.17184,-86.487488
2005,1,1,Weekend,200,1-Car,No injury/unknown,ALCOHOLIC BEVERAGES,E 10TH ST & GRANDVIEW,39.17184,-86.487488
2005,9,2,Weekday,1700,2-Car,No injury/unknown,UNSAFE BACKING,10TH & JORDAN AVE,39.17182538,-86.5156952
2005,11,7,Weekend,400,2-Car,No injury/unknown,LEFT OF CENTER,10TH & DUNN ST,39.17181726,-86.52825829
2005,8,6,Weekday,800,2-Car,No injury/unknown,FAILURE TO YIELD RIGHT OF WAY,10TH & COLLEGE AVE,39.17177145,-86.53476771
2005,11,3,Weekday,1700,2-Car,Non-incapacitating,OTHER (DRIVER) - EXPLAIN IN NARRATIVE,10TH & COLLEGE AVE,39.17177145,-86.53476771
2005,1,4,Weekday,2000,2-Car,No injury/unknown,FOLLOWING TOO CLOSELY,10TH ST & WALNUT,39.171744,-86.53369733
2005,10,3,Weekday,1800,2-Car,No injury/unknown,OTHER (DRIVER) - EXPLAIN IN NARRATIVE,10TH ST & WALNUT,39.171744,-86.53387465
2005,9,3,Weekday,1400,2-Car,No injury/unknown,UNSAFE BACKING,10TH ST & JORDAN,39.171744,-86.53397845
2005,8,4,Weekday,2300,2-Car,No injury/unknown,IMPROPER TURNING,10TH ST & COLLEGE,39.171744,-86.53352
2005,9,3,Weekday,1700,2-Car,No injury/unknown,OTHER (DRIVER) - EXPLAIN IN NARRATIVE,WALNUT ST,39.171744,-86.53352
2005,4,1,Weekend,0,2-Car,No injury/unknown,IMPROPER TURNING,10TH & COLLEGE AVE,39.171744,-86.534768
2005,11,1,Weekend,1000,2-Car,No injury/unknown,FAILURE TO YIELD RIGHT OF WAY,10TH & WALNUT ST,39.171744,-86.53352
2005,6,5,Weekday,1400,2-Car,No injury/unknown,FAILURE TO YIELD RIGHT OF WAY,COLLEGE AVE & TENTH,39.171744,-86.534768
2005,6,6,Weekend,2300,2-Car,No injury/unknown,IMPROPER LANE USAGE,10TH & COLLEGE AVE,39.171744,-86.534768
2005,5,5,Weekday,2300,2-Car,Non-incapacitating,IMPROPER TURNING,10TH & COLLEGE AVE,39.171744,-86.534768
2005,6,2,Weekday,1400,1-Car,No injury/unknown,OTHER (DRIVER) - EXPLAIN IN NARRATIVE,10TH ST & WALNUT,39.171744,-86.53352
2005,11,6,Weekday,1500,2-Car,Non-incapacitating,DISREGARD SIGNAL/REG SIGN,10TH & WALNUT ST,39.171744,-86.53352
2005,9,5,Weekday,2000,2-Car,No injury/unknown,FAILURE TO YIELD RIGHT OF WAY,10TH & COLLEGE AVE,39.171744,-86.534768
2005,10,6,Weekday,1100,3+ Cars,No injury/unknown,FAILURE TO YIELD RIGHT OF WAY,10TH & COLLEGE AVE,39.171744,-86.534768
2005,3,4,Weekday,1500,2-Car,No injury/unknown,IMPROPER TURNING,10TH & COLLEGE AVE,39.171744,-86.534768
2005,6,4,Weekday,1200,2-Car,No injury/unknown,OTHER TELEMATICS IN USE,10TH & COLLEGE AVE,39.171744,-86.534768
2005,5,7,Weekend,700,2-Car,No injury/unknown,DISREGARD SIGNAL/REG SIGN,200 10TH & COLLEGE AVE,39.171744,-86.534768
2005,5,7,Weekend,1800,2-Car,No injury/unknown,FOLLOWING TOO CLOSELY,10TH & COLLEGE AVE,39.171744,-86.534768
2005,4,3,Weekday,0,1-Car,Non-incapacitating,UNSAFE SPEED,10TH & COLLEGE AVE,39.171744,-86.534768
2005,1,3,Weekday,1200,2-Car,No injury/unknown,IMPROPER TURNING,10TH & COLEGE,39.171744,-86.534768
2005,10,7,Weekend,1400,2-Car,No injury/unknown,FAILURE TO YIELD RIGHT OF WAY,10TH ST & WASHINGTON,39.171728,-86.5324
2005,3,6,Weekday,1100,2-Car,No injury/unknown,FAILURE TO YIELD RIGHT OF WAY,10TH ST & WASHINGTON,39.171728,-86.5324
2005,10,5,Weekday,1700,2-Car,No injury/unknown,FAILURE TO YIELD RIGHT OF WAY,10TH ST & WASHINGTON,39.171728,-86.5324
2005,7,6,Weekend,2200,2-Car,No injury/unknown,FAILURE TO YIELD RIGHT OF WAY,10TH ST & LINCOLN,39.171712,-86.530992
2005,12,2,Weekday,1900,Moped/Motorcycle,Non-incapacitating,FAILURE TO YIELD RIGHT OF WAY,E 10TH ST & N LINCOLN,39.171712,-86.530992
2005,5,5,Weekday,1700,2-Car,No injury/unknown,FAILURE TO YIELD RIGHT OF WAY,10TH ST & LINCOLN,39.171712,-86.530992
2005,10,4,Weekday,1000,2-Car,Non-incapacitating,FAILURE TO YIELD RIGHT OF WAY,10TH ST & LINCOLN,39.171712,-86.530992
2005,2,6,Weekday,900,2-Car,No injury/unknown,FAILURE TO YIELD RIGHT OF WAY,10TH ST & LINCOLN,39.171712,-86.530992
2005,4,6,Weekday,1500,2-Car,Non-incapacitating,FAILURE TO YIELD RIGHT OF WAY,10TH ST & LINCOLN,39.171712,-86.530992
2005,4,7,Weekend,1500,2-Car,No injury/unknown,FAILURE TO YIELD RIGHT OF WAY,10TH & COLLEGE AVE,39.17170282,-86.534768
2005,3,5,Weekday,800,2-Car,No injury/unknown,UNSAFE BACKING,10TH ST & INDIANA,39.171699,-86.526996
2005,9,2,Weekday,1700,2-Car,No injury/unknown,FAILURE TO YIELD RIGHT OF WAY,10TH ST & GRANT,39.171696,-86.529696
2005,4,6,Weekend,2000,2-Car,Non-incapacitating,FAILURE TO YIELD RIGHT OF WAY,10TH ST & PROW,39.171696,-86.528896
2005,10,7,Weekend,1500,2-Car,No injury/unknown,FAILURE TO YIELD RIGHT OF WAY,10TH & GRANT,39.171696,-86.529696
2005,1,7,Weekend,100,2-Car,No injury/unknown,FAILURE TO YIELD RIGHT OF WAY,10TH ST & GRANT,39.171696,-86.529696
2005,3,7,Weekend,1100,2-Car,Non-incapacitating,FAILURE TO YIELD RIGHT OF WAY,10TH ST & GRANT,39.171696,-86.529696
2005,11,7,Weekend,1600,2-Car,No injury/unknown,DRIVER DISTRACTED - EXPLAIN IN NARRATIVE,10TH ST & INDIANA,39.17168,-86.52720133
2005,8,2,Weekday,100,2-Car,No injury/unknown,UNSAFE BACKING,10TH ST & INDIANA,39.17168,-86.52720133
2005,8,5,Weekday,1900,2-Car,No injury/unknown,UNSAFE BACKING,10TH & INDIANA AVE,39.17168,-86.527024
2005,1,5,Weekday,1800,1-Car,Non-incapacitating,FAILURE TO YIELD RIGHT OF WAY,10TH & INDIANA AVE,39.17168,-86.527024
2005,11,1,Weekend,300,1-Car,No injury/unknown,ALCOHOLIC BEVERAGES,10TH ST & DUNN,39.17168,-86.528256
2005,6,3,Weekday,1200,Moped/Motorcycle,Non-incapacitating,OTHER (DRIVER) - EXPLAIN IN NARRATIVE,10TH ST & DUNN,39.17168,-86.528256
2005,9,3,Weekday,1000,Moped/Motorcycle,Incapacitating,FAILURE TO YIELD RIGHT OF WAY,10TH ST & DUNN,39.17168,-86.528256
2005,10,2,Weekday,1500,3+ Cars,Non-incapacitating,FOLLOWING TOO CLOSELY,E 10TH ST & INDIANA,39.17168,-86.527024
2005,12,3,Weekday,1000,2-Car,No injury/unknown,FAILURE TO YIELD RIGHT OF WAY,10TH ST & DUNN,39.17168,-86.528256
2005,2,7,Weekend,1200,2-Car,No injury/unknown,FAILURE TO YIELD RIGHT OF WAY,10TH ST & DUNN,39.17168,-86.528256
2005,3,3,Weekday,1100,2-Car,No injury/unknown,FOLLOWING TOO CLOSELY,DUNN & E 10TH ST,39.17168,-86.528256
2005,1,1,Weekend,300,2-Car,Non-incapacitating,FAILURE TO YIELD RIGHT OF WAY,10TH ST & DUNN,39.17168,-86.528256
2005,10,1,Weekend,1800,2-Car,No injury/unknown,UNSAFE BACKING,10TH ST & INDIANA,39.17168,-86.527024
2005,1,7,Weekend,300,2-Car,Non-incapacitating,FAILURE TO YIELD RIGHT OF WAY,10TH ST & FESS,39.171664,-86.52576
2005,3,6,Weekday,1500,2-Car,No injury/unknown,FAILURE TO YIELD RIGHT OF WAY,10TH ST & FESS,39.171664,-86.52576
2005,4,1,Weekend,1000,2-Car,No injury/unknown,IMPROPER TURNING,10TH & COLLEGE AVE,39.17166164,-86.534768
2005,10,5,Weekday,1400,2-Car,Non-incapacitating,OTHER (DRIVER) - EXPLAIN IN NARRATIVE,10TH ST & PARK,39.17164948,-86.52471438
2005,10,1,Weekend,1000,1-Car,Non-incapacitating,SPEED TOO FAST FOR WEATHER CONDITIONS,10TH ST & JEFFERSON,39.17164801,-86.50673335
2005,3,7,Weekend,300,1-Car,No injury/unknown,ALCOHOLIC BEVERAGES,10TH ST & JEFFERSON,39.171648,-86.50699934
2005,9,3,Weekday,2100,2-Car,No injury/unknown,DISREGARD SIGNAL/REG SIGN,10TH & SR45 46,39.171648,-86.502096
2005,11,5,Weekday,1000,2-Car,Non-incapacitating,FAILURE TO YIELD RIGHT OF WAY,10TH & SR46,39.171648,-86.502096
2005,1,6,Weekday,1300,1-Car,No injury/unknown,OTHER (ENVIRONMENTAL) - EXPLAIN IN NARR,JEFFERSON & TENTH ST,39.171648,-86.507088
2005,1,3,Weekday,1300,2-Car,Non-incapacitating,FAILURE TO YIELD RIGHT OF WAY,10TH ST & PARK,39.171648,-86.524608
2005,4,6,Weekday,1700,1-Car,No injury/unknown,OVERCORRECTING/OVERSTEERING,10TH ST & JEFFERSON,39.171648,-86.507088
2005,2,3,Weekday,1700,2-Car,No injury/unknown,OTHER (DRIVER) - EXPLAIN IN NARRATIVE,10TH & 10TH ST,39.171648,-86.50293407
2005,1,7,Weekend,100,1-Car,No injury/unknown,OVERCORRECTING/OVERSTEERING,10TH ST & JEFFERSON,39.171648,-86.507088
2005,2,5,Weekday,1700,1-Car,No injury/unknown,OTHER (DRIVER) - EXPLAIN IN NARRATIVE,10TH ST & TULIP TREE,39.171648,-86.50435515
2005,9,2,Weekday,1700,2-Car,Non-incapacitating,FAILURE TO YIELD RIGHT OF WAY,10TH ST & PARK,39.171648,-86.524608
2005,5,7,Weekend,1400,2-Car,No injury/unknown,OTHER (DRIVER) - EXPLAIN IN NARRATIVE,10TH ST & BYPASS,39.171648,-86.50280654
2005,9,5,Weekday,2200,2-Car,No injury/unknown,OTHER (DRIVER) - EXPLAIN IN NARRATIVE,10TH & SR45 46,39.171648,-86.502096
2005,6,2,Weekday,1200,2-Car,No injury/unknown,OTHER (DRIVER) - EXPLAIN IN NARRATIVE,BLMGTN CYCLERY & E 10TH ST,39.171648,-86.50389968
2005,4,6,Weekday,1400,2-Car,No injury/unknown,FAILURE TO YIELD RIGHT OF WAY,10TH ST & PARK,39.171648,-86.524608
2005,6,6,Weekday,1500,2-Car,Non-incapacitating,UNSAFE SPEED,10TH & SR45 46,39.171648,-86.502096
2005,5,3,Weekday,1500,2-Car,No injury/unknown,IMPROPER TURNING,10TH & 10TH ST,39.171648,-86.50435515
2005,11,4,Weekday,1700,2-Car,Non-incapacitating,FAILURE TO YIELD RIGHT OF WAY,10TH & JEFFERSON,39.171648,-86.507088
2005,7,2,Weekday,1600,2-Car,No injury/unknown,FOLLOWING TOO CLOSELY,E 10TH ST & N JEFFERSON,39.171648,-86.507088
2005,4,5,Weekday,1900,2-Car,No injury/unknown,FOLLOWING TOO CLOSELY,10TH ST & PARK,39.17164747,-86.52457254
2005,8,4,Weekday,1000,2-Car,No injury/unknown,UNSAFE SPEED,10TH ST & PARK,39.17164483,-86.52439525
2005,8,6,Weekday,1600,2-Car,No injury/unknown,FAILURE TO YIELD RIGHT OF WAY,SR45 & SR46,39.17164436,-86.50191874
2005,8,4,Weekday,1700,2-Car,No injury/unknown,FAILURE TO YIELD RIGHT OF WAY,10TH & COLLEGE AVE,39.17163418,-86.534768
2005,7,3,Weekday,1700,2-Car,No injury/unknown,FAILURE TO YIELD RIGHT OF WAY,10TH ST & WOODLAWN,39.171632,-86.523536
2005,9,1,Weekend,1700,2-Car,No injury/unknown,FOLLOWING TOO CLOSELY,10TH ST & WOODLAWN,39.171632,-86.523536
2005,9,1,Weekend,1800,1-Car,Non-incapacitating,FAILURE TO YIELD RIGHT OF WAY,10TH & WOODLAWN AVE,39.171632,-86.523536
2005,2,6,Weekday,1300,2-Car,No injury/unknown,DISREGARD SIGNAL/REG SIGN,10TH ST & WOODLAWN,39.171632,-86.523536
2005,2,6,Weekday,1500,2-Car,No injury/unknown,OVERCORRECTING/OVERSTEERING,10TH & WOODLAWN AVE,39.171632,-86.523536
2005,12,5,Weekday,1400,3+ Cars,Non-incapacitating,FOLLOWING TOO CLOSELY,10TH ST & WOODLAWN,39.171632,-86.523536
2005,1,5,Weekday,2200,2-Car,No injury/unknown,ROADWAY SURFACE CONDITION,10TH ST & WOODLAWN,39.171632,-86.523536
2005,8,2,Weekday,1500,2-Car,No injury/unknown,IMPROPER PASSING,10TH ST & WOODLAWN,39.171632,-86.523536
2005,11,2,Weekday,1900,2-Car,No injury/unknown,FAILURE TO YIELD RIGHT OF WAY,10TH ST & WOODLAWN,39.171632,-86.523536
2005,4,2,Weekday,1300,2-Car,No injury/unknown,FAILURE TO YIELD RIGHT OF WAY,10TH ST & 600 WOODLAWN,39.171632,-86.523536
2005,3,5,Weekday,1600,2-Car,No injury/unknown,FAILURE TO YIELD RIGHT OF WAY,10TH ST & WOODLAWN,39.171632,-86.523536
2005,2,6,Weekday,1300,3+ Cars,No injury/unknown,OTHER (DRIVER) - EXPLAIN IN NARRATIVE,TENTH ST & WOODLAWN,39.171632,-86.523536
2005,4,6,Weekday,200,1-Car,No injury/unknown,ALCOHOLIC BEVERAGES,DUNN ST & SMITH,39.17163065,-86.528495
2005,7,6,Weekday,1600,1-Car,Non-incapacitating,PEDESTRIAN ACTION,10TH & SMITH RD,39.17162217,-86.48129807
2005,12,7,Weekend,400,1-Car,No injury/unknown,ALCOHOLIC BEVERAGES,10TH ST & JEFFERSON,39.17162055,-86.507088
2005,11,6,Weekday,1500,2-Car,No injury/unknown,OTHER (DRIVER) - EXPLAIN IN NARRATIVE,E 10TH ST & RANGE,39.1716193,-86.50069948
2005,10,5,Weekday,1500,2-Car,No injury/unknown,UNSAFE BACKING,10TH & FORREST AVE,39.171616,-86.5224
2005,9,6,Weekday,1500,2-Car,No injury/unknown,FOLLOWING TOO CLOSELY,10TH ST & FORREST,39.171616,-86.5224
2005,11,3,Weekday,1700,2-Car,Non-incapacitating,FOLLOWING TOO CLOSELY,10TH ST & FORREST,39.171616,-86.5224
2005,4,3,Weekday,1500,3+ Cars,Non-incapacitating,FOLLOWING TOO CLOSELY,10TH ST & FORREST,39.171616,-86.5224
2005,1,6,Weekday,1100,3+ Cars,No injury/unknown,UNSAFE BACKING,10TH ST & SR45 46,39.17160835,-86.50016626
2005,5,3,Weekday,1500,2-Car,No injury/unknown,NONE (DRIVER),10TH ST,39.17160835,-86.50016626
2005,9,5,Weekday,300,2-Car,No injury/unknown,RAN OFF ROAD RIGHT,10TH & COLLEGE AVE,39.17160672,-86.534768
2005,1,3,Weekday,1600,3+ Cars,No injury/unknown,FOLLOWING TOO CLOSELY,10TH ST & WALNUT,39.17160038,-86.52093146
2005,2,4,Weekday,2100,3+ Cars,No injury/unknown,FOLLOWING TOO CLOSELY,10TH ST & WALNUT,39.17160019,-86.52091373
2005,11,2,Weekday,1800,3+ Cars,No injury/unknown,FOLLOWING TOO CLOSELY,10TH ST & WALNUT GROVE,39.1716,-86.520896
2005,11,5,Weekday,1200,2-Car,Non-incapacitating,DRIVER DISTRACTED - EXPLAIN IN NARRATIVE,10TH ST & SR 46,39.1716,-86.50509641
2005,9,4,Weekday,2000,2-Car,No injury/unknown,FOLLOWING TOO CLOSELY,10TH ST & WALNUT GROVE,39.1716,-86.522399
2005,11,4,Weekday,1200,2-Car,No injury/unknown,FAILURE TO YIELD RIGHT OF WAY,EAST TENTH & FEE,39.1716,-86.520097
2005,9,7,Weekend,1900,2-Car,No injury/unknown,OTHER (DRIVER) - EXPLAIN IN NARRATIVE,10TH ST & UNION,39.1716,-86.51048924
2005,12,4,Weekday,1900,2-Car,No injury/unknown,DRIVER DISTRACTED - EXPLAIN IN NARRATIVE,E 10TH ST & N PARK,39.1716,-86.525797
2005,12,2,Weekday,1000,2-Car,No injury/unknown,DRIVER DISTRACTED - EXPLAIN IN NARRATIVE,E TENTH ST & WALNUT GROVE,39.1716,-86.520896
2005,4,3,Weekday,1700,2-Car,No injury/unknown,FOLLOWING TOO CLOSELY,TENTH ST & WALNUT GROVE,39.1716,-86.520896
2005,8,5,Weekday,1500,2-Car,No injury/unknown,FOLLOWING TOO CLOSELY,10TH ST & WALNUT GROVE,39.1716,-86.520896
2005,4,1,Weekday,2000,2-Car,No injury/unknown,FAILURE TO YIELD RIGHT OF WAY,10TH ST & SUNRISE,39.1716,-86.513894
2005,6,6,Weekday,900,1-Car,No injury/unknown,OTHER (DRIVER) - EXPLAIN IN NARRATIVE,10TH & SUNRISE,39.1716,-86.5138767
2005,9,4,Weekday,2000,2-Car,No injury/unknown,FOLLOWING TOO CLOSELY,10TH & CAMPBELL,39.1716,-86.515599
2005,8,3,Weekday,1500,2-Car,No injury/unknown,FOLLOWING TOO CLOSELY,10TH ST & SUNRISE,39.1716,-86.51390179
2005,6,4,Weekday,1200,2-Car,No injury/unknown,OTHER (DRIVER) - EXPLAIN IN NARRATIVE,SUNRISE & TENTH ST,39.1716,-86.51388967
2005,6,4,Weekday,1300,2-Car,No injury/unknown,OTHER (DRIVER) - EXPLAIN IN NARRATIVE,CAMPBELL & TENTH ST,39.1716,-86.51559251
2005,12,4,Weekday,1300,2-Car,No injury/unknown,OTHER (DRIVER) - EXPLAIN IN NARRATIVE,10TH & INDIANA AVE,39.17159765,-86.52702168
2005,2,5,Weekday,1400,2-Car,No injury/unknown,OTHER (DRIVER) - EXPLAIN IN NARRATIVE,10TH & WOODLAWN AVE,39.17159084,-86.52353418
2005,5,5,Weekday,1400,2-Car,Non-incapacitating,FOLLOWING TOO CLOSELY,10TH ST & FEE,39.17158452,-86.51875893
2005,11,6,Weekend,2200,2-Car,No injury/unknown,FAILURE TO YIELD RIGHT OF WAY,10TH ST & FEE,39.17158426,-86.51872346
2005,8,3,Weekday,800,2-Car,No injury/unknown,UNSAFE SPEED,11TH ST & FEE,39.171584,-86.518688
2005,12,6,Weekday,1500,2-Car,No injury/unknown,UNSAFE BACKING,11TH ST & FEE,39.171584,-86.518688
2005,6,3,Weekday,1300,2-Car,No injury/unknown,FAILURE TO YIELD RIGHT OF WAY,11TH & FEE LN,39.171584,-86.518688
2005,10,2,Weekday,1500,2-Car,No injury/unknown,DISREGARD SIGNAL/REG SIGN,10TH ST & FEE,39.171584,-86.518688
2005,8,7,Weekend,0,2-Car,No injury/unknown,FAILURE TO YIELD RIGHT OF WAY,10TH ST & FEE,39.171584,-86.518688
2005,10,6,Weekday,1500,2-Car,No injury/unknown,FAILURE TO YIELD RIGHT OF WAY,11TH & FEE LN,39.171584,-86.518688
2005,4,5,Weekday,1400,3+ Cars,Non-incapacitating,UNSAFE SPEED,11TH & FEE,39.171584,-86.518688
2005,3,5,Weekday,1800,3+ Cars,Non-incapacitating,FOLLOWING TOO CLOSELY,10TH ST & FEE,39.171584,-86.518688
2005,3,3,Weekday,2100,3+ Cars,Non-incapacitating,FOLLOWING TOO CLOSELY,10TH ST & FEE,39.171584,-86.518688
2005,3,1,Weekend,0,2-Car,No injury/unknown,,10TH & DUNN ST,39.17158391,-86.52825465
2005,5,3,Weekday,1800,3+ Cars,No injury/unknown,FOLLOWING TOO CLOSELY,10TH ST & FEE,39.17158055,-86.51836885
2005,9,1,Weekday,1900,2-Car,No injury/unknown,UNSAFE BACKING,10TH ST & STADIUM,39.17157747,-86.51808392
2005,9,6,Weekday,1400,2-Car,No injury/unknown,FOLLOWING TOO CLOSELY,10TH & WOODLAWN AVE,39.1715634,-86.52353297
2005,9,5,Weekday,2200,2-Car,No injury/unknown,IMPROPER TURNING,2711 10TH & SR45,39.17155495,-86.50216018
2005,11,6,Weekend,1900,2-Car,No injury/unknown,OTHER (DRIVER) - EXPLAIN IN NARRATIVE,10TH ST & JORDAN,39.171552,-86.515728
2005,9,3,Weekday,1100,1-Car,Non-incapacitating,PEDESTRIAN ACTION,10TH & JORDAN AVE,39.171552,-86.515728
2005,11,6,Weekday,1500,2-Car,No injury/unknown,FOLLOWING TOO CLOSELY,10TH & JORDAN AVE,39.171552,-86.515728
2005,7,3,Weekday,900,2-Car,No injury/unknown,NONE (DRIVER),JORDAN & TENTH ST,39.171552,-86.515728
2005,12,4,Weekday,2000,1-Car,Non-incapacitating,FAILURE TO YIELD RIGHT OF WAY,10TH ST & JORDAN,39.171552,-86.515728
2005,9,2,Weekday,1300,Bus,No injury/unknown,FOLLOWING TOO CLOSELY,10TH & JORDAN,39.171552,-86.515728
2005,11,3,Weekday,1900,2-Car,No injury/unknown,FOLLOWING TOO CLOSELY,E 10TH ST & JORDAN,39.171552,-86.515728
2005,12,2,Weekday,1000,Bus,No injury/unknown,IMPROPER TURNING,10TH & JORDAN AVE,39.171552,-86.515728
2005,6,2,Weekday,900,2-Car,No injury/unknown,FOLLOWING TOO CLOSELY,10TH ST & JORDAN,39.171552,-86.515728
2005,1,1,Weekend,1200,2-Car,No injury/unknown,FOLLOWING TOO CLOSELY,10TH ST & JORDAN,39.171552,-86.515728
2005,12,2,Weekday,2200,2-Car,No injury/unknown,FAILURE TO YIELD RIGHT OF WAY,JORDAN AVE & TENTH,39.171552,-86.515728
2005,7,3,Weekday,1300,2-Car,Non-incapacitating,UNSAFE SPEED,10TH ST & JORDAN,39.171552,-86.515728
2005,3,3,Weekday,1100,2-Car,Non-incapacitating,FOLLOWING TOO CLOSELY,10TH ST & NO JORDAN,39.171552,-86.515728
2005,5,7,Weekend,1500,2-Car,No injury/unknown,FOLLOWING TOO CLOSELY,10TH ST & JORDAN,39.171552,-86.515728
2005,2,4,Weekday,1600,2-Car,No injury/unknown,FOLLOWING TOO CLOSELY,10TH ST & JORDAN,39.171552,-86.515728
2005,5,5,Weekday,,2-Car,Non-incapacitating,DRIVER DISTRACTED - EXPLAIN IN NARRATIVE,10TH ST & JORDAN,39.171552,-86.515728
2005,4,5,Weekday,2100,2-Car,No injury/unknown,FAILURE TO YIELD RIGHT OF WAY,10TH ST & JORDAN,39.171552,-86.515728
2005,4,6,Weekday,1800,2-Car,No injury/unknown,TRAFFIC CONTROL INOPERATIVE/MISSING/OBSC,10TH ST & JORDAN,39.171552,-86.515728
2005,4,4,Weekday,1600,2-Car,No injury/unknown,FAILURE TO YIELD RIGHT OF WAY,JORDAN AVE,39.171552,-86.515728
2005,2,3,Weekday,1900,2-Car,No injury/unknown,FOLLOWING TOO CLOSELY,10TH ST & JORDAN,39.171552,-86.515728
2005,7,1,Weekend,1100,2-Car,No injury/unknown,IMPROPER TURNING,10TH & COLLEGE AVE,39.17155181,-86.534768
2005,9,1,Weekday,1900,1-Car,No injury/unknown,HOLES/RUTS IN SURFACE,10TH ST & JORDAN,39.17155151,-86.51569254
2005,11,4,Weekday,1700,2-Car,No injury/unknown,FOLLOWING TOO CLOSELY,10TH ST & JORDAN,39.17155101,-86.51565708
2005,9,6,Weekday,1300,3+ Cars,Non-incapacitating,UNSAFE SPEED,10TH ST & JORDAN,39.17155002,-86.51558616
2005,11,4,Weekday,1800,3+ Cars,No injury/unknown,LEFT OF CENTER,10TH ST & JORDAN,39.17154459,-86.51519611
2005,10,3,Weekday,2000,1-Car,No injury/unknown,DISREGARD SIGNAL/REG SIGN,10TH ST & JEFFERSON,39.17151072,-86.507088
2005,10,6,Weekend,2100,2-Car,No injury/unknown,OTHER (DRIVER) - EXPLAIN IN NARRATIVE,10TH & WOODLAWN AVE,39.17150852,-86.52353055
2005,9,6,Weekday,1600,2-Car,No injury/unknown,FOLLOWING TOO CLOSELY,10TH ST & PETE ELLIS,39.171504,-86.4946027
2005,8,7,Weekend,900,2-Car,No injury/unknown,FAILURE TO YIELD RIGHT OF WAY,10TH ST & JOHN HINKLE,39.171504,-86.49296
2005,9,1,Weekday,2200,2-Car,No injury/unknown,FAILURE TO YIELD RIGHT OF WAY,PETE ELLIS & SR45,39.171504,-86.495312
2005,7,5,Weekday,1200,3+ Cars,Non-incapacitating,FAILURE TO YIELD RIGHT OF WAY,10TH ST & JOHN HINKLE,39.171504,-86.49296
2005,7,6,Weekday,1300,2-Car,No injury/unknown,IMPROPER LANE USAGE,10TH ST & RANGE,39.171504,-86.49513468
2005,7,2,Weekday,1600,3+ Cars,Non-incapacitating,FAILURE TO YIELD RIGHT OF WAY,10TH ST & PETE ELLIS,39.171504,-86.495312
2005,7,2,Weekday,1300,2-Car,No injury/unknown,FAILURE TO YIELD RIGHT OF WAY,10TH ST & PETE ELLIS,39.171504,-86.49513468
2005,7,5,Weekday,900,2-Car,No injury/unknown,FAILURE TO YIELD RIGHT OF WAY,10TH ST & PETE ELLIS,39.171504,-86.495312