Year,Month,Day,Weekend?,Hour,Collision Type,Injury Type,Primary Factor,Reported_Location,Latitude,Longitude
2005,7,1,Weekend,1300,2-Car,No injury/unknown,OTHER (DRIVER) - EXPLAIN IN NARRATIVE,10TH ST & PETE ELLIS,39.171504,-86.495312
2005,10,2,Weekday,1000,2-Car,No injury/unknown,UNSAFE BACKING,E 10TH ST & PETE ELLIS,39.171504,-86.495312
2005,3,6,Weekday,1800,1-Car,No injury/unknown,OTHER (DRIVER) - EXPLAIN IN NARRATIVE,10TH ST,39.171504,-86.49509867
2005,1,3,Weekday,1500,2-Car,No injury/unknown,FOLLOWING TOO CLOSELY,10TH ST & RANGE,39.171504,-86.495312
2005,1,5,Weekday,900,3+ Cars,Non-incapacitating,FAILURE TO YIELD RIGHT OF WAY,10TH ST & JOHN HINKLE,39.171504,-86.49296
2005,5,2,Weekday,1700,2-Car,Non-incapacitating,UNSAFE SPEED,PETE ELLIS & SR45N,39.171504,-86.495312
2005,2,4,Weekday,2000,2-Car,Non-incapacitating,FAILURE TO YIELD RIGHT OF WAY,10TH & JORDAN AVE,39.17149729,-86.51573404
2005,10,2,Weekday,1700,2-Car,No injury/unknown,FAILURE TO YIELD RIGHT OF WAY,10TH ST & UNION,39.1714837,-86.51043984
2005,12,5,Weekday,1500,2-Car,No injury/unknown,FAILURE TO YIELD RIGHT OF WAY,10TH ST & UNION,39.17148175,-86.51026253
2005,9,5,Weekday,0,2-Car,No injury/unknown,UNSAFE SPEED,10TH & E 10TH ST,39.1714793,-86.51004048
2005,6,5,Weekday,1700,2-Car,No injury/unknown,FAILURE TO YIELD RIGHT OF WAY,10TH ST & UNION,39.17147785,-86.50990792
2005,6,6,,,2-Car,No injury/unknown,FOLLOWING TOO CLOSELY,10TH ST & UNION,39.17147493,-86.50964196
2005,5,7,Weekend,1400,2-Car,No injury/unknown,UNSAFE SPEED,10TH ST & UNION,39.17147317,-86.50948238
2005,10,3,Weekday,800,2-Car,No injury/unknown,FAILURE TO YIELD RIGHT OF WAY,10TH & UNIVERSITY SCHOOL,39.171472,-86.509376
2005,12,7,Weekend,2200,2-Car,No injury/unknown,FAILURE TO YIELD RIGHT OF WAY,10TH ST & UNION,39.171472,-86.509376
2005,11,5,Weekday,1200,2-Car,No injury/unknown,FAILURE TO YIELD RIGHT OF WAY,EAST TENTH ST & TENTH AND UNION,39.171472,-86.509376
2005,12,2,Weekday,1500,2-Car,No injury/unknown,UNSAFE BACKING,10TH & 10TH ST,39.171472,-86.509376
2005,4,4,Weekday,1300,2-Car,No injury/unknown,FAILURE TO YIELD RIGHT OF WAY,10TH & UNION ST,39.171472,-86.509376
2005,4,4,Weekday,1100,2-Car,No injury/unknown,UNSAFE BACKING,10TH ST & TENTH,39.171472,-86.509376
2005,2,4,Weekday,1700,Bus,No injury/unknown,OTHER (DRIVER) - EXPLAIN IN NARRATIVE,10TH & UNION ST,39.171472,-86.509376
2005,11,7,Weekend,1400,2-Car,Non-incapacitating,FAILURE TO YIELD RIGHT OF WAY,SR45,39.17146957,-86.49534365
2005,8,5,Weekday,1400,2-Car,No injury/unknown,IMPROPER TURNING,10TH & COLLEGE AVE,39.17146945,-86.534768
2005,11,3,Weekday,1400,2-Car,No injury/unknown,FAILURE TO YIELD RIGHT OF WAY,10TH & COLLEGE AVE,39.17146945,-86.534768
2005,10,7,Weekend,2100,2-Car,Non-incapacitating,FAILURE TO YIELD RIGHT OF WAY,10TH ST,39.171376,-86.548696
2005,1,3,Weekday,800,3+ Cars,No injury/unknown,SPEED TOO FAST FOR WEATHER CONDITIONS,10TH ST,39.171376,-86.548696
2005,4,6,Weekday,1000,2-Car,No injury/unknown,OTHER (DRIVER) - EXPLAIN IN NARRATIVE,BLKN COLLEGE & W 10TH,39.171376,-86.548696
2005,4,1,Weekend,1600,2-Car,No injury/unknown,,TENTH ST,39.171376,-86.548696
2005,11,4,Weekday,1900,2-Car,No injury/unknown,IMPROPER PASSING,10TH ST,39.171376,-86.548696
2005,1,3,Weekday,1700,2-Car,No injury/unknown,FAILURE TO YIELD RIGHT OF WAY,10TH & JORDAN AVE,39.17133316,-86.51575217
2005,8,3,Weekday,700,2-Car,No injury/unknown,LEFT OF CENTER,10TH & SMITH RD,39.171248,-86.481328
2005,12,5,Weekday,1800,2-Car,No injury/unknown,FOLLOWING TOO CLOSELY,EAST GATE & SR46,39.17123626,-86.50147033
2005,9,4,Weekday,2000,2-Car,Non-incapacitating,IMPROPER PASSING,10TH & UNION ST,39.17119748,-86.50937067
2005,5,7,Weekend,1100,1-Car,No injury/unknown,RAN OFF ROAD RIGHT,10TH & INDIANA AVE,39.17113103,-86.52700854
2005,3,7,Weekend,2300,1-Car,No injury/unknown,ANIMAL/OBJECT IN ROADWAY,10TH & ADAMS ST,39.17097345,-86.549696
2005,8,5,Weekday,1200,2-Car,No injury/unknown,,E 1ST & S WALNUT,39.17096033,-86.53353045
2005,5,2,Weekday,1200,2-Car,No injury/unknown,OTHER (DRIVER) - EXPLAIN IN NARRATIVE,WALNUT,39.17096033,-86.53353045
2005,4,4,Weekday,1300,2-Car,No injury/unknown,BRAKE FAILURE OR DEFECTIVE,ENTRANCE TO 1804 & W VERNAL PIKE,39.170912,-86.551328
2005,9,5,Weekday,900,1-Car,No injury/unknown,RAN OFF ROAD RIGHT,10TH & COLLEGE AVE,39.17088686,-86.534768
2005,12,6,Weekday,1200,2-Car,Non-incapacitating,FAILURE TO YIELD RIGHT OF WAY,COLLEGE AVE,39.17088686,-86.534768
2005,12,7,Weekend,1300,2-Car,No injury/unknown,OTHER (DRIVER) - EXPLAIN IN NARRATIVE,9TH & GRANT,39.17081855,-86.529696
2005,10,1,Weekday,2200,2-Car,No injury/unknown,IMPROPER LANE USAGE,E 9TH & N LINCOLN,39.17075853,-86.530992
2005,6,4,Weekday,900,2-Car,No injury/unknown,UNSAFE BACKING,9TH & MORTON ST,39.17074991,-86.536
2005,8,2,Weekday,2200,2-Car,No injury/unknown,OTHER (DRIVER) - EXPLAIN IN NARRATIVE,9TH & WOODLAWN AVE,39.17074979,-86.52349708
2005,12,5,Weekday,1600,2-Car,No injury/unknown,ROADWAY SURFACE CONDITION,10TH & JORDAN AVE,39.17073134,-86.51581863
2005,11,6,Weekday,1100,2-Car,No injury/unknown,FAILURE TO YIELD RIGHT OF WAY,JOHN HINKLE PL & PETE ELLIS,39.17072,-86.4956
2005,4,3,Weekday,1000,2-Car,No injury/unknown,FOLLOWING TOO CLOSELY,JOHN HINKLE & PETE ELLIS,39.17072,-86.4956
2005,6,2,Weekday,2100,Moped/Motorcycle,Non-incapacitating,IMPROPER PASSING,JOHN MWKLE & PETE ELLIS DR,39.17072,-86.4956
2005,5,6,Weekday,300,1-Car,Non-incapacitating,ALCOHOLIC BEVERAGES,JOHN HINKLE PL & PETE ELLIS,39.1707035,-86.49506846
2005,11,1,Weekend,1100,2-Car,No injury/unknown,UNSAFE BACKING,JACOB DR,39.170648,-86.572352
2005,2,7,Weekend,1200,2-Car,Non-incapacitating,FAILURE TO YIELD RIGHT OF WAY,SR43 & SR48,39.17064,-86.680896
2005,1,5,Weekday,1700,2-Car,No injury/unknown,UNSAFE BACKING,CLARIZ BLVD,39.17064,-86.504896
2005,9,3,Weekday,1900,2-Car,No injury/unknown,OTHER (DRIVER) - EXPLAIN IN NARRATIVE,CLARIZZ BLVD,39.17064,-86.504896
2005,12,2,Weekday,1400,2-Car,No injury/unknown,UNSAFE BACKING,CLARIZZ BLVD,39.17064,-86.504896
2005,4,6,Weekday,0,2-Car,No injury/unknown,OTHER (DRIVER) - EXPLAIN IN NARRATIVE,CLARIZZ & CLARIZZ BLVD,39.17064,-86.504896
2005,6,7,Weekend,1700,2-Car,No injury/unknown,UNSAFE BACKING,7TH & FORREST AVE,39.1706151,-86.522299
2005,3,6,Weekday,1500,2-Car,Non-incapacitating,FOLLOWING TOO CLOSELY,3RD & N CURRY,39.17058832,-86.582995
2005,10,7,Weekend,1100,2-Car,No injury/unknown,UNSAFE BACKING,6TH & COLLEGE AVE,39.17058288,-86.534768
2005,3,3,Weekday,1300,2-Car,No injury/unknown,FAILURE TO YIELD RIGHT OF WAY,9TH ST & COLLEGE,39.170544,-86.53450202
2005,9,6,Weekday,1700,3+ Cars,Non-incapacitating,FAILURE TO YIELD RIGHT OF WAY,9TH & INDIANA AVE,39.170544,-86.526992
2005,8,7,Weekend,1600,2-Car,No injury/unknown,IMPROPER TURNING,9TH & COLLEGE AVE,39.170544,-86.534768
2005,8,3,Weekday,1800,2-Car,No injury/unknown,UNSAFE BACKING,MORTON,39.170544,-86.536
2005,10,5,Weekday,1000,2-Car,No injury/unknown,IMPROPER TURNING,9TH & N COLLEGE AVE,39.170544,-86.534768
2005,9,7,Weekend,2200,Bus,No injury/unknown,IMPROPER TURNING,9TH ST & WASHINGTON,39.170544,-86.5324
2005,9,6,Weekday,1400,2-Car,No injury/unknown,FAILURE TO YIELD RIGHT OF WAY,9TH & COLLEGE AVE,39.170544,-86.534768
2005,4,2,Weekday,900,2-Car,No injury/unknown,UNSAFE BACKING,9TH ST & INDIANA,39.170544,-86.526992
2005,7,6,Weekday,1400,2-Car,Non-incapacitating,UNSAFE BACKING,9TH & WALNUT,39.170544,-86.533536
2005,5,6,Weekend,2000,1-Car,No injury/unknown,,9TH & COLLEGE,39.170544,-86.534768
2005,2,7,Weekend,1800,2-Car,No injury/unknown,UNSAFE BACKING,COLLEGE AVE,39.170544,-86.534768
2005,5,6,Weekday,1600,2-Car,No injury/unknown,FAILURE TO YIELD RIGHT OF WAY,9TH & GRANT,39.170544,-86.529696
2005,5,7,Weekend,1300,2-Car,No injury/unknown,OTHER (DRIVER) - EXPLAIN IN NARRATIVE,600 10TH & INDIANA AVE,39.170544,-86.526992
2005,4,3,Weekday,1700,2-Car,No injury/unknown,FAILURE TO YIELD RIGHT OF WAY,9TH ST & INDIANA,39.170544,-86.526992
2005,1,6,Weekday,1400,2-Car,Non-incapacitating,FAILURE TO YIELD RIGHT OF WAY,9TH & INDIANA AVE,39.170544,-86.526992
2005,11,7,Weekend,1400,2-Car,No injury/unknown,FAILURE TO YIELD RIGHT OF WAY,9TH & WASHINGTON ST,39.170544,-86.5324
2005,11,4,Weekday,1000,2-Car,No injury/unknown,FAILURE TO YIELD RIGHT OF WAY,9TH & COLLEGE AVE,39.170544,-86.534768
2005,1,2,Weekday,1400,2-Car,No injury/unknown,FAILURE TO YIELD RIGHT OF WAY,BLOOMFIELD & LANDMARK AVE,39.17051339,-86.55379641
2005,4,6,Weekday,1700,2-Car,No injury/unknown,FAILURE TO YIELD RIGHT OF WAY,9TH & COLLEGE AVE,39.17050282,-86.53476866
2005,9,7,Weekend,2200,2-Car,No injury/unknown,IMPROPER TURNING,9TH & COLLEGE AVE,39.17048909,-86.53476889
2005,10,6,Weekday,1800,2-Car,No injury/unknown,FAILURE TO YIELD RIGHT OF WAY,9TH & COLLEGE AVE,39.17046164,-86.53476933
2005,7,6,Weekday,1600,2-Car,No injury/unknown,RAN OFF ROAD RIGHT,9TH ST & MAPLE,39.170448,-86.542096
2005,10,2,Weekday,1100,2-Car,No injury/unknown,UNSAFE BACKING,9TH & MORTON,39.17044791,-86.536
2005,1,5,Weekday,1800,1-Car,Non-incapacitating,ANIMAL/OBJECT IN ROADWAY,SR43 & SR48,39.17041911,-86.67736105
2005,5,4,Weekday,1600,1-Car,No injury/unknown,IMPROPER TURNING,SR43 & SR48,39.17026691,-86.68184427
2005,1,7,Weekend,800,2-Car,No injury/unknown,FOLLOWING TOO CLOSELY,EASTGATE & SR45 46,39.17024,-86.501392
2005,8,4,Weekday,1200,2-Car,Non-incapacitating,FOLLOWING TOO CLOSELY,EASTGATE & SR45,39.17024,-86.501392
2005,7,3,Weekday,1300,1-Car,No injury/unknown,OTHER (DRIVER) - EXPLAIN IN NARRATIVE,EASTGATE & SR45,39.17024,-86.501392
2005,9,7,Weekend,1200,2-Car,Non-incapacitating,FOLLOWING TOO CLOSELY,EASTGATE & SR45 46,39.17024,-86.501392
2005,2,6,Weekday,1700,2-Car,No injury/unknown,FOLLOWING TOO CLOSELY,EASTGATE & SR45 46,39.17024,-86.501392
2005,1,1,Weekday,2000,1-Car,No injury/unknown,ROADWAY SURFACE CONDITION,EASTGATE LN & SR45 46,39.17024,-86.501392
2005,11,6,Weekday,1300,2-Car,No injury/unknown,UNSAFE BACKING,EASTGATE & SR 45,39.17024,-86.501392
2005,11,2,Weekday,1300,2-Car,No injury/unknown,FOLLOWING TOO CLOSELY,EASTGATE & SR46E,39.17024,-86.501392
2005,9,3,Weekday,1900,2-Car,No injury/unknown,IMPROPER LANE USAGE,JORDAN & JORDAN AVE,39.17013209,-86.5158848
2005,4,5,Weekday,1700,2-Car,No injury/unknown,IMPROPER TURNING,8TH & PARK ST,39.17011693,-86.524546
2005,2,5,Weekday,1300,2-Car,No injury/unknown,,GATES DR,39.170095,-86.576399
2005,6,4,Weekday,1700,2-Car,No injury/unknown,UNSAFE BACKING,GATES DR,39.170095,-86.576399
2005,10,3,Weekday,700,2-Car,No injury/unknown,DRIVER DISTRACTED - EXPLAIN IN NARRATIVE,GATES DR,39.170095,-86.576399
2005,5,1,Weekend,1300,2-Car,No injury/unknown,DRIVER DISTRACTED - EXPLAIN IN NARRATIVE,GATES DR,39.170095,-86.576399
2005,9,1,Weekend,1500,2-Car,No injury/unknown,OTHER (DRIVER) - EXPLAIN IN NARRATIVE,GATES DR,39.170095,-86.576399
2005,5,2,Weekday,1100,2-Car,No injury/unknown,OTHER (DRIVER) - EXPLAIN IN NARRATIVE,GATES DR,39.170095,-86.576399
2005,10,3,Weekday,,2-Car,No injury/unknown,OTHER (DRIVER) - EXPLAIN IN NARRATIVE,GATES DR,39.170095,-86.576399
2005,11,7,Weekend,800,2-Car,No injury/unknown,DRIVER ASLEEP OR FATIGUED,GATES,39.170095,-86.576399
2005,11,4,Weekday,1300,2-Car,No injury/unknown,OTHER (DRIVER) - EXPLAIN IN NARRATIVE,N GATES DR,39.170095,-86.576399
2005,12,3,Weekday,800,3+ Cars,No injury/unknown,SPEED TOO FAST FOR WEATHER CONDITIONS,DANIELS & ZENITH DR,39.17009329,-86.59829509
2005,12,4,Weekday,900,2-Car,No injury/unknown,OTHER (DRIVER) - EXPLAIN IN NARRATIVE,CLARIZZ BLVD,39.170056,-86.50488
2005,8,7,Weekend,1600,2-Car,No injury/unknown,IMPROPER LANE USAGE,9TH & WOODLAWN AVE,39.1699569,-86.52345959
2005,11,2,Weekday,700,2-Car,No injury/unknown,FAILURE TO YIELD RIGHT OF WAY,HENDRSON ST & THORNTON,39.16993935,-86.526899
2005,10,3,Weekday,700,2-Car,No injury/unknown,FAILURE TO YIELD RIGHT OF WAY,ADAMS ST & VERNAL,39.16984,-86.549696
2005,1,3,Weekday,800,2-Car,Non-incapacitating,FAILURE TO YIELD RIGHT OF WAY,ADAMS ST & VERNAL,39.16984,-86.549696
2005,2,6,Weekday,300,1-Car,No injury/unknown,SPEED TOO FAST FOR WEATHER CONDITIONS,7TH & JORDAN AVE,39.16976466,-86.51592538
2005,6,7,Weekend,1300,1-Car,No injury/unknown,OTHER (DRIVER) - EXPLAIN IN NARRATIVE,ADAMS ST & VERNAL,39.16975781,-86.54968915
2005,12,2,Weekday,2100,2-Car,No injury/unknown,OTHER (DRIVER) - EXPLAIN IN NARRATIVE,8TH & COLLEGE AVE,39.16974417,-86.5347809
2005,2,2,Weekday,1600,2-Car,No injury/unknown,OTHER (DRIVER) - EXPLAIN IN NARRATIVE,8TH & CLARK,39.1697342,-86.50487118
2005,10,7,Weekend,1000,2-Car,No injury/unknown,LEFT OF CENTER,SMITH & WALNUT,39.16969371,-86.53354971
2005,8,7,Weekend,900,2-Car,No injury/unknown,OTHER (DRIVER) - EXPLAIN IN NARRATIVE,HOPEWELL & W 8TH ST,39.16968,-86.552192
2005,11,7,Weekend,100,2-Car,No injury/unknown,OTHER (DRIVER) - EXPLAIN IN NARRATIVE,8TH ST & HOPEWELL,39.16967776,-86.5520147
2005,11,1,Weekend,1200,2-Car,No injury/unknown,FAILURE TO YIELD RIGHT OF WAY,8TH & DUNN ST,39.169648,-86.52824
2005,4,4,Weekday,900,1-Car,No injury/unknown,OTHER (DRIVER) - EXPLAIN IN NARRATIVE,7TH & ADAMS ST,39.16963325,-86.54966752
2005,12,5,Weekday,1400,2-Car,Non-incapacitating,CELL PHONE USAGE,8TH & COLLEGE AVE,39.16962063,-86.53478289
2005,12,7,Weekend,1500,2-Car,No injury/unknown,,EASTGATE LN,39.16961661,-86.49980658
2005,5,6,Weekday,1600,2-Car,No injury/unknown,FAILURE TO YIELD RIGHT OF WAY,8TH & FAIRVIEW ST,39.1696,-86.54104
2005,4,1,Weekend,1200,Bus,No injury/unknown,OTHER (DRIVER) - EXPLAIN IN NARRATIVE,8TH & JACKSON,39.1696,-86.539808
2005,7,3,Weekday,1200,2-Car,No injury/unknown,SPEED TOO FAST FOR WEATHER CONDITIONS,EASTGATE & SR46W,39.1695999,-86.50107194
2005,11,4,Weekday,1000,2-Car,No injury/unknown,FAILURE TO YIELD RIGHT OF WAY,8TH ST & ROGERS,39.16959321,-86.53928518
2005,12,3,Weekday,1200,1-Car,No injury/unknown,OTHER (DRIVER) - EXPLAIN IN NARRATIVE,ADAMS ST & VERNAL,39.16957928,-86.54962185
2005,8,2,Weekday,1100,2-Car,No injury/unknown,UNSAFE BACKING,8TH & MORTON ST,39.169568,-86.536
2005,6,3,Weekday,1700,2-Car,No injury/unknown,UNSAFE BACKING,8TH ST & WASHINGTON,39.169552,-86.53222268
2005,11,4,Weekday,1200,1-Car,Non-incapacitating,PEDESTRIAN ACTION,8TH ST & GRANT,39.169552,-86.529696
2005,7,6,Weekday,1200,2-Car,No injury/unknown,FAILURE TO YIELD RIGHT OF WAY,8TH & COLLEGE AVE,39.169552,-86.534784
2005,7,4,Weekday,1400,2-Car,No injury/unknown,FAILURE TO YIELD RIGHT OF WAY,8TH ST & COLLEGE,39.169552,-86.534784
2005,8,7,Weekend,1700,3+ Cars,Non-incapacitating,FOLLOWING TOO CLOSELY,8TH & COLLEGE,39.169552,-86.534784
2005,8,7,Weekend,1300,2-Car,No injury/unknown,FAILURE TO YIELD RIGHT OF WAY,8TH & COLLEGE AVE,39.169552,-86.534784
2005,9,5,Weekday,1800,2-Car,Non-incapacitating,FAILURE TO YIELD RIGHT OF WAY,8TH & WALNUT,39.169552,-86.533552
2005,9,7,Weekend,1700,2-Car,No injury/unknown,FAILURE TO YIELD RIGHT OF WAY,8TH & COLLEGE AVE,39.169552,-86.534784
2005,6,2,Weekday,1900,2-Car,No injury/unknown,IMPROPER TURNING,8TH & COLLEGE AVE,39.169552,-86.534784
2005,5,6,Weekend,2200,2-Car,No injury/unknown,FOLLOWING TOO CLOSELY,8TH & WALNUT ST,39.169552,-86.533552
2005,4,4,Weekday,1200,2-Car,No injury/unknown,OTHER (DRIVER) - EXPLAIN IN NARRATIVE,8TH ST & WASHINGTON,39.169552,-86.5324
2005,4,7,Weekend,1100,2-Car,No injury/unknown,IMPROPER TURNING,8TH & COLLEGE AVE,39.169552,-86.534784
2005,10,6,Weekday,1300,3+ Cars,Non-incapacitating,OTHER (DRIVER) - EXPLAIN IN NARRATIVE,8TH & COLLEGE,39.169552,-86.534784
2005,10,4,Weekday,1500,2-Car,No injury/unknown,FAILURE TO YIELD RIGHT OF WAY,8TH & COLLEGE AVE,39.169552,-86.534784
2005,2,7,Weekend,2100,2-Car,No injury/unknown,FOLLOWING TOO CLOSELY,8TH & COLLEGE AVE,39.169552,-86.534784
2005,2,3,Weekday,1200,2-Car,No injury/unknown,FAILURE TO YIELD RIGHT OF WAY,8TH & COLLEGE AVE,39.169552,-86.534784
2005,1,5,Weekday,2200,2-Car,No injury/unknown,IMPROPER LANE USAGE,8TH & N COLLEGE AVE,39.169552,-86.534784
2005,4,1,Weekend,1600,2-Car,No injury/unknown,FAILURE TO YIELD RIGHT OF WAY,9TH & N COLLEGE,39.169552,-86.534784
2005,1,7,Weekend,1500,2-Car,No injury/unknown,ROADWAY SURFACE CONDITION,8TH ST & GRANT,39.169552,-86.529696
2005,5,6,Weekday,1200,2-Car,No injury/unknown,OTHER (DRIVER) - EXPLAIN IN NARRATIVE,8TH & COLLEGE AVE,39.169552,-86.534784
2005,11,2,Weekday,1100,2-Car,No injury/unknown,UNSAFE BACKING,LOT N MORTON,39.169509,-86.536099
2005,9,2,Weekday,600,2-Car,No injury/unknown,FAILURE TO YIELD RIGHT OF WAY,ALICE & N GRANT ST,39.1695,-86.529799
2005,7,5,Weekday,1600,2-Car,No injury/unknown,FAILURE TO YIELD RIGHT OF WAY,COLLEGE AVE & NINTH,39.1695,-86.534799
2005,11,2,Weekday,1900,2-Car,No injury/unknown,FOLLOWING TOO CLOSELY,7TH & JORDAN AVE,39.16949111,-86.51595559
2005,9,4,Weekday,1000,3+ Cars,Non-incapacitating,UNSAFE SPEED,7TH & JORDAN AVE,39.16949111,-86.51595559
2005,11,1,Weekend,300,2-Car,No injury/unknown,SPEED TOO FAST FOR WEATHER CONDITIONS,7TH & JORDAN AVE,39.16949111,-86.51595559
2005,6,2,Weekday,2100,2-Car,No injury/unknown,FAILURE TO YIELD RIGHT OF WAY,7TH & JORDAN,39.16949111,-86.51595559
2005,11,6,Weekday,1400,2-Car,Non-incapacitating,FOLLOWING TOO CLOSELY,EASTGATE & SR46N,39.16947189,-86.50100793
2005,1,2,Weekday,1100,2-Car,No injury/unknown,OTHER (DRIVER) - EXPLAIN IN NARRATIVE,PETE ELLIS DR,39.169448,-86.495896
2005,9,5,Weekday,1200,3+ Cars,Non-incapacitating,OTHER (DRIVER) - EXPLAIN IN NARRATIVE,8TH & COLLEGE AVE,39.16944218,-86.534784
2005,9,3,Weekday,1700,3+ Cars,No injury/unknown,FOLLOWING TOO CLOSELY,8TH & COLLEGE,39.16944218,-86.534784
2005,10,6,Weekday,1200,2-Car,Non-incapacitating,DRIVER DISTRACTED - EXPLAIN IN NARRATIVE,8TH & COLLEGE AVE,39.16935981,-86.534784
2005,8,7,Weekend,1000,2-Car,No injury/unknown,IMPROPER TURNING,8TH & COLLEGE AVE,39.16934609,-86.534784
2005,10,6,Weekday,600,2-Car,Non-incapacitating,DRIVER ASLEEP OR FATIGUED,PARK RIDGE RD & SHEFFIELD,39.16932231,-86.47496937
2005,4,1,,,2-Car,No injury/unknown,NONE (DRIVER),7TH & BRYAN ST,39.169152,-86.508192
2005,4,1,Weekday,2100,2-Car,No injury/unknown,,7TH & BRYAN ST,39.169152,-86.508192
2005,7,1,Weekend,1300,2-Car,No injury/unknown,IMPROPER TURNING,7TH & COLLEGE AVE,39.16906783,-86.534784
2005,2,1,Weekend,1000,2-Car,No injury/unknown,OTHER (DRIVER) - EXPLAIN IN NARRATIVE,PRIVATE LOT E 2ND ST,39.16904,-86.4792
2005,4,5,Weekday,1100,Bus,No injury/unknown,UNSAFE SPEED,7TH & JORDAN AVE,39.16902607,-86.51600694
2005,1,5,Weekday,1400,2-Car,No injury/unknown,OTHER (DRIVER) - EXPLAIN IN NARRATIVE,JACOBS DR & SUSAN,39.169002,-86.57360149
2005,8,4,Weekday,800,2-Car,No injury/unknown,OTHER (DRIVER) - EXPLAIN IN NARRATIVE,JORDAN & SEVENTH,39.168944,-86.516016
2005,8,7,Weekend,1700,1-Car,No injury/unknown,SPEED TOO FAST FOR WEATHER CONDITIONS,7TH & JORDAN AVE,39.168944,-86.516016
2005,9,7,Weekend,2200,1-Car,Non-incapacitating,FAILURE TO YIELD RIGHT OF WAY,JORDAN AVE & SEVENTH,39.168944,-86.516016
2005,7,3,Weekday,1600,2-Car,No injury/unknown,OTHER (DRIVER) - EXPLAIN IN NARRATIVE,E 7TH ST & JORDAN,39.168944,-86.516016
2005,3,2,Weekday,1600,2-Car,No injury/unknown,IMPROPER TURNING,7TH & WALNUT ST,39.16891453,-86.53356318
2005,3,3,Weekday,1200,1-Car,Non-incapacitating,UNSAFE SPEED,7TH & WOODLAWN AVE,39.16891432,-86.52340644
2005,11,4,Weekday,800,1-Car,Non-incapacitating,PEDESTRIAN ACTION,CAMPBELL & SEVENTH,39.1689,-86.51609227
2005,4,7,Weekend,100,2-Car,No injury/unknown,OTHER (DRIVER) - EXPLAIN IN NARRATIVE,WALNUT,39.16886335,-86.53356408
2005,3,7,Weekend,200,2-Car,No injury/unknown,ALCOHOLIC BEVERAGES,7TH & WALNUT ST,39.1688459,-86.53356439
2005,10,2,Weekday,1900,2-Car,No injury/unknown,OTHER (DRIVER) - EXPLAIN IN NARRATIVE,E 7TH ST,39.168752,-86.5436
2005,1,7,Weekend,1800,1-Car,No injury/unknown,,7TH ST & FORREST,39.168752,-86.5436
2005,8,3,Weekday,1100,2-Car,No injury/unknown,FAILURE TO YIELD RIGHT OF WAY,7TH ST & WALDRON,39.168752,-86.5436
2005,6,3,Weekday,1200,2-Car,No injury/unknown,UNSAFE BACKING,SEVENTH ST & WALDRON,39.168752,-86.5436
2005,1,7,Weekend,,2-Car,No injury/unknown,OTHER (DRIVER) - EXPLAIN IN NARRATIVE,7TH & JEFFERSON ST,39.16874101,-86.50703692
2005,9,4,Weekday,1600,2-Car,No injury/unknown,FAILURE TO YIELD RIGHT OF WAY,7TH ST & MAPLE,39.168736,-86.542096
2005,6,2,Weekday,700,2-Car,Non-incapacitating,ANIMAL/OBJECT IN ROADWAY,7TH ST & FAIRVIEW,39.16872429,-86.54136992
2005,6,1,Weekend,1500,3+ Cars,No injury/unknown,OTHER (DRIVER) - EXPLAIN IN NARRATIVE,7TH & FAIRVIEW,39.16872,-86.541104
2005,8,1,Weekend,1600,1-Car,No injury/unknown,OTHER (DRIVER) - EXPLAIN IN NARRATIVE,7TH & ADAMS ST,39.16871277,-86.5495848
2005,11,3,Weekday,900,2-Car,No injury/unknown,FAILURE TO YIELD RIGHT OF WAY,7TH ST & JACKSON,39.16870531,-86.53991438
2005,7,7,Weekend,1200,2-Car,Non-incapacitating,DISREGARD SIGNAL/REG SIGN,S ROGERS ST & W 7TH,39.168704,-86.538576
2005,12,4,Weekday,,2-Car,No injury/unknown,DISREGARD SIGNAL/REG SIGN,7TH & ROGERS ST,39.168704,-86.538576
2005,9,2,Weekday,1500,2-Car,No injury/unknown,,7TH & SUNRISE,39.1687,-86.51389873
2005,1,2,Weekday,1600,2-Car,No injury/unknown,OVERCORRECTING/OVERSTEERING,7TH ST & SUNRISE,39.1687,-86.51390133
2005,1,3,Weekday,1500,2-Car,No injury/unknown,FAILURE TO YIELD RIGHT OF WAY,7TH & MORTON,39.168672,-86.536
2005,8,3,Weekday,1600,2-Car,No injury/unknown,FOLLOWING TOO CLOSELY,7TH & JORDAN AVE,39.16867058,-86.51604817
2005,9,3,Weekday,1300,2-Car,No injury/unknown,OTHER (DRIVER) - EXPLAIN IN NARRATIVE,7TH ST & COLLEGE,39.168656,-86.534784
2005,4,5,Weekday,900,3+ Cars,Non-incapacitating,DISREGARD SIGNAL/REG SIGN,7TH & COLLEGE AVE,39.168656,-86.534784
2005,2,2,Weekday,600,3+ Cars,Non-incapacitating,IMPROPER LANE USAGE,7TH & COLLEGE AVE,39.168656,-86.534784
2005,3,2,Weekday,800,2-Car,No injury/unknown,UNSAFE BACKING,7TH ST & COLLEGE,39.168656,-86.534784
2005,4,2,Weekday,1300,2-Car,No injury/unknown,FOLLOWING TOO CLOSELY,7TH & COLLEGE AVE,39.168656,-86.534784