Year,Month,Day,Weekend?,Hour,Collision Type,Injury Type,Primary Factor,Reported_Location,Latitude,Longitude
2005,4,7,Weekend,1800,2-Car,No injury/unknown,IMPROPER TURNING,N COLLEGE AVE & W 7TH,39.168656,-86.534784
2005,4,3,Weekday,1400,2-Car,No injury/unknown,DISREGARD SIGNAL/REG SIGN,7TH ST & COLLEGE,39.168656,-86.534784
2005,5,2,Weekday,1400,2-Car,No injury/unknown,FOLLOWING TOO CLOSELY,7TH ST & WALNUT,39.16864,-86.53330202
2005,4,6,Weekday,1800,2-Car,Non-incapacitating,OVERCORRECTING/OVERSTEERING,7TH ST & INDIANA,39.16864,-86.52666029
2005,10,5,Weekday,1000,2-Car,No injury/unknown,IMPROPER LANE USAGE,7TH & INDIANA AVE,39.16864,-86.526944
2005,12,4,Weekday,1700,2-Car,No injury/unknown,OTHER (DRIVER) - EXPLAIN IN NARRATIVE,6TH & 7TH ST,39.16864,-86.529696
2005,10,2,Weekday,1100,2-Car,No injury/unknown,OTHER (DRIVER) - EXPLAIN IN NARRATIVE,EAST SEVENTH & NO WOODLAWN,39.16864,-86.523392
2005,9,2,Weekday,1200,2-Car,No injury/unknown,OTHER (DRIVER) - EXPLAIN IN NARRATIVE,7TH ST,39.16864,-86.532984
2005,9,2,Weekday,1300,2-Car,No injury/unknown,FOLLOWING TOO CLOSELY,7TH & WOODLAWN,39.16864,-86.523392
2005,9,3,Weekday,1600,2-Car,No injury/unknown,UNSAFE BACKING,7TH ST & DUNN,39.16864,-86.528224
2005,11,4,Weekday,1600,Bus,No injury/unknown,IMPROPER TURNING,E 7TH & N WOODLAWN AVE,39.16864,-86.523392
2005,10,3,Weekday,800,Bus,No injury/unknown,UNSAFE BACKING,SEVENTH ST & WOODLAWN,39.16864,-86.523392
2005,7,1,Weekend,1400,2-Car,No injury/unknown,IMPROPER TURNING,7TH ST & WALUNT,39.16864,-86.533568
2005,8,4,Weekday,0,2-Car,No injury/unknown,FAILURE TO YIELD RIGHT OF WAY,SEVENTH ST & WASHINGTON,39.16864,-86.5324
2005,9,6,Weekday,1800,2-Car,No injury/unknown,DISREGARD SIGNAL/REG SIGN,7TH & DUNN ST,39.16864,-86.528224
2005,9,3,Weekday,1400,2-Car,No injury/unknown,FAILURE TO YIELD RIGHT OF WAY,7TH & DUNN ST,39.16864,-86.528224
2005,9,4,Weekday,1300,Bus,No injury/unknown,FAILURE TO YIELD RIGHT OF WAY,7TH ST & WASHINGTON,39.16864,-86.5324
2005,4,3,Weekday,1200,3+ Cars,Non-incapacitating,DISREGARD SIGNAL/REG SIGN,7TH & WALNUT ST,39.16864,-86.533568
2005,5,6,Weekday,1200,2-Car,No injury/unknown,FAILURE TO YIELD RIGHT OF WAY,7TH & WASHINGTON,39.16864,-86.5324
2005,12,4,Weekday,1400,1-Car,Non-incapacitating,FAILURE TO YIELD RIGHT OF WAY,7TH & WOODLAWN,39.16864,-86.523392
2005,9,6,Weekday,1000,Bus,No injury/unknown,OTHER (DRIVER) - EXPLAIN IN NARRATIVE,7TH ST & WOODLAWN,39.16864,-86.523392
2005,9,1,Weekend,300,2-Car,No injury/unknown,OTHER (DRIVER) - EXPLAIN IN NARRATIVE,E 7TH ST & WASHINGTON,39.16864,-86.5324
2005,10,7,Weekend,2000,2-Car,No injury/unknown,IMPROPER LANE USAGE,N WALNUT,39.16864,-86.533568
2005,2,4,Weekday,1300,2-Car,No injury/unknown,FAILURE TO YIELD RIGHT OF WAY,7TH ST & LINCOLN,39.16864,-86.530992
2005,2,2,Weekday,1600,2-Car,No injury/unknown,UNSAFE BACKING,7TH ST & INDIANA,39.16864,-86.52785829
2005,1,7,Weekend,1600,2-Car,No injury/unknown,FAILURE TO YIELD RIGHT OF WAY,7TH ST & GRANT,39.16864,-86.529696
2005,5,1,Weekend,1200,2-Car,Non-incapacitating,DISREGARD SIGNAL/REG SIGN,7TH & WALNUT ST,39.16864,-86.533568
2005,6,4,Weekday,1700,2-Car,No injury/unknown,OTHER (DRIVER) - EXPLAIN IN NARRATIVE,7TH ST & DUNN,39.16864,-86.528224
2005,4,3,Weekday,1200,2-Car,No injury/unknown,FAILURE TO YIELD RIGHT OF WAY,7TH ST,39.16864,-86.529696
2005,5,5,Weekday,1700,2-Car,No injury/unknown,UNSAFE BACKING,7TH ST & FEDD,39.16864,-86.52567151
2005,7,5,Weekday,2300,1-Car,No injury/unknown,OTHER (DRIVER) - EXPLAIN IN NARRATIVE,7TH & GRANT ST,39.16864,-86.529696
2005,5,1,Weekend,1300,2-Car,No injury/unknown,UNSAFE BACKING,7TH ST & WOODLAWN,39.16862958,-86.52294205
2005,2,3,Weekday,900,2-Car,No injury/unknown,OTHER (DRIVER) - EXPLAIN IN NARRATIVE,BLK W 7TH ST & MAPLE,39.1686,-86.54120273
2005,7,5,Weekday,1700,2-Car,No injury/unknown,FAILURE TO YIELD RIGHT OF WAY,7TH & ADAMS ST,39.168576,-86.5496
2005,11,3,Weekday,500,2-Car,Non-incapacitating,ALCOHOLIC BEVERAGES,7TH & ADAMS,39.168576,-86.5496
2005,7,7,Weekend,100,1-Car,No injury/unknown,ANIMAL/OBJECT IN ROADWAY,GRANDVIEW & SMITH RD,39.16857384,-86.4812776
2005,8,2,Weekday,1000,2-Car,No injury/unknown,UNSAFE BACKING,N GATES DR,39.168528,-86.576399
2005,2,6,Weekend,2300,2-Car,No injury/unknown,FOLLOWING TOO CLOSELY,8TH & WALNUT,39.1685,-86.533599
2005,12,5,Weekday,1400,2-Car,No injury/unknown,UNSAFE BACKING,7TH & WASHINGTON ST,39.16843409,-86.5324
2005,4,2,Weekday,1300,2-Car,No injury/unknown,UNSAFE BACKING,BRAESIDE DR & PETE ELLIS,39.16828989,-86.49249362
2005,3,5,Weekday,1900,1-Car,No injury/unknown,SPEED TOO FAST FOR WEATHER CONDITIONS,BRAESIDE & PETE ELLIS,39.16823161,-86.49508912
2005,10,5,Weekday,1600,2-Car,No injury/unknown,DISREGARD SIGNAL/REG SIGN,7TH ST & CLARK,39.168224,-86.504832
2005,11,2,Weekday,1700,2-Car,Non-incapacitating,DISREGARD SIGNAL/REG SIGN,7TH ST & JEFFERSON,39.168192,-86.507024
2005,8,3,Weekday,1600,2-Car,No injury/unknown,OTHER (DRIVER) - EXPLAIN IN NARRATIVE,7TH ST & UNION CIRCLE,39.168176,-86.509312
2005,1,1,Weekend,1500,3+ Cars,No injury/unknown,IMPROPER TURNING,7TH ST & ROSE,39.16815751,-86.51028295
2005,11,4,Weekday,1500,2-Car,No injury/unknown,FAILURE TO YIELD RIGHT OF WAY,7TH & ROSE AVE,39.168144,-86.510992
2005,9,7,Weekend,2200,Bus,Non-incapacitating,OTHER (DRIVER) - EXPLAIN IN NARRATIVE,7TH ST & ROSE,39.168144,-86.510992
2005,3,1,Weekend,1800,Bus,No injury/unknown,IMPROPER LANE USAGE,7TH ST & ROSE,39.168144,-86.510992
2005,5,6,Weekday,1700,2-Car,No injury/unknown,FAILURE TO YIELD RIGHT OF WAY,2ND & COLLEGE AVE,39.16808698,-86.534899
2005,7,6,Weekday,1500,2-Car,No injury/unknown,UNSAFE BACKING,GATES DR,39.167969,-86.576273
2005,8,4,Weekday,1700,2-Car,No injury/unknown,OTHER (DRIVER) - EXPLAIN IN NARRATIVE,6TH & WALNUT,39.16792253,-86.53357957
2005,7,5,Weekday,1200,2-Car,No injury/unknown,OTHER (DRIVER) - EXPLAIN IN NARRATIVE,COLLEGE AVE,39.16781257,-86.534784
2005,6,6,Weekday,1300,2-Car,Non-incapacitating,FAILURE TO YIELD RIGHT OF WAY,5TH & JEFFERSON ST,39.16780877,-86.50701488
2005,11,4,Weekday,2300,2-Car,No injury/unknown,OTHER (DRIVER) - EXPLAIN IN NARRATIVE,6TH & WALNUT ST,39.16778527,-86.53358179
2005,12,3,Weekday,1400,2-Car,No injury/unknown,FAILURE TO YIELD RIGHT OF WAY,6TH ST,39.167744,-86.551544
2005,1,1,Weekend,1800,3+ Cars,No injury/unknown,FAILURE TO YIELD RIGHT OF WAY,6TH & WALNUT,39.16773036,-86.53358267
2005,10,3,Weekday,1100,2-Car,No injury/unknown,UNSAFE BACKING,6TH ST & DUNN,39.167728,-86.528208
2005,8,3,Weekday,1000,2-Car,Non-incapacitating,DISREGARD SIGNAL/REG SIGN,6TH & DUNN ST,39.167728,-86.528208
2005,6,4,Weekday,1700,2-Car,Non-incapacitating,FAILURE TO YIELD RIGHT OF WAY,6TH & ADAMS,39.167728,-86.5496
2005,9,6,Weekday,1400,2-Car,No injury/unknown,UNSAFE BACKING,E 6TH ST,39.16771233,-86.52966563
2005,1,3,Weekday,1800,2-Car,No injury/unknown,OTHER (DRIVER) - EXPLAIN IN NARRATIVE,6TH & ELM,39.167712,-86.54555463
2005,8,7,Weekend,2100,2-Car,No injury/unknown,OTHER (DRIVER) - EXPLAIN IN NARRATIVE,GATES DR,39.167705,-86.576077
2005,2,3,Weekday,1500,1-Car,No injury/unknown,,6TH ST & WALDREN,39.167696,-86.5436
2005,1,4,Weekday,1200,2-Car,Non-incapacitating,FAILURE TO YIELD RIGHT OF WAY,6TH & ROGERS,39.16768,-86.538592
2005,9,2,Weekday,800,2-Car,No injury/unknown,OTHER (DRIVER) - EXPLAIN IN NARRATIVE,6TH ST & ROGERS,39.16768,-86.538592
2005,7,7,Weekend,1000,2-Car,No injury/unknown,FAILURE TO YIELD RIGHT OF WAY,6TH & ROGERS,39.16768,-86.538592
2005,12,6,Weekday,1100,2-Car,No injury/unknown,UNSAFE BACKING,MORTON & W 6TH ST,39.167664,-86.536
2005,3,6,Weekday,1300,Bus,No injury/unknown,OVERCORRECTING/OVERSTEERING,6TH & WASHINGTON ST,39.167664,-86.5324
2005,8,4,Weekday,1800,2-Car,No injury/unknown,OTHER (DRIVER) - EXPLAIN IN NARRATIVE,6TH ST & MAPLE,39.16765089,-86.53500387
2005,10,4,Weekday,1400,2-Car,No injury/unknown,OTHER (DRIVER) - EXPLAIN IN NARRATIVE,6TH ST & WALNUT,39.1676504,-86.53340671
2005,1,5,Weekday,1700,2-Car,No injury/unknown,FAILURE TO YIELD RIGHT OF WAY,6TH & COLLEGE,39.167648,-86.534784
2005,4,3,Weekday,1300,3+ Cars,Non-incapacitating,OTHER (DRIVER) - EXPLAIN IN NARRATIVE,6TH & N COLLEGE AVE,39.167648,-86.534784
2005,6,4,Weekday,1100,2-Car,No injury/unknown,DISREGARD SIGNAL/REG SIGN,6TH & COLLEGE AVE,39.167648,-86.534784
2005,9,3,Weekday,1300,2-Car,No injury/unknown,IMPROPER TURNING,6TH & WALNUT,39.167648,-86.533584
2005,11,1,Weekend,1800,2-Car,No injury/unknown,OTHER (DRIVER) - EXPLAIN IN NARRATIVE,6TH & COLLEGE AVE,39.167648,-86.534784
2005,1,3,Weekday,600,1-Car,No injury/unknown,UNSAFE BACKING,7TH & N COLLEGE,39.167648,-86.534784
2005,2,3,Weekday,1200,2-Car,No injury/unknown,IMPROPER TURNING,6TH & COLLEGE AVE,39.167648,-86.534784
2005,2,6,Weekday,1700,3+ Cars,No injury/unknown,FAILURE TO YIELD RIGHT OF WAY,6TH & COLLEGE AVE,39.167648,-86.534784
2005,3,6,Weekday,1100,2-Car,No injury/unknown,IMPROPER LANE USAGE,N WALNUT ST & W 6TH,39.167648,-86.533584
2005,1,5,Weekday,1100,2-Car,Non-incapacitating,FOLLOWING TOO CLOSELY,6TH ST & COLLEGE,39.167648,-86.534784
2005,11,4,Weekday,1300,2-Car,No injury/unknown,FOLLOWING TOO CLOSELY,N WALNUT & W 6TH ST,39.167648,-86.533584
2005,7,1,Weekend,1400,2-Car,No injury/unknown,,N JORDAN,39.1676,-86.516168
2005,4,7,Weekend,1300,1-Car,Non-incapacitating,PEDESTRIAN ACTION,COLLEGE AVE,39.1676,-86.534899
2005,1,1,Weekend,600,1-Car,No injury/unknown,ROADWAY SURFACE CONDITION,7TH & JORDAN AVE,39.16757648,-86.51617021
2005,2,4,Weekday,1400,2-Car,No injury/unknown,DRIVER DISTRACTED - EXPLAIN IN NARRATIVE,6TH & WALNUT ST,39.16751073,-86.53358618
2005,9,3,Weekday,1200,2-Car,No injury/unknown,UNSAFE BACKING,6TH ST & WALNUT,39.1675,-86.5335976
2005,11,6,Weekday,700,1-Car,No injury/unknown,NONE (DRIVER),SR 37 & W 3RD,39.16747139,-86.57272703
2005,5,5,Weekday,2200,2-Car,No injury/unknown,FAILURE TO YIELD RIGHT OF WAY,PETE ELLIS,39.16743,-86.495047
2005,6,4,Weekday,1800,2-Car,No injury/unknown,UNSAFE BACKING,ROHRER & SR37,39.16738853,-86.57288679
2005,8,3,Weekday,700,2-Car,No injury/unknown,ROADWAY SURFACE CONDITION,JORDAN AVE & THIRD,39.1672661,-86.51619777
2005,9,2,Weekday,1800,1-Car,Non-incapacitating,FAILURE TO YIELD RIGHT OF WAY,JORDAN AVE,39.167128,-86.516208
2005,10,3,Weekday,0,2-Car,No injury/unknown,UNSAFE BACKING,JORDAN AVE,39.167128,-86.516208
2005,1,7,Weekend,900,2-Car,No injury/unknown,FOLLOWING TOO CLOSELY,JORDAN AVE & ROSE,39.167128,-86.516008
2005,2,4,Weekday,1700,2-Car,No injury/unknown,UNSAFE BACKING,JORDAN AVE,39.167128,-86.516208
2005,9,4,Weekday,700,2-Car,Non-incapacitating,DRIVER ASLEEP OR FATIGUED,CURRY PIKE & JOHNATHAN,39.167002,-86.582999
2005,12,6,Weekday,1100,2-Car,Non-incapacitating,FAILURE TO YIELD RIGHT OF WAY,CURRY & W JONATHAN,39.167002,-86.582999
2005,11,4,Weekday,1300,2-Car,No injury/unknown,FOLLOWING TOO CLOSELY,CURRY PIKE & JONATHAN,39.167002,-86.582999
2005,8,4,Weekday,1300,2-Car,No injury/unknown,FAILURE TO YIELD RIGHT OF WAY,LONGVIEW & PETE ELLIS DR,39.166944,-86.495056
2005,1,1,Weekend,600,1-Car,No injury/unknown,OVERCORRECTING/OVERSTEERING,LONGVIEW & PETE ELLIS DR,39.166944,-86.495056
2005,7,5,Weekday,2200,2-Car,Non-incapacitating,DISREGARD SIGNAL/REG SIGN,LONGVIEW & PETE ELLIS,39.166944,-86.495056
2005,10,3,Weekday,1600,2-Car,No injury/unknown,FAILURE TO YIELD RIGHT OF WAY,LONGVIEW & PETE ELLIS,39.166944,-86.495056
2005,3,3,Weekday,1600,2-Car,Non-incapacitating,FAILURE TO YIELD RIGHT OF WAY,LONGVIEW & PETE ELLIS,39.166944,-86.495056
2005,1,7,Weekend,1900,2-Car,No injury/unknown,FAILURE TO YIELD RIGHT OF WAY,LONGVIEW & PETE ELLIS DR,39.166944,-86.495056
2005,12,4,Weekday,1700,1-Car,Non-incapacitating,OTHER (DRIVER) - EXPLAIN IN NARRATIVE,LONGVIEW & PETE ELLIS DR,39.166944,-86.495056
2005,10,6,Weekend,2100,2-Car,No injury/unknown,IMPROPER LANE USAGE,CENTRAL & N SUMMITT,39.16694275,-86.548199
2005,10,2,Weekday,1600,2-Car,No injury/unknown,FAILURE TO YIELD RIGHT OF WAY,KIRKWOOD & LINCOLN,39.16691455,-86.530992
2005,1,7,Weekend,2300,2-Car,No injury/unknown,FAILURE TO YIELD RIGHT OF WAY,DUNN ST & KIRKWOOD,39.16691453,-86.52819604
2005,8,4,Weekday,1700,2-Car,No injury/unknown,FAILURE TO YIELD RIGHT OF WAY,COLLEGE AVE & KIRKWOOD,39.16691453,-86.53479564
2005,9,2,Weekday,1700,2-Car,No injury/unknown,,JORDAN & JORDAN AVE,39.166912,-86.516224
2005,8,2,Weekday,1500,2-Car,No injury/unknown,OTHER (DRIVER) - EXPLAIN IN NARRATIVE,JORDAN & JORDAN AVE,39.166912,-86.516224
2005,2,7,Weekend,1200,2-Car,No injury/unknown,,7TH & JORDAN,39.166912,-86.516224
2005,1,1,Weekend,0,Bus,No injury/unknown,ROADWAY SURFACE CONDITION,JORDAN AVE,39.166912,-86.516224
2005,5,4,Weekday,800,2-Car,Non-incapacitating,FAILURE TO YIELD RIGHT OF WAY,CURRY & GRAND,39.16685928,-86.58297576
2005,10,5,Weekday,1000,2-Car,No injury/unknown,FOLLOWING TOO CLOSELY,KINGS & SR46E,39.16685728,-86.4584939
2005,3,2,Weekday,800,2-Car,No injury/unknown,,UNION & UNION CT,39.166848,-86.509296
2005,11,5,Weekday,900,2-Car,Non-incapacitating,FAILURE TO YIELD RIGHT OF WAY,5TH & CLARK ST,39.166848,-86.5048
2005,5,1,Weekend,1200,2-Car,No injury/unknown,IMPROPER PASSING,E LONGVIEW & S PETE ELLIS DR,39.166848,-86.495088
2005,2,2,Weekday,1400,2-Car,No injury/unknown,OTHER (DRIVER) - EXPLAIN IN NARRATIVE,5TH & JEFFERSON,39.166848,-86.506992
2005,12,4,Weekday,900,3+ Cars,No injury/unknown,UNSAFE SPEED,ADAMS & KIRKWOOD,39.166816,-86.549488
2005,1,4,Weekday,1000,2-Car,No injury/unknown,OTHER (DRIVER) - EXPLAIN IN NARRATIVE,ADAMS & KIRKWOOD,39.166816,-86.549488
2005,12,3,Weekday,1000,2-Car,No injury/unknown,IMPROPER LANE USAGE,ADAMS & KIRKWOOD,39.166816,-86.549488
2005,2,2,Weekday,2100,1-Car,No injury/unknown,OVERCORRECTING/OVERSTEERING,KIRKWOOD & OAK,39.16678782,-86.54715459
2005,9,1,Weekend,1700,2-Car,No injury/unknown,FAILURE TO YIELD RIGHT OF WAY,INDIANA AVE & KIRKWOOD,39.16677724,-86.52689998
2005,10,6,Weekday,1200,2-Car,No injury/unknown,FAILURE TO YIELD RIGHT OF WAY,GATES DR,39.166774,-86.575999
2005,1,5,Weekday,1700,2-Car,No injury/unknown,UNSAFE BACKING,KIRKWOOD & KIRKWOOD AVE,39.16677127,-86.54552653
2005,2,6,Weekday,800,1-Car,No injury/unknown,RAN OFF ROAD RIGHT,ELM & KIRKWOOD,39.166768,-86.5452
2005,1,2,Weekday,1900,2-Car,No injury/unknown,FAILURE TO YIELD RIGHT OF WAY,ELM & KIRKWOOD AVE,39.166768,-86.5452
2005,11,3,Weekday,1200,1-Car,No injury/unknown,OTHER (DRIVER) - EXPLAIN IN NARRATIVE,LAKEWOOD & N DUNN ST,39.16675221,-86.528499
2005,5,3,Weekday,,2-Car,No injury/unknown,OTHER (DRIVER) - EXPLAIN IN NARRATIVE,KIRKWOOD AVE,39.16674057,-86.54382857
2005,5,5,Weekday,1400,2-Car,No injury/unknown,UNSAFE BACKING,KIRKWOOD,39.16671869,-86.5419902
2005,11,3,Weekday,1000,2-Car,No injury/unknown,UNSAFE BACKING,N ROGERS ST,39.166711,-86.538699
2005,11,2,Weekday,1700,2-Car,No injury/unknown,FAILURE TO YIELD RIGHT OF WAY,CURRY & GRAND,39.16669482,-86.58298794
2005,11,6,Weekday,0,2-Car,No injury/unknown,IMPROPER TURNING,DUNN AVE & KIRKWOOD,39.16668118,-86.52819261
2005,9,7,Weekend,1400,2-Car,No injury/unknown,FAILURE TO YIELD RIGHT OF WAY,KIRKWOOD & ROGERS ST,39.166672,-86.538608
2005,5,7,Weekend,0,2-Car,No injury/unknown,DISREGARD SIGNAL/REG SIGN,KIRKWOOD & ROGERS,39.166672,-86.538608
2005,5,6,Weekday,1200,3+ Cars,Non-incapacitating,DRIVER DISTRACTED - EXPLAIN IN NARRATIVE,KIRKWOOD & ROGERS ST,39.166672,-86.538608
2005,4,6,Weekday,1200,2-Car,No injury/unknown,FAILURE TO YIELD RIGHT OF WAY,S ROGERS & W KIRKWOOD AVE,39.166672,-86.538608
2005,10,6,Weekday,1500,2-Car,No injury/unknown,FAILURE TO YIELD RIGHT OF WAY,KIRKWOOD AVE & ROGERS,39.16667092,-86.53851936
2005,12,5,Weekday,1800,2-Car,No injury/unknown,NONE (DRIVER),COLLEGE AVE & KIRKWOOD,39.16666745,-86.53479956
2005,5,1,Weekend,1600,2-Car,No injury/unknown,OTHER (DRIVER) - EXPLAIN IN NARRATIVE,KIRKWOOD AVE & ROGERS,39.16666552,-86.53807613
2005,8,2,Weekday,1200,2-Car,No injury/unknown,FAILURE TO YIELD RIGHT OF WAY,KIRKWOOD AVE & MADISON,39.166656,-86.537296
2005,11,7,Weekend,1200,2-Car,Non-incapacitating,FAILURE TO YIELD RIGHT OF WAY,MADISON & W KIRKWOOD,39.166656,-86.537296
2005,6,5,Weekday,1600,2-Car,No injury/unknown,DISREGARD SIGNAL/REG SIGN,KIRKWOOD AVE & MADISON,39.166656,-86.537296
2005,12,7,Weekend,0,2-Car,No injury/unknown,DISREGARD SIGNAL/REG SIGN,KIRKWOOD AVE & MADISON,39.166656,-86.537296
2005,12,6,Weekday,1400,2-Car,No injury/unknown,FAILURE TO YIELD RIGHT OF WAY,KIRKWOOD AVE & MADISON,39.166656,-86.537296
2005,9,1,Weekday,1900,2-Car,No injury/unknown,UNSAFE BACKING,KIRKWOOD & ROGERS,39.16664455,-86.53860755
2005,11,4,Weekday,1200,2-Car,No injury/unknown,OTHER (DRIVER) - EXPLAIN IN NARRATIVE,KIRKWOOD & LINCOLN,39.16664,-86.53141755
2005,5,7,Weekend,1900,2-Car,No injury/unknown,OTHER (DRIVER) - EXPLAIN IN NARRATIVE,DUNN & KIRKWOOD AVE,39.16664,-86.52801469
2005,8,5,Weekday,2100,2-Car,No injury/unknown,UNSAFE BACKING,5TH ST & COLLEGE,39.16664,-86.53453403
2005,4,3,Weekday,1900,2-Car,No injury/unknown,UNSAFE BACKING,KIRKWOOD AVE & WALNUT,39.16664,-86.53381278
2005,5,3,Weekday,1400,2-Car,No injury/unknown,OTHER (DRIVER) - EXPLAIN IN NARRATIVE,GRANT & KIRKWOOD AVE,39.16664,-86.52944776
2005,10,7,Weekend,2100,2-Car,No injury/unknown,OTHER (DRIVER) - EXPLAIN IN NARRATIVE,COLLEGE AVE & KIRKWOOD,39.16664,-86.5348
2005,1,7,Weekend,2000,2-Car,No injury/unknown,DRIVER ASLEEP OR FATIGUED,KINGS & SR46,39.16664,-86.454992
2005,2,6,Weekday,1500,2-Car,No injury/unknown,OTHER (DRIVER) - EXPLAIN IN NARRATIVE,INDIANA AVE & KIRKWOOD,39.16664,-86.526896
2005,1,3,Weekday,1100,2-Car,No injury/unknown,IMPROPER PASSING,KIRKWOOD AVE,39.16664,-86.528192
2005,2,4,Weekday,1200,2-Car,No injury/unknown,OTHER (DRIVER) - EXPLAIN IN NARRATIVE,KIRKWOOD & N WALNUT ST,39.16664,-86.5336
2005,1,2,Weekday,1700,2-Car,No injury/unknown,FAILURE TO YIELD RIGHT OF WAY,KIRKWOOD,39.16664,-86.53072751
2005,8,4,Weekday,1800,3+ Cars,No injury/unknown,FOLLOWING TOO CLOSELY,KIRKWOOD AVE & WALNUT,39.16664,-86.53349361
2005,6,5,Weekday,1700,2-Car,No injury/unknown,UNSAFE BACKING,KIRKWOOD,39.16664,-86.53096555
2005,9,1,Weekend,1600,2-Car,No injury/unknown,FOLLOWING TOO CLOSELY,COLLEGE AVE & KIRKWOOD,39.16664,-86.5348
2005,6,7,Weekend,2000,1-Car,No injury/unknown,OTHER (DRIVER) - EXPLAIN IN NARRATIVE,GRANT & KIRKWOOD AVE,39.16664,-86.52948114
2005,7,6,Weekday,1200,2-Car,No injury/unknown,FAILURE TO YIELD RIGHT OF WAY,DUNN ST,39.16664,-86.528192
2005,8,5,Weekday,2200,Pedestrian,Non-incapacitating,OTHER (DRIVER) - EXPLAIN IN NARRATIVE,KIRKWOOD AVE,39.16664,-86.52816555
2005,11,6,Weekday,1500,Bus,Non-incapacitating,FOLLOWING TOO CLOSELY,COLLEGE AVE & KIRKWOOD,39.16664,-86.5348
2005,9,3,Weekday,1400,2-Car,No injury/unknown,UNSAFE BACKING,KIRKWOOD & ROGERS,39.16664,-86.52800686
2005,9,6,Weekday,1700,2-Car,No injury/unknown,FAILURE TO YIELD RIGHT OF WAY,6TH & COLLEGE AVE,39.16664,-86.5348
2005,8,1,Weekend,1300,2-Car,No injury/unknown,UNSAFE BACKING,E SOMA & KIRKWOOD,39.16664,-86.53070106
2005,12,3,Weekday,500,2-Car,No injury/unknown,IMPROPER TURNING,KRIKWOOD & WALNUT ST,39.16664,-86.5336
2005,11,6,Weekday,1600,2-Car,Non-incapacitating,FAILURE TO YIELD RIGHT OF WAY,CURRY PIKE & GRAND,39.16664,-86.582992
2005,2,6,Weekday,1700,3+ Cars,No injury/unknown,DRIVER DISTRACTED - EXPLAIN IN NARRATIVE,KIRKWOOD & S COLLEGE AVE,39.16664,-86.5348
2005,2,6,Weekday,1300,3+ Cars,No injury/unknown,FAILURE TO YIELD RIGHT OF WAY,KIRKWOOD & N COLLEGE AVE,39.16664,-86.5348
2005,2,4,Weekday,600,2-Car,Non-incapacitating,DISREGARD SIGNAL/REG SIGN,KIRKWOOD & WALNUT ST,39.16664,-86.5336
2005,1,5,Weekday,,2-Car,No injury/unknown,OTHER (DRIVER) - EXPLAIN IN NARRATIVE,DUNN & KIRKWOOD,39.16664,-86.52824519
2005,5,5,Weekday,1600,2-Car,No injury/unknown,VIEW OBSTRUCTED,5TH & ROGERS,39.16664,-86.52816555
2005,4,2,Weekday,1800,2-Car,No injury/unknown,IMPROPER PASSING,KIRKWOOD,39.16664,-86.53096555
2005,3,2,Weekday,800,2-Car,No injury/unknown,FAILURE TO YIELD RIGHT OF WAY,ALLEY & S WASHINGTON,39.16664,-86.5324
2005,4,4,Weekday,800,2-Car,No injury/unknown,DISREGARD SIGNAL/REG SIGN,E KIRKWOOD AVE & S LINCOLN,39.16664,-86.530992
2005,3,1,Weekday,2100,2-Car,No injury/unknown,IMPROPER TURNING,KIRKWOOD AVE & WALNUT,39.16664,-86.5336
2005,4,6,Weekend,2300,2-Car,No injury/unknown,IMPROPER LANE USAGE,DUNN & KIRKWOOD,39.16664,-86.528192
2005,6,2,Weekday,1000,1-Car,No injury/unknown,IMPROPER TURNING,KIRKWOOD AVE & WALNUT,39.16664,-86.5336
2005,4,2,Weekday,1400,2-Car,No injury/unknown,WRONG WAY ON ONE WAY,KIRKWOOD & S LINCOLN,39.16664,-86.530992
2005,5,5,Weekday,800,1-Car,No injury/unknown,OTHER (DRIVER) - EXPLAIN IN NARRATIVE,COLLEGE & KIRKWOOD AVE,39.16664,-86.5348
2005,4,4,Weekday,800,2-Car,No injury/unknown,UNSAFE BACKING,KIRKWOOD,39.16664,-86.52816555
2005,5,3,Weekday,1700,2-Car,Non-incapacitating,OTHER (DRIVER) - EXPLAIN IN NARRATIVE,KIRKWOOD AVE,39.16664,-86.533
2005,4,2,Weekday,1300,2-Car,No injury/unknown,DISREGARD SIGNAL/REG SIGN,KIRKWOOD & WALNUT ST,39.16664,-86.5336
2005,10,6,Weekday,1600,2-Car,No injury/unknown,IMPROPER TURNING,INDIANA & KIRKWOOD,39.16664,-86.526896
2005,11,4,Weekday,600,2-Car,Non-incapacitating,DISREGARD SIGNAL/REG SIGN,COLLEGE & KIRKWOOD,39.16664,-86.5348
2005,3,5,Weekday,1600,2-Car,Non-incapacitating,FOLLOWING TOO CLOSELY,CURRY PIKE & GRAND,39.16664,-86.582992
2005,10,7,Weekend,900,2-Car,No injury/unknown,UNSAFE BACKING,KIRKWOOD,39.16664,-86.52816555
2005,11,5,Weekday,1100,2-Car,No injury/unknown,DRIVER DISTRACTED - EXPLAIN IN NARRATIVE,COLLEGE & KIRKWOOD,39.16664,-86.5336
2005,11,4,Weekday,1300,2-Car,No injury/unknown,OTHER (DRIVER) - EXPLAIN IN NARRATIVE,KIRKWOOD AVE,39.16664,-86.5324
2005,12,7,Weekend,1300,2-Car,No injury/unknown,OTHER (DRIVER) - EXPLAIN IN NARRATIVE,KIRKWOOD & WALNUT ST,39.16664,-86.5336
2005,11,4,Weekday,2200,2-Car,No injury/unknown,UNSAFE SPEED,E KIRKWOOD AVE,39.16664,-86.52798041