Year,Month,Day,Weekend?,Hour,Collision Type,Injury Type,Primary Factor,Reported_Location,Latitude,Longitude
2005,3,6,Weekday,1800,3+ Cars,No injury/unknown,DRIVER DISTRACTED - EXPLAIN IN NARRATIVE,3RD & FRANKLIN RD,39.16660978,-86.571216
2005,6,5,Weekday,1700,2-Car,No injury/unknown,DISREGARD SIGNAL/REG SIGN,COLLEGE AVE & SIXTH,39.1666,-86.534899
2005,9,6,Weekday,1000,2-Car,No injury/unknown,UNSAFE BACKING,KINGSTON,39.16658457,-86.49281455
2005,11,7,Weekend,1400,2-Car,No injury/unknown,OTHER (DRIVER) - EXPLAIN IN NARRATIVE,S FAIRFIELD DR,39.166584,-86.569999
2005,8,5,Weekday,1500,2-Car,Non-incapacitating,OTHER (DRIVER) - EXPLAIN IN NARRATIVE,HARTSTRAIT RD & SR48,39.16657677,-86.61131084
2005,2,4,Weekday,1300,2-Car,No injury/unknown,FAILURE TO YIELD RIGHT OF WAY,UNION & UNION ST,39.16657345,-86.509296
2005,6,2,Weekday,1400,2-Car,No injury/unknown,UNSAFE BACKING,INDIANA AVE & KIRKWOOD,39.16657141,-86.52689268
2005,5,1,,,2-Car,No injury/unknown,OTHER (DRIVER) - EXPLAIN IN NARRATIVE,FRANKLIN DR,39.16656,-86.571216
2005,12,4,Weekday,1000,2-Car,No injury/unknown,IMPROPER TURNING,KINGSTON,39.16655822,-86.492816
2005,11,4,Weekday,1700,2-Car,No injury/unknown,FOLLOWING TOO CLOSELY,KIRKWOOD & WALNUT,39.16655763,-86.5336
2005,1,3,Weekday,1700,2-Car,No injury/unknown,OTHER (DRIVER) - EXPLAIN IN NARRATIVE,KIRKWOOD & WALNUT ST,39.16655763,-86.5336
2005,10,1,Weekend,500,1-Car,No injury/unknown,RAN OFF ROAD RIGHT,SR46,39.166544,-86.464248
2005,8,3,Weekday,700,1-Car,No injury/unknown,ROADWAY SURFACE CONDITION,SR46,39.166544,-86.464248
2005,6,6,Weekend,2100,1-Car,No injury/unknown,ALCOHOLIC BEVERAGES,INDIANA,39.16653878,-86.5268911
2005,4,2,Weekday,1200,2-Car,No injury/unknown,IMPROPER TURNING,KIRKWOOD & WASHINGTON,39.16653018,-86.5324
2005,8,2,Weekday,1300,2-Car,No injury/unknown,OTHER (DRIVER) - EXPLAIN IN NARRATIVE,KIRKWOOD & LIBRARY LOT,39.1665,-86.531055
2005,10,3,Weekday,1600,2-Car,No injury/unknown,OTHER (DRIVER) - EXPLAIN IN NARRATIVE,KIRKWOOD,39.1665,-86.530912
2005,10,1,Weekend,1300,2-Car,Non-incapacitating,UNSAFE BACKING,FRANKLIN,39.166496,-86.571216
2005,7,2,Weekday,1700,2-Car,Non-incapacitating,FOLLOWING TOO CLOSELY,MORNINGSIDE & SMITH RD,39.166432,-86.4812
2005,11,1,Weekend,900,2-Car,No injury/unknown,FAILURE TO YIELD RIGHT OF WAY,MORNINGSIDE & SMITH RD,39.166432,-86.4812
2005,7,3,Weekday,1600,3+ Cars,Non-incapacitating,DISREGARD SIGNAL/REG SIGN,MORNINGSIDE & SMITH RD,39.166432,-86.4812
2005,7,4,Weekday,400,1-Car,Non-incapacitating,ALCOHOLIC BEVERAGES,HILLSDALE,39.166416,-86.503458
2005,8,4,Weekday,900,2-Car,No injury/unknown,OTHER (DRIVER) - EXPLAIN IN NARRATIVE,BLOOMFIELD & LANDMARK AVE,39.16628412,-86.55379641
2005,12,2,Weekday,1800,2-Car,No injury/unknown,ROADWAY SURFACE CONDITION,E MORINGSIDE & SMITH,39.1662,-86.48269295
2005,10,4,Weekday,1600,2-Car,No injury/unknown,FAILURE TO YIELD RIGHT OF WAY,JONES & JORDAN AVE,39.166199,-86.516399
2005,2,3,Weekday,2300,1-Car,No injury/unknown,OTHER (VEHICLE) - EXPLAIN IN NARRATIVE,KIMBLE & MARLENE DR,39.16615347,-86.56705306
2005,1,7,Weekend,2100,2-Car,No injury/unknown,FAILURE TO YIELD RIGHT OF WAY,WALNUT,39.166144,-86.5336
2005,6,3,Weekday,800,2-Car,No injury/unknown,NONE (DRIVER),WALNUT ST,39.166144,-86.5336
2005,7,6,Weekday,1700,1-Car,Non-incapacitating,OTHER (DRIVER) - EXPLAIN IN NARRATIVE,WALNUT,39.166144,-86.5336
2005,4,6,Weekday,1700,2-Car,No injury/unknown,FAILURE TO YIELD RIGHT OF WAY,WALNUT,39.166144,-86.5336
2005,5,6,Weekday,1500,3+ Cars,No injury/unknown,FAILURE TO YIELD RIGHT OF WAY,WALNUT ST,39.166144,-86.5336
2005,8,3,Weekday,1600,2-Car,No injury/unknown,FOLLOWING TOO CLOSELY,DUNN ST,39.166144,-86.528168
2005,12,3,Weekday,0,2-Car,No injury/unknown,,S ROSE AVE,39.16603957,-86.51092331
2005,2,2,Weekday,1000,2-Car,No injury/unknown,OTHER (DRIVER) - EXPLAIN IN NARRATIVE,DANIELS WAY & SR48,39.16591198,-86.59907373
2005,1,1,Weekday,1900,2-Car,No injury/unknown,UNSAFE BACKING,4TH ST & HILLSDALE,39.16584,-86.503392
2005,8,2,Weekday,1300,2-Car,No injury/unknown,FOLLOWING TOO CLOSELY,3RD & SR46,39.16573662,-86.46875669
2005,7,6,Weekday,1200,2-Car,No injury/unknown,FAILURE TO YIELD RIGHT OF WAY,4TH ST,39.165736,-86.544464
2005,11,1,,,2-Car,No injury/unknown,OTHER (DRIVER) - EXPLAIN IN NARRATIVE,41TH ST & FAIRVIEW,39.165712,-86.5408
2005,6,3,Weekday,1100,2-Car,No injury/unknown,FAILURE TO YIELD RIGHT OF WAY,4TH & ROGERS,39.165696,-86.538592
2005,7,4,Weekday,1600,3+ Cars,Non-incapacitating,FOLLOWING TOO CLOSELY,3RD & ROGERS ST,39.165696,-86.538592
2005,12,1,Weekend,100,2-Car,No injury/unknown,FAILURE TO YIELD RIGHT OF WAY,4TH & S ROGERS,39.165696,-86.538592
2005,3,6,Weekday,1800,2-Car,No injury/unknown,FAILURE TO YIELD RIGHT OF WAY,4TH ST & ROGERS,39.165696,-86.538592
2005,5,7,Weekend,1300,2-Car,No injury/unknown,OTHER (DRIVER) - EXPLAIN IN NARRATIVE,ROGERS & W 4TH ST,39.165696,-86.53871771
2005,5,7,Weekend,2000,2-Car,No injury/unknown,UNSAFE BACKING,4TH ST,39.165696,-86.538592
2005,5,2,Weekday,1800,2-Car,No injury/unknown,UNSAFE BACKING,4TH ST & GRANT,39.16568327,-86.53756049
2005,9,5,Weekday,2000,2-Car,No injury/unknown,DRIVER DISTRACTED - EXPLAIN IN NARRATIVE,4TH ST & MADISON,39.1656811,-86.53738464
2005,9,3,Weekday,1900,1-Car,Non-incapacitating,FAILURE TO YIELD RIGHT OF WAY,4TH ST & COLLEGE,39.165664,-86.5348
2005,7,3,Weekday,1900,2-Car,Non-incapacitating,DISREGARD SIGNAL/REG SIGN,4TH & COLLEGE AVE,39.165664,-86.5348
2005,6,5,Weekday,800,2-Car,No injury/unknown,FAILURE TO YIELD RIGHT OF WAY,4TH ST & COLLEGE,39.165664,-86.5348
2005,9,1,Weekend,1100,2-Car,Non-incapacitating,OTHER (DRIVER) - EXPLAIN IN NARRATIVE,4TH & COLLEGE AVE,39.165664,-86.5348
2005,3,2,Weekday,1000,2-Car,Non-incapacitating,IMPROPER LANE USAGE,4TH & COLLEGE AVE,39.165664,-86.5348
2005,5,2,Weekday,1500,2-Car,No injury/unknown,DISREGARD SIGNAL/REG SIGN,4TH & COLLEGE AVE,39.165664,-86.5348
2005,1,5,Weekday,1200,2-Car,No injury/unknown,OTHER (DRIVER) - EXPLAIN IN NARRATIVE,4TH & COLLEGE AVE,39.165664,-86.5348
2005,10,1,,,2-Car,No injury/unknown,,4TH ST & MADISON,39.165664,-86.536
2005,10,4,Weekday,1300,2-Car,No injury/unknown,CELL PHONE USAGE,GATES DR & SR48,39.16565584,-86.57596037
2005,5,4,Weekday,1400,2-Car,No injury/unknown,,4TH ST & WASHINGTON,39.165648,-86.53169076
2005,8,6,Weekday,1300,2-Car,No injury/unknown,OTHER (DRIVER) - EXPLAIN IN NARRATIVE,4TH & WASHINGTON,39.165648,-86.53213404
2005,12,2,Weekday,1800,2-Car,No injury/unknown,OTHER (DRIVER) - EXPLAIN IN NARRATIVE,4TH ST & DUNN,39.165648,-86.52840997
2005,10,3,Weekday,1100,2-Car,No injury/unknown,UNSAFE BACKING,FOURTH ST & UNION,39.165648,-86.509296
2005,11,3,Weekday,1200,2-Car,No injury/unknown,UNSAFE BACKING,WALNUT SPRINGS,39.165648,-86.5336
2005,8,6,Weekday,900,1-Car,No injury/unknown,OTHER (DRIVER) - EXPLAIN IN NARRATIVE,E 4TH ST & GRANT,39.165648,-86.529712
2005,4,4,Weekday,900,2-Car,No injury/unknown,IMPROPER LANE USAGE,DUNN ST & FOURTH,39.165648,-86.528144
2005,4,3,Weekday,1600,2-Car,Non-incapacitating,UNSAFE SPEED,S CLARIZZ,39.165648,-86.5048
2005,1,4,Weekday,1500,2-Car,No injury/unknown,UNSAFE BACKING,WALNUT,39.165648,-86.5336
2005,1,3,Weekday,0,2-Car,No injury/unknown,OTHER (DRIVER) - EXPLAIN IN NARRATIVE,WALNUT,39.165648,-86.5336
2005,7,7,Weekend,1000,2-Car,No injury/unknown,FAILURE TO YIELD RIGHT OF WAY,WASHINGTON,39.165648,-86.5324
2005,6,7,Weekend,1300,2-Car,No injury/unknown,UNSAFE BACKING,4TH ST,39.165648,-86.5336
2005,5,6,Weekday,1100,2-Car,No injury/unknown,FAILURE TO YIELD RIGHT OF WAY,GRANT,39.165648,-86.529712
2005,5,5,Weekday,800,2-Car,No injury/unknown,FAILURE TO YIELD RIGHT OF WAY,SR45 & WALNUT ST,39.165648,-86.5336
2005,10,1,Weekend,1600,2-Car,No injury/unknown,DISREGARD SIGNAL/REG SIGN,4TH & WASHINGTON,39.165648,-86.5324
2005,9,5,Weekday,1200,2-Car,No injury/unknown,UNSAFE BACKING,SR45 & WALNUT,39.165648,-86.5336
2005,2,4,Weekday,200,2-Car,No injury/unknown,UNSAFE BACKING,WALNUT,39.165648,-86.5336
2005,7,6,Weekday,700,2-Car,Non-incapacitating,DISREGARD SIGNAL/REG SIGN,4TH & LINCOLN ST,39.165648,-86.531008
2005,1,6,Weekday,1500,3+ Cars,Non-incapacitating,ACCELERATOR FAILURE OR DEFECTIVE,WASHINGTON ST,39.165648,-86.5324
2005,5,3,Weekday,1900,2-Car,No injury/unknown,FAILURE TO YIELD RIGHT OF WAY,WALNUT,39.165648,-86.5336
2005,1,4,Weekday,1800,3+ Cars,No injury/unknown,OTHER (VEHICLE) - EXPLAIN IN NARRATIVE,WALNUT,39.165648,-86.5336
2005,2,7,Weekend,2200,1-Car,No injury/unknown,ALCOHOLIC BEVERAGES,WALNUT & WINSLOW,39.165648,-86.5336
2005,3,6,Weekday,1400,2-Car,No injury/unknown,FAILURE TO YIELD RIGHT OF WAY,4TH & GRANT ST,39.165648,-86.529712
2005,3,7,Weekend,1000,2-Car,Non-incapacitating,FAILURE TO YIELD RIGHT OF WAY,FRITZ & WALNUT ST,39.165648,-86.5336
2005,6,4,Weekday,700,2-Car,No injury/unknown,UNSAFE BACKING,WALNUT ST,39.165648,-86.5336
2005,7,4,Weekday,1200,2-Car,No injury/unknown,UNSAFE BACKING,4TH ST,39.165648,-86.53231478
2005,5,6,Weekend,2200,2-Car,No injury/unknown,FAILURE TO YIELD RIGHT OF WAY,E 4TH & S WASHINGTON,39.165648,-86.5324
2005,10,1,Weekend,1100,2-Car,No injury/unknown,FAILURE TO YIELD RIGHT OF WAY,WALNUT ST,39.165648,-86.5336
2005,6,5,Weekday,1000,1-Car,Non-incapacitating,DRIVER ILLNESS,4TH & LINCOLN,39.165648,-86.531008
2005,4,2,Weekday,900,1-Car,No injury/unknown,IMPROPER TURNING,WALNUT ST,39.165648,-86.5336
2005,4,4,Weekday,1500,Pedestrian,Non-incapacitating,OTHER (DRIVER) - EXPLAIN IN NARRATIVE,4TH & WALNUT ST,39.165648,-86.5336
2005,3,2,Weekday,1700,2-Car,No injury/unknown,FOLLOWING TOO CLOSELY,4TH & INDIANA AVE,39.165648,-86.526848
2005,4,6,Weekday,1700,2-Car,No injury/unknown,IMPROPER TURNING,CASCADE & WALNUT,39.165648,-86.5336
2005,3,7,Weekend,1300,2-Car,No injury/unknown,OTHER (DRIVER) - EXPLAIN IN NARRATIVE,WALNUT,39.165648,-86.5336
2005,10,5,Weekday,1200,2-Car,No injury/unknown,FAILURE TO YIELD RIGHT OF WAY,4TH & S LINCOLN ST,39.165648,-86.531008
2005,10,7,Weekend,0,2-Car,No injury/unknown,,DUNN,39.165648,-86.528144
2005,2,1,Weekend,1500,2-Car,No injury/unknown,FAILURE TO YIELD RIGHT OF WAY,GATES DR & JACOB,39.165599,-86.575999
2005,11,3,Weekday,1900,2-Car,No injury/unknown,FAILURE TO YIELD RIGHT OF WAY,3RD & S WALNUT ST,39.165599,-86.533599
2005,2,7,Weekend,1100,3+ Cars,No injury/unknown,BRAKE FAILURE OR DEFECTIVE,7TH & ROSE,39.16558739,-86.51096776
2005,8,3,Weekday,1700,Moped/Motorcycle,Non-incapacitating,IMPROPER PASSING,4TH & GRANT ST,39.16557937,-86.52971309
2005,8,2,Weekday,1400,2-Car,Non-incapacitating,FAILURE TO YIELD RIGHT OF WAY,KINGSTON,39.165544,-86.492872
2005,3,2,Weekday,1400,2-Car,No injury/unknown,FAILURE TO YIELD RIGHT OF WAY,4TH & DUNN ST,39.16551079,-86.52813851
2005,1,2,Weekday,1100,2-Car,No injury/unknown,OTHER (DRIVER) - EXPLAIN IN NARRATIVE,INDIANA,39.16550106,-86.52684212
2005,2,4,Weekday,1100,2-Car,No injury/unknown,OVERCORRECTING/OVERSTEERING,INDIANA & INDIANA AVE,39.16550106,-86.52684212
2005,7,3,Weekday,,2-Car,No injury/unknown,OTHER (DRIVER) - EXPLAIN IN NARRATIVE,MADISON ST,39.16548082,-86.537296
2005,12,7,Weekend,1900,2-Car,No injury/unknown,OTHER (DRIVER) - EXPLAIN IN NARRATIVE,JONES AVE & ROSE,39.165399,-86.51631048
2005,12,2,Weekday,900,2-Car,No injury/unknown,DRIVER DISTRACTED - EXPLAIN IN NARRATIVE,JONES AVE & JORDAN,39.165399,-86.51644026
2005,8,4,Weekday,1300,2-Car,No injury/unknown,NONE (DRIVER),JONES AVE & SO JORDAN,39.165399,-86.51637105
2005,11,5,Weekday,2300,2-Car,No injury/unknown,OVERCORRECTING/OVERSTEERING,JONES & ROSE,39.165399,-86.51640782
2005,2,6,Weekend,2100,2-Car,No injury/unknown,OTHER (DRIVER) - EXPLAIN IN NARRATIVE,JONES AVE & JORDAN,39.165399,-86.516397
2005,5,4,Weekday,900,2-Car,No injury/unknown,FAILURE TO YIELD RIGHT OF WAY,JONES AVE & JORDAN,39.165399,-86.516397
2005,5,6,Weekday,1300,2-Car,No injury/unknown,OVERCORRECTING/OVERSTEERING,10TH & SUNRISE AVE,39.16533135,-86.5124
2005,7,3,Weekday,1300,3+ Cars,No injury/unknown,ROADWAY SURFACE CONDITION,3RD ST & CLIFFON,39.16530749,-86.5097212
2005,9,6,Weekday,1600,2-Car,No injury/unknown,FAILURE TO YIELD RIGHT OF WAY,JONES & ROSE AVE,39.165302,-86.510899
2005,6,1,Weekend,1000,2-Car,Non-incapacitating,FOLLOWING TOO CLOSELY,3RD & CURRY PIKE,39.165301,-86.582995
2005,5,4,Weekday,1100,2-Car,No injury/unknown,FAILURE TO YIELD RIGHT OF WAY,3RD & CURRY PIKE,39.165301,-86.582995
2005,4,7,Weekend,1000,2-Car,Non-incapacitating,OTHER (DRIVER) - EXPLAIN IN NARRATIVE,3RD & CURRY,39.165301,-86.582995
2005,11,7,Weekend,2300,2-Car,No injury/unknown,IMPROPER TURNING,3RD & CURRY,39.165301,-86.582995
2005,1,2,Weekday,2200,2-Car,No injury/unknown,,JONES AVE & JORDAN,39.1653,-86.5114693
2005,4,7,Weekend,1700,2-Car,No injury/unknown,UNSAFE BACKING,- & JORDAN,39.16524248,-86.51521267
2005,8,7,Weekend,300,Moped/Motorcycle,Incapacitating,OTHER (DRIVER) - EXPLAIN IN NARRATIVE,SR46 & TRAILWAY,39.16510415,-86.4299071
2005,1,4,Weekday,700,3+ Cars,Non-incapacitating,FAILURE TO YIELD RIGHT OF WAY,CURRY,39.165088,-86.582896
2005,9,7,Weekend,800,2-Car,No injury/unknown,FOLLOWING TOO CLOSELY,PRAK SQUARE & US ROUTE 48,39.165056,-86.653168
2005,6,4,Weekday,800,2-Car,No injury/unknown,UNSAFE BACKING,2ND & ROGERS ST,39.16504246,-86.538699
2005,12,5,Weekday,2000,1-Car,No injury/unknown,ALCOHOLIC BEVERAGES,OARD & SR48,39.16496408,-86.61294599
2005,7,1,Weekday,1900,2-Car,Non-incapacitating,OTHER (DRIVER) - EXPLAIN IN NARRATIVE,CURRY PIKE & SR48,39.16495782,-86.582896
2005,6,4,Weekday,1100,2-Car,No injury/unknown,LEFT OF CENTER,HARTSTRAIT & SR48,39.164944,-86.611296
2005,4,7,Weekend,100,1-Car,Non-incapacitating,RAN OFF ROAD RIGHT,KIRBY & SR48,39.16493308,-86.6105826
2005,5,2,Weekday,1300,2-Car,No injury/unknown,FAILURE TO YIELD RIGHT OF WAY,3RD & KIMBLE,39.16485954,-86.56800844
2005,9,4,Weekday,500,Pedestrian,Non-incapacitating,PEDESTRIAN ACTION,DANIELS & SR48E,39.16485453,-86.59907373
2005,6,2,Weekday,1600,3+ Cars,Non-incapacitating,OTHER (DRIVER) - EXPLAIN IN NARRATIVE,CURRY & SR48,39.164848,-86.58395985
2005,2,1,Weekend,1300,Moped/Motorcycle,Non-incapacitating,ROADWAY SURFACE CONDITION,SHERWOOD & US48,39.164848,-86.58996931
2005,8,3,Weekday,2100,1-Car,Non-incapacitating,DRIVER DISTRACTED - EXPLAIN IN NARRATIVE,SR46 & TRAILWAYS,39.164848,-86.428896
2005,8,6,Weekday,1100,2-Car,No injury/unknown,FOLLOWING TOO CLOSELY,KNAPP & SR48,39.164848,-86.60205796
2005,10,3,Weekday,1500,2-Car,Non-incapacitating,DISREGARD SIGNAL/REG SIGN,CURRY & SR48,39.164848,-86.582896
2005,8,2,Weekday,1800,1-Car,No injury/unknown,ILLEGAL DRUGS,3RD ST,39.164848,-86.579504
2005,7,5,Weekday,1500,2-Car,No injury/unknown,FAILURE TO YIELD RIGHT OF WAY,CURRY & SR48,39.164848,-86.58298465
2005,8,2,Weekday,1200,2-Car,No injury/unknown,UNSAFE BACKING,LOT E 3RD ST,39.164848,-86.581504
2005,1,3,Weekday,1900,2-Car,No injury/unknown,OTHER (DRIVER) - EXPLAIN IN NARRATIVE,3RD ST,39.164848,-86.57962482
2005,9,2,Weekday,1000,2-Car,No injury/unknown,FAILURE TO YIELD RIGHT OF WAY,W 3RD,39.164848,-86.575104
2005,8,4,Weekday,1600,2-Car,No injury/unknown,FAILURE TO YIELD RIGHT OF WAY,GATES & W 3RD,39.164848,-86.575104
2005,12,4,Weekday,1700,2-Car,No injury/unknown,FAILURE TO YIELD RIGHT OF WAY,CURRY & SR48,39.164848,-86.582896
2005,10,7,Weekend,1500,2-Car,No injury/unknown,OTHER (DRIVER) - EXPLAIN IN NARRATIVE,3RD ST,39.164848,-86.57584186
2005,9,4,Weekday,1200,Moped/Motorcycle,Incapacitating,RAN OFF ROAD RIGHT,SR46 & TRAILWAY,39.164848,-86.428896
2005,1,5,Weekday,1500,2-Car,Non-incapacitating,FAILURE TO YIELD RIGHT OF WAY,3RD ST & JACOB,39.164848,-86.5761011
2005,8,4,Weekday,1700,2-Car,No injury/unknown,IMPROPER TURNING,LIBERTY & W 3RD ST,39.164848,-86.581504
2005,2,4,Weekday,1800,2-Car,No injury/unknown,OTHER (DRIVER) - EXPLAIN IN NARRATIVE,CURRY & SR48,39.164848,-86.582896
2005,1,3,Weekday,1900,2-Car,Non-incapacitating,OTHER (DRIVER) - EXPLAIN IN NARRATIVE,CURRY PIKE & SR48,39.164848,-86.582896
2005,6,2,Weekday,1600,2-Car,No injury/unknown,FAILURE TO YIELD RIGHT OF WAY,3RD ST & LIBERTY,39.164848,-86.579504
2005,3,7,Weekend,1100,2-Car,No injury/unknown,FAILURE TO YIELD RIGHT OF WAY,3RD ST & SR37,39.164848,-86.575104
2005,7,1,Weekend,1100,2-Car,No injury/unknown,FAILURE TO YIELD RIGHT OF WAY,3RD & 3RD ST,39.164848,-86.57961274
2005,7,7,Weekend,1600,2-Car,No injury/unknown,UNSAFE BACKING,3RD ST,39.164848,-86.57487674
2005,3,5,Weekday,1200,2-Car,No injury/unknown,FAILURE TO YIELD RIGHT OF WAY,3RD ST,39.164848,-86.57614099
2005,1,3,Weekday,1800,1-Car,No injury/unknown,OTHER (DRIVER) - EXPLAIN IN NARRATIVE,CURRY PIKE & SR48,39.164848,-86.582896
2005,7,6,Weekday,900,1-Car,Non-incapacitating,RAN OFF ROAD RIGHT,OARD & SR48 W,39.164848,-86.62
2005,6,4,Weekday,1300,1-Car,Non-incapacitating,ALCOHOLIC BEVERAGES,SR48 & WAYNES,39.164848,-86.5924
2005,6,5,Weekday,700,2-Car,No injury/unknown,SPEED TOO FAST FOR WEATHER CONDITIONS,SHERWOOD & SR48,39.164848,-86.589792
2005,10,5,Weekday,1300,2-Car,No injury/unknown,ROADWAY SURFACE CONDITION,3RD ST & LIBERTY,39.164848,-86.575104
2005,11,6,Weekday,600,2-Car,No injury/unknown,FAILURE TO YIELD RIGHT OF WAY,CURRY & SR48,39.164848,-86.582896
2005,11,4,Weekday,900,2-Car,No injury/unknown,FOLLOWING TOO CLOSELY,CURRY & SR 48,39.164848,-86.582896
2005,12,6,Weekday,1500,2-Car,No injury/unknown,FAILURE TO YIELD RIGHT OF WAY,W 3RD ST,39.164848,-86.5767824
2005,12,6,Weekday,1800,Bus,No injury/unknown,FAILURE TO YIELD RIGHT OF WAY,CURRY PIKE & SR48,39.164848,-86.582896
2005,10,7,Weekend,1300,2-Car,Non-incapacitating,OTHER (DRIVER) - EXPLAIN IN NARRATIVE,CURRY & SR 48,39.164848,-86.58307331
2005,9,5,Weekday,1000,2-Car,No injury/unknown,FAILURE TO YIELD RIGHT OF WAY,CURRY & SR48E,39.164848,-86.58316196
2005,6,6,Weekday,1800,2-Car,Non-incapacitating,FAILURE TO YIELD RIGHT OF WAY,LIBERTY,39.16484,-86.581776
2005,11,3,Weekday,1700,2-Car,Non-incapacitating,FAILURE TO YIELD RIGHT OF WAY,3RD ST & LIBERTY,39.16484,-86.581776
2005,5,4,Weekday,1200,2-Car,No injury/unknown,FAILURE TO YIELD RIGHT OF WAY,BURGER KING PARKING LOT & THIRD ST,39.16483984,-86.5804062
2005,7,6,Weekday,1600,2-Car,Non-incapacitating,OTHER (DRIVER) - EXPLAIN IN NARRATIVE,HICKORY & SR48,39.164832,-86.58574962
2005,1,6,Weekday,1300,2-Car,No injury/unknown,OTHER (DRIVER) - EXPLAIN IN NARRATIVE,3RD ST,39.164832,-86.582048
2005,3,2,Weekday,1500,2-Car,No injury/unknown,UNSAFE BACKING,3RD ST,39.164832,-86.582048
2005,7,1,Weekend,1200,1-Car,No injury/unknown,UNSAFE BACKING,W 3RD ST,39.164832,-86.582048
2005,12,7,Weekend,1200,2-Car,No injury/unknown,DRIVER DISTRACTED - EXPLAIN IN NARRATIVE,CURRY & SR48W,39.164832,-86.58254304
2005,6,4,Weekday,0,1-Car,Non-incapacitating,UNSAFE SPEED,FAIRFIELD & FRANKLIN RD,39.1648238,-86.57018521
2005,6,3,Weekday,2300,1-Car,Non-incapacitating,DRIVER ILLNESS,3RD & 3RD ST,39.16482122,-86.5789551
2005,2,6,Weekday,1600,1-Car,No injury/unknown,DRIVER DISTRACTED - EXPLAIN IN NARRATIVE,W 3RD ST,39.16482122,-86.5789551
2005,12,7,Weekend,1200,2-Car,No injury/unknown,SPEED TOO FAST FOR WEATHER CONDITIONS,W 3RD & WEST 3RD,39.16482122,-86.5789551
2005,6,1,Weekday,2000,2-Car,No injury/unknown,OTHER (DRIVER) - EXPLAIN IN NARRATIVE,3RD ST,39.16481927,-86.57891494
2005,8,1,Weekend,1400,2-Car,No injury/unknown,FAILURE TO YIELD RIGHT OF WAY,3RD ST & KINGSTON,39.164816,-86.573888
2005,1,2,Weekday,1800,1-Car,No injury/unknown,ANIMAL/OBJECT IN ROADWAY,OARD & SR48,39.1647873,-86.62023553
2005,2,7,Weekend,1400,2-Car,No injury/unknown,FAILURE TO YIELD RIGHT OF WAY,PARK SQUARE & SR48,39.16476574,-86.59228452
2005,2,7,Weekend,1000,2-Car,No injury/unknown,OTHER (VEHICLE) - EXPLAIN IN NARRATIVE,PARK SQUARE & SR48,39.16476574,-86.59228452
2005,11,1,Weekend,1000,2-Car,No injury/unknown,FAILURE TO YIELD RIGHT OF WAY,SR 37 & SR 48,39.16476186,-86.57324527
2005,1,5,Weekday,400,1-Car,No injury/unknown,ANIMAL/OBJECT IN ROADWAY,PARK SQUARE & SR 48,39.164755,-86.5954653
2005,12,6,Weekend,2000,2-Car,No injury/unknown,DISREGARD SIGNAL/REG SIGN,3RD ST & SR37,39.164752,-86.573104
2005,10,7,Weekend,1700,2-Car,No injury/unknown,FOLLOWING TOO CLOSELY,3RD ST & SR37,39.164752,-86.573104
2005,8,4,Weekday,1800,2-Car,No injury/unknown,OTHER (DRIVER) - EXPLAIN IN NARRATIVE,3RD ST & SR37,39.164752,-86.573104
2005,4,1,Weekend,200,1-Car,Non-incapacitating,OTHER (DRIVER) - EXPLAIN IN NARRATIVE,SR37 & W 3RD,39.164752,-86.573104
2005,7,5,Weekday,100,1-Car,Non-incapacitating,DRIVER ASLEEP OR FATIGUED,3RD & SR37,39.164752,-86.573104
2005,1,3,Weekday,1600,2-Car,No injury/unknown,FAILURE TO YIELD RIGHT OF WAY,3RD ST & KINGSTON,39.164752,-86.573104
2005,9,7,Weekend,1300,2-Car,No injury/unknown,FOLLOWING TOO CLOSELY,SR37 & SR48,39.164752,-86.573104
2005,9,2,Weekday,1000,2-Car,Non-incapacitating,DISREGARD SIGNAL/REG SIGN,3RD & SR37,39.164752,-86.573104
2005,1,6,Weekday,1600,2-Car,No injury/unknown,OTHER (DRIVER) - EXPLAIN IN NARRATIVE,SR37 & SR48,39.164752,-86.573104
2005,1,2,Weekday,1900,2-Car,Non-incapacitating,IMPROPER TURNING,SR37 & SR48,39.164752,-86.573104
2005,10,6,Weekday,1100,2-Car,Non-incapacitating,SPEED TOO FAST FOR WEATHER CONDITIONS,SR37 & SR48,39.164752,-86.573104
2005,7,2,Weekday,1100,2-Car,Non-incapacitating,DISREGARD SIGNAL/REG SIGN,SR37 & SR48,39.164752,-86.573104
2005,8,1,Weekend,1400,2-Car,Non-incapacitating,DISREGARD SIGNAL/REG SIGN,3RD ST & SR37,39.164752,-86.573104
2005,12,3,Weekday,1400,2-Car,No injury/unknown,FOLLOWING TOO CLOSELY,3RD & US37,39.164752,-86.573104
2005,11,2,Weekday,1600,2-Car,No injury/unknown,FAILURE TO YIELD RIGHT OF WAY,SR37 & SR48,39.164752,-86.573104
2005,2,2,Weekday,1100,2-Car,Non-incapacitating,FAILURE TO YIELD RIGHT OF WAY,SR 37 & W 3RD,39.164752,-86.573104
2005,4,4,Weekday,900,2-Car,Non-incapacitating,SPEED TOO FAST FOR WEATHER CONDITIONS,3RD ST & SR37,39.164752,-86.573104
2005,5,7,Weekend,900,2-Car,Non-incapacitating,FAILURE TO YIELD RIGHT OF WAY,SR37S & SR48,39.164752,-86.573104
2005,5,2,Weekday,1600,2-Car,No injury/unknown,FAILURE TO YIELD RIGHT OF WAY,3RD ST & KINGSTON,39.164752,-86.573104