Year,Month,Day,Weekend?,Hour,Collision Type,Injury Type,Primary Factor,Reported_Location,Latitude,Longitude
2005,5,5,Weekday,1400,2-Car,Non-incapacitating,LEFT OF CENTER,3RD & SR37,39.164752,-86.573104
2005,4,7,Weekend,1700,3+ Cars,Non-incapacitating,UNSAFE SPEED,SR37 & SR48,39.164752,-86.573104
2005,4,2,Weekday,2200,2-Car,No injury/unknown,FAILURE TO YIELD RIGHT OF WAY,3RD ST & SR 37,39.164752,-86.573104
2005,4,4,Weekday,1200,2-Car,No injury/unknown,FOLLOWING TOO CLOSELY,3RD & SR37,39.164752,-86.573104
2005,4,5,Weekday,1700,2-Car,Non-incapacitating,OTHER (DRIVER) - EXPLAIN IN NARRATIVE,SR37 & THIRD,39.164752,-86.573104
2005,5,1,Weekend,1400,3+ Cars,Non-incapacitating,OTHER (DRIVER) - EXPLAIN IN NARRATIVE,3RD ST & SR37,39.164752,-86.573104
2005,1,5,Weekday,1300,2-Car,No injury/unknown,OTHER (DRIVER) - EXPLAIN IN NARRATIVE,3RD & SR45,39.164752,-86.573104
2005,1,4,Weekday,2300,2-Car,Non-incapacitating,FAILURE TO YIELD RIGHT OF WAY,3RD ST & SR37,39.164752,-86.573104
2005,11,4,Weekday,700,2-Car,No injury/unknown,FOLLOWING TOO CLOSELY,3RD ST & SR37,39.164752,-86.573104
2005,11,5,Weekday,900,2-Car,Non-incapacitating,FOLLOWING TOO CLOSELY,SR37N & W 3RD,39.164752,-86.573104
2005,10,2,Weekday,1800,2-Car,No injury/unknown,FAILURE TO YIELD RIGHT OF WAY,3RD & SR45,39.164752,-86.573104
2005,11,5,Weekday,1300,2-Car,Non-incapacitating,IMPROPER TURNING,SR 37 & W 3RD ST,39.164752,-86.573104
2005,11,5,Weekday,1700,2-Car,Non-incapacitating,OTHER (DRIVER) - EXPLAIN IN NARRATIVE,3RD & SR37,39.164752,-86.573104
2005,11,3,Weekday,1300,3+ Cars,Non-incapacitating,DISREGARD SIGNAL/REG SIGN,3RD ST & SR37,39.164752,-86.573104
2005,10,6,Weekend,1900,2-Car,No injury/unknown,FAILURE TO YIELD RIGHT OF WAY,3RD ST & SR37,39.16474605,-86.57292686
2005,7,1,,,2-Car,No injury/unknown,UNSAFE SPEED,3RD & FRANKLIN,39.16474251,-86.57282163
2005,1,5,Weekday,1700,2-Car,Non-incapacitating,UNSAFE BACKING,3RD ST,39.16474251,-86.57282163
2005,2,6,Weekday,1200,1-Car,No injury/unknown,OTHER (DRIVER) - EXPLAIN IN NARRATIVE,3RD,39.16473871,-86.57270868
2005,6,4,Weekday,1200,2-Car,No injury/unknown,OTHER (DRIVER) - EXPLAIN IN NARRATIVE,3RD,39.16472678,-86.5723537
2005,12,3,Weekday,1500,2-Car,No injury/unknown,UNSAFE BACKING,3RD ST & ROGERS,39.16472545,-86.53880465
2005,4,6,Weekday,1500,2-Car,No injury/unknown,UNSAFE BACKING,3RD & INDIANA AVE,39.16472242,-86.52681098
2005,4,7,Weekend,1100,2-Car,Non-incapacitating,UNSAFE SPEED,ROGERS & SR37,39.16472,-86.538592
2005,10,6,Weekday,1200,3+ Cars,No injury/unknown,FAILURE TO YIELD RIGHT OF WAY,S ROGERS ST & W 3RD,39.16472,-86.538592
2005,5,7,Weekend,1300,3+ Cars,Non-incapacitating,DRIVER DISTRACTED - EXPLAIN IN NARRATIVE,3RD ST & FRANKLIN,39.16471182,-86.57190856
2005,7,6,Weekday,1500,3+ Cars,No injury/unknown,OTHER (DRIVER) - EXPLAIN IN NARRATIVE,3RD & FRANKLIN,39.16471182,-86.57190856
2005,1,4,Weekday,1200,2-Car,No injury/unknown,IMPROPER LANE USAGE,3RD,39.16471159,-86.5719019
2005,6,6,Weekday,1400,2-Car,No injury/unknown,UNSAFE BACKING,3RD ST,39.16471159,-86.5719019
2005,6,6,Weekday,1500,2-Car,No injury/unknown,OTHER (DRIVER) - EXPLAIN IN NARRATIVE,3RD ST,39.16470933,-86.57183467
2005,7,4,Weekday,2200,2-Car,No injury/unknown,OTHER (DRIVER) - EXPLAIN IN NARRATIVE,3RD & 3RD ST,39.16470933,-86.57183467
2005,6,3,Weekday,1300,2-Car,Non-incapacitating,DRIVER DISTRACTED - EXPLAIN IN NARRATIVE,3RD ST & MADISON,39.16470531,-86.53740237
2005,7,5,Weekday,1200,2-Car,No injury/unknown,FAILURE TO YIELD RIGHT OF WAY,3RD ST & MADISON,39.164704,-86.537296
2005,2,3,Weekday,2000,2-Car,No injury/unknown,,3RD ST,39.1647002,-86.57156305
2005,11,2,Weekday,1100,2-Car,No injury/unknown,IMPROPER PASSING,BLK W 3RD ST & S HICKORY,39.1647,-86.58290666
2005,1,7,Weekend,1400,2-Car,No injury/unknown,OTHER (DRIVER) - EXPLAIN IN NARRATIVE,3RD ST & FRANKLIN,39.16469396,-86.57137714
2005,10,7,Weekend,1500,2-Car,No injury/unknown,FAILURE TO YIELD RIGHT OF WAY,FRANKLIN & W 3RD ST,39.164688,-86.5712
2005,5,4,Weekday,1200,2-Car,No injury/unknown,IMPROPER PASSING,3RD & FRANKLIN RD,39.164688,-86.5712
2005,4,3,Weekday,1000,2-Car,Non-incapacitating,DRIVER DISTRACTED - EXPLAIN IN NARRATIVE,3RD ST & FRANKLIN,39.164688,-86.5712
2005,1,7,Weekend,1300,2-Car,No injury/unknown,FAILURE TO YIELD RIGHT OF WAY,3RD ST & FRANKLIN,39.164688,-86.5712
2005,2,2,Weekday,700,2-Car,No injury/unknown,FAILURE TO YIELD RIGHT OF WAY,3RD ST & WYNNEDALE,39.164672,-86.570288
2005,11,2,Weekday,2100,2-Car,No injury/unknown,DISREGARD SIGNAL/REG SIGN,3RD ST & WYNNDALE,39.164672,-86.570288
2005,12,1,Weekend,1400,2-Car,No injury/unknown,FAILURE TO YIELD RIGHT OF WAY,KIRKWOOD & MORTON ST,39.164672,-86.536192
2005,7,3,Weekday,1600,2-Car,No injury/unknown,IMPROPER TURNING,3RD ST,39.16467067,-86.57025067
2005,7,1,Weekday,1900,2-Car,No injury/unknown,UNSAFE BACKING,3RD ST,39.16467067,-86.57025067
2005,2,2,Weekday,1500,2-Car,No injury/unknown,FAILURE TO YIELD RIGHT OF WAY,3RD ST & COLLEGE MALL,39.16467067,-86.57025067
2005,7,6,Weekday,1600,2-Car,Non-incapacitating,DRIVER DISTRACTED - EXPLAIN IN NARRATIVE,3RD & SR37,39.16466963,-86.573104
2005,11,6,Weekday,900,2-Car,No injury/unknown,IMPROPER LANE USAGE,3RD & COLLEGE AVE,39.16465373,-86.53481579
2005,9,6,Weekday,1700,2-Car,Non-incapacitating,UNSAFE SPEED,3RD ST & KIMBLE,39.16464,-86.56693616
2005,3,3,Weekday,1200,3+ Cars,Non-incapacitating,FAILURE TO YIELD RIGHT OF WAY,3RD ST & GRANT,39.16464,-86.52944431
2005,3,5,Weekday,2000,2-Car,No injury/unknown,DISREGARD SIGNAL/REG SIGN,3RD ST & WASHINGTON,39.16464,-86.5324
2005,8,7,Weekend,1800,2-Car,No injury/unknown,DISREGARD SIGNAL/REG SIGN,3RD ST & LINCOLN,39.16464,-86.531024
2005,7,6,Weekday,1400,1-Car,No injury/unknown,RAN OFF ROAD RIGHT,3RD ST,39.16464,-86.5324
2005,8,2,Weekday,1600,2-Car,No injury/unknown,FAILURE TO YIELD RIGHT OF WAY,WALNUT,39.16464,-86.5336
2005,8,3,Weekday,700,2-Car,No injury/unknown,OTHER (DRIVER) - EXPLAIN IN NARRATIVE,3RD ST & WASHINGTON,39.16464,-86.5324
2005,1,1,Weekend,1200,2-Car,No injury/unknown,DISREGARD SIGNAL/REG SIGN,THIRD & WASHINGTON,39.16464,-86.5324
2005,4,7,Weekend,2000,2-Car,Non-incapacitating,DISREGARD SIGNAL/REG SIGN,3RD & WASHINGTON,39.16464,-86.5324
2005,3,7,Weekend,1000,2-Car,Non-incapacitating,FAILURE TO YIELD RIGHT OF WAY,3RD ST & COLLEGE,39.16464,-86.534816
2005,1,2,Weekday,1600,2-Car,No injury/unknown,FOLLOWING TOO CLOSELY,3RD ST & JOHNSON,39.16464,-86.56321892
2005,2,2,Weekday,1500,3+ Cars,No injury/unknown,OTHER (DRIVER) - EXPLAIN IN NARRATIVE,3RD ST & GRANT,39.16464,-86.52901877
2005,1,3,Weekday,1100,2-Car,No injury/unknown,FAILURE TO YIELD RIGHT OF WAY,3RD & COLLEGE AVE,39.16464,-86.534816
2005,2,6,Weekday,1400,2-Car,Non-incapacitating,FAILURE TO YIELD RIGHT OF WAY,3RD ST & COLLEGE,39.16464,-86.534816
2005,3,3,Weekday,1600,2-Car,No injury/unknown,UNSAFE BACKING,E 3RD ST,39.16464,-86.529728
2005,7,6,Weekday,1600,1-Car,Non-incapacitating,RAN OFF ROAD RIGHT,3RD ST & KIMBLE,39.16464,-86.568
2005,1,6,Weekday,1500,2-Car,No injury/unknown,OTHER (DRIVER) - EXPLAIN IN NARRATIVE,3RD & COLLEGE,39.16464,-86.534816
2005,6,5,Weekday,1600,2-Car,No injury/unknown,FAILURE TO YIELD RIGHT OF WAY,GRANT & THIRD ST,39.16464,-86.529728
2005,7,6,Weekday,900,2-Car,No injury/unknown,FOLLOWING TOO CLOSELY,COLLEGE AVE & OLD,39.16464,-86.534816
2005,6,6,Weekday,1600,2-Car,Non-incapacitating,SPEED TOO FAST FOR WEATHER CONDITIONS,COLLEGE AVE & E 3RD,39.16464,-86.534816
2005,5,6,Weekday,1500,2-Car,No injury/unknown,FAILURE TO YIELD RIGHT OF WAY,3RD & COLLEGE,39.16464,-86.534816
2005,10,4,Weekday,,2-Car,No injury/unknown,,3RD & WALNUT ST,39.16464,-86.5336
2005,11,7,Weekend,1300,2-Car,No injury/unknown,FOLLOWING TOO CLOSELY,3RD ST & GRANT,39.16464,-86.529728
2005,9,6,Weekend,2100,2-Car,Non-incapacitating,FOLLOWING TOO CLOSELY,3RD ST & COLLEGE MALL,39.16464,-86.534816
2005,7,3,Weekday,1300,2-Car,No injury/unknown,UNSAFE BACKING,YANDMARK AVE,39.16464,-86.569392
2005,12,7,Weekend,200,1-Car,No injury/unknown,UNSAFE SPEED,3RD ST & GRANT,39.16464,-86.52951523
2005,9,6,Weekday,1300,2-Car,No injury/unknown,FAILURE TO YIELD RIGHT OF WAY,3RD,39.16464,-86.56913891
2005,9,2,Weekday,700,2-Car,No injury/unknown,IMPROPER LANE USAGE,3RD & WALNUT ST,39.16464,-86.5336
2005,9,4,Weekday,700,2-Car,Non-incapacitating,DRIVER DISTRACTED - EXPLAIN IN NARRATIVE,3RD & JOHNSON,39.16464,-86.564992
2005,9,3,Weekday,1800,2-Car,Non-incapacitating,UNSAFE BACKING,3RD ST,39.16464,-86.529728
2005,8,6,Weekday,100,2-Car,Non-incapacitating,FAILURE TO YIELD RIGHT OF WAY,3RD ST & WASHINGTON,39.16464,-86.5324
2005,12,4,Weekday,1200,2-Car,No injury/unknown,DISREGARD SIGNAL/REG SIGN,3RD ST & WASHINGTON,39.16464,-86.5324
2005,12,6,Weekday,1800,2-Car,No injury/unknown,FOLLOWING TOO CLOSELY,3RD ST & LINCOLN,39.16464,-86.531024
2005,12,7,Weekend,,2-Car,No injury/unknown,OTHER (DRIVER) - EXPLAIN IN NARRATIVE,W 3RD ST,39.16464,-86.56637471
2005,12,5,Weekday,1300,2-Car,No injury/unknown,OTHER (DRIVER) - EXPLAIN IN NARRATIVE,3RD & WASHINGTON,39.16464,-86.5324
2005,12,5,Weekday,1200,2-Car,No injury/unknown,,3RD ST & COLLEGE MALL,39.16464,-86.56792723
2005,10,2,Weekday,1600,2-Car,Non-incapacitating,FAILURE TO YIELD RIGHT OF WAY,3RD ST & LINCOLN,39.16464,-86.531024
2005,10,5,Weekday,1200,1-Car,No injury/unknown,UNSAFE BACKING,3RD ST,39.16464,-86.53086531
2005,10,3,Weekday,1900,1-Car,No injury/unknown,ANIMAL/OBJECT IN ROADWAY,SR37 & WAISNAND,39.16464,-86.5324
2005,1,6,Weekday,1800,2-Car,No injury/unknown,FAILURE TO YIELD RIGHT OF WAY,KIMBLE & W 3RD ST,39.16464,-86.568
2005,7,7,Weekend,1300,2-Car,Non-incapacitating,,3RD ST & CURRY PIKE,39.16464,-86.5324
2005,10,7,Weekend,1300,2-Car,Non-incapacitating,FAILURE TO YIELD RIGHT OF WAY,E 3RD & S GRANT,39.16464,-86.529728
2005,3,5,Weekday,1600,2-Car,No injury/unknown,IMPROPER TURNING,3RD & WOODSCREST,39.16464,-86.56741781
2005,8,6,Weekday,1800,2-Car,No injury/unknown,FAILURE TO YIELD RIGHT OF WAY,3RD & COLLEGE,39.16464,-86.534816
2005,1,7,Weekend,900,2-Car,Non-incapacitating,DISREGARD SIGNAL/REG SIGN,3RD ST & LINCOLN,39.16464,-86.531024
2005,1,7,Weekend,1800,2-Car,No injury/unknown,UNSAFE BACKING,3RD ST,39.16464,-86.56913891
2005,1,3,Weekday,1900,2-Car,No injury/unknown,UNSAFE SPEED,E 3RD ST & LINCOLN,39.16464,-86.531024
2005,7,5,Weekday,1600,2-Car,No injury/unknown,OTHER (DRIVER) - EXPLAIN IN NARRATIVE,3RD ST,39.16464,-86.529728
2005,2,6,Weekday,1200,2-Car,No injury/unknown,OTHER (DRIVER) - EXPLAIN IN NARRATIVE,E 3RD & LINCOLN,39.16464,-86.531024
2005,2,1,Weekday,2300,2-Car,Non-incapacitating,DISREGARD SIGNAL/REG SIGN,3RD ST & WASHINGTON,39.16464,-86.5324
2005,4,7,Weekend,1300,2-Car,Non-incapacitating,FAILURE TO YIELD RIGHT OF WAY,3RD ST,39.16464,-86.533
2005,1,1,Weekend,1100,2-Car,Incapacitating,DISREGARD SIGNAL/REG SIGN,3RD & LINCOLN,39.16464,-86.531024
2005,3,4,Weekday,900,2-Car,No injury/unknown,OTHER (DRIVER) - EXPLAIN IN NARRATIVE,3RD ST & DUNN,39.16464,-86.529728
2005,3,2,Weekday,900,3+ Cars,Non-incapacitating,OTHER (DRIVER) - EXPLAIN IN NARRATIVE,3RD ST & WASHINGTON,39.16464,-86.5324
2005,4,7,Weekend,1600,2-Car,No injury/unknown,FAILURE TO YIELD RIGHT OF WAY,3RD ST & LINCOLN,39.16464,-86.531024
2005,3,2,Weekday,1400,2-Car,No injury/unknown,DISREGARD SIGNAL/REG SIGN,3RD ST & COLLEGE,39.16464,-86.534816
2005,4,6,Weekday,1400,2-Car,No injury/unknown,FAILURE TO YIELD RIGHT OF WAY,E 3RD ST & GRANT,39.16464,-86.529728
2005,6,6,Weekday,1100,1-Car,No injury/unknown,OTHER (DRIVER) - EXPLAIN IN NARRATIVE,KIMBLE & THIRD ST,39.16464,-86.568
2005,5,5,Weekday,1100,2-Car,No injury/unknown,DRIVER DISTRACTED - EXPLAIN IN NARRATIVE,E 3RD & S COLLEGE MALL,39.16464,-86.534816
2005,5,6,Weekday,1600,2-Car,No injury/unknown,FAILURE TO YIELD RIGHT OF WAY,3RD ST & KIMBLE,39.16464,-86.56835462
2005,6,4,Weekday,1900,2-Car,No injury/unknown,FAILURE TO YIELD RIGHT OF WAY,3RD ST & LINCOLN,39.16464,-86.531024
2005,4,3,Weekday,1500,2-Car,Non-incapacitating,DISREGARD SIGNAL/REG SIGN,3RD ST & WASHINGTON,39.16464,-86.5324
2005,4,7,Weekend,1400,2-Car,No injury/unknown,UNSAFE BACKING,3RD ST,39.16464,-86.56913891
2005,4,4,Weekday,1800,2-Car,No injury/unknown,DISREGARD SIGNAL/REG SIGN,3RD ST & WASHINGTON,39.16464,-86.5324
2005,4,6,Weekday,1000,2-Car,No injury/unknown,FAILURE TO YIELD RIGHT OF WAY,LINCOLN & THIRD ST,39.16464,-86.531024
2005,5,2,Weekday,0,Pedestrian,Non-incapacitating,PEDESTRIAN ACTION,WALNUT,39.16464,-86.5336
2005,4,5,Weekday,1300,2-Car,Non-incapacitating,FAILURE TO YIELD RIGHT OF WAY,3RD ST & KIMBLE,39.16464,-86.568
2005,4,1,Weekend,1100,2-Car,No injury/unknown,OTHER (DRIVER) - EXPLAIN IN NARRATIVE,3RD,39.16464,-86.56913891
2005,4,7,Weekend,0,2-Car,No injury/unknown,SPEED TOO FAST FOR WEATHER CONDITIONS,3RD & WALNUT ST,39.16464,-86.5336
2005,1,6,Weekday,1400,2-Car,No injury/unknown,FAILURE TO YIELD RIGHT OF WAY,3RD & EASTLAND PLAZA,39.16464,-86.56741781
2005,1,5,Weekday,1100,2-Car,No injury/unknown,FAILURE TO YIELD RIGHT OF WAY,3RD ST & GRANT,39.16464,-86.529728
2005,1,1,Weekend,1200,2-Car,No injury/unknown,OTHER (DRIVER) - EXPLAIN IN NARRATIVE,W 3RD ST,39.16464,-86.569392
2005,1,6,Weekday,1200,2-Car,No injury/unknown,FOLLOWING TOO CLOSELY,JOHNSON & W 3RD ST,39.16464,-86.564992
2005,10,1,Weekday,2200,1-Car,No injury/unknown,,COLLEGE AVE & SR37,39.16464,-86.534816
2005,5,6,Weekday,1500,2-Car,No injury/unknown,UNSAFE BACKING,SR37 & WAISNAND,39.16464,-86.5324
2005,10,7,Weekend,1500,2-Car,No injury/unknown,OTHER (DRIVER) - EXPLAIN IN NARRATIVE,COLLEGE & SR 37,39.16464,-86.534816
2005,11,6,Weekend,2300,2-Car,Incapacitating,DRIVER DISTRACTED - EXPLAIN IN NARRATIVE,MILLER & S WALNUT,39.16464,-86.5336
2005,11,2,Weekday,1300,2-Car,No injury/unknown,,3RD & COLLEGE AVE,39.16464,-86.534816
2005,11,3,Weekday,1400,1-Car,Non-incapacitating,OTHER (DRIVER) - EXPLAIN IN NARRATIVE,3RD ST & WASHINGTON,39.16464,-86.5324
2005,12,1,Weekend,1300,2-Car,No injury/unknown,DISREGARD SIGNAL/REG SIGN,3RD & LINCOLN,39.16464,-86.531024
2005,12,2,Weekday,1300,2-Car,Non-incapacitating,FAILURE TO YIELD RIGHT OF WAY,3RD ST & KIMBLE,39.16464,-86.56814185
2005,10,7,Weekend,600,2-Car,No injury/unknown,DISREGARD SIGNAL/REG SIGN,3RD ST & WASHINGTON,39.16464,-86.5324
2005,10,2,Weekday,600,2-Car,No injury/unknown,DRIVER ASLEEP OR FATIGUED,2ND & COLLEGE AVE,39.16464,-86.534816
2005,6,5,Weekday,600,2-Car,No injury/unknown,IMPROPER LANE USAGE,COLLEGE & SR37N,39.16464,-86.534816
2005,10,7,Weekend,600,1-Car,No injury/unknown,ANIMAL/OBJECT IN ROADWAY,S WALNUT & SR37S,39.16464,-86.5336
2005,2,6,Weekday,600,2-Car,No injury/unknown,IMPROPER LANE USAGE,CURRY & W 3RD,39.164604,-86.58271832
2005,8,7,Weekend,2100,2-Car,Non-incapacitating,FAILURE TO YIELD RIGHT OF WAY,3RD ST & CURRY,39.164604,-86.58270749
2005,12,5,Weekday,1100,2-Car,No injury/unknown,FAILURE TO YIELD RIGHT OF WAY,3RD ST & CURRY,39.164604,-86.582701
2005,3,5,Weekday,1600,2-Car,No injury/unknown,FAILURE TO YIELD RIGHT OF WAY,3RD ST & CURRY,39.164604,-86.58265771
2005,4,3,Weekday,1300,3+ Cars,No injury/unknown,FAILURE TO YIELD RIGHT OF WAY,3RD ST & CURRY,39.164604,-86.58269927
2005,6,3,Weekday,1700,2-Car,No injury/unknown,FAILURE TO YIELD RIGHT OF WAY,3RD ST & CURRY,39.164604,-86.58268801
2005,7,3,Weekday,1700,2-Car,Non-incapacitating,UNSAFE SPEED,3RD ST & CURRY,39.164604,-86.582701
2005,8,3,Weekday,1500,2-Car,Non-incapacitating,OTHER (DRIVER) - EXPLAIN IN NARRATIVE,3RD ST & GATES,39.1646,-86.575601
2005,7,5,Weekday,2100,2-Car,No injury/unknown,DRIVER ILLNESS,W 3RD ST,39.1646,-86.574879
2005,7,3,Weekday,1600,3+ Cars,No injury/unknown,FOLLOWING TOO CLOSELY,3RD ST & LIBERTY,39.1646,-86.57741732
2005,9,7,Weekend,1100,3+ Cars,Non-incapacitating,FOLLOWING TOO CLOSELY,3RD & GATES,39.1646,-86.575601
2005,10,2,Weekday,600,2-Car,Non-incapacitating,FAILURE TO YIELD RIGHT OF WAY,3RD & GATES,39.1646,-86.575601
2005,12,1,Weekend,1300,3+ Cars,No injury/unknown,FAILURE TO YIELD RIGHT OF WAY,3RD ST & GATES,39.1646,-86.5762
2005,6,4,Weekday,1600,2-Car,No injury/unknown,DISREGARD SIGNAL/REG SIGN,LIBERTY & W 3RD ST,39.1646,-86.5774
2005,4,7,Weekend,1800,2-Car,Non-incapacitating,FAILURE TO YIELD RIGHT OF WAY,3RD & LIBERTY,39.1646,-86.57858868
2005,5,6,Weekday,1000,2-Car,No injury/unknown,FAILURE TO YIELD RIGHT OF WAY,LIBERTY & W THIRD ST,39.1646,-86.57738269
2005,5,7,Weekend,1600,2-Car,Non-incapacitating,DRIVER DISTRACTED - EXPLAIN IN NARRATIVE,3RD ST & LIBERTY,39.1646,-86.5774
2005,6,7,Weekend,1800,3+ Cars,No injury/unknown,FOLLOWING TOO CLOSELY,3RD ST & GATES,39.1646,-86.57560013
2005,4,3,Weekday,1100,2-Car,No injury/unknown,FOLLOWING TOO CLOSELY,3RD ST & GATES,39.1646,-86.575601
2005,1,6,Weekday,1100,2-Car,No injury/unknown,UNSAFE BACKING,GATES & W 3RD ST,39.1646,-86.57559321
2005,11,1,Weekend,1800,2-Car,No injury/unknown,OTHER (DRIVER) - EXPLAIN IN NARRATIVE,W 3RD ST,39.1646,-86.578264
2005,12,5,Weekday,900,2-Car,No injury/unknown,OTHER (DRIVER) - EXPLAIN IN NARRATIVE,3RD ST & GATES,39.1646,-86.57559797
2005,10,5,Weekday,1600,2-Car,No injury/unknown,DISREGARD SIGNAL/REG SIGN,3RD ST & GATES,39.1646,-86.575601
2005,8,6,Weekday,1800,2-Car,No injury/unknown,FAILURE TO YIELD RIGHT OF WAY,WEST 3RD ST,39.1646,-86.579467
2005,8,2,Weekday,1500,2-Car,Non-incapacitating,DISREGARD SIGNAL/REG SIGN,LIBERTY & SR48,39.1645984,-86.57913641
2005,9,3,Weekday,1300,3+ Cars,No injury/unknown,OTHER (DRIVER) - EXPLAIN IN NARRATIVE,LIBERTY & SR 48,39.1645984,-86.57914507
2005,8,5,Weekday,1200,2-Car,Non-incapacitating,FAILURE TO YIELD RIGHT OF WAY,GATES & SR48,39.1645984,-86.57596037
2005,9,3,Weekday,800,2-Car,Non-incapacitating,DISREGARD SIGNAL/REG SIGN,GATES & SR48,39.1645984,-86.57596037
2005,12,2,Weekday,1200,2-Car,No injury/unknown,OTHER (DRIVER) - EXPLAIN IN NARRATIVE,LIBERTY & SR48,39.1645984,-86.57914334
2005,4,4,Weekday,1200,3+ Cars,Non-incapacitating,FOLLOWING TOO CLOSELY,GATES & SR48,39.1645984,-86.57594306
2005,3,7,Weekend,1800,2-Car,No injury/unknown,OTHER (DRIVER) - EXPLAIN IN NARRATIVE,SR48,39.1645984,-86.57231988
2005,4,5,Weekday,1300,2-Car,No injury/unknown,FAILURE TO YIELD RIGHT OF WAY,LIBERTY & SR48,39.1645984,-86.57913208
2005,12,3,Weekday,1200,2-Car,No injury/unknown,FOLLOWING TOO CLOSELY,LIBERTY & SR48,39.1645984,-86.57913641
2005,4,5,Weekday,1500,2-Car,No injury/unknown,IMPROPER TURNING,GATES & SR48E,39.1645984,-86.57596037
2005,8,2,Weekday,1000,1-Car,No injury/unknown,OTHER (DRIVER) - EXPLAIN IN NARRATIVE,LANDMARK & W 3RD ST,39.16456,-86.55462576
2005,10,7,Weekend,1500,2-Car,No injury/unknown,OVERCORRECTING/OVERSTEERING,3RD ST,39.16456,-86.5550845
2005,4,7,Weekend,1300,2-Car,No injury/unknown,FOLLOWING TOO CLOSELY,300 ARBUTUS & 3RD,39.16455981,-86.55584763
2005,3,5,Weekday,1700,2-Car,No injury/unknown,FOLLOWING TOO CLOSELY,3RD ST & CORY,39.16455665,-86.55974176
2005,1,6,Weekday,1300,3+ Cars,No injury/unknown,FOLLOWING TOO CLOSELY,CORY & W 3RD,39.16454822,-86.55727355
2005,9,4,Weekday,1700,3+ Cars,Non-incapacitating,FOLLOWING TOO CLOSELY,3RD ST & CORY,39.164544,-86.560096
2005,6,3,Weekday,1700,2-Car,No injury/unknown,OTHER (DRIVER) - EXPLAIN IN NARRATIVE,ADAMS & TAPP,39.164544,-86.552192
2005,7,3,Weekday,1500,2-Car,No injury/unknown,UNSAFE SPEED,3RD & CORY LN,39.164544,-86.560096
2005,1,2,Weekday,2000,2-Car,No injury/unknown,OTHER (DRIVER) - EXPLAIN IN NARRATIVE,ADAMS HILL CIR,39.164544,-86.552192
2005,4,3,Weekday,1200,2-Car,Non-incapacitating,FAILURE TO YIELD RIGHT OF WAY,3RD ST & CORY,39.164544,-86.560096
2005,5,7,Weekend,1200,2-Car,No injury/unknown,IMPROPER TURNING,CORY LN & THIRD,39.164544,-86.560096
2005,4,4,Weekday,1300,2-Car,No injury/unknown,UNSAFE BACKING,ADAMS,39.164544,-86.552192
2005,10,6,Weekday,1100,2-Car,No injury/unknown,FAILURE TO YIELD RIGHT OF WAY,3RD ST & CORY,39.164544,-86.560096
2005,1,6,,,2-Car,No injury/unknown,FAILURE TO YIELD RIGHT OF WAY,3RD ST & DUNN,39.16453477,-86.52823339
2005,4,4,Weekday,2200,2-Car,Non-incapacitating,,2ND & ROGERS ST,39.16451377,-86.538699
2005,10,2,Weekday,1500,2-Car,No injury/unknown,UNSAFE BACKING,3RD ST & JORDAN,39.164512,-86.550624
2005,2,7,Weekend,900,2-Car,Non-incapacitating,IMPROPER TURNING,3RD ST & JORDAN,39.164512,-86.550624
2005,3,1,Weekend,1300,2-Car,No injury/unknown,IMPROPER TURNING,3RD ST & JORDAN,39.164512,-86.550624
2005,1,1,Weekend,600,3+ Cars,Non-incapacitating,SPEED TOO FAST FOR WEATHER CONDITIONS,3RD & ADAMS,39.164512,-86.550624
2005,9,5,Weekday,1800,2-Car,No injury/unknown,UNSAFE BACKING,E 3RD & JORDAN,39.164512,-86.550624
2005,9,1,Weekend,1300,2-Car,No injury/unknown,OTHER (DRIVER) - EXPLAIN IN NARRATIVE,3RD ST & JORDAN,39.164512,-86.550624
2005,11,6,Weekday,1800,1-Car,No injury/unknown,OTHER (DRIVER) - EXPLAIN IN NARRATIVE,JOHNSON & W 3RD ST,39.1645,-86.56359234
2005,10,6,Weekday,1800,2-Car,No injury/unknown,FOLLOWING TOO CLOSELY,3RD ST & WYNNEDALE,39.1645,-86.56947203
2005,11,4,Weekday,1100,2-Car,No injury/unknown,FAILURE TO YIELD RIGHT OF WAY,W 3RD ST & YANCY,39.1645,-86.567998
2005,10,2,Weekday,1800,2-Car,Non-incapacitating,FOLLOWING TOO CLOSELY,3RD ST & JORADN,39.164488,-86.54969829
2005,1,3,Weekday,1100,2-Car,No injury/unknown,UNSAFE BACKING,HIGHLAND & THIRD ST,39.164488,-86.54969829
2005,9,7,Weekend,1000,2-Car,No injury/unknown,UNSAFE BACKING,3RD ST & JORDAN,39.164488,-86.54969829
2005,2,3,Weekday,1400,2-Car,No injury/unknown,UNSAFE BACKING,3RD ST,39.164488,-86.54969829
2005,1,5,Weekday,1900,1-Car,No injury/unknown,SPEED TOO FAST FOR WEATHER CONDITIONS,W 3RD ST,39.1644875,-86.549679
2005,2,6,Weekday,200,3+ Cars,Incapacitating,ALCOHOLIC BEVERAGES,ATWATER & DUNN ST,39.16447544,-86.5280971
2005,8,3,Weekday,0,2-Car,No injury/unknown,UNSAFE BACKING,3RD ST & BALLANTINE,39.1644625,-86.54871471
2005,3,5,Weekday,1500,2-Car,Non-incapacitating,DRIVER DISTRACTED - EXPLAIN IN NARRATIVE,3RD & BALLANTINE,39.1644625,-86.54871471