Year,Month,Day,Weekend?,Hour,Collision Type,Injury Type,Primary Factor,Reported_Location,Latitude,Longitude
2005,8,4,Weekday,1300,2-Car,No injury/unknown,UNSAFE SPEED,3RD ST & INDIANA,39.164448,-86.52644539
2005,11,5,Weekday,2300,Bus,Non-incapacitating,FOLLOWING TOO CLOSELY,3RD ST & INDIANA,39.164448,-86.52662269
2005,8,6,Weekday,1100,2-Car,No injury/unknown,IMPROPER LANE USAGE,3RD ST & INDIANA,39.164448,-86.52658723
2005,10,1,Weekday,1900,2-Car,No injury/unknown,OTHER (DRIVER) - EXPLAIN IN NARRATIVE,ATWATER & ATWATER PARKING GARAGE,39.164448,-86.528096
2005,10,7,Weekend,1500,2-Car,No injury/unknown,FOLLOWING TOO CLOSELY,3RD ST & DUNN,39.164448,-86.528096
2005,9,5,Weekday,1100,2-Car,No injury/unknown,OVERCORRECTING/OVERSTEERING,FESS & THIRD,39.164448,-86.525792
2005,9,3,Weekday,1200,2-Car,No injury/unknown,OTHER (DRIVER) - EXPLAIN IN NARRATIVE,FESS & THIRD,39.164448,-86.525792
2005,9,1,Weekend,700,1-Car,No injury/unknown,OTHER (DRIVER) - EXPLAIN IN NARRATIVE,DUNN & SR37,39.164448,-86.528096
2005,2,2,Weekday,800,2-Car,No injury/unknown,UNSAFE BACKING,3RD & INDIANA,39.164448,-86.52715461
2005,2,5,Weekday,1500,2-Car,No injury/unknown,DISREGARD SIGNAL/REG SIGN,3RD ST & INDIANA,39.164448,-86.5268
2005,9,7,Weekend,300,2-Car,No injury/unknown,DISREGARD SIGNAL/REG SIGN,3RD & DUNN,39.164448,-86.528096
2005,1,1,Weekend,200,2-Car,No injury/unknown,ALCOHOLIC BEVERAGES,DUNN ST & THIRD,39.164448,-86.528096
2005,2,1,Weekend,1800,2-Car,Non-incapacitating,FAILURE TO YIELD RIGHT OF WAY,SR446 & SR46,39.164448,-86.471888
2005,10,6,Weekday,1300,2-Car,No injury/unknown,OTHER (DRIVER) - EXPLAIN IN NARRATIVE,3RD ST & DUNN,39.164448,-86.52783004
2005,12,3,Weekday,1100,2-Car,No injury/unknown,DRIVER DISTRACTED - EXPLAIN IN NARRATIVE,ATWATER & THIRD ST,39.164448,-86.528096
2005,10,2,Weekday,300,1-Car,Non-incapacitating,SPEED TOO FAST FOR WEATHER CONDITIONS,DUNN & SR37,39.164448,-86.528096
2005,10,5,Weekday,1600,2-Car,No injury/unknown,FAILURE TO YIELD RIGHT OF WAY,HENDERSON & HUNTER,39.164448,-86.5268
2005,1,7,Weekend,800,1-Car,Non-incapacitating,OTHER (DRIVER) - EXPLAIN IN NARRATIVE,DUNN & SR 37,39.164448,-86.528096
2005,8,1,Weekend,1800,3+ Cars,Non-incapacitating,FAILURE TO YIELD RIGHT OF WAY,SR446 & SR46,39.164448,-86.471888
2005,1,7,Weekend,1300,2-Car,No injury/unknown,FAILURE TO YIELD RIGHT OF WAY,DUNN & SR37,39.164448,-86.528096
2005,6,3,Weekday,700,2-Car,No injury/unknown,OTHER (DRIVER) - EXPLAIN IN NARRATIVE,3RD ST & MAPLE,39.164448,-86.525792
2005,11,3,Weekday,1200,2-Car,No injury/unknown,LEFT OF CENTER,N DUNN & SR37,39.164448,-86.528096
2005,5,7,Weekend,1600,2-Car,No injury/unknown,OTHER (DRIVER) - EXPLAIN IN NARRATIVE,3RD ST & ATWATER,39.164448,-86.528096
2005,6,2,Weekday,1500,2-Car,No injury/unknown,OBSTRUCTION NOT MARKED,3RD STREET & DUNN STREET,39.164448,-86.528096
2005,1,5,Weekday,1500,Bus,No injury/unknown,OTHER (DRIVER) - EXPLAIN IN NARRATIVE,3RD ST & INDIANA,39.164448,-86.5268
2005,1,4,Weekday,2100,2-Car,Non-incapacitating,OTHER (DRIVER) - EXPLAIN IN NARRATIVE,HENDERSON ST & HUNTER,39.164448,-86.5268
2005,11,4,Weekday,900,2-Car,No injury/unknown,OTHER (DRIVER) - EXPLAIN IN NARRATIVE,E 3RD ST & S DAHN,39.164448,-86.528096
2005,5,3,Weekday,2000,2-Car,No injury/unknown,FAILURE TO YIELD RIGHT OF WAY,3RD ST & SR46W,39.164448,-86.471888
2005,1,4,Weekday,900,2-Car,No injury/unknown,OTHER (DRIVER) - EXPLAIN IN NARRATIVE,E 3RD ST & THIRD,39.16443758,-86.54775367
2005,2,6,Weekday,1600,2-Car,No injury/unknown,DRIVER DISTRACTED - EXPLAIN IN NARRATIVE,3RD ST & FESS,39.16443737,-86.52543765
2005,7,5,Weekday,1900,2-Car,No injury/unknown,OTHER (DRIVER) - EXPLAIN IN NARRATIVE,3RD ST & ATWATER,39.16443346,-86.52530715
2005,5,4,Weekday,1500,2-Car,No injury/unknown,FAILURE TO YIELD RIGHT OF WAY,CORY & THIRD ST,39.164404,-86.5563
2005,1,5,Weekday,1300,2-Car,Non-incapacitating,FOLLOWING TOO CLOSELY,3RD ST & LANDMARK,39.16440374,-86.55610948
2005,4,3,Weekday,2000,2-Car,No injury/unknown,FOLLOWING TOO CLOSELY,3RD ST & LANDMARK,39.16440374,-86.5562826
2005,9,6,Weekday,1300,2-Car,No injury/unknown,FOLLOWING TOO CLOSELY,3RD & LANDMACK,39.16440374,-86.5562826
2005,7,1,Weekend,1200,2-Car,No injury/unknown,FOLLOWING TOO CLOSELY,3RD ST & LANDMARK,39.16440374,-86.55630856
2005,5,6,Weekday,900,2-Car,Non-incapacitating,FOLLOWING TOO CLOSELY,3RD & LANDMARK,39.16440374,-86.5562826
2005,5,2,Weekday,1500,3+ Cars,No injury/unknown,FOLLOWING TOO CLOSELY,3RD ST & LANDMARK,39.16440374,-86.55630856
2005,11,2,Weekday,1700,2-Car,No injury/unknown,FOLLOWING TOO CLOSELY,3RD ST & LANDMARK,39.16440374,-86.5562826
2005,8,4,Weekday,1700,2-Car,No injury/unknown,OTHER (DRIVER) - EXPLAIN IN NARRATIVE,LANDMARK & W 3RD ST,39.16440374,-86.55628692
2005,12,6,Weekday,1700,2-Car,No injury/unknown,FOLLOWING TOO CLOSELY,3RD ST & LANDMARK,39.16440374,-86.55628087
2005,2,1,Weekend,1500,2-Car,No injury/unknown,SPEED TOO FAST FOR WEATHER CONDITIONS,LANDMARK & W 3RD ST,39.16440374,-86.55626961
2005,9,4,Weekday,1600,2-Car,No injury/unknown,FOLLOWING TOO CLOSELY,3RD & LANDMARK,39.16440374,-86.55629558
2005,7,6,Weekday,1400,2-Car,Non-incapacitating,FOLLOWING TOO CLOSELY,LANDMARK & W 3RD ST,39.16440374,-86.55626096
2005,3,2,Weekday,1200,2-Car,No injury/unknown,LEFT OF CENTER,3RD ST & LANDMARK,39.16440374,-86.55627394
2005,3,5,Weekday,1600,2-Car,No injury/unknown,FAILURE TO YIELD RIGHT OF WAY,3RD ST & WESTPLEX,39.1644,-86.5522
2005,9,2,Weekday,1500,2-Car,No injury/unknown,FAILURE TO YIELD RIGHT OF WAY,3RD ST & WESTPLEX,39.1644,-86.5522
2005,8,6,Weekday,800,1-Car,Non-incapacitating,PEDESTRIAN ACTION,3RD & WESTPLEX,39.1644,-86.5522
2005,3,4,Weekday,1600,2-Car,No injury/unknown,OTHER (DRIVER) - EXPLAIN IN NARRATIVE,INDIANA,39.16437983,-86.52691028
2005,7,6,Weekday,1100,2-Car,No injury/unknown,FAILURE TO YIELD RIGHT OF WAY,3RD & PETE ELLIS DR,39.16437728,-86.495088
2005,3,5,Weekday,2100,3+ Cars,Non-incapacitating,FOLLOWING TOO CLOSELY,3RD ST & WOODLAWN,39.16437327,-86.5233007
2005,2,5,Weekday,800,1-Car,No injury/unknown,SPEED TOO FAST FOR WEATHER CONDITIONS,3RD ST & BUCKNER,39.164368,-86.544592
2005,1,3,Weekday,900,2-Car,No injury/unknown,OTHER (DRIVER) - EXPLAIN IN NARRATIVE,LANDMARK AVE,39.16436276,-86.5562826
2005,4,5,Weekday,1700,2-Car,No injury/unknown,FOLLOWING TOO CLOSELY,3RD ST & S WOODLAWN,39.16435413,-86.52266287
2005,9,4,Weekday,1700,2-Car,No injury/unknown,FOLLOWING TOO CLOSELY,3RD ST & WOODLAWN,39.164352,-86.52241469
2005,11,7,Weekend,1700,2-Car,Non-incapacitating,FAILURE TO YIELD RIGHT OF WAY,3RD ST & ROSE,39.164352,-86.510944
2005,9,3,Weekday,1100,2-Car,No injury/unknown,FAILURE TO YIELD RIGHT OF WAY,THIRD ST & WOODLAWN,39.164352,-86.522592
2005,11,5,Weekday,1800,2-Car,Non-incapacitating,FAILURE TO YIELD RIGHT OF WAY,E 3RD ST & ROSE,39.164352,-86.510944
2005,11,7,Weekend,1500,2-Car,Non-incapacitating,FOLLOWING TOO CLOSELY,3RD ST & WOODLAWN,39.164352,-86.522592
2005,2,4,Weekday,2200,2-Car,No injury/unknown,IMPROPER TURNING,3RD ST,39.164352,-86.52216229
2005,1,5,Weekday,1100,2-Car,No injury/unknown,SPEED TOO FAST FOR WEATHER CONDITIONS,3RD ST & WOODLAWN,39.164352,-86.522592
2005,1,3,Weekday,1600,2-Car,No injury/unknown,IMPROPER TURNING,3RD ST & WOODLAWN,39.164352,-86.522592
2005,8,2,Weekday,1600,3+ Cars,Non-incapacitating,DRIVER DISTRACTED - EXPLAIN IN NARRATIVE,3RD ST & UNION,39.164352,-86.5088
2005,7,3,Weekday,1500,2-Car,Non-incapacitating,OTHER (DRIVER) - EXPLAIN IN NARRATIVE,3RD & HIGH ST,39.164352,-86.508288
2005,11,6,Weekday,700,2-Car,No injury/unknown,,ATWATER & ROSE,39.164352,-86.510944
2005,11,5,Weekday,0,3+ Cars,No injury/unknown,ALCOHOLIC BEVERAGES,3RD & ROSE AVE,39.164352,-86.510944
2005,1,7,Weekend,900,3+ Cars,No injury/unknown,OTHER (DRIVER) - EXPLAIN IN NARRATIVE,E THIRD & S UNION,39.164352,-86.5088
2005,4,7,Weekend,1400,2-Car,No injury/unknown,FOLLOWING TOO CLOSELY,EAST THIRD ST & FACULTY,39.164352,-86.521088
2005,9,6,Weekday,1200,2-Car,No injury/unknown,FAILURE TO YIELD RIGHT OF WAY,3RD ST & WOODLAWN,39.164352,-86.522592
2005,11,7,Weekend,1200,1-Car,No injury/unknown,OTHER (ENVIRONMENTAL) - EXPLAIN IN NARR,E 3RD PARKING LOT & WOODLAWN,39.164352,-86.52246922
2005,4,5,Weekday,1300,1-Car,Non-incapacitating,OTHER (DRIVER) - EXPLAIN IN NARRATIVE,3RD & ROSE AVE,39.164352,-86.510944
2005,1,5,Weekday,1700,2-Car,No injury/unknown,FAILURE TO YIELD RIGHT OF WAY,3RD ST & ROSE,39.164352,-86.510944
2005,11,3,Weekday,500,1-Car,Non-incapacitating,DRIVER ASLEEP OR FATIGUED,BENDER & SR 46,39.16433196,-86.42786091
2005,10,2,Weekday,200,2-Car,No injury/unknown,OTHER (DRIVER) - EXPLAIN IN NARRATIVE,3RD ST & HAWTHORNE,39.16432752,-86.52089216
2005,4,2,Weekday,1400,3+ Cars,No injury/unknown,UNSAFE SPEED,3RD ST & ROSE,39.16431779,-86.51129585
2005,9,6,Weekend,1900,2-Car,No injury/unknown,DISREGARD SIGNAL/REG SIGN,COLLEGE AVE & SMITH,39.16431672,-86.53481905
2005,4,2,Weekday,1800,2-Car,Non-incapacitating,OTHER (DRIVER) - EXPLAIN IN NARRATIVE,3RD ST & JEFFERSON,39.16430536,-86.50709837
2005,12,1,Weekend,1800,2-Car,No injury/unknown,FOLLOWING TOO CLOSELY,3RD ST & JEFFERSON,39.16430423,-86.50700973
2005,12,1,Weekend,1800,2-Car,No injury/unknown,FOLLOWING TOO CLOSELY,3RD ST & JEFFERSON,39.164304,-86.506992
2005,11,2,Weekday,900,2-Car,Non-incapacitating,DRIVER DISTRACTED - EXPLAIN IN NARRATIVE,3RD ST & JEFFERSON,39.164304,-86.506992
2005,7,2,Weekday,1200,3+ Cars,Non-incapacitating,DRIVER DISTRACTED - EXPLAIN IN NARRATIVE,3RD ST & JEFFERSON,39.164304,-86.506992
2005,6,4,Weekday,1600,2-Car,No injury/unknown,FOLLOWING TOO CLOSELY,3RD ST & JEFFERSON,39.164304,-86.506992
2005,12,7,Weekend,1600,2-Car,Non-incapacitating,DRIVER DISTRACTED - EXPLAIN IN NARRATIVE,E 3RD ST & ROOSEVELT,39.164304,-86.505792
2005,12,5,Weekday,1600,2-Car,Non-incapacitating,FOLLOWING TOO CLOSELY,E 3RD ST & JEFFERSON,39.164304,-86.506992
2005,10,7,Weekend,1400,3+ Cars,No injury/unknown,FOLLOWING TOO CLOSELY,3RD ST & JEFFERSON,39.164304,-86.506992
2005,2,6,Weekday,1500,2-Car,No injury/unknown,FOLLOWING TOO CLOSELY,3RD ST & JEFFFERSON,39.164304,-86.506992
2005,1,7,Weekend,1600,2-Car,No injury/unknown,FAILURE TO YIELD RIGHT OF WAY,E 3RD ST & ROOSEVELT,39.164304,-86.505792
2005,5,5,Weekday,1100,2-Car,No injury/unknown,IMPROPER LANE USAGE,3RD ST & JEFFERSON,39.164304,-86.506992
2005,4,2,Weekday,1700,2-Car,No injury/unknown,OTHER (DRIVER) - EXPLAIN IN NARRATIVE,MAPLE & W THIRD ST,39.164304,-86.542096
2005,4,6,Weekday,1300,2-Car,No injury/unknown,FAILURE TO YIELD RIGHT OF WAY,3RD ST & JEFFERSON,39.164304,-86.506992
2005,4,4,Weekday,1800,2-Car,No injury/unknown,FOLLOWING TOO CLOSELY,3RD ST & JEFFERSON,39.164304,-86.506992
2005,11,3,Weekday,1300,2-Car,Non-incapacitating,FAILURE TO YIELD RIGHT OF WAY,3RD & JEFFERSON,39.164304,-86.506992
2005,12,6,Weekday,1400,2-Car,No injury/unknown,FAILURE TO YIELD RIGHT OF WAY,3RD ST & ROOSEVELT,39.164304,-86.505792
2005,10,6,Weekend,1900,2-Car,No injury/unknown,IMPROPER PASSING,3RD ST & JEFFERSON,39.164304,-86.506992
2005,7,1,Weekend,1100,2-Car,No injury/unknown,IMPROPER TURNING,3RD,39.16430382,-86.50578085
2005,1,3,Weekday,1900,2-Car,No injury/unknown,OTHER (DRIVER) - EXPLAIN IN NARRATIVE,3RD & SWAIN,39.164301,-86.515299
2005,11,4,Weekday,2000,2-Car,No injury/unknown,IMPROPER LANE USAGE,3RD ST & JORDON,39.1643,-86.517695
2005,10,4,Weekday,1500,Bus,No injury/unknown,OTHER (DRIVER) - EXPLAIN IN NARRATIVE,3RD ST & JORDAN,39.1643,-86.517695
2005,11,2,Weekday,1100,1-Car,Non-incapacitating,FAILURE TO YIELD RIGHT OF WAY,EAST THIRD ST & HENDERSON,39.1643,-86.527296
2005,12,1,Weekend,1400,2-Car,No injury/unknown,FOLLOWING TOO CLOSELY,3RD ST & SWAIN,39.1643,-86.516099
2005,12,4,Weekday,1800,2-Car,No injury/unknown,IMPROPER LANE USAGE,3RD ST & SWAIN,39.1643,-86.51609943
2005,11,3,Weekday,1800,2-Car,No injury/unknown,FOLLOWING TOO CLOSELY,E 3RD ST & HAWTHORN,39.1643,-86.5211113
2005,11,2,Weekday,1900,2-Car,No injury/unknown,FOLLOWING TOO CLOSELY,E 3RD ST & JORDAN,39.1643,-86.51770582
2005,8,3,Weekday,1600,2-Car,Non-incapacitating,IMPROPER LANE USAGE,3RD ST & SWAIN,39.1643,-86.5161016
2005,4,3,Weekday,2300,Pedestrian,Non-incapacitating,FAILURE TO YIELD RIGHT OF WAY,E 3RD ST & SWAIN,39.1643,-86.51639251
2005,5,5,Weekday,2300,2-Car,Non-incapacitating,WRONG WAY ON ONE WAY,3RD ST & JORDAN,39.1643,-86.51770192
2005,1,1,Weekend,800,2-Car,No injury/unknown,IMPROPER TURNING,3RD & BALLENTINE,39.1643,-86.520099
2005,6,2,Weekday,1500,2-Car,No injury/unknown,FAILURE TO YIELD RIGHT OF WAY,3RD ST & ROSE,39.1643,-86.512199
2005,7,4,Weekday,1700,2-Car,No injury/unknown,FOLLOWING TOO CLOSELY,3RD & CLIFTPM,39.1643,-86.510896
2005,3,4,Weekday,1200,3+ Cars,No injury/unknown,PASSENGER DISTRACTION,JORDAN & THIRD ST,39.1643,-86.51770019
2005,8,1,Weekend,1100,2-Car,No injury/unknown,IMPROPER TURNING,SWAIN & THIRD ST,39.1643,-86.516099
2005,4,3,Weekday,1200,3+ Cars,Non-incapacitating,OTHER (DRIVER) - EXPLAIN IN NARRATIVE,3RD ST & ROOSEVELT,39.16429943,-86.50550837
2005,10,3,Weekday,1000,2-Car,No injury/unknown,FAILURE TO YIELD RIGHT OF WAY,ATWATER & HIGH ST,39.164299,-86.508499
2005,2,7,Weekend,1600,2-Car,Non-incapacitating,DRIVER DISTRACTED - EXPLAIN IN NARRATIVE,E 3RD ST & WOODCREST,39.164299,-86.5048451
2005,7,5,Weekday,1000,2-Car,No injury/unknown,OTHER (DRIVER) - EXPLAIN IN NARRATIVE,3RD ST,39.16429681,-86.50534616
2005,6,6,Weekday,1500,3+ Cars,No injury/unknown,FAILURE TO YIELD RIGHT OF WAY,3RD ST & CLARK,39.164288,-86.5048
2005,8,1,Weekend,1100,2-Car,No injury/unknown,UNSAFE BACKING,3RD ST,39.16428212,-86.50392425
2005,3,3,Weekday,1800,2-Car,Non-incapacitating,DRIVER DISTRACTED - EXPLAIN IN NARRATIVE,3RD ST & COLLEGE MALL,39.164272,-86.50194586
2005,7,4,Weekday,2100,2-Car,No injury/unknown,FAILURE TO YIELD RIGHT OF WAY,3RD ST,39.164272,-86.50194253
2005,2,6,Weekday,1700,2-Car,No injury/unknown,FAILURE TO YIELD RIGHT OF WAY,E 3RD & EASTLAND PLAZA ENTRANCE,39.164272,-86.501488
2005,8,3,Weekday,700,3+ Cars,No injury/unknown,FOLLOWING TOO CLOSELY,3RD ST & WOODSCREST,39.164272,-86.502416
2005,7,6,Weekday,1200,2-Car,No injury/unknown,FAILURE TO YIELD RIGHT OF WAY,3RD & HILLSDALE,39.164272,-86.502416
2005,12,6,Weekday,1600,2-Car,No injury/unknown,FAILURE TO YIELD RIGHT OF WAY,E 3RD ST & OVERHILL,39.164272,-86.501488
2005,2,3,Weekday,1700,2-Car,No injury/unknown,UNSAFE BACKING,E 3RD ST & WOODCREST,39.164272,-86.50194253
2005,3,4,Weekday,900,2-Car,No injury/unknown,FAILURE TO YIELD RIGHT OF WAY,3RD & WOODCREST,39.164272,-86.502416
2005,4,6,Weekday,1800,3+ Cars,Non-incapacitating,SPEED TOO FAST FOR WEATHER CONDITIONS,3RD ST & HILLSDALE,39.164272,-86.502416
2005,5,5,Weekday,1700,2-Car,No injury/unknown,IMPROPER PASSING,3RD ST & WOODCREST,39.164272,-86.502416
2005,10,5,Weekday,1400,3+ Cars,Non-incapacitating,FOLLOWING TOO CLOSELY,3RD ST & HILLSDALE,39.164272,-86.502416
2005,2,7,Weekend,1900,2-Car,No injury/unknown,UNSAFE BACKING,3RD & WOODSCREST,39.164272,-86.502416
2005,11,7,Weekend,1500,3+ Cars,Non-incapacitating,FOLLOWING TOO CLOSELY,3RD ST & HILLSDALE,39.164272,-86.502416
2005,10,4,Weekday,1400,2-Car,No injury/unknown,IMPROPER LANE USAGE,3RD ST & BALLATINE,39.16425006,-86.51916648
2005,1,2,Weekday,800,1-Car,Non-incapacitating,OTHER (DRIVER) - EXPLAIN IN NARRATIVE,GRETTYS CREEK & SR46,39.16425006,-86.49823511
2005,2,5,Weekday,1600,2-Car,No injury/unknown,FOLLOWING TOO CLOSELY,3RD ST & HAWTHORNE,39.16424875,-86.52026202
2005,11,2,Weekday,1400,2-Car,No injury/unknown,SPEED TOO FAST FOR WEATHER CONDITIONS,3RD ST & COLLEGE MALL,39.16424736,-86.49910916
2005,8,3,Weekday,1300,2-Car,No injury/unknown,FOLLOWING TOO CLOSELY,HIGHLAND & THIRD,39.16424664,-86.51771684
2005,12,6,Weekday,1500,2-Car,No injury/unknown,FAILURE TO YIELD RIGHT OF WAY,KINGSTON & SR 46,39.16424001,-86.49188016
2005,2,7,Weekend,1300,2-Car,No injury/unknown,VIEW OBSTRUCTED,3RD ST & KINGSTON,39.16424,-86.49241208
2005,5,4,Weekday,2200,3+ Cars,No injury/unknown,FOLLOWING TOO CLOSELY,3RD ST & KINGSTON,39.16424,-86.49258939
2005,1,6,Weekday,1300,2-Car,Non-incapacitating,FAILURE TO YIELD RIGHT OF WAY,3RD ST & KINGSTON,39.16424,-86.49329861
2005,4,2,Weekday,1800,2-Car,No injury/unknown,FAILURE TO YIELD RIGHT OF WAY,3RD ST & KINGSTON,39.16424,-86.49267804
2005,5,3,Weekday,1800,2-Car,No injury/unknown,FOLLOWING TOO CLOSELY,3RD ST & PETE ELLIS,39.16424,-86.49487523
2005,9,5,Weekday,1600,Bus,No injury/unknown,OTHER (DRIVER) - EXPLAIN IN NARRATIVE,3RD ST & JORDAN,39.16424,-86.51657731
2005,11,3,Weekday,1400,2-Car,No injury/unknown,DRIVER DISTRACTED - EXPLAIN IN NARRATIVE,3RD ST & JORDAN,39.16424,-86.51613404
2005,9,6,Weekday,1400,1-Car,Non-incapacitating,IMPROPER PASSING,3RD ST & JORDAN,39.16424,-86.51622269
2005,11,3,Weekday,1100,2-Car,No injury/unknown,DRIVER DISTRACTED - EXPLAIN IN NARRATIVE,3RD ST & HIGHLAND,39.16424,-86.51786596
2005,10,2,Weekday,1300,2-Car,Non-incapacitating,IMPROPER LANE USAGE,3RD ST & BALLANTINE,39.16424,-86.51881469
2005,5,6,Weekend,2300,2-Car,No injury/unknown,FOLLOWING TOO CLOSELY,3RD ST & SWAIN,39.16424,-86.51493404
2005,3,2,Weekday,1500,2-Car,Non-incapacitating,FAILURE TO YIELD RIGHT OF WAY,3RD ST & JORDAN,39.16424,-86.51608085
2005,6,5,Weekday,1800,3+ Cars,Non-incapacitating,UNSAFE SPEED,3RD ST & JORDAN,39.16424,-86.51604539
2005,1,6,Weekday,1700,2-Car,No injury/unknown,FAILURE TO YIELD RIGHT OF WAY,3RD ST & KINGSTON,39.16424,-86.49305038
2005,3,3,Weekday,1100,2-Car,No injury/unknown,OTHER (DRIVER) - EXPLAIN IN NARRATIVE,3RD ST & JORDAN,39.16424,-86.51625816
2005,4,3,Weekday,0,2-Car,No injury/unknown,IMPROPER TURNING,3RD ST & JORDAN,39.16424,-86.51675461
2005,3,2,Weekday,1500,2-Car,No injury/unknown,IMPROPER LANE USAGE,3RD ST & JORDAN,39.16424,-86.51675461
2005,2,2,Weekday,2100,1-Car,No injury/unknown,IMPROPER LANE USAGE,3RD ST & JORDAN,39.16424,-86.51622269
2005,5,1,Weekend,1600,2-Car,No injury/unknown,FAILURE TO YIELD RIGHT OF WAY,3RD ST & JORDAN,39.16424,-86.51654185
2005,2,1,Weekday,2000,2-Car,Non-incapacitating,FAILURE TO YIELD RIGHT OF WAY,3RD ST & COLLEGE MALL,39.16424,-86.4984
2005,5,6,Weekday,1600,2-Car,No injury/unknown,FOLLOWING TOO CLOSELY,SMITH & SR46,39.16424,-86.480688
2005,8,3,Weekday,1600,2-Car,No injury/unknown,IMPROPER LANE USAGE,3RD ST & HIGHLAND,39.16424,-86.5176
2005,8,3,Weekday,2100,2-Car,No injury/unknown,FAILURE TO YIELD RIGHT OF WAY,3RD & JORDAN AVE,39.16424,-86.5164
2005,9,7,Weekend,1800,2-Car,No injury/unknown,DISREGARD SIGNAL/REG SIGN,3RD ST & JORDAN,39.16424,-86.5164
2005,10,7,Weekend,1600,2-Car,No injury/unknown,IMPROPER LANE USAGE,3RD ST & HIGHLAND,39.16424,-86.5176
2005,9,5,Weekday,1700,2-Car,No injury/unknown,FAILURE TO YIELD RIGHT OF WAY,3RD ST & JORDAN,39.16424,-86.5164
2005,11,1,Weekday,2200,2-Car,No injury/unknown,UNSAFE BACKING,3RD ST & JORDAN,39.16424,-86.51636454
2005,8,5,Weekday,1200,2-Car,No injury/unknown,IMPROPER LANE USAGE,3RD ST & BALLANTINE,39.16424,-86.518992
2005,9,4,Weekday,1900,Moped/Motorcycle,No injury/unknown,FOLLOWING TOO CLOSELY,E 3RD ST & JORDAN,39.16424,-86.5164
2005,10,1,Weekday,1900,2-Car,No injury/unknown,IMPROPER TURNING,3RD ST & SWAIN,39.16424,-86.5152
2005,9,5,Weekday,1400,2-Car,No injury/unknown,FAILURE TO YIELD RIGHT OF WAY,3RD ST & KINGSTON,39.16424,-86.492944
2005,10,2,Weekday,1900,2-Car,No injury/unknown,FAILURE TO YIELD RIGHT OF WAY,3RD & PETE ELLIS DR,39.16424,-86.495088
2005,8,3,Weekday,1800,2-Car,No injury/unknown,FAILURE TO YIELD RIGHT OF WAY,3RD & S COLLEGE MALL RD,39.16424,-86.4984
2005,8,7,Weekend,900,2-Car,Non-incapacitating,DISREGARD SIGNAL/REG SIGN,CLARIZZ & E 3RD ST,39.16424,-86.4908
2005,7,4,Weekday,1900,2-Car,No injury/unknown,DISREGARD SIGNAL/REG SIGN,3RD ST & KINGSTON,39.16424,-86.492944
2005,11,4,Weekday,1000,2-Car,Non-incapacitating,FAILURE TO YIELD RIGHT OF WAY,3RD ST & COLLEGE MALL,39.16424,-86.4984
2005,5,4,Weekday,2100,2-Car,Non-incapacitating,FOLLOWING TOO CLOSELY,SMITH RD & SR46,39.16424,-86.480688
2005,4,3,Weekday,1500,2-Car,Non-incapacitating,FOLLOWING TOO CLOSELY,E 3RD ST & S JORDAN,39.16424,-86.5164
2005,1,7,Weekend,,2-Car,No injury/unknown,OTHER (DRIVER) - EXPLAIN IN NARRATIVE,KINSTER,39.16424,-86.492944
2005,1,2,Weekday,900,3+ Cars,No injury/unknown,FAILURE TO YIELD RIGHT OF WAY,COLLEGE MALL RD,39.16424,-86.4984
2005,2,1,Weekday,2000,2-Car,No injury/unknown,UNSAFE BACKING,3RD ST & JORDAN,39.16424,-86.51638227
2005,3,5,Weekday,2100,2-Car,No injury/unknown,FAILURE TO YIELD RIGHT OF WAY,3RD ST & HIGHLAND,39.16424,-86.5176
2005,8,4,Weekday,1400,2-Car,No injury/unknown,OTHER (DRIVER) - EXPLAIN IN NARRATIVE,3RD ST & HAWTHORNE,39.16424,-86.520192
2005,9,5,Weekday,1100,2-Car,No injury/unknown,OTHER (DRIVER) - EXPLAIN IN NARRATIVE,E 3RD ST & PETE ELLIS,39.16424,-86.495088
2005,9,5,Weekday,1700,2-Car,Non-incapacitating,FAILURE TO YIELD RIGHT OF WAY,PARK RIDGE & SR46,39.16424,-86.476096
2005,1,1,Weekend,1000,2-Car,No injury/unknown,LEFT OF CENTER,E 3RD ST,39.16424,-86.49368135
2005,1,2,Weekday,1100,Moped/Motorcycle,Non-incapacitating,FAILURE TO YIELD RIGHT OF WAY,E 3RD & S HAWTHORNE AVE,39.16424,-86.520192
2005,2,5,Weekday,1200,2-Car,No injury/unknown,FOLLOWING TOO CLOSELY,E 3RD & KINGSTON,39.16424,-86.492944
2005,7,3,Weekday,1200,2-Car,No injury/unknown,OTHER (DRIVER) - EXPLAIN IN NARRATIVE,3RD & JORDAN,39.16424,-86.5164
2005,10,5,Weekday,1300,2-Car,No injury/unknown,LEFT OF CENTER,3RD & MEADOWBROOK,39.16424,-86.48635271
2005,6,4,Weekday,800,2-Car,No injury/unknown,FOLLOWING TOO CLOSELY,3RD ST & PETE ELLIS,39.16424,-86.495088
2005,8,3,Weekday,1000,2-Car,No injury/unknown,LEFT OF CENTER,3RD & SMITH RD,39.16424,-86.480688
2005,10,4,Weekday,,2-Car,No injury/unknown,OTHER (DRIVER) - EXPLAIN IN NARRATIVE,3RD,39.16424,-86.480688
2005,10,1,Weekend,1200,2-Car,No injury/unknown,FAILURE TO YIELD RIGHT OF WAY,E 3RD ST & PETE ELLIS,39.16424,-86.495088
2005,6,7,Weekend,1300,2-Car,Non-incapacitating,FAILURE TO YIELD RIGHT OF WAY,3RD & SMITH RD,39.16424,-86.480688