Year,Month,Day,Weekend?,Hour,Collision Type,Injury Type,Primary Factor,Reported_Location,Latitude,Longitude
2005,5,2,Weekday,1400,3+ Cars,No injury/unknown,FOLLOWING TOO CLOSELY,PETE ELLIS & THIRD ST,39.16424,-86.495088
2005,4,6,Weekday,1800,2-Car,No injury/unknown,FAILURE TO YIELD RIGHT OF WAY,3RD ST & KINGSTON,39.16424,-86.492944
2005,4,7,Weekend,1800,2-Car,No injury/unknown,IMPROPER LANE USAGE,3RD & COLLEGE MALL RD,39.16424,-86.4984
2005,9,1,Weekday,2200,2-Car,No injury/unknown,PASSENGER DISTRACTION,3RD ST,39.16424,-86.47968882
2005,11,2,Weekday,900,2-Car,No injury/unknown,FAILURE TO YIELD RIGHT OF WAY,E 3RD ST & HIGHLAND,39.16424,-86.5176
2005,10,2,Weekday,1400,2-Car,No injury/unknown,FAILURE TO YIELD RIGHT OF WAY,3RD ST & KINGSTON,39.16424,-86.492944
2005,10,4,Weekday,2100,2-Car,No injury/unknown,FAILURE TO YIELD RIGHT OF WAY,3RD ST & SMITH,39.16424,-86.480688
2005,8,4,Weekday,1400,2-Car,No injury/unknown,FAILURE TO YIELD RIGHT OF WAY,E 3RD ST & KINGSTON,39.16424,-86.492944
2005,8,5,Weekday,1300,2-Car,Non-incapacitating,,E 3RD & KINGSTON DR,39.16424,-86.492944
2005,10,7,Weekend,1000,2-Car,No injury/unknown,FAILURE TO YIELD RIGHT OF WAY,3RD & COLLEGE MALL,39.16424,-86.4984
2005,10,7,Weekend,1200,2-Car,No injury/unknown,FOLLOWING TOO CLOSELY,3RD & SMITH RD,39.16424,-86.480688
2005,10,4,Weekday,1800,2-Car,Non-incapacitating,DISREGARD SIGNAL/REG SIGN,E 3RD ST & PETE ELLIS,39.16424,-86.495088
2005,12,6,Weekday,1600,2-Car,No injury/unknown,FAILURE TO YIELD RIGHT OF WAY,3RD & KINGSTON,39.16424,-86.492944
2005,11,4,Weekday,1500,2-Car,Non-incapacitating,FAILURE TO YIELD RIGHT OF WAY,3RD ST & CLARIZZ,39.16424,-86.4908
2005,9,1,Weekday,2100,2-Car,No injury/unknown,FAILURE TO YIELD RIGHT OF WAY,3RD ST & BALLENTINE,39.16424,-86.518992
2005,10,6,Weekday,1700,2-Car,No injury/unknown,UNSAFE BACKING,COLLEGE MALL RD,39.16424,-86.4984
2005,2,4,Weekday,1600,2-Car,No injury/unknown,OTHER (DRIVER) - EXPLAIN IN NARRATIVE,CLARIZZ & SR 46,39.16424,-86.4908
2005,3,5,Weekday,1400,2-Car,Non-incapacitating,FOLLOWING TOO CLOSELY,E 3RD ST & JORDAN,39.16424,-86.5164
2005,6,7,Weekend,2000,3+ Cars,Non-incapacitating,FOLLOWING TOO CLOSELY,3RD ST & CLARIZZ,39.16424,-86.4908
2005,2,6,Weekday,1700,2-Car,Non-incapacitating,FAILURE TO YIELD RIGHT OF WAY,3RD ST & PARK RIDGE,39.16424,-86.476096
2005,2,6,,,2-Car,No injury/unknown,OTHER (DRIVER) - EXPLAIN IN NARRATIVE,JORDAN & THIRD ST,39.16424,-86.5164
2005,2,6,Weekday,1000,2-Car,No injury/unknown,FOLLOWING TOO CLOSELY,3RD & COLLEGE MALL RD,39.16424,-86.4984
2005,2,2,Weekday,1200,1-Car,No injury/unknown,OTHER (DRIVER) - EXPLAIN IN NARRATIVE,3RD ST & COLLEGE MALL,39.16424,-86.4984
2005,4,6,Weekend,2100,2-Car,No injury/unknown,FAILURE TO YIELD RIGHT OF WAY,3RD & COLLEGE MALL RD,39.16424,-86.4984
2005,3,2,Weekday,2200,2-Car,No injury/unknown,OTHER (DRIVER) - EXPLAIN IN NARRATIVE,3RD & KINGSTON,39.16424,-86.492944
2005,1,3,Weekday,1900,1-Car,No injury/unknown,DRIVER ILLNESS,3RD,39.16424,-86.492944
2005,3,6,Weekday,700,2-Car,No injury/unknown,OTHER (DRIVER) - EXPLAIN IN NARRATIVE,E 3RD ST & PEETE ELLIS,39.16424,-86.495088
2005,5,3,Weekday,1200,2-Car,Non-incapacitating,FAILURE TO YIELD RIGHT OF WAY,3RD,39.16424,-86.492944
2005,6,1,Weekend,1300,2-Car,No injury/unknown,FAILURE TO YIELD RIGHT OF WAY,3RD ST & SMITH,39.16424,-86.480688
2005,1,7,Weekend,2100,2-Car,No injury/unknown,FAILURE TO YIELD RIGHT OF WAY,3RD ST & CLARIZZ,39.16424,-86.4908
2005,3,4,Weekday,1100,2-Car,No injury/unknown,FAILURE TO YIELD RIGHT OF WAY,COLLEGE MALL & E 3RD ST,39.16424,-86.4984
2005,7,7,Weekend,2300,2-Car,Non-incapacitating,FAILURE TO YIELD RIGHT OF WAY,3RD ST & CLARIZZ,39.16424,-86.4908
2005,3,4,Weekday,2000,2-Car,No injury/unknown,FAILURE TO YIELD RIGHT OF WAY,E 10TH & PETE ELLIS DR,39.16424,-86.495088
2005,6,4,Weekday,1600,2-Car,No injury/unknown,FAILURE TO YIELD RIGHT OF WAY,COLLEGE MALL RD,39.16424,-86.4984
2005,7,5,Weekday,1400,3+ Cars,No injury/unknown,CELL PHONE USAGE,3RD ST & COLLEGE MALL,39.16424,-86.4984
2005,5,7,Weekend,1100,2-Car,No injury/unknown,UNSAFE BACKING,3RD ST,39.16424,-86.49368135
2005,5,4,Weekday,1800,2-Car,No injury/unknown,UNSAFE BACKING,3RD & CLIFTON AVE,39.16424,-86.5096
2005,4,3,Weekday,800,2-Car,No injury/unknown,FAILURE TO YIELD RIGHT OF WAY,3RD ST & KINGSTON,39.16424,-86.492944
2005,4,3,Weekday,1700,2-Car,No injury/unknown,FAILURE TO YIELD RIGHT OF WAY,3RD & COLLEGE MALL RD,39.16424,-86.4984
2005,6,7,Weekend,2100,2-Car,No injury/unknown,IMPROPER TURNING,3RD ST & JORDAN,39.16424,-86.5164
2005,6,3,Weekday,1500,2-Car,Non-incapacitating,FOLLOWING TOO CLOSELY,3RD ST & HAWTHORNE,39.16424,-86.52008562
2005,8,5,Weekday,1700,2-Car,No injury/unknown,IMPROPER LANE USAGE,3RD ST & HIGHLAND,39.16424,-86.5176
2005,4,2,Weekday,2300,2-Car,Fatal,FAILURE TO YIELD RIGHT OF WAY,3RD ST & HAWTHORNE,39.16424,-86.520192
2005,8,7,Weekend,800,2-Car,Non-incapacitating,DISREGARD SIGNAL/REG SIGN,3RD ST & JORDAN,39.16424,-86.5164
2005,4,7,Weekend,2100,2-Car,No injury/unknown,UNSAFE BACKING,3RD ST & JORDAN,39.16424,-86.5164
2005,8,2,Weekday,1200,2-Car,No injury/unknown,IMPROPER LANE USAGE,3RD ST & HIGHLAND,39.16424,-86.5176
2005,4,3,Weekday,1800,2-Car,No injury/unknown,FOLLOWING TOO CLOSELY,3RD ST & JORDAN,39.16424,-86.5164
2005,6,4,Weekday,700,2-Car,No injury/unknown,FOLLOWING TOO CLOSELY,3RD ST & UNION,39.16424,-86.509296
2005,1,2,Weekday,1600,3+ Cars,No injury/unknown,FOLLOWING TOO CLOSELY,3RD ST & COLLEGE MALL,39.16424,-86.4984
2005,1,3,Weekday,2200,2-Car,No injury/unknown,UNSAFE SPEED,3RD ST & PETE ELLIS,39.16424,-86.495088
2005,1,5,Weekday,2100,2-Car,No injury/unknown,FAILURE TO YIELD RIGHT OF WAY,PETE ELLIS & SR46,39.16424,-86.495088
2005,8,6,Weekday,900,1-Car,No injury/unknown,,3RD ST,39.16424,-86.48595093
2005,1,5,Weekday,2000,2-Car,No injury/unknown,FAILURE TO YIELD RIGHT OF WAY,PARK RIDGE & SR46,39.16424,-86.476096
2005,1,2,Weekday,1200,2-Car,Non-incapacitating,FAILURE TO YIELD RIGHT OF WAY,3RD ST & COLLEGE MALL RD,39.16424,-86.4984
2005,10,6,Weekday,1100,2-Car,No injury/unknown,FOLLOWING TOO CLOSELY,3RD & COLLEGE MALL RD,39.16424,-86.4984
2005,11,2,Weekday,2100,2-Car,No injury/unknown,FAILURE TO YIELD RIGHT OF WAY,E 3RD ST & SMITH,39.16424,-86.480688
2005,11,5,Weekday,1400,2-Car,Non-incapacitating,IMPROPER TURNING,3RD ST & SMITH,39.16424,-86.480688
2005,11,3,Weekday,2300,2-Car,No injury/unknown,OTHER (DRIVER) - EXPLAIN IN NARRATIVE,E 3RD,39.16424,-86.4984
2005,11,7,Weekend,1500,2-Car,Non-incapacitating,FOLLOWING TOO CLOSELY,3RD & COLLEGE MALL RD,39.16424,-86.4984
2005,10,7,Weekend,2100,2-Car,No injury/unknown,FAILURE TO YIELD RIGHT OF WAY,3RD ST & SMITH,39.16424,-86.480688
2005,10,1,Weekday,2100,2-Car,No injury/unknown,FAILURE TO YIELD RIGHT OF WAY,3RD ST & COLLEGE MALL,39.16424,-86.4984
2005,12,6,Weekday,1200,2-Car,No injury/unknown,FOLLOWING TOO CLOSELY,3RD ST & COLLEGE MALL,39.16424,-86.4984
2005,10,7,Weekend,1400,2-Car,No injury/unknown,OTHER (DRIVER) - EXPLAIN IN NARRATIVE,W 3RD ST,39.16424,-86.48427429
2005,10,6,Weekday,1100,2-Car,No injury/unknown,IMPROPER LANE USAGE,3RD ST & COLLEGE MALL,39.16423833,-86.49822271
2005,10,1,Weekend,1700,2-Car,No injury/unknown,,E 3RD & SR 45,39.16423674,-86.49805388
2005,1,7,Weekend,1700,2-Car,No injury/unknown,FAILURE TO YIELD RIGHT OF WAY,3RD ST & COLLEGE MALL,39.16423666,-86.49804541
2005,9,1,Weekend,1300,2-Car,No injury/unknown,OTHER (DRIVER) - EXPLAIN IN NARRATIVE,3RD ST & COLLEGE MALL,39.16423599,-86.4979745
2005,11,4,Weekday,1500,2-Car,No injury/unknown,FAILURE TO YIELD RIGHT OF WAY,3RD ST & COLLEGE MALL,39.16423331,-86.49769083
2005,6,5,Weekday,800,2-Car,No injury/unknown,FOLLOWING TOO CLOSELY,SR46E & THIRD,39.16422957,-86.4720834
2005,9,3,Weekday,1700,1-Car,Non-incapacitating,FAILURE TO YIELD RIGHT OF WAY,3RD & JORDAN AVE,39.16422627,-86.5163998
2005,11,2,Weekday,1000,1-Car,No injury/unknown,OTHER (DRIVER) - EXPLAIN IN NARRATIVE,EAST THIRD & FACULTY,39.164204,-86.52260465
2005,5,3,Weekday,1500,2-Car,Non-incapacitating,FAILURE TO YIELD RIGHT OF WAY,3RD ST & PARKRIDGE,39.1642,-86.476699
2005,5,1,Weekend,1000,2-Car,No injury/unknown,IMPROPER LANE USAGE,3RD ST & WILLIAMSBURG,39.1642,-86.497095
2005,12,7,Weekend,1800,2-Car,No injury/unknown,OTHER (DRIVER) - EXPLAIN IN NARRATIVE,E 3RD,39.1642,-86.495738
2005,11,3,Weekday,1400,2-Car,No injury/unknown,OTHER (DRIVER) - EXPLAIN IN NARRATIVE,COLLEGEMALL,39.164199,-86.498296
2005,11,4,Weekday,1000,2-Car,No injury/unknown,SPEED TOO FAST FOR WEATHER CONDITIONS,3RD & SMITH RD,39.16418509,-86.480688
2005,2,2,Weekday,1600,2-Car,Non-incapacitating,FAILURE TO YIELD RIGHT OF WAY,3RD & SMITH RD,39.16418509,-86.480688
2005,2,2,Weekday,1600,2-Car,Non-incapacitating,FAILURE TO YIELD RIGHT OF WAY,3RD & SMITH RD,39.16418509,-86.480688
2005,1,5,Weekday,1600,2-Car,Non-incapacitating,UNSAFE BACKING,WOODCREST,39.16410392,-86.50241519
2005,1,3,Weekday,1400,2-Car,No injury/unknown,UNSAFE BACKING,WOODSCREST,39.16410392,-86.50241519
2005,11,6,Weekday,1800,2-Car,No injury/unknown,FAILURE TO YIELD RIGHT OF WAY,3RD & KINGSTON DR,39.16410292,-86.49295356
2005,1,6,Weekday,1700,2-Car,No injury/unknown,FAILURE TO YIELD RIGHT OF WAY,3RD & HIGHLAND,39.16410273,-86.51759789
2005,7,6,Weekday,1400,2-Car,No injury/unknown,OTHER (DRIVER) - EXPLAIN IN NARRATIVE,ALLEY & WASHINGTON,39.1641,-86.53177969
2005,5,6,Weekday,1100,2-Car,No injury/unknown,IMPROPER LANE USAGE,3RD & COLLEGE AVE,39.16409091,-86.53482118
2005,9,4,Weekday,2100,1-Car,Non-incapacitating,RAN OFF ROAD RIGHT,SR46 & TRAILWAY,39.16408416,-86.42742726
2005,7,3,Weekday,1300,2-Car,No injury/unknown,OTHER (DRIVER) - EXPLAIN IN NARRATIVE,3RD & BALLANTINE,39.16407532,-86.51899715
2005,7,7,Weekend,1200,2-Car,Non-incapacitating,FAILURE TO YIELD RIGHT OF WAY,3RD & COLLEGE MALL RD,39.16405053,-86.49835841
2005,2,4,Weekday,1800,2-Car,No injury/unknown,,3RD & HAWTHORNE,39.16404783,-86.52018895
2005,5,6,Weekday,1500,2-Car,No injury/unknown,UNSAFE BACKING,S LANDMARK,39.16403491,-86.5562826
2005,7,5,Weekday,1600,2-Car,No injury/unknown,OTHER (DRIVER) - EXPLAIN IN NARRATIVE,COLLEGEMALL,39.164018,-86.49825
2005,5,2,Weekday,700,2-Car,No injury/unknown,FAILURE TO YIELD RIGHT OF WAY,COLLEGE MALL RD & E 3RD,39.16396933,-86.49834058
2005,7,5,Weekday,1200,2-Car,No injury/unknown,FAILURE TO YIELD RIGHT OF WAY,3RD & SWAIN AVE,39.16396552,-86.51519193
2005,12,2,Weekday,1900,1-Car,No injury/unknown,ALCOHOLIC BEVERAGES,BRUMMETTS CREEK & SR 46,39.16393516,-86.39732952
2005,12,3,Weekday,1000,3+ Cars,No injury/unknown,PRESCRIPTION DRUGS,LANDMARK AVE,39.16391197,-86.5562826
2005,11,7,Weekend,1500,Bus,Non-incapacitating,IMPROPER LANE USAGE,3RD & COLLEGE MALL,39.163884,-86.496616
2005,7,7,Weekend,1800,1-Car,Non-incapacitating,FOLLOWING TOO CLOSELY,3RD & COLLEGE AVE,39.16381637,-86.53482377
2005,9,6,Weekday,1600,3+ Cars,Non-incapacitating,DRIVER DISTRACTED - EXPLAIN IN NARRATIVE,PROSPECT & ROGERS ST,39.16377146,-86.538592
2005,12,2,Weekday,1800,2-Car,No injury/unknown,UNSAFE BACKING,S WALNUT ST,39.163744,-86.5336
2005,1,5,Weekday,1500,2-Car,No injury/unknown,FAILURE TO YIELD RIGHT OF WAY,3RD & KINGSTON DR,39.1636917,-86.49298225
2005,12,1,Weekend,1700,1-Car,No injury/unknown,RAN OFF ROAD RIGHT,CAVE & SR48W,39.16366173,-86.63780128
2005,8,3,Weekday,1200,3+ Cars,Non-incapacitating,OTHER (DRIVER) - EXPLAIN IN NARRATIVE,COLLEGE MALL RD,39.163584,-86.498256
2005,3,3,Weekday,1900,2-Car,No injury/unknown,DISREGARD SIGNAL/REG SIGN,COLLEGE MALL RD,39.163584,-86.498256
2005,2,7,Weekend,400,1-Car,Non-incapacitating,ANIMAL/OBJECT IN ROADWAY,SR46 & TRAILWAY,39.1635595,-86.42588047
2005,12,7,Weekend,300,1-Car,Non-incapacitating,ALCOHOLIC BEVERAGES,GARISON CHAPEL & SR48,39.163552,-86.649696
2005,5,6,Weekday,1000,2-Car,No injury/unknown,FAILURE TO YIELD RIGHT OF WAY,ATWATER & WOODLAWN DR,39.16348591,-86.522592
2005,9,5,Weekday,1500,3+ Cars,Non-incapacitating,FOLLOWING TOO CLOSELY,3RD ST & PATTERSON,39.16346117,-86.5512146
2005,5,6,Weekday,1700,Moped/Motorcycle,Non-incapacitating,OTHER (DRIVER) - EXPLAIN IN NARRATIVE,3RD ST & PATTERSON,39.16346117,-86.5512146
2005,11,5,Weekday,1200,2-Car,No injury/unknown,IMPROPER LANE USAGE,PATTERSON & W 3RD ST,39.16346117,-86.5512146
2005,12,5,Weekday,1700,2-Car,No injury/unknown,NONE (DRIVER),3RD ST & PATTERSON,39.16346117,-86.5512146
2005,7,3,Weekday,1100,2-Car,Non-incapacitating,ALCOHOLIC BEVERAGES,2ND & ROGERS,39.16345639,-86.538699
2005,1,6,Weekday,800,2-Car,No injury/unknown,FAILURE TO YIELD RIGHT OF WAY,BELL & HICKORY DR,39.16344,-86.58584
2005,8,3,Weekday,700,2-Car,Non-incapacitating,FAILURE TO YIELD RIGHT OF WAY,BELKE & S PARKWAY DR,39.16344,-86.5888
2005,1,1,Weekend,1200,3+ Cars,No injury/unknown,FAILURE TO YIELD RIGHT OF WAY,BELLE & HICKORY DR,39.16344,-86.58584
2005,10,5,Weekday,1400,1-Car,No injury/unknown,OTHER (DRIVER) - EXPLAIN IN NARRATIVE,FAIRVIEW & SMITH,39.163423,-86.540956
2005,3,2,Weekday,2200,2-Car,Non-incapacitating,OTHER (DRIVER) - EXPLAIN IN NARRATIVE,ATWATER & ROSE AVE,39.1633625,-86.51091895
2005,9,7,Weekend,1300,2-Car,Non-incapacitating,FAILURE TO YIELD RIGHT OF WAY,ATWATER AVE & HENDERSON,39.163344,-86.5272
2005,10,3,Weekday,1100,2-Car,No injury/unknown,FAILURE TO YIELD RIGHT OF WAY,ATWATER AVE & HENDERSON,39.163344,-86.5272
2005,1,4,Weekday,1000,2-Car,No injury/unknown,FAILURE TO YIELD RIGHT OF WAY,ATWATER & HENDERSON,39.163344,-86.5272
2005,1,5,Weekday,1500,2-Car,Non-incapacitating,DISREGARD SIGNAL/REG SIGN,ATWATER AVE & HENDERSON,39.163344,-86.5272
2005,1,2,Weekday,1900,2-Car,Non-incapacitating,FAILURE TO YIELD RIGHT OF WAY,ATWATER & HENDERSON,39.163344,-86.5272
2005,7,4,Weekday,1600,2-Car,No injury/unknown,FAILURE TO YIELD RIGHT OF WAY,ATWATER & HENDERSON,39.163344,-86.5272
2005,3,5,Weekday,1300,2-Car,No injury/unknown,DISREGARD SIGNAL/REG SIGN,E ATWATER & S HENDERSON,39.163344,-86.5272
2005,6,4,Weekday,2300,2-Car,No injury/unknown,WRONG WAY ON ONE WAY,ATWATER & HENDERSON,39.163344,-86.5272
2005,4,4,Weekday,800,2-Car,No injury/unknown,FAILURE TO YIELD RIGHT OF WAY,ATWATER AVE & HENDERSON,39.163344,-86.5272
2005,5,3,Weekday,2300,2-Car,No injury/unknown,DISREGARD SIGNAL/REG SIGN,ATWATER & HENDERSON,39.163344,-86.5272
2005,2,7,Weekend,2100,2-Car,No injury/unknown,DISREGARD SIGNAL/REG SIGN,ATWATER AVE & HENDERSON,39.163344,-86.5272
2005,9,7,Weekend,2000,2-Car,Non-incapacitating,FAILURE TO YIELD RIGHT OF WAY,ATWATER & HENDERSON,39.163344,-86.5272
2005,4,1,Weekend,1100,2-Car,Non-incapacitating,FAILURE TO YIELD RIGHT OF WAY,ATWATER & HENDRSON,39.163344,-86.5272
2005,11,5,Weekday,1700,2-Car,Non-incapacitating,FAILURE TO YIELD RIGHT OF WAY,ATWATER & HENDERSON,39.163344,-86.5272
2005,4,6,Weekday,1700,1-Car,No injury/unknown,OTHER (DRIVER) - EXPLAIN IN NARRATIVE,ATWATER AVE & FESS,39.163328,-86.525808
2005,3,4,Weekday,1900,2-Car,No injury/unknown,,7TH & 7TH ST,39.16331224,-86.543699
2005,8,4,Weekday,1200,2-Car,Non-incapacitating,,ATWATER & PARK,39.163296,-86.524
2005,8,6,Weekday,1300,3+ Cars,No injury/unknown,UNSAFE SPEED,ATWATER AVE & PARK,39.16329298,-86.52373407
2005,5,6,Weekday,1600,2-Car,Non-incapacitating,FOLLOWING TOO CLOSELY,ATWATER AVE & WOODLAWN,39.16328121,-86.52269837
2005,9,2,Weekday,1000,2-Car,No injury/unknown,IMPROPER TURNING,WOODLAWN & WOODLAWN AVE,39.16328,-86.522592
2005,4,4,Weekday,900,1-Car,Non-incapacitating,OTHER (DRIVER) - EXPLAIN IN NARRATIVE,ATWATER AVE & WOODLAWN,39.16328,-86.522592
2005,7,2,Weekday,2300,2-Car,Non-incapacitating,DISREGARD SIGNAL/REG SIGN,ATWATER ST & WOODLAWN,39.16328,-86.522592
2005,6,2,Weekday,1000,2-Car,No injury/unknown,UNSAFE BACKING,ATWATER & FACULITY AVE,39.163248,-86.521008
2005,11,5,Weekday,1100,1-Car,Non-incapacitating,FAILURE TO YIELD RIGHT OF WAY,ATWATER AVE & HAWTHORNE,39.163232,-86.520176
2005,5,3,Weekday,1100,2-Car,No injury/unknown,IMPROPER TURNING,ATWATER AVE & HAWTHORNE,39.163232,-86.520176
2005,6,4,Weekday,1400,2-Car,No injury/unknown,FAILURE TO YIELD RIGHT OF WAY,ATWATER AVENUE & HAWTHORNE STREET,39.163232,-86.520176
2005,9,6,Weekday,400,1-Car,No injury/unknown,UNSAFE SPEED,ATWATER & HAWTHORNE,39.16322708,-86.51982145
2005,6,1,Weekend,300,2-Car,No injury/unknown,UNSAFE BACKING,ATWATER & ROSE AVE,39.16322525,-86.51091548
2005,9,6,Weekday,1000,2-Car,No injury/unknown,FOLLOWING TOO CLOSELY,ATWATER & BALLANTINE,39.16321723,-86.51911264
2005,8,4,Weekday,1400,2-Car,Non-incapacitating,OTHER (DRIVER) - EXPLAIN IN NARRATIVE,ATWATER & BALLANTINE,39.163216,-86.519024
2005,6,5,Weekday,2000,2-Car,No injury/unknown,IMPROPER LANE USAGE,ATWATER & BALLANTINE,39.1632158,-86.51900627
2005,10,7,Weekend,2100,2-Car,No injury/unknown,FAILURE TO YIELD RIGHT OF WAY,ATWATER & HIGHLAND,39.1632,-86.517584
2005,8,3,Weekday,1300,3+ Cars,Non-incapacitating,UNSAFE SPEED,ATWATER AVE & HIGHLAND,39.1632,-86.517584
2005,1,4,Weekday,1700,2-Car,No injury/unknown,OTHER (DRIVER) - EXPLAIN IN NARRATIVE,ATWATER & HIGHLAND,39.1632,-86.517584
2005,9,2,Weekday,900,2-Car,No injury/unknown,UNSAFE BACKING,PK LOT S HIGHLAND YMCA,39.1632,-86.517584
2005,3,1,Weekday,2100,1-Car,No injury/unknown,OTHER (DRIVER) - EXPLAIN IN NARRATIVE,HIGHLAND,39.1632,-86.517584
2005,5,3,Weekday,1700,2-Car,No injury/unknown,FOLLOWING TOO CLOSELY,ATWATER AVE & HIGHLAND,39.1632,-86.517584
2005,8,7,Weekend,1800,3+ Cars,Non-incapacitating,DISREGARD SIGNAL/REG SIGN,ATWATER AVE & HIGHLAND,39.1632,-86.517584
2005,3,6,Weekday,1400,2-Car,No injury/unknown,FAILURE TO YIELD RIGHT OF WAY,ATWATER & HENDERSON,39.163199,-86.527894
2005,6,5,Weekday,2300,2-Car,No injury/unknown,UNSAFE BACKING,ATWATER & PARK ST,39.16317249,-86.52399626
2005,11,3,Weekday,1700,3+ Cars,No injury/unknown,FOLLOWING TOO CLOSELY,ATWATER AVE & JORDAN,39.16316847,-86.51640172
2005,7,1,Weekend,1500,2-Car,Non-incapacitating,DISREGARD SIGNAL/REG SIGN,ATWATER AVE & JORDAN,39.163168,-86.516384
2005,3,7,Weekend,2200,2-Car,Non-incapacitating,DISREGARD SIGNAL/REG SIGN,ATWATER AVE & JORDAN,39.163168,-86.516384
2005,8,6,Weekday,1600,3+ Cars,Non-incapacitating,DISREGARD SIGNAL/REG SIGN,ATWATER AVE & JORDAN,39.163168,-86.516384
2005,8,2,Weekday,1500,2-Car,Non-incapacitating,DISREGARD SIGNAL/REG SIGN,ATWATER AVE & JORDAN,39.163168,-86.516384
2005,8,6,Weekday,1500,2-Car,No injury/unknown,FOLLOWING TOO CLOSELY,ATWATER & JORDAN,39.163168,-86.516384
2005,1,3,Weekday,800,2-Car,No injury/unknown,FAILURE TO YIELD RIGHT OF WAY,ATWATER AVE & JORDAN,39.163168,-86.516384
2005,12,2,Weekday,100,2-Car,No injury/unknown,SPEED TOO FAST FOR WEATHER CONDITIONS,ATWATER & SWAIN,39.163152,-86.515168
2005,12,4,Weekday,,2-Car,No injury/unknown,ROADWAY SURFACE CONDITION,FESS & HUNTER,39.16315037,-86.52581061
2005,3,6,Weekday,1600,2-Car,No injury/unknown,FAILURE TO YIELD RIGHT OF WAY,DUNN ST & SMITH,39.16312255,-86.5284
2005,6,4,Weekday,1600,2-Car,No injury/unknown,NONE (DRIVER),SMITH & WALNUT,39.16312255,-86.5336
2005,8,6,Weekday,1100,2-Car,No injury/unknown,FAILURE TO YIELD RIGHT OF WAY,ATWATER AVE & EASTSIDE,39.16312,-86.513088
2005,2,2,Weekday,2100,1-Car,Non-incapacitating,SPEED TOO FAST FOR WEATHER CONDITIONS,ATWATER AVE & FESS,39.1631,-86.52729554
2005,1,5,Weekday,1700,2-Car,No injury/unknown,FAILURE TO YIELD RIGHT OF WAY,ATWATER AVE & EAST SIDE,39.1631,-86.514199
2005,5,3,Weekday,1600,2-Car,Non-incapacitating,DISREGARD SIGNAL/REG SIGN,ATWATER AVE & JORDAN,39.1631,-86.517695
2005,4,7,Weekend,1900,2-Car,No injury/unknown,IMPROPER LANE USAGE,ATWATER AVE & WOODLAWN,39.1631,-86.522796
2005,7,6,Weekday,1300,2-Car,Non-incapacitating,NONE (DRIVER),400 S WOODLAWN & E ATWATER,39.1631,-86.52259773
2005,4,5,Weekday,1800,2-Car,No injury/unknown,FOLLOWING TOO CLOSELY,ATWATER ST & HAWTHORNE,39.1631,-86.521095
2005,4,3,Weekday,1200,2-Car,No injury/unknown,FAILURE TO YIELD RIGHT OF WAY,ATWATER AVE & EASTSIDE,39.1631,-86.514199
2005,1,1,Weekend,1200,2-Car,No injury/unknown,FAILURE TO YIELD RIGHT OF WAY,ATWATER & CLIFTON,39.163072,-86.5096
2005,10,6,Weekday,1700,2-Car,No injury/unknown,DISREGARD SIGNAL/REG SIGN,ATWATER AVE & CLIFTON,39.163072,-86.5096
2005,10,5,Weekday,0,2-Car,Non-incapacitating,FAILURE TO YIELD RIGHT OF WAY,ATWATER & CLIFTON,39.163072,-86.5096
2005,2,1,Weekend,1300,2-Car,No injury/unknown,OTHER (DRIVER) - EXPLAIN IN NARRATIVE,ATWATER & CLIFTON ST,39.163072,-86.5096
2005,1,4,Weekday,1800,2-Car,No injury/unknown,FAILURE TO YIELD RIGHT OF WAY,CLARIZZ BLVD & WILMINGTON,39.163056,-86.490752
2005,1,4,Weekday,1200,2-Car,No injury/unknown,UNSAFE BACKING,BUICK CADILLAC & CLARRIZ,39.163056,-86.490752
2005,3,3,Weekday,1700,2-Car,No injury/unknown,IMPROPER TURNING,CLARIZZ BLVD & MOORSE,39.163056,-86.490752
2005,1,3,Weekday,900,2-Car,No injury/unknown,FAILURE TO YIELD RIGHT OF WAY,CLAVIZZ BLVD,39.163056,-86.490752
2005,5,5,Weekday,1100,2-Car,No injury/unknown,UNSAFE BACKING,CLARIZZ BLVD,39.163056,-86.490752
2005,1,6,Weekend,2100,1-Car,No injury/unknown,RAN OFF ROAD RIGHT,CLARIZZ & COVENANTER,39.163056,-86.490752
2005,1,6,Weekday,1200,3+ Cars,Non-incapacitating,FAILURE TO YIELD RIGHT OF WAY,ATWATER & HIGH ST,39.16304,-86.508288
2005,2,3,Weekday,1500,2-Car,No injury/unknown,FAILURE TO YIELD RIGHT OF WAY,ATWATER & HIGH ST,39.16304,-86.508288
2005,5,1,Weekend,1400,2-Car,Non-incapacitating,FAILURE TO YIELD RIGHT OF WAY,FAIRVIEW & SMITH AVE,39.16303627,-86.54058729
2005,10,7,Weekend,0,2-Car,No injury/unknown,DRIVER ILLNESS,COLLEGE AVE & SMITH,39.16302636,-86.53483122
2005,2,3,Weekday,2100,2-Car,No injury/unknown,OVERCORRECTING/OVERSTEERING,ATWATER & SWAIN AVE,39.16301474,-86.51516559
2005,9,5,Weekday,1500,3+ Cars,No injury/unknown,UNSAFE SPEED,GETTYS CREEK & SR46E,39.16300037,-86.41515554
2005,3,6,Weekday,0,2-Car,Non-incapacitating,FAILURE TO YIELD RIGHT OF WAY,2ND & COLLEGE MALL RD,39.163,-86.497996
2005,8,5,Weekday,1100,2-Car,No injury/unknown,DISREGARD SIGNAL/REG SIGN,COLLEGE MALL & COLLEGE MALL RD,39.163,-86.497996