Year,Month,Day,Weekend?,Hour,Collision Type,Injury Type,Primary Factor,Reported_Location,Latitude,Longitude
2005,7,2,Weekday,900,2-Car,No injury/unknown,FAILURE TO YIELD RIGHT OF WAY,2ND & COLLEGE AVE,39.162944,-86.534832
2005,1,2,Weekday,1200,2-Car,No injury/unknown,UNSAFE BACKING,COLLEGE MALL RD & MONROE,39.162928,-86.498112
2005,1,1,Weekend,1000,1-Car,No injury/unknown,OTHER (DRIVER) - EXPLAIN IN NARRATIVE,COLLEGE MALL RD & HUNTER RIDGE,39.162928,-86.498112
2005,10,6,Weekday,1700,2-Car,Non-incapacitating,FOLLOWING TOO CLOSELY,E 3RD & N SMITH RD,39.1628544,-86.5336832
2005,1,3,Weekday,1400,2-Car,No injury/unknown,,LINCOLN & SMITH AVE,39.162848,-86.53135915
2005,4,5,Weekday,1600,2-Car,No injury/unknown,OTHER (DRIVER) - EXPLAIN IN NARRATIVE,SMITH AVE & WALNUT,39.162848,-86.5336
2005,5,5,Weekday,1700,2-Car,No injury/unknown,FAILURE TO YIELD RIGHT OF WAY,HENDERSON ST & SMITH,39.162848,-86.527184
2005,12,2,Weekday,1500,2-Car,No injury/unknown,FAILURE TO YIELD RIGHT OF WAY,GRANT ST & SMITH,39.162848,-86.529744
2005,2,6,Weekday,1100,2-Car,No injury/unknown,,GRANT & SMITH,39.162848,-86.529744
2005,3,2,Weekday,1100,2-Car,No injury/unknown,FAILURE TO YIELD RIGHT OF WAY,LINCOLN & SMITH,39.162848,-86.53104
2005,5,7,Weekend,900,2-Car,No injury/unknown,FAILURE TO YIELD RIGHT OF WAY,SMITH AVE & WASHINGTON,39.162848,-86.5336
2005,8,4,Weekday,1700,2-Car,No injury/unknown,FOLLOWING TOO CLOSELY,2ND & WALNUT,39.1628,-86.533599
2005,12,2,Weekday,1300,2-Car,Non-incapacitating,FAILURE TO YIELD RIGHT OF WAY,S LIBERTY DR,39.162799,-86.579195
2005,5,7,Weekend,1500,2-Car,No injury/unknown,FAILURE TO YIELD RIGHT OF WAY,LIBERTY DR,39.162799,-86.579195
2005,4,6,Weekday,900,Bus,No injury/unknown,OTHER (DRIVER) - EXPLAIN IN NARRATIVE,COLLEGE AVE & SMITH,39.16278202,-86.53483372
2005,5,2,Weekday,100,3+ Cars,Non-incapacitating,ALCOHOLIC BEVERAGES,SMITH & WALNUT ST,39.16271072,-86.5336
2005,8,3,Weekday,1600,2-Car,Non-incapacitating,FAILURE TO YIELD RIGHT OF WAY,DAVISSON & HOWE,39.162528,-86.5456
2005,8,4,Weekday,1500,2-Car,No injury/unknown,FAILURE TO YIELD RIGHT OF WAY,2ND & PATTERSON,39.162501,-86.550396
2005,5,2,Weekday,1200,2-Car,No injury/unknown,DRIVER DISTRACTED - EXPLAIN IN NARRATIVE,2ND & PATTERSON,39.162501,-86.550396
2005,8,4,Weekday,1800,2-Car,No injury/unknown,DISREGARD SIGNAL/REG SIGN,2ND & PATTERSON DR,39.162501,-86.550396
2005,2,5,Weekday,1600,2-Car,No injury/unknown,UNSAFE SPEED,2ND & PATTERSON,39.162501,-86.550396
2005,8,1,Weekday,2100,1-Car,No injury/unknown,OTHER (DRIVER) - EXPLAIN IN NARRATIVE,SMITH & WALNUT ST,39.16243617,-86.5336
2005,8,5,Weekday,1500,2-Car,No injury/unknown,UNSAFE BACKING,HOWE ST & ROGERS,39.1624,-86.538592
2005,9,5,Weekday,2300,2-Car,Non-incapacitating,FOLLOWING TOO CLOSELY,2ND & ROGERS ST,39.162399,-86.538699
2005,8,3,Weekday,1600,2-Car,Non-incapacitating,ALCOHOLIC BEVERAGES,2ND & ROGER ST,39.162399,-86.538699
2005,11,2,Weekday,2200,2-Car,No injury/unknown,FOLLOWING TOO CLOSELY,S CORY LN & W 3RD,39.16238512,-86.5601
2005,1,7,Weekend,1500,2-Car,No injury/unknown,FAILURE TO YIELD RIGHT OF WAY,HUNTER & PARK,39.16224,-86.523968
2005,5,7,Weekend,400,1-Car,No injury/unknown,DRIVER DISTRACTED - EXPLAIN IN NARRATIVE,EASTSIDE & HUNTER,39.16224,-86.513088
2005,10,3,Weekday,800,2-Car,No injury/unknown,UNSAFE BACKING,HENDERSON,39.1622227,-86.509872
2005,6,2,Weekday,900,1-Car,No injury/unknown,OTHER (DRIVER) - EXPLAIN IN NARRATIVE,HENDERSON,39.16222097,-86.50984
2005,5,6,Weekday,800,2-Car,No injury/unknown,UNSAFE BACKING,HENDERSON,39.16222097,-86.50984
2005,9,7,Weekend,300,1-Car,No injury/unknown,OTHER (DRIVER) - EXPLAIN IN NARRATIVE,HUNTER & JORDON,39.1622,-86.516214
2005,4,6,Weekday,900,2-Car,No injury/unknown,CELL PHONE USAGE,FESS & HUNTER,39.16215764,-86.52582565
2005,10,5,Weekday,1200,1-Car,No injury/unknown,UNSAFE SPEED,ROCKPORT & ROGERS,39.16215425,-86.538899
2005,2,2,Weekday,1400,2-Car,No injury/unknown,FOLLOWING TOO CLOSELY,2ND & PATTERSON ST,39.162112,-86.549909
2005,1,4,Weekday,1800,2-Car,No injury/unknown,IMPROPER PASSING,CLARIZZ BLVD & WILMINGTON,39.16195823,-86.49079216
2005,7,5,Weekday,1800,2-Car,No injury/unknown,UNSAFE BACKING,COLLEGE MALL RD,39.161817,-86.497813
2005,3,1,Weekend,1000,1-Car,No injury/unknown,DRIVER ASLEEP OR FATIGUED,MCCARTNEY & SARE RD,39.1617241,-86.49752248
2005,4,6,Weekday,1500,2-Car,No injury/unknown,OTHER (DRIVER) - EXPLAIN IN NARRATIVE,COLLEGE MALL RD,39.16171055,-86.49785673
2005,2,5,Weekday,1600,3+ Cars,No injury/unknown,FOLLOWING TOO CLOSELY,2ND ST & WALKER,39.161648,-86.546128
2005,2,5,Weekday,1700,2-Car,Non-incapacitating,OTHER (DRIVER) - EXPLAIN IN NARRATIVE,2ND ST & WALKER,39.161648,-86.546128
2005,1,2,Weekday,1600,2-Car,No injury/unknown,ALCOHOLIC BEVERAGES,2ND ST & WALKER,39.161648,-86.546128
2005,12,4,Weekday,1200,3+ Cars,Non-incapacitating,OTHER (DRIVER) - EXPLAIN IN NARRATIVE,2ND & WALKER ST,39.161648,-86.546128
2005,8,6,Weekday,1300,2-Car,Non-incapacitating,FOLLOWING TOO CLOSELY,2ND ST & EUCLID,39.16161202,-86.54400503
2005,7,2,Weekday,1400,2-Car,No injury/unknown,FOLLOWING TOO CLOSELY,2ND ST & EUCLID,39.1616,-86.543296
2005,5,2,Weekday,400,3+ Cars,No injury/unknown,FAILURE TO YIELD RIGHT OF WAY,EUCLID & W 2ND ST,39.161568,-86.542096
2005,4,6,Weekday,1500,3+ Cars,No injury/unknown,OTHER (DRIVER) - EXPLAIN IN NARRATIVE,MAPLE & W 2ND ST,39.161568,-86.542096
2005,3,5,Weekday,1700,2-Car,No injury/unknown,FOLLOWING TOO CLOSELY,2ND ST & MAPLE,39.161568,-86.542096
2005,7,4,Weekday,,2-Car,No injury/unknown,OTHER (DRIVER) - EXPLAIN IN NARRATIVE,W 2ND ST,39.16153675,-86.53981487
2005,4,6,Weekend,1900,2-Car,No injury/unknown,OTHER (VEHICLE) - EXPLAIN IN NARRATIVE,W 2ND ST,39.16153675,-86.53981487
2005,7,4,Weekday,1500,2-Car,No injury/unknown,IMPROPER TURNING,2ND & ROGERS ST,39.16152,-86.538592
2005,7,2,Weekday,1300,2-Car,No injury/unknown,FAILURE TO YIELD RIGHT OF WAY,2ND & ROGERS ST,39.16152,-86.538592
2005,9,6,Weekday,1200,2-Car,No injury/unknown,IMPROPER PASSING,2ND & ROGERS ST,39.16152,-86.538592
2005,5,2,Weekday,800,2-Car,No injury/unknown,DISREGARD SIGNAL/REG SIGN,2ND ST & ROGERS,39.16152,-86.538592
2005,12,5,Weekday,1100,2-Car,Non-incapacitating,FOLLOWING TOO CLOSELY,2ND ST & ROGERS,39.16152,-86.538592
2005,11,2,Weekday,1200,2-Car,No injury/unknown,DISREGARD SIGNAL/REG SIGN,ROGERS & W 2ND ST,39.16152,-86.538592
2005,1,4,Weekday,1400,2-Car,No injury/unknown,FAILURE TO YIELD RIGHT OF WAY,2ND ST & MEDICINE SHOPPE EXIT,39.161488,-86.537296
2005,5,4,Weekday,1200,2-Car,No injury/unknown,IMPROPER PASSING,2ND ST & MADISON,39.161488,-86.537296
2005,6,4,Weekday,1600,2-Car,Non-incapacitating,DRIVER DISTRACTED - EXPLAIN IN NARRATIVE,2ND ST & MADISON,39.16148693,-86.53722509
2005,1,5,Weekday,1000,2-Car,Non-incapacitating,,2ND ST & MADISON,39.16148666,-86.53720737
2005,11,3,Weekday,1400,2-Car,No injury/unknown,FAILURE TO YIELD RIGHT OF WAY,2ND & COLLEGE MALL RD,39.16148601,-86.49780965
2005,7,6,Weekday,1700,2-Car,No injury/unknown,FOLLOWING TOO CLOSELY,2ND ST & MORTON,39.16147469,-86.53641727
2005,3,2,Weekday,1700,2-Car,No injury/unknown,FAILURE TO YIELD RIGHT OF WAY,2ND & MORTON,39.161472,-86.53624
2005,8,2,Weekday,,3+ Cars,Incapacitating,FAILURE TO YIELD RIGHT OF WAY,2ND ST & MORTON,39.161472,-86.53624
2005,5,6,Weekday,1500,2-Car,No injury/unknown,FOLLOWING TOO CLOSELY,2ND ST & MORTON,39.161472,-86.53620454
2005,1,5,Weekday,2100,1-Car,No injury/unknown,OVERCORRECTING/OVERSTEERING,GETTYS CREEK & MT GILEAD,39.16145351,-86.436499
2005,5,6,Weekday,800,3+ Cars,Non-incapacitating,OTHER (DRIVER) - EXPLAIN IN NARRATIVE,2ND ST & COLLEGE,39.16144985,-86.53520237
2005,11,7,Weekend,1100,2-Car,No injury/unknown,FAILURE TO YIELD RIGHT OF WAY,2ND ST & COLLEGE,39.16144738,-86.53511378
2005,4,7,Weekend,1500,2-Car,No injury/unknown,OTHER (DRIVER) - EXPLAIN IN NARRATIVE,2ND ST & COLLEGE,39.16144246,-86.53493659
2005,8,2,Weekday,2100,2-Car,No injury/unknown,FAILURE TO YIELD RIGHT OF WAY,2ND & MORTON,39.16144,-86.5324
2005,1,3,Weekday,1100,2-Car,No injury/unknown,FAILURE TO YIELD RIGHT OF WAY,COLLEGE AVE,39.16144,-86.534848
2005,9,3,Weekday,1000,2-Car,No injury/unknown,FAILURE TO YIELD RIGHT OF WAY,2ND ST & GRANT,39.16144,-86.52976
2005,9,3,Weekday,1600,2-Car,Non-incapacitating,FAILURE TO YIELD RIGHT OF WAY,COLLEGE AVE & SECOND,39.16144,-86.534848
2005,9,2,Weekday,1400,2-Car,No injury/unknown,DISREGARD SIGNAL/REG SIGN,E 2ND ST & S WASHINGOTN,39.16144,-86.5324
2005,10,5,Weekday,1100,2-Car,No injury/unknown,FAILURE TO YIELD RIGHT OF WAY,2ND ST & GRANT,39.16144,-86.52976
2005,3,6,Weekday,1500,3+ Cars,Non-incapacitating,FOLLOWING TOO CLOSELY,2ND ST & COLLEGE,39.16144,-86.5341388
2005,2,5,Weekday,1200,2-Car,No injury/unknown,DISREGARD SIGNAL/REG SIGN,2ND ST & GRANT,39.16144,-86.52976
2005,2,2,Weekday,1300,2-Car,No injury/unknown,FAILURE TO YIELD RIGHT OF WAY,S COLLEGE AVE & W 2ND,39.16144,-86.534848
2005,1,1,Weekend,1200,2-Car,Non-incapacitating,OTHER (DRIVER) - EXPLAIN IN NARRATIVE,2ND ST & WASHINGTON,39.16144,-86.5324
2005,3,1,Weekend,1200,2-Car,No injury/unknown,DISREGARD SIGNAL/REG SIGN,2ND & COLLEGE AVE,39.16144,-86.534848
2005,4,7,Weekend,700,2-Car,Non-incapacitating,FAILURE TO YIELD RIGHT OF WAY,2ND ST & COLLEGE,39.16144,-86.534848
2005,10,5,Weekday,1300,3+ Cars,Incapacitating,FAILURE TO YIELD RIGHT OF WAY,E 2ND & S LINCOLN ST,39.16144,-86.531056
2005,5,3,Weekday,800,2-Car,No injury/unknown,UNSAFE BACKING,2ND ST,39.16144,-86.5253391
2005,10,6,Weekday,1700,2-Car,No injury/unknown,UNSAFE BACKING,FESS & SECOND ST,39.16144,-86.52584
2005,10,1,Weekend,1500,Moped/Motorcycle,Non-incapacitating,DISREGARD SIGNAL/REG SIGN,2ND & COLLEGE AVE,39.16144,-86.534848
2005,10,5,Weekday,300,2-Car,No injury/unknown,SPEED TOO FAST FOR WEATHER CONDITIONS,2ND ST & DUNN,39.16144,-86.528288
2005,11,1,Weekend,200,2-Car,No injury/unknown,OTHER (DRIVER) - EXPLAIN IN NARRATIVE,2ND ST,39.16144,-86.52709845
2005,10,2,Weekday,1400,2-Car,No injury/unknown,DISREGARD SIGNAL/REG SIGN,2ND ST & FESS,39.16144,-86.52584
2005,11,3,Weekday,700,2-Car,No injury/unknown,FOLLOWING TOO CLOSELY,2ND ST & WASHINGTON,39.16144,-86.5324
2005,7,7,Weekend,1800,2-Car,Non-incapacitating,FOLLOWING TOO CLOSELY,2ND ST & WALKER,39.1614,-86.5433954
2005,8,7,Weekend,2000,2-Car,No injury/unknown,BRAKE FAILURE OR DEFECTIVE,2ND ST,39.1614,-86.539881
2005,6,2,Weekday,1100,2-Car,No injury/unknown,OTHER (DRIVER) - EXPLAIN IN NARRATIVE,2ND ST & PATTERSON,39.1614,-86.546198
2005,11,5,Weekday,1200,2-Car,No injury/unknown,FAILURE TO YIELD RIGHT OF WAY,2ND ST & PATTERSON,39.1614,-86.546198
2005,4,3,Weekday,1100,2-Car,No injury/unknown,FOLLOWING TOO CLOSELY,2ND ST & PATTERSON,39.1614,-86.546198
2005,9,6,Weekday,1400,3+ Cars,Non-incapacitating,FOLLOWING TOO CLOSELY,2ND ST & ROGERS,39.1614,-86.5374
2005,10,4,Weekday,2300,3+ Cars,No injury/unknown,OTHER (DRIVER) - EXPLAIN IN NARRATIVE,Q 2ND ST,39.1614,-86.539927
2005,12,6,Weekday,1500,2-Car,No injury/unknown,IMPROPER LANE USAGE,2ND ST & ROGERS,39.1614,-86.537505
2005,8,1,Weekend,1000,2-Car,No injury/unknown,FOLLOWING TOO CLOSELY,2ND ST & PATTERSON,39.1614,-86.54621098
2005,1,4,Weekday,1500,2-Car,No injury/unknown,FOLLOWING TOO CLOSELY,2ND ST & WALKER,39.1614,-86.54340665
2005,4,6,Weekend,2200,2-Car,Non-incapacitating,FAILURE TO YIELD RIGHT OF WAY,ROGERS & SECOND  STREET,39.1614,-86.5374
2005,3,5,Weekday,300,3+ Cars,Non-incapacitating,ALCOHOLIC BEVERAGES,2ND ST & PATTERSON,39.1614,-86.5461993
2005,6,3,Weekday,1200,2-Car,No injury/unknown,OTHER (DRIVER) - EXPLAIN IN NARRATIVE,2ND ST & WALKER,39.1614,-86.54341531
2005,6,3,Weekday,1600,2-Car,No injury/unknown,IMPROPER LANE USAGE,2ND ST & ROGERS,39.1614,-86.53738269
2005,4,5,Weekday,1200,2-Car,No injury/unknown,OTHER (DRIVER) - EXPLAIN IN NARRATIVE,W 2ND,39.1614,-86.535435
2005,10,2,Weekday,1000,2-Car,No injury/unknown,,2ND ST,39.1614,-86.54654
2005,10,4,Weekday,800,2-Car,Non-incapacitating,DISREGARD SIGNAL/REG SIGN,2ND ST & PATTERSON,39.1614,-86.546198
2005,11,3,Weekday,600,2-Car,Non-incapacitating,FOLLOWING TOO CLOSELY,2ND & PATTERSON,39.1614,-86.546198
2005,11,4,Weekday,1300,2-Car,No injury/unknown,DRIVER DISTRACTED - EXPLAIN IN NARRATIVE,2ND & MADISON,39.1614,-86.53739351
2005,11,6,Weekday,1000,2-Car,No injury/unknown,OTHER (DRIVER) - EXPLAIN IN NARRATIVE,E 2ND ST & LINCOLN,39.161368,-86.53099131
2005,7,2,Weekday,1600,2-Car,No injury/unknown,FAILURE TO YIELD RIGHT OF WAY,E 2ND ST & S GRANT,39.161359,-86.530909
2005,6,6,Weekday,1000,2-Car,Non-incapacitating,FAILURE TO YIELD RIGHT OF WAY,PARK SQUARE DR & SUNSET,39.161344,-86.591872
2005,9,5,Weekday,2000,2-Car,No injury/unknown,DISREGARD SIGNAL/REG SIGN,2ND ST & WOODLAWN,39.161312,-86.522576
2005,7,3,Weekday,800,2-Car,Non-incapacitating,ROADWAY SURFACE CONDITION,2ND & WOODLAWN,39.161312,-86.522576
2005,8,5,Weekday,1200,2-Car,No injury/unknown,DISREGARD SIGNAL/REG SIGN,E 2ND ST & S WOODLAWN,39.161312,-86.522576
2005,3,6,Weekday,200,2-Car,No injury/unknown,ALCOHOLIC BEVERAGES,2ND & LINCOLN,39.1612341,-86.53105903
2005,11,7,Weekend,0,2-Car,No injury/unknown,ALCOHOLIC BEVERAGES,2ND & JORDAN,39.161168,-86.516352
2005,11,7,Weekend,1200,2-Car,No injury/unknown,IMPROPER TURNING,2ND ST & JORDAN,39.161168,-86.516352
2005,3,6,Weekday,1400,2-Car,No injury/unknown,OTHER (DRIVER) - EXPLAIN IN NARRATIVE,E 2ND ST & EASTSIDE,39.161088,-86.512592
2005,9,6,Weekend,2200,2-Car,Non-incapacitating,FAILURE TO YIELD RIGHT OF WAY,2ND & COLLEGE MALL RD,39.1610795,-86.49772441
2005,2,6,Weekday,1400,2-Car,Non-incapacitating,FAILURE TO YIELD RIGHT OF WAY,2ND & COLLEGE MALL RD,39.1610795,-86.49772441
2005,5,5,Weekday,1200,2-Car,Non-incapacitating,FOLLOWING TOO CLOSELY,SOUTH WALNUT & WYLIE,39.16098496,-86.533699
2005,4,7,Weekend,300,2-Car,Non-incapacitating,ALCOHOLIC BEVERAGES,10TH & SR46,39.16097863,-86.50216018
2005,10,6,Weekday,1200,2-Car,No injury/unknown,FAILURE TO YIELD RIGHT OF WAY,2ND ST & COLLEGE MALL,39.16094401,-86.4982279
2005,6,3,Weekday,1700,2-Car,Non-incapacitating,FAILURE TO YIELD RIGHT OF WAY,2ND ST & COLLEGE MALL,39.16094401,-86.4980506
2005,1,1,Weekend,1100,2-Car,Non-incapacitating,SPEED TOO FAST FOR WEATHER CONDITIONS,2ND ST & HIGH,39.160944,-86.50873125
2005,8,5,Weekday,1700,2-Car,No injury/unknown,FAILURE TO YIELD RIGHT OF WAY,2ND & COLLEGE MALL RD,39.160944,-86.497696
2005,11,5,Weekday,1100,2-Car,No injury/unknown,IMPROPER LANE USAGE,2ND & COLLEGE MALL RD,39.160944,-86.497696
2005,9,6,Weekend,1900,1-Car,Non-incapacitating,OTHER (DRIVER) - EXPLAIN IN NARRATIVE,2ND ST & CLIFTON,39.160944,-86.509584
2005,1,5,Weekday,1500,2-Car,No injury/unknown,FOLLOWING TOO CLOSELY,2ND & COLLEGE MALL RD,39.160944,-86.497696
2005,11,2,Weekday,2200,2-Car,No injury/unknown,ROADWAY SURFACE CONDITION,2ND & HIGH ST,39.160944,-86.508288
2005,12,6,Weekday,900,2-Car,No injury/unknown,FAILURE TO YIELD RIGHT OF WAY,2ND & COLLEGE MALL RD,39.160944,-86.497696
2005,3,7,Weekend,,2-Car,No injury/unknown,IMPROPER LANE USAGE,2ND ST,39.160944,-86.50192485
2005,4,2,Weekday,2000,3+ Cars,No injury/unknown,FAILURE TO YIELD RIGHT OF WAY,2ND & COLLEGE MALL RD,39.160944,-86.497696
2005,5,6,Weekday,1500,2-Car,No injury/unknown,IMPROPER TURNING,E 2ND ST & HIGH,39.160944,-86.508288
2005,1,4,Weekday,1900,2-Car,No injury/unknown,LEFT OF CENTER,E 2ND ST & WOODCREST,39.160944,-86.5024
2005,2,7,Weekend,,2-Car,No injury/unknown,OTHER (DRIVER) - EXPLAIN IN NARRATIVE,S HIGH ST,39.16092687,-86.508288
2005,6,4,Weekday,1700,3+ Cars,Non-incapacitating,OTHER (DRIVER) - EXPLAIN IN NARRATIVE,2ND ST & WOODSCREST,39.1609,-86.5057777
2005,2,6,Weekday,1500,3+ Cars,Non-incapacitating,FAILURE TO YIELD RIGHT OF WAY,BUICK CADILLAC & COLLEGEMALL RD,39.1609,-86.497701
2005,5,4,Weekday,1300,2-Car,Non-incapacitating,FAILURE TO YIELD RIGHT OF WAY,BLOOMFIELD RD & PATTERSON,39.16071544,-86.54845155
2005,3,7,Weekend,2000,2-Car,No injury/unknown,FOLLOWING TOO CLOSELY,ADAMS & BLOOMFIELD,39.16063625,-86.55010089
2005,2,5,Weekday,2100,2-Car,No injury/unknown,UNSAFE BACKING,2ND & WASHINGTON,39.16061634,-86.5324
2005,12,2,Weekday,1100,2-Car,No injury/unknown,NONE (DRIVER),SOUTH ROGERS,39.16061486,-86.538592
2005,12,4,Weekday,1000,2-Car,No injury/unknown,OTHER (DRIVER) - EXPLAIN IN NARRATIVE,ROGER ST,39.16061486,-86.538592
2005,4,3,Weekday,1400,2-Car,No injury/unknown,OTHER (DRIVER) - EXPLAIN IN NARRATIVE,2ND ST & ADAMS,39.160544,-86.5508
2005,5,5,Weekday,2300,2-Car,Non-incapacitating,DISREGARD SIGNAL/REG SIGN,2ND ST & ADAMS,39.160544,-86.5508
2005,5,4,Weekday,700,2-Car,No injury/unknown,FOLLOWING TOO CLOSELY,2ND ST & ADAMS,39.160544,-86.5508
2005,10,6,Weekday,100,2-Car,Non-incapacitating,SPEED TOO FAST FOR WEATHER CONDITIONS,2ND ST & ADAMS,39.160544,-86.5508
2005,9,7,Weekend,900,2-Car,No injury/unknown,FAILURE TO YIELD RIGHT OF WAY,BEDROCK & FIELDSTONE,39.160401,-86.604799
2005,10,3,Weekday,1400,2-Car,Non-incapacitating,OTHER (DRIVER) - EXPLAIN IN NARRATIVE,LIBERTY DR & SR48,39.16036862,-86.57913641
2005,6,3,Weekday,1400,2-Car,No injury/unknown,FAILURE TO YIELD RIGHT OF WAY,UNIVERSITY & UNIVERSITY SQ,39.16034939,-86.53086041
2005,4,1,Weekend,0,2-Car,No injury/unknown,UNSAFE BACKING,HENDERSON & UNIVERSITY,39.16032792,-86.52844267
2005,4,6,Weekend,1900,2-Car,No injury/unknown,FAILURE TO YIELD RIGHT OF WAY,HENDERSON & UNIVERSITY,39.16032,-86.527136
2005,1,2,Weekday,900,2-Car,No injury/unknown,FAILURE TO YIELD RIGHT OF WAY,HENDERSON & UNIVERSITY,39.16032,-86.527136
2005,1,3,Weekday,1200,2-Car,No injury/unknown,FAILURE TO YIELD RIGHT OF WAY,HENDERSON & UNIVERSITY,39.16032,-86.527136
2005,8,4,Weekday,1000,2-Car,No injury/unknown,FAILURE TO YIELD RIGHT OF WAY,E UNIVERSITY & S HENDERSON ST,39.16032,-86.527136
2005,1,3,Weekday,300,1-Car,No injury/unknown,OTHER (DRIVER) - EXPLAIN IN NARRATIVE,WOODLAWN,39.160304,-86.52256
2005,1,4,Weekday,1200,1-Car,Non-incapacitating,UNSAFE BACKING,BULLANTINE & UNIVERSITY,39.160288,-86.519072
2005,8,4,Weekday,2100,2-Car,No injury/unknown,UNSAFE BACKING,EASTSIDE & UNIVERSITY,39.160256,-86.514096
2005,2,6,Weekday,1200,2-Car,Non-incapacitating,FOLLOWING TOO CLOSELY,2ND & COLLEGE MALL RD,39.16012064,-86.49772439
2005,6,4,Weekday,1300,2-Car,Non-incapacitating,UNSAFE BACKING,BLOOMFIELD RD,39.160114,-86.553211
2005,7,6,Weekday,1700,1-Car,No injury/unknown,OVERCORRECTING/OVERSTEERING,FAIRFAX RD & MCCORMICK LN,39.16010251,-86.507799
2005,9,1,Weekend,1600,2-Car,No injury/unknown,UNSAFE BACKING,BLOOMFIELD RD,39.15998862,-86.55307876
2005,12,3,Weekday,1500,2-Car,No injury/unknown,UNSAFE BACKING,BLOOMFIELD & LANDMARK,39.15994021,-86.55379641
2005,6,5,Weekday,1900,2-Car,Non-incapacitating,FOLLOWING TOO CLOSELY,BLOOMFIELD & LANDMARK,39.15994021,-86.55379771
2005,10,7,Weekend,1300,2-Car,Non-incapacitating,OTHER (DRIVER) - EXPLAIN IN NARRATIVE,BLOOMFIELD RD & LANDMARK,39.15994021,-86.55379641
2005,11,4,Weekday,1400,2-Car,No injury/unknown,OTHER (DRIVER) - EXPLAIN IN NARRATIVE,BLOOMFIELD & LANDMARK AVE,39.15994021,-86.55379641
2005,8,7,Weekend,1300,1-Car,No injury/unknown,UNSAFE SPEED,HICKORY STICK DR & WINSLOW FARMS,39.15973484,-86.520699
2005,4,5,Weekday,600,1-Car,No injury/unknown,ANIMAL/OBJECT IN ROADWAY,BUICK CADILLAC & CLARIZZ BLVD,39.1596,-86.490784
2005,4,4,Weekday,1200,2-Car,No injury/unknown,UNSAFE BACKING,1ST & WYLIE ST,39.1596,-86.543392
2005,9,3,Weekday,1500,3+ Cars,No injury/unknown,FAILURE TO YIELD RIGHT OF WAY,1ST & ROGERS ST,39.159504,-86.538592
2005,5,7,Weekend,800,2-Car,No injury/unknown,FAILURE TO YIELD RIGHT OF WAY,1ST & ROGERS ST,39.159504,-86.538592
2005,4,6,Weekday,1400,2-Car,No injury/unknown,DISREGARD SIGNAL/REG SIGN,FIRST & ROGERS ST,39.159504,-86.538592
2005,2,4,Weekday,1200,2-Car,Non-incapacitating,FAILURE TO YIELD RIGHT OF WAY,1ST & MORTON,39.159472,-86.536272
2005,5,2,Weekday,1000,2-Car,No injury/unknown,FOLLOWING TOO CLOSELY,RANSOM & W BLOOMFIELD RD,39.15944,-86.555296
2005,7,1,Weekday,2300,2-Car,No injury/unknown,FOLLOWING TOO CLOSELY,1ST & COLLEGE AVE,39.15944,-86.53488
2005,10,4,Weekday,1400,2-Car,Non-incapacitating,DISREGARD SIGNAL/REG SIGN,1ST & COLLEGE AVE,39.15944,-86.53488
2005,10,6,Weekday,1200,2-Car,Non-incapacitating,OTHER (DRIVER) - EXPLAIN IN NARRATIVE,1ST & COLLEGE AVE,39.15944,-86.53488
2005,2,2,Weekday,1000,2-Car,No injury/unknown,FAILURE TO YIELD RIGHT OF WAY,1ST & COLLEGE AVE,39.15944,-86.53488
2005,11,1,Weekend,900,2-Car,Non-incapacitating,DISREGARD SIGNAL/REG SIGN,1ST ST & COLLEGE,39.15944,-86.53488
2005,1,5,Weekday,1400,2-Car,No injury/unknown,OTHER (DRIVER) - EXPLAIN IN NARRATIVE,1ST ST & COLLEGE,39.15943364,-86.53477394
2005,6,6,Weekday,1700,3+ Cars,Non-incapacitating,OTHER (DRIVER) - EXPLAIN IN NARRATIVE,BLOOMFIELD RD & RANSOM,39.15942345,-86.55532429
2005,11,6,Weekday,1400,2-Car,Non-incapacitating,OTHER (DRIVER) - EXPLAIN IN NARRATIVE,1ST & S WALNUT ST,39.159344,-86.5336
2005,7,3,Weekday,900,2-Car,No injury/unknown,OTHER (DRIVER) - EXPLAIN IN NARRATIVE,1ST ST,39.159344,-86.53342857
2005,9,5,Weekday,900,Cyclist,Incapacitating,OTHER (DRIVER) - EXPLAIN IN NARRATIVE,1ST ST & WASHINGTON,39.159344,-86.5324
2005,7,6,Weekday,1100,2-Car,No injury/unknown,FAILURE TO YIELD RIGHT OF WAY,1ST & WASHINGTON ST,39.159344,-86.5324
2005,8,4,Weekday,1200,2-Car,No injury/unknown,IMPROPER TURNING,S WALNUT ST & W 1ST,39.159344,-86.5336
2005,10,5,Weekday,2100,2-Car,No injury/unknown,FAILURE TO YIELD RIGHT OF WAY,1ST & WOODLAWN DR,39.159344,-86.52256
2005,10,2,Weekday,1700,2-Car,No injury/unknown,FAILURE TO YIELD RIGHT OF WAY,1ST & FESS,39.159344,-86.525872
2005,11,5,Weekday,1900,2-Car,No injury/unknown,OTHER (DRIVER) - EXPLAIN IN NARRATIVE,1ST & S WALNUT,39.159344,-86.5336
2005,2,5,Weekday,1200,2-Car,No injury/unknown,FAILURE TO YIELD RIGHT OF WAY,1ST & HENDERSON,39.159344,-86.52712
2005,3,2,Weekday,1600,2-Car,No injury/unknown,FAILURE TO YIELD RIGHT OF WAY,E 1ST ST & HAWTHORNE,39.159344,-86.520096