Year,Month,Day,Weekend?,Hour,Collision Type,Injury Type,Primary Factor,Reported_Location,Latitude,Longitude
2005,1,2,Weekday,1500,2-Car,No injury/unknown,FAILURE TO YIELD RIGHT OF WAY,1ST ST & HAWTHORNE,39.159344,-86.520096
2005,1,3,Weekday,1600,2-Car,No injury/unknown,OTHER (DRIVER) - EXPLAIN IN NARRATIVE,1ST ST & PARK,39.159344,-86.524784
2005,4,7,Weekend,1600,2-Car,No injury/unknown,FOLLOWING TOO CLOSELY,FIRST & HENDERSON ST,39.159344,-86.52712
2005,5,5,Weekday,800,2-Car,No injury/unknown,FAILURE TO YIELD RIGHT OF WAY,1ST & MORTON,39.159344,-86.53090286
2005,2,1,Weekend,1800,2-Car,No injury/unknown,OTHER (DRIVER) - EXPLAIN IN NARRATIVE,BUICK CADILLAC & COLLEGE MALL,39.159246,-86.494051
2005,6,6,Weekday,1500,2-Car,No injury/unknown,OTHER (VEHICLE) - EXPLAIN IN NARRATIVE,S COLLEGE MALL RD,39.159213,-86.497841
2005,8,6,Weekday,1200,1-Car,No injury/unknown,OTHER (DRIVER) - EXPLAIN IN NARRATIVE,COLLEGE MALL RD,39.159213,-86.497841
2005,12,1,Weekday,1900,2-Car,No injury/unknown,FAILURE TO YIELD RIGHT OF WAY,BENNINGTON BLVD & SMITH,39.1592,-86.480699
2005,5,6,Weekday,1800,2-Car,Non-incapacitating,OTHER (DRIVER) - EXPLAIN IN NARRATIVE,HIGH & MAXWELL,39.1592,-86.508399
2005,10,4,Weekday,1600,1-Car,No injury/unknown,UNSAFE SPEED,BAINBRIDGE & LAURA WAY,39.15909319,-86.517798
2005,11,4,Weekday,1600,2-Car,No injury/unknown,FAILURE TO YIELD RIGHT OF WAY,CURRY PIKE & ROLL,39.15876901,-86.582599
2005,10,2,Weekday,1600,2-Car,No injury/unknown,FAILURE TO YIELD RIGHT OF WAY,S WASHINGTON & WYLIE,39.158448,-86.5324
2005,10,4,Weekday,1800,2-Car,No injury/unknown,FAILURE TO YIELD RIGHT OF WAY,S WASHINGTON & WYLIE,39.158448,-86.5324
2005,1,2,Weekday,1300,2-Car,No injury/unknown,FAILURE TO YIELD RIGHT OF WAY,E WYLIE & S LINCOLN ST,39.158448,-86.531088
2005,1,5,Weekday,700,2-Car,No injury/unknown,FAILURE TO YIELD RIGHT OF WAY,LINCOLN ST & WYLIE,39.158448,-86.531088
2005,4,5,Weekday,2200,1-Car,No injury/unknown,ANIMAL/OBJECT IN ROADWAY,WOODCREST,39.158432,-86.501008
2005,9,4,Weekday,1300,2-Car,Non-incapacitating,FAILURE TO YIELD RIGHT OF WAY,DODDS & WASHINGTON,39.158399,-86.532399
2005,6,3,Weekday,1300,2-Car,No injury/unknown,FAILURE TO YIELD RIGHT OF WAY,DODDS & WASHINGTON ST,39.158399,-86.532399
2005,5,6,Weekday,1100,2-Car,No injury/unknown,UNSAFE BACKING,WASHINGTON ST,39.15831771,-86.5324
2005,11,1,Weekend,1200,2-Car,No injury/unknown,OTHER (DRIVER) - EXPLAIN IN NARRATIVE,CANANDA & SARE RD,39.15831511,-86.5042229
2005,8,2,Weekday,1500,2-Car,Non-incapacitating,FAILURE TO YIELD RIGHT OF WAY,AOTO MALL & COVENANTER,39.158299,-86.496099
2005,8,2,Weekday,1300,2-Car,No injury/unknown,FAILURE TO YIELD RIGHT OF WAY,BUICK CADILLAC & COLLEGE MALL RD,39.15829723,-86.49778727
2005,10,5,Weekday,1200,2-Car,Non-incapacitating,FOLLOWING TOO CLOSELY,3RD & LIBERTY,39.15825434,-86.5791
2005,12,7,Weekend,1300,Bus,No injury/unknown,SPEED TOO FAST FOR WEATHER CONDITIONS,BUICK CADILLAC & COLLEGE MALL RD,39.15816,-86.497792
2005,12,3,Weekday,2200,2-Car,No injury/unknown,DISREGARD SIGNAL/REG SIGN,BUICK CADILLAC & COLLEGE MALL RD,39.15816,-86.497792
2005,12,7,Weekend,1700,2-Car,No injury/unknown,FAILURE TO YIELD RIGHT OF WAY,BUICK CADILLAC & COLLEGE MALL RD,39.15816,-86.497792
2005,2,7,Weekend,1600,2-Car,No injury/unknown,DISREGARD SIGNAL/REG SIGN,BUICK CADILLAC & COLLEGE MALL RD,39.15816,-86.497792
2005,10,6,Weekday,1500,2-Car,No injury/unknown,OTHER (DRIVER) - EXPLAIN IN NARRATIVE,CURRY PIKE & DOYLE,39.15814615,-86.58274521
2005,8,5,Weekday,1600,2-Car,Non-incapacitating,FAILURE TO YIELD RIGHT OF WAY,COLLEGEMALL & COVENANTER,39.158101,-86.497897
2005,7,1,Weekend,1600,Moped/Motorcycle,Fatal,FAILURE TO YIELD RIGHT OF WAY,BLOOMFIELD RD & CURRY,39.157999,-86.557597
2005,6,7,Weekend,400,1-Car,Non-incapacitating,ANIMAL/OBJECT IN ROADWAY,PEACHTREE & RANSOM LN,39.157952,-86.555296
2005,12,5,Weekday,,2-Car,No injury/unknown,OTHER (DRIVER) - EXPLAIN IN NARRATIVE,7TH ST & FORREST,39.15792451,-86.523496
2005,4,6,Weekday,1100,2-Car,No injury/unknown,OTHER (DRIVER) - EXPLAIN IN NARRATIVE,HENDERSON & MAXWELL,39.15792097,-86.527088
2005,10,3,Weekday,1400,3+ Cars,No injury/unknown,IMPROPER LANE USAGE,SR37N & SR48W,39.15788932,-86.57315042
2005,8,5,Weekday,1200,Moped/Motorcycle,No injury/unknown,FAILURE TO YIELD RIGHT OF WAY,HAWTHORNE & MAXWELL,39.157888,-86.520272
2005,2,7,Weekend,1200,2-Car,No injury/unknown,UNSAFE BACKING,HENDERSON,39.15785891,-86.527088
2005,1,6,Weekday,0,2-Car,No injury/unknown,ROADWAY SURFACE CONDITION,JORDAN & MAXWELL LN,39.157856,-86.516288
2005,11,5,Weekday,1800,1-Car,No injury/unknown,RAN OFF ROAD RIGHT,BLOOMFIELD & LANDMARK,39.15782557,-86.55379641
2005,4,2,Weekday,1800,2-Car,No injury/unknown,IMPROPER LANE USAGE,GREENWOOD & MAXWELL,39.15780353,-86.50966016
2005,2,6,,,1-Car,Non-incapacitating,ALCOHOLIC BEVERAGES,COLLEGE & DODDS,39.15770527,-86.53489483
2005,10,2,Weekday,1300,Bus,No injury/unknown,FAILURE TO YIELD RIGHT OF WAY,COLLEGE AVE & DODDS,39.15767782,-86.53489506
2005,11,6,Weekend,2000,2-Car,No injury/unknown,OTHER (DRIVER) - EXPLAIN IN NARRATIVE,ALLEN & PATTERSON DR,39.1576,-86.545199
2005,3,3,Weekday,300,1-Car,No injury/unknown,RAN OFF ROAD RIGHT,COLLEGE AVE & DODDS,39.157568,-86.534896
2005,11,3,Weekday,1400,2-Car,Non-incapacitating,FAILURE TO YIELD RIGHT OF WAY,DODDS & WASHINGTON,39.157536,-86.5324
2005,4,5,Weekday,1200,3+ Cars,Non-incapacitating,FAILURE TO YIELD RIGHT OF WAY,BLOOMFIELD & CURRY PIKE,39.157401,-86.559799
2005,3,5,Weekday,1300,2-Car,No injury/unknown,FOLLOWING TOO CLOSELY,BLOOMFIELD RD & CORY,39.15737618,-86.55947844
2005,2,2,Weekday,2100,1-Car,No injury/unknown,SPEED TOO FAST FOR WEATHER CONDITIONS,DODDS & WALNUT,39.15737206,-86.533684
2005,9,4,Weekday,1400,2-Car,No injury/unknown,FAILURE TO YIELD RIGHT OF WAY,AUTO MALL RD & ENTRANCE TO OASIS HAIR SALON,39.15735607,-86.4954536
2005,4,5,Weekday,700,2-Car,No injury/unknown,RAN OFF ROAD RIGHT,E DODDS,39.157308,-86.529155
2005,4,4,Weekday,2300,2-Car,No injury/unknown,UNSAFE BACKING,PERSIMMON TREE CIR & WOODSIDE,39.1572984,-86.59008432
2005,1,6,Weekday,1100,3+ Cars,No injury/unknown,FOLLOWING TOO CLOSELY,BLOOMFIELD RD & CORY,39.157248,-86.559792
2005,3,3,Weekday,1500,2-Car,No injury/unknown,FAILURE TO YIELD RIGHT OF WAY,CURRY & GIFFORD,39.15717046,-86.58271305
2005,6,6,Weekday,400,1-Car,Non-incapacitating,LEFT OF CENTER,CURRY PIKE & GIFFORD,39.15717046,-86.58271305
2005,10,2,Weekday,1500,2-Car,Non-incapacitating,FAILURE TO YIELD RIGHT OF WAY,DIXIE & FAIRVIEW,39.156752,-86.540976
2005,3,5,Weekday,1500,2-Car,Non-incapacitating,IMPROPER PASSING,DIXIE & ROGERS ST,39.15664,-86.538592
2005,6,3,Weekday,,2-Car,No injury/unknown,OTHER (DRIVER) - EXPLAIN IN NARRATIVE,ROGERS,39.15662237,-86.538592
2005,6,2,Weekday,1500,2-Car,Non-incapacitating,RAN OFF ROAD RIGHT,FRIENDSHIP & SR46W,39.15642963,-86.40841206
2005,8,2,Weekday,1900,3+ Cars,Non-incapacitating,FOLLOWING TOO CLOSELY,ALLEN & BLOOMFIELD RD,39.156144,-86.561296
2005,11,1,Weekend,1300,1-Car,Non-incapacitating,UNSAFE SPEED,ALLEN & BLOOMFIELD,39.15613957,-86.56118978
2005,9,2,Weekday,1000,3+ Cars,Non-incapacitating,OTHER (DRIVER) - EXPLAIN IN NARRATIVE,MILLER & WALNUT ST,39.15602281,-86.533095
2005,4,5,Weekday,1100,2-Car,No injury/unknown,LEFT OF CENTER,ADAMS GROVE & S ADAMS,39.155952,-86.550592
2005,3,6,Weekday,1500,2-Car,No injury/unknown,OTHER (DRIVER) - EXPLAIN IN NARRATIVE,ADAMS & ADAMS HILL RD,39.155952,-86.550592
2005,11,6,Weekday,1100,2-Car,No injury/unknown,FAILURE TO YIELD RIGHT OF WAY,6TH & N DUNN,39.15592904,-86.528299
2005,7,5,Weekday,1500,2-Car,No injury/unknown,LEFT OF CENTER,ALLEN ST & ROGERS,39.15577695,-86.53862744
2005,8,6,Weekday,1000,2-Car,Non-incapacitating,FAILURE TO YIELD RIGHT OF WAY,ALLEN & ROGERS ST,39.155776,-86.538592
2005,9,6,Weekday,1600,2-Car,No injury/unknown,OTHER (DRIVER) - EXPLAIN IN NARRATIVE,ALLEN & MADISON ST,39.155744,-86.537296
2005,6,3,Weekday,900,2-Car,No injury/unknown,DISREGARD SIGNAL/REG SIGN,HIGHLAND & SOUTHDOWNS,39.155744,-86.517808
2005,11,3,Weekday,1400,2-Car,No injury/unknown,FAILURE TO YIELD RIGHT OF WAY,ALLEN & WASHINGTON ST,39.155664,-86.5324
2005,4,3,Weekday,1700,2-Car,Non-incapacitating,OTHER (DRIVER) - EXPLAIN IN NARRATIVE,ALLEN & WALNUT ST,39.155648,-86.5336
2005,6,3,Weekday,1100,2-Car,Non-incapacitating,BRAKE FAILURE OR DEFECTIVE,ALLEN & PATTERSON,39.1556,-86.5432
2005,7,1,Weekend,1400,2-Car,No injury/unknown,DISREGARD SIGNAL/REG SIGN,ALLEN & PATTERSON,39.1556,-86.5432
2005,2,5,Weekday,1400,1-Car,No injury/unknown,,ALLEN ST & PATTERSON,39.1556,-86.54319135
2005,3,5,Weekday,1900,2-Car,Non-incapacitating,OTHER (DRIVER) - EXPLAIN IN NARRATIVE,ALLEN ST & PATTERSON,39.1556,-86.54319914
2005,10,7,Weekend,1200,2-Car,Non-incapacitating,DISREGARD SIGNAL/REG SIGN,E ALLEN & S LINCOLN,39.1556,-86.532495
2005,3,1,Weekend,1300,1-Car,No injury/unknown,BRAKE FAILURE OR DEFECTIVE,WASHINGTON,39.15547657,-86.5324
2005,6,5,Weekday,2300,2-Car,No injury/unknown,ANIMAL/OBJECT IN ROADWAY,CURRY & GIFFORD RD,39.15526433,-86.58555562
2005,1,7,Weekend,1300,2-Car,No injury/unknown,IMPROPER LANE USAGE,COLLEGE MALL RD & COVENANTER,39.15520689,-86.49788625
2005,3,4,Weekday,1800,1-Car,No injury/unknown,ALCOHOLIC BEVERAGES,COVENANTER & PICKWICK,39.15519264,-86.50432666
2005,10,7,Weekend,800,2-Car,Non-incapacitating,DRIVER ASLEEP OR FATIGUED,COLLEGE MALL RD & COVENANTER,39.155152,-86.497888
2005,12,7,Weekend,1500,2-Car,No injury/unknown,FAILURE TO YIELD RIGHT OF WAY,COLLEGE MALL RD & COVENANTER,39.155152,-86.497888
2005,1,4,Weekday,1300,2-Car,No injury/unknown,FAILURE TO YIELD RIGHT OF WAY,COLLEGE MALL & COVENANTER DR,39.155152,-86.497888
2005,1,4,Weekday,2200,2-Car,No injury/unknown,OTHER (DRIVER) - EXPLAIN IN NARRATIVE,COVENANTER,39.1551408,-86.497728
2005,2,3,Weekday,1500,2-Car,No injury/unknown,UNSAFE SPEED,COLLEGE MALL & COVENANTOR DR,39.1551,-86.498099
2005,7,2,Weekday,2200,2-Car,Non-incapacitating,UNSAFE BACKING,AUTO MALL & COVENANTER,39.155099,-86.49683925
2005,4,1,Weekend,1300,2-Car,Non-incapacitating,DISREGARD SIGNAL/REG SIGN,AUTO & COVENANTER,39.155099,-86.496796
2005,9,6,Weekday,300,1-Car,No injury/unknown,ALCOHOLIC BEVERAGES,MITCHELL & RUBY,39.155072,-86.513792
2005,9,6,Weekday,1200,2-Car,No injury/unknown,FAILURE TO YIELD RIGHT OF WAY,COVENANTER DR,39.15504,-86.509552
2005,5,3,Weekday,1600,2-Car,No injury/unknown,FOLLOWING TOO CLOSELY,3RD & JORDEN AVE,39.15482634,-86.516399
2005,5,3,Weekday,900,1-Car,No injury/unknown,IMPROPER TURNING,BLOOMFIELD & ROLLING RIDGE WAY,39.1548,-86.563099
2005,1,1,Weekend,1000,2-Car,No injury/unknown,OVERCORRECTING/OVERSTEERING,COVENANTER DR,39.15464,-86.5092
2005,3,4,Weekday,800,2-Car,No injury/unknown,UNSAFE BACKING,COVENANTER DR,39.15464,-86.5092
2005,1,5,Weekday,1100,2-Car,No injury/unknown,,KELLIS WAY,39.1546,-86.57
2005,1,2,Weekday,2200,2-Car,No injury/unknown,,NANCY ST,39.154599,-86.511099
2005,5,1,Weekday,2100,2-Car,No injury/unknown,IMPROPER LANE USAGE,COLLEGE MALL RD,39.15438529,-86.49787282
2005,7,1,Weekend,1000,1-Car,No injury/unknown,BRAKE FAILURE OR DEFECTIVE,BASSWOOD & GREENLEAF CT,39.154259,-86.57241399
2005,12,1,Weekend,1400,2-Car,No injury/unknown,IMPROPER LANE USAGE,COVENANTER,39.154248,-86.493028
2005,8,5,Weekday,1300,2-Car,No injury/unknown,OTHER (DRIVER) - EXPLAIN IN NARRATIVE,COLLEGE MALL RD & LA TORRE,39.15424374,-86.49787002
2005,7,2,Weekday,2100,2-Car,No injury/unknown,OTHER (DRIVER) - EXPLAIN IN NARRATIVE,WOODLAWN,39.15424,-86.522512
2005,9,6,Weekday,1600,3+ Cars,Non-incapacitating,FOLLOWING TOO CLOSELY,BLOOMFIELD RD & WEIMER,39.15423043,-86.56424653
2005,5,7,Weekend,1400,1-Car,No injury/unknown,OTHER (DRIVER) - EXPLAIN IN NARRATIVE,GRIMES & WALNUT,39.15422171,-86.5336
2005,9,1,Weekend,1100,2-Car,No injury/unknown,FAILURE TO YIELD RIGHT OF WAY,COLLEGE MALL RD,39.15412578,-86.49786768
2005,7,4,Weekday,1100,2-Car,No injury/unknown,OTHER (DRIVER) - EXPLAIN IN NARRATIVE,COLLEGE MALL RD,39.15412578,-86.49786768
2005,6,3,Weekday,1100,2-Car,No injury/unknown,UNSAFE BACKING,COLLEGE MALL RD,39.15412578,-86.49786768
2005,7,4,Weekday,2300,Moped/Motorcycle,Incapacitating,ALCOHOLIC BEVERAGES,WEATHERSTONE & WOODLAWN,39.154101,-86.52272578
2005,12,5,Weekday,1800,2-Car,No injury/unknown,IMPROPER LANE USAGE,3RD & LIBERTY,39.15402456,-86.5791
2005,7,2,Weekday,1400,2-Car,No injury/unknown,FAILURE TO YIELD RIGHT OF WAY,3RD & LIBERTY DR,39.15402456,-86.5791
2005,5,4,Weekday,1300,2-Car,No injury/unknown,FAILURE TO YIELD RIGHT OF WAY,COLLEGE MALL RD,39.15397244,-86.49786464
2005,4,7,Weekend,1400,2-Car,No injury/unknown,TIRE FAILURE OR DEFECTIVE,FAIRVIEW & PATTERSON,39.1539,-86.54170073
2005,10,4,Weekday,1800,2-Car,No injury/unknown,FAILURE TO YIELD RIGHT OF WAY,SOUTH ROGERS ST & WEST PATTERSON,39.153899,-86.538699
2005,6,2,Weekday,1300,2-Car,No injury/unknown,OTHER (DRIVER) - EXPLAIN IN NARRATIVE,WALNUT,39.15388669,-86.5336
2005,2,3,Weekday,1200,2-Car,Non-incapacitating,FOLLOWING TOO CLOSELY,PATTERSON & ROGERS,39.1538,-86.54109467
2005,2,4,Weekday,900,2-Car,No injury/unknown,FAILURE TO YIELD RIGHT OF WAY,PATTERSON & ROGERS,39.1538,-86.540508
2005,12,4,Weekday,2100,2-Car,No injury/unknown,FOLLOWING TOO CLOSELY,PATTERSON DR & ROGERS,39.1538,-86.54109554
2005,2,5,Weekday,800,2-Car,No injury/unknown,FOLLOWING TOO CLOSELY,BLOOMFIELD RD & WEIMER,39.15377314,-86.5650224
2005,11,6,Weekday,1300,2-Car,No injury/unknown,FAILURE TO YIELD RIGHT OF WAY,S COLLEGEMALL RD,39.15365396,-86.49785834
2005,1,5,Weekday,600,2-Car,No injury/unknown,FAILURE TO YIELD RIGHT OF WAY,GRIMES & WALNUT ST,39.15360473,-86.5336
2005,4,2,Weekday,500,1-Car,No injury/unknown,ANIMAL/OBJECT IN ROADWAY,BLOOMFIELD RD & FRONTAGE,39.15354547,-86.56540865
2005,3,3,Weekday,2100,2-Car,Non-incapacitating,,GRIMES & WALNUT ST,39.15352237,-86.5336
2005,3,4,Weekday,1700,2-Car,No injury/unknown,FAILURE TO YIELD RIGHT OF WAY,HERITAGE & S CURRY,39.153504,-86.58272
2005,7,3,Weekday,1500,2-Car,No injury/unknown,FAILURE TO YIELD RIGHT OF WAY,GRIMES LN & WALNUT,39.15344,-86.53395456
2005,9,2,Weekday,1300,2-Car,No injury/unknown,IMPROPER PASSING,GRIMES & WALNUT ST,39.15344,-86.5336
2005,7,2,Weekday,2300,2-Car,No injury/unknown,FAILURE TO YIELD RIGHT OF WAY,GRIMES LN & WALNUT,39.15344,-86.5336
2005,5,1,Weekend,1000,2-Car,Non-incapacitating,FAILURE TO YIELD RIGHT OF WAY,GRIMES & WALNUT,39.15344,-86.5336
2005,1,1,Weekday,2200,2-Car,No injury/unknown,FOLLOWING TOO CLOSELY,GRIMES & WALNUT,39.15344,-86.5336
2005,11,7,Weekend,1500,2-Car,Non-incapacitating,DISREGARD SIGNAL/REG SIGN,GRIMES & WALNUT ST,39.15344,-86.5336
2005,6,2,Weekday,1100,2-Car,No injury/unknown,FOLLOWING TOO CLOSELY,GRIMES LN & WASHINGTON,39.15343886,-86.53231137
2005,3,5,Weekday,800,2-Car,Non-incapacitating,DISREGARD SIGNAL/REG SIGN,GRIMES & LINCOLN,39.153424,-86.531152
2005,12,5,Weekday,1000,2-Car,No injury/unknown,OTHER (DRIVER) - EXPLAIN IN NARRATIVE,COLLEGE MALL RD,39.153414,-86.497699
2005,12,5,Weekday,1700,2-Car,No injury/unknown,OTHER (DRIVER) - EXPLAIN IN NARRATIVE,COLLEGE MALL RD,39.153414,-86.497699
2005,4,7,Weekend,1900,3+ Cars,No injury/unknown,BRAKE FAILURE OR DEFECTIVE,COLLEGE MALL RD,39.153414,-86.497699
2005,6,4,Weekday,1200,2-Car,Non-incapacitating,FOLLOWING TOO CLOSELY,GRIMES & HENDERSON ST,39.153392,-86.527008
2005,7,3,Weekday,1600,2-Car,No injury/unknown,FAILURE TO YIELD RIGHT OF WAY,GRIMES & HENDERSON ST,39.153392,-86.527008
2005,1,5,Weekday,2200,2-Car,No injury/unknown,DISREGARD SIGNAL/REG SIGN,GRIMES & HENDERSON,39.153392,-86.527008
2005,11,4,Weekday,1500,2-Car,Non-incapacitating,OTHER (DRIVER) - EXPLAIN IN NARRATIVE,JOY & S ROGERS ST,39.15306748,-86.538899
2005,12,6,Weekday,1200,2-Car,No injury/unknown,FOLLOWING TOO CLOSELY,3RD & PATTERSON,39.15288704,-86.5512146
2005,1,5,Weekday,2200,2-Car,No injury/unknown,DISREGARD SIGNAL/REG SIGN,COLLEGE MALL RD,39.152845,-86.497699
2005,5,7,Weekend,1800,2-Car,No injury/unknown,VIEW OBSTRUCTED,S COLLEGE MALL RD,39.152606,-86.497699
2005,9,4,Weekday,1700,2-Car,No injury/unknown,UNSAFE SPEED,BRENDA & HENDERSON ST,39.152544,-86.526992
2005,12,5,Weekday,600,2-Car,No injury/unknown,UNSAFE BACKING,DRISCOLL & LINCOLN,39.152544,-86.53122118
2005,3,3,Weekday,1700,2-Car,No injury/unknown,FAILURE TO YIELD RIGHT OF WAY,DRISCOLL & PALMER AVE,39.152544,-86.529088
2005,1,6,Weekend,2100,2-Car,No injury/unknown,FAILURE TO YIELD RIGHT OF WAY,S COLLEGE MALL RD,39.15250667,-86.497904
2005,7,3,Weekday,1300,2-Car,Non-incapacitating,FAILURE TO YIELD RIGHT OF WAY,CLARIZZ BLVD & COVEMANTER,39.1525,-86.4905
2005,1,6,Weekday,1600,2-Car,Non-incapacitating,FAILURE TO YIELD RIGHT OF WAY,BASSWOOD & SR 45,39.15249872,-86.57295509
2005,8,6,Weekday,1800,1-Car,No injury/unknown,OTHER (DRIVER) - EXPLAIN IN NARRATIVE,KENT & SR46,39.152448,-86.400288
2005,7,3,Weekday,1700,2-Car,Non-incapacitating,FAILURE TO YIELD RIGHT OF WAY,CURRY & SIERRA,39.1524,-86.582704
2005,12,4,Weekday,1700,2-Car,No injury/unknown,FAILURE TO YIELD RIGHT OF WAY,CURRY & SIERRA,39.1524,-86.582704
2005,8,2,Weekday,1900,2-Car,No injury/unknown,UNSAFE BACKING,CURRY & SIERRA DR,39.1524,-86.582704
2005,8,5,Weekday,2000,2-Car,No injury/unknown,OTHER (DRIVER) - EXPLAIN IN NARRATIVE,CLARIZZ,39.152289,-86.49057
2005,6,4,Weekday,1500,3+ Cars,No injury/unknown,IMPROPER LANE USAGE,MONON & WALNUT ST,39.15224,-86.5336
2005,12,4,Weekday,2100,2-Car,No injury/unknown,FAILURE TO YIELD RIGHT OF WAY,S COLLEGEMALL RD,39.151931,-86.497699
2005,8,5,Weekday,1500,2-Car,No injury/unknown,UNSAFE BACKING,2ND & PATTERSON,39.15192713,-86.550396
2005,2,5,Weekday,900,1-Car,No injury/unknown,OTHER (DRIVER) - EXPLAIN IN NARRATIVE,GARRISON CHAPEL RD & GIFFORD,39.15187269,-86.64366183
2005,11,2,Weekday,1600,2-Car,Non-incapacitating,FAILURE TO YIELD RIGHT OF WAY,COUNTRY CLUB & WALNUT ST,39.15184908,-86.531
2005,12,3,Weekday,900,1-Car,No injury/unknown,RAN OFF ROAD RIGHT,GARRISON CHAPEL RD & W GIFFORD,39.15180855,-86.64363026
2005,12,1,Weekend,0,3+ Cars,Non-incapacitating,IMPROPER TURNING,LINCOLN & WILSON,39.15166636,-86.53118263
2005,4,3,Weekday,1200,3+ Cars,Non-incapacitating,FOLLOWING TOO CLOSELY,WALNUT ST & WILSON,39.151648,-86.5336
2005,11,1,Weekend,1400,2-Car,No injury/unknown,FAILURE TO YIELD RIGHT OF WAY,WASHINGTON ST & WILSON,39.151616,-86.5324
2005,5,3,Weekday,1500,1-Car,Fatal,UNSAFE SPEED,N SEWELL & SR46,39.15160406,-86.38360283
2005,5,4,Weekday,2100,1-Car,Non-incapacitating,RAN OFF ROAD RIGHT,SEWELL & SR46,39.151456,-86.38643156
2005,4,2,Weekday,1600,1-Car,No injury/unknown,ALCOHOLIC BEVERAGES,BRUMMETTS CREEK & SR46W,39.151456,-86.38746119
2005,7,7,Weekend,1500,1-Car,Non-incapacitating,ALCOHOLIC BEVERAGES,ENDWRIGHT & GIFFORD RD,39.151344,-86.5964
2005,8,1,Weekend,1100,2-Car,No injury/unknown,FAILURE TO YIELD RIGHT OF WAY,COLLEGE MALL RD & MOORES,39.15127112,-86.49796162
2005,8,2,Weekday,1300,2-Car,No injury/unknown,OTHER (DRIVER) - EXPLAIN IN NARRATIVE,CLARIZZ BLVD & MOORES,39.151099,-86.4912
2005,1,1,Weekend,1600,2-Car,No injury/unknown,FOLLOWING TOO CLOSELY,CLARIZZ BLVD & MOORES,39.151099,-86.4912
2005,7,7,Weekend,1300,2-Car,No injury/unknown,FAILURE TO YIELD RIGHT OF WAY,BUICK CADILLAC & COLLEGE MALL RD,39.15106004,-86.49797146
2005,2,6,Weekend,2100,2-Car,No injury/unknown,FAILURE TO YIELD RIGHT OF WAY,BASSWOOD & BLOOMFIELD RD,39.150901,-86.568
2005,5,4,Weekday,1500,2-Car,No injury/unknown,FAILURE TO YIELD RIGHT OF WAY,BASSWOOD & BLOOMFIELD RD,39.150901,-86.568
2005,6,4,Weekday,1700,1-Car,No injury/unknown,ANIMAL/OBJECT IN ROADWAY,BASSWOOD & BLOOMFIELD RD,39.150901,-86.56802597
2005,5,3,Weekday,2200,2-Car,No injury/unknown,FAILURE TO YIELD RIGHT OF WAY,BASSWOOD & BLOOMFIELD RD,39.150901,-86.568
2005,6,7,Weekend,1300,2-Car,Non-incapacitating,FAILURE TO YIELD RIGHT OF WAY,BASSWOOD & BLOOMFIELD RD,39.150901,-86.568
2005,10,1,Weekday,2200,1-Car,Non-incapacitating,ANIMAL/OBJECT IN ROADWAY,BASSWOOD & BLOOMFIELD RD,39.150901,-86.56802597
2005,9,6,Weekday,1300,3+ Cars,No injury/unknown,FOLLOWING TOO CLOSELY,HILLSIDE & WALNUT ST,39.15073619,-86.5336
2005,6,3,Weekday,1300,2-Car,No injury/unknown,FAILURE TO YIELD RIGHT OF WAY,HILLSIDE DR & WOODLAWN,39.15072,-86.522496
2005,6,5,Weekday,900,3+ Cars,No injury/unknown,OTHER (DRIVER) - EXPLAIN IN NARRATIVE,HILLSIDE DR & PARK,39.150718,-86.52475873
2005,11,3,Weekday,1700,3+ Cars,Non-incapacitating,FAILURE TO YIELD RIGHT OF WAY,HILLSIDE DR & HUNTINGTON,39.150688,-86.520896
2005,6,3,Weekday,1200,2-Car,No injury/unknown,,HILLSIDE & LINCOLN ST,39.15068581,-86.53119826
2005,12,5,Weekday,700,2-Car,No injury/unknown,SPEED TOO FAST FOR WEATHER CONDITIONS,HENDERSON & HILLSIDE DR,39.15067883,-86.52589784
2005,11,4,Weekday,1000,2-Car,Non-incapacitating,LEFT OF CENTER,LEONARD SPRINGS & STEPLETON,39.15066683,-86.582599
2005,9,1,Weekend,1300,2-Car,No injury/unknown,OTHER (DRIVER) - EXPLAIN IN NARRATIVE,HILLSIDE DR,39.150648,-86.53804
2005,12,1,Weekday,2300,1-Car,Non-incapacitating,ALCOHOLIC BEVERAGES,HENDERSON & HILLSIDE DR,39.15064,-86.52696
2005,1,6,Weekday,900,2-Car,No injury/unknown,OTHER (DRIVER) - EXPLAIN IN NARRATIVE,E HILLSIDE & S HENDERSON ST,39.15064,-86.52696
2005,4,5,Weekday,1700,2-Car,No injury/unknown,FOLLOWING TOO CLOSELY,HENDERSON & HILLSIDE,39.15064,-86.52696
2005,1,5,Weekday,600,2-Car,No injury/unknown,FAILURE TO YIELD RIGHT OF WAY,HENDERSON & HILLSIDE,39.15064,-86.52696
2005,11,4,Weekday,1500,2-Car,No injury/unknown,OTHER (DRIVER) - EXPLAIN IN NARRATIVE,HILLSIDE DR,39.15064,-86.538592
2005,11,7,Weekend,1600,2-Car,No injury/unknown,FOLLOWING TOO CLOSELY,HENDERSON & HILLSIDE,39.15064,-86.52696
2005,11,2,Weekday,1300,2-Car,No injury/unknown,OTHER (DRIVER) - EXPLAIN IN NARRATIVE,HILLSIDE & WALNUT ST,39.15059891,-86.5336
2005,4,5,Weekday,1700,2-Car,Non-incapacitating,DISREGARD SIGNAL/REG SIGN,GRANT & HILLSIDE,39.150592,-86.53008