Year,Month,Day,Weekend?,Hour,Collision Type,Injury Type,Primary Factor,Reported_Location,Latitude,Longitude
2005,9,7,Weekend,1300,2-Car,No injury/unknown,OTHER (DRIVER) - EXPLAIN IN NARRATIVE,E HILLSIDE & S MAXWELL ST,39.150576,-86.515088
2005,4,6,Weekday,1500,2-Car,No injury/unknown,FAILURE TO YIELD RIGHT OF WAY,HILLSIDE DR & MAXWELL,39.150576,-86.515088
2005,10,4,Weekday,900,2-Car,No injury/unknown,FOLLOWING TOO CLOSELY,MOORES PIKE & VALLEY FORGE,39.150544,-86.50387836
2005,1,3,Weekday,700,2-Car,No injury/unknown,LEFT OF CENTER,HILLSIDE & LONGWOOD,39.150544,-86.512592
2005,9,5,Weekday,1500,2-Car,No injury/unknown,FOLLOWING TOO CLOSELY,CLIFTON & HILLSIDE DR,39.150544,-86.5096
2005,8,3,Weekday,1200,2-Car,No injury/unknown,OTHER (DRIVER) - EXPLAIN IN NARRATIVE,HILLSIDE & NANCY,39.150544,-86.511088
2005,6,3,Weekday,1600,2-Car,No injury/unknown,FAILURE TO YIELD RIGHT OF WAY,HILLSIDE & S WALNUT,39.150544,-86.5336
2005,7,2,Weekday,1300,2-Car,No injury/unknown,FOLLOWING TOO CLOSELY,HILLSIDE & WALNUT ST,39.150544,-86.5336
2005,8,1,Weekend,0,2-Car,No injury/unknown,ALCOHOLIC BEVERAGES,S COLLEGE AVE & W HILLSIDE,39.150544,-86.534688
2005,10,1,Weekend,1800,2-Car,Incapacitating,DISREGARD SIGNAL/REG SIGN,HILLSIDE & S WALNUT ST,39.150544,-86.5336
2005,10,6,Weekday,1000,2-Car,No injury/unknown,PRESCRIPTION DRUGS,HILLSIDE DR & WALNUT,39.150544,-86.5336
2005,2,2,Weekday,2300,2-Car,No injury/unknown,ROADWAY SURFACE CONDITION,HIGH & HILLSIDE DR,39.150544,-86.508288
2005,6,1,Weekend,1300,2-Car,Non-incapacitating,UNSAFE SPEED,HILLSIDE & NANCY,39.150544,-86.511088
2005,4,7,Weekend,1500,3+ Cars,Non-incapacitating,FOLLOWING TOO CLOSELY,HILLSIDE & LONGWOOD,39.150544,-86.51266291
2005,9,6,Weekday,1200,2-Car,Non-incapacitating,FAILURE TO YIELD RIGHT OF WAY,HIGH & HILLSIDE,39.150544,-86.508288
2005,1,1,Weekend,1300,2-Car,No injury/unknown,DISREGARD SIGNAL/REG SIGN,E HILLSIDE & S HIGH ST,39.150544,-86.508288
2005,11,2,Weekday,1400,3+ Cars,No injury/unknown,SPEED TOO FAST FOR WEATHER CONDITIONS,HILLSIDE & NANCY,39.150544,-86.511088
2005,4,5,Weekday,1000,2-Car,No injury/unknown,FOLLOWING TOO CLOSELY,MOORES & WINFIELD,39.15050494,-86.50144236
2005,2,2,Weekday,900,2-Car,No injury/unknown,FAILURE TO YIELD RIGHT OF WAY,HIGHLAND & HILLSIDE,39.15050089,-86.51693388
2005,11,2,Weekday,1200,2-Car,No injury/unknown,FOLLOWING TOO CLOSELY,E HILLSIDE DR & S DORCHESTER,39.1505,-86.51332095
2005,10,6,Weekday,1300,1-Car,No injury/unknown,NONE (DRIVER),MOORES PIKE & WINFIELD,39.150496,-86.501088
2005,9,3,Weekday,1600,2-Car,No injury/unknown,IMPROPER TURNING,COLLEGE MALL RD & MOORES,39.150448,-86.498
2005,6,6,Weekend,1900,2-Car,No injury/unknown,FOLLOWING TOO CLOSELY,MOORES PIKE & SARE,39.150448,-86.4992
2005,6,4,Weekday,1400,3+ Cars,No injury/unknown,BRAKE FAILURE OR DEFECTIVE,MOORES PIKE & SARE,39.150448,-86.4992
2005,12,6,Weekday,1200,2-Car,No injury/unknown,IMPROPER TURNING,CLARIZZ & MOORES,39.150399,-86.494895
2005,2,5,Weekday,1000,1-Car,No injury/unknown,ROADWAY SURFACE CONDITION,MOORES PIKE,39.150368,-86.495392
2005,8,6,Weekend,2300,2-Car,Non-incapacitating,FOLLOWING TOO CLOSELY,MOORES PIKE & SR446,39.150352,-86.471296
2005,7,1,Weekend,900,Moped/Motorcycle,No injury/unknown,RAN OFF ROAD RIGHT,MOORES & SR446,39.150352,-86.471296
2005,8,4,Weekday,1400,2-Car,No injury/unknown,OTHER (DRIVER) - EXPLAIN IN NARRATIVE,E MOORES PIKE & SR446,39.150352,-86.471296
2005,1,4,Weekday,1700,2-Car,No injury/unknown,FAILURE TO YIELD RIGHT OF WAY,MOORES & SR446,39.150352,-86.471296
2005,3,4,Weekday,800,2-Car,No injury/unknown,OTHER (DRIVER) - EXPLAIN IN NARRATIVE,MOORES PIKE & SR446,39.150352,-86.471296
2005,5,7,Weekend,1600,1-Car,Non-incapacitating,OTHER (DRIVER) - EXPLAIN IN NARRATIVE,MOORES & SR446,39.150352,-86.471296
2005,11,6,Weekend,2100,2-Car,Non-incapacitating,LEFT OF CENTER,MOORES PIKE & SR446,39.150352,-86.471296
2005,6,4,Weekday,300,1-Car,No injury/unknown,UNSAFE SPEED,BASSWOOD & BASSWOOD CIR,39.150336,-86.571744
2005,4,4,Weekday,1000,1-Car,No injury/unknown,DRIVER DISTRACTED - EXPLAIN IN NARRATIVE,FENBROOK & MOORES,39.150299,-86.49129154
2005,8,7,Weekend,1600,1-Car,Non-incapacitating,RAN OFF ROAD RIGHT,FENBROOK & MOORES PIKE,39.150255,-86.489921
2005,12,6,Weekday,1800,2-Car,No injury/unknown,FOLLOWING TOO CLOSELY,MOORES PIKE & SMITH,39.150224,-86.480464
2005,10,5,Weekday,1900,2-Car,No injury/unknown,OTHER (DRIVER) - EXPLAIN IN NARRATIVE,MOORSE & SMITH RD,39.150224,-86.480464
2005,12,4,Weekday,900,2-Car,No injury/unknown,OTHER (DRIVER) - EXPLAIN IN NARRATIVE,SOUTHERN DR & WALNUT,39.14984,-86.53325018
2005,9,6,Weekday,1000,2-Car,No injury/unknown,FOLLOWING TOO CLOSELY,SOUTHERN & WALNUT,39.14984,-86.533392
2005,7,3,Weekday,1400,3+ Cars,Non-incapacitating,FOLLOWING TOO CLOSELY,HILLSIDE & WALNUT ST,39.14982139,-86.53338645
2005,9,2,Weekday,2000,3+ Cars,No injury/unknown,,BLOOMFIELD & SR45,39.14979112,-86.5730239
2005,7,2,Weekday,1800,Moped/Motorcycle,Non-incapacitating,OTHER (DRIVER) - EXPLAIN IN NARRATIVE,SR45 & STONE,39.14972225,-86.56886746
2005,1,4,Weekday,,2-Car,No injury/unknown,OTHER (DRIVER) - EXPLAIN IN NARRATIVE,S WALNUT,39.1496911,-86.53334759
2005,5,7,Weekend,1700,2-Car,No injury/unknown,OTHER (DRIVER) - EXPLAIN IN NARRATIVE,BASSWOOD & BASSWOOD DR,39.14968,-86.57104
2005,5,3,Weekday,900,2-Car,No injury/unknown,OTHER (DRIVER) - EXPLAIN IN NARRATIVE,BASSWOOD & BASSWOOD CIR,39.14968,-86.57104
2005,3,4,Weekday,700,2-Car,No injury/unknown,FAILURE TO YIELD RIGHT OF WAY,SOUTHERN & WALNUT,39.14963937,-86.53333216
2005,2,3,Weekday,1200,2-Car,No injury/unknown,OTHER (DRIVER) - EXPLAIN IN NARRATIVE,CONSTITITIONAL & LIBERTY,39.149552,-86.575936
2005,10,6,Weekday,1100,3+ Cars,No injury/unknown,DRIVER DISTRACTED - EXPLAIN IN NARRATIVE,CONSTITUTION & LIBERTY DR,39.149552,-86.575936
2005,2,1,Weekend,1400,2-Car,No injury/unknown,OTHER (DRIVER) - EXPLAIN IN NARRATIVE,LIBERTY & LIBERTY DR,39.149552,-86.575936
2005,1,7,Weekend,1200,2-Car,No injury/unknown,IMPROPER TURNING,CONSTITUTION & CURRY PIKE,39.1494,-86.582599
2005,4,2,Weekday,700,2-Car,Non-incapacitating,FAILURE TO YIELD RIGHT OF WAY,CONSTITUTION & CURRY PIKE,39.1494,-86.582599
2005,12,7,Weekend,1700,2-Car,Non-incapacitating,FAILURE TO YIELD RIGHT OF WAY,FRONTAGE & W BLOOMFIELD RD,39.14936,-86.57008
2005,4,7,Weekend,1400,2-Car,No injury/unknown,FAILURE TO YIELD RIGHT OF WAY,HILLSIDE & HUNTINGTON,39.14931553,-86.52085954
2005,2,4,Weekday,800,2-Car,No injury/unknown,FOLLOWING TOO CLOSELY,BEASLEY & CURRY,39.149152,-86.582704
2005,3,2,Weekday,700,1-Car,No injury/unknown,ANIMAL/OBJECT IN ROADWAY,MOORES & SR446,39.14897942,-86.47126692
2005,12,3,Weekday,1500,2-Car,No injury/unknown,FAILURE TO YIELD RIGHT OF WAY,S WALNUT ST & VERMILYA,39.148928,-86.53312
2005,6,3,Weekday,2200,1-Car,No injury/unknown,ANIMAL/OBJECT IN ROADWAY,BILL MALLERY & HWY 446,39.14892794,-86.471599
2005,1,3,Weekday,1700,2-Car,No injury/unknown,UNSAFE BACKING,OAKDALE DR,39.14888,-86.569775
2005,2,2,Weekday,1400,2-Car,No injury/unknown,DRIVER DISTRACTED - EXPLAIN IN NARRATIVE,HENDERSON & THORNTON,39.148799,-86.526899
2005,10,6,Weekday,1200,2-Car,No injury/unknown,,LIBERTY DR & W 3RD,39.14873734,-86.5791
2005,5,4,Weekday,1800,2-Car,No injury/unknown,UNSAFE BACKING,HEATHERWOOD & POPPLY,39.14869742,-86.58970271
2005,11,3,Weekday,1500,2-Car,Non-incapacitating,FOLLOWING TOO CLOSELY,VERMILYA & WALNUT ST,39.14866045,-86.53304046
2005,2,2,Weekday,1600,2-Car,No injury/unknown,,CURRY PIKE & ROLL,39.14855374,-86.58267339
2005,6,2,Weekday,1800,2-Car,Non-incapacitating,DRIVER DISTRACTED - EXPLAIN IN NARRATIVE,BLOOMFIELD RD & SR37,39.148544,-86.571504
2005,7,2,Weekday,1200,2-Car,No injury/unknown,OTHER (DRIVER) - EXPLAIN IN NARRATIVE,SR45,39.148448,-86.573
2005,10,6,Weekday,1100,2-Car,No injury/unknown,DRIVER DISTRACTED - EXPLAIN IN NARRATIVE,HWY45 & SR37,39.148448,-86.573
2005,8,5,Weekday,1000,2-Car,No injury/unknown,DRIVER DISTRACTED - EXPLAIN IN NARRATIVE,SR45,39.148448,-86.573
2005,5,5,Weekday,1700,1-Car,No injury/unknown,OTHER (DRIVER) - EXPLAIN IN NARRATIVE,3201 & SR45,39.148448,-86.573
2005,5,3,Weekday,1600,2-Car,No injury/unknown,FAILURE TO YIELD RIGHT OF WAY,MILLER & WALNUT,39.148336,-86.532944
2005,8,6,Weekend,1900,2-Car,Non-incapacitating,FAILURE TO YIELD RIGHT OF WAY,BLOOMFIELD RD & SR37,39.148144,-86.572992
2005,8,7,Weekend,900,2-Car,No injury/unknown,FAILURE TO YIELD RIGHT OF WAY,SR37 & SR45,39.148144,-86.572992
2005,8,4,Weekday,1800,2-Car,No injury/unknown,FOLLOWING TOO CLOSELY,BLOOMFIELD RD & SR37,39.148144,-86.572992
2005,1,2,Weekday,1900,2-Car,No injury/unknown,FOLLOWING TOO CLOSELY,BLOOMFIELD & SR 37,39.148144,-86.572992
2005,1,6,,,2-Car,No injury/unknown,OTHER (DRIVER) - EXPLAIN IN NARRATIVE,W BLOOMFIELD RD,39.148144,-86.572992
2005,2,1,Weekend,1800,2-Car,Non-incapacitating,ALCOHOLIC BEVERAGES,SR37 & SR45,39.148144,-86.572992
2005,2,2,Weekday,1500,2-Car,No injury/unknown,DRIVER DISTRACTED - EXPLAIN IN NARRATIVE,BLOOMFIELD & SR 37,39.148144,-86.572992
2005,3,3,Weekday,1900,3+ Cars,Non-incapacitating,FAILURE TO YIELD RIGHT OF WAY,SR 37 & SR 45,39.148144,-86.572992
2005,6,5,Weekday,1200,2-Car,Non-incapacitating,OTHER (DRIVER) - EXPLAIN IN NARRATIVE,SR37 & SR45,39.148144,-86.572992
2005,6,4,Weekday,900,2-Car,Non-incapacitating,FAILURE TO YIELD RIGHT OF WAY,BLOOMFIELD & SR37,39.148144,-86.572992
2005,4,7,Weekend,1200,2-Car,No injury/unknown,FOLLOWING TOO CLOSELY,SR 37 & SR 45,39.148144,-86.572992
2005,2,5,Weekday,1100,2-Car,No injury/unknown,FAILURE TO YIELD RIGHT OF WAY,BLOOMFIELD RD & SR 37,39.148144,-86.572992
2005,11,2,Weekday,500,1-Car,No injury/unknown,ANIMAL/OBJECT IN ROADWAY,BLOOMFIELD & SR37,39.148144,-86.572992
2005,10,6,Weekday,1200,2-Car,No injury/unknown,OTHER (DRIVER) - EXPLAIN IN NARRATIVE,BLOOMFIELD RD & SR37,39.148144,-86.572992
2005,7,7,Weekend,2000,2-Car,No injury/unknown,UNSAFE BACKING,SUDBURG,39.147904,-86.556464
2005,12,1,Weekend,500,3+ Cars,No injury/unknown,UNSAFE SPEED,SUDBURY & WEIMER,39.147904,-86.556464
2005,6,5,Weekday,700,2-Car,No injury/unknown,FAILURE TO YIELD RIGHT OF WAY,CURRY PIKE & ROLL,39.14771365,-86.58262081
2005,5,2,Weekday,1800,2-Car,No injury/unknown,FAILURE TO YIELD RIGHT OF WAY,CURRY PIKE & ROLL,39.14764523,-86.5826136
2005,9,5,Weekday,1300,2-Car,Non-incapacitating,LEFT OF CENTER,E SMITHVILLE & MATLOCK,39.14756686,-86.48040686
2005,6,6,Weekday,1600,2-Car,Non-incapacitating,SPEED TOO FAST FOR WEATHER CONDITIONS,ARDEN & HIGH ST,39.147504,-86.508256
2005,5,7,Weekend,700,2-Car,Non-incapacitating,DISREGARD SIGNAL/REG SIGN,SR 37 & W BLOOMFIELD RD,39.147449,-86.573149
2005,6,6,Weekday,1400,1-Car,No injury/unknown,UNSAFE SPEED,ARDEN DR & MONTCLAIR,39.14744,-86.5044
2005,2,3,Weekday,1300,2-Car,Non-incapacitating,FAILURE TO YIELD RIGHT OF WAY,ROLL & S CURRY,39.14744,-86.582592
2005,10,6,Weekday,1600,2-Car,No injury/unknown,UNSAFE BACKING,BIG RED LIQUOR & S WALNUT,39.14734171,-86.53265829
2005,9,6,Weekday,600,2-Car,No injury/unknown,OTHER (DRIVER) - EXPLAIN IN NARRATIVE,HENDERSON & MILLER,39.147152,-86.526896
2005,1,6,Weekday,1100,2-Car,No injury/unknown,ROADWAY SURFACE CONDITION,DNR NORTH LOT & E MILLER DR,39.14712443,-86.52764453
2005,9,4,Weekday,1100,2-Car,No injury/unknown,UNSAFE BACKING,HOOSIER COURT & MELROSE AVE,39.14703589,-86.5300489
2005,1,4,Weekday,1200,2-Car,No injury/unknown,OTHER (DRIVER) - EXPLAIN IN NARRATIVE,MILLER DR & WALNUT,39.14698315,-86.53148162
2005,9,6,Weekday,1200,1-Car,No injury/unknown,IMPROPER TURNING,E MILLER & S WALNUT ST,39.146944,-86.532544
2005,3,4,Weekday,1500,2-Car,No injury/unknown,FAILURE TO YIELD RIGHT OF WAY,MILLER & WALNUT ST,39.146944,-86.532544
2005,8,6,Weekday,900,2-Car,No injury/unknown,DISREGARD SIGNAL/REG SIGN,MILLER & WALNUT,39.146944,-86.532544
2005,11,6,Weekday,800,2-Car,No injury/unknown,IMPROPER LANE USAGE,E MILLER & S WALNUT ST,39.146944,-86.532544
2005,6,7,Weekend,1200,2-Car,No injury/unknown,FAILURE TO YIELD RIGHT OF WAY,MILLER & WALNUT,39.146944,-86.532544
2005,6,4,Weekday,1500,3+ Cars,No injury/unknown,OTHER (DRIVER) - EXPLAIN IN NARRATIVE,MILLER & WALNUT,39.146944,-86.532544
2005,4,4,Weekday,1900,2-Car,Non-incapacitating,FAILURE TO YIELD RIGHT OF WAY,MILLER & S WALNUT ST,39.146944,-86.532544
2005,11,4,Weekday,1800,2-Car,Non-incapacitating,DISREGARD SIGNAL/REG SIGN,MILLER & WALNUT ST,39.146944,-86.532544
2005,10,5,Weekday,200,1-Car,No injury/unknown,UNSAFE SPEED,HEADERSON & MILLER DR,39.14689113,-86.52690595
2005,4,3,Weekday,,2-Car,No injury/unknown,OTHER (DRIVER) - EXPLAIN IN NARRATIVE,WALNUT,39.14670044,-86.53247111
2005,12,4,Weekday,1400,2-Car,No injury/unknown,FAILURE TO YIELD RIGHT OF WAY,HENDERSON & MILLER,39.14660297,-86.52688456
2005,12,3,Weekday,1400,2-Car,No injury/unknown,FOLLOWING TOO CLOSELY,CHAMBERS & ROGERS,39.14647546,-86.5388
2005,6,5,Weekday,1700,2-Car,Non-incapacitating,OTHER (DRIVER) - EXPLAIN IN NARRATIVE,ROCKPORT & ROGERS ST,39.146448,-86.5388
2005,11,1,Weekend,300,2-Car,No injury/unknown,FOLLOWING TOO CLOSELY,ROCKPORT & ROGERS,39.146448,-86.5388
2005,4,6,Weekday,1200,2-Car,No injury/unknown,FOLLOWING TOO CLOSELY,ROCKPORT RD & ROGERS,39.1464018,-86.53883832
2005,3,4,Weekday,1100,2-Car,No injury/unknown,OTHER (DRIVER) - EXPLAIN IN NARRATIVE,CVS DRUGS & S WALNUT ST,39.14633511,-86.53236178
2005,5,4,Weekday,1500,2-Car,No injury/unknown,VIEW OBSTRUCTED,JORDAN & JORDAN AVE,39.14632631,-86.516399
2005,2,1,Weekday,2200,2-Car,No injury/unknown,OTHER (DRIVER) - EXPLAIN IN NARRATIVE,CHRIS LN & EMERY,39.14625692,-86.520599
2005,12,5,Weekday,1400,2-Car,No injury/unknown,UNSAFE BACKING,WALNUT ST,39.14609156,-86.53228889
2005,12,2,Weekday,2000,1-Car,No injury/unknown,UNSAFE SPEED,MCCARTNEY & SARE RD,39.14587002,-86.49752248
2005,7,2,Weekday,2000,3+ Cars,Non-incapacitating,FOLLOWING TOO CLOSELY,NORTH & WALNUT ST,39.14582185,-86.53220817
2005,2,7,Weekend,1400,2-Car,No injury/unknown,FOLLOWING TOO CLOSELY,LIBERTY & SR 45,39.14580164,-86.57645664
2005,11,4,Weekday,700,3+ Cars,No injury/unknown,FOLLOWING TOO CLOSELY,LIBERTY & SR45,39.14531441,-86.57731416
2005,9,6,Weekday,1400,2-Car,No injury/unknown,FOLLOWING TOO CLOSELY,LIBERTY DR & UNNAME,39.145264,-86.577616
2005,6,5,Weekday,1900,2-Car,No injury/unknown,UNSAFE BACKING,LIBERTY & LIBERTY DR,39.145264,-86.577616
2005,8,5,Weekday,1500,2-Car,No injury/unknown,OTHER (DRIVER) - EXPLAIN IN NARRATIVE,S LIBERTY DR,39.145264,-86.577616
2005,7,4,Weekday,1300,1-Car,No injury/unknown,FAILURE TO YIELD RIGHT OF WAY,ENTRANCE TO SCHULTE & S LIBERTY,39.145264,-86.577616
2005,10,7,Weekend,900,2-Car,No injury/unknown,OTHER (DRIVER) - EXPLAIN IN NARRATIVE,BLOOMFIELD & LIBERTY DR,39.145264,-86.577616
2005,2,4,Weekday,900,2-Car,No injury/unknown,FOLLOWING TOO CLOSELY,LIBERTY DR,39.145208,-86.577608
2005,2,3,Weekday,1700,2-Car,No injury/unknown,FOLLOWING TOO CLOSELY,LIBERTY & SR45,39.145152,-86.5776
2005,8,5,Weekday,1300,2-Car,Non-incapacitating,DISREGARD SIGNAL/REG SIGN,LIBERTY & SR45,39.145152,-86.5776
2005,6,3,Weekday,700,2-Car,Non-incapacitating,DISREGARD SIGNAL/REG SIGN,HICKORY LEAF & SR45,39.145152,-86.5776
2005,6,6,Weekday,1600,2-Car,No injury/unknown,FOLLOWING TOO CLOSELY,LIBERTY & SR 45,39.145152,-86.5776
2005,7,7,Weekend,1200,2-Car,No injury/unknown,FAILURE TO YIELD RIGHT OF WAY,LIBERTY DR & SR45,39.145152,-86.5776
2005,7,3,Weekday,1200,2-Car,Non-incapacitating,FAILURE TO YIELD RIGHT OF WAY,LIBERTY & SR45,39.145152,-86.5776
2005,4,3,Weekday,1500,2-Car,No injury/unknown,FAILURE TO YIELD RIGHT OF WAY,LIBERTY DR & SR45,39.145152,-86.5776
2005,11,5,Weekday,1100,2-Car,Non-incapacitating,OTHER (DRIVER) - EXPLAIN IN NARRATIVE,S DR BLMGTON FORD & S WALNUT,39.145122,-86.532203
2005,4,3,Weekday,1700,2-Car,No injury/unknown,FOLLOWING TOO CLOSELY,LIBERTY & SR45N,39.14507317,-86.57774512
2005,2,4,Weekday,1500,2-Car,Non-incapacitating,FAILURE TO YIELD RIGHT OF WAY,NORTH & WALNUT ST,39.14501946,-86.53196804
2005,1,6,Weekday,600,2-Car,No injury/unknown,FOLLOWING TOO CLOSELY,2ND ST & LIBERTY,39.14500942,-86.57775315
2005,7,1,Weekend,1200,2-Car,No injury/unknown,IMPROPER LANE USAGE,HICKORY LEAF & SR45,39.14499434,-86.57789024
2005,12,1,Weekend,800,2-Car,No injury/unknown,FAILURE TO YIELD RIGHT OF WAY,NORTH & S HENDERSON ST,39.144848,-86.526848
2005,12,1,Weekend,1600,2-Car,No injury/unknown,FAILURE TO YIELD RIGHT OF WAY,HENDERSON ST & NORTH,39.144848,-86.526848
2005,5,2,Weekday,1600,2-Car,No injury/unknown,FAILURE TO YIELD RIGHT OF WAY,HENDERSON & NORTH DR,39.14483758,-86.52720226
2005,6,4,Weekday,700,2-Car,No injury/unknown,UNSAFE BACKING,NORTH DR & S HENDERSON,39.14482163,-86.52791098
2005,4,5,Weekday,1100,2-Car,No injury/unknown,UNSAFE BACKING,NORTH DR,39.14478739,-86.5296223
2005,1,4,Weekday,2000,1-Car,No injury/unknown,IMPROPER TURNING,NORTH & WALNUT,39.144752,-86.531888
2005,1,5,Weekday,1300,2-Car,No injury/unknown,OTHER (DRIVER) - EXPLAIN IN NARRATIVE,NORTH DR,39.144752,-86.531888
2005,3,5,Weekday,1700,2-Car,No injury/unknown,FAILURE TO YIELD RIGHT OF WAY,CURRY & GLEN OAKS,39.14464,-86.582592
2005,6,1,Weekend,1500,2-Car,Non-incapacitating,SPEED TOO FAST FOR WEATHER CONDITIONS,HENDERSON ST & WYLIE FARM,39.144601,-86.526999
2005,11,3,Weekday,700,2-Car,No injury/unknown,FAILURE TO YIELD RIGHT OF WAY,HENDERSON ST & WYLIE FARM,39.144601,-86.526999
2005,3,5,Weekday,1800,2-Car,No injury/unknown,IMPROPER TURNING,HENDERSON & SUMMIT VIEW PL,39.144599,-86.526994
2005,4,1,Weekend,1000,1-Car,No injury/unknown,OTHER (DRIVER) - EXPLAIN IN NARRATIVE,HENDERSON & SUMMITVIEW PL,39.144599,-86.526994
2005,5,3,Weekday,900,2-Car,No injury/unknown,UNSAFE BACKING,AZALEA LN,39.1439,-86.519699
2005,5,7,Weekend,1200,2-Car,No injury/unknown,IMPROPER TURNING,GORDON & WALNUT ST,39.14372721,-86.531399
2005,5,2,Weekday,800,2-Car,No injury/unknown,FAILURE TO YIELD RIGHT OF WAY,INDUSTRIAL & SR45,39.143552,-86.580528
2005,3,6,Weekday,1600,2-Car,No injury/unknown,OTHER (DRIVER) - EXPLAIN IN NARRATIVE,INDUSTRIAL & SR45,39.14351437,-86.58057964
2005,12,3,Weekday,1300,2-Car,Non-incapacitating,FAILURE TO YIELD RIGHT OF WAY,3RND & LIBERTY DR,39.14345012,-86.5791
2005,5,3,Weekday,1300,2-Car,Non-incapacitating,FAILURE TO YIELD RIGHT OF WAY,3RD & LIBERTY DR,39.14312929,-86.579164
2005,12,2,Weekday,700,2-Car,No injury/unknown,RAN OFF ROAD RIGHT,INDIAN CREEK DR & MAYBURY MALL,39.14296575,-86.578299
2005,11,6,Weekday,1600,2-Car,No injury/unknown,FAILURE TO YIELD RIGHT OF WAY,SAINT REMY & SILVER CREEK,39.1429,-86.484794
2005,10,6,Weekday,1400,2-Car,Non-incapacitating,FAILURE TO YIELD RIGHT OF WAY,CURRY & SR45,39.14287166,-86.582592
2005,11,6,Weekday,100,1-Car,Non-incapacitating,ANIMAL/OBJECT IN ROADWAY,LEONARD SPRINGS & SR 45,39.14280056,-86.58155926
2005,9,2,Weekday,1400,2-Car,No injury/unknown,UNSAFE BACKING,WALNUT ST,39.142555,-86.531238
2005,2,3,Weekday,1300,2-Car,No injury/unknown,OTHER (DRIVER) - EXPLAIN IN NARRATIVE,S WALNUT ST,39.142555,-86.531238
2005,8,4,Weekday,1300,2-Car,Non-incapacitating,FAILURE TO YIELD RIGHT OF WAY,LEONARD SPRINGS & SR45,39.14242428,-86.58207563
2005,6,2,Weekday,800,1-Car,No injury/unknown,ANIMAL/OBJECT IN ROADWAY,SAINT REMAY & SMITH RD,39.1424,-86.480399
2005,12,2,Weekday,1400,1-Car,Non-incapacitating,OTHER (DRIVER) - EXPLAIN IN NARRATIVE,WHITE TAIL RUN & WYLIE FARM RD,39.1421,-86.524199
2005,5,4,Weekday,900,2-Car,Incapacitating,FAILURE TO YIELD RIGHT OF WAY,LEONARD SPRINGS & SR45,39.142048,-86.582592
2005,2,4,Weekday,700,2-Car,No injury/unknown,FOLLOWING TOO CLOSELY,LEONARD SPRINGS & SR 45,39.142048,-86.582592
2005,9,3,Weekday,700,2-Car,Non-incapacitating,UNSAFE SPEED,LEONARD & SR45,39.142048,-86.582592
2005,7,4,Weekday,1000,2-Car,No injury/unknown,FAILURE TO YIELD RIGHT OF WAY,LEONARDS SPRING & SR45,39.142048,-86.582592
2005,8,3,Weekday,2100,2-Car,Non-incapacitating,ALCOHOLIC BEVERAGES,CURRY PIKE & SR45,39.142048,-86.582592
2005,8,3,Weekday,1200,2-Car,No injury/unknown,FAILURE TO YIELD RIGHT OF WAY,S WALNUT ST & SOUTH,39.142048,-86.531088
2005,9,6,Weekday,1500,2-Car,No injury/unknown,FOLLOWING TOO CLOSELY,LEONARD SPRINGS & SR45,39.142048,-86.582592
2005,7,6,Weekday,1100,2-Car,No injury/unknown,IMPROPER PASSING,LEONARD SPRING & SR45,39.142048,-86.582592
2005,9,3,Weekday,800,2-Car,Non-incapacitating,OTHER (DRIVER) - EXPLAIN IN NARRATIVE,SOUTH & WALNUT ST,39.142048,-86.531088
2005,9,6,Weekend,1900,2-Car,Non-incapacitating,FAILURE TO YIELD RIGHT OF WAY,CURRY & SR45,39.142048,-86.582592
2005,2,1,Weekday,2100,2-Car,Non-incapacitating,FAILURE TO YIELD RIGHT OF WAY,LEONARD SPRINGS & SR45,39.142048,-86.582592
2005,3,1,Weekend,1300,2-Car,No injury/unknown,DISREGARD SIGNAL/REG SIGN,LEONARD SPRINGS & SR45,39.142048,-86.582592
2005,3,5,Weekday,1900,2-Car,No injury/unknown,UNSAFE SPEED,CURRY PIKE & SR45,39.142048,-86.582592
2005,6,5,Weekday,1200,2-Car,Non-incapacitating,DISREGARD SIGNAL/REG SIGN,CURRY PIKE & SR45,39.142048,-86.582592
2005,5,5,Weekday,1100,2-Car,Non-incapacitating,DISREGARD SIGNAL/REG SIGN,LEONARD SPRINGS & SR45,39.142048,-86.582592
2005,6,5,Weekday,1700,2-Car,No injury/unknown,FAILURE TO YIELD RIGHT OF WAY,LEONARD SPRINGS RD & SR45,39.142048,-86.582592
2005,6,4,Weekday,1700,2-Car,Non-incapacitating,FAILURE TO YIELD RIGHT OF WAY,LEONARD SPRINGS & SR45,39.142048,-86.582592
2005,10,7,Weekend,1900,2-Car,No injury/unknown,FAILURE TO YIELD RIGHT OF WAY,LEONARD SPRINGS & SR45,39.142048,-86.582592
2005,1,3,Weekday,1200,2-Car,No injury/unknown,OTHER (DRIVER) - EXPLAIN IN NARRATIVE,LEONARD SPRINGS & SR45,39.14193121,-86.58281098
2005,8,4,Weekday,700,Bus,No injury/unknown,FOLLOWING TOO CLOSELY,SOUTH & WALNUT,39.14191465,-86.53104589
2005,11,3,Weekday,2200,2-Car,No injury/unknown,OTHER (DRIVER) - EXPLAIN IN NARRATIVE,SWEETBRIAR & WYLIE FARM,39.1419,-86.52700116
2005,1,6,Weekday,800,2-Car,No injury/unknown,DRIVER DISTRACTED - EXPLAIN IN NARRATIVE,HENDERSON & WYLIE FARM RD,39.1419,-86.52700765