Year,Month,Day,Weekend?,Hour,Collision Type,Injury Type,Primary Factor,Reported_Location,Latitude,Longitude
2005,10,4,Weekday,1700,2-Car,No injury/unknown,UNSAFE BACKING,S LEONARD SPRING RD,39.14187494,-86.58259037
2005,3,6,Weekday,1400,2-Car,No injury/unknown,FAILURE TO YIELD RIGHT OF WAY,LEONARD SPRINGS RD & SR 45,39.14177345,-86.58258941
2005,3,3,Weekday,1900,3+ Cars,No injury/unknown,OTHER (DRIVER) - EXPLAIN IN NARRATIVE,ROCKPORT RD,39.14144,-86.543632
2005,5,1,Weekend,1000,2-Car,No injury/unknown,NONE (DRIVER),ROCKPORT RD,39.14144,-86.543632
2005,10,6,Weekday,1700,2-Car,Non-incapacitating,FAILURE TO YIELD RIGHT OF WAY,COOLIDGE & ROGERS ST,39.141328,-86.538528
2005,10,7,Weekend,300,1-Car,No injury/unknown,UNSAFE SPEED,WAPEHANI & WEIMER RD,39.14123525,-86.56204079
2005,10,5,Weekday,1900,2-Car,No injury/unknown,LEFT OF CENTER,LEONARD SPRINGS RD & SR45,39.14122436,-86.58258423
2005,5,6,Weekend,2100,2-Car,Non-incapacitating,ROADWAY SURFACE CONDITION,LEONARD SPRINGS RD,39.1412,-86.582584
2005,11,1,Weekend,1800,2-Car,No injury/unknown,SPEED TOO FAST FOR WEATHER CONDITIONS,E 10TH & N SMITH,39.14027368,-86.481699
2005,1,2,Weekday,1500,2-Car,No injury/unknown,FAILURE TO YIELD RIGHT OF WAY,GRAHAM & ROCKPORT,39.140144,-86.54496
2005,11,3,Weekday,1000,2-Car,No injury/unknown,FAILURE TO YIELD RIGHT OF WAY,RALSTON & S ROCKPORT,39.13999053,-86.5451151
2005,12,3,Weekday,2100,1-Car,No injury/unknown,ANIMAL/OBJECT IN ROADWAY,SR37 & TAPP,39.13978541,-86.57292989
2005,12,5,Weekday,1800,1-Car,Non-incapacitating,RAN OFF ROAD RIGHT,AIRPORT & ENDWRIGHT,39.13959328,-86.59635205
2005,7,5,Weekday,2000,2-Car,No injury/unknown,FAILURE TO YIELD RIGHT OF WAY,GRAHAM & HENDERSON,39.139584,-86.526768
2005,2,5,Weekday,1600,2-Car,Non-incapacitating,FAILURE TO YIELD RIGHT OF WAY,HENDERSON ST & WINSLOW,39.139584,-86.526768
2005,9,4,Weekday,1100,2-Car,Non-incapacitating,PRESCRIPTION DRUGS,ROGERS & WATSON,39.138401,-86.538495
2005,6,1,Weekend,700,1-Car,No injury/unknown,RAN OFF ROAD RIGHT,STEWART RD,39.138392,-86.50948
2005,6,6,Weekday,1600,2-Car,No injury/unknown,FOLLOWING TOO CLOSELY,AIRPORT & SR45,39.13818882,-86.59154588
2005,4,3,Weekday,1100,2-Car,Non-incapacitating,FOLLOWING TOO CLOSELY,LIBERTY DR & W 3RD,39.1381629,-86.5791
2005,3,6,Weekday,1700,1-Car,No injury/unknown,ANIMAL/OBJECT IN ROADWAY,SR37 & TAPP,39.13813816,-86.57290956
2005,3,7,Weekend,1400,2-Car,No injury/unknown,FOLLOWING TOO CLOSELY,AIRPORT & SR45,39.13785362,-86.59210742
2005,9,3,Weekday,2000,2-Car,No injury/unknown,FAILURE TO YIELD RIGHT OF WAY,PIKE & WALNUT ST,39.137744,-86.530288
2005,6,4,Weekday,700,2-Car,No injury/unknown,FAILURE TO YIELD RIGHT OF WAY,WALNUT,39.137744,-86.530288
2005,5,7,Weekend,1200,2-Car,No injury/unknown,FOLLOWING TOO CLOSELY,AIRPORT & SR45,39.13760222,-86.59252857
2005,5,3,Weekday,1400,2-Car,No injury/unknown,OTHER (DRIVER) - EXPLAIN IN NARRATIVE,WALNUT,39.13736,-86.529904
2005,6,7,Weekend,1000,2-Car,No injury/unknown,UNSAFE BACKING,S WALNUT & WALNUT,39.13736,-86.529904
2005,5,6,Weekday,1200,2-Car,No injury/unknown,OTHER (DRIVER) - EXPLAIN IN NARRATIVE,WALNUT,39.13736,-86.529904
2005,7,6,Weekday,1100,2-Car,No injury/unknown,OTHER (DRIVER) - EXPLAIN IN NARRATIVE,WALNUT,39.13736,-86.529904
2005,5,5,Weekday,1000,3+ Cars,Non-incapacitating,LEFT OF CENTER,AIRPORT & SR 45,39.13735081,-86.59294972
2005,8,5,Weekday,1300,2-Car,No injury/unknown,IMPROPER LANE USAGE,SR37N & TAPP,39.13731454,-86.57289939
2005,4,2,Weekday,2100,2-Car,No injury/unknown,LEFT OF CENTER,LEONARD SPRINGS RD & TAPP,39.13731447,-86.58252058
2005,2,7,Weekend,0,2-Car,No injury/unknown,UNSAFE SPEED,ROSERS RD,39.137248,-86.538192
2005,9,2,Weekday,900,2-Car,No injury/unknown,OTHER (DRIVER) - EXPLAIN IN NARRATIVE,HEINLEM,39.1372,-86.500224
2005,3,3,Weekday,1200,2-Car,No injury/unknown,FOLLOWING TOO CLOSELY,SR37 & TAPP,39.13717727,-86.5728977
2005,12,5,Weekday,1600,Bus,No injury/unknown,ROADWAY SURFACE CONDITION,AIRPORT RD & GARRISON CHAPEL,39.13704007,-86.63815291
2005,10,4,Weekday,1600,1-Car,No injury/unknown,ANIMAL/OBJECT IN ROADWAY,SR37 & TAPP,39.13704,-86.572896
2005,1,4,Weekday,1800,2-Car,No injury/unknown,IMPROPER TURNING,SR37 & TAPP,39.13704,-86.572896
2005,6,6,Weekday,1600,2-Car,No injury/unknown,FAILURE TO YIELD RIGHT OF WAY,LEONARD SPRINGS & TAPP,39.13704,-86.582512
2005,9,5,Weekday,700,2-Car,Non-incapacitating,GLARE,PINEHURST  DRIVE & TAPP ROAD,39.13704,-86.573248
2005,12,2,Weekday,2200,2-Car,Non-incapacitating,FAILURE TO YIELD RIGHT OF WAY,SR37 & TAPP RD,39.13704,-86.572896
2005,10,5,Weekday,1500,Bus,No injury/unknown,FOLLOWING TOO CLOSELY,TAPP RD & YONKERS,39.13704,-86.575296
2005,10,1,Weekend,400,2-Car,Non-incapacitating,LEFT OF CENTER,TUPP RD,39.13704,-86.582264
2005,10,2,Weekday,1500,2-Car,No injury/unknown,FOLLOWING TOO CLOSELY,SR37 & TAPP,39.13704,-86.572896
2005,12,5,Weekday,1600,3+ Cars,Non-incapacitating,UNSAFE SPEED,SR37 & TAPP,39.13704,-86.572896
2005,12,7,Weekend,1300,2-Car,No injury/unknown,FOLLOWING TOO CLOSELY,W TAPP RD & YONKERS,39.13704,-86.575296
2005,12,1,Weekend,1000,2-Car,No injury/unknown,NONE (DRIVER),SR37 & TAPP RD,39.13704,-86.572896
2005,3,5,Weekday,1100,2-Car,No injury/unknown,OTHER (DRIVER) - EXPLAIN IN NARRATIVE,ADAMS & TAPP RD,39.13704,-86.572896
2005,3,3,Weekday,1500,3+ Cars,No injury/unknown,FOLLOWING TOO CLOSELY,SR 37 & TAPP,39.13704,-86.572896
2005,8,2,Weekday,1500,3+ Cars,Non-incapacitating,OTHER (DRIVER) - EXPLAIN IN NARRATIVE,TAPP RD & YONKERS,39.13704,-86.575296
2005,4,2,Weekday,700,2-Car,No injury/unknown,DISREGARD SIGNAL/REG SIGN,SR37 & TAPP,39.13704,-86.572896
2005,5,4,Weekday,1300,2-Car,No injury/unknown,FAILURE TO YIELD RIGHT OF WAY,AIRPORT & GARRISON CHAPEL RD,39.13704,-86.642832
2005,3,6,Weekday,1200,2-Car,No injury/unknown,FAILURE TO YIELD RIGHT OF WAY,SR37N & TAPP,39.13704,-86.572896
2005,1,4,Weekday,2300,2-Car,No injury/unknown,,HENNESSY & WICKENS,39.13696313,-86.552695
2005,12,7,Weekend,700,1-Car,No injury/unknown,SPEED TOO FAST FOR WEATHER CONDITIONS,AIRPORT RD & KIRBY,39.13693589,-86.61549957
2005,6,6,Weekday,1700,2-Car,No injury/unknown,OTHER (DRIVER) - EXPLAIN IN NARRATIVE,AIRPORT & SR45,39.1369318,-86.59365162
2005,11,6,Weekday,1200,2-Car,No injury/unknown,IMPROPER LANE USAGE,SR37 & TAPP,39.13690272,-86.572896
2005,1,7,Weekend,1400,1-Car,Non-incapacitating,ROADWAY SURFACE CONDITION,AIRPORT & CAVE,39.13688512,-86.62696576
2005,12,7,Weekend,1900,2-Car,No injury/unknown,OTHER (DRIVER) - EXPLAIN IN NARRATIVE,AIRPORT & SR 45,39.13686476,-86.59376392
2005,7,3,Weekday,1500,1-Car,No injury/unknown,SPEED TOO FAST FOR WEATHER CONDITIONS,AIRPORT & ENDWRIGHT RD,39.136848,-86.5964
2005,10,5,Weekday,700,2-Car,Non-incapacitating,FAILURE TO YIELD RIGHT OF WAY,AIRPORT & BUNGER,39.136848,-86.606
2005,12,2,Weekday,2000,3+ Cars,Non-incapacitating,ALCOHOLIC BEVERAGES,AIRPORT & SR45,39.136848,-86.593792
2005,5,3,Weekday,1800,2-Car,No injury/unknown,FAILURE TO YIELD RIGHT OF WAY,AIRPORT RD & BUNGER,39.136848,-86.606
2005,4,7,Weekend,900,2-Car,Non-incapacitating,BRAKE FAILURE OR DEFECTIVE,DANLYN & TAPP RD,39.1368,-86.57538069
2005,9,6,Weekday,1200,2-Car,No injury/unknown,DISREGARD SIGNAL/REG SIGN,REX GROSSMAN & TAPP RD,39.1367,-86.570949
2005,1,2,Weekday,800,1-Car,No injury/unknown,RAN OFF ROAD RIGHT,ROGERS RD & S HIGH,39.13664,-86.50703258
2005,7,7,Weekend,800,2-Car,No injury/unknown,FAILURE TO YIELD RIGHT OF WAY,HIGH & ROGERS RD,39.13664,-86.508096
2005,1,7,Weekend,1600,1-Car,Non-incapacitating,RAN OFF ROAD RIGHT,E ROGERS RD & S HIGH,39.13664,-86.508096
2005,6,4,Weekday,400,1-Car,No injury/unknown,ANIMAL/OBJECT IN ROADWAY,EDWARD & OLCOTT BLVD,39.13653028,-86.484999
2005,3,3,Weekday,2100,2-Car,Non-incapacitating,,TAPP RD & WEIMER,39.136512,-86.562016
2005,5,1,Weekend,1400,1-Car,No injury/unknown,OVERCORRECTING/OVERSTEERING,TAPP,39.1365,-86.561332
2005,7,2,Weekday,1600,Moped/Motorcycle,Non-incapacitating,OTHER (DRIVER) - EXPLAIN IN NARRATIVE,ADAMS & TAPP RD,39.136497,-86.55422166
2005,8,2,Weekday,1600,2-Car,No injury/unknown,UNSAFE SPEED,AIRPORT & SR 45,39.13648184,-86.59432032
2005,8,3,Weekday,1700,2-Car,Non-incapacitating,OTHER (DRIVER) - EXPLAIN IN NARRATIVE,ROCKPORT & TAPP RD,39.136448,-86.548704
2005,8,3,Weekday,1000,2-Car,No injury/unknown,OTHER (DRIVER) - EXPLAIN IN NARRATIVE,COUNTRY CLUB & ROCKPORT RD,39.136448,-86.548704
2005,10,3,Weekday,1700,1-Car,Non-incapacitating,UNSAFE SPEED,COUNTRY CLUB RD & ROCKPORT,39.136448,-86.548704
2005,10,7,Weekend,1600,2-Car,No injury/unknown,FAILURE TO YIELD RIGHT OF WAY,COUNTRYSIDE & ROCKPORT RD,39.136448,-86.548704
2005,7,5,Weekday,1500,2-Car,Non-incapacitating,FOLLOWING TOO CLOSELY,ROCKPORT & TAPP RD,39.136448,-86.548704
2005,7,7,Weekend,1600,2-Car,No injury/unknown,FAILURE TO YIELD RIGHT OF WAY,ROCKPORT & TAPP RD,39.136448,-86.548704
2005,12,4,Weekday,700,2-Car,No injury/unknown,FAILURE TO YIELD RIGHT OF WAY,ROCKPORT & TAPP RD,39.136448,-86.548704
2005,8,3,Weekday,500,Moped/Motorcycle,Non-incapacitating,NONE (DRIVER),ROCKPORT & TAPP RD,39.1364474,-86.54881034
2005,2,7,Weekend,1100,2-Car,No injury/unknown,FOLLOWING TOO CLOSELY,COUNTRY CLUB DR & ROCKPORT,39.1364418,-86.54852694
2005,6,4,Weekday,1200,2-Car,Non-incapacitating,FAILURE TO YIELD RIGHT OF WAY,HENDERSON ST & WINSLOW,39.13641851,-86.52679346
2005,7,2,Weekday,1700,2-Car,Non-incapacitating,OTHER (DRIVER) - EXPLAIN IN NARRATIVE,ADAMS & TAPP RD,39.136404,-86.55159035
2005,12,6,Weekday,500,1-Car,Non-incapacitating,DRIVER ILLNESS,S ADAMS & W TAPP RD,39.136404,-86.55161631
2005,7,7,Weekend,200,1-Car,Non-incapacitating,PASSENGER DISTRACTION,ADAMS & TAPP RD,39.136404,-86.55158169
2005,8,4,Weekday,1500,2-Car,Non-incapacitating,OTHER (DRIVER) - EXPLAIN IN NARRATIVE,ADAMS & TAPP RD,39.136404,-86.551599
2005,3,3,Weekday,1600,3+ Cars,Non-incapacitating,ROADWAY SURFACE CONDITION,ADAMS & TAPP RD,39.136404,-86.55161198
2005,11,4,Weekday,900,1-Car,Non-incapacitating,DRIVER ILLNESS,ADAMS & TAPP RD,39.136404,-86.551599
2005,11,1,Weekend,1200,2-Car,No injury/unknown,LEFT OF CENTER,ADAMS & TAPP RD,39.136404,-86.55156871
2005,11,3,Weekday,1200,2-Car,No injury/unknown,FAILURE TO YIELD RIGHT OF WAY,ADAMS & TAPP RD,39.136404,-86.551599
2005,11,2,Weekday,1500,2-Car,Non-incapacitating,FAILURE TO YIELD RIGHT OF WAY,ADAMS & TAPP RD,39.136404,-86.551599
2005,4,3,Weekday,1800,2-Car,No injury/unknown,FAILURE TO YIELD RIGHT OF WAY,ADAMS & TAPP RD,39.136404,-86.551599
2005,8,5,Weekday,1300,Moped/Motorcycle,Non-incapacitating,IMPROPER PASSING,ROGERS RD & THE STANDS,39.1364,-86.504896
2005,6,4,Weekday,1700,2-Car,No injury/unknown,UNSAFE SPEED,ROGERS RD & THE STANDS,39.1364,-86.504896
2005,4,3,Weekday,1700,2-Car,No injury/unknown,IMPROPER TURNING,ROGERS RD & THE STANDS,39.1364,-86.504896
2005,4,5,Weekday,1700,2-Car,Non-incapacitating,FOLLOWING TOO CLOSELY,ROGERS RD & WINDINGBROOK,39.136368,-86.505056
2005,7,2,Weekday,700,2-Car,Non-incapacitating,FAILURE TO YIELD RIGHT OF WAY,SARE RD & SOUTHERN OAKS,39.13632627,-86.500098
2005,9,4,Weekday,900,2-Car,No injury/unknown,OTHER (DRIVER) - EXPLAIN IN NARRATIVE,BANTA & COUNTRY CLUB,39.13631641,-86.54494611
2005,9,1,Weekend,1100,2-Car,No injury/unknown,UNSAFE BACKING,COUNTRY CLUB,39.13630593,-86.5446472
2005,5,2,Weekday,1700,2-Car,No injury/unknown,FOLLOWING TOO CLOSELY,BANTA & COUNTRY CLUB,39.136304,-86.544592
2005,9,5,Weekday,700,2-Car,No injury/unknown,GLARE,PINEHURST & TAPP RD,39.136304,-86.548799
2005,7,6,Weekday,1700,2-Car,No injury/unknown,FAILURE TO YIELD RIGHT OF WAY,HENDERSON ST & WINSLOW,39.13628125,-86.52679673
2005,5,3,Weekday,1400,2-Car,No injury/unknown,FAILURE TO YIELD RIGHT OF WAY,HENDERSON ST & WINSLOW,39.1362538,-86.52679739
2005,4,5,Weekday,700,3+ Cars,No injury/unknown,OTHER (DRIVER) - EXPLAIN IN NARRATIVE,HENDERSON & WINSLOW,39.13622635,-86.52679804
2005,9,4,Weekday,1500,2-Car,Non-incapacitating,FOLLOWING TOO CLOSELY,HENDERSON & WINSLOW,39.13622635,-86.52679804
2005,11,6,Weekday,1400,3+ Cars,Non-incapacitating,FOLLOWING TOO CLOSELY,COUNTRY CLUB DR & ROCKPORT,39.13620735,-86.54162136
2005,8,7,Weekend,1200,3+ Cars,No injury/unknown,FOLLOWING TOO CLOSELY,COUNTRY CLUB DR & MILTON,39.13618566,-86.5409548
2005,1,7,Weekend,1300,2-Car,Non-incapacitating,FOLLOWING TOO CLOSELY,COUNTRY CLUB & ROGERS,39.1361622,-86.53810276
2005,7,3,Weekday,700,2-Car,No injury/unknown,FOLLOWING TOO CLOSELY,ABBY & WINSLOW RD,39.136144,-86.51023258
2005,2,1,Weekday,2200,2-Car,Non-incapacitating,DISREGARD SIGNAL/REG SIGN,WALNUT & WINSLOW,39.136144,-86.528688
2005,8,4,Weekday,1200,3+ Cars,No injury/unknown,DRIVER DISTRACTED - EXPLAIN IN NARRATIVE,WALNUT ST & WINSLOW,39.136144,-86.528688
2005,8,3,Weekday,2000,2-Car,No injury/unknown,OTHER (DRIVER) - EXPLAIN IN NARRATIVE,WALNUT ST & WINSLOW,39.136144,-86.528688
2005,8,4,Weekday,1300,2-Car,No injury/unknown,IMPROPER PASSING,WESTMINSTER WAY & WINSLOW,39.136144,-86.521888
2005,5,5,Weekday,1600,2-Car,No injury/unknown,FAILURE TO YIELD RIGHT OF WAY,WALNUT & WINSLOW,39.136144,-86.528688
2005,1,2,Weekday,1600,2-Car,No injury/unknown,FOLLOWING TOO CLOSELY,S HIGH ST & WINSLOW,39.136144,-86.508096
2005,11,5,Weekday,1600,2-Car,Non-incapacitating,OTHER (DRIVER) - EXPLAIN IN NARRATIVE,S WALNUT ST & WINSLOW,39.136144,-86.528688
2005,7,3,Weekday,1300,2-Car,No injury/unknown,FAILURE TO YIELD RIGHT OF WAY,WALNUT & WINSLOW RD,39.136144,-86.528688
2005,9,7,Weekend,1500,2-Car,No injury/unknown,FAILURE TO YIELD RIGHT OF WAY,ABBY & WINSLOW RD,39.136144,-86.511296
2005,6,3,Weekday,2000,2-Car,Non-incapacitating,FOLLOWING TOO CLOSELY,WALNUT & WINSLOW,39.136144,-86.528688
2005,4,6,Weekend,2200,2-Car,Non-incapacitating,FOLLOWING TOO CLOSELY,WALNUT ST & WINSLOW,39.136144,-86.528688
2005,9,6,Weekday,1500,1-Car,Non-incapacitating,OTHER (DRIVER) - EXPLAIN IN NARRATIVE,HENDERSON & WINSLOW RD,39.136144,-86.5268
2005,10,5,Weekday,1100,2-Car,No injury/unknown,IMPROPER LANE USAGE,WALNUT ST & WINSLOW,39.136144,-86.528688
2005,10,6,Weekday,1100,2-Car,No injury/unknown,FAILURE TO YIELD RIGHT OF WAY,WALNUT & WINSLOW,39.136144,-86.528688
2005,12,5,Weekday,1500,3+ Cars,Non-incapacitating,FAILURE TO YIELD RIGHT OF WAY,WALNUT ST & WINSLOW,39.136144,-86.528688
2005,12,6,Weekday,1700,2-Car,Non-incapacitating,FAILURE TO YIELD RIGHT OF WAY,WALNUT & WINSLOW,39.136144,-86.528688
2005,2,7,Weekend,1900,2-Car,No injury/unknown,FAILURE TO YIELD RIGHT OF WAY,WALNUT STREET & WINSLOW RD,39.136144,-86.528688
2005,9,1,Weekend,1100,2-Car,Non-incapacitating,FOLLOWING TOO CLOSELY,BURBERRY & WINSLOW RD,39.136144,-86.52296
2005,3,4,Weekday,700,2-Car,Non-incapacitating,DISREGARD SIGNAL/REG SIGN,WALNUT & WINSLOW RD,39.136144,-86.528688
2005,5,1,Weekend,1000,2-Car,Non-incapacitating,FAILURE TO YIELD RIGHT OF WAY,ABBY & WINSLOW RD,39.136144,-86.511296
2005,4,3,Weekday,1300,2-Car,No injury/unknown,FAILURE TO YIELD RIGHT OF WAY,WALNUT & WINSLOW RD,39.136144,-86.528688
2005,5,4,Weekday,1600,2-Car,No injury/unknown,FAILURE TO YIELD RIGHT OF WAY,HENDERSON ST & WINSLOW,39.136144,-86.5268
2005,6,4,Weekday,1700,2-Car,No injury/unknown,FAILURE TO YIELD RIGHT OF WAY,S WALNUT ST & WINSLOW,39.136144,-86.528688
2005,4,5,Weekday,1700,2-Car,No injury/unknown,FAILURE TO YIELD RIGHT OF WAY,WALNUT ST & WINSLOW RD,39.136144,-86.528688
2005,1,7,Weekend,1200,2-Car,No injury/unknown,OTHER (DRIVER) - EXPLAIN IN NARRATIVE,FAIRINGTON & LEONARDS SPRINGS,39.136144,-86.582496
2005,11,6,Weekday,900,2-Car,No injury/unknown,FAILURE TO YIELD RIGHT OF WAY,WALNUT & WINSLOW RD,39.136144,-86.528688
2005,11,6,Weekend,1900,2-Car,Non-incapacitating,OTHER (DRIVER) - EXPLAIN IN NARRATIVE,S WALNUT ST & WINSLOW,39.136144,-86.528688
2005,11,6,Weekday,1100,2-Car,Non-incapacitating,FAILURE TO YIELD RIGHT OF WAY,S WALNUT ST & WINSLOW,39.136144,-86.528688
2005,11,2,Weekday,2300,3+ Cars,Non-incapacitating,FAILURE TO YIELD RIGHT OF WAY,WALNUT ST & WINSLOW RD,39.136144,-86.528688
2005,4,2,Weekday,1200,2-Car,No injury/unknown,DRIVER DISTRACTED - EXPLAIN IN NARRATIVE,WALNUT & WINSLOW RD,39.13614157,-86.52833357
2005,12,7,Weekend,1800,2-Car,No injury/unknown,LEFT OF CENTER,WALNUT & WINSLOW,39.1361378,-86.5281564
2005,4,7,Weekend,800,2-Car,No injury/unknown,IMPROPER LANE USAGE,WALNUT & WINSLOW RD,39.13613403,-86.52797923
2005,8,2,Weekday,1600,2-Car,No injury/unknown,ALCOHOLIC BEVERAGES,COUNTRY CLUB & MILTON,39.136128,-86.539184
2005,6,6,Weekday,1600,2-Car,No injury/unknown,FAILURE TO YIELD RIGHT OF WAY,WALNUT ST & WINSLOW,39.13609637,-86.52865272
2005,10,4,Weekday,900,2-Car,No injury/unknown,IMPROPER PASSING,ALLENDALE & WINSLOW RD,39.13608919,-86.51635436
2005,8,3,Weekday,700,2-Car,No injury/unknown,DISREGARD SIGNAL/REG SIGN,COUNTRY CLUB DR & ROGERS,39.13608,-86.538096
2005,9,2,Weekday,1000,1-Car,No injury/unknown,OTHER (DRIVER) - EXPLAIN IN NARRATIVE,S MADISON & W COUNTRY CLUB,39.136048,-86.536992
2005,9,6,Weekday,1600,2-Car,Non-incapacitating,FAILURE TO YIELD RIGHT OF WAY,COUNTRY CLUB DR & MADISON,39.136048,-86.536992
2005,6,3,Weekday,1300,2-Car,No injury/unknown,FOLLOWING TOO CLOSELY,COUNTRY CLUB RD & S MADISON,39.13603083,-86.53663822
2005,2,5,Weekday,600,3+ Cars,Non-incapacitating,DRIVER ASLEEP OR FATIGUED,COUNTRY CLUB & ROGERS ST,39.13602524,-86.53810122
2005,4,3,Weekday,1300,2-Car,No injury/unknown,FAILURE TO YIELD RIGHT OF WAY,WALNUT & WINSLOW,39.13602493,-86.5285998
2005,12,3,Weekday,2300,1-Car,No injury/unknown,ANIMAL/OBJECT IN ROADWAY,WINSLOW RD & XAIVER,39.136,-86.51425665
2005,8,6,Weekday,1000,2-Car,Non-incapacitating,OTHER (DRIVER) - EXPLAIN IN NARRATIVE,ROGERS RD & SPICEWOOD,39.136,-86.50248389
2005,1,7,Weekend,800,2-Car,No injury/unknown,ROADWAY SURFACE CONDITION,COUNTRY CLUB & S WALNUT ST,39.135999,-86.531
2005,9,1,Weekend,1500,2-Car,No injury/unknown,IMPROPER TURNING,COUNTRY CLUB & S WALNUT ST,39.135999,-86.531
2005,12,5,Weekday,900,2-Car,No injury/unknown,UNSAFE BACKING,WINSLOW RD,39.135989,-86.529904
2005,7,2,Weekday,1400,2-Car,Non-incapacitating,OTHER (DRIVER) - EXPLAIN IN NARRATIVE,ROGERS RD & SPILEWOOD,39.13598674,-86.50086754
2005,12,4,Weekday,1300,2-Car,No injury/unknown,OTHER (DRIVER) - EXPLAIN IN NARRATIVE,AIRPORT & SR45,39.13593504,-86.59510928
2005,3,3,Weekday,1100,2-Car,No injury/unknown,FAILURE TO YIELD RIGHT OF WAY,WALNUT & WINSLOW,39.13590586,-86.5285116
2005,8,6,Weekday,800,2-Car,No injury/unknown,FAILURE TO YIELD RIGHT OF WAY,COUNTRY CLUB DR & WALNUT,39.1359,-86.53107204
2005,2,4,Weekday,1200,1-Car,No injury/unknown,RAN OFF ROAD RIGHT,WALNUT ST & WINSLOW RD,39.1359,-86.53110765
2005,7,2,Weekday,1600,3+ Cars,No injury/unknown,,COUNTRY CLUB DR & WALNUT,39.1359,-86.53105473
2005,6,5,Weekday,1000,2-Car,Non-incapacitating,DRIVER DISTRACTED - EXPLAIN IN NARRATIVE,COUNTRY CLUB DR & WALNUT,39.1359,-86.53109454
2005,11,1,Weekday,2000,2-Car,No injury/unknown,UNSAFE SPEED,CONTRY CLUB & WALNUT,39.1359,-86.531098
2005,11,3,Weekday,1000,2-Car,Non-incapacitating,FAILURE TO YIELD RIGHT OF WAY,WALNUT ST & WINSLOW RD,39.1359,-86.531099
2005,7,6,Weekday,1500,2-Car,No injury/unknown,OTHER (DRIVER) - EXPLAIN IN NARRATIVE,COUNTRY CLUB DR & WALNUT,39.1359,-86.53109367
2005,6,5,Weekday,1900,2-Car,No injury/unknown,SPEED TOO FAST FOR WEATHER CONDITIONS,COUNTRY CLUB & S WALNUT,39.1359,-86.531098
2005,1,3,Weekday,1700,2-Car,Non-incapacitating,FOLLOWING TOO CLOSELY,COUNTRY CLUB RD & WALNUT,39.1359,-86.53108935
2005,7,2,Weekday,2000,2-Car,Non-incapacitating,SPEED TOO FAST FOR WEATHER CONDITIONS,E ROGERS RD & SMITH,39.13584,-86.480496
2005,7,3,Weekday,1100,2-Car,No injury/unknown,UNSAFE SPEED,ROGERS & SARE RD,39.13584,-86.496288
2005,8,5,Weekday,2100,2-Car,No injury/unknown,FAILURE TO YIELD RIGHT OF WAY,ROGERS RD & SARE,39.13584,-86.496288
2005,7,6,Weekday,1500,3+ Cars,Non-incapacitating,FOLLOWING TOO CLOSELY,ROGERS & SARE,39.13584,-86.496288
2005,1,3,Weekday,800,2-Car,No injury/unknown,FAILURE TO YIELD RIGHT OF WAY,ROGERS & SARE RD,39.13584,-86.496288
2005,1,1,Weekend,0,1-Car,Non-incapacitating,ALCOHOLIC BEVERAGES,ROGERS & SMITH RD,39.13584,-86.480496
2005,8,6,Weekday,1700,2-Car,No injury/unknown,LEFT OF CENTER,E ROGERS & S SMITH RD,39.13584,-86.480496
2005,1,6,Weekday,1700,2-Car,No injury/unknown,FAILURE TO YIELD RIGHT OF WAY,WALNUT ST & WINSLOW,39.13578679,-86.5284234
2005,6,5,Weekday,700,2-Car,No injury/unknown,FOLLOWING TOO CLOSELY,DUNCAN & SR45,39.13565764,-86.59549133
2005,8,6,Weekday,1200,2-Car,No injury/unknown,OTHER (DRIVER) - EXPLAIN IN NARRATIVE,KNIGHTRIDGE & SR446,39.135648,-86.462
2005,12,4,Weekday,900,1-Car,No injury/unknown,ROADWAY SURFACE CONDITION,SR446,39.135648,-86.462248
2005,7,4,Weekday,900,2-Car,No injury/unknown,LEFT OF CENTER,SR446,39.135648,-86.462248
2005,7,2,Weekday,1100,Moped/Motorcycle,Non-incapacitating,OTHER (DRIVER) - EXPLAIN IN NARRATIVE,SR446,39.135648,-86.462248
2005,5,3,Weekday,1400,2-Car,No injury/unknown,IMPROPER PASSING,KNIGHT RIDGE RD & SR446,39.135648,-86.462
2005,9,5,Weekday,1700,2-Car,Non-incapacitating,FAILURE TO YIELD RIGHT OF WAY,HENDERSON ST & WINSLOW,39.13559525,-86.5267933
2005,2,6,Weekday,1600,2-Car,No injury/unknown,UNSAFE BACKING,ACADIA CT,39.135393,-86.519092
2005,9,4,Weekday,700,2-Car,No injury/unknown,IMPROPER LANE USAGE,VERMILYA & WALNUT ST,39.13522088,-86.52800065
2005,10,7,Weekend,1000,2-Car,No injury/unknown,FOLLOWING TOO CLOSELY,DUNCAN & SR45,39.13504,-86.596192
2005,6,5,Weekday,1700,1-Car,No injury/unknown,OTHER (ENVIRONMENTAL) - EXPLAIN IN NARR,SR37 & TAPP,39.13498085,-86.572896
2005,3,2,Weekday,1700,2-Car,No injury/unknown,OTHER (DRIVER) - EXPLAIN IN NARRATIVE,WALNUT ST,39.13493114,-86.52778394
2005,3,7,Weekend,300,2-Car,Non-incapacitating,ALCOHOLIC BEVERAGES,WALNUT,39.13493114,-86.52778394
2005,4,1,Weekend,1200,2-Car,Non-incapacitating,DRIVER DISTRACTED - EXPLAIN IN NARRATIVE,SOUTH DUNCAN & SR45S,39.13425772,-86.59730445