Year,Month,Day,Weekend?,Hour,Collision Type,Injury Type,Primary Factor,Reported_Location,Latitude,Longitude
2005,10,4,Weekday,1500,Bus,No injury/unknown,UNSAFE BACKING,WINSLOW & WINSLOW DR,39.13388566,-86.524497
2005,12,6,Weekday,700,3+ Cars,Non-incapacitating,NONE (DRIVER),SR37 & TAPP,39.13374536,-86.572896
2005,11,7,Weekend,100,1-Car,No injury/unknown,NONE (DRIVER),SR 37 & TAPP,39.1334159,-86.572896
2005,2,6,Weekday,700,2-Car,No injury/unknown,OTHER (DRIVER) - EXPLAIN IN NARRATIVE,ALLENDALE & BAINBRIDGE,39.133248,-86.517488
2005,8,6,Weekday,800,1-Car,No injury/unknown,OVERCORRECTING/OVERSTEERING,S ROGERS ST & W COUNTRY CLUB,39.13304,-86.5384
2005,9,6,Weekday,800,2-Car,No injury/unknown,FAILURE TO YIELD RIGHT OF WAY,COUNTRY CLUB & ROGERS,39.13304,-86.5384
2005,6,6,Weekday,1300,1-Car,No injury/unknown,OTHER (DRIVER) - EXPLAIN IN NARRATIVE,COMMONS DR & EDEN,39.13304,-86.522288
2005,4,2,Weekday,1000,2-Car,No injury/unknown,OTHER (DRIVER) - EXPLAIN IN NARRATIVE,COUNTRY CLUB & ROGERS,39.13304,-86.5384
2005,10,7,Weekend,1500,Moped/Motorcycle,Non-incapacitating,OTHER (DRIVER) - EXPLAIN IN NARRATIVE,HENDERSON & SHERWOOD HILLS DR,39.1329,-86.52485092
2005,5,3,Weekday,1400,2-Car,No injury/unknown,IMPROPER PASSING,SUNNY SLOPES & WALNUT ST,39.13264,-86.526688
2005,1,4,Weekday,300,1-Car,No injury/unknown,ALCOHOLIC BEVERAGES,ROCKPORT RD & TAPP,39.132216,-86.55622354
2005,4,2,Weekday,700,2-Car,No injury/unknown,UNSAFE BACKING,HOOSIER & LIMESTONE DR,39.1322002,-86.53298583
2005,10,6,Weekday,100,2-Car,No injury/unknown,SPEED TOO FAST FOR WEATHER CONDITIONS,FAIRWAY LN & ROGERS,39.13218924,-86.54123502
2005,9,5,Weekday,100,2-Car,Non-incapacitating,ALCOHOLIC BEVERAGES,ROLLING RODGE ROAD,39.13213052,-86.50659801
2005,12,6,Weekday,1000,2-Car,No injury/unknown,UNSAFE SPEED,3RD & LANDMARK,39.13202199,-86.5562826
2005,2,3,Weekday,1100,2-Car,No injury/unknown,DRIVER DISTRACTED - EXPLAIN IN NARRATIVE,PINEWOOD & WALNUT ST,39.132,-86.531399
2005,9,7,Weekend,2100,2-Car,No injury/unknown,FAILURE TO YIELD RIGHT OF WAY,LENARD SPRINGS & MAYBURY,39.131648,-86.582496
2005,6,2,Weekday,1000,2-Car,No injury/unknown,DISREGARD SIGNAL/REG SIGN,ALLENDALE & DUNSTAN,39.13144,-86.516688
2005,2,5,Weekday,1800,2-Car,No injury/unknown,FAILURE TO YIELD RIGHT OF WAY,3RD & LIBERTY,39.13107713,-86.579195
2005,4,2,Weekday,1200,2-Car,Non-incapacitating,FAILURE TO YIELD RIGHT OF WAY,ALLENDALE & WALNUT ST,39.130944,-86.526688
2005,4,3,Weekday,1700,2-Car,No injury/unknown,ALCOHOLIC BEVERAGES,ALLENDALE & WALNUT ST,39.130944,-86.526688
2005,7,1,Weekend,1100,2-Car,No injury/unknown,FAILURE TO YIELD RIGHT OF WAY,ALLENDALE DR & BAINBRIDGE,39.130928,-86.519792
2005,11,7,Weekend,800,1-Car,Non-incapacitating,OTHER (DRIVER) - EXPLAIN IN NARRATIVE,ALLENDALE & SOWDERS,39.13065577,-86.52329278
2005,12,1,Weekday,2200,2-Car,No injury/unknown,SPEED TOO FAST FOR WEATHER CONDITIONS,OLSEN DR & SARE,39.130603,-86.50161498
2005,3,1,Weekend,1200,2-Car,No injury/unknown,FAILURE TO YIELD RIGHT OF WAY,LEONARDS SPRINGS & WOODHAVEN,39.1304,-86.582599
2005,2,2,Weekday,2100,1-Car,Non-incapacitating,RAN OFF ROAD RIGHT,COUNTRY CLUB & ROGERS,39.13029782,-86.538496
2005,4,6,Weekday,1500,2-Car,No injury/unknown,FOLLOWING TOO CLOSELY,BUNGER & SR45,39.13024347,-86.60297958
2005,12,5,Weekday,900,2-Car,No injury/unknown,IMPROPER PASSING,BUNGER & SR45,39.12936,-86.604336
2005,1,3,Weekday,1400,2-Car,No injury/unknown,TIRE FAILURE OR DEFECTIVE,BUNGER & SR45,39.12928067,-86.60445827
2005,8,6,Weekday,1200,Moped/Motorcycle,Non-incapacitating,OTHER (DRIVER) - EXPLAIN IN NARRATIVE,WALNUT ST,39.12901992,-86.52678557
2005,12,6,Weekday,1100,2-Car,No injury/unknown,OTHER (DRIVER) - EXPLAIN IN NARRATIVE,ROYAL CHEV & WALNUT,39.12901992,-86.52678557
2005,7,4,Weekday,1700,Moped/Motorcycle,No injury/unknown,OVERCORRECTING/OVERSTEERING,HEATHERWOOD DR & LILAC,39.12853577,-86.58536333
2005,10,3,Weekday,2300,2-Car,Non-incapacitating,LEFT OF CENTER,ISON & SR 45,39.128,-86.606432
2005,8,2,Weekday,1300,2-Car,No injury/unknown,UNSAFE BACKING,HEATHERWOOD LN,39.127648,-86.585004
2005,7,6,Weekday,1600,2-Car,No injury/unknown,FOLLOWING TOO CLOSELY,3RD & LIBERTY DR,39.12758845,-86.5791
2005,5,5,Weekday,1800,2-Car,No injury/unknown,OVERCORRECTING/OVERSTEERING,WALNUT ST,39.12716835,-86.52677353
2005,9,6,Weekday,400,1-Car,No injury/unknown,RAN OFF ROAD RIGHT,BURKS & WALNUT SPRINGS,39.127101,-86.52778453
2005,9,6,Weekday,1400,1-Car,Non-incapacitating,OVERCORRECTING/OVERSTEERING,BURKS & WALNUT ST,39.1269,-86.531399
2005,10,7,Weekend,2100,2-Car,No injury/unknown,FOLLOWING TOO CLOSELY,BURKS DR & WALNUT,39.1267,-86.531399
2005,2,6,Weekday,700,2-Car,No injury/unknown,OTHER (DRIVER) - EXPLAIN IN NARRATIVE,E BARKS DR & S WALNUT,39.1267,-86.531399
2005,2,1,Weekend,1500,2-Car,No injury/unknown,FAILURE TO YIELD RIGHT OF WAY,LEONARD SPRING RD & SIMS,39.12664,-86.582512
2005,2,5,Weekday,700,2-Car,No injury/unknown,IMPROPER TURNING,LEONARD SPRINGS & SIMS LN,39.12664,-86.582512
2005,9,4,Weekday,900,2-Car,Non-incapacitating,FAILURE TO YIELD RIGHT OF WAY,OLDSR37 & SR37,39.12660505,-86.5726527
2005,12,6,Weekend,2000,2-Car,No injury/unknown,ALCOHOLIC BEVERAGES,SR37,39.12660505,-86.5726527
2005,5,1,Weekend,500,1-Car,No injury/unknown,ANIMAL/OBJECT IN ROADWAY,SR37,39.12660505,-86.5726527
2005,7,6,Weekday,1000,2-Car,No injury/unknown,FAILURE TO YIELD RIGHT OF WAY,SR37,39.12660505,-86.5726527
2005,10,6,Weekday,1700,Bus,Non-incapacitating,NONE (DRIVER),SR37,39.12660505,-86.5726527
2005,6,2,Weekday,1400,1-Car,Non-incapacitating,OTHER (DRIVER) - EXPLAIN IN NARRATIVE,WALNUT ST,39.12640173,-86.52674763
2005,6,1,Weekend,0,1-Car,No injury/unknown,OTHER (VEHICLE) - EXPLAIN IN NARRATIVE,WALNUT ST,39.12631655,-86.52674475
2005,11,6,,,Moped/Motorcycle,Non-incapacitating,OTHER (VEHICLE) - EXPLAIN IN NARRATIVE,BURKS & S WALNUT ST,39.12631655,-86.52674475
2005,6,7,Weekend,2100,2-Car,No injury/unknown,DRIVER DISTRACTED - EXPLAIN IN NARRATIVE,FULLERTON & SR37,39.12631147,-86.57260901
2005,11,2,Weekday,1300,2-Car,No injury/unknown,SPEED TOO FAST FOR WEATHER CONDITIONS,HEATHER & S WALNUT STREET,39.1262117,-86.526699
2005,2,5,Weekday,800,2-Car,Non-incapacitating,OTHER (DRIVER) - EXPLAIN IN NARRATIVE,BRANDON & HENDERSON ST,39.12561795,-86.52689912
2005,11,4,Weekday,1100,2-Car,No injury/unknown,UNSAFE BACKING,SAMS CLUB & WEST STATE ROAD 45,39.125552,-86.610192
2005,12,4,Weekday,900,2-Car,No injury/unknown,OTHER (DRIVER) - EXPLAIN IN NARRATIVE,MILLSTONE CT & SARE,39.1255,-86.507699
2005,1,1,Weekend,1800,2-Car,No injury/unknown,UNSAFE BACKING,SR45,39.125312,-86.610496
2005,5,1,Weekend,1100,2-Car,No injury/unknown,FAILURE TO YIELD RIGHT OF WAY,SR45,39.125312,-86.610496
2005,12,1,Weekend,1100,2-Car,Incapacitating,OVERCORRECTING/OVERSTEERING,SR 45,39.125312,-86.610496
2005,1,6,Weekday,1700,2-Car,No injury/unknown,OTHER (DRIVER) - EXPLAIN IN NARRATIVE,SR 45,39.125312,-86.610496
2005,1,1,Weekday,2300,2-Car,No injury/unknown,FAILURE TO YIELD RIGHT OF WAY,SR45,39.125312,-86.610496
2005,6,1,Weekend,1200,2-Car,No injury/unknown,FAILURE TO YIELD RIGHT OF WAY,SR 45,39.125312,-86.610496
2005,3,7,Weekend,1500,2-Car,No injury/unknown,OTHER (DRIVER) - EXPLAIN IN NARRATIVE,SR45,39.125312,-86.610496
2005,12,7,Weekend,,1-Car,No injury/unknown,ROADWAY SURFACE CONDITION,ROCKCREST & WICKENS ST,39.125299,-86.550897
2005,5,7,Weekend,1200,2-Car,No injury/unknown,FAILURE TO YIELD RIGHT OF WAY,CLAYBRIDGE & SARE RD,39.12516089,-86.50619682
2005,7,5,Weekday,500,1-Car,Non-incapacitating,SPEED TOO FAST FOR WEATHER CONDITIONS,OLCOTT BLVD & WINSTON,39.12486116,-86.485699
2005,6,1,,,2-Car,No injury/unknown,OTHER (DRIVER) - EXPLAIN IN NARRATIVE,WALNUT,39.12485952,-86.5266692
2005,12,4,Weekday,900,2-Car,No injury/unknown,SPEED TOO FAST FOR WEATHER CONDITIONS,WALNUT,39.12461729,-86.52666602
2005,7,5,Weekday,700,1-Car,No injury/unknown,UNSAFE SPEED,FULLERTON & ROCKPORT,39.12440464,-86.56053508
2005,12,7,Weekend,1500,1-Car,Non-incapacitating,OVERCORRECTING/OVERSTEERING,FULLERTON & ROCKPORT RD,39.12440464,-86.56053508
2005,8,2,Weekday,1600,2-Car,No injury/unknown,OTHER (DRIVER) - EXPLAIN IN NARRATIVE,WALNUT ST,39.12392521,-86.52665691
2005,4,7,Weekend,200,2-Car,No injury/unknown,SPEED TOO FAST FOR WEATHER CONDITIONS,FULERTON & LEONARD,39.123376,-86.582592
2005,4,3,Weekday,1600,1-Car,No injury/unknown,ANIMAL/OBJECT IN ROADWAY,FULLERTON & LEONARDS SPRING RD,39.123376,-86.582592
2005,2,7,Weekend,400,1-Car,Non-incapacitating,RAN OFF ROAD RIGHT,FULLERTON PIKE & LEONARD SPRINGS,39.12336473,-86.58188348
2005,1,6,Weekday,700,1-Car,Non-incapacitating,ROADWAY SURFACE CONDITION,FULLERTON & ROCKPORT,39.12332025,-86.56162149
2005,1,6,Weekday,1400,2-Car,No injury/unknown,FAILURE TO YIELD RIGHT OF WAY,FULLERTON PIKE & SIMS,39.123248,-86.578192
2005,4,6,Weekday,900,1-Car,Non-incapacitating,ANIMAL/OBJECT IN ROADWAY,FULLERTON PIKE & SIMS,39.12323093,-86.57812463
2005,11,1,Weekend,300,2-Car,Non-incapacitating,IMPROPER TURNING,ELLER & SR 45,39.12263125,-86.61390267
2005,5,5,Weekday,1700,2-Car,No injury/unknown,OTHER (DRIVER) - EXPLAIN IN NARRATIVE,GORDON & WALNUT,39.122601,-86.531399
2005,5,1,Weekend,1400,2-Car,No injury/unknown,IMPROPER TURNING,GORDON & WALNUT ST,39.122601,-86.531399
2005,1,6,Weekday,700,2-Car,No injury/unknown,OTHER (DRIVER) - EXPLAIN IN NARRATIVE,FULLERTON & ROCKPORT RD,39.12255339,-86.56236891
2005,6,2,Weekday,2100,Moped/Motorcycle,Non-incapacitating,UNSAFE SPEED,FULLERTON PIKE & W LEONARD SPRINGS,39.12239808,-86.58407098
2005,1,6,Weekday,800,2-Car,No injury/unknown,RAN OFF ROAD RIGHT,ISON & LEONARD SRPINGS,39.122352,-86.6056
2005,8,2,Weekday,1800,2-Car,No injury/unknown,FAILURE TO YIELD RIGHT OF WAY,FULLERTON & SR 37,39.122352,-86.5712
2005,12,6,Weekday,1400,2-Car,Non-incapacitating,DISREGARD SIGNAL/REG SIGN,FULLERTON & SR 37,39.122352,-86.5712
2005,10,6,Weekday,1500,2-Car,Non-incapacitating,FAILURE TO YIELD RIGHT OF WAY,FULLERTON & SR37,39.122352,-86.5712
2005,3,3,Weekday,1200,2-Car,Non-incapacitating,DISREGARD SIGNAL/REG SIGN,FULLERTON & SR37,39.122352,-86.5712
2005,2,3,Weekday,600,2-Car,No injury/unknown,OTHER (DRIVER) - EXPLAIN IN NARRATIVE,FULLERTON & SR37,39.122352,-86.5712
2005,1,5,Weekday,2000,1-Car,No injury/unknown,RAN OFF ROAD RIGHT,ISON & LEONARD SPRINGS,39.122352,-86.6056
2005,6,3,Weekday,1200,2-Car,Non-incapacitating,LEFT OF CENTER,FULERTON PIKE & SR37,39.122352,-86.5712
2005,4,3,Weekday,1100,2-Car,No injury/unknown,ROADWAY SURFACE CONDITION,FULLERTON & SR37,39.122352,-86.5712
2005,12,1,Weekday,2100,1-Car,Non-incapacitating,RAN OFF ROAD RIGHT,LEONARD SPRINGS,39.12235123,-86.60585002
2005,2,4,Weekday,0,1-Car,No injury/unknown,ALCOHOLIC BEVERAGES,FULLERTON & SR37,39.12226096,-86.57112072
2005,9,5,Weekday,1500,2-Car,Non-incapacitating,FAILURE TO YIELD RIGHT OF WAY,ELLER & SR45,39.12224,-86.6144
2005,1,2,Weekday,800,2-Car,Non-incapacitating,FAILURE TO YIELD RIGHT OF WAY,ELLER & SR45N,39.12224,-86.6144
2005,9,5,Weekday,1300,1-Car,No injury/unknown,OTHER (DRIVER) - EXPLAIN IN NARRATIVE,FULLERTON & ROCKPORT RD,39.122224,-86.562688
2005,9,4,Weekday,2200,1-Car,Non-incapacitating,OTHER (DRIVER) - EXPLAIN IN NARRATIVE,DOVE CIR & FALCON DR,39.12205527,-86.547097
2005,7,4,Weekday,1700,2-Car,Non-incapacitating,CELL PHONE USAGE,HARRELL & RHORER,39.121808,-86.498784
2005,2,5,Weekday,1700,1-Car,No injury/unknown,,FULLERTON PIKE & THAT,39.121808,-86.574896
2005,9,4,Weekday,2000,1-Car,No injury/unknown,RAN OFF ROAD RIGHT,HARRELL & RHORER,39.12179773,-86.49842985
2005,10,6,Weekend,2300,2-Car,No injury/unknown,,GORDON,39.121616,-86.538592
2005,6,5,Weekday,800,2-Car,Non-incapacitating,LEFT OF CENTER,CLEARVIEW & GORDON PIKE,39.121604,-86.5391
2005,1,4,Weekday,1900,1-Car,No injury/unknown,RAN OFF ROAD RIGHT,MOORES CR RD & SNODDY,39.121584,-86.489744
2005,5,6,Weekday,1600,2-Car,Non-incapacitating,FAILURE TO YIELD RIGHT OF WAY,OLD SR 37 HWY & RHORER,39.121552,-86.531296
2005,11,4,Weekday,1900,2-Car,No injury/unknown,OTHER (DRIVER) - EXPLAIN IN NARRATIVE,GORDON PIKE & S ROGERS,39.121504,-86.537999
2005,8,2,Weekday,700,1-Car,No injury/unknown,ANIMAL/OBJECT IN ROADWAY,RHOER RD & SARE,39.1215,-86.51249641
2005,7,2,Weekday,1200,2-Car,No injury/unknown,FAILURE TO YIELD RIGHT OF WAY,RHORER RD & SARE,39.1215,-86.51245574
2005,9,3,Weekday,600,2-Car,No injury/unknown,SPEED TOO FAST FOR WEATHER CONDITIONS,RHORER RD & SARE,39.1215,-86.512499
2005,12,4,Weekday,900,2-Car,No injury/unknown,FAILURE TO YIELD RIGHT OF WAY,RHORER RD & SARE,39.1215,-86.512499
2005,11,6,Weekday,1300,2-Car,No injury/unknown,OTHER (DRIVER) - EXPLAIN IN NARRATIVE,RHORER RD & SARE,39.1215,-86.51250765
2005,12,2,Weekday,900,1-Car,No injury/unknown,ROADWAY SURFACE CONDITION,GORDON & WALNUT,39.1215,-86.53286367
2005,2,5,Weekday,1800,2-Car,Non-incapacitating,FAILURE TO YIELD RIGHT OF WAY,JANIE & RHORER RD,39.1215,-86.519096
2005,12,6,Weekday,700,1-Car,Non-incapacitating,SPEED TOO FAST FOR WEATHER CONDITIONS,RHORER RD & SARE,39.1215,-86.51248602
2005,1,6,Weekday,800,1-Car,No injury/unknown,SPEED TOO FAST FOR WEATHER CONDITIONS,DERBY & RHORER RD,39.1215,-86.52195574
2005,8,1,Weekend,900,1-Car,Non-incapacitating,OTHER (DRIVER) - EXPLAIN IN NARRATIVE,BENSON CRT & RHOER RD,39.121488,-86.52048
2005,4,5,Weekday,1700,3+ Cars,Non-incapacitating,FOLLOWING TOO CLOSELY,RHORER RD & WALNUT ST,39.121488,-86.528304
2005,10,6,Weekday,700,2-Car,No injury/unknown,OTHER (DRIVER) - EXPLAIN IN NARRATIVE,RHORER RD & WALNUT STREET,39.12144393,-86.52664401
2005,1,3,Weekday,1000,2-Car,Non-incapacitating,FAILURE TO YIELD RIGHT OF WAY,RHORER & WALNUT STREET PIKE,39.12144,-86.526496
2005,3,6,Weekday,1600,2-Car,No injury/unknown,FAILURE TO YIELD RIGHT OF WAY,RHORER & WALNUT ST,39.12144,-86.526496
2005,5,3,Weekday,1300,2-Car,No injury/unknown,OTHER (DRIVER) - EXPLAIN IN NARRATIVE,GORDAN & WALNUT ST,39.12144,-86.526496
2005,4,3,Weekday,800,Moped/Motorcycle,Non-incapacitating,DISREGARD SIGNAL/REG SIGN,RHORER RD & WALNUT,39.12144,-86.526496
2005,6,4,Weekday,1000,2-Car,Non-incapacitating,FAILURE TO YIELD RIGHT OF WAY,RHORER RD & WALNUT ST,39.12144,-86.526496
2005,2,5,Weekday,1300,2-Car,No injury/unknown,OTHER (DRIVER) - EXPLAIN IN NARRATIVE,RHORER & WALNUT ST,39.12144,-86.526496
2005,7,7,Weekend,1800,1-Car,Non-incapacitating,OTHER (DRIVER) - EXPLAIN IN NARRATIVE,VICTOR PIKE & W THAT ROAD,39.121248,-86.573504
2005,7,3,Weekday,1500,2-Car,No injury/unknown,FOLLOWING TOO CLOSELY,DUNLAP & SR45,39.11995837,-86.61794226
2005,11,4,Weekday,800,2-Car,No injury/unknown,LEFT OF CENTER,ELLER & GARRISON CHAPEL RD,39.11967052,-86.64298269
2005,4,6,Weekday,1400,2-Car,Non-incapacitating,TIRE FAILURE OR DEFECTIVE,DUNLAP & SR45,39.119344,-86.618896
2005,12,4,Weekday,900,2-Car,No injury/unknown,ROADWAY SURFACE CONDITION,DUNLAP & SR 45,39.11854057,-86.62033276
2005,1,2,Weekday,0,1-Car,No injury/unknown,UNSAFE SPEED,DUNLAP & SR 45,39.11773712,-86.62176948
2005,2,5,Weekday,1000,1-Car,Non-incapacitating,OTHER (DRIVER) - EXPLAIN IN NARRATIVE,EAGLEVIEW DR,39.117725,-86.545924
2005,3,3,Weekday,1900,1-Car,No injury/unknown,ROADWAY SURFACE CONDITION,ROCKPORT & SR37,39.117648,-86.567104
2005,12,6,Weekday,1700,2-Car,No injury/unknown,ROADWAY SURFACE CONDITION,ROCKPORT RD & SR 37,39.117648,-86.567104
2005,12,1,Weekend,1400,1-Car,Non-incapacitating,OVERCORRECTING/OVERSTEERING,ROCKPORT & SR37,39.117648,-86.567104
2005,11,5,Weekday,1600,2-Car,Non-incapacitating,OVERCORRECTING/OVERSTEERING,ROCKPORT & SR 37,39.117648,-86.567104
2005,2,2,Weekday,700,3+ Cars,Incapacitating,FAILURE TO YIELD RIGHT OF WAY,ROCKPORT & SR37,39.117648,-86.567104
2005,5,7,Weekend,1400,2-Car,No injury/unknown,FAILURE TO YIELD RIGHT OF WAY,ROCKPORT & SR37,39.117648,-86.567104
2005,7,3,Weekday,1300,1-Car,Non-incapacitating,SPEED TOO FAST FOR WEATHER CONDITIONS,ELLER & GARRISON CHAPEL RD,39.11747648,-86.64142091
2005,11,3,Weekday,700,2-Car,No injury/unknown,FOLLOWING TOO CLOSELY,RHORER & WALNUT STREET,39.11727388,-86.531395
2005,7,7,Weekend,2300,2-Car,No injury/unknown,LEFT OF CENTER,PINE GROVE & SR446,39.116464,-86.428672
2005,3,3,Weekday,1500,3+ Cars,No injury/unknown,FAILURE TO YIELD RIGHT OF WAY,PINE GROVE & SR446,39.116464,-86.428672
2005,5,7,Weekend,500,1-Car,No injury/unknown,OTHER (VEHICLE) - EXPLAIN IN NARRATIVE,PINE GROVE & SR446,39.116464,-86.428672
2005,3,5,Weekday,1300,1-Car,No injury/unknown,RAN OFF ROAD RIGHT,CREST LINE & WALNUT ST,39.116352,-86.526496
2005,11,5,Weekday,1500,2-Car,No injury/unknown,OTHER (DRIVER) - EXPLAIN IN NARRATIVE,BURKS & WALNUT ST,39.11633574,-86.531399
2005,6,4,Weekday,1200,2-Car,Non-incapacitating,FAILURE TO YIELD RIGHT OF WAY,AUTO MALL RD & BUICK CADILLAC,39.11600804,-86.496099
2005,9,1,Weekend,1500,2-Car,Non-incapacitating,LEFT OF CENTER,OLD SR 37 & ORCHARD,39.11584,-86.5312
2005,8,5,Weekday,2100,1-Car,No injury/unknown,ANIMAL/OBJECT IN ROADWAY,SR37N & THAT,39.1157533,-86.56483299
2005,1,7,Weekend,1600,2-Car,No injury/unknown,OTHER (DRIVER) - EXPLAIN IN NARRATIVE,SR 37 & THAT RD,39.11557637,-86.56449045
2005,5,2,Weekday,1300,2-Car,No injury/unknown,FAILURE TO YIELD RIGHT OF WAY,SR37 & THAT,39.115552,-86.564592
2005,6,6,Weekday,1300,2-Car,No injury/unknown,FOLLOWING TOO CLOSELY,SR37 & THAT RD,39.115552,-86.564592
2005,12,3,Weekday,1500,2-Car,No injury/unknown,FAILURE TO YIELD RIGHT OF WAY,SR37 & THAT,39.115552,-86.564592
2005,6,3,Weekday,1100,2-Car,No injury/unknown,RAN OFF ROAD RIGHT,SR37 & THAT RD,39.115552,-86.564592
2005,6,7,Weekend,1100,2-Car,No injury/unknown,FAILURE TO YIELD RIGHT OF WAY,SR37 & THAT,39.115552,-86.564592
2005,2,2,Weekday,900,2-Car,Non-incapacitating,FAILURE TO YIELD RIGHT OF WAY,SR37N & THAT,39.115552,-86.564592
2005,3,2,Weekday,1700,2-Car,No injury/unknown,OTHER (DRIVER) - EXPLAIN IN NARRATIVE,ALLEN & PATTERSON,39.115248,-86.573504
2005,11,5,Weekday,600,1-Car,Non-incapacitating,OTHER (DRIVER) - EXPLAIN IN NARRATIVE,SR37 & THAT RD,39.11502445,-86.56131416
2005,8,4,Weekday,1300,2-Car,No injury/unknown,FOLLOWING TOO CLOSELY,DARRELL & SR45,39.11500371,-86.62741466
2005,10,4,Weekday,1600,2-Car,Non-incapacitating,FOLLOWING TOO CLOSELY,DINSMORE & SR45,39.11496731,-86.63114231
2005,12,7,Weekend,1200,2-Car,Non-incapacitating,UNSAFE BACKING,ROCKPORT RD & THAT,39.114944,-86.570592
2005,3,7,Weekend,1700,1-Car,No injury/unknown,RAN OFF ROAD RIGHT,PINE GROVE & SR446W,39.11407036,-86.43017557
2005,12,6,Weekday,1000,2-Car,No injury/unknown,LEFT OF CENTER,ELWREN & ELWREN RUN AROUND,39.113232,-86.668544
2005,4,6,Weekday,1500,2-Car,No injury/unknown,FOLLOWING TOO CLOSELY,HARMONY & SR45,39.11275103,-86.63554944
2005,6,4,Weekday,2100,2-Car,No injury/unknown,OTHER (DRIVER) - EXPLAIN IN NARRATIVE,GATES DR & SR48,39.11272644,-86.575999
2005,7,2,Weekday,1300,2-Car,No injury/unknown,LEFT OF CENTER,CLEAR CREEK & S ROGERS,39.11136,-86.539824
2005,5,3,Weekday,1300,2-Car,Non-incapacitating,OTHER (DRIVER) - EXPLAIN IN NARRATIVE,GARRISON CHAPEL & SR45,39.11111077,-86.63816671
2005,8,4,Weekday,,2-Car,Non-incapacitating,FAILURE TO YIELD RIGHT OF WAY,GARRISON CHAPEL & SR 45,39.111024,-86.638304
2005,11,1,Weekend,1300,2-Car,Non-incapacitating,FAILURE TO YIELD RIGHT OF WAY,GARRISON CHAPEL & SR45,39.111024,-86.638304
2005,1,4,Weekday,700,2-Car,Non-incapacitating,FOLLOWING TOO CLOSELY,HARMONY & SR45,39.111024,-86.638304
2005,5,3,Weekday,2200,1-Car,No injury/unknown,ALCOHOLIC BEVERAGES,GARRISON CHAPLE RD & SR45,39.111024,-86.638304
2005,5,3,Weekday,500,3+ Cars,Non-incapacitating,FAILURE TO YIELD RIGHT OF WAY,HARMONY & SR 45,39.111024,-86.638304
2005,3,4,Weekday,1600,2-Car,No injury/unknown,IMPROPER PASSING,HARMONY & SR45,39.111024,-86.638304
2005,10,7,Weekend,1500,2-Car,Incapacitating,UNSAFE SPEED,SOUTH GARRISON CHAPEL ROAD & SR45S,39.111024,-86.638304
2005,1,1,Weekend,1600,2-Car,No injury/unknown,FOLLOWING TOO CLOSELY,GARRISON CHAPEL & SR45,39.11093781,-86.6384419
2005,10,2,Weekday,1900,1-Car,No injury/unknown,RAN OFF ROAD RIGHT,HARMONY RD & SR 45,39.1108868,-86.63831005
2005,9,4,Weekday,900,1-Car,No injury/unknown,RAN OFF ROAD RIGHT,GARRISON CHAPEL & SR45,39.11050688,-86.63913142
2005,3,5,Weekday,2200,1-Car,No injury/unknown,ROADWAY SURFACE CONDITION,STONEGATE & STONEGATE CT,39.110448,-86.572496
2005,4,1,Weekend,1600,2-Car,No injury/unknown,FAILURE TO YIELD RIGHT OF WAY,LIBERTY & THIRD,39.10992922,-86.579195
2005,6,4,Weekday,1900,1-Car,Non-incapacitating,PRESCRIPTION DRUGS,WALNUT ST,39.10988674,-86.52640935
2005,2,6,Weekday,1800,2-Car,No injury/unknown,FAILURE TO YIELD RIGHT OF WAY,COLLEGE & WAYSIDE DR,39.10924801,-86.53454166
2005,9,2,Weekday,2100,1-Car,No injury/unknown,SPEED TOO FAST FOR WEATHER CONDITIONS,SALT CREEK & SR446,39.10889691,-86.42243138
2005,5,2,Weekday,1600,2-Car,No injury/unknown,FAILURE TO YIELD RIGHT OF WAY,ROCKPORT & STANSIFER,39.108032,-86.575552
2005,10,1,Weekday,2100,1-Car,No injury/unknown,ANIMAL/OBJECT IN ROADWAY,ELWREN RD & SR45,39.10789747,-86.65748587
2005,3,7,Weekend,300,1-Car,No injury/unknown,RAN OFF ROAD RIGHT,DUNLAP & ISON,39.10784,-86.619696
2005,9,7,Weekend,300,1-Car,Non-incapacitating,DRIVER ASLEEP OR FATIGUED,ELWREN & SR45,39.107648,-86.643696
2005,1,7,Weekend,2100,1-Car,No injury/unknown,SPEED TOO FAST FOR WEATHER CONDITIONS,ELWREN & SR45,39.107648,-86.643696
2005,9,2,Weekday,500,1-Car,No injury/unknown,DISREGARD SIGNAL/REG SIGN,CHURCH & VICTOR PIKE,39.107552,-86.549792
2005,2,4,Weekday,1800,2-Car,No injury/unknown,,CHURCH & VICTOR PIKE,39.107552,-86.549792
2005,6,3,Weekday,800,1-Car,No injury/unknown,DRIVER DISTRACTED - EXPLAIN IN NARRATIVE,CHURCH LN & VICTOR,39.10754549,-86.54950866
2005,3,2,Weekday,2000,1-Car,Non-incapacitating,ALCOHOLIC BEVERAGES,CHURCH LN & ZIKES,39.10752966,-86.54882023
2005,8,4,Weekday,1400,2-Car,Non-incapacitating,OTHER (DRIVER) - EXPLAIN IN NARRATIVE,CHURCH LN & ROGERS,39.107456,-86.540064