Year,Month,Day,Weekend?,Hour,Collision Type,Injury Type,Primary Factor,Reported_Location,Latitude,Longitude
2005,5,6,Weekday,0,Moped/Motorcycle,No injury/unknown,,OLD CAPITAL & VICTOR PIKE,39.107401,-86.549898
2005,8,2,Weekday,100,1-Car,No injury/unknown,RAN OFF ROAD RIGHT,WALNUT ST PK & WALUNT,39.107344,-86.5264
2005,8,4,Weekday,1200,2-Car,No injury/unknown,OTHER (VEHICLE) - EXPLAIN IN NARRATIVE,S WALNUT ST & WALNUT,39.107344,-86.5264
2005,10,2,Weekday,1400,2-Car,No injury/unknown,FAILURE TO YIELD RIGHT OF WAY,S WALNUT ST & WALNUT ST,39.107344,-86.5264
2005,2,3,Weekday,900,2-Car,No injury/unknown,FAILURE TO YIELD RIGHT OF WAY,S WALNUT ST & S WALNUT STREET,39.107344,-86.5264
2005,2,2,Weekday,1300,2-Car,No injury/unknown,FAILURE TO YIELD RIGHT OF WAY,WALNUT & WALNUT ST,39.107344,-86.5264
2005,6,5,Weekday,1200,2-Car,No injury/unknown,OTHER (DRIVER) - EXPLAIN IN NARRATIVE,WALNUT & WALNUT ST,39.107344,-86.5264
2005,4,4,Weekday,1100,Bus,No injury/unknown,FAILURE TO YIELD RIGHT OF WAY,WALNUT ST,39.107344,-86.5264
2005,11,3,Weekday,1500,2-Car,Non-incapacitating,FAILURE TO YIELD RIGHT OF WAY,CHURCH & OLD SR 37,39.107248,-86.531392
2005,9,4,Weekday,2200,2-Car,Non-incapacitating,FAILURE TO YIELD RIGHT OF WAY,FAIRFAX RD & WALNUT,39.1072,-86.531497
2005,2,2,Weekday,1700,2-Car,Non-incapacitating,FAILURE TO YIELD RIGHT OF WAY,FAIRFAX RD & WALNUT,39.1072,-86.531497
2005,7,1,Weekend,1400,2-Car,Non-incapacitating,OTHER (DRIVER) - EXPLAIN IN NARRATIVE,FAIRFAX & WALNUT ST PIKE,39.1072,-86.531497
2005,10,4,Weekday,200,1-Car,Non-incapacitating,ALCOHOLIC BEVERAGES,FAIRFAX RD & WALNUT STREET PIKE,39.107152,-86.523792
2005,6,1,Weekend,1300,1-Car,No injury/unknown,RAN OFF ROAD RIGHT,HARRELL RD & SCHACT,39.107072,-86.498544
2005,12,5,Weekday,1400,2-Car,No injury/unknown,OTHER (DRIVER) - EXPLAIN IN NARRATIVE,FAIRFAX RD & SCHACT,39.10704,-86.523488
2005,9,1,Weekend,1500,1-Car,Incapacitating,OTHER (DRIVER) - EXPLAIN IN NARRATIVE,FAIRFAX RD & SCHACHT,39.10704,-86.523488
2005,1,7,Weekend,1000,1-Car,No injury/unknown,LEFT OF CENTER,FAIR FAX RD & SCHACHT,39.106999,-86.52399657
2005,3,5,Weekday,300,1-Car,Non-incapacitating,DRIVER ASLEEP OR FATIGUED,FAIRFAX & SCHACHT,39.10686619,-86.5233455
2005,12,4,Weekday,1000,1-Car,No injury/unknown,ROADWAY SURFACE CONDITION,CHRUCH LN & S ROGERS,39.106702,-86.5401967
2005,12,4,Weekday,800,2-Car,No injury/unknown,FAILURE TO YIELD RIGHT OF WAY,THAT & VICTOR,39.10667829,-86.546498
2005,5,3,Weekday,2000,1-Car,No injury/unknown,PRESCRIPTION DRUGS,SR37 & VICTOR,39.10649041,-86.55034722
2005,12,4,Weekday,1600,2-Car,No injury/unknown,OTHER (DRIVER) - EXPLAIN IN NARRATIVE,SR37 & VICTOR PIKE,39.10649041,-86.55034722
2005,5,6,Weekday,1700,2-Car,No injury/unknown,FAILURE TO YIELD RIGHT OF WAY,SR37 & VICTOR,39.10601767,-86.55072847
2005,8,5,Weekday,200,1-Car,Non-incapacitating,UNSAFE SPEED,FAIRFAX RD & SCHACHT,39.10588127,-86.52253804
2005,2,5,Weekday,1300,2-Car,No injury/unknown,FOLLOWING TOO CLOSELY,HINDS & SR45,39.10571929,-86.64558482
2005,7,7,Weekend,1300,2-Car,Non-incapacitating,FOLLOWING TOO CLOSELY,E 17TH ST & SR45,39.10566736,-86.50722818
2005,11,4,Weekday,500,1-Car,Non-incapacitating,ANIMAL/OBJECT IN ROADWAY,SR37 & VICTOR PIKE,39.10564021,-86.5512146
2005,5,6,Weekday,1800,3+ Cars,Incapacitating,FAILURE TO YIELD RIGHT OF WAY,SR 37 & VICTOR,39.105552,-86.551104
2005,4,5,Weekday,800,2-Car,No injury/unknown,FAILURE TO YIELD RIGHT OF WAY,SR37 & VICTOR,39.105552,-86.551104
2005,1,7,Weekend,1300,2-Car,No injury/unknown,FAILURE TO YIELD RIGHT OF WAY,SR37 & VICTOR,39.105552,-86.551104
2005,4,4,Weekday,1100,1-Car,No injury/unknown,SPEED TOO FAST FOR WEATHER CONDITIONS,FAIRFAX RD & SCHACHT,39.10521851,-86.52199459
2005,12,5,Weekday,1300,2-Car,No injury/unknown,SPEED TOO FAST FOR WEATHER CONDITIONS,SR37S & VICTOR,39.10441752,-86.5501065
2005,12,6,Weekend,2300,1-Car,Non-incapacitating,SPEED TOO FAST FOR WEATHER CONDITIONS,NORWAY & SMITH RD,39.10394794,-86.583099
2005,7,7,Weekend,1800,2-Car,Non-incapacitating,LEFT OF CENTER,BOLIN & ROCKPORT RD,39.10344,-86.574992
2005,7,7,Weekend,1700,1-Car,No injury/unknown,OTHER (DRIVER) - EXPLAIN IN NARRATIVE,MOORES CREEK & STIPP,39.102704,-86.461792
2005,12,4,Weekday,1000,3+ Cars,Non-incapacitating,SPEED TOO FAST FOR WEATHER CONDITIONS,HINDS & SR45N,39.10243587,-86.64879287
2005,2,4,Weekday,1400,2-Car,No injury/unknown,DISREGARD SIGNAL/REG SIGN,BLOOMFIELD RD,39.102392,-86.574144
2005,12,2,Weekday,700,1-Car,No injury/unknown,OTHER (DRIVER) - EXPLAIN IN NARRATIVE,DECKARD RIDGE & GILMORE RIDGE,39.10237671,-86.37859836
2005,2,1,Weekend,1800,1-Car,Non-incapacitating,OVERCORRECTING/OVERSTEERING,COCKRELL & ROCKPORT,39.10190768,-86.57655311
2005,4,7,Weekend,1200,3+ Cars,Non-incapacitating,DRIVER ASLEEP OR FATIGUED,HINDS & SR45,39.10134126,-86.64986194
2005,3,2,Weekday,1300,2-Car,Non-incapacitating,FAILURE TO YIELD RIGHT OF WAY,LIBERTY DR & W 3RD,39.10115235,-86.5791
2005,8,6,Weekday,1700,2-Car,Non-incapacitating,OTHER (DRIVER) - EXPLAIN IN NARRATIVE,FAIRFAX & MOFFETT LN,39.09984,-86.5176
2005,8,1,Weekend,1300,2-Car,Non-incapacitating,FAILURE TO YIELD RIGHT OF WAY,FAIRFAX RD & MOFFIT LANE,39.09984,-86.5176
2005,1,5,Weekday,2300,2-Car,No injury/unknown,ROADWAY SURFACE CONDITION,FAIRFAX & MOFFETT,39.09984,-86.5176
2005,1,3,Weekday,1300,2-Car,No injury/unknown,FOLLOWING TOO CLOSELY,FAIRFAX RD & MOFFETT,39.09984,-86.5176
2005,1,7,Weekend,1500,2-Car,Non-incapacitating,FOLLOWING TOO CLOSELY,FAIRFAX RD & MOFFET,39.09984,-86.5176
2005,9,6,Weekday,500,1-Car,No injury/unknown,ANIMAL/OBJECT IN ROADWAY,HINDS & SR45,39.09969932,-86.6514655
2005,7,4,Weekday,1700,3+ Cars,No injury/unknown,FOLLOWING TOO CLOSELY,HINDS & SR45,39.09958985,-86.6515724
2005,6,4,Weekday,1500,2-Car,No injury/unknown,DRIVER DISTRACTED - EXPLAIN IN NARRATIVE,OLD SR 37 & ROGERS,39.099408,-86.537904
2005,11,1,Weekend,900,1-Car,No injury/unknown,RAN OFF ROAD RIGHT,RED OAK & SR 446,39.09918935,-86.423097
2005,9,3,Weekday,800,2-Car,No injury/unknown,OTHER (DRIVER) - EXPLAIN IN NARRATIVE,HINDS & SR45,39.099152,-86.652
2005,3,2,Weekday,1800,2-Car,No injury/unknown,OTHER (DRIVER) - EXPLAIN IN NARRATIVE,HINDS RD & SR45,39.09908615,-86.65202497
2005,7,2,Weekday,800,1-Car,No injury/unknown,DRIVER ASLEEP OR FATIGUED,HINDS & SR45,39.09791751,-86.65503926
2005,10,5,Weekday,1500,1-Car,No injury/unknown,RAN OFF ROAD RIGHT,PAYNETOWN CAMPGROUND & SR446S,39.09749891,-86.4238208
2005,7,3,Weekday,1400,2-Car,No injury/unknown,SPEED TOO FAST FOR WEATHER CONDITIONS,RED OAK LANE & SR446N,39.09735344,-86.42061666
2005,10,6,Weekend,2100,2-Car,No injury/unknown,DRIVER ASLEEP OR FATIGUED,CHERRY & DUTCHERMAN DR,39.097024,-86.512464
2005,1,6,Weekday,700,1-Car,No injury/unknown,ANIMAL/OBJECT IN ROADWAY,HARMONY RD & MAY,39.09648263,-86.63837823
2005,1,6,Weekday,300,2-Car,No injury/unknown,UNSAFE BACKING,LILAC CT & ORNAMENTAL,39.095702,-86.503098
2005,12,1,Weekday,2200,1-Car,Non-incapacitating,ROADWAY SURFACE CONDITION,HARMONY RD & MAY,39.09538444,-86.63838845
2005,4,3,Weekday,1100,2-Car,No injury/unknown,FAILURE TO YIELD RIGHT OF WAY,BURKS & S WALNUT ST,39.09520721,-86.531399
2005,6,7,Weekend,2300,Moped/Motorcycle,Incapacitating,UNSAFE SPEED,FAIRFAX RD & HUPP,39.09464,-86.516896
2005,10,2,Weekday,700,2-Car,No injury/unknown,OTHER (DRIVER) - EXPLAIN IN NARRATIVE,DULAN & WALNUT ST,39.0946,-86.543198
2005,11,6,Weekday,1500,Moped/Motorcycle,No injury/unknown,UNSAFE BACKING,PRODUCTION DR & VICTOR,39.09434168,-86.552299
2005,12,5,Weekday,1900,2-Car,No injury/unknown,FOLLOWING TOO CLOSELY,BLK S SARE RD & MOORES,39.09386993,-86.498814
2005,5,4,Weekday,1000,1-Car,Non-incapacitating,RAN OFF ROAD RIGHT,HARMONY RD & KIRKSVILLE,39.093744,-86.638304
2005,6,7,Weekend,1300,3+ Cars,Non-incapacitating,FAILURE TO YIELD RIGHT OF WAY,DILLMAN & SR37,39.092976,-86.545648
2005,7,1,Weekend,700,1-Car,Non-incapacitating,LEFT OF CENTER,DILLMAN & SR37 S,39.092976,-86.545648
2005,9,4,Weekday,1500,2-Car,No injury/unknown,FAILURE TO YIELD RIGHT OF WAY,DILLMAN & SR37,39.092976,-86.545648
2005,1,7,Weekend,900,3+ Cars,Non-incapacitating,RAN OFF ROAD RIGHT,DILLMAN & SR375,39.092976,-86.545648
2005,5,6,Weekday,800,2-Car,Non-incapacitating,FAILURE TO YIELD RIGHT OF WAY,DILLMAN & SR37,39.092976,-86.545648
2005,2,5,Weekday,1800,2-Car,Non-incapacitating,FAILURE TO YIELD RIGHT OF WAY,DILLMAN & SR37N,39.092976,-86.545648
2005,11,4,Weekday,1500,2-Car,Non-incapacitating,DRIVER DISTRACTED - EXPLAIN IN NARRATIVE,DILLMAN & OLD SR 37,39.092944,-86.544
2005,4,7,Weekend,1100,2-Car,Non-incapacitating,,DILLMAN RD & SR37,39.09292581,-86.54606463
2005,2,1,Weekend,0,1-Car,Non-incapacitating,SPEED TOO FAST FOR WEATHER CONDITIONS,DILLMAN RD & FAIRFAX,39.09270658,-86.52270529
2005,6,4,Weekday,1100,2-Car,No injury/unknown,BRAKE FAILURE OR DEFECTIVE,MCINTYRE & TAPP,39.09259036,-86.56996
2005,5,6,Weekday,1300,2-Car,No injury/unknown,UNSAFE BACKING,FAIRFAX & RAYLETOWN RD,39.092544,-86.515392
2005,6,1,Weekend,900,2-Car,Non-incapacitating,FAILURE TO YIELD RIGHT OF WAY,PAYNETOWN & SR 446,39.092112,-86.422832
2005,5,4,Weekday,1500,2-Car,Non-incapacitating,FAILURE TO YIELD RIGHT OF WAY,PAYNETOWN & SR446,39.092112,-86.422832
2005,7,5,Weekday,2000,Moped/Motorcycle,No injury/unknown,ANIMAL/OBJECT IN ROADWAY,DILLMAN & SR37,39.09188164,-86.54552923
2005,6,5,Weekday,1500,2-Car,Non-incapacitating,OTHER (DRIVER) - EXPLAIN IN NARRATIVE,DILLMAN & SR37,39.09178589,-86.54551884
2005,7,1,Weekend,100,1-Car,No injury/unknown,ANIMAL/OBJECT IN ROADWAY,DILLMAN & SR37,39.09160805,-86.54549954
2005,10,1,Weekday,1900,1-Car,No injury/unknown,ALCOHOLIC BEVERAGES,DILLMAN & SR37N,39.09106088,-86.54544015
2005,3,4,Weekday,1400,2-Car,No injury/unknown,FOLLOWING TOO CLOSELY,SR45 & STANFORD,39.09040332,-86.66552868
2005,11,2,Weekday,1600,2-Car,Non-incapacitating,ROADWAY SURFACE CONDITION,DILLMAN & SR37,39.09024011,-86.54535108
2005,12,4,Weekday,700,2-Car,No injury/unknown,SPEED TOO FAST FOR WEATHER CONDITIONS,BURCH RD & HINDS,39.08984,-86.666304
2005,10,4,Weekday,1700,1-Car,No injury/unknown,RAN OFF ROAD RIGHT,HINDS & KIRKSVILLE RD,39.08909546,-86.65984894
2005,11,6,Weekend,2300,2-Car,No injury/unknown,LEFT OF CENTER,BREEDEN & SR 45,39.08781988,-86.66955514
2005,10,5,Weekday,1500,2-Car,No injury/unknown,FOLLOWING TOO CLOSELY,SPARKS & SR45,39.08700815,-86.67100828
2005,3,6,Weekday,300,1-Car,Non-incapacitating,OVERCORRECTING/OVERSTEERING,SPARKS & SR45,39.08688964,-86.67122119
2005,3,5,Weekday,2300,1-Car,Incapacitating,ALCOHOLIC BEVERAGES,SPARKS & SR45,39.086848,-86.671296
2005,12,3,Weekday,1900,1-Car,Non-incapacitating,ALCOHOLIC BEVERAGES,SPARKS & SR 45,39.08684635,-86.67136681
2005,3,6,Weekend,2300,3+ Cars,Incapacitating,LEFT OF CENTER,BREEDEN & SR45,39.086832,-86.671984
2005,4,1,Weekend,1700,1-Car,Non-incapacitating,RAN OFF ROAD RIGHT,TRAMWAY & VICTOR,39.085804,-86.56621531
2005,6,7,Weekend,1600,2-Car,No injury/unknown,FAILURE TO YIELD RIGHT OF WAY,OLD SR 37 & SR37,39.085632,-86.542304
2005,2,5,Weekday,1500,1-Car,Non-incapacitating,,RUSH RIDGE & SR446,39.08472,-86.420688
2005,2,1,Weekday,1900,1-Car,Non-incapacitating,,RUSH RIDGE & SR446,39.08472,-86.420688
2005,10,2,Weekday,1800,1-Car,Non-incapacitating,OTHER (DRIVER) - EXPLAIN IN NARRATIVE,RUSH RIDGE & SR 446,39.08458539,-86.42065323
2005,2,5,Weekday,600,1-Car,No injury/unknown,RAN OFF ROAD RIGHT,HARMONY RD & KIRKSVILLE,39.08414997,-86.63666586
2005,7,2,Weekday,1600,2-Car,No injury/unknown,SPEED TOO FAST FOR WEATHER CONDITIONS,SR37,39.08384,-86.540768
2005,7,6,Weekday,1500,1-Car,Non-incapacitating,DRIVER ASLEEP OR FATIGUED,EMPIRE & SR37 S,39.08384,-86.540768
2005,10,6,Weekday,0,1-Car,No injury/unknown,SPEED TOO FAST FOR WEATHER CONDITIONS,EMPIRE MILL & SR37,39.08384,-86.540768
2005,4,1,Weekday,2100,1-Car,No injury/unknown,RAN OFF ROAD RIGHT,ROCKPORT & TRAMWAY RD,39.08279131,-86.59003877
2005,4,7,Weekend,0,1-Car,No injury/unknown,SPEED TOO FAST FOR WEATHER CONDITIONS,2ND & FAIRFAX RD,39.082144,-86.515488
2005,7,3,Weekday,1000,1-Car,No injury/unknown,SPEED TOO FAST FOR WEATHER CONDITIONS,2ND & FAIRFAX RD,39.08140999,-86.51521814
2005,2,4,Weekday,2000,2-Car,Non-incapacitating,ROADWAY SURFACE CONDITION,FAIRFAX & SR37,39.080448,-86.514416
2005,2,5,Weekday,600,3+ Cars,Non-incapacitating,ROADWAY SURFACE CONDITION,FAIRFAX & OLD SR RD 37,39.080448,-86.514416
2005,1,7,Weekend,900,1-Car,No injury/unknown,ROADWAY SURFACE CONDITION,FAIRFAX & SR37,39.080448,-86.514416
2005,1,7,Weekend,1600,2-Car,Non-incapacitating,ILLEGAL DRUGS,FAIRFAX & SR37,39.080448,-86.514416
2005,8,2,Weekday,1500,2-Car,Non-incapacitating,DRIVER DISTRACTED - EXPLAIN IN NARRATIVE,1ST & FAIRPAX RD,39.07912751,-86.5129218
2005,1,4,Weekday,1000,2-Car,No injury/unknown,,KOONTZ & ROCKPORT RD,39.07895874,-86.59595033
2005,1,4,Weekday,0,1-Car,No injury/unknown,ANIMAL/OBJECT IN ROADWAY,FLUCK MILL & VICTOR PIKE,39.078601,-86.56898258
2005,5,7,Weekend,200,2-Car,No injury/unknown,FOLLOWING TOO CLOSELY,RUSH RIDGE & SR446,39.07844982,-86.41744777
2005,12,7,Weekend,700,2-Car,No injury/unknown,FOLLOWING TOO CLOSELY,BURCH RD & SPARKS,39.078347,-86.6664
2005,4,2,Weekday,800,2-Car,No injury/unknown,UNSAFE BACKING,SHIELDS,39.078304,-86.467904
2005,7,3,Weekday,1300,1-Car,No injury/unknown,ROADWAY SURFACE CONDITION,NORTON & S FAIRFAX,39.07802376,-86.516094
2005,9,7,Weekend,1500,2-Car,Non-incapacitating,FOLLOWING TOO CLOSELY,SR37,39.07704,-86.53616
2005,6,7,Weekend,1400,2-Car,Non-incapacitating,DISREGARD SIGNAL/REG SIGN,FAIRFIX RD & RAMP CREEK,39.074001,-86.505296
2005,1,7,Weekend,200,2-Car,No injury/unknown,OTHER (DRIVER) - EXPLAIN IN NARRATIVE,LEIGHTON & MCDOUGL,39.07208039,-86.552798
2005,1,6,Weekday,1200,2-Car,Non-incapacitating,IMPROPER PASSING,SMITHVILLE RD & ZIKES,39.071344,-86.5252
2005,9,5,Weekday,2000,1-Car,Non-incapacitating,ALCOHOLIC BEVERAGES,HENSONBURG & INDUSTRIAL PARK DR,39.07132183,-86.562999
2005,1,6,Weekday,800,1-Car,No injury/unknown,SPEED TOO FAST FOR WEATHER CONDITIONS,MATLOCK & SMITHVILLE RD,39.071248,-86.544192
2005,5,6,Weekday,1700,1-Car,Non-incapacitating,RAN OFF ROAD RIGHT,BERNICE & FAIRFAX RD,39.07123188,-86.50310082
2005,4,5,Weekday,1700,2-Car,Non-incapacitating,FOLLOWING TOO CLOSELY,KETCHUM RD & SR37,39.071184,-86.55
2005,6,1,Weekend,1600,2-Car,Non-incapacitating,FAILURE TO YIELD RIGHT OF WAY,FAIRFAX RD & SMITHVILLE,39.071152,-86.503088
2005,10,1,Weekend,1800,2-Car,No injury/unknown,UNSAFE BACKING,FAIRFAX & SMITHVILLE,39.07114734,-86.50335354
2005,8,4,Weekday,800,2-Car,No injury/unknown,FOLLOWING TOO CLOSELY,S WALNUT & WALNUT,39.071136,-86.505312
2005,8,2,Weekday,1700,1-Car,Non-incapacitating,RAN OFF ROAD RIGHT,FIDLER & SMITHVILLE RD,39.0711,-86.509299
2005,9,1,Weekend,900,2-Car,Non-incapacitating,FAILURE TO YIELD RIGHT OF WAY,SMITHVILLE & SR37,39.071056,-86.5356
2005,6,1,Weekend,1000,2-Car,Non-incapacitating,FAILURE TO YIELD RIGHT OF WAY,SMITHVILLE & SR37,39.071056,-86.5356
2005,10,5,Weekday,500,1-Car,Non-incapacitating,ANIMAL/OBJECT IN ROADWAY,SMITHVILLE & SR37,39.071056,-86.5356
2005,1,4,Weekday,1400,2-Car,Non-incapacitating,FAILURE TO YIELD RIGHT OF WAY,SMITHVILLE & SR37N,39.071056,-86.5356
2005,12,6,Weekday,1300,2-Car,No injury/unknown,FAILURE TO YIELD RIGHT OF WAY,SMITHVILLE & SR37,39.07093943,-86.53609256
2005,9,6,Weekday,600,1-Car,Incapacitating,RAN OFF ROAD RIGHT,KETCHEM & SMITHVILLE RD,39.070904,-86.536399
2005,7,2,Weekday,1300,2-Car,No injury/unknown,FOLLOWING TOO CLOSELY,FAIRFAX & LOCUST,39.070256,-86.503232
2005,10,7,Weekend,1800,1-Car,Non-incapacitating,RAN OFF ROAD RIGHT,FLUCKENMILLER & KETCHAM RD,39.070048,-86.561392
2005,10,4,Weekday,400,1-Car,Non-incapacitating,RAN OFF ROAD RIGHT,FLUCKMILL & KETHUM RD,39.070048,-86.561392
2005,4,3,Weekday,600,1-Car,No injury/unknown,SPEED TOO FAST FOR WEATHER CONDITIONS,FLUCKMILL & KETCHUM,39.070048,-86.561392
2005,2,2,Weekday,1900,1-Car,Non-incapacitating,ROADWAY SURFACE CONDITION,FAIRFAX & OLD SR37,39.06868498,-86.531395
2005,8,5,Weekday,200,1-Car,No injury/unknown,RAN OFF ROAD RIGHT,BERNICE & FAIRFAX RD,39.068496,-86.50312
2005,9,2,Weekday,1900,1-Car,No injury/unknown,OTHER (VEHICLE) - EXPLAIN IN NARRATIVE,SMITHVILLE & SR37N,39.06693786,-86.53565263
2005,11,7,Weekend,2200,2-Car,No injury/unknown,OTHER (DRIVER) - EXPLAIN IN NARRATIVE,3520 ROGERS & ROGERS RD,39.06397605,-86.54571759
2005,6,5,Weekday,1600,Bus,No injury/unknown,UNSAFE SPEED,MILTON & VICTOR PIKE,39.063136,-86.579472
2005,9,2,Weekday,700,1-Car,No injury/unknown,ROADWAY SURFACE CONDITION,THAT & VICTOR PIKE,39.06179429,-86.546498
2005,10,2,Weekday,1800,1-Car,Non-incapacitating,UNSAFE SPEED,HARMONY RD & ROCKPORT,39.06154172,-86.61694462
2005,6,3,Weekday,1800,2-Car,No injury/unknown,UNSAFE BACKING,SR446 & WALDRIP CR RD,39.061184,-86.414416
2005,7,6,Weekday,1200,2-Car,Fatal,OTHER (ENVIRONMENTAL) - EXPLAIN IN NARR,HARDING PLACE & OLDSR 37,39.060416,-86.541208
2005,6,4,Weekday,2100,2-Car,Non-incapacitating,ALCOHOLIC BEVERAGES,SR 37 & ZIKES,39.06032784,-86.53573786
2005,5,6,Weekday,700,2-Car,No injury/unknown,OTHER (DRIVER) - EXPLAIN IN NARRATIVE,ROCKPORT RD & VICTOR,39.05983392,-86.60378843
2005,1,2,Weekday,1900,1-Car,Non-incapacitating,RAN OFF ROAD RIGHT,BILL MALLORY & SR446,39.05958453,-86.41590855
2005,8,5,Weekday,1100,1-Car,No injury/unknown,DRIVER ILLNESS,CHANDLER & SR446S,39.05711214,-86.40951472
2005,3,5,Weekday,1900,1-Car,No injury/unknown,ANIMAL/OBJECT IN ROADWAY,E SCOTT & S FAIRFAX RD,39.056992,-86.498432
2005,10,7,Weekend,2100,1-Car,No injury/unknown,RAN OFF ROAD RIGHT,SCOTT & STRAIN RIDGE RD,39.056848,-86.507776
2005,8,2,Weekday,700,1-Car,No injury/unknown,UNSAFE SPEED,S SALT CREEK & SR446,39.0561284,-86.42243138
2005,7,1,Weekend,600,1-Car,Non-incapacitating,RAN OFF ROAD RIGHT,E BURGOON CH & SR446S,39.055584,-86.408752
2005,12,3,Weekday,1400,2-Car,Non-incapacitating,ALCOHOLIC BEVERAGES,ROCKPORT & VICTOR,39.053744,-86.606304
2005,6,1,Weekend,1700,1-Car,Non-incapacitating,SPEED TOO FAST FOR WEATHER CONDITIONS,SR37 & ZIKES,39.05220142,-86.53585038
2005,8,6,Weekday,700,1-Car,No injury/unknown,SPEED TOO FAST FOR WEATHER CONDITIONS,BURGOON CHURCH & SR446N,39.05159513,-86.40869589
2005,1,1,Weekend,1100,2-Car,No injury/unknown,IMPROPER LANE USAGE,ANNE & STRAIN RIDGE RD,39.0498,-86.507899
2005,9,2,Weekday,2000,1-Car,No injury/unknown,SPEED TOO FAST FOR WEATHER CONDITIONS,ANNE & STRAIN RIDGE,39.0498,-86.507899
2005,1,1,Weekday,2000,1-Car,No injury/unknown,ANIMAL/OBJECT IN ROADWAY,SR37 & ZIKES,39.049456,-86.535888
2005,2,3,Weekday,100,1-Car,Fatal,RAN OFF ROAD RIGHT,SR37 & ZIKES,39.0489069,-86.53588389
2005,12,1,Weekend,300,1-Car,No injury/unknown,OTHER (DRIVER) - EXPLAIN IN NARRATIVE,SR37 & ZIKES,39.04808324,-86.53587772
2005,10,2,Weekday,2200,1-Car,No injury/unknown,UNSAFE SPEED,STONE & STRAIN,39.04807806,-86.51122424
2005,11,7,Weekend,700,1-Car,No injury/unknown,ROADWAY SURFACE CONDITION,FAIRFAX & OLD SR 37,39.04534291,-86.531198
2005,6,2,Weekday,1900,1-Car,Non-incapacitating,RAN OFF ROAD RIGHT,BREEDEN RD & SNOW,39.04419542,-86.66615484
2005,7,2,Weekday,500,1-Car,Non-incapacitating,RAN OFF ROAD RIGHT,SR37 & ZIKES,39.04396496,-86.53584425
2005,12,4,Weekday,400,1-Car,No injury/unknown,ANIMAL/OBJECT IN ROADWAY,SR 37 & ZIKES,39.04396496,-86.53584425
2005,12,4,Weekday,800,2-Car,No injury/unknown,WRONG WAY ON ONE WAY,SR 37 & ZIKES,39.04259221,-86.53583102
2005,11,1,Weekday,2000,1-Car,Non-incapacitating,UNSAFE SPEED,ROCK EAST & ROCKPORT RD,39.036048,-86.613392
2005,6,7,Weekend,500,1-Car,No injury/unknown,ANIMAL/OBJECT IN ROADWAY,SR37 & ZIKES,39.0357453,-86.53539456
2005,1,4,Weekday,1600,1-Car,No injury/unknown,OVERCORRECTING/OVERSTEERING,ALLENS CREEK & SR446,39.034112,-86.408208
2005,8,7,Weekend,1300,1-Car,Non-incapacitating,RAN OFF ROAD RIGHT,POINTE & POINTE RDG,39.033799,-86.50958535
2005,7,7,Weekend,1000,2-Car,No injury/unknown,UNSAFE BACKING,FAIRFAX RD & POINTE,39.0325,-86.490099
2005,9,5,Weekday,2300,1-Car,No injury/unknown,,FAIRFAX & POINTE RD,39.0323,-86.498126
2005,3,5,Weekday,1900,1-Car,Non-incapacitating,RAN OFF ROAD RIGHT,FAIRFAX & POINTE RD,39.0323,-86.4982125
2005,5,2,Weekday,2200,1-Car,Non-incapacitating,ALCOHOLIC BEVERAGES,FAIRFAX & POINTE RD,39.032187,-86.49462
2005,5,6,Weekend,2200,1-Car,No injury/unknown,SPEED TOO FAST FOR WEATHER CONDITIONS,ALLENS CREEK & SR446N,39.031479,-86.40764714
2005,7,5,Weekday,800,1-Car,No injury/unknown,RAN OFF ROAD RIGHT,ROCK EAST & SNOW ROAD,39.030752,-86.660672
2005,10,5,Weekday,1500,1-Car,No injury/unknown,UNSAFE SPEED,ALLENS CREEK & SR446N,39.03014077,-86.40774746
2005,4,3,Weekday,1200,2-Car,No injury/unknown,UNSAFE BACKING,S MCINTYRE DR & TARP,39.02928264,-86.569953
2005,10,2,Weekday,1700,1-Car,Non-incapacitating,RAN OFF ROAD RIGHT,BOTTOM & SR37N,39.02367726,-86.54219875
2005,8,6,Weekday,1200,Moped/Motorcycle,Non-incapacitating,UNSAFE SPEED,CHAPEL HILL & SR446,39.023472,-86.405296
2005,5,7,Weekend,1000,Moped/Motorcycle,No injury/unknown,FOLLOWING TOO CLOSELY,CHAPEL HILL & SR446,39.023472,-86.405296
2005,6,6,Weekday,1700,1-Car,Non-incapacitating,DRIVER DISTRACTED - EXPLAIN IN NARRATIVE,MONROE DAM & SR37,39.02275247,-86.53550956
2005,6,7,Weekend,1400,1-Car,No injury/unknown,UNSAFE SPEED,CHAPEL HILL RD & SR446,39.01759883,-86.41808382
2005,9,5,Weekday,1700,1-Car,Non-incapacitating,,BERNIE & FAIRFAX RD,39.01562898,-86.50310274
2005,12,1,Weekend,300,1-Car,No injury/unknown,SPEED TOO FAST FOR WEATHER CONDITIONS,SR446 & TOWER RIDGE RD,39.01519719,-86.39840581
2005,10,7,Weekend,200,1-Car,No injury/unknown,ANIMAL/OBJECT IN ROADWAY,MONROE DAM & SR37,39.0146288,-86.537088
2005,12,2,Weekday,1500,2-Car,No injury/unknown,UNSAFE BACKING,HOBART & SR 37,39.014352,-86.537088
2005,9,6,Weekday,1800,Moped/Motorcycle,Non-incapacitating,FAILURE TO YIELD RIGHT OF WAY,3RD & POPCORN RD,39.01196581,-86.54958507
2005,8,4,Weekday,1100,1-Car,No injury/unknown,UNSAFE BACKING,MONROE DAM & VALLEY MISSION RD,39.009344,-86.510096