Year,Month,Day,Weekend?,Hour,Collision Type,Injury Type,Primary Factor,Reported_Location,Latitude,Longitude
2005,1,3,Weekday,1900,2-Car,Non-incapacitating,RAN OFF ROAD RIGHT,MONROE DAM & VALLEY MISSION RD,39.009344,-86.510096
2005,8,7,Weekend,1300,1-Car,No injury/unknown,RAN OFF ROAD RIGHT,POPCORN RD & TURTLE CREEK FARMS,39.00871055,-86.56604436
2005,10,3,Weekday,1200,1-Car,No injury/unknown,ANIMAL/OBJECT IN ROADWAY,MONROE DAM & VALLEY MISSION RD,39.00805707,-86.50697051
2005,3,6,Weekday,900,2-Car,No injury/unknown,UNSAFE SPEED,SNOW RD & THACKER,39.007376,-86.650944
2005,12,7,Weekend,1900,1-Car,No injury/unknown,ANIMAL/OBJECT IN ROADWAY,SR37S & VERNAL PIKE,39.00707362,-86.5609886
2005,11,4,Weekday,1300,2-Car,No injury/unknown,DISREGARD SIGNAL/REG SIGN,S ROCKPORT & W POPCORN RD,39.002752,-86.59
2005,11,3,Weekday,1000,1-Car,No injury/unknown,ANIMAL/OBJECT IN ROADWAY,DUTCH RIDGE & SR446,38.99919721,-86.37565025
2005,11,6,Weekday,1800,1-Car,No injury/unknown,ANIMAL/OBJECT IN ROADWAY,MONROE DAM & VALLEY MISSION RD,38.99833645,-86.50606349
2005,5,6,Weekday,1000,2-Car,No injury/unknown,FAILURE TO YIELD RIGHT OF WAY,COFFEY LN & SMITH REKE,0,0
2005,7,1,Weekend,1400,1-Car,No injury/unknown,IMPROPER TURNING,CUT RITE & SR446,0,0
2005,1,2,Weekday,1400,2-Car,No injury/unknown,OTHER (DRIVER) - EXPLAIN IN NARRATIVE,RHORER & SR37,0,0
2005,4,5,Weekday,700,1-Car,No injury/unknown,RAN OFF ROAD RIGHT,RED OAK & SR446,0,0
2005,1,7,Weekend,900,1-Car,No injury/unknown,SPEED TOO FAST FOR WEATHER CONDITIONS,SR 37 & TURKEY TRACK,0,0
2005,5,3,Weekday,1700,2-Car,No injury/unknown,FOLLOWING TOO CLOSELY,ROGERS & TAPP RD,0,0
2005,5,5,Weekday,1500,2-Car,No injury/unknown,DRIVER DISTRACTED - EXPLAIN IN NARRATIVE,ROHRER RD & SR37,0,0
2005,11,4,Weekday,1900,1-Car,Non-incapacitating,DRIVER ASLEEP OR FATIGUED,KETCHUM & VICTOR PIKE,0,0
2005,11,4,Weekday,1900,2-Car,No injury/unknown,FAILURE TO YIELD RIGHT OF WAY,DUNN & STADIUM WHITE LOT,0,0
2005,11,6,Weekend,2000,Moped/Motorcycle,Non-incapacitating,OTHER (DRIVER) - EXPLAIN IN NARRATIVE,INDIANA AVE & VON LEE PARKING LOT,0,0
2005,11,3,Weekday,2000,2-Car,No injury/unknown,UNSAFE BACKING,EDUCATION LOT & ROSE,0,0
2005,8,1,Weekday,2000,2-Car,No injury/unknown,FAILURE TO YIELD RIGHT OF WAY,10TH & 4546BYP,0,0
2005,9,6,Weekday,1400,2-Car,No injury/unknown,DISREGARD SIGNAL/REG SIGN,71ST ST & INDIANA,0,0
2005,9,6,Weekend,1900,2-Car,Non-incapacitating,FOLLOWING TOO CLOSELY,17TH & 45BYPASS,0,0
2005,9,7,Weekend,2100,2-Car,No injury/unknown,IMPROPER TURNING,SEVENTEENTH & WHITE,0,0
2005,10,5,Weekday,1300,2-Car,No injury/unknown,UNSAFE BACKING,HEADLEY & I U NURSERY,0,0
2005,10,6,Weekday,800,2-Car,No injury/unknown,UNSAFE BACKING,JORDAN & READ NORTH DR,0,0
2005,10,1,Weekend,1300,2-Car,No injury/unknown,OTHER (DRIVER) - EXPLAIN IN NARRATIVE,ASHTON LOT & TENTH,0,0
2005,12,7,Weekend,1300,2-Car,No injury/unknown,UNSAFE BACKING,FOUNTAIN PARK NORTH DR & RANGE,0,0
2005,8,2,Weekday,1000,2-Car,No injury/unknown,OTHER (DRIVER) - EXPLAIN IN NARRATIVE,EAST 10TH AND RANGE & PARKING LOT,0,0
2005,10,6,Weekday,900,2-Car,No injury/unknown,UNSAFE BACKING,SPORTS CENTER LOT & UNION,0,0
2005,10,6,Weekday,1200,Moped/Motorcycle,Incapacitating,UNSAFE SPEED,FEE LN & FOSTER N,0,0
2005,11,4,Weekday,1100,2-Car,No injury/unknown,FAILURE TO YIELD RIGHT OF WAY,DUNN & INDIANA MEMORIAL STADIUM,0,0
2005,9,1,Weekend,1700,2-Car,No injury/unknown,IMPROPER PASSING,BALFOUR,0,0
2005,12,6,Weekday,1600,2-Car,No injury/unknown,UNSAFE BACKING,17TH ST & UNGELBACH,0,0
2005,9,2,Weekday,1300,2-Car,No injury/unknown,UNSAFE BACKING,CROSSTOWN ONE DR & TENTH,0,0
2005,10,5,Weekday,1800,2-Car,No injury/unknown,,PARKING LOT E 10TH ST & SR 45,0,0
2005,11,4,Weekday,1600,2-Car,Non-incapacitating,OTHER (DRIVER) - EXPLAIN IN NARRATIVE,BALFOUR,0,0
2005,11,3,Weekday,700,2-Car,No injury/unknown,SPEED TOO FAST FOR WEATHER CONDITIONS,SAMPSON & SR 45,0,0
2005,11,6,Weekday,1800,2-Car,No injury/unknown,IMPROPER TURNING,EICENMANN & JEFFERSON,0,0
2005,12,2,Weekday,1600,2-Car,No injury/unknown,ROADWAY SURFACE CONDITION,3RD & MEMORIAL HALL CIRCLE,0,0
2005,12,6,Weekday,800,2-Car,No injury/unknown,FAILURE TO YIELD RIGHT OF WAY,ATWATER AVE,0,0
2005,9,4,Weekday,900,2-Car,No injury/unknown,UNSAFE BACKING,10TH & TULIP TREE,0,0
2005,11,4,Weekday,900,2-Car,No injury/unknown,OTHER (DRIVER) - EXPLAIN IN NARRATIVE,FORREST & KIRKWOOD AVE,0,0
2005,11,3,Weekday,700,2-Car,No injury/unknown,OTHER (DRIVER) - EXPLAIN IN NARRATIVE,7TH ST & STADIUM,0,0
2005,11,1,Weekend,800,1-Car,No injury/unknown,FAILURE TO YIELD RIGHT OF WAY,71ST & JORDAN AVE,0,0
2005,9,1,Weekend,1300,3+ Cars,Non-incapacitating,FOLLOWING TOO CLOSELY,SAMPSON & SR45,0,0
2005,11,7,Weekend,2100,2-Car,Non-incapacitating,UNSAFE BACKING,BLOCK OF E 5TH PRESIDENTS LOT & JORDAN,0,0
2005,11,2,Weekday,1600,2-Car,No injury/unknown,NONE (DRIVER),3RD & PARKING LOT OF KIRKWOOD AVE,0,0
2005,11,3,Weekday,1600,2-Car,No injury/unknown,UNSAFE BACKING,GILMORE LOT S INDIANA AVE & INDIANA,0,0
2005,11,4,Weekday,1500,2-Car,No injury/unknown,FOLLOWING TOO CLOSELY,5TH & JORDAN AVE,0,0
2005,11,4,Weekday,1900,1-Car,No injury/unknown,OTHER (DRIVER) - EXPLAIN IN NARRATIVE,E 17TH & STHWY45,0,0
2005,10,1,Weekday,1900,Moped/Motorcycle,Incapacitating,UNSAFE SPEED,7TH & STADIUM DR,0,0
2005,12,1,Weekend,1600,2-Car,No injury/unknown,IMPROPER PASSING,N JORDAN & STASIUM SR,0,0
2005,11,7,Weekend,1100,2-Car,No injury/unknown,FOLLOWING TOO CLOSELY,BALFOUR & SR45,0,0
2005,8,5,Weekday,2100,2-Car,Non-incapacitating,DISREGARD SIGNAL/REG SIGN,DILLMAN & OLDSR37,0,0
2005,10,3,Weekday,1400,2-Car,No injury/unknown,UNSAFE BACKING,SR45,0,0
2005,7,6,Weekend,2200,1-Car,No injury/unknown,RAN OFF ROAD RIGHT,GREENE COUNTY LINE & SR45,0,0
2005,7,3,Weekday,2100,Moped/Motorcycle,Incapacitating,RAN OFF ROAD RIGHT,HARRODSBURG & SR37 S,0,0
2005,8,6,Weekday,1000,2-Car,No injury/unknown,FAILURE TO YIELD RIGHT OF WAY,PHORER & WALNUT ST,0,0
2005,8,6,Weekday,1400,1-Car,Non-incapacitating,OTHER (DRIVER) - EXPLAIN IN NARRATIVE,FAIRFAX & PRIVATE PROPERTY,0,0
2005,8,4,Weekday,1300,2-Car,No injury/unknown,LEFT OF CENTER,BENDER & ESR46,0,0
2005,8,4,Weekday,1300,2-Car,No injury/unknown,NONE (DRIVER),LIBERTY & PARKING LOT,0,0
2005,7,4,Weekday,1700,2-Car,Non-incapacitating,LEFT OF CENTER,ACUFF ROAD & STATE ROAD,0,0
2005,7,5,Weekday,1700,2-Car,Non-incapacitating,SPEED TOO FAST FOR WEATHER CONDITIONS,ESR45 & MARTIN,0,0
2005,7,4,Weekday,600,3+ Cars,Non-incapacitating,DRIVER ASLEEP OR FATIGUED,HART STRAIGHT & US48,0,0
2005,7,1,Weekend,1800,2-Car,No injury/unknown,FAILURE TO YIELD RIGHT OF WAY,OLD WALNUT ST & RHORER,0,0
2005,8,7,Weekend,1300,1-Car,Non-incapacitating,RAN OFF ROAD RIGHT,SR46 & TRAMWAY,0,0
2005,8,1,Weekend,800,1-Car,Non-incapacitating,FAILURE TO YIELD RIGHT OF WAY,MARKET & STINESVILLE RD,0,0
2005,9,6,Weekday,1700,2-Car,No injury/unknown,SPEED TOO FAST FOR WEATHER CONDITIONS,JERNAL PIKE & SR37,0,0
2005,8,4,Weekday,1700,2-Car,No injury/unknown,UNSAFE BACKING,PARKING LOT W 4TH ST,0,0
2005,9,3,Weekday,1700,3+ Cars,No injury/unknown,FOLLOWING TOO CLOSELY,FRANKLIN & SR48,0,0
2005,8,7,Weekend,1800,3+ Cars,Non-incapacitating,FAILURE TO YIELD RIGHT OF WAY,ATWATER & INDIANA,0,0
2005,8,4,Weekday,1100,Bus,No injury/unknown,IMPROPER TURNING,BHSN DR & KINSER,0,0
2005,8,3,Weekday,800,2-Car,Non-incapacitating,OTHER (DRIVER) - EXPLAIN IN NARRATIVE,COLLEGE MALL RD & EASTLAND PLAZA,0,0
2005,11,7,Weekend,2100,1-Car,Non-incapacitating,ANIMAL/OBJECT IN ROADWAY,College & Old State Road 37,0,0
2005,7,4,Weekday,1700,2-Car,No injury/unknown,OTHER (DRIVER) - EXPLAIN IN NARRATIVE,SR37,0,0
2005,8,4,Weekday,1700,2-Car,No injury/unknown,FOLLOWING TOO CLOSELY,CURRY & JONATHON DR,0,0
2005,6,3,Weekday,1200,Moped/Motorcycle,Non-incapacitating,DRIVER DISTRACTED - EXPLAIN IN NARRATIVE,HARTSTRAIGHT RD & SR46,0,0
2005,6,5,Weekday,1100,3+ Cars,Non-incapacitating,OTHER (DRIVER) - EXPLAIN IN NARRATIVE,HARTSTRAIT & SR46,0,0
2005,2,2,Weekday,1400,2-Car,No injury/unknown,OTHER (DRIVER) - EXPLAIN IN NARRATIVE,SALES & SR46,0,0
2005,8,6,Weekday,900,2-Car,No injury/unknown,OTHER (DRIVER) - EXPLAIN IN NARRATIVE,10TH & CIRCLE DR,0,0
2005,9,2,Weekday,700,2-Car,Non-incapacitating,UNSAFE SPEED,COLT & SYCAMORE DR,0,0
2005,9,4,Weekday,800,2-Car,Non-incapacitating,FAILURE TO YIELD RIGHT OF WAY,HARTSTRAIT & SR46,0,0
2005,10,5,Weekday,1400,2-Car,Non-incapacitating,OTHER (DRIVER) - EXPLAIN IN NARRATIVE,HARTSTRAIT & SR46,0,0
2005,11,3,Weekday,800,2-Car,Non-incapacitating,DRIVER ASLEEP OR FATIGUED,HART STRAIGHT & SR46,0,0
2005,2,7,Weekend,1700,2-Car,No injury/unknown,IMPROPER LANE USAGE,HARTSTRAIT & SR46,0,0
2005,2,3,Weekday,1400,2-Car,Non-incapacitating,FAILURE TO YIELD RIGHT OF WAY,EDGEWOOD & SYCAMORE DR,0,0
2005,3,3,Weekday,1800,2-Car,No injury/unknown,LEFT OF CENTER,FORESTVIEW & LAKEVIEW DR,0,0
2005,4,6,Weekday,1400,Bus,No injury/unknown,UNSAFE BACKING,ASH BROOK LN & DEER PARK,0,0
2005,6,1,Weekend,1400,2-Car,Non-incapacitating,OTHER (DRIVER) - EXPLAIN IN NARRATIVE,HART STRAIGHT & SR46,0,0
2005,7,6,Weekday,1200,3+ Cars,Non-incapacitating,FAILURE TO YIELD RIGHT OF WAY,HARTSTRAIGHT & SR 46,0,0
2005,10,5,Weekday,2300,1-Car,No injury/unknown,NONE (DRIVER),CAPITAL & SR46,0,0
2005,10,2,Weekday,1800,2-Car,No injury/unknown,FAILURE TO YIELD RIGHT OF WAY,DEER & SR46,0,0
2005,6,5,Weekday,1700,2-Car,Non-incapacitating,FAILURE TO YIELD RIGHT OF WAY,LAKEVIEW DR & SR46,0,0
2005,12,7,Weekend,1700,2-Car,Non-incapacitating,FAILURE TO YIELD RIGHT OF WAY,HARTSTRAIT & SR46,0,0
2005,12,5,Weekday,1400,2-Car,Non-incapacitating,ROADWAY SURFACE CONDITION,SR46,0,0
2005,5,6,Weekday,1200,2-Car,No injury/unknown,INSECURE/LEAKY LOAD,1ST & BIRCH,0,0
2005,6,1,Weekday,2100,2-Car,No injury/unknown,LEFT OF CENTER,FAIRFAX RD & POINTE,0,0
2005,4,4,Weekday,1300,2-Car,No injury/unknown,UNSAFE BACKING,LAW LN & NORTH HORDAN,0,0
2005,8,2,Weekday,1200,2-Car,Non-incapacitating,OTHER (DRIVER) - EXPLAIN IN NARRATIVE,MATTLOCK RD & SAMPSON,0,0
2005,5,6,Weekday,1800,2-Car,No injury/unknown,UNSAFE BACKING,10TH & ASHTON CIRCLE DR,0,0
2005,7,6,Weekday,1500,1-Car,No injury/unknown,RAN OFF ROAD RIGHT,CEDAR BLUFF RD & OLD,0,0
2005,12,6,Weekday,500,2-Car,No injury/unknown,UNSAFE BACKING,ELLER & SANDSTONE CT,0,0
2005,3,3,Weekday,1100,2-Car,No injury/unknown,FAILURE TO YIELD RIGHT OF WAY,LANDMART AVE,0,0
2005,5,3,Weekday,1200,2-Car,No injury/unknown,OTHER (DRIVER) - EXPLAIN IN NARRATIVE,DR WALNUT & WALNUT,0,0
2005,5,3,Weekday,1100,2-Car,No injury/unknown,FAILURE TO YIELD RIGHT OF WAY,KROGERS & LIBERTY DR,0,0
2005,3,3,Weekday,1000,2-Car,No injury/unknown,FAILURE TO YIELD RIGHT OF WAY,EIGENMANN LOT & JEFFERSON,0,0
2005,1,2,Weekday,1400,1-Car,Non-incapacitating,RAN OFF ROAD RIGHT,MCNEELY ST & UNION VALLEY,0,0
2005,1,5,Weekday,900,2-Car,Non-incapacitating,IMPROPER TURNING,ATWATER & OPTANETRY LOT,0,0
2005,8,4,Weekday,1200,2-Car,No injury/unknown,FOLLOWING TOO CLOSELY,SEVENTH ST & WRIGHT,0,0
2005,2,6,Weekday,1500,2-Car,Non-incapacitating,FOLLOWING TOO CLOSELY,EAST 3RD ST & ENTRANCE TO EASTLAND PLAZA,0,0
2005,5,3,Weekday,1500,2-Car,No injury/unknown,FAILURE TO YIELD RIGHT OF WAY,OWEN  MONROE CO LINE & SR46,0,0
2005,1,4,Weekday,1400,2-Car,No injury/unknown,UNSAFE BACKING,BALFOUR & JORDAN AVE,0,0
2005,2,3,Weekday,1800,2-Car,No injury/unknown,,BALFOUR & JORDAN AVE,0,0
2005,2,2,Weekday,1900,2-Car,No injury/unknown,UNSAFE BACKING,FOREST & INNER CAMPUS DR,0,0
2005,4,3,Weekday,2000,2-Car,No injury/unknown,OTHER (DRIVER) - EXPLAIN IN NARRATIVE,FEE & N FEE NORTH FIRE DR LN,0,0
2005,2,7,Weekend,900,1-Car,Non-incapacitating,OTHER (DRIVER) - EXPLAIN IN NARRATIVE,FORREST & PRESIDENTS LOT DR,0,0
2005,1,6,Weekday,1700,2-Car,No injury/unknown,DRIVER DISTRACTED - EXPLAIN IN NARRATIVE,DUNN & VAN LEE LOT,0,0
2005,1,2,Weekday,1800,2-Car,No injury/unknown,,FEE & FOSTER CIRCLE DR,0,0
2005,3,5,Weekday,700,2-Car,Non-incapacitating,OTHER (DRIVER) - EXPLAIN IN NARRATIVE,BRIGATE & SR46,0,0
2005,7,7,Weekend,1400,2-Car,No injury/unknown,UNSAFE BACKING,SALES ST & THOMAS,0,0
2005,8,3,Weekday,1800,2-Car,Non-incapacitating,OTHER (DRIVER) - EXPLAIN IN NARRATIVE,CONSTABLE & SR46,0,0
2005,8,6,Weekday,1600,2-Car,No injury/unknown,FOLLOWING TOO CLOSELY,HARSTRAIT & TEMPERENCE,0,0
2005,10,6,Weekend,2000,2-Car,No injury/unknown,FAILURE TO YIELD RIGHT OF WAY,HARTSTRAIT & SR46,0,0
2005,2,4,Weekday,100,2-Car,No injury/unknown,FAILURE TO YIELD RIGHT OF WAY,PLYMOUTH GOSHEN & SR17,0,0
2005,9,5,Weekday,1500,2-Car,No injury/unknown,FAILURE TO YIELD RIGHT OF WAY,3201 & SR45,0,0
2005,9,3,Weekday,2000,2-Car,No injury/unknown,IMPROPER TURNING,4TH & WALNUT,0,0
2005,9,6,Weekday,1500,2-Car,No injury/unknown,FOLLOWING TOO CLOSELY,BURKS & SR37,0,0
2005,8,1,Weekday,2100,Moped/Motorcycle,No injury/unknown,ALCOHOLIC BEVERAGES,HIGHLAND LOUNGE & ROLL AVE,0,0
2005,8,3,Weekday,1000,1-Car,No injury/unknown,RAN OFF ROAD RIGHT,W 2ND ST,0,0
2005,8,3,Weekday,2000,2-Car,No injury/unknown,DISREGARD SIGNAL/REG SIGN,3RD & WALNUT ST,0,0
2005,9,6,Weekday,1000,2-Car,No injury/unknown,OTHER (DRIVER) - EXPLAIN IN NARRATIVE,RILEY DR,0,0
2005,2,6,Weekday,1000,2-Car,No injury/unknown,UNSAFE BACKING,LAND MARK DR,0,0
2005,1,6,Weekday,1600,2-Car,No injury/unknown,FAILURE TO YIELD RIGHT OF WAY,BLOOMFIELD & FRONTAGE,0,0
2005,1,6,Weekday,1700,2-Car,No injury/unknown,OTHER (DRIVER) - EXPLAIN IN NARRATIVE,W ALICE  AND DUNN ST ALY,0,0
2005,1,3,Weekday,1400,2-Car,No injury/unknown,OTHER (DRIVER) - EXPLAIN IN NARRATIVE,WHITEHMILL CROSSINH,0,0
2005,1,3,Weekday,1700,2-Car,No injury/unknown,VIEW OBSTRUCTED,ALLEY & SMITH,0,0
2005,2,2,Weekday,1300,2-Car,No injury/unknown,FAILURE TO YIELD RIGHT OF WAY,PRIVATE LOT S WALNUT & WALNUT,0,0
2005,3,6,Weekday,900,2-Car,No injury/unknown,NONE (DRIVER),HIGHT & WINSLOW RD,0,0
2005,12,2,Weekday,800,2-Car,No injury/unknown,UNSAFE BACKING,SR 45,0,0
2005,2,6,Weekday,1500,2-Car,Non-incapacitating,OTHER (DRIVER) - EXPLAIN IN NARRATIVE,HIGHLAND & WINWLOW RD,0,0
2005,2,6,Weekday,1600,2-Car,Non-incapacitating,UNSAFE BACKING,PARKING LOT W 3RD ST,0,0
2005,2,6,Weekday,1200,2-Car,No injury/unknown,OTHER (DRIVER) - EXPLAIN IN NARRATIVE,2ND ST & BASSWOOD,0,0
2005,2,5,Weekday,1900,2-Car,No injury/unknown,FAILURE TO YIELD RIGHT OF WAY,3RD & WALNUT ST,0,0
2005,4,7,Weekend,1500,2-Car,No injury/unknown,UNSAFE BACKING,WHITEHALL,0,0
2005,11,1,Weekend,0,2-Car,No injury/unknown,DRIVER DISTRACTED - EXPLAIN IN NARRATIVE,LINCOLN & PARKING LOT,0,0
2005,1,2,Weekday,1700,2-Car,No injury/unknown,OTHER (DRIVER) - EXPLAIN IN NARRATIVE,COLEGE MAL & CONVANTER,0,0
2005,6,5,Weekday,1500,2-Car,No injury/unknown,IMPROPER LANE USAGE,1ST & WALNUT ST,0,0
2005,7,7,Weekend,1400,2-Car,No injury/unknown,FAILURE TO YIELD RIGHT OF WAY,SR48 & WALMART PARKING,0,0
2005,7,4,Weekday,1400,2-Car,No injury/unknown,OTHER (DRIVER) - EXPLAIN IN NARRATIVE,,0,0
2005,7,5,Weekday,2000,2-Car,No injury/unknown,UNSAFE BACKING,BASSWOOD DR PARKING LOT & BLOOMFIELD RD,0,0
2005,7,1,Weekday,2200,Moped/Motorcycle,Non-incapacitating,DISREGARD SIGNAL/REG SIGN,FRANKLIN & SR48,0,0
2005,7,7,Weekend,,2-Car,No injury/unknown,OTHER (DRIVER) - EXPLAIN IN NARRATIVE,UNKNOWN,0,0
2005,9,5,Weekday,1800,1-Car,No injury/unknown,OTHER (DRIVER) - EXPLAIN IN NARRATIVE,SR45,0,0
2005,8,3,Weekday,1100,2-Car,No injury/unknown,NONE (DRIVER),CURRY PIKE & G E PARKING LOT,0,0
2005,9,7,Weekend,800,2-Car,No injury/unknown,RAN OFF ROAD RIGHT,BREEDER & SR45,0,0
2005,9,3,Weekday,0,1-Car,No injury/unknown,ANIMAL/OBJECT IN ROADWAY,BOTTOM RD & BUSKIRK,0,0
2005,6,6,Weekday,1200,2-Car,No injury/unknown,FAILURE TO YIELD RIGHT OF WAY,COLLEGE MALL & COVENANTER DR,0,0
2005,6,7,Weekend,1800,2-Car,Non-incapacitating,OTHER (DRIVER) - EXPLAIN IN NARRATIVE,FRITZ & SR 37,0,0
2005,7,4,Weekday,1300,2-Car,No injury/unknown,FAILURE TO YIELD RIGHT OF WAY,COLLEGE & SAVE A LOT PARKING,0,0
2005,10,5,Weekday,1600,3+ Cars,No injury/unknown,FAILURE TO YIELD RIGHT OF WAY,BLK S 3RD ST & WOODCREST,0,0
2005,6,4,Weekday,1200,2-Car,No injury/unknown,UNSAFE BACKING,ALPINE TR,0,0
2005,7,5,Weekday,1100,2-Car,No injury/unknown,OTHER (DRIVER) - EXPLAIN IN NARRATIVE,2ND ST & LANDMARK,0,0
2005,7,6,Weekday,1400,2-Car,No injury/unknown,OTHER (DRIVER) - EXPLAIN IN NARRATIVE,PINE MEADOWS DR & PINEHURST,0,0
2005,9,3,Weekday,1700,2-Car,Non-incapacitating,FAILURE TO YIELD RIGHT OF WAY,ENTRANCE EXIT STONE BELT & SR 46,0,0
2005,9,3,Weekday,700,2-Car,No injury/unknown,FOLLOWING TOO CLOSELY,2ND ST & ALLEN,0,0
2005,5,4,Weekday,1400,2-Car,No injury/unknown,DRIVER DISTRACTED - EXPLAIN IN NARRATIVE,BLOOMINGTON NORTH H S PKNG LOT,0,0
2005,5,3,Weekday,2200,2-Car,No injury/unknown,FAILURE TO YIELD RIGHT OF WAY,CR320 & LINCOLN,0,0
2005,4,5,Weekday,1800,2-Car,Non-incapacitating,FAILURE TO YIELD RIGHT OF WAY,FRONTAGE & SR 45,0,0
2005,4,6,Weekday,1700,2-Car,No injury/unknown,OTHER (DRIVER) - EXPLAIN IN NARRATIVE,ADAMS & SR45,0,0
2005,4,4,Weekday,1000,2-Car,No injury/unknown,DISREGARD SIGNAL/REG SIGN,ALEXANDER & GATES DR,0,0
2005,7,5,Weekday,1600,2-Car,No injury/unknown,IMPROPER TURNING,KINSER & VAUGHN CLIPP,0,0
2005,6,5,Weekday,1100,2-Car,No injury/unknown,OTHER (DRIVER) - EXPLAIN IN NARRATIVE,COLLEGE MALL PK LOT,0,0
2005,10,2,Weekday,700,2-Car,Non-incapacitating,FAILURE TO YIELD RIGHT OF WAY,BILL MALLORY & BILL MALORY BLVD,0,0
2005,12,5,Weekday,1100,2-Car,No injury/unknown,DISREGARD SIGNAL/REG SIGN,COLLEGE MALL RD & EASTLAND,0,0
2005,5,2,Weekday,1100,1-Car,Fatal,PEDESTRIAN ACTION,3RD & WALNUT ST,0,0
2005,9,4,Weekday,1300,2-Car,No injury/unknown,OTHER (DRIVER) - EXPLAIN IN NARRATIVE,SR37 & W 2ND ST,0,0
2005,10,1,Weekend,1200,2-Car,No injury/unknown,DRIVER DISTRACTED - EXPLAIN IN NARRATIVE,KISER,0,0
2005,11,1,Weekend,1000,2-Car,No injury/unknown,DRIVER DISTRACTED - EXPLAIN IN NARRATIVE,SR 45,0,0
2005,7,5,Weekday,1600,2-Car,Non-incapacitating,FAILURE TO YIELD RIGHT OF WAY,SR45 46,0,0
2005,10,6,Weekday,1400,2-Car,No injury/unknown,DISREGARD SIGNAL/REG SIGN,5TH ST & WALNUT,0,0
2005,8,7,Weekend,1400,2-Car,No injury/unknown,IMPROPER TURNING,LINCON ST,0,0
2005,10,6,Weekend,2100,1-Car,Non-incapacitating,UNSAFE SPEED,HIGHT & ROGERS,0,0
2005,8,5,Weekday,1200,2-Car,No injury/unknown,IMPROPER LANE USAGE,E 3RD & GOLLEGE MALL RD,0,0
2005,11,2,Weekday,2000,2-Car,No injury/unknown,FOLLOWING TOO CLOSELY,LANDMARK & SR 45,0,0
2005,9,2,Weekday,1900,2-Car,No injury/unknown,FAILURE TO YIELD RIGHT OF WAY,3RD & WALNUT,0,0
2005,11,6,Weekday,1400,2-Car,No injury/unknown,FOLLOWING TOO CLOSELY,PATTERSON & WALNUT,0,0
2005,11,5,Weekday,1600,Bus,No injury/unknown,UNSAFE BACKING,PRIVATE LOT BASSWOOD DR,0,0
2005,11,6,Weekday,1300,2-Car,No injury/unknown,UNSAFE BACKING,2812 E 3RD & PARKING LOT SEARS AUTOMOTIVE,0,0
2005,8,7,Weekend,1100,Moped/Motorcycle,Non-incapacitating,UNSAFE BACKING,OLSON  DRIVE & SOUTH OLSON,0,0
2005,12,1,Weekend,1300,2-Car,No injury/unknown,OTHER (DRIVER) - EXPLAIN IN NARRATIVE,305 E VARSITY & PARKING LOT,0,0
2005,12,5,Weekday,1300,2-Car,No injury/unknown,LEFT OF CENTER,DUNN & SR37,0,0
2005,12,1,Weekend,1800,1-Car,No injury/unknown,RAN OFF ROAD RIGHT,PARKING LOT COLLEGE MALL RD,0,0
2005,12,2,Weekday,1200,2-Car,Non-incapacitating,UNSAFE SPEED,DAVIS & SWALNUT,0,0
2005,12,6,Weekend,1900,2-Car,No injury/unknown,FOLLOWING TOO CLOSELY,LIBERTY & SR4,0,0
2005,12,3,Weekday,1600,2-Car,Non-incapacitating,FOLLOWING TOO CLOSELY,KINSER & VAUGHN CLIPP,0,0
2005,12,2,Weekday,1000,2-Car,No injury/unknown,OTHER (DRIVER) - EXPLAIN IN NARRATIVE,SR46,0,0
2005,10,4,Weekday,1500,2-Car,No injury/unknown,LEFT OF CENTER,SR 45 & WOODBRIDGE,0,0
2005,9,4,Weekday,1600,2-Car,No injury/unknown,FOLLOWING TOO CLOSELY,SR37 & VERNAI,0,0
2005,9,1,Weekend,1100,2-Car,No injury/unknown,DISREGARD SIGNAL/REG SIGN,2ND ST & WALNUT,0,0
2005,10,5,Weekday,800,1-Car,Non-incapacitating,OTHER (DRIVER) - EXPLAIN IN NARRATIVE,E W ALLEY & N COLLEGE,0,0
2005,10,4,Weekday,1200,2-Car,No injury/unknown,FOLLOWING TOO CLOSELY,3RD & WALNUT ST,0,0
2005,10,3,Weekday,1600,1-Car,Non-incapacitating,UNSAFE SPEED,LAUREN & LOST MANS LN,0,0
2005,12,6,Weekday,1600,2-Car,Non-incapacitating,FOLLOWING TOO CLOSELY,NORWAY & SMITH,0,0
2005,11,3,Weekday,0,1-Car,No injury/unknown,ANIMAL/OBJECT IN ROADWAY,OLD SR 37 & SR 37,0,0
2005,12,1,Weekend,100,1-Car,Non-incapacitating,SPEED TOO FAST FOR WEATHER CONDITIONS,RUSH & SR446,0,0
2005,12,7,Weekend,600,1-Car,No injury/unknown,RAN OFF ROAD RIGHT,SMITH & SNODDY,0,0
2005,12,2,Weekday,1600,2-Car,Non-incapacitating,FOLLOWING TOO CLOSELY,CORY & W BLOOMINGTON RD,0,0
2005,11,7,Weekend,100,1-Car,Non-incapacitating,UNSAFE SPEED,SCOTT & STRAWBRIDGE RD,0,0
2005,12,1,Weekend,1100,2-Car,Non-incapacitating,FAILURE TO YIELD RIGHT OF WAY,DILLMAN & FANFAX RD,0,0
2005,11,7,Weekend,700,1-Car,Non-incapacitating,RAN OFF ROAD RIGHT,MONROE DAM & OLD HWY SR 37,0,0
2005,12,2,Weekday,2000,2-Car,No injury/unknown,OTHER (DRIVER) - EXPLAIN IN NARRATIVE,CRAMER & CRAMER CIRCLE,0,0
2005,11,2,Weekday,1100,1-Car,Non-incapacitating,RAN OFF ROAD RIGHT,SISCOE & SR46,0,0
2005,11,1,Weekend,900,1-Car,No injury/unknown,ROADWAY SURFACE CONDITION,GARRISON CHAPEL RD & INDIANA RAILROAD RRXING,0,0
2005,12,6,Weekday,1300,2-Car,No injury/unknown,FAILURE TO YIELD RIGHT OF WAY,SR37,0,0
2005,9,1,Weekday,2000,2-Car,Non-incapacitating,DISREGARD SIGNAL/REG SIGN,OLD WALNUT ST PIKE & RHORER,0,0
2005,9,2,Weekday,1800,2-Car,No injury/unknown,OTHER (DRIVER) - EXPLAIN IN NARRATIVE,BRENNICK & SR45,0,0
2005,10,7,Weekend,1600,2-Car,No injury/unknown,GLARE,FAIRFAX RD & OLD WALNUT ST PIKE,0,0
2005,10,3,Weekday,2100,1-Car,Non-incapacitating,,INGRAM & OLD STATE ROAD 37,0,0
2005,10,7,Weekend,600,1-Car,No injury/unknown,ANIMAL/OBJECT IN ROADWAY,HOOSIER ENERGY & SR37,0,0
2005,10,2,Weekday,1100,2-Car,Non-incapacitating,LEFT OF CENTER,RICE & TALBOT,0,0
2005,12,6,Weekday,1300,1-Car,No injury/unknown,RAN OFF ROAD RIGHT,ISON RD & W LEONARD SPRINGS,0,0