Year,Month,Day,Weekend?,Hour,Collision Type,Injury Type,Primary Factor,Reported_Location,Latitude,Longitude
2005,10,7,Weekend,2300,1-Car,Non-incapacitating,LEFT OF CENTER,INGRAM & OLDSR37,0,0
2005,10,6,Weekday,1600,2-Car,Non-incapacitating,FOLLOWING TOO CLOSELY,HEDRICK & SR46,0,0
2005,10,1,Weekend,100,1-Car,No injury/unknown,RAN OFF ROAD RIGHT,HARDING & SR 446,0,0
2005,10,2,Weekday,1600,2-Car,Non-incapacitating,OTHER (DRIVER) - EXPLAIN IN NARRATIVE,ORCHARD & SR37,0,0
2005,11,2,Weekday,1900,1-Car,Non-incapacitating,ANIMAL/OBJECT IN ROADWAY,OARD RD & SR46,0,0
2005,11,3,Weekday,1800,1-Car,Incapacitating,RAN OFF ROAD RIGHT,BUISNESS 37 & State Road 37 ramp,0,0
2005,11,3,Weekday,1900,1-Car,Non-incapacitating,OTHER (DRIVER) - EXPLAIN IN NARRATIVE,BUSKIRK RD & FRY,0,0
2005,11,7,Weekend,1300,2-Car,Non-incapacitating,DRIVER DISTRACTED - EXPLAIN IN NARRATIVE,SISCOE & SR 46,0,0
2005,12,1,Weekend,1500,3+ Cars,No injury/unknown,,GILMORE & REEVES RD,0,0
2005,12,5,Weekday,300,1-Car,Non-incapacitating,RAN OFF ROAD LEFT,ORCHARD & SR37,0,0
2005,1,6,,,1-Car,Non-incapacitating,OTHER (DRIVER) - EXPLAIN IN NARRATIVE,COVE CT & EAST PEDIGO DRIVE,0,0
2005,11,1,Weekend,1000,2-Car,No injury/unknown,OTHER (DRIVER) - EXPLAIN IN NARRATIVE,HARTSTRAIGHT & RATLIFF,0,0
2005,12,2,Weekday,900,2-Car,No injury/unknown,OTHER (DRIVER) - EXPLAIN IN NARRATIVE,BLUEBIRD & PRIVATE DR,0,0
2005,12,4,Weekday,1200,3+ Cars,Non-incapacitating,SPEED TOO FAST FOR WEATHER CONDITIONS,N OLD SR37 & ROBINSON,0,0
2005,12,3,Weekday,1400,2-Car,Non-incapacitating,PRESCRIPTION DRUGS,Fullerton & SR37,0,0
2005,11,4,Weekday,1500,3+ Cars,No injury/unknown,OTHER (DRIVER) - EXPLAIN IN NARRATIVE,OLD STATE ROAD 37 & WISNARD,0,0
2005,3,2,Weekday,1700,2-Car,Non-incapacitating,FAILURE TO YIELD RIGHT OF WAY,R PROW & W ARLINGTON,0,0
2005,2,5,Weekday,900,2-Car,No injury/unknown,FOLLOWING TOO CLOSELY,KINSER & SR 45 46 BYP,0,0
2005,2,2,Weekday,1300,2-Car,Non-incapacitating,DISREGARD SIGNAL/REG SIGN,COLLEGE AVE & FOURTH,0,0
2005,8,7,Weekend,2000,1-Car,Non-incapacitating,RAN OFF ROAD RIGHT,OLD SR RD 37 & SAFETY,0,0
2005,7,7,Weekend,1100,Moped/Motorcycle,Non-incapacitating,OTHER (DRIVER) - EXPLAIN IN NARRATIVE,GOURELY & SR46,0,0
2005,8,1,Weekend,1500,3+ Cars,Non-incapacitating,FOLLOWING TOO CLOSELY,3RD & 45 46 BYPASS,0,0
2005,1,4,Weekday,2300,2-Car,No injury/unknown,FOLLOWING TOO CLOSELY,3RD ST & 46 46 BYPASS,0,0
2005,2,2,Weekday,1400,2-Car,No injury/unknown,FOLLOWING TOO CLOSELY,KNIGHTSTON & SR 46,0,0
2005,2,3,Weekday,1700,2-Car,No injury/unknown,FAILURE TO YIELD RIGHT OF WAY,SR 45 & WEIMER,0,0
2005,2,7,Weekend,200,1-Car,No injury/unknown,OTHER (DRIVER) - EXPLAIN IN NARRATIVE,HEADLEY RD & SR45 46,0,0
2005,2,2,Weekday,1800,2-Car,No injury/unknown,FAILURE TO YIELD RIGHT OF WAY,MOORES & PARKING LOT COLLEGE MALL,0,0
2005,3,4,Weekday,2200,2-Car,No injury/unknown,OTHER (DRIVER) - EXPLAIN IN NARRATIVE,FEE & FOSTER CIRCLE DR,0,0
2005,2,7,Weekend,100,3+ Cars,No injury/unknown,ALCOHOLIC BEVERAGES,DIXIE & WASHINGTON,0,0
2005,2,2,Weekday,1300,2-Car,No injury/unknown,FAILURE TO YIELD RIGHT OF WAY,3RD ST & LONGVIEW,0,0
2005,1,4,Weekday,1200,2-Car,No injury/unknown,FAILURE TO YIELD RIGHT OF WAY,LIBERTY DR & SR 48,0,0
2005,1,6,Weekday,700,2-Car,No injury/unknown,OTHER (DRIVER) - EXPLAIN IN NARRATIVE,WINDRIDGE CT & WOODHILL,0,0
2005,1,5,Weekday,,2-Car,No injury/unknown,OTHER (DRIVER) - EXPLAIN IN NARRATIVE,UNKNOWN,0,0
2005,2,5,Weekday,1300,1-Car,No injury/unknown,UNSAFE SPEED,SR 37,0,0
2005,4,5,Weekday,1000,2-Car,No injury/unknown,LEFT OF CENTER,HUNTINGTON & THROTON,0,0
2005,4,4,Weekday,900,1-Car,No injury/unknown,OTHER (DRIVER) - EXPLAIN IN NARRATIVE,BURKS RD & WALNUT STREET,0,0
2005,1,6,Weekday,1300,3+ Cars,Non-incapacitating,DRIVER DISTRACTED - EXPLAIN IN NARRATIVE,3RD & WALNUT,0,0
2005,2,7,Weekend,1700,2-Car,No injury/unknown,,E 2ND ST & S WALNUT,0,0
2005,4,1,Weekend,1500,2-Car,No injury/unknown,FOLLOWING TOO CLOSELY,SR37,0,0
2005,6,6,Weekend,1900,2-Car,Non-incapacitating,FAILURE TO YIELD RIGHT OF WAY,PINEWOOD & SR37,0,0
2005,4,2,Weekday,1700,2-Car,No injury/unknown,FOLLOWING TOO CLOSELY,MORTON & PATTERSON DR,0,0
2005,3,7,Weekend,2000,1-Car,No injury/unknown,DRIVER DISTRACTED - EXPLAIN IN NARRATIVE,ALEXANDER & JACOB DR,0,0
2005,7,4,Weekday,700,3+ Cars,Non-incapacitating,SPEED TOO FAST FOR WEATHER CONDITIONS,2ND ST & WEIMER,0,0
2005,5,3,Weekday,2300,2-Car,Non-incapacitating,FOLLOWING TOO CLOSELY,SAMPSON & SR45,0,0
2005,4,4,Weekday,300,1-Car,No injury/unknown,IMPROPER LANE USAGE,OLD VERNAC & VERNAC PIKE,0,0
2005,8,4,Weekday,1500,2-Car,No injury/unknown,FAILURE TO YIELD RIGHT OF WAY,BRIAR GATE & SR46,0,0
2005,4,3,Weekday,1100,2-Car,No injury/unknown,DISREGARD SIGNAL/REG SIGN,SR45 & WALMART ENTRANCE,0,0
2005,3,3,Weekday,800,2-Car,No injury/unknown,OTHER (DRIVER) - EXPLAIN IN NARRATIVE,PARKING LOT & W 15TH,0,0
2005,3,3,Weekday,1100,2-Car,No injury/unknown,OTHER (DRIVER) - EXPLAIN IN NARRATIVE,PARKING LOT AT 322 & S COLLEGE MALL,0,0
2005,5,4,Weekday,2000,2-Car,Non-incapacitating,UNSAFE BACKING,PARKING LOT AT & W 11TH,0,0
2005,4,2,Weekday,1000,2-Car,No injury/unknown,FAILURE TO YIELD RIGHT OF WAY,2721 E 3RD BEST BUYS & PRIVATE DR,0,0
2005,5,5,Weekday,1100,2-Car,No injury/unknown,FAILURE TO YIELD RIGHT OF WAY,COLLEGE MALL RD & EASTLAND,0,0
2005,5,5,Weekday,1400,2-Car,No injury/unknown,,,0,0
2005,9,5,Weekday,700,3+ Cars,Non-incapacitating,FAILURE TO YIELD RIGHT OF WAY,2ND & WALNUT ST,0,0
2005,7,1,Weekend,1700,2-Car,No injury/unknown,OTHER (DRIVER) - EXPLAIN IN NARRATIVE,GATES  PRIVITE LOT DR,0,0
2005,9,7,Weekend,1400,2-Car,No injury/unknown,FAILURE TO YIELD RIGHT OF WAY,HENDERSON & NORTH,0,0
2005,5,6,Weekday,1600,2-Car,No injury/unknown,UNSAFE SPEED,HILLSIDE DR & VALLEY FORGE,0,0
2005,5,4,Weekday,1300,2-Car,No injury/unknown,UNSAFE BACKING,BIRCH & PECAN LN,0,0
2005,4,7,Weekend,1400,2-Car,No injury/unknown,DISREGARD SIGNAL/REG SIGN,47TH & WALNUT,0,0
2005,4,1,Weekend,1800,1-Car,Non-incapacitating,UNSAFE SPEED,SR37,0,0
2005,4,2,Weekday,1200,2-Car,No injury/unknown,FOLLOWING TOO CLOSELY,1ST & WALNUT ST,0,0
2005,4,3,Weekday,900,2-Car,No injury/unknown,OTHER (DRIVER) - EXPLAIN IN NARRATIVE,DRIVEWAY BINFORD SCHOOL,0,0
2005,4,5,Weekday,1400,2-Car,No injury/unknown,FAILURE TO YIELD RIGHT OF WAY,FOUNTAIN PARK & SR45,0,0
2005,4,6,Weekday,800,3+ Cars,No injury/unknown,RAN OFF ROAD RIGHT,HOOSIER PARKING LOT CT,0,0
2005,3,4,Weekday,1400,2-Car,No injury/unknown,UNSAFE SPEED,JORDAN AVE & KIRKWOOD,0,0
2005,4,7,Weekend,1100,2-Car,No injury/unknown,UNSAFE BACKING,KIRKWOOD & SPEECH HEARING PARKING,0,0
2005,5,3,Weekday,1100,2-Car,No injury/unknown,UNSAFE BACKING,ARMSTRONG STADIUM DR & FEELLANE,0,0
2005,11,3,Weekday,2100,2-Car,No injury/unknown,UNSAFE BACKING,MEMORIAL STADIUM & STADIUM CONCOURSE,0,0
2005,3,3,Weekday,1800,1-Car,No injury/unknown,FAILURE TO YIELD RIGHT OF WAY,5TH & JORDAN AVE,0,0
2005,7,6,Weekday,1500,2-Car,Non-incapacitating,FAILURE TO YIELD RIGHT OF WAY,10TH ST & TULIP TREE,0,0
2005,4,5,Weekday,1200,2-Car,No injury/unknown,OTHER (DRIVER) - EXPLAIN IN NARRATIVE,ELEVENTEENTH & FEELANE GARAGE,0,0
2005,9,4,Weekday,900,2-Car,No injury/unknown,OTHER (DRIVER) - EXPLAIN IN NARRATIVE,SEVENTEENTH & WHITE LOT,0,0
2005,1,5,Weekday,1500,2-Car,No injury/unknown,OTHER (DRIVER) - EXPLAIN IN NARRATIVE,FOSTER PARKING LOT & LAW,0,0
2005,3,7,Weekend,1300,2-Car,No injury/unknown,FAILURE TO YIELD RIGHT OF WAY,LAW & SRSC PARKING LOT,0,0
2005,4,6,Weekday,1100,2-Car,No injury/unknown,UNSAFE BACKING,7TH & POPLARS,0,0
2005,4,3,Weekday,1200,2-Car,No injury/unknown,UNSAFE BACKING,10TH ST,0,0
2005,3,3,Weekday,1900,2-Car,No injury/unknown,FOLLOWING TOO CLOSELY,BLOOMINGTON & MONROE,0,0
2005,5,3,Weekday,1400,2-Car,No injury/unknown,FAILURE TO YIELD RIGHT OF WAY,JORDAN AVE & WRIGHT QUAD W,0,0
2005,2,2,Weekday,2300,1-Car,No injury/unknown,OTHER (ENVIRONMENTAL) - EXPLAIN IN NARR,ATWATER & FALULTY AVE,0,0
2005,2,4,Weekday,2100,2-Car,Non-incapacitating,FAILURE TO YIELD RIGHT OF WAY,BALFOUR & SR45 46,0,0
2005,8,1,Weekend,1700,3+ Cars,No injury/unknown,FOLLOWING TOO CLOSELY,4546BYP & DUNN,0,0
2005,2,2,Weekday,1900,2-Car,No injury/unknown,OTHER (DRIVER) - EXPLAIN IN NARRATIVE,JORDAN & LIBRARY PARKING LOT,0,0
2005,6,1,Weekend,1200,3+ Cars,No injury/unknown,OTHER (DRIVER) - EXPLAIN IN NARRATIVE,BALFOUR & SR45 46,0,0
2005,3,7,Weekend,1700,2-Car,No injury/unknown,UNSAFE BACKING,3RD & FOREST,0,0
2005,3,3,Weekday,1600,2-Car,No injury/unknown,UNSAFE BACKING,7TH & IMU CIRCLE DR,0,0
2005,4,4,Weekday,1700,2-Car,No injury/unknown,UNSAFE BACKING,17TH & BLUE LOT,0,0
2005,4,5,Weekday,1500,2-Car,No injury/unknown,FAILURE TO YIELD RIGHT OF WAY,17TH & ORANGE,0,0
2005,7,4,Weekday,1800,2-Car,No injury/unknown,FOLLOWING TOO CLOSELY,17TH & BLUE LOT GATE 2,0,0
2005,8,5,Weekday,1800,2-Car,No injury/unknown,UNSAFE BACKING,UNION & WILKIE E LOT,0,0
2005,9,5,Weekday,1700,2-Car,Non-incapacitating,FOLLOWING TOO CLOSELY,JORDAN & WOODLAWN,0,0
2005,10,6,Weekday,1700,2-Car,No injury/unknown,FAILURE TO YIELD RIGHT OF WAY,N FEE NENUTT PARKING LOT & WALNUT GROVE,0,0
2005,4,2,Weekday,1400,2-Car,No injury/unknown,FAILURE TO YIELD RIGHT OF WAY,ASSEMBLY HALL DR & FEE,0,0
2005,4,4,Weekday,900,2-Car,No injury/unknown,FOLLOWING TOO CLOSELY,TENTH ST & WRIGHT QUAD,0,0
2005,10,1,Weekend,1700,2-Car,No injury/unknown,UNSAFE BACKING,BRISCOE CIRCLE DR & FEE,0,0
2005,10,2,Weekday,1700,2-Car,No injury/unknown,UNSAFE BACKING,10TH ST & UNION,0,0
2005,4,3,Weekday,0,1-Car,No injury/unknown,OTHER (DRIVER) - EXPLAIN IN NARRATIVE,PARKING LOT E 3RD ST,0,0
2005,4,2,Weekday,700,Bus,No injury/unknown,IMPROPER TURNING,17TH & IU MEMORIAL STADIUM,0,0
2005,5,2,Weekday,900,2-Car,No injury/unknown,UNSAFE BACKING,10TH & STONEBELT,0,0
2005,7,6,Weekday,900,2-Car,No injury/unknown,OVERCORRECTING/OVERSTEERING,INDIANA & IU GILMORE LOT,0,0
2005,7,6,Weekday,1400,2-Car,No injury/unknown,BRAKE FAILURE OR DEFECTIVE,MCNUTT W PARKING & WALNUT GROVE,0,0
2005,4,5,Weekday,1200,2-Car,No injury/unknown,FAILURE TO YIELD RIGHT OF WAY,BOLFOUR & JORDAN EXTENSION,0,0
2005,8,1,Weekend,1200,2-Car,No injury/unknown,,17TH & BRISCOE PARKING LOT,0,0
2005,11,5,Weekday,1000,1-Car,Non-incapacitating,FAILURE TO YIELD RIGHT OF WAY,LEAD & N JORDAN AVE,0,0
2005,1,4,Weekday,1300,2-Car,No injury/unknown,FAILURE TO YIELD RIGHT OF WAY,DUNN & WHITE LOT MEMORIAL STADIUM,0,0
2005,2,5,Weekday,1200,2-Car,No injury/unknown,UNSAFE BACKING,THIRD ST,0,0
2005,4,5,Weekday,1200,2-Car,No injury/unknown,UNSAFE BACKING,NINETENTH & WHITE,0,0
2005,4,5,Weekday,1300,2-Car,No injury/unknown,UNSAFE BACKING,ALLEY & TENTH,0,0
2005,1,5,Weekday,2000,2-Car,No injury/unknown,IMPROPER PASSING,JORDAN AVE & PRESIDENTS,0,0
2005,5,3,Weekday,200,1-Car,Non-incapacitating,UNSAFE SPEED,FORREST ST & KIRKWOOD,0,0
2005,1,3,Weekday,1400,2-Car,No injury/unknown,UNSAFE BACKING,DUNN & WHITE,0,0
2005,1,3,Weekday,1700,2-Car,No injury/unknown,ROADWAY SURFACE CONDITION,2ND & WALNUT ST,0,0
2005,3,6,Weekday,1700,1-Car,No injury/unknown,OTHER (VEHICLE) - EXPLAIN IN NARRATIVE,PARKING LOT E COVENANTER,0,0
2005,11,2,Weekday,1600,2-Car,No injury/unknown,FAILURE TO YIELD RIGHT OF WAY,COLLEGE MALL RD & ENTRANCE TO COLLEGE MALL EASTL,0,0
2005,1,4,Weekday,1800,2-Car,No injury/unknown,FAILURE TO YIELD RIGHT OF WAY,3RD & WALNUT ST,0,0
2005,1,4,Weekday,1800,1-Car,No injury/unknown,ALCOHOLIC BEVERAGES,FENBROOK & MOOSE PIKE,0,0
2005,1,2,Weekday,2100,2-Car,No injury/unknown,DRIVER DISTRACTED - EXPLAIN IN NARRATIVE,10TH ST & SR45,0,0
2005,2,5,Weekday,1100,1-Car,No injury/unknown,IMPROPER TURNING,-,0,0
2005,2,2,Weekday,800,2-Car,No injury/unknown,FAILURE TO YIELD RIGHT OF WAY,BLOOMFIELD RD & LIBERTY HICKROYLEAD,0,0
2005,3,6,Weekday,1100,2-Car,No injury/unknown,FAILURE TO YIELD RIGHT OF WAY,APARTMENTS ACCESS & WHAPEHANI HILLS,0,0
2005,4,7,Weekend,1100,2-Car,No injury/unknown,FAILURE TO YIELD RIGHT OF WAY,PIKE & WALNUT ST,0,0
2005,7,7,Weekend,1600,1-Car,Non-incapacitating,UNSAFE SPEED,446 & TOWER,0,0
2005,1,4,Weekday,1400,2-Car,No injury/unknown,FAILURE TO YIELD RIGHT OF WAY,RHORER & SR37,0,0
2005,1,7,Weekend,800,2-Car,No injury/unknown,OTHER (DRIVER) - EXPLAIN IN NARRATIVE,SR37,0,0
2005,1,1,Weekend,1300,2-Car,No injury/unknown,FAILURE TO YIELD RIGHT OF WAY,ANDERSON & SR37,0,0
2005,3,3,Weekday,2200,2-Car,No injury/unknown,ROADWAY SURFACE CONDITION,DANIELS & TASIS,0,0
2005,7,7,Weekend,400,1-Car,Non-incapacitating,UNSAFE SPEED,HANDY RD & MOFFETT,0,0
2005,4,5,Weekday,300,1-Car,No injury/unknown,ALCOHOLIC BEVERAGES,FAIRFAX & SR37,0,0
2005,3,3,Weekday,700,2-Car,No injury/unknown,OTHER (DRIVER) - EXPLAIN IN NARRATIVE,OUTBACK & SR46,0,0
2005,3,3,Weekday,800,1-Car,Non-incapacitating,OTHER (DRIVER) - EXPLAIN IN NARRATIVE,HARTSTRIGHT & WOODYARD RD,0,0
2005,3,4,Weekday,700,2-Car,No injury/unknown,IMPROPER PASSING,FAIRFAX RD & OLD WALNUT,0,0
2005,3,1,Weekend,200,1-Car,Non-incapacitating,ILLEGAL DRUGS,SR37 & WAYSIDE,0,0
2005,3,7,Weekend,1600,3+ Cars,No injury/unknown,FOLLOWING TOO CLOSELY,LEONARD SPRINGS & SR 15,0,0
2005,3,7,Weekend,1800,3+ Cars,No injury/unknown,IMPROPER TURNING,CHURCH & SR37,0,0
2005,1,2,Weekday,600,2-Car,No injury/unknown,FAILURE TO YIELD RIGHT OF WAY,RHORER & SR37,0,0
2005,4,5,Weekday,1700,2-Car,No injury/unknown,FAILURE TO YIELD RIGHT OF WAY,Fullerton & SR37,0,0
2005,7,4,Weekday,1500,2-Car,No injury/unknown,FOLLOWING TOO CLOSELY,BENDER & SR46 E,0,0
2005,3,7,Weekend,1200,1-Car,No injury/unknown,OTHER (DRIVER) - EXPLAIN IN NARRATIVE,POWERRIDGE RD & SR446,0,0
2005,4,3,Weekday,1100,1-Car,No injury/unknown,RAN OFF ROAD RIGHT,FULLERTON PARK & LONAND SPRS,0,0
2005,7,3,Weekday,1400,2-Car,No injury/unknown,LEFT OF CENTER,RATLIFF & SR45 E,0,0
2005,1,2,Weekday,600,1-Car,No injury/unknown,ANIMAL/OBJECT IN ROADWAY,MOORES & STIPP,0,0
2005,1,3,Weekday,500,2-Car,Non-incapacitating,STEERING FAILURE,COOK INC DR & DANIELS,0,0
2005,1,2,Weekday,1800,2-Car,Non-incapacitating,OTHER (DRIVER) - EXPLAIN IN NARRATIVE,RATLIFF RD & THOMAS,0,0
2005,2,3,Weekday,1300,2-Car,No injury/unknown,OTHER (ENVIRONMENTAL) - EXPLAIN IN NARR,FAIRFAX RD & OLD WALNUT,0,0
2005,2,5,Weekday,700,2-Car,No injury/unknown,ROADWAY SURFACE CONDITION,SMITH PIKE & WOODYARD,0,0
2005,1,2,Weekday,600,2-Car,No injury/unknown,FAILURE TO YIELD RIGHT OF WAY,RHORER & SR37,0,0
2005,5,7,Weekend,1300,2-Car,Non-incapacitating,IMPROPER TURNING,KETCHUM & Old State Road 37,0,0
2005,6,6,Weekday,800,1-Car,No injury/unknown,STEERING FAILURE,SHUFFLE & SR46,0,0
2005,10,2,Weekday,600,2-Car,Fatal,LEFT OF CENTER,COUNTY LINE & SR 45,0,0
2005,6,4,Weekday,1600,2-Car,No injury/unknown,OTHER (DRIVER) - EXPLAIN IN NARRATIVE,REDHILL & SR 64,0,0
2005,9,1,Weekend,1300,2-Car,No injury/unknown,,MONROE DAM & PARKING LOT,0,0
2005,5,2,Weekday,600,1-Car,No injury/unknown,OVERCORRECTING/OVERSTEERING,LOUDEN & RATLIFF,0,0
2005,7,3,Weekday,1700,2-Car,Non-incapacitating,LEFT OF CENTER,MONROE DAM & VALLEY MISSION RD,0,0
2005,5,3,Weekday,1500,2-Car,Non-incapacitating,FAILURE TO YIELD RIGHT OF WAY,MCNEELY & UNION VALLEY RD,0,0
2005,6,5,Weekday,1700,2-Car,No injury/unknown,OTHER (DRIVER) - EXPLAIN IN NARRATIVE,,0,0
2005,6,6,Weekday,1800,2-Car,No injury/unknown,OTHER (DRIVER) - EXPLAIN IN NARRATIVE,Fullerton & SR37,0,0
2005,9,6,Weekday,700,2-Car,No injury/unknown,DRIVER DISTRACTED - EXPLAIN IN NARRATIVE,LECO & OLD STATE HWY446,0,0
2005,7,1,Weekend,1400,2-Car,Non-incapacitating,FOLLOWING TOO CLOSELY,RHORER & SR37,0,0
2005,6,6,Weekday,1700,2-Car,Incapacitating,IMPROPER TURNING,BROWN COUNTY LINE & SR46,0,0
2005,7,3,Weekday,1500,2-Car,No injury/unknown,BRAKE FAILURE OR DEFECTIVE,HART STRAIT & SR48 W,0,0
2005,6,3,Weekday,0,Moped/Motorcycle,Non-incapacitating,UNSAFE SPEED,SR445 & SR45,0,0
2005,9,6,Weekend,1900,2-Car,No injury/unknown,FOLLOWING TOO CLOSELY,ORCHARD & SR37S,0,0
2005,9,1,Weekend,1200,2-Car,No injury/unknown,DISREGARD SIGNAL/REG SIGN,SMITH PIKE & SR46,0,0
2005,9,3,Weekday,800,2-Car,No injury/unknown,NONE (DRIVER),PARKING LOT & POINTRIDGE,0,0
2005,9,2,Weekday,1400,2-Car,Non-incapacitating,LEFT OF CENTER,BERNICE & STIPP RD,0,0
2005,4,7,Weekend,900,2-Car,Non-incapacitating,OTHER (ENVIRONMENTAL) - EXPLAIN IN NARR,LYWEST & UNION VALLEY,0,0
2005,4,2,Weekday,1400,1-Car,No injury/unknown,DRIVER ASLEEP OR FATIGUED,SR37,0,0
2005,3,2,Weekday,700,2-Car,No injury/unknown,OTHER (DRIVER) - EXPLAIN IN NARRATIVE,BETHEL & SR37,0,0
2005,3,2,Weekday,700,2-Car,No injury/unknown,DISREGARD SIGNAL/REG SIGN,BETHEL & SR37,0,0
2005,4,1,Weekday,2100,2-Car,Non-incapacitating,ALCOHOLIC BEVERAGES,CURRY & JOHN MILLARD,0,0
2005,4,4,Weekday,1700,2-Car,No injury/unknown,FOLLOWING TOO CLOSELY,CENENNIAL & SR46,0,0
2005,6,5,Weekday,2100,1-Car,Incapacitating,,HINES RD & SR45,0,0
2005,9,7,Weekend,1400,2-Car,No injury/unknown,,CVS PARKING LOT & UNION VALLEY,0,0
2005,9,2,Weekday,1200,1-Car,No injury/unknown,OTHER (DRIVER) - EXPLAIN IN NARRATIVE,MCNEELY & UNION VALLEY RD,0,0
2005,11,7,Weekend,1300,2-Car,No injury/unknown,OTHER (DRIVER) - EXPLAIN IN NARRATIVE,ENTRANCE TO SOUTH PARK & SR 37,0,0
2005,10,2,Weekday,2300,1-Car,Non-incapacitating,RAN OFF ROAD RIGHT,GREENE CO LINE & SR45,0,0
2005,10,5,Weekday,2300,1-Car,No injury/unknown,TRAFFIC CONTROL INOPERATIVE/MISSING/OBSC,GORE & SR37,0,0
2005,4,5,Weekday,1900,1-Car,Non-incapacitating,ALCOHOLIC BEVERAGES,BROOK BANK & BROOKWOOD DR,0,0
2005,4,6,Weekday,1400,1-Car,Non-incapacitating,OVERCORRECTING/OVERSTEERING,ELWREN & MONROE,0,0
2005,5,7,Weekend,300,1-Car,No injury/unknown,ALCOHOLIC BEVERAGES,HARTSTRAIGHT & SR 46,0,0
2005,5,3,Weekday,1600,Moped/Motorcycle,Non-incapacitating,OTHER (DRIVER) - EXPLAIN IN NARRATIVE,ALEXIS RD & NICKS,0,0
2005,7,7,Weekend,1100,1-Car,No injury/unknown,OTHER (DRIVER) - EXPLAIN IN NARRATIVE,ENDWRIGHT RD & ENTRANCE KARST PARK,0,0
2005,7,2,Weekday,900,2-Car,Non-incapacitating,FAILURE TO YIELD RIGHT OF WAY,GORDON & SR37 S,0,0
2005,9,7,Weekend,800,Moped/Motorcycle,Non-incapacitating,OTHER (DRIVER) - EXPLAIN IN NARRATIVE,SR34 & SR464,0,0
2005,12,4,Weekday,900,2-Car,No injury/unknown,SPEED TOO FAST FOR WEATHER CONDITIONS,ELREN RD & SR 45,0,0
2005,12,5,Weekday,1400,1-Car,No injury/unknown,OTHER (DRIVER) - EXPLAIN IN NARRATIVE,N RUSSELL & SH45E,0,0
2005,2,5,Weekday,1600,2-Car,No injury/unknown,LEFT OF CENTER,AUDUBON & OLD SR37,0,0
2005,1,7,Weekend,1900,1-Car,Non-incapacitating,UNSAFE SPEED,DANNY SMITH & SR45,0,0
2005,1,7,Weekend,300,2-Car,No injury/unknown,UNSAFE SPEED,PARKING LOT,0,0
2005,7,6,Weekday,500,1-Car,No injury/unknown,UNSAFE SPEED,SHUFFLE CREEK & SOUTHSHORE DR,0,0
2005,8,5,Weekday,1400,1-Car,No injury/unknown,DRIVER DISTRACTED - EXPLAIN IN NARRATIVE,POINTE RD & POINTE VIEW,0,0
2005,3,6,Weekday,1000,2-Car,No injury/unknown,FAILURE TO YIELD RIGHT OF WAY,FRONTAGE & SR45,0,0
2005,10,3,Weekday,1700,1-Car,Non-incapacitating,FAILURE TO YIELD RIGHT OF WAY,4TH ST & WALNUT,0,0
2005,11,3,Weekday,1500,2-Car,Non-incapacitating,FOLLOWING TOO CLOSELY,ADAMS & SR45,0,0
2005,11,4,Weekday,,2-Car,No injury/unknown,UNSAFE BACKING,,0,0
2005,11,3,Weekday,1100,2-Car,No injury/unknown,OTHER (DRIVER) - EXPLAIN IN NARRATIVE,800 W GOURLY & PARKING LOT,0,0
2005,12,3,Weekday,1200,2-Car,No injury/unknown,OTHER (DRIVER) - EXPLAIN IN NARRATIVE,1175 COLLEGE MALL & PARKING LOT,0,0
2005,10,7,Weekend,2100,2-Car,Non-incapacitating,FAILURE TO YIELD RIGHT OF WAY,KINGSTON DR & TARGET PARKING LOT,0,0
2005,11,5,Weekday,1500,2-Car,No injury/unknown,,PARKING LOT S WALNUT ST,0,0
2005,11,5,Weekday,1800,2-Car,No injury/unknown,OTHER (DRIVER) - EXPLAIN IN NARRATIVE,214 E 17TH & PARKING LOT,0,0
2005,10,7,Weekend,2100,2-Car,No injury/unknown,UNSAFE BACKING,KELLIS & TIMBERS TRAIL LN,0,0
2005,10,6,Weekend,1900,2-Car,Non-incapacitating,FOLLOWING TOO CLOSELY,COUNTRY CLUB & WALNUT,0,0
2005,10,4,Weekday,1100,2-Car,Non-incapacitating,DISREGARD SIGNAL/REG SIGN,DANIEL & SARE RD,0,0
2005,10,4,Weekday,1200,2-Car,No injury/unknown,UNSAFE BACKING,100 BLOCK DUNN & MUNICIPAL PARKING LOT,0,0
2005,11,1,Weekday,2000,2-Car,No injury/unknown,SPEED TOO FAST FOR WEATHER CONDITIONS,2ND & WALNUT ST,0,0
2005,10,5,Weekday,1700,2-Car,Non-incapacitating,FAILURE TO YIELD RIGHT OF WAY,OAKDALE & SR45,0,0
2005,10,1,Weekday,2200,1-Car,Non-incapacitating,RAN OFF ROAD RIGHT,OAKDALE DR & SR45,0,0
2005,11,5,Weekday,1600,2-Car,No injury/unknown,OTHER (DRIVER) - EXPLAIN IN NARRATIVE,S PARKING LOT KINGSTON DR,0,0
2005,11,3,Weekday,1600,2-Car,No injury/unknown,UNSAFE BACKING,EAST PARKING LOT 3RD ST,0,0
2005,11,5,Weekday,1900,2-Car,No injury/unknown,OTHER (DRIVER) - EXPLAIN IN NARRATIVE,EXIT RAMP TO W 3RD & State Road 37 Ramp,0,0
2005,11,6,Weekday,1600,3+ Cars,No injury/unknown,FOLLOWING TOO CLOSELY,BLOOMFIELD & LIBERTY,0,0
2005,11,4,Weekday,1500,3+ Cars,Non-incapacitating,FOLLOWING TOO CLOSELY,COLLEGE MALL RD,0,0
2005,12,7,Weekend,1200,3+ Cars,No injury/unknown,ALCOHOLIC BEVERAGES,State Road 37 45 & VEMAL,0,0
2005,12,7,Weekend,1500,2-Car,No injury/unknown,LEFT OF CENTER,BURCH & PECAN LN,0,0
2005,12,7,Weekend,1900,2-Car,No injury/unknown,OTHER (DRIVER) - EXPLAIN IN NARRATIVE,45 46 BYPASS & DUNN,0,0
2005,12,4,Weekday,1500,1-Car,Non-incapacitating,OTHER (DRIVER) - EXPLAIN IN NARRATIVE,WHITEHALL,0,0
2005,10,2,Weekday,1200,2-Car,Non-incapacitating,DRIVER DISTRACTED - EXPLAIN IN NARRATIVE,LIBERTY & W 3RD ST,0,0
2005,10,7,Weekend,1700,2-Car,No injury/unknown,OTHER (DRIVER) - EXPLAIN IN NARRATIVE,DUNN & SR45 46 BYP,0,0
2005,10,6,Weekend,1900,3+ Cars,Non-incapacitating,FOLLOWING TOO CLOSELY,EASTGATE & SR46 BYP,0,0
2005,11,4,Weekday,1600,2-Car,No injury/unknown,FAILURE TO YIELD RIGHT OF WAY,PATTERSON & ROGERS ST,0,0
2005,11,1,Weekend,1100,1-Car,No injury/unknown,RAN OFF ROAD RIGHT,E HILLSSIDE RD & J HENDERSON,0,0
2005,11,1,Weekday,2200,2-Car,Non-incapacitating,FAILURE TO YIELD RIGHT OF WAY,ESR46 & SMITH,0,0
2005,2,5,Weekday,800,1-Car,No injury/unknown,SPEED TOO FAST FOR WEATHER CONDITIONS,INGRAM & OLD SR 37 HWY,0,0