Year,Month,Day,Weekend?,Hour,Collision Type,Injury Type,Primary Factor,Reported_Location,Latitude,Longitude
2005,2,5,Weekday,1000,2-Car,No injury/unknown,LEFT OF CENTER,BURMA RD & SALEM,0,0
2005,2,3,Weekday,1400,2-Car,No injury/unknown,IMPROPER LANE USAGE,BRIAR GATE & SR46E,0,0
2005,4,7,Weekend,2200,1-Car,Non-incapacitating,UNSAFE SPEED,OLD SR 37 & SR37N,0,0
2005,5,5,Weekday,1200,2-Car,Non-incapacitating,DRIVER ILLNESS,HARTSTRAIGHT & SR46E,0,0
2005,6,2,Weekday,1300,2-Car,No injury/unknown,IMPROPER PASSING,FAIRFAX RD & MOFFET,0,0
2005,5,5,Weekday,1200,2-Car,Non-incapacitating,DRIVER ILLNESS,ENDWRIGHT & SR46,0,0
2005,7,7,Weekend,200,2-Car,No injury/unknown,FAILURE TO YIELD RIGHT OF WAY,FAIRFAX RD & SANDERS 2ND,0,0
2005,8,2,Weekday,1500,1-Car,No injury/unknown,ANIMAL/OBJECT IN ROADWAY,KETCHUM RUNAROUND & OLD SR37S HWY,0,0
2005,8,3,Weekday,1400,3+ Cars,Non-incapacitating,UNSAFE SPEED,UNION VALLEY RD & WILLOW,0,0
2005,11,5,Weekday,2200,1-Car,No injury/unknown,ANIMAL/OBJECT IN ROADWAY,BOTTOM & SR37N,0,0
2005,12,2,Weekday,1900,1-Car,No injury/unknown,ANIMAL/OBJECT IN ROADWAY,SR37S & WYLIE,0,0
2005,12,2,Weekday,1900,1-Car,No injury/unknown,ANIMAL/OBJECT IN ROADWAY,SR37S & WYLIE,0,0
2005,12,6,Weekday,1500,2-Car,No injury/unknown,BRAKE FAILURE OR DEFECTIVE,OLD SR37S & SR37S,0,0
2004,2,5,Weekday,0,1-Car,Non-incapacitating,SPEED TOO FAST FOR WEATHER CONDITIONS,JACHIN & MT TABOR RD,39.33653673,-86.6242
2004,2,4,Weekday,1400,2-Car,No injury/unknown,FOLLOWING TOO CLOSELY,3RD ST & LIBERTY,39.335152,-86.607008
2004,5,7,Weekend,1100,2-Car,Incapacitating,DISREGARD SIGNAL/REG SIGN,3RD & LIBERTY,39.335152,-86.607008
2004,7,5,Weekday,1500,2-Car,Non-incapacitating,FAILURE TO YIELD RIGHT OF WAY,3RD ST & LIBERTY,39.335152,-86.607008
2004,5,6,Weekday,1200,2-Car,No injury/unknown,OVERCORRECTING/OVERSTEERING,3RD ST & LIBERTY,39.335152,-86.607008
2004,12,5,Weekday,1900,2-Car,No injury/unknown,UNSAFE BACKING,3RD ST & LIBERTY,39.335152,-86.607008
2004,6,5,Weekday,400,1-Car,No injury/unknown,TRAFFIC CONTROL INOPERATIVE/MISSING/OBSC,BRYANTS CREEK & SR37,39.33448745,-86.51231241
2004,11,1,Weekend,1800,1-Car,Non-incapacitating,ANIMAL/OBJECT IN ROADWAY,BRYANS CREEK & SR37,39.32331229,-86.51238497
2004,5,1,Weekend,100,1-Car,Non-incapacitating,DRIVER ASLEEP OR FATIGUED,FAIRFAX & WALNUT PIKE,39.32310326,-86.526499
2004,1,5,Weekday,2100,1-Car,No injury/unknown,ANIMAL/OBJECT IN ROADWAY,BURMA & SR37,39.32229338,-86.51171092
2004,12,4,Weekday,700,Pedestrian,Non-incapacitating,ANIMAL/OBJECT IN ROADWAY,BURMA & SR37S,39.32100096,-86.51111203
2004,1,7,Weekend,700,2-Car,Non-incapacitating,DRIVER ASLEEP OR FATIGUED,CROSSOVER & SR37,39.31464197,-86.51702267
2004,4,6,Weekday,700,1-Car,No injury/unknown,OTHER (DRIVER) - EXPLAIN IN NARRATIVE,BURMA & SR37,39.3129574,-86.51203488
2004,8,3,Weekday,1100,2-Car,No injury/unknown,LEFT OF CENTER,COUNTYLINE & WOLF MNT RD,39.31064,-86.668096
2004,6,5,Weekday,2300,2-Car,No injury/unknown,,SR37 & SYLVAN,39.30874305,-86.514917
2004,1,6,Weekday,1400,1-Car,Non-incapacitating,DRIVER DISTRACTED - EXPLAIN IN NARRATIVE,CHAMBERS PIKE & SR37,39.30651909,-86.51481399
2004,4,7,Weekend,1200,1-Car,No injury/unknown,BRAKE FAILURE OR DEFECTIVE,MAIN ST & RAILROAD,39.302656,-86.652448
2004,8,6,Weekday,1600,1-Car,Non-incapacitating,RAN OFF ROAD RIGHT,CROSSOVER & DITTEMORE RD,39.302399,-86.5187807
2004,3,7,Weekend,1800,1-Car,Non-incapacitating,UNSAFE SPEED,DITTEMORE RD & NORTH  CROSSOVER,39.302399,-86.51866095
2004,11,4,Weekday,1700,2-Car,Incapacitating,SPEED TOO FAST FOR WEATHER CONDITIONS,COLLIER CEMETARY & DITTEMORE RD,39.301999,-86.53689784
2004,1,2,Weekday,800,1-Car,No injury/unknown,SPEED TOO FAST FOR WEATHER CONDITIONS,DENNY & DITTEMORE,39.29519663,-86.54890593
2004,11,1,Weekend,1300,2-Car,Non-incapacitating,IMPROPER PASSING,JORDAN AVE & THIRD,39.2922969,-86.516399
2004,3,6,Weekday,1400,2-Car,No injury/unknown,IMPROPER PASSING,ALFRED & MT TABER,39.291312,-86.626128
2004,10,1,Weekend,1500,2-Car,Non-incapacitating,IMPROPER PASSING,FOX HOLLOW & SR37S,39.28909888,-86.51841986
2004,3,1,Weekend,1200,2-Car,No injury/unknown,FAILURE TO YIELD RIGHT OF WAY,SR37,39.28844,-86.518728
2004,6,6,Weekend,2200,1-Car,No injury/unknown,OTHER (VEHICLE) - EXPLAIN IN NARRATIVE,SR37,39.28844,-86.518728
2004,11,4,Weekday,1300,1-Car,Non-incapacitating,RAN OFF ROAD RIGHT,FOX HOLLOW & SR37,39.287808,-86.519024
2004,3,3,Weekday,1700,2-Car,No injury/unknown,UNSAFE SPEED,LINGLBACH & UNION,39.28297844,-86.512494
2004,5,6,Weekday,1600,2-Car,No injury/unknown,IMPROPER PASSING,HEDRICK & STINESVILLE RD,39.281744,-86.662992
2004,2,6,Weekday,800,1-Car,No injury/unknown,OTHER (ENVIRONMENTAL) - EXPLAIN IN NARR,COUNTY LINE & SR46W,39.28130129,-86.68311888
2004,12,6,Weekday,1400,1-Car,No injury/unknown,OVERCORRECTING/OVERSTEERING,COUNTY LINE & SR46,39.28085855,-86.68143779
2004,12,4,Weekday,0,1-Car,No injury/unknown,OTHER (DRIVER) - EXPLAIN IN NARRATIVE,SIMPSON & US37,39.280496,-86.522864
2004,1,3,Weekday,700,1-Car,No injury/unknown,SPEED TOO FAST FOR WEATHER CONDITIONS,HEDRICK & STINESVILLE,39.27762602,-86.66293781
2004,2,1,Weekend,1500,2-Car,No injury/unknown,OTHER (DRIVER) - EXPLAIN IN NARRATIVE,WILLIAMSBURG DR,39.274624,-86.551072
2004,11,6,Weekday,1400,2-Car,No injury/unknown,FOLLOWING TOO CLOSELY,3RD & WILLIAMSBURG,39.274624,-86.551072
2004,2,4,Weekday,900,1-Car,No injury/unknown,ROADWAY SURFACE CONDITION,SHORE DR & SPILLWAY,39.27231391,-86.4095797
2004,5,7,Weekend,1000,1-Car,No injury/unknown,RAN OFF ROAD RIGHT,BLK N DUNN & KENWOOD,39.27079951,-86.528899
2004,12,1,Weekend,1300,1-Car,No injury/unknown,ROADWAY SURFACE CONDITION,SAILAWAY & SHORE RD,39.26975998,-86.39059105
2004,2,4,Weekday,1700,Moped/Motorcycle,Non-incapacitating,FOLLOWING TOO CLOSELY,CASCADES BALL FIELD & SR37,39.26891991,-86.52287428
2004,11,3,Weekday,2000,2-Car,Non-incapacitating,FOLLOWING TOO CLOSELY,OLD SR37 & SR37,39.26891991,-86.52287428
2004,11,3,Weekday,2000,2-Car,Non-incapacitating,LEFT OF CENTER,OLD SR37 & SR37,39.26891991,-86.52287428
2004,3,4,Weekday,1600,2-Car,Non-incapacitating,OVERCORRECTING/OVERSTEERING,SR46 & STINESVILLE,39.26884742,-86.66789437
2004,4,5,Weekday,1200,2-Car,No injury/unknown,UNSAFE BACKING,RODE,39.2684,-86.645984
2004,12,1,Weekend,1000,2-Car,No injury/unknown,OTHER (DRIVER) - EXPLAIN IN NARRATIVE,RICHLAND PLZ & SR46,39.26805146,-86.59262603
2004,1,4,Weekday,1100,3+ Cars,No injury/unknown,FOLLOWING TOO CLOSELY,SR46 & STINESVILLE,39.26779716,-86.66675119
2004,7,5,Weekday,1200,1-Car,No injury/unknown,RAN OFF ROAD RIGHT,SR46 & STINESVILLE,39.26687742,-86.66573814
2004,10,6,Weekday,1500,2-Car,No injury/unknown,OTHER (DRIVER) - EXPLAIN IN NARRATIVE,SR 46 & STINESVILLE,39.26675409,-86.6656023
2004,3,6,Weekday,1700,2-Car,No injury/unknown,OTHER (DRIVER) - EXPLAIN IN NARRATIVE,SR46 & STINESVILLE,39.266752,-86.6656
2004,12,4,Weekday,1700,1-Car,No injury/unknown,OTHER (DRIVER) - EXPLAIN IN NARRATIVE,SR46 & STINESVILLE,39.266752,-86.6656
2004,2,2,Weekday,1200,2-Car,Non-incapacitating,UNSAFE SPEED,COWDEN & MT TABOR,39.266604,-86.61147795
2004,8,1,Weekend,1200,2-Car,Non-incapacitating,FAILURE TO YIELD RIGHT OF WAY,SAMPLE & SR 37,39.26616,-86.522752
2004,6,3,Weekday,1700,2-Car,Non-incapacitating,DISREGARD SIGNAL/REG SIGN,ANDERSON & OLD SR 37,39.266,-86.501696
2004,3,4,Weekday,800,2-Car,Non-incapacitating,LEFT OF CENTER,ANDERSON RD & OLD SR 37 N,39.266,-86.501696
2004,4,4,Weekday,1800,1-Car,No injury/unknown,RAN OFF ROAD RIGHT,5115 MAPLE GROVE & MAPLE GROVE,39.26534369,-86.56943071
2004,6,5,Weekday,1800,1-Car,Non-incapacitating,RAN OFF ROAD RIGHT,BOTTOM & LAWSON RD,39.26501043,-86.53890423
2004,8,6,Weekday,1800,1-Car,No injury/unknown,STEERING FAILURE,SAMPLE RD & SR 37,39.26418158,-86.51640645
2004,11,2,Weekday,1100,2-Car,Non-incapacitating,IMPROPER LANE USAGE,LEE PAUL & SR37,39.26366078,-86.52088856
2004,10,5,Weekday,900,2-Car,Non-incapacitating,FAILURE TO YIELD RIGHT OF WAY,SR37 & WAYPORT,39.263024,-86.52264
2004,5,4,Weekday,1400,3+ Cars,Non-incapacitating,DRIVER ASLEEP OR FATIGUED,OLDSR37 & SR37,39.263024,-86.52264
2004,2,1,Weekday,2000,2-Car,No injury/unknown,IMPROPER TURNING,SR37 & WAYPORT,39.263024,-86.52264
2004,7,1,Weekend,1300,2-Car,No injury/unknown,FOLLOWING TOO CLOSELY,BUISINESS & SR37 N,39.263024,-86.52264
2004,12,3,Weekday,500,2-Car,Non-incapacitating,FAILURE TO YIELD RIGHT OF WAY,SR37 & WAYPORT,39.263024,-86.52264
2004,8,3,Weekday,1200,1-Car,No injury/unknown,RAN OFF ROAD RIGHT,SR37 & WAYPORT,39.263024,-86.52264
2004,7,6,Weekend,2200,2-Car,Non-incapacitating,FAILURE TO YIELD RIGHT OF WAY,SR37 & WAYPORT,39.263024,-86.52264
2004,7,7,Weekend,1100,2-Car,Non-incapacitating,LEFT OF CENTER,SAMPLE RD & SR37,39.26284214,-86.51517078
2004,12,2,Weekday,800,2-Car,No injury/unknown,LEFT OF CENTER,DELAP & WOODALL RD,39.261296,-86.583248
2004,7,7,Weekend,1300,1-Car,No injury/unknown,DRIVER ASLEEP OR FATIGUED,DELAP & J STEWART,39.261099,-86.58314329
2004,12,7,Weekend,1600,2-Car,No injury/unknown,ROADWAY SURFACE CONDITION,SR37 & WAYPORT RD,39.26074768,-86.52277043
2004,8,5,Weekday,1900,2-Car,Non-incapacitating,OTHER (DRIVER) - EXPLAIN IN NARRATIVE,CHAFIN CHAPEL & SR46,39.259744,-86.657504
2004,12,4,Weekday,1100,2-Car,No injury/unknown,DRIVER ASLEEP OR FATIGUED,CHAFIN CHAPEL & SR46,39.259744,-86.657504
2004,5,2,Weekday,500,1-Car,No injury/unknown,ANIMAL/OBJECT IN ROADWAY,CHAFFIN CHAPEL & SR46,39.25958926,-86.65758113
2004,10,6,Weekday,1200,2-Car,No injury/unknown,FOLLOWING TOO CLOSELY,SMITH PIKE & WOODYARD,39.25954059,-86.583099
2004,6,2,Weekday,1000,2-Car,Non-incapacitating,DRIVER DISTRACTED - EXPLAIN IN NARRATIVE,FLATWOODS & SR46,39.25629571,-86.65580244
2004,2,4,Weekday,900,2-Car,Non-incapacitating,FAILURE TO YIELD RIGHT OF WAY,COWDEN & DELAP RD,39.254128,-86.592464
2004,11,1,Weekend,1800,1-Car,No injury/unknown,ANIMAL/OBJECT IN ROADWAY,BOTTOM & SR37,39.25407239,-86.54219875
2004,9,7,Weekend,700,1-Car,No injury/unknown,ANIMAL/OBJECT IN ROADWAY,DUTCH CHURCH & RED HILL RD,39.252368,-86.635936
2004,12,3,Weekday,300,1-Car,No injury/unknown,,DELAP & MT TABOR RD,39.252336,-86.620512
2004,12,2,Weekday,1800,2-Car,No injury/unknown,IMPROPER PASSING,DELAP RD & MT TABOR,39.252336,-86.620512
2004,3,7,Weekend,300,1-Car,Non-incapacitating,RAN OFF ROAD RIGHT,DELAP RD & UNION VALLY,39.251904,-86.592816
2004,1,5,Weekday,700,1-Car,Non-incapacitating,RAN OFF ROAD RIGHT,4820 HUDOFF ROBINSON & ROBINSON RD,39.251536,-86.46392
2004,10,3,Weekday,600,2-Car,Non-incapacitating,OVERCORRECTING/OVERSTEERING,SHUFFLE CRK & SOUTH SHORE,39.251536,-86.400816
2004,1,3,Weekday,1700,1-Car,No injury/unknown,ROADWAY SURFACE CONDITION,SHUFFLE CREEK & SOUTH SHORE,39.251536,-86.400816
2004,12,1,Weekend,500,1-Car,No injury/unknown,ROADWAY SURFACE CONDITION,SHORE & SHUFFLE CRK,39.251536,-86.400816
2004,5,3,Weekday,700,2-Car,No injury/unknown,FAILURE TO YIELD RIGHT OF WAY,SOUTH SHORE DR & SUNSHINE,39.2514,-86.39761654
2004,5,5,Weekday,2200,Moped/Motorcycle,No injury/unknown,OTHER (DRIVER) - EXPLAIN IN NARRATIVE,SR46,39.2512,-86.652504
2004,4,7,Weekend,1600,3+ Cars,Non-incapacitating,FOLLOWING TOO CLOSELY,SR46,39.2512,-86.652504
2004,5,3,Weekday,1200,2-Car,No injury/unknown,OTHER TELEMATICS IN USE,SR46,39.2512,-86.652504
2004,8,5,Weekday,2000,2-Car,Non-incapacitating,UNSAFE BACKING,SR46,39.2512,-86.652504
2004,2,6,Weekday,700,2-Car,Non-incapacitating,OTHER (DRIVER) - EXPLAIN IN NARRATIVE,SR 46,39.2512,-86.652504
2004,6,6,Weekday,1300,2-Car,Non-incapacitating,OTHER (DRIVER) - EXPLAIN IN NARRATIVE,SR 46,39.2512,-86.652504
2004,8,4,Weekday,1500,2-Car,Non-incapacitating,FAILURE TO YIELD RIGHT OF WAY,SR 46,39.2512,-86.652504
2004,6,7,Weekend,2300,Moped/Motorcycle,Non-incapacitating,FOLLOWING TOO CLOSELY,SR 46,39.2512,-86.652504
2004,8,6,Weekday,1500,2-Car,Non-incapacitating,IMPROPER TURNING,SR 46,39.2512,-86.652504
2004,12,5,Weekday,1300,2-Car,Non-incapacitating,FAILURE TO YIELD RIGHT OF WAY,SR46,39.2512,-86.652504
2004,12,2,Weekday,1300,1-Car,No injury/unknown,OTHER (DRIVER) - EXPLAIN IN NARRATIVE,SR46W,39.2512,-86.652504
2004,8,7,Weekend,2100,1-Car,Non-incapacitating,ROADWAY SURFACE CONDITION,MILLER & ROBINSON,39.25111463,-86.4769948
2004,2,7,Weekend,700,1-Car,Non-incapacitating,CELL PHONE USAGE,MILLER & ROBINSON,39.25108048,-86.47345097
2004,5,4,Weekday,1100,2-Car,Non-incapacitating,DISREGARD SIGNAL/REG SIGN,SR37 & WALNUT,39.250688,-86.529744
2004,1,4,Weekday,1500,2-Car,No injury/unknown,FAILURE TO YIELD RIGHT OF WAY,SR37 & WALNUT ST,39.250688,-86.529744
2004,6,7,Weekend,1200,2-Car,Non-incapacitating,DRIVER DISTRACTED - EXPLAIN IN NARRATIVE,FLATWOODS & SR46,39.25037408,-86.65157746
2004,9,7,Weekend,1300,1-Car,Non-incapacitating,DRIVER DISTRACTED - EXPLAIN IN NARRATIVE,BOTTOM RD & MAPLE GROVE,39.25018336,-86.54781089
2004,9,3,Weekday,2200,1-Car,No injury/unknown,RAN OFF ROAD RIGHT,HEADLEY & HINKLE,39.25012023,-86.513299
2004,11,4,Weekday,1900,1-Car,No injury/unknown,SPEED TOO FAST FOR WEATHER CONDITIONS,MATTHEWS DR & MT TABOR,39.250048,-86.621664
2004,11,1,Weekday,2000,2-Car,No injury/unknown,,MT TABOR AND WALKER & MT TABOR RD,39.250048,-86.621664
2004,10,6,Weekend,2300,1-Car,No injury/unknown,UNSAFE SPEED,MCNEELY & UNION VALLEY RD,39.250048,-86.5928
2004,6,7,Weekend,1800,2-Car,No injury/unknown,LEFT OF CENTER,MEL CURRY & OLD SR 37,39.24968969,-86.504499
2004,9,1,Weekday,2200,1-Car,Non-incapacitating,ANIMAL/OBJECT IN ROADWAY,SHILO & TUNNEL RD,39.24809074,-86.42920012
2004,11,3,Weekday,700,2-Car,No injury/unknown,OTHER (DRIVER) - EXPLAIN IN NARRATIVE,SR37 & STONEBELT,39.24786629,-86.52845641
2004,9,4,Weekday,1600,2-Car,No injury/unknown,FAILURE TO YIELD RIGHT OF WAY,GRIFFITH CEM & SR37,39.24666446,-86.53145486
2004,9,3,Weekday,1300,2-Car,No injury/unknown,IMPROPER PASSING,ELLIS DR,39.245952,-86.53119359
2004,1,5,Weekday,2000,2-Car,No injury/unknown,UNSAFE BACKING,RED HILL & SR46,39.24582199,-86.63866825
2004,8,1,Weekday,2000,2-Car,No injury/unknown,DRIVER DISTRACTED - EXPLAIN IN NARRATIVE,RED HILL & SR46,39.24579079,-86.63795935
2004,2,7,Weekend,1300,2-Car,Non-incapacitating,NONE (DRIVER),RED HILL & SR 46,39.245744,-86.636896
2004,8,2,Weekday,1900,1-Car,Non-incapacitating,UNSAFE SPEED,REDHILL & SR46,39.24568299,-86.63652797
2004,6,7,Weekend,1700,2-Car,No injury/unknown,FAILURE TO YIELD RIGHT OF WAY,MAPLE GROVE & MATHEWS DR,39.245408,-86.6204
2004,3,7,Weekend,800,2-Car,No injury/unknown,LEFT OF CENTER,MAPLE GROVE RD & MATTHEWS,39.24496308,-86.61154317
2004,3,6,Weekend,1900,1-Car,Non-incapacitating,RAN OFF ROAD RIGHT,HEDRICK & SR46,39.24477458,-86.63493007
2004,3,4,Weekday,2000,1-Car,No injury/unknown,ANIMAL/OBJECT IN ROADWAY,HARTSTRAIGHT & SR46,39.24477458,-86.63493007
2004,5,2,Weekday,1700,1-Car,Non-incapacitating,UNSAFE SPEED,MAPLE GROVE & UNION VALLEY RD,39.244752,-86.5928
2004,1,7,Weekend,1200,1-Car,Non-incapacitating,RAN OFF ROAD RIGHT,MAPLE GROVE & UNIONVALLEY RD,39.244752,-86.5928
2004,6,4,Weekday,300,1-Car,Non-incapacitating,RAN OFF ROAD RIGHT,MAPLE LAROUE & UNION VALLY,39.244752,-86.5928
2004,11,6,Weekend,2300,1-Car,No injury/unknown,UNSAFE SPEED,FAIRFAX RD & MT EBAL,39.24418036,-86.490199
2004,10,7,Weekend,2300,1-Car,Non-incapacitating,SPEED TOO FAST FOR WEATHER CONDITIONS,BARR AND MT TABOR & BLOCK MT TABOR,39.241136,-86.440416
2004,11,2,Weekday,1500,1-Car,No injury/unknown,IMPROPER TURNING,PINECONE CT & RIDGE SPRINGS,39.2404,-86.633594
2004,7,7,Weekend,2100,Moped/Motorcycle,Incapacitating,ALCOHOLIC BEVERAGES,ROBINSON & TUNNEL,39.24022818,-86.436288
2004,6,7,Weekend,1300,2-Car,No injury/unknown,FAILURE TO YIELD RIGHT OF WAY,PARKRIDGE RD & THIRD,39.24022512,-86.475499
2004,1,4,Weekday,900,2-Car,No injury/unknown,OTHER (DRIVER) - EXPLAIN IN NARRATIVE,3RD & ACCESS RD,39.238224,-86.538384
2004,5,6,Weekday,1300,1-Car,No injury/unknown,SPEED TOO FAST FOR WEATHER CONDITIONS,CEDAR & POPLAR DR,39.237744,-86.631904
2004,3,5,Weekday,1500,2-Car,Non-incapacitating,FOLLOWING TOO CLOSELY,HOLLY & MCNEELY DR,39.237604,-86.603299
2004,10,6,Weekday,1000,2-Car,No injury/unknown,FAILURE TO YIELD RIGHT OF WAY,MCNEELY ST & SHELLY,39.2376,-86.602398
2004,10,3,Weekday,1100,2-Car,Non-incapacitating,IMPROPER LANE USAGE,CONSTABLE & MAIN ST,39.2373197,-86.62778755
2004,8,6,Weekday,1800,2-Car,Non-incapacitating,LEFT OF CENTER,MELCURRY RD & SHOWERS,39.2372,-86.53384027
2004,4,5,Weekday,2100,Bus,No injury/unknown,OVERCORRECTING/OVERSTEERING,EDGEWOOD DR & SYCAMORE,39.2364,-86.631248
2004,2,3,Weekday,800,2-Car,No injury/unknown,FAILURE TO YIELD RIGHT OF WAY,EDGEWOOD DR,39.236224,-86.630976
2004,5,2,Weekday,700,2-Car,Non-incapacitating,FAILURE TO YIELD RIGHT OF WAY,EDGEWOOD DR,39.236224,-86.630976
2004,12,3,Weekday,2000,Moped/Motorcycle,Incapacitating,RAN OFF ROAD RIGHT,EDGEWOOD DR & TEMPERANCE,39.23619754,-86.62870482
2004,11,7,Weekend,2200,2-Car,Non-incapacitating,FAILURE TO YIELD RIGHT OF WAY,MAIN ST & MATHEWS,39.236096,-86.625168
2004,6,7,Weekend,1100,1-Car,No injury/unknown,SPEED TOO FAST FOR WEATHER CONDITIONS,SR45N & TUNNEL RD,39.23504693,-86.436288
2004,11,6,Weekday,900,2-Car,Non-incapacitating,IMPROPER TURNING,MATTHEWS & SR46,39.234768,-86.626384
2004,2,7,Weekend,1600,2-Car,No injury/unknown,IMPROPER TURNING,MATHEWS & SR 46,39.234768,-86.626384
2004,3,6,Weekday,800,2-Car,Non-incapacitating,DISREGARD SIGNAL/REG SIGN,MATTHEWS & SR46,39.234768,-86.626384
2004,5,2,Weekday,1100,2-Car,Non-incapacitating,UNSAFE BACKING,MATTHEWS & SR46,39.234768,-86.626384
2004,6,5,Weekday,900,2-Car,Non-incapacitating,IMPROPER TURNING,MATHEWS & SR 46,39.234768,-86.626384
2004,9,1,Weekday,2200,2-Car,Incapacitating,ALCOHOLIC BEVERAGES,MATTHEWS & SR 46,39.234768,-86.626384
2004,6,7,Weekend,1300,2-Car,Non-incapacitating,IMPROPER TURNING,MATTHEWS & SR46,39.234768,-86.626384
2004,7,1,Weekday,1900,2-Car,Non-incapacitating,FAILURE TO YIELD RIGHT OF WAY,N WALNUT ST,39.234392,-86.54
2004,7,7,Weekend,1200,2-Car,No injury/unknown,FOLLOWING TOO CLOSELY,SALE & SR46,39.23396448,-86.62502038
2004,8,6,Weekend,2200,2-Car,No injury/unknown,IMPROPER TURNING,SALE & TEMPERANCE,39.23390224,-86.62486219
2004,10,5,Weekday,1600,1-Car,No injury/unknown,SPEED TOO FAST FOR WEATHER CONDITIONS,MURAT & TUNNEL,39.23388127,-86.436288
2004,5,2,Weekday,1800,2-Car,No injury/unknown,IMPROPER TURNING,SALE & W TEMPERANCE,39.23385552,-86.62474343
2004,1,1,Weekend,1600,2-Car,Non-incapacitating,IMPROPER TURNING,SALE & SR46,39.23384,-86.624704
2004,11,5,Weekday,0,2-Car,No injury/unknown,ROADWAY SURFACE CONDITION,SALE & SR46,39.23384,-86.624704
2004,6,4,Weekday,1800,2-Car,Non-incapacitating,DISREGARD SIGNAL/REG SIGN,SALE & SR 46,39.23384,-86.624704
2004,6,1,Weekend,700,2-Car,Non-incapacitating,FAILURE TO YIELD RIGHT OF WAY,SALE & SR 46,39.23384,-86.624704
2004,7,3,Weekday,1300,2-Car,Non-incapacitating,OTHER (DRIVER) - EXPLAIN IN NARRATIVE,SALE & SR46,39.23384,-86.624704
2004,6,4,Weekday,1100,2-Car,No injury/unknown,DISREGARD SIGNAL/REG SIGN,SALE & SR 46,39.23384,-86.624704
2004,6,4,Weekday,1400,2-Car,No injury/unknown,FOLLOWING TOO CLOSELY,SALE & SR 46,39.23384,-86.624704
2004,10,7,Weekend,1600,2-Car,Non-incapacitating,IMPROPER TURNING,SALE & SR46,39.23384,-86.624704
2004,10,6,Weekday,1300,2-Car,No injury/unknown,IMPROPER TURNING,SALE ST & SR46W,39.23375772,-86.62479804
2004,11,6,Weekday,1600,2-Car,Non-incapacitating,IMPROPER TURNING,SALE & SR46,39.23372124,-86.62453179
2004,4,7,Weekend,1900,2-Car,Non-incapacitating,IMPROPER TURNING,SALE & TEMPERANCE ST,39.23365728,-86.62443906
2004,2,7,Weekend,1200,2-Car,No injury/unknown,IMPROPER LANE USAGE,BLK TEMPERANCE & SALE,39.233603,-86.62447133
2004,10,1,Weekend,0,,No injury/unknown,,SALE ST & SR46,39.23342859,-86.62517418
2004,9,7,Weekend,2200,2-Car,Non-incapacitating,DISREGARD SIGNAL/REG SIGN,LOUDEN AND REEVES,39.233344,-86.640064
2004,12,2,Weekday,1000,1-Car,No injury/unknown,OTHER (DRIVER) - EXPLAIN IN NARRATIVE,KAREN CT,39.233168,-86.420464
2004,1,6,Weekday,1500,1-Car,No injury/unknown,SPEED TOO FAST FOR WEATHER CONDITIONS,CHERRY & W OAK ST,39.233002,-86.626998
2004,3,4,Weekday,1500,2-Car,No injury/unknown,IMPROPER PASSING,ASSOCIATION ST & SALE,39.23292473,-86.62528824
2004,1,1,Weekend,1300,1-Car,No injury/unknown,RAN OFF ROAD RIGHT,BOTTOM & SR37,39.23288663,-86.54219875
2004,4,5,Weekday,500,2-Car,Non-incapacitating,DRIVER DISTRACTED - EXPLAIN IN NARRATIVE,CLOVER DR & DAISY,39.232699,-86.61105169
2004,8,3,Weekday,2100,2-Car,No injury/unknown,OTHER (DRIVER) - EXPLAIN IN NARRATIVE,N WALNUT ST,39.232544,-86.540704
2004,2,4,Weekday,1500,2-Car,No injury/unknown,OTHER (DRIVER) - EXPLAIN IN NARRATIVE,KELLI & MAIN ST,39.23248,-86.620256
2004,11,6,Weekend,2100,2-Car,Non-incapacitating,ALCOHOLIC BEVERAGES,KELLI & MAIN ST,39.23246061,-86.62023087
2004,5,6,Weekend,1900,1-Car,Non-incapacitating,FAILURE TO YIELD RIGHT OF WAY,SECOND & VINE ST,39.232352,-86.621904
2004,11,3,Weekday,2200,1-Car,No injury/unknown,SPEED TOO FAST FOR WEATHER CONDITIONS,SR45 & TUNNEL RD,39.23205628,-86.43274978
2004,6,2,Weekday,2000,2-Car,Non-incapacitating,IMPROPER TURNING,MAIN AND SALE & WEST MAIN ST,39.232048,-86.619696
2004,10,1,Weekend,1700,Moped/Motorcycle,Non-incapacitating,UNSAFE SPEED,OLD MEYERS & OLD SR 37,39.231936,-86.506288
2004,8,4,Weekday,300,2-Car,No injury/unknown,RAN OFF ROAD RIGHT,RITTER ST & SALE,39.23186378,-86.62703282
2004,8,3,Weekday,2100,2-Car,No injury/unknown,FAILURE TO YIELD RIGHT OF WAY,REEVES & STARNES,39.231536,-86.6588
2004,5,6,Weekday,1400,2-Car,Non-incapacitating,OTHER (DRIVER) - EXPLAIN IN NARRATIVE,S EDGEWOOD DR,39.231528,-86.63816
2004,1,5,Weekday,1700,1-Car,No injury/unknown,OTHER (DRIVER) - EXPLAIN IN NARRATIVE,REEVES RD & STANES,39.23149327,-86.65882188
2004,5,3,Weekday,1600,2-Car,No injury/unknown,FAILURE TO YIELD RIGHT OF WAY,FIRST & SR46,39.23144,-86.621296