Year,Month,Day,Weekend?,Hour,Collision Type,Injury Type,Primary Factor,Reported_Location,Latitude,Longitude
2004,10,2,Weekday,1400,2-Car,No injury/unknown,IMPROPER LANE USAGE,FIRST & TEMPERANCE,39.23144,-86.621296
2004,6,4,Weekday,1900,2-Car,No injury/unknown,OTHER (DRIVER) - EXPLAIN IN NARRATIVE,2ND ST & ASSOCIATION,39.231424,-86.622944
2004,10,7,Weekend,1600,1-Car,Non-incapacitating,RAN OFF ROAD RIGHT,LOUDEN & REEVES RD,39.23134333,-86.64008895
2004,4,1,Weekday,1900,1-Car,Non-incapacitating,ALCOHOLIC BEVERAGES,REEVES RD & TERRY,39.231312,-86.637488
2004,2,4,Weekday,2100,2-Car,No injury/unknown,UNSAFE BACKING,HANOVER GLEN,39.231232,-86.614624
2004,5,6,Weekend,1900,2-Car,Non-incapacitating,FOLLOWING TOO CLOSELY,REEVES & THOMAS RD,39.231152,-86.6308
2004,12,3,Weekday,1000,2-Car,No injury/unknown,LEFT OF CENTER,DAISY & MEADOWLANDS DR,39.2309,-86.606399
2004,10,1,Weekend,1600,Moped/Motorcycle,Non-incapacitating,LEFT OF CENTER,SR 45 & TUNNEL,39.23084122,-86.4302342
2004,7,3,Weekday,1800,2-Car,Non-incapacitating,FAILURE TO YIELD RIGHT OF WAY,FLOYD & SR45,39.23083757,-86.42251334
2004,7,5,Weekday,100,2-Car,Non-incapacitating,OTHER (DRIVER) - EXPLAIN IN NARRATIVE,MT GILEAD & SR45,39.230752,-86.424096
2004,2,2,Weekday,2300,1-Car,No injury/unknown,ANIMAL/OBJECT IN ROADWAY,MT GILEAD & SR45,39.230752,-86.424096
2004,11,4,Weekday,1000,2-Car,No injury/unknown,,TEMPERANCE ST,39.23070789,-86.62026647
2004,4,5,Weekday,1700,2-Car,No injury/unknown,FAILURE TO YIELD RIGHT OF WAY,PAUL & SR46,39.23070486,-86.6202622
2004,9,5,Weekday,1600,2-Car,No injury/unknown,LEFT OF CENTER,BRUMMETS CRK & SR45,39.230544,-86.42
2004,8,2,Weekday,0,2-Car,No injury/unknown,ALCOHOLIC BEVERAGES,LEIGHTON & MCDOUGAL,39.23053623,-86.552798
2004,11,7,Weekend,1600,2-Car,Non-incapacitating,FAILURE TO YIELD RIGHT OF WAY,RITTER & SECOND ST,39.230096,-86.624528
2004,6,5,Weekday,1500,1-Car,No injury/unknown,DRIVER ASLEEP OR FATIGUED,SHUFFLE CREEK & SR45,39.22999162,-86.41635723
2004,8,1,Weekend,1400,2-Car,No injury/unknown,OTHER (DRIVER) - EXPLAIN IN NARRATIVE,SUSAN DR,39.229952,-86.636784
2004,8,4,Weekday,2000,1-Car,Non-incapacitating,UNSAFE SPEED,SHUFFLE CREEK & SR45E,39.229952,-86.416096
2004,8,5,Weekday,100,2-Car,No injury/unknown,IMPROPER TURNING,PAUL & SR 46,39.229904,-86.619136
2004,5,6,Weekday,1700,2-Car,No injury/unknown,FAILURE TO YIELD RIGHT OF WAY,FIRST ST & RITTER,39.229424,-86.623584
2004,5,1,Weekend,1800,2-Car,No injury/unknown,UNSAFE SPEED,PARK & SR46,39.22911295,-86.61808032
2004,4,5,Weekday,500,1-Car,No injury/unknown,RAN OFF ROAD RIGHT,FULLERTON & S ROCKPORT RD,39.22823202,-86.562099
2004,1,6,Weekday,1500,2-Car,No injury/unknown,OTHER (DRIVER) - EXPLAIN IN NARRATIVE,DUNN,39.22790822,-86.52838127
2004,4,7,Weekend,2300,1-Car,No injury/unknown,ALCOHOLIC BEVERAGES,PARK & RITTER ST,39.227248,-86.6208
2004,7,1,Weekend,1400,1-Car,No injury/unknown,RAN OFF ROAD RIGHT,PARK & TURTLEBACK DR,39.2271,-86.619795
2004,10,4,Weekday,1100,1-Car,No injury/unknown,RAN OFF ROAD RIGHT,PARK & TURTLE BACK CREEK DR,39.2271,-86.619795
2004,3,2,Weekday,1600,2-Car,No injury/unknown,DRIVER DISTRACTED - EXPLAIN IN NARRATIVE,SKIRVIN & SR45,39.22681015,-86.43549274
2004,11,5,Weekday,700,2-Car,No injury/unknown,FAILURE TO YIELD RIGHT OF WAY,SR46 & TEMPERANCE,39.226352,-86.614192
2004,2,3,Weekday,800,2-Car,Non-incapacitating,UNSAFE SPEED,KINSER & SR 37,39.2248662,-86.54745891
2004,10,2,Weekday,1500,1-Car,Non-incapacitating,DRIVER ILLNESS,MANNS & UNIONVILLE RD,39.22346462,-86.59271426
2004,10,1,Weekday,2000,1-Car,Non-incapacitating,RAN OFF ROAD RIGHT,LOSTMANS & N MAPLE GROVE,39.22304,-86.569696
2004,3,1,Weekday,2200,2-Car,No injury/unknown,UNSAFE BACKING,KINSER PIKE & PARRISH,39.222752,-86.550096
2004,5,5,Weekday,700,2-Car,No injury/unknown,FOLLOWING TOO CLOSELY,BROOKDALE & KINSER PIKE,39.222752,-86.550096
2004,10,4,Weekday,1400,2-Car,No injury/unknown,FOLLOWING TOO CLOSELY,703 GOURLEY & KINSER PARK,39.222752,-86.550096
2004,12,5,Weekday,1800,2-Car,No injury/unknown,FAILURE TO YIELD RIGHT OF WAY,KINGER,39.222752,-86.550096
2004,10,6,Weekday,1200,2-Car,Non-incapacitating,FAILURE TO YIELD RIGHT OF WAY,LOST MANS LN & SHADOWWOOD,39.222704,-86.576
2004,7,7,Weekend,1200,2-Car,Non-incapacitating,FAILURE TO YIELD RIGHT OF WAY,LAKEVIEW & SR46,39.22152923,-86.60624128
2004,3,6,Weekend,2100,2-Car,Non-incapacitating,FAILURE TO YIELD RIGHT OF WAY,46 & LAKEVIEW,39.22148436,-86.606165
2004,5,4,Weekday,1300,2-Car,Non-incapacitating,DRIVER DISTRACTED - EXPLAIN IN NARRATIVE,CUSTER & TECUMSEH,39.22146105,-86.62513173
2004,12,7,Weekend,1300,2-Car,No injury/unknown,FAILURE TO YIELD RIGHT OF WAY,LAKEVIEW & SR46,39.22131818,-86.6058825
2004,5,4,Weekday,1700,3+ Cars,Non-incapacitating,FAILURE TO YIELD RIGHT OF WAY,3RD ST & KINSINGTON,39.221248,-86.55
2004,11,6,Weekday,800,Bus,Non-incapacitating,OTHER (DRIVER) - EXPLAIN IN NARRATIVE,LAKEVIEW DR & SR46,39.22117372,-86.60559576
2004,5,3,Weekday,600,2-Car,Non-incapacitating,IMPROPER TURNING,LAKEVIEW DR & SR46,39.221152,-86.6056
2004,8,7,Weekend,2200,2-Car,No injury/unknown,IMPROPER TURNING,LAKEVIEW DR & SR 46,39.221152,-86.6056
2004,7,6,Weekday,600,Moped/Motorcycle,Incapacitating,FAILURE TO YIELD RIGHT OF WAY,LAKEVIEW & SR46,39.22086992,-86.60521214
2004,7,7,Weekend,100,1-Car,No injury/unknown,UNSAFE SPEED,HARBISON & HARTSTRAIGHT,39.22080716,-86.61217784
2004,9,6,Weekend,2200,1-Car,No injury/unknown,ANIMAL/OBJECT IN ROADWAY,KINSER & SR37S,39.22076075,-86.55032725
2004,8,5,Weekday,700,2-Car,Non-incapacitating,FAILURE TO YIELD RIGHT OF WAY,TECUMSEH & THOMAS RD,39.22020846,-86.63044937
2004,12,2,Weekday,900,2-Car,Non-incapacitating,ANIMAL/OBJECT IN ROADWAY,SR45 & VIKING RIDGE,39.2195163,-86.44424012
2004,11,7,Weekend,1300,2-Car,Incapacitating,IMPROPER PASSING,LOVE & SR46,39.21950328,-86.60293591
2004,4,7,Weekend,800,2-Car,Non-incapacitating,UNSAFE SPEED,BOLTINGHOUSE & OLD MEYERS,39.21904,-86.472896
2004,2,7,Weekend,900,2-Car,Non-incapacitating,ROADWAY SURFACE CONDITION,BRIAR GATE & BRIAR GATE DR,39.218848,-86.593104
2004,3,6,Weekday,900,1-Car,Non-incapacitating,SEVERE CROSSWINDS,EARL YOUNG & SR45,39.21861795,-86.45332128
2004,9,1,Weekday,2000,1-Car,No injury/unknown,OTHER (VEHICLE) - EXPLAIN IN NARRATIVE,EARL YOUNG & SR45,39.21861795,-86.45332128
2004,7,6,Weekday,1000,2-Car,No injury/unknown,FAILURE TO YIELD RIGHT OF WAY,RIDGEWOOD & SR 46,39.217248,-86.598992
2004,1,6,Weekday,1100,2-Car,No injury/unknown,UNSAFE BACKING,MILL RUN RD,39.21704,-86.59432
2004,11,6,Weekday,1500,2-Car,No injury/unknown,FOLLOWING TOO CLOSELY,RIDGEWOOD & SR46,39.21691419,-86.59802243
2004,11,2,Weekday,600,1-Car,No injury/unknown,OTHER (DRIVER) - EXPLAIN IN NARRATIVE,RIDGEWOOD & SR46,39.21669347,-86.59737254
2004,12,1,Weekday,1900,3+ Cars,No injury/unknown,FOLLOWING TOO CLOSELY,UNION VALLEY RD & WILLOW BEND,39.21655309,-86.5928
2004,9,1,Weekend,1200,Moped/Motorcycle,Incapacitating,OTHER (DRIVER) - EXPLAIN IN NARRATIVE,LOUDEN & W RATLIFF RD,39.216504,-86.634401
2004,11,5,Weekday,600,2-Car,Non-incapacitating,FAILURE TO YIELD RIGHT OF WAY,LOUDEN & RATLIFF RD,39.216504,-86.634401
2004,5,6,Weekday,800,1-Car,No injury/unknown,ROADWAY SURFACE CONDITION,LYNWEST & UNION VALLEY RD,39.2163891,-86.5928
2004,7,4,Weekday,1900,2-Car,Non-incapacitating,FAILURE TO YIELD RIGHT OF WAY,SR46 & UNION VALLEY,39.21580562,-86.59475438
2004,12,5,Weekday,1300,Moped/Motorcycle,No injury/unknown,FAILURE TO YIELD RIGHT OF WAY,SR46W & UNION VALLEY,39.21558871,-86.59410239
2004,6,4,Weekday,1700,Moped/Motorcycle,No injury/unknown,FAILURE TO YIELD RIGHT OF WAY,SR46 & UNION VALLEY,39.21548175,-86.59377556
2004,11,4,Weekday,1400,1-Car,Non-incapacitating,SPEED TOO FAST FOR WEATHER CONDITIONS,BAYLES RD & NORTHWOODS,39.21544,-86.54208144
2004,1,3,Weekday,700,2-Car,Non-incapacitating,ROADWAY SURFACE CONDITION,BAYLES & KINSER,39.21544,-86.547504
2004,5,6,Weekday,1000,2-Car,No injury/unknown,UNSAFE BACKING,BLOCK ALLEY S COLLEGE & COLLEGE,39.21544,-86.54041519
2004,11,3,Weekday,700,2-Car,No injury/unknown,FAILURE TO YIELD RIGHT OF WAY,BAYLES & KINSER,39.21544,-86.547504
2004,5,4,Weekday,700,1-Car,No injury/unknown,RAN OFF ROAD RIGHT,BETHEL LN & OLDSR37,39.215328,-86.519584
2004,3,2,Weekday,,1-Car,Non-incapacitating,OTHER (DRIVER) - EXPLAIN IN NARRATIVE,BETHAL LN,39.215312,-86.517776
2004,3,1,Weekday,2100,1-Car,No injury/unknown,ANIMAL/OBJECT IN ROADWAY,BETHEL LN,39.21522862,-86.51448007
2004,10,2,Weekday,700,2-Car,No injury/unknown,IMPROPER LANE USAGE,SR 46 & UNIONVALLEY,39.215152,-86.5928
2004,6,5,Weekday,900,2-Car,No injury/unknown,DRIVER DISTRACTED - EXPLAIN IN NARRATIVE,SR46 & UNION VALLEY,39.215152,-86.5928
2004,7,5,Weekday,500,2-Car,No injury/unknown,BRAKE FAILURE OR DEFECTIVE,DANIELS WAY,39.215152,-86.6
2004,10,6,Weekday,1600,2-Car,No injury/unknown,FAILURE TO YIELD RIGHT OF WAY,SR 46 & UNION VALLEY,39.215152,-86.5928
2004,10,1,Weekend,1800,2-Car,Non-incapacitating,DISREGARD SIGNAL/REG SIGN,SR46 & UNIONVALLEY,39.215152,-86.5928
2004,7,2,Weekday,1600,2-Car,No injury/unknown,DISREGARD SIGNAL/REG SIGN,SR46 & UNION VALLEY,39.215152,-86.5928
2004,7,6,Weekend,2200,2-Car,No injury/unknown,PASSENGER DISTRACTION,SR46 & UNION VALLEY,39.215152,-86.5928
2004,2,5,Weekday,1100,2-Car,No injury/unknown,UNSAFE BACKING,SR46 & UNION VALLEY,39.21486755,-86.59241512
2004,11,7,Weekend,1600,2-Car,Non-incapacitating,IMPROPER TURNING,SR46 & UNION VALLEY,39.21486755,-86.59241512
2004,9,6,Weekend,2300,1-Car,No injury/unknown,ANIMAL/OBJECT IN ROADWAY,BETHEL & N ROBS LN,39.214752,-86.468
2004,7,6,Weekend,2100,2-Car,No injury/unknown,FOLLOWING TOO CLOSELY,BROOKWOOD & HILLCREST,39.214144,-86.6012
2004,1,7,Weekend,300,1-Car,Non-incapacitating,DRIVER ILLNESS,BAUGH & BETHAL LN,39.212944,-86.486896
2004,10,7,Weekend,2100,1-Car,Non-incapacitating,UNSAFE SPEED,BETHAL LN & WESLEY,39.21289309,-86.48968582
2004,8,7,Weekend,1000,2-Car,No injury/unknown,OTHER (DRIVER) - EXPLAIN IN NARRATIVE,BETHEL LN & HINKLE,39.212848,-86.505392
2004,2,3,Weekday,1000,1-Car,No injury/unknown,RAN OFF ROAD RIGHT,BAUGH & BETHEL LN,39.21283126,-86.49185896
2004,11,3,Weekday,1000,2-Car,No injury/unknown,OTHER (DRIVER) - EXPLAIN IN NARRATIVE,HIGH & MOORES PIKE,39.212528,-86.496128
2004,7,2,Weekday,200,1-Car,No injury/unknown,SPEED TOO FAST FOR WEATHER CONDITIONS,BETHEL LN & HINKLE,39.21243346,-86.50370055
2004,3,3,Weekday,1800,2-Car,No injury/unknown,LEFT OF CENTER,FORREST PARK & SR46,39.212048,-86.5872
2004,3,2,Weekday,2200,2-Car,Non-incapacitating,FAILURE TO YIELD RIGHT OF WAY,FORREST PARK & SR46,39.212048,-86.5872
2004,11,1,Weekend,1600,2-Car,No injury/unknown,FAILURE TO YIELD RIGHT OF WAY,DEER PARK & SR46,39.212048,-86.5872
2004,12,2,Weekday,1700,2-Car,Non-incapacitating,ILLEGAL DRUGS,DEER PARK & SR46,39.212048,-86.5872
2004,9,5,Weekday,1800,1-Car,Non-incapacitating,RAN OFF ROAD RIGHT,BETHEL LN & MYERS,39.21187436,-86.49592422
2004,2,2,Weekday,900,2-Car,No injury/unknown,LEFT OF CENTER,BETHAL LN & FORBES,39.211808,-86.498928
2004,10,7,Weekend,2100,2-Car,Non-incapacitating,DISREGARD SIGNAL/REG SIGN,S LIBERTY & W SR 48,39.211744,-86.572656
2004,12,3,Weekday,1100,2-Car,No injury/unknown,FAILURE TO YIELD RIGHT OF WAY,SMITH & SR46,39.21047499,-86.58376626
2004,5,5,Weekday,1600,3+ Cars,Non-incapacitating,FAILURE TO YIELD RIGHT OF WAY,BETHEL & SR 45,39.21033522,-86.46288372
2004,6,1,Weekend,1500,2-Car,Non-incapacitating,FAILURE TO YIELD RIGHT OF WAY,SMITH & SR46,39.2103095,-86.58348313
2004,5,4,Weekday,1700,2-Car,No injury/unknown,OTHER (DRIVER) - EXPLAIN IN NARRATIVE,SMITH & SR46,39.2101771,-86.58325663
2004,8,1,Weekday,2300,2-Car,Non-incapacitating,FOLLOWING TOO CLOSELY,SMITH PIKE & SR46,39.210144,-86.5832
2004,10,3,Weekday,1700,Bus,No injury/unknown,DRIVER DISTRACTED - EXPLAIN IN NARRATIVE,SMITH & SR46,39.210144,-86.5832
2004,11,3,Weekday,1300,2-Car,No injury/unknown,SPEED TOO FAST FOR WEATHER CONDITIONS,SMITH & SR46,39.210144,-86.5832
2004,12,6,Weekday,1600,2-Car,No injury/unknown,SPEED TOO FAST FOR WEATHER CONDITIONS,SMYTH & SR46,39.210144,-86.5832
2004,10,1,Weekend,1000,2-Car,No injury/unknown,FAILURE TO YIELD RIGHT OF WAY,BETHEL & SR 45,39.21014361,-86.46313786
2004,2,4,Weekday,1900,1-Car,No injury/unknown,OTHER (DRIVER) - EXPLAIN IN NARRATIVE,SMITH PIKE & SR46,39.21000673,-86.5832
2004,5,2,Weekday,700,2-Car,No injury/unknown,FOLLOWING TOO CLOSELY,CENTENNIAL & SR46,39.2099611,-86.58266382
2004,9,7,Weekend,0,3+ Cars,No injury/unknown,LEFT OF CENTER,BETHAL & SR 45,39.209952,-86.463392
2004,2,2,Weekday,900,1-Car,Non-incapacitating,OTHER (DRIVER) - EXPLAIN IN NARRATIVE,BETHAL LN & SR45,39.209952,-86.463392
2004,11,4,Weekday,1500,2-Car,No injury/unknown,SPEED TOO FAST FOR WEATHER CONDITIONS,BETHEL & SR45,39.209952,-86.463392
2004,10,6,Weekday,1800,2-Car,No injury/unknown,FAILURE TO YIELD RIGHT OF WAY,SMITH PIKE & SR46,39.20993809,-86.5832
2004,4,6,Weekday,1600,2-Car,Non-incapacitating,FOLLOWING TOO CLOSELY,SMITH & SR46,39.20961639,-86.58238262
2004,10,7,Weekend,1900,2-Car,No injury/unknown,IMPROPER LANE USAGE,SMITH & SR 46,39.2095949,-86.5832
2004,9,6,Weekend,2100,2-Car,Non-incapacitating,IMPROPER LANE USAGE,ACUFF & SR 37,39.20932443,-86.55447994
2004,10,1,Weekday,2300,1-Car,No injury/unknown,ANIMAL/OBJECT IN ROADWAY,ACUFF & SR37,39.20932443,-86.55447994
2004,11,5,Weekday,500,3+ Cars,No injury/unknown,SPEED TOO FAST FOR WEATHER CONDITIONS,SMITH PIKE & SR46,39.20932035,-86.5832
2004,8,2,Weekday,2100,2-Car,No injury/unknown,,LINGLOBACH LN & N UNION,39.20885847,-86.511971
2004,7,4,Weekday,700,2-Car,Non-incapacitating,IMPROPER TURNING,BEXLEY & MAPLE GROVE RD,39.20864,-86.5588
2004,10,7,Weekend,1100,2-Car,Non-incapacitating,FAILURE TO YIELD RIGHT OF WAY,ACUFF & SR37,39.20824,-86.554704
2004,5,1,Weekend,1200,2-Car,No injury/unknown,FAILURE TO YIELD RIGHT OF WAY,ACUFF & SR37,39.20824,-86.554704
2004,11,1,Weekend,1300,2-Car,Non-incapacitating,FAILURE TO YIELD RIGHT OF WAY,ACUFF & SR37,39.20824,-86.554704
2004,6,7,Weekend,1200,2-Car,Non-incapacitating,LEFT OF CENTER,ACUFF RD & SR37,39.20824,-86.554704
2004,2,3,Weekday,2300,1-Car,No injury/unknown,ANIMAL/OBJECT IN ROADWAY,ARLINGTON & SR46,39.20824,-86.580208
2004,2,7,Weekend,1000,2-Car,Non-incapacitating,FAILURE TO YIELD RIGHT OF WAY,ACUFF & SR37,39.20824,-86.554704
2004,11,1,Weekend,1300,2-Car,Non-incapacitating,FOLLOWING TOO CLOSELY,ARLINGTON RD & SR46,39.20824,-86.580208
2004,12,2,Weekday,1700,2-Car,No injury/unknown,OTHER (DRIVER) - EXPLAIN IN NARRATIVE,ARLINGTON RD & SR 46,39.20824,-86.580208
2004,9,5,Weekday,1800,2-Car,No injury/unknown,FAILURE TO YIELD RIGHT OF WAY,ARLINGTON & SR46E,39.20824,-86.580208
2004,11,2,Weekday,1200,1-Car,No injury/unknown,OTHER (DRIVER) - EXPLAIN IN NARRATIVE,ARLINGTON & SR46,39.20814845,-86.57843778
2004,3,4,Weekday,800,2-Car,No injury/unknown,FAILURE TO YIELD RIGHT OF WAY,FORREST PARK & SMITH PIKE,39.208144,-86.5832
2004,6,3,Weekday,1800,3+ Cars,No injury/unknown,UNSAFE SPEED,FORREST PARK & SMITH PIKE,39.208144,-86.5832
2004,2,4,Weekday,1600,3+ Cars,Non-incapacitating,NONE (ENVIRONMENTAL),FORREST PARK & SMITH PIKE,39.208144,-86.5832
2004,9,4,Weekday,1400,2-Car,Non-incapacitating,UNSAFE BACKING,ACUFF & PROW RD,39.20810274,-86.55218987
2004,8,3,Weekday,1800,2-Car,Non-incapacitating,LEFT OF CENTER,DUNN & OLD SR 37,39.208048,-86.528704
2004,6,5,Weekday,600,2-Car,No injury/unknown,FAILURE TO YIELD RIGHT OF WAY,ACUFF & KINSER PIKE,39.208004,-86.547399
2004,7,5,Weekday,1700,3+ Cars,Non-incapacitating,DRIVER DISTRACTED - EXPLAIN IN NARRATIVE,MERRYWAY & SMITH PIKE,39.20777557,-86.583099
2004,12,4,Weekday,1500,3+ Cars,Non-incapacitating,FOLLOWING TOO CLOSELY,SMITH & SR46,39.2073985,-86.5832
2004,12,1,Weekend,200,2-Car,No injury/unknown,ALCOHOLIC BEVERAGES,BASSWOOD DR & GREENLEAF,39.20715831,-86.572499
2004,5,5,Weekday,1000,2-Car,No injury/unknown,FOLLOWING TOO CLOSELY,OLD SR 37 & WALNUT,39.20704,-86.534704
2004,7,1,Weekend,1100,2-Car,No injury/unknown,LEFT OF CENTER,ACUFF RD & MAPLE GROVE,39.20696219,-86.55648872
2004,6,4,Weekday,1300,2-Car,No injury/unknown,LEFT OF CENTER,ARMSTRONG DR & EASY,39.206944,-86.5996
2004,6,5,Weekday,1000,1-Car,No injury/unknown,DRIVER DISTRACTED - EXPLAIN IN NARRATIVE,ARLINGTON RD & RAJUMI,39.20677249,-86.57217164
2004,1,6,Weekday,1700,3+ Cars,Non-incapacitating,DISREGARD SIGNAL/REG SIGN,SR46,39.206312,-86.571312
2004,1,5,Weekday,1500,1-Car,Non-incapacitating,FAILURE TO YIELD RIGHT OF WAY,SR46,39.206312,-86.571312
2004,1,6,Weekday,1300,2-Car,No injury/unknown,UNSAFE SPEED,SR 46,39.206312,-86.571312
2004,3,7,Weekend,1500,2-Car,No injury/unknown,UNSAFE SPEED,SR46,39.206312,-86.571312
2004,8,2,Weekday,1700,Moped/Motorcycle,Non-incapacitating,RAN OFF ROAD RIGHT,SR46W,39.206312,-86.571312
2004,4,7,Weekend,1600,2-Car,No injury/unknown,FOLLOWING TOO CLOSELY,E 20TH & N DUNN,39.206144,-86.528592
2004,8,2,Weekday,1600,2-Car,Incapacitating,FAILURE TO YIELD RIGHT OF WAY,OLD SR37 & RHORER,39.20600144,-86.531395
2004,12,3,Weekday,1400,2-Car,Non-incapacitating,SPEED TOO FAST FOR WEATHER CONDITIONS,HARTSTRAIGHT & WOODYARD,39.20579957,-86.61140517
2004,9,2,Weekday,1500,2-Car,Non-incapacitating,FOLLOWING TOO CLOSELY,AUTO MALL RD & COVENANTER,39.20522955,-86.496099
2004,8,3,Weekday,2000,1-Car,Non-incapacitating,UNSAFE SPEED,MARTIN & SR 45,39.204864,-86.463472
2004,1,4,Weekday,300,1-Car,Non-incapacitating,UNSAFE SPEED,MARTIN & SR45,39.20369234,-86.46408343
2004,4,6,Weekday,1200,3+ Cars,No injury/unknown,FOLLOWING TOO CLOSELY,2929 NORWAY & SMITH PIKE,39.20309388,-86.58315853
2004,3,4,Weekday,1400,2-Car,Non-incapacitating,UNSAFE SPEED,KINSER & PROW,39.20304,-86.547392
2004,2,2,Weekday,1500,2-Car,No injury/unknown,,KINSER,39.20304,-86.547392
2004,8,2,Weekday,700,2-Car,No injury/unknown,UNSAFE BACKING,KINSER PKWY,39.20304,-86.547392
2004,11,6,Weekday,1300,2-Car,No injury/unknown,UNSAFE SPEED,KINSER,39.20304,-86.547392
2004,12,7,Weekend,1600,2-Car,No injury/unknown,OTHER (DRIVER) - EXPLAIN IN NARRATIVE,KINSER PIKE,39.20304,-86.547392
2004,7,5,Weekday,900,2-Car,No injury/unknown,IMPROPER TURNING,ACUFF & SR37,39.20274909,-86.55466438
2004,7,6,Weekday,1300,1-Car,No injury/unknown,RAN OFF ROAD RIGHT,DUNN ST & LAKEWOOD,39.201952,-86.5288
2004,11,4,Weekday,1600,2-Car,No injury/unknown,SPEED TOO FAST FOR WEATHER CONDITIONS,DEER & TECUMSEH DR,39.20191953,-86.621599
2004,10,2,Weekday,1500,2-Car,Non-incapacitating,FOLLOWING TOO CLOSELY,N SMITH & WOODYARD,39.2018784,-86.583152
2004,8,2,Weekday,0,Moped/Motorcycle,Fatal,RAN OFF ROAD RIGHT,RUSSELL & US45,39.200352,-86.468
2004,8,7,Weekend,2300,1-Car,No injury/unknown,ANIMAL/OBJECT IN ROADWAY,ARLINGTON RD & PROW,39.198448,-86.557904
2004,9,4,Weekday,1800,2-Car,Non-incapacitating,FAILURE TO YIELD RIGHT OF WAY,KINSER,39.19825503,-86.54326158
2004,8,6,Weekday,1300,2-Car,No injury/unknown,DRIVER DISTRACTED - EXPLAIN IN NARRATIVE,ACUFF & KINSER PIKE,39.19741784,-86.547399
2004,2,7,Weekend,200,1-Car,Non-incapacitating,ROADWAY SURFACE CONDITION,BLUE RIDGE & WALNUT ST,39.1969286,-86.53442191
2004,10,4,Weekday,1700,2-Car,Non-incapacitating,SPEED TOO FAST FOR WEATHER CONDITIONS,BLUE RIDGE & WALNUT ST,39.196848,-86.5344
2004,11,2,Weekday,1900,1-Car,No injury/unknown,UNSAFE SPEED,BLUE RIDGE DR & N WALNUT ST,39.196848,-86.5344
2004,11,2,Weekday,1300,2-Car,No injury/unknown,OTHER (DRIVER) - EXPLAIN IN NARRATIVE,WALNUT,39.19607967,-86.5341071
2004,6,4,Weekday,1500,1-Car,No injury/unknown,DRIVER DISTRACTED - EXPLAIN IN NARRATIVE,HOWARD & STARNES RD,39.19591972,-86.66006976
2004,11,2,Weekday,1100,2-Car,No injury/unknown,SPEED TOO FAST FOR WEATHER CONDITIONS,BLUE RIDGE & WALNUT ST,39.19579468,-86.53399845
2004,11,2,Weekday,900,2-Car,Non-incapacitating,IMPROPER LANE USAGE,ARLINGTON & SR37,39.19524217,-86.55460368
2004,4,2,Weekday,1700,1-Car,No injury/unknown,ANIMAL/OBJECT IN ROADWAY,LANAM & RUSSELL RD,39.19481148,-86.48929137
2004,7,7,Weekend,1600,2-Car,No injury/unknown,FAILURE TO YIELD RIGHT OF WAY,BLUE RIDGE & WALNUT ST,39.1942147,-86.53339614
2004,6,7,Weekend,1600,2-Car,No injury/unknown,IMPROPER LANE USAGE,SR37 & SR46,39.194144,-86.554592
2004,10,2,Weekday,700,1-Car,No injury/unknown,ROADWAY SURFACE CONDITION,ARLINGTON OVERPASS & SR 37,39.194144,-86.554592
2004,5,6,Weekday,1500,2-Car,No injury/unknown,OTHER (DRIVER) - EXPLAIN IN NARRATIVE,BRIARCLIFF & KINSER,39.194144,-86.540992
2004,5,1,Weekend,1400,1-Car,No injury/unknown,OVERCORRECTING/OVERSTEERING,BRIARCLIFF & KINSER PIKE,39.194144,-86.540992
2004,8,2,Weekday,600,1-Car,Non-incapacitating,PEDESTRIAN ACTION,BRIAR CLIFF & KINGER,39.194144,-86.540992
2004,11,7,Weekend,100,1-Car,Non-incapacitating,RAN OFF ROAD RIGHT,SR37 & SR45 46,39.194144,-86.554592
2004,11,6,Weekday,1800,3+ Cars,Non-incapacitating,FOLLOWING TOO CLOSELY,SR37 & SR45 46,39.194144,-86.554592
2004,11,7,Weekend,1300,1-Car,Non-incapacitating,RAN OFF ROAD RIGHT,KENSER & KENWOOD,39.194144,-86.540992
2004,12,4,Weekday,1100,2-Car,No injury/unknown,DISREGARD SIGNAL/REG SIGN,SR37 & SR46,39.194144,-86.554592
2004,9,2,Weekday,700,1-Car,Non-incapacitating,RAN OFF ROAD RIGHT,SR37 & SR46,39.194144,-86.554592
2004,12,4,Weekday,1800,1-Car,No injury/unknown,SPEED TOO FAST FOR WEATHER CONDITIONS,SR37 & SR46,39.194144,-86.554592
2004,9,4,Weekday,2100,1-Car,No injury/unknown,INSECURE/LEAKY LOAD,SR37S & SR46W,39.194144,-86.554592
2004,9,6,Weekday,1700,2-Car,No injury/unknown,OTHER (DRIVER) - EXPLAIN IN NARRATIVE,SR37S & SR46W,39.194144,-86.554592
2004,10,1,Weekend,1600,2-Car,No injury/unknown,UNSAFE BACKING,7TH & SUNRISE,39.19373109,-86.512399
2004,2,7,Weekend,0,1-Car,Non-incapacitating,ALCOHOLIC BEVERAGES,GETTYS CREEK & MT GILEAD,39.19344,-86.436288
2004,10,4,Weekday,0,1-Car,No injury/unknown,OVERCORRECTING/OVERSTEERING,JORDAN AVE & LIGLEBACH,39.19300195,-86.51255573
2004,6,6,Weekday,1400,2-Car,No injury/unknown,FOLLOWING TOO CLOSELY,ARLINGTON & PROW,39.19181361,-86.55245256