Year,Month,Day,Weekend?,Hour,Collision Type,Injury Type,Primary Factor,Reported_Location,Latitude,Longitude
2004,10,6,Weekday,1800,2-Car,No injury/unknown,UNSAFE SPEED,FRITZ & WALNUT ST,39.191248,-86.532896
2004,5,7,Weekend,1800,2-Car,No injury/unknown,INSECURE/LEAKY LOAD,FRITZ DR & GLENDORA,39.19096912,-86.53138246
2004,4,2,Weekday,1500,2-Car,Non-incapacitating,DISREGARD SIGNAL/REG SIGN,SMITH PIKE & WOODYARD,39.190603,-86.583099
2004,3,5,Weekday,800,2-Car,No injury/unknown,DRIVER DISTRACTED - EXPLAIN IN NARRATIVE,KINSER,39.19057361,-86.53772497
2004,5,3,Weekday,1300,2-Car,No injury/unknown,LEFT OF CENTER,HEADLEY RD,39.190448,-86.514288
2004,5,2,Weekday,900,2-Car,No injury/unknown,UNSAFE BACKING,2ND & LANDMARK AVE,39.19018015,-86.5562826
2004,2,4,Weekday,1700,1-Car,No injury/unknown,OTHER (DRIVER) - EXPLAIN IN NARRATIVE,HEADLEY RD,39.19008,-86.514288
2004,9,5,Weekday,1100,2-Car,No injury/unknown,OTHER (DRIVER) - EXPLAIN IN NARRATIVE,TAMARACK TRL,39.189968,-86.52128
2004,10,3,Weekday,1200,2-Car,No injury/unknown,OTHER (DRIVER) - EXPLAIN IN NARRATIVE,TAMARAK,39.189968,-86.52128
2004,3,3,Weekday,1100,2-Car,Non-incapacitating,ALCOHOLIC BEVERAGES,PIONEER & WOODYARD,39.18985117,-86.58099121
2004,10,4,Weekday,1700,2-Car,No injury/unknown,FAILURE TO YIELD RIGHT OF WAY,LIBERTY S DR,39.189808,-86.531856
2004,4,6,Weekday,1300,2-Car,Non-incapacitating,FAILURE TO YIELD RIGHT OF WAY,LIBERTY DR,39.189248,-86.531472
2004,10,3,Weekday,1500,1-Car,No injury/unknown,UNSAFE SPEED,HOWARD & STARNES,39.189248,-86.660704
2004,7,1,Weekend,1700,2-Car,No injury/unknown,OTHER (DRIVER) - EXPLAIN IN NARRATIVE,S LIBERTY DR,39.189248,-86.531472
2004,1,2,Weekday,1200,2-Car,No injury/unknown,RAN OFF ROAD RIGHT,THOMAS & VERNAL,39.18904,-86.630096
2004,2,7,Weekend,1400,2-Car,No injury/unknown,OTHER (DRIVER) - EXPLAIN IN NARRATIVE,LANDMARK,39.188832,-86.522848
2004,3,4,Weekday,800,2-Car,No injury/unknown,IMPROPER TURNING,BLOOMFIELD & LANDMARK,39.188832,-86.522848
2004,7,3,Weekday,1000,2-Car,No injury/unknown,OVERSIZE/OVERWEIGHT LOAD,SR37 & SR45,39.18866841,-86.55473345
2004,2,7,Weekend,1700,2-Car,No injury/unknown,UNSAFE BACKING,KINSER PIKE & PARRISH,39.188144,-86.5376
2004,5,3,Weekday,1400,3+ Cars,No injury/unknown,BRAKE FAILURE OR DEFECTIVE,KINSER & PARRISH,39.188144,-86.5376
2004,11,3,Weekday,800,2-Car,No injury/unknown,FOLLOWING TOO CLOSELY,KINSER & PARRISH RD,39.18814299,-86.53775963
2004,9,7,Weekend,1700,Moped/Motorcycle,Non-incapacitating,RAN OFF ROAD RIGHT,SR45 & US37,39.18787376,-86.55501338
2004,3,3,Weekday,1600,2-Car,No injury/unknown,FAILURE TO YIELD RIGHT OF WAY,MARTHA,39.1876981,-86.53213469
2004,6,3,Weekday,1600,2-Car,No injury/unknown,UNSAFE BACKING,MITCHELL & SR 46,39.1874,-86.560903
2004,5,6,Weekday,1700,2-Car,Non-incapacitating,OTHER (DRIVER) - EXPLAIN IN NARRATIVE,SR37 & SR45,39.18737049,-86.55519067
2004,7,6,Weekday,1400,2-Car,No injury/unknown,OTHER (DRIVER) - EXPLAIN IN NARRATIVE,SR37 & SR45,39.18737049,-86.55519067
2004,5,2,Weekday,1600,1-Car,Non-incapacitating,ALCOHOLIC BEVERAGES,SR 37 & SR 45,39.187344,-86.5552
2004,2,3,Weekday,2100,2-Car,No injury/unknown,DRIVER DISTRACTED - EXPLAIN IN NARRATIVE,SR37 & SR45,39.187344,-86.5552
2004,8,7,Weekend,1700,1-Car,Non-incapacitating,JACKKNIFING,SR37 & SR45 46,39.187344,-86.5552
2004,3,2,Weekday,1600,2-Car,No injury/unknown,FOLLOWING TOO CLOSELY,SR37 & SR45,39.187344,-86.5552
2004,1,3,Weekday,1300,2-Car,No injury/unknown,FAILURE TO YIELD RIGHT OF WAY,SR37 & SR45,39.187344,-86.5552
2004,2,3,Weekday,2100,2-Car,Non-incapacitating,FOLLOWING TOO CLOSELY,SR37 & SR45,39.187344,-86.5552
2004,4,6,Weekday,1800,2-Car,No injury/unknown,FAILURE TO YIELD RIGHT OF WAY,SR37 & SR45,39.187344,-86.5552
2004,12,6,Weekday,1700,2-Car,No injury/unknown,UNSAFE SPEED,SR37 & SR45,39.187344,-86.5552
2004,5,1,Weekend,1700,2-Car,No injury/unknown,FOLLOWING TOO CLOSELY,SR 37 & SR 45,39.187344,-86.5552
2004,7,5,Weekday,1700,2-Car,No injury/unknown,FOLLOWING TOO CLOSELY,SR 45 & SR37,39.187344,-86.5552
2004,6,6,Weekend,2000,2-Car,Non-incapacitating,FAILURE TO YIELD RIGHT OF WAY,SR37 & SR45,39.187344,-86.5552
2004,6,3,Weekday,800,2-Car,Non-incapacitating,,SR37 & SR45,39.187344,-86.5552
2004,10,2,Weekday,1200,2-Car,Non-incapacitating,IMPROPER TURNING,SR 37 & SR 45,39.187344,-86.5552
2004,7,1,Weekday,2200,2-Car,Non-incapacitating,FOLLOWING TOO CLOSELY,SR37 & SR45,39.187344,-86.5552
2004,8,2,Weekday,1300,2-Car,No injury/unknown,FAILURE TO YIELD RIGHT OF WAY,SR37 & SR45,39.187344,-86.5552
2004,7,7,Weekend,1600,2-Car,No injury/unknown,FAILURE TO YIELD RIGHT OF WAY,SR37 & SR45,39.187344,-86.5552
2004,5,1,Weekday,2100,2-Car,Non-incapacitating,OTHER (DRIVER) - EXPLAIN IN NARRATIVE,SR 37 & SR 45,39.187344,-86.5552
2004,7,6,Weekday,1600,2-Car,No injury/unknown,FAILURE TO YIELD RIGHT OF WAY,SR 37 & SR 45,39.187344,-86.5552
2004,7,2,Weekday,1200,2-Car,No injury/unknown,FOLLOWING TOO CLOSELY,SR37 & SR45,39.187344,-86.5552
2004,10,3,Weekday,1800,1-Car,Non-incapacitating,OVERCORRECTING/OVERSTEERING,SR37 & SR45,39.187344,-86.5552
2004,12,4,Weekday,700,2-Car,No injury/unknown,OTHER (DRIVER) - EXPLAIN IN NARRATIVE,SR37 & SR45,39.187344,-86.5552
2004,9,4,Weekday,1000,2-Car,No injury/unknown,FOLLOWING TOO CLOSELY,SR 37 & SR 45,39.187344,-86.5552
2004,9,4,Weekday,600,2-Car,Non-incapacitating,DRIVER DISTRACTED - EXPLAIN IN NARRATIVE,SR37 & SR45,39.187344,-86.5552
2004,9,6,Weekday,900,2-Car,No injury/unknown,OTHER (DRIVER) - EXPLAIN IN NARRATIVE,SR37 & SR45,39.187344,-86.5552
2004,9,6,Weekday,1100,2-Car,No injury/unknown,IMPROPER TURNING,SR37 & SR45,39.187344,-86.5552
2004,10,7,Weekend,1900,2-Car,No injury/unknown,FAILURE TO YIELD RIGHT OF WAY,SR37 & SR45,39.187344,-86.5552
2004,10,6,Weekend,2000,2-Car,No injury/unknown,DISREGARD SIGNAL/REG SIGN,SR37 & SR45,39.187344,-86.5552
2004,10,4,Weekday,1700,2-Car,No injury/unknown,FOLLOWING TOO CLOSELY,SR37 & SR45,39.187344,-86.5552
2004,11,1,Weekend,1700,2-Car,Non-incapacitating,FAILURE TO YIELD RIGHT OF WAY,SR37 & SR45,39.187344,-86.5552
2004,7,3,Weekday,2200,2-Car,No injury/unknown,FAILURE TO YIELD RIGHT OF WAY,SR37S & SR45W,39.187344,-86.5552
2004,10,4,Weekday,900,2-Car,No injury/unknown,FOLLOWING TOO CLOSELY,SR37S & SR45E,39.187344,-86.5552
2004,11,4,Weekday,1100,2-Car,No injury/unknown,FAILURE TO YIELD RIGHT OF WAY,SR37N & SR45N,39.187344,-86.5552
2004,6,3,Weekday,1400,2-Car,No injury/unknown,FOLLOWING TOO CLOSELY,KINSER & PARRISH,39.187136,-86.537856
2004,11,3,Weekday,1200,2-Car,No injury/unknown,FAILURE TO YIELD RIGHT OF WAY,KINSER,39.187136,-86.537856
2004,4,6,Weekday,1500,2-Car,No injury/unknown,FOLLOWING TOO CLOSELY,SR37 & SR45,39.18707612,-86.55527769
2004,1,7,Weekend,1100,2-Car,No injury/unknown,FAILURE TO YIELD RIGHT OF WAY,MONROE & SR45,39.186944,-86.5468
2004,12,3,Weekday,2100,1-Car,No injury/unknown,ALCOHOLIC BEVERAGES,45 AND 46 BYPASS & MONROE ST,39.186944,-86.5468
2004,8,6,Weekday,1200,2-Car,No injury/unknown,IMPROPER TURNING,MONROE & SR46,39.186944,-86.5468
2004,9,2,Weekday,1200,2-Car,Non-incapacitating,FAILURE TO YIELD RIGHT OF WAY,N MONROE & SR 45,39.186944,-86.5468
2004,8,6,Weekday,1400,2-Car,No injury/unknown,FAILURE TO YIELD RIGHT OF WAY,MONROE & SR 45,39.186944,-86.5468
2004,9,5,Weekday,1800,Moped/Motorcycle,Non-incapacitating,FAILURE TO YIELD RIGHT OF WAY,MONROE & SR 45,39.186944,-86.5468
2004,12,3,Weekday,900,2-Car,Non-incapacitating,DRIVER ILLNESS,MONROE & SR46,39.186944,-86.54669358
2004,12,6,Weekday,600,2-Car,Non-incapacitating,FAILURE TO YIELD RIGHT OF WAY,MONROE & SR46,39.186944,-86.5468
2004,12,4,Weekday,700,2-Car,No injury/unknown,ROADWAY SURFACE CONDITION,SR37 & SR45,39.18694217,-86.55531654
2004,12,6,Weekday,900,2-Car,No injury/unknown,FAILURE TO YIELD RIGHT OF WAY,HARTSTRAIT RD & VERNAL,39.186752,-86.611504
2004,3,6,Weekday,1300,1-Car,No injury/unknown,OTHER (ENVIRONMENTAL) - EXPLAIN IN NARR,HARTSTRAIT RD & VERNAL,39.186752,-86.611504
2004,12,6,Weekday,1800,1-Car,Non-incapacitating,SPEED TOO FAST FOR WEATHER CONDITIONS,HARTSTRAIT & VERNAL PIKE,39.18671281,-86.60915746
2004,11,1,Weekday,2000,1-Car,No injury/unknown,UNSAFE SPEED,LANE & WOODYARD RD,39.18670582,-86.57256569
2004,11,5,Weekday,1700,2-Car,Non-incapacitating,OTHER (DRIVER) - EXPLAIN IN NARRATIVE,SR45 & WALNUT ST,39.18663289,-86.53430673
2004,7,3,Weekday,800,2-Car,No injury/unknown,FOLLOWING TOO CLOSELY,KINSER & SR46E,39.18658348,-86.53877335
2004,1,5,Weekday,1200,1-Car,No injury/unknown,OTHER (DRIVER) - EXPLAIN IN NARRATIVE,KINSER & SR45,39.18655979,-86.53824214
2004,2,3,Weekday,,2-Car,No injury/unknown,OTHER (DRIVER) - EXPLAIN IN NARRATIVE,GOURLEY PIKE,39.186544,-86.552784
2004,12,6,Weekday,1800,2-Car,No injury/unknown,FAILURE TO YIELD RIGHT OF WAY,KINSER & SR45,39.186544,-86.537888
2004,5,1,Weekend,900,2-Car,No injury/unknown,FOLLOWING TOO CLOSELY,KINSER PIKE & SR45,39.186544,-86.537888
2004,3,7,Weekend,900,2-Car,Non-incapacitating,FAILURE TO YIELD RIGHT OF WAY,KINSER & SR46,39.186544,-86.537888
2004,1,3,Weekday,1400,2-Car,Non-incapacitating,FAILURE TO YIELD RIGHT OF WAY,45 BYP & KINSER,39.186544,-86.537888
2004,1,6,Weekend,2000,2-Car,No injury/unknown,FAILURE TO YIELD RIGHT OF WAY,KINSER & SR45,39.186544,-86.537888
2004,2,7,Weekend,1300,2-Car,Non-incapacitating,FAILURE TO YIELD RIGHT OF WAY,KINSER & SR46,39.186544,-86.537888
2004,6,5,Weekday,800,2-Car,Incapacitating,FOLLOWING TOO CLOSELY,KINSER & SR45 46,39.186544,-86.537888
2004,4,6,Weekday,1600,2-Car,Non-incapacitating,FAILURE TO YIELD RIGHT OF WAY,KINSER & SR46,39.186544,-86.537888
2004,7,6,Weekend,2200,2-Car,Non-incapacitating,FAILURE TO YIELD RIGHT OF WAY,KINSER & SR45 46,39.186544,-86.537888
2004,8,2,Weekday,1200,3+ Cars,Non-incapacitating,DISREGARD SIGNAL/REG SIGN,KINSER & SR46,39.186544,-86.537888
2004,8,4,Weekday,900,2-Car,No injury/unknown,DRIVER DISTRACTED - EXPLAIN IN NARRATIVE,ARLINGTON RD & GOURLEY,39.186544,-86.551168
2004,9,4,Weekday,1900,2-Car,Non-incapacitating,FAILURE TO YIELD RIGHT OF WAY,KINSER PIKE & SR45,39.186544,-86.537888
2004,11,1,Weekend,1600,2-Car,No injury/unknown,FAILURE TO YIELD RIGHT OF WAY,KINSER & SR4546,39.186544,-86.537888
2004,11,4,Weekday,1800,1-Car,Non-incapacitating,ANIMAL/OBJECT IN ROADWAY,ARLINGTON RD & PROW,39.186544,-86.551168
2004,12,2,Weekday,1200,2-Car,No injury/unknown,DISREGARD SIGNAL/REG SIGN,KINSER & SR45 46,39.186544,-86.537888
2004,1,7,Weekend,1000,2-Car,No injury/unknown,OTHER (DRIVER) - EXPLAIN IN NARRATIVE,KINSER & SR46,39.18653334,-86.53771117
2004,6,3,Weekday,700,3+ Cars,Non-incapacitating,FOLLOWING TOO CLOSELY,N KINSER & SR 45,39.18652268,-86.53753435
2004,9,5,Weekday,0,1-Car,Non-incapacitating,DRIVER ILLNESS,KINSER & SR45,39.18650136,-86.53718069
2004,4,4,Weekday,1200,3+ Cars,Non-incapacitating,OTHER (DRIVER) - EXPLAIN IN NARRATIVE,KINSER & SR 45,39.18643738,-86.53611973
2004,2,3,Weekday,700,1-Car,Non-incapacitating,OVERCORRECTING/OVERSTEERING,KINER & SR45 46,39.186402,-86.53771831
2004,1,1,Weekend,1600,1-Car,No injury/unknown,ROADWAY SURFACE CONDITION,KINSER & SR45 46,39.186402,-86.53771831
2004,10,7,Weekend,1100,3+ Cars,No injury/unknown,FOLLOWING TOO CLOSELY,KINSER & SR 46 BYP,39.186402,-86.53774427
2004,2,1,Weekend,1700,3+ Cars,No injury/unknown,FOLLOWING TOO CLOSELY,SR45 46,39.186368,-86.5344
2004,2,3,Weekday,1000,2-Car,No injury/unknown,DISREGARD SIGNAL/REG SIGN,SR45 & WALNUT,39.186368,-86.5344
2004,5,7,Weekend,1200,2-Car,No injury/unknown,DRIVER DISTRACTED - EXPLAIN IN NARRATIVE,SR45 & WALNUT,39.186368,-86.5344
2004,1,4,Weekday,1200,2-Car,Non-incapacitating,FOLLOWING TOO CLOSELY,45146BYPASS & WALNUT,39.186368,-86.5344
2004,1,3,Weekday,1900,3+ Cars,No injury/unknown,FAILURE TO YIELD RIGHT OF WAY,SR45 & WALNUT,39.186368,-86.5344
2004,3,5,Weekday,1500,2-Car,No injury/unknown,FAILURE TO YIELD RIGHT OF WAY,SR45 & WALNUT,39.186368,-86.5344
2004,12,7,Weekend,2200,2-Car,No injury/unknown,FOLLOWING TOO CLOSELY,SR4546 & WALNUT ST,39.186368,-86.5344
2004,1,7,Weekend,1400,2-Car,No injury/unknown,FAILURE TO YIELD RIGHT OF WAY,SR4546 & WALNUT,39.186368,-86.5344
2004,4,6,Weekday,1500,2-Car,No injury/unknown,FAILURE TO YIELD RIGHT OF WAY,SR45 46 & WALNUT,39.186368,-86.5344
2004,5,1,Weekend,1100,2-Car,No injury/unknown,FAILURE TO YIELD RIGHT OF WAY,SR 45 46 BYP & WALNUT,39.186368,-86.5344
2004,6,6,Weekday,1200,2-Car,No injury/unknown,FAILURE TO YIELD RIGHT OF WAY,SR 45-46 & WALNUT ST,39.186368,-86.5344
2004,5,3,Weekday,1300,3+ Cars,No injury/unknown,FAILURE TO YIELD RIGHT OF WAY,SR46 & WALNUT ST,39.186368,-86.5344
2004,10,7,Weekend,1100,2-Car,No injury/unknown,CELL PHONE USAGE,SR45 & WALNUT,39.186368,-86.5344
2004,7,1,Weekend,700,2-Car,No injury/unknown,OTHER (DRIVER) - EXPLAIN IN NARRATIVE,SR45 & WALNUT,39.186368,-86.5344
2004,8,3,Weekday,1400,2-Car,Non-incapacitating,FOLLOWING TOO CLOSELY,N WALNUT ST & SR45,39.186368,-86.5344
2004,11,2,Weekday,600,1-Car,No injury/unknown,OVERCORRECTING/OVERSTEERING,SR45 & WALNUT,39.186368,-86.5344
2004,10,6,Weekday,1300,2-Car,No injury/unknown,FOLLOWING TOO CLOSELY,SR 45 & WALNUT,39.186368,-86.5344
2004,9,1,Weekend,1300,2-Car,No injury/unknown,FAILURE TO YIELD RIGHT OF WAY,SR45 & WALNUT,39.186368,-86.5344
2004,10,4,Weekday,1900,2-Car,No injury/unknown,FAILURE TO YIELD RIGHT OF WAY,SR45 46 & WALNUT,39.186368,-86.5344
2004,10,2,Weekday,1600,2-Car,Non-incapacitating,FAILURE TO YIELD RIGHT OF WAY,NORTH WALNUT ST & SR 45,39.186368,-86.5344
2004,11,5,Weekday,1500,2-Car,Non-incapacitating,FAILURE TO YIELD RIGHT OF WAY,SR 45 46 & WALNUT,39.186368,-86.5344
2004,11,2,Weekday,1200,2-Car,No injury/unknown,SPEED TOO FAST FOR WEATHER CONDITIONS,SR45 46 & WALNUT,39.186368,-86.5344
2004,3,2,Weekday,1600,3+ Cars,Non-incapacitating,FAILURE TO YIELD RIGHT OF WAY,SR46 & WALNUT,39.186368,-86.5344
2004,7,6,Weekday,1200,2-Car,No injury/unknown,OTHER (DRIVER) - EXPLAIN IN NARRATIVE,SR46 & WALNUT,39.18636779,-86.53436453
2004,4,6,Weekday,1500,2-Car,Non-incapacitating,FAILURE TO YIELD RIGHT OF WAY,SR46 & WALNUT,39.18636748,-86.53431132
2004,5,1,Weekend,300,2-Car,No injury/unknown,ALCOHOLIC BEVERAGES,SR46 & WALNUT,39.18636591,-86.53404529
2004,10,3,Weekday,1300,2-Car,Non-incapacitating,FAILURE TO YIELD RIGHT OF WAY,N WALNUT & SR 46,39.18636398,-86.53371895
2004,9,4,Weekday,1200,2-Car,Non-incapacitating,OTHER (DRIVER) - EXPLAIN IN NARRATIVE,SR45 & WALNUT,39.18636276,-86.53351322
2004,11,6,Weekday,1200,2-Car,No injury/unknown,FAILURE TO YIELD RIGHT OF WAY,SR46 & WALNUT,39.18636276,-86.53351322
2004,7,3,Weekday,1900,2-Car,No injury/unknown,FOLLOWING TOO CLOSELY,SR45,39.18636,-86.533048
2004,10,1,Weekend,900,2-Car,No injury/unknown,FOLLOWING TOO CLOSELY,SR45,39.18636,-86.533048
2004,12,1,Weekend,1100,2-Car,No injury/unknown,UNSAFE BACKING,SR45,39.18636,-86.533048
2004,7,6,Weekday,1500,2-Car,Incapacitating,UNSAFE SPEED,SR 45,39.18636,-86.533048
2004,4,6,Weekday,700,3+ Cars,No injury/unknown,FOLLOWING TOO CLOSELY,DUNN & SR46,39.18635202,-86.52317514
2004,1,3,Weekday,1500,2-Car,No injury/unknown,UNSAFE SPEED,DUNN & SR46,39.18635201,-86.52814128
2004,10,2,Weekday,1400,2-Car,Non-incapacitating,DRIVER DISTRACTED - EXPLAIN IN NARRATIVE,FRITZ & SR 45,39.186352,-86.53000484
2004,7,7,Weekend,800,2-Car,No injury/unknown,FOLLOWING TOO CLOSELY,N DUNN & SR 45,39.186352,-86.5299149
2004,8,2,Weekday,1800,2-Car,No injury/unknown,DRIVER DISTRACTED - EXPLAIN IN NARRATIVE,DUNN & SR4546,39.186352,-86.528496
2004,10,6,Weekday,1300,2-Car,No injury/unknown,SPEED TOO FAST FOR WEATHER CONDITIONS,MATLOCK & SR46,39.186352,-86.528496
2004,1,4,Weekday,2300,1-Car,No injury/unknown,RAN OFF ROAD RIGHT,COLLEGE AVE & SR 45,39.186352,-86.534704
2004,2,2,Weekday,1600,2-Car,No injury/unknown,FAILURE TO YIELD RIGHT OF WAY,COLLEGE AVE & SR45,39.186352,-86.534704
2004,3,4,Weekday,1700,2-Car,Non-incapacitating,FAILURE TO YIELD RIGHT OF WAY,COLLEGE & SR 45 46,39.186352,-86.534704
2004,3,6,Weekend,1900,2-Car,No injury/unknown,FAILURE TO YIELD RIGHT OF WAY,45 BYP & N DUNN,39.186352,-86.528496
2004,4,1,Weekday,1900,3+ Cars,Non-incapacitating,FOLLOWING TOO CLOSELY,FRITZ & SR 45,39.186352,-86.529792
2004,4,1,Weekday,2200,2-Car,Non-incapacitating,FAILURE TO YIELD RIGHT OF WAY,DUMN & SR45 46,39.186352,-86.528496
2004,10,4,Weekday,2000,2-Car,No injury/unknown,UNSAFE SPEED,DUNN & SR45,39.186352,-86.528496
2004,5,5,Weekday,1300,2-Car,No injury/unknown,FAILURE TO YIELD RIGHT OF WAY,COLLEGE AVE & SR4546,39.186352,-86.534704
2004,7,6,Weekday,1800,3+ Cars,Non-incapacitating,FOLLOWING TOO CLOSELY,DUNN & US46,39.186352,-86.528496
2004,11,6,Weekday,1500,2-Car,No injury/unknown,BRAKE FAILURE OR DEFECTIVE,FRITZ & SR4546,39.186352,-86.529792
2004,10,7,Weekend,1000,2-Car,No injury/unknown,LEFT OF CENTER,N DUNN & SR 45 46,39.186352,-86.528496
2004,9,4,Weekday,2000,2-Car,No injury/unknown,FAILURE TO YIELD RIGHT OF WAY,MARTHA & SR45,39.186352,-86.531696
2004,12,3,Weekday,600,1-Car,No injury/unknown,OTHER (VEHICLE) - EXPLAIN IN NARRATIVE,COLLEGE & SR45,39.186352,-86.534704
2004,11,3,Weekday,1800,3+ Cars,No injury/unknown,OTHER (DRIVER) - EXPLAIN IN NARRATIVE,DUNN & SR45 46,39.186352,-86.528496
2004,2,4,Weekday,800,2-Car,No injury/unknown,FOLLOWING TOO CLOSELY,MATLOCK & SR46,39.186352,-86.528496
2004,3,7,Weekend,800,2-Car,Non-incapacitating,DISREGARD SIGNAL/REG SIGN,SR45 46 BYP & WALNUT,39.1863,-86.5347
2004,12,3,Weekday,800,3+ Cars,No injury/unknown,UNSAFE BACKING,HOOSIER CT & KINSER,39.186048,-86.550976
2004,5,3,Weekday,1200,2-Car,Non-incapacitating,LEFT OF CENTER,N FEE & SR 45,39.186032,-86.51984
2004,4,4,Weekday,1200,3+ Cars,No injury/unknown,FOLLOWING TOO CLOSELY,FEE & SR45 46,39.186032,-86.51984
2004,11,5,Weekday,2000,2-Car,No injury/unknown,FAILURE TO YIELD RIGHT OF WAY,FEE & SR 45,39.186032,-86.51984
2004,11,3,Weekday,1800,2-Car,No injury/unknown,FAILURE TO YIELD RIGHT OF WAY,DUNN & MATLOCK,39.186032,-86.51984
2004,12,3,Weekday,1400,3+ Cars,No injury/unknown,FOLLOWING TOO CLOSELY,45 46 BYPASS & FEE,39.186032,-86.51984
2004,2,5,Weekday,1500,2-Car,Non-incapacitating,DISREGARD SIGNAL/REG SIGN,FEE & SR46,39.186032,-86.51984
2004,7,7,Weekend,1600,2-Car,Non-incapacitating,FOLLOWING TOO CLOSELY,FEE & SR46W,39.186032,-86.51984
2004,10,6,Weekday,900,2-Car,No injury/unknown,INSECURE/LEAKY LOAD,FEE & SR46W,39.186032,-86.51984
2004,2,1,Weekend,0,2-Car,No injury/unknown,IMPROPER TURNING,GOURLEY & KINSER,39.18598667,-86.53787533
2004,5,6,Weekday,800,1-Car,No injury/unknown,DRIVER DISTRACTED - EXPLAIN IN NARRATIVE,MT GILEAD & SR45,39.185952,-86.4684
2004,4,7,Weekend,1500,2-Car,No injury/unknown,OTHER (VEHICLE) - EXPLAIN IN NARRATIVE,MT GILEAD & SR45,39.185952,-86.4684
2004,4,7,Weekend,1500,1-Car,No injury/unknown,RAN OFF ROAD LEFT,MT GILEAD & SR45,39.185952,-86.4684
2004,2,7,Weekend,2000,2-Car,No injury/unknown,OTHER LIGHTS DEFECTIVE,MT GILEAD & SR45,39.185952,-86.4684
2004,12,1,Weekend,1200,1-Car,Non-incapacitating,OTHER (ENVIRONMENTAL) - EXPLAIN IN NARR,DECKARD & MT GILEAD,39.185952,-86.4616
2004,9,6,Weekday,700,1-Car,No injury/unknown,IMPROPER TURNING,KINSER,39.18589867,-86.53787333
2004,3,2,Weekday,1800,2-Car,No injury/unknown,OVERCORRECTING/OVERSTEERING,SMITH & WALNUT,39.18574989,-86.533599
2004,2,7,Weekend,1600,2-Car,No injury/unknown,FAILURE TO YIELD RIGHT OF WAY,GOURLEY & KINSER,39.185392,-86.537856
2004,6,7,Weekend,1000,2-Car,No injury/unknown,DISREGARD SIGNAL/REG SIGN,GOURLEY & KINSER PIKE,39.185392,-86.537856
2004,8,5,Weekday,1700,Bus,No injury/unknown,FAILURE TO YIELD RIGHT OF WAY,GOURLEY PIKE & KINSER PIKE,39.185392,-86.537856
2004,10,7,Weekend,1800,2-Car,No injury/unknown,FAILURE TO YIELD RIGHT OF WAY,GOURLEY & KINSER PARK,39.185392,-86.537856
2004,9,4,Weekday,1200,2-Car,No injury/unknown,FAILURE TO YIELD RIGHT OF WAY,GOURLEY & KINSER,39.185392,-86.537856
2004,10,6,Weekday,1500,2-Car,No injury/unknown,UNSAFE BACKING,NORTH FEE LANE LN,39.18534891,-86.51943015
2004,11,6,Weekend,2200,2-Car,No injury/unknown,IMPROPER LANE USAGE,GOURLEY & KINSER,39.185232,-86.54060206
2004,9,5,Weekday,1200,Pedestrian,Non-incapacitating,OTHER (DRIVER) - EXPLAIN IN NARRATIVE,ARLINGTON RD,39.18521164,-86.55064815
2004,8,6,Weekday,1100,2-Car,No injury/unknown,UNSAFE BACKING,W ARLINGTON RD,39.18521164,-86.55064815
2004,8,5,Weekday,1200,2-Car,No injury/unknown,OTHER (DRIVER) - EXPLAIN IN NARRATIVE,LOT GOURLEY,39.18516376,-86.53794612
2004,9,3,Weekday,1100,2-Car,No injury/unknown,,CASCADES DR,39.185152,-86.5441071
2004,6,6,Weekday,1500,2-Car,No injury/unknown,OTHER (DRIVER) - EXPLAIN IN NARRATIVE,FEE LN,39.18501804,-86.51923162
2004,7,6,Weekday,1300,2-Car,No injury/unknown,IMPROPER PASSING,HARTSTRAIGHT RD & MAJESTIC WOODS,39.18494103,-86.61148033
2004,2,6,Weekend,2000,2-Car,Non-incapacitating,,SEVENTEENTH & WILLIS DR,39.1848,-86.543968
2004,8,3,Weekday,2300,2-Car,No injury/unknown,OTHER (DRIVER) - EXPLAIN IN NARRATIVE,COLLEGE AVE,39.18415252,-86.53518903
2004,11,3,Weekday,2000,1-Car,No injury/unknown,OTHER (DRIVER) - EXPLAIN IN NARRATIVE,RUSSELL RD & SERENDIPITY,39.18411743,-86.489299
2004,5,2,Weekday,1200,2-Car,Non-incapacitating,FOLLOWING TOO CLOSELY,20TH & ARLINGTON RD,39.184048,-86.550192
2004,3,5,Weekday,1900,2-Car,Non-incapacitating,IMPROPER TURNING,RATLIFF & SR45,39.18404672,-86.46332372
2004,8,5,Weekday,1200,2-Car,Non-incapacitating,OTHER (DRIVER) - EXPLAIN IN NARRATIVE,2ND & WALNUT ST,39.18394791,-86.533599
2004,3,3,Weekday,200,3+ Cars,No injury/unknown,OTHER (DRIVER) - EXPLAIN IN NARRATIVE,FISHERS & JORDON,39.18388136,-86.51561831
2004,10,5,Weekday,1300,2-Car,No injury/unknown,CELL PHONE USAGE,FEE & JORDAN,39.18384,-86.5192
2004,10,3,Weekday,1700,3+ Cars,No injury/unknown,SPEED TOO FAST FOR WEATHER CONDITIONS,FEE LN & JORDAN,39.18384,-86.5192
2004,2,2,Weekday,1000,Bus,No injury/unknown,OVERCORRECTING/OVERSTEERING,BALFOUR & JORDAN N,39.18342329,-86.51424479