Year,Month,Day,Weekend?,Hour,Collision Type,Injury Type,Primary Factor,Reported_Location,Latitude,Longitude
2004,3,6,Weekday,1200,2-Car,No injury/unknown,UNSAFE BACKING,FEE LANE JORDAN & N JORDAN,39.18342329,-86.51424479
2004,4,5,Weekday,700,2-Car,No injury/unknown,DRIVER DISTRACTED - EXPLAIN IN NARRATIVE,JORDAN & JORDAN PARKING,39.18342329,-86.51424479
2004,4,5,Weekday,0,2-Car,No injury/unknown,OTHER (DRIVER) - EXPLAIN IN NARRATIVE,COLLEGE AVE,39.18335771,-86.53469029
2004,11,5,Weekday,1700,2-Car,Non-incapacitating,LEFT OF CENTER,BROOKDALE & KINSER,39.18327327,-86.53782618
2004,4,5,Weekday,1900,2-Car,No injury/unknown,,LINGAEBACH LN,39.183216,-86.542032
2004,4,5,Weekday,1400,2-Car,Non-incapacitating,OTHER (DRIVER) - EXPLAIN IN NARRATIVE,BROOKDALE & KINSER PIKE,39.18316345,-86.53782444
2004,2,4,Weekday,800,2-Car,No injury/unknown,IMPROPER TURNING,WOODBRIDGE DR,39.183104,-86.53696
2004,7,5,Weekday,1400,2-Car,Non-incapacitating,UNSAFE BACKING,N WILLS 147,39.1831,-86.544099
2004,2,2,Weekday,900,2-Car,No injury/unknown,OTHER (DRIVER) - EXPLAIN IN NARRATIVE,DUNN & VARSITY LN,39.182976,-86.528416
2004,2,1,Weekend,900,2-Car,No injury/unknown,,DUNN & VARSITY,39.182976,-86.528416
2004,10,5,Weekday,1500,2-Car,Non-incapacitating,FOLLOWING TOO CLOSELY,DUNN ST & VARSITY,39.182976,-86.528416
2004,9,7,Weekend,1100,2-Car,No injury/unknown,RAN OFF ROAD RIGHT,VARSITY,39.182976,-86.528416
2004,1,1,Weekend,1500,2-Car,No injury/unknown,FAILURE TO YIELD RIGHT OF WAY,BROOKDALE & KINSER PIKE,39.18286159,-86.53781257
2004,12,4,Weekday,2000,1-Car,No injury/unknown,RAN OFF ROAD RIGHT,ARLINGTON VALLEY DR & WILLIS,39.1828,-86.54424482
2004,7,3,Weekday,1200,2-Car,No injury/unknown,,KINSER,39.18262436,-86.537808
2004,4,3,Weekday,1400,2-Car,No injury/unknown,UNSAFE BACKING,DELTA ZETA DRIVEWAY & JORDAN,39.182448,-86.512496
2004,9,1,Weekend,1600,2-Car,Non-incapacitating,FAILURE TO YIELD RIGHT OF WAY,FEE & FEE LN,39.18242962,-86.51914028
2004,3,2,Weekday,500,1-Car,No injury/unknown,DRIVER ILLNESS,CURRY PIKE & VERNAL,39.18199324,-86.58315002
2004,5,5,Weekday,2000,2-Car,No injury/unknown,UNSAFE BACKING,E MATLOCK,39.18197189,-86.532755
2004,6,4,Weekday,1400,2-Car,No injury/unknown,FAILURE TO YIELD RIGHT OF WAY,MERIDIAN & RIDGE RD,39.181904,-86.543056
2004,4,5,Weekday,1400,1-Car,No injury/unknown,RAN OFF ROAD RIGHT,20TH & DUNN ST,39.18186746,-86.5284
2004,4,7,Weekend,1700,1-Car,No injury/unknown,OTHER (VEHICLE) - EXPLAIN IN NARRATIVE,20TH & DUNN,39.18184,-86.5284
2004,6,2,Weekday,1300,3+ Cars,Non-incapacitating,BRAKE FAILURE OR DEFECTIVE,E 10TH & SR 45,39.18176938,-86.47216832
2004,1,2,Weekday,1600,2-Car,No injury/unknown,OTHER (DRIVER) - EXPLAIN IN NARRATIVE,20TH & LINCOLN ST,39.181744,-86.530192
2004,4,6,Weekday,1000,2-Car,Non-incapacitating,FAILURE TO YIELD RIGHT OF WAY,17TH & WALNUT ST,39.18165921,-86.5336352
2004,8,7,Weekend,1400,2-Car,No injury/unknown,UNSAFE BACKING,WALNUT,39.181552,-86.5336
2004,8,7,Weekend,1600,2-Car,No injury/unknown,,WALNUT,39.181552,-86.5336
2004,3,4,Weekday,1200,2-Car,No injury/unknown,FAILURE TO YIELD RIGHT OF WAY,19TH & LINCOLN ST,39.18140224,-86.53053376
2004,11,3,Weekday,1100,2-Car,No injury/unknown,FOLLOWING TOO CLOSELY,19TH & DUNN ST,39.18104,-86.5284
2004,4,5,Weekday,1500,Bus,No injury/unknown,IMPROPER TURNING,19TH & DUNN,39.18104,-86.5284
2004,5,4,Weekday,1100,2-Car,No injury/unknown,SPEED TOO FAST FOR WEATHER CONDITIONS,DUNN ST & NINETEENTH,39.18104,-86.5284
2004,12,2,Weekday,1600,2-Car,Non-incapacitating,FAILURE TO YIELD RIGHT OF WAY,19TH & DUNN,39.18104,-86.5284
2004,10,6,Weekday,700,1-Car,No injury/unknown,ANIMAL/OBJECT IN ROADWAY,SR37 & VERNAL,39.1809761,-86.55769605
2004,12,5,Weekday,2200,1-Car,No injury/unknown,ANIMAL/OBJECT IN ROADWAY,17TH & SR45,39.18096093,-86.50864748
2004,3,2,Weekday,1400,2-Car,No injury/unknown,ALCOHOLIC BEVERAGES,BLK S MADISON & GRAHAM,39.18071853,-86.537391
2004,2,1,Weekend,100,Pedestrian,Non-incapacitating,IMPROPER LANE USAGE,17TH & LINCOLN ST,39.18068721,-86.53082631
2004,7,7,Weekend,,2-Car,No injury/unknown,,JACKSON & MARBLE,39.18054262,-86.54090403
2004,4,1,Weekend,100,1-Car,No injury/unknown,SPEED TOO FAST FOR WEATHER CONDITIONS,COBBLEFIELD & WEATHERSTONE,39.18053002,-86.522596
2004,3,5,Weekday,2000,2-Car,No injury/unknown,FAILURE TO YIELD RIGHT OF WAY,LAV LN,39.180512,-86.540016
2004,8,7,Weekend,400,2-Car,Non-incapacitating,UNSAFE BACKING,18TH & LINCOLN ST,39.18046171,-86.53083167
2004,2,7,Weekend,0,2-Car,No injury/unknown,OTHER (DRIVER) - EXPLAIN IN NARRATIVE,LINCOLN,39.180448,-86.530832
2004,2,6,Weekend,2100,2-Car,No injury/unknown,OTHER (DRIVER) - EXPLAIN IN NARRATIVE,18TH & LINCOLN,39.180448,-86.530832
2004,7,1,,,2-Car,No injury/unknown,OTHER (DRIVER) - EXPLAIN IN NARRATIVE,17TH & ARLINGTON PARK,39.18041138,-86.54871762
2004,2,1,Weekend,500,1-Car,No injury/unknown,IMPROPER PASSING,18TH & DUNN ST,39.180352,-86.5284
2004,4,2,Weekday,1600,2-Car,No injury/unknown,LEFT OF CENTER,DUNN & EIGHTEENTH ST,39.180352,-86.5284
2004,10,1,Weekday,2200,2-Car,Non-incapacitating,DRIVER DISTRACTED - EXPLAIN IN NARRATIVE,18TH & N DUNN ST,39.180352,-86.5284
2004,11,5,Weekday,0,1-Car,No injury/unknown,ANIMAL/OBJECT IN ROADWAY,17TH & SR 45,39.18021365,-86.50760782
2004,1,2,Weekday,2100,1-Car,No injury/unknown,ALCOHOLIC BEVERAGES,17TH & SR45,39.17984,-86.507088
2004,5,2,Weekday,1400,2-Car,No injury/unknown,OTHER (DRIVER) - EXPLAIN IN NARRATIVE,17TH ST & SR45,39.17984,-86.507088
2004,8,2,Weekday,1600,1-Car,Non-incapacitating,OVERCORRECTING/OVERSTEERING,17TH STREET & SR46,39.17984,-86.507088
2004,8,2,Weekday,1600,1-Car,No injury/unknown,RAN OFF ROAD RIGHT,17TH & SR46,39.17984,-86.507088
2004,3,6,Weekday,1400,Cyclist,Non-incapacitating,IMPROPER PASSING,SEVENTEETH & SR45,39.17984,-86.507088
2004,9,1,Weekend,1200,3+ Cars,Non-incapacitating,FOLLOWING TOO CLOSELY,17TH & SR45 46,39.17984,-86.507088
2004,8,1,Weekend,1200,2-Car,No injury/unknown,VIEW OBSTRUCTED,17TH ST & SR 45,39.17984,-86.507088
2004,9,1,Weekend,1200,2-Car,No injury/unknown,FOLLOWING TOO CLOSELY,SEVENTEENTH & SR45 46,39.17984,-86.507088
2004,1,5,Weekday,1900,2-Car,No injury/unknown,DRIVER DISTRACTED - EXPLAIN IN NARRATIVE,17TH ST & SR45,39.17984,-86.507088
2004,3,2,Weekday,2000,2-Car,No injury/unknown,FAILURE TO YIELD RIGHT OF WAY,17TH & SR45,39.17984,-86.507088
2004,12,4,Weekday,1200,2-Car,Non-incapacitating,FAILURE TO YIELD RIGHT OF WAY,SEVENTEENTH & SR45,39.17984,-86.507088
2004,11,1,Weekend,1000,2-Car,No injury/unknown,OVERCORRECTING/OVERSTEERING,SEVENTEENTH ST & SR 45 46,39.17984,-86.507088
2004,12,5,Weekday,1700,3+ Cars,Non-incapacitating,SPEED TOO FAST FOR WEATHER CONDITIONS,17TH & US45 46,39.17984,-86.507088
2004,12,2,Weekday,1500,2-Car,No injury/unknown,OTHER (DRIVER) - EXPLAIN IN NARRATIVE,17TH ST & 45 BYPASS,39.17984,-86.507088
2004,12,4,Weekday,800,2-Car,No injury/unknown,ROADWAY SURFACE CONDITION,17TH & SR45,39.17967697,-86.50695652
2004,7,6,Weekday,1100,2-Car,No injury/unknown,OTHER (DRIVER) - EXPLAIN IN NARRATIVE,N FEE LN,39.17965751,-86.51902289
2004,1,7,Weekend,0,2-Car,No injury/unknown,BRAKE FAILURE OR DEFECTIVE,TERRY LN,39.179632,-86.539136
2004,1,3,Weekday,600,1-Car,Non-incapacitating,SPEED TOO FAST FOR WEATHER CONDITIONS,SR37 & VERNAL,39.1795795,-86.55880457
2004,12,6,,,2-Car,No injury/unknown,,JORDAN,39.17943819,-86.511088
2004,5,7,Weekend,1000,1-Car,Non-incapacitating,OVERCORRECTING/OVERSTEERING,ARLINGTON RD & MONROE,39.17940679,-86.54739335
2004,6,3,Weekday,800,2-Car,No injury/unknown,FAILURE TO YIELD RIGHT OF WAY,17TH & KINSER,39.1794038,-86.53778624
2004,9,1,Weekend,1700,2-Car,No injury/unknown,GLARE,17TH & JORDAN AVE,39.1793971,-86.511088
2004,7,3,Weekday,1200,Moped/Motorcycle,No injury/unknown,RAN OFF ROAD RIGHT,VERNAL PIKE & WOODYARD,39.179344,-86.564
2004,10,6,Weekday,1100,2-Car,Non-incapacitating,ROADWAY SURFACE CONDITION,17TH ST & LINDBERGH,39.179248,-86.55223731
2004,6,5,Weekday,1200,2-Car,No injury/unknown,FAILURE TO YIELD RIGHT OF WAY,ARLINGTON & MONROE,39.179248,-86.547104
2004,9,7,Weekend,1900,2-Car,Non-incapacitating,FAILURE TO YIELD RIGHT OF WAY,CURRY PIKE & VERNAL,39.179248,-86.5832
2004,3,5,Weekday,1900,1-Car,No injury/unknown,ALCOHOLIC BEVERAGES,17TH & CIRCLE DR,39.179248,-86.556592
2004,5,4,Weekday,1700,2-Car,Non-incapacitating,DRIVER DISTRACTED - EXPLAIN IN NARRATIVE,CURRY PIKE & VERNAL,39.179248,-86.5832
2004,3,4,Weekday,900,2-Car,No injury/unknown,FAILURE TO YIELD RIGHT OF WAY,17TH & MONROE,39.179248,-86.547104
2004,4,5,Weekday,1800,2-Car,No injury/unknown,ROADWAY SURFACE CONDITION,17TH ST & MONROE,39.179248,-86.547104
2004,4,2,Weekday,1500,2-Car,No injury/unknown,LEFT OF CENTER,17TH & MONROE ST,39.179248,-86.547104
2004,9,3,Weekday,1500,3+ Cars,Non-incapacitating,FOLLOWING TOO CLOSELY,CURRY & VERNAL,39.179248,-86.5832
2004,5,7,Weekend,1000,2-Car,No injury/unknown,DRIVER DISTRACTED - EXPLAIN IN NARRATIVE,17TH ST & MONROE,39.179248,-86.547104
2004,8,4,Weekday,1100,1-Car,No injury/unknown,OVERCORRECTING/OVERSTEERING,17TH & LINDBERGH,39.179248,-86.552592
2004,8,7,Weekend,1000,1-Car,No injury/unknown,RAN OFF ROAD RIGHT,VERNAL PIKE,39.179248,-86.5744
2004,8,3,Weekday,800,1-Car,No injury/unknown,UNSAFE BACKING,17TH & W 17TH ST,39.179248,-86.54678008
2004,10,3,Weekday,1700,2-Car,No injury/unknown,ROADWAY SURFACE CONDITION,17TH & MONROE,39.179248,-86.547104
2004,12,3,Weekday,1000,2-Car,No injury/unknown,FAILURE TO YIELD RIGHT OF WAY,17TH & LINDBERGH,39.179248,-86.552592
2004,10,4,Weekday,900,2-Car,Non-incapacitating,FOLLOWING TOO CLOSELY,17TH ST & MONROE,39.179248,-86.547104
2004,11,6,Weekday,1100,2-Car,No injury/unknown,FAILURE TO YIELD RIGHT OF WAY,ARLINGTON APTS & W 17TH ST,39.179248,-86.549504
2004,7,2,Weekday,1200,2-Car,Non-incapacitating,FAILURE TO YIELD RIGHT OF WAY,CURRY & VERNAL,39.179248,-86.5832
2004,12,1,Weekend,1500,2-Car,No injury/unknown,OTHER (DRIVER) - EXPLAIN IN NARRATIVE,VERNAL & VERNAL PIKE,39.179248,-86.58292
2004,9,2,Weekday,1600,2-Car,No injury/unknown,OTHER (DRIVER) - EXPLAIN IN NARRATIVE,FISHERS & JORDAN AVE,39.17922923,-86.5126
2004,7,3,Weekday,1700,2-Car,Non-incapacitating,FOLLOWING TOO CLOSELY,17TH ST & MAPLE,39.17917148,-86.54563545
2004,10,5,Weekday,1500,2-Car,No injury/unknown,UNSAFE BACKING,17TH & LINGELBACH LN,39.179152,-86.508592
2004,12,4,Weekday,1500,Bus,No injury/unknown,IMPROPER PASSING,17TH & LINGELBACH LN,39.179152,-86.508592
2004,10,4,Weekday,2000,1-Car,Non-incapacitating,SPEED TOO FAST FOR WEATHER CONDITIONS,CURRY & VERNAL PIKE,39.17915173,-86.5847888
2004,11,7,Weekend,900,2-Car,No injury/unknown,FAILURE TO YIELD RIGHT OF WAY,BALFORD & JORDAN AVE,39.17912342,-86.511088
2004,9,6,Weekday,1300,2-Car,No injury/unknown,FAILURE TO YIELD RIGHT OF WAY,17TH & DUNN,39.17912237,-86.5284
2004,3,5,Weekday,700,2-Car,No injury/unknown,FAILURE TO YIELD RIGHT OF WAY,17TH & DUNN ST,39.17910864,-86.5284
2004,5,3,Weekday,1600,2-Car,No injury/unknown,FAILURE TO YIELD RIGHT OF WAY,17TH PLAZA EXIT & W 17TH,39.17909867,-86.543956
2004,2,1,Weekend,200,2-Car,No injury/unknown,ROADWAY SURFACE CONDITION,BALFOUR & JORDAN AVE,39.17908408,-86.511088
2004,5,6,Weekday,1700,2-Car,No injury/unknown,FAILURE TO YIELD RIGHT OF WAY,17TH ST & LINCOLN,39.17904,-86.530848
2004,4,4,Weekday,1800,2-Car,No injury/unknown,FAILURE TO YIELD RIGHT OF WAY,17TH & DUNN ST,39.17904,-86.5284
2004,4,3,Weekday,1000,2-Car,No injury/unknown,DISREGARD SIGNAL/REG SIGN,17TH ST & DUNN,39.17904,-86.5284
2004,3,2,Weekday,900,2-Car,No injury/unknown,FAILURE TO YIELD RIGHT OF WAY,17TH & DUNN,39.17904,-86.5284
2004,4,6,Weekday,1400,2-Car,No injury/unknown,IMPROPER LANE USAGE,17TH & DUNN AVE,39.17904,-86.5284
2004,1,6,Weekday,1600,2-Car,No injury/unknown,FAILURE TO YIELD RIGHT OF WAY,17TH ST & LINCOLN,39.17904,-86.530848
2004,3,1,Weekday,1900,Moped/Motorcycle,Non-incapacitating,IMPROPER TURNING,17TH ST & MAPLE,39.17904,-86.542096
2004,4,5,Weekday,1300,2-Car,No injury/unknown,FAILURE TO YIELD RIGHT OF WAY,17TH ST & DUNN,39.17904,-86.5284
2004,8,7,Weekend,2000,2-Car,No injury/unknown,DISREGARD SIGNAL/REG SIGN,17TH ST & DUNN,39.17904,-86.5284
2004,8,2,Weekday,900,2-Car,No injury/unknown,UNSAFE BACKING,17TH ST,39.17904,-86.532096
2004,9,1,Weekend,700,2-Car,No injury/unknown,FAILURE TO YIELD RIGHT OF WAY,17TH ST & COLLEGE,39.17904,-86.532096
2004,10,4,Weekday,0,3+ Cars,No injury/unknown,ROADWAY SURFACE CONDITION,17TH ST & LINCOLN,39.17904,-86.530848
2004,12,2,Weekday,2300,2-Car,No injury/unknown,UNSAFE SPEED,17TH ST & WASHINGTON,39.17904,-86.532096
2004,12,5,Weekday,1300,2-Car,No injury/unknown,FOLLOWING TOO CLOSELY,E 17TH & LINCOLN,39.17904,-86.530848
2004,10,4,Weekday,1200,2-Car,No injury/unknown,FAILURE TO YIELD RIGHT OF WAY,17TH ST & COLLEGE,39.17904,-86.532096
2004,11,3,Weekday,1700,2-Car,No injury/unknown,OTHER (DRIVER) - EXPLAIN IN NARRATIVE,17TH ST & WASHINGTON,39.17904,-86.532096
2004,12,5,Weekday,600,2-Car,No injury/unknown,OTHER (DRIVER) - EXPLAIN IN NARRATIVE,DUNN ST,39.17904,-86.5284
2004,8,1,Weekend,100,2-Car,No injury/unknown,FAILURE TO YIELD RIGHT OF WAY,17TH ST & LINCOLN,39.17904,-86.530848
2004,10,2,Weekday,1400,2-Car,No injury/unknown,DRIVER DISTRACTED - EXPLAIN IN NARRATIVE,17TH ST & MAPLE,39.17903915,-86.5419896
2004,3,7,Weekend,1900,2-Car,Non-incapacitating,FOLLOWING TOO CLOSELY,17TH ST & MAPLE,39.17903858,-86.54191867
2004,1,6,Weekend,2300,2-Car,Non-incapacitating,FOLLOWING TOO CLOSELY,17TH ST & MAPLE,39.17903787,-86.54183
2004,2,6,Weekday,1500,2-Car,No injury/unknown,UNSAFE BACKING,17TH ST & DUNN,39.17903055,-86.52769073
2004,9,4,Weekday,1700,2-Car,No injury/unknown,FAILURE TO YIELD RIGHT OF WAY,17TH ST & JACKSON,39.17902868,-86.54068003
2004,2,5,Weekday,1400,2-Car,No injury/unknown,UNSAFE BACKING,17TH & COLLEGE AVE,39.17902864,-86.53471974
2004,5,4,Weekday,1600,2-Car,No injury/unknown,FAILURE TO YIELD RIGHT OF WAY,17TH ST & INDIANA,39.17902778,-86.52748371
2004,6,7,Weekend,1300,2-Car,No injury/unknown,UNSAFE BACKING,WEST SEVENTEENTH ST,39.17902563,-86.54030008
2004,1,3,Weekday,1800,2-Car,No injury/unknown,LEFT OF CENTER,17TH & INDIANA AVE,39.179024,-86.5272
2004,1,7,Weekend,1900,2-Car,No injury/unknown,FAILURE TO YIELD RIGHT OF WAY,17TH ST & JACKSON,39.179024,-86.53997069
2004,10,7,Weekend,200,2-Car,No injury/unknown,OTHER (DRIVER) - EXPLAIN IN NARRATIVE,17TH & N JACKSON ST,39.179024,-86.539616
2004,2,7,Weekend,200,2-Car,No injury/unknown,ALCOHOLIC BEVERAGES,17TH ST & INDIANA,39.179024,-86.5272
2004,12,3,Weekday,1800,2-Car,No injury/unknown,IMPROPER PASSING,17TH ST & KINSER,39.17902311,-86.53956498
2004,8,3,Weekday,700,2-Car,No injury/unknown,OTHER (DRIVER) - EXPLAIN IN NARRATIVE,17TH ST & JACKSON,39.17902089,-86.5394387
2004,2,1,Weekend,1500,2-Car,No injury/unknown,UNSAFE BACKING,KINSER,39.17901892,-86.53779162
2004,8,6,Weekday,0,2-Car,No injury/unknown,OTHER (DRIVER) - EXPLAIN IN NARRATIVE,177 E 17TH & PARKING LOT,39.17901845,-86.53238694
2004,10,4,Weekday,1700,2-Car,Non-incapacitating,FOLLOWING TOO CLOSELY,17TH ST & LINCOLN,39.17901812,-86.53067292
2004,8,5,Weekday,1600,3+ Cars,Non-incapacitating,FOLLOWING TOO CLOSELY,17TH,39.17901778,-86.53067024
2004,3,7,Weekend,1200,2-Car,No injury/unknown,UNSAFE BACKING,17TH,39.17901461,-86.53064485
2004,1,7,Weekend,1100,1-Car,No injury/unknown,OTHER (DRIVER) - EXPLAIN IN NARRATIVE,17TH,39.179008,-86.525888
2004,3,2,Weekday,1500,2-Car,No injury/unknown,UNSAFE BACKING,17TH ST & DUNN,39.179008,-86.525888
2004,4,5,Weekday,700,1-Car,No injury/unknown,DRIVER DISTRACTED - EXPLAIN IN NARRATIVE,17TH ST & FESS,39.179008,-86.525888
2004,8,3,Weekday,1900,Bus,No injury/unknown,UNSAFE BACKING,EAST 17TH ST,39.179008,-86.525888
2004,5,5,Weekday,1400,2-Car,No injury/unknown,,17TH ST,39.179008,-86.525888
2004,6,3,Weekday,1000,2-Car,Non-incapacitating,FOLLOWING TOO CLOSELY,17TH ST & MAPLE,39.179008,-86.525888
2004,10,7,Weekend,1100,2-Car,No injury/unknown,OTHER (DRIVER) - EXPLAIN IN NARRATIVE,17TH & FESS,39.179008,-86.525888
2004,8,6,Weekday,1700,2-Car,No injury/unknown,FAILURE TO YIELD RIGHT OF WAY,MONROE & W 17TH ST,39.179,-86.5453286
2004,2,2,Weekday,1700,2-Car,No injury/unknown,OTHER (VEHICLE) - EXPLAIN IN NARRATIVE,17TH & BLUE LOT,39.178992,-86.532744
2004,2,1,Weekday,2200,2-Car,No injury/unknown,FAILURE TO YIELD RIGHT OF WAY,17TH ST,39.178992,-86.532744
2004,4,6,Weekday,1100,2-Car,No injury/unknown,UNSAFE BACKING,17TH ST,39.178992,-86.532744
2004,3,6,Weekday,1600,2-Car,No injury/unknown,FOLLOWING TOO CLOSELY,17TH ST & WOODLAWN,39.178992,-86.523504
2004,7,2,Weekday,1100,3+ Cars,No injury/unknown,ROADWAY SURFACE CONDITION,17TH ST & WOODLAWN,39.178992,-86.523504
2004,9,4,Weekday,1500,Bus,No injury/unknown,OTHER (DRIVER) - EXPLAIN IN NARRATIVE,E 17TH ST,39.178992,-86.532744
2004,9,3,Weekday,1200,2-Car,No injury/unknown,,17TH ST,39.178992,-86.532744
2004,12,4,Weekday,900,2-Car,No injury/unknown,UNSAFE BACKING,17TH ST,39.178992,-86.532744
2004,9,7,Weekend,1500,2-Car,No injury/unknown,,17TH ST & WOODLAWN,39.178992,-86.523504
2004,12,4,Weekday,1900,Pedestrian,Non-incapacitating,,17TH & WOODLAWN,39.178992,-86.523504
2004,9,5,Weekday,1800,2-Car,No injury/unknown,IMPROPER TURNING,17TH ST & KINSER,39.178992,-86.537792
2004,3,3,Weekday,2200,2-Car,No injury/unknown,OTHER (DRIVER) - EXPLAIN IN NARRATIVE,SEVENTEENTH ST & WILLIS,39.1789871,-86.52316604
2004,9,7,Weekend,1000,2-Car,No injury/unknown,FAILURE TO YIELD RIGHT OF WAY,W 17TH & WOODBURN,39.178976,-86.536032
2004,12,3,Weekday,2300,2-Car,No injury/unknown,IMPROPER LANE USAGE,17TH ST & WOODBURN,39.178976,-86.536032
2004,5,5,Weekday,2000,2-Car,No injury/unknown,OTHER (DRIVER) - EXPLAIN IN NARRATIVE,17TH ST,39.17897062,-86.52940482
2004,4,6,Weekday,1100,2-Car,Non-incapacitating,FOLLOWING TOO CLOSELY,17TH & COLLEGE,39.1789626,-86.53493279
2004,5,3,Weekday,1400,2-Car,No injury/unknown,IMPROPER LANE USAGE,17TH ST & COLLEGE,39.17896,-86.53472
2004,9,2,Weekday,1100,2-Car,No injury/unknown,UNSAFE BACKING,17TH ST & FEE,39.17896,-86.521088
2004,9,1,Weekend,1600,2-Car,No injury/unknown,UNSAFE BACKING,17TH ST,39.17896,-86.521088
2004,3,4,Weekday,1600,3+ Cars,Non-incapacitating,FOLLOWING TOO CLOSELY,17TH & WALNUT,39.17896,-86.521088
2004,3,4,Weekday,1000,2-Car,No injury/unknown,DISREGARD SIGNAL/REG SIGN,17TH & COLLEGE AVE,39.17896,-86.53472
2004,4,4,Weekday,1800,2-Car,No injury/unknown,FAILURE TO YIELD RIGHT OF WAY,17TH ST & COLLEGE,39.17896,-86.53472
2004,10,2,Weekday,1300,2-Car,No injury/unknown,FOLLOWING TOO CLOSELY,17TH & FEE,39.17896,-86.521088
2004,7,5,Weekday,1300,2-Car,No injury/unknown,FAILURE TO YIELD RIGHT OF WAY,COLLEGE & SEVENTEENTH ST,39.17896,-86.53472
2004,7,2,Weekday,1700,2-Car,No injury/unknown,FAILURE TO YIELD RIGHT OF WAY,N COLLEGE & W 17TH ST,39.17896,-86.53472
2004,12,6,Weekday,1600,2-Car,No injury/unknown,OTHER (DRIVER) - EXPLAIN IN NARRATIVE,E 17TH ST & FEE,39.17896,-86.521088
2004,12,4,Weekday,2000,Bus,No injury/unknown,FAILURE TO YIELD RIGHT OF WAY,17TH,39.17896,-86.521088
2004,9,4,Weekday,2100,2-Car,No injury/unknown,DISREGARD SIGNAL/REG SIGN,17TH & COLLEGE AVE,39.17896,-86.53472
2004,12,2,Weekday,1200,2-Car,No injury/unknown,IMPROPER LANE USAGE,17TH & COLLEGE,39.17896,-86.53472
2004,12,5,Weekday,1800,2-Car,No injury/unknown,FAILURE TO YIELD RIGHT OF WAY,COLLEGE & W 17TH ST,39.17896,-86.53472
2004,5,6,Weekday,1200,2-Car,No injury/unknown,IMPROPER LANE USAGE,17TH ST & WALNUT GROVE,39.17896,-86.521088
2004,4,5,Weekday,1700,2-Car,No injury/unknown,FAILURE TO YIELD RIGHT OF WAY,17TH ST & WALNUT,39.17895729,-86.52091069
2004,4,6,Weekday,1400,2-Car,No injury/unknown,FAILURE TO YIELD RIGHT OF WAY,17TH ST & WALNUT,39.17895729,-86.52091069
2004,5,4,Weekday,200,2-Car,No injury/unknown,UNSAFE BACKING,17TH,39.17895065,-86.52955121
2004,1,4,Weekday,2200,2-Car,No injury/unknown,FAILURE TO YIELD RIGHT OF WAY,17TH & WALNUT,39.178944,-86.533392
2004,4,5,Weekday,700,3+ Cars,Non-incapacitating,FOLLOWING TOO CLOSELY,17TH & GRANT,39.178944,-86.5296
2004,1,4,Weekday,900,2-Car,No injury/unknown,LEFT OF CENTER,17TH ST & KINSER,39.178944,-86.5296
2004,3,2,Weekday,1200,2-Car,No injury/unknown,DISREGARD SIGNAL/REG SIGN,17TH & WALNUT,39.178944,-86.533392
2004,3,3,Weekday,1200,2-Car,No injury/unknown,FAILURE TO YIELD RIGHT OF WAY,17TH & WALNUT ST,39.178944,-86.533392
2004,5,5,Weekday,700,2-Car,No injury/unknown,DISREGARD SIGNAL/REG SIGN,17TH & WALNUT ST,39.178944,-86.533392
2004,4,7,Weekend,1600,2-Car,No injury/unknown,ROADWAY SURFACE CONDITION,17TH ST & WALNUT,39.178944,-86.533392
2004,6,4,Weekday,1100,2-Car,Non-incapacitating,DISREGARD SIGNAL/REG SIGN,17TH & WALNUT ST,39.178944,-86.533392
2004,6,4,Weekday,700,2-Car,No injury/unknown,FOLLOWING TOO CLOSELY,17TH ST & MADISON,39.178944,-86.5296
2004,6,7,Weekend,1500,2-Car,No injury/unknown,FOLLOWING TOO CLOSELY,17TH & WALNUT,39.178944,-86.533392
2004,8,1,Weekday,1900,2-Car,No injury/unknown,ILLEGAL DRUGS,17TH ST & GRANT,39.178944,-86.5296
2004,9,5,Weekday,1600,2-Car,No injury/unknown,DISREGARD SIGNAL/REG SIGN,SEVENTEENTH ST & WALNUT,39.178944,-86.533392
2004,10,5,Weekday,1400,2-Car,No injury/unknown,FOLLOWING TOO CLOSELY,17TH ST & GRANT,39.178944,-86.5296
2004,11,5,Weekday,1100,2-Car,No injury/unknown,OTHER (DRIVER) - EXPLAIN IN NARRATIVE,17TH ST & WALNUT,39.178944,-86.533392
2004,10,2,Weekday,0,2-Car,No injury/unknown,DISREGARD SIGNAL/REG SIGN,17TH ST & N WALNUT,39.178944,-86.533392
2004,12,2,Weekday,1200,2-Car,Incapacitating,OTHER (DRIVER) - EXPLAIN IN NARRATIVE,19TH & WALNUT,39.178944,-86.533392
2004,10,3,Weekday,1500,2-Car,No injury/unknown,SPEED TOO FAST FOR WEATHER CONDITIONS,17TH ST & WALNUT,39.178944,-86.533392
2004,11,3,Weekday,1000,2-Car,No injury/unknown,DISREGARD SIGNAL/REG SIGN,17TH & WALNUT ST,39.178944,-86.533392
2004,2,7,Weekend,0,1-Car,No injury/unknown,ALCOHOLIC BEVERAGES,17TH ST & FEE,39.17893613,-86.51952393