Year,Month,Day,Weekend?,Hour,Collision Type,Injury Type,Primary Factor,Reported_Location,Latitude,Longitude
2004,2,6,Weekday,1500,2-Car,No injury/unknown,FOLLOWING TOO CLOSELY,17TH ST & FEE,39.17892935,-86.51908065
2004,1,7,Weekend,1400,2-Car,Non-incapacitating,DISREGARD SIGNAL/REG SIGN,FEE LN & SEVENTEENTH,39.178928,-86.518992
2004,8,1,Weekend,1800,2-Car,No injury/unknown,FOLLOWING TOO CLOSELY,E 17TH ST & FEE,39.178928,-86.518992
2004,9,5,Weekday,900,2-Car,No injury/unknown,FOLLOWING TOO CLOSELY,17TH ST & FEE,39.178928,-86.518992
2004,3,1,Weekend,200,2-Car,No injury/unknown,ALCOHOLIC BEVERAGES,17TH ST & FEE,39.178928,-86.518992
2004,4,7,Weekend,2300,2-Car,No injury/unknown,ALCOHOLIC BEVERAGES,17TH ST & FEE,39.178928,-86.518992
2004,11,5,Weekday,900,2-Car,No injury/unknown,SPEED TOO FAST FOR WEATHER CONDITIONS,17TH ST & FEE,39.178928,-86.518992
2004,9,5,Weekday,2100,3+ Cars,Non-incapacitating,FAILURE TO YIELD RIGHT OF WAY,17TH ST & FEE,39.178928,-86.518992
2004,9,2,Weekday,900,1-Car,Non-incapacitating,LEFT OF CENTER,FEE LN & SEVENTEENTH,39.178928,-86.518992
2004,10,6,Weekend,2200,2-Car,No injury/unknown,FAILURE TO YIELD RIGHT OF WAY,17TH & FEE,39.178928,-86.518992
2004,11,7,Weekend,1400,2-Car,No injury/unknown,DRIVER DISTRACTED - EXPLAIN IN NARRATIVE,17TH ST & FEE,39.178928,-86.518992
2004,3,4,Weekday,1700,2-Car,No injury/unknown,FAILURE TO YIELD RIGHT OF WAY,17 TH ST & FEE,39.178928,-86.518992
2004,11,5,Weekday,2000,1-Car,No injury/unknown,RAN OFF ROAD RIGHT,17TH ST & FEE,39.17892146,-86.51846004
2004,11,2,Weekday,1900,1-Car,Non-incapacitating,ANIMAL/OBJECT IN ROADWAY,17TH ST & FEE,39.17891928,-86.51828272
2004,10,3,Weekday,1700,3+ Cars,No injury/unknown,SPEED TOO FAST FOR WEATHER CONDITIONS,17TH ST & FEE,39.17891492,-86.51792807
2004,2,2,Weekday,1600,2-Car,No injury/unknown,UNSAFE BACKING,17TH ST,39.17887129,-86.51438724
2004,3,6,Weekday,1200,2-Car,Non-incapacitating,UNSAFE SPEED,17TH ST & JORDAN,39.178848,-86.51197472
2004,2,2,Weekday,1000,2-Car,No injury/unknown,IMPROPER TURNING,JORDAN & JORDAN PARKING GARAGE,39.178848,-86.511088
2004,1,5,Weekday,1800,3+ Cars,Non-incapacitating,FOLLOWING TOO CLOSELY,17TH ST & JORDAN,39.178848,-86.51144269
2004,2,3,Weekday,1900,2-Car,No injury/unknown,UNSAFE BACKING,17TH & JORDAN AVE,39.178848,-86.511088
2004,1,3,Weekday,2200,1-Car,No injury/unknown,OTHER (DRIVER) - EXPLAIN IN NARRATIVE,JORDAN & JORDAN AVE PARKING GARAGE,39.178848,-86.511088
2004,3,3,Weekday,1400,2-Car,No injury/unknown,UNSAFE BACKING,JORDAN & JORDAN AVE,39.178848,-86.511088
2004,12,3,Weekday,0,2-Car,Non-incapacitating,SPEED TOO FAST FOR WEATHER CONDITIONS,17TH & JORDAN AVE,39.178848,-86.511088
2004,11,3,Weekday,2100,2-Car,No injury/unknown,FOLLOWING TOO CLOSELY,17TH ST & JORDAN,39.178848,-86.511088
2004,12,6,Weekday,900,2-Car,No injury/unknown,UNSAFE SPEED,17TH ST & JORDAN,39.178848,-86.51126534
2004,10,3,Weekday,1500,3+ Cars,No injury/unknown,FOLLOWING TOO CLOSELY,17TH ST & JORDAN,39.178848,-86.511088
2004,11,3,Weekday,2100,2-Car,No injury/unknown,FAILURE TO YIELD RIGHT OF WAY,17TH & JORDAN AVE,39.178848,-86.511088
2004,10,3,Weekday,1700,2-Car,No injury/unknown,ROADWAY SURFACE CONDITION,17TH ST & JORDAN,39.178848,-86.51144269
2004,2,2,Weekday,1200,Bus,No injury/unknown,IMPROPER TURNING,1700 E 17TH & JORDAN AVE,39.178848,-86.511088
2004,3,3,Weekday,900,2-Car,No injury/unknown,FOLLOWING TOO CLOSELY,HENSONBURG & VERNAL PIKE,39.17883604,-86.56212716
2004,3,4,Weekday,800,2-Car,No injury/unknown,OTHER (DRIVER) - EXPLAIN IN NARRATIVE,17TH & WALNUT,39.17876555,-86.53339459
2004,3,6,Weekday,1400,2-Car,No injury/unknown,FAILURE TO YIELD RIGHT OF WAY,17TH & INDIANA AVE,39.1787495,-86.52719296
2004,6,6,Weekday,1000,1-Car,Non-incapacitating,,17TH & WOODBURN,39.17853029,-86.53604343
2004,9,3,Weekday,700,2-Car,No injury/unknown,UNSAFE BACKING,17TH & WOODBURN AVE,39.17801519,-86.536048
2004,9,6,Weekday,1600,2-Car,Non-incapacitating,IMPROPER PASSING,WALNUT & WALNUT S,39.17785115,-86.53340784
2004,7,2,Weekday,2100,2-Car,No injury/unknown,FOLLOWING TOO CLOSELY,FIRST & WALNUT,39.17784,-86.533408
2004,10,7,Weekend,1100,2-Car,No injury/unknown,FAILURE TO YIELD RIGHT OF WAY,16TH & WALNUT,39.17784,-86.533408
2004,2,7,Weekend,0,2-Car,No injury/unknown,OTHER (DRIVER) - EXPLAIN IN NARRATIVE,17TH & LINCOLN,39.177792,-86.530864
2004,5,4,Weekday,1800,2-Car,No injury/unknown,VIEW OBSTRUCTED,16TH ST & LINCOLN,39.177792,-86.530864
2004,10,5,Weekday,1700,2-Car,No injury/unknown,UNSAFE BACKING,16TH,39.17778906,-86.53063184
2004,11,4,Weekday,,2-Car,No injury/unknown,OTHER (DRIVER) - EXPLAIN IN NARRATIVE,16TH ST & DUNN,39.17775065,-86.52858587
2004,5,5,Weekday,800,2-Car,No injury/unknown,FOLLOWING TOO CLOSELY,16TH & MADISON,39.177744,-86.53776
2004,10,5,Weekday,2200,1-Car,No injury/unknown,ALCOHOLIC BEVERAGES,HENSONBURG & VERNAL,39.177648,-86.562
2004,9,5,Weekday,1000,2-Car,No injury/unknown,IMPROPER PASSING,17TH & COLLEGE AVE,39.17757799,-86.53473063
2004,10,3,Weekday,1500,2-Car,No injury/unknown,SPEED TOO FAST FOR WEATHER CONDITIONS,SR37 & VERNAL,39.17755585,-86.56120156
2004,4,5,Weekday,1700,1-Car,No injury/unknown,OVERCORRECTING/OVERSTEERING,SR 37 & VERNAL,39.17755585,-86.56120156
2004,3,6,Weekday,1700,2-Car,No injury/unknown,OTHER (DRIVER) - EXPLAIN IN NARRATIVE,15TH & MONROE,39.177552,-86.547104
2004,5,2,Weekday,1800,2-Car,Non-incapacitating,DRIVER ILLNESS,16TH & MADISON,39.17746958,-86.53774902
2004,11,2,Weekday,1100,3+ Cars,Non-incapacitating,ROADWAY SURFACE CONDITION,SR37 & VERNAL,39.17744454,-86.56133339
2004,5,5,Weekday,1900,3+ Cars,No injury/unknown,ALCOHOLIC BEVERAGES,10TH & SR45,39.17737358,-86.47737396
2004,3,2,Weekday,1200,2-Car,No injury/unknown,IMPROPER PASSING,JORDAN AVENUE & LINGELBACH LANE LN,39.177248,-86.512496
2004,2,5,Weekday,1800,2-Car,No injury/unknown,FAILURE TO YIELD RIGHT OF WAY,JORDAN AVE,39.177248,-86.512496
2004,9,2,Weekday,900,1-Car,Non-incapacitating,NONE (DRIVER),JORDAN AVE & LINGELBACH,39.177248,-86.512496
2004,9,5,Weekday,1600,2-Car,No injury/unknown,IMPROPER TURNING,JORDAN AVE & LINGELBACH,39.177248,-86.512496
2004,9,4,Weekday,1800,3+ Cars,No injury/unknown,FOLLOWING TOO CLOSELY,JORDAN AVE & LINGELBACH,39.177248,-86.512496
2004,5,3,Weekday,800,2-Car,No injury/unknown,OTHER (DRIVER) - EXPLAIN IN NARRATIVE,JORDAN AVE & LINGELBACH,39.177248,-86.512496
2004,10,6,Weekday,1500,Bus,No injury/unknown,FOLLOWING TOO CLOSELY,LINGELBACH & N JORDAN AVE,39.177248,-86.512496
2004,12,5,Weekday,1400,2-Car,Non-incapacitating,FAILURE TO YIELD RIGHT OF WAY,JORDAN AVE & LINGELBACH,39.177248,-86.512496
2004,8,1,Weekend,200,2-Car,No injury/unknown,IMPROPER PASSING,SR 37 & VERNAL,39.17724453,-86.56246718
2004,4,6,Weekday,1100,2-Car,Non-incapacitating,DRIVER DISTRACTED - EXPLAIN IN NARRATIVE,10TH & SR45,39.17720909,-86.47765759
2004,2,7,Weekend,100,1-Car,No injury/unknown,OTHER (ENVIRONMENTAL) - EXPLAIN IN NARR,BOTTOM & SR 37 HWY,39.17718144,-86.542199
2004,9,7,Weekend,,2-Car,No injury/unknown,,15TH ST & INDIANA,39.177152,-86.52750668
2004,12,3,Weekday,1300,2-Car,Non-incapacitating,DRIVER ASLEEP OR FATIGUED,SR37 & VERNAL,39.17715111,-86.56168094
2004,3,7,Weekend,1200,2-Car,No injury/unknown,IMPROPER LANE USAGE,IND AVE & KIRKWOOD,39.17707896,-86.526899
2004,3,2,Weekday,1900,2-Car,No injury/unknown,FOLLOWING TOO CLOSELY,SR37 & VERNAL,39.17704993,-86.56180078
2004,11,5,Weekday,1000,2-Car,No injury/unknown,UNSAFE BACKING,15TH & DUNN ST,39.17698511,-86.52827516
2004,3,2,Weekday,1000,1-Car,Non-incapacitating,LEFT OF CENTER,LEMON & VERNAL PARK,39.17697821,-86.55870034
2004,2,1,Weekend,1400,2-Car,No injury/unknown,OTHER (DRIVER) - EXPLAIN IN NARRATIVE,SR37 & VERNAL,39.17694874,-86.56192063
2004,1,1,Weekend,1400,2-Car,Non-incapacitating,OTHER (DRIVER) - EXPLAIN IN NARRATIVE,SR37 & VERNAL,39.17694874,-86.56192063
2004,3,4,Weekday,1000,2-Car,No injury/unknown,VIEW OBSTRUCTED,15TH & DUNN,39.176944,-86.528272
2004,12,6,Weekend,2300,2-Car,No injury/unknown,ROADWAY SURFACE CONDITION,15TH ST & MADISON,39.17691984,-86.53647151
2004,10,2,Weekday,2300,2-Car,No injury/unknown,FAILURE TO YIELD RIGHT OF WAY,15TH ST & LINCOLN,39.176896,-86.53088
2004,5,7,Weekend,2200,2-Car,No injury/unknown,UNSAFE BACKING,15TH & COLLEGE AVE,39.17688,-86.534736
2004,1,5,Weekday,800,2-Car,No injury/unknown,DISREGARD SIGNAL/REG SIGN,10TH & SR46,39.176848,-86.478192
2004,4,5,Weekday,1200,2-Car,Non-incapacitating,FOLLOWING TOO CLOSELY,10TH & SR4546,39.176848,-86.478192
2004,10,6,Weekday,1000,2-Car,No injury/unknown,UNSAFE BACKING,E 16TH & JORDAN,39.176848,-86.55036571
2004,6,2,Weekday,1300,2-Car,No injury/unknown,UNSAFE BACKING,16TH & JORDAN,39.176848,-86.55036571
2004,3,3,Weekday,2100,2-Car,No injury/unknown,FAILURE TO YIELD RIGHT OF WAY,10TH & SR45,39.176848,-86.478192
2004,4,5,Weekday,1700,2-Car,No injury/unknown,FAILURE TO YIELD RIGHT OF WAY,10TH & 10TH ST,39.176848,-86.478192
2004,2,1,Weekday,2000,2-Car,No injury/unknown,IMPROPER LANE USAGE,10TH ST & 45 BYPASS,39.176848,-86.478192
2004,5,7,Weekend,2000,2-Car,Non-incapacitating,FOLLOWING TOO CLOSELY,E 10TH & SR 45,39.176848,-86.478192
2004,6,3,Weekday,1100,2-Car,No injury/unknown,DRIVER DISTRACTED - EXPLAIN IN NARRATIVE,10TH & SR 45,39.176848,-86.478192
2004,7,6,Weekday,900,2-Car,No injury/unknown,OTHER (DRIVER) - EXPLAIN IN NARRATIVE,E 10TH & SR 45,39.176848,-86.478192
2004,12,4,Weekday,1300,2-Car,Non-incapacitating,FAILURE TO YIELD RIGHT OF WAY,SR45 & TENTH ST,39.176848,-86.478192
2004,12,2,Weekday,1300,2-Car,No injury/unknown,FOLLOWING TOO CLOSELY,10TH & SR4546,39.176848,-86.478192
2004,11,4,Weekday,1700,2-Car,No injury/unknown,FOLLOWING TOO CLOSELY,45 AND 46 BYPASS & E 10TH ST,39.176848,-86.478192
2004,9,7,Weekend,1800,2-Car,Non-incapacitating,IMPROPER LANE USAGE,10TH & SR 46,39.176848,-86.478192
2004,9,2,Weekday,1600,2-Car,No injury/unknown,IMPROPER LANE USAGE,10TH & SR45,39.176848,-86.478192
2004,9,3,Weekday,1500,2-Car,No injury/unknown,FAILURE TO YIELD RIGHT OF WAY,10TH ST & SR4546,39.176848,-86.478192
2004,10,5,Weekday,1000,2-Car,No injury/unknown,OTHER (DRIVER) - EXPLAIN IN NARRATIVE,10TH ST & SR45,39.176848,-86.478192
2004,9,1,Weekend,1500,2-Car,No injury/unknown,IMPROPER PASSING,10TH & SR45,39.176848,-86.478192
2004,9,5,Weekday,1600,2-Car,No injury/unknown,FAILURE TO YIELD RIGHT OF WAY,10TH & SR45SR46,39.176848,-86.478192
2004,2,7,Weekend,900,2-Car,No injury/unknown,IMPROPER LANE USAGE,JONES & JORDAN AVE,39.17677387,-86.516399
2004,10,2,Weekday,1500,3+ Cars,No injury/unknown,FOLLOWING TOO CLOSELY,SR37 & VERNAL,39.17674637,-86.56216031
2004,11,6,Weekday,1200,3+ Cars,No injury/unknown,OTHER (DRIVER) - EXPLAIN IN NARRATIVE,SR 37 & VERNAL,39.17674637,-86.56216031
2004,9,7,Weekend,1600,2-Car,No injury/unknown,UNSAFE BACKING,14TH & WOODLAWN,39.1766931,-86.523504
2004,2,1,Weekend,1200,2-Car,Non-incapacitating,OTHER (DRIVER) - EXPLAIN IN NARRATIVE,SR37 & VERNAL,39.17664519,-86.56228016
2004,3,4,Weekday,1100,2-Car,No injury/unknown,FAILURE TO YIELD RIGHT OF WAY,15TH & MADISON,39.17664,-86.537712
2004,3,6,Weekday,1500,2-Car,No injury/unknown,FAILURE TO YIELD RIGHT OF WAY,15TH & MADISON,39.17664,-86.537712
2004,1,4,Weekday,1700,2-Car,No injury/unknown,UNSAFE BACKING,FOREST AVE,39.176592,-86.522472
2004,11,5,Weekday,900,2-Car,No injury/unknown,FAILURE TO YIELD RIGHT OF WAY,SR37 & VERNAL,39.176544,-86.5624
2004,3,1,Weekend,1600,2-Car,No injury/unknown,OTHER (DRIVER) - EXPLAIN IN NARRATIVE,SR37 & VERNAL,39.176544,-86.5624
2004,2,5,Weekday,1900,3+ Cars,No injury/unknown,FOLLOWING TOO CLOSELY,SR37 & VERNAL,39.176544,-86.5624
2004,3,7,Weekend,0,2-Car,Non-incapacitating,IMPROPER LANE USAGE,SR37 & VERNAL,39.176544,-86.5624
2004,4,3,Weekday,1300,2-Car,No injury/unknown,DISREGARD SIGNAL/REG SIGN,SR 37 & VERNAL,39.176544,-86.5624
2004,6,7,Weekend,1200,2-Car,Non-incapacitating,FOLLOWING TOO CLOSELY,SR37 & VERNAL,39.176544,-86.5624
2004,4,4,Weekday,2000,2-Car,Non-incapacitating,SPEED TOO FAST FOR WEATHER CONDITIONS,SR 37 & VERNAL,39.176544,-86.5624
2004,4,7,Weekend,1600,2-Car,Non-incapacitating,SPEED TOO FAST FOR WEATHER CONDITIONS,SR 37 & VERNAL,39.176544,-86.5624
2004,6,2,Weekday,1200,2-Car,No injury/unknown,OTHER (DRIVER) - EXPLAIN IN NARRATIVE,SR37 & VERNAL,39.176544,-86.5624
2004,6,6,Weekday,1300,3+ Cars,No injury/unknown,OTHER (DRIVER) - EXPLAIN IN NARRATIVE,US37 & VERNAL,39.176544,-86.5624
2004,7,1,Weekend,1600,2-Car,No injury/unknown,IMPROPER LANE USAGE,SR37 & VERNAL,39.176544,-86.5624
2004,7,5,Weekday,500,2-Car,No injury/unknown,OTHER (DRIVER) - EXPLAIN IN NARRATIVE,SR 37 & VERNAL POKE,39.176544,-86.5624
2004,11,3,Weekday,1100,2-Car,Non-incapacitating,SPEED TOO FAST FOR WEATHER CONDITIONS,SR 37 N & VERNAL PIKE,39.176544,-86.5624
2004,7,2,Weekday,1100,3+ Cars,Incapacitating,FAILURE TO YIELD RIGHT OF WAY,SR 37 & VERNAL PIKE,39.176544,-86.5624
2004,8,6,Weekday,1600,2-Car,No injury/unknown,FOLLOWING TOO CLOSELY,SR 37 & VERNAL,39.176544,-86.5624
2004,9,1,Weekend,1600,2-Car,Non-incapacitating,DISREGARD SIGNAL/REG SIGN,SR37 & VERNAL,39.176544,-86.5624
2004,3,3,Weekday,1300,2-Car,Non-incapacitating,BRAKE FAILURE OR DEFECTIVE,SR37N & VERNAL,39.176544,-86.5624
2004,8,2,Weekday,800,2-Car,Non-incapacitating,DISREGARD SIGNAL/REG SIGN,SR37N & VERNAL,39.176544,-86.5624
2004,12,3,Weekday,700,2-Car,No injury/unknown,LEFT OF CENTER,SR37N & VERNAL PIKE,39.176544,-86.5624
2004,1,7,Weekend,1800,2-Car,Non-incapacitating,FAILURE TO YIELD RIGHT OF WAY,US37 & VERNAL,39.17635885,-86.56266189
2004,11,3,Weekday,1200,2-Car,Non-incapacitating,FOLLOWING TOO CLOSELY,SR37 & VERNAL,39.17632183,-86.56271427
2004,10,2,Weekday,1200,1-Car,No injury/unknown,ROADWAY SURFACE CONDITION,SR 37 & VERNAL,39.17631257,-86.56272737
2004,1,2,Weekday,1100,2-Car,No injury/unknown,IMPROPER TURNING,14TH & WALNUT,39.17622653,-86.5334351
2004,2,3,Weekday,1400,1-Car,No injury/unknown,DRIVER DISTRACTED - EXPLAIN IN NARRATIVE,14TH & FESS AVE,39.17619882,-86.52583918
2004,3,5,Weekday,1700,2-Car,No injury/unknown,FAILURE TO YIELD RIGHT OF WAY,14TH & INDIANA AVE,39.176192,-86.52712
2004,4,1,Weekend,1500,2-Car,Incapacitating,FAILURE TO YIELD RIGHT OF WAY,14TH ST & INDIANA,39.176192,-86.52712
2004,4,7,Weekend,1600,2-Car,Non-incapacitating,FAILURE TO YIELD RIGHT OF WAY,14TH & INDIANA AVE,39.176192,-86.52712
2004,9,5,Weekday,1400,2-Car,Non-incapacitating,FAILURE TO YIELD RIGHT OF WAY,14TH & INDIANA AVE,39.176192,-86.52712
2004,11,5,Weekday,1300,2-Car,Non-incapacitating,FAILURE TO YIELD RIGHT OF WAY,14TH & INDIANA,39.176192,-86.52712
2004,1,5,Weekday,1900,2-Car,No injury/unknown,FOLLOWING TOO CLOSELY,SR37 & VERNAL,39.17617371,-86.56292379
2004,8,6,Weekday,700,2-Car,Non-incapacitating,FOLLOWING TOO CLOSELY,SR 37 & VERNAL,39.17617371,-86.56292379
2004,8,6,Weekday,1500,2-Car,Non-incapacitating,FAILURE TO YIELD RIGHT OF WAY,SR 37 & VERNAL,39.17617371,-86.56292379
2004,6,5,Weekday,1700,2-Car,No injury/unknown,SPEED TOO FAST FOR WEATHER CONDITIONS,SR37 & VERNAL,39.17617371,-86.56292379
2004,4,5,Weekday,1400,2-Car,No injury/unknown,SPEED TOO FAST FOR WEATHER CONDITIONS,SR37N & VERNAL,39.17608113,-86.56305473
2004,4,6,Weekend,1900,2-Car,No injury/unknown,UNSAFE BACKING,WOODBRIDGE,39.176016,-86.53608
2004,10,4,Weekday,2000,2-Car,No injury/unknown,UNSAFE BACKING,BARRINGTON,39.176016,-86.5296
2004,11,3,Weekday,1700,2-Car,Non-incapacitating,DISREGARD SIGNAL/REG SIGN,14TH & LINCOLN,39.176,-86.530896
2004,4,7,Weekend,1600,2-Car,No injury/unknown,FAILURE TO YIELD RIGHT OF WAY,14TH ST & LINCOLN,39.176,-86.530896
2004,10,7,Weekend,1200,2-Car,Non-incapacitating,SPEED TOO FAST FOR WEATHER CONDITIONS,SR37 & VERNAL,39.17598856,-86.56318568
2004,5,1,Weekday,2300,1-Car,No injury/unknown,RAN OFF ROAD RIGHT,14TH & N COLLEGE AVE,39.175984,-86.534736
2004,8,1,,,2-Car,No injury/unknown,OTHER (DRIVER) - EXPLAIN IN NARRATIVE,BROWNSTONE DR,39.175968,-86.532288
2004,2,7,Weekend,1500,2-Car,No injury/unknown,OTHER (DRIVER) - EXPLAIN IN NARRATIVE,14TH & WALNUT,39.17595693,-86.53308539
2004,2,4,Weekday,2200,2-Car,Non-incapacitating,IMPROPER LANE USAGE,14TH & WALNUT ST,39.175952,-86.53344
2004,4,7,Weekend,1800,2-Car,No injury/unknown,FAILURE TO YIELD RIGHT OF WAY,14TH & WALNUT ST,39.175952,-86.53344
2004,2,1,Weekend,1300,1-Car,No injury/unknown,OTHER (DRIVER) - EXPLAIN IN NARRATIVE,WALNUT,39.175952,-86.53344
2004,1,3,Weekday,1800,2-Car,No injury/unknown,FAILURE TO YIELD RIGHT OF WAY,14TH & WALNUT ST,39.175952,-86.53344
2004,4,6,Weekend,1900,2-Car,No injury/unknown,FAILURE TO YIELD RIGHT OF WAY,14TH & WALNUT ST,39.175952,-86.53344
2004,4,6,Weekday,1600,2-Car,Non-incapacitating,FAILURE TO YIELD RIGHT OF WAY,14TH & WALNUT ST,39.175952,-86.53344
2004,8,1,Weekend,1700,2-Car,Incapacitating,FAILURE TO YIELD RIGHT OF WAY,14TH & WALNUT ST,39.175952,-86.53344
2004,11,5,Weekday,1100,2-Car,No injury/unknown,FAILURE TO YIELD RIGHT OF WAY,10TH & ROGERS ST,39.175952,-86.538512
2004,12,1,Weekend,1200,1-Car,Non-incapacitating,FAILURE TO YIELD RIGHT OF WAY,14TH & WALNUT,39.175952,-86.53344
2004,8,2,Weekday,1100,2-Car,No injury/unknown,FAILURE TO YIELD RIGHT OF WAY,14TH & WALNUT ST,39.175952,-86.53344
2004,1,7,Weekend,,3+ Cars,No injury/unknown,,EAST 900 BLDING & WOODBRIDGE DR,39.17588669,-86.53608359
2004,3,4,Weekday,2000,1-Car,No injury/unknown,OTHER (DRIVER) - EXPLAIN IN NARRATIVE,3RD & CURRY,39.17587563,-86.582995
2004,9,6,Weekday,1400,2-Car,No injury/unknown,FAILURE TO YIELD RIGHT OF WAY,CURRY PIKE & THIRD,39.17587563,-86.582995
2004,10,5,Weekday,1700,2-Car,No injury/unknown,FOLLOWING TOO CLOSELY,SR37 & VERNAL,39.17580341,-86.56344756
2004,9,3,Weekday,1400,2-Car,No injury/unknown,UNSAFE BACKING,WALNUT GRV,39.175688,-86.520984
2004,10,3,Weekday,1800,2-Car,No injury/unknown,UNSAFE BACKING,WALNUT GROVE,39.175688,-86.520984
2004,11,3,Weekday,2300,2-Car,No injury/unknown,OTHER (DRIVER) - EXPLAIN IN NARRATIVE,14TH & INDIANA,39.17564441,-86.52710727
2004,10,3,Weekday,1700,2-Car,No injury/unknown,SPEED TOO FAST FOR WEATHER CONDITIONS,SR37 & VERNAL,39.17561826,-86.56370945
2004,10,3,Weekday,1700,2-Car,No injury/unknown,SPEED TOO FAST FOR WEATHER CONDITIONS,SR37 & VERNAL,39.17561826,-86.56370945
2004,3,6,Weekday,1400,3+ Cars,Non-incapacitating,BRAKE FAILURE OR DEFECTIVE,SR37 & VERNAL,39.17561826,-86.56370945
2004,12,4,Weekday,700,1-Car,No injury/unknown,OTHER (DRIVER) - EXPLAIN IN NARRATIVE,SR37 & VERNAL,39.17561826,-86.56370945
2004,5,3,Weekday,1700,2-Car,No injury/unknown,UNSAFE SPEED,SR37N & VERNAL,39.17561826,-86.56370945
2004,10,6,Weekday,0,1-Car,No injury/unknown,ALCOHOLIC BEVERAGES,13TH & DUNN ST,39.175552,-86.528192
2004,9,5,Weekday,1400,2-Car,No injury/unknown,FAILURE TO YIELD RIGHT OF WAY,13TH ST,39.175528,-86.527648
2004,1,5,Weekday,1300,3+ Cars,No injury/unknown,FAILURE TO YIELD RIGHT OF WAY,13TH & INDIANA AVE,39.175504,-86.527104
2004,2,6,Weekday,1400,2-Car,No injury/unknown,FAILURE TO YIELD RIGHT OF WAY,13TH & INDIANA AVE,39.175504,-86.527104
2004,9,2,Weekday,1000,2-Car,No injury/unknown,DISREGARD SIGNAL/REG SIGN,13TH & INDIANA,39.175504,-86.527104
2004,4,3,Weekday,1800,2-Car,No injury/unknown,FAILURE TO YIELD RIGHT OF WAY,13TH ST & INDIANA,39.175504,-86.527104
2004,4,6,Weekday,1700,1-Car,Non-incapacitating,FAILURE TO YIELD RIGHT OF WAY,13TH & INDIANA,39.175504,-86.527104
2004,12,5,Weekday,700,Bus,Non-incapacitating,FAILURE TO YIELD RIGHT OF WAY,13TH & INDIANA AVE,39.175504,-86.527104
2004,8,7,Weekend,2200,2-Car,Non-incapacitating,FAILURE TO YIELD RIGHT OF WAY,13TH & INDIANA AVE,39.175504,-86.527104
2004,7,5,Weekday,1200,2-Car,No injury/unknown,FAILURE TO YIELD RIGHT OF WAY,INDIANA AVE & THIRTEENTH,39.175504,-86.527104
2004,9,6,Weekend,2200,2-Car,No injury/unknown,FAILURE TO YIELD RIGHT OF WAY,13TH & INDIANA AVE,39.175504,-86.527104
2004,9,3,Weekday,1800,2-Car,No injury/unknown,FAILURE TO YIELD RIGHT OF WAY,13TH ST & INDIANA,39.175504,-86.527104
2004,6,7,Weekend,1600,2-Car,No injury/unknown,FAILURE TO YIELD RIGHT OF WAY,13TH & INDIANA,39.175504,-86.527104
2004,9,6,Weekday,1700,2-Car,No injury/unknown,FAILURE TO YIELD RIGHT OF WAY,13TH & INDIANA AVE,39.175504,-86.527104
2004,2,4,Weekday,1600,2-Car,No injury/unknown,DISREGARD SIGNAL/REG SIGN,13TH ST & INDIANA,39.175504,-86.527104
2004,10,6,Weekday,1200,2-Car,Non-incapacitating,FAILURE TO YIELD RIGHT OF WAY,13TH ST & INDIANA,39.175504,-86.527104
2004,12,6,Weekend,2100,2-Car,No injury/unknown,FAILURE TO YIELD RIGHT OF WAY,13TH & INDIANA AVE,39.175504,-86.527104
2004,10,3,Weekday,1700,2-Car,No injury/unknown,FAILURE TO YIELD RIGHT OF WAY,E 13TH & N INDIANA AVE,39.175504,-86.527104
2004,12,4,Weekday,1900,2-Car,Non-incapacitating,FAILURE TO YIELD RIGHT OF WAY,13TH & INDIANA AVE,39.175504,-86.527104
2004,11,3,Weekday,1300,2-Car,No injury/unknown,FAILURE TO YIELD RIGHT OF WAY,13TH & INDIANA AVE,39.175504,-86.527104
2004,4,3,Weekday,1200,2-Car,No injury/unknown,FAILURE TO YIELD RIGHT OF WAY,13TH ST & INDIANA,39.175504,-86.527104
2004,3,7,Weekend,1700,1-Car,No injury/unknown,OTHER (DRIVER) - EXPLAIN IN NARRATIVE,13TH & INDIANA AVE,39.17547655,-86.527104
2004,2,7,Weekend,1800,2-Car,No injury/unknown,UNSAFE BACKING,13TH & INDIANA,39.17544,-86.525824
2004,6,7,Weekend,0,1-Car,No injury/unknown,ALCOHOLIC BEVERAGES,CRESCENT RD,39.17544,-86.556512
2004,2,6,Weekday,300,1-Car,No injury/unknown,ALCOHOLIC BEVERAGES,14TH & COLLEGE AVE,39.17543496,-86.53474656
2004,4,5,Weekday,1500,2-Car,No injury/unknown,FAILURE TO YIELD RIGHT OF WAY,13TH ST & WALNUT GROVE,39.175232,-86.520976
2004,10,7,Weekend,1900,2-Car,No injury/unknown,FAILURE TO YIELD RIGHT OF WAY,13TH ST & WALNUT GROVE,39.175232,-86.520976
2004,9,5,Weekday,1900,2-Car,No injury/unknown,FAILURE TO YIELD RIGHT OF WAY,13TH ST & WALNUT GROVE,39.175232,-86.520976
2004,10,6,Weekday,1400,2-Car,No injury/unknown,FAILURE TO YIELD RIGHT OF WAY,13TH ST & WALNUT GROVE,39.175232,-86.520976