Year,Month,Day,Weekend?,Hour,Collision Type,Injury Type,Primary Factor,Reported_Location,Latitude,Longitude
2004,10,6,Weekend,2000,2-Car,No injury/unknown,DISREGARD SIGNAL/REG SIGN,13TH & WALNUT GROVE,39.175232,-86.520976
2004,12,3,Weekday,2100,2-Car,No injury/unknown,FAILURE TO YIELD RIGHT OF WAY,13TH & WALNUT GROVE,39.175232,-86.520976
2004,11,6,Weekday,100,1-Car,No injury/unknown,ALCOHOLIC BEVERAGES,13TH & FEE LN,39.175152,-86.518992
2004,9,6,Weekday,1500,2-Car,No injury/unknown,OTHER (DRIVER) - EXPLAIN IN NARRATIVE,FEE LN & LAW,39.175152,-86.518992
2004,11,5,Weekday,1900,2-Car,No injury/unknown,FOLLOWING TOO CLOSELY,13TH & NORTH FEE LN,39.175152,-86.518992
2004,2,2,Weekday,1600,2-Car,No injury/unknown,FOLLOWING TOO CLOSELY,CRESCENT & VERNAL PIKE,39.17504,-86.556496
2004,8,4,Weekday,1000,1-Car,No injury/unknown,OTHER (DRIVER) - EXPLAIN IN NARRATIVE,CRESCENT & VERNAL,39.17504,-86.556496
2004,5,6,Weekday,1500,1-Car,No injury/unknown,SPEED TOO FAST FOR WEATHER CONDITIONS,SR37N & VERNAL,39.17487767,-86.56475699
2004,2,1,Weekend,1600,2-Car,No injury/unknown,OTHER (DRIVER) - EXPLAIN IN NARRATIVE,COLLEGE MALL,39.17479935,-86.534752
2004,10,3,Weekday,1600,3+ Cars,Non-incapacitating,SPEED TOO FAST FOR WEATHER CONDITIONS,SR37N & VERNAL,39.17469251,-86.56501887
2004,3,3,Weekday,1300,2-Car,Non-incapacitating,IMPROPER LANE USAGE,CURRY PIKE & PROFILE,39.174582,-86.582999
2004,3,1,Weekend,1800,2-Car,No injury/unknown,OTHER (DRIVER) - EXPLAIN IN NARRATIVE,12TH ST,39.174448,-86.529696
2004,11,6,Weekday,1800,2-Car,No injury/unknown,FAILURE TO YIELD RIGHT OF WAY,12TH & INDIANA AVE,39.1744229,-86.52708912
2004,4,7,Weekend,400,3+ Cars,Non-incapacitating,ALCOHOLIC BEVERAGES,12TH ST & LINCOLN,39.174416,-86.530992
2004,10,2,Weekday,,2-Car,No injury/unknown,,12TH & LINCOLN ST,39.174416,-86.530992
2004,1,7,Weekend,300,2-Car,No injury/unknown,LEFT OF CENTER,12TH & INDIANA AVE,39.174368,-86.527088
2004,1,5,Weekday,1800,2-Car,Non-incapacitating,FAILURE TO YIELD RIGHT OF WAY,12TH & INDIANA AVE,39.174368,-86.527088
2004,3,5,Weekday,2200,2-Car,Non-incapacitating,OTHER TELEMATICS IN USE,12TH ST & INDIANA,39.174368,-86.527088
2004,11,2,Weekday,1800,2-Car,Non-incapacitating,VIEW OBSTRUCTED,12TH & INDIANA AVE,39.174368,-86.527088
2004,8,7,Weekend,1600,2-Car,Non-incapacitating,IMPROPER TURNING,12TH & WALNUT,39.174352,-86.533472
2004,6,2,Weekday,1400,2-Car,No injury/unknown,FAILURE TO YIELD RIGHT OF WAY,12TH & MONROE,39.174352,-86.547104
2004,10,7,Weekend,1600,1-Car,No injury/unknown,RAN OFF ROAD RIGHT,OOLITIC & W 12TH,39.174352,-86.5536
2004,10,7,Weekend,1400,2-Car,No injury/unknown,IMPROPER LANE USAGE,LINDBERGH & W 12TH ST,39.174352,-86.552592
2004,11,2,Weekday,900,2-Car,No injury/unknown,IMPROPER TURNING,14TH & WALNUT,39.174352,-86.533472
2004,6,4,Weekday,100,1-Car,Non-incapacitating,ALCOHOLIC BEVERAGES,12TH & 12TH ST,39.17424,-86.522496
2004,7,5,Weekday,1100,Moped/Motorcycle,Non-incapacitating,FAILURE TO YIELD RIGHT OF WAY,CURRY PIKE & PROFILE,39.174202,-86.582999
2004,12,5,Weekday,1200,3+ Cars,No injury/unknown,FAILURE TO YIELD RIGHT OF WAY,N CURRY & PROFILE,39.174202,-86.582999
2004,11,2,Weekday,900,2-Car,No injury/unknown,FOLLOWING TOO CLOSELY,FEE LN & LAW,39.17410279,-86.51890076
2004,4,5,Weekday,1500,3+ Cars,No injury/unknown,FOLLOWING TOO CLOSELY,12TH & WALNUT,39.17407747,-86.53347598
2004,2,1,Weekend,400,1-Car,No injury/unknown,OTHER (DRIVER) - EXPLAIN IN NARRATIVE,10TH ST & SMITH,39.1740484,-86.48170484
2004,4,6,Weekend,2000,1-Car,No injury/unknown,ANIMAL/OBJECT IN ROADWAY,SMITH & SR45,39.1740484,-86.48170484
2004,2,2,Weekday,1300,2-Car,No injury/unknown,UNSAFE SPEED,FEE LN & LAW,39.174048,-86.518896
2004,11,6,Weekday,1300,2-Car,Non-incapacitating,FAILURE TO YIELD RIGHT OF WAY,FEE LN & LAW,39.174048,-86.518896
2004,4,4,Weekday,1700,1-Car,No injury/unknown,OTHER (DRIVER) - EXPLAIN IN NARRATIVE,FEE LN & LAW,39.174048,-86.518896
2004,11,5,Weekday,800,2-Car,No injury/unknown,SPEED TOO FAST FOR WEATHER CONDITIONS,FEE LN & LAW,39.174048,-86.518896
2004,11,2,Weekday,,3+ Cars,Non-incapacitating,SPEED TOO FAST FOR WEATHER CONDITIONS,LAW & N FEE LN,39.174048,-86.518896
2004,10,4,Weekday,1500,2-Car,Non-incapacitating,FAILURE TO YIELD RIGHT OF WAY,FEE LN & LAW,39.174048,-86.518896
2004,10,5,Weekday,1400,2-Car,No injury/unknown,,FEE LN & LAW,39.174048,-86.518896
2004,3,6,Weekday,800,2-Car,No injury/unknown,IMPROPER TURNING,FEE & LAW LN,39.17396932,-86.51837381
2004,6,2,Weekday,1700,2-Car,No injury/unknown,FOLLOWING TOO CLOSELY,FEE LN & LAW,39.17391097,-86.51888546
2004,2,3,Weekday,1100,2-Car,No injury/unknown,FAILURE TO YIELD RIGHT OF WAY,FEE & LAW LN,39.17383818,-86.51750349
2004,12,4,Weekday,700,1-Car,No injury/unknown,ROADWAY SURFACE CONDITION,SR37 & VERNAL,39.17376675,-86.56632825
2004,9,4,Weekday,1500,2-Car,No injury/unknown,UNSAFE BACKING,ILLINOIS & ILLINOIS CT,39.17361781,-86.55033008
2004,2,4,Weekday,800,1-Car,Non-incapacitating,UNSAFE SPEED,SR45 & TAMARRON,39.17358351,-86.48215369
2004,11,2,Weekday,1800,2-Car,Non-incapacitating,FAILURE TO YIELD RIGHT OF WAY,JORDAN AVE & LAW,39.173552,-86.515488
2004,4,2,Weekday,1400,2-Car,No injury/unknown,DISREGARD SIGNAL/REG SIGN,JORDAN & LAW LN,39.173552,-86.515488
2004,5,6,Weekend,1900,2-Car,No injury/unknown,DISREGARD SIGNAL/REG SIGN,JORDAN & LAW,39.173552,-86.515488
2004,7,3,Weekday,1900,2-Car,No injury/unknown,ROADWAY SURFACE CONDITION,JORDAN AVE & LAW,39.173552,-86.515488
2004,10,3,Weekday,1500,2-Car,No injury/unknown,DISREGARD SIGNAL/REG SIGN,JORDAN AVE & LAW,39.173552,-86.515488
2004,12,7,Weekend,1500,2-Car,No injury/unknown,FOLLOWING TOO CLOSELY,LAW & N JORDAN AVE,39.173552,-86.515488
2004,11,6,Weekend,2200,1-Car,No injury/unknown,RAN OFF ROAD RIGHT,SMITH & SR45,39.17353048,-86.48194047
2004,9,5,Weekday,1600,2-Car,No injury/unknown,UNSAFE BACKING,JORDAN & LAW LN,39.17352972,-86.51540414
2004,5,2,Weekday,1900,1-Car,No injury/unknown,,JORDAN & LAW LN,39.17352972,-86.51540414
2004,4,2,Weekday,1700,2-Car,No injury/unknown,IMPROPER TURNING,JORDAN & LAW LN,39.17350743,-86.51532028
2004,7,6,Weekday,1500,2-Car,No injury/unknown,OTHER (DRIVER) - EXPLAIN IN NARRATIVE,SR37 & WHITEHALL CROSSING,39.17346529,-86.56977222
2004,5,4,Weekday,900,2-Car,No injury/unknown,UNSAFE SPEED,JORDAN AVE & LAW,39.17344265,-86.51550112
2004,12,6,,,2-Car,No injury/unknown,UNSAFE BACKING,11TH,39.17344,-86.528288
2004,2,1,Weekday,1900,2-Car,No injury/unknown,FAILURE TO YIELD RIGHT OF WAY,11TH & WOODLAWN,39.17344,-86.523616
2004,2,2,Weekday,1600,2-Car,No injury/unknown,FAILURE TO YIELD RIGHT OF WAY,11TH ST & INDIANA,39.17344,-86.527056
2004,10,4,Weekday,700,3+ Cars,No injury/unknown,FAILURE TO YIELD RIGHT OF WAY,ELEVENTH & WALNUT GROVE AVE,39.17344,-86.520944
2004,4,6,Weekday,1700,2-Car,Non-incapacitating,DISREGARD SIGNAL/REG SIGN,11TH & INDIANA AVE,39.17344,-86.527056
2004,3,7,Weekend,,2-Car,No injury/unknown,OTHER (DRIVER) - EXPLAIN IN NARRATIVE,11TH ST,39.17344,-86.52456425
2004,5,6,Weekday,800,2-Car,No injury/unknown,WRONG WAY ON ONE WAY,11TH & LINCOLN ST,39.17344,-86.530992
2004,4,6,Weekend,2200,3+ Cars,No injury/unknown,OTHER (DRIVER) - EXPLAIN IN NARRATIVE,11TH ST,39.17344,-86.529696
2004,4,3,Weekday,900,2-Car,No injury/unknown,FAILURE TO YIELD RIGHT OF WAY,11TH ST & GRANT,39.17344,-86.529696
2004,8,6,Weekday,1200,2-Car,Non-incapacitating,FAILURE TO YIELD RIGHT OF WAY,11TH & INDIANA AVE,39.17344,-86.527056
2004,11,5,Weekday,2100,2-Car,No injury/unknown,FAILURE TO YIELD RIGHT OF WAY,11TH & WOODLAWN,39.17344,-86.523616
2004,9,5,Weekday,1700,2-Car,No injury/unknown,DISREGARD SIGNAL/REG SIGN,11TH & GRANT ST,39.17344,-86.529696
2004,10,4,Weekday,500,2-Car,No injury/unknown,FAILURE TO YIELD RIGHT OF WAY,11TH & WALNUT GROVE,39.17344,-86.520944
2004,12,3,Weekday,1200,2-Car,No injury/unknown,DISREGARD SIGNAL/REG SIGN,11TH ST & PARK ST,39.17344,-86.524672
2004,2,5,Weekday,900,2-Car,No injury/unknown,LEFT OF CENTER,11TH & VERNAL PIKE,39.17341642,-86.55515469
2004,9,2,Weekday,1600,2-Car,No injury/unknown,IMPROPER LANE USAGE,11TH & MAPLE,39.17340547,-86.54207086
2004,2,5,Weekday,800,Bus,No injury/unknown,PASSENGER DISTRACTION,11TH & ADAMS,39.173344,-86.549792
2004,3,2,Weekday,1500,2-Car,No injury/unknown,FAILURE TO YIELD RIGHT OF WAY,BLAIR & ELEVENTH ST,39.173344,-86.543792
2004,4,3,Weekday,1300,2-Car,Non-incapacitating,FAILURE TO YIELD RIGHT OF WAY,11TH ST & DIAMOND,39.173344,-86.544272
2004,5,6,Weekday,1600,2-Car,No injury/unknown,IMPROPER TURNING,11TH & VERNAL,39.173344,-86.555104
2004,6,7,Weekend,800,2-Car,No injury/unknown,UNSAFE BACKING,11TH ST,39.173344,-86.54734825
2004,7,4,Weekday,1500,2-Car,No injury/unknown,FOLLOWING TOO CLOSELY,11TH ST & ALEXANDER,39.173344,-86.549296
2004,7,4,Weekday,1600,2-Car,No injury/unknown,FAILURE TO YIELD RIGHT OF WAY,ELEVENTH & VERNAL,39.173344,-86.555104
2004,10,2,Weekday,1100,2-Car,Non-incapacitating,OTHER (DRIVER) - EXPLAIN IN NARRATIVE,11TH ST & BLAIR,39.173344,-86.543792
2004,3,7,Weekend,1300,2-Car,No injury/unknown,BRAKE FAILURE OR DEFECTIVE,11TH & COLLEGE AVE,39.17331437,-86.534752
2004,2,6,Weekday,1800,2-Car,No injury/unknown,FOLLOWING TOO CLOSELY,COLLEGE AVE & ELEVENTH,39.173232,-86.534752
2004,12,4,Weekday,900,2-Car,No injury/unknown,OTHER (DRIVER) - EXPLAIN IN NARRATIVE,11TH & COLLEGE,39.173232,-86.534752
2004,2,1,Weekend,1800,2-Car,No injury/unknown,IMPROPER TURNING,11TH ST & MORTON,39.17321668,-86.53594681
2004,7,3,Weekday,1200,2-Car,Non-incapacitating,UNSAFE BACKING,N MORTON & W 11TH,39.173216,-86.536
2004,6,3,Weekday,900,2-Car,Non-incapacitating,FAILURE TO YIELD RIGHT OF WAY,11TH ST & MORTON,39.17320651,-86.53653185
2004,1,3,Weekday,1000,2-Car,No injury/unknown,FAILURE TO YIELD RIGHT OF WAY,11TH & ROGERS ST,39.173184,-86.538528
2004,5,3,Weekday,800,2-Car,No injury/unknown,DISREGARD SIGNAL/REG SIGN,11TH & ROGERS,39.173184,-86.538528
2004,10,5,Weekday,2100,2-Car,No injury/unknown,FAILURE TO YIELD RIGHT OF WAY,11TH ST & ROGERS,39.173184,-86.538528
2004,9,6,Weekday,1800,2-Car,No injury/unknown,DISREGARD SIGNAL/REG SIGN,11TH ST & ROGERS,39.173184,-86.538528
2004,6,6,Weekday,1600,2-Car,No injury/unknown,FOLLOWING TOO CLOSELY,11TH & COLLEGE AVE,39.17317709,-86.53475259
2004,5,7,Weekend,800,2-Car,No injury/unknown,FAILURE TO YIELD RIGHT OF WAY,FAIRVIEW & W11TH ST,39.173152,-86.5408
2004,3,3,Weekday,2200,2-Car,No injury/unknown,UNSAFE BACKING,LAW & LAW LN,39.17297448,-86.51331469
2004,4,2,Weekday,1600,2-Car,No injury/unknown,OTHER (DRIVER) - EXPLAIN IN NARRATIVE,LAW LN,39.17297448,-86.51331469
2004,5,5,Weekday,1900,2-Car,Non-incapacitating,UNSAFE BACKING,LAW AND UNION & LAW LANE,39.17297448,-86.51331469
2004,9,2,Weekday,1600,1-Car,No injury/unknown,OTHER (DRIVER) - EXPLAIN IN NARRATIVE,LAW & LAW LN,39.17297448,-86.51331469
2004,9,2,Weekday,2100,2-Car,No injury/unknown,OTHER (DRIVER) - EXPLAIN IN NARRATIVE,FEE LN,39.17281455,-86.51879273
2004,2,3,Weekday,1800,2-Car,No injury/unknown,FAILURE TO YIELD RIGHT OF WAY,INDIANA & PRIVATE DRIVE,39.17278694,-86.52704294
2004,11,2,Weekday,1700,2-Car,Non-incapacitating,UNSAFE BACKING,E 1ST & S WOODLAWN,39.17275429,-86.52358857
2004,10,5,Weekday,1100,Moped/Motorcycle,No injury/unknown,FAILURE TO YIELD RIGHT OF WAY,COTTAGE & PARK,39.172752,-86.543792
2004,3,5,Weekday,2000,1-Car,Non-incapacitating,UNSAFE SPEED,SMITH & SR45,39.172752,-86.482288
2004,12,3,Weekday,700,2-Car,No injury/unknown,FAILURE TO YIELD RIGHT OF WAY,10TH ST & SMITH,39.172752,-86.482288
2004,11,2,Weekday,2100,2-Car,No injury/unknown,FAILURE TO YIELD RIGHT OF WAY,SMITH & SR45 46,39.172752,-86.482288
2004,11,1,Weekend,1400,2-Car,No injury/unknown,LEFT OF CENTER,THOMAS & VERNAL W RD,39.172704,-86.655888
2004,2,3,Weekday,1200,2-Car,No injury/unknown,OTHER (DRIVER) - EXPLAIN IN NARRATIVE,COTTAGE GROVE ST & GRANT,39.17264,-86.52951867
2004,4,3,Weekday,1700,2-Car,Non-incapacitating,FAILURE TO YIELD RIGHT OF WAY,COTTAGE GROBE & PARK,39.17264,-86.52464
2004,6,6,Weekday,1500,2-Car,No injury/unknown,FAILURE TO YIELD RIGHT OF WAY,COTTAGE GRV & FORREST,39.17264,-86.522432
2004,1,5,Weekday,1700,2-Car,No injury/unknown,FAILURE TO YIELD RIGHT OF WAY,COTTAGE GRV & DUNN,39.17264,-86.528272
2004,2,5,Weekday,1400,2-Car,No injury/unknown,FAILURE TO YIELD RIGHT OF WAY,COTTAGE & FORREST AVE,39.17264,-86.522432
2004,3,2,Weekday,1600,2-Car,No injury/unknown,FAILURE TO YIELD RIGHT OF WAY,COTTAGE GROVE & INDIANA AVE,39.17264,-86.52704
2004,4,1,Weekend,0,2-Car,No injury/unknown,FAILURE TO YIELD RIGHT OF WAY,E COTTAGE GROVE & N INDIANA,39.17264,-86.52704
2004,7,5,Weekday,1500,2-Car,No injury/unknown,OVERCORRECTING/OVERSTEERING,COTTAGE & WALNUT GRV,39.17264,-86.520928
2004,10,4,Weekday,1600,Bus,No injury/unknown,WRONG WAY ON ONE WAY,COTTAGE GROVE & WOODLAEN,39.17264,-86.523584
2004,11,4,Weekday,1400,2-Car,No injury/unknown,UNSAFE BACKING,COTTAGE & WALNUT GROVE PARKING LOT,39.17264,-86.520928
2004,12,2,Weekday,0,2-Car,Non-incapacitating,ALCOHOLIC BEVERAGES,COTTAGE GROVE & WALNUT ST,39.17264,-86.533504
2004,7,3,Weekday,1500,2-Car,No injury/unknown,IMPROPER TURNING,BEACON & PLYMOUTH,39.17264,-86.475872
2004,11,1,Weekend,1600,2-Car,No injury/unknown,FAILURE TO YIELD RIGHT OF WAY,COTTAGE GROVE & WOODLAWN AVE,39.17264,-86.523584
2004,2,2,Weekday,1600,2-Car,No injury/unknown,OTHER (DRIVER) - EXPLAIN IN NARRATIVE,COTTAGE GROVE & FOREST,39.17264,-86.522432
2004,10,5,Weekday,1100,2-Car,No injury/unknown,IMPROPER TURNING,BLOOMGFIELD & LANDMARK AVE,39.17262803,-86.55379641
2004,8,6,Weekday,1700,2-Car,No injury/unknown,,COTTAGE GROVE & FOREST,39.17255766,-86.52242943
2004,1,5,Weekday,2000,2-Car,No injury/unknown,ROADWAY SURFACE CONDITION,10TH ST & SMITH,39.17247002,-86.48267572
2004,2,6,Weekend,2100,1-Car,No injury/unknown,DISREGARD SIGNAL/REG SIGN,LAW LN & UNION,39.172399,-86.510294
2004,10,2,Weekday,1300,2-Car,Non-incapacitating,DISREGARD SIGNAL/REG SIGN,COTTAGE & SUMMIT,39.172336,-86.548192
2004,10,2,Weekday,1600,2-Car,No injury/unknown,OTHER (DRIVER) - EXPLAIN IN NARRATIVE,COTTAGE & SUMMIT,39.172336,-86.548192
2004,11,1,Weekend,400,2-Car,No injury/unknown,ALCOHOLIC BEVERAGES,COTTAGE GRV & SUMMIT,39.172336,-86.549192
2004,12,6,Weekday,1300,2-Car,Non-incapacitating,DISREGARD SIGNAL/REG SIGN,GATES DR & WHITEHALL CROSSING,39.1723,-86.573699
2004,5,3,Weekday,800,3+ Cars,No injury/unknown,,1ST & S ROGERS,39.17217763,-86.53854302
2004,7,7,Weekend,1700,3+ Cars,Non-incapacitating,FOLLOWING TOO CLOSELY,10TH & SR 45,39.17216519,-86.48388043
2004,2,6,Weekday,600,2-Car,No injury/unknown,UNSAFE BACKING,CURRY PIKE,39.17209633,-86.582992
2004,7,2,Weekday,1900,2-Car,No injury/unknown,OTHER (DRIVER) - EXPLAIN IN NARRATIVE,N CURRY,39.17209633,-86.582992
2004,8,6,Weekend,2200,2-Car,No injury/unknown,ALCOHOLIC BEVERAGES,10TH ST & BARRINGTON,39.17198525,-86.48686738
2004,3,1,Weekend,200,1-Car,No injury/unknown,ALCOHOLIC BEVERAGES,10TH & INDIANA AVE,39.17195453,-86.52702858
2004,1,7,Weekend,100,2-Car,No injury/unknown,UNSAFE BACKING,10TH & COLLEGE AVE,39.17192245,-86.53476608
2004,12,1,Weekend,1400,2-Car,No injury/unknown,NONE (DRIVER),KOHLS PARKING & WHITEHALL CROSSING,39.171921,-86.57264
2004,10,6,Weekday,700,2-Car,Non-incapacitating,FAILURE TO YIELD RIGHT OF WAY,E 10TH ST & GRANDVIEW,39.17184,-86.487488
2004,7,1,Weekend,1800,2-Car,Non-incapacitating,FOLLOWING TOO CLOSELY,JONATHAN & N CURRY,39.17184,-86.582992
2004,9,3,Weekday,1600,2-Car,No injury/unknown,IMPROPER LANE USAGE,GATES & JACOB,39.17181449,-86.57475826
2004,2,6,Weekday,1600,2-Car,Non-incapacitating,DRIVER DISTRACTED - EXPLAIN IN NARRATIVE,GATES & JACOB DR,39.17181449,-86.57476692
2004,1,2,Weekday,100,2-Car,No injury/unknown,FOLLOWING TOO CLOSELY,10TH & WALNUT,39.171744,-86.53352
2004,1,7,Weekend,100,1-Car,No injury/unknown,IMPROPER TURNING,10TH & COLLEGE AVE,39.171744,-86.534768
2004,6,3,Weekday,1400,2-Car,No injury/unknown,IMPROPER TURNING,10TH & COLLEGE AVE,39.171744,-86.534768
2004,2,4,Weekday,1800,2-Car,No injury/unknown,FAILURE TO YIELD RIGHT OF WAY,10TH ST & WALNUT,39.171744,-86.53352
2004,5,7,Weekend,1700,2-Car,No injury/unknown,FAILURE TO YIELD RIGHT OF WAY,10TH & WALNUT ST,39.171744,-86.53352
2004,4,3,Weekday,1600,2-Car,No injury/unknown,FAILURE TO YIELD RIGHT OF WAY,10TH & COLLEGE AVE,39.171744,-86.534768
2004,6,2,Weekday,1900,3+ Cars,No injury/unknown,FAILURE TO YIELD RIGHT OF WAY,10TH & COLLEGE AVE,39.171744,-86.534768
2004,7,6,Weekday,1700,Moped/Motorcycle,Non-incapacitating,OTHER (DRIVER) - EXPLAIN IN NARRATIVE,10TH & WALNUT ST,39.171744,-86.53352
2004,7,6,Weekday,800,2-Car,No injury/unknown,FAILURE TO YIELD RIGHT OF WAY,10TH & WALNUT ST,39.171744,-86.53352
2004,5,1,Weekend,1000,2-Car,No injury/unknown,IMPROPER TURNING,10TH ST & COLLEGE,39.171744,-86.534768
2004,5,6,Weekday,1300,2-Car,No injury/unknown,DISREGARD SIGNAL/REG SIGN,TENTH & WALNUT ST,39.171744,-86.53352
2004,10,5,Weekday,1400,2-Car,No injury/unknown,UNSAFE BACKING,10TH & WALNUT,39.171744,-86.53352
2004,7,4,Weekday,1000,2-Car,No injury/unknown,OTHER (DRIVER) - EXPLAIN IN NARRATIVE,10TH & COLLEGE AVE,39.171744,-86.534768
2004,10,2,Weekday,1100,2-Car,No injury/unknown,FAILURE TO YIELD RIGHT OF WAY,10TH & COLLEGE AVE,39.171744,-86.534768
2004,9,3,Weekday,1700,2-Car,No injury/unknown,FAILURE TO YIELD RIGHT OF WAY,10TH & COLLEGE AVE,39.171744,-86.534768
2004,9,6,Weekday,1200,1-Car,No injury/unknown,OTHER (ENVIRONMENTAL) - EXPLAIN IN NARR,COLLEGE,39.171744,-86.534768
2004,9,6,Weekday,1100,1-Car,No injury/unknown,OTHER (ENVIRONMENTAL) - EXPLAIN IN NARR,COLLEGE AVE,39.171744,-86.534768
2004,9,4,Weekday,100,2-Car,No injury/unknown,FAILURE TO YIELD RIGHT OF WAY,N COLLEGE & W 10TH ST,39.171744,-86.534768
2004,10,1,Weekend,1600,2-Car,No injury/unknown,FAILURE TO YIELD RIGHT OF WAY,10TH & ALNUT ST,39.171744,-86.53352
2004,1,7,Weekend,200,1-Car,No injury/unknown,ALCOHOLIC BEVERAGES,10TH ST & WALNUT,39.17174147,-86.53334271
2004,9,4,Weekday,1300,2-Car,No injury/unknown,FAILURE TO YIELD RIGHT OF WAY,E 10TH,39.171736,-86.53296
2004,6,1,Weekend,1100,2-Car,No injury/unknown,FAILURE TO YIELD RIGHT OF WAY,10TH & COLLEGE AVE,39.17171655,-86.534768
2004,1,5,Weekday,1100,2-Car,No injury/unknown,FAILURE TO YIELD RIGHT OF WAY,10TH ST & LINCOLN,39.171712,-86.530992
2004,2,7,Weekend,200,2-Car,No injury/unknown,DISREGARD SIGNAL/REG SIGN,10TH ST & LINCOLN,39.171712,-86.530992
2004,3,4,Weekday,1800,2-Car,Non-incapacitating,FAILURE TO YIELD RIGHT OF WAY,10TH ST & LINCOLN,39.171712,-86.530992
2004,4,2,Weekday,2200,2-Car,Non-incapacitating,FAILURE TO YIELD RIGHT OF WAY,10TH ST & LINCOLN,39.171712,-86.530992
2004,8,4,Weekday,1400,2-Car,No injury/unknown,FAILURE TO YIELD RIGHT OF WAY,10TH ST & LINCOLN,39.171712,-86.530992
2004,4,6,Weekday,1500,2-Car,Non-incapacitating,FAILURE TO YIELD RIGHT OF WAY,GATES DR & SUSAN,39.1717,-86.575599
2004,11,6,Weekday,1400,2-Car,No injury/unknown,FAILURE TO YIELD RIGHT OF WAY,GATES DR & SUSAN,39.1717,-86.575599
2004,9,7,Weekend,,1-Car,Non-incapacitating,OTHER (DRIVER) - EXPLAIN IN NARRATIVE,E TENTH ST & INDIANA,39.1717,-86.528295
2004,12,1,Weekend,1600,2-Car,No injury/unknown,UNSAFE BACKING,GATES DR & SUSAN,39.1717,-86.575599
2004,2,7,Weekend,100,2-Car,Non-incapacitating,ALCOHOLIC BEVERAGES,10TH ST & GRANT,39.171696,-86.529696
2004,4,6,Weekday,1500,2-Car,No injury/unknown,FAILURE TO YIELD RIGHT OF WAY,10TH ST & GRANT,39.171696,-86.529696
2004,5,6,Weekday,1200,2-Car,No injury/unknown,FAILURE TO YIELD RIGHT OF WAY,E10TH ST & N GRANT,39.171696,-86.529696
2004,10,6,Weekend,2000,2-Car,Non-incapacitating,FAILURE TO YIELD RIGHT OF WAY,10TH ST & GRANT,39.171696,-86.529696
2004,10,5,Weekday,1400,2-Car,Non-incapacitating,UNSAFE SPEED,10TH ST & GRANT,39.171696,-86.529696
2004,10,4,Weekday,1500,2-Car,No injury/unknown,FAILURE TO YIELD RIGHT OF WAY,10TH ST & GRANT,39.171696,-86.529696
2004,3,6,Weekday,1300,2-Car,No injury/unknown,IMPROPER LANE USAGE,10TH & COLLEGE AVE,39.17168909,-86.534768
2004,4,4,Weekday,1600,2-Car,No injury/unknown,OTHER (DRIVER) - EXPLAIN IN NARRATIVE,10TH & INDIANA,39.17168,-86.527024
2004,2,4,Weekday,1000,2-Car,No injury/unknown,OTHER (DRIVER) - EXPLAIN IN NARRATIVE,10TH ST,39.17168,-86.527024
2004,11,2,Weekday,2200,2-Car,Non-incapacitating,ROADWAY SURFACE CONDITION,10TH ST & DUNN,39.17168,-86.528256
2004,2,6,Weekday,100,2-Car,No injury/unknown,FAILURE TO YIELD RIGHT OF WAY,10 ST & INDIANA,39.17168,-86.527024
2004,5,2,Weekday,1400,2-Car,No injury/unknown,FOLLOWING TOO CLOSELY,10TH ST & DUNN,39.17168,-86.52822054
2004,8,2,Weekday,1400,2-Car,No injury/unknown,UNSAFE SPEED,10TH ST & INDIANA,39.17168,-86.5270772
2004,6,7,Weekend,100,2-Car,No injury/unknown,UNSAFE BACKING,10TH ST,39.17168,-86.52802971
2004,9,7,Weekend,2100,3+ Cars,No injury/unknown,FOLLOWING TOO CLOSELY,10TH & DUNN ST,39.17168,-86.528256
2004,11,5,Weekday,1800,2-Car,Non-incapacitating,FAILURE TO YIELD RIGHT OF WAY,10TH ST & DUNN,39.17168,-86.528256
2004,8,3,Weekday,1500,2-Car,Non-incapacitating,FAILURE TO YIELD RIGHT OF WAY,10TH ST & DUNN,39.17168,-86.528256
2004,10,6,Weekday,1500,2-Car,No injury/unknown,LEFT OF CENTER,10TH & INDIANA,39.17168,-86.527024
2004,11,2,Weekday,0,2-Car,No injury/unknown,ALCOHOLIC BEVERAGES,10TH ST,39.17168,-86.52802971
2004,4,2,Weekday,1700,3+ Cars,No injury/unknown,FOLLOWING TOO CLOSELY,10TH ST & INDIANA,39.17167664,-86.52675805
2004,4,7,Weekend,2100,2-Car,No injury/unknown,IMPROPER TURNING,E 2ND & S FESS,39.171664,-86.52576
2004,8,4,Weekday,1300,2-Car,Non-incapacitating,FAILURE TO YIELD RIGHT OF WAY,10TH ST & FESS,39.171664,-86.52576
2004,8,4,Weekday,1000,2-Car,No injury/unknown,IMPROPER TURNING,10TH & COLLEGE AVE,39.17166164,-86.534768
2004,11,6,Weekday,1000,2-Car,No injury/unknown,IMPROPER TURNING,10TH & COLLEGE AVE,39.17166164,-86.534768
2004,9,7,Weekend,1400,2-Car,Non-incapacitating,FOLLOWING TOO CLOSELY,10TH ST & PARK,39.17165046,-86.5247853