Year,Month,Day,Weekend?,Hour,Collision Type,Injury Type,Primary Factor,Reported_Location,Latitude,Longitude
2004,9,4,Weekday,1600,2-Car,No injury/unknown,FOLLOWING TOO CLOSELY,10TH ST & PARK,39.17164849,-86.52464346
2004,7,6,Weekday,1300,2-Car,No injury/unknown,UNSAFE BACKING,10TH ST & JEFFERSON,39.17164801,-86.50673335
2004,7,7,Weekend,1800,1-Car,No injury/unknown,HOLES/RUTS IN SURFACE,10TH ST & JEFFERSON,39.17164801,-86.50683975
2004,4,6,Weekday,1500,1-Car,No injury/unknown,OTHER (DRIVER) - EXPLAIN IN NARRATIVE,10TH ST & JEFFERSON,39.171648,-86.50691068
2004,2,4,Weekday,1000,2-Car,No injury/unknown,FAILURE TO YIELD RIGHT OF WAY,10TH ST & SR45 46,39.171648,-86.502096
2004,10,6,Weekday,400,1-Car,Non-incapacitating,RAN OFF ROAD RIGHT,10TH ST,39.171648,-86.502096
2004,4,6,Weekend,1900,1-Car,Non-incapacitating,RAN OFF ROAD RIGHT,10TH & PARK,39.171648,-86.524608
2004,3,3,Weekday,1200,2-Car,No injury/unknown,UNSAFE BACKING,10TH & 10TH ST,39.171648,-86.50435515
2004,3,2,Weekday,1900,2-Car,No injury/unknown,DISREGARD SIGNAL/REG SIGN,10TH & SR 45 46 BYP,39.171648,-86.502096
2004,3,5,Weekday,1900,2-Car,Non-incapacitating,FAILURE TO YIELD RIGHT OF WAY,10TH & SR45 46,39.171648,-86.502096
2004,6,7,Weekend,1400,2-Car,No injury/unknown,UNSAFE BACKING,10TH ST,39.171648,-86.50271545
2004,6,3,Weekday,1600,3+ Cars,No injury/unknown,FOLLOWING TOO CLOSELY,10TH & SR46,39.171648,-86.502096
2004,8,2,Weekday,900,2-Car,No injury/unknown,UNSAFE BACKING,10TH ST & JEFFERSON,39.171648,-86.507088
2004,11,3,Weekday,800,2-Car,No injury/unknown,ROADWAY SURFACE CONDITION,EAST TENTH ST & JEFFERSON,39.171648,-86.507088
2004,9,7,Weekend,1900,2-Car,Non-incapacitating,FAILURE TO YIELD RIGHT OF WAY,10TH ST & PARK,39.171648,-86.524608
2004,11,3,Weekday,1500,2-Car,No injury/unknown,FOLLOWING TOO CLOSELY,E 10TH ST & N JEFFERSON,39.171648,-86.507088
2004,12,6,Weekday,1800,2-Car,No injury/unknown,OTHER (DRIVER) - EXPLAIN IN NARRATIVE,10TH & SR45 46,39.171648,-86.502096
2004,10,5,Weekday,1600,2-Car,No injury/unknown,OTHER (DRIVER) - EXPLAIN IN NARRATIVE,10TH ST & JEFFERSON,39.171648,-86.507088
2004,11,3,Weekday,1400,2-Car,No injury/unknown,FAILURE TO YIELD RIGHT OF WAY,45 46 & SR45,39.171648,-86.502096
2004,8,3,Weekday,1700,2-Car,Non-incapacitating,FAILURE TO YIELD RIGHT OF WAY,3RD ST & 45BYPASS,39.171648,-86.502096
2004,8,6,Weekday,700,2-Car,No injury/unknown,FAILURE TO YIELD RIGHT OF WAY,E 10TH ST & SR 45 46 BY PASS,39.171648,-86.502096
2004,9,6,Weekday,1000,2-Car,No injury/unknown,FAILURE TO YIELD RIGHT OF WAY,E 10TH & SR45,39.171648,-86.502096
2004,10,6,Weekday,1000,2-Car,Non-incapacitating,FAILURE TO YIELD RIGHT OF WAY,NIKINSER & SR45,39.171648,-86.502096
2004,10,6,Weekday,900,3+ Cars,No injury/unknown,OTHER (DRIVER) - EXPLAIN IN NARRATIVE,FRITZ & MATLOCK RD,39.171648,-86.502096
2004,12,6,Weekend,2200,2-Car,Non-incapacitating,FAILURE TO YIELD RIGHT OF WAY,10TH & 45 46 BYPASS,39.171648,-86.502096
2004,10,3,Weekday,1800,2-Car,Non-incapacitating,FOLLOWING TOO CLOSELY,10TH ST & PARK,39.171648,-86.524608
2004,10,2,Weekday,1700,2-Car,Non-incapacitating,VIEW OBSTRUCTED,10TH ST,39.17164669,-86.52452049
2004,3,2,Weekday,1700,2-Car,No injury/unknown,UNSAFE BACKING,10TH ST,39.17164539,-86.50196904
2004,9,5,Weekday,1000,2-Car,Non-incapacitating,IMPROPER LANE USAGE,10TH ST & SR45,39.17164435,-86.50191826
2004,12,3,Weekday,1700,2-Car,No injury/unknown,UNSAFE BACKING,10TH ST,39.17163913,-86.50166435
2004,11,3,Weekday,2300,2-Car,Non-incapacitating,NONE (DRIVER),10TH ST & WOODLAWN,39.17163332,-86.52362465
2004,9,6,Weekday,1500,2-Car,No injury/unknown,FOLLOWING TOO CLOSELY,10TH ST & WOODLAWN,39.17163332,-86.52362465
2004,3,2,Weekday,2100,2-Car,No injury/unknown,DRIVER DISTRACTED - EXPLAIN IN NARRATIVE,10TH ST & WOODLAWN,39.171632,-86.523536
2004,6,5,Weekday,800,2-Car,No injury/unknown,UNSAFE BACKING,10TH ST & WOODLAWN,39.171632,-86.523536
2004,11,6,Weekday,100,2-Car,No injury/unknown,FAILURE TO YIELD RIGHT OF WAY,10TH ST & WOODLAWN,39.171632,-86.523536
2004,2,7,Weekend,0,2-Car,Non-incapacitating,DISREGARD SIGNAL/REG SIGN,10TH ST & WOODLAWN,39.171632,-86.523536
2004,3,4,Weekday,1600,Bus,Non-incapacitating,PEDESTRIAN ACTION,10TH & WOODLAWN AVE,39.171632,-86.523536
2004,6,7,Weekend,1100,2-Car,Non-incapacitating,FOLLOWING TOO CLOSELY,10TH ST & WOODLAWN,39.171632,-86.523536
2004,9,4,Weekday,2100,3+ Cars,No injury/unknown,FOLLOWING TOO CLOSELY,10TH ST & WOODLAWN,39.171632,-86.523536
2004,8,4,Weekday,300,2-Car,No injury/unknown,LEFT OF CENTER,TENTH ST & WOODLAWN,39.171632,-86.523536
2004,9,6,Weekday,1700,2-Car,No injury/unknown,FAILURE TO YIELD RIGHT OF WAY,10TH ST & WOODLAWN,39.171632,-86.523536
2004,10,6,Weekday,1300,2-Car,Non-incapacitating,FOLLOWING TOO CLOSELY,10TH ST & WOODLAWN,39.171632,-86.523536
2004,2,2,Weekday,2300,2-Car,Non-incapacitating,FAILURE TO YIELD RIGHT OF WAY,10TH ST & WOODLAWN,39.171632,-86.523536
2004,11,5,Weekday,1500,2-Car,No injury/unknown,SPEED TOO FAST FOR WEATHER CONDITIONS,10TH ST & WOODLAWN,39.17163125,-86.52348281
2004,4,4,Weekday,1600,2-Car,No injury/unknown,UNSAFE BACKING,10TH ST & WOODLAWN,39.1716305,-86.52342962
2004,4,5,Weekday,1300,3+ Cars,No injury/unknown,SPEED TOO FAST FOR WEATHER CONDITIONS,10TH ST & WOODLAWN,39.1716295,-86.5233587
2004,4,6,Weekday,1400,3+ Cars,Non-incapacitating,FOLLOWING TOO CLOSELY,10TH ST & SR45,39.17162191,-86.50082644
2004,8,3,Weekday,1200,2-Car,No injury/unknown,FAILURE TO YIELD RIGHT OF WAY,E 10TH ST & STONE BELT ILL,39.17162191,-86.50082644
2004,10,6,Weekday,1200,2-Car,No injury/unknown,SPEED TOO FAST FOR WEATHER CONDITIONS,10TH & 4546BYPASS,39.17162191,-86.50082644
2004,5,3,Weekday,1700,1-Car,No injury/unknown,IMPROPER TURNING,10TH & JORDAN AVE,39.17162034,-86.5157198
2004,5,3,Weekday,800,3+ Cars,Non-incapacitating,UNSAFE SPEED,10TH ST & FOREST,39.1716185,-86.5225773
2004,4,3,Weekday,1500,2-Car,No injury/unknown,OTHER (DRIVER) - EXPLAIN IN NARRATIVE,10TH ST & FORREST,39.171616,-86.5224
2004,11,5,Weekday,900,2-Car,Non-incapacitating,SPEED TOO FAST FOR WEATHER CONDITIONS,10TH ST & FORREST,39.171616,-86.5224
2004,4,6,Weekday,300,1-Car,Non-incapacitating,ALCOHOLIC BEVERAGES,SR45 & SR46,39.17161158,-86.50032337
2004,2,4,Weekday,900,2-Car,No injury/unknown,IMPROPER TURNING,10TH & COLLEGE AVE,39.17160672,-86.534768
2004,11,5,Weekday,1400,2-Car,No injury/unknown,SPEED TOO FAST FOR WEATHER CONDITIONS,10TH ST & WALNUT,39.17160227,-86.52110877
2004,12,6,Weekday,1800,3+ Cars,No injury/unknown,SPEED TOO FAST FOR WEATHER CONDITIONS,10TH ST & WALNUT,39.17160113,-86.52100239
2004,3,7,Weekend,1500,2-Car,No injury/unknown,FOLLOWING TOO CLOSELY,10TH ST & WALNUT,39.17160076,-86.52096692
2004,6,3,Weekday,1000,Bus,No injury/unknown,UNSAFE SPEED,10TH ST & WALNUT,39.17160038,-86.52093146
2004,3,2,Weekday,1200,2-Car,No injury/unknown,DISREGARD SIGNAL/REG SIGN,10TH ST & SUNRISE,39.1716,-86.513894
2004,5,6,Weekday,1300,2-Car,No injury/unknown,SPEED TOO FAST FOR WEATHER CONDITIONS,TENTH ST & WALNUT GROVE,39.1716,-86.520896
2004,3,2,Weekday,1300,2-Car,No injury/unknown,UNSAFE SPEED,10TH ST & WALNUT GROVE,39.1716,-86.520896
2004,6,6,Weekday,1300,2-Car,No injury/unknown,FAILURE TO YIELD RIGHT OF WAY,10TH ST & SR 46,39.1716,-86.50511198
2004,2,6,Weekday,1400,2-Car,No injury/unknown,UNSAFE SPEED,10TH ST & SUNRISE,39.1716,-86.51389227
2004,3,6,Weekday,1300,2-Car,No injury/unknown,FOLLOWING TOO CLOSELY,10TH ST & CAMPBELL,39.1716,-86.51559467
2004,4,5,Weekday,1100,3+ Cars,Non-incapacitating,DRIVER DISTRACTED - EXPLAIN IN NARRATIVE,10TH ST & SUNRISE,39.1716,-86.51391995
2004,5,3,Weekday,1300,2-Car,Non-incapacitating,UNSAFE SPEED,10TH ST & CAMPBELL,39.1716,-86.51559987
2004,4,4,Weekday,1600,2-Car,No injury/unknown,FOLLOWING TOO CLOSELY,10TH ST & CAMPBELL,39.1716,-86.514019
2004,11,2,Weekday,900,2-Car,No injury/unknown,DISREGARD SIGNAL/REG SIGN,10TH ST & SUNRISE,39.1716,-86.513894
2004,12,5,Weekday,1300,2-Car,Non-incapacitating,OTHER (DRIVER) - EXPLAIN IN NARRATIVE,TENTH & WALNUT GROVE,39.1716,-86.520896
2004,10,1,Weekend,1600,2-Car,Non-incapacitating,FAILURE TO YIELD RIGHT OF WAY,10TH ST & CAMPBELL,39.1716,-86.514574
2004,10,1,Weekend,1500,3+ Cars,Non-incapacitating,FOLLOWING TOO CLOSELY,10TH ST & WALNUT GROVE,39.1716,-86.520896
2004,9,7,Weekend,1400,2-Car,No injury/unknown,OTHER (DRIVER) - EXPLAIN IN NARRATIVE,10TH ST & WALNUT,39.1716,-86.520896
2004,9,2,Weekday,800,2-Car,Non-incapacitating,FOLLOWING TOO CLOSELY,SUNRISE & TENTH ST,39.1716,-86.513894
2004,9,5,Weekday,1400,2-Car,Non-incapacitating,FAILURE TO YIELD RIGHT OF WAY,SUNRISE & TENTH ST,39.1716,-86.51390784
2004,7,5,Weekday,1600,2-Car,Non-incapacitating,FOLLOWING TOO CLOSELY,10TH & SUNRISE,39.1716,-86.51389141
2004,8,3,Weekday,2100,2-Car,No injury/unknown,NONE (ENVIRONMENTAL),10TH ST & WALNUT GROVE,39.1716,-86.520896
2004,12,5,Weekday,1400,2-Car,No injury/unknown,UNSAFE BACKING,10TH ST & WALNUT GROVE,39.1716,-86.520896
2004,10,2,Weekday,2100,2-Car,No injury/unknown,FOLLOWING TOO CLOSELY,10TH ST & WALNUT GROVE,39.1716,-86.520896
2004,10,1,Weekday,1900,2-Car,Non-incapacitating,FOLLOWING TOO CLOSELY,10TH ST & WALNUT GROVE,39.1716,-86.520896
2004,9,4,Weekday,1400,Bus,No injury/unknown,IMPROPER TURNING,10TH & WOODLAWN AVE,39.17159084,-86.52353418
2004,12,3,Weekday,1200,2-Car,No injury/unknown,DRIVER DISTRACTED - EXPLAIN IN NARRATIVE,10TH ST & FEE,39.17158657,-86.51904263
2004,2,2,Weekday,1900,2-Car,No injury/unknown,IMPROPER TURNING,11TH & FEE LN,39.171584,-86.518688
2004,5,1,Weekend,0,2-Car,Non-incapacitating,FAILURE TO YIELD RIGHT OF WAY,10TH ST & FEE,39.171584,-86.518688
2004,11,3,Weekday,0,2-Car,No injury/unknown,FAILURE TO YIELD RIGHT OF WAY,10TH ST & FEE,39.171584,-86.518688
2004,3,6,,,2-Car,No injury/unknown,FOLLOWING TOO CLOSELY,10TH ST & FEE,39.171584,-86.518688
2004,2,2,Weekday,1900,2-Car,No injury/unknown,UNSAFE BACKING,11TH & FEE LN,39.171584,-86.518688
2004,10,3,Weekday,1000,1-Car,No injury/unknown,FAILURE TO YIELD RIGHT OF WAY,10TH ST & FEE,39.171584,-86.518688
2004,11,3,Weekday,1200,2-Car,No injury/unknown,FOLLOWING TOO CLOSELY,ELEVENTH & FEE LN,39.171584,-86.518688
2004,3,3,Weekday,1500,2-Car,No injury/unknown,OTHER (VEHICLE) - EXPLAIN IN NARRATIVE,11TH & FEE LN,39.171584,-86.518688
2004,4,4,Weekday,1800,2-Car,No injury/unknown,FAILURE TO YIELD RIGHT OF WAY,10TH & FEE,39.171584,-86.518688
2004,3,4,Weekday,900,2-Car,No injury/unknown,UNSAFE SPEED,11TH & FEE LN,39.171584,-86.518688
2004,5,1,Weekday,2100,2-Car,No injury/unknown,OTHER (DRIVER) - EXPLAIN IN NARRATIVE,10TH ST & FEE,39.171584,-86.518688
2004,4,1,Weekday,2300,2-Car,No injury/unknown,DISREGARD SIGNAL/REG SIGN,10TH ST & FEE,39.171584,-86.518688
2004,8,2,Weekday,1700,2-Car,Non-incapacitating,FOLLOWING TOO CLOSELY,E 10TH ST & FEE LANE,39.171584,-86.518688
2004,11,4,Weekday,1000,2-Car,No injury/unknown,UNSAFE BACKING,11TH & FEE LN,39.171584,-86.518688
2004,9,6,Weekday,1800,2-Car,No injury/unknown,FAILURE TO YIELD RIGHT OF WAY,11TH & FEE LN,39.171584,-86.518688
2004,11,2,Weekday,1700,2-Car,No injury/unknown,FOLLOWING TOO CLOSELY,10TH ST & FEE,39.171584,-86.518688
2004,10,4,Weekday,1700,2-Car,No injury/unknown,FAILURE TO YIELD RIGHT OF WAY,10TH ST & FEE,39.171584,-86.518688
2004,9,7,Weekend,1400,2-Car,Non-incapacitating,FOLLOWING TOO CLOSELY,ELEVENTH & FEE LN,39.171584,-86.518688
2004,10,2,Weekday,2200,2-Car,Non-incapacitating,FAILURE TO YIELD RIGHT OF WAY,10TH ST & FEE,39.171584,-86.518688
2004,11,2,Weekday,1900,2-Car,No injury/unknown,FAILURE TO YIELD RIGHT OF WAY,11TH & FEE LN,39.171584,-86.518688
2004,10,6,Weekend,2200,2-Car,No injury/unknown,ALCOHOLIC BEVERAGES,10TH ST & FEE,39.17158323,-86.51861708
2004,5,2,Weekday,1500,2-Car,No injury/unknown,FOLLOWING TOO CLOSELY,10TH ST & FEE,39.17158285,-86.51858162
2004,1,3,Weekday,1200,2-Car,No injury/unknown,FAILURE TO YIELD RIGHT OF WAY,10TH ST & FEE AND LAW,39.17158139,-86.51844637
2004,7,5,Weekday,1500,2-Car,No injury/unknown,UNSAFE BACKING,10TH,39.17158139,-86.51844637
2004,2,5,Weekday,1600,2-Car,No injury/unknown,FOLLOWING TOO CLOSELY,10TH ST & FEE,39.17158055,-86.51836885
2004,4,4,Weekday,1600,3+ Cars,No injury/unknown,FOLLOWING TOO CLOSELY,10TH ST & FEE,39.17158017,-86.51833338
2004,2,3,Weekday,1400,1-Car,No injury/unknown,UNSAFE BACKING,JORDAN & TENTH ST,39.17157747,-86.51808392
2004,5,7,Weekend,1300,2-Car,No injury/unknown,UNSAFE BACKING,10TH ST & JORDAN,39.17157747,-86.51808392
2004,3,1,Weekend,1500,2-Car,No injury/unknown,FAILURE TO YIELD RIGHT OF WAY,10TH ST,39.17157747,-86.51808392
2004,3,2,Weekday,1400,2-Car,No injury/unknown,UNSAFE SPEED,10TH ST,39.17157747,-86.51808392
2004,8,3,Weekday,1100,2-Car,No injury/unknown,UNSAFE BACKING,10TH ST & JORDAN,39.17157747,-86.51808392
2004,12,4,Weekday,1400,Bus,No injury/unknown,OTHER (DRIVER) - EXPLAIN IN NARRATIVE,10TH ST & FEE,39.17157251,-86.51762415
2004,4,6,Weekday,1100,2-Car,No injury/unknown,IMPROPER TURNING,10TH & JORDAN,39.17157118,-86.51750108
2004,4,7,Weekend,1100,2-Car,Non-incapacitating,OTHER (DRIVER) - EXPLAIN IN NARRATIVE,10TH ST & JORDAN,39.17155967,-86.51643723
2004,12,4,Weekday,1200,2-Car,Non-incapacitating,FOLLOWING TOO CLOSELY,10TH ST & JORDAN,39.1715591,-86.51638404
2004,5,5,Weekday,1000,2-Car,No injury/unknown,ROADWAY SURFACE CONDITION,SR45 & WEIMER,39.17155495,-86.50207276
2004,3,5,Weekday,1700,2-Car,No injury/unknown,FOLLOWING TOO CLOSELY,10TH & JORDAN,39.17155488,-86.51599396
2004,11,6,Weekday,1700,2-Car,Non-incapacitating,OTHER (DRIVER) - EXPLAIN IN NARRATIVE,10TH & JORDAN,39.171552,-86.515728
2004,12,4,Weekday,1300,2-Car,No injury/unknown,FOLLOWING TOO CLOSELY,JORDAN & TENTH ST,39.171552,-86.515728
2004,3,2,Weekday,1800,2-Car,No injury/unknown,FOLLOWING TOO CLOSELY,10TH & JORDAN AVE,39.171552,-86.515728
2004,3,6,Weekend,2000,3+ Cars,No injury/unknown,FOLLOWING TOO CLOSELY,10TH & JORDAN,39.171552,-86.515728
2004,4,6,Weekday,1400,2-Car,No injury/unknown,OTHER (DRIVER) - EXPLAIN IN NARRATIVE,10TH & JORDAN,39.171552,-86.515728
2004,4,3,Weekday,1000,2-Car,No injury/unknown,FOLLOWING TOO CLOSELY,JORDAN & TENTH ST,39.171552,-86.515728
2004,11,3,Weekday,1200,2-Car,No injury/unknown,ROADWAY SURFACE CONDITION,10TH & JORDAN,39.171552,-86.515728
2004,9,3,Weekday,2000,2-Car,No injury/unknown,FOLLOWING TOO CLOSELY,10TH & JORDAN AVE,39.171552,-86.515728
2004,10,6,Weekend,2300,3+ Cars,Non-incapacitating,SPEED TOO FAST FOR WEATHER CONDITIONS,10TH & JORDAN,39.171552,-86.515728
2004,9,3,Weekday,1900,2-Car,Non-incapacitating,DISREGARD SIGNAL/REG SIGN,10TH ST & JORDAN,39.171552,-86.515728
2004,10,3,Weekday,1100,Bus,Non-incapacitating,PEDESTRIAN ACTION,10TH & JORDAN AVE,39.171552,-86.515728
2004,12,2,Weekday,1200,2-Car,No injury/unknown,SPEED TOO FAST FOR WEATHER CONDITIONS,10TH ST & JORDAN,39.171552,-86.515728
2004,11,2,Weekday,2200,2-Car,Non-incapacitating,,10TH ST & N JORDAN,39.171552,-86.515728
2004,12,7,Weekend,1800,2-Car,No injury/unknown,FAILURE TO YIELD RIGHT OF WAY,10TH & JORDAN AVE,39.171552,-86.515728
2004,3,4,Weekday,1200,2-Car,No injury/unknown,FOLLOWING TOO CLOSELY,10TH ST & JORDAN,39.17155151,-86.51569254
2004,6,7,Weekend,1000,1-Car,No injury/unknown,UNSAFE SPEED,10TH & WOODLAWN AVE,39.17154968,-86.52353237
2004,9,5,Weekday,1700,2-Car,No injury/unknown,FOLLOWING TOO CLOSELY,10TH ST & JORDAN,39.17154953,-86.5155507
2004,6,3,Weekday,1600,2-Car,No injury/unknown,OTHER (DRIVER) - EXPLAIN IN NARRATIVE,10TH ST & JORDAN,39.17153964,-86.51484152
2004,11,1,Weekday,2300,1-Car,No injury/unknown,ANIMAL/OBJECT IN ROADWAY,10TH ST & PETE ELLIS,39.17153149,-86.49637533
2004,9,3,Weekday,2100,2-Car,No injury/unknown,FOLLOWING TOO CLOSELY,10TH & UNION ST,39.1715269,-86.50937731
2004,10,1,Weekday,2200,2-Car,No injury/unknown,UNSAFE BACKING,10TH & UNION ST,39.1715269,-86.50937731
2004,1,3,Weekday,200,1-Car,No injury/unknown,ANIMAL/OBJECT IN ROADWAY,RANGE & SR45,39.17152072,-86.49584353
2004,5,5,Weekday,1900,3+ Cars,Incapacitating,ALCOHOLIC BEVERAGES,10TH ST & PETE ELLIS,39.17150972,-86.49548917
2004,1,1,Weekend,1200,2-Car,No injury/unknown,FOLLOWING TOO CLOSELY,10TH ST & RANGE,39.171504,-86.49513468
2004,2,5,Weekday,2000,2-Car,No injury/unknown,FAILURE TO YIELD RIGHT OF WAY,10TH ST & PETE ELLIS,39.171504,-86.495312
2004,3,6,Weekday,1300,2-Car,No injury/unknown,IMPROPER TURNING,10TH & PETE ELLIS,39.171504,-86.495312
2004,3,2,Weekday,900,2-Car,No injury/unknown,OTHER (DRIVER) - EXPLAIN IN NARRATIVE,10TH ST & PETE ELLIS,39.171504,-86.495312
2004,2,7,Weekend,1100,2-Car,Non-incapacitating,OTHER (DRIVER) - EXPLAIN IN NARRATIVE,E 10 TH ST & PETE ELLIS,39.171504,-86.495312
2004,4,5,Weekday,1900,2-Car,No injury/unknown,FAILURE TO YIELD RIGHT OF WAY,PETE ELLIS & SR45,39.171504,-86.495312
2004,6,6,Weekday,1000,2-Car,No injury/unknown,UNSAFE BACKING,10TH & 10TH ST,39.171504,-86.49509867
2004,6,4,Weekday,1300,2-Car,No injury/unknown,OTHER (DRIVER) - EXPLAIN IN NARRATIVE,10TH,39.171504,-86.49504533
2004,8,7,Weekend,1200,2-Car,No injury/unknown,PRESCRIPTION DRUGS,10TH ST & PETE ELLIS,39.171504,-86.495312
2004,7,7,Weekend,2100,2-Car,No injury/unknown,FAILURE TO YIELD RIGHT OF WAY,E 10TH ST & RANGE,39.171504,-86.49509867
2004,7,7,Weekend,1600,1-Car,No injury/unknown,SPEED TOO FAST FOR WEATHER CONDITIONS,E 10TH & RANGE RD,39.171504,-86.495312
2004,12,1,Weekday,1900,2-Car,No injury/unknown,UNSAFE BACKING,10TH AND CAMPELL & E 10TH,39.171504,-86.512288
2004,7,2,Weekday,1200,3+ Cars,Non-incapacitating,OTHER (DRIVER) - EXPLAIN IN NARRATIVE,10TH ST,39.171504,-86.495312
2004,8,7,Weekend,1100,2-Car,Non-incapacitating,FAILURE TO YIELD RIGHT OF WAY,E 10TH ST & RANGE,39.171504,-86.495312
2004,9,5,Weekday,2300,2-Car,No injury/unknown,UNSAFE BACKING,E 10TH ST,39.171504,-86.49504533
2004,12,7,Weekend,100,2-Car,No injury/unknown,FOLLOWING TOO CLOSELY,PETE ELLIS & SR45,39.171504,-86.495312
2004,4,3,Weekday,1200,2-Car,No injury/unknown,UNSAFE BACKING,10TH ST,39.1715,-86.494599
2004,4,3,Weekday,2300,2-Car,No injury/unknown,OTHER (DRIVER) - EXPLAIN IN NARRATIVE,10TH & 10TH ST,39.17149326,-86.51131082
2004,11,4,Weekday,1800,2-Car,No injury/unknown,DRIVER DISTRACTED - EXPLAIN IN NARRATIVE,10TH ST & SUNRISE,39.17149326,-86.51131082
2004,10,3,Weekday,2200,2-Car,Non-incapacitating,FOLLOWING TOO CLOSELY,10TH ST & SUNRISE,39.1714836,-86.51043136
2004,8,5,Weekday,1600,1-Car,No injury/unknown,OTHER (DRIVER) - EXPLAIN IN NARRATIVE,E 10TH ST & PARKING LOT,39.17148252,-86.51033364
2004,11,7,Weekend,2300,2-Car,No injury/unknown,UNSAFE BACKING,10TH ST,39.1714793,-86.51004048
2004,3,4,Weekday,1700,2-Car,No injury/unknown,FOLLOWING TOO CLOSELY,10TH ST & UNION,39.17147395,-86.50955331
2004,4,7,Weekend,1300,3+ Cars,Non-incapacitating,FOLLOWING TOO CLOSELY,10TH ST & UNION,39.17147259,-86.50942919
2004,1,3,Weekday,2300,2-Car,No injury/unknown,FAILURE TO YIELD RIGHT OF WAY,10TH ST & UNION,39.171472,-86.509376
2004,2,7,Weekend,1700,2-Car,No injury/unknown,DISREGARD SIGNAL/REG SIGN,10TH ST & UNION,39.171472,-86.509376
2004,8,4,Weekday,1700,2-Car,Non-incapacitating,FAILURE TO YIELD RIGHT OF WAY,10TH ST & UNION,39.171472,-86.509376
2004,3,2,Weekday,2300,2-Car,No injury/unknown,OTHER (DRIVER) - EXPLAIN IN NARRATIVE,TENTH & UNION ST,39.171472,-86.509376
2004,2,6,Weekend,2300,2-Car,Non-incapacitating,DISREGARD SIGNAL/REG SIGN,10TH ST & UNION,39.171472,-86.509376
2004,2,6,Weekday,100,2-Car,Non-incapacitating,DISREGARD SIGNAL/REG SIGN,10TH ST & UNION,39.171472,-86.509376
2004,2,6,Weekday,1700,2-Car,No injury/unknown,IMPROPER TURNING,10TH ST & UNION,39.171472,-86.509376
2004,3,4,Weekday,400,2-Car,No injury/unknown,,10TH ST,39.171472,-86.509376
2004,12,3,Weekday,1500,2-Car,Non-incapacitating,UNSAFE SPEED,10TH ST & UNION,39.17147101,-86.50930508
2004,4,2,Weekday,100,1-Car,No injury/unknown,ANIMAL/OBJECT IN ROADWAY,BARRINGTON & SR45,39.17146957,-86.49325621
2004,12,6,Weekday,1600,2-Car,No injury/unknown,FOLLOWING TOO CLOSELY,10TH & WALNUT,39.17146946,-86.53352366
2004,1,7,Weekend,0,3+ Cars,No injury/unknown,TOW HITCH FAILURE,10TH & LINCOLN ST,39.17143745,-86.530992
2004,4,6,Weekday,1300,2-Car,No injury/unknown,FAILURE TO YIELD RIGHT OF WAY,10TH & UNION ST,39.17143082,-86.5093752
2004,9,6,Weekday,200,2-Car,No injury/unknown,ALCOHOLIC BEVERAGES,E 10TH & N FESS,39.17141257,-86.52575282
2004,4,5,Weekday,800,1-Car,Non-incapacitating,PEDESTRIAN ACTION,10TH & SR 45,39.171377,-86.502304
2004,9,1,Weekend,1300,2-Car,No injury/unknown,OTHER (DRIVER) - EXPLAIN IN NARRATIVE,10TH & PARK ST,39.1713736,-86.52459607
2004,9,6,Weekday,1700,2-Car,No injury/unknown,IMPROPER TURNING,SR37 & WHITEHALL CROSSING,39.17135004,-86.56972894
2004,8,3,Weekday,1800,1-Car,No injury/unknown,SPEED TOO FAST FOR WEATHER CONDITIONS,SR37 & WHITEHALL CROSSING,39.17135004,-86.56976789
2004,8,5,Weekday,1100,2-Car,No injury/unknown,FAILURE TO YIELD RIGHT OF WAY,10TH & JORDAN AVE,39.17133316,-86.51575217
2004,8,2,Weekday,1200,2-Car,No injury/unknown,FAILURE TO YIELD RIGHT OF WAY,10TH & UNION ST,39.17130729,-86.5093728
2004,2,1,Weekend,0,1-Car,No injury/unknown,ROADWAY SURFACE CONDITION,10TH & PETE ELLIS RD,39.17111272,-86.49545758
2004,8,6,Weekday,900,2-Car,No injury/unknown,UNSAFE BACKING,9TH & PARK AVE,39.17095559,-86.5245779
2004,3,4,Weekday,1100,2-Car,Non-incapacitating,DRIVER DISTRACTED - EXPLAIN IN NARRATIVE,9TH & WOODLAWN AVE,39.17095559,-86.52350616
2004,8,2,Weekday,1700,2-Car,No injury/unknown,IMPROPER TURNING,S COLLEGE,39.17088686,-86.534768
2004,6,3,Weekday,1700,1-Car,No injury/unknown,OTHER (DRIVER) - EXPLAIN IN NARRATIVE,N COLELGE,39.170863,-86.534799
2004,5,2,Weekday,1500,2-Car,No injury/unknown,UNSAFE BACKING,HILLSIDE & HILLSIDE DR,39.170848,-86.503696
2004,2,6,Weekday,1100,2-Car,No injury/unknown,FOLLOWING TOO CLOSELY,DUNN & TENTH,39.1708222,-86.52824392
2004,7,3,Weekday,1500,2-Car,No injury/unknown,UNSAFE BACKING,9TH & PARK,39.1708184,-86.52457193