Year,Month,Day,Weekend?,Hour,Collision Type,Injury Type,Primary Factor,Reported_Location,Latitude,Longitude
2004,5,2,Weekday,1500,2-Car,Non-incapacitating,FAILURE TO YIELD RIGHT OF WAY,JOHN HINKLE & PETE ELLIS DR,39.17074651,-86.49559078
2004,4,5,Weekday,1600,2-Car,Non-incapacitating,FAILURE TO YIELD RIGHT OF WAY,BRAESIDE & PETE ELLIS,39.17072,-86.4956
2004,4,5,Weekday,1200,2-Car,No injury/unknown,OTHER (DRIVER) - EXPLAIN IN NARRATIVE,PETE ELLIS DR,39.17072,-86.4956
2004,8,2,Weekday,1700,Moped/Motorcycle,Non-incapacitating,IMPROPER PASSING,JOHN HINKLE & PETE ELLIS,39.17072,-86.4956
2004,7,5,Weekday,1200,2-Car,No injury/unknown,FAILURE TO YIELD RIGHT OF WAY,JOHN KINKLE & PETE ELLIS DR,39.17072,-86.4956
2004,7,5,Weekday,2100,2-Car,No injury/unknown,FAILURE TO YIELD RIGHT OF WAY,CRESCENT PARK CONDO PARKING LO & JOHN HINKLE,39.17069225,-86.49470659
2004,4,1,Weekend,0,1-Car,No injury/unknown,RAN OFF ROAD RIGHT,JOHN HINKLE PL,39.17065572,-86.49353027
2004,11,2,Weekday,1100,2-Car,No injury/unknown,OTHER (DRIVER) - EXPLAIN IN NARRATIVE,9TH & COLLEGE AVE,39.17065382,-86.534768
2004,3,7,Weekend,1800,2-Car,No injury/unknown,FAILURE TO YIELD RIGHT OF WAY,509 GRANT,39.17063804,-86.529696
2004,4,1,Weekend,1700,2-Car,No injury/unknown,OTHER (DRIVER) - EXPLAIN IN NARRATIVE,9TH & WOODLAWN,39.17059888,-86.52349042
2004,5,3,Weekday,700,2-Car,No injury/unknown,OTHER (DRIVER) - EXPLAIN IN NARRATIVE,9TH & LINCOLN,39.170544,-86.53063736
2004,1,1,Weekend,1700,2-Car,No injury/unknown,FAILURE TO YIELD RIGHT OF WAY,9TH ST & WALNUT,39.170544,-86.53318136
2004,9,4,Weekday,100,2-Car,No injury/unknown,OTHER (DRIVER) - EXPLAIN IN NARRATIVE,9TH ST & COLLEGE,39.170544,-86.53503398
2004,3,1,Weekend,1000,2-Car,Non-incapacitating,FAILURE TO YIELD RIGHT OF WAY,9TH & WOODLAWN AVE,39.170544,-86.523488
2004,6,6,Weekday,1200,2-Car,Non-incapacitating,FOLLOWING TOO CLOSELY,9TH & COLLEGE,39.170544,-86.534768
2004,3,4,Weekday,1000,2-Car,No injury/unknown,,9TH & 9TH ST,39.170544,-86.529696
2004,3,6,Weekday,1500,2-Car,No injury/unknown,FAILURE TO YIELD RIGHT OF WAY,9TH & INDIANA AVE,39.170544,-86.526992
2004,4,5,Weekday,1400,2-Car,No injury/unknown,FAILURE TO YIELD RIGHT OF WAY,9TH & INDIANA AVE,39.170544,-86.526992
2004,2,4,Weekday,1300,2-Car,No injury/unknown,FAILURE TO YIELD RIGHT OF WAY,9TH & LINCOLN ST,39.170544,-86.530992
2004,4,6,Weekday,1100,2-Car,No injury/unknown,IMPROPER TURNING,9TH ST & HAROLD,39.170544,-86.529696
2004,4,1,Weekend,400,2-Car,No injury/unknown,IMPROPER LANE USAGE,9TH ST & COLLEGE,39.170544,-86.534768
2004,7,7,Weekend,1900,2-Car,Non-incapacitating,FAILURE TO YIELD RIGHT OF WAY,9TH & WASHINGTON ST,39.170544,-86.5324
2004,5,2,Weekday,1200,2-Car,No injury/unknown,FAILURE TO YIELD RIGHT OF WAY,9TH & COLLEGE AVE,39.170544,-86.534768
2004,12,5,Weekday,1500,2-Car,Non-incapacitating,FAILURE TO YIELD RIGHT OF WAY,9TH & INDIANA AVE,39.170544,-86.526992
2004,9,4,Weekday,1900,1-Car,Non-incapacitating,FAILURE TO YIELD RIGHT OF WAY,9TH ST & DUNN,39.170544,-86.52824
2004,11,3,Weekday,2200,1-Car,Non-incapacitating,PEDESTRIAN ACTION,9TH & WALNUT,39.170544,-86.533536
2004,12,7,Weekend,200,2-Car,No injury/unknown,IMPROPER LANE USAGE,9TH & COLLEGE,39.17053027,-86.53476822
2004,3,2,Weekday,1900,2-Car,No injury/unknown,FAILURE TO YIELD RIGHT OF WAY,9TH & INDIANA AVE,39.17051656,-86.52699105
2004,4,3,Weekday,1700,2-Car,No injury/unknown,FAILURE TO YIELD RIGHT OF WAY,9TH & WALNUT,39.17050282,-86.53353666
2004,4,6,Weekday,1500,2-Car,Non-incapacitating,OTHER (DRIVER) - EXPLAIN IN NARRATIVE,9TH & INDIANA AVE,39.17046166,-86.52698916
2004,2,2,Weekday,1700,2-Car,No injury/unknown,,ATWATER,39.17045318,-86.5131841
2004,6,6,Weekday,1400,Moped/Motorcycle,Incapacitating,FAILURE TO YIELD RIGHT OF WAY,SR43 & SR48,39.17041911,-86.67736105
2004,3,2,Weekday,1200,2-Car,Non-incapacitating,UNSAFE SPEED,9TH & WOODLAWN AVE,39.17040682,-86.52348136
2004,1,3,Weekday,1200,2-Car,No injury/unknown,IMPROPER PASSING,EASTGATE & SR45,39.17024,-86.501392
2004,2,1,Weekend,1400,2-Car,No injury/unknown,FOLLOWING TOO CLOSELY,EASTGATE & SR45,39.17024,-86.501392
2004,4,5,Weekday,1600,Moped/Motorcycle,No injury/unknown,IMPROPER LANE USAGE,EASTGATE & SR45,39.17024,-86.501392
2004,4,6,Weekday,1400,2-Car,No injury/unknown,FAILURE TO YIELD RIGHT OF WAY,EASTGATE & SR45,39.17024,-86.501392
2004,6,3,Weekday,1600,3+ Cars,Non-incapacitating,FOLLOWING TOO CLOSELY,EASTGATE & SR45,39.17024,-86.501392
2004,7,3,Weekday,1200,2-Car,No injury/unknown,FAILURE TO YIELD RIGHT OF WAY,EASTGATE LN & SR45,39.17024,-86.501392
2004,8,6,Weekday,1300,3+ Cars,Non-incapacitating,FOLLOWING TOO CLOSELY,EASTGATE & SR45,39.17024,-86.501392
2004,11,3,Weekday,1200,2-Car,No injury/unknown,FOLLOWING TOO CLOSELY,EASTGATE LN & SR 45 46 BYPASS,39.17024,-86.501392
2004,12,2,Weekday,1200,2-Car,No injury/unknown,FOLLOWING TOO CLOSELY,EASTGATE & SR45 46N,39.17024,-86.501392
2004,10,1,Weekend,1300,2-Car,No injury/unknown,PASSENGER DISTRACTION,PETE ELLIS DR,39.17015434,-86.49576246
2004,11,3,Weekday,1500,2-Car,No injury/unknown,IMPROPER TURNING,SR48,39.170096,-86.682256
2004,10,4,Weekday,2000,2-Car,Non-incapacitating,OTHER (DRIVER) - EXPLAIN IN NARRATIVE,SR48,39.170096,-86.682256
2004,5,3,Weekday,1700,2-Car,No injury/unknown,IMPROPER TURNING,GATES,39.170095,-86.576399
2004,1,7,Weekend,2000,1-Car,No injury/unknown,SPEED TOO FAST FOR WEATHER CONDITIONS,SR43 & SR48,39.1698777,-86.68278192
2004,1,4,Weekday,1000,2-Car,No injury/unknown,UNSAFE BACKING,CIRCLE & EASTSIDE DR,39.169856,-86.50376
2004,7,5,Weekday,1600,2-Car,Non-incapacitating,DRIVER DISTRACTED - EXPLAIN IN NARRATIVE,EASTGATE & SR46E,39.16985594,-86.50119997
2004,1,5,Weekday,900,2-Car,Non-incapacitating,FAILURE TO YIELD RIGHT OF WAY,8TH & PARK AVE,39.16984246,-86.524537
2004,10,7,Weekend,1800,1-Car,No injury/unknown,OTHER (DRIVER) - EXPLAIN IN NARRATIVE,N ADAMS ST & VERNAL PIKE,39.16984,-86.549696
2004,10,7,Weekend,900,2-Car,Non-incapacitating,OTHER (DRIVER) - EXPLAIN IN NARRATIVE,8TH & COLLEGE,39.16982653,-86.53477957
2004,12,6,Weekday,1100,2-Car,Non-incapacitating,IMPROPER TURNING,8TH & COLLEGE,39.16977162,-86.53478046
2004,5,3,Weekday,1600,1-Car,Non-incapacitating,UNSAFE SPEED,45 46 & EASTGATE LN,39.16974785,-86.50014035
2004,2,5,Weekday,1800,2-Car,No injury/unknown,OTHER (DRIVER) - EXPLAIN IN NARRATIVE,GRANT,39.1697342,-86.529696
2004,6,3,Weekday,1700,2-Car,No injury/unknown,OTHER (DRIVER) - EXPLAIN IN NARRATIVE,BIG RED LOT & N COLLEGE,39.1697342,-86.53478106
2004,6,5,Weekday,,1-Car,No injury/unknown,OTHER (DRIVER) - EXPLAIN IN NARRATIVE,ESGATE LOT,39.16973144,-86.50009863
2004,8,5,Weekday,500,1-Car,No injury/unknown,OTHER (DRIVER) - EXPLAIN IN NARRATIVE,ADAMS & VERNAL,39.16973041,-86.54968687
2004,8,6,Weekend,2200,2-Car,No injury/unknown,UNSAFE BACKING,N GRANT,39.16971396,-86.529696
2004,5,7,Weekend,1700,2-Car,No injury/unknown,UNSAFE BACKING,EIGHTH ST & HAY,39.169696,-86.553392
2004,11,2,Weekday,2200,2-Car,No injury/unknown,UNSAFE BACKING,WOODLAWN AVE,39.16969371,-86.52344686
2004,8,3,Weekday,2200,2-Car,Non-incapacitating,FAILURE TO YIELD RIGHT OF WAY,8TH & COLLEGE AVE,39.16968927,-86.53478179
2004,7,5,Weekday,,2-Car,No injury/unknown,OTHER (DRIVER) - EXPLAIN IN NARRATIVE,JACOBS DR,39.169655,-86.573226
2004,4,4,Weekday,1700,2-Car,No injury/unknown,,EASTGATE LN,39.16964942,-86.49989003
2004,1,3,Weekday,1900,1-Car,No injury/unknown,UNSAFE BACKING,8TH ST & FESS,39.16959608,-86.52556702
2004,4,3,Weekday,1500,2-Car,No injury/unknown,FOLLOWING TOO CLOSELY,8TH & COLLEGE AVE,39.16957945,-86.53478356
2004,3,3,Weekday,1000,2-Car,No injury/unknown,UNSAFE BACKING,MORTON ST,39.169568,-86.536
2004,5,7,Weekend,900,2-Car,No injury/unknown,OTHER (DRIVER) - EXPLAIN IN NARRATIVE,N MORTON ST,39.169568,-86.536
2004,1,6,Weekday,1300,2-Car,No injury/unknown,WRONG WAY ON ONE WAY,8TH ST & WOODLAWN,39.16955357,-86.52354637
2004,2,6,Weekday,300,2-Car,No injury/unknown,FAILURE TO YIELD RIGHT OF WAY,8TH ST & GRANT,39.169552,-86.52987332
2004,2,1,Weekday,1900,2-Car,No injury/unknown,UNSAFE BACKING,8TH ST & WOODLAWN,39.169552,-86.52344
2004,4,6,Weekday,1500,2-Car,No injury/unknown,IMPROPER TURNING,8TH ST & WOODLAWN,39.169552,-86.52344
2004,3,6,Weekday,1500,2-Car,No injury/unknown,FAILURE TO YIELD RIGHT OF WAY,8TH & WALNUT ST,39.169552,-86.533552
2004,9,2,Weekday,1800,2-Car,No injury/unknown,FAILURE TO YIELD RIGHT OF WAY,8TH & WALNUT ST,39.169552,-86.533552
2004,10,7,Weekend,1000,2-Car,No injury/unknown,IMPROPER TURNING,8TH & COLLEGE AVE,39.169552,-86.534784
2004,10,6,Weekday,100,1-Car,Non-incapacitating,OTHER (DRIVER) - EXPLAIN IN NARRATIVE,8TH & COLLEGE AVE,39.169552,-86.534784
2004,12,3,Weekday,2000,3+ Cars,Non-incapacitating,FAILURE TO YIELD RIGHT OF WAY,8TH ST & GRANT,39.169552,-86.529696
2004,9,5,Weekday,900,2-Car,No injury/unknown,OTHER (DRIVER) - EXPLAIN IN NARRATIVE,8TH ST & WALNUT,39.169552,-86.533552
2004,10,6,,,2-Car,No injury/unknown,FAILURE TO YIELD RIGHT OF WAY,8TH & N COLLEGE AVE,39.169552,-86.534784
2004,1,1,Weekend,1300,2-Car,No injury/unknown,FAILURE TO YIELD RIGHT OF WAY,8TH & COLLEGE AVE,39.169552,-86.534784
2004,5,5,Weekday,2300,2-Car,Non-incapacitating,UNSAFE BACKING,8TH & DUNN ST,39.16951074,-86.52823782
2004,6,3,Weekday,1500,2-Car,Non-incapacitating,FOLLOWING TOO CLOSELY,8TH & COLLEGE,39.16948336,-86.534784
2004,10,1,Weekend,200,3+ Cars,No injury/unknown,UNSAFE BACKING,8TH & CLARK ST,39.169472,-86.504864
2004,8,5,Weekday,1500,3+ Cars,Non-incapacitating,DRIVER DISTRACTED - EXPLAIN IN NARRATIVE,EASTGATE & SR46,39.16947189,-86.50100793
2004,11,2,Weekday,800,2-Car,No injury/unknown,OVERCORRECTING/OVERSTEERING,8TH & COLLEGE AVE,39.16941472,-86.534784
2004,10,1,Weekend,600,1-Car,No injury/unknown,OVERCORRECTING/OVERSTEERING,BLK N SMITH RD & E 10TH,39.169408,-86.481392
2004,8,7,Weekend,1000,2-Car,No injury/unknown,OTHER (DRIVER) - EXPLAIN IN NARRATIVE,7TH & MORTON,39.16939682,-86.536
2004,8,6,Weekday,1600,2-Car,No injury/unknown,UNSAFE BACKING,BLACKSTONE CT & PARKRIDGE,39.169248,-86.47480792
2004,12,5,Weekday,1900,1-Car,No injury/unknown,ANIMAL/OBJECT IN ROADWAY,SR43S & SR48W,39.16912204,-86.67193308
2004,11,6,Weekend,2200,2-Car,No injury/unknown,IMPROPER TURNING,SMITH & WALNUT,39.16910531,-86.53355984
2004,8,4,Weekday,1600,2-Car,No injury/unknown,OTHER (DRIVER) - EXPLAIN IN NARRATIVE,7TH & INDIANA AVE,39.16905179,-86.52695075
2004,11,6,Weekday,400,1-Car,No injury/unknown,RAN OFF ROAD RIGHT,AMY & PETE ELLIS DR,39.16903745,-86.495888
2004,7,2,Weekday,2000,2-Car,No injury/unknown,DRIVER DISTRACTED - EXPLAIN IN NARRATIVE,8TH & ROGERS ST,39.1690349,-86.538576
2004,4,6,Weekday,200,2-Car,No injury/unknown,OTHER (DRIVER) - EXPLAIN IN NARRATIVE,SMITH AVE,39.16899626,-86.4813247
2004,2,2,Weekday,2100,2-Car,Non-incapacitating,FOLLOWING TOO CLOSELY,EASTGATE & SR46,39.16895981,-86.50075189
2004,3,3,Weekday,1100,2-Car,No injury/unknown,FAILURE TO YIELD RIGHT OF WAY,EAST SEVENTH & N JORDAN AVE,39.168944,-86.516016
2004,4,7,Weekend,1600,3+ Cars,Non-incapacitating,ROADWAY SURFACE CONDITION,7TH & JORDAN,39.168944,-86.516016
2004,3,6,Weekday,1400,2-Car,No injury/unknown,FAILURE TO YIELD RIGHT OF WAY,7TH & JORDAN AVE,39.168944,-86.516016
2004,9,6,Weekday,1500,2-Car,No injury/unknown,OTHER (DRIVER) - EXPLAIN IN NARRATIVE,7TH & JORDAN AVE,39.168944,-86.516016
2004,10,4,Weekday,1200,1-Car,Non-incapacitating,OTHER (DRIVER) - EXPLAIN IN NARRATIVE,JORDAN AVE & SEVENTH,39.168944,-86.516016
2004,9,6,Weekday,1400,2-Car,No injury/unknown,OTHER (DRIVER) - EXPLAIN IN NARRATIVE,7TH & COLLEGE AVE,39.16893055,-86.534784
2004,3,1,Weekend,1400,2-Car,No injury/unknown,UNSAFE BACKING,GATES DR,39.168929,-86.576399
2004,1,4,Weekday,1500,2-Car,No injury/unknown,FAILURE TO YIELD RIGHT OF WAY,7TH ST & JORDAN,39.16888887,-86.51548883
2004,11,5,Weekday,1100,2-Car,No injury/unknown,FOLLOWING TOO CLOSELY,7TH ST & JORDAN,39.16887049,-86.51531311
2004,11,2,Weekday,1500,Bus,No injury/unknown,IMPROPER PASSING,7TH & JORDAN AVE,39.16886197,-86.51602565
2004,12,7,Weekend,0,1-Car,No injury/unknown,ALCOHOLIC BEVERAGES,7TH & LINCOLN,39.16884591,-86.530992
2004,4,3,Weekday,1600,2-Car,No injury/unknown,FAILURE TO YIELD RIGHT OF WAY,S GRANT ST,39.16882612,-86.529696
2004,10,2,Weekday,1800,2-Car,No injury/unknown,UNSAFE BACKING,10TH & JORDAN AVE,39.16881653,-86.516031
2004,7,6,Weekday,1600,2-Car,No injury/unknown,OTHER (DRIVER) - EXPLAIN IN NARRATIVE,CURRY & JONATHON DR,39.1688,-86.57640087
2004,1,5,Weekday,1200,2-Car,No injury/unknown,ROADWAY SURFACE CONDITION,CURRY & JONATHON LN,39.1688,-86.5764
2004,2,2,Weekday,2000,2-Car,No injury/unknown,OTHER (DRIVER) - EXPLAIN IN NARRATIVE,7TH ST,39.168752,-86.5436
2004,2,6,Weekday,900,1-Car,No injury/unknown,OVERCORRECTING/OVERSTEERING,7TH ST & WOODLAWN,39.168752,-86.5436
2004,4,2,Weekday,1200,3+ Cars,Non-incapacitating,FAILURE TO YIELD RIGHT OF WAY,7TH ST & WALDRON,39.168752,-86.5436
2004,12,4,Weekday,2100,2-Car,No injury/unknown,UNSAFE BACKING,7TH ST,39.168752,-86.5436
2004,2,1,Weekend,1700,2-Car,No injury/unknown,FAILURE TO YIELD RIGHT OF WAY,COLLEGE,39.16874743,-86.534784
2004,11,1,Weekend,1100,2-Car,No injury/unknown,OTHER (DRIVER) - EXPLAIN IN NARRATIVE,7TH ST & WALDRON,39.16874669,-86.54377719
2004,5,5,Weekday,1500,1-Car,Non-incapacitating,PEDESTRIAN ACTION,7TH & JORDAN AVE,39.16873894,-86.51604013
2004,7,2,Weekday,2100,2-Car,Non-incapacitating,ALCOHOLIC BEVERAGES,7TH ST & MAPLE,39.168736,-86.542096
2004,8,1,Weekend,1300,2-Car,No injury/unknown,FAILURE TO YIELD RIGHT OF WAY,N MAPLE ST & W 7TH,39.168736,-86.542096
2004,10,7,Weekend,1700,2-Car,No injury/unknown,FAILURE TO YIELD RIGHT OF WAY,3RD & SR37,39.16872213,-86.57200193
2004,6,4,Weekday,1500,1-Car,No injury/unknown,OVERSIZE/OVERWEIGHT LOAD,7TH ST & FAIRVIEW,39.16872,-86.541104
2004,2,4,Weekday,1000,2-Car,No injury/unknown,DISREGARD SIGNAL/REG SIGN,7TH & ROGERS,39.168704,-86.538576
2004,2,2,Weekday,1300,2-Car,Non-incapacitating,UNSAFE SPEED,7TH ST & ROGERS,39.168704,-86.538576
2004,10,4,Weekday,1400,2-Car,No injury/unknown,OTHER (DRIVER) - EXPLAIN IN NARRATIVE,7TH ST & JACKSON,39.168704,-86.539808
2004,3,5,Weekday,1000,Pedestrian,Non-incapacitating,OTHER (DRIVER) - EXPLAIN IN NARRATIVE,7TH ST & SUNRISE,39.1687,-86.51388835
2004,8,1,Weekend,1300,2-Car,No injury/unknown,OTHER (DRIVER) - EXPLAIN IN NARRATIVE,PRIVATE LOT,39.168696,-86.4788
2004,10,3,Weekday,1000,2-Car,No injury/unknown,OTHER (DRIVER) - EXPLAIN IN NARRATIVE,PRIVATE LOT,39.168696,-86.4788
2004,7,7,Weekend,1000,2-Car,Non-incapacitating,DRIVER DISTRACTED - EXPLAIN IN NARRATIVE,7TH ST & MADISON,39.168688,-86.537296
2004,5,2,Weekday,1300,2-Car,Non-incapacitating,DISREGARD SIGNAL/REG SIGN,7TH ST & MORTON,39.168672,-86.536
2004,8,7,Weekend,1000,2-Car,No injury/unknown,FOLLOWING TOO CLOSELY,7TH ST & MORTON,39.168672,-86.53631917
2004,11,4,Weekday,1900,1-Car,Non-incapacitating,FAILURE TO YIELD RIGHT OF WAY,7TH & JORDAN AVE,39.16867058,-86.51604817
2004,4,7,Weekend,1300,2-Car,Non-incapacitating,DISREGARD SIGNAL/REG SIGN,7TH & COLLEGE,39.168656,-86.534784
2004,5,2,Weekday,1600,2-Car,Non-incapacitating,FOLLOWING TOO CLOSELY,7TH & COLLEGE AVE,39.168656,-86.534784
2004,6,6,Weekday,1300,2-Car,No injury/unknown,FOLLOWING TOO CLOSELY,7TH & COLLEGE,39.168656,-86.534784
2004,5,2,Weekday,1400,2-Car,No injury/unknown,OTHER (DRIVER) - EXPLAIN IN NARRATIVE,COLLEGE,39.168656,-86.534784
2004,8,1,Weekend,1300,2-Car,No injury/unknown,UNSAFE BACKING,COLLEGE MALL,39.168656,-86.534784
2004,11,4,Weekday,1400,2-Car,No injury/unknown,UNSAFE BACKING,7TH ST & WALNUT,39.16864933,-86.53427717
2004,10,6,Weekday,900,Bus,No injury/unknown,OTHER (DRIVER) - EXPLAIN IN NARRATIVE,7TH ST & WASHINGTON,39.16864,-86.53204537
2004,4,5,Weekday,2200,2-Car,No injury/unknown,OTHER (DRIVER) - EXPLAIN IN NARRATIVE,7TH & WOODLAWN,39.16864,-86.52353385
2004,2,6,Weekday,900,2-Car,No injury/unknown,DISREGARD SIGNAL/REG SIGN,EAST SEVENTH ST & INDIANA AVENUE AVE,39.16864,-86.526944
2004,1,3,Weekday,900,2-Car,No injury/unknown,UNSAFE BACKING,SEVENTH & WOODLAWN AVE,39.16864,-86.523392
2004,1,2,Weekday,1700,Bus,No injury/unknown,FAILURE TO YIELD RIGHT OF WAY,7TH ST & WOODLAWN,39.16864,-86.523392
2004,1,3,Weekday,1200,1-Car,Non-incapacitating,PEDESTRIAN ACTION,7TH ST & FESS,39.16864,-86.52567827
2004,1,3,Weekday,2000,Pedestrian,Non-incapacitating,FAILURE TO YIELD RIGHT OF WAY,7TH ST & INDIANA,39.16864,-86.526944
2004,9,5,Weekday,1100,2-Car,No injury/unknown,FAILURE TO YIELD RIGHT OF WAY,7TH & DUNN ST,39.16864,-86.528224
2004,8,2,Weekday,1800,Bus,No injury/unknown,OTHER (DRIVER) - EXPLAIN IN NARRATIVE,7TH ST & INDIANA,39.16864,-86.5269972
2004,2,4,Weekday,1500,Bus,No injury/unknown,OTHER (DRIVER) - EXPLAIN IN NARRATIVE,7TH & WOODLAWN,39.16864,-86.523392
2004,2,2,Weekday,800,2-Car,No injury/unknown,FAILURE TO YIELD RIGHT OF WAY,7TH ST & GRANT,39.16864,-86.529696
2004,3,1,,,2-Car,No injury/unknown,OTHER (DRIVER) - EXPLAIN IN NARRATIVE,7TH ST & WASHINGTON,39.16864,-86.5324
2004,5,7,Weekend,1600,2-Car,No injury/unknown,DISREGARD SIGNAL/REG SIGN,7TH & WALNUT ST,39.16864,-86.533568
2004,3,2,Weekday,900,2-Car,No injury/unknown,FAILURE TO YIELD RIGHT OF WAY,INDIANA & SEVENTH ST,39.16864,-86.526944
2004,5,6,Weekday,900,2-Car,No injury/unknown,DRIVER DISTRACTED - EXPLAIN IN NARRATIVE,7TH ST & INDIANA,39.16864,-86.52697946
2004,1,6,Weekday,1200,2-Car,No injury/unknown,IMPROPER PASSING,COLLEGE & W 7TH ST,39.16864,-86.533568
2004,4,2,Weekday,900,2-Car,No injury/unknown,UNSAFE BACKING,7TH ST & MID AMERICA BATTERY,39.16864,-86.52948571
2004,8,4,Weekday,1000,2-Car,No injury/unknown,UNSAFE BACKING,GRANT & SEVENTH ST,39.16864,-86.529696
2004,7,2,Weekday,2100,2-Car,No injury/unknown,OTHER (DRIVER) - EXPLAIN IN NARRATIVE,NORTH WALNUT & SEVENTH,39.16864,-86.533568
2004,7,2,Weekday,900,2-Car,Non-incapacitating,DISREGARD SIGNAL/REG SIGN,7TH & WALNUT ST,39.16864,-86.533568
2004,9,7,Weekend,1900,2-Car,No injury/unknown,DRIVER DISTRACTED - EXPLAIN IN NARRATIVE,7TH & WALNUT,39.16864,-86.533568
2004,11,5,Weekday,1300,Bus,No injury/unknown,OTHER (DRIVER) - EXPLAIN IN NARRATIVE,7TH ST & DUNN,39.16864,-86.528224
2004,8,3,Weekday,1900,2-Car,Non-incapacitating,FOLLOWING TOO CLOSELY,7TH & WALNUT,39.16864,-86.533568
2004,9,5,Weekday,,1-Car,Non-incapacitating,OTHER (DRIVER) - EXPLAIN IN NARRATIVE,N WALNUT ST & WALNUT CENTER GARAGE,39.16864,-86.533568
2004,10,4,Weekday,1100,2-Car,No injury/unknown,FAILURE TO YIELD RIGHT OF WAY,7TH ST,39.16864,-86.532984
2004,10,1,Weekend,300,2-Car,Non-incapacitating,UNSAFE BACKING,N WALNUT PARKING GARGAGE,39.16864,-86.533568
2004,12,4,Weekday,1300,2-Car,No injury/unknown,OTHER (DRIVER) - EXPLAIN IN NARRATIVE,4TH & GENTRY ST,39.16860299,-86.535599
2004,2,4,Weekday,,2-Car,No injury/unknown,UNSAFE BACKING,7TH & COLLEGE AVE,39.16860109,-86.534784
2004,7,7,Weekend,200,1-Car,No injury/unknown,UNSAFE SPEED,AMY & PETE ELLIS DR,39.16859355,-86.49553949
2004,4,2,Weekday,1100,1-Car,No injury/unknown,OTHER (DRIVER) - EXPLAIN IN NARRATIVE,N ADAMS & VERNAL,39.168576,-86.5496
2004,9,5,Weekday,500,2-Car,No injury/unknown,PRESCRIPTION DRUGS,7TH ST & ADAMS,39.168576,-86.5496
2004,11,3,Weekday,1800,2-Car,No injury/unknown,OTHER (DRIVER) - EXPLAIN IN NARRATIVE,7TH & ADAMS,39.168576,-86.5496
2004,9,6,Weekday,1500,2-Car,Non-incapacitating,DRIVER DISTRACTED - EXPLAIN IN NARRATIVE,7TH & WALNUT,39.16857137,-86.53356911
2004,2,3,Weekday,1700,2-Car,Non-incapacitating,FAILURE TO YIELD RIGHT OF WAY,7TH & INDIANA AVE,39.16855764,-86.52694253
2004,12,3,Weekday,900,2-Car,No injury/unknown,UNSAFE BACKING,7TH & MORTON,39.16853472,-86.536
2004,1,7,Weekend,100,2-Car,No injury/unknown,FOLLOWING TOO CLOSELY,GATES DR & JOHNATHON,39.1685,-86.576399
2004,6,6,Weekday,1800,2-Car,No injury/unknown,OTHER (DRIVER) - EXPLAIN IN NARRATIVE,7TH ST & FORREST,39.1685,-86.52345274
2004,6,5,Weekday,1800,2-Car,Non-incapacitating,DISREGARD SIGNAL/REG SIGN,GATES DR & JOHNATHAN,39.1685,-86.576399
2004,9,3,Weekday,1500,2-Car,No injury/unknown,OTHER (DRIVER) - EXPLAIN IN NARRATIVE,7TH ST & FORREST,39.1685,-86.52353926
2004,11,6,Weekday,1300,2-Car,No injury/unknown,UNSAFE BACKING,7TH ST & FORREST,39.1685,-86.52352628
2004,11,3,Weekday,2100,Bus,No injury/unknown,IMPROPER TURNING,7TH ST & FORREST,39.1685,-86.52350465
2004,12,1,Weekend,1100,Cyclist,Incapacitating,FOLLOWING TOO CLOSELY,SR48E & VERNAL,39.168448,-86.661104
2004,2,1,Weekend,1000,1-Car,No injury/unknown,OTHER (DRIVER) - EXPLAIN IN NARRATIVE,PRIVTE DR BRASIDE,39.16834371,-86.49085487
2004,8,4,Weekday,1000,2-Car,No injury/unknown,OTHER (DRIVER) - EXPLAIN IN NARRATIVE,N JACOB DR,39.168317,-86.573599
2004,2,5,Weekday,1600,1-Car,Non-incapacitating,DRIVER ILLNESS,SR48 & VERNAL,39.16831503,-86.66079373
2004,3,2,Weekday,1100,1-Car,No injury/unknown,RAN OFF ROAD RIGHT,WINSLOW & XAVIER CT,39.16830165,-86.514096
2004,5,4,Weekday,1600,2-Car,No injury/unknown,OTHER (DRIVER) - EXPLAIN IN NARRATIVE,GATES DR,39.168242,-86.576396
2004,1,6,Weekday,100,1-Car,No injury/unknown,ALCOHOLIC BEVERAGES,7TH ST & JEFFERSON,39.168192,-86.507024
2004,2,6,Weekday,800,2-Car,No injury/unknown,OTHER (DRIVER) - EXPLAIN IN NARRATIVE,BREASIDE,39.168192,-86.49504
2004,10,7,Weekend,100,1-Car,Non-incapacitating,UNSAFE SPEED,BREASIDE & PETE ELLIS,39.168192,-86.49504
2004,2,5,Weekday,1100,2-Car,No injury/unknown,IMPROPER TURNING,7TH & UNION ST,39.168176,-86.509312
2004,7,4,Weekday,1500,2-Car,No injury/unknown,DISREGARD SIGNAL/REG SIGN,E 7TH & N UNION ST,39.168176,-86.509312
2004,4,3,Weekday,1000,2-Car,No injury/unknown,FOLLOWING TOO CLOSELY,ALLEN & PATTERSON DR,39.16817255,-86.545199
2004,12,5,Weekday,1400,2-Car,No injury/unknown,FAILURE TO YIELD RIGHT OF WAY,7TH ST & ROSE,39.16816029,-86.51104086
2004,1,6,Weekday,400,2-Car,No injury/unknown,UNSAFE BACKING,7TH & NORTH ROSE AVE,39.168144,-86.510992