Year,Month,Day,Weekend?,Hour,Collision Type,Injury Type,Primary Factor,Reported_Location,Latitude,Longitude
2004,3,2,Weekday,1900,Bus,No injury/unknown,FAILURE TO YIELD RIGHT OF WAY,7TH ST & ROSE,39.168144,-86.510992
2004,5,5,Weekday,,1-Car,No injury/unknown,BRAKE FAILURE OR DEFECTIVE,7TH & N ROGERS ST,39.16788898,-86.53858874
2004,1,1,Weekend,200,2-Car,No injury/unknown,OTHER (DRIVER) - EXPLAIN IN NARRATIVE,6TH & INDIANA AVE,39.16785381,-86.52692996
2004,7,6,Weekend,2300,3+ Cars,No injury/unknown,RAN OFF ROAD RIGHT,LONGVIEW AVE,39.16783412,-86.48993861
2004,10,7,Weekend,200,2-Car,No injury/unknown,IMPROPER LANE USAGE,6TH & WALNUT ST,39.16778527,-86.53358179
2004,8,5,Weekday,2200,2-Car,No injury/unknown,UNSAFE BACKING,7TH ST & HILLSDALE,39.16774531,-86.50318106
2004,6,4,Weekday,0,2-Car,No injury/unknown,,6TH ST,39.167744,-86.551544
2004,1,2,Weekday,300,1-Car,No injury/unknown,OTHER (DRIVER) - EXPLAIN IN NARRATIVE,6TH & COLLEGE,39.16773037,-86.534784
2004,11,2,Weekday,800,2-Car,No injury/unknown,UNSAFE BACKING,DUNN & SIXTH ST,39.167728,-86.528208
2004,11,4,Weekday,1500,1-Car,No injury/unknown,UNSAFE BACKING,6TH & DUNN,39.167728,-86.528208
2004,4,6,Weekday,1800,2-Car,No injury/unknown,UNSAFE BACKING,6TH ST & PINE,39.16772689,-86.54822962
2004,11,5,Weekday,1500,2-Car,No injury/unknown,FAILURE TO YIELD RIGHT OF WAY,6TH ST & ELM,39.16771023,-86.5450227
2004,6,4,Weekday,1000,2-Car,Non-incapacitating,FAILURE TO YIELD RIGHT OF WAY,COUNTRY CLUB & WALNUT,39.16769916,-86.531
2004,5,3,Weekday,2100,2-Car,No injury/unknown,UNSAFE BACKING,6TH ST & MAPLE,39.167696,-86.54245063
2004,12,5,Weekday,1100,2-Car,No injury/unknown,FAILURE TO YIELD RIGHT OF WAY,6TH ST & MAPLE,39.167696,-86.542096
2004,3,3,Weekday,1100,2-Car,No injury/unknown,FAILURE TO YIELD RIGHT OF WAY,6TH & ROGERS ST,39.16768,-86.538592
2004,5,2,Weekday,1500,2-Car,Non-incapacitating,FAILURE TO YIELD RIGHT OF WAY,6TH & ROGERS,39.16768,-86.538592
2004,7,7,Weekend,1300,2-Car,No injury/unknown,OTHER (DRIVER) - EXPLAIN IN NARRATIVE,6TH & LINCOLN AVE,39.16768,-86.530992
2004,7,2,Weekday,1100,2-Car,No injury/unknown,FAILURE TO YIELD RIGHT OF WAY,6TH & ROGERS ST,39.16768,-86.538592
2004,9,5,Weekday,700,3+ Cars,No injury/unknown,FAILURE TO YIELD RIGHT OF WAY,6TH ST & JACKSON,39.16768,-86.539808
2004,11,6,Weekday,1200,2-Car,No injury/unknown,FAILURE TO YIELD RIGHT OF WAY,6TH & ROGERS,39.16768,-86.538592
2004,8,4,Weekday,1300,2-Car,No injury/unknown,OTHER (DRIVER) - EXPLAIN IN NARRATIVE,MORTON & PARKING GARAGE,39.167664,-86.536
2004,8,3,Weekday,800,2-Car,No injury/unknown,FAILURE TO YIELD RIGHT OF WAY,6TH ST & MADISON,39.167664,-86.537296
2004,9,6,Weekday,1100,2-Car,No injury/unknown,UNSAFE BACKING,7TH & MARTIN,39.167664,-86.536
2004,10,3,Weekday,1400,2-Car,No injury/unknown,FAILURE TO YIELD RIGHT OF WAY,6TH & WASHINGTON,39.167664,-86.5324
2004,6,4,Weekday,1400,2-Car,No injury/unknown,,6TH ST & WALNUT,39.16765183,-86.53330034
2004,7,7,Weekend,1300,2-Car,No injury/unknown,OTHER (DRIVER) - EXPLAIN IN NARRATIVE,6TH ST,39.16765127,-86.53503216
2004,2,6,Weekday,1300,2-Car,No injury/unknown,UNSAFE BACKING,6TH ST,39.16764833,-86.53480882
2004,4,2,Weekday,1100,2-Car,No injury/unknown,FAILURE TO YIELD RIGHT OF WAY,6TH ST & WALNUT,39.167648,-86.5338677
2004,2,3,Weekday,2000,2-Car,No injury/unknown,,7TH & LIBRARY LOT,39.167648,-86.500096
2004,3,4,Weekday,1100,2-Car,No injury/unknown,DISREGARD SIGNAL/REG SIGN,6TH & COLLEGE AVE,39.167648,-86.534784
2004,2,1,Weekend,1500,2-Car,No injury/unknown,FAILURE TO YIELD RIGHT OF WAY,6TH & WALNUT ST,39.167648,-86.533584
2004,2,3,Weekday,1200,2-Car,No injury/unknown,FAILURE TO YIELD RIGHT OF WAY,6TH & COLLEGE AVE,39.167648,-86.534784
2004,4,7,Weekend,800,2-Car,No injury/unknown,DISREGARD SIGNAL/REG SIGN,6TH & WALNUT ST,39.167648,-86.533584
2004,7,1,Weekend,1500,2-Car,Non-incapacitating,IMPROPER TURNING,N COLLEGE & W 6TH ST,39.167648,-86.534784
2004,8,2,Weekday,1300,2-Car,No injury/unknown,FOLLOWING TOO CLOSELY,6TH & COLLEGE AVE,39.167648,-86.534784
2004,10,6,Weekday,1600,2-Car,No injury/unknown,IMPROPER LANE USAGE,6TH & COLLEGE AVE,39.167648,-86.534784
2004,12,6,Weekday,1800,Cyclist,Incapacitating,FAILURE TO YIELD RIGHT OF WAY,6TH ST & COLLEGE,39.167648,-86.534784
2004,5,5,Weekday,800,2-Car,No injury/unknown,IMPROPER PASSING,6TH & ROGERS ST,39.16763882,-86.53859265
2004,11,2,Weekday,700,3+ Cars,Non-incapacitating,FAILURE TO YIELD RIGHT OF WAY,BLK W 6TH ST & FAIRVIEW,39.1676,-86.53990865
2004,3,4,Weekday,1100,3+ Cars,No injury/unknown,IMPROPER PASSING,6TH & COLLEGE AVE,39.16753819,-86.53478574
2004,11,2,Weekday,900,2-Car,No injury/unknown,IMPROPER LANE USAGE,6TH & INDIANA AVE,39.16753814,-86.52692203
2004,4,5,Weekday,1300,2-Car,No injury/unknown,UNSAFE BACKING,6TH & WALNUT ST,39.16751073,-86.53358618
2004,12,4,Weekday,1400,1-Car,No injury/unknown,SPEED TOO FAST FOR WEATHER CONDITIONS,3RD & SR37,39.16747139,-86.57272703
2004,7,7,Weekend,2000,2-Car,No injury/unknown,OTHER (DRIVER) - EXPLAIN IN NARRATIVE,N GATES DR,39.167409,-86.575904
2004,9,2,Weekday,1500,2-Car,No injury/unknown,FAILURE TO YIELD RIGHT OF WAY,7TH & ROSE AVE,39.16732035,-86.510992
2004,12,2,Weekday,1200,2-Car,No injury/unknown,UNSAFE BACKING,JORDAN & JORDAN AVE,39.16731567,-86.5161941
2004,4,6,Weekend,1900,2-Car,No injury/unknown,FOLLOWING TOO CLOSELY,3RD & I45,39.16720332,-86.57280362
2004,2,1,Weekend,900,2-Car,No injury/unknown,OTHER (DRIVER) - EXPLAIN IN NARRATIVE,3RD & OVERHILL DR,39.16720038,-86.5015616
2004,3,2,Weekday,700,2-Car,No injury/unknown,UNSAFE BACKING,6TH & INDIANA AVE,39.16719504,-86.52691209
2004,4,2,Weekday,1600,2-Car,No injury/unknown,IMPROPER LANE USAGE,CURRY PIKE & GRAND,39.16718839,-86.58296078
2004,6,2,Weekday,800,1-Car,No injury/unknown,OTHER (DRIVER) - EXPLAIN IN NARRATIVE,JORDAN & JORDAN AVE,39.167128,-86.516008
2004,8,4,Weekday,1500,1-Car,No injury/unknown,OVERCORRECTING/OVERSTEERING,JORDAN,39.167128,-86.516208
2004,12,6,Weekday,1500,2-Car,No injury/unknown,UNSAFE BACKING,JORDAN AVE,39.167128,-86.516208
2004,10,3,Weekday,1600,2-Car,Non-incapacitating,FAILURE TO YIELD RIGHT OF WAY,JORDAN AVE,39.167128,-86.516208
2004,10,3,Weekday,1600,2-Car,No injury/unknown,IMPROPER TURNING,JORDAN ARC,39.167128,-86.516208
2004,2,2,Weekday,1600,2-Car,No injury/unknown,OTHER (DRIVER) - EXPLAIN IN NARRATIVE,JOHNSON AVE,39.16708441,-86.564992
2004,9,6,Weekday,1400,Moped/Motorcycle,Non-incapacitating,NONE (DRIVER),CURRY PIKE & JONATHAN,39.167002,-86.582999
2004,1,6,Weekday,1000,2-Car,Non-incapacitating,DRIVER DISTRACTED - EXPLAIN IN NARRATIVE,CURRY PIKE & JOHNATHAN,39.167002,-86.582999
2004,2,7,Weekend,1600,2-Car,No injury/unknown,FAILURE TO YIELD RIGHT OF WAY,LONGVIEW & PETE ELLIS DR,39.166944,-86.495056
2004,8,3,Weekday,1700,3+ Cars,Non-incapacitating,FAILURE TO YIELD RIGHT OF WAY,LONGVIEW & PETE ELLIS,39.166944,-86.495056
2004,9,6,Weekday,1600,2-Car,Non-incapacitating,FAILURE TO YIELD RIGHT OF WAY,LONGVIEW & PETE ELLIS,39.166944,-86.495056
2004,9,5,Weekday,1600,2-Car,Non-incapacitating,DRIVER DISTRACTED - EXPLAIN IN NARRATIVE,LONGVIEW & PETE ELLIS DR,39.166944,-86.495056
2004,4,2,Weekday,2100,2-Car,No injury/unknown,OTHER (DRIVER) - EXPLAIN IN NARRATIVE,COLLEGE AVE & KIRKWOOD,39.16691453,-86.53479564
2004,5,5,Weekday,1200,2-Car,No injury/unknown,OTHER (DRIVER) - EXPLAIN IN NARRATIVE,COLLEGE AVE & KIRKWOOD,39.16691453,-86.53479564
2004,3,2,Weekday,1400,2-Car,No injury/unknown,IMPROPER LANE USAGE,INDIANA AVE & KIRKWOOD,39.16691448,-86.52690396
2004,3,3,Weekday,1300,2-Car,No injury/unknown,IMPROPER LANE USAGE,INDIANA AVE & KIRKWOOD,39.16691448,-86.52690396
2004,10,6,Weekday,1700,2-Car,Non-incapacitating,FOLLOWING TOO CLOSELY,CURRY & GRAND,39.1669141,-86.5829717
2004,10,5,Weekday,1500,2-Car,No injury/unknown,,JONES & JORDAN AVE,39.166912,-86.516224
2004,10,6,Weekend,2000,2-Car,Non-incapacitating,FAILURE TO YIELD RIGHT OF WAY,5TH ST & JEFFERSON,39.166848,-86.506992
2004,1,2,Weekday,2000,2-Car,Non-incapacitating,FAILURE TO YIELD RIGHT OF WAY,5TH ST & JEFFERSON,39.166848,-86.506992
2004,10,7,Weekend,2300,2-Car,No injury/unknown,FAILURE TO YIELD RIGHT OF WAY,5TH & JEFFERSON ST,39.166848,-86.506992
2004,3,3,Weekday,800,2-Car,No injury/unknown,DRIVER DISTRACTED - EXPLAIN IN NARRATIVE,E5TH & S CLARK ST,39.166848,-86.5048
2004,8,6,Weekday,1500,2-Car,No injury/unknown,FAILURE TO YIELD RIGHT OF WAY,5TH & UNION,39.166848,-86.509296
2004,11,2,Weekday,900,2-Car,No injury/unknown,FAILURE TO YIELD RIGHT OF WAY,5TH & JEFFERSON ST,39.166848,-86.506992
2004,8,3,Weekday,1800,2-Car,No injury/unknown,IMPROPER PASSING,KINGTON AVE,39.166848,-86.4928
2004,11,7,Weekend,1600,2-Car,No injury/unknown,FAILURE TO YIELD RIGHT OF WAY,5TH & JEFFERSON,39.166848,-86.506992
2004,11,5,Weekday,1500,2-Car,No injury/unknown,FAILURE TO YIELD RIGHT OF WAY,5TH & JEFFERSON ST,39.166848,-86.506992
2004,2,1,Weekend,1700,2-Car,No injury/unknown,FAILURE TO YIELD RIGHT OF WAY,5TH ST & JEFFERSON,39.166848,-86.506992
2004,9,6,Weekday,1300,2-Car,No injury/unknown,IMPROPER TURNING,ADAMS & KIRKWOOD,39.166816,-86.549488
2004,4,6,Weekday,1400,2-Car,No injury/unknown,UNSAFE SPEED,ADAMS & KIRKWOOD AVE,39.16681246,-86.54922207
2004,7,6,Weekday,1400,Bus,No injury/unknown,OTHER (DRIVER) - EXPLAIN IN NARRATIVE,KIRKWOOD & OAK,39.166784,-86.5468
2004,1,3,Weekday,1400,3+ Cars,No injury/unknown,IMPROPER PASSING,KIRKWOOD & WALNUT ST,39.16677727,-86.53359782
2004,12,1,Weekday,2000,2-Car,No injury/unknown,NONE (DRIVER),GATES DR,39.166774,-86.575999
2004,3,3,Weekday,1500,2-Car,No injury/unknown,OTHER (DRIVER) - EXPLAIN IN NARRATIVE,3RD & KIRKWOOD,39.16677127,-86.54552653
2004,9,4,Weekday,2200,2-Car,No injury/unknown,UNSAFE BACKING,KIRKWOOD AVE,39.16677127,-86.54552653
2004,2,2,Weekday,700,2-Car,Non-incapacitating,FAILURE TO YIELD RIGHT OF WAY,ELM & KIRKWOOD AVE,39.166768,-86.5452
2004,4,2,Weekday,1700,2-Car,No injury/unknown,FOLLOWING TOO CLOSELY,4TH & COLLEGE,39.16676343,-86.53479804
2004,12,5,Weekday,900,2-Car,Non-incapacitating,DRIVER DISTRACTED - EXPLAIN IN NARRATIVE,KIRKWOOD & MAPLE,39.16673132,-86.54315978
2004,5,6,Weekday,1000,2-Car,No injury/unknown,UNSAFE BACKING,N GRANT ST,39.16672751,-86.529696
2004,4,3,Weekday,1500,2-Car,No injury/unknown,FOLLOWING TOO CLOSELY,KIRKWOOD,39.16672229,-86.54231086
2004,9,2,Weekday,1400,3+ Cars,Non-incapacitating,FOLLOWING TOO CLOSELY,MAPLE & W KIRKWOOD AVE,39.16672,-86.542096
2004,6,7,Weekend,900,2-Car,No injury/unknown,ALCOHOLIC BEVERAGES,FAIRVIEW & KIRKWOOD,39.16670229,-86.54069364
2004,8,2,Weekday,1000,2-Car,No injury/unknown,UNSAFE BACKING,KIRKWOOD AVE,39.1667,-86.551013
2004,3,4,Weekday,1400,2-Car,No injury/unknown,FOLLOWING TOO CLOSELY,KIRKWOOD & MAPLE ST,39.16669255,-86.542096
2004,5,7,Weekend,1200,1-Car,No injury/unknown,UNSAFE BACKING,INDIANA & KIRKWOOD,39.166688,-86.539808
2004,3,3,Weekday,1500,2-Car,No injury/unknown,FAILURE TO YIELD RIGHT OF WAY,KIRKWOOD AVE & ROGERS,39.16667909,-86.53913986
2004,7,1,Weekend,1400,1-Car,Non-incapacitating,FOLLOWING TOO CLOSELY,KIRKWOOD & ROGERS,39.16667909,-86.53913986
2004,9,4,Weekday,1200,2-Car,Non-incapacitating,FAILURE TO YIELD RIGHT OF WAY,5TH ST & ROGERS,39.16667796,-86.53905476
2004,7,2,Weekday,1200,2-Car,No injury/unknown,FAILURE TO YIELD RIGHT OF WAY,KIRKWOOD AVE & ROGERS,39.16667673,-86.53896257
2004,10,6,Weekday,1300,2-Car,No injury/unknown,FAILURE TO YIELD RIGHT OF WAY,5TH ST & ROGERS,39.16667673,-86.53896257
2004,2,6,Weekday,900,2-Car,Non-incapacitating,FAILURE TO YIELD RIGHT OF WAY,5TH ST & ROGERS,39.16667437,-86.53878529
2004,12,2,Weekday,1100,2-Car,No injury/unknown,FAILURE TO YIELD RIGHT OF WAY,KIRKWOOD & ROGERS,39.16667437,-86.53878529
2004,10,3,Weekday,1700,2-Car,No injury/unknown,IMPROPER TURNING,KIRKWOOD AVE & ROGERS,39.16667437,-86.53878529
2004,10,6,Weekday,1200,2-Car,Non-incapacitating,FAILURE TO YIELD RIGHT OF WAY,5TH & ROGERS,39.16667366,-86.5387321
2004,5,2,Weekday,1000,2-Car,No injury/unknown,FAILURE TO YIELD RIGHT OF WAY,KIRKWOOD AVE & ROGERS,39.16667247,-86.53864346
2004,4,2,Weekday,1500,3+ Cars,Non-incapacitating,,ROGERS & W KIRKWOOD,39.166672,-86.538608
2004,8,2,Weekday,1800,2-Car,Non-incapacitating,DRIVER DISTRACTED - EXPLAIN IN NARRATIVE,KIRKWOOD & ROGERS,39.166672,-86.538608
2004,7,6,Weekday,1200,2-Car,Non-incapacitating,FOLLOWING TOO CLOSELY,KIRKWOOD & ROGERS ST,39.166672,-86.538608
2004,9,4,Weekday,1200,2-Car,No injury/unknown,FAILURE TO YIELD RIGHT OF WAY,ROGERS & W KIRKWOOD,39.166672,-86.538608
2004,8,2,Weekday,1600,2-Car,No injury/unknown,FAILURE TO YIELD RIGHT OF WAY,KIRKWOOD & ROGERS,39.166672,-86.538608
2004,10,2,Weekday,1300,2-Car,Non-incapacitating,FAILURE TO YIELD RIGHT OF WAY,ROGERS & W 5TH ST,39.166672,-86.538608
2004,11,3,Weekday,1700,2-Car,Non-incapacitating,FAILURE TO YIELD RIGHT OF WAY,5TH ST & ROGERS,39.16667157,-86.53857254
2004,11,3,Weekday,1700,2-Car,No injury/unknown,FOLLOWING TOO CLOSELY,3RD & SR45,39.16666718,-86.57295681
2004,2,7,Weekend,100,1-Car,Non-incapacitating,CELL PHONE USAGE,KIRKWOOD & MADISON,39.166656,-86.537296
2004,6,7,Weekend,1600,2-Car,Non-incapacitating,FAILURE TO YIELD RIGHT OF WAY,5TH ST & MADISON,39.166656,-86.537296
2004,4,6,Weekday,1500,2-Car,No injury/unknown,FAILURE TO YIELD RIGHT OF WAY,5TH ST & MADISON,39.166656,-86.537296
2004,7,1,Weekend,1100,2-Car,No injury/unknown,FAILURE TO YIELD RIGHT OF WAY,KIRKWOOD AVE & MADISON,39.166656,-86.537296
2004,9,7,Weekend,1600,2-Car,No injury/unknown,FAILURE TO YIELD RIGHT OF WAY,KIRKWOOD AVE & MADISON,39.166656,-86.537296
2004,10,2,Weekday,1700,2-Car,No injury/unknown,OTHER (DRIVER) - EXPLAIN IN NARRATIVE,KIRKWOOD & ROGERS,39.16664455,-86.53860755
2004,2,5,Weekday,200,2-Car,No injury/unknown,OTHER (DRIVER) - EXPLAIN IN NARRATIVE,DUNN & KIRKWOOD AVE,39.16664,-86.52808561
2004,4,5,Weekday,1700,2-Car,No injury/unknown,FOLLOWING TOO CLOSELY,KIRKWOOD AVE & WALNUT,39.16664,-86.53324538
2004,6,1,Weekend,1000,2-Car,Non-incapacitating,OTHER (DRIVER) - EXPLAIN IN NARRATIVE,KIRKWOOD & WASHINGTON,39.16664,-86.53270143
2004,12,4,Weekday,1000,2-Car,No injury/unknown,FAILURE TO YIELD RIGHT OF WAY,DUNN & KIRKWOOD,39.16664,-86.52801469
2004,9,6,,,1-Car,Non-incapacitating,OTHER (DRIVER) - EXPLAIN IN NARRATIVE,KIRKWOOD & WALNUT,39.16664,-86.5333163
2004,12,6,Weekend,2100,2-Car,No injury/unknown,FAILURE TO YIELD RIGHT OF WAY,DUNN & KIRKWOOD AVE,39.16664,-86.52805015
2004,11,4,Weekday,1700,2-Car,No injury/unknown,UNSAFE BACKING,COLLEGE & KIRKWOOD AVE,39.16664,-86.53465815
2004,2,3,Weekday,1000,2-Car,No injury/unknown,OTHER (DRIVER) - EXPLAIN IN NARRATIVE,INDIANA AVE & KIRKWOOD,39.16664,-86.526896
2004,7,5,Weekday,300,1-Car,Non-incapacitating,OTHER (DRIVER) - EXPLAIN IN NARRATIVE,DUNN & KIRKWOOD,39.16664,-86.528192
2004,1,4,Weekday,1400,2-Car,No injury/unknown,FAILURE TO YIELD RIGHT OF WAY,5TH & COLLEGE,39.16664,-86.5336
2004,2,3,Weekday,1300,2-Car,No injury/unknown,FAILURE TO YIELD RIGHT OF WAY,KIRKWOOD & ROGERS,39.16664,-86.528192
2004,1,7,Weekend,1400,2-Car,No injury/unknown,OTHER (DRIVER) - EXPLAIN IN NARRATIVE,KIRKWOOD AVE,39.16664,-86.533
2004,3,2,Weekday,1400,2-Car,Non-incapacitating,UNSAFE BACKING,KIRKWOOD,39.16664,-86.53096555
2004,2,7,Weekend,1300,2-Car,No injury/unknown,IMPROPER LANE USAGE,GRANT & KIRKWOOD,39.16664,-86.529696
2004,6,5,Weekday,1300,2-Car,No injury/unknown,OTHER (DRIVER) - EXPLAIN IN NARRATIVE,KERR CREEK & SR46,39.16664,-86.462496
2004,3,7,Weekend,200,2-Car,No injury/unknown,IMPROPER LANE USAGE,KIRKWOOD & WALNUT ST,39.16664,-86.5336
2004,4,5,Weekday,1700,Bus,No injury/unknown,IMPROPER LANE USAGE,INDIANA AVE & KIRKWOOD,39.16664,-86.526896
2004,1,6,Weekend,2000,2-Car,No injury/unknown,FAILURE TO YIELD RIGHT OF WAY,GRANT & KIRKWOOD AVE,39.16664,-86.529696
2004,2,1,Weekend,1200,2-Car,No injury/unknown,DRIVER DISTRACTED - EXPLAIN IN NARRATIVE,WALNUT ST,39.16664,-86.5336
2004,8,4,Weekday,1500,2-Car,Non-incapacitating,IMPROPER TURNING,N COLLEGE & W KIRKWOOD,39.16664,-86.5348
2004,2,5,Weekday,1200,2-Car,No injury/unknown,UNSAFE BACKING,KIRKWOOD S,39.16664,-86.53096555
2004,3,1,Weekend,200,1-Car,Non-incapacitating,ALCOHOLIC BEVERAGES,KIRKWOOD & WALNUT ST,39.16664,-86.5336
2004,3,7,Weekend,300,2-Car,No injury/unknown,UNSAFE BACKING,KIRKWOOD,39.16664,-86.52816555
2004,4,7,Weekend,1300,2-Car,No injury/unknown,FAILURE TO YIELD RIGHT OF WAY,KIRKWOOD AVE & WALNUT,39.16664,-86.53370639
2004,12,3,Weekday,1900,2-Car,No injury/unknown,OTHER (DRIVER) - EXPLAIN IN NARRATIVE,KIRKWOOD & LINCOLN ST,39.16664,-86.530992
2004,4,3,Weekday,1600,2-Car,No injury/unknown,,KIRKWOOD & URBAN OUTFITTERS,39.16664,-86.52779527
2004,4,2,Weekday,1700,2-Car,No injury/unknown,FAILURE TO YIELD RIGHT OF WAY,KIRKWOOD & WALNUT ST,39.16664,-86.5336
2004,4,4,Weekday,1600,2-Car,No injury/unknown,IMPROPER TURNING,INDIANA & KIRKWOOD,39.16664,-86.526896
2004,4,3,Weekday,1600,2-Car,No injury/unknown,,5TH ST,39.16664,-86.52816555
2004,6,3,Weekday,1200,2-Car,No injury/unknown,FAILURE TO YIELD RIGHT OF WAY,KIRKWOOD & N DUNN ST,39.16664,-86.528192
2004,10,5,Weekday,900,2-Car,No injury/unknown,OTHER (DRIVER) - EXPLAIN IN NARRATIVE,INDIANA & KIRKWOOD AVE,39.16664,-86.526896
2004,5,2,Weekday,1100,2-Car,No injury/unknown,UNSAFE BACKING,KIRKWOOD & WASHINGTON,39.16664,-86.5324
2004,5,6,Weekday,1300,2-Car,No injury/unknown,UNSAFE BACKING,KIRKWOOD AVE & WALNUT,39.16664,-86.5336
2004,5,5,Weekday,600,1-Car,No injury/unknown,OTHER (DRIVER) - EXPLAIN IN NARRATIVE,KIRKWOOD,39.16664,-86.5324
2004,6,7,Weekend,1800,Bus,No injury/unknown,OTHER (DRIVER) - EXPLAIN IN NARRATIVE,KIRKWOOD & WASHINGTON,39.16664,-86.5324
2004,6,4,Weekday,1200,1-Car,Non-incapacitating,FAILURE TO YIELD RIGHT OF WAY,INDIANA & KIRKWOOD,39.16664,-86.526896
2004,11,6,Weekend,2200,1-Car,Non-incapacitating,OTHER (DRIVER) - EXPLAIN IN NARRATIVE,KIRKWOOD AVE & LINCOLN,39.16664,-86.53092108
2004,12,5,Weekday,1400,2-Car,No injury/unknown,DISREGARD SIGNAL/REG SIGN,KIRKWOOD & WALNUT ST,39.16664,-86.5336
2004,8,6,Weekday,1800,1-Car,Non-incapacitating,OTHER (DRIVER) - EXPLAIN IN NARRATIVE,DUNN & KIRKWOOD,39.16664,-86.528192
2004,8,2,Weekday,1400,1-Car,Non-incapacitating,PEDESTRIAN ACTION,KIRKWOOD & WALNUT ST,39.16664,-86.5336
2004,11,2,Weekday,1900,2-Car,No injury/unknown,DISREGARD SIGNAL/REG SIGN,KIRKWOOD & WALNUT,39.16664,-86.5336
2004,9,5,Weekday,1900,2-Car,Non-incapacitating,UNSAFE BACKING,KIRKWOOD E,39.16664,-86.52811265
2004,10,5,Weekday,1000,2-Car,Non-incapacitating,UNSAFE BACKING,KIRKWOOD & WALNUT,39.16664,-86.5336
2004,9,2,Weekday,2000,2-Car,No injury/unknown,FAILURE TO YIELD RIGHT OF WAY,5TH ST & DUNN,39.16664,-86.528192
2004,9,6,Weekday,700,2-Car,No injury/unknown,UNSAFE BACKING,KIRKWOOD & WALNUT,39.16664,-86.5336
2004,9,4,Weekday,1000,1-Car,No injury/unknown,RAN OFF ROAD RIGHT,INDIANA AVE & KIRKWOOD,39.16664,-86.526896
2004,12,5,Weekday,2100,2-Car,No injury/unknown,FAILURE TO YIELD RIGHT OF WAY,KIRKWOOD & WALNUT,39.16664,-86.53352908
2004,10,6,Weekday,200,2-Car,No injury/unknown,IMPROPER TURNING,KIRKWOOD & WALNUT ST,39.16664,-86.5336
2004,10,7,Weekend,2000,2-Car,No injury/unknown,FAILURE TO YIELD RIGHT OF WAY,KIRKWOOD AVE & WALNUT,39.16664,-86.53363546
2004,10,3,Weekday,1200,1-Car,No injury/unknown,ALCOHOLIC BEVERAGES,E 5TH ALLEY & GRANT,39.16664,-86.529696
2004,10,4,Weekday,1500,2-Car,No injury/unknown,FAILURE TO YIELD RIGHT OF WAY,COLLEGE & KIRKWOOD,39.16664,-86.53471134
2004,10,6,Weekday,1100,2-Car,No injury/unknown,IMPROPER TURNING,5TH,39.16664,-86.531696
2004,10,7,Weekend,1500,2-Car,No injury/unknown,OTHER (DRIVER) - EXPLAIN IN NARRATIVE,KIRKWOOD AVE,39.16664,-86.533
2004,11,4,Weekday,1500,2-Car,No injury/unknown,DISREGARD SIGNAL/REG SIGN,KIRKWOOD & WALNUT ST,39.16664,-86.5336
2004,6,3,Weekday,0,1-Car,No injury/unknown,OTHER (ENVIRONMENTAL) - EXPLAIN IN NARR,KERR CRK & SR46,39.16664,-86.462496
2004,8,6,Weekday,1200,2-Car,Non-incapacitating,FAILURE TO YIELD RIGHT OF WAY,MAPLE & W 5TH ST,39.1666,-86.540801
2004,3,3,Weekday,1800,2-Car,No injury/unknown,OTHER (DRIVER) - EXPLAIN IN NARRATIVE,5TH ST,39.1666,-86.538735
2004,4,3,Weekday,1200,1-Car,No injury/unknown,NONE (DRIVER),KIRKWOOD AVE & MORTON,39.1666,-86.5356
2004,9,7,Weekend,1600,2-Car,No injury/unknown,IMPROPER LANE USAGE,KIRKWOOD & LINCOLN,39.16659882,-86.53099266
2004,4,1,Weekend,1700,2-Car,No injury/unknown,IMPROPER PASSING,3RD & GATES DR,39.16658718,-86.576001
2004,2,4,Weekday,1100,2-Car,No injury/unknown,UNSAFE BACKING,BIKE KIRKWOOD & LINCOLN,39.166583,-86.53219784
2004,5,5,Weekday,1500,2-Car,No injury/unknown,FOLLOWING TOO CLOSELY,INDIANA AVE & KIRKWOOD,39.16657141,-86.52689268
2004,1,6,Weekday,1200,2-Car,No injury/unknown,IMPROPER TURNING,KINGSTON DR,39.16655822,-86.492816
2004,6,6,Weekend,2100,2-Car,No injury/unknown,OTHER (DRIVER) - EXPLAIN IN NARRATIVE,3RD & S KINGSTON,39.16655822,-86.492816
2004,5,7,Weekend,1800,2-Car,No injury/unknown,FAILURE TO YIELD RIGHT OF WAY,KINGSTON,39.16655822,-86.492816
2004,10,1,Weekday,1900,2-Car,No injury/unknown,UNSAFE BACKING,S KINGSTON,39.16655822,-86.492816
2004,8,4,Weekday,1400,2-Car,No injury/unknown,FOLLOWING TOO CLOSELY,INDIANA AVE & KIRKWOOD,39.16655769,-86.52689202
2004,2,7,Weekend,2100,2-Car,No injury/unknown,IMPROPER TURNING,COLLEGE AVE & KIRKWOOD,39.16655763,-86.5348
2004,9,7,Weekend,2100,2-Car,No injury/unknown,IMPROPER TURNING,KERR CREEK & SR46E,39.1665431,-86.4642647
2004,1,2,Weekday,,Bus,No injury/unknown,OTHER (ENVIRONMENTAL) - EXPLAIN IN NARR,INDIANA AVE & KIRKWOOD,39.16653026,-86.52689069
2004,5,4,Weekday,1200,2-Car,No injury/unknown,FAILURE TO YIELD RIGHT OF WAY,GRANT & KIRKWOOD,39.16650274,-86.52969821
2004,3,4,Weekday,1500,2-Car,No injury/unknown,FAILURE TO YIELD RIGHT OF WAY,KIRKWOOD & LINCOLN,39.1665,-86.53109933
2004,12,6,Weekday,800,2-Car,No injury/unknown,UNSAFE BACKING,KIRKWOOD AVE,39.1665,-86.528252