Year,Month,Day,Weekend?,Hour,Collision Type,Injury Type,Primary Factor,Reported_Location,Latitude,Longitude
2004,9,6,Weekday,1700,2-Car,No injury/unknown,UNSAFE BACKING,KIRKWOOD,39.1665,-86.529797
2004,1,6,Weekday,1600,2-Car,No injury/unknown,UNSAFE BACKING,105 FRANKLIN ST,39.166496,-86.571216
2004,4,7,Weekend,1100,2-Car,Non-incapacitating,OTHER (DRIVER) - EXPLAIN IN NARRATIVE,1930 CURRY & CURRY PIKE,39.16648695,-86.5830023
2004,6,2,Weekday,2000,2-Car,No injury/unknown,UNSAFE BACKING,SR446 & SR46,39.16648209,-86.46537792
2004,5,7,Weekend,900,2-Car,No injury/unknown,OTHER (DRIVER) - EXPLAIN IN NARRATIVE,5TH & HILLSDALE,39.16648,-86.503472
2004,6,5,Weekday,1100,2-Car,No injury/unknown,UNSAFE BACKING,N GATES DR,39.166458,-86.575999
2004,3,6,Weekday,800,2-Car,No injury/unknown,IMPROPER PASSING,LORI & SR46,39.166448,-86.466
2004,3,5,Weekday,2300,2-Car,Non-incapacitating,DRIVER DISTRACTED - EXPLAIN IN NARRATIVE,MORNINGSIDE & SMITH RD,39.166432,-86.4812
2004,5,4,Weekday,1800,1-Car,No injury/unknown,DISREGARD SIGNAL/REG SIGN,MORNINGSIDE & SMITH RD,39.166432,-86.4812
2004,11,5,Weekday,1500,2-Car,No injury/unknown,FAILURE TO YIELD RIGHT OF WAY,MORNINGSIDE & SMITH RD,39.166432,-86.4812
2004,11,2,Weekday,1200,2-Car,No injury/unknown,FOLLOWING TOO CLOSELY,MORNINGSIDE & SMITH RD,39.166432,-86.4812
2004,12,2,Weekday,1700,2-Car,Non-incapacitating,FAILURE TO YIELD RIGHT OF WAY,KIRKWOOD & ROGERS,39.16639747,-86.5386035
2004,11,7,Weekend,2300,2-Car,No injury/unknown,UNSAFE BACKING,INDIANA AVE & KIRKWOOD,39.16636564,-86.52688272
2004,12,4,Weekday,2300,2-Car,No injury/unknown,FAILURE TO YIELD RIGHT OF WAY,UNION & UNION CT,39.1662989,-86.509296
2004,4,2,Weekday,1300,2-Car,No injury/unknown,OTHER (DRIVER) - EXPLAIN IN NARRATIVE,ROSE ST & UNIN,39.1662177,-86.51097988
2004,11,1,Weekend,200,2-Car,No injury/unknown,OTHER (DRIVER) - EXPLAIN IN NARRATIVE,JONES & JORDAN AVE,39.166199,-86.516399
2004,4,5,Weekday,800,2-Car,No injury/unknown,FAILURE TO YIELD RIGHT OF WAY,2ND & COLLEGE MALL RD,39.1661722,-86.497996
2004,4,2,Weekday,1000,2-Car,Non-incapacitating,OTHER (DRIVER) - EXPLAIN IN NARRATIVE,45  46 & WALNUT ST,39.166144,-86.5336
2004,6,5,Weekday,1000,2-Car,No injury/unknown,DRIVER DISTRACTED - EXPLAIN IN NARRATIVE,WALNUT,39.166144,-86.5336
2004,12,2,Weekday,1200,2-Car,No injury/unknown,FAILURE TO YIELD RIGHT OF WAY,DUNN ST,39.166144,-86.528168
2004,10,4,Weekday,1400,2-Car,No injury/unknown,UNSAFE BACKING,GILMORE LOT & INDIANA AVE,39.166144,-86.526872
2004,5,7,Weekend,1000,3+ Cars,Non-incapacitating,FOLLOWING TOO CLOSELY,3RD & SR45,39.16612187,-86.57302597
2004,5,3,Weekday,1500,Moped/Motorcycle,Non-incapacitating,OTHER (DRIVER) - EXPLAIN IN NARRATIVE,JONES & JORDAN AVE,39.166116,-86.516399
2004,12,2,Weekday,1600,1-Car,No injury/unknown,RAN OFF ROAD RIGHT,SR446 & SR46,39.16610181,-86.46773098
2004,10,5,Weekday,1800,2-Car,Non-incapacitating,FOLLOWING TOO CLOSELY,4TH & COLLEGE AVE,39.16593855,-86.5348
2004,12,6,Weekday,1400,3+ Cars,No injury/unknown,UNSAFE SPEED,GATES DR & RUNKLE,39.16589,-86.575999
2004,2,5,Weekday,1500,Bus,No injury/unknown,UNSAFE BACKING,BROADWAY & WESTERN,39.16578046,-86.58933275
2004,7,6,Weekday,1400,2-Car,No injury/unknown,OTHER (DRIVER) - EXPLAIN IN NARRATIVE,4TH & COLLEGE,39.16577382,-86.5348
2004,9,6,Weekday,800,1-Car,Non-incapacitating,DISREGARD SIGNAL/REG SIGN,4TH ST & MAPLE,39.165712,-86.542096
2004,8,7,Weekend,1600,2-Car,No injury/unknown,SPEED TOO FAST FOR WEATHER CONDITIONS,4TH & DUNN ST,39.16570287,-86.52814666
2004,10,4,Weekday,900,2-Car,No injury/unknown,DISREGARD SIGNAL/REG SIGN,4TH & BRYAN AVE,39.165696,-86.508208
2004,11,4,Weekday,0,2-Car,No injury/unknown,DRIVER DISTRACTED - EXPLAIN IN NARRATIVE,4TH ST & ROGERS,39.16569381,-86.53841471
2004,6,5,Weekday,1200,Bus,No injury/unknown,OTHER (DRIVER) - EXPLAIN IN NARRATIVE,MADISON & W 4TH,39.16568,-86.537296
2004,5,3,Weekday,200,2-Car,No injury/unknown,OTHER (DRIVER) - EXPLAIN IN NARRATIVE,DRISCOLL & MADISON,39.16568,-86.537296
2004,10,6,Weekend,1900,2-Car,Non-incapacitating,FAILURE TO YIELD RIGHT OF WAY,4TH ST & MADISON,39.16567344,-86.53676414
2004,8,5,Weekday,0,2-Car,No injury/unknown,WRONG WAY ON ONE WAY,4TH & COLLEGE,39.165664,-86.5348
2004,6,3,Weekday,1400,2-Car,No injury/unknown,FOLLOWING TOO CLOSELY,4TH & COLLEGE AVE,39.165664,-86.5348
2004,10,7,Weekend,,1-Car,No injury/unknown,ALCOHOLIC BEVERAGES,4TH & COLLEGE,39.165664,-86.5348
2004,10,7,Weekend,900,3+ Cars,Non-incapacitating,DISREGARD SIGNAL/REG SIGN,4TH & COLLEGE AVE,39.165664,-86.5348
2004,10,1,Weekend,300,2-Car,No injury/unknown,OTHER (DRIVER) - EXPLAIN IN NARRATIVE,4TH ST & COLLEGE,39.16566329,-86.53474682
2004,1,6,Weekday,1100,2-Car,No injury/unknown,UNSAFE BACKING,4TH ST & WASHINGTON,39.165648,-86.53222269
2004,9,6,Weekday,1100,2-Car,Non-incapacitating,FAILURE TO YIELD RIGHT OF WAY,4TH & WASHINGTON,39.165648,-86.53218723
2004,6,4,Weekday,1200,Pedestrian,Non-incapacitating,FAILURE TO YIELD RIGHT OF WAY,4TH ST & INDIANA,39.165648,-86.52720262
2004,12,3,Weekday,900,2-Car,No injury/unknown,FAILURE TO YIELD RIGHT OF WAY,4TH ST & LINCOLN,39.165648,-86.53122077
2004,2,6,Weekday,1700,2-Car,No injury/unknown,,4TH ST,39.165648,-86.5336
2004,2,1,Weekend,100,3+ Cars,No injury/unknown,UNSAFE BACKING,WALNUT,39.165648,-86.5336
2004,2,3,Weekday,1100,2-Car,No injury/unknown,DRIVER DISTRACTED - EXPLAIN IN NARRATIVE,4TH ST & WASHINGTON,39.165648,-86.5324
2004,3,5,Weekday,1700,2-Car,No injury/unknown,UNSAFE BACKING,4TH & UNION,39.165648,-86.509296
2004,4,6,Weekday,1200,2-Car,No injury/unknown,FOLLOWING TOO CLOSELY,600 1E 7TH & INDIANA AVE,39.165648,-86.526848
2004,7,6,Weekday,800,2-Car,No injury/unknown,UNSAFE BACKING,FOURTH & INDIANA AVE,39.165648,-86.526848
2004,1,6,Weekday,1100,2-Car,No injury/unknown,UNSAFE BACKING,EAST 4TH ST,39.165648,-86.53231478
2004,3,1,Weekend,300,1-Car,No injury/unknown,UNSAFE BACKING,WALNUT ST,39.165648,-86.5336
2004,4,6,Weekday,1300,2-Car,No injury/unknown,UNSAFE BACKING,MOTEL 6 & WALNUT N ST,39.165648,-86.5336
2004,4,1,Weekend,1000,2-Car,No injury/unknown,OTHER (DRIVER) - EXPLAIN IN NARRATIVE,WALNUT ST,39.165648,-86.5336
2004,4,7,Weekend,1600,1-Car,No injury/unknown,OTHER (DRIVER) - EXPLAIN IN NARRATIVE,DUNN ST,39.165648,-86.528144
2004,7,3,Weekday,1200,2-Car,Non-incapacitating,CELL PHONE USAGE,OLDSR37 & WALNUT ST,39.165648,-86.5336
2004,6,7,Weekend,1500,2-Car,No injury/unknown,OTHER (DRIVER) - EXPLAIN IN NARRATIVE,WALNUT ST,39.165648,-86.5336
2004,7,3,Weekday,800,2-Car,No injury/unknown,FAILURE TO YIELD RIGHT OF WAY,SR45 46 & WALNUT ST,39.165648,-86.5336
2004,7,1,Weekend,1100,2-Car,Non-incapacitating,FAILURE TO YIELD RIGHT OF WAY,GLENDORA & WALNUT N ST,39.165648,-86.5336
2004,7,1,Weekend,1700,2-Car,No injury/unknown,UNSAFE BACKING,4TH ST & DUNN,39.165648,-86.528144
2004,7,1,Weekday,2100,2-Car,No injury/unknown,OTHER (DRIVER) - EXPLAIN IN NARRATIVE,4TH ST & INDIANA,39.165648,-86.526848
2004,7,4,Weekday,1300,2-Car,No injury/unknown,OTHER (DRIVER) - EXPLAIN IN NARRATIVE,E 4TH ST & LINCOLN,39.165648,-86.53231478
2004,12,4,Weekday,800,Bus,No injury/unknown,OTHER (DRIVER) - EXPLAIN IN NARRATIVE,WALNUT ST,39.165648,-86.5336
2004,7,3,Weekday,900,2-Car,No injury/unknown,UNSAFE BACKING,WALNUT,39.165648,-86.5336
2004,7,5,Weekday,1700,2-Car,No injury/unknown,FAILURE TO YIELD RIGHT OF WAY,E 4TH & S WASHINGTON ST,39.165648,-86.5324
2004,7,6,Weekday,100,2-Car,No injury/unknown,UNSAFE BACKING,4TH & WALNUT,39.165648,-86.5336
2004,11,2,Weekday,1100,1-Car,Non-incapacitating,IMPROPER PASSING,4TH ST & WASHINGTON,39.165648,-86.5324
2004,9,4,Weekday,2000,2-Car,No injury/unknown,,4TH ST & GRANT,39.165648,-86.529712
2004,12,2,Weekday,700,2-Car,No injury/unknown,UNSAFE BACKING,3RD & CLARK,39.165648,-86.5048
2004,12,3,Weekday,1400,2-Car,Non-incapacitating,FOLLOWING TOO CLOSELY,WALNUT,39.165648,-86.5336
2004,11,3,Weekday,700,2-Car,Fatal,LEFT OF CENTER,BLUE RIDGE & WALNUT ST,39.165648,-86.5336
2004,11,3,Weekday,1700,2-Car,No injury/unknown,UNSAFE BACKING,4TH,39.165648,-86.53231478
2004,10,7,Weekend,1200,3+ Cars,Non-incapacitating,DRIVER ILLNESS,E 4TH & S LINCOLA,39.165648,-86.531008
2004,11,3,Weekday,800,1-Car,No injury/unknown,RAN OFF ROAD RIGHT,WALNUT ST,39.165648,-86.5336
2004,1,6,,,2-Car,No injury/unknown,,GATES DR,39.1656,-86.575999
2004,8,1,Weekend,1500,2-Car,No injury/unknown,FAILURE TO YIELD RIGHT OF WAY,GENTRY & W 4TH ST,39.1656,-86.53617904
2004,11,4,Weekday,1100,2-Car,No injury/unknown,UNSAFE BACKING,4TH ST & WASHINGTON,39.1656,-86.53231763
2004,2,2,Weekday,1500,2-Car,No injury/unknown,IMPROPER TURNING,GATES DR & JACOB,39.165599,-86.575999
2004,1,5,Weekday,1400,2-Car,No injury/unknown,FAILURE TO YIELD RIGHT OF WAY,GATES DR & JACOB,39.165599,-86.575999
2004,2,1,Weekend,1400,Moped/Motorcycle,Non-incapacitating,FAILURE TO YIELD RIGHT OF WAY,GATES DR & JACOBS,39.165599,-86.575999
2004,4,5,Weekday,1200,2-Car,No injury/unknown,UNSAFE BACKING,4TH ST & ROGERS,39.165599,-86.5297986
2004,8,7,Weekend,1800,2-Car,No injury/unknown,FAILURE TO YIELD RIGHT OF WAY,GATES & JACOB,39.165599,-86.575999
2004,12,5,Weekday,1500,2-Car,No injury/unknown,OTHER (DRIVER) - EXPLAIN IN NARRATIVE,GATES DR & JACOB,39.165599,-86.575999
2004,9,1,Weekend,1600,2-Car,Non-incapacitating,OTHER (DRIVER) - EXPLAIN IN NARRATIVE,GATES DR & JACOBS,39.165599,-86.575999
2004,11,7,Weekend,1500,1-Car,No injury/unknown,OTHER (DRIVER) - EXPLAIN IN NARRATIVE,JORDAN & S JORDAN PARKING LOT AVE,39.165576,-86.516312
2004,5,1,Weekend,1600,2-Car,No injury/unknown,FAILURE TO YIELD RIGHT OF WAY,S PETE ELLIS,39.16551739,-86.495088
2004,6,5,Weekday,1200,2-Car,No injury/unknown,UNSAFE BACKING,MADISON,39.16548082,-86.537296
2004,9,2,Weekday,1300,2-Car,No injury/unknown,IMPROPER TURNING,JONES AVE & JORDAN,39.165399,-86.51642988
2004,9,3,Weekday,1800,3+ Cars,No injury/unknown,IMPROPER TURNING,JONES AVE & JORDAN,39.165399,-86.51642815
2004,8,7,Weekend,2100,3+ Cars,No injury/unknown,OVERCORRECTING/OVERSTEERING,JONES AVE & N JORDAN,39.165399,-86.51642296
2004,9,6,Weekday,1800,2-Car,No injury/unknown,FAILURE TO YIELD RIGHT OF WAY,JONES & ROSE,39.165399,-86.51638835
2004,7,4,Weekday,1400,2-Car,No injury/unknown,FAILURE TO YIELD RIGHT OF WAY,2ND & HIGH ST,39.16537114,-86.508495
2004,1,2,Weekday,900,2-Car,No injury/unknown,IMPROPER TURNING,4TH ST & JORDAN,39.1653668,-86.51639566
2004,6,3,Weekday,1700,3+ Cars,No injury/unknown,FOLLOWING TOO CLOSELY,3RD & SMITH RD,39.16532493,-86.4812
2004,5,2,Weekday,,3+ Cars,No injury/unknown,PRESCRIPTION DRUGS,JONES AVE & JORDAN,39.165313,-86.51204463
2004,5,4,Weekday,1600,2-Car,Non-incapacitating,FAILURE TO YIELD RIGHT OF WAY,3RD & CURRY PIKE,39.165301,-86.582995
2004,3,3,Weekday,1400,2-Car,Non-incapacitating,FAILURE TO YIELD RIGHT OF WAY,3RD & SR37,39.16529981,-86.57309211
2004,5,4,Weekday,2300,2-Car,No injury/unknown,OTHER (DRIVER) - EXPLAIN IN NARRATIVE,CURRY PIKE,39.165088,-86.582896
2004,3,2,Weekday,1600,2-Car,No injury/unknown,OTHER (DRIVER) - EXPLAIN IN NARRATIVE,SR48,39.165056,-86.653168
2004,3,4,Weekday,1600,2-Car,No injury/unknown,FAILURE TO YIELD RIGHT OF WAY,HWY37 & SR48,39.165056,-86.653168
2004,4,1,Weekend,1400,2-Car,No injury/unknown,OTHER (DRIVER) - EXPLAIN IN NARRATIVE,SR 48,39.165056,-86.653168
2004,12,6,Weekday,1200,2-Car,Non-incapacitating,FOLLOWING TOO CLOSELY,SR48,39.165056,-86.653168
2004,6,2,Weekday,1500,1-Car,Non-incapacitating,ANIMAL/OBJECT IN ROADWAY,KIRBY & SR48,39.16504,-86.610704
2004,11,3,Weekday,2000,1-Car,No injury/unknown,ANIMAL/OBJECT IN ROADWAY,OARD & SR48,39.16503296,-86.61861916
2004,4,7,Weekend,800,2-Car,Non-incapacitating,FAILURE TO YIELD RIGHT OF WAY,3RD & SR45,39.16502592,-86.57309139
2004,4,5,Weekday,1700,2-Car,Non-incapacitating,UNSAFE SPEED,3RD & GATES DR,39.165001,-86.576001
2004,1,6,Weekday,600,3+ Cars,No injury/unknown,SPEED TOO FAST FOR WEATHER CONDITIONS,HURTSTRAIGHT & SR48,39.164944,-86.611296
2004,1,6,Weekday,600,2-Car,No injury/unknown,SPEED TOO FAST FOR WEATHER CONDITIONS,HURTSTRAIGHT RD & SR48,39.164944,-86.611296
2004,1,6,Weekday,600,3+ Cars,No injury/unknown,SPEED TOO FAST FOR WEATHER CONDITIONS,HARTSTRAIGHT RD & SR48,39.164944,-86.611296
2004,12,4,Weekday,600,2-Car,Non-incapacitating,ROADWAY SURFACE CONDITION,HARTSTRAIT & SR48,39.164944,-86.611296
2004,7,7,Weekend,1200,Moped/Motorcycle,Non-incapacitating,VIEW OBSTRUCTED,HARTSTRAIGHT & SR 48,39.164944,-86.611296
2004,8,2,Weekday,1400,3+ Cars,No injury/unknown,OTHER (DRIVER) - EXPLAIN IN NARRATIVE,SR 37 & SR 48,39.16488877,-86.5730888
2004,4,3,Weekday,1200,2-Car,No injury/unknown,FOLLOWING TOO CLOSELY,3RD & COLLEGE AVE,39.16488708,-86.53481214
2004,10,6,Weekday,1100,2-Car,No injury/unknown,FAILURE TO YIELD RIGHT OF WAY,3RD & DUNN ST,39.16488707,-86.52811356
2004,7,6,Weekday,1100,2-Car,Non-incapacitating,FAILURE TO YIELD RIGHT OF WAY,CURRY PIKE & JONATHAN,39.16488698,-86.582999
2004,1,3,Weekday,1500,2-Car,Non-incapacitating,FOLLOWING TOO CLOSELY,DANIELS & SR48,39.16485453,-86.59907373
2004,1,3,Weekday,1600,2-Car,No injury/unknown,DISREGARD SIGNAL/REG SIGN,DANIELS & SR48,39.16485453,-86.59907373
2004,12,2,Weekday,1400,2-Car,No injury/unknown,DISREGARD SIGNAL/REG SIGN,DANIELS & SR48,39.16485453,-86.59907373
2004,7,2,Weekday,1500,2-Car,No injury/unknown,OTHER (DRIVER) - EXPLAIN IN NARRATIVE,CURRY & SR48,39.164848,-86.58395985
2004,3,3,Weekday,1200,2-Car,No injury/unknown,IMPROPER TURNING,3RD ST,39.164848,-86.581504
2004,7,2,Weekday,1200,3+ Cars,Non-incapacitating,FOLLOWING TOO CLOSELY,CURRY & SR48,39.164848,-86.582896
2004,1,7,Weekend,1000,2-Car,No injury/unknown,IMPROPER LANE USAGE,3RD ST & LIBERTY,39.164848,-86.581504
2004,4,2,Weekday,2300,1-Car,No injury/unknown,IMPROPER TURNING,KIMBLE & W 3RD ST,39.164848,-86.581504
2004,6,5,Weekday,1300,2-Car,Non-incapacitating,OTHER (DRIVER) - EXPLAIN IN NARRATIVE,CURRY & SR48,39.164848,-86.582896
2004,3,4,Weekday,1500,2-Car,No injury/unknown,FAILURE TO YIELD RIGHT OF WAY,CURRY & SR48,39.164848,-86.58303785
2004,4,4,Weekday,1100,2-Car,No injury/unknown,UNSAFE BACKING,3RD ST & SHOE CARNIVAL,39.164848,-86.57584186
2004,4,5,Weekday,1600,2-Car,No injury/unknown,UNSAFE BACKING,KIMBLE & THIRD,39.164848,-86.581504
2004,5,5,Weekday,1200,2-Car,No injury/unknown,OTHER (DRIVER) - EXPLAIN IN NARRATIVE,CURRY & SR48,39.164848,-86.58293146
2004,6,7,Weekend,1500,2-Car,No injury/unknown,UNSAFE BACKING,3RD ST & KINGSTON,39.164848,-86.581504
2004,6,1,Weekend,100,2-Car,No injury/unknown,FAILURE TO YIELD RIGHT OF WAY,CURRY PIKE & SR48,39.164848,-86.582896
2004,7,6,Weekday,1500,2-Car,Non-incapacitating,FAILURE TO YIELD RIGHT OF WAY,3RD ST & GATES,39.164848,-86.5761011
2004,8,5,Weekday,2200,2-Car,No injury/unknown,FAILURE TO YIELD RIGHT OF WAY,CURRY & SR 48,39.164848,-86.582896
2004,9,4,Weekday,1500,2-Car,No injury/unknown,OTHER (VEHICLE) - EXPLAIN IN NARRATIVE,3RD ST,39.164848,-86.57957649
2004,12,2,Weekday,1300,2-Car,No injury/unknown,FAILURE TO YIELD RIGHT OF WAY,3RD ST & GATES,39.164848,-86.57542307
2004,11,3,Weekday,1200,2-Car,No injury/unknown,FAILURE TO YIELD RIGHT OF WAY,BIG LOTS & W 3RD ST,39.164848,-86.581504
2004,10,3,Weekday,1600,2-Car,No injury/unknown,FOLLOWING TOO CLOSELY,SPRIGGS & SR48,39.164848,-86.6
2004,10,5,Weekday,700,2-Car,No injury/unknown,FAILURE TO YIELD RIGHT OF WAY,3RD ST,39.16484767,-86.58010841
2004,3,7,Weekend,1100,2-Car,No injury/unknown,UNSAFE BACKING,W  3RD ST,39.164844,-86.579422
2004,8,3,Weekday,2300,2-Car,No injury/unknown,UNSAFE BACKING,3RD ST,39.164844,-86.579422
2004,3,4,Weekday,1000,2-Car,No injury/unknown,DRIVER ILLNESS,3RD ST,39.164844,-86.579422
2004,2,6,Weekday,1500,2-Car,No injury/unknown,FAILURE TO YIELD RIGHT OF WAY,3RD ST,39.16483984,-86.5804062
2004,1,4,Weekday,800,2-Car,No injury/unknown,FAILURE TO YIELD RIGHT OF WAY,CURRY & SR48,39.16483487,-86.58279098
2004,10,5,Weekday,1200,2-Car,No injury/unknown,FAILURE TO YIELD RIGHT OF WAY,3RD ST & CURRY,39.16483363,-86.58078563
2004,8,3,Weekday,1100,2-Car,Non-incapacitating,FAILURE TO YIELD RIGHT OF WAY,HICKORY & SR48,39.16483304,-86.58567871
2004,12,2,Weekday,900,3+ Cars,Non-incapacitating,FOLLOWING TOO CLOSELY,CURRY & SR48,39.164832,-86.58218843
2004,12,5,Weekday,900,2-Car,No injury/unknown,IMPROPER TURNING,3RD ST,39.164832,-86.582048
2004,8,4,Weekday,1600,2-Car,No injury/unknown,OTHER (DRIVER) - EXPLAIN IN NARRATIVE,FAIRFIELD DR & FRANKLIN,39.1648238,-86.57020339
2004,12,6,Weekday,800,2-Car,No injury/unknown,FAILURE TO YIELD RIGHT OF WAY,SR 37 & SR 48,39.16482039,-86.5730964
2004,9,5,Weekday,700,2-Car,Non-incapacitating,ALCOHOLIC BEVERAGES,GATES & W 3RD,39.164816,-86.573888
2004,9,7,Weekend,1300,1-Car,No injury/unknown,OTHER (DRIVER) - EXPLAIN IN NARRATIVE,3RD & 3RD ST,39.164816,-86.573888
2004,6,6,Weekday,1100,2-Car,No injury/unknown,OTHER (DRIVER) - EXPLAIN IN NARRATIVE,3RD & COLLEGE AVE,39.16477727,-86.53481386
2004,5,1,Weekday,2200,2-Car,No injury/unknown,IMPROPER TURNING,PARK SQUARE & SR48,39.16476574,-86.59228452
2004,9,6,Weekday,700,2-Car,No injury/unknown,DRIVER DISTRACTED - EXPLAIN IN NARRATIVE,PARKSQUARE DR & SR48,39.16476574,-86.59228452
2004,3,4,Weekday,1600,2-Car,No injury/unknown,FAILURE TO YIELD RIGHT OF WAY,CURRY & SR48,39.16476563,-86.582896
2004,6,5,Weekday,1400,2-Car,No injury/unknown,OTHER (DRIVER) - EXPLAIN IN NARRATIVE,SR37 & SR48,39.16475693,-86.57317464
2004,4,5,Weekday,1000,2-Car,No injury/unknown,IMPROPER TURNING,SR37 & SR48,39.164752,-86.573104
2004,7,6,Weekday,1200,2-Car,No injury/unknown,FOLLOWING TOO CLOSELY,SR37 & SR48,39.164752,-86.573104
2004,8,4,Weekday,800,3+ Cars,Non-incapacitating,SPEED TOO FAST FOR WEATHER CONDITIONS,SR 48 & SR37,39.164752,-86.573104
2004,12,6,Weekday,700,2-Car,No injury/unknown,FOLLOWING TOO CLOSELY,SR37 & SR48,39.164752,-86.573104
2004,1,2,Weekday,1100,2-Car,No injury/unknown,IMPROPER LANE USAGE,SR37 & SR48,39.164752,-86.573104
2004,3,4,Weekday,1100,2-Car,No injury/unknown,FAILURE TO YIELD RIGHT OF WAY,3RD ST & SR37,39.164752,-86.573104
2004,4,3,Weekday,1700,3+ Cars,Non-incapacitating,FOLLOWING TOO CLOSELY,3RD ST & SR37,39.164752,-86.573104
2004,7,5,Weekday,,2-Car,No injury/unknown,FAILURE TO YIELD RIGHT OF WAY,SR 37 & SR 48,39.164752,-86.573104
2004,2,6,Weekday,1500,2-Car,No injury/unknown,DISREGARD SIGNAL/REG SIGN,3RD ST & SR45,39.164752,-86.573104
2004,1,5,Weekday,1600,2-Car,No injury/unknown,FAILURE TO YIELD RIGHT OF WAY,3RD ST & SR 37,39.164752,-86.573104
2004,8,3,Weekday,1600,2-Car,Non-incapacitating,FAILURE TO YIELD RIGHT OF WAY,3RD & SR37,39.164752,-86.573104
2004,1,7,Weekend,1100,2-Car,No injury/unknown,OTHER (DRIVER) - EXPLAIN IN NARRATIVE,3RD ST & JACKSON,39.164752,-86.53984
2004,2,6,Weekday,1400,2-Car,No injury/unknown,SPEED TOO FAST FOR WEATHER CONDITIONS,E 3RD & SR 45,39.164752,-86.573104
2004,3,4,Weekday,1700,3+ Cars,Non-incapacitating,FAILURE TO YIELD RIGHT OF WAY,SR45 & THIRD ST,39.164752,-86.573104
2004,3,3,Weekday,700,2-Car,Non-incapacitating,DISREGARD SIGNAL/REG SIGN,E THIRD ST & SR 45,39.164752,-86.573104
2004,4,4,Weekday,1700,2-Car,Non-incapacitating,FAILURE TO YIELD RIGHT OF WAY,3RD & SR37,39.164752,-86.573104
2004,2,6,Weekend,2200,2-Car,Non-incapacitating,FOLLOWING TOO CLOSELY,3RD ST & SR37,39.164752,-86.573104
2004,4,5,Weekday,1200,2-Car,No injury/unknown,OTHER (DRIVER) - EXPLAIN IN NARRATIVE,SR37 & SR48,39.164752,-86.573104
2004,4,6,Weekday,1800,2-Car,No injury/unknown,FAILURE TO YIELD RIGHT OF WAY,3RD ST & US37,39.164752,-86.573104
2004,5,7,Weekend,1900,2-Car,Non-incapacitating,FAILURE TO YIELD RIGHT OF WAY,SR37 & SR48,39.164752,-86.573104
2004,6,1,Weekday,2100,2-Car,Non-incapacitating,FOLLOWING TOO CLOSELY,SR37 & SR48,39.164752,-86.573104
2004,6,5,Weekday,1200,2-Car,No injury/unknown,FAILURE TO YIELD RIGHT OF WAY,3RD ST & SR45,39.164752,-86.573104
2004,5,7,Weekend,1800,3+ Cars,Non-incapacitating,DRIVER DISTRACTED - EXPLAIN IN NARRATIVE,SR45 & THIRD,39.164752,-86.573104
2004,4,3,Weekday,1500,2-Car,Non-incapacitating,FAILURE TO YIELD RIGHT OF WAY,SR37 & SR48,39.164752,-86.573104
2004,6,2,Weekday,1300,2-Car,No injury/unknown,FOLLOWING TOO CLOSELY,SR37 & SR48,39.164752,-86.573104
2004,10,4,Weekday,1200,2-Car,Non-incapacitating,DISREGARD SIGNAL/REG SIGN,3RD & SR37,39.164752,-86.573104
2004,7,3,Weekday,1700,2-Car,No injury/unknown,SPEED TOO FAST FOR WEATHER CONDITIONS,3RD & SR37,39.164752,-86.573104
2004,4,5,Weekday,800,2-Car,No injury/unknown,FOLLOWING TOO CLOSELY,SR37 & SR48,39.164752,-86.573104
2004,5,2,Weekday,1400,2-Car,Non-incapacitating,FAILURE TO YIELD RIGHT OF WAY,3RD ST & SR 37,39.164752,-86.573104
2004,7,5,Weekday,1100,2-Car,Non-incapacitating,FOLLOWING TOO CLOSELY,SR 37 & W 3RD,39.164752,-86.573104
2004,5,1,Weekend,1200,2-Car,No injury/unknown,OTHER (DRIVER) - EXPLAIN IN NARRATIVE,E3RD & SR 45,39.164752,-86.573104
2004,5,6,Weekday,1700,3+ Cars,Non-incapacitating,BRAKE FAILURE OR DEFECTIVE,SR37 & SR48,39.164752,-86.573104
2004,12,5,Weekday,1600,2-Car,No injury/unknown,FAILURE TO YIELD RIGHT OF WAY,3RD ST & SR45,39.164752,-86.573104
2004,7,6,Weekday,1300,2-Car,Non-incapacitating,FAILURE TO YIELD RIGHT OF WAY,3RD & SR37,39.164752,-86.573104
2004,8,6,Weekday,1300,2-Car,No injury/unknown,FOLLOWING TOO CLOSELY,SR 37 & W 3RD ST,39.164752,-86.573104
2004,8,6,Weekend,2100,2-Car,No injury/unknown,UNSAFE BACKING,3RD & SR45,39.164752,-86.573104
2004,8,3,Weekday,1600,2-Car,No injury/unknown,FAILURE TO YIELD RIGHT OF WAY,E 3RD ST & SR 45,39.164752,-86.573104
2004,11,5,Weekday,900,2-Car,Non-incapacitating,FAILURE TO YIELD RIGHT OF WAY,3RD ST & SR45,39.164752,-86.573104
2004,11,2,Weekday,1200,2-Car,No injury/unknown,LEFT OF CENTER,3RD & SR45,39.164752,-86.573104
2004,8,1,Weekend,600,2-Car,Non-incapacitating,FAILURE TO YIELD RIGHT OF WAY,SR37 & SR48,39.164752,-86.573104
2004,8,1,Weekend,1000,2-Car,No injury/unknown,FOLLOWING TOO CLOSELY,3RD & SR45,39.164752,-86.573104