Year,Month,Day,Weekend?,Hour,Collision Type,Injury Type,Primary Factor,Reported_Location,Latitude,Longitude
2004,10,7,Weekend,1900,2-Car,No injury/unknown,FAILURE TO YIELD RIGHT OF WAY,SR37 & THIRD ST,39.164752,-86.573104
2004,12,4,Weekday,600,2-Car,Non-incapacitating,FAILURE TO YIELD RIGHT OF WAY,SR37 & SR48,39.164752,-86.573104
2004,12,6,Weekday,1800,2-Car,No injury/unknown,FAILURE TO YIELD RIGHT OF WAY,3RD ST & PETE ELLIS,39.164752,-86.573104
2004,10,6,Weekday,1600,3+ Cars,Non-incapacitating,DISREGARD SIGNAL/REG SIGN,3RD ST & SR37,39.164752,-86.573104
2004,9,4,Weekday,2200,2-Car,Non-incapacitating,FAILURE TO YIELD RIGHT OF WAY,3RD & WHITEMALL,39.164752,-86.573104
2004,10,1,Weekend,1700,2-Car,No injury/unknown,FAILURE TO YIELD RIGHT OF WAY,SR37 & SR48,39.164752,-86.573104
2004,10,5,Weekday,2200,2-Car,No injury/unknown,FAILURE TO YIELD RIGHT OF WAY,3RD ST & SR37,39.164752,-86.573104
2004,10,4,Weekday,1400,2-Car,No injury/unknown,FAILURE TO YIELD RIGHT OF WAY,2ND & US37,39.164752,-86.573104
2004,11,7,Weekend,1100,2-Car,Non-incapacitating,FOLLOWING TOO CLOSELY,SR 37 & W 3RD,39.164752,-86.573104
2004,11,2,Weekday,900,1-Car,No injury/unknown,SPEED TOO FAST FOR WEATHER CONDITIONS,SR37 & SR48,39.164752,-86.573104
2004,12,1,Weekday,2000,2-Car,No injury/unknown,OTHER (DRIVER) - EXPLAIN IN NARRATIVE,SR37 & THIRD ST,39.164752,-86.573104
2004,12,6,Weekday,1700,2-Car,Non-incapacitating,DISREGARD SIGNAL/REG SIGN,3RD ST & SR37,39.164752,-86.573104
2004,11,6,Weekday,1200,2-Car,No injury/unknown,IMPROPER TURNING,3RD ST & SR37,39.164752,-86.573104
2004,12,6,Weekday,1000,2-Car,No injury/unknown,FOLLOWING TOO CLOSELY,3RD & SR37,39.164752,-86.573104
2004,7,6,Weekend,1900,2-Car,No injury/unknown,FOLLOWING TOO CLOSELY,3 RD & SR37S,39.164752,-86.573104
2004,12,6,Weekday,1800,3+ Cars,Non-incapacitating,FOLLOWING TOO CLOSELY,3RD ST & SR37,39.16474902,-86.57301543
2004,1,2,Weekday,1500,2-Car,No injury/unknown,OTHER (DRIVER) - EXPLAIN IN NARRATIVE,3RD ST & SR45,39.16474367,-86.572856
2004,3,7,Weekend,2000,2-Car,No injury/unknown,OTHER (DRIVER) - EXPLAIN IN NARRATIVE,3RD ST,39.16474251,-86.57282163
2004,7,6,Weekend,2200,2-Car,No injury/unknown,IMPROPER TURNING,THIRD ST,39.16474251,-86.57282163
2004,11,7,Weekend,2100,2-Car,Non-incapacitating,FAILURE TO YIELD RIGHT OF WAY,W 3RD ST,39.16474251,-86.57282163
2004,5,5,Weekday,1700,2-Car,No injury/unknown,UNSAFE BACKING,3RD ST,39.16472678,-86.5723537
2004,7,4,Weekday,1100,2-Car,No injury/unknown,UNSAFE BACKING,3RD ST,39.16472678,-86.5723537
2004,11,4,Weekday,1400,2-Car,Non-incapacitating,SPEED TOO FAST FOR WEATHER CONDITIONS,3RD & INDIANA AVE,39.16472242,-86.52681098
2004,4,4,Weekday,1700,2-Car,No injury/unknown,FAILURE TO YIELD RIGHT OF WAY,3RD ST & SR45,39.16472223,-86.5722183
2004,4,6,Weekend,2200,2-Car,No injury/unknown,UNSAFE BACKING,ROGERS ST,39.16472,-86.538592
2004,1,6,Weekday,1400,2-Car,No injury/unknown,LEFT OF CENTER,ROGERS ST,39.16472,-86.538592
2004,2,3,Weekday,1700,2-Car,No injury/unknown,UNSAFE SPEED,ROGERS & SR37,39.16472,-86.538592
2004,5,3,Weekday,1700,2-Car,No injury/unknown,OTHER (DRIVER) - EXPLAIN IN NARRATIVE,ROGERS & SR37,39.16472,-86.538592
2004,7,5,Weekday,2200,Moped/Motorcycle,Non-incapacitating,ALCOHOLIC BEVERAGES,3RD & ROGERS ST,39.16472,-86.538592
2004,10,6,Weekend,2300,1-Car,No injury/unknown,PEDESTRIAN ACTION,3RD & ROGERS ST,39.16472,-86.538592
2004,5,3,Weekday,1400,2-Car,Non-incapacitating,OTHER (DRIVER) - EXPLAIN IN NARRATIVE,E 3RD & ROGERS ST,39.16472,-86.538592
2004,10,4,Weekday,700,2-Car,Non-incapacitating,IMPROPER TURNING,3RD ST & ROGERS,39.16472,-86.538592
2004,9,3,Weekday,800,3+ Cars,Non-incapacitating,OTHER (DRIVER) - EXPLAIN IN NARRATIVE,ROGERS ST & WILSON,39.16472,-86.538592
2004,3,5,Weekday,1800,2-Car,No injury/unknown,OTHER (DRIVER) - EXPLAIN IN NARRATIVE,3RD & WILLIAMSBURG,39.16471431,-86.57198258
2004,4,7,Weekend,1600,2-Car,No injury/unknown,OTHER (DRIVER) - EXPLAIN IN NARRATIVE,3RD ST,39.16471322,-86.57195031
2004,12,2,Weekday,1200,2-Car,No injury/unknown,UNSAFE BACKING,3RD,39.16471241,-86.5719261
2004,1,6,Weekday,1700,2-Car,No injury/unknown,FAILURE TO YIELD RIGHT OF WAY,3RD ST,39.16470933,-86.57183467
2004,7,2,Weekday,1300,2-Car,No injury/unknown,FAILURE TO YIELD RIGHT OF WAY,3RD,39.16470933,-86.57183467
2004,5,7,Weekend,1800,Moped/Motorcycle,Non-incapacitating,OTHER (DRIVER) - EXPLAIN IN NARRATIVE,3RD ST & MADISON,39.164704,-86.537296
2004,11,2,Weekday,1300,2-Car,No injury/unknown,FAILURE TO YIELD RIGHT OF WAY,3RD ST & S MADISON ST,39.164704,-86.537296
2004,11,3,Weekday,1900,2-Car,No injury/unknown,FAILURE TO YIELD RIGHT OF WAY,3RD ST & MADISON,39.164704,-86.537296
2004,9,6,Weekday,1600,3+ Cars,No injury/unknown,FOLLOWING TOO CLOSELY,3RD ST & FRANKLIN,39.16469991,-86.57155428
2004,2,1,Weekday,2100,1-Car,No injury/unknown,ENGINE FAILURE OR DEFECTIVE,3RD & SR37,39.16469709,-86.573104
2004,3,3,Weekday,900,2-Car,Non-incapacitating,FAILURE TO YIELD RIGHT OF WAY,3RD ST & FRANKLIN,39.164688,-86.5712
2004,7,2,Weekday,1000,2-Car,No injury/unknown,FOLLOWING TOO CLOSELY,S FRANKLIN & W 3RD ST,39.164688,-86.5712
2004,10,7,Weekend,900,2-Car,No injury/unknown,UNSAFE BACKING,3RD & FRANKLIN RD,39.164688,-86.5712
2004,12,1,Weekend,1200,2-Car,Non-incapacitating,FOLLOWING TOO CLOSELY,3RD ST & FRANKLIN,39.164688,-86.5712
2004,11,7,Weekend,900,2-Car,No injury/unknown,FAILURE TO YIELD RIGHT OF WAY,3RD ST & FRANKLIN,39.164688,-86.5712
2004,11,6,Weekday,1100,2-Car,No injury/unknown,OTHER (DRIVER) - EXPLAIN IN NARRATIVE,FRANKLIN DR & W 3RD ST,39.164688,-86.5712
2004,10,2,Weekday,1500,2-Car,No injury/unknown,OTHER (DRIVER) - EXPLAIN IN NARRATIVE,3RD ST & PETE ELLIS,39.16468467,-86.57101
2004,7,6,Weekend,2200,2-Car,No injury/unknown,OTHER (DRIVER) - EXPLAIN IN NARRATIVE,THIRD & WYNNEDALE DR,39.164672,-86.570288
2004,2,3,Weekday,1900,2-Car,No injury/unknown,UNSAFE BACKING,2ND & 3RD ST,39.16467067,-86.57025067
2004,1,2,Weekday,1400,2-Car,No injury/unknown,IMPROPER TURNING,3RD ST,39.16467067,-86.57025067
2004,1,6,Weekday,1300,2-Car,No injury/unknown,ROADWAY SURFACE CONDITION,3RD ST,39.16467067,-86.57025067
2004,2,2,Weekday,900,1-Car,No injury/unknown,OTHER (DRIVER) - EXPLAIN IN NARRATIVE,3RD ST,39.16467067,-86.57025067
2004,3,7,Weekend,1700,2-Car,No injury/unknown,UNSAFE BACKING,3RD ST,39.16467067,-86.57025067
2004,6,4,Weekday,1300,2-Car,No injury/unknown,UNSAFE BACKING,3RD ST,39.16466933,-86.57021333
2004,2,2,Weekday,200,2-Car,Non-incapacitating,OTHER (DRIVER) - EXPLAIN IN NARRATIVE,3RD ST & JOHNSON,39.16464,-86.56446008
2004,5,4,Weekday,1000,2-Car,Non-incapacitating,LEFT OF CENTER,3RD ST & JOHNSON,39.16464,-86.56446008
2004,8,5,Weekday,200,1-Car,No injury/unknown,RAN OFF ROAD RIGHT,3RD ST & WASHINGTON,39.16464,-86.53225815
2004,3,7,Weekend,1200,2-Car,No injury/unknown,DRIVER DISTRACTED - EXPLAIN IN NARRATIVE,3RD ST & LINCOLN,39.16464,-86.53066939
2004,8,2,Weekday,1400,2-Car,No injury/unknown,FAILURE TO YIELD RIGHT OF WAY,3RD ST & WASHINGTON,39.16464,-86.53266596
2004,9,3,Weekday,1200,2-Car,Non-incapacitating,FOLLOWING TOO CLOSELY,3RD & LINCOLN,39.16464,-86.53113039
2004,3,2,Weekday,2000,1-Car,No injury/unknown,,COLLGE AVE & SR37,39.16464,-86.534816
2004,8,7,Weekend,1700,2-Car,No injury/unknown,UNSAFE BACKING,3RD & JOHNSON AVE,39.16464,-86.564992
2004,7,7,Weekend,1400,2-Car,No injury/unknown,OTHER (VEHICLE) - EXPLAIN IN NARRATIVE,COLLEGE & SR37,39.16464,-86.534816
2004,8,5,Weekday,1000,2-Car,No injury/unknown,DISREGARD SIGNAL/REG SIGN,3RD & WASHINGTON,39.16464,-86.5324
2004,1,7,Weekend,1200,2-Car,Non-incapacitating,FAILURE TO YIELD RIGHT OF WAY,3RD ST & COLLEGE,39.16464,-86.534816
2004,1,3,Weekday,1900,2-Car,Non-incapacitating,FAILURE TO YIELD RIGHT OF WAY,3RD & GRANT ST,39.16464,-86.529728
2004,3,6,Weekday,1300,2-Car,No injury/unknown,FAILURE TO YIELD RIGHT OF WAY,3RD ST & WASHINGTON,39.16464,-86.53250639
2004,2,5,Weekday,1400,2-Car,No injury/unknown,OTHER (DRIVER) - EXPLAIN IN NARRATIVE,3RD ST & WASHINGTON,39.16464,-86.5324
2004,2,3,Weekday,1900,2-Car,No injury/unknown,FAILURE TO YIELD RIGHT OF WAY,COLLEGE AVE & OLD,39.16464,-86.534816
2004,2,6,Weekday,1500,2-Car,Non-incapacitating,LEFT OF CENTER,3RD ST & BENHAM,39.16464,-86.56352908
2004,2,1,Weekend,1200,2-Car,Non-incapacitating,DISREGARD SIGNAL/REG SIGN,3RD ST & WASHINGTON,39.16464,-86.5324
2004,5,2,Weekday,1400,2-Car,No injury/unknown,FAILURE TO YIELD RIGHT OF WAY,3RD ST,39.16464,-86.5324
2004,5,1,Weekday,2300,2-Car,Non-incapacitating,FAILURE TO YIELD RIGHT OF WAY,3RD ST & GRANT,39.16464,-86.529728
2004,2,6,Weekday,300,2-Car,No injury/unknown,UNSAFE BACKING,WALNUT ST,39.16464,-86.5336
2004,12,4,Weekday,1700,2-Car,No injury/unknown,FAILURE TO YIELD RIGHT OF WAY,3RD ST & YANCY,39.16464,-86.569392
2004,6,2,Weekday,1600,2-Car,No injury/unknown,,PARKING LOT & WALNUT,39.16464,-86.5336
2004,1,6,Weekday,1100,2-Car,Non-incapacitating,UNSAFE BACKING,3RD ST & WASHINGTON,39.16464,-86.5324
2004,1,6,Weekday,1100,2-Car,Non-incapacitating,DISREGARD SIGNAL/REG SIGN,3RD ST & WASHINGTON,39.16464,-86.5324
2004,1,6,Weekend,1900,2-Car,Non-incapacitating,SPEED TOO FAST FOR WEATHER CONDITIONS,COLLEGE & SR37,39.16464,-86.534816
2004,3,3,Weekday,1200,2-Car,No injury/unknown,UNSAFE BACKING,3RD & 3RD ST,39.16464,-86.5324
2004,9,4,Weekday,1400,2-Car,No injury/unknown,UNSAFE BACKING,3RD ST,39.16464,-86.5324
2004,4,1,Weekend,1300,2-Car,No injury/unknown,UNSAFE BACKING,E 3RD ST,39.16464,-86.5324
2004,3,7,Weekend,1700,2-Car,Non-incapacitating,DRIVER DISTRACTED - EXPLAIN IN NARRATIVE,COLLEGE MALL & E3RD,39.16464,-86.534816
2004,5,6,Weekday,1600,2-Car,Non-incapacitating,FAILURE TO YIELD RIGHT OF WAY,3RD ST & SMITH,39.16464,-86.5324
2004,5,6,Weekday,1800,2-Car,No injury/unknown,FAILURE TO YIELD RIGHT OF WAY,3RD ST & SMITH,39.16464,-86.5324
2004,7,2,Weekday,1500,2-Car,No injury/unknown,OTHER (DRIVER) - EXPLAIN IN NARRATIVE,3RD & 3RD ST,39.16464,-86.56913891
2004,1,7,Weekend,1500,2-Car,No injury/unknown,UNSAFE BACKING,3RD ST,39.16464,-86.5324
2004,2,4,Weekday,200,1-Car,No injury/unknown,RAN OFF ROAD RIGHT,COLLEGE AVE & OLD,39.16464,-86.534816
2004,2,5,Weekday,1800,2-Car,No injury/unknown,UNSAFE BACKING,3RD ST & SMITH,39.16464,-86.5324
2004,6,3,Weekday,1100,2-Car,Non-incapacitating,DISREGARD SIGNAL/REG SIGN,E3RD ST & WASHINGTON,39.16464,-86.5324
2004,2,3,Weekday,1100,2-Car,No injury/unknown,DISREGARD SIGNAL/REG SIGN,THIRD ST & WASHINGTON,39.16464,-86.5324
2004,2,6,Weekday,1600,2-Car,No injury/unknown,FAILURE TO YIELD RIGHT OF WAY,3RD ST & GRANT,39.16464,-86.529728
2004,3,3,Weekday,0,2-Car,No injury/unknown,DISREGARD SIGNAL/REG SIGN,COLLEGE AVE & THIRD,39.16464,-86.534816
2004,4,4,Weekday,2100,2-Car,Non-incapacitating,FAILURE TO YIELD RIGHT OF WAY,3RD ST & COLLEGE,39.16464,-86.534816
2004,4,6,Weekday,1100,2-Car,No injury/unknown,DISREGARD SIGNAL/REG SIGN,3RD & WASHINGTON,39.16464,-86.5324
2004,11,2,Weekday,1800,2-Car,No injury/unknown,FAILURE TO YIELD RIGHT OF WAY,3RD ST & KIMBLE,39.16464,-86.56803546
2004,4,5,Weekday,1100,2-Car,No injury/unknown,FOLLOWING TOO CLOSELY,KIMBLE & W 3RD ST,39.16464,-86.568
2004,2,7,Weekend,1200,3+ Cars,Non-incapacitating,OTHER (DRIVER) - EXPLAIN IN NARRATIVE,3RD ST & GRANT,39.16464,-86.529728
2004,3,4,Weekday,800,2-Car,No injury/unknown,FAILURE TO YIELD RIGHT OF WAY,3RD ST & KIMBLE,39.16464,-86.568
2004,5,1,Weekday,1900,2-Car,No injury/unknown,DISREGARD SIGNAL/REG SIGN,3RD & WASHINGTON ST,39.16464,-86.5324
2004,4,6,Weekday,1500,2-Car,Non-incapacitating,FOLLOWING TOO CLOSELY,THIRD ST & YANCY,39.16464,-86.569392
2004,4,5,Weekday,2100,1-Car,No injury/unknown,OTHER (DRIVER) - EXPLAIN IN NARRATIVE,3RD ST,39.16464,-86.53075951
2004,4,5,Weekday,1900,2-Car,No injury/unknown,FAILURE TO YIELD RIGHT OF WAY,GRANT & THIRD ST,39.16464,-86.529728
2004,4,5,Weekday,1700,2-Car,No injury/unknown,IMPROPER PASSING,3RD ST,39.16464,-86.56905455
2004,4,6,Weekday,300,1-Car,No injury/unknown,ALCOHOLIC BEVERAGES,WALNUT ST,39.16464,-86.5336
2004,5,7,Weekend,1300,2-Car,Non-incapacitating,DISREGARD SIGNAL/REG SIGN,3RD ST & LINCOLN,39.16464,-86.531024
2004,5,7,Weekend,2000,2-Car,Non-incapacitating,OTHER (DRIVER) - EXPLAIN IN NARRATIVE,3RD ST,39.16464,-86.533
2004,4,1,,,2-Car,No injury/unknown,UNSAFE BACKING,WALNUT,39.16464,-86.5336
2004,4,6,Weekday,1400,1-Car,Non-incapacitating,FAILURE TO YIELD RIGHT OF WAY,3RD ST,39.16464,-86.56913891
2004,9,6,Weekday,1300,2-Car,No injury/unknown,IMPROPER LANE USAGE,COLLEGE & SR37,39.16464,-86.534816
2004,6,6,Weekday,1300,2-Car,Non-incapacitating,UNSAFE SPEED,4TH & WALNUT ST,39.16464,-86.5336
2004,10,3,Weekday,2100,2-Car,No injury/unknown,FAILURE TO YIELD RIGHT OF WAY,3RD ST & GRANT,39.16464,-86.52976346
2004,8,2,Weekday,1400,2-Car,No injury/unknown,UNSAFE BACKING,E 3RD & E 3RD ST,39.16464,-86.56913891
2004,8,3,Weekday,1600,1-Car,Non-incapacitating,OTHER (DRIVER) - EXPLAIN IN NARRATIVE,ATWATER & E 3RD ST,39.16464,-86.52936
2004,7,4,Weekday,1400,2-Car,No injury/unknown,OTHER (DRIVER) - EXPLAIN IN NARRATIVE,W 3RD ST & YANCY,39.16464,-86.569392
2004,7,6,Weekday,1700,2-Car,No injury/unknown,FAILURE TO YIELD RIGHT OF WAY,3RD ST & COLLEGE,39.16464,-86.534816
2004,7,7,Weekend,2100,2-Car,No injury/unknown,OTHER (DRIVER) - EXPLAIN IN NARRATIVE,WALNUT ST,39.16464,-86.5336
2004,7,6,Weekday,1600,2-Car,No injury/unknown,FOLLOWING TOO CLOSELY,3RD ST & JOHNSON,39.16464,-86.564992
2004,7,7,Weekend,0,1-Car,No injury/unknown,ALCOHOLIC BEVERAGES,3RD ST,39.16464,-86.56741781
2004,5,5,Weekday,1200,2-Car,No injury/unknown,FAILURE TO YIELD RIGHT OF WAY,THIRD ST,39.16464,-86.533
2004,5,7,Weekend,1100,2-Car,No injury/unknown,FAILURE TO YIELD RIGHT OF WAY,3RD ST & GRANT,39.16464,-86.529728
2004,5,2,Weekday,1100,2-Car,No injury/unknown,FAILURE TO YIELD RIGHT OF WAY,3RD ST & EASTLAND,39.16464,-86.56741781
2004,5,5,Weekday,1100,2-Car,No injury/unknown,OTHER (DRIVER) - EXPLAIN IN NARRATIVE,3RD,39.16464,-86.5677089
2004,5,4,Weekday,1500,3+ Cars,Non-incapacitating,FOLLOWING TOO CLOSELY,3RD ST & GRANT,39.16464,-86.52919608
2004,5,5,Weekday,1500,2-Car,No injury/unknown,FOLLOWING TOO CLOSELY,3RD ST & KIMBLE,39.16464,-86.56810639
2004,6,2,Weekday,1800,2-Car,No injury/unknown,FOLLOWING TOO CLOSELY,3RD & 3RD ST,39.16464,-86.56913891
2004,6,3,Weekday,1600,2-Car,No injury/unknown,IMPROPER LANE USAGE,3RD & COLLEGE AVE,39.16464,-86.534816
2004,5,1,,,2-Car,No injury/unknown,OTHER (DRIVER) - EXPLAIN IN NARRATIVE,E 3RD ST,39.16464,-86.5324
2004,12,4,Weekday,1800,2-Car,No injury/unknown,SPEED TOO FAST FOR WEATHER CONDITIONS,THIRD ST & WASHINGTON,39.16464,-86.5324
2004,8,6,Weekday,1400,3+ Cars,Non-incapacitating,SPEED TOO FAST FOR WEATHER CONDITIONS,N JOHNSON & W THIRD ST,39.16464,-86.564992
2004,7,7,Weekend,300,3+ Cars,Non-incapacitating,UNSAFE SPEED,WALNUT ST,39.16464,-86.5336
2004,11,2,Weekday,1200,2-Car,Non-incapacitating,DISREGARD SIGNAL/REG SIGN,3RD ST & WASHINGTON,39.16464,-86.5324
2004,7,5,Weekday,1600,2-Car,No injury/unknown,UNSAFE BACKING,3RD ST,39.16464,-86.56905455
2004,7,6,Weekday,1300,Bus,No injury/unknown,DISREGARD SIGNAL/REG SIGN,3RD ST & WASHINGTON,39.16464,-86.5324
2004,8,7,Weekend,1300,2-Car,No injury/unknown,UNSAFE BACKING,3RD,39.16464,-86.56913891
2004,8,7,Weekend,1600,3+ Cars,Non-incapacitating,FOLLOWING TOO CLOSELY,3RD,39.16464,-86.5324
2004,8,5,Weekday,2100,2-Car,No injury/unknown,FOLLOWING TOO CLOSELY,3RD ST & LINCOLN,39.16464,-86.531024
2004,8,2,Weekday,2100,2-Car,Non-incapacitating,FAILURE TO YIELD RIGHT OF WAY,3RD ST & GRANT,39.16464,-86.529728
2004,9,7,Weekend,1500,2-Car,No injury/unknown,UNSAFE BACKING,CURRY & THIRD ST,39.16464,-86.5324
2004,9,7,Weekend,1800,3+ Cars,No injury/unknown,DRIVER DISTRACTED - EXPLAIN IN NARRATIVE,GATES & THIRD ST,39.16464,-86.5336
2004,10,4,Weekday,1600,2-Car,No injury/unknown,FAILURE TO YIELD RIGHT OF WAY,3RD ST,39.16464,-86.56741781
2004,12,6,Weekday,1500,2-Car,No injury/unknown,FAILURE TO YIELD RIGHT OF WAY,3RD ST & COLLEGE MALL,39.16464,-86.56783019
2004,10,5,Weekday,1100,2-Car,No injury/unknown,FOLLOWING TOO CLOSELY,E THIRD & S WASHINGTON ST,39.16464,-86.5324
2004,8,7,Weekend,1700,2-Car,No injury/unknown,FAILURE TO YIELD RIGHT OF WAY,3RD ST,39.16464,-86.5324
2004,9,7,Weekend,1400,2-Car,No injury/unknown,FAILURE TO YIELD RIGHT OF WAY,3RD ST,39.16464,-86.533
2004,8,5,Weekday,1700,Moped/Motorcycle,Non-incapacitating,IMPROPER PASSING,KIMBLE & W THIRD ST,39.16464,-86.568
2004,9,6,Weekday,300,2-Car,No injury/unknown,UNSAFE BACKING,WALNUT ST,39.16464,-86.5336
2004,10,1,Weekday,1900,2-Car,No injury/unknown,DISREGARD SIGNAL/REG SIGN,3RD ST & LINCOLN,39.16464,-86.531024
2004,10,5,Weekday,900,2-Car,Non-incapacitating,FAILURE TO YIELD RIGHT OF WAY,3RD ST & COLLEGE,39.16464,-86.534816
2004,11,6,Weekend,2300,2-Car,No injury/unknown,FAILURE TO YIELD RIGHT OF WAY,THIRD ST & WASHINGTON,39.16464,-86.5324
2004,12,4,Weekday,100,2-Car,No injury/unknown,DISREGARD SIGNAL/REG SIGN,E 3RD ST & S WASHINGTON,39.16464,-86.5324
2004,12,2,Weekday,1400,2-Car,No injury/unknown,IMPROPER LANE USAGE,3RD ST & COLLEGE,39.16464,-86.53467415
2004,12,5,Weekday,1200,2-Car,Non-incapacitating,OTHER (DRIVER) - EXPLAIN IN NARRATIVE,3RD ST & LINCOLN,39.16464,-86.531024
2004,12,6,Weekday,1200,2-Car,No injury/unknown,FAILURE TO YIELD RIGHT OF WAY,3RD ST & YANCY,39.16464,-86.569392
2004,11,6,Weekend,2100,2-Car,No injury/unknown,FOLLOWING TOO CLOSELY,3RD & WASHINGTON ST,39.16464,-86.5324
2004,11,7,Weekend,1400,2-Car,No injury/unknown,FAILURE TO YIELD RIGHT OF WAY,3RD,39.16464,-86.5324
2004,12,6,Weekday,1300,2-Car,No injury/unknown,IMPROPER TURNING,3RD,39.16464,-86.56913891
2004,11,3,Weekday,1600,2-Car,No injury/unknown,DISREGARD SIGNAL/REG SIGN,E 3RD ST & S WASHINGTON,39.16464,-86.5324
2004,11,3,Weekday,1100,2-Car,No injury/unknown,OTHER (DRIVER) - EXPLAIN IN NARRATIVE,3RD ST & LINCOLN,39.16464,-86.531024
2004,1,6,Weekday,1000,2-Car,No injury/unknown,FAILURE TO YIELD RIGHT OF WAY,3RD & WASHINGTON ST,39.16464,-86.5324
2004,8,3,Weekday,1400,2-Car,No injury/unknown,FOLLOWING TOO CLOSELY,COLLEGE AVE & OLD SR 37,39.16464,-86.534816
2004,1,7,Weekend,1000,2-Car,No injury/unknown,FAILURE TO YIELD RIGHT OF WAY,3RD & PARK RIDGE RD,39.16463519,-86.47594631
2004,1,7,Weekend,300,1-Car,No injury/unknown,ALCOHOLIC BEVERAGES,3RD ST & DUNN,39.16462155,-86.52837078
2004,10,4,Weekday,1500,2-Car,No injury/unknown,FOLLOWING TOO CLOSELY,3RD ST & DUNN,39.16462155,-86.52837078
2004,2,4,Weekday,400,1-Car,Non-incapacitating,DRIVER ASLEEP OR FATIGUED,3RD ST & CURRY,39.164604,-86.58252784
2004,3,6,Weekend,2200,2-Car,Non-incapacitating,FAILURE TO YIELD RIGHT OF WAY,3RD ST & CURRY,39.164604,-86.582701
2004,5,7,Weekend,2200,2-Car,Non-incapacitating,FOLLOWING TOO CLOSELY,3RD ST & CURRY,39.164604,-86.58270187
2004,2,6,Weekend,1900,3+ Cars,Non-incapacitating,DISREGARD SIGNAL/REG SIGN,3RD ST & CURRY,39.164604,-86.582701
2004,4,7,Weekend,2300,2-Car,Non-incapacitating,IMPROPER LANE USAGE,3RD ST & CURRY,39.164604,-86.58270273
2004,5,2,Weekday,700,3+ Cars,No injury/unknown,FOLLOWING TOO CLOSELY,3RD ST & CURRY,39.164604,-86.582701
2004,5,1,Weekend,1200,3+ Cars,No injury/unknown,DRIVER DISTRACTED - EXPLAIN IN NARRATIVE,CURRY & W 3RD ST,39.164604,-86.582701
2004,12,1,Weekend,300,2-Car,Non-incapacitating,ALCOHOLIC BEVERAGES,COLLEGE AVE & SMITH ST,39.164601,-86.534899
2004,4,4,Weekday,1200,2-Car,Non-incapacitating,FAILURE TO YIELD RIGHT OF WAY,3RD & GATES,39.1646,-86.575601
2004,4,5,Weekday,1100,2-Car,No injury/unknown,FOLLOWING TOO CLOSELY,3RD ST & GATES,39.1646,-86.57559667
2004,1,6,Weekend,1900,2-Car,Non-incapacitating,FAILURE TO YIELD RIGHT OF WAY,3RD ST & LIBERTY,39.1646,-86.57739567
2004,4,7,Weekend,700,3+ Cars,Non-incapacitating,FAILURE TO YIELD RIGHT OF WAY,3RD & GATES,39.1646,-86.575601
2004,4,6,Weekday,1200,3+ Cars,No injury/unknown,NONE (VEHICLE),GATES & W3RD ST,39.1646,-86.575601
2004,4,5,Weekday,1100,Bus,Non-incapacitating,IMPROPER LANE USAGE,GATES & W 3RD ST,39.1646,-86.575601
2004,4,4,Weekday,1400,2-Car,Non-incapacitating,FAILURE TO YIELD RIGHT OF WAY,3RD ST & GATES,39.1646,-86.575601
2004,6,4,Weekday,1700,3+ Cars,No injury/unknown,FOLLOWING TOO CLOSELY,3RD ST & LIBERTY,39.1646,-86.57739134
2004,5,4,Weekday,1500,2-Car,No injury/unknown,FAILURE TO YIELD RIGHT OF WAY,3RD & LIBERTY,39.1646,-86.57739351
2004,11,6,Weekday,1200,2-Car,Non-incapacitating,FOLLOWING TOO CLOSELY,GATES DR & W 3RD,39.1646,-86.57559494
2004,7,6,Weekday,1200,2-Car,Non-incapacitating,FAILURE TO YIELD RIGHT OF WAY,3RD & GATES,39.1646,-86.57558369
2004,6,2,Weekday,1700,3+ Cars,Non-incapacitating,FAILURE TO YIELD RIGHT OF WAY,N GATES & WEST 3RD ST,39.1646,-86.575601
2004,5,6,Weekday,1600,2-Car,Non-incapacitating,FAILURE TO YIELD RIGHT OF WAY,LIBERTY & WEST 3RD ST,39.1646,-86.5774
2004,7,1,Weekend,1200,2-Car,No injury/unknown,IMPROPER LANE USAGE,3RD ST & GATES,39.1646,-86.575601
2004,8,7,Weekend,1200,2-Car,No injury/unknown,FAILURE TO YIELD RIGHT OF WAY,3RD ST & LIBERTY,39.1646,-86.57738701
2004,10,6,Weekday,1500,2-Car,No injury/unknown,FAILURE TO YIELD RIGHT OF WAY,3RD ST & GATES,39.1646,-86.575601
2004,12,4,Weekday,1200,2-Car,Non-incapacitating,OTHER (DRIVER) - EXPLAIN IN NARRATIVE,3RD ST & LIBERTY,39.1646,-86.57739827
2004,9,1,Weekend,1500,2-Car,No injury/unknown,FAILURE TO YIELD RIGHT OF WAY,3RD ST & GATES,39.1646,-86.575601
2004,12,3,Weekday,1100,2-Car,No injury/unknown,FAILURE TO YIELD RIGHT OF WAY,GATES DR & W 3RD ST,39.1646,-86.57559234
2004,12,3,Weekday,1500,2-Car,No injury/unknown,FAILURE TO YIELD RIGHT OF WAY,3RD ST & LIBERY,39.1646,-86.57739567
2004,10,5,Weekday,2000,2-Car,Non-incapacitating,FAILURE TO YIELD RIGHT OF WAY,LIBERTY & THIRD ST,39.1646,-86.57738269
2004,12,4,Weekday,2200,2-Car,No injury/unknown,DISREGARD SIGNAL/REG SIGN,3RD ST & GATES,39.1646,-86.575601
2004,11,2,Weekday,1100,Bus,No injury/unknown,IMPROPER LANE USAGE,3RD ST & GATES,39.1646,-86.575601