Year,Month,Day,Weekend?,Hour,Collision Type,Injury Type,Primary Factor,Reported_Location,Latitude,Longitude
2004,1,6,Weekend,2100,2-Car,No injury/unknown,FAILURE TO YIELD RIGHT OF WAY,FRANKLIN DR WYNNEDALE & SR48,39.1645984,-86.57249747
2004,2,7,Weekend,1200,2-Car,No injury/unknown,FOLLOWING TOO CLOSELY,GATES & SR48,39.1645984,-86.57597769
2004,6,6,Weekday,700,2-Car,No injury/unknown,IMPROPER LANE USAGE,GATES & SR48,39.1645984,-86.57595171
2004,1,5,Weekday,1400,2-Car,No injury/unknown,FAILURE TO YIELD RIGHT OF WAY,LIBERTY & SR 48,39.1645984,-86.57912775
2004,3,7,Weekend,1200,3+ Cars,No injury/unknown,UNSAFE SPEED,GATES & SR 48,39.1645984,-86.57596903
2004,6,1,Weekday,1900,2-Car,No injury/unknown,IMPROPER LANE USAGE,GATES & SR48,39.1645984,-86.57596037
2004,5,3,Weekday,600,2-Car,No injury/unknown,FOLLOWING TOO CLOSELY,GATES & SR 48,39.1645984,-86.57598634
2004,5,7,Weekend,2200,2-Car,Non-incapacitating,DISREGARD SIGNAL/REG SIGN,LIBERTY & SR48,39.1645984,-86.57913641
2004,6,5,Weekday,1100,2-Car,Non-incapacitating,FAILURE TO YIELD RIGHT OF WAY,GATES & SR48,39.1645984,-86.57596037
2004,9,3,Weekday,1100,2-Car,No injury/unknown,FOLLOWING TOO CLOSELY,LIBERTY & SR48,39.1645984,-86.57913641
2004,11,3,Weekday,900,2-Car,Non-incapacitating,FAILURE TO YIELD RIGHT OF WAY,GATES & SR48,39.1645984,-86.57596037
2004,9,5,Weekday,1100,2-Car,Non-incapacitating,FAILURE TO YIELD RIGHT OF WAY,GATES & SR 48,39.1645984,-86.57596037
2004,10,7,Weekend,1100,2-Car,No injury/unknown,FAILURE TO YIELD RIGHT OF WAY,GATES & SR 48,39.1645984,-86.57594739
2004,11,6,Weekday,1400,2-Car,No injury/unknown,FOLLOWING TOO CLOSELY,GATES DR & SR 48,39.1645984,-86.57596037
2004,12,4,Weekday,2300,2-Car,Non-incapacitating,FAILURE TO YIELD RIGHT OF WAY,LIBERTY & SR48,39.1645984,-86.57911044
2004,9,4,Weekday,1600,2-Car,No injury/unknown,OTHER (DRIVER) - EXPLAIN IN NARRATIVE,3RD ST & CORY,39.16456916,-86.56080449
2004,11,5,Weekday,1500,1-Car,No injury/unknown,UNSAFE BACKING,3RD,39.16456,-86.55474746
2004,3,3,Weekday,1300,2-Car,No injury/unknown,ROADWAY SURFACE CONDITION,3RD ST & LANDMARK,39.16455981,-86.55584763
2004,1,6,Weekday,1600,2-Car,Non-incapacitating,FOLLOWING TOO CLOSELY,3RD ST & CORY,39.16455665,-86.55974176
2004,8,2,Weekday,1000,1-Car,Non-incapacitating,UNSAFE BACKING,E 3RD & MITCHELL,39.164544,-86.55353065
2004,4,5,Weekday,1700,2-Car,No injury/unknown,FAILURE TO YIELD RIGHT OF WAY,3RD ST,39.164544,-86.55340895
2004,4,5,Weekday,1400,2-Car,No injury/unknown,OVERCORRECTING/OVERSTEERING,3RD & CORY LN,39.164544,-86.560096
2004,7,5,Weekday,1800,2-Car,Non-incapacitating,DRIVER DISTRACTED - EXPLAIN IN NARRATIVE,CURRY & W 3RD,39.164544,-86.560096
2004,9,7,Weekend,1800,2-Car,No injury/unknown,FOLLOWING TOO CLOSELY,3RD ST & CURRY,39.164544,-86.560096
2004,9,3,Weekday,1600,2-Car,No injury/unknown,FAILURE TO YIELD RIGHT OF WAY,3RD ST & CORY,39.164544,-86.560096
2004,10,4,Weekday,1700,2-Car,Non-incapacitating,FAILURE TO YIELD RIGHT OF WAY,3RD ST & CURRY,39.164544,-86.560096
2004,10,1,Weekday,2000,2-Car,Non-incapacitating,FAILURE TO YIELD RIGHT OF WAY,CURRY PIKE & THIRD,39.164544,-86.560096
2004,4,5,Weekday,1200,2-Car,No injury/unknown,OTHER (DRIVER) - EXPLAIN IN NARRATIVE,SWAIN,39.16451984,-86.551008
2004,5,2,Weekday,600,2-Car,No injury/unknown,IMPROPER TURNING,300 S JORDAN & EAST 3RD ST,39.164512,-86.550624
2004,11,1,Weekend,1300,2-Car,Non-incapacitating,IMPROPER TURNING,300 S JORDAN & E 3RD ST,39.164512,-86.550624
2004,7,6,Weekday,1000,2-Car,No injury/unknown,OTHER (DRIVER) - EXPLAIN IN NARRATIVE,E3RD ST,39.164506,-86.570222
2004,12,3,Weekday,1400,2-Car,No injury/unknown,OTHER (DRIVER) - EXPLAIN IN NARRATIVE,KIMBALL & THIRD ST,39.1645,-86.565
2004,1,2,Weekday,2100,2-Car,No injury/unknown,UNSAFE BACKING,WALNUT,39.16449371,-86.5336
2004,4,7,Weekend,100,1-Car,No injury/unknown,UNSAFE BACKING,WALNUT,39.16449371,-86.5336
2004,10,5,Weekday,200,2-Car,No injury/unknown,ALCOHOLIC BEVERAGES,3RD & JORDAN,39.1644915,-86.54983329
2004,4,6,Weekday,1600,1-Car,No injury/unknown,OTHER (DRIVER) - EXPLAIN IN NARRATIVE,3RD ST,39.164488,-86.54969829
2004,4,6,Weekday,1600,1-Car,No injury/unknown,OTHER (DRIVER) - EXPLAIN IN NARRATIVE,3RD ST,39.164488,-86.54969829
2004,4,1,,,2-Car,No injury/unknown,,COLLEGE AVE,39.16446694,-86.53481763
2004,8,1,Weekend,900,2-Car,No injury/unknown,OTHER (DRIVER) - EXPLAIN IN NARRATIVE,COLLEGE AVE,39.16446694,-86.53481763
2004,1,2,Weekday,1200,2-Car,No injury/unknown,IMPROPER TURNING,3RD ST & FESS,39.164448,-86.525792
2004,6,2,Weekday,800,2-Car,No injury/unknown,OTHER (DRIVER) - EXPLAIN IN NARRATIVE,3RD ST & INDIANA,39.164448,-86.5268
2004,10,6,Weekday,1700,2-Car,No injury/unknown,FOLLOWING TOO CLOSELY,3RD ST & FESS,39.164448,-86.525792
2004,3,2,Weekday,1200,2-Car,No injury/unknown,FAILURE TO YIELD RIGHT OF WAY,3RD ST & SR45 46,39.164448,-86.471888
2004,2,5,Weekday,1900,3+ Cars,Non-incapacitating,LEFT OF CENTER,3RD & SR 45 46 BYP,39.164448,-86.471888
2004,2,2,Weekday,1900,2-Car,No injury/unknown,IMPROPER PASSING,INDIANA & THIRD ST,39.164448,-86.5268
2004,8,3,Weekday,2100,1-Car,No injury/unknown,DRIVER DISTRACTED - EXPLAIN IN NARRATIVE,3RD & HANTHORNE,39.164448,-86.5268
2004,10,6,Weekday,1100,2-Car,Non-incapacitating,OTHER (DRIVER) - EXPLAIN IN NARRATIVE,FESS & THIRD,39.164448,-86.525792
2004,4,1,Weekend,1500,2-Car,No injury/unknown,FOLLOWING TOO CLOSELY,E 3RD ST & INDIANA,39.164448,-86.52649143
2004,2,7,Weekend,1400,2-Car,No injury/unknown,OTHER (DRIVER) - EXPLAIN IN NARRATIVE,E 3RD ST & FESS,39.164448,-86.525792
2004,4,5,Weekday,1500,2-Car,No injury/unknown,FOLLOWING TOO CLOSELY,3RD ST & FESS,39.164448,-86.525792
2004,8,3,Weekday,1400,2-Car,No injury/unknown,IMPROPER LANE USAGE,3RD ST & FESS,39.164448,-86.525792
2004,4,5,Weekday,1400,2-Car,No injury/unknown,UNSAFE SPEED,3RD ST & FESS,39.164448,-86.525792
2004,4,4,Weekday,1400,2-Car,No injury/unknown,UNSAFE SPEED,3RD ST & FESS,39.164448,-86.525792
2004,4,2,Weekday,1100,2-Car,No injury/unknown,IMPROPER TURNING,3RD & FESS AVE,39.164448,-86.525792
2004,3,5,Weekday,1200,2-Car,No injury/unknown,FAILURE TO YIELD RIGHT OF WAY,3RD ST & SR46,39.164448,-86.471888
2004,3,2,Weekday,100,1-Car,Non-incapacitating,RAN OFF ROAD RIGHT,DUNN & SR37,39.164448,-86.528096
2004,4,1,Weekend,1600,2-Car,Non-incapacitating,FAILURE TO YIELD RIGHT OF WAY,SR 446 & SR 46,39.164448,-86.471888
2004,5,7,Weekend,900,2-Car,No injury/unknown,DISREGARD SIGNAL/REG SIGN,3RD & DUNN ST,39.164448,-86.528096
2004,4,7,Weekend,200,2-Car,Non-incapacitating,ALCOHOLIC BEVERAGES,3RD ST & DUNN,39.164448,-86.528096
2004,5,4,Weekday,1300,1-Car,Non-incapacitating,RAN OFF ROAD RIGHT,DUNN & OLD SR 37,39.164448,-86.528096
2004,6,6,Weekend,2200,2-Car,No injury/unknown,DISREGARD SIGNAL/REG SIGN,3RD & ATWATER ST,39.164448,-86.528096
2004,5,7,Weekend,700,2-Car,Fatal,UNSAFE SPEED,DUNN & SR37,39.164448,-86.528096
2004,4,5,Weekday,1600,2-Car,No injury/unknown,OTHER (DRIVER) - EXPLAIN IN NARRATIVE,FESS & THIRD ST,39.164448,-86.525792
2004,4,5,Weekday,1500,2-Car,Non-incapacitating,SPEED TOO FAST FOR WEATHER CONDITIONS,3RD ST & INDIANA,39.164448,-86.52672908
2004,7,2,Weekday,800,2-Car,No injury/unknown,DISREGARD SIGNAL/REG SIGN,3RD ST & INDIANA,39.164448,-86.5268
2004,7,7,Weekend,2000,2-Car,No injury/unknown,IMPROPER TURNING,3RD & INDIANA AVE,39.164448,-86.5268
2004,11,2,Weekday,900,2-Car,No injury/unknown,UNSAFE SPEED,3RD ST & INDIANA,39.164448,-86.52715461
2004,9,7,Weekend,1500,2-Car,No injury/unknown,FOLLOWING TOO CLOSELY,3RD ST & FESS,39.164448,-86.525792
2004,8,5,Weekday,1100,2-Car,No injury/unknown,FAILURE TO YIELD RIGHT OF WAY,INDIANA AVE & THIRD AND INDIANA,39.164448,-86.5268
2004,9,2,Weekday,1500,2-Car,Non-incapacitating,DISREGARD SIGNAL/REG SIGN,3RD ST & INDIANA,39.164448,-86.5268
2004,7,3,Weekday,1600,2-Car,No injury/unknown,DISREGARD SIGNAL/REG SIGN,DUNN & THIRD ST,39.164448,-86.528096
2004,10,4,Weekday,900,2-Car,No injury/unknown,ROADWAY SURFACE CONDITION,DUNN & SR37,39.164448,-86.528096
2004,7,1,Weekday,2100,3+ Cars,Non-incapacitating,LEFT OF CENTER,DUNN & SR 37,39.164448,-86.528096
2004,12,2,Weekday,700,2-Car,No injury/unknown,FOLLOWING TOO CLOSELY,3RD & SR446,39.164448,-86.471888
2004,5,5,Weekday,1100,2-Car,Fatal,SPEED TOO FAST FOR WEATHER CONDITIONS,N DUNN & SR37,39.164448,-86.528096
2004,5,7,Weekend,1000,2-Car,No injury/unknown,FAILURE TO YIELD RIGHT OF WAY,3RD ST & SR446,39.164448,-86.471888
2004,8,6,Weekday,900,1-Car,No injury/unknown,RAN OFF ROAD RIGHT,DUNN & SR37,39.164448,-86.528096
2004,10,7,Weekend,300,1-Car,No injury/unknown,ANIMAL/OBJECT IN ROADWAY,DUNN & SR37,39.164448,-86.528096
2004,9,5,Weekday,1300,2-Car,No injury/unknown,FAILURE TO YIELD RIGHT OF WAY,3RD & SR4546,39.164448,-86.471888
2004,9,3,Weekday,2300,1-Car,No injury/unknown,ALCOHOLIC BEVERAGES,HENDERSON & INDIANA,39.164448,-86.5268
2004,9,2,Weekday,2300,2-Car,No injury/unknown,FOLLOWING TOO CLOSELY,3RD ST & INDIANA,39.164448,-86.5268
2004,10,5,Weekday,1800,2-Car,No injury/unknown,LEFT OF CENTER,3RD ST & ATWATER,39.164448,-86.528096
2004,10,1,Weekend,1700,2-Car,No injury/unknown,IMPROPER TURNING,3RD ST & FESS,39.164448,-86.525792
2004,10,4,Weekday,700,2-Car,No injury/unknown,OTHER (DRIVER) - EXPLAIN IN NARRATIVE,N DUNN & SR37,39.164448,-86.528096
2004,10,3,Weekday,1500,1-Car,Non-incapacitating,NONE (DRIVER),DUNN & SR37,39.164448,-86.528096
2004,10,3,Weekday,1500,2-Car,Non-incapacitating,OTHER (DRIVER) - EXPLAIN IN NARRATIVE,DUNN & OLD SR37,39.164448,-86.528096
2004,11,7,Weekend,700,1-Car,No injury/unknown,RAN OFF ROAD RIGHT,DUNN & SR37,39.164448,-86.528096
2004,2,6,Weekday,1800,2-Car,No injury/unknown,FOLLOWING TOO CLOSELY,3RD & SR46,39.164448,-86.471888
2004,2,2,Weekday,1600,2-Car,No injury/unknown,FOLLOWING TOO CLOSELY,3RD ST & INDIANA,39.164448,-86.52672908
2004,8,6,Weekday,1700,1-Car,No injury/unknown,SPEED TOO FAST FOR WEATHER CONDITIONS,DUNN & SR37,39.164448,-86.528096
2004,3,6,Weekday,1500,2-Car,No injury/unknown,SPEED TOO FAST FOR WEATHER CONDITIONS,3RD ST & FESS,39.16444481,-86.5256857
2004,6,2,Weekday,1100,2-Car,No injury/unknown,FOLLOWING TOO CLOSELY,3RD ST & WOODLAWN,39.16443539,-86.5253718
2004,2,7,Weekend,800,2-Car,No injury/unknown,UNSAFE SPEED,3RD & DUNN ST,39.164432,-86.5284
2004,4,3,Weekday,1300,2-Car,Non-incapacitating,UNSAFE SPEED,3RD & JORDAN AVE,39.16443194,-86.51638736
2004,10,4,Weekday,1500,1-Car,Non-incapacitating,PEDESTRIAN ACTION,3RD ST,39.16443055,-86.52521018
2004,7,5,Weekday,2200,2-Car,No injury/unknown,ALCOHOLIC BEVERAGES,SR446 & SR46,39.16442227,-86.47206217
2004,8,2,Weekday,1300,2-Car,Non-incapacitating,UNSAFE SPEED,3RD ST & FESS,39.16442143,-86.52490613
2004,4,5,Weekday,1500,2-Car,No injury/unknown,FOLLOWING TOO CLOSELY,CORY & THIRD ST,39.164404,-86.55630173
2004,2,3,Weekday,1300,2-Car,No injury/unknown,UNSAFE SPEED,3RD ST & LANDMARK,39.16440374,-86.55628606
2004,7,7,Weekend,1200,2-Car,No injury/unknown,FOLLOWING TOO CLOSELY,3RD ST & LANDMARK,39.16440374,-86.55629125
2004,11,5,Weekday,1200,2-Car,No injury/unknown,FOLLOWING TOO CLOSELY,3RD & LANDMARK,39.16440374,-86.55626961
2004,2,5,Weekday,1700,2-Car,No injury/unknown,FAILURE TO YIELD RIGHT OF WAY,LANDMARK & THIRD ST,39.16440374,-86.55629342
2004,12,6,Weekday,1800,2-Car,No injury/unknown,UNSAFE SPEED,3RD ST & LANDMARK,39.16440374,-86.5562826
2004,7,3,Weekday,1200,2-Car,No injury/unknown,FOLLOWING TOO CLOSELY,3RD ST & LANDMARK,39.16440374,-86.5562826
2004,10,3,Weekday,1300,2-Car,Non-incapacitating,OTHER (DRIVER) - EXPLAIN IN NARRATIVE,LANDMARK & W 3RD ST,39.16440374,-86.55629558
2004,12,6,Weekday,1500,2-Car,No injury/unknown,OTHER (DRIVER) - EXPLAIN IN NARRATIVE,LANDMARK & THIRD ST,39.16440374,-86.55628433
2004,11,3,Weekday,1300,2-Car,No injury/unknown,FOLLOWING TOO CLOSELY,3RD ST & LANDMARK,39.16440374,-86.5562826
2004,11,3,Weekday,,2-Car,Non-incapacitating,FOLLOWING TOO CLOSELY,3RD ST & LANDMARK,39.16440374,-86.55626529
2004,2,3,Weekday,800,2-Car,No injury/unknown,FOLLOWING TOO CLOSELY,3RD ST & WESTPLEX,39.1644,-86.5522
2004,5,6,Weekday,1600,2-Car,Non-incapacitating,FAILURE TO YIELD RIGHT OF WAY,THIRD ST & WESTPLEX,39.1644,-86.5522
2004,5,7,Weekend,1800,1-Car,No injury/unknown,OVERCORRECTING/OVERSTEERING,3RD ST & WALKER,39.1644,-86.546304
2004,8,6,Weekday,1600,2-Car,No injury/unknown,OTHER (DRIVER) - EXPLAIN IN NARRATIVE,3RD ST & WEST PLEX,39.1644,-86.55220346
2004,7,2,Weekday,2000,2-Car,No injury/unknown,FOLLOWING TOO CLOSELY,3RD ST & WOODLAWN,39.16439952,-86.52417584
2004,4,3,Weekday,1500,2-Car,Non-incapacitating,OTHER (DRIVER) - EXPLAIN IN NARRATIVE,3RD ST & WOODLAWN,39.16437327,-86.5233007
2004,5,5,Weekday,1300,3+ Cars,No injury/unknown,UNSAFE SPEED,3RD ST & WOODLAWN,39.16436795,-86.52312352
2004,11,7,Weekend,2300,2-Car,No injury/unknown,IMPROPER TURNING,3RD ST & WOODLAWN,39.16436795,-86.52312352
2004,1,6,Weekday,1700,2-Car,No injury/unknown,FAILURE TO YIELD RIGHT OF WAY,3RD ST & WOODLAWN,39.16435998,-86.52285776
2004,4,3,Weekday,1700,2-Car,No injury/unknown,IMPROPER LANE USAGE,3RD ST & WOODLAWN,39.16435732,-86.52276917
2004,1,4,Weekday,2000,1-Car,No injury/unknown,ALCOHOLIC BEVERAGES,BENDER & SR46,39.16435609,-86.43457385
2004,9,3,Weekday,1700,2-Car,No injury/unknown,FOLLOWING TOO CLOSELY,3RD ST & WOODLAWN,39.16435519,-86.5226983
2004,2,4,Weekday,1900,2-Car,No injury/unknown,FOLLOWING TOO CLOSELY,3RD ST & WOODLAWN,39.164352,-86.52223739
2004,2,3,Weekday,900,2-Car,No injury/unknown,FAILURE TO YIELD RIGHT OF WAY,THIRD ST & WOODLAWN,39.164352,-86.522592
2004,1,4,Weekday,2100,2-Car,No injury/unknown,FOLLOWING TOO CLOSELY,3RD ST & WOODLAWN,39.164352,-86.522592
2004,2,2,Weekday,1700,2-Car,No injury/unknown,DRIVER DISTRACTED - EXPLAIN IN NARRATIVE,3RD ST & WOODLAWN,39.164352,-86.52255654
2004,1,6,Weekday,1700,2-Car,No injury/unknown,IMPROPER PASSING,3RD ST & FACULITY,39.164352,-86.522592
2004,6,5,Weekday,1200,3+ Cars,Non-incapacitating,OTHER (DRIVER) - EXPLAIN IN NARRATIVE,THIRD ST & WOODLAWN,39.164352,-86.522592
2004,8,4,Weekday,1300,2-Car,No injury/unknown,FOLLOWING TOO CLOSELY,THIRD ST & WOODLAWN,39.164352,-86.522592
2004,3,4,Weekday,1300,Bus,No injury/unknown,OTHER (DRIVER) - EXPLAIN IN NARRATIVE,THIRD ST & WOODLAWN,39.164352,-86.522592
2004,1,5,Weekday,1400,2-Car,No injury/unknown,FAILURE TO YIELD RIGHT OF WAY,3RD ST & EUCLID,39.164352,-86.522592
2004,3,2,Weekday,1600,2-Car,No injury/unknown,FAILURE TO YIELD RIGHT OF WAY,3RD ST & HIGH,39.164352,-86.508288
2004,5,2,Weekday,1500,3+ Cars,Non-incapacitating,UNSAFE SPEED,E 3RD ST & HIGH,39.164352,-86.508288
2004,4,5,Weekday,1600,2-Car,No injury/unknown,OTHER (DRIVER) - EXPLAIN IN NARRATIVE,THIRD ST & WOODLAWN,39.164352,-86.522592
2004,5,5,Weekday,1500,2-Car,No injury/unknown,FAILURE TO YIELD RIGHT OF WAY,3RD & UNION,39.164352,-86.5088
2004,9,6,Weekday,1700,2-Car,No injury/unknown,FOLLOWING TOO CLOSELY,3RD ST & WOODLAWN,39.164352,-86.522592
2004,12,5,Weekday,1400,2-Car,No injury/unknown,OTHER (DRIVER) - EXPLAIN IN NARRATIVE,E 3RD ST & WOODLAWN,39.164352,-86.522592
2004,11,6,Weekday,1600,1-Car,Non-incapacitating,FAILURE TO YIELD RIGHT OF WAY,3RD ST & WOODLAWN,39.164352,-86.522592
2004,10,1,Weekend,1800,2-Car,No injury/unknown,DISREGARD SIGNAL/REG SIGN,3RD ST & HIGH,39.164352,-86.508288
2004,9,4,Weekday,700,2-Car,No injury/unknown,OTHER (DRIVER) - EXPLAIN IN NARRATIVE,3RD ST & WOODLAWN,39.164352,-86.522592
2004,9,2,Weekday,1500,1-Car,No injury/unknown,OTHER (DRIVER) - EXPLAIN IN NARRATIVE,UNION,39.164352,-86.5088
2004,11,2,Weekday,1300,2-Car,No injury/unknown,OTHER (DRIVER) - EXPLAIN IN NARRATIVE,3RD ST & WOODLAWN,39.164352,-86.522592
2004,11,3,Weekday,1300,2-Car,No injury/unknown,OTHER (DRIVER) - EXPLAIN IN NARRATIVE,3RD & FACULTY RD,39.16432459,-86.52108601
2004,5,7,Weekend,1600,2-Car,No injury/unknown,FAILURE TO YIELD RIGHT OF WAY,3RD & JORDAN AVE,39.16432226,-86.51639458
2004,5,6,Weekday,1100,2-Car,No injury/unknown,OTHER (DRIVER) - EXPLAIN IN NARRATIVE,BRYAN & EAST THIRD ST,39.16432,-86.50824
2004,8,3,Weekday,1300,2-Car,Non-incapacitating,OTHER (DRIVER) - EXPLAIN IN NARRATIVE,3RD ST & BRYAN,39.16432,-86.50824
2004,10,1,Weekend,200,1-Car,Non-incapacitating,IMPROPER TURNING,3RD & BRYAN AVE,39.16432,-86.50824
2004,2,6,Weekday,1800,2-Car,No injury/unknown,FOLLOWING TOO CLOSELY,3RD ST & HIGH,39.16430925,-86.50898934
2004,6,4,Weekday,1000,2-Car,Non-incapacitating,OTHER (DRIVER) - EXPLAIN IN NARRATIVE,3RD ST & JEFFERSON,39.16430764,-86.50727565
2004,8,6,Weekday,1500,3+ Cars,Non-incapacitating,FOLLOWING TOO CLOSELY,3RD ST & JEFFERSON,39.16430491,-86.50706291
2004,11,6,Weekday,900,3+ Cars,Non-incapacitating,OTHER (DRIVER) - EXPLAIN IN NARRATIVE,3RD ST & JEFFERSON,39.164304,-86.50681469
2004,6,5,Weekday,700,3+ Cars,No injury/unknown,DRIVER DISTRACTED - EXPLAIN IN NARRATIVE,3RD ST & JEFFERSON,39.164304,-86.50681469
2004,3,7,Weekend,900,3+ Cars,No injury/unknown,DRIVER DISTRACTED - EXPLAIN IN NARRATIVE,3RD ST & JEFFERSON,39.164304,-86.506992
2004,1,3,Weekday,1300,3+ Cars,Non-incapacitating,FOLLOWING TOO CLOSELY,3RD ST & JEFFERSON,39.164304,-86.506992
2004,2,7,Weekend,1700,2-Car,No injury/unknown,IMPROPER LANE USAGE,ROOSEVELT & SR46,39.164304,-86.505792
2004,8,3,Weekday,1500,2-Car,No injury/unknown,FAILURE TO YIELD RIGHT OF WAY,3RD ST & ROOSEVELT,39.164304,-86.505792
2004,9,3,Weekday,1700,2-Car,No injury/unknown,IMPROPER LANE USAGE,3RD ST & JEFFERSON,39.164304,-86.506992
2004,10,4,Weekday,900,3+ Cars,No injury/unknown,FOLLOWING TOO CLOSELY,3RD ST & JEFFERSON,39.164304,-86.506992
2004,11,6,Weekday,1600,2-Car,No injury/unknown,LEFT OF CENTER,E 3RD ST & JEFFERSON,39.164304,-86.506992
2004,2,2,Weekday,1300,3+ Cars,Non-incapacitating,UNSAFE SPEED,3RD ST & JORDON,39.1643,-86.51770149
2004,2,4,Weekday,1200,2-Car,Non-incapacitating,BRAKE FAILURE OR DEFECTIVE,JORDAN & THIRD ST,39.1643,-86.517695
2004,4,5,Weekday,1000,2-Car,No injury/unknown,DISREGARD SIGNAL/REG SIGN,JORDAN & THIRD ST,39.1643,-86.517695
2004,5,5,Weekday,1100,2-Car,Non-incapacitating,FOLLOWING TOO CLOSELY,JORDAN & THIRD ST,39.1643,-86.517695
2004,7,5,Weekday,800,2-Car,No injury/unknown,FOLLOWING TOO CLOSELY,JORDAN & THIRD ST,39.1643,-86.51769716
2004,8,4,Weekday,900,2-Car,No injury/unknown,FAILURE TO YIELD RIGHT OF WAY,EAST THIRD ST & HAWTHORNE,39.1643,-86.521094
2004,3,7,Weekend,1400,2-Car,No injury/unknown,OTHER (DRIVER) - EXPLAIN IN NARRATIVE,SWAIN & THIRD,39.1643,-86.516099
2004,11,4,Weekday,1300,2-Car,Non-incapacitating,FOLLOWING TOO CLOSELY,BALLANTINE & THIRD ST,39.1643,-86.520099
2004,9,4,Weekday,2100,2-Car,No injury/unknown,IMPROPER LANE USAGE,3RD ST & BALLENTINE,39.1643,-86.5201016
2004,5,7,Weekend,1500,2-Car,No injury/unknown,DISREGARD SIGNAL/REG SIGN,3RD & HAWTHORN,39.1643,-86.521094
2004,10,2,Weekday,1100,2-Car,No injury/unknown,SPEED TOO FAST FOR WEATHER CONDITIONS,MITCHELL & THIRD ST,39.1643,-86.515296
2004,9,1,Weekend,1300,2-Car,No injury/unknown,DRIVER DISTRACTED - EXPLAIN IN NARRATIVE,CLIFTON & THIRD ST,39.1643,-86.51089687
2004,11,2,Weekday,2000,2-Car,No injury/unknown,IMPROPER TURNING,3RD ST & SWAIN,39.1643,-86.51610073
2004,5,2,Weekday,1700,2-Car,No injury/unknown,FOLLOWING TOO CLOSELY,3RD ST & ROOSEVELT,39.16429681,-86.50534616
2004,3,3,Weekday,700,2-Car,Non-incapacitating,FOLLOWING TOO CLOSELY,3RD ST & CLARK,39.164288,-86.5048
2004,7,6,Weekday,1400,3+ Cars,Non-incapacitating,FOLLOWING TOO CLOSELY,3RD ST & KIMBLE,39.164288,-86.5048
2004,9,7,Weekend,1400,2-Car,No injury/unknown,DRIVER DISTRACTED - EXPLAIN IN NARRATIVE,3RD ST & CLARK,39.164288,-86.5048
2004,9,1,Weekend,1600,1-Car,Non-incapacitating,OTHER (DRIVER) - EXPLAIN IN NARRATIVE,3RD ST & SR446,39.164288,-86.473488
2004,11,6,Weekday,1800,2-Car,No injury/unknown,FAILURE TO YIELD RIGHT OF WAY,CLARK & THIRD ST,39.164288,-86.5048
2004,9,6,Weekday,1600,2-Car,No injury/unknown,IMPROPER TURNING,3RD,39.1642831,-86.5040702
2004,12,4,Weekday,1800,2-Car,No injury/unknown,UNSAFE BACKING,UNION ST,39.16427265,-86.50880588
2004,1,5,Weekday,1200,3+ Cars,Non-incapacitating,FOLLOWING TOO CLOSELY,3RD ST & OVERHILL,39.164272,-86.501488
2004,4,2,Weekday,1000,2-Car,No injury/unknown,OTHER (DRIVER) - EXPLAIN IN NARRATIVE,3RD & WOODSCREST DR,39.164272,-86.502416
2004,2,4,Weekday,1300,2-Car,No injury/unknown,UNSAFE BACKING,3RD ST,39.164272,-86.50235918
2004,3,6,Weekday,1600,2-Car,Non-incapacitating,FAILURE TO YIELD RIGHT OF WAY,EASTLAND & WOODSCREST,39.164272,-86.502416
2004,3,3,Weekday,1900,2-Car,No injury/unknown,FAILURE TO YIELD RIGHT OF WAY,3RD ST & OVERHILL,39.164272,-86.501488
2004,5,5,Weekday,1600,3+ Cars,No injury/unknown,FOLLOWING TOO CLOSELY,3RD ST & WOODSECREST,39.164272,-86.502416
2004,5,7,Weekend,1000,2-Car,No injury/unknown,FAILURE TO YIELD RIGHT OF WAY,E3RD ST & S WOODSCREST,39.164272,-86.502416
2004,5,5,Weekday,2300,2-Car,No injury/unknown,OTHER (DRIVER) - EXPLAIN IN NARRATIVE,3RD,39.164272,-86.502416
2004,9,6,Weekday,1700,3+ Cars,Non-incapacitating,FOLLOWING TOO CLOSELY,E 3RD ST & HILLSDALE,39.164272,-86.502416
2004,8,7,Weekend,1500,2-Car,No injury/unknown,FAILURE TO YIELD RIGHT OF WAY,3RD ST & HILLSDALE,39.164272,-86.502416
2004,11,1,Weekend,1300,2-Car,No injury/unknown,FAILURE TO YIELD RIGHT OF WAY,3RD ST & OVERHILL,39.164272,-86.501488
2004,12,5,Weekday,1200,2-Car,No injury/unknown,FAILURE TO YIELD RIGHT OF WAY,3RD ST & WOODS CREST,39.164272,-86.502416
2004,10,4,Weekday,1200,2-Car,No injury/unknown,OTHER (DRIVER) - EXPLAIN IN NARRATIVE,E 3RD ST & HILLSDALE,39.164272,-86.502416
2004,12,2,Weekday,1200,2-Car,No injury/unknown,FAILURE TO YIELD RIGHT OF WAY,3RD ST & OVERHILL,39.164272,-86.501488
2004,12,4,Weekday,900,2-Car,No injury/unknown,OTHER (DRIVER) - EXPLAIN IN NARRATIVE,WOODCREST,39.164272,-86.502416
2004,12,7,Weekend,1500,2-Car,No injury/unknown,FAILURE TO YIELD RIGHT OF WAY,3RD ST & OVERHILL,39.164272,-86.501488