Year,Month,Day,Weekend?,Hour,Collision Type,Injury Type,Primary Factor,Reported_Location,Latitude,Longitude
2004,11,7,Weekend,1300,2-Car,Non-incapacitating,FAILURE TO YIELD RIGHT OF WAY,E 3RD & S WOODCREST,39.164272,-86.502416
2004,8,2,Weekday,1500,2-Car,Non-incapacitating,FOLLOWING TOO CLOSELY,E 3RD ST & OVERHILL,39.16426874,-86.5011729
2004,11,4,Weekday,1500,2-Car,Non-incapacitating,IMPROPER LANE USAGE,3RD & 45 46 BYPASS,39.16426678,-86.50098384
2004,8,5,Weekday,1400,2-Car,Non-incapacitating,FAILURE TO YIELD RIGHT OF WAY,E 3RD ST,39.16426112,-86.50043808
2004,11,2,Weekday,1400,2-Car,No injury/unknown,UNSAFE BACKING,3RD ST & COLLEGE MALL,39.16426048,-86.50037632
2004,4,4,Weekday,1200,2-Car,No injury/unknown,OTHER (DRIVER) - EXPLAIN IN NARRATIVE,3RD ST,39.16426036,-86.50920582
2004,4,2,Weekday,1200,2-Car,Non-incapacitating,FAILURE TO YIELD RIGHT OF WAY,3RD ST & COLLEGE MALL,39.16425941,-86.50027219
2004,4,2,Weekday,2000,2-Car,No injury/unknown,FOLLOWING TOO CLOSELY,SR46 & WOODSCREST,39.16425006,-86.49834756
2004,6,6,Weekday,1200,2-Car,No injury/unknown,FOLLOWING TOO CLOSELY,3RD & CLAZIZZ,39.16425006,-86.49081523
2004,7,6,Weekend,2200,2-Car,No injury/unknown,OTHER (DRIVER) - EXPLAIN IN NARRATIVE,3RD ST & JPRDAN,39.16425006,-86.51642421
2004,5,7,Weekend,1200,1-Car,Non-incapacitating,IMPROPER LANE USAGE,HIGHLAND & THIRD,39.16424664,-86.51772117
2004,9,6,Weekday,1800,2-Car,No injury/unknown,FAILURE TO YIELD RIGHT OF WAY,3RD ST & KINGSTON,39.16424,-86.49223477
2004,10,6,Weekday,1000,2-Car,No injury/unknown,DRIVER DISTRACTED - EXPLAIN IN NARRATIVE,3RD ST & KINGSTON,39.16424,-86.49347592
2004,6,3,Weekday,1700,Moped/Motorcycle,Non-incapacitating,IMPROPER PASSING,3RD & KINGSTON,39.16424,-86.49258939
2004,10,7,Weekend,1000,2-Car,No injury/unknown,IMPROPER LANE USAGE,3RD ST & HIGHLAND,39.16424,-86.51795461
2004,9,3,Weekday,2100,1-Car,Non-incapacitating,FAILURE TO YIELD RIGHT OF WAY,3RD ST & JORDAN,39.16424,-86.51586808
2004,12,7,Weekend,1200,2-Car,No injury/unknown,OTHER (DRIVER) - EXPLAIN IN NARRATIVE,3RD ST & KINGSTON,39.16424,-86.49315677
2004,1,5,Weekday,1000,1-Car,No injury/unknown,NONE (ENVIRONMENTAL),3RD ST & HAWTHORNE,39.16424,-86.51997923
2004,2,2,Weekday,100,2-Car,Non-incapacitating,FAILURE TO YIELD RIGHT OF WAY,3RD ST & JORDAN,39.16424,-86.51675461
2004,2,2,Weekday,1700,2-Car,No injury/unknown,FOLLOWING TOO CLOSELY,3RD ST & JORDAN,39.16424,-86.51675461
2004,4,4,Weekday,1600,2-Car,No injury/unknown,IMPROPER LANE USAGE,3RD ST & JORDAN,39.16424,-86.51622269
2004,2,7,Weekend,1800,2-Car,No injury/unknown,IMPROPER TURNING,3RD & JORDAN,39.16424,-86.51664823
2004,4,3,Weekday,1700,2-Car,No injury/unknown,FOLLOWING TOO CLOSELY,3RD ST & JORDAN,39.16424,-86.51604539
2004,8,3,Weekday,1100,2-Car,No injury/unknown,UNSAFE SPEED,3RD ST & JORDAN,39.16424,-86.51666596
2004,4,5,Weekday,1500,2-Car,No injury/unknown,FAILURE TO YIELD RIGHT OF WAY,3RD ST & KINGSTON,39.16424,-86.49303265
2004,4,2,Weekday,1900,2-Car,No injury/unknown,FAILURE TO YIELD RIGHT OF WAY,3RD ST & SMITH,39.16424,-86.48033339
2004,6,3,Weekday,1500,2-Car,Non-incapacitating,FOLLOWING TOO CLOSELY,SMITH & SR 46,39.16424,-86.47997877
2004,8,4,Weekday,1100,2-Car,No injury/unknown,UNSAFE SPEED,3RD ST & SWAIN,39.16424,-86.51546596
2004,9,1,Weekday,2000,2-Car,No injury/unknown,IMPROPER LANE USAGE,3RD ST & JORDAN,39.16424,-86.51622269
2004,7,6,Weekend,2000,3+ Cars,No injury/unknown,FOLLOWING TOO CLOSELY,KINGSTON & SR46,39.16424,-86.49283762
2004,5,6,Weekday,1700,2-Car,No injury/unknown,FAILURE TO YIELD RIGHT OF WAY,3RD ST & SWAIN,39.16424,-86.51502269
2004,10,6,Weekday,1700,2-Car,No injury/unknown,FAILURE TO YIELD RIGHT OF WAY,3RD ST & KINGSTON,39.16424,-86.49276669
2004,1,7,Weekend,1300,2-Car,No injury/unknown,OVERCORRECTING/OVERSTEERING,3RD ST & PETE ELLIS,39.16424,-86.495088
2004,2,7,Weekend,2200,2-Car,No injury/unknown,IMPROPER LANE USAGE,3RD ST & SWAIN,39.16424,-86.5152
2004,1,5,Weekday,1600,2-Car,Non-incapacitating,UNSAFE BACKING,3RD ST,39.16424,-86.49259396
2004,2,7,Weekend,1400,Bus,No injury/unknown,OTHER (DRIVER) - EXPLAIN IN NARRATIVE,3RD & BALLANTINE,39.16424,-86.518992
2004,2,6,Weekday,1500,2-Car,No injury/unknown,IMPROPER LANE USAGE,3RD ST & SWAIN,39.16424,-86.51525319
2004,2,4,Weekday,1700,2-Car,No injury/unknown,IMPROPER LANE USAGE,3RD ST & JORDAN,39.16424,-86.51650638
2004,8,4,Weekday,1200,1-Car,No injury/unknown,RAN OFF ROAD RIGHT,BAKERSFIELD & SMITHVILLE RD,39.16424,-86.4812
2004,7,7,Weekend,2200,2-Car,No injury/unknown,IMPROPER TURNING,3RD ST & HAWTHORNE,39.16424,-86.520192
2004,3,4,Weekday,1200,2-Car,No injury/unknown,IMPROPER TURNING,3RD ST & COLLEGE MALL,39.16424,-86.4984
2004,6,2,Weekday,1300,2-Car,No injury/unknown,FAILURE TO YIELD RIGHT OF WAY,3RD ST & PLEASANT,39.16424,-86.4892
2004,7,3,Weekday,900,2-Car,No injury/unknown,OTHER (DRIVER) - EXPLAIN IN NARRATIVE,3RD & ROYAL NISSAN,39.16424,-86.492944
2004,1,6,Weekday,1300,2-Car,No injury/unknown,OTHER (DRIVER) - EXPLAIN IN NARRATIVE,3RD ST,39.16424,-86.49250645
2004,4,1,Weekend,1100,2-Car,No injury/unknown,FAILURE TO YIELD RIGHT OF WAY,3RD ST & PARK RIDGE,39.16424,-86.476096
2004,1,2,Weekday,1200,2-Car,No injury/unknown,FAILURE TO YIELD RIGHT OF WAY,3RD ST & HIGHLAND,39.16424,-86.5176
2004,1,6,Weekday,800,1-Car,Non-incapacitating,DRIVER ASLEEP OR FATIGUED,3RD ST & REISNER,39.16424,-86.488
2004,2,4,Weekday,1200,2-Car,No injury/unknown,FAILURE TO YIELD RIGHT OF WAY,3RD ST & PETE ELLIS,39.16424,-86.495088
2004,2,4,Weekday,2300,1-Car,Non-incapacitating,FAILURE TO YIELD RIGHT OF WAY,3RD & JORDAN AVE,39.16424,-86.5164
2004,2,4,Weekday,1100,2-Car,No injury/unknown,FAILURE TO YIELD RIGHT OF WAY,THIRD ST,39.16424,-86.49259396
2004,1,6,Weekday,1800,3+ Cars,Non-incapacitating,DRIVER DISTRACTED - EXPLAIN IN NARRATIVE,3RD ST & GATES,39.16424,-86.492944
2004,7,7,Weekend,1700,2-Car,Non-incapacitating,FOLLOWING TOO CLOSELY,3RD ST & UNION,39.16424,-86.509296
2004,3,2,Weekday,900,2-Car,Non-incapacitating,SPEED TOO FAST FOR WEATHER CONDITIONS,3RD ST & CLARIZZ,39.16424,-86.4908
2004,4,1,Weekend,700,2-Car,No injury/unknown,UNSAFE SPEED,SMITH & SR46,39.16424,-86.480688
2004,2,5,Weekday,2300,2-Car,Non-incapacitating,FOLLOWING TOO CLOSELY,3RD ST & JORDAN,39.16424,-86.5164
2004,7,3,Weekday,1600,2-Car,No injury/unknown,IMPROPER TURNING,3RD ST & SWAIN,39.16424,-86.5152
2004,4,3,Weekday,1600,2-Car,No injury/unknown,FOLLOWING TOO CLOSELY,3RD ST & CLIFTON,39.16424,-86.5096
2004,4,4,Weekday,1400,2-Car,No injury/unknown,FOLLOWING TOO CLOSELY,3RD ST & UNION,39.16424,-86.509296
2004,3,4,Weekday,1500,2-Car,No injury/unknown,IMPROPER TURNING,3RD ST & HIGHLAND,39.16424,-86.5176
2004,3,6,Weekday,900,2-Car,Non-incapacitating,UNSAFE SPEED,3RD ST & HAWTHORNE,39.16424,-86.520192
2004,4,3,Weekday,1300,2-Car,No injury/unknown,UNSAFE SPEED,3RD ST & BALLANTINE,39.16424,-86.518992
2004,1,7,Weekend,1300,2-Car,No injury/unknown,FAILURE TO YIELD RIGHT OF WAY,SMITH RD & SR46,39.16424,-86.480688
2004,3,4,Weekday,1700,3+ Cars,No injury/unknown,FOLLOWING TOO CLOSELY,CLARIZZ & SR46,39.16424,-86.4908
2004,6,4,Weekday,1600,2-Car,No injury/unknown,FAILURE TO YIELD RIGHT OF WAY,E3RD ST & KINGSTON,39.16424,-86.492944
2004,2,3,Weekday,1800,3+ Cars,Non-incapacitating,OTHER (DRIVER) - EXPLAIN IN NARRATIVE,3RD ST & KINGSTON,39.16424,-86.492944
2004,2,2,Weekday,1200,2-Car,No injury/unknown,IMPROPER PASSING,3RD ST,39.16424,-86.480688
2004,2,3,Weekday,1100,2-Car,No injury/unknown,UNSAFE SPEED,3RD ST,39.16424,-86.49368135
2004,2,6,Weekday,1600,2-Car,No injury/unknown,DISREGARD SIGNAL/REG SIGN,SMITH & SR46,39.16424,-86.480688
2004,2,6,Weekday,1300,2-Car,No injury/unknown,FAILURE TO YIELD RIGHT OF WAY,3RD & 3RD ST,39.16424,-86.49259396
2004,3,4,Weekday,1600,3+ Cars,No injury/unknown,FAILURE TO YIELD RIGHT OF WAY,3RD ST & CURRY,39.16424,-86.480688
2004,3,2,Weekday,1200,2-Car,Non-incapacitating,FOLLOWING TOO CLOSELY,3RD & SMITH,39.16424,-86.480688
2004,3,7,Weekend,2000,2-Car,No injury/unknown,IMPROPER TURNING,SMITH & SR46,39.16424,-86.480688
2004,3,2,Weekday,1700,2-Car,Non-incapacitating,FOLLOWING TOO CLOSELY,3RD & CLARIZZ,39.16424,-86.4908
2004,3,7,Weekend,1500,3+ Cars,No injury/unknown,FAILURE TO YIELD RIGHT OF WAY,COLLEGE MALL & SR46,39.16424,-86.4984
2004,4,7,Weekend,1700,2-Car,Non-incapacitating,FOLLOWING TOO CLOSELY,CLARIZZ & SR 46,39.16424,-86.4908
2004,3,6,Weekend,2000,2-Car,No injury/unknown,FAILURE TO YIELD RIGHT OF WAY,COLLEGE MALL & COLLEGE MALL RD,39.16424,-86.4984
2004,4,7,Weekend,1300,2-Car,No injury/unknown,FAILURE TO YIELD RIGHT OF WAY,E 3RD ST & KINGSTON,39.16424,-86.492944
2004,5,7,Weekend,1500,2-Car,No injury/unknown,FAILURE TO YIELD RIGHT OF WAY,3RD ST & KINGSTON,39.16424,-86.492944
2004,4,6,Weekday,1600,2-Car,No injury/unknown,UNSAFE BACKING,3RD ST,39.16424,-86.5164
2004,4,5,Weekday,1200,2-Car,No injury/unknown,IMPROPER PASSING,3RD & SMITH RD,39.16424,-86.480688
2004,4,4,Weekday,900,2-Car,No injury/unknown,FAILURE TO YIELD RIGHT OF WAY,3RD ST,39.16424,-86.49259396
2004,5,1,Weekend,1400,2-Car,No injury/unknown,FAILURE TO YIELD RIGHT OF WAY,3RD ST & CLARIZZ,39.16424,-86.4908
2004,4,6,Weekday,1700,2-Car,No injury/unknown,IMPROPER TURNING,3RD ST & PETE ELLIS,39.16424,-86.495088
2004,4,6,Weekend,2200,2-Car,Non-incapacitating,FAILURE TO YIELD RIGHT OF WAY,3RD ST & COLLEGE MALL,39.16424,-86.4984
2004,4,4,Weekday,2100,2-Car,Non-incapacitating,FAILURE TO YIELD RIGHT OF WAY,PETE ELLIS & SR46,39.16424,-86.495088
2004,4,7,Weekend,1900,2-Car,No injury/unknown,FOLLOWING TOO CLOSELY,KINGSTON & SR 46,39.16424,-86.492944
2004,5,1,Weekend,1400,2-Car,No injury/unknown,FOLLOWING TOO CLOSELY,COLLEGE MALL & SR 45,39.16424,-86.4984
2004,5,1,Weekend,1100,2-Car,No injury/unknown,UNSAFE BACKING,3RD,39.16424,-86.49250645
2004,5,3,Weekday,300,1-Car,No injury/unknown,DRIVER DISTRACTED - EXPLAIN IN NARRATIVE,4626 & MORNING SIDE DR,39.16424,-86.473696
2004,4,5,Weekday,900,2-Car,No injury/unknown,OTHER (DRIVER) - EXPLAIN IN NARRATIVE,3RD ST,39.16424,-86.49224392
2004,11,2,Weekday,2000,2-Car,No injury/unknown,FOLLOWING TOO CLOSELY,PETE ELLIS DR & SR 46,39.16424,-86.495088
2004,11,3,Weekday,1200,2-Car,Non-incapacitating,FOLLOWING TOO CLOSELY,3RD ST & HAWTHORNE,39.16424,-86.520192
2004,8,3,Weekday,1600,2-Car,No injury/unknown,OTHER (DRIVER) - EXPLAIN IN NARRATIVE,E 3RD ST & HIGHLAND,39.16424,-86.5176
2004,9,4,Weekday,1700,1-Car,Non-incapacitating,NONE (DRIVER),3RD ST & HAWTHORNE,39.16424,-86.520192
2004,6,6,Weekday,1200,2-Car,No injury/unknown,UNSAFE BACKING,3RD ST,39.16424,-86.51610612
2004,6,2,Weekday,1200,2-Car,No injury/unknown,FAILURE TO YIELD RIGHT OF WAY,3RD ST & PETE ELLIS,39.16424,-86.495088
2004,7,3,Weekday,2000,2-Car,No injury/unknown,,3RD E ST,39.16424,-86.49259396
2004,12,4,Weekday,2300,2-Car,No injury/unknown,IMPROPER LANE USAGE,3RD ST & MITCHELL,39.16424,-86.514096
2004,10,7,Weekend,200,2-Car,No injury/unknown,FAILURE TO YIELD RIGHT OF WAY,3RD ST & JORDAN,39.16424,-86.5164
2004,8,6,Weekend,2200,2-Car,Non-incapacitating,IMPROPER TURNING,3RD ST & BALLANTINE,39.16424,-86.518992
2004,9,5,Weekday,2100,1-Car,Non-incapacitating,PEDESTRIAN ACTION,3RD & JORDAN AVE,39.16424,-86.5164
2004,8,5,Weekday,0,2-Car,Non-incapacitating,IMPROPER LANE USAGE,3RD ST & HAWTHORNE,39.16424,-86.520192
2004,9,2,Weekday,1600,2-Car,Non-incapacitating,DISREGARD SIGNAL/REG SIGN,3RD ST & JORDAN,39.16424,-86.5164
2004,6,3,Weekday,700,2-Car,No injury/unknown,FAILURE TO YIELD RIGHT OF WAY,3RD & PETE ELLIS,39.16424,-86.495088
2004,7,2,Weekday,1500,2-Car,No injury/unknown,FOLLOWING TOO CLOSELY,E 3RD & S COLLEGE MALL RD,39.16424,-86.4984
2004,7,2,Weekday,1800,2-Car,No injury/unknown,IMPROPER TURNING,3RD & 3RD ST,39.16424,-86.49250645
2004,8,2,Weekday,1600,2-Car,No injury/unknown,UNSAFE BACKING,E 3RD ST & KINGSTON,39.16424,-86.49425989
2004,7,4,Weekday,800,2-Car,No injury/unknown,FAILURE TO YIELD RIGHT OF WAY,3RD ST & PARK RIDGE,39.16424,-86.476096
2004,8,5,Weekday,1600,2-Car,No injury/unknown,FOLLOWING TOO CLOSELY,EAST 3RD ST & PETE ELLIS,39.16424,-86.495088
2004,5,5,Weekday,1600,3+ Cars,No injury/unknown,DRIVER DISTRACTED - EXPLAIN IN NARRATIVE,3RD ST & JORDAN,39.16424,-86.5164
2004,7,4,Weekday,1800,2-Car,No injury/unknown,IMPROPER TURNING,3RD & HIGHLAND,39.16424,-86.5176
2004,10,4,Weekday,2100,2-Car,No injury/unknown,IMPROPER LANE USAGE,3RD ST & JORDAN,39.16424,-86.5164
2004,7,7,Weekend,700,1-Car,No injury/unknown,OTHER (DRIVER) - EXPLAIN IN NARRATIVE,E 3RD ST,39.16424,-86.480688
2004,5,5,Weekday,700,2-Car,Non-incapacitating,FAILURE TO YIELD RIGHT OF WAY,3RD & PARK RIDGE,39.16424,-86.476096
2004,5,6,Weekday,1800,2-Car,No injury/unknown,FAILURE TO YIELD RIGHT OF WAY,CLARIZZ & SR 46,39.16424,-86.4908
2004,7,6,Weekday,1500,3+ Cars,Non-incapacitating,FOLLOWING TOO CLOSELY,3RD ST,39.16424,-86.492944
2004,6,7,Weekend,1700,2-Car,No injury/unknown,UNSAFE BACKING,COLLEGE MALL & COLLEGE MALL RD,39.16424,-86.4984
2004,6,2,Weekday,1400,2-Car,Non-incapacitating,FOLLOWING TOO CLOSELY,3RD ST & KINGSTON,39.16424,-86.49259396
2004,7,7,Weekend,1600,2-Car,Non-incapacitating,FAILURE TO YIELD RIGHT OF WAY,3RD ST & KINGSTON,39.16424,-86.492944
2004,5,2,Weekday,900,2-Car,No injury/unknown,OTHER (DRIVER) - EXPLAIN IN NARRATIVE,3RD ST & REISNER,39.16424,-86.488
2004,7,2,Weekday,900,2-Car,Non-incapacitating,FAILURE TO YIELD RIGHT OF WAY,3RD & COLLEGE MALL RD,39.16424,-86.4984
2004,6,1,Weekend,0,2-Car,No injury/unknown,DISREGARD SIGNAL/REG SIGN,3RD ST & SMITH,39.16424,-86.480688
2004,5,6,Weekday,1500,2-Car,No injury/unknown,IMPROPER TURNING,3RD & KINGSTON,39.16424,-86.492944
2004,11,5,Weekday,1200,2-Car,No injury/unknown,IMPROPER PASSING,3RD ST & BALLANTINE,39.16424,-86.51892108
2004,12,3,Weekday,1500,2-Car,No injury/unknown,FAILURE TO YIELD RIGHT OF WAY,KINGSTON DR & THIRD,39.16424,-86.492944
2004,12,3,Weekday,1500,2-Car,No injury/unknown,FAILURE TO YIELD RIGHT OF WAY,KINGSTON DR & THIRD,39.16424,-86.492944
2004,8,6,Weekday,1700,1-Car,No injury/unknown,OVERCORRECTING/OVERSTEERING,E 3RD ST & HERITAGE,39.16424,-86.48409143
2004,7,1,Weekend,1200,2-Car,No injury/unknown,OTHER (DRIVER) - EXPLAIN IN NARRATIVE,3RD ST & CLARIZZ,39.16424,-86.4908
2004,8,2,Weekday,1100,2-Car,No injury/unknown,FAILURE TO YIELD RIGHT OF WAY,3RD ST & PARK RIDGE,39.16424,-86.476096
2004,10,6,Weekday,1000,2-Car,No injury/unknown,UNSAFE BACKING,PARKING LOT,39.16424,-86.47599804
2004,8,5,Weekday,1500,2-Car,No injury/unknown,FAILURE TO YIELD RIGHT OF WAY,E 3RD ST & KINGSTON,39.16424,-86.492944
2004,9,4,Weekday,1900,2-Car,No injury/unknown,FAILURE TO YIELD RIGHT OF WAY,3RD ST,39.16424,-86.49250645
2004,8,4,Weekday,1100,2-Car,No injury/unknown,DISREGARD SIGNAL/REG SIGN,3RD ST & PETE ELLIS,39.16424,-86.495088
2004,8,7,Weekend,1700,2-Car,No injury/unknown,FAILURE TO YIELD RIGHT OF WAY,3RD ST & SMITH,39.16424,-86.480688
2004,8,7,Weekend,1500,2-Car,No injury/unknown,FAILURE TO YIELD RIGHT OF WAY,E 3RD & S KINGSTON,39.16424,-86.492944
2004,9,3,Weekday,1700,3+ Cars,Non-incapacitating,FAILURE TO YIELD RIGHT OF WAY,3RD ST & COLLEGE MALL,39.16424,-86.4984
2004,9,2,Weekday,1200,2-Car,No injury/unknown,DISREGARD SIGNAL/REG SIGN,3RD ST & COLLEGE MALL,39.16424,-86.4984
2004,8,2,Weekday,2100,2-Car,No injury/unknown,IMPROPER TURNING,W 3RD ST,39.16424,-86.488
2004,9,4,Weekday,1000,2-Car,No injury/unknown,FAILURE TO YIELD RIGHT OF WAY,3RD ST & COLLEGE MALL,39.16424,-86.4984
2004,10,7,Weekend,1300,2-Car,No injury/unknown,OTHER (DRIVER) - EXPLAIN IN NARRATIVE,3RD ST & REISNER,39.16424,-86.488
2004,10,4,Weekday,1200,2-Car,No injury/unknown,FAILURE TO YIELD RIGHT OF WAY,E 3RD & PETE ELLIS DR,39.16424,-86.495088
2004,11,2,Weekday,700,2-Car,No injury/unknown,OTHER (DRIVER) - EXPLAIN IN NARRATIVE,3RD & SMITH RD,39.16424,-86.480688
2004,8,6,Weekday,1300,3+ Cars,No injury/unknown,FOLLOWING TOO CLOSELY,MORNINGSIDE & SR46,39.16424,-86.473696
2004,8,2,Weekday,1700,2-Car,Non-incapacitating,FAILURE TO YIELD RIGHT OF WAY,3RD ST & LIBERTY,39.16424,-86.484384
2004,10,5,Weekday,1500,2-Car,No injury/unknown,FAILURE TO YIELD RIGHT OF WAY,E 3RD & EAST 3RD ST,39.16424,-86.49406114
2004,11,4,Weekday,1800,2-Car,Non-incapacitating,FAILURE TO YIELD RIGHT OF WAY,3RD ST & COLLEGE MALL,39.16424,-86.4984
2004,12,6,Weekday,1600,2-Car,No injury/unknown,ROADWAY SURFACE CONDITION,COLLEGE MALL RD,39.16424,-86.4984
2004,10,3,Weekday,2200,2-Car,Non-incapacitating,FAILURE TO YIELD RIGHT OF WAY,CLARIZZ & SR46,39.16424,-86.4908
2004,9,7,Weekend,1300,Moped/Motorcycle,Non-incapacitating,IMPROPER TURNING,3RD ST & SMITH,39.16424,-86.480688
2004,12,1,Weekend,1800,2-Car,No injury/unknown,FAILURE TO YIELD RIGHT OF WAY,3RD ST & PETE ELLIS,39.16424,-86.495088
2004,11,7,Weekend,1700,2-Car,No injury/unknown,FAILURE TO YIELD RIGHT OF WAY,E 3RD ST & PETE ELLIS,39.16424,-86.495088
2004,11,6,Weekend,2300,2-Car,Non-incapacitating,FAILURE TO YIELD RIGHT OF WAY,COLLEGE MALL ENTRANCE & COLLEGE MALL RD,39.16424,-86.4984
2004,9,6,Weekday,1800,2-Car,Non-incapacitating,DISREGARD SIGNAL/REG SIGN,3RD ST & SMITH,39.16424,-86.480688
2004,8,7,Weekend,300,1-Car,No injury/unknown,OVERCORRECTING/OVERSTEERING,SMITH & SR46,39.16424,-86.480688
2004,8,1,Weekend,1600,2-Car,Non-incapacitating,FOLLOWING TOO CLOSELY,COLLEGE MALL & SR46,39.16424,-86.4984
2004,9,6,Weekday,900,2-Car,Non-incapacitating,FAILURE TO YIELD RIGHT OF WAY,3RD,39.16424,-86.49224392
2004,9,1,Weekend,1400,2-Car,Non-incapacitating,DRIVER DISTRACTED - EXPLAIN IN NARRATIVE,3RD & KINGSTON,39.16424,-86.492944
2004,9,5,Weekday,1000,2-Car,No injury/unknown,OTHER (DRIVER) - EXPLAIN IN NARRATIVE,3RD ST & PETE ELLIS,39.16424,-86.495088
2004,11,2,Weekday,1000,2-Car,Non-incapacitating,OTHER (DRIVER) - EXPLAIN IN NARRATIVE,3RD ST & EDWARDS SQUARE,39.16424,-86.4796
2004,11,7,Weekend,1900,3+ Cars,No injury/unknown,OTHER (DRIVER) - EXPLAIN IN NARRATIVE,3RD ST & JORDAN,39.16424,-86.5164
2004,12,7,Weekend,2200,2-Car,No injury/unknown,FAILURE TO YIELD RIGHT OF WAY,PETE ELLIS & SR46,39.16424,-86.495088
2004,12,2,Weekday,900,2-Car,No injury/unknown,FOLLOWING TOO CLOSELY,COLLEGE MALL RD & EASTLAND PLAZA,39.16424,-86.4984
2004,10,4,Weekday,700,2-Car,Non-incapacitating,DISREGARD SIGNAL/REG SIGN,E 3RD ST & SMITH,39.16424,-86.480688
2004,10,5,Weekday,1000,2-Car,No injury/unknown,DISREGARD SIGNAL/REG SIGN,3RD ST & KINGSTON,39.16424,-86.492944
2004,11,1,Weekend,1700,2-Car,Non-incapacitating,DISREGARD SIGNAL/REG SIGN,3RD ST & KINGSTON,39.16424,-86.492944
2004,10,4,Weekday,1400,2-Car,No injury/unknown,UNSAFE BACKING,3RD,39.16424,-86.49368135
2004,11,5,Weekday,1600,2-Car,Non-incapacitating,FAILURE TO YIELD RIGHT OF WAY,3RD ST,39.16424,-86.49259396
2004,11,5,Weekday,2300,2-Car,No injury/unknown,UNSAFE BACKING,3RD ST,39.16424,-86.480688
2004,12,3,Weekday,1400,2-Car,No injury/unknown,FAILURE TO YIELD RIGHT OF WAY,3RD & KINGSTON,39.16424,-86.492944
2004,12,1,Weekend,1700,2-Car,No injury/unknown,OTHER (DRIVER) - EXPLAIN IN NARRATIVE,3RD ST,39.16424,-86.49259396
2004,12,5,Weekday,1500,2-Car,No injury/unknown,FAILURE TO YIELD RIGHT OF WAY,3RD ST & KINGSTON,39.16424,-86.49259396
2004,11,5,Weekday,1200,2-Car,No injury/unknown,LEFT OF CENTER,E 3RD & S KINGSTON AVE,39.16424,-86.492944
2004,12,5,Weekday,1300,2-Car,No injury/unknown,FAILURE TO YIELD RIGHT OF WAY,3RD ST & SMITH,39.16424,-86.480688
2004,12,1,Weekend,800,2-Car,No injury/unknown,UNSAFE BACKING,3RD & PETE ELLIS DR,39.16424,-86.495088
2004,11,7,Weekend,1800,2-Car,No injury/unknown,FAILURE TO YIELD RIGHT OF WAY,3RD ST,39.16424,-86.492944
2004,8,6,Weekday,1800,2-Car,No injury/unknown,UNSAFE BACKING,3RD,39.16423804,-86.49819233
2004,4,6,Weekday,1300,2-Car,No injury/unknown,UNSAFE BACKING,SR46,39.164232,-86.497552
2004,4,5,Weekday,1200,2-Car,No injury/unknown,IMPROPER LANE USAGE,3RD & COLLEGE AVE,39.16422818,-86.53481989
2004,7,3,Weekday,1300,3+ Cars,No injury/unknown,BRAKE FAILURE OR DEFECTIVE,3RD & LINCOLN ST,39.16422818,-86.53102768
2004,12,6,Weekend,1900,2-Car,No injury/unknown,FAILURE TO YIELD RIGHT OF WAY,PARKRIDGE & SR46,39.16422615,-86.47630108
2004,12,5,Weekday,900,2-Car,No injury/unknown,UNSAFE BACKING,3RD & JORDAN,39.16421255,-86.51639959
2004,9,7,Weekend,1100,2-Car,No injury/unknown,IMPROPER LANE USAGE,E 3RD ST & WILLIAMSBURG,39.1642,-86.49709241
2004,11,6,Weekend,2000,2-Car,No injury/unknown,HEADLIGHT DEFECTIVE OR NOT ON,3RD ST & WILLIAMSBURG,39.1642,-86.497095
2004,11,2,Weekday,1300,2-Car,Non-incapacitating,FAILURE TO YIELD RIGHT OF WAY,3RD ST & WILLIAMSBURG,39.1642,-86.49709284
2004,12,6,Weekday,1200,2-Car,Non-incapacitating,FAILURE TO YIELD RIGHT OF WAY,LONGVIEW & PETEELUS DR,39.1642,-86.494899
2004,11,5,Weekday,1600,2-Car,No injury/unknown,FOLLOWING TOO CLOSELY,3RD ST & PARKRIDGE,39.1642,-86.476699
2004,4,4,Weekday,2100,2-Car,No injury/unknown,FAILURE TO YIELD RIGHT OF WAY,EAST THIRD ST & PARKRIDGE,39.1642,-86.476699
2004,9,3,Weekday,1800,2-Car,No injury/unknown,FAILURE TO YIELD RIGHT OF WAY,COLLEGE MALL & COLLEGE MALL RD,39.164199,-86.498296
2004,12,3,Weekday,1500,2-Car,Non-incapacitating,FOLLOWING TOO CLOSELY,3RD & SMITH RD,39.16419882,-86.480688
2004,7,4,Weekday,1600,2-Car,Non-incapacitating,DRIVER ASLEEP OR FATIGUED,2ND & COLLEGE AVE,39.16418544,-86.53482029
2004,11,2,Weekday,800,2-Car,No injury/unknown,OTHER (DRIVER) - EXPLAIN IN NARRATIVE,3RD & SMITH RD,39.16418509,-86.480688
2004,4,2,Weekday,1800,2-Car,No injury/unknown,UNSAFE BACKING,WALNUT,39.16416457,-86.5336
2004,7,3,Weekday,600,1-Car,No injury/unknown,RAN OFF ROAD RIGHT,KINGS & SR46E,39.16416216,-86.44703889
2004,1,7,Weekend,1200,2-Car,No injury/unknown,UNSAFE BACKING,WALNUT ST,39.164128,-86.5336
2004,3,6,Weekday,1300,3+ Cars,No injury/unknown,OTHER (DRIVER) - EXPLAIN IN NARRATIVE,3RD & COLLEGE MALL RD,39.16410467,-86.49837029
2004,2,6,Weekday,1600,2-Car,No injury/unknown,UNSAFE BACKING,WOODSCREST,39.16410392,-86.50241519