Year,Month,Day,Weekend?,Hour,Collision Type,Injury Type,Primary Factor,Reported_Location,Latitude,Longitude
2004,6,3,Weekday,1500,2-Car,No injury/unknown,UNSAFE BACKING,3RD & LANDMARK,39.16409297,-86.5562826
2004,12,5,Weekday,1100,1-Car,No injury/unknown,RAN OFF ROAD RIGHT,LANDMARK AVE,39.16409297,-86.5562826
2004,2,2,Weekday,1200,2-Car,No injury/unknown,FOLLOWING TOO CLOSELY,SR46 & TRAILWAY,39.16408416,-86.42742726
2004,3,6,Weekday,800,2-Car,No injury/unknown,OTHER (DRIVER) - EXPLAIN IN NARRATIVE,3RD & COLLEGE MALL RD,39.16402346,-86.49835247
2004,2,2,Weekday,400,1-Car,Non-incapacitating,ROADWAY SURFACE CONDITION,OARD & SR48,39.16400689,-86.62337349
2004,5,7,Weekend,1100,2-Car,Non-incapacitating,FAILURE TO YIELD RIGHT OF WAY,3RD & COLLEGE MALL RD,39.16396933,-86.49834058
2004,5,2,Weekday,1300,2-Car,No injury/unknown,OTHER (VEHICLE) - EXPLAIN IN NARRATIVE,3RD & HAWTHORNE DR,39.16396547,-86.52018764
2004,1,3,Weekday,500,1-Car,No injury/unknown,IMPROPER TURNING,3RD & CURRY PIKE,39.163952,-86.5829056
2004,10,6,Weekday,1400,2-Car,No injury/unknown,FOLLOWING TOO CLOSELY,SR37 & W 3RD,39.1639284,-86.57311181
2004,8,6,Weekday,1100,2-Car,No injury/unknown,FAILURE TO YIELD RIGHT OF WAY,3RD & COLLEGE MALL RD,39.1639152,-86.4983287
2004,11,2,Weekday,1200,2-Car,No injury/unknown,LEFT OF CENTER,BELLE & CURRY PIKE,39.16388118,-86.58291032
2004,10,3,Weekday,1700,2-Car,No injury/unknown,IMPROPER PASSING,3RD & COLLEGE MALL RD,39.16383399,-86.49831088
2004,8,2,Weekday,1300,2-Car,No injury/unknown,OTHER (DRIVER) - EXPLAIN IN NARRATIVE,COLLEGE MALL,39.163792,-86.534824
2004,5,4,Weekday,1100,2-Car,No injury/unknown,FAILURE TO YIELD RIGHT OF WAY,ATWATER AVE,39.16376986,-86.52772253
2004,12,7,Weekend,2200,2-Car,No injury/unknown,OVERCORRECTING/OVERSTEERING,WALNUT SPRINGS,39.163744,-86.5336
2004,2,5,Weekday,,2-Car,Incapacitating,DRIVER ILLNESS,3RD & KINGSTON DR,39.16374104,-86.49297881
2004,3,6,Weekday,1200,2-Car,No injury/unknown,FAILURE TO YIELD RIGHT OF WAY,3RD & KINGSTON DR,39.1636917,-86.49298225
2004,6,5,Weekday,1600,2-Car,Non-incapacitating,ROADWAY SURFACE CONDITION,3RD & SMITH RD,39.1636909,-86.480688
2004,2,2,Weekday,1000,2-Car,No injury/unknown,UNSAFE BACKING,S MITCHELL,39.163688,-86.514096
2004,12,3,Weekday,1400,2-Car,No injury/unknown,IMPROPER TURNING,LANDMARK AVE & WILLIAMS BROS PHAARMACY PARKI,39.16367974,-86.5562826
2004,4,1,Weekday,2300,1-Car,Non-incapacitating,OTHER TELEMATICS IN USE,CAVE & SR48,39.16366703,-86.62562086
2004,9,6,Weekday,900,2-Car,No injury/unknown,IMPROPER LANE USAGE,COLLEGE AVE & SMITH,39.16363036,-86.53482553
2004,1,7,Weekend,1600,1-Car,Non-incapacitating,FAILURE TO YIELD RIGHT OF WAY,COLLEGE MALL RD,39.163584,-86.498256
2004,6,2,Weekday,1400,3+ Cars,Non-incapacitating,FAILURE TO YIELD RIGHT OF WAY,COLLEGE MALL RD,39.163584,-86.498256
2004,4,6,Weekday,1400,2-Car,Non-incapacitating,FAILURE TO YIELD RIGHT OF WAY,COLLEGE MALL RD,39.163584,-86.498256
2004,11,3,Weekday,1800,2-Car,No injury/unknown,FAILURE TO YIELD RIGHT OF WAY,COLLEGE MALL RD,39.163584,-86.498256
2004,11,2,Weekday,1600,2-Car,No injury/unknown,FAILURE TO YIELD RIGHT OF WAY,COLLEGE MALL RD,39.163584,-86.498256
2004,12,1,Weekend,1800,1-Car,Non-incapacitating,SPEED TOO FAST FOR WEATHER CONDITIONS,SR46 & TRAILWAY,39.1635595,-86.42588047
2004,8,3,Weekday,700,2-Car,Non-incapacitating,OTHER (DRIVER) - EXPLAIN IN NARRATIVE,GARRISON CHAPEL & SR 48,39.163552,-86.649696
2004,3,5,Weekday,700,1-Car,No injury/unknown,ANIMAL/OBJECT IN ROADWAY,GARRISON & SR48,39.163552,-86.649696
2004,12,5,Weekday,,2-Car,No injury/unknown,OTHER (DRIVER) - EXPLAIN IN NARRATIVE,BELLE & VILLEGE CT,39.163552,-86.583792
2004,12,4,Weekday,2100,1-Car,No injury/unknown,ROADWAY SURFACE CONDITION,GARRISON CHAPEL & SR48,39.163552,-86.649696
2004,9,7,Weekend,1200,2-Car,Non-incapacitating,TIRE FAILURE OR DEFECTIVE,GARRISON CHAPEL & SR48,39.16353649,-86.64934196
2004,3,2,Weekday,1900,2-Car,No injury/unknown,OTHER (DRIVER) - EXPLAIN IN NARRATIVE,ATWATER & FACULTY,39.16349471,-86.52102588
2004,4,7,Weekend,2300,2-Car,Non-incapacitating,CELL PHONE USAGE,3RD & PATTERSON,39.16346117,-86.5512146
2004,7,6,Weekday,1100,2-Car,No injury/unknown,FOLLOWING TOO CLOSELY,3RD ST & PATTERSON,39.16346117,-86.55120594
2004,3,4,Weekday,700,2-Car,No injury/unknown,FAILURE TO YIELD RIGHT OF WAY,3RD & PATTERSON,39.16346117,-86.5512146
2004,2,3,Weekday,700,3+ Cars,No injury/unknown,SPEED TOO FAST FOR WEATHER CONDITIONS,3RD & PATTERSON DR,39.16346117,-86.5512146
2004,1,5,Weekday,900,2-Car,Non-incapacitating,FOLLOWING TOO CLOSELY,3RD & PATTERSON,39.16346117,-86.5512146
2004,1,7,Weekend,1400,2-Car,No injury/unknown,SPEED TOO FAST FOR WEATHER CONDITIONS,3RD ST & PATTERSON,39.16346117,-86.55120594
2004,2,3,Weekday,800,2-Car,No injury/unknown,OTHER (DRIVER) - EXPLAIN IN NARRATIVE,3RD ST & PATTERSON,39.16346117,-86.5512146
2004,2,3,Weekday,800,2-Car,No injury/unknown,ROADWAY SURFACE CONDITION,3RD ST & PATTERSON,39.16346117,-86.5512146
2004,3,6,Weekday,1200,2-Car,No injury/unknown,FAILURE TO YIELD RIGHT OF WAY,3RD ST & PATTERSON,39.16346117,-86.55121806
2004,4,4,Weekday,1100,1-Car,No injury/unknown,RAN OFF ROAD RIGHT,3RD ST & PATTERSON,39.16346117,-86.5512146
2004,5,4,Weekday,1700,2-Car,No injury/unknown,FAILURE TO YIELD RIGHT OF WAY,PATTERSON & W 3RD,39.16346117,-86.55119729
2004,5,2,Weekday,1700,2-Car,No injury/unknown,FOLLOWING TOO CLOSELY,3RD ST & PATTERSON,39.16346117,-86.55120594
2004,12,1,,,2-Car,No injury/unknown,OTHER (DRIVER) - EXPLAIN IN NARRATIVE,GRIMES & S PARK AVE,39.1634364,-86.523699
2004,5,5,Weekday,2200,2-Car,No injury/unknown,IMPROPER TURNING,3RD & COLLEGE MALL RD,39.16342799,-86.49822175
2004,10,1,Weekend,1600,2-Car,Non-incapacitating,FAILURE TO YIELD RIGHT OF WAY,HAGAN & PARK RIDGE RD,39.163401,-86.476299
2004,12,4,Weekday,1800,1-Car,No injury/unknown,ANIMAL/OBJECT IN ROADWAY,GARRISON CHAPEL & SR48,39.16338915,-86.64502995
2004,9,6,Weekend,2200,1-Car,Non-incapacitating,ANIMAL/OBJECT IN ROADWAY,CAVE & SR48,39.16335802,-86.62771075
2004,9,5,Weekday,2300,2-Car,No injury/unknown,LEFT OF CENTER,ATWATER & HENDERSON,39.163344,-86.5272
2004,6,3,Weekday,1700,2-Car,No injury/unknown,DISREGARD SIGNAL/REG SIGN,ATWATER AVE & HENDERSON,39.163344,-86.5272
2004,8,3,Weekday,1700,2-Car,No injury/unknown,FAILURE TO YIELD RIGHT OF WAY,ATWATER AVE & HENDERSON,39.163344,-86.5272
2004,3,6,Weekday,1700,2-Car,Non-incapacitating,FAILURE TO YIELD RIGHT OF WAY,ATWATER AVE & HENDERSON,39.163344,-86.5272
2004,2,5,Weekday,1700,2-Car,Non-incapacitating,FAILURE TO YIELD RIGHT OF WAY,ATWATER & HENDERSON,39.163344,-86.5272
2004,3,2,Weekday,200,1-Car,No injury/unknown,RAN OFF ROAD RIGHT,ATWATER AVE & HENDERSON,39.163344,-86.5272
2004,4,7,Weekend,1100,2-Car,Non-incapacitating,DISREGARD SIGNAL/REG SIGN,ATWATER AVE & HENDERSON,39.163344,-86.5272
2004,5,1,Weekday,2000,2-Car,Non-incapacitating,DISREGARD SIGNAL/REG SIGN,ATWATER & HENDERSON,39.163344,-86.5272
2004,6,4,Weekday,1900,2-Car,No injury/unknown,DISREGARD SIGNAL/REG SIGN,ATWATER & HENDERSON,39.163344,-86.5272
2004,9,2,Weekday,1500,2-Car,Incapacitating,FAILURE TO YIELD RIGHT OF WAY,ATWATER & HENDERSON,39.163344,-86.5272
2004,8,5,Weekday,900,2-Car,No injury/unknown,FAILURE TO YIELD RIGHT OF WAY,ATWATER AVE & HENDERSON,39.163344,-86.5272
2004,8,3,Weekday,800,2-Car,No injury/unknown,FAILURE TO YIELD RIGHT OF WAY,ATWATER & HENDERSON,39.163344,-86.5272
2004,8,4,Weekday,300,1-Car,No injury/unknown,ALCOHOLIC BEVERAGES,ATWATER & HENDERSON,39.163344,-86.52727092
2004,8,3,Weekday,700,2-Car,Non-incapacitating,DISREGARD SIGNAL/REG SIGN,E ATWATER & S HENDERSON,39.163344,-86.5272
2004,10,3,Weekday,1600,3+ Cars,No injury/unknown,DISREGARD SIGNAL/REG SIGN,ATWATER & HENDERSON,39.163344,-86.5272
2004,10,7,Weekend,1300,2-Car,No injury/unknown,FAILURE TO YIELD RIGHT OF WAY,ATWATER AVE & HENDERSON,39.163344,-86.5272
2004,12,7,Weekend,1500,2-Car,No injury/unknown,DISREGARD SIGNAL/REG SIGN,ATWATER ST & HENDERSON,39.163344,-86.5272
2004,12,7,Weekend,100,1-Car,No injury/unknown,ALCOHOLIC BEVERAGES,ATWATER AVE & FESS,39.16333615,-86.52651714
2004,7,7,Weekend,1600,2-Car,No injury/unknown,OTHER (DRIVER) - EXPLAIN IN NARRATIVE,ATWATER & FESS,39.163328,-86.525808
2004,6,4,Weekday,2100,2-Car,Non-incapacitating,DISREGARD SIGNAL/REG SIGN,ATWATER AVE & FESS,39.163328,-86.525808
2004,4,6,Weekday,1300,2-Car,No injury/unknown,DISREGARD SIGNAL/REG SIGN,ATWATER AVE & FESS,39.163328,-86.525808
2004,5,5,Weekday,1900,2-Car,Non-incapacitating,FAILURE TO YIELD RIGHT OF WAY,E ATWATER & S FESS,39.163328,-86.525808
2004,3,4,Weekday,1200,2-Car,No injury/unknown,IMPROPER TURNING,ATWATER AVE & PARK,39.1632952,-86.52392909
2004,10,6,Weekday,1100,2-Car,No injury/unknown,IMPROPER LANE USAGE,ATWATER AVE & PARK,39.16329298,-86.52373407
2004,6,3,Weekday,1000,2-Car,No injury/unknown,FAILURE TO YIELD RIGHT OF WAY,ATWATER & WOODLAWN,39.16328766,-86.52326568
2004,3,4,Weekday,1700,2-Car,No injury/unknown,FOLLOWING TOO CLOSELY,ATWATER AVE & WOODLAWN,39.16328061,-86.52264519
2004,10,4,Weekday,2100,2-Car,No injury/unknown,FAILURE TO YIELD RIGHT OF WAY,ATWATER AVE & WOODLAWN,39.16328,-86.522592
2004,8,6,Weekday,1400,2-Car,No injury/unknown,FAILURE TO YIELD RIGHT OF WAY,3RD & CURRY PIKE,39.16323583,-86.582995
2004,2,3,Weekday,1000,2-Car,No injury/unknown,OTHER (DRIVER) - EXPLAIN IN NARRATIVE,ATWATER & HAWTHRONE,39.163232,-86.520176
2004,2,3,Weekday,2300,2-Car,No injury/unknown,FAILURE TO YIELD RIGHT OF WAY,ATWATER & HAWTHORNE,39.163232,-86.520176
2004,2,6,Weekday,1400,2-Car,No injury/unknown,UNSAFE BACKING,ATWATER & HAWTHORNE DR,39.163232,-86.520176
2004,5,6,Weekday,1500,2-Car,No injury/unknown,FAILURE TO YIELD RIGHT OF WAY,ATWATER AVE & HAWTHORNE,39.163232,-86.520176
2004,9,6,Weekday,1700,Moped/Motorcycle,Incapacitating,UNSAFE SPEED,ATWATER AVE & HAWTHORNE,39.163232,-86.520176
2004,10,4,Weekday,1800,2-Car,Non-incapacitating,OTHER (DRIVER) - EXPLAIN IN NARRATIVE,ATWATER AVE & HAWTHORNE,39.163232,-86.520176
2004,5,4,Weekday,1900,2-Car,No injury/unknown,FOLLOWING TOO CLOSELY,ATWATER & JORDAN AVE,39.16322291,-86.51638482
2004,10,2,Weekday,1800,2-Car,No injury/unknown,IMPROPER TURNING,ATWATER & BALLANTINE,39.163216,-86.519024
2004,4,6,Weekday,1700,2-Car,No injury/unknown,FOLLOWING TOO CLOSELY,ATWATER & HIGHLAND,39.16320394,-86.51793857
2004,1,3,Weekday,100,2-Car,No injury/unknown,FAILURE TO YIELD RIGHT OF WAY,ATWATER AVE & HIGHLAND,39.1632,-86.517584
2004,2,2,Weekday,1400,2-Car,Non-incapacitating,FAILURE TO YIELD RIGHT OF WAY,ATWATER & HIGHLAND,39.1632,-86.517584
2004,6,4,Weekday,1200,2-Car,No injury/unknown,FOLLOWING TOO CLOSELY,ATWATER & HIGHLAND,39.1632,-86.517584
2004,2,5,Weekday,1900,2-Car,No injury/unknown,IMPROPER TURNING,ATWATER AVE & HIGHLAND,39.1632,-86.517584
2004,3,4,Weekday,1100,2-Car,No injury/unknown,UNSAFE BACKING,SOUTH HIGHLAND,39.1632,-86.517584
2004,3,6,Weekday,1000,2-Car,No injury/unknown,UNSAFE BACKING,HIGHLAND,39.1632,-86.517584
2004,8,3,Weekday,1300,3+ Cars,No injury/unknown,FAILURE TO YIELD RIGHT OF WAY,ATWATER AVE & HIGHLAND STREET,39.1632,-86.517584
2004,10,6,Weekday,1200,2-Car,No injury/unknown,FOLLOWING TOO CLOSELY,ATWATER & HIGHLAND,39.1632,-86.517584
2004,10,6,Weekday,1200,2-Car,No injury/unknown,FOLLOWING TOO CLOSELY,ATWATER & HIGHLAND,39.1632,-86.517584
2004,9,2,Weekday,1400,2-Car,No injury/unknown,FAILURE TO YIELD RIGHT OF WAY,ATWATER & HIGHLAND,39.1632,-86.517584
2004,10,2,Weekday,1500,2-Car,No injury/unknown,FAILURE TO YIELD RIGHT OF WAY,ATWATER AVE & HIGHLAND,39.1632,-86.517584
2004,4,3,Weekday,1600,2-Car,No injury/unknown,FOLLOWING TOO CLOSELY,ATWATER AVE & HIGHLAND,39.16319972,-86.51757337
2004,9,1,Weekend,100,2-Car,Non-incapacitating,DISREGARD SIGNAL/REG SIGN,ATWATER & JORDAN,39.163168,-86.516384
2004,7,6,Weekday,1800,2-Car,No injury/unknown,DISREGARD SIGNAL/REG SIGN,ATWATER AVE & JORDAN,39.163168,-86.516384
2004,3,4,Weekday,1800,2-Car,No injury/unknown,FOLLOWING TOO CLOSELY,ATWATER AVE & JORDAN,39.163168,-86.516384
2004,6,5,Weekday,2300,2-Car,No injury/unknown,OTHER (DRIVER) - EXPLAIN IN NARRATIVE,ATWATER & JORDAN,39.163168,-86.516384
2004,6,7,Weekend,1800,2-Car,Non-incapacitating,DISREGARD SIGNAL/REG SIGN,ATWATER AVE & JORDAN,39.163168,-86.516384
2004,11,3,Weekday,1100,2-Car,No injury/unknown,FAILURE TO YIELD RIGHT OF WAY,ATWATER AVE & JORDAN,39.163168,-86.516384
2004,10,1,Weekend,900,2-Car,Non-incapacitating,DISREGARD SIGNAL/REG SIGN,ATWATER AVE & JORDAN,39.163168,-86.516384
2004,2,1,Weekend,1200,2-Car,No injury/unknown,OTHER (DRIVER) - EXPLAIN IN NARRATIVE,ATWATER ST & SWAIN,39.163152,-86.515168
2004,12,6,Weekday,1000,2-Car,No injury/unknown,IMPROPER TURNING,ATWATER & SWAIN,39.163152,-86.515168
2004,11,4,Weekday,1800,2-Car,No injury/unknown,FOLLOWING TOO CLOSELY,ATWATER AVE & MITCHELL,39.163136,-86.514096
2004,11,6,Weekday,800,2-Car,No injury/unknown,FAILURE TO YIELD RIGHT OF WAY,ATWATER AVE & MITCHELL,39.163136,-86.514096
2004,4,5,Weekday,900,2-Car,Non-incapacitating,FAILURE TO YIELD RIGHT OF WAY,400 FESS & ATWATER,39.16312649,-86.52587459
2004,10,5,Weekday,1800,2-Car,No injury/unknown,FAILURE TO YIELD RIGHT OF WAY,ARBUTUS & ATWATER,39.163104,-86.512096
2004,1,4,Weekday,2000,2-Car,No injury/unknown,FAILURE TO YIELD RIGHT OF WAY,ATWATER & PARK,39.1631,-86.52589051
2004,3,3,Weekday,2100,2-Car,No injury/unknown,OTHER (DRIVER) - EXPLAIN IN NARRATIVE,ATWATER & FACULTY,39.1631,-86.522596
2004,5,7,Weekend,1900,2-Car,No injury/unknown,IMPROPER LANE USAGE,ATWATER & PARK,39.1631,-86.525897
2004,8,3,Weekday,1200,2-Car,No injury/unknown,FOLLOWING TOO CLOSELY,ATWATER AVE & CLIFTON,39.16306958,-86.50949366
2004,1,1,Weekend,1600,2-Car,No injury/unknown,UNSAFE BACKING,CLARIZZ BLVD & COLENANTER,39.163056,-86.490752
2004,1,6,Weekday,100,2-Car,No injury/unknown,SPEED TOO FAST FOR WEATHER CONDITIONS,CLARIZZ BLVD & UNIVERSITY COMMONS,39.163056,-86.490752
2004,2,3,Weekday,2200,2-Car,No injury/unknown,OVERCORRECTING/OVERSTEERING,CLARIZZ BLVD,39.163056,-86.490752
2004,9,7,Weekend,800,2-Car,No injury/unknown,DRIVER DISTRACTED - EXPLAIN IN NARRATIVE,CLARIZZ BLVD,39.163056,-86.490752
2004,10,1,Weekend,1500,3+ Cars,No injury/unknown,BRAKE FAILURE OR DEFECTIVE,S CLARIZZ BLVD,39.163056,-86.490752
2004,2,1,Weekend,1700,2-Car,No injury/unknown,OTHER (DRIVER) - EXPLAIN IN NARRATIVE,ATWATER & BALLATINE,39.16304795,-86.51916735
2004,12,2,Weekday,1400,2-Car,No injury/unknown,FAILURE TO YIELD RIGHT OF WAY,ATWATER & HIGH ST,39.16304,-86.508288
2004,5,7,Weekend,300,2-Car,No injury/unknown,ALCOHOLIC BEVERAGES,DUNN ST & SMITH,39.16301273,-86.5284
2004,2,4,Weekday,1400,2-Car,No injury/unknown,FAILURE TO YIELD RIGHT OF WAY,CLARIZZ & MALL ACCESS,39.16300455,-86.49075388
2004,4,1,Weekend,1400,2-Car,Non-incapacitating,DISREGARD SIGNAL/REG SIGN,2ND & COLELGE MALL RD,39.163,-86.497996
2004,6,1,Weekday,2300,2-Car,Non-incapacitating,FAILURE TO YIELD RIGHT OF WAY,2ND & COLLEGEMALL RD,39.163,-86.497996
2004,6,4,Weekday,2300,1-Car,No injury/unknown,CELL PHONE USAGE,GETTYS CRK & SR46,39.16296598,-86.41453144
2004,10,1,Weekend,100,2-Car,No injury/unknown,UNSAFE BACKING,SMITH & WASHINGTON,39.16295782,-86.5324
2004,8,2,Weekday,2100,1-Car,No injury/unknown,UNSAFE SPEED,COLLEGE AVE & SMITH,39.162944,-86.534832
2004,9,2,Weekday,1700,2-Car,No injury/unknown,DRIVER DISTRACTED - EXPLAIN IN NARRATIVE,2ND & COLLEGE AVE,39.162944,-86.534832
2004,2,7,Weekend,1500,2-Car,No injury/unknown,UNSAFE BACKING,COLLEGE MALL RD,39.162928,-86.498112
2004,1,7,Weekend,1800,2-Car,No injury/unknown,OTHER (DRIVER) - EXPLAIN IN NARRATIVE,COLLEGE MALL RD,39.162928,-86.498112
2004,6,6,Weekday,1200,2-Car,No injury/unknown,OTHER (DRIVER) - EXPLAIN IN NARRATIVE,BUICK CADILLAC & COLLEGE MALL RD,39.162928,-86.498112
2004,7,5,Weekday,1300,2-Car,No injury/unknown,UNSAFE BACKING,COLLEGE MALL & COLLEGE MALL RD,39.162928,-86.498112
2004,9,5,Weekday,2300,2-Car,No injury/unknown,BRAKE FAILURE OR DEFECTIVE,2ND & COLLEGE MALL RD,39.162928,-86.498112
2004,11,2,Weekday,1500,3+ Cars,Non-incapacitating,FOLLOWING TOO CLOSELY,BUICK CADILLAC & COLLEGE MALL RD,39.162928,-86.498112
2004,4,6,Weekday,1700,2-Car,No injury/unknown,OTHER (DRIVER) - EXPLAIN IN NARRATIVE,HAGAN ST,39.1629,-86.480785
2004,8,3,Weekday,0,Cyclist,Non-incapacitating,LEFT OF CENTER,COLLEGE MALL RD,39.162894,-86.49798
2004,5,4,Weekday,1700,2-Car,No injury/unknown,FOLLOWING TOO CLOSELY,COLLEGE AVE & SMITH,39.16288909,-86.53483258
2004,11,4,Weekday,900,2-Car,No injury/unknown,LEFT OF CENTER,GETTYS CREEK RD & SR46,39.162864,-86.414432
2004,2,7,Weekend,800,Bus,No injury/unknown,UNSAFE BACKING,2ND & DUNN,39.162848,-86.5284
2004,9,7,Weekend,1700,2-Car,No injury/unknown,FAILURE TO YIELD RIGHT OF WAY,GRANT & SMITH,39.162848,-86.529744
2004,2,6,Weekday,900,2-Car,No injury/unknown,FAILURE TO YIELD RIGHT OF WAY,DUNN ST & SMITH,39.162848,-86.5284
2004,2,4,Weekday,1300,3+ Cars,No injury/unknown,FAILURE TO YIELD RIGHT OF WAY,DUNN ST & SMITH,39.162848,-86.5284
2004,3,4,Weekday,1400,2-Car,No injury/unknown,FAILURE TO YIELD RIGHT OF WAY,SMITH & WALNUT,39.162848,-86.5336
2004,3,4,Weekday,1800,2-Car,No injury/unknown,FAILURE TO YIELD RIGHT OF WAY,SMITH & WALNUT,39.162848,-86.5336
2004,4,5,Weekday,,2-Car,No injury/unknown,OTHER (DRIVER) - EXPLAIN IN NARRATIVE,LINCOLN & SMITH AVE,39.162848,-86.53096908
2004,7,6,Weekday,1500,3+ Cars,Non-incapacitating,DISREGARD SIGNAL/REG SIGN,S DUNN & SMITH,39.162848,-86.5284
2004,5,7,Weekend,,2-Car,No injury/unknown,OTHER (DRIVER) - EXPLAIN IN NARRATIVE,GRANT ST & SMITH,39.162848,-86.529744
2004,7,4,Weekday,1900,2-Car,No injury/unknown,OTHER (DRIVER) - EXPLAIN IN NARRATIVE,SMITH & WASHINGTON,39.162848,-86.5324
2004,10,6,Weekday,1200,2-Car,No injury/unknown,IMPROPER TURNING,SMITH & WALNUT,39.162848,-86.5336
2004,10,3,Weekday,300,2-Car,No injury/unknown,ALCOHOLIC BEVERAGES,DUNN & SMITH,39.162848,-86.5284
2004,8,5,Weekday,1500,2-Car,No injury/unknown,UNSAFE BACKING,E SMITH & S GRANT,39.162848,-86.529744
2004,5,3,Weekday,2300,2-Car,Non-incapacitating,BRAKE FAILURE OR DEFECTIVE,S COLLEGE AVE & W2ND,39.1628,-86.534899
2004,5,2,Weekday,1500,2-Car,Non-incapacitating,FAILURE TO YIELD RIGHT OF WAY,300 BLK E SMITH & BLK S DUNN ST,39.162799,-86.528399
2004,10,4,Weekday,1200,1-Car,No injury/unknown,CELL PHONE USAGE,CURRY PIKE & SR48W,39.16278963,-86.58287344
2004,5,3,Weekday,1700,2-Car,No injury/unknown,FAILURE TO YIELD RIGHT OF WAY,WALNUT & WALNUT ST,39.16267559,-86.5336
2004,9,6,Weekday,1400,1-Car,No injury/unknown,OTHER (DRIVER) - EXPLAIN IN NARRATIVE,S WASHINGTON,39.16267559,-86.5324
2004,1,4,Weekday,700,1-Car,No injury/unknown,OVERCORRECTING/OVERSTEERING,BIRDIE GAYLON & SR46,39.162656,-86.413296
2004,7,3,Weekday,1400,2-Car,No injury/unknown,OTHER (DRIVER) - EXPLAIN IN NARRATIVE,S WALNUT & S WALNUT ST,39.16261812,-86.5336
2004,7,3,Weekday,800,Bus,No injury/unknown,FAILURE TO YIELD RIGHT OF WAY,2ND & PATTERSON DR,39.162501,-86.550396
2004,8,3,Weekday,1500,2-Car,No injury/unknown,VIEW OBSTRUCTED,HOWE & S EUCLID,39.162496,-86.543296
2004,3,2,Weekday,1700,2-Car,Non-incapacitating,FOLLOWING TOO CLOSELY,HOWE & ROGERS ST,39.1624,-86.538592
2004,3,5,Weekday,1800,2-Car,No injury/unknown,SPEED TOO FAST FOR WEATHER CONDITIONS,HOWE & ROGERS ST,39.1624,-86.538592
2004,12,1,Weekday,1900,2-Car,No injury/unknown,,HOWE ST,39.1624,-86.538802
2004,6,2,Weekday,1300,2-Car,Non-incapacitating,FOLLOWING TOO CLOSELY,2ND & ROGERS,39.162399,-86.538699
2004,11,2,Weekday,2000,2-Car,No injury/unknown,FAILURE TO YIELD RIGHT OF WAY,COLLEGE AVE & SMITH,39.16239492,-86.53483784
2004,5,7,Weekend,1000,2-Car,No injury/unknown,FOLLOWING TOO CLOSELY,2ND & PATTERSON,39.162387,-86.550254
2004,12,2,Weekday,1000,2-Car,No injury/unknown,FAILURE TO YIELD RIGHT OF WAY,HOWE & MADISON,39.162368,-86.537296
2004,3,1,Weekend,1400,2-Car,No injury/unknown,UNSAFE BACKING,HUNTER,39.16224,-86.52374074
2004,2,2,Weekday,1800,2-Car,No injury/unknown,FAILURE TO YIELD RIGHT OF WAY,HIGHLAND & HUNTER AVE,39.16224,-86.5176
2004,2,5,Weekday,800,2-Car,No injury/unknown,FAILURE TO YIELD RIGHT OF WAY,FESS ST & HUNTER,39.16224,-86.525824
2004,3,5,Weekday,1400,2-Car,No injury/unknown,FAILURE TO YIELD RIGHT OF WAY,FESS & HUNTER,39.16224,-86.525824
2004,3,4,Weekday,800,2-Car,No injury/unknown,FAILURE TO YIELD RIGHT OF WAY,HUNTER & WOODLAWN AVE,39.16224,-86.522576
2004,5,5,Weekday,1700,2-Car,No injury/unknown,VIEW OBSTRUCTED,HUNTER & JORDAN AVE,39.16224,-86.516368
2004,6,7,Weekend,900,2-Car,Non-incapacitating,DISREGARD SIGNAL/REG SIGN,HUNTER & JORDAN,39.16224,-86.516368
2004,7,2,Weekday,1700,2-Car,No injury/unknown,VIEW OBSTRUCTED,700 E HUNTER AVE ALLEY & ALLEY S FESS,39.16224,-86.525824
2004,6,1,Weekend,1800,2-Car,Non-incapacitating,BRAKE FAILURE OR DEFECTIVE,HUNTER AVE & PARK,39.16224,-86.523968
2004,9,2,Weekday,1500,2-Car,No injury/unknown,FAILURE TO YIELD RIGHT OF WAY,HAWTHORNE & HUNTER AVE,39.16224,-86.52016
2004,9,6,Weekday,1800,2-Car,No injury/unknown,IMPROPER PASSING,HUNTER & WOODLAWN,39.16224,-86.522576
2004,11,4,Weekday,1100,2-Car,No injury/unknown,FAILURE TO YIELD RIGHT OF WAY,HUNTER AVE & PARK,39.16224,-86.523968
2004,12,4,Weekday,1100,2-Car,No injury/unknown,FAILURE TO YIELD RIGHT OF WAY,FESS AVE & HUNTER,39.16224,-86.525824
2004,12,4,Weekday,900,2-Car,No injury/unknown,FAILURE TO YIELD RIGHT OF WAY,HUNTER & WOODLAWN,39.16224,-86.522576
2004,9,6,Weekend,2100,2-Car,Non-incapacitating,OTHER (DRIVER) - EXPLAIN IN NARRATIVE,SEVENTH & WALNUT ST,39.16221239,-86.533599
2004,9,1,Weekend,1200,2-Car,No injury/unknown,FAILURE TO YIELD RIGHT OF WAY,2ND & HENDERSON,39.1622,-86.527199
2004,11,2,Weekday,2100,2-Car,No injury/unknown,FOLLOWING TOO CLOSELY,HIGH ST & HUNTER,39.16219891,-86.508288
2004,8,2,Weekday,1900,2-Car,No injury/unknown,IMPROPER TURNING,3RD & KINGSTON,39.1621521,-86.47171626
2004,2,4,Weekday,1300,2-Car,No injury/unknown,FOLLOWING TOO CLOSELY,DUNN,39.162144,-86.528344