Year,Month,Day,Weekend?,Hour,Collision Type,Injury Type,Primary Factor,Reported_Location,Latitude,Longitude
2004,11,6,Weekday,1300,2-Car,No injury/unknown,FAILURE TO YIELD RIGHT OF WAY,2ND & COLLEGE MALL RD,39.16204873,-86.49792764
2004,6,7,Weekend,1700,2-Car,No injury/unknown,FOLLOWING TOO CLOSELY,BIRDIE GALYAN & SR46,39.16201161,-86.41263342
2004,5,4,Weekday,1100,3+ Cars,No injury/unknown,FOLLOWING TOO CLOSELY,2ND & COLLEGE AVE,39.16198909,-86.53484216
2004,2,3,Weekday,700,2-Car,Non-incapacitating,UNSAFE SPEED,HOWE & ROGERS,39.16198817,-86.538592
2004,6,3,Weekday,1400,1-Car,No injury/unknown,UNSAFE BACKING,COLLEGE MALL  S RD,39.161936,-86.497904
2004,5,5,Weekday,2300,2-Car,No injury/unknown,FAILURE TO YIELD RIGHT OF WAY,2ND & COLLEGE MALL,39.161902,-86.497826
2004,3,2,Weekday,900,2-Car,No injury/unknown,OTHER (DRIVER) - EXPLAIN IN NARRATIVE,WOODCREST DR,39.161786,-86.502499
2004,3,4,Weekday,1500,2-Car,No injury/unknown,FOLLOWING TOO CLOSELY,2ND & COLLEGE AVE,39.16171454,-86.53484508
2004,3,6,Weekday,1300,2-Car,No injury/unknown,UNSAFE BACKING,S COLLEGE MALL RD,39.16171055,-86.49785673
2004,2,3,Weekday,800,2-Car,No injury/unknown,DISREGARD SIGNAL/REG SIGN,2ND ST & WALKER,39.161648,-86.546128
2004,2,7,Weekend,1400,2-Car,No injury/unknown,DISREGARD SIGNAL/REG SIGN,2ND ST & WALKER,39.161648,-86.546128
2004,7,4,Weekday,1600,2-Car,No injury/unknown,CELL PHONE USAGE,2ND & WALKER,39.161648,-86.546128
2004,11,3,Weekday,1100,2-Car,No injury/unknown,FAILURE TO YIELD RIGHT OF WAY,2ND ST & WALKER,39.161648,-86.546128
2004,10,4,Weekday,1800,2-Car,Non-incapacitating,OTHER (DRIVER) - EXPLAIN IN NARRATIVE,W 2ND ST & WALKER,39.161648,-86.546128
2004,5,6,Weekday,1400,2-Car,No injury/unknown,OTHER (DRIVER) - EXPLAIN IN NARRATIVE,2ND ST & EUCLID,39.1616,-86.543296
2004,9,2,Weekday,1500,2-Car,No injury/unknown,FOLLOWING TOO CLOSELY,2ND ST & MAPLE,39.16157745,-86.54245039
2004,2,3,Weekday,800,2-Car,No injury/unknown,ROADWAY SURFACE CONDITION,2ND & MAPLE,39.161568,-86.542096
2004,5,3,Weekday,1700,2-Car,Non-incapacitating,FAILURE TO YIELD RIGHT OF WAY,2ND ST & MAPLE,39.161568,-86.542096
2004,1,6,Weekday,1400,3+ Cars,Non-incapacitating,OTHER (DRIVER) - EXPLAIN IN NARRATIVE,ROGERS & SECOND ST,39.16152,-86.538592
2004,1,4,Weekday,2300,2-Car,Non-incapacitating,FAILURE TO YIELD RIGHT OF WAY,2ND ST & ROGERS,39.16152,-86.538592
2004,2,4,Weekday,1000,2-Car,No injury/unknown,DISREGARD SIGNAL/REG SIGN,2ND & ROGERS ST,39.16152,-86.538592
2004,5,7,Weekend,1100,2-Car,Non-incapacitating,DISREGARD SIGNAL/REG SIGN,2ND ST & ROGERS,39.16152,-86.538592
2004,5,4,Weekday,1200,2-Car,No injury/unknown,DISREGARD SIGNAL/REG SIGN,2ND & ROGERS,39.16152,-86.538592
2004,10,5,Weekday,1000,2-Car,Non-incapacitating,FOLLOWING TOO CLOSELY,2ND ST & ROGERS,39.16152,-86.538592
2004,4,5,Weekday,1600,2-Car,No injury/unknown,IMPROPER LANE USAGE,2ND & MADISON,39.161488,-86.537296
2004,7,6,Weekday,1100,2-Car,No injury/unknown,FOLLOWING TOO CLOSELY,MADISON & SECOND,39.161488,-86.537296
2004,4,2,Weekday,1500,2-Car,No injury/unknown,LEFT OF CENTER,2ND ST & MADISON,39.16148424,-86.53704783
2004,8,2,Weekday,1300,2-Car,No injury/unknown,OTHER (DRIVER) - EXPLAIN IN NARRATIVE,2ND ST & MORTON,39.16147308,-86.53631091
2004,1,6,Weekday,1500,2-Car,Non-incapacitating,FAILURE TO YIELD RIGHT OF WAY,2ND ST & MORTON,39.161472,-86.53624
2004,2,2,Weekday,1300,2-Car,No injury/unknown,FAILURE TO YIELD RIGHT OF WAY,2ND ST & MORTON,39.161472,-86.53624
2004,6,3,Weekday,1600,2-Car,Non-incapacitating,IMPROPER PASSING,2ND ST & MORTON,39.161472,-86.53618681
2004,11,3,Weekday,1700,1-Car,No injury/unknown,RAN OFF ROAD RIGHT,2ND ST & MORTON,39.161472,-86.53624
2004,12,4,Weekday,1300,2-Car,No injury/unknown,FAILURE TO YIELD RIGHT OF WAY,2ND ST & COLLEGE,39.16144985,-86.53520237
2004,6,7,Weekend,1600,2-Car,Non-incapacitating,PRESCRIPTION DRUGS,S PATTERSON & W 2ND,39.16144361,-86.550396
2004,11,5,Weekday,1500,2-Car,No injury/unknown,OTHER (DRIVER) - EXPLAIN IN NARRATIVE,2ND & PATTERSON DR,39.16144361,-86.550396
2004,7,6,,,2-Car,No injury/unknown,UNSAFE BACKING,2ND & GRANT,39.16144,-86.52967135
2004,8,7,Weekend,,2-Car,No injury/unknown,OTHER (DRIVER) - EXPLAIN IN NARRATIVE,2ND ST & DUNN,39.16144,-86.52857168
2004,1,6,Weekday,1500,2-Car,No injury/unknown,OTHER (DRIVER) - EXPLAIN IN NARRATIVE,2ND ST,39.16144,-86.53212571
2004,4,5,Weekday,1200,2-Car,Non-incapacitating,FOLLOWING TOO CLOSELY,2ND & COLLEGE,39.16144,-86.534848
2004,2,5,Weekday,1600,2-Car,No injury/unknown,FAILURE TO YIELD RIGHT OF WAY,2ND ST & LINCOLN,39.16144,-86.531056
2004,2,1,Weekday,2000,2-Car,No injury/unknown,,2ND & COLLEGE AVE,39.16144,-86.534848
2004,2,7,Weekend,1200,2-Car,Non-incapacitating,UNSAFE BACKING,2ND ST,39.16144,-86.52709845
2004,1,7,Weekend,1500,2-Car,No injury/unknown,SPEED TOO FAST FOR WEATHER CONDITIONS,2ND & PARK AVE,39.16144,-86.523952
2004,3,6,Weekday,1700,2-Car,No injury/unknown,FAILURE TO YIELD RIGHT OF WAY,LINCOLN & SECOND ST,39.16144,-86.531056
2004,6,5,Weekday,1400,2-Car,Non-incapacitating,DISREGARD SIGNAL/REG SIGN,2ND ST & WASHINGTON,39.16144,-86.5324
2004,5,5,Weekday,1100,2-Car,No injury/unknown,UNSAFE BACKING,2ND ST,39.16144,-86.53212571
2004,4,3,Weekday,2100,2-Car,No injury/unknown,FAILURE TO YIELD RIGHT OF WAY,2ND ST & LINCOLN,39.16144,-86.531056
2004,9,4,Weekday,1600,2-Car,No injury/unknown,DISREGARD SIGNAL/REG SIGN,2ND & COLLEGE AVE,39.16144,-86.534848
2004,6,3,Weekday,1500,2-Car,No injury/unknown,DRIVER ILLNESS,2ND ST & COLLEGE,39.16144,-86.534848
2004,6,3,Weekday,1800,Moped/Motorcycle,Non-incapacitating,,2ND ST & MORTON,39.16144,-86.531056
2004,6,4,Weekday,900,2-Car,No injury/unknown,OTHER (DRIVER) - EXPLAIN IN NARRATIVE,1ST & WALNUT ST,39.16144,-86.5336
2004,5,2,Weekday,1100,2-Car,Non-incapacitating,DISREGARD SIGNAL/REG SIGN,2ND ST & COLLEGE,39.16144,-86.534848
2004,11,6,Weekday,1300,2-Car,No injury/unknown,FAILURE TO YIELD RIGHT OF WAY,2ND ST & GRANT,39.16144,-86.52976
2004,8,2,Weekday,800,2-Car,No injury/unknown,DISREGARD SIGNAL/REG SIGN,2ND & COLLEGE AVE,39.16144,-86.534848
2004,8,6,Weekend,1900,Cyclist,Non-incapacitating,OTHER (DRIVER) - EXPLAIN IN NARRATIVE,1ST & WALNUT ST,39.16144,-86.5336
2004,9,2,Weekday,1500,2-Car,No injury/unknown,FOLLOWING TOO CLOSELY,2ND & COLLEGE AVE,39.16144,-86.534848
2004,9,1,Weekend,200,1-Car,Non-incapacitating,IMPROPER LANE USAGE,1ST & S HENDERSON,39.16144,-86.527152
2004,10,2,Weekday,1300,2-Car,No injury/unknown,OTHER (DRIVER) - EXPLAIN IN NARRATIVE,2ND ST,39.16144,-86.5324
2004,10,5,Weekday,1400,2-Car,Non-incapacitating,FOLLOWING TOO CLOSELY,2ND ST & COLLEGE,39.16144,-86.5344934
2004,10,5,Weekday,900,2-Car,No injury/unknown,FAILURE TO YIELD RIGHT OF WAY,2ND ST & DUNN,39.16144,-86.528288
2004,10,5,Weekday,1700,2-Car,Non-incapacitating,ROADWAY SURFACE CONDITION,2ND & PARK,39.16144,-86.523952
2004,10,6,Weekday,900,2-Car,No injury/unknown,SPEED TOO FAST FOR WEATHER CONDITIONS,2ND ST & HENDERSON,39.16144,-86.527152
2004,10,7,Weekend,1200,2-Car,No injury/unknown,OTHER (DRIVER) - EXPLAIN IN NARRATIVE,2ND & PARK AVE,39.16144,-86.523952
2004,11,6,Weekday,1000,2-Car,No injury/unknown,OTHER (DRIVER) - EXPLAIN IN NARRATIVE,2ND ST & PARK,39.16144,-86.523952
2004,11,2,Weekday,800,2-Car,No injury/unknown,UNSAFE SPEED,2ND ST & GRANT,39.16144,-86.52976
2004,11,5,Weekday,1100,2-Car,No injury/unknown,SPEED TOO FAST FOR WEATHER CONDITIONS,2ND ST & PARK,39.16144,-86.523952
2004,1,7,Weekend,1700,2-Car,No injury/unknown,FAILURE TO YIELD RIGHT OF WAY,2ND & WALKER,39.1614,-86.543398
2004,2,7,Weekend,1700,2-Car,No injury/unknown,FOLLOWING TOO CLOSELY,S MROTON & W 2ND ST,39.1614,-86.5362
2004,8,4,Weekday,1300,2-Car,No injury/unknown,IMPROPER TURNING,MORTON & W 2ND,39.1614,-86.5362013
2004,6,7,Weekend,0,2-Car,No injury/unknown,FAILURE TO YIELD RIGHT OF WAY,2ND ST & ROGERS,39.1614,-86.5374
2004,7,3,Weekday,1500,2-Car,No injury/unknown,OTHER (DRIVER) - EXPLAIN IN NARRATIVE,2ND ST & PATTERSON,39.1614,-86.5461967
2004,11,6,Weekday,1600,2-Car,Non-incapacitating,FOLLOWING TOO CLOSELY,S PATTERSON & W 2ND ST,39.1614,-86.546198
2004,11,6,Weekday,1100,2-Car,No injury/unknown,DRIVER DISTRACTED - EXPLAIN IN NARRATIVE,2ND ST & WALKER,39.1614,-86.54340665
2004,10,3,Weekday,1300,2-Car,No injury/unknown,FOLLOWING TOO CLOSELY,2ND ST & PATTERSON,39.1614,-86.54618935
2004,9,4,Weekday,1000,2-Car,No injury/unknown,FAILURE TO YIELD RIGHT OF WAY,2ND ST & ROGERS,39.1614,-86.53735673
2004,12,5,Weekday,1000,2-Car,No injury/unknown,UNSAFE BACKING,2ND ST,39.1614,-86.542381
2004,4,5,Weekday,0,2-Car,No injury/unknown,DISREGARD SIGNAL/REG SIGN,SECOND ST & WALKER,39.1614,-86.543398
2004,9,4,Weekday,1200,2-Car,No injury/unknown,OTHER (DRIVER) - EXPLAIN IN NARRATIVE,2ND & LINCOLN,39.16138509,-86.53105681
2004,1,6,Weekday,1000,Bus,No injury/unknown,OTHER (DRIVER) - EXPLAIN IN NARRATIVE,2ND & WOODLAWN AVE,39.16136691,-86.522576
2004,9,4,Weekday,1800,2-Car,No injury/unknown,FAILURE TO YIELD RIGHT OF WAY,2ND ST & WOODLAWN,39.16131282,-86.52261144
2004,8,7,Weekend,1200,2-Car,No injury/unknown,OTHER (DRIVER) - EXPLAIN IN NARRATIVE,2ND ST & WOODLAWN,39.161312,-86.522576
2004,8,2,Weekday,1800,2-Car,No injury/unknown,WRONG WAY ON ONE WAY,2ND ST & HENDERSON,39.1613,-86.528396
2004,4,3,Weekday,1300,1-Car,No injury/unknown,RAN OFF ROAD RIGHT,2ND E ST & WALKER,39.16128533,-86.521216
2004,10,6,Weekday,1800,2-Car,No injury/unknown,ALCOHOLIC BEVERAGES,2ND ST & JORDAN,39.161168,-86.516352
2004,10,6,Weekday,1800,2-Car,No injury/unknown,ALCOHOLIC BEVERAGES,2ND ST & JORDAN,39.16116662,-86.51629884
2004,11,3,Weekday,1900,2-Car,Non-incapacitating,FOLLOWING TOO CLOSELY,PARK SQUARE DR & SUNSET,39.16106959,-86.59186078
2004,6,3,Weekday,1000,1-Car,Non-incapacitating,BRAKE FAILURE OR DEFECTIVE,2ND & EASTSIDE,39.161,-86.514194
2004,7,6,Weekday,1500,3+ Cars,Non-incapacitating,FAILURE TO YIELD RIGHT OF WAY,2ND & PRIVATE,39.161,-86.516396
2004,3,5,Weekday,1600,2-Car,No injury/unknown,FAILURE TO YIELD RIGHT OF WAY,2ND ST & COLLEGE MALL,39.16094401,-86.49858249
2004,3,6,Weekday,1400,2-Car,No injury/unknown,FAILURE TO YIELD RIGHT OF WAY,2ND ST & COLLEGE MALL,39.160944,-86.49780238
2004,2,6,Weekday,1300,2-Car,No injury/unknown,FAILURE TO YIELD RIGHT OF WAY,2ND & WOODSCREST,39.160944,-86.5024
2004,5,2,Weekday,1100,2-Car,No injury/unknown,FOLLOWING TOO CLOSELY,E2ND ST & S HIGH,39.160944,-86.508288
2004,6,5,Weekday,1100,2-Car,Non-incapacitating,FAILURE TO YIELD RIGHT OF WAY,2ND & COLLEGE MALL RD,39.160944,-86.497696
2004,12,5,Weekday,2100,2-Car,Non-incapacitating,FAILURE TO YIELD RIGHT OF WAY,2ND & HIGH,39.160944,-86.508288
2004,6,7,Weekend,,2-Car,No injury/unknown,OTHER (DRIVER) - EXPLAIN IN NARRATIVE,2ND ST,39.160944,-86.4998817
2004,9,5,Weekday,1700,2-Car,Non-incapacitating,FAILURE TO YIELD RIGHT OF WAY,2ND & COLLEGE MALL RD,39.160944,-86.497696
2004,9,5,Weekday,1200,2-Car,No injury/unknown,UNSAFE BACKING,2ND & HIGH ST,39.160944,-86.508288
2004,8,2,Weekday,1300,2-Car,No injury/unknown,OTHER (DRIVER) - EXPLAIN IN NARRATIVE,COLLEGEMALL RD & S COLLEGE MALL,39.160944,-86.497696
2004,12,3,Weekday,1600,2-Car,No injury/unknown,FOLLOWING TOO CLOSELY,E 2ND ST & WOODSCREST,39.160944,-86.5024
2004,10,2,Weekday,800,2-Car,Non-incapacitating,DISREGARD SIGNAL/REG SIGN,2ND ST & HIGH,39.160944,-86.508288
2004,12,6,Weekday,1500,2-Car,No injury/unknown,FAILURE TO YIELD RIGHT OF WAY,2ND & COLLEGE MALL RD,39.160944,-86.497696
2004,12,6,Weekend,2300,2-Car,No injury/unknown,DISREGARD SIGNAL/REG SIGN,2ND & HIGH ST,39.160944,-86.508288
2004,4,6,Weekend,2300,2-Car,No injury/unknown,OTHER (DRIVER) - EXPLAIN IN NARRATIVE,2ND ST,39.1609,-86.499434
2004,6,2,Weekday,1100,2-Car,No injury/unknown,UNSAFE BACKING,2ND,39.1609,-86.49888
2004,3,2,Weekday,2200,2-Car,No injury/unknown,FAILURE TO YIELD RIGHT OF WAY,2ND & COLLEGE MALL RD,39.16088911,-86.49769789
2004,2,6,Weekday,1800,2-Car,Non-incapacitating,FOLLOWING TOO CLOSELY,2ND & COLLEGE MALL RD,39.16087539,-86.49769837
2004,6,4,Weekday,1200,2-Car,No injury/unknown,UNSAFE BACKING,COLLEGE MALL RD,39.160787,-86.497701
2004,11,4,Weekday,1600,1-Car,No injury/unknown,,COLLEGE MALL & COLLEGE MALL RD,39.16071674,-86.49770384
2004,9,5,Weekday,2000,2-Car,No injury/unknown,OTHER (DRIVER) - EXPLAIN IN NARRATIVE,COLLEGE  MALL RD & COLLEGE MALL,39.16071674,-86.49770384
2004,12,5,Weekday,1900,2-Car,Non-incapacitating,FAILURE TO YIELD RIGHT OF WAY,BLOOMFIELD RD & PATTERSON,39.16071544,-86.54846886
2004,10,6,Weekday,900,2-Car,No injury/unknown,FOLLOWING TOO CLOSELY,2ND & COLLEGE MALL RD,39.16066955,-86.49770546
2004,6,5,Weekday,800,2-Car,Non-incapacitating,DISREGARD SIGNAL/REG SIGN,2ND & ADAMS,39.160544,-86.5508
2004,6,7,Weekend,1300,2-Car,No injury/unknown,DISREGARD SIGNAL/REG SIGN,2ND & ADAMS,39.160544,-86.5508
2004,1,2,Weekday,1500,2-Car,No injury/unknown,VIEW OBSTRUCTED,FESS & UNIVERSITY ST,39.16032,-86.525856
2004,7,4,Weekday,1400,1-Car,Non-incapacitating,OTHER (DRIVER) - EXPLAIN IN NARRATIVE,HENDERSON & UNIVERSITY ST,39.16032,-86.527136
2004,10,6,Weekday,700,2-Car,No injury/unknown,ALCOHOLIC BEVERAGES,HENDERSON & UNIVERSITY,39.16032,-86.527136
2004,10,7,Weekend,2100,2-Car,No injury/unknown,FAILURE TO YIELD RIGHT OF WAY,JORDAN & UNIVERSITY,39.160272,-86.516336
2004,12,2,Weekday,100,2-Car,No injury/unknown,OTHER (DRIVER) - EXPLAIN IN NARRATIVE,MITCHELL & UNIVERSITY,39.160256,-86.514096
2004,1,3,Weekday,600,2-Car,No injury/unknown,LEFT OF CENTER,ALLEN & PATTERSON,39.16024314,-86.545199
2004,5,2,Weekday,2100,2-Car,No injury/unknown,ALCOHOLIC BEVERAGES,KIRDWOOD & ROGERS ST,39.16021368,-86.53867437
2004,11,6,Weekday,700,2-Car,Non-incapacitating,OTHER (DRIVER) - EXPLAIN IN NARRATIVE,2ND & HIGH ST,39.16012034,-86.508288
2004,6,3,Weekday,700,2-Car,No injury/unknown,IMPROPER LANE USAGE,BLOOMFIELD RD & LANDMARK,39.15994021,-86.55379814
2004,4,2,Weekday,1000,2-Car,No injury/unknown,UNSAFE BACKING,ATWATER & ATWATER AVE,39.15992779,-86.518812
2004,3,3,Weekday,1800,2-Car,No injury/unknown,UNSAFE BACKING,PATTERSON & WEST 2ND,39.15985753,-86.550396
2004,4,6,Weekday,1100,2-Car,Non-incapacitating,FAILURE TO YIELD RIGHT OF WAY,2ND ST & ADAMS,39.15980237,-86.5538442
2004,5,4,Weekday,200,1-Car,No injury/unknown,ALCOHOLIC BEVERAGES,SMITH & W HOWE,39.15975654,-86.539854
2004,3,1,Weekend,1200,1-Car,No injury/unknown,ILLEGAL DRUGS,1ST & COLLEGE,39.15971453,-86.53487561
2004,1,6,Weekend,2300,1-Car,No injury/unknown,UNSAFE SPEED,ALLEN & PATTERSON DR,39.15971451,-86.545199
2004,2,1,Weekend,1000,2-Car,No injury/unknown,FAILURE TO YIELD RIGHT OF WAY,BUICK CADILLAC & CLARIZZ BLVD,39.1596,-86.490784
2004,6,7,Weekend,1900,2-Car,No injury/unknown,FOLLOWING TOO CLOSELY,HERITAGE WOODS & SR 446,39.159552,-86.471488
2004,2,2,Weekday,1100,2-Car,No injury/unknown,LEFT OF CENTER,1ST & HIGH ST,39.15952255,-86.508288
2004,5,3,Weekday,700,2-Car,Non-incapacitating,DRIVER DISTRACTED - EXPLAIN IN NARRATIVE,BLOOMFIELD RD & RANSOM,39.15951402,-86.55502908
2004,1,5,Weekday,900,2-Car,No injury/unknown,OTHER (DRIVER) - EXPLAIN IN NARRATIVE,1ST & COLLEGE AVE,39.15950863,-86.5348789
2004,1,4,Weekday,1400,2-Car,No injury/unknown,LEFT OF CENTER,FIRST & ROGERS,39.159504,-86.538592
2004,1,5,Weekday,1600,2-Car,Non-incapacitating,DISREGARD SIGNAL/REG SIGN,1ST & ROGERS,39.159504,-86.538592
2004,1,3,Weekday,2200,2-Car,No injury/unknown,FAILURE TO YIELD RIGHT OF WAY,1ST & COLLEGE AVE,39.15944,-86.53488
2004,4,2,Weekday,2000,2-Car,No injury/unknown,DISREGARD SIGNAL/REG SIGN,COLLEGE AVE & FIRST,39.15944,-86.53488
2004,4,3,Weekday,900,1-Car,No injury/unknown,FOLLOWING TOO CLOSELY,BLOOMFIELD RD & RANSOM,39.15944,-86.555296
2004,5,5,Weekday,900,2-Car,No injury/unknown,DISREGARD SIGNAL/REG SIGN,1ST & COLLEGE AVE,39.15944,-86.53488
2004,10,2,Weekday,1200,2-Car,No injury/unknown,WRONG WAY ON ONE WAY,S COLLEGE AVE & W 1ST,39.15944,-86.53488
2004,11,5,Weekday,2200,2-Car,Non-incapacitating,UNSAFE SPEED,1ST & COLLEGE AVE,39.15944,-86.53488
2004,10,4,Weekday,1000,3+ Cars,No injury/unknown,IMPROPER TURNING,1ST & ROGERS,39.1594,-86.53778396
2004,1,6,Weekend,2000,2-Car,No injury/unknown,OTHER (DRIVER) - EXPLAIN IN NARRATIVE,1ST ST & WOODLAWN,39.159344,-86.52247135
2004,4,6,Weekday,1100,2-Car,No injury/unknown,FAILURE TO YIELD RIGHT OF WAY,1ST ST & FESS,39.159344,-86.525872
2004,2,3,Weekday,900,2-Car,No injury/unknown,FOLLOWING TOO CLOSELY,1ST ST & COLLEGE,39.159344,-86.5324
2004,1,4,Weekday,1500,2-Car,Non-incapacitating,FAILURE TO YIELD RIGHT OF WAY,1ST ST & HIGHLAND,39.159344,-86.5176
2004,3,4,Weekday,800,2-Car,No injury/unknown,FAILURE TO YIELD RIGHT OF WAY,1ST ST & HENDERSON,39.159344,-86.52712
2004,4,3,Weekday,1200,2-Car,No injury/unknown,FAILURE TO YIELD RIGHT OF WAY,1ST ST & HIGHLAND,39.159344,-86.5176
2004,6,2,Weekday,1200,2-Car,No injury/unknown,IMPROPER PASSING,E 1ST ST & S GRANT,39.159344,-86.529792
2004,8,6,Weekday,1700,2-Car,Non-incapacitating,FAILURE TO YIELD RIGHT OF WAY,1ST ST & FESS,39.159344,-86.525872
2004,7,4,Weekday,1500,2-Car,No injury/unknown,IMPROPER PASSING,1ST & WASHINGTON,39.159344,-86.5324
2004,5,5,Weekday,1700,1-Car,Non-incapacitating,VIEW OBSTRUCTED,COLLEGE & FIRST,39.159344,-86.53342857
2004,8,7,Weekend,1300,2-Car,No injury/unknown,FAILURE TO YIELD RIGHT OF WAY,1ST ST & FESS,39.159344,-86.525872
2004,10,5,Weekday,1100,2-Car,Non-incapacitating,DISREGARD SIGNAL/REG SIGN,1ST & WASHINGTON ST,39.159344,-86.5324
2004,12,5,Weekday,1000,2-Car,No injury/unknown,OTHER (DRIVER) - EXPLAIN IN NARRATIVE,1ST,39.159344,-86.5295221
2004,6,4,Weekday,1000,2-Car,Non-incapacitating,,ROGERS,39.15933159,-86.538592
2004,1,6,Weekday,1000,2-Car,No injury/unknown,OTHER (DRIVER) - EXPLAIN IN NARRATIVE,BENNINGTON BLVD & ROMANS,39.1593,-86.47984466
2004,9,3,Weekday,,2-Car,No injury/unknown,,1ST & HIGH,39.159248,-86.508288
2004,6,6,Weekend,2200,2-Car,No injury/unknown,FAILURE TO YIELD RIGHT OF WAY,1ST & S HIGH ST,39.159248,-86.508288
2004,8,7,Weekend,1600,1-Car,No injury/unknown,SPEED TOO FAST FOR WEATHER CONDITIONS,HIGH ST & MAXWELL,39.1592,-86.508399
2004,5,6,Weekday,1100,2-Car,No injury/unknown,OTHER (DRIVER) - EXPLAIN IN NARRATIVE,IMA & ROGERS,39.159189,-86.538699
2004,10,5,Weekday,1600,2-Car,Non-incapacitating,LEFT OF CENTER,BUICK CADILLAC BLVD & CLARIZZ,39.15879124,-86.49396821
2004,12,2,Weekday,2200,1-Car,Non-incapacitating,ALCOHOLIC BEVERAGES,HIGH ST,39.158762,-86.508399
2004,12,3,Weekday,1100,2-Car,No injury/unknown,FOLLOWING TOO CLOSELY,BURKS & WALNUT,39.15859279,-86.531399
2004,9,4,Weekday,800,3+ Cars,Non-incapacitating,DRIVER DISTRACTED - EXPLAIN IN NARRATIVE,WALNUT ST & WYLIE,39.15850291,-86.5336
2004,4,3,Weekday,1700,2-Car,No injury/unknown,FAILURE TO YIELD RIGHT OF WAY,HAWTHORNE & WYLIE,39.1585,-86.522596
2004,9,2,Weekday,1500,2-Car,Non-incapacitating,FAILURE TO YIELD RIGHT OF WAY,HAWTHORNE & WYLIE,39.1585,-86.522596
2004,3,6,Weekday,800,2-Car,Non-incapacitating,FAILURE TO YIELD RIGHT OF WAY,WASHINGTON ST & WYLIE,39.158448,-86.5324
2004,8,3,Weekday,900,2-Car,No injury/unknown,FAILURE TO YIELD RIGHT OF WAY,ROGERS ST & WYLIE,39.158448,-86.538592
2004,10,2,Weekday,1100,2-Car,No injury/unknown,UNSAFE BACKING,BASSWOOD DR,39.1583,-86.569693
2004,8,7,Weekend,1600,2-Car,No injury/unknown,FAILURE TO YIELD RIGHT OF WAY,AUTO MALL RD & COVENANTER,39.158299,-86.496099
2004,5,6,Weekday,1500,2-Car,No injury/unknown,OTHER (DRIVER) - EXPLAIN IN NARRATIVE,3RD & PATTERSON,39.15817411,-86.5512146
2004,2,5,Weekday,1500,2-Car,No injury/unknown,IMPROPER TURNING,AUTOMALL & BUICK CADILLAC DR,39.15816,-86.497792
2004,4,3,Weekday,1500,2-Car,No injury/unknown,FAILURE TO YIELD RIGHT OF WAY,BUICK CADILLAC & COLLEGE MALL RD,39.15816,-86.497792
2004,6,6,Weekday,1500,1-Car,Non-incapacitating,PEDESTRIAN ACTION,BUICK CADILLAC & COLLEGE MALL RD,39.15816,-86.497792
2004,9,2,Weekday,1400,1-Car,Non-incapacitating,FAILURE TO YIELD RIGHT OF WAY,BUICK CADILLAC & COLLEGE MALL RD,39.15816,-86.497792
2004,1,5,Weekday,1000,2-Car,No injury/unknown,UNSAFE BACKING,CAMPBELL ST & TENTH,39.15812445,-86.513899
2004,4,4,Weekday,900,2-Car,Non-incapacitating,FOLLOWING TOO CLOSELY,BLOOMFIELD RD & CURRY,39.157999,-86.5575944
2004,6,3,Weekday,800,2-Car,No injury/unknown,FAILURE TO YIELD RIGHT OF WAY,BLOOMFIELD RD & CURRY PIKE,39.157999,-86.557597
2004,3,2,Weekday,1100,2-Car,No injury/unknown,FAILURE TO YIELD RIGHT OF WAY,HENDERSON & MAXWELL LN,39.157952,-86.527088
2004,12,6,Weekday,900,2-Car,No injury/unknown,ROADWAY SURFACE CONDITION,FESS & MAXWELL LN,39.15793695,-86.52595891
2004,9,6,Weekday,600,2-Car,Non-incapacitating,LEFT OF CENTER,GATES DR & JONATHAN,39.15792451,-86.576399
2004,8,7,Weekend,1500,2-Car,No injury/unknown,FAILURE TO YIELD RIGHT OF WAY,JORDAN & MAXWELL LN,39.157856,-86.516288
2004,8,7,Weekend,1800,1-Car,No injury/unknown,RAN OFF ROAD RIGHT,HROH & MAXWELL,39.1578,-86.508399
2004,8,7,Weekend,1600,2-Car,Non-incapacitating,FAILURE TO YIELD RIGHT OF WAY,HIGH ST & MAXWELL,39.157792,-86.508288
2004,5,6,Weekend,2200,2-Car,Non-incapacitating,ALCOHOLIC BEVERAGES,MAXWELL LN & MAXWELL TERRACE,39.157744,-86.503792
2004,7,7,Weekend,100,3+ Cars,Non-incapacitating,ALCOHOLIC BEVERAGES,MAXWELL,39.157703,-86.511789
2004,12,5,Weekday,300,1-Car,Non-incapacitating,UNSAFE SPEED,JORDAN & MAXWELL,39.15766464,-86.51626504
2004,8,7,Weekend,,2-Car,No injury/unknown,OTHER (DRIVER) - EXPLAIN IN NARRATIVE,DODDS ST & FARIVIEW,39.157648,-86.540944
2004,1,7,Weekend,1700,2-Car,No injury/unknown,UNSAFE BACKING,DODDS & FAIRVIEW,39.15764439,-86.54067811
2004,9,4,Weekday,1400,2-Car,No injury/unknown,FOLLOWING TOO CLOSELY,DODDS ST & ROGERS,39.15762565,-86.53930105
2004,5,5,Weekday,2000,2-Car,No injury/unknown,DISREGARD SIGNAL/REG SIGN,DODDS & ROGERS ST,39.157616,-86.538592
2004,9,7,Weekend,700,3+ Cars,No injury/unknown,UNSAFE SPEED,GATEWOOD DR,39.157608,-86.550086