Year,Month,Day,Weekend?,Hour,Collision Type,Injury Type,Primary Factor,Reported_Location,Latitude,Longitude
2004,5,6,Weekend,2200,2-Car,Non-incapacitating,DISREGARD SIGNAL/REG SIGN,ALLEN & PATTERSON ST,39.1576,-86.545199
2004,11,3,Weekday,900,2-Car,No injury/unknown,FOLLOWING TOO CLOSELY,ALLEN & PATTERSON DR,39.1576,-86.545199
2004,7,7,Weekend,1200,2-Car,No injury/unknown,UNSAFE BACKING,BLOOMFIELD RD,39.15759543,-86.55894204
2004,5,5,Weekday,1400,2-Car,No injury/unknown,FAILURE TO YIELD RIGHT OF WAY,DODDS ST & MORTON,39.157584,-86.536288
2004,6,1,Weekend,1100,2-Car,No injury/unknown,OTHER (DRIVER) - EXPLAIN IN NARRATIVE,JORDAN AVE & MAXWELL,39.15758263,-86.5162552
2004,7,5,Weekday,0,2-Car,No injury/unknown,DRIVER DISTRACTED - EXPLAIN IN NARRATIVE,DODDS & FAIRVIEW ST,39.15756567,-86.54094694
2004,3,2,Weekday,1700,2-Car,No injury/unknown,OTHER (DRIVER) - EXPLAIN IN NARRATIVE,DODDS & WALNUT,39.157552,-86.5336
2004,6,4,Weekday,2000,2-Car,No injury/unknown,OTHER (DRIVER) - EXPLAIN IN NARRATIVE,BRIGHTON & SMITH RD,39.157552,-86.480592
2004,11,6,Weekday,1700,2-Car,No injury/unknown,WRONG WAY ON ONE WAY,DODDS ST & S WALNUT ST,39.157552,-86.5336
2004,7,2,Weekday,700,2-Car,Non-incapacitating,FAILURE TO YIELD RIGHT OF WAY,DODDS & WASHINGTON ST,39.157536,-86.5324
2004,1,1,Weekend,1000,2-Car,No injury/unknown,FAILURE TO YIELD RIGHT OF WAY,DODD & LINCOLN ST,39.157504,-86.531104
2004,10,3,Weekday,2000,2-Car,No injury/unknown,UNSAFE BACKING,BLOOMFIELD & CORY,39.15741257,-86.55938939
2004,6,5,Weekday,1100,2-Car,No injury/unknown,FOLLOWING TOO CLOSELY,BLOOMFIELD & CURRY,39.157401,-86.559799
2004,4,2,Weekday,1200,3+ Cars,Non-incapacitating,FOLLOWING TOO CLOSELY,DODDS & WALNUT ST,39.15737206,-86.53368833
2004,10,3,Weekday,1600,2-Car,Non-incapacitating,FOLLOWING TOO CLOSELY,BLOOMFIELD RD & CORY,39.15731209,-86.55963522
2004,2,6,Weekday,500,2-Car,No injury/unknown,DISREGARD SIGNAL/REG SIGN,PARK SQUARE DR & WOODSIDE,39.15704,-86.591696
2004,7,4,Weekday,1500,3+ Cars,Non-incapacitating,FOLLOWING TOO CLOSELY,CURRY PIKE & GIFFORD,39.15696462,-86.58270626
2004,9,5,Weekday,1900,2-Car,Non-incapacitating,IMPROPER TURNING,CURRY PIKE & GIFFORD,39.156896,-86.582704
2004,6,2,Weekday,1900,2-Car,Non-incapacitating,OTHER (DRIVER) - EXPLAIN IN NARRATIVE,CURRY PIKE & GIFFORD,39.156896,-86.582704
2004,1,6,Weekday,1000,2-Car,Non-incapacitating,DISREGARD SIGNAL/REG SIGN,CURRY & GIFFORD,39.156896,-86.582704
2004,8,6,Weekday,1000,3+ Cars,No injury/unknown,FOLLOWING TOO CLOSELY,3RD & SR45W,39.15680761,-86.5731334
2004,7,5,Weekday,1500,2-Car,No injury/unknown,FAILURE TO YIELD RIGHT OF WAY,CURRY PIKE & GIFFORD,39.15675872,-86.582704
2004,2,5,Weekday,1300,2-Car,Non-incapacitating,FAILURE TO YIELD RIGHT OF WAY,COLLEGE MALL RD,39.156643,-86.497798
2004,9,4,Weekday,1100,2-Car,No injury/unknown,UNSAFE BACKING,S COLLEGE MALL RD,39.156643,-86.497798
2004,11,7,Weekend,1800,2-Car,No injury/unknown,FAILURE TO YIELD RIGHT OF WAY,DIXIE & HENDERSON ST,39.15664,-86.527072
2004,11,2,Weekday,900,2-Car,No injury/unknown,OTHER (DRIVER) - EXPLAIN IN NARRATIVE,DIXIE & PALMER,39.15660678,-86.5291589
2004,5,3,Weekday,300,2-Car,No injury/unknown,ALCOHOLIC BEVERAGES,DIXIE & WASHINGTON,39.15655764,-86.53257726
2004,5,3,Weekday,300,2-Car,No injury/unknown,ALCOHOLIC BEVERAGES,DIXIE & WASHINGTON ST,39.15651882,-86.5324
2004,11,2,Weekday,1000,2-Car,No injury/unknown,FOLLOWING TOO CLOSELY,E MAXWELL ST & MAXWELL,39.156448,-86.5116
2004,5,3,Weekday,1500,1-Car,No injury/unknown,RAN OFF ROAD RIGHT,ALLEN & BLOOMFIELD,39.1561554,-86.56128612
2004,8,3,Weekday,1100,3+ Cars,No injury/unknown,FOLLOWING TOO CLOSELY,ALLEN & BLOOMFIELD RD,39.156144,-86.561296
2004,6,6,Weekday,1100,2-Car,No injury/unknown,FAILURE TO YIELD RIGHT OF WAY,ALLEN & BLOOMFIELD RD,39.156144,-86.561296
2004,9,3,Weekday,1500,2-Car,No injury/unknown,FAILURE TO YIELD RIGHT OF WAY,ALLEN & BLOOMFIELD RD,39.156144,-86.561296
2004,10,2,Weekday,1800,2-Car,Non-incapacitating,FAILURE TO YIELD RIGHT OF WAY,ALLEN & BLOOMFIELD RD,39.156144,-86.561296
2004,5,3,Weekday,1700,2-Car,No injury/unknown,FAILURE TO YIELD RIGHT OF WAY,ALLEN & BLOOMFIELD RD,39.15612477,-86.56132131
2004,1,5,Weekday,1800,1-Car,Non-incapacitating,RAN OFF ROAD RIGHT,MITCHELL ST & SOUTHDOWNS,39.155952,-86.513888
2004,4,6,Weekday,1500,Bus,Non-incapacitating,IMPROPER PASSING,ADAMS & ALLEN ST,39.1559305,-86.5516553
2004,10,6,Weekday,1700,2-Car,Non-incapacitating,LEFT OF CENTER,ALLEN & WALNUT ST,39.15592255,-86.5336
2004,6,3,Weekday,800,2-Car,Non-incapacitating,OTHER (DRIVER) - EXPLAIN IN NARRATIVE,ALLEN ST & TIMOTHY,39.155904,-86.55578788
2004,1,5,Weekday,2000,2-Car,No injury/unknown,UNSAFE SPEED,ALLEN ST,39.155888,-86.5495104
2004,11,3,Weekday,1400,2-Car,No injury/unknown,UNSAFE SPEED,FRIENDSHIP & SR46,39.15580572,-86.4079941
2004,7,2,Weekday,1700,3+ Cars,Non-incapacitating,OTHER (DRIVER) - EXPLAIN IN NARRATIVE,FRIENDSHIP & SR46,39.15580572,-86.4079941
2004,7,7,Weekend,1900,2-Car,No injury/unknown,UNSAFE BACKING,WAST  ALLEN,39.1558,-86.549197
2004,4,5,Weekday,1700,2-Car,No injury/unknown,FAILURE TO YIELD RIGHT OF WAY,ALLEN & ROGERS ST,39.155776,-86.538592
2004,5,4,Weekday,1100,2-Car,No injury/unknown,FAILURE TO YIELD RIGHT OF WAY,ALLEN & ROGERS ST,39.155776,-86.538592
2004,9,6,Weekday,1100,2-Car,Non-incapacitating,FAILURE TO YIELD RIGHT OF WAY,ALLEN & ROGERS,39.155776,-86.538592
2004,2,6,Weekday,800,2-Car,No injury/unknown,ROADWAY SURFACE CONDITION,1200 ALLEN & HILLTOP MOBILE HOME,39.155744,-86.545936
2004,6,3,Weekday,1500,2-Car,No injury/unknown,FAILURE TO YIELD RIGHT OF WAY,LARKSPUR & W ALLEN ST,39.155704,-86.547698
2004,10,7,Weekend,2100,2-Car,No injury/unknown,UNSAFE BACKING,SOUTH LARKSPUR & WEST ALLEN ST,39.155704,-86.54771531
2004,4,7,Weekend,1600,3+ Cars,No injury/unknown,FOLLOWING TOO CLOSELY,JEFFERSON & SR46,39.15569866,-86.56209691
2004,4,2,Weekday,1700,2-Car,Non-incapacitating,DISREGARD SIGNAL/REG SIGN,ALLEN & LINCOLN,39.15568,-86.531136
2004,7,4,Weekday,1900,2-Car,No injury/unknown,FAILURE TO YIELD RIGHT OF WAY,ALLEN & WASHINGTON ST,39.155664,-86.5324
2004,7,6,Weekday,1200,2-Car,No injury/unknown,FAILURE TO YIELD RIGHT OF WAY,ALLEN & WASHINGTON ST,39.155664,-86.5324
2004,9,5,Weekday,1300,2-Car,No injury/unknown,FAILURE TO YIELD RIGHT OF WAY,ALLEN & WASHINGTON ST,39.155664,-86.5324
2004,5,3,Weekday,1800,2-Car,No injury/unknown,FOLLOWING TOO CLOSELY,ALLEN ST & PATTERSON,39.1556,-86.5432
2004,9,4,Weekday,1700,2-Car,No injury/unknown,DRIVER DISTRACTED - EXPLAIN IN NARRATIVE,ALLEN & S PATTERSON,39.1556,-86.5432
2004,4,6,Weekday,1000,2-Car,No injury/unknown,UNSAFE BACKING,JORDAN & JORDAN SQUARE PARKING,39.155344,-86.5152
2004,6,2,Weekday,1600,1-Car,No injury/unknown,OTHER (DRIVER) - EXPLAIN IN NARRATIVE,2ND & SR37,39.15534099,-86.57320781
2004,9,7,Weekend,1700,1-Car,Non-incapacitating,RAN OFF ROAD RIGHT,COVENANTER & NOTA,39.15515973,-86.5044638
2004,5,2,Weekday,1600,2-Car,No injury/unknown,FAILURE TO YIELD RIGHT OF WAY,COVENANTER & S COLLEGE MALL RD,39.155152,-86.497888
2004,11,3,Weekday,1800,2-Car,No injury/unknown,UNSAFE BACKING,COVENANTER,39.155152,-86.504496
2004,10,6,Weekday,1100,2-Car,No injury/unknown,OTHER (DRIVER) - EXPLAIN IN NARRATIVE,COLLEGE MALL & COVENANTER DR,39.1551,-86.498099
2004,1,5,Weekday,1800,Bus,No injury/unknown,FAILURE TO YIELD RIGHT OF WAY,AUTO MALL & COVENANTER DR,39.155096,-86.497088
2004,10,6,Weekend,1900,2-Car,No injury/unknown,FAILURE TO YIELD RIGHT OF WAY,COVENANTER,39.15504,-86.509552
2004,4,4,Weekday,700,2-Car,No injury/unknown,RAN OFF ROAD RIGHT,APPLETREE PL,39.154944,-86.58784
2004,6,2,Weekday,2000,2-Car,No injury/unknown,UNSAFE BACKING,APPLETREE & WOODSIDE,39.154944,-86.58784
2004,3,2,Weekday,1900,2-Car,No injury/unknown,FAILURE TO YIELD RIGHT OF WAY,ALLEN & BLOOMFIELD,39.1549,-86.56318934
2004,6,2,Weekday,600,1-Car,Incapacitating,RAN OFF ROAD RIGHT,BLOMMFIELD RD & WEIMER,39.1549,-86.56317203
2004,10,1,Weekend,1200,2-Car,Non-incapacitating,FAILURE TO YIELD RIGHT OF WAY,DAVIS ST,39.15466467,-86.54015581
2004,4,1,Weekend,500,1-Car,No injury/unknown,UNSAFE SPEED,CLARIZZ & COVENANTER,39.15464,-86.5092
2004,3,5,Weekday,900,2-Car,No injury/unknown,FAILURE TO YIELD RIGHT OF WAY,COVENANTER,39.154538,-86.493299
2004,1,3,Weekday,1600,1-Car,Non-incapacitating,PEDESTRIAN ACTION,DAVIS & WALNUT,39.15448928,-86.5336
2004,2,7,Weekend,200,1-Car,No injury/unknown,ALCOHOLIC BEVERAGES,DAVIS & WASHINGTON ST,39.15448928,-86.5324
2004,1,4,Weekday,100,2-Car,No injury/unknown,FAILURE TO YIELD RIGHT OF WAY,DAVIS & HENDERSON,39.154352,-86.527024
2004,10,1,Weekend,1000,2-Car,No injury/unknown,OTHER (DRIVER) - EXPLAIN IN NARRATIVE,DAVIS & ROGERS,39.154352,-86.528
2004,8,3,Weekday,,2-Car,No injury/unknown,FAILURE TO YIELD RIGHT OF WAY,BLOOMFIELD RD & WEIMER,39.154272,-86.564176
2004,10,2,Weekday,800,2-Car,Non-incapacitating,FAILURE TO YIELD RIGHT OF WAY,BLOOMFIELD RD & WEIMER,39.154272,-86.564176
2004,3,3,Weekday,2100,2-Car,No injury/unknown,UNSAFE BACKING,WALNUT ST,39.15422171,-86.5336
2004,6,6,Weekend,2100,2-Car,No injury/unknown,UNSAFE BACKING,WALNUT ST,39.15422171,-86.5336
2004,8,2,Weekday,1600,2-Car,Non-incapacitating,DRIVER DISTRACTED - EXPLAIN IN NARRATIVE,GRIMES & WALNUT,39.1542,-86.533799
2004,6,1,Weekday,2100,3+ Cars,No injury/unknown,OTHER (DRIVER) - EXPLAIN IN NARRATIVE,COLLEGE MALL RD,39.15412578,-86.49786768
2004,11,4,Weekday,2200,2-Car,No injury/unknown,UNSAFE BACKING,S COLLEGE MALL RD PARKING LOT,39.15412578,-86.49786768
2004,1,2,Weekday,2300,1-Car,No injury/unknown,OTHER (VEHICLE) - EXPLAIN IN NARRATIVE,TIMBERS TRL,39.1541,-86.5696
2004,9,4,Weekday,1700,2-Car,Non-incapacitating,FOLLOWING TOO CLOSELY,S LIBERTY & W 3RD,39.15402456,-86.5791
2004,9,2,Weekday,1400,3+ Cars,Non-incapacitating,OTHER (DRIVER) - EXPLAIN IN NARRATIVE,3RD & LIBERTY,39.15402456,-86.5791
2004,6,4,Weekday,1400,2-Car,No injury/unknown,FAILURE TO YIELD RIGHT OF WAY,PATTERSON & ROGERS,39.153899,-86.538699
2004,8,5,Weekday,1600,2-Car,No injury/unknown,DRIVER DISTRACTED - EXPLAIN IN NARRATIVE,PATTERSON & S ROGERS ST,39.153899,-86.538699
2004,5,5,Weekday,1200,2-Car,No injury/unknown,IMPROPER LANE USAGE,GRIMES & WALNUT ST,39.15385183,-86.5336
2004,8,5,Weekday,1400,1-Car,Non-incapacitating,OTHER (DRIVER) - EXPLAIN IN NARRATIVE,COVENANTE & S COLLEGE MALL RD,39.15383089,-86.49786184
2004,9,2,Weekday,1300,2-Car,No injury/unknown,OTHER (DRIVER) - EXPLAIN IN NARRATIVE,PATTERSON & ROGERS,39.1538,-86.540436
2004,6,6,Weekend,2200,1-Car,No injury/unknown,ROADWAY SURFACE CONDITION,BLOOMFIELD RD & WEIMER,39.15377314,-86.5650224
2004,3,4,Weekday,1400,2-Car,No injury/unknown,UNSAFE BACKING,COLLEGE MALL RD,39.15365396,-86.49785834
2004,2,5,Weekday,1600,2-Car,No injury/unknown,FAILURE TO YIELD RIGHT OF WAY,GRIMES & WASHINGTON,39.15354982,-86.5324
2004,10,3,Weekday,0,2-Car,No injury/unknown,UNSAFE BACKING,GRIMES & PARK AVE,39.15352473,-86.5236
2004,10,6,Weekday,1300,3+ Cars,Non-incapacitating,OTHER (DRIVER) - EXPLAIN IN NARRATIVE,GRIMES & WASHINGTON ST,39.15349491,-86.5324
2004,8,4,Weekday,1000,2-Car,No injury/unknown,OTHER (DRIVER) - EXPLAIN IN NARRATIVE,S COLLEGE MALL RD RD,39.153441,-86.497699
2004,3,2,Weekday,900,2-Car,No injury/unknown,FAILURE TO YIELD RIGHT OF WAY,GRIMES LN & WALNUT,39.15344,-86.53331635
2004,7,6,Weekday,1100,2-Car,No injury/unknown,FAILURE TO YIELD RIGHT OF WAY,GRIMES LN & WALNUT,39.15344,-86.53430912
2004,1,4,Weekday,1900,3+ Cars,Non-incapacitating,DISREGARD SIGNAL/REG SIGN,GRIMES & WALNUT ST,39.15344,-86.5336
2004,6,2,Weekday,1400,2-Car,No injury/unknown,FOLLOWING TOO CLOSELY,GRIMES & WALNUT ST,39.15344,-86.5336
2004,6,5,Weekday,800,3+ Cars,Non-incapacitating,FAILURE TO YIELD RIGHT OF WAY,GRIMES & WALNUT ST,39.15344,-86.5336
2004,11,2,Weekday,800,1-Car,Non-incapacitating,PEDESTRIAN ACTION,GRIMES & WALNUT,39.15344,-86.5336
2004,10,4,Weekday,1700,2-Car,No injury/unknown,DISREGARD SIGNAL/REG SIGN,GRIMES & WASHINGTON,39.15344,-86.5324
2004,9,5,Weekday,1800,2-Car,No injury/unknown,DISREGARD SIGNAL/REG SIGN,GRIMES & S WALNUT ST,39.15344,-86.5336
2004,10,1,Weekend,1200,2-Car,Non-incapacitating,DISREGARD SIGNAL/REG SIGN,GRIMES & WASHINGTON,39.15344,-86.5324
2004,10,2,Weekday,2100,1-Car,No injury/unknown,UNSAFE BACKING,GRIMES & WALNUT,39.15344,-86.5336
2004,10,4,Weekday,1100,2-Car,No injury/unknown,OTHER (DRIVER) - EXPLAIN IN NARRATIVE,GRIMES & S WALNUT,39.15344,-86.5336
2004,9,5,Weekday,1800,2-Car,No injury/unknown,IMPROPER PASSING,GRIMES & WALNUT,39.15344,-86.5336
2004,12,6,Weekday,700,2-Car,No injury/unknown,IMPROPER TURNING,GRIMES & WALNUT,39.15344,-86.5336
2004,11,7,Weekend,1600,2-Car,No injury/unknown,IMPROPER TURNING,GRIMES & WALNUT,39.15344,-86.5336
2004,10,6,Weekday,1300,2-Car,No injury/unknown,FAILURE TO YIELD RIGHT OF WAY,S COLLEGE MALL RD,39.153436,-86.497699
2004,8,2,Weekday,0,1-Car,No injury/unknown,BRAKE FAILURE OR DEFECTIVE,FENBROOK,39.153413,-86.485586
2004,12,6,Weekday,800,2-Car,Non-incapacitating,FAILURE TO YIELD RIGHT OF WAY,GRIMES LN & PALMER,39.153408,-86.529088
2004,5,5,Weekday,600,2-Car,No injury/unknown,SPEED TOO FAST FOR WEATHER CONDITIONS,GRIMES & HENDERSON,39.153392,-86.527008
2004,1,2,Weekday,1400,2-Car,Non-incapacitating,FAILURE TO YIELD RIGHT OF WAY,GRIMES & HENDERSON,39.153392,-86.527008
2004,3,6,Weekday,1300,2-Car,Non-incapacitating,DISREGARD SIGNAL/REG SIGN,GRIMES LN & HENDERSON,39.153392,-86.527008
2004,7,1,Weekend,1300,2-Car,Non-incapacitating,DISREGARD SIGNAL/REG SIGN,GRIMES & HENDERSON,39.153392,-86.527008
2004,8,3,Weekday,1800,2-Car,Non-incapacitating,DISREGARD SIGNAL/REG SIGN,GRIMES & HENDERSON ST,39.153392,-86.527008
2004,5,3,Weekday,1200,2-Car,Non-incapacitating,FAILURE TO YIELD RIGHT OF WAY,GRIMES & WALNUT ST,39.15330272,-86.5336
2004,5,6,Weekday,900,2-Car,Non-incapacitating,FOLLOWING TOO CLOSELY,E GRIMES LN & S HENDEROSN,39.1533,-86.528096
2004,7,2,Weekday,900,2-Car,No injury/unknown,DISREGARD SIGNAL/REG SIGN,GRIMES LN & LINCOLN,39.1533,-86.532495
2004,5,3,Weekday,1300,1-Car,No injury/unknown,OTHER (DRIVER) - EXPLAIN IN NARRATIVE,COLLEGE MALL RD,39.15320216,-86.49787157
2004,4,3,Weekday,1800,2-Car,Non-incapacitating,FAILURE TO YIELD RIGHT OF WAY,MOORES & S COLLEGE MALL RD,39.15320216,-86.49787157
2004,7,4,Weekday,1000,2-Car,Non-incapacitating,DRIVER DISTRACTED - EXPLAIN IN NARRATIVE,GRIMES & WALNUT ST,39.15311054,-86.5336
2004,8,2,Weekday,1600,2-Car,Non-incapacitating,FOLLOWING TOO CLOSELY,DRISCOLL & ROGERS ST,39.15291455,-86.538592
2004,1,2,Weekday,1700,1-Car,Non-incapacitating,RAN OFF ROAD LEFT,BRUMMETTS CREEK & SR46,39.15286104,-86.39268012
2004,3,1,Weekday,2100,2-Car,No injury/unknown,IMPROPER TURNING,DRISCOLL ST & ROGERS,39.15264,-86.53855655
2004,10,1,,,2-Car,No injury/unknown,OTHER (DRIVER) - EXPLAIN IN NARRATIVE,WEATHERSTON,39.152605,-86.518594
2004,5,4,Weekday,1700,2-Car,No injury/unknown,OTHER (DRIVER) - EXPLAIN IN NARRATIVE,DRISCOLL & S WASHINGTON ST,39.152544,-86.5324
2004,6,6,Weekday,1700,2-Car,No injury/unknown,UNSAFE BACKING,COLLEGE MALL & COLLEGE MALL RD,39.15250667,-86.497904
2004,5,2,Weekday,2100,2-Car,No injury/unknown,FAILURE TO YIELD RIGHT OF WAY,CLARIZZ BLVD & COVENANTER,39.1525,-86.4905
2004,11,5,Weekday,1000,Bus,No injury/unknown,IMPROPER TURNING,CLARIZZ & COVENANTER DR,39.152499,-86.490495
2004,6,1,Weekend,1200,2-Car,No injury/unknown,OTHER (DRIVER) - EXPLAIN IN NARRATIVE,KENT & SR46,39.152448,-86.400288
2004,8,2,Weekday,1000,2-Car,No injury/unknown,OTHER (DRIVER) - EXPLAIN IN NARRATIVE,BRIDGESTONE & SR446,39.1522904,-86.47140384
2004,2,7,Weekend,1600,2-Car,Non-incapacitating,LEFT OF CENTER,SR46 & WOODVIEW,39.15196446,-86.38137123
2004,11,2,Weekday,900,2-Car,No injury/unknown,UNSAFE BACKING,BRENDA LN & PARK,39.151952,-86.525888
2004,5,3,Weekday,1600,2-Car,No injury/unknown,FAILURE TO YIELD RIGHT OF WAY,2ND & ROGERS ST,39.15182515,-86.538699
2004,4,6,Weekday,1100,2-Car,No injury/unknown,IMPROPER LANE USAGE,WALNUT ST & WILSON,39.15178528,-86.5336
2004,12,6,Weekday,1000,2-Car,No injury/unknown,FAILURE TO YIELD RIGHT OF WAY,WASHINGTON ST & WILSON,39.151616,-86.5324
2004,1,2,Weekday,1600,2-Car,Non-incapacitating,LEFT OF CENTER,BRUMMETS CREEK & SR46,39.151552,-86.389584
2004,10,1,Weekend,400,1-Car,Non-incapacitating,NONE (DRIVER),GIFFORD & KIRBY,39.15144,-86.610496
2004,5,6,Weekday,900,2-Car,No injury/unknown,OTHER (DRIVER) - EXPLAIN IN NARRATIVE,E MOORES & S CLARIZZ,39.151099,-86.4912
2004,12,3,Weekday,1400,2-Car,Non-incapacitating,FAILURE TO YIELD RIGHT OF WAY,BASSWOOD & BLOOMFIELD RD,39.150901,-86.568
2004,12,5,Weekday,1600,2-Car,No injury/unknown,IMPROPER TURNING,BASSWOOD & BLOOMFIELD RD,39.150901,-86.568
2004,2,3,Weekday,1400,2-Car,No injury/unknown,FAILURE TO YIELD RIGHT OF WAY,HILLSIDE DR & WOODLAWN,39.15072,-86.522496
2004,5,6,Weekend,2200,2-Car,No injury/unknown,VIEW OBSTRUCTED,HILLSIDE DR & WOODLAWN,39.15072,-86.522496
2004,1,2,Weekday,1600,2-Car,Non-incapacitating,FAILURE TO YIELD RIGHT OF WAY,HILLSIDE DR & WOODLAWN,39.15070583,-86.52178715
2004,1,2,Weekday,700,2-Car,No injury/unknown,FAILURE TO YIELD RIGHT OF WAY,HILLSIDE & HUNTINGTON,39.150688,-86.520896
2004,5,6,Weekend,2100,1-Car,No injury/unknown,ALCOHOLIC BEVERAGES,HILLSIDE DR & LINCOLN,39.15064708,-86.53618097
2004,10,3,Weekday,800,Bus,No injury/unknown,OTHER (DRIVER) - EXPLAIN IN NARRATIVE,HENDERSON & HILLSIDE,39.15064633,-86.52661279
2004,1,4,Weekday,2000,2-Car,No injury/unknown,OTHER (DRIVER) - EXPLAIN IN NARRATIVE,HENDERSON & HILLSIDE DR,39.15064,-86.52685364
2004,6,3,Weekday,2200,2-Car,No injury/unknown,CELL PHONE USAGE,HENDERSON & HILLSIDE DR,39.15064,-86.52696
2004,10,3,Weekday,1500,2-Car,Non-incapacitating,DISREGARD SIGNAL/REG SIGN,HENDERSON & HILLSIDE DR,39.15064,-86.52696
2004,5,1,Weekend,1100,2-Car,No injury/unknown,OTHER (DRIVER) - EXPLAIN IN NARRATIVE,HENDERSON & HILLSIDE,39.15064,-86.52696
2004,10,5,Weekday,1000,2-Car,Non-incapacitating,DISREGARD SIGNAL/REG SIGN,HILLSIDE & S HENDERSON,39.15064,-86.52696
2004,10,5,Weekday,1900,2-Car,Non-incapacitating,FOLLOWING TOO CLOSELY,HENDERSON & HILLSIDE,39.15064,-86.52696
2004,10,2,Weekday,2300,2-Car,No injury/unknown,,HENDERSON & HILLSIDE,39.15064,-86.52696
2004,12,1,Weekend,900,2-Car,No injury/unknown,OTHER (DRIVER) - EXPLAIN IN NARRATIVE,E HILLSIDE & S HONDERSON,39.15064,-86.52696
2004,8,3,Weekday,,2-Car,No injury/unknown,IMPROPER LANE USAGE,HILLSIDE & MONON,39.15061264,-86.534288
2004,5,1,Weekend,1500,2-Car,No injury/unknown,FOLLOWING TOO CLOSELY,HILLSIDE & LINCOLN,39.150576,-86.5312
2004,5,5,Weekday,900,Bus,No injury/unknown,FOLLOWING TOO CLOSELY,HILLSIDE DR & WASHINGTON,39.15056236,-86.53222275
2004,8,3,Weekday,2100,1-Car,No injury/unknown,ANIMAL/OBJECT IN ROADWAY,E HILLSIIDE & S MAXWELL,39.15056,-86.5324
2004,9,3,Weekday,1700,2-Car,No injury/unknown,FAILURE TO YIELD RIGHT OF WAY,HILLSIDE DR & WASHINGTON,39.15056,-86.5324
2004,12,5,Weekday,1500,2-Car,No injury/unknown,SPEED TOO FAST FOR WEATHER CONDITIONS,HENDERSON ST & HILLSIDE,39.15055764,-86.52695835
2004,4,6,Weekday,1700,2-Car,No injury/unknown,UNSAFE SPEED,HILLSIDE DR & NANCY,39.150544,-86.51126527
2004,5,4,Weekday,1900,2-Car,Non-incapacitating,FOLLOWING TOO CLOSELY,DORCHESTER & HILLSIDE DR,39.150544,-86.51285791
2004,3,6,Weekday,900,2-Car,No injury/unknown,UNSAFE SPEED,HILLSIDE DR & NANCY,39.150544,-86.511088
2004,3,2,Weekday,1200,2-Car,No injury/unknown,IMPROPER PASSING,HIGH & HILLSIDE ST,39.150544,-86.508288
2004,4,2,Weekday,1600,2-Car,Non-incapacitating,FOLLOWING TOO CLOSELY,HILLSIDE & NANCY,39.150544,-86.511088
2004,2,3,Weekday,700,2-Car,No injury/unknown,OTHER (DRIVER) - EXPLAIN IN NARRATIVE,HILLSIDE & WALNUT,39.150544,-86.5336
2004,2,3,Weekday,1500,2-Car,No injury/unknown,DISREGARD SIGNAL/REG SIGN,HIGH & HILLSIDE,39.150544,-86.508288
2004,5,3,Weekday,1300,3+ Cars,No injury/unknown,OTHER (DRIVER) - EXPLAIN IN NARRATIVE,CAPE COD & MOORES PIKE,39.150544,-86.506784
2004,4,5,Weekday,1800,2-Car,No injury/unknown,FOLLOWING TOO CLOSELY,CLARIZZ & MOORES PIKE,39.150544,-86.506784
2004,8,4,Weekday,1100,2-Car,No injury/unknown,FOLLOWING TOO CLOSELY,HILLSIDE DR & WALNUT,39.150544,-86.5336
2004,6,4,Weekday,1300,Moped/Motorcycle,Non-incapacitating,OTHER (DRIVER) - EXPLAIN IN NARRATIVE,DORCHESTER & HILLSIDE DR,39.150544,-86.512592
2004,6,4,Weekday,1000,2-Car,No injury/unknown,FOLLOWING TOO CLOSELY,HILLSIDE & WALNUT ST,39.150544,-86.5336
2004,7,7,Weekend,1600,2-Car,Non-incapacitating,FAILURE TO YIELD RIGHT OF WAY,HILLSIDE & NANCY,39.150544,-86.511088
2004,9,4,Weekday,1900,2-Car,No injury/unknown,FOLLOWING TOO CLOSELY,1400 S WALNUT & HILLSIDE DR,39.150544,-86.5336
2004,12,2,Weekday,1200,2-Car,No injury/unknown,OTHER (DRIVER) - EXPLAIN IN NARRATIVE,HILLSIDE & S WALNUT,39.150544,-86.5336
2004,10,6,Weekday,1700,2-Car,No injury/unknown,FAILURE TO YIELD RIGHT OF WAY,HILLSIDE & WALNUT ST,39.150544,-86.5336
2004,11,5,Weekday,1000,1-Car,Non-incapacitating,IMPROPER TURNING,HILLSIDE & NANCY,39.150544,-86.511088
2004,2,1,Weekend,0,2-Car,No injury/unknown,ALCOHOLIC BEVERAGES,HILL SIDE & WALNUT,39.15049747,-86.53369093
2004,10,2,Weekday,1100,2-Car,Non-incapacitating,OTHER (DRIVER) - EXPLAIN IN NARRATIVE,COLLEGE MALL,39.15045649,-86.49826014
2004,8,5,Weekday,1700,3+ Cars,No injury/unknown,FOLLOWING TOO CLOSELY,MOORES PIKE & SARE,39.150448,-86.49884546
2004,8,5,Weekday,0,2-Car,No injury/unknown,DISREGARD SIGNAL/REG SIGN,MOORES PIKE & SARE,39.150448,-86.4992
2004,1,6,Weekday,1700,2-Car,No injury/unknown,FOLLOWING TOO CLOSELY,COLLEGE MALL & MOORES PIKE,39.150448,-86.498
2004,4,4,Weekday,1300,2-Car,Non-incapacitating,FOLLOWING TOO CLOSELY,MOORES & SARE RD,39.150448,-86.4992
2004,8,4,Weekday,1200,2-Car,Non-incapacitating,FOLLOWING TOO CLOSELY,MOORES & SARE,39.150448,-86.4992
2004,8,1,Weekend,200,Moped/Motorcycle,Non-incapacitating,UNSAFE SPEED,MOORES PIKE & SARE,39.150448,-86.4992