Year,Month,Day,Weekend?,Hour,Collision Type,Injury Type,Primary Factor,Reported_Location,Latitude,Longitude
2004,12,5,Weekday,1700,2-Car,No injury/unknown,FOLLOWING TOO CLOSELY,MOORES PIKE & SARE,39.150448,-86.4992
2004,10,1,Weekend,1500,2-Car,Non-incapacitating,OTHER (DRIVER) - EXPLAIN IN NARRATIVE,COLLEGE MALL RD & MOORES PIKE,39.150448,-86.498
2004,8,1,Weekend,1300,1-Car,No injury/unknown,ANIMAL/OBJECT IN ROADWAY,MOORES & SR 446,39.150352,-86.471296
2004,8,2,Weekday,600,2-Car,Non-incapacitating,FAILURE TO YIELD RIGHT OF WAY,MOORES & SR 446,39.150352,-86.471296
2004,9,3,Weekday,1600,2-Car,No injury/unknown,FAILURE TO YIELD RIGHT OF WAY,MOORES PIKE & SR446,39.150352,-86.471296
2004,8,7,Weekend,1700,1-Car,No injury/unknown,ROADWAY SURFACE CONDITION,E MOORES PIKE & SR446,39.150352,-86.471296
2004,8,1,Weekday,2300,1-Car,No injury/unknown,ALCOHOLIC BEVERAGES,E MOORES & FENBROOK,39.150299,-86.491295
2004,10,7,Weekend,1100,3+ Cars,Non-incapacitating,FAILURE TO YIELD RIGHT OF WAY,FENBROOK & MOORES PIKE,39.150299,-86.491295
2004,9,1,Weekend,100,1-Car,Non-incapacitating,ALCOHOLIC BEVERAGES,E MOORES & FENBROOK,39.150299,-86.49130365
2004,8,3,Weekday,400,1-Car,No injury/unknown,ANIMAL/OBJECT IN ROADWAY,MURISE & SMITH,39.150224,-86.480464
2004,3,2,Weekday,600,1-Car,No injury/unknown,ANIMAL/OBJECT IN ROADWAY,LAMPKINS RIDGE & SR446,39.15021474,-86.47129309
2004,2,1,Weekend,1600,2-Car,Non-incapacitating,LEFT OF CENTER,MOORES PIKE & WINGFIELD,39.1502,-86.48044224
2004,4,1,Weekend,1600,1-Car,No injury/unknown,RAN OFF ROAD RIGHT,MOORES & OLCOTT,39.1502,-86.486195
2004,12,6,Weekday,1500,2-Car,No injury/unknown,UNSAFE BACKING,MOORES PIKE & SMITH,39.1502,-86.482894
2004,2,4,Weekday,1700,2-Car,Non-incapacitating,FAILURE TO YIELD RIGHT OF WAY,VERMILVA & WALNUT,39.14984,-86.533392
2004,4,1,,,2-Car,No injury/unknown,OTHER (DRIVER) - EXPLAIN IN NARRATIVE,E SOUTHERN & HENDERSON,39.14984,-86.52924068
2004,6,7,Weekend,1900,Moped/Motorcycle,Incapacitating,FAILURE TO YIELD RIGHT OF WAY,SOUTHERN & WALNUT ST,39.14984,-86.533392
2004,12,4,Weekday,1100,2-Car,No injury/unknown,FAILURE TO YIELD RIGHT OF WAY,2ND & PATTERSON DR,39.14981235,-86.550396
2004,4,5,Weekday,700,3+ Cars,No injury/unknown,FOLLOWING TOO CLOSELY,SOUTHERN & WALNUT,39.14977312,-86.53337205
2004,10,6,,,2-Car,No injury/unknown,,DORCHESTER DR & HILLSIDE,39.14971927,-86.51239855
2004,3,1,Weekend,0,1-Car,No injury/unknown,OTHER (DRIVER) - EXPLAIN IN NARRATIVE,HENDERSON & MELROSE,39.149701,-86.526899
2004,12,3,Weekday,1300,2-Car,No injury/unknown,OTHER (VEHICLE) - EXPLAIN IN NARRATIVE,WALNUT ST,39.1496911,-86.53334759
2004,9,5,Weekday,1900,2-Car,No injury/unknown,UNSAFE BACKING,BASSWOOD DR,39.14968,-86.57104
2004,12,6,Weekday,1000,2-Car,No injury/unknown,OTHER (ENVIRONMENTAL) - EXPLAIN IN NARR,BASSWOOD DR,39.14968,-86.57104
2004,9,4,Weekday,1800,1-Car,No injury/unknown,OTHER (VEHICLE) - EXPLAIN IN NARRATIVE,MOORES & SMITH RD,39.14967497,-86.48045219
2004,12,2,Weekday,1600,2-Car,No injury/unknown,FOLLOWING TOO CLOSELY,SOUTHERN & WALNUT ST,39.14957249,-86.53331222
2004,8,3,Weekday,1600,2-Car,No injury/unknown,OTHER (DRIVER) - EXPLAIN IN NARRATIVE,CONSTITUTION & LIBERTY DR,39.149552,-86.575936
2004,7,7,Weekend,1300,1-Car,Non-incapacitating,OTHER (VEHICLE) - EXPLAIN IN NARRATIVE,ROGERS,39.149552,-86.538592
2004,10,3,Weekday,1600,2-Car,Non-incapacitating,FOLLOWING TOO CLOSELY,CONSTITUTION & LIBERTY,39.149552,-86.575936
2004,5,5,Weekday,1600,2-Car,No injury/unknown,FAILURE TO YIELD RIGHT OF WAY,CONSITUTION & CURRY PIKE,39.1494,-86.582599
2004,2,2,Weekday,1500,2-Car,No injury/unknown,FAILURE TO YIELD RIGHT OF WAY,CONSTITUTIONAL & CURRY PIKE,39.1494,-86.582599
2004,9,6,Weekday,1300,2-Car,Non-incapacitating,NONE (DRIVER),CONSTITUTION & CURRY PIKE,39.1494,-86.582599
2004,6,5,Weekday,1200,2-Car,No injury/unknown,UNSAFE BACKING,BLOOMFIELD RD & SPORTS PLEY,39.14936,-86.57008
2004,10,7,Weekend,1300,2-Car,Non-incapacitating,UNSAFE BACKING,HENDERSON & MELROSE,39.1493,-86.52927737
2004,2,3,Weekday,1500,2-Car,No injury/unknown,FOLLOWING TOO CLOSELY,MILLER & WALNUT,39.148928,-86.53312
2004,10,7,Weekend,1000,2-Car,No injury/unknown,IMPROPER LANE USAGE,E VERMILYA & S WALNUT ST,39.148928,-86.53312
2004,9,6,Weekday,1200,2-Car,No injury/unknown,FOLLOWING TOO CLOSELY,VERMILYA & WALNUT,39.148928,-86.53312
2004,12,3,Weekday,2100,2-Car,No injury/unknown,OTHER (DRIVER) - EXPLAIN IN NARRATIVE,VERMILYA & WALNUT ST,39.148928,-86.53312
2004,5,5,Weekday,1500,2-Car,No injury/unknown,OTHER (DRIVER) - EXPLAIN IN NARRATIVE,LIBERTY DR & SR48,39.14873674,-86.57913641
2004,7,7,Weekend,1600,2-Car,Non-incapacitating,SPEED TOO FAST FOR WEATHER CONDITIONS,W BLOOMFIELD RD,39.148544,-86.571504
2004,3,4,Weekday,1300,2-Car,Non-incapacitating,FAILURE TO YIELD RIGHT OF WAY,CONSTITUTION & LIBERTY DR,39.14845483,-86.57592412
2004,2,1,Weekend,1700,2-Car,No injury/unknown,OTHER (DRIVER) - EXPLAIN IN NARRATIVE,SR45,39.148448,-86.573
2004,9,4,Weekday,1300,2-Car,Non-incapacitating,OTHER (DRIVER) - EXPLAIN IN NARRATIVE,SR45,39.148448,-86.573
2004,10,7,Weekend,1900,2-Car,No injury/unknown,UNSAFE BACKING,3RD & CLIFTON,39.14843746,-86.509699
2004,5,6,Weekday,700,2-Car,No injury/unknown,FAILURE TO YIELD RIGHT OF WAY,S MAXWELL ST & THORNTON,39.148336,-86.515024
2004,2,1,Weekend,1200,2-Car,No injury/unknown,UNSAFE BACKING,BLOOMFIELD & SR37,39.148144,-86.572992
2004,3,2,Weekday,1200,2-Car,No injury/unknown,FOLLOWING TOO CLOSELY,BLOOMFIELD & SR37,39.148144,-86.572992
2004,1,5,Weekday,1700,2-Car,No injury/unknown,FAILURE TO YIELD RIGHT OF WAY,BLOOMFIELD RD & SR 37,39.148144,-86.572992
2004,6,5,Weekday,800,2-Car,Non-incapacitating,FOLLOWING TOO CLOSELY,BLOOMFIELD & SR37,39.148144,-86.572992
2004,4,4,Weekday,2100,2-Car,No injury/unknown,FAILURE TO YIELD RIGHT OF WAY,SR 37 & W BLOOMFIELD RD,39.148144,-86.572992
2004,7,6,Weekend,2300,2-Car,No injury/unknown,OTHER (DRIVER) - EXPLAIN IN NARRATIVE,SR45,39.148144,-86.572992
2004,6,4,Weekday,800,2-Car,No injury/unknown,FAILURE TO YIELD RIGHT OF WAY,BLOOMFIELD RD & SR 37,39.148144,-86.572992
2004,6,4,Weekday,1100,2-Car,No injury/unknown,FAILURE TO YIELD RIGHT OF WAY,BLOOMFIELD RD & SR37,39.148144,-86.572992
2004,6,5,Weekday,1400,2-Car,Non-incapacitating,UNSAFE SPEED,BURKS & WALNUT ST,39.14802853,-86.531399
2004,3,4,Weekday,1200,3+ Cars,Non-incapacitating,DRIVER DISTRACTED - EXPLAIN IN NARRATIVE,MILLER & WALNUT ST,39.14758719,-86.53272882
2004,11,3,Weekday,2300,2-Car,No injury/unknown,DRIVER DISTRACTED - EXPLAIN IN NARRATIVE,ROLL & YOST AVE,39.147552,-86.580704
2004,1,5,Weekday,1100,2-Car,No injury/unknown,LEFT OF CENTER,OAKDALE & OAKDALE DR,39.147513,-86.571688
2004,6,7,Weekend,1200,2-Car,No injury/unknown,SPEED TOO FAST FOR WEATHER CONDITIONS,ARDEN & HIGH ST,39.147504,-86.508256
2004,11,7,Weekend,1500,2-Car,No injury/unknown,SPEED TOO FAST FOR WEATHER CONDITIONS,ARDEN & HIGH ST,39.147504,-86.508256
2004,4,6,Weekday,1200,2-Car,No injury/unknown,FOLLOWING TOO CLOSELY,MILLER & WALNUT ST,39.14747999,-86.53269802
2004,3,6,Weekday,800,2-Car,No injury/unknown,FAILURE TO YIELD RIGHT OF WAY,E MILLER & HENDERSON,39.147152,-86.526896
2004,9,4,Weekday,1400,2-Car,Non-incapacitating,OTHER (DRIVER) - EXPLAIN IN NARRATIVE,HENDERSON & MILLER,39.147152,-86.526896
2004,12,2,Weekday,600,3+ Cars,No injury/unknown,FAILURE TO YIELD RIGHT OF WAY,HENDERSON & MILLER,39.147152,-86.526896
2004,11,2,Weekday,1800,2-Car,Non-incapacitating,OTHER (DRIVER) - EXPLAIN IN NARRATIVE,HENDERSON & MILLER,39.147152,-86.526896
2004,2,2,Weekday,1200,2-Car,No injury/unknown,UNSAFE BACKING,MILLER DR,39.1470693,-86.52914159
2004,1,7,Weekend,100,2-Car,No injury/unknown,IMPROPER TURNING,MILLER,39.147048,-86.52972
2004,11,6,Weekday,900,2-Car,No injury/unknown,FAILURE TO YIELD RIGHT OF WAY,COVEY & MILLER DR,39.146976,-86.516192
2004,11,5,Weekday,1000,2-Car,No injury/unknown,FAILURE TO YIELD RIGHT OF WAY,MAXWELL ST & MILLER,39.14696,-86.514992
2004,11,6,Weekday,1800,1-Car,Non-incapacitating,OTHER (VEHICLE) - EXPLAIN IN NARRATIVE,MILLER & WALNUT,39.14695235,-86.53231717
2004,4,5,Weekday,1900,2-Car,Incapacitating,LEFT OF CENTER,MILLER DR & WALNUT,39.146944,-86.532544
2004,5,4,Weekday,600,1-Car,No injury/unknown,DRIVER ILLNESS,MILLER DR & WALNUT,39.146944,-86.532544
2004,7,3,Weekday,0,2-Car,No injury/unknown,OTHER (DRIVER) - EXPLAIN IN NARRATIVE,OAKDALE DR,39.146944,-86.5712
2004,8,3,Weekday,1700,2-Car,No injury/unknown,FAILURE TO YIELD RIGHT OF WAY,MILLER & WALNUT ST,39.146944,-86.532544
2004,8,6,Weekend,2200,2-Car,Non-incapacitating,DRIVER DISTRACTED - EXPLAIN IN NARRATIVE,MILLER & WALNUT ST,39.146944,-86.532544
2004,11,3,Weekday,1300,2-Car,No injury/unknown,FAILURE TO YIELD RIGHT OF WAY,MILLER & WALNUT ST,39.146944,-86.532544
2004,11,7,Weekend,1800,2-Car,No injury/unknown,OTHER (DRIVER) - EXPLAIN IN NARRATIVE,MILLER DR & WALNUT ST,39.146944,-86.532544
2004,12,5,Weekday,2100,2-Car,No injury/unknown,ALCOHOLIC BEVERAGES,MILLER DR & S WALNUT ST,39.146944,-86.532544
2004,11,2,Weekday,2000,2-Car,Non-incapacitating,FAILURE TO YIELD RIGHT OF WAY,MILLER & WALNUT ST,39.146944,-86.532544
2004,12,4,Weekday,1300,2-Car,No injury/unknown,UNSAFE BACKING,MILLER & WALNUT,39.146944,-86.532544
2004,3,4,Weekday,1400,2-Car,No injury/unknown,FAILURE TO YIELD RIGHT OF WAY,LIBERTY & SR45,39.14637478,-86.57702723
2004,3,2,Weekday,700,2-Car,No injury/unknown,DRIVER DISTRACTED - EXPLAIN IN NARRATIVE,ROCKPORT & ROGERS,39.1463657,-86.53879589
2004,1,2,Weekday,1700,2-Car,No injury/unknown,FAILURE TO YIELD RIGHT OF WAY,KENNEDY & SR37,39.14623814,-86.57288679
2004,12,6,Weekday,1000,2-Car,No injury/unknown,ROADWAY SURFACE CONDITION,LIBERTY DR,39.146201,-86.577801
2004,12,6,Weekday,1000,2-Car,No injury/unknown,ROADWAY SURFACE CONDITION,LIBERTY DR,39.146201,-86.577801
2004,11,6,Weekday,1800,2-Car,No injury/unknown,FAILURE TO YIELD RIGHT OF WAY,LIBERTY DR & SR45,39.14595998,-86.57747107
2004,10,7,Weekend,1400,2-Car,No injury/unknown,IMPROPER TURNING,MILLER & WALNUT,39.14587415,-86.53222382
2004,2,7,Weekend,500,1-Car,No injury/unknown,LEFT OF CENTER,MCCARTHEY & SARE RD,39.14587002,-86.49752248
2004,8,3,Weekday,2200,1-Car,No injury/unknown,SPEED TOO FAST FOR WEATHER CONDITIONS,MCCARTNEY & SARE RD,39.14587002,-86.49752248
2004,6,5,Weekday,1700,3+ Cars,No injury/unknown,FOLLOWING TOO CLOSELY,LIBERTY & SR45,39.14563923,-86.57674248
2004,4,4,Weekday,1700,2-Car,Non-incapacitating,FOLLOWING TOO CLOSELY,CORY LN & SR 45,39.14548633,-86.582599
2004,4,6,Weekday,1200,2-Car,No injury/unknown,DRIVER DISTRACTED - EXPLAIN IN NARRATIVE,LIBERTY DR,39.145264,-86.577616
2004,1,6,Weekday,1600,2-Car,No injury/unknown,UNSAFE BACKING,LIBERTY PARKING LOT DR,39.145264,-86.577616
2004,4,5,Weekday,1300,2-Car,No injury/unknown,FAILURE TO YIELD RIGHT OF WAY,S LIBERTY & W 3RD,39.145264,-86.577616
2004,5,4,Weekday,1100,2-Car,Non-incapacitating,LEFT OF CENTER,BLOOMFIELD & LIBERTY DR,39.145264,-86.577616
2004,5,6,Weekday,1600,2-Car,No injury/unknown,FOLLOWING TOO CLOSELY,LIBERTY DR,39.145264,-86.577616
2004,12,5,Weekday,1200,2-Car,Non-incapacitating,FAILURE TO YIELD RIGHT OF WAY,LIBERTY DR,39.145264,-86.577616
2004,8,1,Weekend,1600,2-Car,No injury/unknown,OTHER (DRIVER) - EXPLAIN IN NARRATIVE,3RD & LIBERTY DR,39.145264,-86.577616
2004,10,7,Weekend,1500,2-Car,No injury/unknown,OTHER (DRIVER) - EXPLAIN IN NARRATIVE,LIBERTY DR,39.145264,-86.577616
2004,11,6,Weekday,900,2-Car,No injury/unknown,FOLLOWING TOO CLOSELY,BLOCK S LIBERTY DR & CONSTITUTION,39.145264,-86.577616
2004,9,5,Weekday,1600,2-Car,No injury/unknown,DRIVER DISTRACTED - EXPLAIN IN NARRATIVE,CONSTITUTION & S LIBERTY DR,39.145264,-86.577616
2004,11,7,Weekend,1100,2-Car,No injury/unknown,,LIBERTY DR,39.145264,-86.577616
2004,1,7,Weekend,1100,2-Car,No injury/unknown,OTHER (DRIVER) - EXPLAIN IN NARRATIVE,OAKDALE DR,39.145199,-86.568553
2004,2,3,Weekday,2200,2-Car,Non-incapacitating,FAILURE TO YIELD RIGHT OF WAY,HICKORY LEAF & SR45,39.145152,-86.5776
2004,9,3,Weekday,900,2-Car,No injury/unknown,FAILURE TO YIELD RIGHT OF WAY,LIBERTY & SR45,39.145152,-86.5776
2004,8,6,Weekday,800,2-Car,No injury/unknown,FAILURE TO YIELD RIGHT OF WAY,LIBERTY & SR 45,39.145152,-86.5776
2004,11,5,Weekday,1800,2-Car,Non-incapacitating,DISREGARD SIGNAL/REG SIGN,LIBERTY & SR45,39.145152,-86.5776
2004,11,2,Weekday,1700,3+ Cars,Incapacitating,OTHER (DRIVER) - EXPLAIN IN NARRATIVE,LIBERTY & SR45,39.145152,-86.5776
2004,2,2,Weekday,900,2-Car,Non-incapacitating,UNSAFE SPEED,OAKDALE DR,39.14513,-86.571262
2004,9,5,Weekday,2200,2-Car,Non-incapacitating,FAILURE TO YIELD RIGHT OF WAY,HICKORY LEAF & SR45,39.14510548,-86.57756234
2004,11,4,Weekday,1700,2-Car,No injury/unknown,OTHER (DRIVER) - EXPLAIN IN NARRATIVE,LIBERTY & SR45,39.1451047,-86.57768707
2004,5,5,Weekday,1700,2-Car,No injury/unknown,FOLLOWING TOO CLOSELY,LIBERTY & SR 45,39.14503376,-86.57781768
2004,5,6,Weekday,500,1-Car,No injury/unknown,ANIMAL/OBJECT IN ROADWAY,BLK N WALNUT & OLD SR  37 NORTH,39.14486799,-86.534896
2004,1,3,Weekday,900,2-Car,No injury/unknown,FAILURE TO YIELD RIGHT OF WAY,HENDERSON ST & NORTH,39.144848,-86.526848
2004,3,5,Weekday,1400,2-Car,No injury/unknown,FAILURE TO YIELD RIGHT OF WAY,HENDERSON & NORTH DR,39.14483758,-86.52720226
2004,4,6,Weekday,800,2-Car,No injury/unknown,FOLLOWING TOO CLOSELY,HENDERSON & NORTH DR,39.14483758,-86.52720226
2004,2,3,Weekday,1400,2-Car,No injury/unknown,IMPROPER TURNING,NORTH DR,39.14478739,-86.5296223
2004,11,2,Weekday,1300,2-Car,No injury/unknown,DISREGARD SIGNAL/REG SIGN,NORTH & WALNUT ST,39.144752,-86.531888
2004,8,4,Weekday,900,2-Car,No injury/unknown,FAILURE TO YIELD RIGHT OF WAY,AZALEA & HIGHLAND AVE,39.14449032,-86.51736418
2004,12,6,Weekend,2200,2-Car,No injury/unknown,ROADWAY SURFACE CONDITION,1ST & WALKER ST,39.14443908,-86.546095
2004,2,7,Weekend,1100,3+ Cars,No injury/unknown,UNSAFE SPEED,RIDGE CREST CT,39.144243,-86.525585
2004,2,6,Weekday,1800,1-Car,No injury/unknown,ANIMAL/OBJECT IN ROADWAY,HIGH ST & ROCKCREEK,39.14424,-86.508208
2004,7,3,Weekday,2300,1-Car,No injury/unknown,OTHER (DRIVER) - EXPLAIN IN NARRATIVE,S HIGH ST & WIMBLETON,39.14424,-86.508208
2004,1,3,Weekday,1600,1-Car,Incapacitating,SPEED TOO FAST FOR WEATHER CONDITIONS,LEONARD SPRINGS & SR45,39.14387454,-86.57995169
2004,10,6,Weekday,1500,1-Car,Non-incapacitating,CELL PHONE USAGE,INDUSTRIAL & SR45,39.143552,-86.580528
2004,3,6,Weekday,1700,2-Car,No injury/unknown,FAILURE TO YIELD RIGHT OF WAY,INDUSTRIAL & SR45,39.143552,-86.580528
2004,3,5,Weekday,1800,2-Car,No injury/unknown,FAILURE TO YIELD RIGHT OF WAY,INDUSTRIAL & SR45,39.143552,-86.580528
2004,8,6,Weekday,1600,3+ Cars,Non-incapacitating,FAILURE TO YIELD RIGHT OF WAY,INDUSTRIAL & SR45,39.143552,-86.580528
2004,7,5,Weekday,1200,2-Car,Non-incapacitating,FAILURE TO YIELD RIGHT OF WAY,3RD & LIBERTY DR,39.14345012,-86.5791
2004,5,5,Weekday,200,1-Car,Non-incapacitating,ANIMAL/OBJECT IN ROADWAY,WAPEHANI & WEIMER RD,39.14269034,-86.56205057
2004,2,3,Weekday,700,2-Car,No injury/unknown,OTHER (DRIVER) - EXPLAIN IN NARRATIVE,WALNUT,39.142555,-86.531238
2004,1,4,Weekday,1400,2-Car,No injury/unknown,UNSAFE BACKING,WALNUT ST,39.142555,-86.531238
2004,6,4,Weekday,700,2-Car,No injury/unknown,UNSAFE BACKING,WALNUT,39.142555,-86.531238
2004,4,5,Weekday,1400,2-Car,No injury/unknown,FAILURE TO YIELD RIGHT OF WAY,S WALNUT ST,39.142555,-86.531238
2004,10,7,Weekend,1100,2-Car,Fatal,DISREGARD SIGNAL/REG SIGN,SAINT REMY & SMITH,39.142368,-86.480399
2004,2,3,Weekday,1400,2-Car,No injury/unknown,LEFT OF CENTER,WALNUT,39.142217,-86.531138
2004,6,4,Weekday,1700,3+ Cars,No injury/unknown,FOLLOWING TOO CLOSELY,CURRY PIKE & SR45,39.14218528,-86.582592
2004,3,6,Weekday,1800,1-Car,No injury/unknown,ALCOHOLIC BEVERAGES,SWEETBRIAN LN & WYLIE FARM,39.142101,-86.525495
2004,10,2,Weekday,800,2-Car,No injury/unknown,GLARE,CURRY PIKE AND LEONARD SPRINGS & SR 45,39.142048,-86.582592
2004,3,7,Weekend,900,2-Car,No injury/unknown,LEFT OF CENTER,S CURRY PIKE & SR45,39.142048,-86.582592
2004,3,6,Weekday,1600,2-Car,No injury/unknown,FOLLOWING TOO CLOSELY,CURRY & SR45,39.142048,-86.582592
2004,3,4,Weekday,1300,3+ Cars,Non-incapacitating,DISREGARD SIGNAL/REG SIGN,CURRY & SR45,39.142048,-86.582592
2004,5,2,Weekday,1000,2-Car,Non-incapacitating,FAILURE TO YIELD RIGHT OF WAY,CURRY & SR 45,39.142048,-86.582592
2004,7,4,Weekday,700,2-Car,No injury/unknown,IMPROPER LANE USAGE,LEONARD SRINGS & SR45,39.142048,-86.582592
2004,6,3,Weekday,200,1-Car,No injury/unknown,RAN OFF ROAD RIGHT,CURRY & SR45,39.142048,-86.582592
2004,5,7,Weekend,1500,2-Car,Non-incapacitating,FAILURE TO YIELD RIGHT OF WAY,CURRY & SR45,39.142048,-86.582592
2004,8,2,Weekday,1600,2-Car,Non-incapacitating,FAILURE TO YIELD RIGHT OF WAY,LEONARD SPRINGS RD & SR45,39.142048,-86.582592
2004,11,3,Weekday,1200,2-Car,Non-incapacitating,FAILURE TO YIELD RIGHT OF WAY,LEONARD SPRING & SR45,39.142048,-86.582592
2004,10,7,Weekend,1200,2-Car,Non-incapacitating,OTHER (DRIVER) - EXPLAIN IN NARRATIVE,SOUTH & WALNUT ST,39.142048,-86.531088
2004,9,3,Weekday,800,3+ Cars,Non-incapacitating,FAILURE TO YIELD RIGHT OF WAY,LEONARD SPRINGS & SR45,39.142048,-86.582592
2004,12,6,Weekday,500,2-Car,No injury/unknown,IMPROPER TURNING,LEONAARD SPRINGS & SR 45,39.142048,-86.582592
2004,11,4,Weekday,1700,2-Car,Non-incapacitating,OTHER (DRIVER) - EXPLAIN IN NARRATIVE,CURRY & SR45,39.142048,-86.582592
2004,7,5,Weekday,1700,2-Car,Non-incapacitating,FAILURE TO YIELD RIGHT OF WAY,LEONARD SPRINGS & SR45,39.142048,-86.582592
2004,12,2,Weekday,1800,2-Car,No injury/unknown,ALCOHOLIC BEVERAGES,LEONARD SPRINGS RD & SR 45,39.142048,-86.582592
2004,6,7,Weekend,1700,2-Car,No injury/unknown,FAILURE TO YIELD RIGHT OF WAY,LEONARD SPRINGS RD & SR45,39.14191073,-86.58259071
2004,9,5,Weekday,1700,2-Car,Non-incapacitating,FOLLOWING TOO CLOSELY,SOUTH & WALNUT ST,39.14178131,-86.53100378
2004,10,6,Weekday,1500,2-Car,No injury/unknown,FAILURE TO YIELD RIGHT OF WAY,LEONARD SPRINGS & SR45,39.14177345,-86.58258941
2004,7,6,Weekday,1200,2-Car,No injury/unknown,OTHER (DRIVER) - EXPLAIN IN NARRATIVE,LEONARD SPRINGS & SR 45,39.14167866,-86.58353842
2004,5,3,Weekday,200,1-Car,Non-incapacitating,DRIVER DISTRACTED - EXPLAIN IN NARRATIVE,GARISON CHAPLE & SPICER,39.141648,-86.6428
2004,6,4,Weekday,1400,2-Car,Non-incapacitating,DISREGARD SIGNAL/REG SIGN,COOLIDGE & ROGERS,39.141328,-86.538528
2004,10,3,Weekday,1700,3+ Cars,Non-incapacitating,FOLLOWING TOO CLOSELY,COOLIDGE & ROGERS ST,39.141328,-86.538528
2004,9,4,Weekday,1700,2-Car,Non-incapacitating,FAILURE TO YIELD RIGHT OF WAY,COOLIDGE & ROGERS ST,39.141328,-86.538528
2004,11,1,Weekend,1500,3+ Cars,No injury/unknown,FOLLOWING TOO CLOSELY,AIRPORT & SR45,39.14122415,-86.58486876
2004,5,7,Weekend,900,2-Car,No injury/unknown,FAILURE TO YIELD RIGHT OF WAY,LEONARD SPRINGER & WALNUT LEAF,39.140352,-86.582576
2004,7,7,Weekend,1400,2-Car,No injury/unknown,FOLLOWING TOO CLOSELY,HOOSIER & S WALNUT,39.13998419,-86.531399
2004,3,1,Weekday,2000,2-Car,No injury/unknown,UNSAFE BACKING,FORD & GRAHAM,39.13986339,-86.54075056
2004,6,4,Weekday,0,1-Car,No injury/unknown,DRIVER DISTRACTED - EXPLAIN IN NARRATIVE,KENT & MCGOWEN RD,39.13978,-86.3996086
2004,2,7,Weekend,1500,2-Car,No injury/unknown,FAILURE TO YIELD RIGHT OF WAY,2ND & COLLEGE MALL RD,39.13973912,-86.497701
2004,3,1,Weekday,2300,2-Car,No injury/unknown,,GRAHAM & HENDERSON,39.139584,-86.526768
2004,2,3,Weekday,800,2-Car,No injury/unknown,UNSAFE BACKING,GRAHAM PL,39.13955495,-86.52709261
2004,3,7,Weekend,1300,2-Car,No injury/unknown,FAILURE TO YIELD RIGHT OF WAY,HIGHLAND,39.13948038,-86.51762373
2004,11,6,Weekend,2300,1-Car,No injury/unknown,ALCOHOLIC BEVERAGES,GRAHAM & WINSLOW CT,39.13927948,-86.52401103
2004,11,3,Weekday,1300,2-Car,No injury/unknown,IMPROPER LANE USAGE,OLD SR 37 & RHORER,39.138688,-86.465968
2004,7,5,Weekday,1300,1-Car,No injury/unknown,OTHER (DRIVER) - EXPLAIN IN NARRATIVE,BANTA & W RALSTON,39.138592,-86.544656
2004,10,2,Weekday,1300,1-Car,Non-incapacitating,NONE (DRIVER),AIRPORT & ENDWRIGHT RD,39.13822064,-86.59637603
2004,12,6,Weekday,900,2-Car,No injury/unknown,LEFT OF CENTER,RALSTON & ROGERS,39.13817397,-86.53826608
2004,6,2,Weekday,1100,2-Car,No injury/unknown,,LIBERTY DR & SR48,39.1381623,-86.57913641
2004,5,3,Weekday,1700,2-Car,No injury/unknown,FOLLOWING TOO CLOSELY,BUTTONWOOD & SARE,39.13814424,-86.4965
2004,8,6,Weekday,1200,1-Car,Non-incapacitating,DRIVER ILLNESS,SPICEWOOD & SPICEWOOD LN,39.137952,-86.499488
2004,10,2,Weekday,1800,2-Car,No injury/unknown,FOLLOWING TOO CLOSELY,SR 37 & TAPP,39.13786362,-86.57290617
2004,11,4,Weekday,1500,3+ Cars,No injury/unknown,DRIVER DISTRACTED - EXPLAIN IN NARRATIVE,HENDERSON & WINSLOW,39.1377912,-86.52677836
2004,6,4,Weekday,1000,2-Car,No injury/unknown,IMPROPER TURNING,WALNUT ST,39.137744,-86.530288
2004,9,6,Weekday,1700,2-Car,No injury/unknown,FAILURE TO YIELD RIGHT OF WAY,COUNTRY CLUB & WALNUT,39.137744,-86.530288
2004,12,3,Weekday,1100,2-Car,No injury/unknown,OTHER (DRIVER) - EXPLAIN IN NARRATIVE,OLD NATIONAL BANK & WALNUT,39.137744,-86.530288
2004,7,2,Weekday,1400,2-Car,No injury/unknown,DRIVER DISTRACTED - EXPLAIN IN NARRATIVE,KINGS & OLCOTT,39.13770114,-86.485997
2004,9,4,Weekday,600,1-Car,No injury/unknown,DRIVER DISTRACTED - EXPLAIN IN NARRATIVE,WALNUT & WALNUT ST,39.137424,-86.529968
2004,5,6,Weekday,1300,2-Car,Non-incapacitating,UNSAFE BACKING,WALNUT ST,39.13736,-86.529904
2004,5,3,Weekday,1400,2-Car,Non-incapacitating,FAILURE TO YIELD RIGHT OF WAY,WALNUT & WINSLOW,39.13736,-86.529904
2004,7,4,Weekday,1900,2-Car,No injury/unknown,,WALNUT & WALNUT ST,39.13736,-86.529904
2004,5,7,Weekend,1100,2-Car,No injury/unknown,UNSAFE BACKING,COUNTRY CLUB & WALNUT,39.13736,-86.529904
2004,9,7,Weekend,1300,3+ Cars,No injury/unknown,OTHER (DRIVER) - EXPLAIN IN NARRATIVE,S WALNUT ST,39.13736,-86.529904