Year,Month,Day,Weekend?,Hour,Collision Type,Injury Type,Primary Factor,Reported_Location,Latitude,Longitude
2004,12,5,Weekday,1200,2-Car,No injury/unknown,OTHER (DRIVER) - EXPLAIN IN NARRATIVE,WALNUT,39.13736,-86.529904
2004,12,4,Weekday,700,2-Car,No injury/unknown,OTHER (DRIVER) - EXPLAIN IN NARRATIVE,WINDEMERE,39.137312,-86.505888
2004,6,2,Weekday,1100,2-Car,Non-incapacitating,DRIVER DISTRACTED - EXPLAIN IN NARRATIVE,LEONARD SPRING RD & TAPP,39.1373,-86.582599
2004,5,5,Weekday,800,1-Car,No injury/unknown,NONE (DRIVER),ROGERS ST & WATSON,39.137248,-86.538192
2004,10,3,Weekday,1700,2-Car,Non-incapacitating,SPEED TOO FAST FOR WEATHER CONDITIONS,SR 37 & TAPP,39.13717727,-86.5728977
2004,12,6,Weekday,900,2-Car,No injury/unknown,FAILURE TO YIELD RIGHT OF WAY,RAYLE & TAPP RDS,39.13704001,-86.57679505
2004,5,7,Weekend,1200,3+ Cars,No injury/unknown,FOLLOWING TOO CLOSELY,S LEONARD SPRINGS & TAPP RD,39.13704,-86.58180305
2004,4,6,Weekday,1700,2-Car,No injury/unknown,BRAKE FAILURE OR DEFECTIVE,SR37 & TAPP,39.13704,-86.572896
2004,6,3,Weekday,900,2-Car,Non-incapacitating,OTHER (DRIVER) - EXPLAIN IN NARRATIVE,SR37 & TAPP RD,39.13704,-86.572896
2004,7,6,Weekday,1500,2-Car,No injury/unknown,FOLLOWING TOO CLOSELY,SR37 & TAPP,39.13704,-86.572896
2004,2,6,Weekday,900,2-Car,No injury/unknown,DRIVER DISTRACTED - EXPLAIN IN NARRATIVE,SR 37 & TAPP,39.13704,-86.572896
2004,3,6,Weekday,0,2-Car,No injury/unknown,FOLLOWING TOO CLOSELY,SR37 & TAPP RD,39.13704,-86.572896
2004,4,4,Weekday,1300,2-Car,Non-incapacitating,FOLLOWING TOO CLOSELY,S LEONARD SPRINGS & TAPP,39.13704,-86.582512
2004,7,6,Weekday,1300,2-Car,Non-incapacitating,FAILURE TO YIELD RIGHT OF WAY,LEONARD SPRINGS RD & TAPP,39.13704,-86.582512
2004,7,4,Weekday,1600,Moped/Motorcycle,Non-incapacitating,DISREGARD SIGNAL/REG SIGN,SR 37 & TAPP,39.13704,-86.572896
2004,12,3,Weekday,1100,2-Car,Non-incapacitating,FAILURE TO YIELD RIGHT OF WAY,SR37 & TAPP,39.13704,-86.572896
2004,3,4,Weekday,800,3+ Cars,Non-incapacitating,DISREGARD SIGNAL/REG SIGN,SR37S & TAPP,39.13704,-86.572896
2004,4,6,Weekend,2000,2-Car,No injury/unknown,DISREGARD SIGNAL/REG SIGN,SR37S & TAPP,39.13704,-86.572896
2004,7,1,Weekend,1500,3+ Cars,Non-incapacitating,DISREGARD SIGNAL/REG SIGN,SR37N & TAPP,39.13704,-86.572896
2004,7,6,Weekday,1300,2-Car,No injury/unknown,SPEED TOO FAST FOR WEATHER CONDITIONS,SR37S & TAPP,39.13704,-86.572896
2004,10,2,Weekday,1800,2-Car,No injury/unknown,FAILURE TO YIELD RIGHT OF WAY,SR37S & TAPP,39.13704,-86.572896
2004,3,7,Weekend,1000,1-Car,No injury/unknown,NONE (DRIVER),AIRPORT & SR45,39.1370022,-86.5935337
2004,1,6,Weekday,1500,2-Car,Non-incapacitating,BRAKE FAILURE OR DEFECTIVE,SR37 & TAPP RD,39.13699774,-86.57183422
2004,4,5,Weekday,,2-Car,No injury/unknown,OTHER (DRIVER) - EXPLAIN IN NARRATIVE,10TH & CAMPBELL DR,39.13697335,-86.513899
2004,7,5,Weekday,900,1-Car,No injury/unknown,OTHER (DRIVER) - EXPLAIN IN NARRATIVE,AIRPORT RD & KIRBY,39.13687656,-86.61196378
2004,3,7,Weekend,1700,1-Car,Non-incapacitating,UNSAFE SPEED,AIRPORT RD & BUNGER,39.13686107,-86.60582357
2004,12,1,Weekend,1200,1-Car,Non-incapacitating,OTHER (DRIVER) - EXPLAIN IN NARRATIVE,AIRPORT RD & BUNGER,39.13684802,-86.60777238
2004,8,4,Weekday,2200,Moped/Motorcycle,Non-incapacitating,ANIMAL/OBJECT IN ROADWAY,AIRPORT RD & BUNGER,39.13684801,-86.60653171
2004,10,7,Weekend,2000,1-Car,Non-incapacitating,PRESCRIPTION DRUGS,SR 45 & W AIRPORT,39.136848,-86.593792
2004,8,3,Weekday,800,2-Car,Non-incapacitating,FAILURE TO YIELD RIGHT OF WAY,AIRPORT RD & BUNGER,39.136848,-86.606
2004,1,4,Weekday,900,1-Car,Non-incapacitating,PASSENGER DISTRACTION,AIRPORT & ENDWRIGHT RD,39.136848,-86.5964
2004,10,6,Weekday,600,2-Car,No injury/unknown,OTHER (DRIVER) - EXPLAIN IN NARRATIVE,AIRPORT & SR45,39.136848,-86.593792
2004,12,5,Weekday,1300,2-Car,Non-incapacitating,OTHER (DRIVER) - EXPLAIN IN NARRATIVE,AIRPORT & SR45,39.136848,-86.593792
2004,11,1,Weekday,1900,2-Car,Non-incapacitating,DISREGARD SIGNAL/REG SIGN,AIRPORT & SR45,39.136848,-86.593792
2004,8,4,Weekday,2000,2-Car,Non-incapacitating,UNSAFE SPEED,AIRPORT & SR45,39.136848,-86.593792
2004,1,2,Weekday,1600,2-Car,No injury/unknown,FAILURE TO YIELD RIGHT OF WAY,WALNUT ST & WINSLOW,39.13679518,-86.52933918
2004,9,3,Weekday,700,2-Car,No injury/unknown,OTHER (DRIVER) - EXPLAIN IN NARRATIVE,SR37 & TAPP,39.13676545,-86.572896
2004,11,3,Weekday,600,2-Car,No injury/unknown,FOLLOWING TOO CLOSELY,SR 37 & TAPP,39.13676545,-86.572896
2004,2,6,Weekday,1500,2-Car,Non-incapacitating,FOLLOWING TOO CLOSELY,AIRPORT & SR45,39.13675646,-86.59392408
2004,9,4,Weekday,1600,2-Car,No injury/unknown,OTHER (DRIVER) - EXPLAIN IN NARRATIVE,REX GROSSMAN & TAPP RD,39.1367,-86.570949
2004,3,4,Weekday,700,2-Car,No injury/unknown,SPEED TOO FAST FOR WEATHER CONDITIONS,AIRPORT & SR45,39.13666492,-86.59405616
2004,7,1,Weekend,1200,2-Car,No injury/unknown,FAILURE TO YIELD RIGHT OF WAY,HIGH ST & ROGERS,39.13664,-86.508096
2004,1,5,Weekday,1200,2-Car,No injury/unknown,FOLLOWING TOO CLOSELY,HIGH & ROGERS RD,39.13664,-86.508096
2004,5,6,Weekend,2200,1-Car,No injury/unknown,UNSAFE SPEED,E ROGERS RD & HIGH,39.13664,-86.508096
2004,5,1,Weekend,1300,2-Car,No injury/unknown,OTHER (DRIVER) - EXPLAIN IN NARRATIVE,HIGH ST & ROGERS,39.13664,-86.508096
2004,7,3,Weekday,1400,3+ Cars,No injury/unknown,UNSAFE BACKING,ROGERS,39.13664,-86.5064
2004,11,2,Weekday,1400,2-Car,Non-incapacitating,SPEED TOO FAST FOR WEATHER CONDITIONS,HIGH & ROGERS RD,39.13664,-86.508096
2004,7,6,Weekday,1700,3+ Cars,Non-incapacitating,FOLLOWING TOO CLOSELY,COUNTRY CLUB & ROGERS ST,39.136628,-86.53814104
2004,5,6,Weekday,500,1-Car,No injury/unknown,RAN OFF ROAD RIGHT,TAPP RD & WEIMER,39.13654711,-86.5627235
2004,7,5,Weekday,1800,2-Car,No injury/unknown,OTHER (DRIVER) - EXPLAIN IN NARRATIVE,TAPP RD & WEIMER,39.13653961,-86.56024622
2004,12,4,Weekday,1400,2-Car,No injury/unknown,ROADWAY SURFACE CONDITION,TAPP RD & WEIMER,39.13653961,-86.56024622
2004,1,2,Weekday,2100,2-Car,Non-incapacitating,UNSAFE SPEED,TAPP RD & WEIMER,39.136512,-86.562016
2004,5,2,Weekday,700,3+ Cars,Non-incapacitating,FOLLOWING TOO CLOSELY,TAPP RD & WIEMER,39.136512,-86.562016
2004,8,3,Weekday,1700,2-Car,No injury/unknown,FOLLOWING TOO CLOSELY,TAPP RD & WEIMER,39.136512,-86.562016
2004,10,5,Weekday,1100,2-Car,Non-incapacitating,FOLLOWING TOO CLOSELY,TAPP RD & WEIMER,39.136512,-86.562016
2004,7,2,Weekday,1600,3+ Cars,No injury/unknown,DRIVER DISTRACTED - EXPLAIN IN NARRATIVE,SR37N & TAPP,39.13649089,-86.572896
2004,6,2,Weekday,1500,2-Car,Non-incapacitating,FAILURE TO YIELD RIGHT OF WAY,WALNUT ST & WINSLOW,39.13646959,-86.52901359
2004,7,6,Weekday,1100,3+ Cars,No injury/unknown,IMPROPER LANE USAGE,WALNUT & WINSLOW,39.13646959,-86.52901359
2004,1,3,Weekday,1500,2-Car,No injury/unknown,OTHER (DRIVER) - EXPLAIN IN NARRATIVE,ROCKPORT & TAPP RD,39.136448,-86.548704
2004,6,6,Weekend,2000,2-Car,Non-incapacitating,OTHER (DRIVER) - EXPLAIN IN NARRATIVE,COUNTRY CLUB DR & ROCKPORT,39.136448,-86.548704
2004,8,3,Weekday,1600,2-Car,No injury/unknown,FAILURE TO YIELD RIGHT OF WAY,ROCKPORT & TAPP RD,39.136448,-86.548704
2004,10,2,Weekday,1500,2-Car,No injury/unknown,OTHER (DRIVER) - EXPLAIN IN NARRATIVE,ADAMS & TAPP RD,39.136448,-86.548704
2004,11,5,Weekday,1700,2-Car,No injury/unknown,FOLLOWING TOO CLOSELY,ROCKPORT RD & TAPP,39.136448,-86.548704
2004,12,5,Weekday,0,1-Car,Non-incapacitating,ALCOHOLIC BEVERAGES,ROCKPORT & TAPP RD,39.13643586,-86.55189415
2004,12,2,Weekday,1100,2-Car,No injury/unknown,OTHER (DRIVER) - EXPLAIN IN NARRATIVE,HIGH ST & WINSLOW,39.13641362,-86.50834833
2004,11,5,Weekday,2000,2-Car,No injury/unknown,SPEED TOO FAST FOR WEATHER CONDITIONS,HIGH & WINSLOW RD,39.13641362,-86.50837428
2004,1,2,Weekday,900,2-Car,Non-incapacitating,FAILURE TO YIELD RIGHT OF WAY,ADAMS & TAPP RD,39.136404,-86.551599
2004,4,3,Weekday,1700,2-Car,No injury/unknown,DRIVER DISTRACTED - EXPLAIN IN NARRATIVE,ADAMS & TAPP RD,39.136404,-86.55168555
2004,11,7,Weekend,1500,3+ Cars,No injury/unknown,OTHER (DRIVER) - EXPLAIN IN NARRATIVE,ADAMS & TAPP RD,39.136404,-86.551599
2004,9,5,Weekday,700,2-Car,Non-incapacitating,OTHER (DRIVER) - EXPLAIN IN NARRATIVE,ADAMS & TAPP RD,39.136404,-86.551599
2004,10,6,Weekday,1200,2-Car,No injury/unknown,FOLLOWING TOO CLOSELY,ADAMS & TAPP RD,39.136404,-86.5515964
2004,11,3,Weekday,600,1-Car,Non-incapacitating,RAN OFF ROAD RIGHT,ADAMS & TAPP RD,39.136404,-86.55160333
2004,10,2,Weekday,1700,2-Car,No injury/unknown,FAILURE TO YIELD RIGHT OF WAY,HENDERSON ST & WINSLOW,39.13634988,-86.5267951
2004,12,5,Weekday,1600,2-Car,No injury/unknown,LEFT OF CENTER,BANTA & COUNTRY CLUB DR,39.13629248,-86.54423784
2004,4,5,Weekday,1600,2-Car,No injury/unknown,FAILURE TO YIELD RIGHT OF WAY,HENDERSON ST & WINSLOW,39.1362538,-86.52679739
2004,5,7,Weekend,1900,2-Car,No injury/unknown,PRESCRIPTION DRUGS,COUNTRY CLUB,39.13617399,-86.54059715
2004,1,2,Weekday,700,1-Car,Non-incapacitating,DRIVER ILLNESS,WINSLOW RD,39.136144,-86.524496
2004,1,7,Weekend,2100,2-Car,No injury/unknown,FAILURE TO YIELD RIGHT OF WAY,WALNUT ST & WINSLOW RD,39.136144,-86.528688
2004,1,5,Weekday,1400,1-Car,No injury/unknown,RAN OFF ROAD RIGHT,WALNUT ST & WINSLOW,39.136144,-86.528688
2004,1,3,Weekday,1800,2-Car,No injury/unknown,FOLLOWING TOO CLOSELY,HENDERSON & WINSLOW RD,39.136144,-86.5268
2004,4,2,Weekday,1200,2-Car,Non-incapacitating,DISREGARD SIGNAL/REG SIGN,HENDERSON & WINSLOW,39.136144,-86.5268
2004,6,2,Weekday,1200,2-Car,No injury/unknown,UNSAFE BACKING,WINSLOW & WINSLOW RD,39.136144,-86.52431448
2004,2,7,Weekend,1300,2-Car,No injury/unknown,FAILURE TO YIELD RIGHT OF WAY,WALNUT ST & WINSLOW,39.136144,-86.528688
2004,3,7,Weekend,1400,2-Car,No injury/unknown,FOLLOWING TOO CLOSELY,FARRINGTON & LEONARD SPRS RD,39.136144,-86.582496
2004,3,3,Weekday,800,2-Car,No injury/unknown,FOLLOWING TOO CLOSELY,HENDERSON & WINSLOW RD,39.136144,-86.5268
2004,4,3,Weekday,1700,2-Car,No injury/unknown,FAILURE TO YIELD RIGHT OF WAY,S WALNUT & WINSLOW,39.136144,-86.528688
2004,7,6,Weekday,1300,Moped/Motorcycle,Non-incapacitating,,WALNUT ST & WINSLOW,39.136144,-86.528688
2004,6,6,Weekday,1200,2-Car,Non-incapacitating,DISREGARD SIGNAL/REG SIGN,WALNUT & WINSLOW,39.136144,-86.528688
2004,7,4,Weekday,1500,2-Car,No injury/unknown,FOLLOWING TOO CLOSELY,WALNUT & WINSLOW RD,39.136144,-86.52861711
2004,6,2,Weekday,1800,2-Car,No injury/unknown,FOLLOWING TOO CLOSELY,WALNUT ST & WINSLOW RD,39.136144,-86.528688
2004,8,6,Weekday,1200,2-Car,No injury/unknown,FOLLOWING TOO CLOSELY,E WINSLOW RD & S WALNUT PK,39.136144,-86.528688
2004,11,4,Weekday,1700,1-Car,No injury/unknown,SPEED TOO FAST FOR WEATHER CONDITIONS,HIGH & WINSLOW RD,39.136144,-86.50811372
2004,10,2,Weekday,1700,2-Car,Non-incapacitating,VIEW OBSTRUCTED,WALNUT ST & WINSLOW,39.136144,-86.528688
2004,10,7,Weekend,1300,2-Car,No injury/unknown,FAILURE TO YIELD RIGHT OF WAY,FAIRINGTON & LEONARD SPRINGS RD,39.136144,-86.582496
2004,10,4,Weekday,1900,2-Car,Non-incapacitating,LEFT OF CENTER,WALNUT ST & WINSLOW,39.136144,-86.528688
2004,9,6,Weekday,800,2-Car,No injury/unknown,FAILURE TO YIELD RIGHT OF WAY,WALNUT ST & WINSLOW RD,39.136144,-86.528688
2004,9,6,Weekday,800,2-Car,No injury/unknown,OTHER (DRIVER) - EXPLAIN IN NARRATIVE,WALNUT ST & WINSLOW,39.136144,-86.528688
2004,10,2,Weekday,800,2-Car,Non-incapacitating,OTHER (DRIVER) - EXPLAIN IN NARRATIVE,WALNUT ST PIKE & WINSLOW,39.136144,-86.528688
2004,10,6,Weekday,1000,2-Car,No injury/unknown,FAILURE TO YIELD RIGHT OF WAY,E WINSLOW PARK & WALNUT STREET,39.136144,-86.528688
2004,5,4,Weekday,1400,2-Car,No injury/unknown,FAILURE TO YIELD RIGHT OF WAY,WALNUT & WINSLOW,39.13614157,-86.52833357
2004,8,5,Weekday,1500,2-Car,No injury/unknown,OTHER (VEHICLE) - EXPLAIN IN NARRATIVE,WALNUT & WINSLOW,39.13614157,-86.52833357
2004,12,5,Weekday,1600,2-Car,No injury/unknown,ROADWAY SURFACE CONDITION,WALNUT & WINSLOW,39.1361378,-86.5281564
2004,5,7,Weekend,1200,2-Car,No injury/unknown,OTHER (DRIVER) - EXPLAIN IN NARRATIVE,WALNUT & WINSLOW,39.13613404,-86.52875772
2004,5,5,Weekday,1700,2-Car,Non-incapacitating,IMPROPER LANE USAGE,WALNUT & WINSLOW RD,39.13613403,-86.52797923
2004,8,5,Weekday,1100,2-Car,No injury/unknown,FAILURE TO YIELD RIGHT OF WAY,WALNUT & WINSLOW RD,39.13612272,-86.52744773
2004,12,4,Weekday,2000,2-Car,Non-incapacitating,FAILURE TO YIELD RIGHT OF WAY,HENDERSON & WINSLOW RD,39.13611258,-86.52697142
2004,2,2,Weekday,700,2-Car,No injury/unknown,FOLLOWING TOO CLOSELY,ALLENDALE & WINSTON RD,39.136096,-86.516
2004,4,3,Weekday,1200,2-Car,No injury/unknown,OTHER (DRIVER) - EXPLAIN IN NARRATIVE,ALLENDALE & E WINMSLOW RD,39.136096,-86.516
2004,9,4,Weekday,700,2-Car,No injury/unknown,DISREGARD SIGNAL/REG SIGN,COUNTRY CLUB & ROGERS ST,39.13608,-86.538096
2004,12,7,Weekend,1100,2-Car,No injury/unknown,UNSAFE BACKING,WINSLOW RD,39.13608,-86.529792
2004,2,2,Weekday,1400,2-Car,No injury/unknown,SPEED TOO FAST FOR WEATHER CONDITIONS,HIGHLAND & WINSLOW RD,39.13607085,-86.51920433
2004,10,7,Weekend,900,1-Car,No injury/unknown,SPEED TOO FAST FOR WEATHER CONDITIONS,ROGERS & SMITH RD,39.13605957,-86.48048849
2004,1,6,Weekday,1200,3+ Cars,Non-incapacitating,OTHER (DRIVER) - EXPLAIN IN NARRATIVE,HIGHLAND & WINSLOW,39.136048,-86.518496
2004,4,4,Weekday,,2-Car,No injury/unknown,FOLLOWING TOO CLOSELY,COUNTRY CLUB & S MADISON,39.136048,-86.536992
2004,5,5,Weekday,1300,2-Car,No injury/unknown,DISREGARD SIGNAL/REG SIGN,COUNTRY CLUB & OLD SR 37,39.136048,-86.530896
2004,12,6,Weekday,1200,2-Car,No injury/unknown,FAILURE TO YIELD RIGHT OF WAY,COUNTRY CLUB DR & MADISON,39.136048,-86.536992
2004,11,2,Weekday,900,2-Car,No injury/unknown,FOLLOWING TOO CLOSELY,HIGHLAND & WINSLOW RD,39.136048,-86.518496
2004,7,4,Weekday,500,2-Car,No injury/unknown,FOLLOWING TOO CLOSELY,COUNTRY CLUB DR & MADISON,39.13603941,-86.53681511
2004,10,4,Weekday,700,3+ Cars,Non-incapacitating,DRIVER ASLEEP OR FATIGUED,COUNTRY CLUB & MADISON,39.13603512,-86.53672667
2004,1,4,Weekday,2000,2-Car,No injury/unknown,FAILURE TO YIELD RIGHT OF WAY,ACCESS DR,39.136008,-86.518496
2004,5,3,Weekday,1700,3+ Cars,No injury/unknown,IMPROPER TURNING,BANTA & COUNTRY CLUB DR,39.136002,-86.539399
2004,5,3,Weekday,1500,3+ Cars,Non-incapacitating,FOLLOWING TOO CLOSELY,WINSLOW,39.136,-86.525322
2004,1,2,Weekday,700,2-Car,No injury/unknown,SPEED TOO FAST FOR WEATHER CONDITIONS,COUNTRY CLUB & WALNUT,39.135999,-86.531
2004,11,5,Weekday,1700,2-Car,No injury/unknown,FAILURE TO YIELD RIGHT OF WAY,COUNTRY CLUB & S WALNUT,39.135999,-86.531
2004,5,5,Weekday,1400,2-Car,Non-incapacitating,FOLLOWING TOO CLOSELY,AIRPORT & SR45,39.1359326,-86.59511279
2004,2,6,Weekday,1600,2-Car,No injury/unknown,FOLLOWING TOO CLOSELY,COUNTRY CLUB & WALNUT,39.1359,-86.53107204
2004,4,4,Weekday,1200,2-Car,Non-incapacitating,OTHER (DRIVER) - EXPLAIN IN NARRATIVE,COUNTRY CLUB RD & WALNUT,39.1359,-86.531098
2004,5,5,Weekday,1200,2-Car,No injury/unknown,FOLLOWING TOO CLOSELY,COUNTRY CLUB DR & WALNUT,39.1359,-86.53108069
2004,7,5,Weekday,1700,2-Car,No injury/unknown,FAILURE TO YIELD RIGHT OF WAY,COUNTRY CLUB RD & WALNUT,39.1359,-86.53108069
2004,8,3,Weekday,2200,2-Car,Fatal,LEFT OF CENTER,COUNTRY CLUB DR & WALNUT,39.1359,-86.53105473
2004,10,3,Weekday,1400,3+ Cars,Non-incapacitating,UNSAFE SPEED,COUNTRY CLUB & WALNUT,39.1359,-86.531098
2004,9,4,Weekday,2100,2-Car,No injury/unknown,FOLLOWING TOO CLOSELY,COUNTRY CLUB DR & WALNUT,39.1359,-86.53109151
2004,5,3,Weekday,1600,2-Car,No injury/unknown,DRIVER DISTRACTED - EXPLAIN IN NARRATIVE,ROGERS ST & SOMERSBE,39.135888,-86.498304
2004,4,2,Weekday,1700,2-Car,No injury/unknown,FAILURE TO YIELD RIGHT OF WAY,HENDERSON & WINSLOW,39.13586965,-86.52678628
2004,8,6,Weekday,1700,1-Car,No injury/unknown,RAN OFF ROAD RIGHT,ROGERS RD & SMITH,39.13584,-86.480496
2004,9,7,Weekend,700,1-Car,No injury/unknown,OTHER (ENVIRONMENTAL) - EXPLAIN IN NARR,ROGERS RD & SMITH,39.13584,-86.480496
2004,5,2,Weekday,2000,2-Car,No injury/unknown,FAILURE TO YIELD RIGHT OF WAY,ROGERS & SARE RD,39.13584,-86.496288
2004,1,5,Weekday,2300,1-Car,No injury/unknown,OTHER (ENVIRONMENTAL) - EXPLAIN IN NARR,ROGERS RD & SARE,39.13584,-86.496288
2004,3,5,Weekday,1400,2-Car,No injury/unknown,OTHER (DRIVER) - EXPLAIN IN NARRATIVE,ROGERS RD & SARE,39.13584,-86.496288
2004,3,3,Weekday,2200,2-Car,No injury/unknown,FAILURE TO YIELD RIGHT OF WAY,ROGERS RD & SARE,39.13584,-86.496288
2004,6,5,Weekday,2100,2-Car,No injury/unknown,FAILURE TO YIELD RIGHT OF WAY,ROGERS & SARE RD,39.13584,-86.496288
2004,5,2,Weekday,1700,2-Car,No injury/unknown,FAILURE TO YIELD RIGHT OF WAY,ROGERS & SARE RD,39.13584,-86.496288
2004,9,7,Weekend,1600,2-Car,Non-incapacitating,FAILURE TO YIELD RIGHT OF WAY,ROGERS RD & SARE,39.13584,-86.496288
2004,11,5,Weekday,2300,2-Car,Non-incapacitating,OTHER (DRIVER) - EXPLAIN IN NARRATIVE,ROGERS & SARE RD,39.13584,-86.496288
2004,11,3,Weekday,1900,2-Car,No injury/unknown,FAILURE TO YIELD RIGHT OF WAY,ROGERS & SARE RD,39.13584,-86.496288
2004,11,2,Weekday,900,1-Car,No injury/unknown,ROADWAY SURFACE CONDITION,ROGERS & SMITH,39.13584,-86.480496
2004,7,5,Weekday,1600,2-Car,No injury/unknown,UNSAFE SPEED,ROGERS RD & SMITH,39.13584,-86.480496
2004,10,3,Weekday,1700,2-Car,Non-incapacitating,LEFT OF CENTER,ROGERS RD & SMITH,39.13583872,-86.48067323
2004,9,2,Weekday,1900,2-Car,Non-incapacitating,FOLLOWING TOO CLOSELY,BARGE & LEONARD SPRINGS,39.13579711,-86.582496
2004,7,6,Weekday,1700,2-Car,No injury/unknown,FAILURE TO YIELD RIGHT OF WAY,WALNUT ST & WINSLOW,39.13578679,-86.5284234
2004,1,6,Weekend,2100,1-Car,Non-incapacitating,OTHER (DRIVER) - EXPLAIN IN NARRATIVE,ROGERS & SNODDY RD,39.13576,-86.489488
2004,10,1,Weekend,0,2-Car,No injury/unknown,NONE (DRIVER),ROGERS & SNODDY,39.13576,-86.489488
2004,4,5,Weekday,1200,2-Car,No injury/unknown,UNSAFE BACKING,AUTOMALL RD,39.135696,-86.505936
2004,11,5,Weekday,700,3+ Cars,No injury/unknown,FOLLOWING TOO CLOSELY,SR 37 & TAPP,39.13566723,-86.572896
2004,10,1,Weekend,1100,1-Car,No injury/unknown,RAN OFF ROAD RIGHT,SR 446,39.135648,-86.462248
2004,4,6,Weekend,2300,1-Car,No injury/unknown,ANIMAL/OBJECT IN ROADWAY,SR446,39.135648,-86.462248
2004,2,4,Weekday,2000,1-Car,No injury/unknown,ANIMAL/OBJECT IN ROADWAY,KNIGHTRIDGE & SR446S,39.135648,-86.462
2004,12,3,Weekday,1600,2-Car,No injury/unknown,FAILURE TO YIELD RIGHT OF WAY,SR446,39.135648,-86.462248
2004,12,5,Weekday,1600,2-Car,No injury/unknown,SPEED TOO FAST FOR WEATHER CONDITIONS,KNIGHTRIDGE RD & SR446,39.135648,-86.462
2004,9,4,Weekday,1900,1-Car,No injury/unknown,ANIMAL/OBJECT IN ROADWAY,S KNIGHTRIDGE & SR446S,39.135648,-86.462
2004,2,7,Weekend,1700,2-Car,No injury/unknown,FAILURE TO YIELD RIGHT OF WAY,FAIRINGTON & STAFFORD,39.135552,-86.575792
2004,7,7,Weekend,1700,2-Car,No injury/unknown,FOLLOWING TOO CLOSELY,SOUTH MCCARTNEY & SOUTH SARE RD,39.13530064,-86.49752248
2004,5,2,Weekday,1100,1-Car,No injury/unknown,BRAKE FAILURE OR DEFECTIVE,LEONARD SPRINGS RD,39.13514057,-86.58250286
2004,11,1,Weekend,1800,2-Car,No injury/unknown,UNSAFE BACKING,LEONARDS SPRINGS & LEONARDS SPRINGS RD,39.13514057,-86.58250286
2004,5,7,Weekend,1300,2-Car,Non-incapacitating,FOLLOWING TOO CLOSELY,DUNCAN & SR45,39.13485545,-86.59645444
2004,5,2,Weekday,500,1-Car,No injury/unknown,ANIMAL/OBJECT IN ROADWAY,ROGERS & WALNUT ST,39.13477251,-86.533499
2004,8,2,Weekday,1400,2-Car,No injury/unknown,FAILURE TO YIELD RIGHT OF WAY,BUCKINGHAM & WESTMINSTER WAY,39.134752,-86.521792
2004,1,5,Weekday,700,2-Car,Non-incapacitating,TOW HITCH FAILURE,ROGERS ST & WALLACE,39.134352,-86.538192
2004,11,4,Weekday,700,2-Car,No injury/unknown,FOLLOWING TOO CLOSELY,SR37 & TAPP,39.13429447,-86.572896
2004,7,1,Weekend,400,2-Car,No injury/unknown,ALCOHOLIC BEVERAGES,FAIRINGTON & INDIAN CREEK DR,39.13426555,-86.57592301
2004,1,7,Weekend,900,2-Car,No injury/unknown,OTHER (DRIVER) - EXPLAIN IN NARRATIVE,RIDGE CREST CT & SUMMITVIEW,39.13393099,-86.525497
2004,12,3,Weekday,900,2-Car,No injury/unknown,UNSAFE BACKING,REGENTS & REGENTS CIR,39.133424,-86.51984
2004,7,4,Weekday,1500,2-Car,No injury/unknown,FAILURE TO YIELD RIGHT OF WAY,LIBERTY DR & SR48,39.13287507,-86.57913641
2004,1,5,Weekday,1200,2-Car,No injury/unknown,UNSAFE BACKING,SHAMROCK & WICKENS,39.13286502,-86.5479
2004,8,6,Weekend,2100,1-Car,Non-incapacitating,ALCOHOLIC BEVERAGES,GARDNER RD & HOFF,39.13244804,-86.65099634
2004,2,1,Weekend,500,1-Car,No injury/unknown,RAN OFF ROAD RIGHT,CUFFERS & FAIRWAY LN,39.13224,-86.544304
2004,2,6,Weekday,700,2-Car,No injury/unknown,FAILURE TO YIELD RIGHT OF WAY,FAIRWAY & ROGERS ST,39.132144,-86.5384
2004,5,2,Weekday,900,2-Car,No injury/unknown,UNSAFE BACKING,LIMESTONE CT,39.132064,-86.533008
2004,10,2,Weekday,600,1-Car,No injury/unknown,ANIMAL/OBJECT IN ROADWAY,BUNGER & SR 45,39.13174021,-86.60080992
2004,5,7,Weekend,1100,2-Car,Non-incapacitating,OTHER (DRIVER) - EXPLAIN IN NARRATIVE,LEONARD SPGS & MAYBURY,39.131648,-86.582496
2004,10,4,Weekday,1300,2-Car,Non-incapacitating,FAILURE TO YIELD RIGHT OF WAY,LEONARD SPRINGS & MAYBURY MALL,39.131648,-86.582496
2004,10,3,Weekday,1800,2-Car,Non-incapacitating,OTHER (DRIVER) - EXPLAIN IN NARRATIVE,LEONARD SPRINGS & MAYBURY MALL,39.131648,-86.582496
2004,12,7,Weekend,1300,2-Car,No injury/unknown,LEFT OF CENTER,SR446 & SWARTZ RDG,39.1316,-86.447968
2004,9,2,Weekday,1800,2-Car,Non-incapacitating,FAILURE TO YIELD RIGHT OF WAY,GREEN RD & TULIP,39.1314134,-86.54161011
2004,9,7,Weekend,2000,2-Car,No injury/unknown,IMPROPER TURNING,GREEN RD & ROGERS,39.131248,-86.538496
2004,7,1,Weekend,1100,1-Car,Non-incapacitating,RAN OFF ROAD RIGHT,ASHWOOD & ASHWOOD DR,39.131248,-86.508464
2004,10,2,Weekday,1800,2-Car,No injury/unknown,UNSAFE SPEED,AIRPORT & SR 45,39.13121217,-86.60153552
2004,10,5,Weekday,2000,2-Car,No injury/unknown,GLARE,ALLENDALE DR & WALNUT,39.13095357,-86.52633377