Year,Month,Day,Weekend?,Hour,Collision Type,Injury Type,Primary Factor,Reported_Location,Latitude,Longitude
2004,9,3,Weekday,1500,2-Car,No injury/unknown,FAILURE TO YIELD RIGHT OF WAY,ALLENDALE & WALNUT ST,39.130944,-86.526688
2004,12,4,Weekday,1000,2-Car,No injury/unknown,ROADWAY SURFACE CONDITION,ALLENDALE DR & BAINBRIDGE,39.13092428,-86.51972127
2004,8,3,Weekday,1800,2-Car,Non-incapacitating,IMPROPER TURNING,SARE RD,39.130701,-86.501797
2004,2,1,Weekend,1700,2-Car,No injury/unknown,SPEED TOO FAST FOR WEATHER CONDITIONS,3400 SARE,39.130701,-86.501797
2004,4,7,Weekend,1600,2-Car,No injury/unknown,FAILURE TO YIELD RIGHT OF WAY,CANADA & SARE,39.130701,-86.501797
2004,8,5,Weekday,700,2-Car,No injury/unknown,DRIVER DISTRACTED - EXPLAIN IN NARRATIVE,BUNGER & SR 45,39.13024347,-86.60297958
2004,6,1,Weekday,2100,2-Car,Non-incapacitating,IMPROPER PASSING,LOIS & ROGERS ST,39.12984,-86.538496
2004,7,3,Weekday,1300,2-Car,Non-incapacitating,OTHER (DRIVER) - EXPLAIN IN NARRATIVE,BUNGER & SR 45,39.12971339,-86.60379344
2004,2,6,Weekday,1600,2-Car,No injury/unknown,NONE (DRIVER),BUNGER & SR45,39.1295367,-86.60406472
2004,1,7,Weekend,1300,2-Car,No injury/unknown,OTHER (DRIVER) - EXPLAIN IN NARRATIVE,BUNGER & SR45,39.12941301,-86.60425462
2004,5,3,Weekday,1700,2-Car,No injury/unknown,DISREGARD SIGNAL/REG SIGN,BUNGER & SR45,39.12936,-86.604336
2004,7,5,Weekday,1400,2-Car,No injury/unknown,FAILURE TO YIELD RIGHT OF WAY,BUNGER & SR45,39.12936,-86.604336
2004,3,5,Weekday,1300,2-Car,No injury/unknown,LEFT OF CENTER,BUNGER & SR45W,39.1289792,-86.6049229
2004,5,7,Weekend,1000,2-Car,No injury/unknown,UNSAFE BACKING,HEATHERWOOD LN,39.128848,-86.587328
2004,5,5,Weekday,1600,2-Car,No injury/unknown,ALCOHOLIC BEVERAGES,HEATHERWOOD LN,39.128824,-86.586896
2004,12,7,Weekend,2000,1-Car,Non-incapacitating,UNSAFE SPEED,GROSS & KNIGHT RIDGE RD,39.128701,-86.441695
2004,12,4,Weekday,0,1-Car,No injury/unknown,RAN OFF ROAD RIGHT,DANIEL ST & OLCOTT,39.12843247,-86.488199
2004,3,6,Weekday,1800,2-Car,No injury/unknown,OTHER (DRIVER) - EXPLAIN IN NARRATIVE,PERMISIMMON TREE,39.128304,-86.58704
2004,6,1,Weekday,2200,2-Car,No injury/unknown,BRAKE FAILURE OR DEFECTIVE,PRIMROSE LN,39.128304,-86.58704
2004,2,5,Weekday,2300,2-Car,No injury/unknown,,WALNUT SPRINGS,39.12820737,-86.52679655
2004,2,6,Weekday,900,2-Car,Incapacitating,OTHER (DRIVER) - EXPLAIN IN NARRATIVE,ISON & SR45,39.128,-86.606432
2004,12,5,Weekday,1900,2-Car,No injury/unknown,FAILURE TO YIELD RIGHT OF WAY,BURKS & WALNUT ST PIKE,39.1279,-86.526795
2004,11,3,Weekday,1900,2-Car,No injury/unknown,LEFT OF CENTER,JENNIFER & LAURA WAY,39.1274,-86.517935
2004,6,7,Weekend,1200,2-Car,No injury/unknown,IMPROPER TURNING,CANADA DR & CLAYBRIDGE,39.1273,-86.50750365
2004,10,1,Weekend,1700,1-Car,No injury/unknown,RAN OFF ROAD RIGHT,ISOM & SR45,39.12711677,-86.60778864
2004,7,3,Weekday,800,2-Car,Non-incapacitating,LEFT OF CENTER,LEONARD SPRINGS & LEONARD SPRINGS RD,39.126976,-86.582464
2004,11,2,Weekday,1200,1-Car,No injury/unknown,ALCOHOLIC BEVERAGES,S LEONARD SPRINGS & W LEONARD SPRINGS,39.126976,-86.582464
2004,7,1,Weekend,400,1-Car,No injury/unknown,ALCOHOLIC BEVERAGES,LEONARD SPRINGS & S LEONARD SPRINGS,39.126976,-86.582464
2004,4,4,Weekday,2000,2-Car,No injury/unknown,ALCOHOLIC BEVERAGES,BURKS & WALNUT ST,39.1269,-86.531399
2004,8,7,Weekend,1700,2-Car,No injury/unknown,FAILURE TO YIELD RIGHT OF WAY,BURKS & WALNUT ST PARK,39.1269,-86.531399
2004,5,5,Weekday,500,1-Car,No injury/unknown,DRIVER ASLEEP OR FATIGUED,LEONARD SPRINGS & SIMMS,39.12664,-86.582512
2004,5,7,Weekend,2100,2-Car,Non-incapacitating,FAILURE TO YIELD RIGHT OF WAY,LENARD SPRINGS RD & SIMS,39.12664,-86.582512
2004,1,7,Weekend,1800,2-Car,No injury/unknown,LEFT OF CENTER,OOLEY & SIMS LN,39.1266097,-86.57847157
2004,2,6,Weekday,1000,2-Car,No injury/unknown,UNSAFE BACKING,SR37,39.12660505,-86.5726527
2004,5,7,Weekend,1500,2-Car,No injury/unknown,UNSAFE BACKING,PARKING LOT & SR37,39.12660505,-86.5726527
2004,4,6,Weekday,1700,3+ Cars,No injury/unknown,OTHER (DRIVER) - EXPLAIN IN NARRATIVE,SR37,39.12660505,-86.5726527
2004,7,3,Weekday,1800,2-Car,No injury/unknown,FAILURE TO YIELD RIGHT OF WAY,OLD SR37 & SR 37,39.12660505,-86.5726527
2004,4,7,Weekend,0,2-Car,No injury/unknown,UNSAFE BACKING,ODELL DR,39.126499,-86.528698
2004,4,5,Weekday,1000,2-Car,No injury/unknown,UNSAFE BACKING,WALNUT ST PIKE & WILLOW MANOR S LOT,39.12631655,-86.52674475
2004,1,3,Weekday,1600,2-Car,No injury/unknown,LEFT OF CENTER,WALNUT PIKE,39.12631655,-86.52674475
2004,6,3,Weekday,2000,2-Car,No injury/unknown,FAILURE TO YIELD RIGHT OF WAY,WALNUT ST PARK & WILLOW MANNOR,39.12631655,-86.52674475
2004,3,5,Weekday,2000,2-Car,Non-incapacitating,ALCOHOLIC BEVERAGES,OOLEY & SIMS LN,39.12626043,-86.57818989
2004,1,6,Weekend,1900,3+ Cars,Fatal,LEFT OF CENTER,GILLHAM & SR 45,39.12602024,-86.60947285
2004,3,7,Weekend,1500,2-Car,Non-incapacitating,LEFT OF CENTER,PARGRAVE & ROGERS,39.12546971,-86.53892574
2004,3,3,Weekday,1700,2-Car,No injury/unknown,FAILURE TO YIELD RIGHT OF WAY,COUNTRY CLUB & S WALNUT ST,39.12543228,-86.531
2004,3,5,Weekday,900,2-Car,No injury/unknown,UNSAFE BACKING,SR45,39.125312,-86.610496
2004,2,3,Weekday,1900,2-Car,No injury/unknown,SPEED TOO FAST FOR WEATHER CONDITIONS,SR45,39.125312,-86.610496
2004,1,6,Weekday,1600,2-Car,Non-incapacitating,FOLLOWING TOO CLOSELY,SR45,39.125312,-86.610496
2004,2,4,Weekday,1400,2-Car,No injury/unknown,OTHER (DRIVER) - EXPLAIN IN NARRATIVE,SR45,39.125312,-86.610496
2004,2,5,Weekday,1300,2-Car,No injury/unknown,UNSAFE BACKING,SR45,39.125312,-86.610496
2004,3,7,Weekend,1400,2-Car,No injury/unknown,OTHER (DRIVER) - EXPLAIN IN NARRATIVE,SR45,39.125312,-86.610496
2004,3,4,Weekday,1600,2-Car,No injury/unknown,FAILURE TO YIELD RIGHT OF WAY,SR45,39.125312,-86.610496
2004,4,6,Weekend,1900,2-Car,No injury/unknown,UNSAFE BACKING,SR45,39.125312,-86.610496
2004,8,7,Weekend,1700,2-Car,No injury/unknown,UNSAFE BACKING,SR 45,39.125312,-86.610496
2004,8,1,Weekend,1300,2-Car,No injury/unknown,FAILURE TO YIELD RIGHT OF WAY,SR45,39.125312,-86.610496
2004,7,2,Weekday,1700,2-Car,No injury/unknown,OTHER (DRIVER) - EXPLAIN IN NARRATIVE,SR 45,39.125312,-86.610496
2004,6,2,Weekday,1100,2-Car,No injury/unknown,OTHER (DRIVER) - EXPLAIN IN NARRATIVE,SR45,39.125312,-86.610496
2004,5,6,Weekday,1500,2-Car,No injury/unknown,OTHER (DRIVER) - EXPLAIN IN NARRATIVE,SR45,39.125312,-86.610496
2004,7,5,Weekday,1900,2-Car,No injury/unknown,UNSAFE BACKING,SR45,39.125312,-86.610496
2004,7,3,Weekday,2100,2-Car,No injury/unknown,UNSAFE BACKING,SR45,39.125312,-86.610496
2004,11,6,Weekday,1300,2-Car,No injury/unknown,UNSAFE BACKING,SR45,39.125312,-86.610496
2004,11,3,Weekday,1100,2-Car,No injury/unknown,UNSAFE BACKING,SR45,39.125312,-86.610496
2004,11,3,Weekday,1900,1-Car,Non-incapacitating,UNSAFE SPEED,SR45,39.125312,-86.610496
2004,10,7,Weekend,1700,2-Car,No injury/unknown,OTHER (DRIVER) - EXPLAIN IN NARRATIVE,SR45,39.125312,-86.610496
2004,12,3,Weekday,800,2-Car,No injury/unknown,UNSAFE BACKING,SR45,39.125312,-86.610496
2004,9,5,Weekday,700,2-Car,Non-incapacitating,OTHER (DRIVER) - EXPLAIN IN NARRATIVE,GILLIAM & SR45,39.125072,-86.6108
2004,9,5,Weekday,600,2-Car,No injury/unknown,OTHER (DRIVER) - EXPLAIN IN NARRATIVE,GILLHAM & SR45,39.125072,-86.6108
2004,5,6,Weekday,1500,2-Car,No injury/unknown,OTHER (DRIVER) - EXPLAIN IN NARRATIVE,GILHAM & SR45,39.125072,-86.6108
2004,6,4,Weekday,500,1-Car,No injury/unknown,ANIMAL/OBJECT IN ROADWAY,ELLER & SR45,39.12419625,-86.61191329
2004,9,4,Weekday,0,1-Car,Non-incapacitating,DRIVER DISTRACTED - EXPLAIN IN NARRATIVE,BENSON & JAMIE LN,39.123776,-86.517776
2004,5,6,Weekday,1400,2-Car,No injury/unknown,FAILURE TO YIELD RIGHT OF WAY,ENTRYEXIT ANIMAL SHELTER & S WALNUT ST,39.12376088,-86.5266497
2004,2,5,Weekday,1400,2-Car,No injury/unknown,SPEED TOO FAST FOR WEATHER CONDITIONS,SOAKDALE & SOAKDALE DR,39.123584,-86.523856
2004,8,6,Weekday,1700,2-Car,No injury/unknown,FAILURE TO YIELD RIGHT OF WAY,FULLERTON & S LEONARD SPRINGS,39.123376,-86.582592
2004,6,2,Weekday,1000,1-Car,Non-incapacitating,DRIVER DISTRACTED - EXPLAIN IN NARRATIVE,FULLERTON PIKE & LEONARD SPRINGS,39.12329756,-86.5797588
2004,11,5,Weekday,700,1-Car,Non-incapacitating,RAN OFF ROAD RIGHT,FULERTON PIKE & SIMS,39.123248,-86.578192
2004,11,3,Weekday,1000,1-Car,Non-incapacitating,BRAKE FAILURE OR DEFECTIVE,DELLSVILLE & OLD SR37,39.12314404,-86.544397
2004,2,3,Weekday,,2-Car,No injury/unknown,FOLLOWING TOO CLOSELY,LEONARD & WALNUT LEAF,39.12298572,-86.5830819
2004,7,1,Weekend,1500,2-Car,Non-incapacitating,FAILURE TO YIELD RIGHT OF WAY,ELLER & GARRISON CHAPEL RD,39.122416,-86.64296
2004,7,6,Weekday,1200,2-Car,No injury/unknown,FOLLOWING TOO CLOSELY,DUNCAN & LEONARD SPRINGS,39.12235209,-86.60065284
2004,8,7,Weekend,1100,2-Car,No injury/unknown,FAILURE TO YIELD RIGHT OF WAY,FULERTON & SR 37,39.122352,-86.5712
2004,10,3,Weekday,1400,2-Car,Non-incapacitating,DISREGARD SIGNAL/REG SIGN,FULLERTON & SR 37,39.122352,-86.5712
2004,5,2,Weekday,1500,2-Car,No injury/unknown,FAILURE TO YIELD RIGHT OF WAY,FULERTON & SR37,39.122352,-86.5712
2004,5,7,Weekend,600,1-Car,No injury/unknown,DRIVER ASLEEP OR FATIGUED,ISON & LEONARD SPRINGS RD,39.122352,-86.6056
2004,4,1,Weekend,1100,2-Car,No injury/unknown,OTHER (DRIVER) - EXPLAIN IN NARRATIVE,ISON & LEONARD SPRINGS RD,39.122352,-86.6056
2004,2,4,Weekday,1600,1-Car,Non-incapacitating,ALCOHOLIC BEVERAGES,LEONARD,39.122352,-86.6056
2004,2,6,Weekday,1500,2-Car,No injury/unknown,FAILURE TO YIELD RIGHT OF WAY,FULLERTON & SR37,39.122352,-86.5712
2004,9,1,Weekend,0,2-Car,Non-incapacitating,OTHER (DRIVER) - EXPLAIN IN NARRATIVE,FULLERTON & SR37,39.122352,-86.5712
2004,11,7,Weekend,800,1-Car,No injury/unknown,RAN OFF ROAD RIGHT,BUSHMILL DR & SHAMROCK CT,39.122302,-86.54790866
2004,3,6,Weekday,1300,2-Car,No injury/unknown,FAILURE TO YIELD RIGHT OF WAY,LIBERTY DR & SR48,39.12230063,-86.57913641
2004,3,6,Weekday,1800,2-Car,No injury/unknown,FAILURE TO YIELD RIGHT OF WAY,LIBERTY DR & SR48,39.12230063,-86.57913641
2004,1,4,Weekday,2000,2-Car,No injury/unknown,SPEED TOO FAST FOR WEATHER CONDITIONS,CRAMER & WICKENS,39.1223,-86.5479
2004,11,4,Weekday,800,2-Car,No injury/unknown,SPEED TOO FAST FOR WEATHER CONDITIONS,FULLERTON & SR37N,39.12227234,-86.57113063
2004,4,5,Weekday,1600,1-Car,Non-incapacitating,OTHER (ENVIRONMENTAL) - EXPLAIN IN NARR,ELLER RD & WESTMOUNT,39.122256,-86.619184
2004,3,6,Weekday,1500,2-Car,No injury/unknown,UNSAFE BACKING,ELLER & SR45,39.12224,-86.6144
2004,5,6,Weekend,2000,2-Car,Non-incapacitating,FAILURE TO YIELD RIGHT OF WAY,ELLER & SR45,39.12224,-86.6144
2004,1,6,Weekday,1500,2-Car,Non-incapacitating,LEFT OF CENTER,FULLERTON & ROCKPORT RD,39.122224,-86.562688
2004,10,1,Weekend,1300,2-Car,No injury/unknown,UNSAFE SPEED,ELLER RD & WESTMONT,39.12215642,-86.61848695
2004,6,7,Weekend,1400,1-Car,Non-incapacitating,RAN OFF ROAD RIGHT,FULLERTON & THAT,39.12210164,-86.57569683
2004,5,6,Weekend,2100,1-Car,No injury/unknown,ANIMAL/OBJECT IN ROADWAY,FULLERTON & SR37S,39.12201059,-86.5709027
2004,10,3,Weekday,1500,2-Car,No injury/unknown,UNSAFE BACKING,HARRELL RD & RHORER,39.121808,-86.498784
2004,7,6,Weekend,2000,2-Car,Non-incapacitating,SPEED TOO FAST FOR WEATHER CONDITIONS,HARELL RD & RHORER,39.121808,-86.498784
2004,3,6,Weekday,1700,2-Car,Non-incapacitating,UNSAFE SPEED,GORDON PIKE & ROGERS,39.121648,-86.539088
2004,12,6,Weekday,1800,2-Car,No injury/unknown,OTHER (DRIVER) - EXPLAIN IN NARRATIVE,W GORDON PIKE,39.121616,-86.538592
2004,10,2,Weekday,1900,2-Car,No injury/unknown,OTHER (DRIVER) - EXPLAIN IN NARRATIVE,GORDON & S ROGERS,39.12161382,-86.53855824
2004,5,7,Weekend,1400,1-Car,Non-incapacitating,OVERCORRECTING/OVERSTEERING,GORDON & ROGERS,39.12157422,-86.53785136
2004,5,1,Weekend,1300,2-Car,No injury/unknown,DRIVER DISTRACTED - EXPLAIN IN NARRATIVE,OLD SR 37 & RHORER,39.121552,-86.531296
2004,1,2,Weekday,,2-Car,No injury/unknown,LEFT OF CENTER,GORDON PIKE & WALNUT,39.12154418,-86.53386009
2004,6,2,Weekday,700,2-Car,No injury/unknown,LEFT OF CENTER,JAMIE & RHORER,39.12152,-86.51792
2004,5,2,Weekday,1400,2-Car,Non-incapacitating,FAILURE TO YIELD RIGHT OF WAY,JAMIE & RHORER RD,39.12152,-86.51792
2004,6,2,Weekday,1500,3+ Cars,Non-incapacitating,DRIVER DISTRACTED - EXPLAIN IN NARRATIVE,RHORER RD,39.12152,-86.5298
2004,3,1,Weekend,500,1-Car,Non-incapacitating,DRIVER ASLEEP OR FATIGUED,RHORER RD & SARE,39.1215,-86.51250938
2004,11,7,Weekend,1900,1-Car,No injury/unknown,ANIMAL/OBJECT IN ROADWAY,DERBY & RHORER RD,39.1215,-86.52199035
2004,11,6,Weekday,600,1-Car,No injury/unknown,ANIMAL/OBJECT IN ROADWAY,ROHER RD & SARE,39.1215,-86.512499
2004,8,4,Weekday,1600,2-Car,No injury/unknown,OTHER (DRIVER) - EXPLAIN IN NARRATIVE,FOX CHASE RUN & RHORER,39.1215,-86.498799
2004,11,2,Weekday,2100,1-Car,No injury/unknown,ANIMAL/OBJECT IN ROADWAY,BENSON & RHORER RD,39.12149465,-86.51994847
2004,1,4,Weekday,1500,2-Car,Non-incapacitating,DISREGARD SIGNAL/REG SIGN,RHORER RD & WALNUT ST PIKE,39.12144,-86.526496
2004,11,1,Weekday,1900,2-Car,No injury/unknown,DISREGARD SIGNAL/REG SIGN,RHORER & WALNUT ST,39.12144,-86.526496
2004,12,5,Weekday,700,2-Car,Non-incapacitating,FOLLOWING TOO CLOSELY,RHORER RD & S WALNUT ST,39.12144,-86.526496
2004,2,3,Weekday,700,2-Car,Non-incapacitating,DISREGARD SIGNAL/REG SIGN,RHOVER & WALNUT ST,39.12137013,-86.5313729
2004,2,4,Weekday,800,2-Car,Non-incapacitating,LEFT OF CENTER,ELLER & SR45,39.12092355,-86.61644385
2004,4,1,Weekday,2100,1-Car,No injury/unknown,UNSAFE SPEED,MOORES CREEK RD & SNODDY,39.12033116,-86.48435139
2004,7,6,Weekday,1800,2-Car,Non-incapacitating,DRIVER DISTRACTED - EXPLAIN IN NARRATIVE,FALCON DR,39.120199,-86.546897
2004,7,1,Weekend,200,1-Car,No injury/unknown,ANIMAL/OBJECT IN ROADWAY,ROCKPORT RD & SR37,39.11984695,-86.56498203
2004,10,7,Weekend,900,2-Car,Non-incapacitating,IMPROPER PASSING,DUNLAP & SR45,39.119344,-86.618896
2004,1,7,Weekend,1600,2-Car,Non-incapacitating,UNSAFE SPEED,HARRELL & RHORER,39.11912887,-86.4987433
2004,5,5,Weekday,2200,1-Car,No injury/unknown,ANIMAL/OBJECT IN ROADWAY,PINE GROVE & SR446,39.11854522,-86.42942913
2004,10,5,Weekday,1400,1-Car,Non-incapacitating,CELL PHONE USAGE,DUNLAP & SR45,39.11813885,-86.62105113
2004,8,3,Weekday,2000,2-Car,No injury/unknown,OTHER (DRIVER) - EXPLAIN IN NARRATIVE,E HILLON DR,39.118048,-86.526496
2004,11,6,Weekend,2200,1-Car,Non-incapacitating,ANIMAL/OBJECT IN ROADWAY,ROCKPORT & SR37,39.11781871,-86.56725263
2004,8,6,Weekday,1000,3+ Cars,Non-incapacitating,OVERCORRECTING/OVERSTEERING,ROCKPORT & SR 37,39.117648,-86.567104
2004,10,1,Weekend,1200,1-Car,Non-incapacitating,UNSAFE BACKING,ROCKPORT & SR37,39.117648,-86.567104
2004,5,5,Weekday,1500,2-Car,Non-incapacitating,FAILURE TO YIELD RIGHT OF WAY,ROCKPORT & SR37N,39.117648,-86.567104
2004,7,7,Weekend,500,2-Car,Non-incapacitating,FAILURE TO YIELD RIGHT OF WAY,HWY 37 & ROCKPORT,39.1173,-86.567196
2004,10,6,Weekday,1600,2-Car,Non-incapacitating,PRESCRIPTION DRUGS,PINEGROVE & SR 446,39.1168,-86.428799
2004,8,6,Weekday,1400,1-Car,No injury/unknown,RAN OFF ROAD RIGHT,PINEGROVE & SR 446,39.11669439,-86.428799
2004,2,4,Weekday,1800,1-Car,No injury/unknown,OTHER (DRIVER) - EXPLAIN IN NARRATIVE,PAYNE TOWN & SR446,39.116464,-86.428672
2004,6,4,Weekday,2100,1-Car,No injury/unknown,ANIMAL/OBJECT IN ROADWAY,PINE GROVE & SR446,39.116464,-86.428672
2004,12,1,Weekday,2300,1-Car,No injury/unknown,OTHER (DRIVER) - EXPLAIN IN NARRATIVE,PINE GROVE RD & SR 446,39.116464,-86.428672
2004,6,4,Weekday,600,2-Car,Incapacitating,LEFT OF CENTER,DARRELL & SR45,39.11624281,-86.62444145
2004,8,5,Weekday,1500,2-Car,Non-incapacitating,DISREGARD SIGNAL/REG SIGN,SR 37 & THAT,39.115552,-86.564592
2004,1,7,Weekend,1400,2-Car,No injury/unknown,DRIVER DISTRACTED - EXPLAIN IN NARRATIVE,SR37 & THAT ROAD,39.115552,-86.564592
2004,5,7,Weekend,1100,2-Car,Non-incapacitating,FOLLOWING TOO CLOSELY,SR37 & THAT RD,39.115552,-86.564592
2004,10,3,Weekday,1600,2-Car,No injury/unknown,OVERCORRECTING/OVERSTEERING,SR 37 & THAT,39.115552,-86.564592
2004,4,5,Weekday,1600,2-Car,Non-incapacitating,OTHER (DRIVER) - EXPLAIN IN NARRATIVE,SR37N & THAT RD,39.115552,-86.564592
2004,9,7,Weekend,1500,1-Car,No injury/unknown,OTHER (DRIVER) - EXPLAIN IN NARRATIVE,SR37S & THAT,39.115552,-86.564592
2004,7,4,Weekday,1600,3+ Cars,No injury/unknown,OTHER (DRIVER) - EXPLAIN IN NARRATIVE,PATTERSON,39.115248,-86.573504
2004,6,7,Weekend,0,1-Car,Non-incapacitating,RAN OFF ROAD RIGHT,DINSMOORE & SR45,39.11504,-86.630992
2004,3,2,Weekday,100,1-Car,Non-incapacitating,DRIVER ASLEEP OR FATIGUED,DINSMORE & SR45,39.11503487,-86.6306377
2004,4,2,Weekday,1300,2-Car,No injury/unknown,INSECURE/LEAKY LOAD,DINSMORE & SR45,39.11502974,-86.63028339
2004,6,5,Weekday,1600,2-Car,No injury/unknown,SPEED TOO FAST FOR WEATHER CONDITIONS,ROCKPORT RD & THAT,39.114944,-86.570592
2004,9,2,Weekday,1400,3+ Cars,Non-incapacitating,OTHER (DRIVER) - EXPLAIN IN NARRATIVE,ROGERS ST & THAT,39.11491455,-86.539392
2004,1,2,Weekday,700,1-Car,No injury/unknown,OVERCORRECTING/OVERSTEERING,SR37 & THAT RD,39.11488956,-86.55422898
2004,4,7,Weekend,1200,1-Car,Non-incapacitating,PEDESTRIAN ACTION,THAT RD & VICTOR,39.11469012,-86.54710577
2004,12,6,Weekday,900,2-Car,No injury/unknown,DRIVER DISTRACTED - EXPLAIN IN NARRATIVE,ROGERS & THAT RD,39.1146467,-86.53946234
2004,6,5,Weekday,1300,1-Car,Non-incapacitating,OTHER (DRIVER) - EXPLAIN IN NARRATIVE,THAT RD & VICTOR,39.11464,-86.5464
2004,11,6,Weekend,2200,2-Car,Incapacitating,ALCOHOLIC BEVERAGES,DINSMORE & SR45,39.11416776,-86.63279568
2004,12,5,Weekday,800,1-Car,Non-incapacitating,OTHER (DRIVER) - EXPLAIN IN NARRATIVE,ROGERS ST & THAT,39.11329104,-86.5397206
2004,4,7,Weekend,0,1-Car,No injury/unknown,ANIMAL/OBJECT IN ROADWAY,PINE GROVE & SR446,39.11304283,-86.43134485
2004,2,5,Weekday,2100,1-Car,No injury/unknown,ANIMAL/OBJECT IN ROADWAY,SR37 & THAT,39.11267262,-86.56079168
2004,8,5,Weekday,700,2-Car,Non-incapacitating,GLARE,FAIRFAX & WALNUT ST PIKE,39.111899,-86.526499
2004,6,7,Weekend,2000,2-Car,Non-incapacitating,FOLLOWING TOO CLOSELY,HARMONY & SR45,39.11137108,-86.63775483
2004,7,2,Weekday,600,2-Car,No injury/unknown,UNSAFE BACKING,CLEAR CREEK & COLLEGE DR,39.11128881,-86.53481466
2004,5,2,Weekday,1700,2-Car,Non-incapacitating,FAILURE TO YIELD RIGHT OF WAY,HARMONY & SR45,39.111024,-86.638304
2004,6,4,Weekday,1800,2-Car,Non-incapacitating,FAILURE TO YIELD RIGHT OF WAY,HARMONY & SR45,39.111024,-86.638304
2004,12,3,Weekday,900,2-Car,No injury/unknown,FAILURE TO YIELD RIGHT OF WAY,GARRISON CHAPEL & SR45,39.111024,-86.638304
2004,10,7,Weekend,500,1-Car,No injury/unknown,RAN OFF ROAD RIGHT,GARRISON CHAPEL & OLD SR 45,39.111024,-86.638304
2004,2,7,Weekend,1300,1-Car,No injury/unknown,ROADWAY SURFACE CONDITION,MOORE CREEK & SWARTZ RIDGE RD,39.1109,-86.45728446
2004,5,2,Weekday,1800,2-Car,Non-incapacitating,OTHER (DRIVER) - EXPLAIN IN NARRATIVE,HARMONY & SR45,39.11085163,-86.63857981
2004,7,4,Weekday,2100,1-Car,Non-incapacitating,ANIMAL/OBJECT IN ROADWAY,HARMONY & SR 45S,39.11085163,-86.63857981
2004,12,1,Weekend,200,2-Car,No injury/unknown,OTHER (DRIVER) - EXPLAIN IN NARRATIVE,CORY LANE & W 2ND,39.10982936,-86.560095
2004,6,7,Weekend,1100,2-Car,No injury/unknown,FOLLOWING TOO CLOSELY,IDA & ROCKPORT RD,39.109152,-86.57472
2004,11,4,Weekday,800,2-Car,No injury/unknown,SPEED TOO FAST FOR WEATHER CONDITIONS,CHURCH & VICTOR,39.10891458,-86.54957646
2004,12,1,Weekend,300,1-Car,No injury/unknown,RAN OFF ROAD RIGHT,ELWREN RD & STANFORD,39.10836921,-86.66973131
2004,6,7,Weekend,1800,2-Car,No injury/unknown,FAILURE TO YIELD RIGHT OF WAY,SCHACHT RD,39.108176,-86.519584
2004,12,5,Weekday,2100,1-Car,Non-incapacitating,OTHER (DRIVER) - EXPLAIN IN NARRATIVE,CARDWELL & ISON RD,39.108016,-86.629376
2004,5,1,Weekday,2100,1-Car,No injury/unknown,ROADWAY SURFACE CONDITION,ELWREN & SR 45,39.10799353,-86.64314523
2004,11,3,Weekday,1600,1-Car,No injury/unknown,RAN OFF ROAD RIGHT,MOORES & SWARTZ,39.107904,-86.462368
2004,1,2,Weekday,1500,2-Car,No injury/unknown,FAILURE TO YIELD RIGHT OF WAY,WALNUT ST,39.107344,-86.5264
2004,2,3,Weekday,1700,2-Car,Non-incapacitating,FAILURE TO YIELD RIGHT OF WAY,WALNUT ST,39.107344,-86.5264
2004,10,3,Weekday,1900,2-Car,No injury/unknown,FAILURE TO YIELD RIGHT OF WAY,S WALNUT & S WALNUT STREET,39.107344,-86.5264
2004,5,6,Weekday,1600,2-Car,Non-incapacitating,FAILURE TO YIELD RIGHT OF WAY,WALNUT PIKE & WALNUT ST,39.107344,-86.5264
2004,6,7,Weekend,1200,3+ Cars,No injury/unknown,OTHER (DRIVER) - EXPLAIN IN NARRATIVE,FAIRFAX RD & WALNUT,39.1072,-86.531497
2004,8,1,Weekend,1600,2-Car,Non-incapacitating,FOLLOWING TOO CLOSELY,FAIRFAX RD & WALNUT PIKE,39.1072,-86.531497
2004,4,5,Weekday,1200,2-Car,Non-incapacitating,ROADWAY SURFACE CONDITION,FAIRFAX RD & WALNUT,39.1072,-86.531497
2004,10,5,Weekday,400,2-Car,Non-incapacitating,ALCOHOLIC BEVERAGES,FAIRFAX RD & WALNUT ST,39.1072,-86.531497
2004,7,6,Weekend,2300,2-Car,Non-incapacitating,FAILURE TO YIELD RIGHT OF WAY,FAIRFAX RD & WALNUT,39.1072,-86.531497
2004,5,4,Weekday,1800,2-Car,No injury/unknown,FOLLOWING TOO CLOSELY,FAIRFAX RD & SCHACHT,39.10704,-86.523488
2004,5,7,Weekend,1200,2-Car,No injury/unknown,OTHER (DRIVER) - EXPLAIN IN NARRATIVE,FAIRFAX RD & SCHACHT,39.10704,-86.523488
2004,11,1,Weekend,1300,2-Car,No injury/unknown,LEFT OF CENTER,FAIRFAX & SCHACHT RD,39.10704,-86.523488
2004,4,5,Weekday,1400,2-Car,Non-incapacitating,DRIVER DISTRACTED - EXPLAIN IN NARRATIVE,FAIRFAX RD & SCHACHT,39.10680825,-86.52329801
2004,2,4,Weekday,200,1-Car,No injury/unknown,DRIVER DISTRACTED - EXPLAIN IN NARRATIVE,SR37 & VICTOR,39.10649041,-86.55034722
2004,9,2,Weekday,1700,2-Car,Non-incapacitating,FAILURE TO YIELD RIGHT OF WAY,SR37 & VICTOR PIKE,39.10578483,-86.55091624