Year,Month,Day,Weekend?,Hour,Collision Type,Injury Type,Primary Factor,Reported_Location,Latitude,Longitude
2004,11,3,Weekday,700,2-Car,Non-incapacitating,FAILURE TO YIELD RIGHT OF WAY,BURKS & WALNUT ST,39.10577147,-86.531399
2004,12,3,Weekday,2000,2-Car,Non-incapacitating,UNSAFE SPEED,SR37 & VILTOR,39.10564021,-86.5512146
2004,6,5,Weekday,1400,2-Car,Non-incapacitating,OVERCORRECTING/OVERSTEERING,SR37 & VICTOR PIKE,39.105552,-86.551104
2004,11,2,Weekday,600,3+ Cars,Non-incapacitating,FAILURE TO YIELD RIGHT OF WAY,SR37 & VICTOR,39.105552,-86.551104
2004,10,6,Weekend,2200,2-Car,No injury/unknown,FAILURE TO YIELD RIGHT OF WAY,SR 37 & VICTOR,39.105552,-86.551104
2004,5,3,Weekday,1600,2-Car,No injury/unknown,SPEED TOO FAST FOR WEATHER CONDITIONS,SR37 & VICTOR PIKE,39.10552645,-86.55114569
2004,12,6,Weekday,400,1-Car,Non-incapacitating,ALCOHOLIC BEVERAGES,HARMONY & SR45,39.10536557,-86.64593121
2004,7,7,Weekend,1200,2-Car,No injury/unknown,OTHER (DRIVER) - EXPLAIN IN NARRATIVE,ISON W RD & TOWER,39.104944,-86.61032
2004,2,7,Weekend,1400,1-Car,Non-incapacitating,RAN OFF ROAD LEFT,BOLIN & ROCKPORT RD,39.10344,-86.574992
2004,7,2,Weekday,2000,1-Car,No injury/unknown,RAN OFF ROAD RIGHT,BOLEN & ROCKPORT RD,39.10344,-86.574992
2004,10,4,Weekday,1200,1-Car,No injury/unknown,SPEED TOO FAST FOR WEATHER CONDITIONS,BOLIN & ROCKPORT RD,39.10344,-86.574992
2004,10,4,Weekday,1200,1-Car,No injury/unknown,SPEED TOO FAST FOR WEATHER CONDITIONS,BOLIN & ROCKPORT RD,39.10344,-86.574992
2004,10,1,Weekend,800,1-Car,Non-incapacitating,OVERCORRECTING/OVERSTEERING,AUTUBAHN & N OLD ST RD 37,39.10223813,-86.525899
2004,7,2,Weekday,2200,2-Car,No injury/unknown,UNSAFE BACKING,CORY & W BLOOMFIELD,39.101344,-86.573296
2004,11,7,Weekend,500,2-Car,No injury/unknown,DRIVER ASLEEP OR FATIGUED,FAIRFAX & WALNUT PIKE,39.10133879,-86.526499
2004,11,7,Weekend,1300,2-Car,No injury/unknown,FOLLOWING TOO CLOSELY,GORDON & WALNUT ST,39.10041849,-86.531399
2004,6,7,Weekend,500,1-Car,No injury/unknown,DRIVER ASLEEP OR FATIGUED,BOLIN LN & CROP,39.1003,-86.56319134
2004,11,2,Weekday,1600,2-Car,Non-incapacitating,OTHER (DRIVER) - EXPLAIN IN NARRATIVE,FAIRFAX RD & MOFFETT,39.09984,-86.5176
2004,5,4,Weekday,900,2-Car,No injury/unknown,FOLLOWING TOO CLOSELY,FAIRFAX & MOFFETT LN,39.09984,-86.5176
2004,7,1,Weekend,1600,Moped/Motorcycle,Non-incapacitating,SPEED TOO FAST FOR WEATHER CONDITIONS,HINDS & SR 45,39.09980878,-86.6513586
2004,1,6,Weekend,2100,2-Car,Non-incapacitating,SPEED TOO FAST FOR WEATHER CONDITIONS,HARRELL & MOFFIT LN,39.099792,-86.498448
2004,8,6,Weekday,300,2-Car,Non-incapacitating,PRESCRIPTION DRUGS,SR37 & VICTOR,39.09776307,-86.54638743
2004,11,4,Weekday,100,1-Car,Non-incapacitating,ALCOHOLIC BEVERAGES,CURRY,39.09659927,-86.51210189
2004,11,5,Weekday,2300,1-Car,No injury/unknown,RAN OFF ROAD RIGHT,AIRLINE & HANDY RD,39.09586621,-86.49383773
2004,2,7,Weekend,1600,1-Car,No injury/unknown,RAN OFF ROAD RIGHT,ROCKPORT & TRAMWAY,39.09552245,-86.58420403
2004,2,4,Weekday,300,1-Car,Non-incapacitating,SPEED TOO FAST FOR WEATHER CONDITIONS,HARMONY & WEST MAY RD,39.093744,-86.638304
2004,2,3,Weekday,1600,2-Car,Non-incapacitating,FAILURE TO YIELD RIGHT OF WAY,DILLMAN & SR37,39.09352309,-86.54570879
2004,2,7,Weekend,1000,2-Car,No injury/unknown,ROADWAY SURFACE CONDITION,MAY & S ROCKPORT RD,39.093344,-86.5868
2004,11,7,Weekend,300,1-Car,Fatal,ALCOHOLIC BEVERAGES,MAY & ROCKPORT RD,39.093344,-86.5868
2004,5,1,Weekend,600,1-Car,Non-incapacitating,DRIVER ASLEEP OR FATIGUED,HARMONY RD & MAY,39.09324992,-86.63831776
2004,2,2,Weekday,1700,2-Car,No injury/unknown,FAILURE TO YIELD RIGHT OF WAY,DILLMAN RD & SR37,39.09304,-86.551792
2004,5,3,Weekday,1100,1-Car,No injury/unknown,RAN OFF ROAD RIGHT,DILLMAN RD & EMPIRE MILL,39.09301881,-86.55019222
2004,10,1,Weekday,1900,1-Car,Non-incapacitating,ANIMAL/OBJECT IN ROADWAY,DILLMAN & SR37,39.092976,-86.545648
2004,10,6,Weekend,2300,2-Car,Non-incapacitating,FAILURE TO YIELD RIGHT OF WAY,DILLMAN & SR37,39.092976,-86.545648
2004,5,1,Weekend,1500,2-Car,No injury/unknown,FAILURE TO YIELD RIGHT OF WAY,DILLMAN & SR37,39.092976,-86.545648
2004,5,4,Weekday,1500,2-Car,Non-incapacitating,FAILURE TO YIELD RIGHT OF WAY,DILLMAN & SR37,39.092976,-86.545648
2004,5,4,Weekday,1000,2-Car,No injury/unknown,DRIVER DISTRACTED - EXPLAIN IN NARRATIVE,DILLMAN & SR37,39.092976,-86.545648
2004,5,2,Weekday,700,2-Car,Non-incapacitating,FAILURE TO YIELD RIGHT OF WAY,DILLMAN & SR37,39.092976,-86.545648
2004,3,6,Weekday,1500,2-Car,No injury/unknown,FAILURE TO YIELD RIGHT OF WAY,DILLMAN & SR37,39.092976,-86.545648
2004,8,3,Weekday,1700,2-Car,Non-incapacitating,FAILURE TO YIELD RIGHT OF WAY,DILLMAN & SR 37,39.092976,-86.545648
2004,6,6,Weekend,1900,2-Car,Fatal,FAILURE TO YIELD RIGHT OF WAY,DILLMAN & SR37,39.092976,-86.545648
2004,12,6,Weekday,600,2-Car,Non-incapacitating,FAILURE TO YIELD RIGHT OF WAY,DILLMAN & SR37,39.092976,-86.545648
2004,12,2,Weekday,900,2-Car,Incapacitating,FAILURE TO YIELD RIGHT OF WAY,DILLMAN & SR 37,39.092976,-86.545648
2004,6,2,Weekday,1200,2-Car,No injury/unknown,OTHER (DRIVER) - EXPLAIN IN NARRATIVE,DILLMAN & SR37,39.092976,-86.545648
2004,7,1,Weekend,1700,1-Car,Non-incapacitating,,PAYNETOWN & SR446,39.09291938,-86.42304232
2004,6,4,Weekday,100,1-Car,Non-incapacitating,UNSAFE SPEED,DILLMAN RD & FAIRFAX,39.09272269,-86.52415334
2004,9,7,Weekend,1400,Moped/Motorcycle,Incapacitating,FOLLOWING TOO CLOSELY,PAYNETOWN & SR446,39.09265025,-86.42297221
2004,10,3,Weekday,200,1-Car,Fatal,RAN OFF ROAD RIGHT,DILMAN & FAIRFAX,39.09264,-86.51672
2004,11,2,Weekday,800,3+ Cars,Non-incapacitating,SPEED TOO FAST FOR WEATHER CONDITIONS,DILLMAN RAILTOWN & FAIRFAX,39.09264,-86.51672
2004,7,3,Weekday,2200,1-Car,Non-incapacitating,RAN OFF ROAD RIGHT,PAYNETOWN & SR446,39.092112,-86.422832
2004,4,7,Weekend,700,1-Car,No injury/unknown,DRIVER ASLEEP OR FATIGUED,FLUCK MILL & VICTOR,39.090752,-86.5632
2004,3,1,Weekend,300,1-Car,Non-incapacitating,ALCOHOLIC BEVERAGES,DILLMAN & SR37,39.09024011,-86.54535108
2004,2,7,Weekend,1200,3+ Cars,No injury/unknown,FOLLOWING TOO CLOSELY,SR45 & STANFORD,39.09021554,-86.66578712
2004,1,5,Weekday,1800,1-Car,No injury/unknown,FOLLOWING TOO CLOSELY,SR45 & STANFORD,39.08984,-86.666304
2004,12,4,Weekday,600,2-Car,No injury/unknown,ANIMAL/OBJECT IN ROADWAY,SR45W & STANFORD,39.08812267,-86.66906785
2004,5,2,Weekday,1400,2-Car,Non-incapacitating,VIEW OBSTRUCTED,EMPIRE & EMPIRE MILL RD,39.087952,-86.529392
2004,12,3,Weekday,700,2-Car,No injury/unknown,OTHER (DRIVER) - EXPLAIN IN NARRATIVE,OLD 37 & WAYSIDE,39.08749712,-86.531199
2004,5,6,Weekday,300,1-Car,Non-incapacitating,ALCOHOLIC BEVERAGES,CARDINAL GLEN & WALNUT ST PIKE,39.08699846,-86.526499
2004,6,1,Weekend,1700,1-Car,Non-incapacitating,FOLLOWING TOO CLOSELY,BREEDEN & SR45,39.086832,-86.671984
2004,6,7,Weekend,1500,2-Car,No injury/unknown,FAILURE TO YIELD RIGHT OF WAY,HARMONY & KIRKSVILLE,39.086544,-86.6384
2004,8,7,Weekend,2100,1-Car,No injury/unknown,RAN OFF ROAD RIGHT,HARMONY RD & KIRKSVILLE,39.086544,-86.6384
2004,9,3,Weekday,2200,2-Car,Fatal,DISREGARD SIGNAL/REG SIGN,OLD SR 37 & SR37S,39.085632,-86.542304
2004,9,3,Weekday,1300,3+ Cars,No injury/unknown,UNSAFE SPEED,OLD STATE ROAD 37 & SR37S,39.085632,-86.542304
2004,9,1,Weekday,2300,1-Car,No injury/unknown,DRIVER DISTRACTED - EXPLAIN IN NARRATIVE,RUSH RIDDLE & SR446,39.08472,-86.420688
2004,10,1,Weekend,1400,Moped/Motorcycle,Non-incapacitating,OTHER (DRIVER) - EXPLAIN IN NARRATIVE,RUSH RIDGE & SR446,39.08458539,-86.42065323
2004,1,5,Weekday,1600,2-Car,No injury/unknown,DRIVER DISTRACTED - EXPLAIN IN NARRATIVE,RUSH RIDGE & SR446,39.08431618,-86.42058368
2004,10,2,Weekday,500,1-Car,Non-incapacitating,ANIMAL/OBJECT IN ROADWAY,BREEDEN RD & SR 45,39.0841137,-86.67248191
2004,10,7,Weekend,800,1-Car,No injury/unknown,RAN OFF ROAD RIGHT,RUSH RIDGE & SR446,39.08391237,-86.42047936
2004,5,4,Weekday,800,3+ Cars,Non-incapacitating,FAILURE TO YIELD RIGHT OF WAY,SOUTH OLD SR 37 & SR 37,39.08384,-86.540768
2004,7,6,Weekday,1200,1-Car,Non-incapacitating,PEDESTRIAN ACTION,SR37,39.08384,-86.540768
2004,9,4,Weekday,700,2-Car,No injury/unknown,OTHER (DRIVER) - EXPLAIN IN NARRATIVE,EMPIRE & SR37,39.08384,-86.540768
2004,12,6,Weekend,1900,1-Car,Non-incapacitating,ROADWAY SURFACE CONDITION,EMPIRE & S OLD SR 37,39.083248,-86.5408
2004,7,6,Weekend,2100,2-Car,Non-incapacitating,OTHER (DRIVER) - EXPLAIN IN NARRATIVE,SHIELDS,39.08193023,-86.47058053
2004,8,2,Weekday,1500,2-Car,No injury/unknown,OTHER (DRIVER) - EXPLAIN IN NARRATIVE,FAIRFAX & SR 37,39.080448,-86.514416
2004,4,7,Weekend,1600,2-Car,No injury/unknown,FAILURE TO YIELD RIGHT OF WAY,FAIRFAX & SR37,39.080448,-86.514416
2004,12,5,Weekday,1700,2-Car,No injury/unknown,FAILURE TO YIELD RIGHT OF WAY,FAIRFAX & SR37,39.080448,-86.514416
2004,5,6,Weekday,1500,2-Car,No injury/unknown,FAILURE TO YIELD RIGHT OF WAY,FAIRFAX & SR37,39.080448,-86.514416
2004,2,3,Weekday,1700,2-Car,No injury/unknown,PASSENGER DISTRACTION,FAIRFAX & SR37,39.080448,-86.514416
2004,11,4,Weekday,1900,1-Car,No injury/unknown,ANIMAL/OBJECT IN ROADWAY,FAIRFAX RD & THIRD,39.080448,-86.514416
2004,11,7,Weekend,2100,1-Car,No injury/unknown,ALCOHOLIC BEVERAGES,FAIRFAX RD & FIRST,39.079552,-86.513392
2004,11,6,Weekday,1600,1-Car,Non-incapacitating,RAN OFF ROAD RIGHT,HARMONY & KOONTZ RD,39.079248,-86.6304
2004,3,7,Weekend,200,1-Car,Fatal,ALCOHOLIC BEVERAGES,HARMONY RD & KNOOTZ,39.079248,-86.6304
2004,10,1,Weekend,600,2-Car,Non-incapacitating,UNSAFE BACKING,KOONTZ RD & ROCKPORT,39.07898999,-86.59807393
2004,7,6,Weekday,300,2-Car,Non-incapacitating,OVERCORRECTING/OVERSTEERING,KOONTZ RD & ROCKPORT,39.078944,-86.596304
2004,3,4,Weekday,500,1-Car,Non-incapacitating,DRIVER ASLEEP OR FATIGUED,SR37,39.07704,-86.53616
2004,12,4,Weekday,700,1-Car,Non-incapacitating,OTHER (ENVIRONMENTAL) - EXPLAIN IN NARR,OLD SR37,39.07704,-86.53616
2004,5,7,Weekend,0,1-Car,Non-incapacitating,ALCOHOLIC BEVERAGES,SR37,39.07704,-86.53616
2004,8,2,Weekday,1500,2-Car,Non-incapacitating,LEFT OF CENTER,HARMONY & KOONTZ,39.07699798,-86.62837032
2004,6,3,Weekday,1400,1-Car,No injury/unknown,OVERCORRECTING/OVERSTEERING,FLUCKMILL & VICTOR PIKE,39.0766337,-86.57078602
2004,10,1,Weekend,1700,2-Car,No injury/unknown,FOLLOWING TOO CLOSELY,FAIRFAX RD & MCCORMICKS,39.075699,-86.50780203
2004,7,5,Weekday,1200,2-Car,Non-incapacitating,OTHER (DRIVER) - EXPLAIN IN NARRATIVE,EVANS & HARMONY RD,39.075648,-86.6276
2004,3,5,Weekday,1000,2-Car,No injury/unknown,FAILURE TO YIELD RIGHT OF WAY,FAIRFAX RD & STRAINRIDGE,39.074448,-86.5056
2004,9,2,Weekday,1600,1-Car,Non-incapacitating,RAN OFF ROAD RIGHT,FLUCKMILL & VICTOR,39.07300743,-86.57305503
2004,9,6,Weekday,1800,2-Car,No injury/unknown,FAILURE TO YIELD RIGHT OF WAY,SMITHVILLE RD & ZIKES,39.071344,-86.5252
2004,12,4,Weekday,400,1-Car,No injury/unknown,OTHER (DRIVER) - EXPLAIN IN NARRATIVE,SMITHVILLE RD & ZIKES,39.07131303,-86.52590717
2004,7,7,Weekend,400,1-Car,Non-incapacitating,SPEED TOO FAST FOR WEATHER CONDITIONS,EAST RAMPCREK RD & S FAIRFAX,39.071152,-86.503088
2004,7,2,Weekday,1900,3+ Cars,No injury/unknown,FAILURE TO YIELD RIGHT OF WAY,FAIRFAX RD & RAMP CREEK,39.071152,-86.503088
2004,3,4,Weekday,900,2-Car,No injury/unknown,FAILURE TO YIELD RIGHT OF WAY,WALNUT,39.071136,-86.505312
2004,11,5,Weekday,700,2-Car,No injury/unknown,FOLLOWING TOO CLOSELY,WALNUT & WALNUT ST,39.071136,-86.505312
2004,11,4,Weekday,1600,2-Car,No injury/unknown,FAILURE TO YIELD RIGHT OF WAY,MCCORMICK & SMITHVILLE RD,39.0711,-86.508299
2004,5,2,Weekday,1500,2-Car,Non-incapacitating,FAILURE TO YIELD RIGHT OF WAY,SMITHVILLE & SR37,39.071056,-86.5356
2004,10,5,Weekday,500,2-Car,Non-incapacitating,FAILURE TO YIELD RIGHT OF WAY,SMITHVILLE & SR37,39.071056,-86.5356
2004,6,4,Weekday,1300,2-Car,Non-incapacitating,FAILURE TO YIELD RIGHT OF WAY,SMITHVILLE & SR37,39.071056,-86.5356
2004,12,3,Weekday,800,1-Car,No injury/unknown,ROADWAY SURFACE CONDITION,SMITHVILLE & SR37,39.071056,-86.5356
2004,5,2,Weekday,1100,2-Car,Non-incapacitating,FAILURE TO YIELD RIGHT OF WAY,SMITHVILLE & SR37S,39.071056,-86.5356
2004,2,6,Weekday,1700,2-Car,No injury/unknown,FAILURE TO YIELD RIGHT OF WAY,WALNUT & WALNUT ST,39.07101387,-86.50539287
2004,4,6,Weekday,1500,3+ Cars,Non-incapacitating,FAILURE TO YIELD RIGHT OF WAY,WALNUT & WALNUT ST,39.07089175,-86.50547374
2004,8,4,Weekday,1200,1-Car,Non-incapacitating,SPEED TOO FAST FOR WEATHER CONDITIONS,SMITHVILLE & SR37,39.07036964,-86.53560877
2004,6,5,Weekday,0,1-Car,No injury/unknown,RAN OFF ROAD RIGHT,BLUEBIRD & SNODDY RD,39.06960454,-86.489599
2004,2,3,Weekday,2000,1-Car,No injury/unknown,RAN OFF ROAD RIGHT,BERNIECE & FAIRFAX RD,39.068496,-86.50312
2004,9,3,Weekday,1500,1-Car,No injury/unknown,RAN OFF ROAD RIGHT,MILTON & VICTOR PIKE,39.063136,-86.579472
2004,8,5,Weekday,1400,1-Car,No injury/unknown,OVERCORRECTING/OVERSTEERING,S VICTOR & TRAMWAY,39.062848,-86.5796
2004,11,5,Weekday,1600,1-Car,No injury/unknown,SPEED TOO FAST FOR WEATHER CONDITIONS,CAROWINDS & FAIRFAX RD,39.06248964,-86.49845843
2004,3,5,Weekday,900,2-Car,No injury/unknown,LEFT OF CENTER,BOLIN DR & ROCKPORT,39.06161203,-86.573398
2004,11,3,Weekday,800,1-Car,Non-incapacitating,SPEED TOO FAST FOR WEATHER CONDITIONS,CAROWINDS & FAIRFAX,39.06117728,-86.49844899
2004,6,2,Weekday,2100,2-Car,Non-incapacitating,UNSAFE SPEED,CAROWINDS & FAIRFAX,39.06112237,-86.49844859
2004,7,1,Weekday,2000,1-Car,No injury/unknown,,CLEVE BUTCHER & FAIRFAX RD,39.06003891,-86.49843283
2004,11,2,Weekday,1300,1-Car,No injury/unknown,SPEED TOO FAST FOR WEATHER CONDITIONS,BURGOON CHURCH & SR446N,39.05953321,-86.41347953
2004,11,2,Weekday,1000,1-Car,Non-incapacitating,OVERCORRECTING/OVERSTEERING,BREEDEN RD & GRAVES,39.05621658,-86.66888712
2004,12,2,Weekday,800,1-Car,No injury/unknown,ROADWAY SURFACE CONDITION,MELTON & VICTOR PIKE,39.05619052,-86.579101
2004,12,1,Weekday,2000,1-Car,Non-incapacitating,RAN OFF ROAD RIGHT,ROCKPORT RD & VICTOR,39.05616209,-86.60578296
2004,1,4,Weekday,2300,1-Car,No injury/unknown,IMPROPER LANE USAGE,BURGEOON CHURCH & SR446,39.055584,-86.408752
2004,7,6,Weekday,1000,1-Car,Non-incapacitating,RAN OFF ROAD RIGHT,HARMONY RD & ROCKPORT,39.0533683,-86.61255806
2004,6,7,Weekend,2200,1-Car,Non-incapacitating,ANIMAL/OBJECT IN ROADWAY,HARMONY & ROCKPORT,39.05190844,-86.61094613
2004,7,3,Weekday,2000,1-Car,No injury/unknown,RAN OFF ROAD RIGHT,ANNE & STROINRIDGE RD,39.0498,-86.507899
2004,3,7,Weekend,900,1-Car,No injury/unknown,RAN OFF ROAD RIGHT,SR37S & ZIKES,39.04863234,-86.53588183
2004,1,1,Weekend,400,1-Car,No injury/unknown,ANIMAL/OBJECT IN ROADWAY,SR37 & ZIKES,39.04808324,-86.53587772
2004,7,3,Weekday,900,2-Car,Non-incapacitating,SPEED TOO FAST FOR WEATHER CONDITIONS,HAYS & SR446S,39.0476896,-86.40936351
2004,6,4,Weekday,1200,1-Car,Non-incapacitating,RAN OFF ROAD RIGHT,ROCKPORT RD & TARKINGTON,39.04729165,-86.61362597
2004,4,5,Weekday,1000,2-Car,Non-incapacitating,FAILURE TO YIELD RIGHT OF WAY,BREEDEN RD & CARTER,39.043792,-86.666048
2004,6,3,Weekday,400,Moped/Motorcycle,Non-incapacitating,ANIMAL/OBJECT IN ROADWAY,BURGOON CHURCH & SR446,39.04267662,-86.40636059
2004,5,7,Weekend,1900,1-Car,No injury/unknown,ANIMAL/OBJECT IN ROADWAY,CEDAR BLUFF & OLD SR 37,39.042144,-86.5412
2004,5,6,Weekday,0,1-Car,Non-incapacitating,ALCOHOLIC BEVERAGES,KETCHUM & POPCORN,39.0361133,-86.56928185
2004,10,1,Weekend,500,Moped/Motorcycle,Non-incapacitating,RAN OFF ROAD RIGHT,ALLENS & SR446,39.034112,-86.408208
2004,2,7,Weekend,1500,Moped/Motorcycle,Non-incapacitating,UNSAFE SPEED,4468775 & ALLENS CREEK,39.034112,-86.408208
2004,11,6,Weekend,2300,1-Car,No injury/unknown,OTHER (DRIVER) - EXPLAIN IN NARRATIVE,MONROE DAM & US37,39.0336149,-86.53509204
2004,4,1,Weekend,1600,1-Car,Non-incapacitating,RAN OFF ROAD RIGHT,ALLENS CREEK RD & SR 446,39.03269412,-86.41805785
2004,1,5,Weekday,2000,2-Car,Non-incapacitating,ALCOHOLIC BEVERAGES,FAIRFAT & POINTE RD,39.03245814,-86.49004572
2004,7,3,Weekday,900,1-Car,No injury/unknown,SPEED TOO FAST FOR WEATHER CONDITIONS,HAYS & SR446N,39.03217116,-86.40798016
2004,7,3,Weekday,1200,1-Car,No injury/unknown,SPEED TOO FAST FOR WEATHER CONDITIONS,HAYS & SR446S,39.03217116,-86.40798016
2004,8,7,Weekend,2000,1-Car,Non-incapacitating,SPEED TOO FAST FOR WEATHER CONDITIONS,CHAPEL HILL & SR 446,39.03011239,-86.40775735
2004,7,6,Weekday,1500,1-Car,Non-incapacitating,OTHER (DRIVER) - EXPLAIN IN NARRATIVE,CHAPEL HILL & SR 446,39.03011239,-86.40775735
2004,3,1,Weekend,1600,Moped/Motorcycle,Non-incapacitating,UNSAFE SPEED,ALLENS CREEK & SR446W,39.02991813,-86.40782502
2004,7,7,Weekend,0,1-Car,No injury/unknown,SPEED TOO FAST FOR WEATHER CONDITIONS,ALLENS CREEK & SR446N,39.02991813,-86.40782502
2004,7,7,Weekend,1500,1-Car,No injury/unknown,SPEED TOO FAST FOR WEATHER CONDITIONS,ALLENS CREEK & SR446,39.02728527,-86.40692856
2004,8,5,Weekday,2300,1-Car,No injury/unknown,RAN OFF ROAD RIGHT,CHAPEL HILL RD & SR446,39.02348547,-86.40883503
2004,7,1,Weekend,1700,1-Car,No injury/unknown,RAN OFF ROAD LEFT,CHAPEL HILL & SR 446,39.023472,-86.405296
2004,7,3,Weekday,800,2-Car,Non-incapacitating,FOLLOWING TOO CLOSELY,CHAPEL HILL BOAD & SR 446,39.023472,-86.405296
2004,7,2,Weekday,800,1-Car,No injury/unknown,OVERCORRECTING/OVERSTEERING,MONROE DAM & STRAIN RIDGE RD,39.02318283,-86.52158416
2004,11,6,Weekday,500,1-Car,No injury/unknown,ANIMAL/OBJECT IN ROADWAY,HOBART & SR37,39.02248015,-86.53557353
2004,8,7,Weekend,1500,2-Car,No injury/unknown,LEFT OF CENTER,GROSS & KNIGHTRIDGE,39.02105791,-86.435599
2004,2,7,Weekend,2000,1-Car,No injury/unknown,RAN OFF ROAD RIGHT,MONROE DAM RD & SR37,39.01999829,-86.53601135
2004,5,7,Weekend,0,2-Car,No injury/unknown,LEFT OF CENTER,MONROE DAM RD & STRAIN RIDGE,39.01933847,-86.52349041
2004,5,5,Weekday,800,2-Car,No injury/unknown,FAILURE TO YIELD RIGHT OF WAY,MONROE DAM RD & STRAIN RIDGE,39.018656,-86.522896
2004,10,3,Weekday,1700,1-Car,No injury/unknown,SPEED TOO FAST FOR WEATHER CONDITIONS,POINTE & STRAIN RIDGE RD,39.01592002,-86.516899
2004,4,3,Weekday,2000,1-Car,No injury/unknown,ANIMAL/OBJECT IN ROADWAY,SR37N,39.01510398,-86.53703992
2004,8,6,Weekday,100,1-Car,No injury/unknown,OTHER (DRIVER) - EXPLAIN IN NARRATIVE,SR446 & TOWER RIDGE RD,39.01305435,-86.38182023
2004,6,3,Weekday,1500,2-Car,No injury/unknown,UNSAFE BACKING,FOURTH,39.01298186,-86.54914072
2004,3,2,Weekday,1300,2-Car,No injury/unknown,OTHER (DRIVER) - EXPLAIN IN NARRATIVE,HARRODSBURG & POPCORN RD,39.01180218,-86.55275927
2004,5,2,Weekday,1500,3+ Cars,Non-incapacitating,UNSAFE SPEED,KETCHAM & POPCORN RD,39.011744,-86.562
2004,12,5,Weekday,1400,2-Car,Non-incapacitating,LEFT OF CENTER,KETCHAM & POPCORN RD,39.01133913,-86.56325187
2004,9,1,Weekday,2000,1-Car,No injury/unknown,ANIMAL/OBJECT IN ROADWAY,SR446N & TOWER RIDGE,39.0109705,-86.40118974
2004,9,2,Weekday,1800,2-Car,No injury/unknown,UNSAFE SPEED,CHAPEL HILL RD & ROBERTS,39.010176,-86.427904
2004,7,5,Weekday,600,1-Car,No injury/unknown,ROADWAY SURFACE CONDITION,KETCHAM & POPCORN,39.00978154,-86.56394312
2004,5,2,Weekday,1700,Moped/Motorcycle,Non-incapacitating,FOLLOWING TOO CLOSELY,MONROE DAM & VALLEY MISSION RD,39.00896008,-86.50915685
2004,10,4,Weekday,1700,1-Car,No injury/unknown,RAN OFF ROAD RIGHT,CHAPEL HILL & SR446,39.00795903,-86.40067306
2004,1,2,Weekday,600,1-Car,Non-incapacitating,OVERCORRECTING/OVERSTEERING,MONROE DAM & VALLEY MISSION RD,39.00695554,-86.50412433
2004,10,1,Weekend,300,1-Car,No injury/unknown,ANIMAL/OBJECT IN ROADWAY,DUTCH CHURCH & SR446,39.004288,-86.395616
2004,7,7,Weekend,1200,Moped/Motorcycle,Non-incapacitating,OVERCORRECTING/OVERSTEERING,POPCORN RD & ROCKPORT,39.00362395,-86.58506063
2004,9,6,Weekend,2100,1-Car,No injury/unknown,ANIMAL/OBJECT IN ROADWAY,LINTHICUM & POPCORN RD,38.99945703,-86.62092491
2004,12,4,Weekday,600,2-Car,No injury/unknown,SPEED TOO FAST FOR WEATHER CONDITIONS,INGRAM & SR37N,38.99666135,-86.53730352
2004,12,4,Weekday,500,2-Car,No injury/unknown,ROADWAY SURFACE CONDITION,INGRAHM & SR37,38.992016,-86.537248
2004,2,5,Weekday,1900,2-Car,No injury/unknown,UNSAFE BACKING,17TH & BLUE LOT,0,0
2004,1,7,Weekend,1100,3+ Cars,No injury/unknown,UNSAFE SPEED,JORDAN & LINGEBACK LN,0,0
2004,2,7,Weekend,1600,1-Car,No injury/unknown,ROADWAY SURFACE CONDITION,DRIVE & MELENCAMP,0,0
2004,1,3,Weekday,1200,2-Car,No injury/unknown,FAILURE TO YIELD RIGHT OF WAY,10TH & CREATIVE ARTS DR,0,0
2004,1,4,Weekday,2000,1-Car,No injury/unknown,OTHER (DRIVER) - EXPLAIN IN NARRATIVE,COLLINS SMITH & PARK,0,0
2004,1,2,Weekday,1100,2-Car,No injury/unknown,OTHER (ENVIRONMENTAL) - EXPLAIN IN NARR,SR 46 & UNIVERSITY SCHOOL ES CIRCLE DR,0,0
2004,1,5,Weekday,1400,2-Car,No injury/unknown,,13TH & MONOTT SOUTH LOT,0,0
2004,1,2,Weekday,1400,1-Car,No injury/unknown,OTHER (DRIVER) - EXPLAIN IN NARRATIVE,17TH & BELL TOWER LOT,0,0
2004,2,5,Weekday,1500,2-Car,No injury/unknown,OVERCORRECTING/OVERSTEERING,9TH ST,0,0
2004,1,5,Weekday,1600,2-Car,No injury/unknown,UNSAFE BACKING,GILMORE PARKING LOT & INDIANA,0,0
2004,1,1,Weekday,1900,2-Car,No injury/unknown,IMPROPER LANE USAGE,BURKS & OLD SR 37,0,0
2004,1,2,Weekday,1500,2-Car,No injury/unknown,UNSAFE BACKING,LAW & S R S C PARKING LOT,0,0
2004,1,5,Weekday,1800,2-Car,No injury/unknown,UNSAFE BACKING,FOSTER QUAD PARKING LOT & LAW LANE FEE,0,0
2004,1,5,Weekday,1500,2-Car,No injury/unknown,OTHER (DRIVER) - EXPLAIN IN NARRATIVE,SR45,0,0
2004,2,2,Weekday,2000,2-Car,No injury/unknown,UNSAFE BACKING,11TH & FEE LANE PARKING GARAGE,0,0
2004,2,7,Weekend,2200,2-Car,No injury/unknown,OTHER (ENVIRONMENTAL) - EXPLAIN IN NARR,FEE & MEMORIAL STADIUM,0,0
2004,1,3,Weekday,1900,2-Car,No injury/unknown,OTHER (DRIVER) - EXPLAIN IN NARRATIVE,3RD & WALNUT,0,0
2004,1,7,Weekend,1100,2-Car,No injury/unknown,LEFT OF CENTER,BWE RIDGE & WALNUT ST,0,0