Year,Month,Day,Weekend?,Hour,Collision Type,Injury Type,Primary Factor,Reported_Location,Latitude,Longitude
2004,1,4,Weekday,1600,2-Car,No injury/unknown,IMPROPER LANE USAGE,BLOOMFIELD & LIBERTY,0,0
2004,1,3,Weekday,1000,2-Car,No injury/unknown,UNSAFE BACKING,CREATIVE ARTS LOT & SR 45,0,0
2004,1,1,Weekend,1300,2-Car,No injury/unknown,UNSAFE BACKING,13TH & MCNATT,0,0
2004,1,2,Weekday,1400,2-Car,No injury/unknown,,IU CAMPUS,0,0
2004,1,4,Weekday,900,2-Car,No injury/unknown,OTHER (DRIVER) - EXPLAIN IN NARRATIVE,ATWATER PARKING GARAGE & WOODLAWN,0,0
2004,4,1,,,1-Car,No injury/unknown,ALCOHOLIC BEVERAGES,OLD SR37N & PRAIRIE,0,0
2004,1,3,Weekday,1000,2-Car,No injury/unknown,LEFT OF CENTER,EAST 3RD & PARKING LOT EAST 3RD,0,0
2004,2,6,Weekday,1500,2-Car,No injury/unknown,FAILURE TO YIELD RIGHT OF WAY,MUSIC CIR & THIRD,0,0
2004,2,3,Weekday,1200,2-Car,No injury/unknown,DISREGARD SIGNAL/REG SIGN,INDIANA AVE & SEVETH,0,0
2004,1,4,Weekday,1100,1-Car,Non-incapacitating,FOLLOWING TOO CLOSELY,FORTH ST & JORDAN,0,0
2004,1,2,Weekday,2300,2-Car,No injury/unknown,IMPROPER LANE USAGE,BALFOUR & JORDAN AVE,0,0
2004,1,2,Weekday,0,2-Car,No injury/unknown,IMPROPER LANE USAGE,BALFOUR & JORDAN AVE,0,0
2004,2,6,Weekend,1900,1-Car,No injury/unknown,IMPROPER TURNING,JORDAN & READ DR,0,0
2004,8,3,Weekday,2300,1-Car,Non-incapacitating,DRIVER ASLEEP OR FATIGUED,SEWEL & US 36,0,0
2004,10,5,Weekday,1800,2-Car,No injury/unknown,OTHER (DRIVER) - EXPLAIN IN NARRATIVE,DURNIL CT,0,0
2004,8,5,Weekday,1400,2-Car,No injury/unknown,OTHER (DRIVER) - EXPLAIN IN NARRATIVE,FAIRFLAX RD & NORTON,0,0
2004,8,4,Weekday,1800,2-Car,No injury/unknown,VIEW OBSTRUCTED,PARKING LOT,0,0
2004,10,1,Weekend,1400,2-Car,No injury/unknown,FOLLOWING TOO CLOSELY,GREENE COUNTY LINE & SR 45,0,0
2004,10,5,Weekday,1800,3+ Cars,Non-incapacitating,FAILURE TO YIELD RIGHT OF WAY,MOORMAN & SR37,0,0
2004,10,4,Weekday,700,2-Car,No injury/unknown,FOLLOWING TOO CLOSELY,HAYS & SOUTH ROBERS,0,0
2004,12,5,Weekday,2200,1-Car,No injury/unknown,ANIMAL/OBJECT IN ROADWAY,BEECHWOOD HEIGHTS & SOUTHSHORE DR,0,0
2004,5,6,Weekday,1500,Bus,No injury/unknown,UNSAFE BACKING,CHATHAM RD,0,0
2004,6,6,Weekday,1100,3+ Cars,Non-incapacitating,FOLLOWING TOO CLOSELY,CURRY PIKE & WHITE HALL SQUARE,0,0
2004,1,2,Weekday,600,1-Car,Non-incapacitating,OVERCORRECTING/OVERSTEERING,MOURDE DAM & VALLEY MISSION RD,0,0
2004,2,4,Weekday,1400,2-Car,Non-incapacitating,IMPROPER LANE USAGE,BOTTOM & SR 37,0,0
2004,4,4,Weekday,2300,1-Car,No injury/unknown,UNSAFE BACKING,11TH & FEE PARPKING LOT LN,0,0
2004,10,3,Weekday,2200,2-Car,No injury/unknown,SPEED TOO FAST FOR WEATHER CONDITIONS,JORDAN & KIRKWOOD AVE,0,0
2004,2,6,Weekday,1500,3+ Cars,No injury/unknown,FOLLOWING TOO CLOSELY,FREE LN & LAW,0,0
2004,2,1,Weekend,1600,2-Car,No injury/unknown,DRIVER ASLEEP OR FATIGUED,FOSTER NE FIRE DR & LAW,0,0
2004,2,4,Weekday,2000,2-Car,No injury/unknown,FAILURE TO YIELD RIGHT OF WAY,FEE & MCNUTT CIR,0,0
2004,9,7,Weekend,200,3+ Cars,No injury/unknown,ALCOHOLIC BEVERAGES,JONES,0,0
2004,3,2,Weekday,600,2-Car,Non-incapacitating,FAILURE TO YIELD RIGHT OF WAY,BLOOMINGTON RD & LEONARD SPRINGS,0,0
2004,1,3,Weekday,1700,3+ Cars,Non-incapacitating,FOLLOWING TOO CLOSELY,FRONTAGE & SR45,0,0
2004,5,6,Weekday,1000,2-Car,No injury/unknown,FOLLOWING TOO CLOSELY,LEONARD SPRINGS RD & SR48,0,0
2004,7,6,Weekday,1200,2-Car,No injury/unknown,FAILURE TO YIELD RIGHT OF WAY,ALEXANDER & JACOB DR,0,0
2004,1,7,Weekend,1200,2-Car,No injury/unknown,FAILURE TO YIELD RIGHT OF WAY,OLD NATIONAL BANK & PARKING LOT W 3RD,0,0
2004,2,3,Weekday,700,2-Car,No injury/unknown,FOLLOWING TOO CLOSELY,GORDON & SR37,0,0
2004,6,2,Weekday,0,2-Car,No injury/unknown,OTHER (DRIVER) - EXPLAIN IN NARRATIVE,SR45,0,0
2004,2,7,Weekend,1900,2-Car,No injury/unknown,IMPROPER LANE USAGE,4TH & WALNUT,0,0
2004,4,5,Weekday,1200,2-Car,Non-incapacitating,OTHER (DRIVER) - EXPLAIN IN NARRATIVE,GOURLEY & NORTH KINGER,0,0
2004,2,3,Weekday,800,2-Car,No injury/unknown,IMPROPER LANE USAGE,312 ST & LANDMARK,0,0
2004,2,2,Weekday,900,2-Car,No injury/unknown,FAILURE TO YIELD RIGHT OF WAY,3RD ST & KIMMEL,0,0
2004,2,4,Weekday,900,2-Car,No injury/unknown,FAILURE TO YIELD RIGHT OF WAY,KROGER ACESS & LIBERTY DR,0,0
2004,3,6,Weekday,1100,2-Car,No injury/unknown,FAILURE TO YIELD RIGHT OF WAY,3RD ST & CURRY,0,0
2004,4,6,Weekday,700,1-Car,No injury/unknown,OTHER (VEHICLE) - EXPLAIN IN NARRATIVE,2ND & ALLEY,0,0
2004,2,4,Weekday,1900,2-Car,No injury/unknown,OTHER (DRIVER) - EXPLAIN IN NARRATIVE,HILLSIDE,0,0
2004,3,4,Weekday,1200,2-Car,No injury/unknown,FAILURE TO YIELD RIGHT OF WAY,3RD & WALNUT,0,0
2004,2,3,Weekday,1300,2-Car,No injury/unknown,FOLLOWING TOO CLOSELY,4TH & WALNUT,0,0
2004,2,4,Weekday,1400,2-Car,No injury/unknown,FAILURE TO YIELD RIGHT OF WAY,2ND & WALNUT,0,0
2004,3,1,,,2-Car,No injury/unknown,FAILURE TO YIELD RIGHT OF WAY,ALLEN & ROSERI,0,0
2004,5,3,Weekday,2000,2-Car,No injury/unknown,FOLLOWING TOO CLOSELY,3RD & WALNUT ST,0,0
2004,2,5,Weekday,1900,2-Car,No injury/unknown,ANIMAL/OBJECT IN ROADWAY,FRONTAGE & SR45,0,0
2004,5,2,Weekday,400,1-Car,No injury/unknown,ALCOHOLIC BEVERAGES,4TH & WALNUT ST,0,0
2004,1,6,Weekday,1400,2-Car,No injury/unknown,FAILURE TO YIELD RIGHT OF WAY,ALLEN & SR 45,0,0
2004,1,7,Weekend,2200,2-Car,No injury/unknown,IMPROPER LANE USAGE,2ND & WALNUT,0,0
2004,2,7,Weekend,2300,2-Car,No injury/unknown,DISREGARD SIGNAL/REG SIGN,1ST & WALNUT ST,0,0
2004,1,6,Weekday,1500,2-Car,No injury/unknown,SPEED TOO FAST FOR WEATHER CONDITIONS,ALEXANDER & JACOB DR,0,0
2004,2,6,Weekday,1300,2-Car,No injury/unknown,FOLLOWING TOO CLOSELY,ALLEN & SR45,0,0
2004,4,6,Weekday,1000,2-Car,No injury/unknown,VIEW OBSTRUCTED,RATLIFF RD & SAPHIRE,0,0
2004,5,1,Weekend,800,1-Car,No injury/unknown,SPEED TOO FAST FOR WEATHER CONDITIONS,ROBINSON & SR37,0,0
2004,7,6,Weekday,1100,1-Car,No injury/unknown,OTHER (DRIVER) - EXPLAIN IN NARRATIVE,DAYTOWN CAMP GROUND & SR 44,0,0
2004,4,5,Weekday,1500,2-Car,No injury/unknown,UNSAFE BACKING,DANIELS & PARKING LOT TASUS,0,0
2004,4,1,Weekend,1700,2-Car,Non-incapacitating,PASSENGER DISTRACTION,OLD & SR37,0,0
2004,4,7,Weekend,1500,Moped/Motorcycle,Non-incapacitating,OTHER (ENVIRONMENTAL) - EXPLAIN IN NARR,HEADRICK & SR46,0,0
2004,4,4,Weekday,100,1-Car,Non-incapacitating,UNSAFE SPEED,RED OAK & SR446,0,0
2004,4,7,Weekend,0,1-Car,No injury/unknown,WRONG WAY ON ONE WAY,SR37,0,0
2004,4,5,Weekday,600,2-Car,Non-incapacitating,UNSAFE SPEED,OWEN CO LINE & SR46,0,0
2004,5,5,Weekday,1100,2-Car,Non-incapacitating,DISREGARD SIGNAL/REG SIGN,OLD SR 37 & SR37,0,0
2004,5,3,Weekday,1600,2-Car,No injury/unknown,FOLLOWING TOO CLOSELY,OLD SR 45 & SR45,0,0
2004,6,3,Weekday,1100,3+ Cars,No injury/unknown,UNSAFE BACKING,PARKING LOT,0,0
2004,7,5,Weekday,1500,2-Car,Non-incapacitating,FAILURE TO YIELD RIGHT OF WAY,LOST MAN & UNION VALLEY RD,0,0
2004,9,1,Weekend,1300,2-Car,No injury/unknown,UNSAFE BACKING,CLEAR CREEK CROSSING PKNG LOT & RHORER,0,0
2004,11,1,Weekend,1100,1-Car,No injury/unknown,ANIMAL/OBJECT IN ROADWAY,SR37,0,0
2004,9,2,Weekday,1100,Moped/Motorcycle,Incapacitating,LEFT OF CENTER,BRUCE & SR45,0,0
2004,1,7,Weekend,500,1-Car,No injury/unknown,ALCOHOLIC BEVERAGES,LAMKINS RIDGE RD & SR446,0,0
2004,1,3,Weekday,1000,2-Car,No injury/unknown,UNSAFE BACKING,MCDONALDS PARKING LOT & SR46,0,0
2004,2,1,Weekend,800,2-Car,No injury/unknown,OTHER (DRIVER) - EXPLAIN IN NARRATIVE,SR45,0,0
2004,3,4,Weekday,700,1-Car,Non-incapacitating,ROADWAY SURFACE CONDITION,PROW & SR46,0,0
2004,3,5,Weekday,800,2-Car,No injury/unknown,UNSAFE BACKING,RICHLAND,0,0
2004,6,3,Weekday,1200,2-Car,No injury/unknown,FAILURE TO YIELD RIGHT OF WAY,7220 BURCH & BURCH RD,0,0
2004,1,2,Weekday,1200,2-Car,Non-incapacitating,LEFT OF CENTER,FAIZATH RD & SECOND,0,0
2004,1,6,Weekday,1200,2-Car,No injury/unknown,FAILURE TO YIELD RIGHT OF WAY,BETHEL & SR37,0,0
2004,4,1,Weekend,1200,2-Car,No injury/unknown,OTHER (DRIVER) - EXPLAIN IN NARRATIVE,KROGER PARKING LOT,0,0
2004,5,6,Weekday,600,1-Car,No injury/unknown,OTHER (VEHICLE) - EXPLAIN IN NARRATIVE,EAGLEVIEW DR,0,0
2004,6,6,Weekday,700,1-Car,Non-incapacitating,DRIVER DISTRACTED - EXPLAIN IN NARRATIVE,MT TABOR & WOODLAND,0,0
2004,7,4,Weekday,800,1-Car,No injury/unknown,ANIMAL/OBJECT IN ROADWAY,HARDIN RIDGE & SR 446,0,0
2004,3,1,Weekend,1800,1-Car,Non-incapacitating,RAN OFF ROAD RIGHT,FOXHOLLOW & OLDSR37,0,0
2004,9,3,Weekday,1700,1-Car,Non-incapacitating,OVERCORRECTING/OVERSTEERING,KETCHUM RD & MASHAL MAY,0,0
2004,3,5,Weekday,700,2-Car,No injury/unknown,FOLLOWING TOO CLOSELY,CONNAUGHT & SR37,0,0
2004,4,3,Weekday,700,2-Car,No injury/unknown,LEFT OF CENTER,PARKING LOT COOKS INC,0,0
2004,5,3,Weekday,1300,1-Car,Non-incapacitating,RAN OFF ROAD LEFT,ANDERSON & BEAN BLOSSOM RD,0,0
2004,5,4,Weekday,800,1-Car,No injury/unknown,RAN OFF ROAD RIGHT,MCNEELY & UNION VALLEY RD,0,0
2004,1,6,Weekday,1500,Bus,No injury/unknown,IMPROPER PASSING,GILMORE RD & REEVES,0,0
2004,2,7,Weekend,1700,1-Car,No injury/unknown,ANIMAL/OBJECT IN ROADWAY,LOSTMRNS & TRUEDEL,0,0
2004,10,7,Weekend,1700,1-Car,Non-incapacitating,RAN OFF ROAD RIGHT,OLD RICHARDSON & SR 446,0,0
2004,2,4,Weekday,2100,1-Car,No injury/unknown,PASSENGER DISTRACTION,DUTCH CHURCH & RED HILL RD,0,0
2004,1,3,Weekday,1700,2-Car,Non-incapacitating,FAILURE TO YIELD RIGHT OF WAY,RHORER & US37,0,0
2004,2,2,Weekday,600,1-Car,No injury/unknown,OTHER (DRIVER) - EXPLAIN IN NARRATIVE,HEDRICK & SR46,0,0
2004,2,7,Weekend,300,2-Car,Non-incapacitating,LEFT OF CENTER,BOLTINGHOUSE & SR37,0,0
2004,11,2,Weekday,700,2-Car,Non-incapacitating,OTHER (DRIVER) - EXPLAIN IN NARRATIVE,CHANDLER & SR46,0,0
2004,2,1,Weekday,1900,2-Car,No injury/unknown,OVERCORRECTING/OVERSTEERING,HAIRSTRAIGHT & SR46,0,0
2004,2,3,Weekday,1900,2-Car,Non-incapacitating,CELL PHONE USAGE,ALLEN & SR 46,0,0
2004,1,4,Weekday,1100,2-Car,Non-incapacitating,LEFT OF CENTER,CHESTER DR & DEER,0,0
2004,4,7,Weekend,900,2-Car,Non-incapacitating,OTHER (DRIVER) - EXPLAIN IN NARRATIVE,HARTSTRAIT & SR46,0,0
2004,5,4,Weekday,700,2-Car,Non-incapacitating,OTHER (DRIVER) - EXPLAIN IN NARRATIVE,KELLI & SR46,0,0
2004,7,6,Weekday,1700,2-Car,No injury/unknown,OTHER (DRIVER) - EXPLAIN IN NARRATIVE,SR37,0,0
2004,5,3,Weekday,1400,2-Car,Non-incapacitating,FAILURE TO YIELD RIGHT OF WAY,HARTSTRAIT & SR46,0,0
2004,9,6,Weekend,1900,2-Car,Non-incapacitating,FAILURE TO YIELD RIGHT OF WAY,DEWEN DR & FIRST,0,0
2004,8,7,Weekend,2000,2-Car,No injury/unknown,FAILURE TO YIELD RIGHT OF WAY,SR 46,0,0
2004,8,4,Weekday,1500,2-Car,No injury/unknown,OTHER (DRIVER) - EXPLAIN IN NARRATIVE,JORDAN & WRIGHT QUAD PARKING LOT,0,0
2004,5,7,Weekend,1400,2-Car,No injury/unknown,OTHER (DRIVER) - EXPLAIN IN NARRATIVE,E TEMPERONCE & PARK,0,0
2004,7,1,Weekend,1300,2-Car,No injury/unknown,FAILURE TO YIELD RIGHT OF WAY,HARTSTRAIGHT & SR46,0,0
2004,11,7,Weekend,1800,2-Car,No injury/unknown,DRIVER DISTRACTED - EXPLAIN IN NARRATIVE,ENTRANCE TO SHEDDS & SR 446,0,0
2004,7,1,Weekend,1100,Moped/Motorcycle,No injury/unknown,UNSAFE SPEED,HARDIN & SR446,0,0
2004,6,6,Weekday,1200,2-Car,No injury/unknown,OTHER (DRIVER) - EXPLAIN IN NARRATIVE,PLEASURE CRAFT & SR446,0,0
2004,8,3,Weekday,1800,2-Car,No injury/unknown,UNSAFE BACKING,KROGER PARKING LOT & RHORER,0,0
2004,3,6,Weekday,800,2-Car,No injury/unknown,FAILURE TO YIELD RIGHT OF WAY,LIBRARY PARKING LOT & SEVENTH AND JORDAN,0,0
2004,3,5,Weekday,800,2-Car,No injury/unknown,OTHER (DRIVER) - EXPLAIN IN NARRATIVE,INDIANA UNIVERSITY PARKING LOT,0,0
2004,3,3,Weekday,1400,2-Car,No injury/unknown,UNSAFE BACKING,SR45 & STONE BELT LOT,0,0
2004,4,3,Weekday,1200,2-Car,No injury/unknown,OTHER (DRIVER) - EXPLAIN IN NARRATIVE,ACACIA ALLEY & FESS,0,0
2004,8,4,Weekday,1400,2-Car,No injury/unknown,IMPROPER TURNING,JONES AVE & READ SOUTH,0,0
2004,11,5,Weekday,1200,2-Car,Non-incapacitating,UNSAFE BACKING,LIBRARY PARKING LOT,0,0
2004,11,4,Weekday,900,2-Car,Non-incapacitating,LEFT OF CENTER,TENTH ST & TULIP TREE,0,0
2004,1,7,Weekend,900,2-Car,Non-incapacitating,DISREGARD SIGNAL/REG SIGN,OLD & SR37,0,0
2004,8,4,Weekday,1300,1-Car,Non-incapacitating,RAN OFF ROAD LEFT,SR37 & STONEMILL,0,0
2004,8,7,Weekend,1700,1-Car,No injury/unknown,OTHER (DRIVER) - EXPLAIN IN NARRATIVE,HOADLEY & STINESVILLE RD,0,0
2004,8,1,Weekend,1800,2-Car,No injury/unknown,DRIVER DISTRACTED - EXPLAIN IN NARRATIVE,CRESTLINE & OLD WALNUT ST PIKE,0,0
2004,1,7,Weekend,1900,1-Car,No injury/unknown,RAN OFF ROAD RIGHT,KETCHAM RD & MARSHALL MAY,0,0
2004,4,2,Weekday,1600,2-Car,Non-incapacitating,FOLLOWING TOO CLOSELY,SPRINGS & SR48,0,0
2004,4,3,Weekday,1600,3+ Cars,No injury/unknown,FOLLOWING TOO CLOSELY,TANGLEWOOD & UNION VALLEY RD,0,0
2004,2,3,Weekday,700,1-Car,No injury/unknown,ROADWAY SURFACE CONDITION,DELLSVILLE & SR37,0,0
2004,2,7,Weekend,1300,1-Car,No injury/unknown,JACKKNIFING,ANDERSON & SR37,0,0
2004,3,6,Weekday,400,1-Car,No injury/unknown,ANIMAL/OBJECT IN ROADWAY,SR37,0,0
2004,3,2,Weekday,2100,2-Car,No injury/unknown,UNSAFE BACKING,5TH ST & FORREST,0,0
2004,2,1,Weekend,1600,2-Car,No injury/unknown,FAILURE TO YIELD RIGHT OF WAY,SOUTH & UNION,0,0
2004,4,4,Weekday,1500,1-Car,No injury/unknown,OTHER (VEHICLE) - EXPLAIN IN NARRATIVE,10TH & HILLTOP DR,0,0
2004,7,3,Weekday,1500,2-Car,No injury/unknown,UNSAFE BACKING,DUNN & PARKING LOT,0,0
2004,8,4,Weekday,1200,2-Car,No injury/unknown,UNSAFE BACKING,BRISCOE CIRCLE DR & FEE,0,0
2004,2,4,Weekday,2000,2-Car,No injury/unknown,BRAKE FAILURE OR DEFECTIVE,6TH & POPLARS PARKING GARAGE,0,0
2004,4,6,Weekday,1400,2-Car,No injury/unknown,UNSAFE BACKING,10TH & EIGENMANN DR,0,0
2004,4,6,Weekend,2000,2-Car,No injury/unknown,UNSAFE BACKING,17TH & GAMMA PHI BETA LOT,0,0
2004,3,6,Weekday,1500,2-Car,No injury/unknown,FAILURE TO YIELD RIGHT OF WAY,10TH & ASHTON PKG LOT,0,0
2004,5,6,Weekday,900,2-Car,No injury/unknown,UNSAFE SPEED,LAW & SRSC PARKING LOT,0,0
2004,7,6,Weekday,1200,2-Car,No injury/unknown,UNSAFE BACKING,7TH & INN CIR,0,0
2004,4,6,Weekday,1500,2-Car,No injury/unknown,FAILURE TO YIELD RIGHT OF WAY,BALFOUR & SR45 46,0,0
2004,7,3,Weekday,1200,3+ Cars,No injury/unknown,RAN OFF ROAD RIGHT,ATWATER AND FESS & PARKING LOT,0,0
2004,5,6,Weekday,1100,2-Car,No injury/unknown,UNSAFE BACKING,INDIANA UNIVERSITY LIBRARY PKG & STADIUM,0,0
2004,4,5,Weekday,2000,2-Car,No injury/unknown,OTHER (DRIVER) - EXPLAIN IN NARRATIVE,RUNN & SR45 46,0,0
2004,4,1,Weekday,1900,2-Car,No injury/unknown,UNSAFE BACKING,5TH ST & FORREST,0,0
2004,4,2,Weekday,1100,2-Car,No injury/unknown,UNSAFE BACKING,LIBRARY PARKING LOT & TENTH AND JORDAN,0,0
2004,4,3,Weekday,1200,Bus,No injury/unknown,OTHER (DRIVER) - EXPLAIN IN NARRATIVE,BALFOUR & JORDAN EXTENSION,0,0
2004,4,5,Weekday,800,1-Car,No injury/unknown,DRIVER DISTRACTED - EXPLAIN IN NARRATIVE,IMCE PAYLOT NUMBER ONE & SEVENTH,0,0
2004,1,2,Weekday,,2-Car,No injury/unknown,ALCOHOLIC BEVERAGES,BLOOMINGTON & LEONARD SPRINGS RD,0,0
2004,1,7,Weekend,2000,2-Car,Non-incapacitating,FAILURE TO YIELD RIGHT OF WAY,COLLEGE MALL & EASTLAND PLAZA,0,0
2004,1,3,Weekday,2300,2-Car,No injury/unknown,DISREGARD SIGNAL/REG SIGN,1ST & WALNUT ST,0,0
2004,2,2,Weekday,300,1-Car,No injury/unknown,OVERCORRECTING/OVERSTEERING,SR45,0,0
2004,2,7,Weekend,,2-Car,No injury/unknown,OTHER (DRIVER) - EXPLAIN IN NARRATIVE,,0,0
2004,2,3,Weekday,2000,1-Car,No injury/unknown,NONE (DRIVER),SR37 & WHITEHALL,0,0
2004,2,2,Weekday,1400,2-Car,No injury/unknown,FAILURE TO YIELD RIGHT OF WAY,200 7TH & 7TH ST,0,0
2004,2,4,Weekday,1700,2-Car,Non-incapacitating,FAILURE TO YIELD RIGHT OF WAY,FRONTAGE & SR45,0,0
2004,3,3,Weekday,1500,2-Car,No injury/unknown,UNSAFE BACKING,PETE ELLIS & ST PETE ELLIS,0,0
2004,3,5,Weekday,1600,2-Car,No injury/unknown,FAILURE TO YIELD RIGHT OF WAY,3RD & MONROE,0,0
2004,2,3,Weekday,600,1-Car,No injury/unknown,ANIMAL/OBJECT IN ROADWAY,SR37,0,0
2004,2,6,Weekday,500,1-Car,Non-incapacitating,SPEED TOO FAST FOR WEATHER CONDITIONS,PRIVATE & SR446,0,0
2004,3,3,Weekday,2100,1-Car,Non-incapacitating,DRIVER DISTRACTED - EXPLAIN IN NARRATIVE,HARMONY & SR48,0,0
2004,3,7,Weekend,1900,1-Car,Non-incapacitating,ANIMAL/OBJECT IN ROADWAY,HARRODSBURG & SR37,0,0
2004,3,3,Weekday,1300,2-Car,Non-incapacitating,OVERCORRECTING/OVERSTEERING,HARTSTRAIT & RATLIFF,0,0
2004,3,6,Weekday,1600,3+ Cars,No injury/unknown,OTHER (VEHICLE) - EXPLAIN IN NARRATIVE,3210 TAPP & TAPP RD,0,0
2004,3,3,Weekday,1700,1-Car,No injury/unknown,ANIMAL/OBJECT IN ROADWAY,BETHEL LN & SR37,0,0
2004,2,5,Weekday,300,2-Car,No injury/unknown,ALCOHOLIC BEVERAGES,ROLLING RDG & SR45,0,0
2004,4,5,Weekday,800,2-Car,No injury/unknown,IMPROPER TURNING,BETHEL LN & SR37,0,0
2004,4,7,Weekend,1100,2-Car,No injury/unknown,GLARE,PARKING LOT & SR446,0,0
2004,6,7,Weekend,1300,1-Car,Non-incapacitating,DRIVER ASLEEP OR FATIGUED,GREENE CO LINE & SR45,0,0
2004,2,5,Weekday,1500,2-Car,Non-incapacitating,FOLLOWING TOO CLOSELY,ALLEN & SR45,0,0
2004,5,1,Weekend,800,1-Car,No injury/unknown,STEERING FAILURE,KETHAM RD & SMITHVILLE,0,0
2004,6,1,Weekday,1900,2-Car,Non-incapacitating,DISREGARD SIGNAL/REG SIGN,SMITH & SR 64,0,0
2004,3,5,Weekday,800,2-Car,No injury/unknown,IMPROPER TURNING,KINSEY PIKE,0,0
2004,3,4,Weekday,1800,3+ Cars,No injury/unknown,FOLLOWING TOO CLOSELY,ADAMS & TAPP RD,0,0
2004,3,7,Weekend,1300,2-Car,No injury/unknown,UNSAFE BACKING,100 LINCOLN & ALLEY,0,0
2004,3,3,Weekday,2000,2-Car,No injury/unknown,FOLLOWING TOO CLOSELY,COLLEGE MALL RD & EASTLAND,0,0
2004,3,5,Weekday,300,2-Car,No injury/unknown,ALCOHOLIC BEVERAGES,AUTO MALL & CONVENANTER DR,0,0
2004,3,3,Weekday,1700,2-Car,Incapacitating,FAILURE TO YIELD RIGHT OF WAY,CLARIZZ & PARKING LOT,0,0
2004,3,5,Weekday,1000,3+ Cars,No injury/unknown,OTHER (VEHICLE) - EXPLAIN IN NARRATIVE,BLK LANDMARK AVE,0,0
2004,3,3,Weekday,1800,2-Car,No injury/unknown,IMPROPER LANE USAGE,JEFFERSON & SR46,0,0
2004,3,3,Weekday,1200,2-Car,No injury/unknown,UNSAFE BACKING,MOORES,0,0
2004,3,5,Weekday,1200,2-Car,No injury/unknown,OTHER (DRIVER) - EXPLAIN IN NARRATIVE,4TH & WALNUT ST,0,0
2004,3,2,Weekday,800,3+ Cars,No injury/unknown,DISREGARD SIGNAL/REG SIGN,4TH & WALNUT ST,0,0
2004,4,1,Weekend,1400,2-Car,No injury/unknown,DRIVER DISTRACTED - EXPLAIN IN NARRATIVE,BALFOUR & SR 45 46 BYP,0,0
2004,3,6,Weekday,1500,3+ Cars,Non-incapacitating,FOLLOWING TOO CLOSELY,SR48 & YANCY,0,0
2004,3,4,Weekday,1300,2-Car,Non-incapacitating,FOLLOWING TOO CLOSELY,15TH & WALNUT ST,0,0
2004,4,6,Weekday,1500,2-Car,No injury/unknown,FAILURE TO YIELD RIGHT OF WAY,PROW & SR46,0,0
2004,5,1,Weekend,1700,2-Car,Non-incapacitating,FAILURE TO YIELD RIGHT OF WAY,45 46 & WALNUT,0,0
2004,4,1,Weekend,1000,2-Car,No injury/unknown,FAILURE TO YIELD RIGHT OF WAY,3RD & WALNUT ST,0,0
2004,5,2,Weekday,1200,2-Car,No injury/unknown,FAILURE TO YIELD RIGHT OF WAY,LEONARD SPRINGS RD & MAYBURY MALL,0,0
2004,5,2,Weekday,1200,2-Car,No injury/unknown,FAILURE TO YIELD RIGHT OF WAY,KROGERS ACCES & LIBERTY DR,0,0
2004,4,4,Weekday,,2-Car,No injury/unknown,OTHER (DRIVER) - EXPLAIN IN NARRATIVE,,0,0
2004,4,3,Weekday,2000,2-Car,No injury/unknown,FAILURE TO YIELD RIGHT OF WAY,FRONTAGE & SR45,0,0
2004,5,6,Weekday,1500,3+ Cars,Non-incapacitating,FOLLOWING TOO CLOSELY,IU GOLF COURSE ENTRANCE & SR 45,0,0
2004,4,5,Weekday,1400,2-Car,Non-incapacitating,FAILURE TO YIELD RIGHT OF WAY,CADILLAC & CLARIZZ BLVD,0,0
2004,4,2,Weekday,600,2-Car,Non-incapacitating,DISREGARD SIGNAL/REG SIGN,1ST ST & WALNUT,0,0
2004,4,3,Weekday,1600,3+ Cars,No injury/unknown,FOLLOWING TOO CLOSELY,ROLL & SCURRY PK,0,0
2004,5,4,Weekday,1500,2-Car,No injury/unknown,FOLLOWING TOO CLOSELY,2ND & WALNUT,0,0
2004,4,4,Weekday,1600,2-Car,No injury/unknown,OTHER (DRIVER) - EXPLAIN IN NARRATIVE,LIBERTY & LIBERTY DRIVE,0,0
2004,4,1,Weekend,1500,2-Car,No injury/unknown,FAILURE TO YIELD RIGHT OF WAY,3RD ST & WALNUT,0,0
2004,4,3,Weekday,1800,2-Car,No injury/unknown,IMPROPER LANE USAGE,JEFFERSON & SR46,0,0
2004,5,7,Weekend,1400,1-Car,No injury/unknown,NONE (DRIVER),SR45 & WEIMER,0,0
2004,4,1,Weekday,2100,2-Car,No injury/unknown,FAILURE TO YIELD RIGHT OF WAY,500 & DODDS ST,0,0
2004,4,5,Weekday,1300,2-Car,Non-incapacitating,FAILURE TO YIELD RIGHT OF WAY,KINGSTON DR & MALL KMART,0,0
2004,5,2,Weekday,900,2-Car,Non-incapacitating,OTHER (DRIVER) - EXPLAIN IN NARRATIVE,WINSLOW CT,0,0
2004,5,3,Weekday,1200,2-Car,No injury/unknown,OTHER (DRIVER) - EXPLAIN IN NARRATIVE,PARKING LOT COLLEGE MALL RD,0,0
2004,5,4,Weekday,1700,2-Car,No injury/unknown,DISREGARD SIGNAL/REG SIGN,4TH & WALNUT ST,0,0
2004,5,5,Weekday,1800,2-Car,No injury/unknown,FOLLOWING TOO CLOSELY,3RD & WALNUT,0,0
2004,5,3,Weekday,1900,1-Car,No injury/unknown,ROADWAY SURFACE CONDITION,GOURLEY & SR37,0,0
2004,5,4,Weekday,1700,2-Car,No injury/unknown,FAILURE TO YIELD RIGHT OF WAY,COUNTRY CLUB & SR37,0,0
2004,4,2,Weekday,1700,1-Car,Non-incapacitating,RAN OFF ROAD RIGHT,SAFETY & SR37,0,0
2004,4,3,Weekday,1400,2-Car,Non-incapacitating,FAILURE TO YIELD RIGHT OF WAY,15TH ST & WALNUT,0,0
2004,8,7,Weekend,1600,1-Car,Non-incapacitating,SPEED TOO FAST FOR WEATHER CONDITIONS,State Road 37 45 & WHITEHALL PLAZA,0,0
2004,9,3,Weekday,1700,2-Car,No injury/unknown,LEFT OF CENTER,COLLEGE MALL & KERASOTES BLVD,0,0
2004,11,6,Weekday,1600,2-Car,No injury/unknown,FAILURE TO YIELD RIGHT OF WAY,BASSWOOD & SR45,0,0
2004,9,2,Weekday,1300,2-Car,No injury/unknown,OTHER (DRIVER) - EXPLAIN IN NARRATIVE,FEE & FEE LN CIRCLE DR,0,0
2004,6,1,Weekend,1200,2-Car,No injury/unknown,FAILURE TO YIELD RIGHT OF WAY,FIFTH ST & JORDAN,0,0
2004,6,1,Weekend,0,2-Car,No injury/unknown,OTHER (DRIVER) - EXPLAIN IN NARRATIVE,45 46 BYPASS & BALFOUR,0,0
2004,6,6,Weekday,900,2-Car,No injury/unknown,,FEE & SPEA PARKING LOT,0,0
2004,6,6,Weekday,1000,3+ Cars,Non-incapacitating,FOLLOWING TOO CLOSELY,BLOOMFIELD RD & WALLEN,0,0
2004,6,2,Weekday,1100,2-Car,No injury/unknown,UNSAFE BACKING,PARKING LOT & WINSLOW,0,0
2004,6,5,Weekday,2300,2-Car,No injury/unknown,FAILURE TO YIELD RIGHT OF WAY,3RD & 3RD ST,0,0