Year,Month,Day,Weekend?,Hour,Collision Type,Injury Type,Primary Factor,Reported_Location,Latitude,Longitude
2004,6,4,Weekday,,2-Car,No injury/unknown,OTHER (DRIVER) - EXPLAIN IN NARRATIVE,,0,0
2004,6,6,Weekday,1000,2-Car,No injury/unknown,DISREGARD SIGNAL/REG SIGN,3RD ST & WALNUT,0,0
2004,7,3,Weekday,1400,3+ Cars,No injury/unknown,OTHER (DRIVER) - EXPLAIN IN NARRATIVE,IU MAIN LIBRARY & JORDAN,0,0
2004,8,4,Weekday,1200,2-Car,No injury/unknown,WRONG WAY ON ONE WAY,FEE & FOSTER NORTH DR,0,0
2004,8,4,Weekday,1100,2-Car,No injury/unknown,IMPROPER TURNING,FEE & IU SEMBOWER EAST DR,0,0
2004,9,3,Weekday,1000,2-Car,No injury/unknown,OTHER (DRIVER) - EXPLAIN IN NARRATIVE,DUNN & WHITE LOT MEMORIAL STADIUM,0,0
2004,9,2,Weekday,900,2-Car,No injury/unknown,DRIVER DISTRACTED - EXPLAIN IN NARRATIVE,FEE & FEE LANE GARAGE,0,0
2004,10,6,Weekday,900,2-Car,No injury/unknown,OTHER (DRIVER) - EXPLAIN IN NARRATIVE,CAMPUS VIEW CIR & UNION,0,0
2004,8,5,Weekday,1100,2-Car,No injury/unknown,UNSAFE SPEED,COLLINS SMITH SERVICE DR & PARK,0,0
2004,10,7,Weekend,1100,2-Car,No injury/unknown,UNSAFE BACKING,LAW & SRSC PARKING LOT,0,0
2004,11,3,Weekday,1100,2-Car,No injury/unknown,SPEED TOO FAST FOR WEATHER CONDITIONS,10TH & PARKING LOT,0,0
2004,12,4,Weekday,1300,2-Car,No injury/unknown,FAILURE TO YIELD RIGHT OF WAY,DUNN & IU MEMORIAL STADIUM WHITE LOTE DR,0,0
2004,12,6,Weekday,1300,2-Car,No injury/unknown,UNSAFE BACKING,ROSE & WRIGHT EDUCATION PARKING LOT,0,0
2004,12,4,Weekday,800,2-Car,No injury/unknown,UNSAFE BACKING,SR46 & UNIVERSITY SCHOOL DR,0,0
2004,7,4,Weekday,800,2-Car,No injury/unknown,,HAWTHORNE & WEST ALY,0,0
2004,7,6,Weekend,2300,1-Car,No injury/unknown,OTHER (DRIVER) - EXPLAIN IN NARRATIVE,JORDAN & PRIVATE PROPERTY GARAGE,0,0
2004,8,2,Weekday,,1-Car,No injury/unknown,UNSAFE SPEED,HARTSTRAIT RD & SR46,0,0
2004,9,4,Weekday,1400,2-Car,No injury/unknown,FOLLOWING TOO CLOSELY,BOTTOM & SR37N,0,0
2004,12,7,Weekend,1000,2-Car,No injury/unknown,IMPROPER TURNING,JONES AVE,0,0
2004,12,4,Weekday,700,2-Car,Non-incapacitating,ROADWAY SURFACE CONDITION,JORDAN & LIBRARY LOT,0,0
2004,12,4,Weekday,1300,2-Car,No injury/unknown,ROADWAY SURFACE CONDITION,LAW LN & SRSC,0,0
2004,9,1,Weekday,1900,2-Car,No injury/unknown,UNSAFE BACKING,FOSTER & LAW,0,0
2004,9,2,Weekday,1800,2-Car,No injury/unknown,UNSAFE BACKING,JORDAN & MAIN LIBRARY PARKING LOT,0,0
2004,10,1,Weekend,1500,2-Car,No injury/unknown,UNSAFE BACKING,LAW & PARKING LOT,0,0
2004,8,1,Weekday,1900,2-Car,No injury/unknown,FAILURE TO YIELD RIGHT OF WAY,ATWNTER AVE & HAWTHORNE,0,0
2004,9,1,Weekday,2000,2-Car,No injury/unknown,,JORDEN & MAIN LIBRARY PARKING LOT,0,0
2004,11,5,Weekday,700,2-Car,No injury/unknown,OTHER (DRIVER) - EXPLAIN IN NARRATIVE,10TH & WRUBEL PARKING LOT,0,0
2004,9,4,Weekday,1500,2-Car,No injury/unknown,OTHER (DRIVER) - EXPLAIN IN NARRATIVE,DUNN & PURPLE LOT,0,0
2004,10,3,Weekday,1600,2-Car,No injury/unknown,FAILURE TO YIELD RIGHT OF WAY,DUNN & WHITE LOT,0,0
2004,6,2,Weekday,2100,2-Car,No injury/unknown,OTHER (ENVIRONMENTAL) - EXPLAIN IN NARR,GOORLEY & SR37,0,0
2004,6,3,Weekday,1500,3+ Cars,Non-incapacitating,PASSENGER DISTRACTION,SR 48 & WESTPLEX,0,0
2004,6,4,Weekday,1200,2-Car,No injury/unknown,UNSAFE BACKING,BHSS SOUTH & PARKING LOT,0,0
2004,8,5,Weekday,1600,2-Car,No injury/unknown,FAILURE TO YIELD RIGHT OF WAY,ACCESS RD FOR TARGET & KINGSTON,0,0
2004,12,3,Weekday,1000,1-Car,No injury/unknown,UNSAFE SPEED,GOURLEY & OLDSR37,0,0
2004,7,1,Weekend,1600,2-Car,Non-incapacitating,FOLLOWING TOO CLOSELY,FIRST & WALNUT ST,0,0
2004,8,3,Weekday,1200,2-Car,No injury/unknown,IMPROPER TURNING,3RD & TARGET PARKING LOT,0,0
2004,7,1,Weekday,2300,2-Car,No injury/unknown,FAILURE TO YIELD RIGHT OF WAY,1ST & WALNUT ST,0,0
2004,7,2,Weekday,1400,2-Car,Non-incapacitating,DISREGARD SIGNAL/REG SIGN,1ST & WALNUT,0,0
2004,7,6,Weekday,1200,2-Car,No injury/unknown,OTHER (DRIVER) - EXPLAIN IN NARRATIVE,3RD & PARKING LOT,0,0
2004,8,4,Weekday,,2-Car,No injury/unknown,OTHER (DRIVER) - EXPLAIN IN NARRATIVE,2676 E 2ND & PARKING LOT,0,0
2004,9,2,Weekday,1300,2-Car,No injury/unknown,OTHER (DRIVER) - EXPLAIN IN NARRATIVE,3RD & WALNUT ST,0,0
2004,7,4,Weekday,600,2-Car,No injury/unknown,DISREGARD SIGNAL/REG SIGN,BYPASS & WALNUT,0,0
2004,7,5,Weekday,2200,2-Car,No injury/unknown,,COVEANTER & JACKSON CREEK SHOPPING PKG LOT,0,0
2004,7,6,Weekend,2100,2-Car,No injury/unknown,FAILURE TO YIELD RIGHT OF WAY,3000 & SR37,0,0
2004,7,6,Weekend,1900,2-Car,No injury/unknown,OTHER (DRIVER) - EXPLAIN IN NARRATIVE,KOHLS PARKING LOT,0,0
2004,8,5,Weekday,1500,1-Car,Non-incapacitating,BRAKE FAILURE OR DEFECTIVE,WALNUT ST & WILLOW MANOR PARKING LOT,0,0
2004,5,6,Weekday,1500,2-Car,No injury/unknown,UNSAFE BACKING,10TH & HARLOWES WAREHOUSE,0,0
2004,5,6,Weekday,1800,2-Car,No injury/unknown,UNSAFE BACKING,10TH & TULIP TREE LOT,0,0
2004,7,4,Weekday,1500,2-Car,No injury/unknown,UNSAFE BACKING,10TH & STONEBELT,0,0
2004,8,6,Weekend,1900,2-Car,No injury/unknown,FOLLOWING TOO CLOSELY,10TH & 45BYPASS,0,0
2004,9,6,Weekday,1500,2-Car,No injury/unknown,UNSAFE BACKING,INDIANA & VAN LEE LOT,0,0
2004,5,5,Weekday,,2-Car,No injury/unknown,OTHER (DRIVER) - EXPLAIN IN NARRATIVE,SERVICE DR & TAMARACK,0,0
2004,5,6,Weekday,1200,2-Car,Non-incapacitating,DISREGARD SIGNAL/REG SIGN,ALEXANDER & JACOBS DR,0,0
2004,7,4,Weekday,1000,2-Car,No injury/unknown,,PRIVATE LOT CURRY BUICK,0,0
2004,10,4,Weekday,1200,1-Car,Non-incapacitating,WRONG WAY ON ONE WAY,15TH & WALNUT ST,0,0
2004,6,7,Weekend,900,2-Car,No injury/unknown,ROADWAY SURFACE CONDITION,HINKLE RD & SR45,0,0
2004,6,7,Weekend,1100,2-Car,No injury/unknown,OTHER (DRIVER) - EXPLAIN IN NARRATIVE,BROOKDALE & KINSTER,0,0
2004,5,6,Weekday,1400,1-Car,Non-incapacitating,OTHER (DRIVER) - EXPLAIN IN NARRATIVE,SR 45,0,0
2004,5,5,Weekday,2200,2-Car,No injury/unknown,OTHER (DRIVER) - EXPLAIN IN NARRATIVE,BLOCKBUSTER VIGEO PARKING LOT & JACKSON CREEK SHOPPING CENTER,0,0
2004,5,6,Weekday,1600,2-Car,No injury/unknown,FAILURE TO YIELD RIGHT OF WAY,PARKING LOT OF COLLEGE MALL,0,0
2004,8,1,Weekend,1000,2-Car,Non-incapacitating,OTHER (DRIVER) - EXPLAIN IN NARRATIVE,BLOOMFIELD & LEONARD SPR RD,0,0
2004,8,2,Weekday,1000,2-Car,No injury/unknown,FAILURE TO YIELD RIGHT OF WAY,KIRKLAND AVE & MADISON,0,0
2004,8,4,Weekday,1200,3+ Cars,No injury/unknown,FOLLOWING TOO CLOSELY,SR37,0,0
2004,10,4,Weekday,500,2-Car,No injury/unknown,FOLLOWING TOO CLOSELY,ADAMS & WEST2ND ST,0,0
2004,10,5,Weekday,1200,2-Car,No injury/unknown,UNSAFE BACKING,KLEINDORFERS & W KIRKWOOD AVE,0,0
2004,6,3,Weekday,900,2-Car,No injury/unknown,FOLLOWING TOO CLOSELY,BLOOMFIELD RD & HICKORY LEAF,0,0
2004,6,4,Weekday,700,2-Car,No injury/unknown,FAILURE TO YIELD RIGHT OF WAY,BLOOMFIELD & LEONARD SPRINGS RD,0,0
2004,6,7,Weekend,200,1-Car,No injury/unknown,ALCOHOLIC BEVERAGES,JACOBS & WENDYS PARKING LOT,0,0
2004,8,1,Weekend,600,1-Car,No injury/unknown,ANIMAL/OBJECT IN ROADWAY,2ND ST,0,0
2004,7,5,Weekday,1800,1-Car,No injury/unknown,UNSAFE SPEED,MCCARTNEY & S SORE RD,0,0
2004,5,6,Weekend,2000,2-Car,No injury/unknown,FAILURE TO YIELD RIGHT OF WAY,45 46 & COLLEGE AVE,0,0
2004,5,7,Weekend,2100,1-Car,Non-incapacitating,OTHER (DRIVER) - EXPLAIN IN NARRATIVE,BLOOMFIELD & LEONARD SPRINGS,0,0
2004,7,2,Weekday,1400,2-Car,No injury/unknown,FAILURE TO YIELD RIGHT OF WAY,5TH ST & WALNUT,0,0
2004,10,2,Weekday,1500,2-Car,No injury/unknown,FAILURE TO YIELD RIGHT OF WAY,SAIE RD,0,0
2004,11,3,Weekday,1400,2-Car,No injury/unknown,FAILURE TO YIELD RIGHT OF WAY,CAMPUS VIEW PARKING LOT & UNION,0,0
2004,11,3,Weekday,600,1-Car,No injury/unknown,OTHER (ENVIRONMENTAL) - EXPLAIN IN NARR,INDIANA & PARKING LOT,0,0
2004,10,6,Weekday,300,1-Car,No injury/unknown,ALCOHOLIC BEVERAGES,ATWATER,0,0
2004,10,1,Weekday,2200,2-Car,No injury/unknown,UNSAFE BACKING,FOSTER QUAD PARKING LOT & LAW,0,0
2004,11,3,Weekday,2100,1-Car,No injury/unknown,ANIMAL/OBJECT IN ROADWAY,BALFOUR & SR45,0,0
2004,11,1,Weekday,2000,1-Car,No injury/unknown,,MAIN LIBRARY LOT & STADIUM,0,0
2004,11,3,Weekday,1500,2-Car,Non-incapacitating,DISREGARD SIGNAL/REG SIGN,EDGEWOOD & SYCAMORE DR,0,0
2004,11,5,Weekday,1500,3+ Cars,Non-incapacitating,UNSAFE SPEED,HARTSTRAIT & SR46,0,0
2004,11,6,Weekday,1100,2-Car,Non-incapacitating,OTHER (DRIVER) - EXPLAIN IN NARRATIVE,HARTSTRAIGHT & SR46,0,0
2004,12,3,Weekday,1700,3+ Cars,No injury/unknown,DISREGARD SIGNAL/REG SIGN,HARTSTRAIGHT & SR 46,0,0
2004,12,7,Weekend,1900,2-Car,No injury/unknown,FAILURE TO YIELD RIGHT OF WAY,BRIARGATE & SR46,0,0
2004,12,5,Weekday,1500,2-Car,No injury/unknown,FOLLOWING TOO CLOSELY,LEONARD SPRINGS & WOODLAND,0,0
2004,12,2,Weekday,1000,2-Car,No injury/unknown,ROADWAY SURFACE CONDITION,BLOOMINGTON & ORRIS,0,0
2004,11,5,Weekday,1800,1-Car,No injury/unknown,ANIMAL/OBJECT IN ROADWAY,MOORES PIKE & SR446,0,0
2004,12,2,Weekday,900,2-Car,No injury/unknown,UNSAFE BACKING,FORREST & WOODLAWN AVE,0,0
2004,8,6,Weekday,500,Moped/Motorcycle,Non-incapacitating,UNSAFE SPEED,2600 E 3RD & PARKING LOT,0,0
2004,10,4,Weekday,700,2-Car,Non-incapacitating,IMPROPER TURNING,DANIEL ST & FORRESTER,0,0
2004,7,7,Weekend,1800,2-Car,No injury/unknown,DISREGARD SIGNAL/REG SIGN,4TH & WALNUT,0,0
2004,8,1,Weekend,1700,2-Car,No injury/unknown,DRIVER DISTRACTED - EXPLAIN IN NARRATIVE,HILLVIEW & SR37,0,0
2004,8,4,Weekday,800,3+ Cars,No injury/unknown,DISREGARD SIGNAL/REG SIGN,3RD & WALNUT,0,0
2004,8,4,Weekday,1200,2-Car,No injury/unknown,FAILURE TO YIELD RIGHT OF WAY,COLLEGE MALL & CONVENANTER,0,0
2004,8,2,Weekday,1100,2-Car,No injury/unknown,IMPROPER LANE USAGE,OATES & SR48,0,0
2004,8,6,Weekday,1700,2-Car,No injury/unknown,FAILURE TO YIELD RIGHT OF WAY,ENT TO COLLEGEMALL & S COLLEGEMALL RD,0,0
2004,11,6,Weekday,1500,1-Car,No injury/unknown,UNSAFE SPEED,BLOOMINGTON HIGH & PROW RD,0,0
2004,12,5,Weekday,1500,2-Car,No injury/unknown,FAILURE TO YIELD RIGHT OF WAY,1560 W BLOOMFIELD RD & BLOOMFIELD RD,0,0
2004,8,3,Weekday,1000,2-Car,No injury/unknown,FAILURE TO YIELD RIGHT OF WAY,EASTLAND PLAZA,0,0
2004,9,5,Weekday,1300,2-Car,No injury/unknown,OTHER (DRIVER) - EXPLAIN IN NARRATIVE,PARKING LOT,0,0
2004,8,3,Weekday,1700,1-Car,Non-incapacitating,PEDESTRIAN ACTION,MORTON ST & PATTERSON,0,0
2004,9,7,Weekend,1700,2-Car,No injury/unknown,OTHER (DRIVER) - EXPLAIN IN NARRATIVE,,0,0
2004,10,1,Weekend,1400,1-Car,Non-incapacitating,DRIVER ASLEEP OR FATIGUED,LOUISE & MORNINGSIDE DR,0,0
2004,9,2,Weekday,700,2-Car,No injury/unknown,FAILURE TO YIELD RIGHT OF WAY,CURRY PIKE & WHITEHALL,0,0
2004,9,2,Weekday,1400,2-Car,No injury/unknown,OTHER (DRIVER) - EXPLAIN IN NARRATIVE,BHSN,0,0
2004,12,3,Weekday,1900,2-Car,No injury/unknown,FAILURE TO YIELD RIGHT OF WAY,10TH ST & 45 46 BYPASS,0,0
2004,9,5,Weekday,800,1-Car,Non-incapacitating,OTHER (DRIVER) - EXPLAIN IN NARRATIVE,5TH ST & WALNUT,0,0
2004,10,7,Weekend,2300,2-Car,No injury/unknown,FAILURE TO YIELD RIGHT OF WAY,1ST & WALNUT ST,0,0
2004,11,7,Weekend,1600,3+ Cars,Non-incapacitating,ALCOHOLIC BEVERAGES,3 RD ST & S HIGH STREET,0,0
2004,12,7,Weekend,100,1-Car,No injury/unknown,ALCOHOLIC BEVERAGES,KINSE PARK & State Road 45 46 Bypass,0,0
2004,10,1,Weekend,100,1-Car,No injury/unknown,OTHER (DRIVER) - EXPLAIN IN NARRATIVE,3RD & TACO BELL LOT,0,0
2004,9,6,Weekend,2300,2-Car,No injury/unknown,IMPROPER TURNING,S COLLEGE PARKING LOT AVE & W 2ND,0,0
2004,9,5,Weekday,1300,2-Car,Non-incapacitating,FAILURE TO YIELD RIGHT OF WAY,COLLEGE MALL DR & K MART,0,0
2004,9,4,Weekday,1800,1-Car,Non-incapacitating,FAILURE TO YIELD RIGHT OF WAY,4TH & WALNUT ST,0,0
2004,8,6,Weekday,1300,2-Car,No injury/unknown,UNSAFE BACKING,S WOODSCREST & WOODSCREST,0,0
2004,8,2,Weekday,1900,2-Car,No injury/unknown,IMPROPER TURNING,COLLEGE,0,0
2004,9,6,Weekday,900,2-Car,No injury/unknown,UNSAFE BACKING,3RD ST & WALNUT,0,0
2004,9,5,Weekday,1800,3+ Cars,Non-incapacitating,GLARE,45-46 BYPASS & KINSER,0,0
2004,9,7,Weekend,900,2-Car,No injury/unknown,FOLLOWING TOO CLOSELY,ALEXANDER & JACOB DR,0,0
2004,9,7,Weekend,,2-Car,No injury/unknown,OTHER (DRIVER) - EXPLAIN IN NARRATIVE,,0,0
2004,10,2,Weekday,1000,2-Car,Non-incapacitating,FAILURE TO YIELD RIGHT OF WAY,DR READ CTR & JORDAN,0,0
2004,11,4,Weekday,1500,2-Car,No injury/unknown,UNSAFE BACKING,BALLATINE PARKING GARAGE & HAWTHORNE,0,0
2004,12,1,Weekend,1100,2-Car,No injury/unknown,FAILURE TO YIELD RIGHT OF WAY,COVENANTER & FIELDCREST APTS,0,0
2004,10,2,Weekday,1700,2-Car,Non-incapacitating,FAILURE TO YIELD RIGHT OF WAY,KINSER PIKE & MAXINE,0,0
2004,10,7,Weekend,1900,2-Car,No injury/unknown,FAILURE TO YIELD RIGHT OF WAY,ENTRANCE TO WILIAMSBUR VILLAGE & PETE ELLIS,0,0
2004,10,2,Weekday,1600,3+ Cars,No injury/unknown,OTHER (DRIVER) - EXPLAIN IN NARRATIVE,RILEY RD,0,0
2004,12,3,Weekday,1000,3+ Cars,No injury/unknown,ROADWAY SURFACE CONDITION,HILLSDALE DR & MAXWELL,0,0
2004,12,7,Weekend,1500,2-Car,Non-incapacitating,FAILURE TO YIELD RIGHT OF WAY,3RD ST & BAKEHOUSE,0,0
2004,10,6,Weekday,800,2-Car,No injury/unknown,UNSAFE BACKING,35363666 THE FIELDS APTS & COVENANTER,0,0
2004,12,2,Weekday,1600,2-Car,No injury/unknown,FAILURE TO YIELD RIGHT OF WAY,IMA & LANDMARK AVE,0,0
2004,10,7,Weekend,1300,2-Car,No injury/unknown,OTHER (DRIVER) - EXPLAIN IN NARRATIVE,45 46 BY PASS & N WALNUT,0,0
2004,10,4,Weekday,1800,2-Car,No injury/unknown,FAILURE TO YIELD RIGHT OF WAY,KIRKWOOD AVE,0,0
2004,10,7,Weekend,1000,2-Car,No injury/unknown,UNSAFE BACKING,PARKING LOT & SARE,0,0
2004,10,7,Weekend,1500,2-Car,Non-incapacitating,FOLLOWING TOO CLOSELY,FRANKLIN & SR48,0,0
2004,11,4,Weekday,900,2-Car,Non-incapacitating,UNSAFE SPEED,COLLEGE MALL RD & KERASOTES,0,0
2004,11,5,Weekday,1300,2-Car,No injury/unknown,FOLLOWING TOO CLOSELY,45 46 & MATLOCK APTS,0,0
2004,11,2,Weekday,800,2-Car,No injury/unknown,DRIVER DISTRACTED - EXPLAIN IN NARRATIVE,4TH & WALNUT ST,0,0
2004,11,4,Weekday,1400,2-Car,No injury/unknown,,DUNN ST & GRANT,0,0
2004,11,3,Weekday,700,2-Car,No injury/unknown,FAILURE TO YIELD RIGHT OF WAY,45 46 BYP & WALNUT,0,0
2004,12,6,Weekday,1400,2-Car,No injury/unknown,FAILURE TO YIELD RIGHT OF WAY,3RD ST & WALNUT,0,0
2004,11,3,Weekday,1300,3+ Cars,Incapacitating,ALCOHOLIC BEVERAGES,FAIRFAX RD & S WALNUT ST PIKE,0,0
2004,12,5,Weekday,800,2-Car,Non-incapacitating,DISREGARD SIGNAL/REG SIGN,KINSER & SR45 SR46 BYPASS,0,0
2004,11,4,Weekday,1900,2-Car,No injury/unknown,IMPROPER PASSING,45 46 BYPASS & EASTGATE LN,0,0
2004,11,1,Weekend,800,2-Car,No injury/unknown,OTHER (DRIVER) - EXPLAIN IN NARRATIVE,E 10TH PARKING LOT & H BLDG,0,0
2004,11,6,Weekday,1100,2-Car,No injury/unknown,IMPROPER TURNING,LARDMARK AVE,0,0
2004,12,4,Weekday,700,1-Car,No injury/unknown,SPEED TOO FAST FOR WEATHER CONDITIONS,GOURLEY & W 17TH ST,0,0
2004,12,3,Weekday,1000,2-Car,No injury/unknown,UNSAFE SPEED,SAMS CLUB,0,0
2004,10,7,Weekend,1800,3+ Cars,Non-incapacitating,FOLLOWING TOO CLOSELY,10TH & 45 46 BYP,0,0
2004,11,2,Weekday,1100,2-Car,No injury/unknown,FOLLOWING TOO CLOSELY,MILTON & TAPP RD,0,0
2004,11,5,Weekday,900,2-Car,No injury/unknown,OTHER (DRIVER) - EXPLAIN IN NARRATIVE,4646 BY PASS & BEST BUY WEST,0,0
2004,11,6,Weekday,1400,2-Car,No injury/unknown,OTHER (DRIVER) - EXPLAIN IN NARRATIVE,20TH & VARSITY LN,0,0
2004,7,7,Weekend,1300,2-Car,Non-incapacitating,FOLLOWING TOO CLOSELY,CUTRIGHT & SR446,0,0
2004,11,7,Weekend,1400,1-Car,Non-incapacitating,OTHER (DRIVER) - EXPLAIN IN NARRATIVE,HARRORDBURG EXIT & SR37,0,0
2004,9,4,Weekday,600,2-Car,Non-incapacitating,ANIMAL/OBJECT IN ROADWAY,ROBINSON & SR37,0,0
2004,11,5,Weekday,300,1-Car,No injury/unknown,ANIMAL/OBJECT IN ROADWAY,BOTTOM & SR374,0,0
2004,9,7,Weekend,1500,1-Car,No injury/unknown,UNSAFE SPEED,CEDAR BLUFF & OLD SR 37,0,0
2004,9,3,Weekday,1000,2-Car,No injury/unknown,OTHER (DRIVER) - EXPLAIN IN NARRATIVE,BLOOMINGTON & LIBERTY DR,0,0
2004,10,1,Weekend,600,2-Car,Non-incapacitating,OTHER (DRIVER) - EXPLAIN IN NARRATIVE,KOONER & ROCKPORT,0,0
2004,10,4,Weekday,1600,2-Car,No injury/unknown,FAILURE TO YIELD RIGHT OF WAY,DANIELSWAY,0,0
2004,10,6,Weekday,1500,1-Car,No injury/unknown,UNSAFE SPEED,LEONARD SPRINGS & OLD LEARONARD SPRINGS,0,0
2004,6,4,Weekday,1300,1-Car,Non-incapacitating,OVERCORRECTING/OVERSTEERING,BOLTINGHOUSE RD & LENTZ,0,0
2004,8,4,Weekday,1600,2-Car,No injury/unknown,FOLLOWING TOO CLOSELY,HENDRECK & SR46,0,0
2004,8,3,Weekday,1800,2-Car,No injury/unknown,LEFT OF CENTER,HOADLEY & STINESVILLE,0,0
2004,6,3,Weekday,1600,Moped/Motorcycle,Non-incapacitating,ALCOHOLIC BEVERAGES,SR45,0,0
2004,6,4,Weekday,1600,1-Car,No injury/unknown,OTHER (DRIVER) - EXPLAIN IN NARRATIVE,HEDRICK & SR46,0,0
2004,6,1,Weekend,400,1-Car,Non-incapacitating,,ANDERSON & SR37,0,0
2004,7,5,Weekday,2000,1-Car,Non-incapacitating,UNSAFE SPEED,DERRETT & NORTH SHORE,0,0
2004,7,7,Weekend,2200,1-Car,Non-incapacitating,SPEED TOO FAST FOR WEATHER CONDITIONS,DARRETT RD & NORTH SHORE,0,0
2004,7,7,Weekend,400,1-Car,No injury/unknown,RAN OFF ROAD RIGHT,OLD MEYERS & SR 37,0,0
2004,7,6,Weekday,1300,1-Car,Non-incapacitating,ROADWAY SURFACE CONDITION,HARTEDSBURG EXIT & SR37,0,0
2004,10,4,Weekday,300,1-Car,No injury/unknown,UNSAFE SPEED,HARDEN RIDGE & SR446,0,0
2004,8,1,Weekday,2100,1-Car,No injury/unknown,RAN OFF ROAD RIGHT,CHAPEL HILL & STEWART RD,0,0
2004,10,1,Weekend,800,1-Car,No injury/unknown,UNSAFE SPEED,BREED & SR45,0,0
2004,12,1,Weekend,900,3+ Cars,No injury/unknown,SPEED TOO FAST FOR WEATHER CONDITIONS,BETHEL LN & OLD,0,0
2004,12,2,Weekday,500,1-Car,Non-incapacitating,ANIMAL/OBJECT IN ROADWAY,OLD & ROBINSON RD,0,0
2004,12,5,Weekday,1400,1-Car,No injury/unknown,RAN OFF ROAD RIGHT,HEDRICK & SR46,0,0
2004,12,6,Weekday,1000,2-Car,No injury/unknown,ROADWAY SURFACE CONDITION,MENARDS PARKING LOT,0,0
2004,12,2,Weekday,1400,2-Car,No injury/unknown,LEFT OF CENTER,BELLVISTA & STRAW RIDGE RD,0,0
2004,12,2,Weekday,600,2-Car,No injury/unknown,OTHER (DRIVER) - EXPLAIN IN NARRATIVE,COOK PARKING LOT,0,0
2004,11,7,Weekend,1800,2-Car,Non-incapacitating,ALCOHOLIC BEVERAGES,3RD ST & PROFILE,0,0
2004,12,4,Weekday,800,2-Car,No injury/unknown,ROADWAY SURFACE CONDITION,GREENE COUNTY LINE & SR45,0,0
2004,1,7,Weekend,1400,2-Car,No injury/unknown,UNSAFE BACKING,ALPHA TAU OMEGA & FESS,0,0
2004,2,6,Weekend,2000,2-Car,No injury/unknown,TIRE FAILURE OR DEFECTIVE,SOUTH WALNUT & SR37S,0,0
2004,3,4,Weekday,1300,2-Car,No injury/unknown,FAILURE TO YIELD RIGHT OF WAY,BALFOUR & SR46E,0,0
2004,3,6,Weekend,2000,2-Car,No injury/unknown,FAILURE TO YIELD RIGHT OF WAY,FLOYD & SR45N,0,0
2004,3,6,Weekday,1400,1-Car,No injury/unknown,SPEED TOO FAST FOR WEATHER CONDITIONS,BROWN COUNTY LINE & SR46E,0,0
2004,4,6,Weekday,1200,2-Car,No injury/unknown,FOLLOWING TOO CLOSELY,W 3RD ST & WHITEHALL CROSSING,0,0
2004,5,6,Weekday,1500,2-Car,Non-incapacitating,DISREGARD SIGNAL/REG SIGN,ANNE AVE & ASHLEY,0,0
2004,6,5,Weekday,1000,2-Car,No injury/unknown,FAILURE TO YIELD RIGHT OF WAY,SALES & SR46E,0,0
2004,9,5,Weekday,700,2-Car,No injury/unknown,FOLLOWING TOO CLOSELY,SR37N & SR37S,0,0
2004,10,3,Weekday,800,3+ Cars,No injury/unknown,LEFT OF CENTER,ANNE & STRAIN RIDGE RD,0,0
2004,11,4,Weekday,1400,2-Car,No injury/unknown,LEFT OF CENTER,COUNTY LINE & SOUTH SHORE DR,0,0
2004,11,4,Weekday,2100,1-Car,No injury/unknown,ANIMAL/OBJECT IN ROADWAY,SR37S & WINERY,0,0
2004,11,6,Weekend,2000,2-Car,No injury/unknown,OTHER (DRIVER) - EXPLAIN IN NARRATIVE,SR37N,0,0
2003,12,5,Weekday,1500,1-Car,Non-incapacitating,RAN OFF ROAD RIGHT,MOON RD & TEXAS RIDGE,39.340656,-86.65152
2003,6,2,Weekday,2100,2-Car,No injury/unknown,OTHER (ENVIRONMENTAL) - EXPLAIN IN NARR,BURMA & WAMPLER,39.339296,-86.54936
2003,2,6,Weekday,1600,1-Car,Non-incapacitating,UNSAFE SPEED,BURMA RD & BUSKICK,39.339104,-86.540544
2003,1,5,Weekday,2000,1-Car,No injury/unknown,ROAD UNDER CONSTRUCTION,BURMA RD & MT PLEASANT,39.339104,-86.540544
2003,5,4,Weekday,1600,Moped/Motorcycle,Non-incapacitating,ROADWAY SURFACE CONDITION,LIBERTY HOLLOW & WAMPLER RD,39.33516245,-86.60665278
2003,11,3,Weekday,1700,2-Car,No injury/unknown,OTHER (DRIVER) - EXPLAIN IN NARRATIVE,3RD & LIBERTY DR,39.335152,-86.607008
2003,11,3,Weekday,800,2-Car,No injury/unknown,PASSENGER DISTRACTION,3RD ST & LIBERTY,39.335152,-86.607008
2003,1,6,Weekday,1500,2-Car,No injury/unknown,FOLLOWING TOO CLOSELY,3RD ST & LIBERTY,39.335152,-86.607008
2003,1,6,Weekday,1100,1-Car,No injury/unknown,,3RD & LIBERTY DR,39.335152,-86.607008
2003,12,6,Weekday,1600,2-Car,No injury/unknown,IMPROPER TURNING,3RD ST & LIBERTY,39.335152,-86.607008
2003,9,6,Weekend,2100,1-Car,No injury/unknown,ANIMAL/OBJECT IN ROADWAY,BRYANTS CREEK RD & SR37,39.334368,-86.5124
2003,8,6,Weekday,1100,1-Car,No injury/unknown,ANIMAL/OBJECT IN ROADWAY,BRYANTS CREEK & SR 37,39.33204518,-86.51427937
2003,2,5,Weekday,700,1-Car,Non-incapacitating,ROADWAY SURFACE CONDITION,BRYANTS CREEK & SR37,39.33077232,-86.51494274
2003,6,1,Weekend,1200,1-Car,Non-incapacitating,JACKKNIFING,BURMA & SR37,39.32545719,-86.51317711
2003,2,6,Weekday,1100,2-Car,No injury/unknown,FAILURE TO YIELD RIGHT OF WAY,2ND & LANDMARK AVE,39.32257038,-86.5562826
2003,2,2,Weekday,700,1-Car,No injury/unknown,ROADWAY SURFACE CONDITION,BRYANTS CREEK & SR37,39.32159792,-86.51255542
2003,7,5,Weekday,1200,1-Car,No injury/unknown,ANIMAL/OBJECT IN ROADWAY,BURMA & SR 37,39.32030306,-86.51078863
2003,2,5,Weekday,2300,1-Car,Non-incapacitating,OTHER (DRIVER) - EXPLAIN IN NARRATIVE,BURMA & SR37,39.31998546,-86.51071792
2003,2,5,Weekday,2200,1-Car,No injury/unknown,ROADWAY SURFACE CONDITION,BURMA & SR37,39.31998546,-86.51071792
2003,2,5,Weekday,2000,1-Car,No injury/unknown,RAN OFF ROAD LEFT,BURMA & SR37,39.31967982,-86.51067426
2003,8,3,Weekday,1500,Bus,No injury/unknown,LEFT OF CENTER,BOTTOM & PRATHER RD,39.308592,-86.602176
2003,7,2,Weekday,1400,2-Car,Non-incapacitating,OTHER (DRIVER) - EXPLAIN IN NARRATIVE,SR37 & SYLVAN,39.308496,-86.515072
2003,7,2,Weekday,1200,2-Car,No injury/unknown,LEFT OF CENTER,FARR RD & LEWIS,39.30681659,-86.46297466