Year,Month,Day,Weekend?,Hour,Collision Type,Injury Type,Primary Factor,Reported_Location,Latitude,Longitude
2003,3,3,Weekday,2200,1-Car,No injury/unknown,UNSAFE SPEED,MT TABOR & TABOR HILL,39.30584,-86.631008
2003,6,1,Weekday,1900,1-Car,Non-incapacitating,FAILURE TO YIELD RIGHT OF WAY,CHAMBERS & SR37,39.30432,-86.5168
2003,2,5,Weekday,2000,3+ Cars,Non-incapacitating,UNSAFE SPEED,CROSS OVER & SR 37,39.30432,-86.5168
2003,8,5,Weekday,1300,2-Car,No injury/unknown,FAILURE TO YIELD RIGHT OF WAY,CHAMBERS & SR37,39.30432,-86.5168
2003,1,6,Weekday,1700,2-Car,Non-incapacitating,LEFT OF CENTER,CHAMBERS & SR37,39.30032469,-86.51809217
2003,3,7,Weekend,1100,1-Car,Non-incapacitating,PEDESTRIAN ACTION,NORTH & RAILROAD ST,39.29948898,-86.65179886
2003,7,3,Weekday,1200,2-Car,Non-incapacitating,ROADWAY SURFACE CONDITION,MAIN & STINESVILLE RD,39.29903942,-86.65389977
2003,6,6,Weekday,1800,1-Car,No injury/unknown,BRAKE FAILURE OR DEFECTIVE,MAIN & STINESVILLE RD,39.298944,-86.6532
2003,2,5,Weekday,2000,3+ Cars,Non-incapacitating,,CROSSOVER & SR 37,39.29872384,-86.51702267
2003,6,6,Weekend,2100,1-Car,No injury/unknown,,MT CARMEL & STINESVILLE,39.296144,-86.659296
2003,11,6,Weekend,1900,2-Car,Non-incapacitating,LEFT OF CENTER,MT CARMEL & STINESVILLE RD,39.296144,-86.659296
2003,12,4,Weekday,1300,1-Car,Non-incapacitating,RAN OFF ROAD RIGHT,MT TABOR RD & WALKER,39.29584,-86.626304
2003,1,2,Weekday,1900,1-Car,No injury/unknown,RAN OFF ROAD LEFT,FOX HOLLOW & SR37,39.29042184,-86.51795546
2003,4,7,Weekend,0,1-Car,Incapacitating,OTHER (DRIVER) - EXPLAIN IN NARRATIVE,FOX HOLLOW & SR37,39.29036831,-86.51797129
2003,1,3,Weekday,600,1-Car,No injury/unknown,,BOTTOM RD,39.29034213,-86.56461075
2003,6,5,Weekday,1200,2-Car,No injury/unknown,OTHER (ENVIRONMENTAL) - EXPLAIN IN NARR,US37,39.28844,-86.518728
2003,2,1,Weekend,1100,1-Car,No injury/unknown,,FOX HOLLOW & SR37,39.287808,-86.519024
2003,11,1,Weekend,600,1-Car,No injury/unknown,ANIMAL/OBJECT IN ROADWAY,FOX HOLLOW & SR37,39.28771986,-86.51908188
2003,1,2,Weekday,1300,1-Car,No injury/unknown,OTHER (DRIVER) - EXPLAIN IN NARRATIVE,ANDERSON RD & FARR,39.28696242,-86.43310883
2003,10,7,Weekend,200,1-Car,No injury/unknown,ANIMAL/OBJECT IN ROADWAY,LEE PAUL & SR 37,39.2849,-86.520899
2003,10,2,Weekday,1900,1-Car,Non-incapacitating,NONE (DRIVER),SR37 & VENAL,39.2831566,-86.5609886
2003,6,2,Weekday,1400,3+ Cars,Non-incapacitating,INSECURE/LEAKY LOAD,CROSSOVER & SR37,39.28280571,-86.51702267
2003,2,6,Weekday,800,2-Car,Non-incapacitating,FAILURE TO YIELD RIGHT OF WAY,SIMPSON CHAPEL & SR37,39.280496,-86.522864
2003,11,1,Weekend,800,1-Car,No injury/unknown,OTHER (DRIVER) - EXPLAIN IN NARRATIVE,SR37 & WILLIAMS,39.28040426,-86.52289618
2003,11,2,Weekday,1800,2-Car,No injury/unknown,FOLLOWING TOO CLOSELY,SIMPSON CHAPEL & SR37,39.27995248,-86.52296494
2003,1,1,Weekday,2200,1-Car,No injury/unknown,ROADWAY SURFACE CONDITION,SR46 & STINESVILLE,39.27793162,-86.67753474
2003,2,5,Weekday,2100,1-Car,No injury/unknown,ROADWAY SURFACE CONDITION,BARR & MT TABOR RD,39.27397496,-86.62167341
2003,2,7,Weekend,300,1-Car,No injury/unknown,ALCOHOLIC BEVERAGES,NORTON & S FAIRFAX RD,39.27324484,-86.516094
2003,9,1,Weekend,1600,2-Car,No injury/unknown,VIEW OBSTRUCTED,SR 37 & WINERY,39.273203,-86.522894
2003,3,1,Weekend,1300,2-Car,No injury/unknown,TOW HITCH FAILURE,ANDERSON & NORTH SHORE,39.272208,-86.41408
2003,2,3,Weekday,1200,2-Car,No injury/unknown,OTHER (ENVIRONMENTAL) - EXPLAIN IN NARR,SR37,39.26891991,-86.52287428
2003,5,6,Weekday,1300,1-Car,No injury/unknown,BRAKE FAILURE OR DEFECTIVE,SR37,39.26891991,-86.52287428
2003,6,1,Weekend,300,1-Car,Non-incapacitating,ALCOHOLIC BEVERAGES,CONNAUGHT & SR37,39.26891991,-86.52287428
2003,4,2,Weekday,900,2-Car,Non-incapacitating,FOLLOWING TOO CLOSELY,SR39,39.26891991,-86.52287428
2003,9,6,Weekend,2100,1-Car,No injury/unknown,ROADWAY SURFACE CONDITION,SR37,39.26891991,-86.52287428
2003,5,6,Weekday,1300,1-Car,No injury/unknown,OTHER (DRIVER) - EXPLAIN IN NARRATIVE,SAMPLE & SR37,39.26890386,-86.52287356
2003,6,6,Weekday,1500,1-Car,No injury/unknown,RAN OFF ROAD RIGHT,SR46 & STINESVILLE,39.26884742,-86.66789437
2003,8,6,Weekday,600,2-Car,No injury/unknown,OTHER (ENVIRONMENTAL) - EXPLAIN IN NARR,SAMPLE & SR37,39.26753193,-86.52281278
2003,12,5,Weekday,2300,1-Car,Non-incapacitating,RAN OFF ROAD RIGHT,SAMPLE RD & SR37,39.26669264,-86.527584
2003,8,4,Weekday,1500,2-Car,Non-incapacitating,OTHER (VEHICLE) - EXPLAIN IN NARRATIVE,COWDEB & MT TABOR RD,39.26665509,-86.6207186
2003,5,6,Weekday,0,1-Car,No injury/unknown,ALCOHOLIC BEVERAGES,SR 37 & W SAMPLE,39.26616,-86.522752
2003,11,2,Weekday,2200,1-Car,No injury/unknown,ANIMAL/OBJECT IN ROADWAY,SAMPLE & SR37,39.26616,-86.522752
2003,7,4,Weekday,1400,2-Car,No injury/unknown,FAILURE TO YIELD RIGHT OF WAY,SAMPLE & SR37,39.26616,-86.522752
2003,1,7,Weekend,900,1-Car,Non-incapacitating,UNSAFE SPEED,SAMPLE RD & SR37,39.26572937,-86.51939193
2003,1,6,Weekend,1900,2-Car,No injury/unknown,UNSAFE SPEED,SAMPLE & SR 37,39.26542028,-86.51874563
2003,11,5,Weekday,900,1-Car,No injury/unknown,RAN OFF ROAD RIGHT,FOUR LANE & SAMPLE RD,39.26486563,-86.51758594
2003,2,7,Weekend,1500,1-Car,Non-incapacitating,UNSAFE SPEED,SAMPLE & SR37,39.26478779,-86.52270299
2003,3,5,Weekday,1100,2-Car,No injury/unknown,FAILURE TO YIELD RIGHT OF WAY,SR46 & STINESVILLE,39.26455204,-86.66347545
2003,12,6,Weekend,2200,1-Car,No injury/unknown,RAN OFF ROAD LEFT,SR46 & STINESVILLE,39.26455204,-86.66347545
2003,12,5,Weekday,800,1-Car,Non-incapacitating,OTHER (DRIVER) - EXPLAIN IN NARRATIVE,OLD 37 & PAYNE,39.26389589,-86.499299
2003,2,5,Weekday,800,3+ Cars,No injury/unknown,FOLLOWING TOO CLOSELY,SR37 & WAYPORT,39.26384733,-86.5226694
2003,4,7,Weekend,300,1-Car,Non-incapacitating,OTHER (ENVIRONMENTAL) - EXPLAIN IN NARR,SR37,39.263024,-86.52264
2003,9,3,Weekday,1800,2-Car,Non-incapacitating,FAILURE TO YIELD RIGHT OF WAY,SR 37 & WAYPORT,39.263024,-86.52264
2003,4,3,Weekday,1300,2-Car,No injury/unknown,INSECURE/LEAKY LOAD,SR37 & WAYPORT,39.263024,-86.52264
2003,10,5,Weekday,1300,1-Car,No injury/unknown,ANIMAL/OBJECT IN ROADWAY,SR37,39.263024,-86.52264
2003,4,6,Weekday,600,2-Car,No injury/unknown,OTHER (DRIVER) - EXPLAIN IN NARRATIVE,WAYPORT,39.2627892,-86.5272033
2003,1,5,Weekday,900,2-Car,No injury/unknown,,SR37 & WAYPORT,39.26170076,-86.5227916
2003,3,7,Weekend,1800,1-Car,No injury/unknown,OVERCORRECTING/OVERSTEERING,DELAP RD & JAY STEWART,39.261099,-86.5831
2003,12,6,Weekday,300,1-Car,No injury/unknown,ROADWAY SURFACE CONDITION,SAMPLE & SR37,39.26076444,-86.52327102
2003,6,3,Weekday,1300,2-Car,No injury/unknown,FAILURE TO YIELD RIGHT OF WAY,SAMPLE RD & SR37,39.26065664,-86.51253442
2003,12,6,Weekday,900,1-Car,No injury/unknown,ROADWAY SURFACE CONDITION,SR37 & WAYPORT,39.26041189,-86.52349187
2003,1,5,Weekday,1600,2-Car,No injury/unknown,,CHAFFIN CHAPLE & SR46,39.259744,-86.657504
2003,7,6,Weekend,1900,2-Car,No injury/unknown,,CHAFIN CHAPEL & SR46,39.259744,-86.657504
2003,10,2,Weekday,1900,1-Car,No injury/unknown,UNSAFE SPEED,CHAFIN CHAPEL & RED HILL RD,39.259648,-86.634784
2003,8,6,Weekday,1500,2-Car,No injury/unknown,FOLLOWING TOO CLOSELY,SR37 & WAYPORT,39.25917644,-86.5242658
2003,7,6,Weekday,900,3+ Cars,No injury/unknown,PEDESTRIAN ACTION,BASSWOOD & SR45,39.25819334,-86.57287313
2003,2,4,Weekday,2100,1-Car,No injury/unknown,RAN OFF ROAD RIGHT,RED HILL & SR46,39.2559043,-86.65560931
2003,3,6,Weekday,1400,2-Car,No injury/unknown,UNSAFE BACKING,HENDERSON & MILLER,39.255568,-86.469632
2003,9,3,Weekday,2200,1-Car,No injury/unknown,ALCOHOLIC BEVERAGES,MILLER DR,39.255568,-86.469632
2003,12,5,Weekday,700,2-Car,Non-incapacitating,ROADWAY SURFACE CONDITION,CROSSOVER RD & DITTEMORE,39.25555816,-86.518999
2003,11,5,Weekday,800,2-Car,No injury/unknown,FAILURE TO YIELD RIGHT OF WAY,FLATWOODS & SR46,39.25373057,-86.65453679
2003,2,6,Weekday,1700,2-Car,No injury/unknown,FAILURE TO YIELD RIGHT OF WAY,COWDEN & MTTABOR RD,39.253703,-86.6206
2003,4,1,Weekend,1000,2-Car,No injury/unknown,OTHER (DRIVER) - EXPLAIN IN NARRATIVE,FLATWOODS & SR46,39.252448,-86.653904
2003,11,1,Weekend,1700,1-Car,Non-incapacitating,UNSAFE SPEED,DELAP & MT TABOR,39.252336,-86.620512
2003,1,3,Weekday,1700,1-Car,Non-incapacitating,OTHER (DRIVER) - EXPLAIN IN NARRATIVE,DELAP RD & UNIONVALLEY,39.251904,-86.592816
2003,1,5,Weekday,1500,1-Car,Non-incapacitating,RAN OFF ROAD LEFT,DELAP & UNION,39.251904,-86.592816
2003,8,6,Weekday,1400,2-Car,Non-incapacitating,FAILURE TO YIELD RIGHT OF WAY,SR37 & WYLIE,39.251648,-86.529056
2003,12,6,Weekday,1600,1-Car,No injury/unknown,,OLD & WYLIE RD,39.251648,-86.529056
2003,5,6,Weekday,1700,2-Car,No injury/unknown,UNSAFE BACKING,WOODLAWN & WYLLE ST,39.251616,-86.524208
2003,8,1,Weekend,0,1-Car,No injury/unknown,OTHER (DRIVER) - EXPLAIN IN NARRATIVE,SHORE DR & SHUFFLE CREEK,39.251568,-86.39904171
2003,8,3,Weekday,600,1-Car,Non-incapacitating,RAN OFF ROAD RIGHT,OLDSR37 & ROBINSON RD,39.25144,-86.464264
2003,10,7,Weekend,1000,1-Car,No injury/unknown,UNSAFE SPEED,COLLEGE & OLD SR 37,39.251296,-86.500832
2003,11,6,Weekday,1800,2-Car,Non-incapacitating,FAILURE TO YIELD RIGHT OF WAY,SR46,39.2512,-86.652504
2003,9,4,Weekday,1900,2-Car,Non-incapacitating,FOLLOWING TOO CLOSELY,SR46,39.2512,-86.652504
2003,9,1,Weekend,1600,2-Car,No injury/unknown,VIEW OBSTRUCTED,SR46,39.2512,-86.652504
2003,3,1,Weekend,100,1-Car,Non-incapacitating,RAN OFF ROAD RIGHT,MILLER & ROBINSON RD,39.25104551,-86.46954921
2003,2,4,Weekday,1800,2-Car,No injury/unknown,FOLLOWING TOO CLOSELY,ROBINSON RD & TUNNEL,39.25103151,-86.46907625
2003,5,6,Weekday,1800,2-Car,No injury/unknown,IMPROPER TURNING,UNION VALLEY RD,39.250976,-86.592808
2003,11,3,Weekday,1700,2-Car,No injury/unknown,HEADLIGHT DEFECTIVE OR NOT ON,SR 37 & WALNUT  SPRINGS,39.250688,-86.529744
2003,10,2,Weekday,1300,2-Car,No injury/unknown,FAILURE TO YIELD RIGHT OF WAY,WALNUT,39.250688,-86.529744
2003,5,7,Weekend,1800,2-Car,Non-incapacitating,LEFT OF CENTER,N WALNUT & SR37,39.250688,-86.529744
2003,12,7,Weekend,1200,1-Car,No injury/unknown,RAN OFF ROAD RIGHT,HEADLEY & HINKLE,39.25012023,-86.513299
2003,11,3,Weekday,1700,2-Car,Non-incapacitating,UNSAFE BACKING,MEADOW WOODS & UNION VALLEY RD,39.250048,-86.5928
2003,12,7,Weekend,2000,2-Car,No injury/unknown,OTHER (DRIVER) - EXPLAIN IN NARRATIVE,MATHEWS RD & MT TABOR,39.250048,-86.621664
2003,9,4,Weekday,1800,3+ Cars,No injury/unknown,OTHER (DRIVER) - EXPLAIN IN NARRATIVE,GRIFFITH CEMETERY & SR37,39.2487839,-86.53145486
2003,2,5,Weekday,800,1-Car,No injury/unknown,UNSAFE SPEED,SR37 & WALNUT,39.24867569,-86.53124902
2003,11,5,Weekday,2100,1-Car,Non-incapacitating,ANIMAL/OBJECT IN ROADWAY,SHILO & TUNNEL RD,39.24802444,-86.42937951
2003,10,6,Weekday,1500,2-Car,No injury/unknown,FAILURE TO YIELD RIGHT OF WAY,ELLIS & SR37,39.24646505,-86.53257501
2003,4,4,Weekday,1200,2-Car,Non-incapacitating,FAILURE TO YIELD RIGHT OF WAY,ELLIS & SR37,39.24646505,-86.53257501
2003,7,7,Weekend,900,2-Car,No injury/unknown,UNSAFE BACKING,10TH & ELOTL,39.245952,-86.52984905
2003,2,6,Weekday,1100,2-Car,No injury/unknown,OTHER (DRIVER) - EXPLAIN IN NARRATIVE,SR46,39.24584956,-86.63886541
2003,12,7,Weekend,2200,1-Car,No injury/unknown,,MILLER & ROBINSON RD,39.24584234,-86.45423359
2003,6,2,Weekday,1700,3+ Cars,Non-incapacitating,,MAPLE GROVE & MATTHEWS DR,39.245408,-86.6204
2003,3,3,Weekday,1500,2-Car,Non-incapacitating,FAILURE TO YIELD RIGHT OF WAY,MAPLE & MATTHEWS DR,39.245408,-86.6204
2003,8,4,Weekday,800,2-Car,Non-incapacitating,DISREGARD SIGNAL/REG SIGN,MAPLE GROVE & MATTHEWS,39.245408,-86.6204
2003,9,3,Weekday,1500,2-Car,No injury/unknown,FAILURE TO YIELD RIGHT OF WAY,MAPLE GROVE & MATTHEWS DR,39.245408,-86.6204
2003,3,2,Weekday,1100,2-Car,No injury/unknown,FAILURE TO YIELD RIGHT OF WAY,MAPLE GROVE & MATTHEWS RD,39.245408,-86.6204
2003,8,6,Weekday,1100,2-Car,No injury/unknown,FAILURE TO YIELD RIGHT OF WAY,MAPLE GROVE & MATTHEWS ST,39.245408,-86.6204
2003,9,6,Weekday,1700,2-Car,Non-incapacitating,FAILURE TO YIELD RIGHT OF WAY,MAPLE GROVE & MATTEWS DR,39.245408,-86.6204
2003,10,4,Weekday,700,2-Car,Non-incapacitating,FAILURE TO YIELD RIGHT OF WAY,MAPLE GROVE & MATTHEWS DR,39.245408,-86.6204
2003,6,1,Weekend,1200,1-Car,No injury/unknown,OTHER (ENVIRONMENTAL) - EXPLAIN IN NARR,MAPLE GROVE RD & MATTHEWS,39.2454062,-86.62036457
2003,8,6,Weekday,1400,2-Car,No injury/unknown,UNSAFE SPEED,HAIRTSRAIGHT & SR 46,39.24477458,-86.63481744
2003,7,3,Weekday,1500,2-Car,No injury/unknown,IMPROPER PASSING,BRIARGABE & SR46,39.24477458,-86.6348417
2003,2,7,Weekend,1600,2-Car,No injury/unknown,ROADWAY SURFACE CONDITION,BRIARGATE & SR46,39.24477458,-86.63486942
2003,1,6,Weekday,1800,1-Car,No injury/unknown,ROADWAY SURFACE CONDITION,MAPLEGROVE & UNION VALLEY,39.244752,-86.5928
2003,1,6,Weekday,1800,1-Car,No injury/unknown,ROADWAY SURFACE CONDITION,MAPLEGROVE & UNION VALLEY,39.244752,-86.5928
2003,8,3,Weekday,1500,Bus,No injury/unknown,FAILURE TO YIELD RIGHT OF WAY,JUDY & SR 46,39.24424,-86.6344
2003,1,5,Weekday,1600,2-Car,No injury/unknown,,MAPLE GROVE & MATTHEWS DR,39.24329095,-86.62119832
2003,5,4,Weekday,1400,2-Car,No injury/unknown,UNSAFE BACKING,UITS,39.242512,-86.439632
2003,7,5,Weekday,1000,2-Car,No injury/unknown,IMPROPER TURNING,RIDGE WOOD & SR46,39.24104,-86.632096
2003,12,4,Weekday,1000,1-Car,Non-incapacitating,RAN OFF ROAD LEFT,BEAN BLOSSOM & BLOCK ANDERSON RD,39.240656,-86.440464
2003,1,6,Weekday,800,1-Car,No injury/unknown,UNSAFE SPEED,RICHARSON & SR 45,39.23984,-86.387696
2003,2,4,Weekday,1100,1-Car,Non-incapacitating,ALCOHOLIC BEVERAGES,SHUFFLE CREEK RD & SR45,39.23847601,-86.408427
2003,12,6,Weekday,700,1-Car,No injury/unknown,SPEED TOO FAST FOR WEATHER CONDITIONS,MATTHEWS DR & MCNEELEY,39.23821418,-86.62385816
2003,11,2,Weekday,2200,1-Car,No injury/unknown,RAN OFF ROAD LEFT,BRUCE & SR45,39.23777705,-86.3750827
2003,6,7,Weekend,1200,2-Car,No injury/unknown,FAILURE TO YIELD RIGHT OF WAY,INDIANA AVE,39.237768,-86.629224
2003,3,2,Weekday,1800,1-Car,No injury/unknown,,CEDAR & POPLAR DR,39.2376167,-86.63158949
2003,9,4,Weekday,1800,1-Car,No injury/unknown,UNSAFE SPEED,MAPLE GROVE & MAPLE GRV,39.237488,-86.57
2003,6,2,Weekday,2200,1-Car,Non-incapacitating,,MC NEELY & UNION VALLEY,39.23744,-86.592752
2003,12,7,Weekend,300,1-Car,Non-incapacitating,RAN OFF ROAD LEFT,MC NEELY & UNION VALLEY RD,39.23744,-86.592752
2003,10,7,Weekend,0,2-Car,No injury/unknown,LEFT OF CENTER,CONSTABLE & MAIN ST,39.23726593,-86.62770689
2003,4,2,Weekday,700,2-Car,No injury/unknown,,POPLAR & POPLAR DR,39.237248,-86.629296
2003,10,3,Weekday,700,Bus,No injury/unknown,IMPROPER PASSING,EDGEWOOD DR & POPLAR,39.237152,-86.6304
2003,6,5,Weekday,500,1-Car,Non-incapacitating,RAN OFF ROAD LEFT,MEL CURRY RD & SR 37,39.236999,-86.50349591
2003,2,3,Weekday,1500,3+ Cars,Non-incapacitating,LEFT OF CENTER,EDGEWOOD & SR46,39.236288,-86.628336
2003,11,7,Weekend,900,1-Car,No injury/unknown,NONE (DRIVER),EDGEWOOD & EDGEWOOD DR,39.23612201,-86.62901273
2003,12,6,Weekday,700,2-Car,No injury/unknown,DISREGARD SIGNAL/REG SIGN,ASSOCIATION & EDGEWOOD DR,39.235952,-86.629696
2003,6,5,Weekday,1100,2-Car,No injury/unknown,FAILURE TO YIELD RIGHT OF WAY,CHANDLER DR & LANGLEY,39.234976,-86.61536
2003,10,7,Weekend,0,2-Car,No injury/unknown,FAILURE TO YIELD RIGHT OF WAY,SALE & SR46,39.234944,-86.623392
2003,1,6,Weekday,1800,2-Car,No injury/unknown,FAILURE TO YIELD RIGHT OF WAY,MATHEWS & TEMPERANCE ST,39.234768,-86.626384
2003,10,3,Weekday,700,2-Car,No injury/unknown,OTHER (DRIVER) - EXPLAIN IN NARRATIVE,MATTHEWS & SR46,39.234768,-86.626384
2003,4,5,Weekday,1500,2-Car,No injury/unknown,FAILURE TO YIELD RIGHT OF WAY,MATHEWS & SR46,39.234768,-86.626384
2003,8,6,Weekday,1700,3+ Cars,No injury/unknown,,MATTHEWS & SR46,39.234768,-86.626384
2003,3,4,Weekday,800,2-Car,No injury/unknown,,LANGLEY & ROBIN DR,39.234496,-86.615424
2003,11,7,Weekend,2200,2-Car,No injury/unknown,LEFT OF CENTER,ENTRANCE TO ECONO LODGE & N WALNUT,39.234392,-86.54
2003,1,5,Weekday,700,1-Car,No injury/unknown,,SALE & VINE ST,39.234384,-86.624064
2003,11,4,Weekday,1500,1-Car,No injury/unknown,IMPROPER TURNING,SALE & VINE ST,39.234384,-86.624064
2003,1,5,Weekday,700,3+ Cars,No injury/unknown,,SALE ST & VINE,39.234384,-86.624064
2003,10,6,Weekday,1500,2-Car,No injury/unknown,FOLLOWING TOO CLOSELY,HAIRTSTRAIGHT & TEMPERANCE,39.23403394,-86.62519693
2003,12,6,Weekday,1000,2-Car,No injury/unknown,FAILURE TO YIELD RIGHT OF WAY,SALE & SR46,39.23398315,-86.62506784
2003,7,7,Weekend,1100,2-Car,No injury/unknown,FAILURE TO YIELD RIGHT OF WAY,SALE ST & TEMPERANCE,39.23389077,-86.62464428
2003,1,5,Weekday,1600,2-Car,No injury/unknown,FAILURE TO YIELD RIGHT OF WAY,SALE & TEMPERANCE ST,39.23384,-86.624704
2003,9,7,Weekend,2000,2-Car,No injury/unknown,FOLLOWING TOO CLOSELY,SALE & SR46,39.23384,-86.624704
2003,10,5,Weekday,1100,2-Car,No injury/unknown,UNSAFE BACKING,SALE ST & SR46,39.23384,-86.624704
2003,12,1,Weekday,1900,2-Car,No injury/unknown,IMPROPER TURNING,MAIN & SALE ST,39.23384,-86.624704
2003,11,7,Weekend,700,2-Car,No injury/unknown,NONE (ENVIRONMENTAL),SALE & SR46,39.23380346,-86.62465101
2003,12,4,Weekday,1000,1-Car,Non-incapacitating,ROADWAY SURFACE CONDITION,MURAT RD & TUNNEL,39.23323264,-86.43654662
2003,8,6,Weekday,1400,2-Car,No injury/unknown,FAILURE TO YIELD RIGHT OF WAY,ASSOCIATION & SALE ST,39.233056,-86.6256
2003,5,6,Weekday,1800,1-Car,Non-incapacitating,,ASSOCIATION & SALE ST,39.233056,-86.6256
2003,12,6,Weekday,1300,2-Car,No injury/unknown,FAILURE TO YIELD RIGHT OF WAY,MAIN ST & SR46,39.23290953,-86.62080365
2003,3,2,Weekday,,2-Car,No injury/unknown,IMPROPER TURNING,SALES ST & VINE,39.23274069,-86.624799
2003,12,2,Weekday,1300,2-Car,Non-incapacitating,DISREGARD SIGNAL/REG SIGN,SR45 & WALMART ENTRANCE,39.232688,-86.623056
2003,1,1,Weekend,900,1-Car,No injury/unknown,ROADWAY SURFACE CONDITION,SR 37 & SR46,39.232688,-86.623056
2003,12,6,Weekday,1700,1-Car,No injury/unknown,OVERCORRECTING/OVERSTEERING,CLOVER & MEADOWLANDS,39.23263733,-86.6111017
2003,4,7,Weekend,1300,1-Car,No injury/unknown,OTHER (DRIVER) - EXPLAIN IN NARRATIVE,FRITZ & N WALNUT,39.232544,-86.540704
2003,10,3,Weekday,0,2-Car,No injury/unknown,ALCOHOLIC BEVERAGES,WALNUT ST,39.232544,-86.540704
2003,6,2,Weekday,1700,2-Car,Non-incapacitating,FOLLOWING TOO CLOSELY,N WALNUT,39.232544,-86.540704
2003,6,2,Weekday,1500,2-Car,No injury/unknown,FAILURE TO YIELD RIGHT OF WAY,MAIN ST & SALE,39.23248,-86.620256
2003,3,2,Weekday,1700,2-Car,No injury/unknown,FOLLOWING TOO CLOSELY,RITTER & SALE ST,39.2320775,-86.62712267
2003,12,6,Weekday,1800,1-Car,No injury/unknown,OTHER (DRIVER) - EXPLAIN IN NARRATIVE,GILMORE & REEVES,39.23185717,-86.67152592
2003,12,7,Weekend,0,1-Car,Fatal,ALCOHOLIC BEVERAGES,FENCE LINE & GILMORE RD,39.231696,-86.67408
2003,8,1,Weekend,700,1-Car,No injury/unknown,RAN OFF ROAD RIGHT,GILMORE & REEVES RD,39.23164167,-86.67058614
2003,2,1,Weekend,,1-Car,No injury/unknown,OVERCORRECTING/OVERSTEERING,1ST & TEMPERANCE,39.23144,-86.621296
2003,11,6,Weekday,700,2-Car,No injury/unknown,OTHER (DRIVER) - EXPLAIN IN NARRATIVE,REEVES & SYCAMORE,39.231344,-86.640096
2003,11,6,Weekday,1400,2-Car,Non-incapacitating,FAILURE TO YIELD RIGHT OF WAY,EDGEWOOD,39.23129178,-86.63836831
2003,7,2,Weekday,1800,1-Car,No injury/unknown,ALCOHOLIC BEVERAGES,SHUFFLE CREEK RD & SR45,39.23126446,-86.41577243
2003,7,6,Weekday,1300,1-Car,Non-incapacitating,DRIVER ASLEEP OR FATIGUED,REEVES RD & THOMAS,39.23117884,-86.63186428
2003,6,7,Weekend,1500,1-Car,Non-incapacitating,OVERCORRECTING/OVERSTEERING,SHUFFLE CREEK & SR45,39.23100383,-86.41114958
2003,10,5,Weekday,1500,1-Car,Non-incapacitating,FAILURE TO YIELD RIGHT OF WAY,MT GILEAD & SR45,39.230752,-86.424096
2003,12,7,Weekend,1100,2-Car,Non-incapacitating,OTHER (DRIVER) - EXPLAIN IN NARRATIVE,MT GILEAD & SR45,39.230752,-86.424096
2003,7,3,Weekday,1800,1-Car,No injury/unknown,DRIVER ASLEEP OR FATIGUED,BOLTINGHOUSE & OLD MYERS,39.23024,-86.4732
2003,5,2,Weekday,1900,2-Car,No injury/unknown,UNSAFE BACKING,SR 45 & TUNNEL,39.230048,-86.4316
2003,7,7,Weekend,1000,2-Car,No injury/unknown,FAILURE TO YIELD RIGHT OF WAY,SR45 & TUNNEL,39.230048,-86.4316
2003,9,2,Weekday,0,3+ Cars,No injury/unknown,ALCOHOLIC BEVERAGES,RAUBS LN & SUSAN,39.23001567,-86.635728
2003,3,6,Weekday,1700,3+ Cars,No injury/unknown,FOLLOWING TOO CLOSELY,PAUL & SR46,39.229904,-86.619136
2003,4,7,Weekend,0,1-Car,No injury/unknown,ALCOHOLIC BEVERAGES,LITTLE HORSE & OLD MEYERS RD,39.22984,-86.502
2003,9,2,Weekday,1400,2-Car,No injury/unknown,LEFT OF CENTER,1ST & RITTER ST,39.22946514,-86.6236418
2003,9,3,Weekday,700,2-Car,No injury/unknown,FAILURE TO YIELD RIGHT OF WAY,1ST & RITTER,39.229424,-86.623584
2003,2,5,Weekday,900,2-Car,No injury/unknown,ROADWAY SURFACE CONDITION,3RD ST & PARKING LOT,39.228944,-86.627504
2003,12,2,Weekday,1600,2-Car,No injury/unknown,LEFT OF CENTER,SKIRVIN & SR 45,39.22877956,-86.43302702
2003,6,3,Weekday,2000,2-Car,No injury/unknown,OTHER (DRIVER) - EXPLAIN IN NARRATIVE,PARK ST & RITTER,39.227248,-86.6208
2003,2,2,Weekday,1300,1-Car,No injury/unknown,UNSAFE BACKING,3RD & HAWTHORNE,39.22715822,-86.520199
2003,3,1,Weekend,1200,Moped/Motorcycle,Non-incapacitating,RAN OFF ROAD RIGHT,SR46 & TEMPERANCE,39.22691127,-86.61497369
2003,11,7,Weekend,2100,2-Car,No injury/unknown,,LAW,39.22565054,-86.51218007
2003,2,3,Weekday,900,1-Car,No injury/unknown,ROADWAY SURFACE CONDITION,SKIRVIN & SR45,39.22529582,-86.43973274
2003,12,7,Weekend,2100,2-Car,No injury/unknown,ROADWAY SURFACE CONDITION,BASSWOOD DR & BLOOMFIELD,39.2239935,-86.569199
2003,9,1,Weekend,300,1-Car,No injury/unknown,RAN OFF ROAD RIGHT,TANGLE WOOD & UNION VALLEY,39.22346462,-86.59271426
2003,12,1,Weekend,1700,2-Car,No injury/unknown,OTHER (DRIVER) - EXPLAIN IN NARRATIVE,ALEXANDER & GATES DR,39.22297463,-86.576399