Year,Month,Day,Weekend?,Hour,Collision Type,Injury Type,Primary Factor,Reported_Location,Latitude,Longitude
2003,11,4,Weekday,700,1-Car,No injury/unknown,RAN OFF ROAD RIGHT,LOST MANS LN & UNION VALLEY,39.2228835,-86.59093005
2003,5,7,Weekend,1400,2-Car,No injury/unknown,FAILURE TO YIELD RIGHT OF WAY,TECUMSEH & THOMAS,39.222848,-86.63048
2003,1,7,Weekend,,1-Car,No injury/unknown,RAN OFF ROAD RIGHT,LOST MANS & UNION VLY,39.222848,-86.592704
2003,1,5,Weekday,1100,1-Car,Non-incapacitating,RAN OFF ROAD LEFT,LOSTMENS LN & UNION,39.222848,-86.592704
2003,10,4,Weekday,1900,2-Car,No injury/unknown,FAILURE TO YIELD RIGHT OF WAY,KINGER PARK,39.222752,-86.550096
2003,8,6,Weekday,1100,2-Car,No injury/unknown,OTHER (DRIVER) - EXPLAIN IN NARRATIVE,KINSER,39.222752,-86.550096
2003,8,7,Weekend,600,2-Car,No injury/unknown,IMPROPER TURNING,MARSH PARKING LOT & N KINSER,39.222752,-86.550096
2003,6,7,Weekend,1100,2-Car,No injury/unknown,IMPROPER TURNING,KINSER,39.222752,-86.550096
2003,1,5,Weekday,900,Bus,No injury/unknown,IMPROPER PASSING,GOURLEY PIKE & N KINSER PARK,39.222752,-86.550096
2003,7,2,Weekday,1700,2-Car,No injury/unknown,UNSAFE BACKING,KINSER PIKE,39.222752,-86.550096
2003,9,5,Weekday,1200,2-Car,No injury/unknown,FAILURE TO YIELD RIGHT OF WAY,LAKEVIEW & SR46,39.22248195,-86.60785955
2003,11,5,Weekday,700,1-Car,No injury/unknown,ANIMAL/OBJECT IN ROADWAY,KINSER & SR37,39.22148716,-86.5498257
2003,8,3,Weekday,1700,2-Car,No injury/unknown,CELL PHONE USAGE,LAKEVIEW & SR 46,39.22140127,-86.60602375
2003,1,4,Weekday,700,1-Car,No injury/unknown,,LAKEVIEW DR & SR46,39.2213556,-86.60556022
2003,4,2,Weekday,1300,1-Car,Non-incapacitating,DRIVER ILLNESS,COX & SR45,39.22132916,-86.44196632
2003,3,1,Weekend,1300,2-Car,No injury/unknown,,LAKEVIEW & SR 46 W,39.221152,-86.6056
2003,1,3,Weekday,1500,3+ Cars,No injury/unknown,ALCOHOLIC BEVERAGES,HWY46 & LAKEVIEW,39.221152,-86.6056
2003,10,6,Weekday,900,2-Car,Non-incapacitating,FAILURE TO YIELD RIGHT OF WAY,LAKEVIEW & SR46,39.221152,-86.6056
2003,6,4,Weekday,1200,2-Car,No injury/unknown,FAILURE TO YIELD RIGHT OF WAY,LAKEVIEW & SR46,39.221152,-86.6056
2003,3,6,Weekend,1900,2-Car,No injury/unknown,FAILURE TO YIELD RIGHT OF WAY,LAKEVIEW & SR 46,39.221152,-86.6056
2003,12,3,Weekday,1700,2-Car,No injury/unknown,FAILURE TO YIELD RIGHT OF WAY,LAKEVIEW & SR46,39.221152,-86.6056
2003,12,6,Weekday,900,2-Car,No injury/unknown,FOLLOWING TOO CLOSELY,LAKEVIEW & SR46,39.221152,-86.6056
2003,4,4,Weekday,600,1-Car,Non-incapacitating,LEFT OF CENTER,LAKEVIEW & SR46,39.221152,-86.6056
2003,6,5,Weekday,700,1-Car,Non-incapacitating,FAILURE TO YIELD RIGHT OF WAY,LAKEVIEW & SR46,39.221152,-86.6056
2003,11,3,Weekday,1100,1-Car,No injury/unknown,OVERCORRECTING/OVERSTEERING,HARBISON & HARTSTRAIGHT,39.22102221,-86.61229166
2003,10,6,Weekday,1700,2-Car,No injury/unknown,FAILURE TO YIELD RIGHT OF WAY,LAKEVIEW & SR 46,39.22096395,-86.60534143
2003,12,4,Weekday,300,1-Car,No injury/unknown,UNSAFE SPEED,HARBISON & HARTSTRAIGHT,39.22087558,-86.61218492
2003,6,7,Weekend,1600,1-Car,No injury/unknown,UNSAFE SPEED,COX & SR 45,39.220544,-86.442288
2003,2,5,Weekday,2000,2-Car,No injury/unknown,LEFT OF CENTER,COX & SR45,39.220544,-86.442288
2003,12,2,Weekday,1600,1-Car,Non-incapacitating,RAN OFF ROAD RIGHT,SR45 & VIKING RIDGE,39.21962125,-86.44329099
2003,6,6,Weekday,1400,1-Car,Non-incapacitating,DRIVER ASLEEP OR FATIGUED,SR45 & VIKING RIDGE,39.219552,-86.444592
2003,9,1,Weekend,900,2-Car,No injury/unknown,FAILURE TO YIELD RIGHT OF WAY,SR45S & VIKING,39.219552,-86.444592
2003,8,5,Weekday,1700,1-Car,No injury/unknown,OTHER (DRIVER) - EXPLAIN IN NARRATIVE,ACUFF & MAPLE GROVE,39.2189998,-86.56462799
2003,11,7,Weekend,100,1-Car,No injury/unknown,UNSAFE SPEED,EARL YOUNG & SR45,39.21849899,-86.45351639
2003,4,5,Weekday,1500,2-Car,No injury/unknown,FAILURE TO YIELD RIGHT OF WAY,HARVEST & UNION VALLEY RD,39.218101,-86.592699
2003,8,7,Weekend,1500,2-Car,Non-incapacitating,UNSAFE SPEED,SR46 & UNION VALLEY RD,39.21792943,-86.5927925
2003,8,3,Weekday,1800,2-Car,No injury/unknown,FAILURE TO YIELD RIGHT OF WAY,RIDGEWOOD & SR46,39.21787854,-86.60015183
2003,6,3,Weekday,1200,2-Car,No injury/unknown,,STADIUM DR,39.21634687,-86.47796449
2003,11,5,Weekday,1500,2-Car,No injury/unknown,FAILURE TO YIELD RIGHT OF WAY,SR46 & UNION VALLEY,39.2157331,-86.5928
2003,8,5,Weekday,2000,1-Car,No injury/unknown,,BAYLES RD & NORTHWOODS,39.21544001,-86.54243631
2003,10,3,Weekday,1500,1-Car,No injury/unknown,RAN OFF ROAD RIGHT,BETHEL LN & SR 37,39.2154,-86.52153926
2003,11,6,Weekday,1400,2-Car,No injury/unknown,OTHER (DRIVER) - EXPLAIN IN NARRATIVE,BETHEL LN & SR 37,39.2154,-86.52150465
2003,5,7,Weekend,1300,2-Car,Non-incapacitating,UNSAFE SPEED,SR46 & UNION VALLEY,39.21537271,-86.59344988
2003,6,4,Weekday,1300,2-Car,Non-incapacitating,LEFT OF CENTER,BETHEL LN & HINKLE,39.215312,-86.517776
2003,4,3,Weekday,1300,2-Car,No injury/unknown,FAILURE TO YIELD RIGHT OF WAY,SR46 & UNION VALLEY,39.21528928,-86.5928
2003,11,2,Weekday,800,2-Car,Non-incapacitating,OTHER (DRIVER) - EXPLAIN IN NARRATIVE,RATLIFF & THOMAS RD,39.2151862,-86.63043113
2003,1,4,Weekday,800,2-Car,No injury/unknown,,RATLIFF RD & THOMAS,39.2151862,-86.63043113
2003,7,1,Weekday,2200,2-Car,No injury/unknown,UNSAFE SPEED,SR 46 & UNION VALLEY,39.21516304,-86.59283249
2003,12,2,Weekday,1700,3+ Cars,No injury/unknown,DISREGARD SIGNAL/REG SIGN,SR46 & UNION VALLEY,39.215152,-86.5928
2003,9,6,Weekend,1900,2-Car,No injury/unknown,PRESCRIPTION DRUGS,SR46 & UNION VALLEY,39.215152,-86.5928
2003,9,6,Weekday,200,1-Car,No injury/unknown,RAN OFF ROAD RIGHT,DANIEL ST & OLCOTT,39.215152,-86.6
2003,1,4,Weekday,900,2-Car,No injury/unknown,ROADWAY SURFACE CONDITION,SR46 & UNION VALLEY,39.215152,-86.5928
2003,6,2,Weekday,1300,2-Car,No injury/unknown,FAILURE TO YIELD RIGHT OF WAY,SR46 & UNIONVALLEY RD,39.215152,-86.5928
2003,6,5,Weekday,1200,2-Car,No injury/unknown,,SR 46 & UNION VALLEY,39.215152,-86.5928
2003,11,7,Weekend,1100,2-Car,No injury/unknown,OTHER (DRIVER) - EXPLAIN IN NARRATIVE,SR46 & UNIONVALLEY,39.215152,-86.5928
2003,5,3,Weekday,1100,2-Car,No injury/unknown,UNSAFE BACKING,SR46W & UNION VALLEY,39.215152,-86.5928
2003,9,7,Weekend,1800,2-Car,No injury/unknown,OTHER (VEHICLE) - EXPLAIN IN NARRATIVE,SR46 & UNIONVALLEY,39.215152,-86.5928
2003,10,2,Weekday,1800,2-Car,No injury/unknown,UNSAFE BACKING,SR 46,39.215152,-86.5928
2003,1,5,Weekday,1000,2-Car,No injury/unknown,OTHER (DRIVER) - EXPLAIN IN NARRATIVE,SR46 W & UNIONVALLEY,39.215152,-86.5928
2003,9,3,Weekday,1600,2-Car,No injury/unknown,OTHER (DRIVER) - EXPLAIN IN NARRATIVE,SR46 & UNION VALLEY S RD,39.215152,-86.5928
2003,12,7,Weekend,1100,2-Car,No injury/unknown,FAILURE TO YIELD RIGHT OF WAY,SR46 & UNION VALLEY,39.215152,-86.5928
2003,1,2,Weekday,1500,2-Car,No injury/unknown,FAILURE TO YIELD RIGHT OF WAY,SR46 & UNION VALLEY,39.215152,-86.5928
2003,10,7,Weekend,2100,2-Car,Non-incapacitating,ALCOHOLIC BEVERAGES,SR46 & UNION VALLEY,39.2149609,-86.5925452
2003,7,3,Weekday,1500,2-Car,No injury/unknown,OTHER (DRIVER) - EXPLAIN IN NARRATIVE,ELLLIS & SR 37,39.21481025,-86.532899
2003,10,1,Weekend,600,1-Car,Non-incapacitating,PASSENGER DISTRACTION,BETHAL LN & ROBBS,39.214752,-86.468
2003,7,3,Weekday,1200,2-Car,No injury/unknown,FAILURE TO YIELD RIGHT OF WAY,ASHBROOK & RIDGEMOOR,39.21469488,-86.58667193
2003,5,7,Weekend,400,1-Car,No injury/unknown,RAN OFF ROAD RIGHT,BETHEL LN & SR45,39.21464408,-86.47775208
2003,9,6,Weekday,1700,2-Car,Non-incapacitating,LEFT OF CENTER,BENT PINE & SR45,39.21449976,-86.45610655
2003,10,6,Weekday,1400,2-Car,No injury/unknown,FOLLOWING TOO CLOSELY,SR46 & UNION VALLEY,39.21421419,-86.59150436
2003,6,2,Weekday,1500,2-Car,Non-incapacitating,FOLLOWING TOO CLOSELY,SR46 & UNION VALLEY,39.21421419,-86.59150436
2003,9,7,Weekend,700,2-Car,No injury/unknown,OTHER (DRIVER) - EXPLAIN IN NARRATIVE,ASHBROOK & DEER PARK DR,39.213952,-86.588
2003,2,2,Weekday,1500,2-Car,No injury/unknown,LEFT OF CENTER,BAUGH & BETHAL LN,39.212944,-86.486896
2003,10,3,Weekday,1800,3+ Cars,No injury/unknown,UNSAFE SPEED,BETHEL RD & HENKLE,39.212848,-86.505392
2003,10,5,Weekday,1200,2-Car,No injury/unknown,FAILURE TO YIELD RIGHT OF WAY,BETHAL LN & HINKLE,39.212848,-86.505392
2003,9,3,Weekday,600,1-Car,No injury/unknown,ANIMAL/OBJECT IN ROADWAY,ACUFF & SR37,39.21277291,-86.55376737
2003,7,3,Weekday,1300,1-Car,Non-incapacitating,UNSAFE SPEED,MAPLE GRV & REYNOLDS,39.212544,-86.5616
2003,6,4,Weekday,0,1-Car,Non-incapacitating,ROADWAY SURFACE CONDITION,BOLTENHOUSE & MYERS RD,39.212528,-86.496128
2003,7,7,Weekend,1300,2-Car,Non-incapacitating,,BETHEL & SR45,39.21225126,-86.46034226
2003,6,6,Weekday,600,2-Car,No injury/unknown,OTHER (DRIVER) - EXPLAIN IN NARRATIVE,FORREST PARK & SR 46,39.212048,-86.5872
2003,2,1,Weekend,200,2-Car,No injury/unknown,RAN OFF ROAD RIGHT,BROOKWOOD & RIDGE WAY,39.2117809,-86.59947918
2003,1,6,Weekday,1000,2-Car,No injury/unknown,UNSAFE BACKING,WALKER,39.21168,-86.559184
2003,4,1,Weekend,900,2-Car,No injury/unknown,RAN OFF ROAD RIGHT,WILLIS ARLINGTON VALLEY DR,39.21168,-86.559184
2003,10,3,Weekday,700,2-Car,Non-incapacitating,FOLLOWING TOO CLOSELY,SMITH & SR46,39.21134714,-86.58525838
2003,1,1,Weekend,700,1-Car,Non-incapacitating,RAN OFF ROAD RIGHT,RATLIFF RD & TROOPER,39.211104,-86.62055369
2003,7,1,Weekday,2100,1-Car,No injury/unknown,ANIMAL/OBJECT IN ROADWAY,ACUFF & SR 37,39.2109592,-86.55414215
2003,2,2,Weekday,800,1-Car,No injury/unknown,,ACUFF & SR37,39.21095107,-86.55414383
2003,2,3,Weekday,1600,2-Car,No injury/unknown,OTHER (DRIVER) - EXPLAIN IN NARRATIVE,AMARYILLIS,39.210544,-86.563296
2003,1,2,Weekday,1700,2-Car,No injury/unknown,OTHER (DRIVER) - EXPLAIN IN NARRATIVE,SMITH & SR46,39.21047499,-86.58376626
2003,6,7,Weekend,2200,Moped/Motorcycle,Incapacitating,ALCOHOLIC BEVERAGES,SMITH & SR46,39.2103095,-86.58348313
2003,5,6,Weekend,2000,2-Car,No injury/unknown,,SMITH PIKE & SR46,39.210144,-86.5832
2003,9,2,Weekday,700,2-Car,Non-incapacitating,IMPROPER TURNING,N SMITH PIKE & SR 46,39.210144,-86.5832
2003,10,4,Weekday,1700,2-Car,No injury/unknown,BRAKE FAILURE OR DEFECTIVE,SMITH & SR46,39.210144,-86.5832
2003,11,4,Weekday,1700,2-Car,No injury/unknown,UNSAFE SPEED,SMITH PIKE & SR46,39.210144,-86.5832
2003,12,7,Weekend,1400,2-Car,No injury/unknown,FAILURE TO YIELD RIGHT OF WAY,SMITH PIKE & SR46,39.21000673,-86.5832
2003,7,5,Weekday,2300,1-Car,No injury/unknown,ALCOHOLIC BEVERAGES,BETHEL & SR45,39.209952,-86.463392
2003,9,5,Weekday,1900,2-Car,No injury/unknown,FOLLOWING TOO CLOSELY,BETHAL & SR 45,39.209952,-86.463392
2003,4,5,Weekday,1600,2-Car,Non-incapacitating,FAILURE TO YIELD RIGHT OF WAY,BETHLE & SR45,39.209952,-86.463392
2003,3,5,Weekday,800,2-Car,No injury/unknown,FOLLOWING TOO CLOSELY,SMITH PIKE & SR46,39.20986945,-86.5832
2003,9,5,Weekday,800,2-Car,No injury/unknown,CELL PHONE USAGE,SHELBURNE & WINTERBERRY ST,39.2097,-86.57141099
2003,2,1,Weekday,2000,2-Car,No injury/unknown,,ACUFF & SR37,39.20959554,-86.55442392
2003,3,2,Weekday,900,2-Car,No injury/unknown,FOLLOWING TOO CLOSELY,SHELBURNE DR & SR46,39.209344,-86.5736
2003,12,6,Weekday,1300,1-Car,No injury/unknown,ROADWAY SURFACE CONDITION,BETHEL & SR45,39.20885461,-86.46333752
2003,2,7,Weekend,1100,1-Car,No injury/unknown,OTHER (DRIVER) - EXPLAIN IN NARRATIVE,FORREST PARK DR & WSR46,39.20885384,-86.59219467
2003,12,6,Weekday,1600,1-Car,No injury/unknown,,HARTSTRIGHT & WOODYARD RD,39.208544,-86.611504
2003,5,5,Weekday,700,2-Car,Non-incapacitating,FAILURE TO YIELD RIGHT OF WAY,HARTSTRAIGHT & WOODYARD,39.208544,-86.611504
2003,8,5,Weekday,1600,2-Car,No injury/unknown,FOLLOWING TOO CLOSELY,ACUFF & SR37,39.20851111,-86.55464799
2003,12,4,Weekday,1500,2-Car,Non-incapacitating,FAILURE TO YIELD RIGHT OF WAY,ACLIFF & SR37,39.20839016,-86.55361882
2003,12,2,Weekday,1200,2-Car,No injury/unknown,ROADWAY SURFACE CONDITION,ARLINGTON & SR 46,39.20837022,-86.58050065
2003,11,1,Weekend,1000,1-Car,Non-incapacitating,OTHER (DRIVER) - EXPLAIN IN NARRATIVE,ACUFF RD & MAPLE GROVE,39.20824,-86.55579202
2003,1,3,Weekday,1100,2-Car,No injury/unknown,IMPROPER TURNING,ARLINGTON & SR46,39.20824,-86.580208
2003,5,4,Weekday,1500,2-Car,Non-incapacitating,LEFT OF CENTER,ACUFF RD & SR 37,39.20824,-86.554704
2003,7,4,Weekday,2100,1-Car,No injury/unknown,,ACUFF & SR37,39.20824,-86.554704
2003,5,5,Weekday,1700,2-Car,Non-incapacitating,FAILURE TO YIELD RIGHT OF WAY,ACUFF RD & SR 37,39.20824,-86.554704
2003,1,7,Weekend,1700,2-Car,No injury/unknown,,ACUFF & SR37,39.20824,-86.554704
2003,11,2,Weekday,1800,1-Car,No injury/unknown,UNSAFE SPEED,HARTSTRAIGHT & RATLIFF RD,39.208202,-86.60706809
2003,3,2,Weekday,1400,2-Car,No injury/unknown,FOLLOWING TOO CLOSELY,FORREST PARK & SMITH PIKE,39.208144,-86.5832
2003,4,7,Weekend,,2-Car,No injury/unknown,OTHER (DRIVER) - EXPLAIN IN NARRATIVE,FORREST PARK & SMITH PIKE,39.208144,-86.5832
2003,7,1,Weekend,1200,3+ Cars,Non-incapacitating,OTHER (ENVIRONMENTAL) - EXPLAIN IN NARR,FORREST PARK & SMITH PIKE,39.208144,-86.5832
2003,12,3,Weekday,200,2-Car,Incapacitating,UNSAFE SPEED,SMITH PIKE & WOOD YARD,39.208144,-86.5832
2003,5,5,Weekday,2300,1-Car,Non-incapacitating,RAN OFF ROAD RIGHT,LOUDENARD,39.2078953,-86.639733
2003,2,5,Weekday,500,1-Car,No injury/unknown,,HWY 45 46 BYP,39.207648,-86.573792
2003,1,5,Weekday,2000,2-Car,No injury/unknown,IMPROPER LANE USAGE,ARLINGTON & SR46,39.20737184,-86.57328088
2003,6,6,Weekday,1800,2-Car,No injury/unknown,UNSAFE SPEED,ACUFF RD & SR37,39.20724851,-86.55656756
2003,12,2,Weekday,1400,3+ Cars,Non-incapacitating,DISREGARD SIGNAL/REG SIGN,OLD SR 37 & WALNUT ST,39.20704,-86.534704
2003,9,2,Weekday,1400,2-Car,Non-incapacitating,LEFT OF CENTER,OLD SR 37 & WALNUT ST,39.20704,-86.534704
2003,12,2,Weekday,300,1-Car,No injury/unknown,OVERCORRECTING/OVERSTEERING,ACUFF & MAPLEGROVE,39.206352,-86.557696
2003,2,1,Weekend,1100,2-Car,No injury/unknown,LEFT OF CENTER,BABY CREEK & BRUMMETT CREEK,39.20584,-86.401696
2003,10,3,Weekday,1100,2-Car,No injury/unknown,OBSTRUCTION NOT MARKED,ACUFF & MAPLE GROVE RD,39.20568302,-86.55789446
2003,12,6,Weekday,0,1-Car,No injury/unknown,ROADWAY SURFACE CONDITION,COFFEY & SMITH PIKE,39.2054,-86.583099
2003,12,5,Weekday,1900,1-Car,No injury/unknown,ANIMAL/OBJECT IN ROADWAY,ARLINGTON & SR46,39.20535873,-86.57008793
2003,11,7,Weekend,1600,2-Car,No injury/unknown,OTHER (DRIVER) - EXPLAIN IN NARRATIVE,CLARIZZ & COVENTER DR,39.20535487,-86.490495
2003,10,7,Weekend,300,1-Car,No injury/unknown,OVERCORRECTING/OVERSTEERING,MARTIN & SR45,39.2045933,-86.46353122
2003,4,5,Weekday,2200,1-Car,No injury/unknown,PASSENGER DISTRACTION,HILLSIDE & WEATHERSTONE,39.20405412,-86.519195
2003,12,1,Weekday,2100,1-Car,No injury/unknown,RAN OFF ROAD RIGHT,WALCOTT & WOODYARD RD,39.20383013,-86.60380318
2003,2,3,Weekday,1500,2-Car,No injury/unknown,FAILURE TO YIELD RIGHT OF WAY,KINSER PARK & ROSEWOOD,39.203402,-86.5473
2003,1,4,Weekday,1400,2-Car,No injury/unknown,OTHER (DRIVER) - EXPLAIN IN NARRATIVE,KINSER PARK,39.20304,-86.547392
2003,10,2,Weekday,700,2-Car,No injury/unknown,FAILURE TO YIELD RIGHT OF WAY,KIMSER,39.20304,-86.547392
2003,12,5,Weekday,1500,2-Car,No injury/unknown,UNSAFE SPEED,KINSER,39.20304,-86.547392
2003,7,3,Weekday,800,2-Car,No injury/unknown,OTHER (ENVIRONMENTAL) - EXPLAIN IN NARR,3000 N PROW & N KINSER,39.20304,-86.547392
2003,1,3,Weekday,900,2-Car,No injury/unknown,OTHER (DRIVER) - EXPLAIN IN NARRATIVE,KINSER PIKE,39.20304,-86.547392
2003,1,4,Weekday,800,2-Car,No injury/unknown,OTHER (DRIVER) - EXPLAIN IN NARRATIVE,KINSER PIKE,39.20304,-86.547392
2003,4,4,Weekday,900,1-Car,No injury/unknown,,KINSER PKWY,39.20304,-86.547392
2003,1,3,Weekday,1800,1-Car,No injury/unknown,ANIMAL/OBJECT IN ROADWAY,BURKS & WALNUT,39.20243448,-86.531399
2003,9,3,Weekday,1300,Moped/Motorcycle,Non-incapacitating,UNSAFE SPEED,MALLORY RD & STARNES,39.202144,-86.658608
2003,2,1,Weekend,1100,1-Car,Non-incapacitating,RAN OFF ROAD RIGHT,DUNN ST & LAKEWOOD,39.201952,-86.5288
2003,9,5,Weekday,1500,Moped/Motorcycle,Non-incapacitating,RAN OFF ROAD RIGHT,DUNN ST & LAKEWOOD,39.201952,-86.5288
2003,9,6,Weekday,1200,1-Car,Non-incapacitating,OVERCORRECTING/OVERSTEERING,DUNN & LAKEWOOD,39.201952,-86.5288
2003,1,7,Weekend,1300,1-Car,No injury/unknown,UNSAFE SPEED,DUNN ST & LAKEWOOD,39.201952,-86.5288
2003,4,6,Weekday,1200,1-Car,Non-incapacitating,OVERCORRECTING/OVERSTEERING,DUNN ST & LAKEWOOD,39.201952,-86.5288
2003,2,6,Weekday,1000,1-Car,No injury/unknown,ROADWAY SURFACE CONDITION,ARLINGTON & MAPLE GROVE RD,39.20155232,-86.55911977
2003,12,2,Weekday,1700,1-Car,No injury/unknown,,BETHEL & HINKLE RD,39.20113634,-86.5114407
2003,10,3,Weekday,1400,2-Car,Non-incapacitating,IMPROPER PASSING,KINSER PIKE,39.20088575,-86.54376106
2003,6,5,Weekday,1100,1-Car,No injury/unknown,OTHER (ENVIRONMENTAL) - EXPLAIN IN NARR,HINKLE RD,39.200448,-86.514192
2003,2,1,Weekend,900,1-Car,No injury/unknown,,SR 37 & SR 46,39.20004693,-86.55992462
2003,2,1,Weekday,2000,1-Car,No injury/unknown,OTHER (DRIVER) - EXPLAIN IN NARRATIVE,PARKVIEW & WINDCREST,39.20003537,-86.54503579
2003,4,4,Weekday,800,2-Car,No injury/unknown,UNSAFE BACKING,RUSSELL & SR45,39.19994039,-86.46798289
2003,8,1,Weekend,1700,2-Car,No injury/unknown,OTHER (DRIVER) - EXPLAIN IN NARRATIVE,KINSER PIKE,39.19946715,-86.54357188
2003,10,6,Weekday,1600,Pedestrian,Non-incapacitating,OTHER (DRIVER) - EXPLAIN IN NARRATIVE,COUNTRY CLUB & KINSER PL,39.19946715,-86.54357188
2003,2,4,Weekday,,1-Car,No injury/unknown,RAN OFF ROAD RIGHT,ARLINGTON RD & MAPLE GROVE,39.1993156,-86.55943205
2003,11,1,Weekday,1900,1-Car,No injury/unknown,OTHER (VEHICLE) - EXPLAIN IN NARRATIVE,3RD & YANCY,39.19872227,-86.569499
2003,12,7,Weekend,2000,2-Car,No injury/unknown,OTHER (DRIVER) - EXPLAIN IN NARRATIVE,DUNN ST & KENWOOD,39.198528,-86.528624
2003,12,5,Weekday,1900,1-Car,Non-incapacitating,ROADWAY SURFACE CONDITION,DUNN ST & KENWOOD,39.198528,-86.528624
2003,7,7,Weekend,1900,2-Car,Non-incapacitating,FAILURE TO YIELD RIGHT OF WAY,ARLINGTON RD & MAPLE GROVE,39.19846534,-86.55885352
2003,10,2,Weekday,2000,1-Car,Non-incapacitating,ANIMAL/OBJECT IN ROADWAY,SR37 & SR46,39.19826214,-86.55463201
2003,9,6,Weekend,2000,2-Car,No injury/unknown,LEFT OF CENTER,CLUB HOUSE & KINSER PIKE,39.198203,-86.542098
2003,10,3,Weekday,1900,2-Car,Non-incapacitating,UNSAFE SPEED,KINSER PK & WINDING,39.198144,-86.542096
2003,10,4,Weekday,700,3+ Cars,No injury/unknown,NONE (ENVIRONMENTAL),KINSER & WINDING,39.198144,-86.542096
2003,2,6,Weekend,2200,2-Car,No injury/unknown,,JONES & JORDAN AVE,39.19792362,-86.516399
2003,5,6,Weekday,1400,2-Car,No injury/unknown,FAILURE TO YIELD RIGHT OF WAY,HOOSIER HILLS & PROW RD,39.19719251,-86.55201192
2003,6,2,Weekday,1500,,No injury/unknown,IMPROPER LANE USAGE,ARLINGTON & SR37,39.19688941,-86.55462121
2003,5,2,Weekday,500,1-Car,No injury/unknown,ANIMAL/OBJECT IN ROADWAY,RUSSELL & SR45,39.19623588,-86.46782886
2003,9,2,Weekday,1700,2-Car,No injury/unknown,IMPROPER PASSING,SR 37 & SR 46,39.19622214,-86.55689363
2003,2,2,Weekday,900,2-Car,No injury/unknown,FAILURE TO YIELD RIGHT OF WAY,MEADOWPARK APT & MEADOWPARK APTS,39.195744,-86.542608
2003,5,7,Weekend,400,1-Car,No injury/unknown,,HEADLEY RD & HINKLE,39.19508735,-86.513299
2003,6,3,Weekday,700,2-Car,No injury/unknown,OTHER (DRIVER) - EXPLAIN IN NARRATIVE,SR37 & SR46,39.19422636,-86.55459288
2003,8,7,Weekend,1600,Moped/Motorcycle,Non-incapacitating,RAN OFF ROAD LEFT,SR37 & SR46,39.194144,-86.554592
2003,7,4,Weekday,1500,2-Car,No injury/unknown,IMPROPER LANE USAGE,SR37 & SR46,39.194144,-86.554592
2003,8,1,Weekday,2000,1-Car,No injury/unknown,,SR37 & SR45 46,39.194144,-86.554592
2003,3,6,Weekday,1700,2-Car,No injury/unknown,ALCOHOLIC BEVERAGES,SR37 & SR45,39.194144,-86.554592
2003,6,2,Weekday,2100,2-Car,No injury/unknown,,SR37 & SR45 46,39.194144,-86.554592
2003,11,1,Weekday,2200,1-Car,No injury/unknown,UNSAFE SPEED,BETHLE LN & HINKLE,39.19412474,-86.512094
2003,10,6,Weekday,1600,2-Car,No injury/unknown,LEFT OF CENTER,BRIARCLIFF & KINSER,39.19409436,-86.54096167
2003,6,1,Weekend,600,1-Car,No injury/unknown,OTHER (DRIVER) - EXPLAIN IN NARRATIVE,KINSER & SKYLINE,39.193648,-86.540704
2003,2,4,Weekday,1400,1-Car,Non-incapacitating,DRIVER ILLNESS,ARLINGTON RD & PROW,39.19359866,-86.55398335
2003,4,6,Weekday,1300,1-Car,No injury/unknown,RAN OFF ROAD RIGHT,SALT CREEK & SR446,39.19332654,-86.42243138
2003,10,2,Weekday,2000,1-Car,Non-incapacitating,DRIVER ILLNESS,THOMAS RD & VERNAL,39.19315815,-86.63013568
2003,9,6,Weekday,1200,2-Car,Non-incapacitating,OTHER (DRIVER) - EXPLAIN IN NARRATIVE,FRITZ & WALNUT,39.19261196,-86.53309642
2003,3,2,Weekday,1300,2-Car,No injury/unknown,,SASSAFRAS & TAMARACK TRAIL,39.1923,-86.5212163
2003,2,7,Weekend,1900,2-Car,No injury/unknown,OVERCORRECTING/OVERSTEERING,SR 46 & SR37,39.19139884,-86.55463663
2003,4,7,Weekend,2100,2-Car,No injury/unknown,FAILURE TO YIELD RIGHT OF WAY,FRITZ & WALNUT,39.191248,-86.532896
2003,7,4,Weekday,100,1-Car,No injury/unknown,IMPROPER TURNING,CURRY & WOODYARD,39.190672,-86.582992
2003,2,3,Weekday,1300,1-Car,Non-incapacitating,DRIVER ILLNESS,HOWARD & STARNES RD,39.19062065,-86.66068204
2003,10,5,Weekday,2000,2-Car,Non-incapacitating,UNSAFE SPEED,SMITH PIKE & WOODYARD,39.190603,-86.583099
2003,8,7,Weekend,,2-Car,No injury/unknown,,KINSER,39.19057361,-86.53772497
2003,5,5,Weekday,2100,1-Car,No injury/unknown,,BAYLES & BUSINESS 37,39.1904867,-86.535864
2003,1,7,Weekend,100,1-Car,No injury/unknown,ROADWAY SURFACE CONDITION,HEADLEY RD & TREADWELL,39.190448,-86.51387663
2003,9,1,Weekend,500,1-Car,No injury/unknown,UNSAFE SPEED,HEADLEY RD & TREADWELL,39.190448,-86.51423137
2003,12,7,Weekend,0,1-Car,No injury/unknown,ROADWAY SURFACE CONDITION,HEADLEY,39.190448,-86.51241382