Year,Month,Day,Weekend?,Hour,Collision Type,Injury Type,Primary Factor,Reported_Location,Latitude,Longitude
2003,12,6,Weekday,1000,1-Car,No injury/unknown,OVERCORRECTING/OVERSTEERING,SMITH & WOODYARD RD,39.190202,-86.58238501
2003,9,5,Weekday,1400,2-Car,Incapacitating,UNSAFE SPEED,KINSER PIKE & SKYLINE,39.19013295,-86.53767956
2003,2,3,Weekday,1400,2-Car,No injury/unknown,UNSAFE BACKING,ALEXANDER & GATES DR,39.19008022,-86.576399
2003,12,4,Weekday,,2-Car,No injury/unknown,,TAMARRACK LN,39.189968,-86.52128
2003,9,2,Weekday,1600,2-Car,No injury/unknown,,7TH & JORDAN,39.18965099,-86.520799
2003,3,3,Weekday,1000,2-Car,No injury/unknown,FAILURE TO YIELD RIGHT OF WAY,GLENDORA & WALNUT ST,39.18943213,-86.53338681
2003,1,1,Weekend,1800,2-Car,No injury/unknown,UNSAFE BACKING,COUNTRY CLUB & S WALNUT,39.18942433,-86.53338906
2003,5,7,Weekend,2000,2-Car,Non-incapacitating,OTHER (DRIVER) - EXPLAIN IN NARRATIVE,WALNUT,39.18942433,-86.53338906
2003,6,2,Weekday,1300,2-Car,No injury/unknown,,GLENDORA & WALNUT ST,39.18916385,-86.53346214
2003,4,7,Weekend,1900,2-Car,No injury/unknown,OTHER (DRIVER) - EXPLAIN IN NARRATIVE,THOMAS & VERNAL,39.18904,-86.630096
2003,6,4,Weekday,1800,2-Car,Non-incapacitating,LEFT OF CENTER,3300 N THOMAS & THOMAS RD,39.18904,-86.630096
2003,1,3,Weekday,700,1-Car,No injury/unknown,ROADWAY SURFACE CONDITION,THOMAS & VERNAL,39.18904,-86.630096
2003,2,7,Weekend,2100,1-Car,Non-incapacitating,OTHER (DRIVER) - EXPLAIN IN NARRATIVE,THOMAS & VERNAL PIKE,39.18904,-86.630096
2003,12,5,Weekday,700,2-Car,Non-incapacitating,ROADWAY SURFACE CONDITION,THOMAS & VERNAL PIKE,39.18904,-86.630096
2003,1,3,Weekday,1400,2-Car,No injury/unknown,FAILURE TO YIELD RIGHT OF WAY,BLOOMFIELD & LANDMARK AVE,39.188832,-86.522848
2003,1,4,Weekday,900,3+ Cars,No injury/unknown,OTHER (DRIVER) - EXPLAIN IN NARRATIVE,LANDMARK AVE,39.188832,-86.522848
2003,11,5,Weekday,1600,2-Car,No injury/unknown,UNSAFE BACKING,LANDMARK AVE,39.188832,-86.522848
2003,11,2,Weekday,1100,2-Car,No injury/unknown,FAILURE TO YIELD RIGHT OF WAY,LANDMARK 400 BLOCK,39.1888,-86.52252
2003,2,5,Weekday,1000,2-Car,No injury/unknown,UNSAFE BACKING,LANDMARK,39.188768,-86.522192
2003,12,5,Weekday,1600,2-Car,No injury/unknown,FOLLOWING TOO CLOSELY,GILBERT & WALNUT ST,39.18868304,-86.53358867
2003,2,7,Weekend,800,1-Car,Non-incapacitating,ROADWAY SURFACE CONDITION,SR37 & SR46,39.1886573,-86.55473736
2003,2,5,Weekday,700,1-Car,No injury/unknown,,CURRY & WOODYARD RD,39.1886469,-86.57642683
2003,9,7,Weekend,1300,2-Car,Non-incapacitating,DRIVER ILLNESS,BOTTOM & SR37,39.18860839,-86.54219875
2003,6,1,Weekend,1700,1-Car,No injury/unknown,UNSAFE SPEED,THOMAS & VERNAL,39.1881461,-86.62723221
2003,6,5,Weekday,1700,2-Car,No injury/unknown,FAILURE TO YIELD RIGHT OF WAY,CURRY & WEST,39.18758376,-86.583099
2003,4,2,Weekday,1400,2-Car,Non-incapacitating,FAILURE TO YIELD RIGHT OF WAY,JONES & JORDAN AVE,39.18734875,-86.516399
2003,11,3,Weekday,2100,2-Car,No injury/unknown,FOLLOWING TOO CLOSELY,JONES & JORDAN AVE,39.18734875,-86.516399
2003,2,5,Weekday,900,1-Car,No injury/unknown,UNSAFE SPEED,SR 37 & SR 45,39.187344,-86.5552
2003,8,2,Weekday,1400,2-Car,No injury/unknown,FOLLOWING TOO CLOSELY,SR37 & SR45,39.187344,-86.5552
2003,12,6,Weekday,1600,2-Car,No injury/unknown,FOLLOWING TOO CLOSELY,SR 37 & SR 45,39.187344,-86.5552
2003,9,2,Weekday,800,2-Car,No injury/unknown,OTHER (DRIVER) - EXPLAIN IN NARRATIVE,SR 37 & SR 45,39.187344,-86.5552
2003,11,4,Weekday,1200,2-Car,Non-incapacitating,FOLLOWING TOO CLOSELY,SR37 & SR45,39.187344,-86.5552
2003,11,5,Weekday,800,2-Car,No injury/unknown,OTHER (DRIVER) - EXPLAIN IN NARRATIVE,SR 37 & SR 45,39.187344,-86.5552
2003,12,6,Weekday,1500,2-Car,Non-incapacitating,FOLLOWING TOO CLOSELY,SR37 & SR45,39.187344,-86.5552
2003,10,1,Weekend,1200,2-Car,No injury/unknown,OTHER (DRIVER) - EXPLAIN IN NARRATIVE,SR 37 & SR 45,39.187344,-86.5552
2003,8,7,Weekend,1500,2-Car,Non-incapacitating,FAILURE TO YIELD RIGHT OF WAY,SR37 & SR45,39.187344,-86.5552
2003,9,3,Weekday,1100,2-Car,No injury/unknown,DISREGARD SIGNAL/REG SIGN,SR37 & SR45,39.187344,-86.5552
2003,5,7,Weekend,1900,2-Car,Non-incapacitating,FOLLOWING TOO CLOSELY,SR37 & SR45,39.187344,-86.5552
2003,3,2,Weekday,1700,2-Car,Non-incapacitating,OTHER (DRIVER) - EXPLAIN IN NARRATIVE,SR37 & SR45,39.187344,-86.5552
2003,7,3,Weekday,1800,1-Car,No injury/unknown,ROADWAY SURFACE CONDITION,SR37 & SR45,39.187344,-86.5552
2003,11,1,Weekday,2100,2-Car,No injury/unknown,OTHER (DRIVER) - EXPLAIN IN NARRATIVE,SR37 & SR45,39.187344,-86.5552
2003,1,4,Weekday,1800,2-Car,Non-incapacitating,DISREGARD SIGNAL/REG SIGN,SR37 & SR45,39.187344,-86.5552
2003,8,4,Weekday,1200,2-Car,No injury/unknown,OTHER (DRIVER) - EXPLAIN IN NARRATIVE,SR 37 & SR 45,39.187344,-86.5552
2003,4,4,Weekday,1400,2-Car,No injury/unknown,FAILURE TO YIELD RIGHT OF WAY,SR37 & SR45,39.187344,-86.5552
2003,12,4,Weekday,1300,3+ Cars,No injury/unknown,FOLLOWING TOO CLOSELY,SR37 & SR45,39.187344,-86.5552
2003,6,2,Weekday,1600,2-Car,Non-incapacitating,FOLLOWING TOO CLOSELY,SR37 & SR45,39.187344,-86.5552
2003,7,7,Weekend,1600,2-Car,Non-incapacitating,FOLLOWING TOO CLOSELY,SR37 & SR45,39.187344,-86.5552
2003,8,3,Weekday,2200,2-Car,Non-incapacitating,FAILURE TO YIELD RIGHT OF WAY,SR37 & SR45,39.187344,-86.5552
2003,7,2,Weekday,1500,3+ Cars,Incapacitating,FAILURE TO YIELD RIGHT OF WAY,SR37 & SR45,39.187344,-86.5552
2003,12,3,Weekday,1600,2-Car,No injury/unknown,FOLLOWING TOO CLOSELY,SR37 & SR45,39.187344,-86.5552
2003,1,5,Weekday,800,Bus,No injury/unknown,OTHER (DRIVER) - EXPLAIN IN NARRATIVE,KINSER,39.18723434,-86.53783102
2003,11,7,Weekend,2100,1-Car,No injury/unknown,OTHER (DRIVER) - EXPLAIN IN NARRATIVE,SR37 & SR45,39.18714309,-86.55525827
2003,11,1,Weekend,1500,1-Car,No injury/unknown,RAN OFF ROAD LEFT,THOMAS & VERNAL,39.1871357,-86.62555121
2003,10,5,Weekday,1500,2-Car,No injury/unknown,FAILURE TO YIELD RIGHT OF WAY,MONROE & SR46,39.18712835,-86.55033927
2003,10,3,Weekday,700,3+ Cars,No injury/unknown,OTHER (DRIVER) - EXPLAIN IN NARRATIVE,MONROE ST & SR45,39.186944,-86.5468
2003,6,1,Weekend,1400,2-Car,No injury/unknown,FOLLOWING TOO CLOSELY,MONROE & SR45,39.186944,-86.5468
2003,10,7,Weekend,1000,2-Car,No injury/unknown,FOLLOWING TOO CLOSELY,MONROE & SR 45 46 BYP,39.186944,-86.5468
2003,7,5,Weekday,1600,2-Car,No injury/unknown,FAILURE TO YIELD RIGHT OF WAY,SR45 & WALNUT,39.18689778,-86.53421346
2003,1,1,Weekend,1600,2-Car,No injury/unknown,DISREGARD SIGNAL/REG SIGN,HARTSTRAIT RD & VERNAL,39.186752,-86.611504
2003,11,3,Weekday,800,2-Car,No injury/unknown,LEFT OF CENTER,HARTSTRAIGHT & VERNAL,39.186752,-86.611504
2003,5,1,Weekend,1300,1-Car,Non-incapacitating,RAN OFF ROAD RIGHT,PONDEROSA & VERNAL PIKE,39.18672,-86.60992
2003,2,7,Weekend,1600,2-Car,No injury/unknown,FAILURE TO YIELD RIGHT OF WAY,MC NUTT DOCK DR & MC NUTT LOT,39.186688,-86.606528
2003,2,3,Weekday,700,1-Car,No injury/unknown,ROADWAY SURFACE CONDITION,KINSER & SR46,39.18660717,-86.53930455
2003,2,5,Weekday,700,2-Car,No injury/unknown,OTHER (DRIVER) - EXPLAIN IN NARRATIVE,KINSER & SR45,39.18654874,-86.53799424
2003,1,2,Weekday,600,2-Car,Non-incapacitating,DISREGARD SIGNAL/REG SIGN,KINSER & SR46,39.186544,-86.537888
2003,11,6,Weekday,1800,2-Car,No injury/unknown,FOLLOWING TOO CLOSELY,KINGER & SR45,39.186544,-86.537888
2003,10,4,Weekday,800,Bus,Non-incapacitating,OTHER (DRIVER) - EXPLAIN IN NARRATIVE,KINSER PIKE,39.186544,-86.537888
2003,11,7,Weekend,1600,2-Car,Non-incapacitating,DISREGARD SIGNAL/REG SIGN,KINSER & SR45,39.186544,-86.537888
2003,10,4,Weekday,1600,2-Car,No injury/unknown,DISREGARD SIGNAL/REG SIGN,KINSER & SR45,39.186544,-86.537888
2003,8,5,Weekday,800,2-Car,No injury/unknown,FOLLOWING TOO CLOSELY,N KINSER PIKE PIKE & SR45 46,39.186544,-86.537888
2003,5,1,Weekend,900,2-Car,No injury/unknown,DISREGARD SIGNAL/REG SIGN,N KINSER & SR45,39.186544,-86.537888
2003,7,5,Weekday,1300,2-Car,No injury/unknown,DISREGARD SIGNAL/REG SIGN,KINSER & SR45,39.186544,-86.537888
2003,5,4,Weekday,1400,2-Car,Non-incapacitating,OTHER (DRIVER) - EXPLAIN IN NARRATIVE,ARLINGTON & GOURLEY,39.186544,-86.551168
2003,5,7,Weekend,1500,2-Car,No injury/unknown,FAILURE TO YIELD RIGHT OF WAY,ARLINGTON RD & GOURLEY PIKE,39.186544,-86.551168
2003,2,6,Weekday,1100,2-Car,Non-incapacitating,DISREGARD SIGNAL/REG SIGN,N KINSER & SR45,39.186544,-86.537888
2003,4,3,Weekday,1600,2-Car,No injury/unknown,,KINSER & SR45,39.186544,-86.537888
2003,2,4,Weekday,700,2-Car,No injury/unknown,FOLLOWING TOO CLOSELY,KINSOR & SR45,39.186544,-86.537888
2003,8,6,Weekday,1700,2-Car,No injury/unknown,FOLLOWING TOO CLOSELY,KINSER PIKE & SR 45 46,39.186544,-86.537888
2003,8,4,Weekday,800,2-Car,No injury/unknown,FOLLOWING TOO CLOSELY,KINSER & SR45,39.18653974,-86.53781727
2003,6,2,Weekday,1400,2-Car,No injury/unknown,IMPROPER PASSING,KINSER & SR45,39.18651202,-86.53735752
2003,8,7,Weekend,0,2-Car,No injury/unknown,OTHER (ENVIRONMENTAL) - EXPLAIN IN NARR,GOURLEY,39.18647957,-86.54523222
2003,8,6,Weekday,1500,1-Car,No injury/unknown,ROADWAY SURFACE CONDITION,GOURLEY PIKE & MONROE,39.18645875,-86.54752531
2003,7,3,Weekday,1600,2-Car,No injury/unknown,DISREGARD SIGNAL/REG SIGN,GOURLEY PIKE & MONROE,39.186448,-86.546816
2003,1,3,Weekday,1800,2-Car,Non-incapacitating,FOLLOWING TOO CLOSELY,N WALNUT & SR45 46,39.186368,-86.5344
2003,2,7,Weekend,1500,2-Car,Non-incapacitating,FOLLOWING TOO CLOSELY,CR45 & WALNUT,39.186368,-86.5344
2003,8,6,Weekday,1800,3+ Cars,No injury/unknown,IMPROPER LANE USAGE,SR45 & WALNUT,39.186368,-86.5344
2003,11,7,Weekend,100,3+ Cars,Non-incapacitating,ALCOHOLIC BEVERAGES,45 & WALNUT,39.186368,-86.5344
2003,10,3,Weekday,800,2-Car,No injury/unknown,,SR45 & WALNUT ST,39.186368,-86.5344
2003,11,7,Weekend,200,2-Car,No injury/unknown,ROADWAY SURFACE CONDITION,SR 45 & WALNUT,39.186368,-86.5344
2003,4,4,Weekday,700,2-Car,Non-incapacitating,FAILURE TO YIELD RIGHT OF WAY,SR46 & WALNUT ST,39.186368,-86.5344
2003,9,6,Weekend,1900,2-Car,No injury/unknown,FAILURE TO YIELD RIGHT OF WAY,SR45SR46 & WALNUT,39.186368,-86.5344
2003,9,3,Weekday,2100,2-Car,No injury/unknown,FAILURE TO YIELD RIGHT OF WAY,SR45 & WALNUT,39.186368,-86.5344
2003,8,6,Weekday,1600,2-Car,No injury/unknown,UNSAFE BACKING,MATLUCK & WALNUT ST,39.186368,-86.5344
2003,5,2,Weekday,1800,2-Car,Non-incapacitating,FAILURE TO YIELD RIGHT OF WAY,SR45 & WALNUT,39.186368,-86.5344
2003,5,5,Weekday,2200,2-Car,Non-incapacitating,FOLLOWING TOO CLOSELY,SR45 & WALNUT ST,39.186368,-86.5344
2003,7,6,Weekday,500,2-Car,No injury/unknown,DISREGARD SIGNAL/REG SIGN,SR45 & WALNUT ST,39.186368,-86.5344
2003,6,7,Weekend,900,3+ Cars,Non-incapacitating,DISREGARD SIGNAL/REG SIGN,SR 46 & WALNUT,39.186368,-86.5344
2003,4,3,Weekday,1000,2-Car,No injury/unknown,FAILURE TO YIELD RIGHT OF WAY,SR4546 & WALNUT,39.186368,-86.5344
2003,4,5,Weekday,800,2-Car,No injury/unknown,FOLLOWING TOO CLOSELY,SR45 46,39.186368,-86.5344
2003,3,6,Weekday,1800,2-Car,Non-incapacitating,FAILURE TO YIELD RIGHT OF WAY,N WALNUT ST & SR45,39.186368,-86.5344
2003,5,4,Weekday,900,2-Car,No injury/unknown,IMPROPER TURNING,SR45 46 & WALNUT,39.186368,-86.5344
2003,10,7,Weekend,1700,2-Car,No injury/unknown,FAILURE TO YIELD RIGHT OF WAY,SR45 & WALNUT,39.18636591,-86.53404529
2003,10,7,Weekend,1600,2-Car,No injury/unknown,FAILURE TO YIELD RIGHT OF WAY,SR45 & WALNUT,39.18636171,-86.53333586
2003,11,4,Weekday,1200,2-Car,No injury/unknown,FAILURE TO YIELD RIGHT OF WAY,SR45 & WALNUT,39.18636142,-86.5332862
2003,10,2,Weekday,1600,3+ Cars,Non-incapacitating,FAILURE TO YIELD RIGHT OF WAY,SR45,39.18636,-86.533048
2003,7,4,Weekday,2000,2-Car,No injury/unknown,DISREGARD SIGNAL/REG SIGN,SR45,39.18636,-86.533048
2003,7,2,Weekday,1100,2-Car,No injury/unknown,UNSAFE BACKING,SR45,39.18636,-86.533048
2003,7,2,Weekday,2000,2-Car,No injury/unknown,IMPROPER LANE USAGE,SR45 & WALNUT,39.18635869,-86.53457695
2003,9,1,Weekday,2100,1-Car,No injury/unknown,UNSAFE SPEED,VERNAL & WOODYARD RD,39.1863544,-86.57227403
2003,11,6,Weekday,1100,3+ Cars,No injury/unknown,OTHER (DRIVER) - EXPLAIN IN NARRATIVE,MARTHA & SR45,39.1863541,-86.53205071
2003,10,5,Weekday,700,3+ Cars,No injury/unknown,FOLLOWING TOO CLOSELY,DUNN & SR45,39.18635204,-86.52667272
2003,4,6,Weekday,1500,2-Car,No injury/unknown,FOLLOWING TOO CLOSELY,DUNN & SR46,39.18635203,-86.52672238
2003,7,7,Weekend,1500,3+ Cars,No injury/unknown,FOLLOWING TOO CLOSELY,DUNN & SR46,39.18635203,-86.52734315
2003,9,2,Weekday,1500,2-Car,No injury/unknown,BRAKE FAILURE OR DEFECTIVE,DUNN & SR46,39.18635202,-86.52317514
2003,10,3,Weekday,500,1-Car,No injury/unknown,ANIMAL/OBJECT IN ROADWAY,DUNN & SR46,39.18635201,-86.52814128
2003,1,3,Weekday,700,2-Car,No injury/unknown,ROADWAY SURFACE CONDITION,DUNN & SR45 46,39.186352,-86.528496
2003,1,3,Weekday,700,2-Car,No injury/unknown,UNSAFE SPEED,DUNN & SR45,39.186352,-86.528496
2003,9,5,Weekday,2200,1-Car,No injury/unknown,ANIMAL/OBJECT IN ROADWAY,DUNN ST & MATLOCK,39.186352,-86.528496
2003,2,1,Weekend,1100,2-Car,No injury/unknown,FAILURE TO YIELD RIGHT OF WAY,COLLEGE AVE & SR45,39.186352,-86.534704
2003,10,5,Weekday,900,2-Car,No injury/unknown,FAILURE TO YIELD RIGHT OF WAY,DUNN & SR45,39.186352,-86.528496
2003,11,1,Weekend,1300,2-Car,No injury/unknown,,COLLEGE & SR45,39.186352,-86.534704
2003,11,5,Weekday,1800,2-Car,No injury/unknown,IMPROPER LANE USAGE,45 BYP & N DUNN,39.186352,-86.528496
2003,11,7,Weekend,1800,2-Car,No injury/unknown,FOLLOWING TOO CLOSELY,COLLEGE & SR 45,39.186352,-86.534704
2003,8,6,Weekday,1300,2-Car,No injury/unknown,OTHER (DRIVER) - EXPLAIN IN NARRATIVE,MARTHA & SR 45 46 BYP,39.186352,-86.531696
2003,4,5,Weekday,1500,3+ Cars,No injury/unknown,OTHER (DRIVER) - EXPLAIN IN NARRATIVE,DUNN & SR45 46,39.186352,-86.528496
2003,8,6,Weekday,1800,3+ Cars,Non-incapacitating,OTHER (ENVIRONMENTAL) - EXPLAIN IN NARR,MARTHA & MATLOCK RD,39.186352,-86.531696
2003,5,6,Weekend,2000,2-Car,No injury/unknown,VIEW OBSTRUCTED,COLLEGE & SR45 46,39.186352,-86.534704
2003,8,1,Weekend,100,1-Car,No injury/unknown,LEFT OF CENTER,DUNN ST & SR45,39.186352,-86.528496
2003,1,5,Weekday,900,2-Car,Non-incapacitating,OTHER (DRIVER) - EXPLAIN IN NARRATIVE,MATTLOCK RD,39.186352,-86.531696
2003,1,6,Weekday,1500,2-Car,Non-incapacitating,FOLLOWING TOO CLOSELY,FRITZ & HWY 46,39.186352,-86.529792
2003,1,4,Weekday,700,2-Car,No injury/unknown,OTHER (DRIVER) - EXPLAIN IN NARRATIVE,DUNN & SR45,39.186352,-86.528496
2003,5,4,Weekday,1700,2-Car,Non-incapacitating,FAILURE TO YIELD RIGHT OF WAY,COLLEGE & SR45,39.186352,-86.534704
2003,3,5,Weekday,1200,2-Car,No injury/unknown,,FRITZ & SR45,39.186352,-86.529792
2003,3,3,Weekday,1600,2-Car,No injury/unknown,OTHER (DRIVER) - EXPLAIN IN NARRATIVE,MILO B SAMPSON & SR4546,39.186352,-86.522192
2003,5,7,Weekend,1900,2-Car,No injury/unknown,OTHER (DRIVER) - EXPLAIN IN NARRATIVE,MARTHA & SR 45,39.186352,-86.531696
2003,6,6,Weekday,500,2-Car,No injury/unknown,IMPROPER TURNING,MATLOCK RD & SR45,39.186352,-86.531696
2003,8,2,Weekday,1200,2-Car,No injury/unknown,FAILURE TO YIELD RIGHT OF WAY,COLLEGE & SR46,39.186352,-86.534704
2003,8,2,Weekday,2000,2-Car,No injury/unknown,DISREGARD SIGNAL/REG SIGN,DUNN ST & SR45,39.186352,-86.528496
2003,9,3,Weekday,900,2-Car,No injury/unknown,FAILURE TO YIELD RIGHT OF WAY,MATLOCK & SR45,39.186352,-86.531696
2003,10,3,Weekday,1700,2-Car,Non-incapacitating,FOLLOWING TOO CLOSELY,DUNN & SR45,39.1862431,-86.52141414
2003,3,3,Weekday,1200,2-Car,No injury/unknown,VIEW OBSTRUCTED,SR 45 & WALNUT ST,39.18623118,-86.5344144
2003,4,2,Weekday,1800,2-Car,Non-incapacitating,FOLLOWING TOO CLOSELY,DUNN ST & SR45,39.18622847,-86.52849307
2003,3,5,Weekday,700,2-Car,No injury/unknown,OTHER (DRIVER) - EXPLAIN IN NARRATIVE,SR 45 & WALNUT,39.18620381,-86.53441728
2003,12,7,Weekend,0,1-Car,Non-incapacitating,RAN OFF ROAD LEFT,GOURLEY & MONROE,39.18617355,-86.54682572
2003,5,6,Weekday,1000,1-Car,No injury/unknown,OTHER (ENVIRONMENTAL) - EXPLAIN IN NARR,KINSER PIKE,39.18613333,-86.53787867
2003,10,3,Weekday,1400,2-Car,No injury/unknown,FAILURE TO YIELD RIGHT OF WAY,HOOSIER CT,39.186048,-86.550976
2003,11,4,Weekday,1700,2-Car,No injury/unknown,FOLLOWING TOO CLOSELY,FEE & SR 45 46 BYP,39.186032,-86.51984
2003,3,5,Weekday,800,2-Car,No injury/unknown,UNSAFE SPEED,FEE LN & SR46,39.186032,-86.51984
2003,1,6,Weekday,1400,2-Car,No injury/unknown,FOLLOWING TOO CLOSELY,FEE & SR46,39.186032,-86.51984
2003,8,5,Weekday,1300,3+ Cars,No injury/unknown,DISREGARD SIGNAL/REG SIGN,FEE & SR45 46,39.186032,-86.51984
2003,9,7,Weekend,2200,2-Car,Non-incapacitating,FAILURE TO YIELD RIGHT OF WAY,FEE & SR45,39.186032,-86.51984
2003,11,7,Weekend,1800,2-Car,No injury/unknown,OTHER (DRIVER) - EXPLAIN IN NARRATIVE,FEE & SR 45,39.186032,-86.51984
2003,10,3,Weekday,2200,1-Car,No injury/unknown,ANIMAL/OBJECT IN ROADWAY,MT GILEAD & SR45,39.185952,-86.4684
2003,12,7,Weekend,100,1-Car,Non-incapacitating,ALCOHOLIC BEVERAGES,MT GILEAD & SR45,39.185952,-86.4684
2003,7,4,Weekday,1300,2-Car,Non-incapacitating,FOLLOWING TOO CLOSELY,MT GILEAD & SR 45,39.185952,-86.4684
2003,1,6,Weekend,2000,1-Car,No injury/unknown,,MT GILEAD & SR45,39.185952,-86.4684
2003,9,6,Weekend,2300,1-Car,No injury/unknown,ROADWAY SURFACE CONDITION,MT GILEAD & SR45,39.185952,-86.4684
2003,10,7,Weekend,1100,2-Car,No injury/unknown,FAILURE TO YIELD RIGHT OF WAY,GOURLEY & KINSER,39.185392,-86.537856
2003,10,5,Weekday,1100,Moped/Motorcycle,Non-incapacitating,TIRE FAILURE OR DEFECTIVE,GOURLEY PIKE & KINSER,39.185392,-86.537856
2003,3,3,Weekday,800,2-Car,No injury/unknown,FAILURE TO YIELD RIGHT OF WAY,GOURLEY & KINSER,39.185392,-86.537856
2003,12,6,Weekday,900,2-Car,No injury/unknown,UNSAFE BACKING,FEE LN,39.18534891,-86.51943015
2003,5,7,Weekend,1100,1-Car,Non-incapacitating,DRIVER ASLEEP OR FATIGUED,SR 37 & SR 45,39.18533486,-86.55578267
2003,1,3,Weekday,,2-Car,No injury/unknown,OTHER (DRIVER) - EXPLAIN IN NARRATIVE,GOURLEY,39.185232,-86.54060206
2003,2,5,Weekday,800,2-Car,No injury/unknown,FAILURE TO YIELD RIGHT OF WAY,GOURLEY PARK,39.185232,-86.54060206
2003,1,3,Weekday,1700,1-Car,No injury/unknown,OTHER (DRIVER) - EXPLAIN IN NARRATIVE,GOURLEY,39.185232,-86.54060206
2003,2,2,Weekday,900,2-Car,No injury/unknown,UNSAFE BACKING,GOURLEY PARK,39.185232,-86.5405728
2003,3,7,Weekend,1900,2-Car,No injury/unknown,UNSAFE BACKING,COLLEGE AVE,39.185152,-86.535296
2003,3,4,Weekday,1400,2-Car,No injury/unknown,FAILURE TO YIELD RIGHT OF WAY,GOURLEY & KINSER,39.18511745,-86.53785545
2003,10,7,Weekend,1200,2-Car,No injury/unknown,OTHER (DRIVER) - EXPLAIN IN NARRATIVE,GOURLEY & KINSER PIKE,39.18511745,-86.53785545
2003,11,5,Weekday,2100,2-Car,No injury/unknown,FOLLOWING TOO CLOSELY,FEE ST,39.18501804,-86.51923162
2003,1,2,Weekday,2200,2-Car,No injury/unknown,OTHER (DRIVER) - EXPLAIN IN NARRATIVE,CURRY & CURRY PARK,39.1849887,-86.58309548
2003,8,6,Weekday,1600,2-Car,No injury/unknown,,20TH & ARLINGTON,39.18444209,-86.55034648
2003,10,3,Weekday,1500,2-Car,No injury/unknown,UNSAFE BACKING,7TH & FORREST AVE,39.18436324,-86.522299
2003,8,4,Weekday,1300,2-Car,No injury/unknown,OTHER (DRIVER) - EXPLAIN IN NARRATIVE,10TH ST & SUNRISE,39.1842916,-86.513894
2003,8,4,Weekday,400,1-Car,No injury/unknown,OTHER (DRIVER) - EXPLAIN IN NARRATIVE,6TH ST & COLLEGE AVE,39.18415252,-86.53518903
2003,4,4,Weekday,2100,1-Car,Non-incapacitating,,WALNUT ST,39.1841412,-86.5344552
2003,7,2,Weekday,900,2-Car,No injury/unknown,OTHER (DRIVER) - EXPLAIN IN NARRATIVE,SASSAFRAS & W 20TH,39.184048,-86.54816
2003,1,3,Weekday,0,2-Car,No injury/unknown,RAN OFF ROAD RIGHT,FEE & JORDAN,39.18388941,-86.51813778
2003,2,4,Weekday,2200,Bus,No injury/unknown,IMPROPER LANE USAGE,FEE & JORDAN EXT,39.18386471,-86.51866889
2003,11,4,Weekday,2300,2-Car,No injury/unknown,IMPROPER TURNING,FEE & N JORDAN AVE,39.18384,-86.5192
2003,9,1,Weekend,1600,2-Car,No injury/unknown,FAILURE TO YIELD RIGHT OF WAY,FEE LN & JORDAN,39.18384,-86.5192
2003,3,6,Weekend,2100,2-Car,Non-incapacitating,,FEE LN & JORDAN,39.18384,-86.5192
2003,3,2,Weekday,1000,2-Car,No injury/unknown,UNSAFE SPEED,FEE LANE & JORDAN,39.18384,-86.5192
2003,1,1,Weekend,1200,1-Car,No injury/unknown,ALCOHOLIC BEVERAGES,FEE & JORDAN EXTENSION,39.18384,-86.5192
2003,5,4,Weekday,1400,,No injury/unknown,,FISHERS CT & JORDAN,39.183803,-86.516899
2003,8,4,Weekday,1600,2-Car,Non-incapacitating,UNSAFE SPEED,LANE & WOODYARD,39.18370283,-86.57007345
2003,8,7,Weekend,900,2-Car,No injury/unknown,OTHER (DRIVER) - EXPLAIN IN NARRATIVE,BIRDIE GALYAN,39.18361943,-86.41482276
2003,9,4,Weekday,1800,2-Car,No injury/unknown,FAILURE TO YIELD RIGHT OF WAY,BROOKDALE & KINSER PIKE,39.1835478,-86.53783054
2003,2,6,Weekday,1200,2-Car,No injury/unknown,FOLLOWING TOO CLOSELY,WOODBRIDGE APTS,39.183104,-86.53696
2003,2,5,Weekday,2300,2-Car,No injury/unknown,ROADWAY SURFACE CONDITION,VARSITY LN,39.182976,-86.528416
2003,6,4,Weekday,1200,2-Car,No injury/unknown,FOLLOWING TOO CLOSELY,DUNN ST & VARSITY,39.182976,-86.528416
2003,8,2,Weekday,1600,2-Car,No injury/unknown,ROADWAY SURFACE CONDITION,DUNN ST & VARSITY,39.182976,-86.528416
2003,8,5,Weekday,,2-Car,No injury/unknown,OTHER (DRIVER) - EXPLAIN IN NARRATIVE,DUNN & VARSITY LN,39.182976,-86.528416
2003,9,7,Weekend,1300,2-Car,No injury/unknown,UNSAFE BACKING,DUNN & VARSITY LN,39.182976,-86.528416
2003,10,3,Weekday,2000,2-Car,No injury/unknown,UNSAFE BACKING,VARSITY LN,39.182976,-86.528416
2003,9,2,Weekday,1200,2-Car,No injury/unknown,OVERCORRECTING/OVERSTEERING,DUNN & VARSITY LN,39.18293481,-86.52912336
2003,10,1,Weekend,1300,2-Car,No injury/unknown,IMPROPER TURNING,VARSITY LN,39.18289694,-86.5299943
2003,9,1,Weekend,1000,2-Car,No injury/unknown,OTHER (DRIVER) - EXPLAIN IN NARRATIVE,DUNN & VARSITY LN,39.18288862,-86.53018581
2003,10,6,Weekday,700,2-Car,Non-incapacitating,FAILURE TO YIELD RIGHT OF WAY,19TH & WALNUT ST,39.18288246,-86.53403686