Year,Month,Day,Weekend?,Hour,Collision Type,Injury Type,Primary Factor,Reported_Location,Latitude,Longitude
2003,1,5,Weekday,900,2-Car,No injury/unknown,FAILURE TO YIELD RIGHT OF WAY,JORDAN & JORDAN GARAGE DR,39.182448,-86.512496
2003,8,4,Weekday,1900,2-Car,No injury/unknown,FAILURE TO YIELD RIGHT OF WAY,FISHERS & JORDAN EXTENSION,39.182403,-86.5126026
2003,11,4,Weekday,2000,2-Car,No injury/unknown,FOLLOWING TOO CLOSELY,20TH & DUNN ST,39.18238909,-86.52840235
2003,11,7,Weekend,200,2-Car,No injury/unknown,OTHER (DRIVER) - EXPLAIN IN NARRATIVE,NORTHLANE DR,39.182311,-86.540504
2003,9,3,Weekday,400,1-Car,No injury/unknown,ANIMAL/OBJECT IN ROADWAY,CR45 & ETTER,39.18213997,-86.47183446
2003,8,1,Weekend,1200,2-Car,No injury/unknown,UNSAFE SPEED,20TH & DUNN ST,39.18204591,-86.5284
2003,12,7,Weekend,1300,2-Car,No injury/unknown,OTHER (DRIVER) - EXPLAIN IN NARRATIVE,PARK RIDGE,39.18192,-86.543984
2003,2,6,Weekday,800,2-Car,No injury/unknown,OTHER (DRIVER) - EXPLAIN IN NARRATIVE,LONGFELLOW & RIDGE,39.181888,-86.542016
2003,1,5,Weekday,900,2-Car,Non-incapacitating,DRIVER ILLNESS,20TH & DUNN ST,39.18186746,-86.5284
2003,7,6,,,2-Car,No injury/unknown,,LINCOLN,39.18180865,-86.53019494
2003,1,7,Weekend,1600,2-Car,No injury/unknown,FAILURE TO YIELD RIGHT OF WAY,20TH ST & LINCOLN,39.18175223,-86.52983815
2003,5,7,Weekend,1900,2-Car,No injury/unknown,LEFT OF CENTER,17TH & KINSER PIKE,39.18173719,-86.53777693
2003,8,1,Weekday,2000,2-Car,No injury/unknown,FAILURE TO YIELD RIGHT OF WAY,COLLEGE MALL,39.181712,-86.51276
2003,8,5,Weekday,1600,2-Car,No injury/unknown,UNSAFE BACKING,N COLLEGE,39.18162924,-86.53471004
2003,4,6,Weekday,1600,1-Car,Non-incapacitating,,19TH & N WALNUT,39.181552,-86.5336
2003,11,1,Weekend,1100,2-Car,No injury/unknown,IMPROPER TURNING,WALNUT ST,39.181552,-86.5336
2003,2,7,Weekend,1100,2-Car,No injury/unknown,OTHER (ENVIRONMENTAL) - EXPLAIN IN NARR,19TH & WASHINGTON,39.181552,-86.5336
2003,2,5,Weekday,800,2-Car,Incapacitating,LEFT OF CENTER,FAIRFAX & MC CORMICKS LANE,39.18120339,-86.507799
2003,11,6,Weekday,1600,2-Car,No injury/unknown,FAILURE TO YIELD RIGHT OF WAY,19TH & DUNN AVE,39.18104,-86.5284
2003,1,4,Weekday,1300,2-Car,No injury/unknown,FAILURE TO YIELD RIGHT OF WAY,19TH & DUNN ST,39.18104,-86.5284
2003,10,4,Weekday,1200,2-Car,No injury/unknown,FAILURE TO YIELD RIGHT OF WAY,19TH & DUNN ST,39.18104,-86.5284
2003,10,4,Weekday,1500,Bus,No injury/unknown,OVERCORRECTING/OVERSTEERING,19TH ST & DUNN,39.18104,-86.5284
2003,4,2,Weekday,1200,Bus,No injury/unknown,UNSAFE SPEED,19TH & DUNN ST,39.18104,-86.5284
2003,2,2,Weekday,1500,2-Car,No injury/unknown,FAILURE TO YIELD RIGHT OF WAY,19TH & DUNN ST,39.18104,-86.5284
2003,1,5,Weekday,2100,2-Car,No injury/unknown,FAILURE TO YIELD RIGHT OF WAY,BALFOUR & JORDAN EXT,39.18081529,-86.511088
2003,12,3,Weekday,1600,2-Car,No injury/unknown,FAILURE TO YIELD RIGHT OF WAY,BALFOUR & JORDAN,39.18081529,-86.511088
2003,8,5,Weekday,,2-Car,No injury/unknown,FAILURE TO YIELD RIGHT OF WAY,19TH & WASHINGTON,39.18056727,-86.53198998
2003,6,2,Weekday,1200,2-Car,No injury/unknown,FAILURE TO YIELD RIGHT OF WAY,17TH & WEST,39.18056,-86.543968
2003,8,5,Weekday,100,2-Car,No injury/unknown,ALCOHOLIC BEVERAGES,18TH & LINCOLN,39.180448,-86.530832
2003,6,4,Weekday,1200,2-Car,No injury/unknown,OTHER (DRIVER) - EXPLAIN IN NARRATIVE,MARBLE LN,39.18041125,-86.54092016
2003,1,4,Weekday,1400,2-Car,No injury/unknown,UNSAFE BACKING,18TH & LINCOLN,39.18039053,-86.53083265
2003,2,7,Weekend,2100,1-Car,No injury/unknown,ROADWAY SURFACE CONDITION,18TH & DUNN,39.180352,-86.5284
2003,9,1,Weekend,300,1-Car,No injury/unknown,ALCOHOLIC BEVERAGES,18TH ST & GRANT,39.180352,-86.529792
2003,12,5,Weekday,2300,2-Car,No injury/unknown,OTHER (DRIVER) - EXPLAIN IN NARRATIVE,17TH & JORDAN EXT,39.18022076,-86.511088
2003,11,2,Weekday,700,1-Car,No injury/unknown,ANIMAL/OBJECT IN ROADWAY,17TH & SR46,39.18021365,-86.50760782
2003,12,4,Weekday,900,2-Car,No injury/unknown,UNSAFE SPEED,18TH & DUNN ST,39.17994017,-86.5284
2003,6,1,Weekend,1100,2-Car,No injury/unknown,,DUNN ST,39.179936,-86.5284
2003,10,5,Weekday,1700,2-Car,No injury/unknown,FOLLOWING TOO CLOSELY,17TH ST & SR45,39.17984,-86.507088
2003,10,6,Weekday,1700,2-Car,No injury/unknown,FOLLOWING TOO CLOSELY,17TH ST & SR45SR46,39.17984,-86.507088
2003,10,5,Weekday,900,2-Car,No injury/unknown,FOLLOWING TOO CLOSELY,17TH ST & SR45,39.17984,-86.507088
2003,9,7,Weekend,1400,1-Car,No injury/unknown,RAN OFF ROAD RIGHT,17TH & SR45 46,39.17984,-86.507088
2003,5,6,Weekday,900,1-Car,No injury/unknown,ANIMAL/OBJECT IN ROADWAY,SEVENTEENTH & SR45,39.17984,-86.507088
2003,5,6,Weekday,1700,3+ Cars,No injury/unknown,FOLLOWING TOO CLOSELY,17TH & SR45 46,39.17984,-86.507088
2003,11,4,Weekday,1500,2-Car,No injury/unknown,FOLLOWING TOO CLOSELY,17TH ST & SR 45,39.17983302,-86.50710327
2003,9,5,Weekday,1000,2-Car,No injury/unknown,FOLLOWING TOO CLOSELY,17TH ST & SR45,39.17981905,-86.5071338
2003,11,5,Weekday,1500,2-Car,No injury/unknown,FAILURE TO YIELD RIGHT OF WAY,2ND & LANDMARK,39.17975285,-86.5562826
2003,4,7,Weekend,1500,2-Car,No injury/unknown,FOLLOWING TOO CLOSELY,17TH & FEE,39.17975121,-86.51902686
2003,9,6,Weekday,200,3+ Cars,No injury/unknown,ILLEGAL DRUGS,RANGE RD,39.17975117,-86.49529366
2003,10,4,Weekday,700,Bus,No injury/unknown,ACCELERATOR FAILURE OR DEFECTIVE,GRIMES & GRIMES LN,39.17972848,-86.534021
2003,4,2,Weekday,900,1-Car,No injury/unknown,ANIMAL/OBJECT IN ROADWAY,BURKS & S WALNUT ST,39.17972132,-86.531399
2003,10,6,Weekday,1800,2-Car,Non-incapacitating,FOLLOWING TOO CLOSELY,17TH & SR45,39.17966533,-86.50694713
2003,1,4,Weekday,700,2-Car,No injury/unknown,ROADWAY SURFACE CONDITION,VERNAL & WOODYARD RD,39.17954398,-86.56424302
2003,4,1,Weekend,900,2-Car,No injury/unknown,OTHER (DRIVER) - EXPLAIN IN NARRATIVE,LINCOLN,39.17952849,-86.53084245
2003,8,6,Weekday,1600,2-Car,No injury/unknown,FAILURE TO YIELD RIGHT OF WAY,17TH & FEE LN,39.17947681,-86.51901524
2003,3,4,Weekday,2100,1-Car,Non-incapacitating,ALCOHOLIC BEVERAGES,N DUNN ST,39.17944,-86.5284
2003,10,5,Weekday,0,2-Car,No injury/unknown,IMPROPER LANE USAGE,BALFOUR & JORDAN AVE,39.17943819,-86.511088
2003,1,6,Weekday,1200,2-Car,No injury/unknown,,JORDAN,39.17943819,-86.511088
2003,12,2,Weekday,1400,1-Car,No injury/unknown,RAN OFF ROAD RIGHT,VERNAL PIKE & WOODYARD RD,39.179344,-86.564
2003,12,2,Weekday,200,1-Car,No injury/unknown,RAN OFF ROAD LEFT,VERNAL & WOODYARD,39.179344,-86.564
2003,4,5,Weekday,0,2-Car,Non-incapacitating,FAILURE TO YIELD RIGHT OF WAY,17TH & KINSER,39.17926654,-86.53778816
2003,1,6,Weekend,2000,2-Car,No injury/unknown,ROADWAY SURFACE CONDITION,17TH & MONROE,39.179248,-86.54745869
2003,1,3,Weekday,700,2-Car,No injury/unknown,ROADWAY SURFACE CONDITION,CURRY & VERNAL,39.179248,-86.58302266
2003,1,5,Weekday,1200,1-Car,No injury/unknown,RAN OFF ROAD RIGHT,17TH ST & MONROE,39.179248,-86.547104
2003,1,4,Weekday,700,2-Car,No injury/unknown,,17TH ST & LINDBURG,39.179248,-86.552592
2003,5,6,Weekday,1700,1-Car,Non-incapacitating,DISREGARD SIGNAL/REG SIGN,17TH & MONROE,39.179248,-86.547104
2003,11,5,Weekday,400,1-Car,Non-incapacitating,ALCOHOLIC BEVERAGES,17TH ST & MONROE,39.179248,-86.547104
2003,12,5,Weekday,700,1-Car,Non-incapacitating,OVERCORRECTING/OVERSTEERING,17TH ST & MONROE,39.179248,-86.54699759
2003,6,5,Weekday,2300,2-Car,No injury/unknown,FAILURE TO YIELD RIGHT OF WAY,17TH ST & MONROE,39.179248,-86.547104
2003,1,1,Weekend,1200,1-Car,No injury/unknown,ROADWAY SURFACE CONDITION,MONROE & W 17TH ST,39.179248,-86.547104
2003,7,3,Weekday,1100,2-Car,No injury/unknown,VIEW OBSTRUCTED,LINDBERGH & WEST 17TH ST,39.179248,-86.552592
2003,3,5,Weekday,1300,2-Car,No injury/unknown,FAILURE TO YIELD RIGHT OF WAY,17TH ST & ARLINGTON PARK,39.179248,-86.547104
2003,4,6,Weekday,800,2-Car,No injury/unknown,ROADWAY SURFACE CONDITION,17TH ST & CRESENT,39.179248,-86.556592
2003,12,4,Weekday,1600,2-Car,No injury/unknown,FAILURE TO YIELD RIGHT OF WAY,17TH & LINDBERG,39.179248,-86.552592
2003,10,2,Weekday,1500,2-Car,No injury/unknown,LEFT OF CENTER,17TH ST & CRESCENT,39.179248,-86.556592
2003,3,6,Weekday,1400,1-Car,No injury/unknown,OTHER (ENVIRONMENTAL) - EXPLAIN IN NARR,17TH ST & ARLINGTON PARK,39.179248,-86.547104
2003,9,3,Weekday,1200,1-Car,Non-incapacitating,PRESCRIPTION DRUGS,17TH ST & LINDBURGH,39.179248,-86.552592
2003,1,3,Weekday,600,2-Car,No injury/unknown,ROADWAY SURFACE CONDITION,CURRY & VERNAL,39.179248,-86.5832
2003,7,2,Weekday,1400,Moped/Motorcycle,No injury/unknown,FOLLOWING TOO CLOSELY,ARLINGTON PARK & ARLINGTON RD,39.179248,-86.547104
2003,8,7,Weekend,1700,2-Car,No injury/unknown,OTHER (DRIVER) - EXPLAIN IN NARRATIVE,17TH ST & CRESENT,39.179248,-86.556592
2003,1,2,Weekday,1300,2-Car,No injury/unknown,,17TH ST & LINDBERGH,39.179248,-86.552592
2003,1,6,Weekend,2200,1-Car,No injury/unknown,,17TH & CRESCENT RD,39.179248,-86.556592
2003,12,2,Weekday,1900,2-Car,Non-incapacitating,LEFT OF CENTER,17TH ST & ARLINGTON,39.17923229,-86.54639567
2003,1,5,Weekday,1100,2-Car,No injury/unknown,FAILURE TO YIELD RIGHT OF WAY,SUNRISE GREETINGS & W VERNAL PIKE,39.179199,-86.574299
2003,8,6,Weekday,1600,2-Car,No injury/unknown,FAILURE TO YIELD RIGHT OF WAY,17TH & LINGELBACH AVE,39.179152,-86.508592
2003,7,3,Weekday,1600,2-Car,No injury/unknown,UNSAFE BACKING,17TH & LINGELBACH,39.179152,-86.508592
2003,3,6,Weekday,600,1-Car,No injury/unknown,OVERCORRECTING/OVERSTEERING,17TH & LINGLEBACH LN,39.179152,-86.508592
2003,9,6,Weekday,1600,2-Car,No injury/unknown,FAILURE TO YIELD RIGHT OF WAY,17TH ST & LINGELBACH,39.179152,-86.508592
2003,12,3,Weekday,2000,2-Car,No injury/unknown,UNSAFE BACKING,17TH & JORDAN,39.17912342,-86.511088
2003,12,4,Weekday,1800,2-Car,No injury/unknown,ROADWAY SURFACE CONDITION,17TH & JORDAN,39.17912255,-86.511088
2003,1,5,Weekday,1700,2-Car,No injury/unknown,IMPROPER PASSING,PACKINGHOUSE & VERNAL PIKE,39.17912,-86.563136
2003,2,4,Weekday,2100,1-Car,No injury/unknown,OTHER (ENVIRONMENTAL) - EXPLAIN IN NARR,VERNAL PIKE & WOOD YARD,39.179104,-86.56340866
2003,2,1,Weekend,1200,1-Car,No injury/unknown,OTHER (DRIVER) - EXPLAIN IN NARRATIVE,17TH ST & WILLIS,39.179104,-86.544016
2003,6,6,Weekday,100,1-Car,No injury/unknown,DISREGARD SIGNAL/REG SIGN,17TH ST & LIDNBERG,39.17909548,-86.5525943
2003,12,3,Weekday,1800,2-Car,No injury/unknown,FAILURE TO YIELD RIGHT OF WAY,17TH & DUNN ST,39.17906746,-86.5284
2003,8,5,Weekday,2000,2-Car,No injury/unknown,ALCOHOLIC BEVERAGES,17TH ST & MAPLE,39.17904,-86.54262803
2003,2,3,Weekday,1300,2-Car,No injury/unknown,FAILURE TO YIELD RIGHT OF WAY,17TH ST & DUNN,39.17904,-86.5284
2003,11,4,Weekday,1500,2-Car,No injury/unknown,FOLLOWING TOO CLOSELY,17TH ST & DUNN,39.17904,-86.52850641
2003,2,7,Weekend,1800,3+ Cars,Non-incapacitating,FAILURE TO YIELD RIGHT OF WAY,17TH ST & LINCOLN,39.17904,-86.530848
2003,10,3,Weekday,1500,2-Car,No injury/unknown,FAILURE TO YIELD RIGHT OF WAY,17TH ST & LINCOLN,39.17904,-86.530848
2003,10,3,Weekday,1200,2-Car,No injury/unknown,UNSAFE SPEED,17TH ST & COLLEGE,39.17904,-86.532096
2003,11,2,Weekday,1500,3+ Cars,Non-incapacitating,UNSAFE SPEED,17TH ST & MAPLE,39.17904,-86.542096
2003,10,2,Weekday,1200,2-Car,No injury/unknown,UNSAFE BACKING,DUNN & DUNN ST,39.17904,-86.5284
2003,7,6,Weekday,800,2-Car,No injury/unknown,IMPROPER PASSING,17TH ST & DUNN,39.17904,-86.5284
2003,6,2,Weekday,1000,2-Car,No injury/unknown,FAILURE TO YIELD RIGHT OF WAY,17TH ST & DUNN,39.17904,-86.5284
2003,1,6,Weekend,2200,1-Car,No injury/unknown,ALCOHOLIC BEVERAGES,17TH ST,39.17904,-86.532096
2003,1,5,Weekday,1400,2-Car,No injury/unknown,ROADWAY SURFACE CONDITION,17TH ST & WASHINGTON,39.17904,-86.532096
2003,1,7,Weekend,1200,1-Car,Non-incapacitating,ALCOHOLIC BEVERAGES,17TH & MAPLE,39.17904,-86.542096
2003,2,4,Weekday,1200,2-Car,No injury/unknown,UNSAFE BACKING,17TH & DUNN,39.17904,-86.5284
2003,3,5,Weekday,1900,2-Car,Non-incapacitating,FOLLOWING TOO CLOSELY,17TH ST & MAPLE,39.17904,-86.54216694
2003,2,6,Weekday,1600,Bus,Non-incapacitating,OTHER (DRIVER) - EXPLAIN IN NARRATIVE,17TH ST & DUNN,39.17904,-86.52857734
2003,2,5,Weekday,2200,2-Car,No injury/unknown,FAILURE TO YIELD RIGHT OF WAY,17TH ST & LINCOLN,39.17904,-86.530848
2003,8,6,Weekend,2100,1-Car,No injury/unknown,OTHER (VEHICLE) - EXPLAIN IN NARRATIVE,17TH ST & DUNN,39.17904,-86.5284
2003,11,3,Weekday,1800,2-Car,Non-incapacitating,DISREGARD SIGNAL/REG SIGN,17TH ST & WASHINGTON,39.17904,-86.532096
2003,12,7,Weekend,1800,3+ Cars,No injury/unknown,FOLLOWING TOO CLOSELY,17TH ST & MADISON,39.17904,-86.5284
2003,7,4,Weekday,1300,2-Car,No injury/unknown,FAILURE TO YIELD RIGHT OF WAY,17TH ST & MAPLE,39.17903929,-86.54200733
2003,4,2,Weekday,1500,2-Car,No injury/unknown,OTHER (ENVIRONMENTAL) - EXPLAIN IN NARR,17TH & MAPLE,39.17903929,-86.54200733
2003,2,5,Weekday,2200,2-Car,No injury/unknown,ROADWAY SURFACE CONDITION,17TH ST & LINCOLN,39.17902687,-86.53074296
2003,1,5,Weekday,1700,Bus,No injury/unknown,FAILURE TO YIELD RIGHT OF WAY,17TH ST & INDIANA,39.179024,-86.5272
2003,9,6,Weekday,1300,3+ Cars,No injury/unknown,ROADWAY SURFACE CONDITION,INDIANA & SEVENTEENTH ST,39.179024,-86.5272
2003,12,6,Weekday,1600,1-Car,No injury/unknown,TIRE FAILURE OR DEFECTIVE,17TH ST & JACKSON,39.179024,-86.53974014
2003,10,4,Weekday,700,Bus,No injury/unknown,OTHER (DRIVER) - EXPLAIN IN NARRATIVE,E 17TH & INDIANA ARC,39.179024,-86.5272
2003,6,5,Weekday,1000,2-Car,Incapacitating,FAILURE TO YIELD RIGHT OF WAY,17TH ST & JACKSON,39.179024,-86.539616
2003,1,4,Weekday,1500,1-Car,No injury/unknown,FAILURE TO YIELD RIGHT OF WAY,17 & INDIANA AVE,39.179024,-86.5272
2003,4,6,Weekday,1300,2-Car,No injury/unknown,UNSAFE BACKING,E 17 & INDIANA,39.179024,-86.5272
2003,7,7,Weekend,1700,2-Car,Incapacitating,FOLLOWING TOO CLOSELY,17TH ST & JACKSON,39.179024,-86.539616
2003,11,7,Weekend,0,1-Car,Non-incapacitating,OBSTRUCTION NOT MARKED,17TH ST & INDIANA,39.17902314,-86.52712907
2003,10,5,Weekday,1600,2-Car,No injury/unknown,FOLLOWING TOO CLOSELY,17TH ST & INDIANA,39.17902292,-86.52711134
2003,10,5,Weekday,1600,2-Car,No injury/unknown,FOLLOWING TOO CLOSELY,17TH ST & INDIANA,39.17902292,-86.52711134
2003,11,7,Weekend,1700,2-Car,Non-incapacitating,FOLLOWING TOO CLOSELY,17TH ST & FESS,39.17901233,-86.52624264
2003,3,5,Weekday,,2-Car,No injury/unknown,OTHER (DRIVER) - EXPLAIN IN NARRATIVE,E 17TH ST,39.17901061,-86.53249274
2003,9,6,Weekday,1700,2-Car,No injury/unknown,FAILURE TO YIELD RIGHT OF WAY,17TH ST & FESS,39.17901016,-86.52606532
2003,5,3,Weekday,1600,2-Car,No injury/unknown,PASSENGER DISTRACTION,17TH ST & FESS,39.179008,-86.525888
2003,2,5,Weekday,2000,2-Car,No injury/unknown,ROADWAY SURFACE CONDITION,17TH ST & FESS,39.179008,-86.525888
2003,1,7,Weekend,1500,2-Car,No injury/unknown,OTHER (DRIVER) - EXPLAIN IN NARRATIVE,17TH ST & FESS,39.179008,-86.525888
2003,2,5,Weekday,2000,3+ Cars,No injury/unknown,ROADWAY SURFACE CONDITION,17TH ST & FESS,39.17900562,-86.52553333
2003,2,2,Weekday,2100,2-Car,No injury/unknown,,17TH ST & WOODLAWN,39.17899677,-86.52421335
2003,10,4,Weekday,1500,1-Car,No injury/unknown,RAN OFF ROAD RIGHT,17TH ST & WOODLAWN,39.17899438,-86.52385867
2003,3,3,Weekday,2100,2-Car,No injury/unknown,FOLLOWING TOO CLOSELY,17TH ST & WOODLAWN,39.17899438,-86.52385867
2003,8,4,Weekday,1300,2-Car,Non-incapacitating,UNSAFE SPEED,17TH ST & WOODLAWN,39.17899379,-86.52377001
2003,2,5,Weekday,2000,2-Car,No injury/unknown,ROADWAY SURFACE CONDITION,17TH ST & WOODLAWN,39.178992,-86.523504
2003,5,4,Weekday,1100,2-Car,No injury/unknown,FAILURE TO YIELD RIGHT OF WAY,17TH & MADISON,39.178992,-86.537792
2003,9,4,Weekday,1200,2-Car,No injury/unknown,OTHER (DRIVER) - EXPLAIN IN NARRATIVE,E 17TH ST,39.178992,-86.532744
2003,1,6,Weekend,2300,2-Car,Non-incapacitating,FAILURE TO YIELD RIGHT OF WAY,17TH ST & KINSER,39.178992,-86.537792
2003,4,6,Weekday,1100,2-Car,No injury/unknown,,17TH ST & KINSER,39.178992,-86.537792
2003,2,4,Weekday,2000,2-Car,No injury/unknown,FAILURE TO YIELD RIGHT OF WAY,17TH ST & WOODLAWN,39.178992,-86.523504
2003,6,4,Weekday,1500,2-Car,No injury/unknown,DISREGARD SIGNAL/REG SIGN,17TH ST & KINSER,39.178992,-86.537792
2003,2,6,Weekend,2200,2-Car,No injury/unknown,UNSAFE BACKING,17TH ST & KINSER,39.17898556,-86.53708267
2003,3,5,Weekday,1200,2-Car,No injury/unknown,FOLLOWING TOO CLOSELY,17TH ST & WOODBURN,39.17897826,-86.53628026
2003,1,1,Weekday,2000,1-Car,No injury/unknown,RAN OFF ROAD RIGHT,17TH ST & FOREST,39.178976,-86.5224
2003,1,6,Weekday,800,2-Car,No injury/unknown,OTHER (DRIVER) - EXPLAIN IN NARRATIVE,17TH ST & WOODBURN,39.178976,-86.536032
2003,10,5,Weekday,1800,2-Car,No injury/unknown,FAILURE TO YIELD RIGHT OF WAY,17TH ST & WOODBURN,39.178976,-86.536032
2003,7,2,Weekday,1000,2-Car,No injury/unknown,FAILURE TO YIELD RIGHT OF WAY,17TH ST & WOODBURN,39.178976,-86.536032
2003,9,2,Weekday,700,2-Car,No injury/unknown,UNSAFE SPEED,17TH ST & FORREST,39.178976,-86.5224
2003,10,7,Weekend,1100,2-Car,Non-incapacitating,ROADWAY SURFACE CONDITION,17TH ST & FORREST,39.178976,-86.5224
2003,4,7,Weekend,800,2-Car,No injury/unknown,LEFT OF CENTER,17TH ST & WOODBURN,39.178976,-86.536032
2003,1,5,Weekday,2000,2-Car,Non-incapacitating,ROADWAY SURFACE CONDITION,17TH ST & FORREST,39.178976,-86.5224
2003,12,7,Weekend,600,2-Car,No injury/unknown,OTHER (DRIVER) - EXPLAIN IN NARRATIVE,17TH & DUNN,39.17897144,-86.52839577
2003,8,6,Weekend,2300,2-Car,No injury/unknown,UNSAFE BACKING,17TH ST,39.17897062,-86.52940482
2003,3,3,Weekday,2200,3+ Cars,No injury/unknown,FOLLOWING TOO CLOSELY,17TH & WALNUT GROVE,39.17896,-86.521088
2003,11,4,Weekday,1000,2-Car,Non-incapacitating,BRAKE FAILURE OR DEFECTIVE,EAST 17TH ST & WALNUT GROVE,39.17896,-86.521088
2003,1,4,Weekday,1300,2-Car,No injury/unknown,OTHER (DRIVER) - EXPLAIN IN NARRATIVE,17TH & COLLEGE AVE,39.17896,-86.53472
2003,1,7,Weekend,1700,2-Car,Non-incapacitating,DISREGARD SIGNAL/REG SIGN,17TH & COLLEGE,39.17896,-86.53472
2003,3,4,Weekday,700,2-Car,No injury/unknown,FOLLOWING TOO CLOSELY,17TH ST & COLLEGE,39.17896,-86.53472
2003,11,6,Weekday,1600,2-Car,No injury/unknown,FAILURE TO YIELD RIGHT OF WAY,17TH ST & WALNUT GROVE,39.17896,-86.521088
2003,11,7,Weekend,1100,3+ Cars,No injury/unknown,FOLLOWING TOO CLOSELY,17TH ST & COLLEGE,39.17896,-86.53472
2003,10,5,Weekday,900,2-Car,No injury/unknown,DISREGARD SIGNAL/REG SIGN,17TH & N COLLEGE AVE,39.17896,-86.53472
2003,9,6,Weekday,1700,2-Car,No injury/unknown,FOLLOWING TOO CLOSELY,17TH ST & WALNUT,39.17896,-86.521088
2003,10,7,Weekend,200,2-Car,Non-incapacitating,DISREGARD SIGNAL/REG SIGN,17TH & COLLEGE,39.17896,-86.53472
2003,8,5,Weekday,1200,2-Car,No injury/unknown,FOLLOWING TOO CLOSELY,SEVENTEENTH ST & WALNUT,39.17896,-86.521088
2003,12,5,Weekday,1400,Bus,No injury/unknown,UNSAFE SPEED,17TH ST & WALNUT GROVE,39.17896,-86.521088
2003,2,4,Weekday,2200,1-Car,No injury/unknown,ROADWAY SURFACE CONDITION,17TH ST & WALNUT,39.17896,-86.521088
2003,1,2,Weekday,1600,2-Car,No injury/unknown,UNSAFE BACKING,17TH ST,39.17895065,-86.52955121
2003,9,5,Weekday,0,2-Car,No injury/unknown,FOLLOWING TOO CLOSELY,17TH ST & WALNUT,39.178944,-86.533392
2003,1,5,Weekday,1500,Bus,No injury/unknown,DISREGARD SIGNAL/REG SIGN,17TH & WALNUT ST,39.178944,-86.533392
2003,3,4,Weekday,1500,2-Car,No injury/unknown,FAILURE TO YIELD RIGHT OF WAY,17TH & WALNUT ST,39.178944,-86.533392
2003,1,1,Weekend,1100,2-Car,No injury/unknown,DISREGARD SIGNAL/REG SIGN,17TH & WALNUT ST,39.178944,-86.533392
2003,10,5,Weekday,1300,2-Car,No injury/unknown,DISREGARD SIGNAL/REG SIGN,17TH & WALNUT ST,39.178944,-86.533392
2003,7,2,Weekday,1600,2-Car,No injury/unknown,FOLLOWING TOO CLOSELY,17TH ST & GRANT,39.178944,-86.5296
2003,10,7,Weekend,100,2-Car,Non-incapacitating,FOLLOWING TOO CLOSELY,17TH ST & GRANT,39.178944,-86.5296
2003,3,2,Weekday,1600,2-Car,No injury/unknown,,17TH & WALNUT,39.178944,-86.533392
2003,1,1,Weekday,2300,2-Car,No injury/unknown,DISREGARD SIGNAL/REG SIGN,17TH & WALNUT,39.178944,-86.533392
2003,3,5,Weekday,1300,3+ Cars,Non-incapacitating,UNSAFE SPEED,17TH ST & N WALNUT,39.178944,-86.533392
2003,4,1,Weekend,300,3+ Cars,Non-incapacitating,OTHER (DRIVER) - EXPLAIN IN NARRATIVE,17TH ST & GRANT,39.178944,-86.5296
2003,7,4,Weekday,1400,2-Car,Non-incapacitating,DISREGARD SIGNAL/REG SIGN,17TH & WALNUT ST,39.178944,-86.533392
2003,7,3,Weekday,1900,2-Car,Non-incapacitating,FAILURE TO YIELD RIGHT OF WAY,17TH & WALNUT ST,39.178944,-86.533392
2003,9,6,Weekday,1700,2-Car,No injury/unknown,DISREGARD SIGNAL/REG SIGN,17TH & WALNUT,39.178944,-86.533392
2003,3,7,Weekend,1300,2-Car,No injury/unknown,,17TH ST & FEE,39.178928,-86.518992
2003,6,6,Weekday,300,1-Car,No injury/unknown,OTHER (DRIVER) - EXPLAIN IN NARRATIVE,17TH & FEE,39.178928,-86.518992
2003,2,2,Weekday,1200,Bus,No injury/unknown,FAILURE TO YIELD RIGHT OF WAY,17TH & FEE LN,39.178928,-86.518992
2003,2,7,Weekend,1800,2-Car,No injury/unknown,FOLLOWING TOO CLOSELY,17TH ST & FEE,39.178928,-86.518992
2003,3,2,Weekday,1500,2-Car,No injury/unknown,FAILURE TO YIELD RIGHT OF WAY,17TH & FEE,39.178928,-86.518992
2003,11,2,Weekday,1700,1-Car,Non-incapacitating,FAILURE TO YIELD RIGHT OF WAY,17TH & FEE LN,39.178928,-86.518992
2003,10,6,Weekday,1700,2-Car,No injury/unknown,FOLLOWING TOO CLOSELY,17TH ST & FEE,39.178928,-86.518992
2003,9,6,Weekday,1300,2-Car,No injury/unknown,UNSAFE SPEED,17TH & FEE LANE LN,39.178928,-86.518992
2003,8,7,Weekend,2000,2-Car,Non-incapacitating,,17TH ST & FEE,39.178928,-86.518992
2003,9,2,Weekday,1600,2-Car,No injury/unknown,OTHER (DRIVER) - EXPLAIN IN NARRATIVE,17TH ST & FEE,39.178928,-86.518992
2003,1,5,Weekday,1000,2-Car,Non-incapacitating,UNSAFE SPEED,17 ST & FEE,39.178928,-86.518992
2003,3,3,Weekday,1400,1-Car,Non-incapacitating,FAILURE TO YIELD RIGHT OF WAY,17TH & FEE,39.178928,-86.518992