Year,Month,Day,Weekend?,Hour,Collision Type,Injury Type,Primary Factor,Reported_Location,Latitude,Longitude
2003,10,6,Weekday,1700,2-Car,No injury/unknown,FOLLOWING TOO CLOSELY,17TH & FEE LN,39.178928,-86.518992
2003,2,5,Weekday,1400,2-Car,No injury/unknown,OTHER (DRIVER) - EXPLAIN IN NARRATIVE,17TH ST & FEE LANE,39.178928,-86.518992
2003,5,5,Weekday,1400,2-Car,No injury/unknown,FOLLOWING TOO CLOSELY,17TH & FEE,39.178928,-86.518992
2003,4,1,Weekend,100,2-Car,No injury/unknown,FAILURE TO YIELD RIGHT OF WAY,17TH ST & FEE,39.178928,-86.518992
2003,10,3,Weekday,1300,2-Car,No injury/unknown,UNSAFE SPEED,17TH ST & FEE,39.17892669,-86.51888561
2003,4,2,Weekday,1900,2-Car,Non-incapacitating,FOLLOWING TOO CLOSELY,17TH ST & FEE,39.17892669,-86.51888561
2003,11,3,Weekday,1700,3+ Cars,Non-incapacitating,FOLLOWING TOO CLOSELY,17TH ST & FEE,39.17892364,-86.51863736
2003,11,3,Weekday,1700,3+ Cars,No injury/unknown,FOLLOWING TOO CLOSELY,17TH ST & FEE,39.17891492,-86.51792807
2003,2,4,Weekday,2000,1-Car,No injury/unknown,ROADWAY SURFACE CONDITION,17TH ST & FEE,39.1789062,-86.51721879
2003,2,4,Weekday,2000,2-Car,No injury/unknown,HOLES/RUTS IN SURFACE,17TH ST & FEE,39.1789062,-86.51721879
2003,2,6,Weekday,1100,2-Car,No injury/unknown,FAILURE TO YIELD RIGHT OF WAY,17TH & MAPLE,39.17890272,-86.542096
2003,11,1,Weekday,2200,2-Car,No injury/unknown,FOLLOWING TOO CLOSELY,17TH ST & FEE,39.17890115,-86.51681213
2003,12,5,Weekday,2100,1-Car,No injury/unknown,RAN OFF ROAD RIGHT,17TH ST & LINBERGH,39.17887431,-86.51463227
2003,10,1,Weekend,1100,2-Car,No injury/unknown,OTHER (DRIVER) - EXPLAIN IN NARRATIVE,17TH & E 17TH ST,39.17887129,-86.51438724
2003,9,6,Weekday,1200,2-Car,No injury/unknown,LEFT OF CENTER,17TH & MADISON ST,39.17885476,-86.53778784
2003,10,7,Weekend,1700,2-Car,No injury/unknown,UNSAFE SPEED,17TH ST & JORDAN,39.178848,-86.51115894
2003,1,1,Weekend,300,2-Car,No injury/unknown,UNSAFE BACKING,17TH & JORDAN,39.178848,-86.511088
2003,9,2,Weekday,2300,2-Car,No injury/unknown,UNSAFE BACKING,JORDAN & JORDAN PARKING GARAGE,39.178848,-86.511088
2003,1,4,Weekday,1900,1-Car,No injury/unknown,OVERCORRECTING/OVERSTEERING,17TH ST & JORDAN,39.178848,-86.511088
2003,2,5,Weekday,100,2-Car,No injury/unknown,IMPROPER LANE USAGE,17TH & NORTH JORDAN AVE,39.178848,-86.511088
2003,11,5,Weekday,1800,2-Car,No injury/unknown,FAILURE TO YIELD RIGHT OF WAY,17TH ST & JORDAN,39.178848,-86.511088
2003,11,5,Weekday,1800,3+ Cars,No injury/unknown,OTHER (DRIVER) - EXPLAIN IN NARRATIVE,17TH ST & JORDAN,39.178848,-86.51130081
2003,12,7,Weekend,1500,2-Car,No injury/unknown,FOLLOWING TOO CLOSELY,17TH ST & JORDAN,39.178848,-86.511088
2003,9,2,Weekday,1400,2-Car,No injury/unknown,OTHER (DRIVER) - EXPLAIN IN NARRATIVE,JORDAN & JORDAN AVE,39.178848,-86.511088
2003,5,6,Weekday,1200,2-Car,No injury/unknown,OTHER (DRIVER) - EXPLAIN IN NARRATIVE,17TH ST & JORDAN,39.178848,-86.511088
2003,2,2,Weekday,900,2-Car,No injury/unknown,UNSAFE SPEED,NORTH JORDAN AVE & SEVENTEENTH,39.178848,-86.511088
2003,11,3,Weekday,2000,2-Car,No injury/unknown,LEFT OF CENTER,17TH ST & JORDAN,39.178848,-86.511088
2003,11,6,Weekday,1700,2-Car,No injury/unknown,FOLLOWING TOO CLOSELY,17TH & JORDAN AVE,39.178848,-86.511088
2003,1,6,Weekend,2300,2-Car,No injury/unknown,VIEW OBSTRUCTED,17TH & JORDAN AVE,39.178848,-86.511088
2003,4,2,Weekday,900,2-Car,Non-incapacitating,FOLLOWING TOO CLOSELY,17TH ST & JORDAN,39.178848,-86.511088
2003,9,4,Weekday,1500,2-Car,No injury/unknown,IMPROPER PASSING,JORDAN & LIBRARY PARKING LOT,39.178848,-86.511088
2003,9,6,Weekday,1200,2-Car,No injury/unknown,FOLLOWING TOO CLOSELY,17TH & JORDAN AVE,39.178848,-86.511088
2003,12,3,Weekday,2100,1-Car,No injury/unknown,ANIMAL/OBJECT IN ROADWAY,17TH ST & JORDAN,39.178848,-86.51115894
2003,2,7,Weekend,1200,1-Car,No injury/unknown,RAN OFF ROAD RIGHT,17TH & DUNN ST,39.17876576,-86.52838307
2003,2,7,Weekend,200,1-Car,No injury/unknown,,17TH & DUNN ST,39.17871091,-86.52837969
2003,11,1,Weekend,1500,Bus,No injury/unknown,FOLLOWING TOO CLOSELY,17TH & FEE LN,39.17865345,-86.51898997
2003,5,6,Weekday,1600,2-Car,No injury/unknown,OTHER (DRIVER) - EXPLAIN IN NARRATIVE,SR37 & VERNAL,39.17856768,-86.56000308
2003,4,1,,,1-Car,No injury/unknown,ALCOHOLIC BEVERAGES,17TH & WALNUT,39.17839758,-86.53339992
2003,9,6,,,2-Car,No injury/unknown,UNSAFE BACKING,WALNUT ST,39.17839758,-86.53339992
2003,11,6,Weekday,1200,2-Car,No injury/unknown,OTHER (VEHICLE) - EXPLAIN IN NARRATIVE,KENWOOD,39.17838171,-86.53650645
2003,2,5,Weekday,2000,2-Car,No injury/unknown,ROADWAY SURFACE CONDITION,17TH & INDIANA,39.17833776,-86.5271824
2003,8,3,Weekday,2200,1-Car,No injury/unknown,RAN OFF ROAD LEFT,HOWARD RD & WHITEHALL,39.17828779,-86.68284105
2003,9,5,Weekday,2100,1-Car,Non-incapacitating,PASSENGER DISTRACTION,BOTTOM RD & SR 37,39.17823788,-86.543399
2003,10,4,Weekday,1100,2-Car,No injury/unknown,FAILURE TO YIELD RIGHT OF WAY,16TH & N WALNUT ST,39.17784,-86.533408
2003,8,1,Weekday,2300,2-Car,No injury/unknown,UNSAFE BACKING,E16TH ST & WASHINGTON,39.17783674,-86.53328229
2003,11,3,Weekday,2200,1-Car,No injury/unknown,RAN OFF ROAD RIGHT,16TH & DUNN ST,39.17781256,-86.52832423
2003,5,5,Weekday,1900,2-Car,No injury/unknown,FOLLOWING TOO CLOSELY,AMARILLIS & KINSER,39.17781028,-86.537699
2003,2,7,Weekend,1300,1-Car,No injury/unknown,FAILURE TO YIELD RIGHT OF WAY,16TH & WASHINGTON ST,39.177808,-86.532176
2003,11,2,Weekday,1500,2-Car,No injury/unknown,FAILURE TO YIELD RIGHT OF WAY,16TH & WASHINGTON,39.177808,-86.532176
2003,9,1,Weekend,1300,2-Car,No injury/unknown,UNSAFE BACKING,16TH ST,39.177808,-86.532176
2003,4,2,Weekday,,2-Car,No injury/unknown,,16TH & GRANT ST,39.177776,-86.5296
2003,12,7,Weekend,1500,2-Car,Non-incapacitating,FOLLOWING TOO CLOSELY,SR37 & VERNAL,39.17775822,-86.56096186
2003,1,3,Weekday,1300,2-Car,No injury/unknown,IMPROPER PASSING,16TH & MADISON,39.177744,-86.53776
2003,1,7,Weekend,1200,2-Car,No injury/unknown,,COLLEGE & COLLEGE MALL,39.17771758,-86.53472956
2003,11,7,Weekend,1300,2-Car,No injury/unknown,,FESS AVE,39.177624,-86.525864
2003,2,5,Weekday,1300,2-Car,Non-incapacitating,DISREGARD SIGNAL/REG SIGN,SR37 & VENAL,39.17737768,-86.5609886
2003,8,7,Weekend,1700,2-Car,Non-incapacitating,FOLLOWING TOO CLOSELY,10TH & SR45,39.17737358,-86.47737396
2003,12,5,Weekday,900,2-Car,No injury/unknown,FOLLOWING TOO CLOSELY,JORDAN & LINGELBACH LN,39.177248,-86.512496
2003,9,2,Weekday,1200,3+ Cars,No injury/unknown,FAILURE TO YIELD RIGHT OF WAY,JORDAN AVE & LINGLEBACH,39.177248,-86.512496
2003,2,1,Weekend,200,1-Car,No injury/unknown,ROADWAY SURFACE CONDITION,16TH & INDIANA AVE,39.177152,-86.527152
2003,6,6,,,3+ Cars,No injury/unknown,UNSAFE SPEED,SR37 & VERNAL,39.17715111,-86.56168094
2003,8,5,Weekday,2200,2-Car,No injury/unknown,IMPROPER LANE USAGE,10TH & US45,39.17711882,-86.47779119
2003,12,4,Weekday,800,2-Car,No injury/unknown,IMPROPER PASSING,HENSONBURG & INDUSTRIAL PARK ROAD DR,39.1771,-86.56278259
2003,10,4,Weekday,1800,2-Car,Non-incapacitating,FAILURE TO YIELD RIGHT OF WAY,JORDAN AVE & LAW,39.177023,-86.51266794
2003,5,6,Weekday,1500,2-Car,No injury/unknown,,WALNUT,39.17698971,-86.53342171
2003,7,6,,,2-Car,No injury/unknown,IMPROPER TURNING,15TH ST,39.17693225,-86.52924767
2003,2,4,Weekday,1700,3+ Cars,No injury/unknown,FAILURE TO YIELD RIGHT OF WAY,15TH ST & WOODBURN,39.176912,-86.536064
2003,2,1,Weekend,1700,2-Car,No injury/unknown,FOLLOWING TOO CLOSELY,E 10TH & SR45,39.17688411,-86.47813856
2003,10,3,Weekday,1300,2-Car,Non-incapacitating,FOLLOWING TOO CLOSELY,COLLEGE AVE & FIRST,39.17688,-86.534736
2003,6,4,Weekday,1300,2-Car,No injury/unknown,IMPROPER TURNING,15TH ST & N COLLEGE,39.17688,-86.534736
2003,1,2,Weekday,1400,2-Car,No injury/unknown,OTHER (DRIVER) - EXPLAIN IN NARRATIVE,10TH & SR45,39.176848,-86.478192
2003,1,3,Weekday,1600,2-Car,Non-incapacitating,FOLLOWING TOO CLOSELY,SR45 & TENTH,39.176848,-86.478192
2003,12,2,Weekday,2100,2-Car,No injury/unknown,IMPROPER PASSING,10TH ST & SR45,39.176848,-86.478192
2003,12,5,Weekday,1700,2-Car,No injury/unknown,FAILURE TO YIELD RIGHT OF WAY,10TH ST & SR4546,39.176848,-86.478192
2003,10,3,Weekday,900,2-Car,No injury/unknown,FAILURE TO YIELD RIGHT OF WAY,10TH ST & SR45,39.176848,-86.478192
2003,10,5,Weekday,800,2-Car,No injury/unknown,FAILURE TO YIELD RIGHT OF WAY,E10TH ST & SR 45,39.176848,-86.478192
2003,12,2,Weekday,1000,2-Car,Non-incapacitating,FOLLOWING TOO CLOSELY,E10TH ST & SR 45,39.176848,-86.478192
2003,11,5,Weekday,600,2-Car,No injury/unknown,ROADWAY SURFACE CONDITION,10TH & SR 45,39.176848,-86.478192
2003,12,6,Weekday,1100,2-Car,No injury/unknown,UNSAFE SPEED,10TH ST & CR45,39.176848,-86.478192
2003,10,4,Weekday,900,2-Car,No injury/unknown,OTHER (DRIVER) - EXPLAIN IN NARRATIVE,CR45 & TENTH,39.176848,-86.478192
2003,10,6,Weekday,1500,2-Car,No injury/unknown,UNSAFE BACKING,10TH & 10TH ST,39.176848,-86.478192
2003,8,3,Weekday,2000,3+ Cars,No injury/unknown,BRAKE FAILURE OR DEFECTIVE,10TH ST & US45,39.176848,-86.478192
2003,9,3,Weekday,1200,2-Car,Non-incapacitating,FAILURE TO YIELD RIGHT OF WAY,10TH ST & SR45,39.176848,-86.478192
2003,6,5,Weekday,1100,2-Car,No injury/unknown,OTHER (DRIVER) - EXPLAIN IN NARRATIVE,10TH & SR45,39.176848,-86.478192
2003,11,4,Weekday,1600,2-Car,No injury/unknown,OTHER (DRIVER) - EXPLAIN IN NARRATIVE,E10TH ST & SR 45,39.176848,-86.478192
2003,10,5,Weekday,700,2-Car,No injury/unknown,IMPROPER TURNING,10TH & SR45,39.176848,-86.478192
2003,7,6,Weekday,1200,2-Car,No injury/unknown,PRESCRIPTION DRUGS,10TH & SR45,39.176848,-86.478192
2003,1,2,Weekday,1300,2-Car,No injury/unknown,FOLLOWING TOO CLOSELY,15TH & WALNUT,39.176848,-86.533424
2003,4,1,Weekday,1900,2-Car,No injury/unknown,FOLLOWING TOO CLOSELY,E 10TH & SR 45,39.176848,-86.478192
2003,3,5,Weekday,1300,2-Car,Non-incapacitating,,10TH & SR46,39.176848,-86.478192
2003,2,4,Weekday,1400,2-Car,No injury/unknown,UNSAFE BACKING,10TH & CR45,39.176848,-86.478192
2003,4,2,Weekday,1800,2-Car,No injury/unknown,UNSAFE BACKING,10TH & 10TH ST,39.176848,-86.478192
2003,6,2,Weekday,1800,2-Car,No injury/unknown,OTHER (DRIVER) - EXPLAIN IN NARRATIVE,10TH ST & N 10TH,39.176848,-86.478192
2003,8,6,Weekday,1600,1-Car,No injury/unknown,FOLLOWING TOO CLOSELY,10TH ST & SR46,39.176848,-86.478192
2003,12,7,Weekend,1800,2-Car,No injury/unknown,,10TH ST & SR45,39.17676691,-86.4783351
2003,6,6,Weekday,1200,2-Car,No injury/unknown,OTHER (ENVIRONMENTAL) - EXPLAIN IN NARR,SR37 & VERNAL,39.17674637,-86.56216031
2003,4,6,Weekday,1400,2-Car,No injury/unknown,,SR37 & VERNAL,39.17668566,-86.56223222
2003,10,6,Weekday,1500,2-Car,No injury/unknown,OTHER (DRIVER) - EXPLAIN IN NARRATIVE,SR45 & SR46,39.1766516,-86.50501764
2003,8,2,Weekday,1500,2-Car,No injury/unknown,OTHER (ENVIRONMENTAL) - EXPLAIN IN NARR,SR37 & VERNAL,39.17664519,-86.56228016
2003,10,6,Weekday,1200,2-Car,No injury/unknown,DISREGARD SIGNAL/REG SIGN,15TH & MADISON ST,39.17664,-86.537712
2003,9,5,Weekday,1900,2-Car,No injury/unknown,PRESCRIPTION DRUGS,FIFTEENTH & MADISON ST,39.17664,-86.537712
2003,4,6,Weekday,1000,2-Car,No injury/unknown,FAILURE TO YIELD RIGHT OF WAY,1ST ST & S ROGERS,39.17664,-86.538496
2003,2,4,Weekday,900,3+ Cars,No injury/unknown,OTHER (DRIVER) - EXPLAIN IN NARRATIVE,10TH & SR45,39.17660474,-86.47862128
2003,3,6,Weekday,1200,2-Car,No injury/unknown,OTHER (DRIVER) - EXPLAIN IN NARRATIVE,SR37 & VERNAL,39.176544,-86.5624
2003,3,5,Weekday,1600,2-Car,Non-incapacitating,OTHER (DRIVER) - EXPLAIN IN NARRATIVE,SR37 & VERNA,39.176544,-86.5624
2003,3,3,Weekday,900,3+ Cars,No injury/unknown,BRAKE FAILURE OR DEFECTIVE,SR37 & VERNAL PIKE,39.176544,-86.5624
2003,5,7,Weekend,2200,3+ Cars,No injury/unknown,,SR37 & VERNAL PIKE,39.176544,-86.5624
2003,6,4,Weekday,1000,2-Car,No injury/unknown,OTHER (ENVIRONMENTAL) - EXPLAIN IN NARR,SR 37 & VERNAL PIKE,39.176544,-86.5624
2003,7,3,Weekday,1600,2-Car,No injury/unknown,ROADWAY SURFACE CONDITION,SR37 & VERNAL,39.176544,-86.5624
2003,7,3,Weekday,1600,2-Car,No injury/unknown,IMPROPER LANE USAGE,SR37 & VERNAL,39.176544,-86.5624
2003,10,6,Weekday,1500,2-Car,No injury/unknown,DRIVER DISTRACTED - EXPLAIN IN NARRATIVE,SR37 & VERNAL,39.176544,-86.5624
2003,11,4,Weekday,1100,2-Car,No injury/unknown,FAILURE TO YIELD RIGHT OF WAY,SR37 & VERNAL,39.176544,-86.5624
2003,4,1,Weekday,1900,2-Car,No injury/unknown,OVERCORRECTING/OVERSTEERING,SR 37 & VIERAL,39.176544,-86.5624
2003,11,6,Weekday,1700,1-Car,Non-incapacitating,ROADWAY SURFACE CONDITION,SR37 & VERNAL,39.176544,-86.5624
2003,11,7,Weekend,1600,2-Car,No injury/unknown,FOLLOWING TOO CLOSELY,SR37 & VERNAL,39.176544,-86.5624
2003,6,5,Weekday,900,2-Car,No injury/unknown,UNSAFE SPEED,SR 37 & VERNAL PIKE,39.176544,-86.5624
2003,4,1,Weekend,1400,2-Car,No injury/unknown,OTHER (DRIVER) - EXPLAIN IN NARRATIVE,SR37 & VERNAL PIKE,39.176544,-86.5624
2003,8,6,Weekday,1200,2-Car,No injury/unknown,IMPROPER LANE USAGE,SR37 & VERNAL PIKE,39.176544,-86.5624
2003,11,1,Weekend,1700,2-Car,No injury/unknown,OTHER (DRIVER) - EXPLAIN IN NARRATIVE,SR37 & VERNAL,39.176544,-86.5624
2003,2,5,Weekday,800,2-Car,No injury/unknown,FOLLOWING TOO CLOSELY,SR 37 & VERNAL PIKE,39.176544,-86.5624
2003,6,1,Weekend,1000,2-Car,No injury/unknown,FOLLOWING TOO CLOSELY,SR37 & VERNAL,39.176544,-86.5624
2003,7,2,Weekday,700,3+ Cars,Non-incapacitating,UNSAFE SPEED,SR37 & VERNAL,39.176544,-86.5624
2003,8,6,Weekday,1500,2-Car,Non-incapacitating,UNSAFE SPEED,SR37 & VERNAL PIKE,39.176544,-86.5624
2003,9,2,Weekday,800,2-Car,No injury/unknown,UNSAFE SPEED,SR37 & VERNAL,39.176544,-86.5624
2003,12,5,Weekday,1400,3+ Cars,Non-incapacitating,ALCOHOLIC BEVERAGES,SR37 & VERNAL,39.17643291,-86.56255714
2003,12,4,Weekday,1100,1-Car,No injury/unknown,RAN OFF ROAD RIGHT,SR37 & VERNAL,39.17643291,-86.56255714
2003,12,4,Weekday,1600,2-Car,No injury/unknown,UNSAFE SPEED,SR37 & VERNAL,39.17639959,-86.56260428
2003,4,7,Weekend,1100,2-Car,No injury/unknown,FOLLOWING TOO CLOSELY,SR 37 & VERNAL,39.17635885,-86.56266189
2003,12,7,Weekend,1400,2-Car,No injury/unknown,FAILURE TO YIELD RIGHT OF WAY,14TH & DUNN ST,39.17629712,-86.5282324
2003,9,7,Weekend,1500,3+ Cars,No injury/unknown,FOLLOWING TOO CLOSELY,SR37 & VERNAL,39.17626628,-86.56279284
2003,9,7,Weekend,300,3+ Cars,No injury/unknown,OTHER (DRIVER) - EXPLAIN IN NARRATIVE,14TH & DUNN ST,39.17624227,-86.52822904
2003,5,6,Weekday,1600,2-Car,No injury/unknown,OTHER (ENVIRONMENTAL) - EXPLAIN IN NARR,SR37 & VERNAL,39.17617371,-86.56292379
2003,2,2,Weekday,1700,2-Car,No injury/unknown,ROADWAY SURFACE CONDITION,SR37 & VERNAL,39.17617371,-86.56292379
2003,5,4,Weekday,200,2-Car,No injury/unknown,LEFT OF CENTER,14TH ST & DUNN,39.17616,-86.528224
2003,3,4,Weekday,1400,2-Car,No injury/unknown,FAILURE TO YIELD RIGHT OF WAY,14TH ST & DUNN,39.17616,-86.528224
2003,9,5,Weekday,1600,2-Car,No injury/unknown,UNSAFE SPEED,DUNN & FOURTEENTH ST,39.17616,-86.528224
2003,7,4,Weekday,1000,2-Car,Non-incapacitating,FAILURE TO YIELD RIGHT OF WAY,14TH ST & DUNN,39.17616,-86.528224
2003,11,7,Weekend,1100,2-Car,No injury/unknown,OVERCORRECTING/OVERSTEERING,14TH ST & FORREST,39.176144,-86.522448
2003,11,2,Weekday,1200,2-Car,No injury/unknown,FAILURE TO YIELD RIGHT OF WAY,14TH ST & 900 WOODLAWN,39.176144,-86.5234609
2003,4,1,Weekend,1100,2-Car,No injury/unknown,,14TH & WALNUT ST,39.17608926,-86.53343755
2003,9,1,Weekend,600,2-Car,No injury/unknown,UNSAFE BACKING,14TH & LINDBERGH,39.17608918,-86.552592
2003,12,5,Weekday,2000,2-Car,No injury/unknown,IMPROPER TURNING,14TH & MADISON,39.176048,-86.537696
2003,4,2,Weekday,1600,2-Car,No injury/unknown,FAILURE TO YIELD RIGHT OF WAY,14TH & MADISON ST,39.176048,-86.537696
2003,11,1,Weekday,1900,1-Car,No injury/unknown,UNSAFE BACKING,BARRINGTON DR,39.176016,-86.5296
2003,1,7,Weekend,2000,2-Car,No injury/unknown,FAILURE TO YIELD RIGHT OF WAY,14TH ST & LINCOLN,39.176,-86.530896
2003,2,6,Weekday,1800,2-Car,Non-incapacitating,DISREGARD SIGNAL/REG SIGN,14TH ST & LINCOLN,39.176,-86.530896
2003,4,3,Weekday,1500,2-Car,Incapacitating,UNSAFE SPEED,SR37 & VERNAL,39.17598856,-86.56318568
2003,1,5,Weekday,1300,Bus,No injury/unknown,UNSAFE BACKING,N COLLEGE & W 14TH ST,39.175984,-86.534736
2003,1,5,Weekday,1500,2-Car,Non-incapacitating,FAILURE TO YIELD RIGHT OF WAY,14TH & COLLEGE AVE,39.175984,-86.534736
2003,3,2,Weekday,1700,1-Car,Non-incapacitating,FAILURE TO YIELD RIGHT OF WAY,14TH & COLLEGE,39.175984,-86.534736
2003,2,5,Weekday,900,2-Car,No injury/unknown,RAN OFF ROAD LEFT,BROWNSTONE DR,39.175968,-86.532288
2003,1,6,Weekday,1400,2-Car,No injury/unknown,FAILURE TO YIELD RIGHT OF WAY,14TH & WALNUT ST,39.175952,-86.53344
2003,2,6,Weekday,1400,3+ Cars,Non-incapacitating,FAILURE TO YIELD RIGHT OF WAY,14TH & WALNUT,39.175952,-86.53344
2003,3,2,Weekday,1000,2-Car,No injury/unknown,FAILURE TO YIELD RIGHT OF WAY,14TH & WALNUT ST,39.175952,-86.53344
2003,10,3,Weekday,1200,2-Car,Non-incapacitating,FAILURE TO YIELD RIGHT OF WAY,14TH & WALNUT,39.175952,-86.53344
2003,11,3,Weekday,1200,2-Car,No injury/unknown,FAILURE TO YIELD RIGHT OF WAY,14TH & WALNUT ST,39.175952,-86.53344
2003,9,1,Weekday,2200,2-Car,No injury/unknown,FAILURE TO YIELD RIGHT OF WAY,14TH & WALNUT ST,39.175952,-86.53344
2003,5,6,Weekday,1000,2-Car,No injury/unknown,OTHER (DRIVER) - EXPLAIN IN NARRATIVE,14TH ST & WALNUT,39.175952,-86.53344
2003,10,3,Weekday,800,2-Car,No injury/unknown,DISREGARD SIGNAL/REG SIGN,14TH & MONROE ST,39.175888,-86.547088
2003,3,3,Weekday,1100,2-Car,No injury/unknown,FOLLOWING TOO CLOSELY,14TH & MADISON,39.17563617,-86.537696
2003,2,4,Weekday,1500,2-Car,Non-incapacitating,FOLLOWING TOO CLOSELY,SR37 & VERNAL,39.17561826,-86.56370945
2003,5,5,Weekday,1800,3+ Cars,Non-incapacitating,NONE (ENVIRONMENTAL),SR37 & VERNAL,39.17561826,-86.56370945
2003,11,6,Weekday,300,1-Car,No injury/unknown,ALCOHOLIC BEVERAGES,14TH & BROWNSTONE DR,39.17560534,-86.52964006
2003,11,4,Weekday,700,2-Car,No injury/unknown,LEFT OF CENTER,13TH & DUNN,39.175552,-86.528192
2003,1,4,Weekday,2200,1-Car,Non-incapacitating,BRAKE FAILURE OR DEFECTIVE,13TH & DUNN ST,39.175552,-86.528192
2003,1,2,Weekday,1200,2-Car,Non-incapacitating,FAILURE TO YIELD RIGHT OF WAY,E 13TH & N INDIANA,39.175504,-86.527104
2003,1,6,Weekday,1200,2-Car,No injury/unknown,FAILURE TO YIELD RIGHT OF WAY,13TH & INDIANA AVE,39.175504,-86.527104
2003,1,2,Weekday,1100,2-Car,No injury/unknown,FAILURE TO YIELD RIGHT OF WAY,13TH & INDIANA,39.175504,-86.527104
2003,1,6,Weekday,1400,2-Car,Non-incapacitating,FAILURE TO YIELD RIGHT OF WAY,13TH & INDIANA AVE,39.175504,-86.527104
2003,10,3,Weekday,1100,2-Car,No injury/unknown,OTHER (DRIVER) - EXPLAIN IN NARRATIVE,13TH & INDIANA AVE,39.175504,-86.527104
2003,12,5,Weekday,1400,2-Car,No injury/unknown,FAILURE TO YIELD RIGHT OF WAY,13TH & INDIANA AVE,39.175504,-86.527104
2003,11,6,Weekday,1200,Bus,No injury/unknown,FAILURE TO YIELD RIGHT OF WAY,13TH & INDIANA,39.175504,-86.527104
2003,11,1,Weekday,2000,2-Car,No injury/unknown,FAILURE TO YIELD RIGHT OF WAY,13TH & INDIANA AVE,39.175504,-86.527104
2003,8,6,Weekend,2300,2-Car,No injury/unknown,FAILURE TO YIELD RIGHT OF WAY,13TH & INDIANA AVE,39.175504,-86.527104
2003,10,7,Weekend,900,2-Car,No injury/unknown,FAILURE TO YIELD RIGHT OF WAY,INDIANA AVE & THIRTEENTH,39.175504,-86.527104
2003,9,3,Weekday,1700,2-Car,No injury/unknown,FAILURE TO YIELD RIGHT OF WAY,13TH & INDIANA AVE,39.175504,-86.527104
2003,7,7,Weekend,1500,2-Car,No injury/unknown,FAILURE TO YIELD RIGHT OF WAY,13TH & INDIANA AVE,39.175504,-86.527104
2003,5,7,Weekend,1100,2-Car,No injury/unknown,FAILURE TO YIELD RIGHT OF WAY,13TH ST & INDIANA,39.175504,-86.527104
2003,4,3,Weekday,900,Bus,Non-incapacitating,FAILURE TO YIELD RIGHT OF WAY,INDIANA AVE & THIRTEENTH,39.175504,-86.527104
2003,11,5,Weekday,1800,2-Car,No injury/unknown,FAILURE TO YIELD RIGHT OF WAY,13TH & INDIANA AVE,39.175504,-86.527104
2003,7,3,Weekday,1500,3+ Cars,No injury/unknown,FAILURE TO YIELD RIGHT OF WAY,13TH & INDIANA AVE,39.175504,-86.527104
2003,9,2,Weekday,1700,2-Car,No injury/unknown,FAILURE TO YIELD RIGHT OF WAY,13TH & INDIANA,39.175504,-86.527104
2003,11,7,Weekend,0,2-Car,No injury/unknown,LEFT OF CENTER,10TH ST & RUSSELL,39.17547479,-86.48062617
2003,4,7,Weekend,1000,2-Car,No injury/unknown,,E 13TH ST & FESS,39.17544,-86.525824
2003,1,4,Weekday,2100,2-Car,Non-incapacitating,FAILURE TO YIELD RIGHT OF WAY,13TH ST & FESS,39.17544,-86.525824
2003,12,3,Weekday,1300,2-Car,No injury/unknown,OTHER (DRIVER) - EXPLAIN IN NARRATIVE,SR37 & VERNAL,39.17543312,-86.56397134
2003,3,7,Weekend,1700,2-Car,No injury/unknown,INSECURE/LEAKY LOAD,SR37 & VERNAL,39.17543312,-86.56397134
2003,4,6,Weekday,1400,2-Car,No injury/unknown,FAILURE TO YIELD RIGHT OF WAY,GORDON & WALNUT ST,39.17541651,-86.531399
2003,11,3,Weekday,1900,2-Car,No injury/unknown,UNSAFE BACKING,COLLEGE AVE,39.17528784,-86.53474939
2003,7,5,Weekday,1600,1-Car,No injury/unknown,RAN OFF ROAD RIGHT,CRESCENT & VERNAL,39.17528295,-86.5566612
2003,10,7,Weekend,1100,3+ Cars,No injury/unknown,,13TH ST & WALLNUT GROVE,39.175232,-86.520976
2003,9,7,Weekend,1400,2-Car,Non-incapacitating,DISREGARD SIGNAL/REG SIGN,13TH & WALNUT GROVE,39.175232,-86.520976
2003,9,3,Weekday,1500,2-Car,No injury/unknown,OTHER (DRIVER) - EXPLAIN IN NARRATIVE,13TH ST & WALNUT,39.175232,-86.520976
2003,9,7,Weekend,1900,2-Car,No injury/unknown,FAILURE TO YIELD RIGHT OF WAY,13TH & WALNUT GRV,39.175232,-86.520976
2003,2,6,Weekday,1200,2-Car,No injury/unknown,FAILURE TO YIELD RIGHT OF WAY,E 13TH & WALNUT GROVE,39.175232,-86.520976
2003,2,2,Weekday,1700,2-Car,No injury/unknown,FAILURE TO YIELD RIGHT OF WAY,13TH ST & WALNUT GROVE,39.175232,-86.520976
2003,5,5,Weekday,1500,2-Car,Non-incapacitating,DISREGARD SIGNAL/REG SIGN,13TH ST & WALNUT GROVE,39.175232,-86.520976