Year,Month,Day,Weekend?,Hour,Collision Type,Injury Type,Primary Factor,Reported_Location,Latitude,Longitude
2003,5,5,Weekday,1500,2-Car,Non-incapacitating,IMPROPER LANE USAGE,13TH ST & WALNUT GROVE,39.175232,-86.520976
2003,1,2,Weekday,700,Bus,No injury/unknown,ROADWAY SURFACE CONDITION,10TH & ROGERS ST,39.175152,-86.538512
2003,11,2,Weekday,1800,2-Car,No injury/unknown,OTHER (DRIVER) - EXPLAIN IN NARRATIVE,ALLEN & WALNUT ST,39.175152,-86.533456
2003,1,7,Weekend,1400,2-Car,No injury/unknown,OTHER (ENVIRONMENTAL) - EXPLAIN IN NARR,ROGERS & W 13TH ST,39.175152,-86.538512
2003,5,6,Weekday,1200,2-Car,No injury/unknown,OTHER (ENVIRONMENTAL) - EXPLAIN IN NARR,10TH & ROGERS,39.175152,-86.538512
2003,11,5,Weekday,1500,2-Car,No injury/unknown,UNSAFE BACKING,13TH & 13TH ST,39.175152,-86.518992
2003,11,3,Weekday,1900,2-Car,No injury/unknown,FAILURE TO YIELD RIGHT OF WAY,13TH & FEE LN,39.175152,-86.518992
2003,10,3,Weekday,1000,2-Car,No injury/unknown,UNSAFE SPEED,2ND & ROGERS ST,39.17508762,-86.538699
2003,6,4,Weekday,1700,3+ Cars,Non-incapacitating,UNSAFE SPEED,SR37 & VERNAL,39.17506282,-86.56449511
2003,2,5,Weekday,1100,1-Car,No injury/unknown,ROADWAY SURFACE CONDITION,CRESENT RD & VERNAL,39.17504,-86.556496
2003,10,6,Weekday,1200,3+ Cars,No injury/unknown,FAILURE TO YIELD RIGHT OF WAY,CRESCENT & VERNAL,39.17504,-86.556496
2003,3,5,Weekday,500,2-Car,Non-incapacitating,ROADWAY SURFACE CONDITION,CURRY PARK & JONATHAN,39.17493332,-86.582999
2003,4,7,Weekend,1300,2-Car,No injury/unknown,FOLLOWING TOO CLOSELY,JORDAN AVE & LAW,39.17476891,-86.51466906
2003,9,6,Weekday,1600,3+ Cars,No injury/unknown,OTHER (DRIVER) - EXPLAIN IN NARRATIVE,SR37 & VERNAL,39.17469251,-86.56501887
2003,8,6,Weekday,1200,3+ Cars,Non-incapacitating,FOLLOWING TOO CLOSELY,SR37 & VERNAL,39.17469251,-86.56501887
2003,9,7,Weekend,1200,3+ Cars,No injury/unknown,UNSAFE SPEED,SR37 & VERNAL,39.17459994,-86.56514981
2003,5,2,Weekday,0,2-Car,No injury/unknown,,FEE LN & LAW,39.1744589,-86.51893173
2003,8,1,Weekend,1200,1-Car,Non-incapacitating,RAN OFF ROAD RIGHT,12TH ST & GRANT,39.174448,-86.529696
2003,4,4,Weekday,2000,2-Car,No injury/unknown,RAN OFF ROAD RIGHT,12TH ST & LINCOLN,39.174416,-86.530992
2003,4,6,Weekday,1500,2-Car,Non-incapacitating,FOLLOWING TOO CLOSELY,12TH & INDIANA AVE,39.174368,-86.527088
2003,12,5,Weekday,2300,Bus,No injury/unknown,FAILURE TO YIELD RIGHT OF WAY,12TH & INDIANA AVE,39.174368,-86.527088
2003,9,5,Weekday,1900,2-Car,No injury/unknown,FAILURE TO YIELD RIGHT OF WAY,12TH & INDIANA AVE,39.174368,-86.527088
2003,2,3,Weekday,1700,2-Car,No injury/unknown,FOLLOWING TOO CLOSELY,12TH & INDIANA AVE,39.174368,-86.527088
2003,4,7,Weekend,1700,2-Car,No injury/unknown,FAILURE TO YIELD RIGHT OF WAY,12TH & INDIANA AVE,39.174368,-86.527088
2003,12,7,Weekend,900,2-Car,Non-incapacitating,FAILURE TO YIELD RIGHT OF WAY,12TH & INDIANA AVE,39.174368,-86.527088
2003,11,7,Weekend,1600,2-Car,No injury/unknown,FAILURE TO YIELD RIGHT OF WAY,12TH ST & WALNUT,39.17435359,-86.53336562
2003,6,1,Weekend,500,Moped/Motorcycle,Non-incapacitating,,14TH & WALNUT ST,39.174352,-86.533472
2003,8,5,Weekday,2100,2-Car,No injury/unknown,ALCOHOLIC BEVERAGES,12TH ST & MONROE,39.174352,-86.54717493
2003,7,7,Weekend,1700,1-Car,No injury/unknown,UNSAFE SPEED,12TH ST & WOODLAWN,39.17428291,-86.52401838
2003,11,1,Weekday,2100,2-Car,No injury/unknown,DRIVER DISTRACTED - EXPLAIN IN NARRATIVE,12TH ST & WOODLAWN,39.174272,-86.523664
2003,3,2,Weekday,1500,1-Car,No injury/unknown,OTHER (DRIVER) - EXPLAIN IN NARRATIVE,CURRY PIKE & PROFILE,39.174202,-86.582999
2003,3,5,Weekday,900,2-Car,No injury/unknown,,CURRY PIKE & PROFILE,39.174202,-86.582999
2003,5,4,Weekday,1600,3+ Cars,No injury/unknown,OTHER (DRIVER) - EXPLAIN IN NARRATIVE,SR37 & VERNAL,39.17410003,-86.56585688
2003,12,5,Weekday,1700,3+ Cars,No injury/unknown,FOLLOWING TOO CLOSELY,FEE LN & LAW,39.174048,-86.518896
2003,9,3,Weekday,1200,2-Car,Non-incapacitating,FOLLOWING TOO CLOSELY,FEE LN & LAW,39.174048,-86.518896
2003,5,7,Weekend,1000,2-Car,No injury/unknown,FAILURE TO YIELD RIGHT OF WAY,FEE LN & LAW,39.174048,-86.518896
2003,4,6,Weekday,1500,2-Car,Incapacitating,FOLLOWING TOO CLOSELY,FEE & LAW,39.174048,-86.518896
2003,10,6,Weekday,1700,2-Car,No injury/unknown,FOLLOWING TOO CLOSELY,FEE LN & LAW,39.174048,-86.518896
2003,5,4,Weekday,1200,2-Car,No injury/unknown,OTHER (DRIVER) - EXPLAIN IN NARRATIVE,ART & LAW LN,39.173952,-86.509792
2003,10,6,Weekday,1600,2-Car,No injury/unknown,UNSAFE BACKING,LAW LN,39.173872,-86.517728
2003,1,7,Weekend,1600,2-Car,No injury/unknown,UNSAFE BACKING,LAW LN,39.173872,-86.517728
2003,8,6,Weekday,1500,3+ Cars,Non-incapacitating,UNSAFE SPEED,SR37 & VERNAL,39.17376675,-86.56632825
2003,12,5,Weekday,1400,2-Car,Non-incapacitating,UNSAFE SPEED,JORDAN AVE & LAW,39.17373498,-86.51536601
2003,8,3,Weekday,1900,2-Car,No injury/unknown,FAILURE TO YIELD RIGHT OF WAY,JORDAN & LAW LN,39.17369282,-86.51653632
2003,9,3,Weekday,1500,2-Car,No injury/unknown,FAILURE TO YIELD RIGHT OF WAY,10TH ST & DECKARD,39.173648,-86.481888
2003,1,4,Weekday,1600,2-Car,No injury/unknown,FOLLOWING TOO CLOSELY,FEE LN & LAW,39.17363698,-86.51886272
2003,2,4,Weekday,800,2-Car,No injury/unknown,OTHER (DRIVER) - EXPLAIN IN NARRATIVE,IU POWER PLANT LOT & NORTH WALNUT GROVE,39.17360327,-86.52094727
2003,3,3,Weekday,1600,2-Car,No injury/unknown,FAILURE TO YIELD RIGHT OF WAY,JORDAN & LAW LN,39.17359894,-86.51583744
2003,3,4,Weekday,1100,2-Car,No injury/unknown,FAILURE TO YIELD RIGHT OF WAY,JORDAN & LAW LN,39.17359894,-86.51583744
2003,10,3,Weekday,2000,2-Car,No injury/unknown,UNSAFE BACKING,JORDAN & LAW LN,39.17356139,-86.51555789
2003,3,3,Weekday,1600,2-Car,No injury/unknown,OTHER (DRIVER) - EXPLAIN IN NARRATIVE,LAW & N JORDAN AVE,39.173552,-86.515488
2003,4,2,Weekday,1200,2-Car,No injury/unknown,FAILURE TO YIELD RIGHT OF WAY,LAW & NORTH JORDAN,39.173552,-86.515488
2003,2,7,Weekend,1700,2-Car,No injury/unknown,UNSAFE SPEED,JORDAN AVE & LAW,39.173552,-86.515488
2003,8,6,Weekday,1100,2-Car,No injury/unknown,FAILURE TO YIELD RIGHT OF WAY,JORDAN AVE AVE & LAW LANE,39.173552,-86.515488
2003,2,7,Weekend,1600,2-Car,No injury/unknown,ROADWAY SURFACE CONDITION,JORDON AVE & LAW,39.173552,-86.515488
2003,4,7,Weekend,1800,2-Car,No injury/unknown,IMPROPER TURNING,JORDAN AVE & LAW,39.173552,-86.515488
2003,2,7,Weekend,1500,2-Car,No injury/unknown,FOLLOWING TOO CLOSELY,JORDAN & LAW,39.17352526,-86.51538737
2003,10,4,Weekday,2000,3+ Cars,Non-incapacitating,FOLLOWING TOO CLOSELY,11TH & INDIANA AVE,39.17349489,-86.52705789
2003,5,7,Weekend,1900,2-Car,No injury/unknown,OTHER (ENVIRONMENTAL) - EXPLAIN IN NARR,11TH ST & DUNN,39.17344,-86.52842986
2003,2,7,Weekend,1100,2-Car,No injury/unknown,FAILURE TO YIELD RIGHT OF WAY,11TH ST & MORTON,39.17344,-86.530992
2003,10,3,Weekday,1200,2-Car,No injury/unknown,UNSAFE BACKING,E 11TH ST & FESS,39.17344,-86.525792
2003,11,4,Weekday,1300,2-Car,No injury/unknown,FAILURE TO YIELD RIGHT OF WAY,11TH & INDIANA AVE,39.17344,-86.527056
2003,11,2,Weekday,1200,2-Car,No injury/unknown,IMPROPER PASSING,11TH ST & WALNUT COLLEGE,39.17344,-86.520944
2003,9,2,Weekday,1400,2-Car,Non-incapacitating,FAILURE TO YIELD RIGHT OF WAY,11TH & GRANT,39.17344,-86.529696
2003,10,7,Weekend,800,2-Car,No injury/unknown,,11TH & LINCOLN,39.17344,-86.5324
2003,7,3,Weekday,1400,2-Car,No injury/unknown,,11TH & INDIANA,39.17344,-86.527056
2003,9,4,Weekday,1900,2-Car,No injury/unknown,IMPROPER PASSING,11TH ST,39.17344,-86.531696
2003,9,2,Weekday,1700,2-Car,Non-incapacitating,WRONG WAY ON ONE WAY,11TH & WOODLAWN,39.17344,-86.523616
2003,8,6,Weekday,900,2-Car,No injury/unknown,FAILURE TO YIELD RIGHT OF WAY,11TH & INDIANA,39.17344,-86.527056
2003,7,5,Weekday,2100,2-Car,No injury/unknown,UNSAFE BACKING,11TH ST & ROGERS,39.17344,-86.53033078
2003,5,6,Weekday,1000,2-Car,No injury/unknown,OTHER (DRIVER) - EXPLAIN IN NARRATIVE,ELEVENTH ST,39.17344,-86.53054237
2003,9,3,Weekday,2000,2-Car,No injury/unknown,OTHER (DRIVER) - EXPLAIN IN NARRATIVE,11TH ST,39.17344,-86.531696
2003,3,7,Weekend,1500,2-Car,No injury/unknown,FAILURE TO YIELD RIGHT OF WAY,11TH & INDIANA AVE,39.17344,-86.527056
2003,2,4,Weekday,1700,1-Car,No injury/unknown,OTHER (DRIVER) - EXPLAIN IN NARRATIVE,11TH ST & MORTON,39.17344,-86.530992
2003,2,2,Weekday,700,1-Car,No injury/unknown,UNSAFE SPEED,11TH ST & WALNUT,39.17344,-86.520944
2003,1,4,Weekday,1500,2-Car,Non-incapacitating,FAILURE TO YIELD RIGHT OF WAY,11TH & WOODLAWN AVE,39.17344,-86.523616
2003,2,5,Weekday,1600,2-Car,No injury/unknown,FAILURE TO YIELD RIGHT OF WAY,11TH & WOODLAWN,39.17344,-86.523616
2003,7,4,Weekday,0,1-Car,Non-incapacitating,FAILURE TO YIELD RIGHT OF WAY,11TH ST & WALNUT GROVE,39.17344,-86.520944
2003,7,7,Weekend,1700,1-Car,No injury/unknown,OTHER (DRIVER) - EXPLAIN IN NARRATIVE,11TH,39.17344,-86.525792
2003,12,7,Weekend,1700,2-Car,No injury/unknown,,JORDAN AVE & LAW,39.17334697,-86.5155126
2003,6,5,Weekday,1400,2-Car,No injury/unknown,,11TH ST & MONROE,39.173344,-86.54657201
2003,1,6,Weekend,,2-Car,No injury/unknown,RAN OFF ROAD RIGHT,11TH ST & ORRIS,39.173344,-86.54505866
2003,2,6,Weekend,,2-Car,No injury/unknown,OTHER (DRIVER) - EXPLAIN IN NARRATIVE,11TH & BLAIR,39.173344,-86.543792
2003,12,5,Weekday,200,2-Car,Non-incapacitating,FAILURE TO YIELD RIGHT OF WAY,11TH ST & ADAMS,39.173344,-86.549792
2003,11,1,Weekend,1200,2-Car,No injury/unknown,OVERCORRECTING/OVERSTEERING,11TH,39.173344,-86.54734825
2003,7,3,Weekday,1900,2-Car,No injury/unknown,UNSAFE BACKING,11TH & BLAIR ST,39.173344,-86.543792
2003,6,5,Weekday,1100,2-Car,No injury/unknown,UNSAFE BACKING,11TH ST & ALEXANDER,39.173344,-86.549296
2003,8,2,Weekday,600,2-Car,No injury/unknown,RAN OFF ROAD RIGHT,11TH ST & ADAMS,39.173344,-86.54926001
2003,4,7,Weekend,1900,1-Car,Non-incapacitating,OTHER (DRIVER) - EXPLAIN IN NARRATIVE,11TH ST & ILLINOIS,39.173344,-86.550304
2003,7,1,Weekend,1800,2-Car,No injury/unknown,FAILURE TO YIELD RIGHT OF WAY,11TH ST & ILLINOIS,39.173344,-86.550304
2003,1,2,Weekday,1500,2-Car,Non-incapacitating,DISREGARD SIGNAL/REG SIGN,11TH & VERNAL PIKE,39.173344,-86.555104
2003,10,6,Weekday,1400,Bus,Fatal,OTHER (DRIVER) - EXPLAIN IN NARRATIVE,11TH ST & FAIRVIEW,39.17331771,-86.54096948
2003,12,7,Weekend,2000,2-Car,No injury/unknown,FOLLOWING TOO CLOSELY,11TH & ROGERS ST,39.17329382,-86.53852688
2003,2,5,Weekday,1000,2-Car,No injury/unknown,UNSAFE BACKING,11TH ST & WALNUT,39.173248,-86.533488
2003,12,3,Weekday,1800,2-Car,No injury/unknown,FAILURE TO YIELD RIGHT OF WAY,11TH & WALNUT,39.173248,-86.533488
2003,5,5,Weekday,1000,2-Car,Non-incapacitating,DISREGARD SIGNAL/REG SIGN,11TH ST & COLLEGE,39.173232,-86.534752
2003,2,2,Weekday,900,2-Car,No injury/unknown,OTHER (ENVIRONMENTAL) - EXPLAIN IN NARR,COLLEGE,39.173232,-86.534752
2003,12,4,Weekday,1500,2-Car,No injury/unknown,FOLLOWING TOO CLOSELY,COLLEGE AVE & ELEVENTH,39.173232,-86.534752
2003,11,3,Weekday,1300,2-Car,Non-incapacitating,DISREGARD SIGNAL/REG SIGN,11TH & COLLEGE,39.173232,-86.534752
2003,5,4,Weekday,1200,Bus,No injury/unknown,IMPROPER TURNING,11TH & COLEGE,39.173232,-86.534752
2003,3,5,Weekday,1600,Moped/Motorcycle,Non-incapacitating,FAILURE TO YIELD RIGHT OF WAY,11TH & NORTH COLLEGE AVE,39.173232,-86.534752
2003,2,2,Weekday,600,2-Car,No injury/unknown,,11TH ST & COLLEGE,39.173232,-86.534752
2003,8,2,Weekday,1400,2-Car,Non-incapacitating,OTHER (DRIVER) - EXPLAIN IN NARRATIVE,11TH & COLLEGE AVE,39.173232,-86.534752
2003,11,3,Weekday,1300,2-Car,No injury/unknown,FOLLOWING TOO CLOSELY,11TH & COLLEGE AVE,39.173232,-86.534752
2003,11,3,Weekday,1300,2-Car,No injury/unknown,FOLLOWING TOO CLOSELY,11TH & COLLEGE AVE,39.173232,-86.534752
2003,2,1,Weekday,2100,2-Car,No injury/unknown,FAILURE TO YIELD RIGHT OF WAY,FEE LN & LAW,39.17322605,-86.51882775
2003,7,6,Weekday,1700,Moped/Motorcycle,Non-incapacitating,FAILURE TO YIELD RIGHT OF WAY,11TH & MORTON,39.17321736,-86.53589362
2003,2,5,Weekday,2300,2-Car,No injury/unknown,,11TH ST & MORTON,39.173216,-86.536
2003,3,4,Weekday,1600,2-Car,Non-incapacitating,FAILURE TO YIELD RIGHT OF WAY,11TH & MORTON,39.173216,-86.536
2003,4,1,Weekend,1700,2-Car,No injury/unknown,DISREGARD SIGNAL/REG SIGN,11TH ST & ROGERS,39.173184,-86.538528
2003,10,6,Weekday,1200,2-Car,No injury/unknown,FOLLOWING TOO CLOSELY,11TH ST & ROGERS,39.173184,-86.538528
2003,8,4,Weekday,1300,2-Car,No injury/unknown,,11TH ST & ROGERS,39.173184,-86.538528
2003,4,5,Weekday,0,2-Car,No injury/unknown,DISREGARD SIGNAL/REG SIGN,11TH ST & ROGERS,39.173184,-86.538528
2003,8,2,Weekday,1700,2-Car,No injury/unknown,IMPROPER TURNING,11TH & MORTON ST,39.17316109,-86.536
2003,5,3,Weekday,1000,2-Car,No injury/unknown,FAILURE TO YIELD RIGHT OF WAY,11TH ST & FAIRFVIEW,39.173152,-86.5408
2003,9,4,Weekday,1400,1-Car,Non-incapacitating,FAILURE TO YIELD RIGHT OF WAY,11TH ST & FAIRVIEW,39.173152,-86.5408
2003,3,1,Weekday,2100,2-Car,No injury/unknown,RAN OFF ROAD LEFT,11TH & FAIRVIEW,39.173152,-86.5408
2003,11,6,Weekday,1400,2-Car,No injury/unknown,FAILURE TO YIELD RIGHT OF WAY,11TH & COLLEGE AVE,39.17314964,-86.53475289
2003,10,5,Weekday,1700,2-Car,Non-incapacitating,FAILURE TO YIELD RIGHT OF WAY,2ND & PATTERSON,39.17307488,-86.550396
2003,9,6,Weekend,1900,1-Car,No injury/unknown,ANIMAL/OBJECT IN ROADWAY,SR45 & SR46,39.17289854,-86.50282742
2003,2,2,Weekday,1700,2-Car,No injury/unknown,OTHER (DRIVER) - EXPLAIN IN NARRATIVE,SR37 & VERNAL,39.17284142,-86.56763813
2003,9,6,Weekday,1300,2-Car,No injury/unknown,UNSAFE BACKING,11TH & INDIANA,39.17278694,-86.52704294
2003,2,4,Weekday,1400,2-Car,No injury/unknown,FAILURE TO YIELD RIGHT OF WAY,COTTATGE GROVE & PARK,39.172752,-86.543792
2003,3,5,Weekday,1700,2-Car,No injury/unknown,FAILURE TO YIELD RIGHT OF WAY,SMITH & SR45,39.172752,-86.482288
2003,9,2,Weekday,1400,2-Car,No injury/unknown,OTHER (DRIVER) - EXPLAIN IN NARRATIVE,COTTAGE GROVE & DUNN ST,39.17272236,-86.52827365
2003,12,6,Weekday,600,2-Car,No injury/unknown,LEFT OF CENTER,BENT TREE DR & HICKORY STICK,39.17270421,-86.521699
2003,5,7,Weekend,2100,1-Car,Non-incapacitating,RAN OFF ROAD RIGHT,HARTSTRAIGHT & VERNAL PIKE,39.172704,-86.655888
2003,1,6,Weekday,1700,1-Car,No injury/unknown,OTHER (ENVIRONMENTAL) - EXPLAIN IN NARR,OVAD & VERNAL PIKE,39.172704,-86.655888
2003,10,4,Weekday,1600,2-Car,No injury/unknown,INSECURE/LEAKY LOAD,COTTAGE GRV & FORREST,39.17264,-86.522432
2003,1,6,Weekday,1600,2-Car,No injury/unknown,FAILURE TO YIELD RIGHT OF WAY,COTTAGE GROVE & E W ALLEY,39.17264,-86.529696
2003,3,4,Weekday,1100,2-Car,Non-incapacitating,DISREGARD SIGNAL/REG SIGN,COTTAGE GROVE & WOODLAWN AVE,39.17264,-86.523584
2003,2,5,Weekday,1400,2-Car,No injury/unknown,FAILURE TO YIELD RIGHT OF WAY,E COTTAGE GROVE & N WOODLAWN,39.17264,-86.523584
2003,10,3,Weekday,1400,2-Car,No injury/unknown,FAILURE TO YIELD RIGHT OF WAY,COTTAGE & WOODLAWN,39.17264,-86.523584
2003,10,6,Weekday,1200,1-Car,Non-incapacitating,WRONG WAY ON ONE WAY,COTTAGE & INDIANA AVE,39.17264,-86.52704
2003,11,7,Weekend,1600,2-Car,No injury/unknown,FAILURE TO YIELD RIGHT OF WAY,COTTAGE GROVE & INDIANA AVE,39.17264,-86.52704
2003,5,3,Weekday,100,2-Car,No injury/unknown,,COTTAGE GROVE & INDIANA,39.17264,-86.52704
2003,5,7,Weekend,1900,1-Car,No injury/unknown,OTHER (DRIVER) - EXPLAIN IN NARRATIVE,COTTAGE GROVE & WALNUT GROVE,39.17264,-86.520928
2003,1,3,Weekday,1400,2-Car,No injury/unknown,FAILURE TO YIELD RIGHT OF WAY,COTTAGE GRV & PARK,39.17264,-86.52464
2003,4,3,Weekday,1800,2-Car,No injury/unknown,FAILURE TO YIELD RIGHT OF WAY,COTTAGE GROVE & FOREST,39.17264,-86.522432
2003,3,2,Weekday,1700,2-Car,No injury/unknown,FAILURE TO YIELD RIGHT OF WAY,COTTAGE & GRANT ST,39.17264,-86.529696
2003,4,4,Weekday,1100,2-Car,No injury/unknown,OTHER (DRIVER) - EXPLAIN IN NARRATIVE,COTTAGE GROVE & INDIANA,39.17264,-86.52704
2003,7,5,Weekday,1800,2-Car,Non-incapacitating,FOLLOWING TOO CLOSELY,10TH & SMITH RD,39.17253346,-86.48207333
2003,8,6,Weekday,0,2-Car,Non-incapacitating,,10TH & SMITH RD,39.1724239,-86.4819665
2003,12,6,Weekday,1300,2-Car,No injury/unknown,,10TH & FEE LN,39.17240587,-86.51875795
2003,1,2,Weekday,1000,2-Car,No injury/unknown,UNSAFE SPEED,LAW LN & UNION,39.172399,-86.51026372
2003,1,5,Weekday,1300,2-Car,No injury/unknown,UNSAFE BACKING,LAW LN & NORTH UNION,39.172399,-86.51030265
2003,12,3,Weekday,1300,1-Car,Non-incapacitating,TIRE FAILURE OR DEFECTIVE,10TH ST & SMITH,39.17237603,-86.48280496
2003,11,2,Weekday,2100,2-Car,No injury/unknown,FAILURE TO YIELD RIGHT OF WAY,CLARIZZ BLVD & MOORES,39.17224059,-86.4912
2003,10,5,Weekday,1300,2-Car,No injury/unknown,FOLLOWING TOO CLOSELY,ELEVENTH & N COLLEGE AVE,39.17219951,-86.5347631
2003,5,7,Weekend,1100,1-Car,No injury/unknown,OTHER (ENVIRONMENTAL) - EXPLAIN IN NARR,UNION & UNION ST,39.172144,-86.509392
2003,6,5,Weekday,700,3+ Cars,No injury/unknown,FAILURE TO YIELD RIGHT OF WAY,10TH & SMITH RD,39.17209519,-86.48164601
2003,2,5,Weekday,800,2-Car,No injury/unknown,UNSAFE BACKING,PARK RIDGE & WILTSHIRE CT,39.172048,-86.4732
2003,10,5,Weekday,2100,2-Car,No injury/unknown,UNSAFE BACKING,SMITH RD,39.172048,-86.4816
2003,7,5,Weekday,1500,2-Car,No injury/unknown,UNSAFE BACKING,10TH & SMITH,39.172048,-86.4816
2003,5,3,Weekday,1300,2-Car,No injury/unknown,UNSAFE BACKING,SMITH RD,39.172048,-86.4816
2003,8,6,Weekday,1400,2-Car,No injury/unknown,UNSAFE BACKING,SR37 & WEST  WHITEHALL CROSSING,39.171921,-86.57262269
2003,4,4,Weekday,1500,2-Car,No injury/unknown,FOLLOWING TOO CLOSELY,10TH & COLLEGE AVE,39.17188127,-86.53476652
2003,9,6,Weekday,1500,3+ Cars,No injury/unknown,FOLLOWING TOO CLOSELY,10TH & COLLEGE,39.17188127,-86.53476652
2003,10,6,Weekday,1200,2-Car,No injury/unknown,ALCOHOLIC BEVERAGES,10TH & LINCOLN,39.17184928,-86.530992
2003,10,5,Weekday,1100,2-Car,No injury/unknown,FOLLOWING TOO CLOSELY,10TH ST & SMITH,39.17184,-86.487488
2003,12,7,Weekend,1700,2-Car,No injury/unknown,OTHER (DRIVER) - EXPLAIN IN NARRATIVE,10TH & WASHINGTON,39.17175546,-86.5324
2003,1,6,Weekend,2100,2-Car,No injury/unknown,,10TH & MORTON ST,39.171744,-86.536
2003,2,5,Weekday,2100,2-Car,No injury/unknown,IMPROPER TURNING,10TH & N COLLEGE,39.171744,-86.534768
2003,3,6,Weekend,2000,2-Car,No injury/unknown,IMPROPER TURNING,10TH & WALNUT ST,39.171744,-86.53352
2003,6,2,Weekday,1700,2-Car,No injury/unknown,FAILURE TO YIELD RIGHT OF WAY,10TH & COLLEGE,39.171744,-86.534768
2003,9,3,Weekday,900,2-Car,No injury/unknown,FAILURE TO YIELD RIGHT OF WAY,10TH ST & WALNUT,39.171744,-86.53352
2003,11,6,Weekday,1500,2-Car,No injury/unknown,IMPROPER TURNING,10TH & N COLLEGE,39.171744,-86.534768
2003,10,1,Weekend,900,2-Car,No injury/unknown,OTHER (DRIVER) - EXPLAIN IN NARRATIVE,10TH & WALNUT,39.171744,-86.53352
2003,7,1,Weekend,900,Bus,Non-incapacitating,IMPROPER TURNING,10TH ST & WALNUT,39.171744,-86.53352
2003,7,5,Weekday,1200,2-Car,No injury/unknown,IMPROPER TURNING,10TH & COLLEGE AVE,39.171744,-86.534768
2003,9,2,Weekday,2100,2-Car,No injury/unknown,PRESCRIPTION DRUGS,10TH ST & COLLEGE,39.171744,-86.534768
2003,6,3,Weekday,1800,2-Car,No injury/unknown,FAILURE TO YIELD RIGHT OF WAY,10TH & COLLEGE AVE,39.171744,-86.534768
2003,5,4,Weekday,1300,2-Car,Non-incapacitating,OTHER (DRIVER) - EXPLAIN IN NARRATIVE,10TH & N COLLEGE AVE,39.171744,-86.534768
2003,9,5,Weekday,800,2-Car,No injury/unknown,IMPROPER TURNING,10TH & COLLEGE AVE,39.171744,-86.534768
2003,6,2,Weekday,1300,2-Car,No injury/unknown,,10TH & COLLEGE AVE,39.171744,-86.534768
2003,1,7,Weekend,1900,2-Car,No injury/unknown,FAILURE TO YIELD RIGHT OF WAY,10TH ST & COLLEGE,39.171744,-86.534768
2003,8,6,Weekday,700,2-Car,No injury/unknown,FAILURE TO YIELD RIGHT OF WAY,10TH ST & COLLEGE,39.171744,-86.534768
2003,7,5,Weekday,1400,2-Car,No injury/unknown,IMPROPER TURNING,10TH & COLLEGE,39.171744,-86.534768
2003,11,3,Weekday,900,2-Car,No injury/unknown,FAILURE TO YIELD RIGHT OF WAY,10TH & WALNUT ST,39.171744,-86.53352
2003,12,3,Weekday,1400,2-Car,No injury/unknown,FAILURE TO YIELD RIGHT OF WAY,10 ST & COLLEGE,39.171744,-86.534768
2003,2,6,Weekday,1600,3+ Cars,Non-incapacitating,FOLLOWING TOO CLOSELY,10TH ST & LINCOLN,39.17171281,-86.53106292
2003,11,7,Weekend,1100,2-Car,No injury/unknown,FOLLOWING TOO CLOSELY,10TH ST & LINCOLN,39.17171281,-86.53106292
2003,9,3,Weekday,0,2-Car,Non-incapacitating,RAN OFF ROAD RIGHT,10TH & LINCOLN ST,39.171712,-86.530992
2003,12,2,Weekday,1300,2-Car,Non-incapacitating,FAILURE TO YIELD RIGHT OF WAY,LINCOLN & TENTH ST,39.171712,-86.530992
2003,9,6,Weekday,1000,2-Car,No injury/unknown,ALCOHOLIC BEVERAGES,10TH ST & LINCOLN,39.171712,-86.530992
2003,10,6,Weekday,1300,2-Car,No injury/unknown,,COTTAGE & LINCOLN ST,39.171712,-86.530992
2003,10,7,Weekend,1300,2-Car,No injury/unknown,FAILURE TO YIELD RIGHT OF WAY,10TH & LINCOLN,39.171712,-86.530992
2003,7,7,Weekend,1300,2-Car,No injury/unknown,FAILURE TO YIELD RIGHT OF WAY,10TH ST & LINCOLN,39.171712,-86.530992
2003,11,7,Weekend,300,3+ Cars,Non-incapacitating,ALCOHOLIC BEVERAGES,10TH ST & LINCOLN,39.171712,-86.530992
2003,7,7,Weekend,2100,2-Car,No injury/unknown,DISREGARD SIGNAL/REG SIGN,10TH ST & LINCOLN,39.171712,-86.530992
2003,4,7,Weekend,1900,2-Car,No injury/unknown,DISREGARD SIGNAL/REG SIGN,10TH ST & LINCOLN,39.171712,-86.530992
2003,11,3,Weekday,1600,2-Car,No injury/unknown,UNSAFE SPEED,10TH ST & LINCOLN,39.171712,-86.530992
2003,2,2,Weekday,1500,2-Car,No injury/unknown,IMPROPER LANE USAGE,10TH & COLLEGE AVE,39.17170282,-86.534768
2003,9,2,Weekday,1900,2-Car,No injury/unknown,FAILURE TO YIELD RIGHT OF WAY,10TH ST & GRANT,39.171696,-86.529696
2003,8,4,Weekday,1100,2-Car,No injury/unknown,FAILURE TO YIELD RIGHT OF WAY,E 10TH & N GRANT ST,39.171696,-86.529696
2003,6,1,Weekend,100,2-Car,No injury/unknown,UNSAFE BACKING,GRANT & UNIVERSITY,39.171696,-86.529696
2003,4,7,Weekend,1200,2-Car,No injury/unknown,FAILURE TO YIELD RIGHT OF WAY,10TH ST & GRANT,39.171696,-86.529696