Year,Month,Day,Weekend?,Hour,Collision Type,Injury Type,Primary Factor,Reported_Location,Latitude,Longitude
2003,8,7,Weekend,1800,2-Car,Non-incapacitating,FAILURE TO YIELD RIGHT OF WAY,10TH ST & GRANT,39.171696,-86.529696
2003,10,1,Weekend,1100,2-Car,No injury/unknown,IMPROPER TURNING,10TH & COLLEGE AVE,39.17168909,-86.534768
2003,5,1,Weekend,1100,2-Car,No injury/unknown,IMPROPER TURNING,10TH & COLLEGE AVE,39.17168909,-86.534768
2003,10,3,Weekday,1900,2-Car,No injury/unknown,FOLLOWING TOO CLOSELY,10TH ST & INDIANA,39.17168,-86.52720133
2003,3,5,Weekday,1700,2-Car,No injury/unknown,,10TH ST & DUNN,39.17168,-86.528256
2003,3,5,Weekday,1300,2-Car,No injury/unknown,OTHER LIGHTS DEFECTIVE,EAST 10TH ST & NORTH INDIANA,39.17168,-86.527024
2003,11,6,Weekday,1400,3+ Cars,No injury/unknown,FOLLOWING TOO CLOSELY,DUNN & TENTH ST,39.17168,-86.528256
2003,11,1,Weekend,600,2-Car,No injury/unknown,DISREGARD SIGNAL/REG SIGN,10TH ST & INDIANA,39.17168,-86.527024
2003,10,1,Weekend,1000,2-Car,No injury/unknown,FAILURE TO YIELD RIGHT OF WAY,10TH & COTTAGE GROVE,39.17168,-86.52815543
2003,12,3,Weekday,700,1-Car,Non-incapacitating,FAILURE TO YIELD RIGHT OF WAY,10TH ST & DUNN,39.17168,-86.528256
2003,12,2,Weekday,1200,Bus,No injury/unknown,,10TH ST & INDIANA,39.17168,-86.527024
2003,9,3,Weekday,1300,2-Car,No injury/unknown,FAILURE TO YIELD RIGHT OF WAY,10TH,39.17168,-86.52815543
2003,5,6,,,2-Car,No injury/unknown,UNSAFE BACKING,10TH ST & INDIANA,39.17168,-86.52815543
2003,5,2,Weekday,100,2-Car,No injury/unknown,,10TH ST,39.17168,-86.52802971
2003,2,7,Weekend,1100,2-Car,No injury/unknown,FAILURE TO YIELD RIGHT OF WAY,10TH ST & DUNN,39.17168,-86.528256
2003,1,6,Weekday,1400,2-Car,No injury/unknown,DISREGARD SIGNAL/REG SIGN,10TH ST & INDIANA,39.17168,-86.527024
2003,9,4,Weekday,1500,2-Car,Incapacitating,FOLLOWING TOO CLOSELY,10TH & INDIANA,39.17168,-86.527024
2003,12,5,Weekday,1200,1-Car,No injury/unknown,DISREGARD SIGNAL/REG SIGN,10TH & INDIANA AVE,39.17168,-86.527024
2003,6,3,Weekday,1700,3+ Cars,No injury/unknown,FOLLOWING TOO CLOSELY,10TH ST & INDIANA,39.17167865,-86.52691762
2003,10,7,Weekend,0,2-Car,Non-incapacitating,BRAKE FAILURE OR DEFECTIVE,10TH ST & INDIANA,39.17167821,-86.52688216
2003,4,2,Weekday,2000,2-Car,No injury/unknown,UNSAFE BACKING,S PARK RG RD,39.17166719,-86.47377122
2003,12,6,Weekday,200,2-Car,No injury/unknown,DISREGARD SIGNAL/REG SIGN,10TH ST & FESS,39.171664,-86.52576
2003,11,7,Weekend,100,1-Car,No injury/unknown,OVERCORRECTING/OVERSTEERING,10TH ST & JEFFERSON,39.171648,-86.50699934
2003,9,3,Weekday,1800,1-Car,Non-incapacitating,OTHER (DRIVER) - EXPLAIN IN NARRATIVE,10TH ST & SR 45 46,39.171648,-86.502096
2003,2,5,Weekday,1600,2-Car,Non-incapacitating,FOLLOWING TOO CLOSELY,SR45 & SR46,39.171648,-86.502096
2003,5,5,Weekday,700,2-Car,No injury/unknown,FAILURE TO YIELD RIGHT OF WAY,10TH ST & UNIVERSITY SHOOL,39.171648,-86.50298873
2003,12,7,Weekend,1700,1-Car,Non-incapacitating,ROADWAY SURFACE CONDITION,10TH ST & JEFFERSON,39.171648,-86.507088
2003,9,3,Weekday,1100,2-Car,Non-incapacitating,OTHER (DRIVER) - EXPLAIN IN NARRATIVE,SR45 & WALNUT,39.171648,-86.502096
2003,12,2,Weekday,1600,2-Car,No injury/unknown,FAILURE TO YIELD RIGHT OF WAY,10TH ST & PARK,39.171648,-86.524608
2003,10,5,Weekday,1600,2-Car,No injury/unknown,OVERCORRECTING/OVERSTEERING,E 10TH ST & JEFFERSON,39.171648,-86.507088
2003,10,7,Weekend,200,1-Car,No injury/unknown,ROADWAY SURFACE CONDITION,10TH ST & JEFFERSON,39.171648,-86.507088
2003,10,3,Weekday,1700,2-Car,Non-incapacitating,IMPROPER LANE USAGE,2ND & PARK,39.171648,-86.524608
2003,10,7,Weekend,1500,2-Car,Non-incapacitating,OTHER (DRIVER) - EXPLAIN IN NARRATIVE,SR 45 & SR 46,39.171648,-86.502096
2003,12,4,Weekday,900,2-Car,No injury/unknown,FAILURE TO YIELD RIGHT OF WAY,10TH ST,39.171648,-86.50298873
2003,7,4,Weekday,900,1-Car,No injury/unknown,OTHER (DRIVER) - EXPLAIN IN NARRATIVE,JEFFERSON & TENTH ST,39.171648,-86.507088
2003,8,4,Weekday,1300,2-Car,No injury/unknown,FAILURE TO YIELD RIGHT OF WAY,10 & SR45 46,39.171648,-86.502096
2003,8,6,Weekday,700,2-Car,Non-incapacitating,FOLLOWING TOO CLOSELY,10TH & PETE ELLIS,39.171648,-86.502096
2003,6,7,Weekend,1100,2-Car,No injury/unknown,FOLLOWING TOO CLOSELY,10TH & SR46,39.171648,-86.502096
2003,2,5,Weekday,2000,1-Car,No injury/unknown,,10TH ST & PARK,39.171648,-86.524608
2003,5,5,Weekday,1200,2-Car,No injury/unknown,FOLLOWING TOO CLOSELY,E TENTH ST & PARK,39.171648,-86.524608
2003,8,5,Weekday,1200,3+ Cars,No injury/unknown,FOLLOWING TOO CLOSELY,10TH & SR 45 46 BYP,39.171648,-86.502096
2003,6,6,Weekday,1100,2-Car,No injury/unknown,IMPROPER TURNING,10TH & PARK AVE,39.171648,-86.524608
2003,11,7,Weekend,0,1-Car,Non-incapacitating,ALCOHOLIC BEVERAGES,10TH ST & JEFFERSON,39.171648,-86.507088
2003,1,1,Weekend,1500,1-Car,No injury/unknown,RAN OFF ROAD RIGHT,10TH ST & JEFFERSON,39.171648,-86.507088
2003,1,6,Weekend,2000,2-Car,No injury/unknown,ROADWAY SURFACE CONDITION,10TH ST & PARK,39.171648,-86.524608
2003,6,5,Weekday,1400,2-Car,No injury/unknown,FAILURE TO YIELD RIGHT OF WAY,10TH & PARK,39.171648,-86.524608
2003,11,7,Weekend,400,1-Car,No injury/unknown,UNSAFE SPEED,10TH ST & JEFFERSON,39.171648,-86.507088
2003,12,4,Weekday,1400,3+ Cars,No injury/unknown,FOLLOWING TOO CLOSELY,10TH ST & PARK,39.17164641,-86.52450163
2003,12,6,Weekday,900,3+ Cars,No injury/unknown,ROADWAY SURFACE CONDITION,10TH ST & SR45,39.17164539,-86.50196904
2003,12,6,Weekday,900,2-Car,No injury/unknown,ROADWAY SURFACE CONDITION,10TH & 10TH ST,39.17164539,-86.50196904
2003,6,2,Weekday,1100,3+ Cars,Non-incapacitating,UNSAFE SPEED,10TH ST & WOODLAWN,39.17164259,-86.52424517
2003,5,2,Weekday,1500,2-Car,No injury/unknown,OTHER (DRIVER) - EXPLAIN IN NARRATIVE,10TH ST & WOODLAWN,39.17163729,-86.52389058
2003,10,6,Weekday,1700,2-Car,No injury/unknown,UNSAFE SPEED,10TH & JORDAN AVE,39.17163401,-86.51571816
2003,9,6,Weekday,1300,2-Car,No injury/unknown,IMPROPER LANE USAGE,10TH & JORDAN AVE,39.17163401,-86.51571816
2003,3,6,Weekday,1700,2-Car,Non-incapacitating,,10TH ST & WOODLAWN,39.17163359,-86.52364238
2003,11,3,Weekday,1700,2-Car,Non-incapacitating,OVERCORRECTING/OVERSTEERING,10TH ST & WOODLAWN,39.171632,-86.523536
2003,11,1,Weekday,2100,1-Car,Non-incapacitating,FAILURE TO YIELD RIGHT OF WAY,10TH & WOODLAWN,39.171632,-86.523536
2003,12,7,Weekend,1700,2-Car,Non-incapacitating,ROADWAY SURFACE CONDITION,10TH & WOODLAWN,39.171632,-86.523536
2003,10,5,Weekday,900,2-Car,No injury/unknown,UNSAFE BACKING,10TH & WOODLAWN,39.171632,-86.523536
2003,10,4,Weekday,1700,2-Car,No injury/unknown,UNSAFE BACKING,N WOODLAWN ALY,39.171632,-86.523536
2003,10,5,Weekday,1600,Bus,No injury/unknown,DISREGARD SIGNAL/REG SIGN,10TH ST & WOODLAWN,39.171632,-86.523536
2003,9,2,Weekday,2000,3+ Cars,Non-incapacitating,UNSAFE SPEED,10TH ST & WOODLAWN,39.171632,-86.523536
2003,10,3,Weekday,1200,2-Car,Non-incapacitating,OTHER (DRIVER) - EXPLAIN IN NARRATIVE,E10TH ST & WOODLAWN,39.171632,-86.523536
2003,1,1,Weekend,300,2-Car,No injury/unknown,FAILURE TO YIELD RIGHT OF WAY,E 10TH ST & N WOODLAWN,39.171632,-86.523536
2003,6,6,Weekday,1500,2-Car,No injury/unknown,FAILURE TO YIELD RIGHT OF WAY,10TH ST & WOODLAWN,39.171632,-86.523536
2003,9,2,Weekday,1500,2-Car,No injury/unknown,UNSAFE SPEED,10TH ST & WOODLAWN,39.171631,-86.52346508
2003,4,1,Weekend,0,2-Car,Non-incapacitating,FAILURE TO YIELD RIGHT OF WAY,SR45 & SR46,39.17162979,-86.50120969
2003,1,4,Weekday,1300,3+ Cars,No injury/unknown,UNSAFE SPEED,10TH ST & WOODLAWN,39.17162826,-86.52327006
2003,5,1,Weekday,2300,2-Car,No injury/unknown,IMPROPER LANE USAGE,10TH & DUNN,39.17162509,-86.52825523
2003,8,6,Weekday,1400,2-Car,No injury/unknown,FOLLOWING TOO CLOSELY,10TH ST & FORREST,39.171616,-86.5224
2003,8,6,Weekday,1500,2-Car,No injury/unknown,FOLLOWING TOO CLOSELY,10TH ST & FORREST,39.171616,-86.5224
2003,5,5,Weekday,1500,2-Car,Non-incapacitating,FOLLOWING TOO CLOSELY,10TH ST & FORREST,39.171616,-86.5224
2003,1,3,Weekday,1500,2-Car,Non-incapacitating,FOLLOWING TOO CLOSELY,10TH ST & FORREST,39.171616,-86.5224
2003,11,2,Weekday,1900,1-Car,No injury/unknown,FOLLOWING TOO CLOSELY,10TH ST & FORREST,39.171616,-86.5224
2003,3,6,Weekday,1400,3+ Cars,Non-incapacitating,FOLLOWING TOO CLOSELY,10TH ST & FORREST,39.171616,-86.5224
2003,10,5,Weekday,1400,2-Car,No injury/unknown,FOLLOWING TOO CLOSELY,SR45 & SR46,39.17161158,-86.50032337
2003,2,7,Weekend,2300,2-Car,No injury/unknown,ROADWAY SURFACE CONDITION,10TH & DUNN ST,39.17161137,-86.52825503
2003,11,3,Weekday,1400,2-Car,No injury/unknown,IMPROPER TURNING,10TH & COLLEGE AVE,39.17160672,-86.534768
2003,2,7,Weekend,1800,2-Car,No injury/unknown,ROADWAY SURFACE CONDITION,10TH & JORDAN AVE,39.17160668,-86.51572144
2003,1,1,Weekend,1600,2-Car,No injury/unknown,ROADWAY SURFACE CONDITION,10TH ST & SUNRISE,39.1716,-86.513894
2003,11,5,Weekday,2100,2-Car,No injury/unknown,FOLLOWING TOO CLOSELY,10TH ST & SUNRISE,39.1716,-86.513894
2003,11,4,Weekday,1400,2-Car,No injury/unknown,IMPROPER LANE USAGE,10TH ST & SUNRISE,39.1716,-86.51390179
2003,8,3,Weekday,1200,3+ Cars,No injury/unknown,UNSAFE SPEED,10TH ST & WALNUT GROVE,39.1716,-86.520896
2003,12,6,Weekday,1400,2-Car,No injury/unknown,FOLLOWING TOO CLOSELY,10TH & SUNRISE,39.1716,-86.51390006
2003,9,7,Weekend,2200,2-Car,No injury/unknown,FAILURE TO YIELD RIGHT OF WAY,10TH ST & SUNRISE,39.1716,-86.513894
2003,3,6,Weekday,1400,2-Car,Non-incapacitating,FOLLOWING TOO CLOSELY,10TH ST & WALNUT GROVE,39.1716,-86.520896
2003,3,1,Weekend,1500,2-Car,No injury/unknown,FAILURE TO YIELD RIGHT OF WAY,10TH ST & WALNUT GROVE,39.1716,-86.520896
2003,4,4,Weekday,1800,3+ Cars,No injury/unknown,FOLLOWING TOO CLOSELY,10TH ST & FEELANE,39.1716,-86.52010133
2003,4,6,Weekday,1400,2-Car,No injury/unknown,FOLLOWING TOO CLOSELY,10TH ST & WALNUT GROVE,39.1716,-86.520896
2003,2,3,Weekday,1300,2-Car,Non-incapacitating,FOLLOWING TOO CLOSELY,TENTH ST & WALNUT GROVE,39.1716,-86.520896
2003,7,4,Weekday,800,2-Car,No injury/unknown,DISREGARD SIGNAL/REG SIGN,10TH ST & SUNRISE,39.1716,-86.513894
2003,2,5,Weekday,1900,2-Car,No injury/unknown,IMPROPER TURNING,10TH ST & WALNUT,39.1716,-86.520896
2003,2,4,Weekday,1800,2-Car,No injury/unknown,FOLLOWING TOO CLOSELY,10TH ST & CAMPBELL,39.1716,-86.515599
2003,4,1,Weekend,1300,2-Car,Non-incapacitating,FOLLOWING TOO CLOSELY,TENTH ST & WALNUT,39.1716,-86.520896
2003,8,3,Weekday,1900,1-Car,Non-incapacitating,FAILURE TO YIELD RIGHT OF WAY,10TH ST & SUNRISE,39.1716,-86.51390265
2003,10,6,Weekend,2300,2-Car,No injury/unknown,FOLLOWING TOO CLOSELY,10TH ST & SUNRISE,39.1716,-86.51388535
2003,2,6,Weekday,1600,Bus,No injury/unknown,FAILURE TO YIELD RIGHT OF WAY,10TH & WASHINGTON,39.17159072,-86.5324
2003,10,4,Weekday,1100,2-Car,No injury/unknown,OVERCORRECTING/OVERSTEERING,10TH AND FEE & 11TH AND FEE,39.171584,-86.518688
2003,5,5,Weekday,1100,2-Car,No injury/unknown,UNSAFE BACKING,10TH & FEE,39.171584,-86.518688
2003,4,2,Weekday,1100,1-Car,Non-incapacitating,OTHER (DRIVER) - EXPLAIN IN NARRATIVE,11TH & FEE LN,39.171584,-86.518688
2003,11,4,Weekday,1100,2-Car,No injury/unknown,FAILURE TO YIELD RIGHT OF WAY,ELEVENTH & FEE LN,39.171584,-86.518688
2003,1,4,Weekday,1400,2-Car,No injury/unknown,UNSAFE BACKING,11TH ST & FEE,39.171584,-86.518688
2003,1,6,Weekday,1700,2-Car,No injury/unknown,FOLLOWING TOO CLOSELY,10TH ST & FEE LANE,39.171584,-86.518688
2003,1,1,Weekend,0,2-Car,No injury/unknown,FAILURE TO YIELD RIGHT OF WAY,10TH ST & FEE,39.171584,-86.518688
2003,2,1,Weekend,300,2-Car,No injury/unknown,FAILURE TO YIELD RIGHT OF WAY,FEE & TENTH ST,39.171584,-86.518688
2003,11,7,Weekend,300,2-Car,Non-incapacitating,ALCOHOLIC BEVERAGES,10TH ST & FEE,39.171584,-86.518688
2003,11,3,Weekday,800,2-Car,Non-incapacitating,UNSAFE SPEED,10TH ST & FEE,39.17158381,-86.51867027
2003,5,4,Weekday,1600,2-Car,No injury/unknown,FOLLOWING TOO CLOSELY,10TH ST & FEE,39.17158381,-86.51867027
2003,2,2,Weekday,900,2-Car,No injury/unknown,UNSAFE SPEED,10TH ST & FEE,39.17158343,-86.51863481
2003,10,5,Weekday,2100,2-Car,No injury/unknown,FOLLOWING TOO CLOSELY,10TH ST & FEE,39.17158304,-86.51859935
2003,4,6,Weekday,1600,Bus,No injury/unknown,OTHER (DRIVER) - EXPLAIN IN NARRATIVE,10TH ST & FEE,39.17158017,-86.51833338
2003,12,3,Weekday,2300,2-Car,No injury/unknown,FOLLOWING TOO CLOSELY,10TH ST & FEE,39.17158017,-86.51833338
2003,11,5,Weekday,1000,2-Car,No injury/unknown,OTHER (DRIVER) - EXPLAIN IN NARRATIVE,10TH ST & FEE,39.17157826,-86.51815608
2003,2,2,Weekday,900,Bus,No injury/unknown,,10TH & WOODLAWN AVE,39.17157712,-86.52353358
2003,1,4,Weekday,1200,2-Car,No injury/unknown,FAILURE TO YIELD RIGHT OF WAY,10TH ST & FEE,39.17156484,-86.51691492
2003,9,5,Weekday,800,Bus,No injury/unknown,IMPROPER LANE USAGE,10TH ST & JORDAN,39.17155967,-86.51643723
2003,3,1,Weekend,400,2-Car,No injury/unknown,ALCOHOLIC BEVERAGES,10TH ST & JORDAN,39.171552,-86.515728
2003,11,2,Weekday,1700,2-Car,No injury/unknown,FOLLOWING TOO CLOSELY,10TH & JORDON AVE,39.171552,-86.515728
2003,9,6,Weekday,1200,2-Car,No injury/unknown,FAILURE TO YIELD RIGHT OF WAY,10TH ST & JORDAN,39.171552,-86.515728
2003,11,6,Weekday,1300,3+ Cars,Non-incapacitating,FOLLOWING TOO CLOSELY,10TH & JORDAN AVE,39.171552,-86.515728
2003,10,3,Weekday,1800,2-Car,No injury/unknown,UNSAFE SPEED,10TH & JORDAN AVE,39.171552,-86.515728
2003,10,5,Weekday,1200,Moped/Motorcycle,Non-incapacitating,FAILURE TO YIELD RIGHT OF WAY,10TH & JORDAN AVE,39.171552,-86.515728
2003,11,3,Weekday,1900,2-Car,No injury/unknown,ROADWAY SURFACE CONDITION,10TH & N JORDAN AVE,39.171552,-86.515728
2003,4,2,Weekday,1600,2-Car,No injury/unknown,FAILURE TO YIELD RIGHT OF WAY,10TH ST & JORDAN,39.171552,-86.515728
2003,4,2,Weekday,1900,2-Car,No injury/unknown,FOLLOWING TOO CLOSELY,10TH ST & JORDAN,39.171552,-86.515728
2003,8,3,Weekday,900,2-Car,No injury/unknown,DISREGARD SIGNAL/REG SIGN,JORDAN & TENTH ST,39.171552,-86.515728
2003,3,7,Weekend,200,1-Car,No injury/unknown,ALCOHOLIC BEVERAGES,JORDAN AVE & TENTH,39.171552,-86.515728
2003,9,7,Weekend,2200,2-Car,Non-incapacitating,DISREGARD SIGNAL/REG SIGN,10TH & JORDAN AVE,39.171552,-86.515728
2003,6,1,Weekend,1600,2-Car,No injury/unknown,ROADWAY SURFACE CONDITION,10TH & JORDAN AVE,39.171552,-86.515728
2003,10,6,Weekend,2100,2-Car,No injury/unknown,FAILURE TO YIELD RIGHT OF WAY,10TH ST & JORDAN,39.171552,-86.515728
2003,10,2,Weekday,2200,2-Car,No injury/unknown,FOLLOWING TOO CLOSELY,10TH ST & JORDAN,39.171552,-86.515728
2003,10,6,Weekday,1600,2-Car,No injury/unknown,CELL PHONE USAGE,10TH & JORDAN AVE,39.171552,-86.515728
2003,9,7,Weekend,1700,2-Car,No injury/unknown,FAILURE TO YIELD RIGHT OF WAY,10TH ST & JORDAN,39.17155175,-86.51571027
2003,11,2,Weekday,400,1-Car,No injury/unknown,ANIMAL/OBJECT IN ROADWAY,10TH ST & PETE ELLIS,39.17154585,-86.49708438
2003,6,5,Weekday,1600,2-Car,No injury/unknown,FOLLOWING TOO CLOSELY,10TH ST & PETE ELLIS,39.17153508,-86.49655259
2003,3,3,Weekday,1800,2-Car,No injury/unknown,UNSAFE BACKING,10TH ST & PETE ELLIS,39.171504,-86.49504533
2003,3,2,Weekday,1700,2-Car,No injury/unknown,FAILURE TO YIELD RIGHT OF WAY,E 10TH & PETE ELLIS,39.171504,-86.495312
2003,3,4,Weekday,1900,2-Car,No injury/unknown,FOLLOWING TOO CLOSELY,10TH ST & PETE ELLIS,39.171504,-86.49513468
2003,11,4,Weekday,1300,2-Car,No injury/unknown,OTHER (DRIVER) - EXPLAIN IN NARRATIVE,10TH ST & RANGE,39.171504,-86.49527654
2003,10,6,Weekend,1900,3+ Cars,No injury/unknown,OTHER (DRIVER) - EXPLAIN IN NARRATIVE,10TH ST & JOHN HINKLE,39.171504,-86.49296
2003,3,1,Weekend,1500,2-Car,No injury/unknown,,10TH & 10TH APTG,39.171504,-86.49509867
2003,5,7,Weekend,1800,2-Car,Non-incapacitating,FAILURE TO YIELD RIGHT OF WAY,10TH ST & JOHN HINKLE,39.171504,-86.49296
2003,6,3,Weekday,1800,2-Car,Non-incapacitating,FAILURE TO YIELD RIGHT OF WAY,10TH ST & PETE ELLIS,39.171504,-86.495312
2003,1,6,Weekend,,3+ Cars,No injury/unknown,ROADWAY SURFACE CONDITION,10TH,39.171504,-86.49509867
2003,4,6,Weekend,1900,3+ Cars,No injury/unknown,OTHER (DRIVER) - EXPLAIN IN NARRATIVE,10TH & 10TH ST,39.171504,-86.49509867
2003,12,3,Weekday,1900,2-Car,Non-incapacitating,FAILURE TO YIELD RIGHT OF WAY,10TH & JORDAN AVE,39.17149729,-86.51573404
2003,12,3,Weekday,2100,1-Car,Non-incapacitating,OTHER (DRIVER) - EXPLAIN IN NARRATIVE,JONES & JORDAN AVE,39.17148644,-86.516399
2003,6,2,Weekday,800,2-Car,Non-incapacitating,FAILURE TO YIELD RIGHT OF WAY,ASHTON PARKING LOT & E 10TH ST,39.1714836,-86.51043136
2003,12,6,Weekday,100,2-Car,No injury/unknown,ALCOHOLIC BEVERAGES,10TH ST & UNION,39.17147785,-86.50990792
2003,8,7,Weekend,900,2-Car,No injury/unknown,OTHER (ENVIRONMENTAL) - EXPLAIN IN NARR,10TH ST & UNION,39.17147629,-86.50976608
2003,1,4,Weekday,1400,2-Car,Non-incapacitating,OTHER (DRIVER) - EXPLAIN IN NARRATIVE,10TH ST & UNION,39.1714759,-86.50973061
2003,4,1,Weekend,1800,2-Car,No injury/unknown,ROADWAY SURFACE CONDITION,10TH & UNION,39.17147298,-86.50946465
2003,11,1,Weekday,1900,2-Car,No injury/unknown,FOLLOWING TOO CLOSELY,10TH ST & UNION,39.1714722,-86.50939373
2003,10,2,Weekday,1300,2-Car,No injury/unknown,UNSAFE SPEED,10TH ST & UNION,39.171472,-86.509376
2003,8,6,Weekday,1000,Bus,Non-incapacitating,FAILURE TO YIELD RIGHT OF WAY,TENTH ST & UNION,39.171472,-86.509376
2003,1,4,Weekday,1000,2-Car,No injury/unknown,OTHER (DRIVER) - EXPLAIN IN NARRATIVE,10TH & UNION ST,39.171472,-86.509376
2003,2,4,Weekday,1700,Bus,No injury/unknown,FAILURE TO YIELD RIGHT OF WAY,10TH ST & UNION,39.171472,-86.509376
2003,2,1,Weekend,1700,2-Car,No injury/unknown,UNSAFE SPEED,DRIVE TO WALMART & SR45,39.17146957,-86.49534365
2003,10,5,Weekday,1600,2-Car,Non-incapacitating,FOLLOWING TOO CLOSELY,10TH ST & UNION,39.17146952,-86.5091987
2003,5,4,Weekday,1100,2-Car,No injury/unknown,FAILURE TO YIELD RIGHT OF WAY,10TH & WALNUT ST,39.17146946,-86.53352366
2003,10,6,Weekday,1100,2-Car,No injury/unknown,FAILURE TO YIELD RIGHT OF WAY,10TH & COLLEGE AVE,39.17146945,-86.534768
2003,7,6,Weekend,1900,2-Car,No injury/unknown,IMPROPER PASSING,10TH ST,39.17145584,-86.50822044
2003,8,4,Weekday,1000,2-Car,No injury/unknown,OTHER (DRIVER) - EXPLAIN IN NARRATIVE,PLYMOUTH & SHEFFIELD,39.17144076,-86.47665101
2003,10,6,Weekday,1500,2-Car,No injury/unknown,OTHER (DRIVER) - EXPLAIN IN NARRATIVE,10TH & UNION ST,39.17140337,-86.50937467
2003,4,3,Weekday,1600,2-Car,No injury/unknown,,JACOB & WHITEHALL CROSSING,39.17139444,-86.56981003
2003,8,7,Weekend,200,1-Car,No injury/unknown,RAN OFF ROAD LEFT,JOHN HINKLE PL & PETE ELLIS,39.17138794,-86.49296
2003,8,5,Weekday,300,3+ Cars,No injury/unknown,RAN OFF ROAD RIGHT,PARK RIDGE RD,39.17134985,-86.47424723
2003,3,6,Weekday,1400,Bus,No injury/unknown,FOLLOWING TOO CLOSELY,10TH & WALNUT,39.1713322,-86.53352549
2003,12,4,Weekday,100,1-Car,No injury/unknown,OTHER (ENVIRONMENTAL) - EXPLAIN IN NARR,SMITH & SMITH RD,39.17130315,-86.48132359
2003,1,5,Weekday,1800,2-Car,No injury/unknown,FAILURE TO YIELD RIGHT OF WAY,10TH & JORDAN AVE,39.17127845,-86.51575821
2003,10,6,Weekday,1600,2-Car,Non-incapacitating,FOLLOWING TOO CLOSELY,10TH & SMITH RD,39.171248,-86.481328
2003,9,1,Weekend,1300,2-Car,No injury/unknown,OTHER (DRIVER) - EXPLAIN IN NARRATIVE,MORTON,39.17120522,-86.536
2003,1,6,Weekday,1200,Bus,No injury/unknown,OVERCORRECTING/OVERSTEERING,10TH & UNION ST,39.17119748,-86.50937067
2003,7,4,Weekday,1900,Moped/Motorcycle,No injury/unknown,OTHER (DRIVER) - EXPLAIN IN NARRATIVE,EVERGREEN,39.17119216,-86.56546743
2003,9,7,Weekend,1200,2-Car,No injury/unknown,IMPROPER PASSING,HARTSTRAIT RD & SR48,39.1711402,-86.61135233
2003,1,6,Weekday,1400,1-Car,Non-incapacitating,PEDESTRIAN ACTION,10TH & SR45,39.171138,-86.502056
2003,5,6,Weekday,1500,2-Car,No injury/unknown,IMPROPER TURNING,1ST & WALNUT,39.17093584,-86.53353078
2003,8,1,Weekend,300,1-Car,No injury/unknown,ROADWAY SURFACE CONDITION,10TH & LINCOLN,39.17092539,-86.530992
2003,9,7,Weekend,1500,2-Car,No injury/unknown,UNSAFE BACKING,COLLEGE MALL,39.17091135,-86.534768
2003,7,5,Weekday,1800,2-Car,No injury/unknown,UNSAFE BACKING,2ND & S COLLEGE AVE,39.17088686,-86.534768
2003,5,5,Weekday,1800,2-Car,No injury/unknown,OTHER (DRIVER) - EXPLAIN IN NARRATIVE,2ND & COLLEGE,39.17088686,-86.534768
2003,6,1,Weekend,1700,2-Car,No injury/unknown,FAILURE TO YIELD RIGHT OF WAY,COLLEGE AVE,39.17088686,-86.534768
2003,12,2,Weekday,1600,2-Car,No injury/unknown,FAILURE TO YIELD RIGHT OF WAY,GATES DR & JACOBS,39.17088636,-86.575999
2003,12,2,Weekday,1400,2-Car,No injury/unknown,,9TH & PARK AVE,39.1708184,-86.52457193
2003,7,6,Weekday,1000,1-Car,No injury/unknown,OTHER (ENVIRONMENTAL) - EXPLAIN IN NARR,GRANT,39.17073208,-86.529696
2003,2,2,Weekday,800,2-Car,No injury/unknown,OTHER (ENVIRONMENTAL) - EXPLAIN IN NARR,BRAESIDE & PETE ELLIS DR,39.17072,-86.4956
2003,12,2,Weekday,1500,2-Car,Non-incapacitating,FAILURE TO YIELD RIGHT OF WAY,JOHN HINKLE & PETE ELLIS DR,39.17072,-86.4956
2003,7,4,Weekday,1500,3+ Cars,No injury/unknown,,LONGVIEW & PETE ELLIS DR,39.17072,-86.4956
2003,6,5,Weekday,1400,2-Car,Non-incapacitating,OTHER (DRIVER) - EXPLAIN IN NARRATIVE,JOHN HINKLE & PETE ELLIS,39.17072,-86.4956
2003,7,3,Weekday,2100,2-Car,No injury/unknown,LANE MARKING OBSCURED,PETE ELLIS DR,39.17072,-86.4956
2003,4,6,Weekday,1300,2-Car,No injury/unknown,OTHER (DRIVER) - EXPLAIN IN NARRATIVE,JOHN HINKLE & PETE EILLIS DR,39.17072,-86.4956
2003,12,2,Weekday,1500,2-Car,No injury/unknown,FAILURE TO YIELD RIGHT OF WAY,JOHN HICKLE & PETE ELLIS DR,39.17072,-86.4956
2003,4,4,Weekday,1700,2-Car,No injury/unknown,FAILURE TO YIELD RIGHT OF WAY,JOHN HINKLE & JOHN HINKLE PL,39.17069688,-86.49485549
2003,8,2,Weekday,1100,2-Car,No injury/unknown,FAILURE TO YIELD RIGHT OF WAY,JACOB DR,39.170648,-86.572352
2003,7,4,Weekday,900,1-Car,No injury/unknown,UNSAFE BACKING,JACOB DR,39.170648,-86.572352