Year,Month,Day,Weekend?,Hour,Collision Type,Injury Type,Primary Factor,Reported_Location,Latitude,Longitude
2003,9,1,Weekend,1000,2-Car,No injury/unknown,UNSAFE BACKING,JACOB DR,39.170648,-86.572352
2003,9,5,Weekday,1600,1-Car,No injury/unknown,OTHER (DRIVER) - EXPLAIN IN NARRATIVE,CLARIZZ BLVD,39.17064,-86.504896
2003,6,6,Weekday,1500,2-Car,No injury/unknown,FAILURE TO YIELD RIGHT OF WAY,9TH & LINCOLN ST,39.17062637,-86.530992
2003,9,3,Weekday,1400,2-Car,No injury/unknown,OTHER (DRIVER) - EXPLAIN IN NARRATIVE,JJOHN HINKLE PL & PETE ELLIS,39.170599,-86.49559873
2003,9,5,Weekday,0,2-Car,No injury/unknown,OTHER (DRIVER) - EXPLAIN IN NARRATIVE,9TH & WALNUT ST,39.17057145,-86.53353563
2003,11,5,Weekday,600,2-Car,No injury/unknown,,9TH ST & PARK,39.170544,-86.52491465
2003,7,3,Weekday,1900,2-Car,No injury/unknown,IMPROPER TURNING,9TH & WALNUT ST,39.170544,-86.533536
2003,2,1,Weekend,1800,2-Car,Non-incapacitating,DISREGARD SIGNAL/REG SIGN,E 9TH & N LINCOLN,39.170544,-86.530992
2003,3,2,Weekday,1800,3+ Cars,Non-incapacitating,FAILURE TO YIELD RIGHT OF WAY,9TH & LINCOLN ST,39.170544,-86.530992
2003,3,7,Weekend,0,2-Car,No injury/unknown,FAILURE TO YIELD RIGHT OF WAY,9TH ST & GRANT,39.170544,-86.529696
2003,9,2,Weekday,1200,2-Car,No injury/unknown,FAILURE TO YIELD RIGHT OF WAY,9TH & COLLEGE AVE,39.170544,-86.534768
2003,11,6,Weekend,2200,2-Car,No injury/unknown,FOLLOWING TOO CLOSELY,9TH & COLLEGE,39.170544,-86.534768
2003,11,7,Weekend,1700,2-Car,No injury/unknown,FAILURE TO YIELD RIGHT OF WAY,9TH & LINCOLN,39.170544,-86.530992
2003,11,6,Weekend,2300,1-Car,Non-incapacitating,LEFT OF CENTER,9TH & MORTON ST,39.170544,-86.536
2003,10,5,Weekday,,2-Car,No injury/unknown,,9TH & PARK,39.170544,-86.52456
2003,12,3,Weekday,1300,2-Car,No injury/unknown,FAILURE TO YIELD RIGHT OF WAY,9TH & WASHINGTON,39.170544,-86.5324
2003,7,6,,,2-Car,No injury/unknown,IMPROPER PASSING,1ST & WALNUT,39.170544,-86.533536
2003,10,7,Weekend,1000,2-Car,No injury/unknown,FAILURE TO YIELD RIGHT OF WAY,9TH ST & DUNN,39.170544,-86.52824
2003,5,5,Weekday,1300,2-Car,No injury/unknown,OTHER (DRIVER) - EXPLAIN IN NARRATIVE,9TH & COLLEGE,39.170544,-86.534768
2003,8,4,Weekday,1200,2-Car,No injury/unknown,IMPROPER TURNING,W MORTON & W9TH,39.170544,-86.536
2003,9,4,Weekday,1600,2-Car,No injury/unknown,INSECURE/LEAKY LOAD,9TH & DUNN ST,39.170544,-86.52824
2003,5,4,Weekday,1200,2-Car,No injury/unknown,OTHER (ENVIRONMENTAL) - EXPLAIN IN NARR,400 COLLEGE & 9TH,39.170544,-86.533536
2003,6,6,Weekday,1100,1-Car,No injury/unknown,ALCOHOLIC BEVERAGES,9TH ST & COLLEGE,39.170544,-86.534768
2003,7,7,Weekend,1200,2-Car,Non-incapacitating,WRONG WAY ON ONE WAY,9TH & DUNN ST,39.170544,-86.52824
2003,2,7,Weekend,2100,2-Car,Non-incapacitating,IMPROPER TURNING,10TH & COLLEGE,39.170544,-86.534768
2003,3,1,Weekend,1600,Moped/Motorcycle,Incapacitating,OTHER (DRIVER) - EXPLAIN IN NARRATIVE,9TH & COLLEGE,39.170544,-86.534768
2003,2,5,Weekday,2000,2-Car,Non-incapacitating,FAILURE TO YIELD RIGHT OF WAY,9TH & WASHINGTON ST,39.170544,-86.5324
2003,4,7,Weekend,2200,2-Car,Non-incapacitating,IMPROPER PASSING,9TH & N WALNUT ST,39.170544,-86.533536
2003,4,3,Weekday,2100,2-Car,Incapacitating,FAILURE TO YIELD RIGHT OF WAY,9TH & COLLEGE AVE,39.170544,-86.534768
2003,2,4,Weekday,600,1-Car,No injury/unknown,UNSAFE BACKING,9TH ST & INDIANA,39.170544,-86.52793437
2003,11,3,Weekday,1600,2-Car,No injury/unknown,FAILURE TO YIELD RIGHT OF WAY,9TH & INDIANA AVE,39.170544,-86.526992
2003,11,4,Weekday,1800,2-Car,No injury/unknown,FAILURE TO YIELD RIGHT OF WAY,9TH & INDIANA AVE,39.170544,-86.526992
2003,2,6,Weekday,1100,2-Car,No injury/unknown,OTHER (ENVIRONMENTAL) - EXPLAIN IN NARR,9TH & INDIANA AVE,39.170544,-86.526992
2003,6,4,Weekday,2100,2-Car,No injury/unknown,FAILURE TO YIELD RIGHT OF WAY,2ND & COLLEGE MALL,39.170544,-86.534768
2003,8,6,Weekend,2000,2-Car,No injury/unknown,IMPROPER TURNING,WALNUT,39.170544,-86.533536
2003,9,1,Weekend,1700,2-Car,No injury/unknown,DISREGARD SIGNAL/REG SIGN,9TH & GRANT,39.170544,-86.529696
2003,11,4,Weekday,1900,1-Car,Non-incapacitating,OTHER (DRIVER) - EXPLAIN IN NARRATIVE,9TH & GRANT ST,39.170544,-86.529696
2003,3,2,Weekday,2000,2-Car,Non-incapacitating,IMPROPER LANE USAGE,9TH & COLLEGE AVE,39.17051655,-86.53476844
2003,10,4,Weekday,100,1-Car,No injury/unknown,CELL PHONE USAGE,BELL TRACE & JOHN HINKLE PL,39.1705,-86.49139035
2003,7,6,,,1-Car,No injury/unknown,,BELL TRACE & JOHN HINKLE,39.1705,-86.491399
2003,8,1,Weekend,200,1-Car,Non-incapacitating,ALCOHOLIC BEVERAGES,VERNAL,39.17047947,-86.5506695
2003,11,4,Weekday,200,1-Car,Non-incapacitating,OTHER (DRIVER) - EXPLAIN IN NARRATIVE,9TH & INDIANA AVE,39.17047539,-86.52698963
2003,12,3,Weekday,900,2-Car,No injury/unknown,OTHER (DRIVER) - EXPLAIN IN NARRATIVE,10TH & WALNUT,39.17037132,-86.53353879
2003,11,3,Weekday,1100,2-Car,No injury/unknown,FAILURE TO YIELD RIGHT OF WAY,JACOBS DR & WHITEHALL CROSSING,39.170304,-86.572694
2003,6,7,Weekend,2300,2-Car,No injury/unknown,UNSAFE BACKING,9TH & COLLEGE AVE,39.17026947,-86.53477243
2003,11,2,Weekday,1800,2-Car,No injury/unknown,CELL PHONE USAGE,EASTGATE & SR 45,39.17024,-86.501392
2003,9,7,Weekend,1600,2-Car,No injury/unknown,VIEW OBSTRUCTED,EASTGATE & SR45,39.17024,-86.501392
2003,11,5,Weekday,1600,2-Car,No injury/unknown,FOLLOWING TOO CLOSELY,45 BYP & EASTGATE,39.17024,-86.501392
2003,12,1,Weekend,300,2-Car,No injury/unknown,IMPROPER TURNING,EASTGATE & SR4546,39.17024,-86.501392
2003,8,3,Weekday,1500,Bus,Non-incapacitating,OTHER (VEHICLE) - EXPLAIN IN NARRATIVE,EASTGATE & SR 45,39.17024,-86.501392
2003,6,2,Weekday,800,2-Car,No injury/unknown,FOLLOWING TOO CLOSELY,EASTGATE & SR4546,39.17024,-86.501392
2003,6,2,Weekday,1200,2-Car,No injury/unknown,NONE (ENVIRONMENTAL),EASTGATE & SR45,39.17024,-86.501392
2003,5,7,Weekend,2100,2-Car,No injury/unknown,FOLLOWING TOO CLOSELY,EASTGATE & SR45 46,39.17024,-86.501392
2003,10,5,Weekday,1400,2-Car,No injury/unknown,FOLLOWING TOO CLOSELY,EASTGATE & SR45,39.17024,-86.501392
2003,8,1,Weekend,1400,3+ Cars,Non-incapacitating,FOLLOWING TOO CLOSELY,EASTGATE & SR 45,39.17024,-86.501392
2003,1,2,Weekday,1600,2-Car,No injury/unknown,FOLLOWING TOO CLOSELY,EASTGATE & SR45,39.17024,-86.501392
2003,4,3,Weekday,1600,2-Car,No injury/unknown,FOLLOWING TOO CLOSELY,EASTGATE & SR45,39.17024,-86.501392
2003,8,5,Weekday,1800,2-Car,No injury/unknown,FOLLOWING TOO CLOSELY,EASTGATE & SR 45,39.17024,-86.501392
2003,3,1,Weekend,1700,2-Car,No injury/unknown,OTHER (DRIVER) - EXPLAIN IN NARRATIVE,8TH & WASHINGTON ST,39.1701011,-86.5324
2003,4,5,Weekday,2100,2-Car,No injury/unknown,IMPROPER LANE USAGE,EASTGATE & HWY 46,39.1701,-86.501499
2003,2,7,Weekend,1200,2-Car,No injury/unknown,CELL PHONE USAGE,GATES DR & LOWES PARKING LOT,39.170095,-86.576399
2003,11,4,Weekday,1700,2-Car,No injury/unknown,UNSAFE BACKING,GATES DR,39.170095,-86.576399
2003,4,2,Weekday,,2-Car,No injury/unknown,UNSAFE SPEED,EASTGATE LN,39.17004,-86.502624
2003,8,6,Weekend,2300,2-Car,No injury/unknown,UNSAFE BACKING,8TH & SPRING ST,39.17000255,-86.5548
2003,2,6,Weekday,800,2-Car,No injury/unknown,OTHER (DRIVER) - EXPLAIN IN NARRATIVE,ADAMS & VERNAL,39.16984,-86.549696
2003,12,2,Weekday,2200,1-Car,No injury/unknown,IMPROPER TURNING,DUNN,39.16983086,-86.52824
2003,5,7,Weekend,2000,2-Car,No injury/unknown,FAILURE TO YIELD RIGHT OF WAY,8TH & COLLEGE AVE,39.16982653,-86.53477957
2003,9,2,Weekday,1700,2-Car,Non-incapacitating,FOLLOWING TOO CLOSELY,EVERGREEN & KIMBLE DR,39.16977941,-86.56793201
2003,12,7,Weekend,1800,2-Car,No injury/unknown,ROADWAY SURFACE CONDITION,7TH & JORDAN,39.16976466,-86.51592538
2003,1,6,Weekday,1700,2-Car,No injury/unknown,,COLLEGE,39.1697342,-86.53478106
2003,7,5,Weekday,900,2-Car,No injury/unknown,IMPROPER TURNING,COLLEGE,39.1697342,-86.53478106
2003,6,2,Weekday,1100,Moped/Motorcycle,Incapacitating,RAN OFF ROAD RIGHT,8TH ST & HAY,39.169696,-86.553392
2003,10,3,Weekday,1300,2-Car,No injury/unknown,UNSAFE SPEED,GRANT,39.16969371,-86.529696
2003,9,3,Weekday,1400,2-Car,No injury/unknown,OTHER (DRIVER) - EXPLAIN IN NARRATIVE,8TH & INDIANA AVE,39.16967089,-86.52696189
2003,1,6,Weekday,1300,2-Car,No injury/unknown,FAILURE TO YIELD RIGHT OF WAY,8TH & DUNN,39.169648,-86.52824
2003,5,4,Weekday,800,2-Car,No injury/unknown,UNSAFE BACKING,8TH ST & DUNN,39.169648,-86.52824
2003,10,3,Weekday,1200,2-Car,No injury/unknown,FAILURE TO YIELD RIGHT OF WAY,8TH & DUNN ST,39.169648,-86.52824
2003,2,4,Weekday,1500,2-Car,No injury/unknown,,E 8TH ST,39.16964212,-86.5280049
2003,5,4,Weekday,1200,2-Car,No injury/unknown,FAILURE TO YIELD RIGHT OF WAY,7TH & JORDAN AVE,39.16964156,-86.51593897
2003,4,2,Weekday,1900,2-Car,No injury/unknown,OTHER (DRIVER) - EXPLAIN IN NARRATIVE,8TH ST & INDIANA,39.16963372,-86.52766891
2003,11,5,Weekday,1500,2-Car,No injury/unknown,OTHER (DRIVER) - EXPLAIN IN NARRATIVE,EIGHTH & ELM ST,39.169632,-86.5452
2003,1,6,Weekday,1400,2-Car,No injury/unknown,VIEW OBSTRUCTED,8TH ST & INDIANA,39.169616,-86.52696
2003,1,6,Weekday,100,3+ Cars,Non-incapacitating,ALCOHOLIC BEVERAGES,8TH & INDIANA,39.169616,-86.52696
2003,11,2,Weekday,2100,2-Car,No injury/unknown,FAILURE TO YIELD RIGHT OF WAY,8TH & INDIANA AVE,39.169616,-86.52696
2003,5,7,Weekend,800,1-Car,No injury/unknown,CELL PHONE USAGE,8TH & ROGERS ST,39.16961145,-86.5385757
2003,12,4,Weekday,1100,2-Car,No injury/unknown,FAILURE TO YIELD RIGHT OF WAY,8TH ST & ROGERS,39.169584,-86.538576
2003,6,7,Weekend,1700,2-Car,No injury/unknown,DISREGARD SIGNAL/REG SIGN,8TH & ROGERS,39.169584,-86.538576
2003,8,6,Weekday,1100,2-Car,No injury/unknown,UNSAFE BACKING,EASTGATE LN,39.1695838,-86.49972314
2003,7,7,Weekend,1200,2-Car,No injury/unknown,OTHER (DRIVER) - EXPLAIN IN NARRATIVE,N MORTON,39.169568,-86.536
2003,5,5,Weekday,1700,2-Car,No injury/unknown,IMPROPER TURNING,8TH ST & WALNUT,39.169552,-86.53381798
2003,4,7,Weekend,2200,3+ Cars,No injury/unknown,ALCOHOLIC BEVERAGES,8TH ST & WALNUT,39.169552,-86.53365839
2003,1,5,Weekday,1400,2-Car,No injury/unknown,IMPROPER TURNING,8TH & COLLEGE AVE,39.169552,-86.534784
2003,1,6,Weekend,2300,2-Car,No injury/unknown,OTHER (DRIVER) - EXPLAIN IN NARRATIVE,8TH & COLLEGE AVE,39.169552,-86.534784
2003,11,3,Weekday,2100,2-Car,No injury/unknown,FAILURE TO YIELD RIGHT OF WAY,8TH & WOODLAWN,39.169552,-86.52344
2003,11,7,Weekend,800,2-Car,No injury/unknown,UNSAFE BACKING,8TH ST & LINCOLN,39.169552,-86.530992
2003,10,6,Weekday,1100,2-Car,No injury/unknown,OTHER (DRIVER) - EXPLAIN IN NARRATIVE,8TH & COLLEGE AVE,39.169552,-86.534784
2003,9,7,Weekend,1200,2-Car,No injury/unknown,IMPROPER LANE USAGE,COLLEGE AVE & EIGHTH,39.169552,-86.534784
2003,8,7,Weekend,1100,2-Car,No injury/unknown,IMPROPER TURNING,8TH & COLLEGE AVE,39.169552,-86.534784
2003,7,3,Weekday,1100,2-Car,No injury/unknown,IMPROPER TURNING,8TH & COLLEGE AVE,39.169552,-86.534784
2003,8,5,Weekday,0,Pedestrian,Non-incapacitating,PEDESTRIAN ACTION,8TH ST,39.169552,-86.532976
2003,1,2,Weekday,1400,2-Car,No injury/unknown,FAILURE TO YIELD RIGHT OF WAY,8TH & GRANT ST,39.169552,-86.529696
2003,3,5,Weekday,100,2-Car,No injury/unknown,ALCOHOLIC BEVERAGES,8TH ST & WASHINGTON,39.169552,-86.53338743
2003,4,6,,,2-Car,No injury/unknown,OTHER (DRIVER) - EXPLAIN IN NARRATIVE,8TH ST & COLLEGE,39.169552,-86.534784
2003,4,5,Weekday,1900,2-Car,Non-incapacitating,,8TH & LINCOLN ST,39.169552,-86.530992
2003,8,5,Weekday,1300,2-Car,No injury/unknown,FAILURE TO YIELD RIGHT OF WAY,8TH & COLLEGE AVE,39.169552,-86.534784
2003,9,2,Weekday,1700,3+ Cars,No injury/unknown,LEFT OF CENTER,8TH & WOODLAWN,39.169552,-86.52344
2003,12,3,Weekday,1600,2-Car,No injury/unknown,DISREGARD SIGNAL/REG SIGN,WOODLAWN,39.169552,-86.52344
2003,4,2,Weekday,1900,3+ Cars,No injury/unknown,ALCOHOLIC BEVERAGES,8TH & WALNUT ST,39.16951082,-86.53355272
2003,11,6,Weekday,300,2-Car,No injury/unknown,OTHER (DRIVER) - EXPLAIN IN NARRATIVE,8TH ST & LINCOLN,39.1695,-86.53110592
2003,2,3,Weekday,1100,3+ Cars,No injury/unknown,FOLLOWING TOO CLOSELY,8TH & COLLEGE AVE,39.16949709,-86.534784
2003,11,4,Weekday,100,2-Car,No injury/unknown,FAILURE TO YIELD RIGHT OF WAY,7TH & JORDAN AVE,39.16949111,-86.51595559
2003,10,7,Weekend,300,1-Car,Non-incapacitating,ALCOHOLIC BEVERAGES,8TH & WALNUT ST,39.16946964,-86.53355345
2003,11,2,Weekday,1300,2-Car,No injury/unknown,OTHER (DRIVER) - EXPLAIN IN NARRATIVE,8TH & COLLEGE AVE,39.16946964,-86.534784
2003,7,4,Weekday,1800,2-Car,No injury/unknown,OTHER (DRIVER) - EXPLAIN IN NARRATIVE,8TH & WALNUT,39.16944219,-86.53355393
2003,3,5,Weekday,900,2-Car,No injury/unknown,,8TH & ADAMS ST,39.1694142,-86.54950687
2003,10,3,Weekday,2100,1-Car,Non-incapacitating,PEDESTRIAN ACTION,JONES & JORDAN AVE,39.16937146,-86.516399
2003,12,5,Weekday,1400,2-Car,No injury/unknown,UNSAFE BACKING,BLACKSTONE CT & PARK RIDGE,39.169248,-86.474976
2003,7,5,Weekday,1400,2-Car,Non-incapacitating,DISREGARD SIGNAL/REG SIGN,JACOB DR & SUSAN,39.169002,-86.573595
2003,3,4,Weekday,2000,1-Car,No injury/unknown,,SR48 & VERNAL,39.16899073,-86.66458038
2003,9,7,Weekend,1200,2-Car,No injury/unknown,FAILURE TO YIELD RIGHT OF WAY,7TH & COLLEGE AVE,39.16898546,-86.534784
2003,4,1,Weekend,1400,3+ Cars,Non-incapacitating,OTHER (DRIVER) - EXPLAIN IN NARRATIVE,EASTGATE & SR46,39.16895981,-86.50075189
2003,12,4,Weekday,2100,1-Car,No injury/unknown,,7TH & JORDAN GARAGE,39.168944,-86.516016
2003,12,4,Weekday,1900,2-Car,No injury/unknown,OTHER (DRIVER) - EXPLAIN IN NARRATIVE,7TH & JORDAN AVE,39.168944,-86.516016
2003,8,6,Weekday,1700,2-Car,No injury/unknown,FOLLOWING TOO CLOSELY,7TH ST & JORDAN AVE AVE,39.168944,-86.516016
2003,12,2,Weekday,2200,2-Car,No injury/unknown,DISREGARD SIGNAL/REG SIGN,7TH & JORDAN AVE,39.168944,-86.516016
2003,11,4,Weekday,1600,2-Car,No injury/unknown,FOLLOWING TOO CLOSELY,7TH & COLLEGE AVE,39.16893055,-86.534784
2003,9,1,Weekend,1300,1-Car,No injury/unknown,OTHER (DRIVER) - EXPLAIN IN NARRATIVE,7TH & ADAMS,39.16884954,-86.54956961
2003,4,7,Weekend,300,2-Car,No injury/unknown,ALCOHOLIC BEVERAGES,8TH & WALNUT,39.16880751,-86.53356506
2003,2,7,Weekend,900,3+ Cars,No injury/unknown,UNSAFE SPEED,JOHNATHON  C,39.1688,-86.57641
2003,8,7,Weekend,1400,2-Car,No injury/unknown,DISREGARD SIGNAL/REG SIGN,GATES & JONATHAN DR,39.1688,-86.5764
2003,11,4,Weekday,1300,2-Car,No injury/unknown,OTHER (DRIVER) - EXPLAIN IN NARRATIVE,7TH & WALNUT,39.16877726,-86.53356559
2003,11,2,Weekday,2000,2-Car,No injury/unknown,IMPROPER LANE USAGE,N WASHINGTON LOT & WASHINGTON,39.16877029,-86.5324
2003,4,3,Weekday,1700,2-Car,Non-incapacitating,VIEW OBSTRUCTED,7TH ST & WALDRON,39.168752,-86.5436
2003,8,6,Weekday,1500,2-Car,No injury/unknown,FAILURE TO YIELD RIGHT OF WAY,7TH ST & MAPLE,39.168736,-86.542096
2003,10,6,Weekend,1900,1-Car,No injury/unknown,ANIMAL/OBJECT IN ROADWAY,SR48 & VERNAL,39.16871938,-86.66284218
2003,11,2,Weekday,800,2-Car,No injury/unknown,FOLLOWING TOO CLOSELY,7TH & WALNUT ST,39.16870863,-86.5335668
2003,6,2,Weekday,900,2-Car,No injury/unknown,OTHER (DRIVER) - EXPLAIN IN NARRATIVE,7TH ST & ROGERS,39.168704,-86.53868239
2003,8,2,Weekday,1700,2-Car,No injury/unknown,FOLLOWING TOO CLOSELY,ROGERS ST & SEVENTH,39.168704,-86.538576
2003,4,2,Weekday,1700,2-Car,No injury/unknown,,7TH ST & SUNRISE,39.1687,-86.513897
2003,2,4,Weekday,1600,1-Car,No injury/unknown,,7TH ST & SUNRISE,39.1687,-86.51391084
2003,2,5,Weekday,1600,2-Car,No injury/unknown,FOLLOWING TOO CLOSELY,7TH ST & SUNRISE,39.1687,-86.51389441
2003,4,2,Weekday,2000,2-Car,No injury/unknown,UNSAFE BACKING,7TH ST & SUNRISE,39.1687,-86.51390565
2003,1,3,Weekday,1300,2-Car,No injury/unknown,UNSAFE BACKING,7TH & MADISON ST,39.168688,-86.537296
2003,5,4,Weekday,1600,2-Car,No injury/unknown,IMPROPER TURNING,7TH ST & MADISON,39.168688,-86.537296
2003,3,7,Weekend,900,2-Car,No injury/unknown,IMPROPER LANE USAGE,7TH & WALNUT ST,39.16866745,-86.53356752
2003,9,5,Weekday,2000,3+ Cars,No injury/unknown,FOLLOWING TOO CLOSELY,7TH & WALNUT ST,39.16866745,-86.53356752
2003,2,2,Weekday,1200,Bus,No injury/unknown,OTHER (DRIVER) - EXPLAIN IN NARRATIVE,7TH & WOODLAWN AVE,39.16866743,-86.52339344
2003,10,1,,,2-Car,No injury/unknown,OTHER (ENVIRONMENTAL) - EXPLAIN IN NARR,7TH ST & OAK,39.16865813,-86.54672913
2003,12,5,Weekday,1200,2-Car,Non-incapacitating,FOLLOWING TOO CLOSELY,7TH ST & COLLEGE,39.16865693,-86.53485492
2003,2,3,Weekday,1500,2-Car,No injury/unknown,FAILURE TO YIELD RIGHT OF WAY,7TH & N COLLEGE,39.168656,-86.534784
2003,3,1,Weekend,1800,2-Car,Non-incapacitating,FAILURE TO YIELD RIGHT OF WAY,7TH ST & COLLEGE,39.168656,-86.534784
2003,12,2,Weekday,1500,2-Car,No injury/unknown,IMPROPER TURNING,7TH & COLLEGE AVE,39.168656,-86.534784
2003,8,6,Weekday,1000,2-Car,No injury/unknown,DISREGARD SIGNAL/REG SIGN,7TH & COLLEGE AVE,39.168656,-86.534784
2003,4,6,Weekday,1300,3+ Cars,No injury/unknown,FOLLOWING TOO CLOSELY,7TH & COLLEGE AVE,39.168656,-86.534784
2003,3,5,Weekday,800,2-Car,No injury/unknown,,8TH & COLLEGE AVE,39.168656,-86.534784
2003,9,1,Weekend,1800,2-Car,Non-incapacitating,IMPROPER TURNING,7TH & COLLEGE AVE,39.168656,-86.534784
2003,2,7,Weekend,500,2-Car,No injury/unknown,ALCOHOLIC BEVERAGES,7TH ST & WASHINGTON,39.16864,-86.5324
2003,1,5,Weekday,1300,2-Car,No injury/unknown,FAILURE TO YIELD RIGHT OF WAY,FESS AVE & SEVENTH,39.16864,-86.525696
2003,2,6,Weekday,1100,2-Car,No injury/unknown,FAILURE TO YIELD RIGHT OF WAY,7TH & LINCOLN ST,39.16864,-86.530992
2003,3,5,Weekday,1600,2-Car,No injury/unknown,IMPROPER LANE USAGE,7TH & WALNUT ST,39.16864,-86.533568
2003,12,2,Weekday,1700,2-Car,Non-incapacitating,DISREGARD SIGNAL/REG SIGN,7TH ST & GRANT,39.16864,-86.529696
2003,12,2,Weekday,1100,2-Car,No injury/unknown,DISREGARD SIGNAL/REG SIGN,7TH ST & WASHINGTON,39.16864,-86.5324
2003,12,2,Weekday,1100,2-Car,No injury/unknown,UNSAFE BACKING,7TH ST,39.16864,-86.530992
2003,10,2,Weekday,1400,Bus,No injury/unknown,OTHER (DRIVER) - EXPLAIN IN NARRATIVE,7TH & WOODLAWN,39.16864,-86.523392
2003,11,1,Weekend,1200,2-Car,No injury/unknown,IMPROPER TURNING,7TH & WALNUT,39.16864,-86.533568
2003,10,6,Weekday,800,2-Car,No injury/unknown,DISREGARD SIGNAL/REG SIGN,DUNN ST & SEVENTH,39.16864,-86.528224
2003,10,2,Weekday,1000,2-Car,No injury/unknown,IMPROPER TURNING,7TH & WOODLAWN AVE,39.16864,-86.523392
2003,9,3,Weekday,1800,2-Car,No injury/unknown,DISREGARD SIGNAL/REG SIGN,7TH ST & WASHINGTON,39.16864,-86.5324
2003,9,2,Weekday,1400,2-Car,No injury/unknown,OTHER (VEHICLE) - EXPLAIN IN NARRATIVE,7TH & DUNN,39.16864,-86.528224
2003,8,5,Weekday,1800,2-Car,Non-incapacitating,DISREGARD SIGNAL/REG SIGN,7TH & WASHINGTON,39.16864,-86.5324
2003,6,4,Weekday,1700,2-Car,No injury/unknown,UNSAFE SPEED,7TH ST & WASHINGTON,39.16864,-86.5324
2003,7,4,Weekday,1200,2-Car,No injury/unknown,OTHER (ENVIRONMENTAL) - EXPLAIN IN NARR,7TH & DUNN ST,39.16864,-86.528224
2003,5,2,Weekday,1700,2-Car,No injury/unknown,FAILURE TO YIELD RIGHT OF WAY,7TH & WASHINGTON,39.16864,-86.5324
2003,5,7,Weekend,2300,3+ Cars,No injury/unknown,ALCOHOLIC BEVERAGES,7TH & WALNUT,39.16864,-86.533568
2003,7,3,Weekday,1200,2-Car,No injury/unknown,FAILURE TO YIELD RIGHT OF WAY,7TH & LINCOLN,39.16864,-86.530992
2003,3,3,Weekday,2000,2-Car,Non-incapacitating,OTHER (DRIVER) - EXPLAIN IN NARRATIVE,7TH & WALNUT ST,39.16864,-86.533568
2003,2,2,Weekday,1300,2-Car,No injury/unknown,UNSAFE BACKING,7TH ST & WOODLAWN,39.16864,-86.52346293
2003,3,3,Weekday,1400,2-Car,No injury/unknown,DISREGARD SIGNAL/REG SIGN,7TH ST & WASHINGTON,39.16864,-86.5324
2003,4,4,Weekday,1700,2-Car,No injury/unknown,FAILURE TO YIELD RIGHT OF WAY,7TH & INDIANA AVE,39.16864,-86.526944
2003,4,7,Weekend,300,1-Car,No injury/unknown,VIEW OBSTRUCTED,7TH & WALNUT,39.16864,-86.533568
2003,5,5,Weekday,200,2-Car,No injury/unknown,UNSAFE SPEED,N WALNUT,39.16864,-86.533568
2003,6,5,Weekday,1100,2-Car,No injury/unknown,IMPROPER TURNING,SEVENTH ST & WOODLAWN,39.16864,-86.523392
2003,7,6,Weekday,900,2-Car,No injury/unknown,OTHER (DRIVER) - EXPLAIN IN NARRATIVE,7TH ST,39.16864,-86.52948571
2003,1,7,Weekend,1800,1-Car,No injury/unknown,ANIMAL/OBJECT IN ROADWAY,SR48 & VERNAL,39.16861083,-86.66214691
2003,1,6,Weekday,1600,2-Car,No injury/unknown,OTHER (DRIVER) - EXPLAIN IN NARRATIVE,7TH & UNION ST,39.16858778,-86.50932
2003,6,2,Weekday,1700,2-Car,No injury/unknown,FAILURE TO YIELD RIGHT OF WAY,7TH & ADAMS ST,39.168576,-86.5496
2003,5,6,Weekday,1200,2-Car,No injury/unknown,OTHER LIGHTS DEFECTIVE,EAST SEVENTH & TETER,39.168544,-86.512192
2003,4,4,Weekday,1500,2-Car,Non-incapacitating,FOLLOWING TOO CLOSELY,GRANDVIEW & SR,39.168536,-86.48442771
2003,2,6,Weekday,1700,2-Car,No injury/unknown,FAILURE TO YIELD RIGHT OF WAY,10TH & SUNRISE AVE,39.168504,-86.5124
2003,2,5,Weekday,1300,2-Car,No injury/unknown,PRESCRIPTION DRUGS,7TH & WALNUT,39.16850274,-86.53357021
2003,8,7,Weekend,1700,2-Car,Non-incapacitating,OTHER (DRIVER) - EXPLAIN IN NARRATIVE,SR48 & VERNAL,39.168448,-86.661104
2003,2,6,Weekend,1900,1-Car,No injury/unknown,UNSAFE SPEED,N CAMBRIGE SQ & N PETE ELLIS,39.1684,-86.495099
2003,1,1,Weekend,1600,1-Car,No injury/unknown,ROADWAY SURFACE CONDITION,7TH & JORDAN AVE,39.16839716,-86.51608034
2003,1,4,Weekday,1200,2-Car,No injury/unknown,FAILURE TO YIELD RIGHT OF WAY,7TH & WALNUT,39.16836547,-86.53357243
2003,12,5,Weekday,1700,2-Car,No injury/unknown,,7TH & SUNRISE DR,39.16835,-86.512399
2003,12,6,Weekday,1100,2-Car,No injury/unknown,FOLLOWING TOO CLOSELY,7TH & COLLEGE,39.16832654,-86.534784
2003,7,5,Weekday,1300,2-Car,No injury/unknown,UNSAFE BACKING,N JACOB DR,39.168317,-86.573599
2003,2,3,Weekday,1700,2-Car,Non-incapacitating,IMPROPER TURNING,CURRY & JOHNATHAN DR,39.1683,-86.58262232
2003,2,5,Weekday,1100,1-Car,No injury/unknown,ROADWAY SURFACE CONDITION,BRAESIDE DR,39.168192,-86.49504