Year,Month,Day,Weekend?,Hour,Collision Type,Injury Type,Primary Factor,Reported_Location,Latitude,Longitude
2003,1,6,Weekend,2100,1-Car,Non-incapacitating,ROADWAY SURFACE CONDITION,7TH ST & JEFFERSON,39.168192,-86.507024
2003,3,7,Weekend,1300,Moped/Motorcycle,Non-incapacitating,RAN OFF ROAD RIGHT,BRAESIDE & PETE ELLIS,39.168192,-86.49504
2003,1,5,Weekday,1200,2-Car,No injury/unknown,FOLLOWING TOO CLOSELY,SEVENTH ST & UNION,39.168176,-86.509312
2003,12,7,Weekend,1800,2-Car,No injury/unknown,ROADWAY SURFACE CONDITION,7TH & UNION ST,39.168176,-86.509312
2003,1,1,Weekend,1400,1-Car,No injury/unknown,,7TH ST & ROSE,39.168144,-86.510992
2003,9,5,Weekday,1500,2-Car,No injury/unknown,FAILURE TO YIELD RIGHT OF WAY,7TH ST & ROSE,39.168144,-86.510992
2003,4,1,Weekend,1300,2-Car,No injury/unknown,LEFT OF CENTER,BIRDIE GALLYAN & FLEENER RD,39.168144,-86.411488
2003,12,1,Weekend,0,2-Car,No injury/unknown,ALCOHOLIC BEVERAGES,7TH ST & ROSE,39.168144,-86.510992
2003,12,4,Weekday,1200,2-Car,No injury/unknown,IMPROPER TURNING,CURRY PIKE & GRAND,39.16801204,-86.58296631
2003,4,7,Weekend,1300,2-Car,No injury/unknown,,GATES DR,39.167969,-86.576273
2003,5,6,Weekday,1800,2-Car,No injury/unknown,UNSAFE BACKING,6TH & LINCOLN,39.16795455,-86.530992
2003,2,7,Weekend,2200,2-Car,No injury/unknown,OTHER (DRIVER) - EXPLAIN IN NARRATIVE,BRAESIDE DR,39.16791185,-86.49134318
2003,10,1,Weekday,2300,3+ Cars,No injury/unknown,ILLEGAL DRUGS,6TH & WASHINGTON ST,39.16788364,-86.5324
2003,7,1,Weekday,2200,2-Car,No injury/unknown,UNSAFE BACKING,COLLEGE AVE,39.16781257,-86.534784
2003,7,4,Weekday,,2-Car,No injury/unknown,OTHER (DRIVER) - EXPLAIN IN NARRATIVE,COLLEGE,39.16781257,-86.534784
2003,9,6,Weekend,2000,2-Car,No injury/unknown,,3RD & COLLEGE,39.16781257,-86.534784
2003,8,4,Weekday,1100,2-Car,No injury/unknown,UNSAFE BACKING,LEXINGTON & LONGVIEW AVE,39.1677634,-86.4891999
2003,9,2,Weekday,1900,3+ Cars,No injury/unknown,BRAKE FAILURE OR DEFECTIVE,6TH ST & RITTER,39.167744,-86.550896
2003,6,5,Weekday,1500,2-Car,No injury/unknown,FAILURE TO YIELD RIGHT OF WAY,6TH ST & INDIANA,39.16774311,-86.52699892
2003,9,1,Weekend,600,2-Car,No injury/unknown,RAN OFF ROAD RIGHT,6TH ST & ADAMS,39.16773238,-86.54995459
2003,8,4,Weekday,1000,2-Car,No injury/unknown,UNSAFE BACKING,6TH & ADAM,39.16772898,-86.54967935
2003,10,7,Weekend,1800,2-Car,No injury/unknown,IMPROPER TURNING,6TH & DUNN ST,39.167728,-86.528208
2003,10,7,Weekend,2300,3+ Cars,Non-incapacitating,ALCOHOLIC BEVERAGES,6TH ST,39.16771265,-86.54686269
2003,10,7,Weekend,,2-Car,No injury/unknown,FAILURE TO YIELD RIGHT OF WAY,6TH ST & GRANT,39.16771238,-86.52966054
2003,3,2,Weekday,2000,2-Car,No injury/unknown,OTHER (DRIVER) - EXPLAIN IN NARRATIVE,6TH ST & GRANT,39.167712,-86.529696
2003,6,2,Weekday,800,2-Car,No injury/unknown,FAILURE TO YIELD RIGHT OF WAY,6TH & ELM,39.167712,-86.5452
2003,2,1,Weekend,100,2-Car,Non-incapacitating,ALCOHOLIC BEVERAGES,7TH ST & HILLSDALE,39.16770016,-86.50184453
2003,1,7,Weekend,1100,2-Car,No injury/unknown,FOLLOWING TOO CLOSELY,COUNTRY & WALNUT,39.16769916,-86.531
2003,4,3,Weekday,1100,2-Car,No injury/unknown,FAILURE TO YIELD RIGHT OF WAY,6TH & ROGERS,39.16768,-86.538592
2003,12,4,Weekday,1400,2-Car,No injury/unknown,FAILURE TO YIELD RIGHT OF WAY,6TH & ROGERS ST,39.16768,-86.538592
2003,9,2,Weekday,1300,1-Car,Non-incapacitating,OTHER (DRIVER) - EXPLAIN IN NARRATIVE,LINCOLN & SIXTH ST,39.16768,-86.530992
2003,8,6,Weekday,1300,2-Car,Non-incapacitating,FAILURE TO YIELD RIGHT OF WAY,6TH & ROGERS,39.16768,-86.538592
2003,5,3,Weekday,200,3+ Cars,Non-incapacitating,ALCOHOLIC BEVERAGES,6TH ST & JACKSON,39.16768,-86.539808
2003,6,1,Weekend,800,2-Car,Non-incapacitating,ALCOHOLIC BEVERAGES,6TH ST & ROGERS,39.16768,-86.538592
2003,4,5,Weekday,1200,2-Car,Non-incapacitating,FAILURE TO YIELD RIGHT OF WAY,6TH & ROGERS,39.16768,-86.538592
2003,11,3,Weekday,1900,2-Car,No injury/unknown,FAILURE TO YIELD RIGHT OF WAY,6TH & ROGERS,39.16768,-86.538592
2003,11,5,Weekday,1500,2-Car,No injury/unknown,UNSAFE BACKING,6TH ST & GRANT,39.16766498,-86.53737535
2003,1,6,Weekday,1500,2-Car,Non-incapacitating,FAILURE TO YIELD RIGHT OF WAY,6TH ST & MADISON,39.167664,-86.537296
2003,11,6,Weekday,1600,2-Car,No injury/unknown,OTHER (DRIVER) - EXPLAIN IN NARRATIVE,MADISON ST & SIXTH,39.167664,-86.537296
2003,9,6,Weekday,1000,2-Car,No injury/unknown,IMPROPER TURNING,6TH & WASHINGTON ST,39.167664,-86.5324
2003,9,3,Weekday,1900,2-Car,No injury/unknown,,6TH ST,39.167664,-86.53659813
2003,6,5,Weekday,1900,2-Car,No injury/unknown,UNSAFE BACKING,6TH,39.167664,-86.53659813
2003,6,4,Weekday,2200,2-Car,Non-incapacitating,ALCOHOLIC BEVERAGES,6TH ST & WALNUT,39.16765375,-86.53315851
2003,10,4,Weekday,1300,Bus,No injury/unknown,UNSAFE BACKING,6TH ST & COLLEGE,39.1676494,-86.53489037
2003,3,3,Weekday,1200,2-Car,No injury/unknown,OTHER (DRIVER) - EXPLAIN IN NARRATIVE,6TH & WALNUT,39.167648,-86.53376132
2003,5,1,Weekend,100,2-Car,No injury/unknown,ALCOHOLIC BEVERAGES,6TH ST & WALNUT,39.167648,-86.53367266
2003,2,7,Weekend,2100,2-Car,No injury/unknown,DISREGARD SIGNAL/REG SIGN,6TH & COLLEGE AVE,39.167648,-86.534784
2003,8,4,Weekday,900,1-Car,No injury/unknown,OTHER (DRIVER) - EXPLAIN IN NARRATIVE,6TH & WASHINGTON ST,39.167648,-86.533584
2003,7,4,Weekday,1500,2-Car,No injury/unknown,UNSAFE BACKING,E SIXTH ST & N WALNUT,39.167648,-86.533584
2003,9,3,Weekday,1100,2-Car,No injury/unknown,UNSAFE BACKING,6TH ST & WALNUT,39.167648,-86.533584
2003,5,7,Weekend,2300,2-Car,No injury/unknown,IMPROPER LANE USAGE,6TH & COLLEGE,39.167648,-86.534784
2003,6,2,Weekday,800,Bus,No injury/unknown,FOLLOWING TOO CLOSELY,6TH & COLLEGE AVE,39.167648,-86.534784
2003,6,7,Weekend,2000,2-Car,No injury/unknown,FOLLOWING TOO CLOSELY,6TH ST & COLLEGE,39.167648,-86.53471307
2003,6,3,Weekday,1900,2-Car,No injury/unknown,DISREGARD SIGNAL/REG SIGN,6TH & WALNUT ST,39.167648,-86.533584
2003,1,6,Weekday,1100,Bus,No injury/unknown,UNSAFE BACKING,6TH ST & WALNUT,39.167648,-86.533584
2003,2,4,Weekday,1700,1-Car,No injury/unknown,,7TH,39.167648,-86.500096
2003,1,2,Weekday,2000,1-Car,Non-incapacitating,FAILURE TO YIELD RIGHT OF WAY,6TH ST & COLLEGE,39.167648,-86.534784
2003,1,5,Weekday,1500,1-Car,Non-incapacitating,FAILURE TO YIELD RIGHT OF WAY,6TH ST & COLLEGE,39.167648,-86.534784
2003,1,6,Weekday,200,2-Car,No injury/unknown,ALCOHOLIC BEVERAGES,6TH & WALNUT,39.167648,-86.533584
2003,5,2,Weekday,1100,Bus,No injury/unknown,OTHER (DRIVER) - EXPLAIN IN NARRATIVE,6TH & WALNUT,39.167648,-86.533584
2003,8,7,Weekend,1200,2-Car,No injury/unknown,IMPROPER LANE USAGE,6TH & WALNUT ST,39.167648,-86.533584
2003,1,5,Weekday,2300,2-Car,No injury/unknown,OVERCORRECTING/OVERSTEERING,BRAESIDE & PETE ELLIS DR,39.16764291,-86.49504306
2003,3,6,Weekday,1400,2-Car,No injury/unknown,LEFT OF CENTER,6TH & ROGERS ST,39.16762509,-86.53859287
2003,9,3,Weekday,1400,2-Car,Incapacitating,FOLLOWING TOO CLOSELY,6TH & WALNUT ST,39.16757937,-86.53358509
2003,10,3,Weekday,1900,2-Car,No injury/unknown,FAILURE TO YIELD RIGHT OF WAY,7TH & JORDAN AVE,39.16757648,-86.51617021
2003,7,6,Weekday,800,2-Car,No injury/unknown,UNSAFE BACKING,UNION,39.16752555,-86.50930416
2003,5,7,Weekend,1400,2-Car,No injury/unknown,,NORWAY & SMITH PIKE,39.16745065,-86.583099
2003,5,5,Weekday,1700,2-Car,No injury/unknown,LEFT OF CENTER,GOURLEY & SR37,39.16738853,-86.57288679
2003,5,6,Weekday,1400,2-Car,No injury/unknown,OTHER (DRIVER) - EXPLAIN IN NARRATIVE,7TH & UNION ST,39.16725453,-86.5093009
2003,9,4,Weekday,1000,3+ Cars,No injury/unknown,IMPROPER LANE USAGE,6TH & COLLEGE AVE,39.1672362,-86.53479054
2003,9,4,Weekday,900,2-Car,No injury/unknown,IMPROPER TURNING,INDIANA & KIRKWOOD,39.16718897,-86.52691191
2003,9,7,Weekend,1100,2-Car,Non-incapacitating,IMPROPER PASSING,6TH & ROGERS ST,39.16713094,-86.53860072
2003,12,6,Weekday,1500,Bus,No injury/unknown,,JORDAN AVE,39.167128,-86.516208
2003,10,7,Weekend,700,1-Car,No injury/unknown,OTHER (DRIVER) - EXPLAIN IN NARRATIVE,7TH & JORDAN,39.167128,-86.516008
2003,5,6,Weekend,2300,2-Car,No injury/unknown,OTHER (ENVIRONMENTAL) - EXPLAIN IN NARR,JORDAN AVE,39.167128,-86.516208
2003,2,1,Weekend,1600,2-Car,No injury/unknown,OTHER (DRIVER) - EXPLAIN IN NARRATIVE,JORDAN AVE,39.167128,-86.516208
2003,1,5,Weekday,900,2-Car,No injury/unknown,PASSENGER DISTRACTION,JORDAN AVE,39.167128,-86.516208
2003,3,5,Weekday,600,2-Car,No injury/unknown,,CURRY PIKE & JONATHAN,39.167002,-86.582999
2003,9,2,Weekday,1500,2-Car,Non-incapacitating,DISREGARD SIGNAL/REG SIGN,CURRY PIKE & JONATHAN,39.167002,-86.582999
2003,8,6,Weekday,1300,2-Car,No injury/unknown,TRAFFIC CONTROL INOPERATIVE/MISSING/OBSC,CURRY PIKE & JONATHAN,39.167002,-86.582999
2003,1,7,Weekend,1200,2-Car,Non-incapacitating,IMPROPER PASSING,3RD & JORDAN AVE,39.16698193,-86.51621882
2003,2,3,Weekday,1000,2-Car,No injury/unknown,FAILURE TO YIELD RIGHT OF WAY,LONGVIEW & PETE ELLIS DR,39.166944,-86.495056
2003,3,7,Weekend,1500,1-Car,No injury/unknown,DRIVER ILLNESS,LONGVIEW & PETE ELLIS,39.166944,-86.495056
2003,4,5,Weekday,1500,2-Car,No injury/unknown,FAILURE TO YIELD RIGHT OF WAY,LONGVIEW & PETE ELLIS DR,39.166944,-86.495056
2003,1,3,Weekday,900,2-Car,No injury/unknown,,LONGVIEW DR & PETE ELLIS,39.166944,-86.495056
2003,1,5,Weekday,1600,2-Car,No injury/unknown,LEFT OF CENTER,LONGVIEW & PETE ELLIS DR,39.166944,-86.495056
2003,2,3,Weekday,1500,2-Car,No injury/unknown,FAILURE TO YIELD RIGHT OF WAY,LONGVIEW & PETE ELLIS,39.166944,-86.495056
2003,4,1,Weekday,2200,2-Car,Non-incapacitating,IMPROPER TURNING,LONGVIEW AVE & PETE ELLIS,39.166944,-86.495056
2003,12,2,Weekday,1300,2-Car,No injury/unknown,UNSAFE BACKING,PETE ELLIS & WILLIAMSBURG DR,39.16691725,-86.49494067
2003,11,2,Weekday,1600,2-Car,No injury/unknown,FAILURE TO YIELD RIGHT OF WAY,INDIANA AVE & KIRKWOOD,39.16691448,-86.52690396
2003,4,5,Weekday,1900,2-Car,No injury/unknown,IMPROPER TURNING,5TH & INDIANA AVE,39.16691448,-86.52690396
2003,6,2,Weekday,900,2-Car,No injury/unknown,IMPROPER TURNING,JORDON,39.166912,-86.516224
2003,10,6,Weekday,1000,2-Car,No injury/unknown,UNSAFE BACKING,JORDAN & JORDAN AVE,39.166912,-86.516224
2003,12,6,Weekday,1600,2-Car,No injury/unknown,OTHER (ENVIRONMENTAL) - EXPLAIN IN NARR,5TH & JEFFERSON ST,39.1669029,-86.50699331
2003,3,2,Weekday,2000,2-Car,No injury/unknown,DISREGARD SIGNAL/REG SIGN,5TH & JEFFERSON,39.166848,-86.506992
2003,12,6,Weekday,1600,2-Car,No injury/unknown,ROADWAY SURFACE CONDITION,5TH & UNION ST,39.166848,-86.509296
2003,9,4,Weekday,2200,2-Car,Non-incapacitating,FAILURE TO YIELD RIGHT OF WAY,5TH & JEFFERSON ST,39.166848,-86.506992
2003,10,5,Weekday,900,2-Car,No injury/unknown,UNSAFE BACKING,BRYAN & FIFTH,39.166848,-86.508192
2003,6,5,Weekday,1500,2-Car,No injury/unknown,DISREGARD SIGNAL/REG SIGN,5TH & JEFFERSON ST,39.166848,-86.506992
2003,7,2,Weekday,1100,2-Car,No injury/unknown,UNSAFE BACKING,UNION & UNION COURT,39.166848,-86.509296
2003,10,6,Weekday,1600,2-Car,Non-incapacitating,OTHER (DRIVER) - EXPLAIN IN NARRATIVE,5TH & UNION,39.166848,-86.509296
2003,8,7,Weekend,1400,2-Car,No injury/unknown,LEFT OF CENTER,ADAMS ST & KIRKWOOD AVE,39.166816,-86.549488
2003,9,1,Weekend,1200,1-Car,Non-incapacitating,ALCOHOLIC BEVERAGES,ADAMS & KIRKWOOD AVE,39.166816,-86.549488
2003,12,1,Weekend,300,2-Car,No injury/unknown,UNSAFE BACKING,KIRKWOOD,39.166816,-86.549488
2003,11,2,Weekday,1900,3+ Cars,No injury/unknown,OTHER (DRIVER) - EXPLAIN IN NARRATIVE,ADAMS & KIRKWOOD,39.166816,-86.549488
2003,4,2,Weekday,2300,3+ Cars,Incapacitating,UNSAFE SPEED,5TH ST & ADAMS,39.166816,-86.549488
2003,10,5,Weekday,1000,2-Car,No injury/unknown,DISREGARD SIGNAL/REG SIGN,ADAMS & KIRKWOOD AVE,39.166816,-86.549488
2003,6,6,Weekend,1900,2-Car,Non-incapacitating,LEFT OF CENTER,5TH ST & ADAMS,39.16681458,-86.54938163
2003,5,5,Weekday,2100,2-Car,No injury/unknown,FAILURE TO YIELD RIGHT OF WAY,5TH & PUNN,39.1668,-86.548288
2003,8,2,Weekday,1300,2-Car,No injury/unknown,IMPROPER TURNING,N ROGERS,39.16677486,-86.53860637
2003,6,1,Weekday,2100,2-Car,No injury/unknown,FAILURE TO YIELD RIGHT OF WAY,ELM & KIRKWOOD AVE,39.166768,-86.5452
2003,11,6,Weekend,2200,2-Car,No injury/unknown,FAILURE TO YIELD RIGHT OF WAY,ELM & KIRKWOOD,39.166768,-86.5452
2003,6,6,Weekday,1200,2-Car,No injury/unknown,OTHER (DRIVER) - EXPLAIN IN NARRATIVE,COLLEGE & KIRKWOOD,39.16676343,-86.53479804
2003,1,7,Weekend,1700,2-Car,No injury/unknown,ROADWAY SURFACE CONDITION,6TH & N COLLEGE,39.16676343,-86.53479804
2003,7,6,Weekday,500,2-Car,No injury/unknown,OBSTRUCTION NOT MARKED,KIRKWOOD & WALDRON,39.166736,-86.5436
2003,4,6,Weekday,700,2-Car,No injury/unknown,OTHER (ENVIRONMENTAL) - EXPLAIN IN NARR,KIRKWOOD & WALDRON,39.166736,-86.5436
2003,7,4,Weekday,1700,2-Car,No injury/unknown,UNSAFE BACKING,KIRKWOOD & WALDRON,39.166736,-86.5436
2003,11,3,Weekday,2100,2-Car,No injury/unknown,OTHER (DRIVER) - EXPLAIN IN NARRATIVE,KIRKWOOD AVE & WALDRON,39.16673449,-86.54345816
2003,2,5,Weekday,0,3+ Cars,No injury/unknown,CELL PHONE USAGE,MAPLE & W KIRKWOOD AVE,39.16672,-86.542096
2003,4,6,Weekday,1000,2-Car,Non-incapacitating,FAILURE TO YIELD RIGHT OF WAY,KIRKWOOD & MAPLE,39.16672,-86.542096
2003,6,2,Weekday,1400,2-Car,Non-incapacitating,FAILURE TO YIELD RIGHT OF WAY,MAPLE & WEST 5TH ST,39.16672,-86.542096
2003,12,3,Weekday,1800,Bus,No injury/unknown,FAILURE TO YIELD RIGHT OF WAY,5TH ST & FAIRVIEW,39.166704,-86.5408
2003,9,3,Weekday,1000,2-Car,No injury/unknown,FAILURE TO YIELD RIGHT OF WAY,FAIRVIEW & KIRKWOOD,39.166704,-86.5408
2003,11,1,Weekday,2100,1-Car,No injury/unknown,RAN OFF ROAD RIGHT,GLENWOOD & LONGVIEW,39.1666989,-86.484192
2003,9,4,Weekday,1400,2-Car,No injury/unknown,FOLLOWING TOO CLOSELY,KIRKWOOD & WALNUT ST,39.16669491,-86.53359913
2003,3,4,Weekday,700,2-Car,No injury/unknown,FAILURE TO YIELD RIGHT OF WAY,KIRKWOOD & S ROGERS,39.166688,-86.539808
2003,5,6,Weekday,1400,2-Car,No injury/unknown,FAILURE TO YIELD RIGHT OF WAY,KIRKWOOD AVE & ROGERS,39.16667578,-86.53889166
2003,8,4,Weekday,1200,2-Car,No injury/unknown,OTHER (DRIVER) - EXPLAIN IN NARRATIVE,KIRKWOOD & ROGERS,39.16667578,-86.53889166
2003,1,6,Weekday,1300,2-Car,No injury/unknown,FAILURE TO YIELD RIGHT OF WAY,KIRKWOOD & ROGERS,39.16667555,-86.53887393
2003,6,2,Weekday,700,2-Car,No injury/unknown,FAILURE TO YIELD RIGHT OF WAY,5TH ST & ROGERS,39.16667437,-86.53878529
2003,3,6,Weekday,1600,2-Car,No injury/unknown,OTHER (DRIVER) - EXPLAIN IN NARRATIVE,KIRKWOOD AVE & ROGERS,39.16667342,-86.53871437
2003,4,2,Weekday,1800,2-Car,No injury/unknown,FAILURE TO YIELD RIGHT OF WAY,5TH & ROGERS,39.16667318,-86.53869664
2003,8,4,Weekday,1700,2-Car,Non-incapacitating,FAILURE TO YIELD RIGHT OF WAY,KIRKWOOD AVE & ROGERS,39.16667295,-86.53867892
2003,5,4,Weekday,1300,2-Car,No injury/unknown,FAILURE TO YIELD RIGHT OF WAY,KIRKWOOD AVE & ROGERS,39.16667295,-86.53867892
2003,11,2,Weekday,1900,3+ Cars,Non-incapacitating,DISREGARD SIGNAL/REG SIGN,KIRKWOOD & ROGERS,39.16667295,-86.53867892
2003,4,3,Weekday,1700,2-Car,No injury/unknown,IMPROPER PASSING,5TH ST & ROGERS,39.166672,-86.538608
2003,5,2,Weekday,1100,2-Car,No injury/unknown,OTHER (ENVIRONMENTAL) - EXPLAIN IN NARR,4TH & ROGERS ST,39.166672,-86.538608
2003,4,6,Weekday,700,2-Car,No injury/unknown,FAILURE TO YIELD RIGHT OF WAY,5TH & ROGERS ST,39.166672,-86.538608
2003,2,4,Weekday,1000,2-Car,No injury/unknown,FAILURE TO YIELD RIGHT OF WAY,KIRKWOOD AVE & MADISON,39.166656,-86.537296
2003,10,5,Weekday,1100,2-Car,No injury/unknown,GLARE,COLLEGE & KIRKWOOD,39.16664,-86.53409075
2003,8,7,Weekend,1500,2-Car,No injury/unknown,UNSAFE BACKING,COLLEGE & KIRKWOOD AVE,39.16664,-86.53462269
2003,9,6,Weekend,2200,2-Car,No injury/unknown,OTHER (DRIVER) - EXPLAIN IN NARRATIVE,KIRKWOOD AVE & WASHINGTON,39.16664,-86.53257731
2003,5,6,Weekday,1500,2-Car,No injury/unknown,UNSAFE BACKING,KIRKWOOD & WALNUT,39.16664,-86.53377731
2003,1,6,Weekend,1900,2-Car,No injury/unknown,FOLLOWING TOO CLOSELY,5TH ST & KIRKWOOD,39.16664,-86.526896
2003,2,5,Weekday,1800,2-Car,Non-incapacitating,LEFT OF CENTER,5TH & 5TH ST,39.16664,-86.528192
2003,2,4,Weekday,1200,2-Car,No injury/unknown,UNSAFE BACKING,COLLEGE & KIRKWOOD,39.16664,-86.5336
2003,2,3,Weekday,1300,Bus,No injury/unknown,IMPROPER LANE USAGE,INDIANA AVE & KIRKWOOD,39.16664,-86.526896
2003,3,7,Weekend,2100,2-Car,No injury/unknown,IMPROPER LANE USAGE,COLLEGE AVE & KIRKWOOD,39.16664,-86.5348
2003,3,2,Weekday,900,2-Car,Non-incapacitating,OTHER (DRIVER) - EXPLAIN IN NARRATIVE,EAST FOURTH & SOUTH WALNUT,39.16664,-86.5336
2003,3,7,Weekend,200,2-Car,No injury/unknown,OTHER (DRIVER) - EXPLAIN IN NARRATIVE,KIRKWOOD & SOUTH WALNUT,39.16664,-86.5336
2003,12,6,Weekday,1300,1-Car,No injury/unknown,UNSAFE SPEED,KIRKWOOD,39.16664,-86.5324
2003,10,5,Weekday,1600,Bus,No injury/unknown,,COLLEGE AVE & KIRKWOOD,39.16664,-86.5348
2003,11,3,Weekday,1000,2-Car,No injury/unknown,UNSAFE BACKING,KIRKWOOD,39.16664,-86.5324
2003,11,5,Weekday,700,2-Car,No injury/unknown,OTHER (DRIVER) - EXPLAIN IN NARRATIVE,KIRKWOOD,39.16664,-86.52816555
2003,10,2,Weekday,1100,2-Car,No injury/unknown,FAILURE TO YIELD RIGHT OF WAY,KIRKWOOD & WALNUT ST,39.16664,-86.5336
2003,11,4,Weekday,400,2-Car,No injury/unknown,UNSAFE SPEED,CURRY PIKE & THIRD,39.16664,-86.582992
2003,10,3,Weekday,1200,2-Car,No injury/unknown,FAILURE TO YIELD RIGHT OF WAY,COLLEGE AVE & KIRKWOOD,39.16664,-86.5348
2003,5,3,Weekday,1200,2-Car,No injury/unknown,FAILURE TO YIELD RIGHT OF WAY,KIRKWOOD & S DUNN ST,39.16664,-86.528192
2003,8,3,Weekday,900,2-Car,No injury/unknown,IMPROPER LANE USAGE,5TH & N COLLEGE AVE,39.16664,-86.5348
2003,8,2,Weekday,1600,Pedestrian,Non-incapacitating,OTHER (VEHICLE) - EXPLAIN IN NARRATIVE,DUNN ST & KIRKWOOD AVE,39.16664,-86.528192
2003,9,6,Weekday,800,2-Car,No injury/unknown,UNSAFE BACKING,KIRKWOOD,39.16664,-86.5324
2003,5,4,Weekday,1500,2-Car,No injury/unknown,UNSAFE BACKING,KIRKWOOD,39.16664,-86.5324
2003,8,6,Weekday,900,2-Car,No injury/unknown,OTHER (DRIVER) - EXPLAIN IN NARRATIVE,5TH ST,39.16664,-86.52800686
2003,5,6,Weekday,1600,3+ Cars,No injury/unknown,FOLLOWING TOO CLOSELY,GRANT & KIRKWOOD,39.16664,-86.529696
2003,5,4,Weekday,1600,2-Car,No injury/unknown,FOLLOWING TOO CLOSELY,5TH & WALNUT,39.16664,-86.5336
2003,9,5,Weekday,1300,2-Car,No injury/unknown,OTHER (DRIVER) - EXPLAIN IN NARRATIVE,KIRKWOOD & S INDIANA AVE,39.16664,-86.526896
2003,7,1,Weekday,2200,2-Car,No injury/unknown,UNSAFE BACKING,DUNN & KIRKWOOD,39.16664,-86.52923559
2003,6,7,Weekend,900,2-Car,No injury/unknown,OTHER (DRIVER) - EXPLAIN IN NARRATIVE,KIRKWOOD & WALNUT,39.16664,-86.5336
2003,6,2,Weekday,1000,2-Car,Non-incapacitating,FAILURE TO YIELD RIGHT OF WAY,E KIRKWOOD AVE & WASHINGTON,39.16664,-86.5336
2003,2,7,Weekend,1900,1-Car,No injury/unknown,ROADWAY SURFACE CONDITION,KERR CREEK RD & SR46,39.16664,-86.462496
2003,5,2,Weekday,1000,2-Car,Non-incapacitating,LEFT OF CENTER,CURRY PIKE & GRAND,39.16664,-86.582992
2003,9,6,,,2-Car,No injury/unknown,IMPROPER TURNING,KERR CREEK & SR 46,39.16664,-86.462496
2003,5,6,Weekday,1700,1-Car,Non-incapacitating,OTHER (DRIVER) - EXPLAIN IN NARRATIVE,KINGS & SR46,39.16664,-86.454992
2003,8,3,Weekday,1800,2-Car,No injury/unknown,IMPROPER LANE USAGE,CURRY PIKE & MERLE,39.16664,-86.582992
2003,7,5,Weekday,1900,1-Car,Non-incapacitating,FAILURE TO YIELD RIGHT OF WAY,DUNN,39.16664,-86.528192
2003,11,7,Weekend,0,2-Car,No injury/unknown,UNSAFE SPEED,DUNN & KIRKWOOD,39.16664,-86.528192
2003,1,7,Weekend,1000,1-Car,Non-incapacitating,FAILURE TO YIELD RIGHT OF WAY,COLLEGE & KIRKWOOD AVE,39.16664,-86.5348
2003,2,7,Weekend,800,2-Car,No injury/unknown,,5TH ST,39.16664,-86.52957322
2003,3,3,Weekday,2200,2-Car,No injury/unknown,UNSAFE BACKING,E KIRKWOOD LOT,39.16664,-86.53096555
2003,2,7,Weekend,2000,2-Car,No injury/unknown,OTHER (DRIVER) - EXPLAIN IN NARRATIVE,109 S COLLEGE & KIRKWOOD AVE,39.16664,-86.5348
2003,2,5,Weekday,1100,2-Car,No injury/unknown,VIEW OBSTRUCTED,KIRKWOOD & WALNUT,39.16664,-86.53370639
2003,3,2,Weekday,1600,2-Car,No injury/unknown,FAILURE TO YIELD RIGHT OF WAY,KIRKWOOD & WALNUT,39.16664,-86.53342857
2003,4,4,Weekday,1700,1-Car,Non-incapacitating,FAILURE TO YIELD RIGHT OF WAY,KIRKWOOD & LINCOLN ST,39.16664,-86.530992
2003,4,3,Weekday,1500,2-Car,No injury/unknown,OTHER (DRIVER) - EXPLAIN IN NARRATIVE,GRANT & KIRKWOOD,39.16664,-86.52957322
2003,4,6,Weekday,1000,2-Car,No injury/unknown,FOLLOWING TOO CLOSELY,KIRKWOOD & S WALNUT ST,39.16664,-86.5336
2003,9,2,Weekday,1900,2-Car,Non-incapacitating,OTHER (ENVIRONMENTAL) - EXPLAIN IN NARR,CURRY PIKE & THIRD,39.16664,-86.582992
2003,6,2,Weekday,200,3+ Cars,No injury/unknown,FOLLOWING TOO CLOSELY,6TH & WALNUT,39.16664,-86.5336
2003,7,4,Weekday,1700,2-Car,Non-incapacitating,ALCOHOLIC BEVERAGES,KIRKWOOD & WALNUT ST,39.16664,-86.5336
2003,7,5,Weekday,1000,2-Car,No injury/unknown,OTHER (DRIVER) - EXPLAIN IN NARRATIVE,COLLEGE & KIRKWOOD,39.16664,-86.53469361
2003,9,7,Weekend,300,3+ Cars,No injury/unknown,,COLLEGE AVE & KIRKWOOD AVE,39.16664,-86.5348
2003,11,7,Weekend,1500,2-Car,No injury/unknown,IMPROPER TURNING,KIRKWOOD & WALNUT ST,39.16664,-86.5336
2003,11,7,Weekend,2300,2-Car,Non-incapacitating,FOLLOWING TOO CLOSELY,KIRKWOOD AVE & WALNUT,39.16664,-86.5336
2003,11,5,Weekday,1000,1-Car,No injury/unknown,UNSAFE BACKING,KIRKWOOD,39.16664,-86.52948114
2003,12,4,Weekday,1400,2-Car,No injury/unknown,,COLLEGE & KIRKWOOD,39.16664,-86.5324
2003,7,6,Weekday,1800,2-Car,No injury/unknown,ALCOHOLIC BEVERAGES,5TH & MORTON ST,39.166604,-86.5361
2003,8,3,Weekday,1300,2-Car,No injury/unknown,UNSAFE SPEED,KIRKWOOD AVE & ROGERS ST,39.1666,-86.5374
2003,7,3,Weekday,1500,2-Car,No injury/unknown,OTHER (DRIVER) - EXPLAIN IN NARRATIVE,INDIANA AVE & KIRKWOOD,39.16659885,-86.52689401
2003,6,2,Weekday,1900,2-Car,No injury/unknown,FAILURE TO YIELD RIGHT OF WAY,KIRKWOOD & WALNUT,39.16657927,-86.5336