Year,Month,Day,Weekend?,Hour,Collision Type,Injury Type,Primary Factor,Reported_Location,Latitude,Longitude
2003,7,5,Weekday,1300,2-Car,No injury/unknown,IMPROPER TURNING,SR 446 & SR 46,39.16657901,-86.46360922
2003,8,7,Weekend,1700,2-Car,Non-incapacitating,,KERR CREEK & SR46,39.16656248,-86.46391096
2003,5,7,Weekend,1000,2-Car,No injury/unknown,FAILURE TO YIELD RIGHT OF WAY,2600 WALNUT & WALNUT,39.16656208,-86.53360637
2003,4,3,Weekday,1600,2-Car,No injury/unknown,FAILURE TO YIELD RIGHT OF WAY,123 KINGSTON & MARSH PARKING LOT,39.16655822,-86.492816
2003,5,2,Weekday,1600,2-Car,No injury/unknown,OTHER (DRIVER) - EXPLAIN IN NARRATIVE,3RD & KINGSTON,39.16655822,-86.492816
2003,2,1,Weekend,1800,2-Car,No injury/unknown,OTHER (DRIVER) - EXPLAIN IN NARRATIVE,LIVINGTON DR,39.16655822,-86.492816
2003,7,6,Weekday,1600,2-Car,No injury/unknown,FAILURE TO YIELD RIGHT OF WAY,S KINGSTON,39.16655822,-86.492816
2003,12,2,Weekday,1500,2-Car,No injury/unknown,UNSAFE BACKING,ROGERS ST,39.16655249,-86.53860604
2003,10,4,Weekday,500,1-Car,No injury/unknown,ANIMAL/OBJECT IN ROADWAY,SR 446 & SR 46,39.16654025,-86.4643167
2003,4,4,Weekday,1500,2-Car,No injury/unknown,OTHER (DRIVER) - EXPLAIN IN NARRATIVE,INDIANA & INDIANA AVE,39.16653878,-86.5268911
2003,1,6,Weekday,600,1-Car,No injury/unknown,ROADWAY SURFACE CONDITION,SR 446 & SR46,39.16648209,-86.46537792
2003,9,6,Weekday,1100,2-Car,Non-incapacitating,FAILURE TO YIELD RIGHT OF WAY,5TH & HILLSDALE DR,39.16648,-86.503472
2003,8,6,Weekday,1300,2-Car,Non-incapacitating,FAILURE TO YIELD RIGHT OF WAY,5TH & HILLSDALE,39.16648,-86.503472
2003,9,2,Weekday,1000,2-Car,Non-incapacitating,FAILURE TO YIELD RIGHT OF WAY,5TH & HILLSDALE,39.16648,-86.503472
2003,10,6,Weekday,1600,2-Car,No injury/unknown,FAILURE TO YIELD RIGHT OF WAY,5TH & HILLSDALE,39.16648,-86.503472
2003,8,3,Weekday,1400,2-Car,No injury/unknown,UNSAFE BACKING,LORI & SR46,39.166448,-86.466
2003,6,5,Weekday,0,1-Car,No injury/unknown,ALCOHOLIC BEVERAGES,MORNINGSIDE DR & SMITH,39.16644133,-86.4806682
2003,6,4,Weekday,1400,3+ Cars,No injury/unknown,FAILURE TO YIELD RIGHT OF WAY,4TH & WALNUT,39.16643755,-86.5336
2003,2,5,Weekday,1300,2-Car,No injury/unknown,OTHER (DRIVER) - EXPLAIN IN NARRATIVE,GRANDVIEW & N SMITH RD,39.166432,-86.4812
2003,6,4,Weekday,1300,2-Car,No injury/unknown,OTHER (DRIVER) - EXPLAIN IN NARRATIVE,MORNINGSIDE,39.166416,-86.482592
2003,4,7,Weekend,1900,2-Car,No injury/unknown,OTHER (ENVIRONMENTAL) - EXPLAIN IN NARR,MORNINGSIDE & SMITH RD,39.16640455,-86.4812
2003,9,6,Weekday,1600,2-Car,No injury/unknown,LEFT OF CENTER,ROOSEVELT,39.166248,-86.50584
2003,8,6,Weekday,1400,3+ Cars,No injury/unknown,FOLLOWING TOO CLOSELY,3RD & SR46,39.16622542,-86.46711295
2003,10,1,Weekday,1900,1-Car,No injury/unknown,IMPROPER TURNING,JONES & JORDAN AVE,39.166199,-86.516399
2003,5,5,Weekday,1100,2-Car,No injury/unknown,IMPROPER PASSING,JONES & JORDAN AVE,39.166199,-86.516399
2003,3,2,Weekday,1800,2-Car,No injury/unknown,IMPROPER PASSING,JONES & JORDAN AVE,39.166199,-86.516399
2003,8,6,Weekday,1100,2-Car,Non-incapacitating,FAILURE TO YIELD RIGHT OF WAY,8TH ST & ROGERS ST,39.166184,-86.5386
2003,2,2,Weekday,600,1-Car,No injury/unknown,,WALNUT,39.166144,-86.5336
2003,2,2,Weekday,1900,2-Car,No injury/unknown,FAILURE TO YIELD RIGHT OF WAY,WALNUT,39.166144,-86.5336
2003,5,1,Weekend,300,2-Car,No injury/unknown,OTHER (DRIVER) - EXPLAIN IN NARRATIVE,WALNUT CENTER,39.166144,-86.5336
2003,9,3,Weekday,1400,2-Car,No injury/unknown,IMPROPER TURNING,DUNN ST,39.166144,-86.528168
2003,11,6,Weekend,2200,1-Car,No injury/unknown,ROADWAY SURFACE CONDITION,WALNUT ST,39.166144,-86.5336
2003,8,2,Weekday,1600,2-Car,Non-incapacitating,FAILURE TO YIELD RIGHT OF WAY,S WASHINGTON,39.166144,-86.5324
2003,9,4,Weekday,1600,2-Car,No injury/unknown,UNSAFE BACKING,DUNN ST,39.166144,-86.528168
2003,8,6,Weekday,1700,2-Car,Non-incapacitating,FOLLOWING TOO CLOSELY,32N & WALNUT,39.166144,-86.5336
2003,4,3,Weekday,1700,2-Car,No injury/unknown,FOLLOWING TOO CLOSELY,WALNUT,39.166144,-86.5336
2003,5,6,Weekday,1400,2-Car,Non-incapacitating,FAILURE TO YIELD RIGHT OF WAY,INDIANA AVE,39.166144,-86.526872
2003,4,1,Weekend,1000,1-Car,No injury/unknown,UNSAFE BACKING,WALNUT ST,39.166144,-86.5336
2003,9,7,Weekend,2100,2-Car,No injury/unknown,UNSAFE BACKING,DUNN ST,39.166144,-86.528168
2003,11,6,Weekday,1700,2-Car,No injury/unknown,FAILURE TO YIELD RIGHT OF WAY,SR446 & SR46,39.16610181,-86.46773098
2003,9,1,Weekend,100,2-Car,No injury/unknown,ALCOHOLIC BEVERAGES,COLLEGE AVE & KIRKWOOD,39.1660909,-86.5348
2003,11,2,Weekday,2200,2-Car,No injury/unknown,FOLLOWING TOO CLOSELY,4TH & INDIANA,39.16605954,-86.52686791
2003,5,2,Weekday,1100,2-Car,No injury/unknown,FOLLOWING TOO CLOSELY,ADAMS & PATTERSON,39.16604353,-86.551196
2003,1,6,Weekday,1800,3+ Cars,No injury/unknown,OTHER (DRIVER) - EXPLAIN IN NARRATIVE,3RD & SR45,39.16598486,-86.57303699
2003,3,7,Weekend,500,2-Car,No injury/unknown,UNSAFE BACKING,5TH & 5TH ST,39.165952,-86.500096
2003,9,7,Weekend,1000,2-Car,No injury/unknown,FOLLOWING TOO CLOSELY,FRANKLIN & MCDONALDS,39.16594257,-86.57120693
2003,8,7,Weekend,1100,Moped/Motorcycle,No injury/unknown,IMPROPER PASSING,4TH & ROGERS ST,39.1659019,-86.53859538
2003,11,5,Weekday,1800,3+ Cars,Non-incapacitating,OTHER (DRIVER) - EXPLAIN IN NARRATIVE,3RD & SR45,39.16584785,-86.57304801
2003,10,6,Weekday,1700,3+ Cars,No injury/unknown,UNSAFE SPEED,4TH & COLLEGE AVE,39.16580128,-86.5348
2003,10,5,Weekday,1400,2-Car,No injury/unknown,IMPROPER LANE USAGE,BROADWAY & CURRY PIKE,39.16578666,-86.58297516
2003,6,6,Weekday,1500,2-Car,No injury/unknown,FAILURE TO YIELD RIGHT OF WAY,4TH & GRANT ST,39.16578527,-86.52970979
2003,10,1,Weekend,900,2-Car,No injury/unknown,UNSAFE BACKING,4TH ST,39.165736,-86.544464
2003,3,3,Weekday,0,1-Car,No injury/unknown,UNSAFE BACKING,MAPLE,39.165712,-86.542096
2003,1,5,Weekday,900,2-Car,No injury/unknown,OTHER (ENVIRONMENTAL) - EXPLAIN IN NARR,4TH ST & ROGERS,39.165696,-86.53862746
2003,7,2,Weekday,1400,3+ Cars,Non-incapacitating,FAILURE TO YIELD RIGHT OF WAY,4TH & ROGERS ST,39.165696,-86.538592
2003,1,6,Weekday,1700,2-Car,No injury/unknown,UNSAFE BACKING,4 ST & ROGERS,39.165696,-86.538592
2003,8,2,Weekday,1400,1-Car,Non-incapacitating,PEDESTRIAN ACTION,W 4TH ST,39.16566531,-86.5361058
2003,11,7,Weekend,1800,2-Car,No injury/unknown,UNSAFE BACKING,4TH ST,39.165664,-86.536
2003,10,6,Weekend,2300,2-Car,Non-incapacitating,OTHER (DRIVER) - EXPLAIN IN NARRATIVE,4TH & COLLEGE AVE,39.165664,-86.5348
2003,7,6,Weekday,1800,2-Car,No injury/unknown,DISREGARD SIGNAL/REG SIGN,4TH & COLLEGE AVE,39.165664,-86.5348
2003,8,2,Weekday,1600,2-Car,No injury/unknown,FAILURE TO YIELD RIGHT OF WAY,4TH & COLLEGE,39.165664,-86.5348
2003,2,6,Weekday,1000,2-Car,No injury/unknown,UNSAFE BACKING,4TH,39.16565029,-86.53377143
2003,9,2,Weekday,1000,2-Car,No injury/unknown,OVERCORRECTING/OVERSTEERING,4TH ST & LINCOLN,39.165648,-86.53136262
2003,4,3,Weekday,800,2-Car,No injury/unknown,UNSAFE BACKING,4TH ST & DUNN,39.165648,-86.5284277
2003,1,4,Weekday,1600,Bus,No injury/unknown,IMPROPER TURNING,4TH ST & WASHINGTON,39.165648,-86.5324
2003,2,5,Weekday,1700,2-Car,No injury/unknown,OTHER (DRIVER) - EXPLAIN IN NARRATIVE,4TH & INDIANA,39.165648,-86.526848
2003,1,5,Weekday,1600,2-Car,No injury/unknown,ROADWAY SURFACE CONDITION,WALNUT,39.165648,-86.5336
2003,1,4,Weekday,1800,2-Car,Non-incapacitating,FAILURE TO YIELD RIGHT OF WAY,BLOOMINGTON LIQUORS & WALNUT,39.165648,-86.5336
2003,2,5,Weekday,2300,2-Car,No injury/unknown,,PARKING LOT & WALNUT,39.165648,-86.5336
2003,4,3,Weekday,1200,1-Car,Non-incapacitating,OTHER (DRIVER) - EXPLAIN IN NARRATIVE,4TH & INDIANA,39.165648,-86.526848
2003,3,3,Weekday,900,2-Car,No injury/unknown,FAILURE TO YIELD RIGHT OF WAY,3RD & S WALNUT ST,39.165648,-86.5336
2003,11,6,Weekday,1700,2-Car,No injury/unknown,FAILURE TO YIELD RIGHT OF WAY,SR45 & WALNUT,39.165648,-86.5336
2003,9,2,Weekday,,1-Car,No injury/unknown,UNSAFE BACKING,7TH & WALNUT,39.165648,-86.5336
2003,11,6,Weekend,2200,2-Car,No injury/unknown,DISREGARD SIGNAL/REG SIGN,4TH & GRANT ST,39.165648,-86.529712
2003,8,4,Weekday,1100,2-Car,No injury/unknown,OTHER (ENVIRONMENTAL) - EXPLAIN IN NARR,4TH ST,39.165648,-86.5336
2003,7,3,Weekday,1500,1-Car,No injury/unknown,OTHER (DRIVER) - EXPLAIN IN NARRATIVE,4TH ST & DUNN,39.165648,-86.52817946
2003,8,6,Weekday,1100,2-Car,No injury/unknown,FOLLOWING TOO CLOSELY,WALNUT ST,39.165648,-86.5336
2003,9,7,Weekend,1400,2-Car,No injury/unknown,OTHER (DRIVER) - EXPLAIN IN NARRATIVE,DUNN,39.165648,-86.528144
2003,9,7,Weekend,2200,3+ Cars,Non-incapacitating,ALCOHOLIC BEVERAGES,DUNN & VARSITY VILLAS APT LOT,39.165648,-86.528144
2003,6,4,Weekday,,2-Car,No injury/unknown,,GRANT ST & PARKING LOT,39.165648,-86.529712
2003,5,5,Weekday,2200,1-Car,Non-incapacitating,ALCOHOLIC BEVERAGES,SR37 & WALNUT,39.165648,-86.5336
2003,5,6,Weekday,0,1-Car,No injury/unknown,,WALNUT & WALNUT PARKING,39.165648,-86.5336
2003,5,1,Weekend,1400,1-Car,No injury/unknown,TIRE FAILURE OR DEFECTIVE,4TH ST,39.165648,-86.53231478
2003,5,1,Weekday,2000,1-Car,No injury/unknown,FOLLOWING TOO CLOSELY,WALNUT,39.165648,-86.5336
2003,6,1,Weekend,500,1-Car,No injury/unknown,RAN OFF ROAD RIGHT,4TH & ROOSEVELT,39.165648,-86.505792
2003,6,3,Weekday,500,2-Car,Incapacitating,,WALNUT ST,39.165648,-86.5336
2003,10,2,Weekday,800,2-Car,No injury/unknown,UNSAFE BACKING,WALNUT ST,39.165648,-86.5336
2003,5,4,Weekday,1900,2-Car,No injury/unknown,IMPROPER TURNING,4TH & INDIANA AVE,39.165648,-86.526848
2003,4,3,Weekday,800,Bus,No injury/unknown,IMPROPER TURNING,4TH ST & WASHINGTON,39.165648,-86.5324
2003,5,2,Weekday,800,2-Car,No injury/unknown,DISREGARD SIGNAL/REG SIGN,4TH & WALNUT,39.165648,-86.5336
2003,4,5,Weekday,1000,2-Car,No injury/unknown,IMPROPER TURNING,DUNN & FOURTH ST,39.165648,-86.528144
2003,6,7,Weekend,0,2-Car,No injury/unknown,DISREGARD SIGNAL/REG SIGN,4TH ST & GRANT,39.165648,-86.529712
2003,3,2,Weekday,1300,3+ Cars,No injury/unknown,OTHER (VEHICLE) - EXPLAIN IN NARRATIVE,4TH & GRANT ST,39.16563976,-86.52971213
2003,11,3,Weekday,1400,2-Car,No injury/unknown,FAILURE TO YIELD RIGHT OF WAY,GATES DR & JACOB,39.165599,-86.575999
2003,2,2,Weekday,1900,2-Car,No injury/unknown,FAILURE TO YIELD RIGHT OF WAY,GATES DR & JACOB,39.165599,-86.575999
2003,5,2,Weekday,1100,2-Car,No injury/unknown,IMPROPER TURNING,GATES DR & JACOB,39.165599,-86.575999
2003,9,5,Weekday,1900,2-Car,No injury/unknown,DISREGARD SIGNAL/REG SIGN,GATES RD & JACOB,39.165599,-86.575999
2003,4,4,Weekday,1600,3+ Cars,Non-incapacitating,UNSAFE BACKING,6TH & MADISON,39.16558041,-86.537296
2003,6,2,Weekday,700,2-Car,No injury/unknown,UNSAFE BACKING,ROGERS,39.16557649,-86.538592
2003,11,1,Weekend,1400,1-Car,No injury/unknown,ENGINE FAILURE OR DEFECTIVE,3RD & SR37,39.16557383,-86.57307006
2003,4,5,Weekday,1000,2-Car,No injury/unknown,FOLLOWING TOO CLOSELY,4TH & INDIANA AVE,39.16556567,-86.52684471
2003,4,7,Weekend,2300,2-Car,No injury/unknown,ALCOHOLIC BEVERAGES,4TH & DUNN ST,39.16544219,-86.52813577
2003,10,4,Weekday,1800,3+ Cars,Non-incapacitating,FOLLOWING TOO CLOSELY,JONES & JORDAN AVE,39.1654,-86.516399
2003,10,5,Weekday,1600,2-Car,No injury/unknown,IMPROPER TURNING,JONES AVE & JORDAN,39.165399,-86.5164143
2003,5,4,Weekday,1800,2-Car,No injury/unknown,OTHER (DRIVER) - EXPLAIN IN NARRATIVE,JONES AVE & JORDAN,39.165399,-86.51644026
2003,1,6,Weekday,1600,2-Car,No injury/unknown,IMPROPER LANE USAGE,JONES AVE & JORDAN,39.165399,-86.51642296
2003,9,1,Weekend,1300,3+ Cars,No injury/unknown,UNSAFE BACKING,JONES AVE & JORDAN,39.165399,-86.51648352
2003,3,2,Weekday,2300,2-Car,No injury/unknown,ALCOHOLIC BEVERAGES,3RD & CURRY PIKE,39.165301,-86.582995
2003,2,7,Weekend,1800,2-Car,No injury/unknown,OTHER (DRIVER) - EXPLAIN IN NARRATIVE,3RD & COLLEGE AVE,39.16518906,-86.53480742
2003,3,6,Weekday,1600,2-Car,No injury/unknown,IMPROPER LANE USAGE,4TH & INDIANA AVE,39.16509916,-86.52682605
2003,5,6,,,2-Car,No injury/unknown,IMPROPER LANE USAGE,3RD & COLLEGE AVE,39.1650518,-86.53480957
2003,11,4,Weekday,600,2-Car,No injury/unknown,FAILURE TO YIELD RIGHT OF WAY,KIRBY & SR48,39.16504,-86.610704
2003,3,6,Weekend,2200,1-Car,Non-incapacitating,RAN OFF ROAD RIGHT,KIRBY & SR48,39.16504,-86.610704
2003,6,6,Weekday,1400,2-Car,No injury/unknown,OTHER (ENVIRONMENTAL) - EXPLAIN IN NARR,KIRBY RD & SR48,39.16504,-86.610704
2003,11,2,Weekday,1300,3+ Cars,Non-incapacitating,FAILURE TO YIELD RIGHT OF WAY,KIRBY & SR48,39.16504,-86.610704
2003,12,5,Weekday,1200,2-Car,No injury/unknown,FOLLOWING TOO CLOSELY,3RD & GATES DR,39.165001,-86.576001
2003,7,1,Weekend,1800,2-Car,No injury/unknown,,3RD & GATES DR,39.165001,-86.576001
2003,12,6,Weekday,1100,2-Car,No injury/unknown,FOLLOWING TOO CLOSELY,SR46,39.16499973,-86.4523412
2003,12,6,Weekday,1200,2-Car,No injury/unknown,FOLLOWING TOO CLOSELY,SR46,39.16499973,-86.4523412
2003,11,2,Weekday,1400,2-Car,No injury/unknown,UNSAFE SPEED,HARTSTRAIT RD & SR48,39.164944,-86.611296
2003,2,2,Weekday,1000,1-Car,No injury/unknown,,HARTSTRAIT & SR48,39.164944,-86.611296
2003,2,3,Weekday,700,2-Car,No injury/unknown,ROADWAY SURFACE CONDITION,HARTSTRAIT RD & SR48,39.164944,-86.611296
2003,2,3,Weekday,700,2-Car,No injury/unknown,,HARTSTRAIT & SR 48,39.164944,-86.611296
2003,2,3,Weekday,700,2-Car,No injury/unknown,ROADWAY SURFACE CONDITION,HARTSTRAIT & SR48,39.164944,-86.611296
2003,3,1,Weekend,1400,2-Car,No injury/unknown,OTHER (ENVIRONMENTAL) - EXPLAIN IN NARR,KINGS & SR46,39.16492588,-86.45222185
2003,8,2,Weekday,1800,1-Car,No injury/unknown,OTHER (DRIVER) - EXPLAIN IN NARRATIVE,BENDER & SR46,39.16486829,-86.43181609
2003,8,2,Weekday,1400,2-Car,No injury/unknown,FOLLOWING TOO CLOSELY,DANIELS & SR48,39.16485453,-86.59907373
2003,1,5,Weekday,900,1-Car,No injury/unknown,ROADWAY SURFACE CONDITION,DANIELS WAY & SR48,39.16485453,-86.59907373
2003,11,4,Weekday,2000,2-Car,No injury/unknown,DISREGARD SIGNAL/REG SIGN,DANIELS & SR48W,39.16485453,-86.59907373
2003,12,1,Weekend,900,2-Car,Non-incapacitating,OTHER (DRIVER) - EXPLAIN IN NARRATIVE,CHERYL & SR 48,39.16484802,-86.59586284
2003,2,5,Weekday,1500,1-Car,No injury/unknown,,SHERWOOD & SR48,39.16484801,-86.59085585
2003,12,4,Weekday,1500,3+ Cars,No injury/unknown,NONE (DRIVER),CHERYL & SR48,39.164848,-86.59721039
2003,1,2,Weekday,1000,3+ Cars,No injury/unknown,FAILURE TO YIELD RIGHT OF WAY,3RD,39.164848,-86.57487674
2003,1,6,Weekday,1800,3+ Cars,Non-incapacitating,FOLLOWING TOO CLOSELY,3RD & LIBERTY,39.164848,-86.581504
2003,2,5,Weekday,1600,2-Car,No injury/unknown,OTHER (DRIVER) - EXPLAIN IN NARRATIVE,3RD ST & PARKING LOT,39.164848,-86.57961274
2003,2,5,Weekday,800,2-Car,No injury/unknown,ROADWAY SURFACE CONDITION,3RD,39.164848,-86.57962482
2003,2,7,Weekend,1300,2-Car,No injury/unknown,UNSAFE BACKING,3RD,39.164848,-86.581504
2003,12,3,Weekday,1000,2-Car,No injury/unknown,UNSAFE BACKING,3RD,39.164848,-86.5761011
2003,12,7,Weekend,1300,2-Car,No injury/unknown,UNSAFE BACKING,3RD ST,39.164848,-86.57487674
2003,11,6,Weekday,900,2-Car,No injury/unknown,OTHER (DRIVER) - EXPLAIN IN NARRATIVE,3RD ST,39.164848,-86.57614099
2003,9,1,Weekday,1900,2-Car,No injury/unknown,FAILURE TO YIELD RIGHT OF WAY,CURRY & SR48,39.164848,-86.582896
2003,10,7,Weekend,1400,2-Car,No injury/unknown,UNSAFE BACKING,3RD ST,39.164848,-86.581504
2003,4,3,Weekday,1300,2-Car,No injury/unknown,FAILURE TO YIELD RIGHT OF WAY,3RD ST,39.164848,-86.57487674
2003,9,5,Weekday,1700,1-Car,No injury/unknown,OTHER (VEHICLE) - EXPLAIN IN NARRATIVE,3RD ST & PEOPLES STATE BANK,39.164848,-86.581504
2003,5,7,Weekend,2100,1-Car,Non-incapacitating,IMPROPER LANE USAGE,3RD ST,39.164848,-86.57570226
2003,12,3,Weekday,1500,2-Car,No injury/unknown,UNSAFE SPEED,3RD ST,39.164848,-86.579504
2003,8,3,Weekday,1900,2-Car,Non-incapacitating,FAILURE TO YIELD RIGHT OF WAY,CURRY & SR48,39.164848,-86.582896
2003,8,2,Weekday,1200,2-Car,Non-incapacitating,FAILURE TO YIELD RIGHT OF WAY,3RD & LIBERTY,39.164848,-86.57634041
2003,6,6,Weekday,1300,2-Car,No injury/unknown,UNSAFE BACKING,3RD,39.164848,-86.5761011
2003,9,5,Weekday,800,2-Car,No injury/unknown,FOLLOWING TOO CLOSELY,KNAPP RD & SR 48,39.164848,-86.601792
2003,5,4,Weekday,1500,2-Car,No injury/unknown,FOLLOWING TOO CLOSELY,CURRY PIKE & JOHNATON,39.164848,-86.582896
2003,2,4,Weekday,700,2-Car,No injury/unknown,FAILURE TO YIELD RIGHT OF WAY,OARD & SR48,39.164848,-86.62
2003,4,3,Weekday,1300,2-Car,No injury/unknown,UNSAFE BACKING,3RD ST,39.164848,-86.57962482
2003,4,3,Weekday,1000,2-Car,No injury/unknown,UNSAFE BACKING,3RD ST & K MART,39.164848,-86.57487674
2003,6,4,Weekday,2000,2-Car,No injury/unknown,,SR 37 & W 3RD ST,39.164848,-86.575104
2003,6,3,Weekday,1600,3+ Cars,No injury/unknown,FOLLOWING TOO CLOSELY,3RD ST & WHITEHALL CROSSING,39.164848,-86.5761011
2003,6,3,Weekday,1600,3+ Cars,No injury/unknown,FOLLOWING TOO CLOSELY,3RD ST & WHITEHALL CROSSING,39.164848,-86.5761011
2003,6,5,Weekday,1600,3+ Cars,No injury/unknown,FOLLOWING TOO CLOSELY,3RD ST & WHITEHALL CROSSING,39.164848,-86.575104
2003,9,7,Weekend,1400,1-Car,Non-incapacitating,UNSAFE BACKING,3RD ST,39.164848,-86.57487674
2003,12,4,Weekday,1000,2-Car,No injury/unknown,TIRE FAILURE OR DEFECTIVE,CURRY & SR48,39.164848,-86.582896
2003,11,6,Weekend,2300,2-Car,No injury/unknown,OTHER (DRIVER) - EXPLAIN IN NARRATIVE,3RD ST,39.164844,-86.579422
2003,12,6,Weekend,2200,2-Car,No injury/unknown,UNSAFE BACKING,3RD ST,39.164844,-86.579422
2003,4,5,Weekday,1900,2-Car,No injury/unknown,UNSAFE BACKING,3RD ST,39.164844,-86.579422
2003,9,7,Weekend,1100,2-Car,No injury/unknown,FAILURE TO YIELD RIGHT OF WAY,3RD ST & LIBERTY,39.164844,-86.579422
2003,9,7,Weekend,1100,2-Car,No injury/unknown,FAILURE TO YIELD RIGHT OF WAY,LIBERTY & W 3RD,39.16484267,-86.57939467
2003,5,4,Weekday,1500,2-Car,No injury/unknown,ROADWAY SURFACE CONDITION,3RD ST & CURRY,39.16484267,-86.57939467
2003,7,1,Weekend,1100,1-Car,Non-incapacitating,OTHER (DRIVER) - EXPLAIN IN NARRATIVE,3RD ST,39.16484267,-86.57939467
2003,12,2,Weekday,1300,2-Car,No injury/unknown,UNSAFE SPEED,3RD,39.16484089,-86.58114844
2003,5,5,Weekday,1200,2-Car,No injury/unknown,FOLLOWING TOO CLOSELY,3RD ST,39.16484,-86.581776
2003,9,5,Weekday,1500,Pedestrian,No injury/unknown,PEDESTRIAN ACTION,THIRD ST,39.16484,-86.581776
2003,11,3,Weekday,1200,2-Car,No injury/unknown,UNSAFE BACKING,3RD ST,39.16483984,-86.5804062
2003,5,2,Weekday,2000,2-Car,No injury/unknown,OTHER (DRIVER) - EXPLAIN IN NARRATIVE,W 3RD,39.16483984,-86.5804062
2003,5,4,Weekday,1500,2-Car,No injury/unknown,OTHER (ENVIRONMENTAL) - EXPLAIN IN NARR,3RD ST,39.16483984,-86.5804062
2003,7,5,Weekday,900,2-Car,No injury/unknown,UNSAFE BACKING,3RD ST,39.16483984,-86.5804062
2003,2,6,Weekend,2300,2-Car,No injury/unknown,UNSAFE BACKING,LONG JOHN SILVERS LOT & W 3RD ST,39.16483363,-86.58078563
2003,10,1,Weekend,1200,2-Car,No injury/unknown,NONE (DRIVER),3RD,39.164832,-86.582048
2003,7,4,Weekday,1300,2-Car,No injury/unknown,IMPROPER LANE USAGE,3RD,39.164832,-86.582048
2003,5,2,Weekday,1400,2-Car,No injury/unknown,OTHER (DRIVER) - EXPLAIN IN NARRATIVE,HICKORY & US48,39.164832,-86.585856
2003,6,6,Weekday,1400,2-Car,No injury/unknown,UNSAFE BACKING,W 3RD ST,39.164832,-86.582048
2003,3,2,Weekday,1500,2-Car,No injury/unknown,FAILURE TO YIELD RIGHT OF WAY,3RD ST,39.16482122,-86.5789551
2003,12,2,Weekday,1100,2-Car,No injury/unknown,UNSAFE BACKING,3516 3RD & PK LOT MARSH,39.16482122,-86.5789551
2003,1,7,Weekend,900,2-Car,No injury/unknown,OTHER (DRIVER) - EXPLAIN IN NARRATIVE,3RD ST,39.16482122,-86.5789551
2003,5,6,Weekday,1100,3+ Cars,Non-incapacitating,DRIVER ILLNESS,3RD ST,39.16482122,-86.5789551
2003,8,2,Weekday,1000,2-Car,No injury/unknown,UNSAFE BACKING,VERNAL,39.164816,-86.573888
2003,7,6,Weekend,2000,2-Car,No injury/unknown,OTHER (ENVIRONMENTAL) - EXPLAIN IN NARR,SR37 & THIRD,39.1648,-86.573792
2003,7,1,Weekend,1000,2-Car,No injury/unknown,FOLLOWING TOO CLOSELY,3RD ST & SR37,39.16478157,-86.57352782
2003,6,5,Weekday,1000,2-Car,No injury/unknown,IMPROPER LANE USAGE,3RD ST & SR37,39.16477664,-86.57345719
2003,4,5,Weekday,1200,2-Car,No injury/unknown,FOLLOWING TOO CLOSELY,3RD & SR37,39.16477418,-86.57342187
2003,11,6,Weekday,1800,3+ Cars,Non-incapacitating,OTHER (DRIVER) - EXPLAIN IN NARRATIVE,3RD ST & I37,39.16475816,-86.5731923
2003,11,6,Weekday,1700,1-Car,No injury/unknown,OTHER (DRIVER) - EXPLAIN IN NARRATIVE,3RD & SR37,39.16475816,-86.5731923
2003,2,6,Weekday,1800,2-Car,Non-incapacitating,FOLLOWING TOO CLOSELY,E 3RD & SR45,39.164752,-86.573104
2003,2,7,Weekend,1100,2-Car,No injury/unknown,DISREGARD SIGNAL/REG SIGN,3RD & SR37,39.164752,-86.573104
2003,3,7,Weekend,1200,2-Car,No injury/unknown,FOLLOWING TOO CLOSELY,SR & SR37,39.164752,-86.573104
2003,11,2,Weekday,1900,2-Car,No injury/unknown,FAILURE TO YIELD RIGHT OF WAY,3RD ST & SR 45,39.164752,-86.573104
2003,6,2,Weekday,1000,2-Car,No injury/unknown,UNSAFE BACKING,3RD ST,39.164752,-86.573104
2003,9,3,Weekday,1900,3+ Cars,Non-incapacitating,FAILURE TO YIELD RIGHT OF WAY,US37 & W 3RD,39.164752,-86.573104
2003,12,2,Weekday,1000,2-Car,Non-incapacitating,DISREGARD SIGNAL/REG SIGN,SR 37 & WEST 3RD ST,39.164752,-86.573104
2003,9,7,Weekend,0,2-Car,No injury/unknown,IMPROPER TURNING,3RD ST & SR45,39.164752,-86.573104
2003,10,5,Weekday,1400,2-Car,Non-incapacitating,FOLLOWING TOO CLOSELY,3RD & SR37,39.164752,-86.573104
2003,7,5,Weekday,1500,2-Car,No injury/unknown,FOLLOWING TOO CLOSELY,3RD ST & 45 BYPASS,39.164752,-86.573104
2003,8,5,Weekday,1400,2-Car,Non-incapacitating,FOLLOWING TOO CLOSELY,E 3RD & SR 45,39.164752,-86.573104
2003,5,4,Weekday,1900,3+ Cars,No injury/unknown,OTHER (ENVIRONMENTAL) - EXPLAIN IN NARR,3RD & 3RD ST,39.164752,-86.573104
2003,4,4,Weekday,1200,,No injury/unknown,IMPROPER TURNING,3RD ST & PETE ELLIS,39.164752,-86.573104