Year,Month,Day,Weekend?,Hour,Collision Type,Injury Type,Primary Factor,Reported_Location,Latitude,Longitude
2003,8,6,Weekday,1200,3+ Cars,Non-incapacitating,UNSAFE SPEED,3RD ST & CORY,39.1645693,-86.55938752
2003,8,2,Weekday,1500,2-Car,No injury/unknown,DISREGARD SIGNAL/REG SIGN,S FRANKLIN & W 3RD ST,39.16456766,-86.57020252
2003,6,6,Weekend,2000,2-Car,No injury/unknown,FAILURE TO YIELD RIGHT OF WAY,FRANKLIN & THIRD ST,39.16456766,-86.57020252
2003,3,6,Weekday,1400,2-Car,No injury/unknown,FAILURE TO YIELD RIGHT OF WAY,3RD RD,39.16456,-86.55462576
2003,12,5,Weekday,1200,2-Car,No injury/unknown,FOLLOWING TOO CLOSELY,3RD ST & CORY,39.16455918,-86.55967091
2003,6,3,Weekday,900,1-Car,No injury/unknown,,3RD ST & CORY,39.16455665,-86.55974176
2003,12,2,Weekday,2200,2-Car,No injury/unknown,OTHER (DRIVER) - EXPLAIN IN NARRATIVE,3RD ST & CORY,39.16455658,-86.56045024
2003,10,4,Weekday,1300,2-Car,No injury/unknown,FOLLOWING TOO CLOSELY,3RD ST,39.16454449,-86.553628
2003,10,3,Weekday,1300,2-Car,No injury/unknown,UNSAFE BACKING,3RD ST & LANDMARK,39.16454406,-86.55360366
2003,8,3,Weekday,2000,2-Car,No injury/unknown,UNSAFE BACKING,3RD ST,39.16454406,-86.55360366
2003,2,4,Weekday,1700,2-Car,No injury/unknown,FAILURE TO YIELD RIGHT OF WAY,3RD ST,39.164544,-86.55340895
2003,3,5,Weekday,900,2-Car,Non-incapacitating,OTHER (DRIVER) - EXPLAIN IN NARRATIVE,CORY & W 3RD,39.164544,-86.560096
2003,3,5,Weekday,900,2-Car,No injury/unknown,UNSAFE SPEED,ADAMS,39.164544,-86.552192
2003,5,3,Weekday,1100,2-Car,Non-incapacitating,FAILURE TO YIELD RIGHT OF WAY,3RD ST & CORY,39.164544,-86.560096
2003,12,4,Weekday,1600,2-Car,No injury/unknown,,ADAMS & TAPP,39.164544,-86.552192
2003,4,3,Weekday,1300,2-Car,No injury/unknown,FOLLOWING TOO CLOSELY,3RD ST & CURRY,39.164544,-86.560096
2003,1,2,Weekday,800,2-Car,No injury/unknown,FAILURE TO YIELD RIGHT OF WAY,3RD & CURRY PARK,39.164544,-86.560096
2003,4,4,Weekday,1200,2-Car,Non-incapacitating,FAILURE TO YIELD RIGHT OF WAY,3RD ST & WESTPLEX,39.164544,-86.55340895
2003,4,6,Weekday,1700,3+ Cars,No injury/unknown,FOLLOWING TOO CLOSELY,3RD ST & CORY,39.164544,-86.560096
2003,6,5,Weekday,900,2-Car,No injury/unknown,LEFT OF CENTER,S ADAMS ST,39.164544,-86.552192
2003,11,6,Weekday,1800,2-Car,No injury/unknown,FAILURE TO YIELD RIGHT OF WAY,3RD & UNION ST,39.16451455,-86.509296
2003,2,7,Weekend,2100,2-Car,No injury/unknown,OVERCORRECTING/OVERSTEERING,SR 446 & SR46,39.16451243,-86.47173144
2003,6,5,Weekday,800,2-Car,No injury/unknown,FAILURE TO YIELD RIGHT OF WAY,PATTERSON & ROGERS ST,39.16447055,-86.538699
2003,4,6,Weekday,1100,2-Car,No injury/unknown,UNSAFE BACKING,COLLEGE AVE,39.16446694,-86.53481763
2003,8,5,Weekday,1300,2-Car,Non-incapacitating,UNSAFE SPEED,3RD ST & INDIANA,39.164448,-86.52653404
2003,10,3,Weekday,1100,2-Car,No injury/unknown,UNSAFE BACKING,3RD ST & INDIANA,39.164448,-86.52626808
2003,12,2,Weekday,2300,2-Car,No injury/unknown,WRONG WAY ON ONE WAY,3RD ST & INDIANA,39.164448,-86.5268
2003,1,4,Weekday,1000,2-Car,No injury/unknown,,INDIANA AVE & THIRD,39.164448,-86.5268
2003,7,1,Weekend,1700,3+ Cars,No injury/unknown,FAILURE TO YIELD RIGHT OF WAY,SR446 & SR46,39.164448,-86.471888
2003,3,6,Weekday,1400,2-Car,No injury/unknown,FAILURE TO YIELD RIGHT OF WAY,EAST 3RD & SR45 46,39.164448,-86.471888
2003,1,6,Weekend,2000,2-Car,No injury/unknown,OTHER (DRIVER) - EXPLAIN IN NARRATIVE,3RD ST & ATWATER,39.164448,-86.528096
2003,1,2,Weekday,1500,2-Car,No injury/unknown,,3RD ST & INDIANA,39.164448,-86.5268
2003,2,6,Weekday,1700,2-Car,No injury/unknown,FAILURE TO YIELD RIGHT OF WAY,SR46 & THIRD ST,39.164448,-86.471888
2003,2,1,Weekend,1700,Bus,No injury/unknown,OVERCORRECTING/OVERSTEERING,SR46 & THIRD,39.164448,-86.471888
2003,12,5,Weekday,2200,2-Car,No injury/unknown,FOLLOWING TOO CLOSELY,3RD ST & DUNN,39.164448,-86.528096
2003,12,4,Weekday,1400,2-Car,No injury/unknown,FAILURE TO YIELD RIGHT OF WAY,3RD & DUNN ST,39.164448,-86.528096
2003,10,3,Weekday,1400,2-Car,No injury/unknown,FOLLOWING TOO CLOSELY,3RD ST & INDIANA,39.164448,-86.5268
2003,11,1,Weekend,1800,2-Car,No injury/unknown,FOLLOWING TOO CLOSELY,3RD ST & FESS,39.164448,-86.525792
2003,12,6,Weekday,1600,2-Car,Non-incapacitating,FOLLOWING TOO CLOSELY,3RD ST & DUNN,39.164448,-86.528096
2003,10,7,Weekend,900,3+ Cars,No injury/unknown,FOLLOWING TOO CLOSELY,3RD ST & INDIANA,39.164448,-86.5268
2003,9,6,Weekday,1200,2-Car,No injury/unknown,NONE (DRIVER),INDIANA AVE & THIRD,39.164448,-86.5268
2003,10,5,Weekday,400,2-Car,No injury/unknown,OTHER (DRIVER) - EXPLAIN IN NARRATIVE,3RD & E 3RD,39.164448,-86.52649143
2003,10,7,Weekend,1000,2-Car,No injury/unknown,ROADWAY SURFACE CONDITION,3RD ST & INDIANA,39.164448,-86.52690638
2003,10,3,Weekday,1100,1-Car,No injury/unknown,RAN OFF ROAD RIGHT,DUNN & SR37,39.164448,-86.528096
2003,12,4,Weekday,1700,2-Car,No injury/unknown,FAILURE TO YIELD RIGHT OF WAY,3RD ST & FESS,39.164448,-86.525792
2003,12,7,Weekend,1700,2-Car,No injury/unknown,FOLLOWING TOO CLOSELY,3RD ST & ATWATER,39.164448,-86.52806054
2003,8,7,Weekend,1300,2-Car,Non-incapacitating,FOLLOWING TOO CLOSELY,3RD & SR 45 46 BYP,39.164448,-86.471888
2003,4,6,Weekday,1700,2-Car,No injury/unknown,OTHER (DRIVER) - EXPLAIN IN NARRATIVE,KINGSTON ENTERANCE & KINGSTON LOT 123,39.164448,-86.471888
2003,6,2,Weekday,1000,2-Car,No injury/unknown,FOLLOWING TOO CLOSELY,3RD & SR446,39.164448,-86.471888
2003,12,3,Weekday,1400,2-Car,No injury/unknown,IMPROPER LANE USAGE,INDIANA & THIRD ST,39.164448,-86.5268
2003,8,6,Weekday,800,2-Car,No injury/unknown,FAILURE TO YIELD RIGHT OF WAY,ATWATER & ATWATER AT FESS PARKING LOT,39.164448,-86.528096
2003,9,3,Weekday,1100,2-Car,No injury/unknown,IMPROPER LANE USAGE,3RD & FESS AVE,39.164448,-86.525792
2003,10,5,Weekday,400,2-Car,No injury/unknown,OTHER (DRIVER) - EXPLAIN IN NARRATIVE,3RD,39.164448,-86.52649143
2003,8,5,Weekday,1200,2-Car,No injury/unknown,DISREGARD SIGNAL/REG SIGN,3RD & DUNN,39.164448,-86.528096
2003,4,3,Weekday,1100,2-Car,No injury/unknown,FAILURE TO YIELD RIGHT OF WAY,3RD ST & DUNN,39.164448,-86.528096
2003,5,3,Weekday,1300,3+ Cars,Non-incapacitating,FOLLOWING TOO CLOSELY,3RD & DUNN ST,39.164448,-86.528096
2003,5,7,Weekend,2300,1-Car,No injury/unknown,RAN OFF ROAD LEFT,DUNN & SR37,39.164448,-86.528096
2003,6,1,Weekend,1200,2-Car,No injury/unknown,FOLLOWING TOO CLOSELY,3RD ST & SR446,39.164448,-86.471888
2003,7,3,Weekday,1200,1-Car,Non-incapacitating,RAN OFF ROAD RIGHT,DUNN & SR37,39.164448,-86.528096
2003,6,6,Weekday,1800,2-Car,No injury/unknown,FOLLOWING TOO CLOSELY,3RD ST & INDIANA,39.164448,-86.5268
2003,5,2,Weekday,1600,2-Car,No injury/unknown,FAILURE TO YIELD RIGHT OF WAY,3RD & INDIANA AVE,39.164448,-86.5268
2003,7,3,Weekday,1300,1-Car,Non-incapacitating,,DUNN & SR37,39.164448,-86.528096
2003,11,5,Weekday,1500,1-Car,No injury/unknown,OTHER (DRIVER) - EXPLAIN IN NARRATIVE,DUNN & SR37,39.164448,-86.528096
2003,4,1,Weekend,1000,2-Car,Non-incapacitating,,THIRD & THIRD ST,39.164448,-86.471888
2003,8,2,Weekday,1400,2-Car,Non-incapacitating,LEFT OF CENTER,DUNN & SR37,39.164448,-86.528096
2003,11,4,Weekday,900,1-Car,No injury/unknown,OTHER (DRIVER) - EXPLAIN IN NARRATIVE,3RD & 3RD ST,39.164448,-86.527744
2003,2,5,Weekday,2100,3+ Cars,No injury/unknown,ROADWAY SURFACE CONDITION,3RD ST & FESS,39.164448,-86.525792
2003,2,5,Weekday,2100,2-Car,No injury/unknown,ROADWAY SURFACE CONDITION,3RD ST & FESS,39.164448,-86.525792
2003,2,7,Weekend,1900,2-Car,No injury/unknown,ROADWAY SURFACE CONDITION,3RD & INDIANA AVE,39.164448,-86.5268
2003,2,6,Weekday,1800,2-Car,No injury/unknown,FOLLOWING TOO CLOSELY,3RD ST & ATWATER,39.164448,-86.528096
2003,4,5,Weekday,1100,2-Car,No injury/unknown,UNSAFE BACKING,ATWATER & ATWATER GARAGE,39.164448,-86.528096
2003,3,5,Weekday,600,3+ Cars,No injury/unknown,,3RD ST & THIRD AND INDIANA,39.164448,-86.5268
2003,4,5,Weekday,900,3+ Cars,Non-incapacitating,UNSAFE SPEED,DUNN & SR37,39.164448,-86.528096
2003,4,6,Weekday,1800,2-Car,No injury/unknown,IMPROPER PASSING,3RD & INDIANA AVE,39.164448,-86.5268
2003,3,4,Weekday,1100,2-Car,No injury/unknown,DISREGARD SIGNAL/REG SIGN,3RD ST & INDIANA,39.164448,-86.5268
2003,10,6,Weekend,2300,2-Car,No injury/unknown,ROADWAY SURFACE CONDITION,DUNN & SR37,39.164448,-86.528096
2003,11,4,Weekday,1500,2-Car,No injury/unknown,INSECURE/LEAKY LOAD,3RD & INDIANA AVE,39.164448,-86.5268
2003,2,6,Weekday,800,1-Car,No injury/unknown,,3RD & INDIANA,39.164448,-86.52798769
2003,6,2,Weekday,900,2-Car,No injury/unknown,WRONG WAY ON ONE WAY,3RD & DUNN,39.164448,-86.528096
2003,7,5,Weekday,1700,3+ Cars,Non-incapacitating,FOLLOWING TOO CLOSELY,3RD ST & INDIANA,39.164448,-86.5268
2003,8,3,Weekday,1500,3+ Cars,Non-incapacitating,FOLLOWING TOO CLOSELY,3RD ST & FESS,39.164448,-86.525792
2003,10,6,Weekday,900,1-Car,Non-incapacitating,UNSAFE SPEED,DUNN & SR37,39.164448,-86.528096
2003,11,4,Weekday,1000,Bus,No injury/unknown,FAILURE TO YIELD RIGHT OF WAY,EAST THIRD & INDIANA,39.164448,-86.5268
2003,9,3,Weekday,1100,2-Car,No injury/unknown,OTHER (DRIVER) - EXPLAIN IN NARRATIVE,E 3RD ST & FESS,39.16444703,-86.52575968
2003,8,2,Weekday,,2-Car,No injury/unknown,,3RD ST,39.1644383,-86.52546877
2003,8,2,Weekday,1300,2-Car,Non-incapacitating,UNSAFE SPEED,3RD ST & FESS,39.16443737,-86.52543765
2003,11,7,Weekend,1500,2-Car,No injury/unknown,IMPROPER LANE USAGE,MAPLE & W 3RD,39.16443636,-86.52540412
2003,6,2,Weekday,900,2-Car,No injury/unknown,UNSAFE BACKING,3RD & 3RD ST,39.16443539,-86.5253718
2003,10,5,Weekday,,2-Car,No injury/unknown,IMPROPER PASSING,S DUNN & SMITH,39.164432,-86.5284
2003,8,2,Weekday,1800,1-Car,No injury/unknown,OTHER (DRIVER) - EXPLAIN IN NARRATIVE,3RD & HAWTHORNE,39.164418,-86.54699829
2003,10,6,Weekday,1100,3+ Cars,Non-incapacitating,FAILURE TO YIELD RIGHT OF WAY,3RD ST & LANDMARK,39.16440374,-86.55629991
2003,10,4,Weekday,900,3+ Cars,Non-incapacitating,OTHER (DRIVER) - EXPLAIN IN NARRATIVE,3RD & LANDMARK,39.16440374,-86.55627827
2003,7,2,Weekday,1600,3+ Cars,Non-incapacitating,UNSAFE SPEED,3RD ST & LANDMARK,39.16440374,-86.55626961
2003,7,6,Weekday,1400,2-Car,Non-incapacitating,FAILURE TO YIELD RIGHT OF WAY,3RD ST & LANDMARK,39.16440374,-86.5562826
2003,8,6,Weekday,1700,2-Car,No injury/unknown,,3RD ST & LANDMARK,39.16440374,-86.5562826
2003,5,5,Weekday,1100,2-Car,No injury/unknown,UNSAFE BACKING,3RD ST & LANDMARK,39.16440374,-86.55628606
2003,9,3,Weekday,1500,2-Car,No injury/unknown,OTHER (DRIVER) - EXPLAIN IN NARRATIVE,3RD ST & LANDMARK,39.16440374,-86.5562826
2003,5,5,Weekday,1200,3+ Cars,No injury/unknown,FAILURE TO YIELD RIGHT OF WAY,3RD ST & LANDMARK,39.16440374,-86.5562826
2003,5,5,Weekday,1700,2-Car,No injury/unknown,FOLLOWING TOO CLOSELY,3RD ST & LANDMARK,39.16440374,-86.55627394
2003,11,4,Weekday,1600,2-Car,No injury/unknown,FOLLOWING TOO CLOSELY,3RD & LANDMARK AVE,39.16440374,-86.5562826
2003,7,7,Weekend,1000,2-Car,Non-incapacitating,OTHER (DRIVER) - EXPLAIN IN NARRATIVE,LANDMARK & WEST 3RD ST,39.16440374,-86.5562826
2003,8,6,Weekday,1500,3+ Cars,No injury/unknown,FOLLOWING TOO CLOSELY,3RD & LANDMARK,39.16440374,-86.55627394
2003,9,6,Weekday,1500,2-Car,Non-incapacitating,FAILURE TO YIELD RIGHT OF WAY,3RD & LANDMARK,39.16440374,-86.5562826
2003,10,6,Weekday,1700,3+ Cars,Non-incapacitating,FOLLOWING TOO CLOSELY,3RD ST & LANDMARK,39.16440374,-86.55627827
2003,1,3,Weekday,1700,1-Car,No injury/unknown,BRAKE FAILURE OR DEFECTIVE,3RD ST,39.16440226,-86.54639098
2003,11,5,Weekday,900,2-Car,No injury/unknown,IMPROPER LANE USAGE,3RD ST & WESTPLEX,39.1644,-86.5522026
2003,5,3,Weekday,1700,2-Car,Non-incapacitating,FAILURE TO YIELD RIGHT OF WAY,3RD ST & WEST PLEX,39.1644,-86.5522
2003,8,6,Weekday,1700,2-Car,No injury/unknown,FAILURE TO YIELD RIGHT OF WAY,3RD ST & WESTPLEX,39.1644,-86.5522
2003,9,6,Weekday,1700,2-Car,No injury/unknown,FAILURE TO YIELD RIGHT OF WAY,3RD ST & WESTPLEX,39.1644,-86.5522
2003,2,6,Weekday,1000,2-Car,No injury/unknown,FOLLOWING TOO CLOSELY,EAST 3RD ST & INDIANA,39.16439952,-86.52417584
2003,9,6,Weekday,900,2-Car,Non-incapacitating,FAILURE TO YIELD RIGHT OF WAY,E 3RD ST & WOODLAWN,39.16438497,-86.52369099
2003,12,3,Weekday,1400,2-Car,No injury/unknown,FOLLOWING TOO CLOSELY,3RD ST & WOODLAWN,39.16436795,-86.52312352
2003,1,5,Weekday,300,2-Car,No injury/unknown,RAN OFF ROAD RIGHT,3RD & GRANT ST,39.16436546,-86.52973045
2003,7,2,Weekday,900,Bus,No injury/unknown,UNSAFE SPEED,3RD ST & WOODLAWN,39.16436264,-86.52294635
2003,2,4,Weekday,2000,2-Car,No injury/unknown,IMPROPER LANE USAGE,3RD ST & WOODLAWN,39.16436264,-86.52294635
2003,2,2,Weekday,1500,3+ Cars,No injury/unknown,OTHER (DRIVER) - EXPLAIN IN NARRATIVE,3RD ST & WOODLAWN,39.16436104,-86.5228932
2003,10,6,Weekday,1400,3+ Cars,Non-incapacitating,UNSAFE SPEED,3RD ST & WOODLAWN,39.16435998,-86.52285776
2003,6,5,Weekday,800,2-Car,No injury/unknown,FOLLOWING TOO CLOSELY,3RD ST & WOODLAWN,39.16435838,-86.52280461
2003,11,3,Weekday,200,1-Car,No injury/unknown,ANIMAL/OBJECT IN ROADWAY,BENDER & SR46,39.16435609,-86.43457385
2003,10,7,Weekend,1000,2-Car,No injury/unknown,BRAKE FAILURE OR DEFECTIVE,3RD ST & WOODLAWN,39.16435519,-86.5226983
2003,2,6,Weekend,2300,3+ Cars,Non-incapacitating,UNSAFE SPEED,3RD ST & WOODLAWN,39.16435413,-86.52266287
2003,10,2,Weekday,1400,2-Car,No injury/unknown,IMPROPER LANE USAGE,3RD ST & FACULTY,39.164352,-86.52144261
2003,4,6,Weekday,1400,3+ Cars,No injury/unknown,,3RD ST & WOODLAWN,39.164352,-86.52223739
2003,3,3,Weekday,900,Bus,Non-incapacitating,UNSAFE SPEED,3RD ST & FACULTY,39.164352,-86.52137169
2003,10,2,Weekday,1700,Bus,No injury/unknown,OTHER (DRIVER) - EXPLAIN IN NARRATIVE,3RD ST & FACULTY,39.164352,-86.52126531
2003,3,5,Weekday,1600,2-Car,No injury/unknown,FOLLOWING TOO CLOSELY,3RD ST & WOODLAWN,39.164352,-86.522592
2003,11,4,Weekday,1700,2-Car,Non-incapacitating,FAILURE TO YIELD RIGHT OF WAY,3RD ST & FACULTY,39.164352,-86.521088
2003,3,2,Weekday,2100,2-Car,No injury/unknown,UNSAFE BACKING,ALLY 3RD AND 4TH ST,39.164352,-86.508288
2003,12,6,Weekend,2100,2-Car,No injury/unknown,UNSAFE BACKING,3RD & UNIVERSITY DR,39.164352,-86.5088
2003,10,7,Weekend,2000,2-Car,No injury/unknown,OTHER (DRIVER) - EXPLAIN IN NARRATIVE,3RD & UNIVERSITY WEST FIRE DR,39.164352,-86.5088
2003,11,3,Weekday,900,2-Car,No injury/unknown,ROADWAY SURFACE CONDITION,3RD ST & HIGH,39.164352,-86.508288
2003,10,4,Weekday,1400,2-Car,No injury/unknown,OTHER (DRIVER) - EXPLAIN IN NARRATIVE,BUICK CADILLIAC & LOT OF E 3RD ST,39.164352,-86.50830184
2003,10,4,Weekday,800,1-Car,Non-incapacitating,IMPROPER LANE USAGE,3RD ST & ROSE,39.164352,-86.510944
2003,9,4,Weekday,800,2-Car,No injury/unknown,OTHER (DRIVER) - EXPLAIN IN NARRATIVE,3RD ST & HIGH,39.164352,-86.508288
2003,10,2,Weekday,1500,2-Car,No injury/unknown,FAILURE TO YIELD RIGHT OF WAY,3RD & HIGH ST,39.164352,-86.508288
2003,4,7,Weekend,1500,2-Car,No injury/unknown,CELL PHONE USAGE,3RD & ROSE,39.164352,-86.510944
2003,5,5,Weekday,1300,2-Car,No injury/unknown,FOLLOWING TOO CLOSELY,THIRD & WOODLAWN,39.164352,-86.522592
2003,6,3,Weekday,800,2-Car,No injury/unknown,FAILURE TO YIELD RIGHT OF WAY,ROSE & THIRD ST,39.164352,-86.510944
2003,5,2,Weekday,1800,2-Car,No injury/unknown,FOLLOWING TOO CLOSELY,3RD ST & FACULTY,39.164352,-86.521088
2003,2,7,Weekend,2300,2-Car,No injury/unknown,ROADWAY SURFACE CONDITION,3RD ST & FACULTY,39.164352,-86.521088
2003,5,4,Weekday,2000,2-Car,No injury/unknown,FAILURE TO YIELD RIGHT OF WAY,3RD ST & WOODLAWN,39.164352,-86.522592
2003,2,2,Weekday,900,1-Car,Non-incapacitating,UNSAFE SPEED,ROSE & THIRD ST,39.164352,-86.510944
2003,2,6,Weekday,1300,Bus,No injury/unknown,OTHER (DRIVER) - EXPLAIN IN NARRATIVE,THIRD & WOODLAWN AVE,39.164352,-86.522592
2003,2,2,Weekday,1000,2-Car,No injury/unknown,UNSAFE SPEED,EAST 3RD ST & WOODLAWN,39.164352,-86.522592
2003,2,4,Weekday,2300,3+ Cars,No injury/unknown,ROADWAY SURFACE CONDITION,ROSE & THIRD ST,39.164352,-86.510944
2003,4,5,Weekday,2300,2-Car,No injury/unknown,IMPROPER PASSING,3RD ST & UNION,39.164352,-86.5088
2003,5,1,Weekend,1000,2-Car,No injury/unknown,,3RD & WOODLAWN,39.164352,-86.52246922
2003,10,6,Weekday,1500,3+ Cars,No injury/unknown,FAILURE TO YIELD RIGHT OF WAY,3RD & ROSE,39.164352,-86.510944
2003,7,4,Weekday,2000,2-Car,No injury/unknown,FAILURE TO YIELD RIGHT OF WAY,3RD ST & BRYAN,39.16432,-86.50824
2003,1,5,Weekday,1600,2-Car,Non-incapacitating,OTHER (DRIVER) - EXPLAIN IN NARRATIVE,3RD ST & JEFFERSON,39.16430446,-86.50702746
2003,9,3,Weekday,1400,2-Car,No injury/unknown,FOLLOWING TOO CLOSELY,3RD ST & ROOSEVELT,39.164304,-86.505792
2003,1,7,Weekend,1800,2-Car,Non-incapacitating,FAILURE TO YIELD RIGHT OF WAY,3RD ST & JEFFERSON,39.164304,-86.506992
2003,3,6,Weekday,1000,2-Car,No injury/unknown,OTHER (DRIVER) - EXPLAIN IN NARRATIVE,3RD ST & JEFFERSON,39.164304,-86.506992
2003,10,4,Weekday,1800,2-Car,No injury/unknown,OTHER (DRIVER) - EXPLAIN IN NARRATIVE,E3RD ST & JEFFERSON,39.164304,-86.506992
2003,11,4,Weekday,1700,2-Car,Non-incapacitating,IMPROPER LANE USAGE,E3RD ST & JEFFERSON,39.164304,-86.506992
2003,11,3,Weekday,1500,2-Car,Non-incapacitating,FAILURE TO YIELD RIGHT OF WAY,3RD ST & JEFFERSON,39.164304,-86.506992
2003,11,7,Weekend,1600,2-Car,No injury/unknown,FAILURE TO YIELD RIGHT OF WAY,3RD ST & JEFFERSON,39.164304,-86.506992
2003,12,6,Weekday,1300,3+ Cars,Non-incapacitating,FAILURE TO YIELD RIGHT OF WAY,E3RD ST & ROOSEVELT,39.164304,-86.505792
2003,10,6,Weekday,1600,2-Car,No injury/unknown,FAILURE TO YIELD RIGHT OF WAY,3RD ST & JEFFERSON,39.164304,-86.506992
2003,11,7,Weekend,1100,2-Car,No injury/unknown,FOLLOWING TOO CLOSELY,3RD ST & ROOSEVELT,39.164304,-86.506992
2003,5,3,Weekday,1600,2-Car,No injury/unknown,FOLLOWING TOO CLOSELY,3RD ST & JEFFERSON,39.164304,-86.506992
2003,5,4,Weekday,2300,2-Car,No injury/unknown,IMPROPER PASSING,3RD & JEFFERSON,39.164304,-86.506992
2003,8,1,Weekend,1800,2-Car,No injury/unknown,FOLLOWING TOO CLOSELY,E THIRD & ROOSEVELT,39.164304,-86.505792
2003,11,7,Weekend,1500,3+ Cars,Non-incapacitating,FOLLOWING TOO CLOSELY,E3RD ST & ROOSEVELT,39.164304,-86.505792
2003,10,1,Weekend,1600,3+ Cars,Non-incapacitating,FOLLOWING TOO CLOSELY,3RD ST & ROOSEVELT,39.16430286,-86.50572109
2003,2,6,Weekday,1300,2-Car,No injury/unknown,FOLLOWING TOO CLOSELY,HAWTHORNE & THIRD ST,39.1643,-86.521094
2003,11,6,Weekend,1900,2-Car,No injury/unknown,ANIMAL/OBJECT IN ROADWAY,3RD ST & SWAIN,39.1643,-86.5161016
2003,12,7,Weekend,900,1-Car,Non-incapacitating,ROADWAY SURFACE CONDITION,3RD ST & DAVISON,39.1643,-86.544598
2003,8,7,Weekend,1700,2-Car,No injury/unknown,IMPROPER TURNING,3RD ST & JORDON,39.1643,-86.51769543
2003,8,4,Weekday,,2-Car,Non-incapacitating,HOLES/RUTS IN SURFACE,3ND & HIGH ST,39.1643,-86.50910246
2003,8,7,Weekend,1900,2-Car,No injury/unknown,FOLLOWING TOO CLOSELY,CLARK & THIRD,39.1643,-86.50598735
2003,5,2,Weekday,1000,2-Car,Non-incapacitating,UNSAFE SPEED,3RD ST & JORDAN,39.1643,-86.51769933
2003,6,6,Weekday,900,1-Car,Non-incapacitating,,JORDAN & THIRD ST,39.1643,-86.517695
2003,8,6,Weekday,1100,2-Car,No injury/unknown,FOLLOWING TOO CLOSELY,JORDAN & THIRD ST,39.1643,-86.51769803
2003,10,6,Weekday,1500,3+ Cars,Non-incapacitating,FOLLOWING TOO CLOSELY,3RD ST & ROOSEVELT,39.16429681,-86.50534616
2003,12,1,Weekend,1300,2-Car,Non-incapacitating,FOLLOWING TOO CLOSELY,3RD & JEFFERSON,39.16429681,-86.50534616
2003,2,4,Weekday,1800,2-Car,No injury/unknown,FAILURE TO YIELD RIGHT OF WAY,3RD & CLARK,39.164288,-86.5048
2003,10,6,Weekday,1400,2-Car,No injury/unknown,FAILURE TO YIELD RIGHT OF WAY,3RD ST & CLARK,39.164288,-86.5048
2003,3,2,Weekday,1300,2-Car,No injury/unknown,OTHER (DRIVER) - EXPLAIN IN NARRATIVE,CLARK & THIRD ST,39.164288,-86.5048
2003,9,2,Weekday,2100,Moped/Motorcycle,Non-incapacitating,OTHER (ENVIRONMENTAL) - EXPLAIN IN NARR,3RD ST & CLARK,39.164288,-86.5048
2003,7,5,Weekday,1400,2-Car,No injury/unknown,FAILURE TO YIELD RIGHT OF WAY,3RD ST & CLARK,39.164288,-86.5048
2003,8,1,Weekend,1300,2-Car,Non-incapacitating,FOLLOWING TOO CLOSELY,3RD & PETE ELLIS DR,39.16428118,-86.495088
2003,3,2,Weekday,1300,2-Car,No injury/unknown,IMPROPER LANE USAGE,3RD ST & HAWTHORNE,39.16427282,-86.52045456
2003,3,7,Weekend,1600,3+ Cars,No injury/unknown,FAILURE TO YIELD RIGHT OF WAY,3RD ST & WOODSCREST,39.164272,-86.502416
2003,1,1,Weekend,1000,2-Car,No injury/unknown,OTHER (DRIVER) - EXPLAIN IN NARRATIVE,3RD ST & WOODSCREST,39.164272,-86.502416
2003,2,6,Weekday,1300,2-Car,No injury/unknown,FOLLOWING TOO CLOSELY,E 3RD ST & OVERHILL,39.164272,-86.501488
2003,2,4,Weekday,1700,2-Car,No injury/unknown,GLARE,3RD ST,39.164272,-86.50194253
2003,2,2,Weekday,,2-Car,No injury/unknown,FOLLOWING TOO CLOSELY,E 3RD & HILLSDALE,39.164272,-86.502416
2003,3,7,Weekend,1200,2-Car,No injury/unknown,IMPROPER LANE USAGE,E3RD ST & OVERHILL,39.164272,-86.501488
2003,10,2,Weekday,1300,3+ Cars,No injury/unknown,UNSAFE BACKING,WOODCREST & WOODSCREST,39.164272,-86.502416
2003,12,7,Weekend,1900,Pedestrian,Non-incapacitating,ROADWAY SURFACE CONDITION,3RD ST & COLLEGE MALL,39.164272,-86.50915429
2003,8,3,Weekday,1700,3+ Cars,No injury/unknown,UNSAFE SPEED,3RD ST & YANCY,39.164272,-86.502416
2003,7,3,Weekday,1100,2-Car,Incapacitating,OTHER (DRIVER) - EXPLAIN IN NARRATIVE,3RD ST & WOODCREST,39.164272,-86.502416
2003,6,5,Weekday,1900,2-Car,No injury/unknown,PASSENGER DISTRACTION,3RD & 3RD ST,39.164272,-86.50194253
2003,8,3,Weekday,1100,2-Car,No injury/unknown,FAILURE TO YIELD RIGHT OF WAY,E 3 ST & S WOODSCREST AVE,39.164272,-86.502416
2003,1,7,Weekend,1300,2-Car,No injury/unknown,ROADWAY SURFACE CONDITION,3RD,39.164272,-86.50194253
2003,4,7,Weekend,1200,1-Car,Non-incapacitating,RAN OFF ROAD RIGHT,E 3RD & W WOODSCREST AVE,39.164272,-86.502416
2003,5,6,Weekday,1600,2-Car,No injury/unknown,FAILURE TO YIELD RIGHT OF WAY,3RD ST & OVERHILL,39.164272,-86.501488