Year,Month,Day,Weekend?,Hour,Collision Type,Injury Type,Primary Factor,Reported_Location,Latitude,Longitude
2003,11,2,Weekday,1800,3+ Cars,No injury/unknown,FOLLOWING TOO CLOSELY,E 3RD ST,39.164272,-86.501488
2003,11,4,Weekday,1100,2-Car,No injury/unknown,ROADWAY SURFACE CONDITION,3RD ST & WOODCREST,39.164272,-86.50235918
2003,12,1,Weekend,1600,2-Car,No injury/unknown,OTHER (DRIVER) - EXPLAIN IN NARRATIVE,3RD ST & WOODSCREST,39.164272,-86.50222661
2003,11,6,Weekday,1800,3+ Cars,Non-incapacitating,FOLLOWING TOO CLOSELY,3RD ST & OVERHILL,39.1642709,-86.50138163
2003,8,3,Weekday,1600,3+ Cars,No injury/unknown,FAILURE TO YIELD RIGHT OF WAY,3RD ST & OVERHILL,39.16427017,-86.50131071
2003,4,6,Weekday,1400,2-Car,No injury/unknown,FAILURE TO YIELD RIGHT OF WAY,3RD SR & OVERHILL,39.16427017,-86.50131071
2003,3,6,Weekday,1000,3+ Cars,No injury/unknown,OTHER (ENVIRONMENTAL) - EXPLAIN IN NARR,3RD ST & OVERHILL,39.16426925,-86.50122206
2003,12,7,Weekend,1400,2-Car,No injury/unknown,FAILURE TO YIELD RIGHT OF WAY,3RD ST & OVERHILL,39.16426833,-86.50113342
2003,5,4,Weekday,1600,2-Car,No injury/unknown,FAILURE TO YIELD RIGHT OF WAY,3RD ST & OVERHILL,39.16426833,-86.50113342
2003,3,4,Weekday,1800,3+ Cars,No injury/unknown,FOLLOWING TOO CLOSELY,3RD ST & HAWTHORNE,39.16426188,-86.52036704
2003,12,3,Weekday,1100,2-Car,No injury/unknown,,3RD ST,39.16426036,-86.50920582
2003,9,1,Weekend,1700,2-Car,No injury/unknown,UNSAFE BACKING,COLLEGE MALL,39.16425927,-86.53481959
2003,11,3,Weekday,2000,2-Car,No injury/unknown,UNSAFE BACKING,COLLEGE MALL,39.16425927,-86.53481959
2003,11,3,Weekday,2000,2-Car,No injury/unknown,UNSAFE BACKING,COLLEGE MALL,39.16425927,-86.53481959
2003,5,5,Weekday,1400,2-Car,No injury/unknown,FAILURE TO YIELD RIGHT OF WAY,3RD ST & COLLEGE MALL,39.16425103,-86.49946374
2003,10,4,Weekday,1600,2-Car,Non-incapacitating,FOLLOWING TOO CLOSELY,3RD ST & CLIFFON,39.16425006,-86.5097212
2003,4,3,Weekday,1500,3+ Cars,No injury/unknown,FOLLOWING TOO CLOSELY,3RD ST & HAWTHORNE,39.16424875,-86.52026202
2003,10,4,Weekday,1300,2-Car,No injury/unknown,FAILURE TO YIELD RIGHT OF WAY,HIGHLAND & THIRD ST,39.16424664,-86.51771252
2003,6,6,Weekday,1500,2-Car,No injury/unknown,FAILURE TO YIELD RIGHT OF WAY,HIGHLAND & THIRD ST,39.16424664,-86.51771252
2003,4,1,Weekend,1200,2-Car,No injury/unknown,IMPROPER TURNING,3RD & HIGHLAND,39.16424664,-86.51771252
2003,1,6,Weekday,1600,2-Car,Non-incapacitating,ROADWAY SURFACE CONDITION,3RD ST & COLLEGE MALL,39.16424552,-86.49893187
2003,9,6,Weekday,1100,2-Car,No injury/unknown,TIRE FAILURE OR DEFECTIVE,3RD ST & COLLEGE MALL,39.16424368,-86.49875458
2003,1,2,Weekday,1900,2-Car,No injury/unknown,BRAKE FAILURE OR DEFECTIVE,3RD ST & COLLEGE MALL,39.16424368,-86.49875458
2003,12,3,Weekday,1600,2-Car,No injury/unknown,FAILURE TO YIELD RIGHT OF WAY,3RD ST & COLLEGE MALL,39.16424276,-86.49866594
2003,2,4,Weekday,1400,2-Car,Non-incapacitating,ROADWAY SURFACE CONDITION,PARK RIDGE & SR,39.16424001,-86.47786907
2003,4,4,Weekday,2200,2-Car,Non-incapacitating,FOLLOWING TOO CLOSELY,3RD ST & PARK RIDGE,39.16424,-86.47574139
2003,10,3,Weekday,1500,2-Car,No injury/unknown,FAILURE TO YIELD RIGHT OF WAY,3RD ST & KINGSTON,39.16424,-86.49269577
2003,10,3,Weekday,1200,2-Car,No injury/unknown,FAILURE TO YIELD RIGHT OF WAY,3RD ST & KINGSTON,39.16424,-86.49315677
2003,1,6,Weekday,1300,3+ Cars,Non-incapacitating,OTHER (DRIVER) - EXPLAIN IN NARRATIVE,3RD ST & MEADOWBROOK,39.16424,-86.48449038
2003,10,7,Weekend,1200,2-Car,No injury/unknown,FOLLOWING TOO CLOSELY,3RD ST & CLARIZZ,39.16424,-86.49058723
2003,12,5,Weekday,1700,2-Car,Non-incapacitating,FAILURE TO YIELD RIGHT OF WAY,3RD ST & PETE ELLIS,39.16424,-86.49498162
2003,6,2,Weekday,1800,2-Car,No injury/unknown,FAILURE TO YIELD RIGHT OF WAY,MORNINGSIDE & SR46,39.16424,-86.47378465
2003,10,4,Weekday,1800,1-Car,Non-incapacitating,PEDESTRIAN ACTION,3RD ST & JORDAN,39.16424,-86.51622269
2003,2,5,Weekday,2200,2-Car,No injury/unknown,ROADWAY SURFACE CONDITION,3RD ST & HAWTHORNE,39.16424,-86.52001469
2003,7,7,Weekend,1900,2-Car,No injury/unknown,FOLLOWING TOO CLOSELY,3RD ST & JORDAN,39.16424,-86.51622269
2003,11,7,Weekend,1400,2-Car,Non-incapacitating,OTHER (DRIVER) - EXPLAIN IN NARRATIVE,3RD ST & JORDAN,39.16424,-86.5164
2003,8,2,Weekday,2200,2-Car,No injury/unknown,FAILURE TO YIELD RIGHT OF WAY,3RD & PETE ELLIS BLVD,39.16424,-86.495088
2003,7,7,Weekend,1000,2-Car,No injury/unknown,OTHER (DRIVER) - EXPLAIN IN NARRATIVE,3RD ST & UNION,39.16424,-86.509296
2003,1,5,Weekday,1700,2-Car,No injury/unknown,FOLLOWING TOO CLOSELY,3RD ST & JORDAN,39.16424,-86.5164
2003,1,6,Weekday,1700,2-Car,No injury/unknown,FOLLOWING TOO CLOSELY,3RD ST & HIGHLAND,39.16424,-86.5176
2003,2,6,Weekend,2200,2-Car,No injury/unknown,,3RD ST & PARKING LOT,39.16424,-86.480688
2003,9,1,Weekend,400,2-Car,No injury/unknown,IMPROPER LANE USAGE,COLLEGE MALL RD,39.16424,-86.4984
2003,2,7,Weekend,1100,2-Car,No injury/unknown,UNSAFE BACKING,3RD ST,39.16424,-86.49259396
2003,3,5,Weekday,500,2-Car,No injury/unknown,FAILURE TO YIELD RIGHT OF WAY,3RD ST & UNION,39.16424,-86.509296
2003,2,5,Weekday,1200,2-Car,Non-incapacitating,FAILURE TO YIELD RIGHT OF WAY,E 3RD ST & PLEASANTRIDGE,39.16424,-86.4892
2003,2,4,Weekday,800,2-Car,Non-incapacitating,FAILURE TO YIELD RIGHT OF WAY,3RD ST & COLLEGE MALL,39.16424,-86.4984
2003,2,2,Weekday,1600,3+ Cars,Non-incapacitating,FAILURE TO YIELD RIGHT OF WAY,3RD ST & PETE ELLIS,39.16424,-86.495088
2003,2,4,Weekday,1500,2-Car,No injury/unknown,UNSAFE BACKING,3RD ST,39.16424,-86.49259396
2003,5,5,Weekday,1800,2-Car,No injury/unknown,FOLLOWING TOO CLOSELY,3RD ST & MORNING SIDE,39.16424,-86.473696
2003,10,7,Weekend,2000,2-Car,Non-incapacitating,FAILURE TO YIELD RIGHT OF WAY,3RD ST & COLLEGE MALL,39.16424,-86.4984
2003,3,7,Weekend,2000,2-Car,Non-incapacitating,FAILURE TO YIELD RIGHT OF WAY,3RD ST & SMITH,39.16424,-86.480688
2003,3,7,Weekend,2200,2-Car,No injury/unknown,FAILURE TO YIELD RIGHT OF WAY,3RD ST & COLLEGE MALL,39.16424,-86.4984
2003,12,5,Weekday,1900,2-Car,No injury/unknown,IMPROPER LANE USAGE,3RD ST & HIGHLAND,39.16424,-86.5176
2003,12,7,Weekend,1500,2-Car,No injury/unknown,IMPROPER LANE USAGE,3RD & JORDAN,39.16424,-86.5164
2003,12,6,Weekday,800,2-Car,No injury/unknown,FAILURE TO YIELD RIGHT OF WAY,3RD ST,39.16424,-86.49259396
2003,12,6,Weekday,900,2-Car,No injury/unknown,FAILURE TO YIELD RIGHT OF WAY,PLEASANT RIDGE RD & THIRD,39.16424,-86.4892
2003,9,3,Weekday,2100,2-Car,No injury/unknown,FAILURE TO YIELD RIGHT OF WAY,3RD ST & COLLEGE MALL,39.16424,-86.4984
2003,9,7,Weekend,1500,3+ Cars,No injury/unknown,FAILURE TO YIELD RIGHT OF WAY,3RD & COLLEGE MAILL RD,39.16424,-86.4984
2003,12,2,Weekday,1800,2-Car,No injury/unknown,FOLLOWING TOO CLOSELY,3RD & COLLEGE MALL RD,39.16424,-86.4984
2003,12,5,Weekday,1800,2-Car,No injury/unknown,FAILURE TO YIELD RIGHT OF WAY,3RD ST & SWAIN,39.16424,-86.5152
2003,10,3,Weekday,1900,2-Car,No injury/unknown,FOLLOWING TOO CLOSELY,3RD ST & BALLANTINE,39.16424,-86.518992
2003,11,5,Weekday,900,1-Car,No injury/unknown,IMPROPER TURNING,3RD,39.16424,-86.48423771
2003,11,4,Weekday,1000,2-Car,No injury/unknown,ROADWAY SURFACE CONDITION,3RD & SMITH RD,39.16424,-86.480688
2003,12,4,Weekday,2300,1-Car,No injury/unknown,OTHER (DRIVER) - EXPLAIN IN NARRATIVE,3RD ST,39.16424,-86.47599804
2003,10,4,Weekday,700,2-Car,No injury/unknown,IMPROPER TURNING,3RD ST & SMITH,39.16424,-86.480688
2003,10,6,Weekday,1200,2-Car,No injury/unknown,OTHER (DRIVER) - EXPLAIN IN NARRATIVE,3RD & S COLLEGE MALL RD,39.16424,-86.4984
2003,10,7,Weekend,1600,2-Car,No injury/unknown,OTHER (DRIVER) - EXPLAIN IN NARRATIVE,3RD ST,39.16424,-86.49307941
2003,11,1,Weekend,1200,2-Car,No injury/unknown,FAILURE TO YIELD RIGHT OF WAY,3RD ST & PETE ELLIS,39.16424,-86.495088
2003,11,3,Weekday,1100,2-Car,No injury/unknown,IMPROPER TURNING,3RD,39.16424,-86.48968889
2003,12,5,Weekday,,2-Car,No injury/unknown,OTHER (DRIVER) - EXPLAIN IN NARRATIVE,3RD,39.16424,-86.48132949
2003,12,2,Weekday,700,2-Car,No injury/unknown,IMPROPER PASSING,3RD & KINGSTON,39.16424,-86.492944
2003,10,6,Weekday,1500,Moped/Motorcycle,Non-incapacitating,FAILURE TO YIELD RIGHT OF WAY,E3RD ST & PARK RIDGE,39.16424,-86.476096
2003,10,7,Weekend,1400,2-Car,No injury/unknown,ROADWAY SURFACE CONDITION,3RD & SMITH RD,39.16424,-86.480688
2003,10,3,Weekday,1200,2-Car,No injury/unknown,OTHER (ENVIRONMENTAL) - EXPLAIN IN NARR,2ND & JORDAN AVE,39.16424,-86.5164
2003,12,2,Weekday,900,2-Car,Non-incapacitating,OTHER (DRIVER) - EXPLAIN IN NARRATIVE,3RD & COLLEGE MALL RD,39.16424,-86.4984
2003,12,7,Weekend,1200,2-Car,No injury/unknown,FAILURE TO YIELD RIGHT OF WAY,3RD ST & PETE ELLIS,39.16424,-86.495088
2003,12,2,Weekday,1100,1-Car,No injury/unknown,RAN OFF ROAD RIGHT,3RD ST & SMITH,39.16424,-86.48104261
2003,10,3,Weekday,700,2-Car,No injury/unknown,OTHER (DRIVER) - EXPLAIN IN NARRATIVE,3RD ST & CLARIZZ,39.16424,-86.4908
2003,9,2,Weekday,1600,2-Car,No injury/unknown,FAILURE TO YIELD RIGHT OF WAY,3RD ST & PETE ELLIS,39.16424,-86.495088
2003,9,7,Weekend,1800,1-Car,No injury/unknown,UNSAFE SPEED,3RD & PARK RIDGE RD,39.16424,-86.476096
2003,8,6,Weekend,2000,3+ Cars,Non-incapacitating,FAILURE TO YIELD RIGHT OF WAY,3RD ST & SMITH,39.16424,-86.480688
2003,7,3,Weekday,1100,2-Car,No injury/unknown,OTHER (ENVIRONMENTAL) - EXPLAIN IN NARR,3RD & SMITH RD,39.16424,-86.480688
2003,11,3,Weekday,1500,2-Car,No injury/unknown,FAILURE TO YIELD RIGHT OF WAY,E3RD ST & PETE ELLIS,39.16424,-86.495088
2003,6,7,Weekend,800,2-Car,Non-incapacitating,FAILURE TO YIELD RIGHT OF WAY,3RD ST & COLLEGE MALL,39.16424,-86.4984
2003,9,6,Weekday,1400,2-Car,No injury/unknown,UNSAFE BACKING,3RD ST & T I S BOOKSTORE PARKING LOT,39.16424,-86.51757551
2003,10,7,Weekend,1200,2-Car,No injury/unknown,FOLLOWING TOO CLOSELY,HISHLAND & THIRD,39.16424,-86.5176
2003,9,1,Weekday,1900,2-Car,Non-incapacitating,FAILURE TO YIELD RIGHT OF WAY,3RD ST & SWAIN,39.16424,-86.5152
2003,9,3,Weekday,1600,2-Car,No injury/unknown,FAILURE TO YIELD RIGHT OF WAY,3RD ST & BALLANTINE,39.16424,-86.518992
2003,11,1,Weekday,2300,2-Car,No injury/unknown,IMPROPER TURNING,3RD ST & JORDAN,39.16424,-86.5164
2003,9,3,Weekday,1600,2-Car,Non-incapacitating,FAILURE TO YIELD RIGHT OF WAY,3RD ST & N WESTPLEX,39.16424,-86.51391086
2003,8,3,Weekday,1500,2-Car,Non-incapacitating,FAILURE TO YIELD RIGHT OF WAY,3RD ST & PARK RIDGE,39.16424,-86.476096
2003,9,6,Weekend,1900,2-Car,No injury/unknown,OTHER (DRIVER) - EXPLAIN IN NARRATIVE,3RD,39.16424,-86.484384
2003,8,2,Weekday,1100,2-Car,No injury/unknown,FAILURE TO YIELD RIGHT OF WAY,3RD ST & PETE ELLIS,39.16424,-86.495088
2003,8,7,Weekend,1000,2-Car,Non-incapacitating,UNSAFE BACKING,COLLEGE MALL & E3RD ST,39.16424,-86.4984
2003,9,5,Weekday,1200,Pedestrian,Non-incapacitating,UNSAFE BACKING,3RD ST & PARK RIDGE,39.16424,-86.476096
2003,10,7,Weekend,2000,2-Car,No injury/unknown,OTHER (DRIVER) - EXPLAIN IN NARRATIVE,3RD & 3RD ST,39.16424,-86.480688
2003,9,6,Weekday,1400,3+ Cars,No injury/unknown,PASSENGER DISTRACTION,3RD ST & KINGSTON,39.16424,-86.492944
2003,8,5,Weekday,1800,2-Car,No injury/unknown,TIRE FAILURE OR DEFECTIVE,E 3RD,39.16424,-86.49259396
2003,6,5,Weekday,1400,2-Car,No injury/unknown,FAILURE TO YIELD RIGHT OF WAY,COLLEGE MALL RD & EAST 3RD,39.16424,-86.4984
2003,7,3,Weekday,1100,2-Car,No injury/unknown,DISREGARD SIGNAL/REG SIGN,3RD ST & SMITH,39.16424,-86.480688
2003,5,5,Weekday,1400,2-Car,No injury/unknown,UNSAFE BACKING,E 3RD ST & HIGHLAND,39.16424,-86.51757551
2003,5,6,Weekday,1700,2-Car,No injury/unknown,FOLLOWING TOO CLOSELY,3RD & SMITH,39.16424,-86.480688
2003,9,7,Weekend,1100,2-Car,No injury/unknown,FOLLOWING TOO CLOSELY,3RD ST & SMITH,39.16424,-86.480688
2003,6,6,Weekday,0,1-Car,Non-incapacitating,PEDESTRIAN ACTION,3RD & JORDAN AVE,39.16424,-86.5164
2003,9,2,Weekday,1200,2-Car,No injury/unknown,FOLLOWING TOO CLOSELY,3RD ST & MORNINGSIDE,39.16424,-86.473696
2003,10,1,Weekend,0,2-Car,No injury/unknown,FAILURE TO YIELD RIGHT OF WAY,E 3RD OFFICE LOUNGE PARKING LT,39.16424,-86.480688
2003,10,6,Weekend,2200,2-Car,No injury/unknown,UNSAFE BACKING,E 3RD ST,39.16424,-86.480688
2003,7,4,Weekday,1400,2-Car,No injury/unknown,IMPROPER LANE USAGE,3RD ST & PARKRIDGE,39.16424,-86.47599804
2003,4,2,Weekday,1800,2-Car,No injury/unknown,IMPROPER LANE USAGE,3RD ST & SWAIN,39.16424,-86.5152
2003,6,2,Weekday,1800,2-Car,No injury/unknown,IMPROPER LANE USAGE,3RD ST & SWAIN,39.16424,-86.5152
2003,7,5,Weekday,1600,2-Car,No injury/unknown,IMPROPER TURNING,3RD ST & HIGHLAND,39.16424,-86.5176
2003,7,5,Weekday,1700,1-Car,No injury/unknown,UNSAFE BACKING,3RD & BALANTINE HALL,39.16424,-86.518992
2003,7,4,Weekday,800,2-Car,Non-incapacitating,IMPROPER LANE USAGE,3RD ST & BALLANTINE,39.16424,-86.518992
2003,4,4,Weekday,1200,Bus,No injury/unknown,DISREGARD SIGNAL/REG SIGN,E 3RD ST & HAWTHORN,39.16424,-86.520192
2003,2,6,Weekday,1700,3+ Cars,No injury/unknown,FOLLOWING TOO CLOSELY,3RD ST & BALLENTINE,39.16424,-86.518992
2003,4,3,Weekday,1700,2-Car,No injury/unknown,FAILURE TO YIELD RIGHT OF WAY,3RD & PETE GILLIS DR,39.16424,-86.495088
2003,2,6,Weekend,,1-Car,No injury/unknown,OTHER (ENVIRONMENTAL) - EXPLAIN IN NARR,CLARIZZ & E 3RD ST,39.16424,-86.4908
2003,2,4,Weekday,2000,2-Car,No injury/unknown,FOLLOWING TOO CLOSELY,3RD ST & COLLEGE MALL,39.16424,-86.4984
2003,9,4,Weekday,1700,Moped/Motorcycle,No injury/unknown,FAILURE TO YIELD RIGHT OF WAY,3RD ST & HIGHLAND,39.16424,-86.5176
2003,4,3,Weekday,2000,3+ Cars,No injury/unknown,UNSAFE SPEED,3RD ST & HAWTHORNE,39.16424,-86.520192
2003,4,2,Weekday,1400,2-Car,No injury/unknown,IMPROPER LANE USAGE,3RD ST & SWAIN,39.16424,-86.5152
2003,3,3,Weekday,2100,1-Car,Non-incapacitating,FAILURE TO YIELD RIGHT OF WAY,3RD & HAWTHORNE,39.16424,-86.520192
2003,4,2,Weekday,1100,2-Car,No injury/unknown,DISREGARD SIGNAL/REG SIGN,3RD ST & KINGSTON,39.16424,-86.492944
2003,4,7,Weekend,1200,3+ Cars,No injury/unknown,DISREGARD SIGNAL/REG SIGN,3RD & COLLEGE MALL,39.16424,-86.4984
2003,4,3,Weekday,2000,2-Car,No injury/unknown,IMPROPER PASSING,SMITH & US46,39.16424,-86.480688
2003,4,1,Weekend,300,2-Car,No injury/unknown,ALCOHOLIC BEVERAGES,300 S COLLESCMAN & COLLESEMAD RD,39.16424,-86.4984
2003,4,7,Weekend,2000,2-Car,No injury/unknown,,COLLEGE MALL RD & EASTLAND,39.16424,-86.4984
2003,5,7,Weekend,700,1-Car,No injury/unknown,OTHER (DRIVER) - EXPLAIN IN NARRATIVE,S COLLEGE MALL RD,39.16424,-86.4984
2003,3,2,Weekday,1300,2-Car,No injury/unknown,FAILURE TO YIELD RIGHT OF WAY,3RD & 3RD ST,39.16424,-86.51504229
2003,4,3,Weekday,900,2-Car,No injury/unknown,UNSAFE SPEED,3RD ST & JORDAN,39.16424,-86.51632908
2003,11,3,Weekday,1600,3+ Cars,Non-incapacitating,UNSAFE SPEED,3RD ST & BALLANTINE,39.16424,-86.51908065
2003,11,3,Weekday,1700,2-Car,No injury/unknown,FOLLOWING TOO CLOSELY,3RD ST & JORDAN,39.16424,-86.5164
2003,12,2,Weekday,1900,2-Car,No injury/unknown,OTHER (DRIVER) - EXPLAIN IN NARRATIVE,3RD ST & HIGHLAND,39.16424,-86.5176
2003,2,2,Weekday,2000,2-Car,No injury/unknown,IMPROPER TURNING,3RD ST & BALLANTINE,39.16424,-86.518992
2003,3,5,Weekday,1800,1-Car,No injury/unknown,ROADWAY SURFACE CONDITION,3RD & JORDAN AVE,39.16424,-86.5164
2003,6,6,Weekday,1700,1-Car,Non-incapacitating,PEDESTRIAN ACTION,3RD & SWAIN,39.16424,-86.5152
2003,5,4,Weekday,1600,2-Car,No injury/unknown,IMPROPER LANE USAGE,3RD & JORDAN,39.16424,-86.51632908
2003,6,6,Weekend,2100,2-Car,Non-incapacitating,FOLLOWING TOO CLOSELY,SMITH RD & SR46,39.16424,-86.480688
2003,7,1,Weekend,1600,2-Car,No injury/unknown,IMPROPER TURNING,3RD ST & HIGHLAND,39.16424,-86.5176
2003,7,4,Weekday,1200,2-Car,No injury/unknown,OTHER (DRIVER) - EXPLAIN IN NARRATIVE,PETE ELLIS & THIRD,39.16424,-86.495088
2003,6,7,Weekend,2100,2-Car,No injury/unknown,UNSAFE BACKING,E THIRD ST,39.16424,-86.49259396
2003,7,6,Weekday,1500,2-Car,No injury/unknown,IMPROPER TURNING,3RD ST & BALLANTINE,39.16424,-86.518992
2003,7,4,Weekday,1700,2-Car,No injury/unknown,IMPROPER LANE USAGE,3RD & SWAIN,39.16424,-86.5152
2003,7,3,Weekday,1300,2-Car,No injury/unknown,FOLLOWING TOO CLOSELY,COLLEGE MALL RD & THIRD,39.16424,-86.4984
2003,7,6,Weekend,2100,2-Car,No injury/unknown,UNSAFE BACKING,W 3RD ST,39.16424,-86.478992
2003,8,2,Weekday,1300,2-Car,No injury/unknown,UNSAFE BACKING,3RD,39.16424,-86.4908
2003,7,3,Weekday,1200,3+ Cars,Non-incapacitating,ROADWAY SURFACE CONDITION,3RD & SMITH RD,39.16424,-86.480688
2003,8,4,Weekday,600,2-Car,No injury/unknown,IMPROPER TURNING,3RD ST & JORDAN,39.16424,-86.51647092
2003,9,6,Weekday,1500,2-Car,No injury/unknown,FOLLOWING TOO CLOSELY,3RD & JORDAN AVE,39.16424,-86.5164
2003,10,2,Weekday,2100,2-Car,No injury/unknown,FAILURE TO YIELD RIGHT OF WAY,3RD ST & SWAIN,39.16424,-86.5152
2003,10,6,Weekday,1800,2-Car,Non-incapacitating,FAILURE TO YIELD RIGHT OF WAY,COLLEGE MALL & EAST THIRD,39.16424,-86.4984
2003,11,1,Weekday,1900,2-Car,No injury/unknown,OTHER (DRIVER) - EXPLAIN IN NARRATIVE,3RD  W ST & PATTERSON  S,39.16424,-86.495088
2003,1,6,Weekend,1900,2-Car,No injury/unknown,RAN OFF ROAD LEFT,COLLEGE MALL & E 3RD ST,39.1642393,-86.49515826
2003,6,6,Weekday,1800,2-Car,No injury/unknown,,BUICK CADILLAC & E 3RD ST,39.1642393,-86.49515826
2003,8,6,Weekday,1000,2-Car,No injury/unknown,OTHER (DRIVER) - EXPLAIN IN NARRATIVE,E 3RD ST,39.1642393,-86.49515826
2003,8,4,Weekday,1900,2-Car,Non-incapacitating,DRIVER DISTRACTED - EXPLAIN IN NARRATIVE,COLLEGE MALL & SR46,39.16423833,-86.49822271
2003,10,3,Weekday,1600,2-Car,No injury/unknown,FAILURE TO YIELD RIGHT OF WAY,3RD ST & COLLEGE MALL,39.16423799,-86.49818725
2003,1,6,Weekday,900,2-Car,No injury/unknown,UNSAFE BACKING,SR46 & SWIFTY GAS STATION,39.16422957,-86.47340508
2003,1,6,Weekday,1400,2-Car,No injury/unknown,FAILURE TO YIELD RIGHT OF WAY,3RD & FACULTY,39.16421494,-86.52107807
2003,9,4,Weekday,2300,1-Car,Non-incapacitating,FAILURE TO YIELD RIGHT OF WAY,3RD ST & WILLIAMSBURG,39.1642,-86.497095
2003,11,7,Weekend,1300,2-Car,No injury/unknown,FOLLOWING TOO CLOSELY,3RD ST & WILLIAMSBURG,39.1642,-86.49709327
2003,8,7,Weekend,1600,2-Car,No injury/unknown,FAILURE TO YIELD RIGHT OF WAY,E3RD ST & S PARKRIDGE,39.1642,-86.476699
2003,2,2,Weekday,1800,2-Car,No injury/unknown,OTHER (DRIVER) - EXPLAIN IN NARRATIVE,3068 E 3RD,39.1642,-86.493885
2003,4,7,Weekend,1600,2-Car,Non-incapacitating,FAILURE TO YIELD RIGHT OF WAY,BLK E 3RD ST & S KINGSTON,39.1642,-86.49310176
2003,9,4,Weekday,1700,2-Car,Non-incapacitating,FAILURE TO YIELD RIGHT OF WAY,3RD ST & PARKRIDGE,39.1642,-86.476699
2003,9,7,Weekend,1100,2-Car,No injury/unknown,FOLLOWING TOO CLOSELY,COLLEGE MALL & COLLEGE MALL RD,39.164199,-86.498296
2003,11,3,Weekday,1200,2-Car,No injury/unknown,FAILURE TO YIELD RIGHT OF WAY,3TH ST & PETE ELLIS,39.1641681,-86.49494067
2003,10,6,,,2-Car,No injury/unknown,UNSAFE BACKING,WALNUT,39.16416457,-86.5336
2003,8,6,Weekday,1100,1-Car,Non-incapacitating,VIEW OBSTRUCTED,WALNUT ST,39.16416457,-86.5336
2003,11,1,Weekday,1900,2-Car,No injury/unknown,FAILURE TO YIELD RIGHT OF WAY,3RD & COLLEGE MALL RD,39.16410467,-86.49837029
2003,12,7,Weekend,1700,2-Car,No injury/unknown,,3RD & JORDAN AVE,39.16410273,-86.51639795
2003,1,6,Weekend,2000,2-Car,No injury/unknown,ROADWAY SURFACE CONDITION,3RD & JORDAN AVE,39.16410273,-86.51639795
2003,11,2,Weekday,1100,2-Car,No injury/unknown,FOLLOWING TOO CLOSELY,3RD & COLLEGE MALL RD,39.1640776,-86.49836435
2003,12,3,Weekday,1200,2-Car,No injury/unknown,UNSAFE BACKING,LANDMARK AVE,39.16406906,-86.5562826
2003,2,5,Weekday,1300,2-Car,No injury/unknown,UNSAFE SPEED,LANDMARK,39.16403832,-86.55628433
2003,5,3,Weekday,,1-Car,No injury/unknown,OTHER (ENVIRONMENTAL) - EXPLAIN IN NARR,COLLEGE MALL RD,39.16399902,-86.4983471
2003,11,6,Weekday,1200,2-Car,No injury/unknown,FAILURE TO YIELD RIGHT OF WAY,3RD & COLLEGE MALL RD,39.16396933,-86.49834058
2003,10,5,Weekday,700,2-Car,No injury/unknown,RAN OFF ROAD RIGHT,3RD & JORDAN AVE,39.16396547,-86.5163959
2003,2,4,Weekday,1400,Pedestrian,Non-incapacitating,UNSAFE BACKING,3RD & WASHINGTON,39.16395362,-86.5324
2003,5,5,Weekday,1000,2-Car,No injury/unknown,UNSAFE BACKING,COLLEGE MALL RD,39.16394547,-86.49833535
2003,7,4,Weekday,900,2-Car,No injury/unknown,UNSAFE BACKING,LANDMARK AVE,39.1639427,-86.5562826
2003,1,3,Weekday,300,2-Car,No injury/unknown,IMPROPER TURNING,3RD & COLLEGE MALL RD,39.16383399,-86.49831088
2003,5,7,Weekend,1200,2-Car,Non-incapacitating,FOLLOWING TOO CLOSELY,3RD & COLLEGE AVE,39.16381637,-86.53482377
2003,1,4,Weekday,900,2-Car,Non-incapacitating,UNSAFE SPEED,COLLEGE MALL,39.163792,-86.534824
2003,2,5,Weekday,1000,2-Car,No injury/unknown,OTHER (DRIVER) - EXPLAIN IN NARRATIVE,COLLEGE MALL APT,39.163792,-86.534824
2003,6,4,Weekday,1300,2-Car,No injury/unknown,FAILURE TO YIELD RIGHT OF WAY,COLLEGE MALL,39.163792,-86.534824
2003,1,5,Weekday,1500,2-Car,No injury/unknown,OTHER (DRIVER) - EXPLAIN IN NARRATIVE,COLLEGE MALL,39.163792,-86.534824
2003,10,3,Weekday,0,2-Car,No injury/unknown,UNSAFE BACKING,LANDMARK AVE,39.16374463,-86.5562826
2003,1,2,Weekday,700,1-Car,No injury/unknown,OTHER (DRIVER) - EXPLAIN IN NARRATIVE,SR446 & SR46,39.16372426,-86.47183703
2003,6,1,Weekend,600,Moped/Motorcycle,No injury/unknown,UNSAFE SPEED,BELLE & CURRY,39.1637166,-86.58290466
2003,11,3,Weekday,2000,1-Car,No injury/unknown,RAN OFF ROAD RIGHT,GARRISON CHAPEL & SR48,39.16369788,-86.63560704
2003,1,1,Weekend,1500,2-Car,No injury/unknown,OTHER (DRIVER) - EXPLAIN IN NARRATIVE,GRANT ST & SMITH,39.16367164,-86.52973665
2003,3,6,Weekday,1700,2-Car,No injury/unknown,UNSAFE BACKING,MADISON & PROSPECT,39.16366108,-86.5374725
2003,2,5,Weekday,1900,1-Car,No injury/unknown,,BENDER & SR46,39.1636565,-86.43795889
2003,12,5,Weekday,1700,2-Car,No injury/unknown,UNSAFE BACKING,PARK RIDGE & PARK RIDGE RD,39.16365446,-86.475099