Year,Month,Day,Weekend?,Hour,Collision Type,Injury Type,Primary Factor,Reported_Location,Latitude,Longitude
2003,9,4,Weekday,1200,2-Car,Non-incapacitating,ALCOHOLIC BEVERAGES,BEWDER RD & SR 46,39.16364217,-86.43815448
2003,2,4,Weekday,1100,2-Car,No injury/unknown,UNSAFE SPEED,SR 46 & TRAILWAY,39.1635843,-86.42384171
2003,7,6,Weekday,1800,2-Car,No injury/unknown,OTHER (ENVIRONMENTAL) - EXPLAIN IN NARR,COLLEGE MALL RD & LOT OF OMALIAS,39.163584,-86.498256
2003,5,5,Weekday,0,2-Car,No injury/unknown,OTHER (ENVIRONMENTAL) - EXPLAIN IN NARR,S CURRY PIKE & W BELLE,39.163552,-86.582896
2003,2,1,Weekend,500,2-Car,Non-incapacitating,OTHER (ENVIRONMENTAL) - EXPLAIN IN NARR,BELLE & CURRY PIKE,39.163552,-86.582896
2003,7,5,Weekday,1400,1-Car,No injury/unknown,UNSAFE SPEED,GARISON CHAPEL & SR 48,39.163552,-86.649696
2003,7,3,Weekday,1200,2-Car,No injury/unknown,FAILURE TO YIELD RIGHT OF WAY,3RD & COLLEGE MALL RD,39.16352543,-86.49824314
2003,1,6,Weekday,1300,2-Car,No injury/unknown,FAILURE TO YIELD RIGHT OF WAY,3RD & COLLEGE MALL RD,39.16352543,-86.49824314
2003,5,7,Weekend,600,1-Car,Fatal,RAN OFF ROAD LEFT,E 3RD & SR 446,39.16350768,-86.47182178
2003,2,4,Weekday,1200,2-Car,No injury/unknown,FOLLOWING TOO CLOSELY,3RD & PATTERSON,39.16346117,-86.5512146
2003,11,2,Weekday,1100,2-Car,No injury/unknown,UNSAFE BACKING,3RD & PATTERSON,39.16346117,-86.5512146
2003,3,5,Weekday,700,2-Car,No injury/unknown,ROADWAY SURFACE CONDITION,S PATTERSON & W 3RD,39.16346117,-86.55121373
2003,3,5,Weekday,800,2-Car,No injury/unknown,LEFT OF CENTER,PATTERSON & W 3RD ST,39.16346117,-86.55122758
2003,8,5,Weekday,900,3+ Cars,Non-incapacitating,DRIVER ILLNESS,3RD ST & PATTERSON,39.16346117,-86.5512146
2003,5,6,Weekday,900,2-Car,No injury/unknown,FAILURE TO YIELD RIGHT OF WAY,BELLE AVE & HICKORY,39.16344,-86.58584
2003,2,4,Weekday,2000,2-Car,No injury/unknown,LEFT OF CENTER,BELLE AVE & WESTERN,39.16344,-86.586896
2003,1,5,Weekday,1800,2-Car,No injury/unknown,,ATWATER & JORDAN AVE,39.16341508,-86.51638769
2003,1,1,Weekend,1400,2-Car,Non-incapacitating,DISREGARD SIGNAL/REG SIGN,ATWATER & HENDERSON,39.163344,-86.5272
2003,3,2,Weekday,900,2-Car,No injury/unknown,FAILURE TO YIELD RIGHT OF WAY,ATWATER & HENDERSON,39.163344,-86.5272
2003,1,2,Weekday,1100,2-Car,No injury/unknown,FAILURE TO YIELD RIGHT OF WAY,ATWATER & HENDERSON,39.163344,-86.5272
2003,3,2,Weekday,800,1-Car,No injury/unknown,,ATWATER & HENDERSON ST,39.163344,-86.5272
2003,10,5,Weekday,1100,Bus,No injury/unknown,FAILURE TO YIELD RIGHT OF WAY,ATWATER & HENDERSON,39.163344,-86.5272
2003,11,7,Weekend,0,2-Car,No injury/unknown,DISREGARD SIGNAL/REG SIGN,ATWATER AVE & HENDERSON,39.163344,-86.5272
2003,9,6,Weekday,200,1-Car,Non-incapacitating,ALCOHOLIC BEVERAGES,ATWATER & HENDERSON,39.163344,-86.5272
2003,11,6,Weekday,1500,2-Car,Non-incapacitating,FAILURE TO YIELD RIGHT OF WAY,ATWATER & HENDERSON,39.163344,-86.5272
2003,8,2,Weekday,1600,2-Car,No injury/unknown,OTHER (DRIVER) - EXPLAIN IN NARRATIVE,ATWATER & HENDERSON,39.163344,-86.5272
2003,4,4,Weekday,1300,2-Car,Non-incapacitating,OTHER (DRIVER) - EXPLAIN IN NARRATIVE,ATWATER AVE & HENDERSON,39.163344,-86.5272
2003,2,2,Weekday,1700,2-Car,Non-incapacitating,DISREGARD SIGNAL/REG SIGN,ATWATER AVE & HENDERSON,39.163344,-86.5272
2003,12,4,Weekday,1500,2-Car,Non-incapacitating,FAILURE TO YIELD RIGHT OF WAY,ATWATER & HENDERSON,39.163344,-86.5272
2003,4,4,Weekday,2100,2-Car,Non-incapacitating,FAILURE TO YIELD RIGHT OF WAY,ATWATER & HENDERSON,39.163344,-86.5272
2003,4,4,Weekday,1600,2-Car,Non-incapacitating,FAILURE TO YIELD RIGHT OF WAY,ATWATER & HENDERSON,39.163344,-86.5272
2003,9,6,Weekday,800,2-Car,Non-incapacitating,FAILURE TO YIELD RIGHT OF WAY,ATWATER AVE & HENDERSON,39.163344,-86.5272
2003,3,6,Weekday,1500,2-Car,No injury/unknown,FAILURE TO YIELD RIGHT OF WAY,ATWATER AVE & FESS,39.163328,-86.525808
2003,1,1,Weekday,2000,2-Car,No injury/unknown,FAILURE TO YIELD RIGHT OF WAY,ATWATER & FESS,39.163328,-86.525808
2003,5,7,Weekend,2200,2-Car,Non-incapacitating,FAILURE TO YIELD RIGHT OF WAY,ATWATER AVE & FESS,39.163328,-86.525808
2003,6,7,Weekend,1600,2-Car,Non-incapacitating,FAILURE TO YIELD RIGHT OF WAY,ATWATER AVE & FESS,39.163328,-86.525808
2003,1,6,Weekday,1400,1-Car,No injury/unknown,RAN OFF ROAD RIGHT,ATWATER & FESS ST,39.16330055,-86.5258084
2003,2,2,Weekday,800,2-Car,No injury/unknown,LEFT OF CENTER,BELLE AVE & PARK SQUARE,39.163299,-86.590999
2003,2,6,Weekday,1200,1-Car,No injury/unknown,RAN OFF ROAD LEFT,ATWATER & PARK,39.163296,-86.524
2003,2,1,Weekday,2100,2-Car,No injury/unknown,IMPROPER TURNING,ATWATER & PARK,39.163296,-86.524
2003,6,5,Weekday,1700,2-Car,No injury/unknown,FOLLOWING TOO CLOSELY,ATWATER & PARK,39.163296,-86.524
2003,1,2,Weekday,1400,2-Car,No injury/unknown,ROADWAY SURFACE CONDITION,ATWATER AVE & PARK,39.16329399,-86.52382272
2003,10,5,Weekday,1200,2-Car,No injury/unknown,UNSAFE BACKING,ATWATER & WOODLAWN,39.16328202,-86.52276929
2003,12,2,Weekday,1700,2-Car,No injury/unknown,,ATWATER & WOODLAWN,39.16328081,-86.52266291
2003,6,1,Weekday,2200,2-Car,No injury/unknown,LEFT OF CENTER,ATWATER & WOODLAWN,39.16328,-86.522592
2003,11,3,Weekday,1000,2-Car,No injury/unknown,DISREGARD SIGNAL/REG SIGN,ATWATER & WOODLAWN,39.16328,-86.522592
2003,7,3,Weekday,1200,2-Car,No injury/unknown,UNSAFE BACKING,ATWATER & WOODLAWN,39.16328,-86.522592
2003,4,3,Weekday,1400,2-Car,No injury/unknown,UNSAFE BACKING,ATWATER PARKING & WOODLAWN,39.16328,-86.522592
2003,7,2,Weekday,2100,1-Car,No injury/unknown,PRESCRIPTION DRUGS,CAVE & SR48,39.16327256,-86.62979591
2003,3,5,Weekday,800,2-Car,No injury/unknown,OTHER (ENVIRONMENTAL) - EXPLAIN IN NARR,2ND & PATTERSON DR,39.1632627,-86.548943
2003,5,5,Weekday,1500,2-Car,No injury/unknown,ROADWAY SURFACE CONDITION,ATWATER & FACULTY,39.16324289,-86.52074213
2003,12,2,Weekday,2200,2-Car,No injury/unknown,IMPROPER TURNING,ATWATER AVE & HAWTHORNE,39.16323541,-86.52035325
2003,12,3,Weekday,1100,2-Car,No injury/unknown,FAILURE TO YIELD RIGHT OF WAY,ATWATER & HAWTHORNE,39.163232,-86.520176
2003,9,2,Weekday,1600,2-Car,No injury/unknown,FAILURE TO YIELD RIGHT OF WAY,ATWATER AVE & HAWTHORNE,39.163232,-86.520176
2003,1,4,Weekday,700,3+ Cars,Non-incapacitating,UNSAFE SPEED,ATWATER & HAWTHORNE DR,39.163232,-86.520176
2003,9,5,Weekday,1700,2-Car,No injury/unknown,DISREGARD SIGNAL/REG SIGN,COLLEGE AVE & SMITH,39.16321855,-86.53482941
2003,4,4,Weekday,900,2-Car,No injury/unknown,IMPROPER TURNING,ATWATER & BALLANTINE,39.163216,-86.519024
2003,2,5,Weekday,2100,3+ Cars,No injury/unknown,,ATWATER & HIGHLAND,39.16320394,-86.51793857
2003,12,7,Weekend,1800,2-Car,No injury/unknown,,ATWATER AVE & HIGHLAND,39.16320158,-86.51772583
2003,8,6,Weekday,1500,2-Car,No injury/unknown,FOLLOWING TOO CLOSELY,ATWATER & HIGHLAND,39.16320099,-86.51767264
2003,4,2,Weekday,2200,1-Car,No injury/unknown,OTHER (DRIVER) - EXPLAIN IN NARRATIVE,ATWATER & HIGHLAND,39.16320099,-86.51767264
2003,5,7,Weekend,1100,2-Car,No injury/unknown,CELL PHONE USAGE,ATWATER AVE & HIGHLAND,39.1632,-86.517584
2003,12,5,Weekday,1800,2-Car,No injury/unknown,FOLLOWING TOO CLOSELY,ATWATER & HIGHLAND,39.1632,-86.517584
2003,5,5,Weekday,1700,2-Car,No injury/unknown,,ATWATER & HIGHLAND,39.1632,-86.517584
2003,8,2,Weekday,1700,2-Car,No injury/unknown,FAILURE TO YIELD RIGHT OF WAY,ATWATER & HIGHLAND,39.1632,-86.517584
2003,7,6,Weekday,1400,2-Car,No injury/unknown,FAILURE TO YIELD RIGHT OF WAY,ATWATER AVE & HIGHLAND,39.1632,-86.517584
2003,4,3,Weekday,1500,2-Car,No injury/unknown,,ATWATER AVE & HIGHLAND,39.1632,-86.517584
2003,7,7,Weekend,900,2-Car,No injury/unknown,OTHER (DRIVER) - EXPLAIN IN NARRATIVE,S HIGHLAND & WINSLOW FARMS,39.1632,-86.517584
2003,7,4,Weekday,1500,2-Car,No injury/unknown,FAILURE TO YIELD RIGHT OF WAY,ATWATER & HENDERSON,39.163199,-86.527894
2003,11,3,Weekday,1500,2-Car,Non-incapacitating,FOLLOWING TOO CLOSELY,ATWATER AVE & HIGHLAND,39.16319764,-86.5174954
2003,11,2,Weekday,2300,2-Car,No injury/unknown,DISREGARD SIGNAL/REG SIGN,ATWATER AVE & JORDAN,39.163168,-86.516384
2003,6,3,Weekday,1000,2-Car,No injury/unknown,OTHER (ENVIRONMENTAL) - EXPLAIN IN NARR,ATWATER AVE & JORDAN,39.163168,-86.516384
2003,5,6,,,2-Car,No injury/unknown,DISREGARD SIGNAL/REG SIGN,ATWATER & JORDAN,39.163168,-86.516384
2003,8,1,Weekend,1600,2-Car,Non-incapacitating,DISREGARD SIGNAL/REG SIGN,ATWATER & JORDAN AVE,39.163168,-86.516384
2003,9,1,Weekend,1700,2-Car,No injury/unknown,IMPROPER TURNING,ATWATER & JORDAN,39.163168,-86.516384
2003,9,7,Weekend,1500,2-Car,No injury/unknown,FAILURE TO YIELD RIGHT OF WAY,ATWATER & JORDAN AVE,39.163168,-86.516384
2003,12,1,Weekend,1600,2-Car,No injury/unknown,DISREGARD SIGNAL/REG SIGN,ATWATER & JORDAN AVE,39.163168,-86.516384
2003,12,5,Weekday,2000,2-Car,No injury/unknown,FOLLOWING TOO CLOSELY,ATWATER AVE & JORDAN,39.16316707,-86.51631309
2003,11,7,Weekend,1300,2-Car,No injury/unknown,OTHER (DRIVER) - EXPLAIN IN NARRATIVE,BELLE & WESTWOOD,39.16316622,-86.58997344
2003,3,7,Weekend,1900,2-Car,No injury/unknown,IMPROPER LANE USAGE,ATWATER & SWAIN,39.163152,-86.515168
2003,1,3,Weekday,1400,2-Car,Non-incapacitating,FAILURE TO YIELD RIGHT OF WAY,ATWATER AVE & SWAIN,39.163152,-86.515168
2003,3,3,Weekday,1900,1-Car,No injury/unknown,ROADWAY SURFACE CONDITION,ATWATER & SWAIN,39.163152,-86.515168
2003,10,7,Weekend,900,2-Car,No injury/unknown,ROADWAY SURFACE CONDITION,ATWATER & MITCHELL,39.163136,-86.514096
2003,6,2,Weekday,1200,2-Car,No injury/unknown,FAILURE TO YIELD RIGHT OF WAY,ATWATER & MITCHELL ST,39.163136,-86.514096
2003,1,6,Weekend,2300,1-Car,No injury/unknown,ROADWAY SURFACE CONDITION,ATWATER ST & EASTSIDE,39.16312,-86.513088
2003,3,7,Weekend,1400,1-Car,No injury/unknown,OTHER (DRIVER) - EXPLAIN IN NARRATIVE,ARBUTUS & ATWATER,39.163104,-86.512096
2003,2,7,Weekend,1900,1-Car,No injury/unknown,ROADWAY SURFACE CONDITION,ARBUTUS & ATWATER,39.163104,-86.512096
2003,4,5,Weekday,,2-Car,No injury/unknown,OTHER (ENVIRONMENTAL) - EXPLAIN IN NARR,E ATWATER,39.1631,-86.525322
2003,4,6,Weekday,1600,2-Car,No injury/unknown,OTHER (DRIVER) - EXPLAIN IN NARRATIVE,E ATWATER & WOODLAWN,39.1631,-86.523994
2003,7,7,Weekend,900,2-Car,No injury/unknown,IMPROPER LANE USAGE,ATWATER & PARK,39.1631,-86.5258996
2003,9,7,Weekend,0,2-Car,No injury/unknown,FAILURE TO YIELD RIGHT OF WAY,ATWATER & PARK,39.1631,-86.52594026
2003,2,7,Weekend,1900,1-Car,No injury/unknown,RAN OFF ROAD LEFT,ATWATER ST & ROSE,39.163088,-86.510912
2003,1,6,Weekend,2300,1-Car,No injury/unknown,ROADWAY SURFACE CONDITION,ATWATER & ROSE,39.16308541,-86.51069926
2003,12,7,Weekend,1100,2-Car,No injury/unknown,OTHER (DRIVER) - EXPLAIN IN NARRATIVE,ATWATER & ROSE,39.16308152,-86.51038016
2003,10,1,Weekend,1400,2-Car,No injury/unknown,OTHER (DRIVER) - EXPLAIN IN NARRATIVE,ATWATER & MITCHELL,39.16308109,-86.514096
2003,1,6,Weekday,1400,2-Car,No injury/unknown,ROADWAY SURFACE CONDITION,CLARIZZ & COVENANTER,39.163056,-86.490752
2003,12,2,Weekday,1400,2-Car,No injury/unknown,,CLARIZZ & COVENANTER,39.163056,-86.490752
2003,11,4,Weekday,1100,1-Car,No injury/unknown,RAN OFF ROAD RIGHT,S CLARIZZ BLVD,39.163056,-86.490752
2003,12,6,Weekday,1600,2-Car,Non-incapacitating,FAILURE TO YIELD RIGHT OF WAY,BUICK CADI & CLARIZZ,39.163056,-86.490752
2003,12,3,Weekday,,2-Car,No injury/unknown,OTHER (VEHICLE) - EXPLAIN IN NARRATIVE,CLARIZZ,39.163056,-86.490752
2003,12,6,Weekday,800,2-Car,No injury/unknown,OTHER (VEHICLE) - EXPLAIN IN NARRATIVE,CLARIZZ,39.163056,-86.490752
2003,6,6,,,2-Car,No injury/unknown,,CLARIZZ,39.163056,-86.490752
2003,7,5,Weekday,0,2-Car,No injury/unknown,UNSAFE BACKING,CLARIZZ BLVD,39.163056,-86.490752
2003,2,1,Weekend,1500,2-Car,No injury/unknown,OTHER (DRIVER) - EXPLAIN IN NARRATIVE,CLARIZZ BLVD,39.163056,-86.490752
2003,6,6,,,2-Car,No injury/unknown,IMPROPER TURNING,CLARIZZ BLVD,39.163056,-86.490752
2003,12,2,Weekday,1500,2-Car,No injury/unknown,UNSAFE BACKING,BUICK CADILLAC & CLARIZZ BLVD,39.163056,-86.490752
2003,11,3,Weekday,1300,1-Car,No injury/unknown,OTHER (DRIVER) - EXPLAIN IN NARRATIVE,ATWATER & HIGH ST,39.16304,-86.508288
2003,5,7,Weekend,400,2-Car,No injury/unknown,ALCOHOLIC BEVERAGES,HIGH ST & HILLSIDE,39.16304,-86.508288
2003,3,4,Weekday,1900,2-Car,No injury/unknown,FAILURE TO YIELD RIGHT OF WAY,ATWATER & HIGH,39.16304,-86.508288
2003,10,6,Weekday,900,1-Car,No injury/unknown,RAN OFF ROAD RIGHT,GETTYS CREEK & SR46,39.16303544,-86.4153416
2003,5,5,Weekday,1600,1-Car,Non-incapacitating,IMPROPER TURNING,JONES & S JORDAN AVE,39.16302654,-86.516399
2003,6,6,,,2-Car,No injury/unknown,OTHER (ENVIRONMENTAL) - EXPLAIN IN NARR,ATWATER & WOODLAWN,39.16300547,-86.52258778
2003,11,5,Weekday,1500,2-Car,No injury/unknown,FAILURE TO YIELD RIGHT OF WAY,CLARIZZ BLVD & WILMINGTON,39.16300455,-86.49075388
2003,3,7,Weekend,1900,2-Car,Non-incapacitating,DISREGARD SIGNAL/REG SIGN,2ND & COLLEGE MALL RD,39.163,-86.497996
2003,1,7,Weekend,200,2-Car,Non-incapacitating,DRIVER ASLEEP OR FATIGUED,BENDER RD & SR46E,39.16298748,-86.43664312
2003,12,2,Weekday,1100,2-Car,No injury/unknown,IMPROPER TURNING,COLLEGE AVE & SMITH,39.162944,-86.534832
2003,6,3,Weekday,1300,2-Car,No injury/unknown,RAN OFF ROAD LEFT,COLLEGE AVE & SMITH,39.16293576,-86.53483209
2003,1,6,Weekday,1100,2-Car,No injury/unknown,IMPROPER TURNING,COLLEGE MALL PARKING LOT RD,39.162928,-86.498112
2003,5,2,Weekday,1800,2-Car,No injury/unknown,OTHER (DRIVER) - EXPLAIN IN NARRATIVE,COLLEGE MALL RD,39.162928,-86.498112
2003,1,1,Weekend,1400,2-Car,No injury/unknown,FAILURE TO YIELD RIGHT OF WAY,COLLEGE MALL RD,39.162928,-86.498112
2003,3,3,Weekday,700,1-Car,Fatal,UNSAFE SPEED,COLLEGE MALL RD,39.162928,-86.498112
2003,2,3,Weekday,1600,3+ Cars,No injury/unknown,FAILURE TO YIELD RIGHT OF WAY,ATWATER & JORDAN AVE,39.16289347,-86.51637927
2003,12,4,Weekday,1800,2-Car,No injury/unknown,,ATWATER & JORDAN,39.16289347,-86.51637927
2003,2,4,Weekday,1500,2-Car,Non-incapacitating,FOLLOWING TOO CLOSELY,COLLEGE AVE & SMITH,39.16288909,-86.53483258
2003,5,4,Weekday,1600,2-Car,No injury/unknown,FAILURE TO YIELD RIGHT OF WAY,GETTYS CREEK & SR 46,39.162864,-86.414432
2003,4,2,Weekday,1100,2-Car,Non-incapacitating,,DUNN & SMITH AVE,39.162848,-86.52882553
2003,1,3,Weekday,1700,3+ Cars,No injury/unknown,DISREGARD SIGNAL/REG SIGN,DUNN & SMITH,39.162848,-86.5284
2003,2,3,Weekday,1600,2-Car,Non-incapacitating,DISREGARD SIGNAL/REG SIGN,DUNN ST & SMITH,39.162848,-86.5284
2003,2,4,Weekday,1000,2-Car,No injury/unknown,FAILURE TO YIELD RIGHT OF WAY,DUNN ST & SMITH,39.162848,-86.5284
2003,11,2,Weekday,1100,2-Car,No injury/unknown,IMPROPER TURNING,HENDERSON ST & SMITH,39.162848,-86.527184
2003,4,4,Weekday,,2-Car,No injury/unknown,VIEW OBSTRUCTED,DUNN ST & SMITH,39.162848,-86.5284
2003,8,7,Weekend,1700,2-Car,Incapacitating,FAILURE TO YIELD RIGHT OF WAY,E SMITH & S DUNN,39.162848,-86.5284
2003,12,7,Weekend,1200,2-Car,No injury/unknown,FAILURE TO YIELD RIGHT OF WAY,DUNN ST & SMITH,39.162848,-86.5284
2003,11,6,Weekend,2100,2-Car,Non-incapacitating,FAILURE TO YIELD RIGHT OF WAY,2ND & COLLEGE MALL,39.162715,-86.497952
2003,12,2,Weekday,2300,3+ Cars,Non-incapacitating,ALCOHOLIC BEVERAGES,COLLEGE AVE & SMITH,39.16266946,-86.53483492
2003,4,7,Weekend,1200,2-Car,No injury/unknown,FAILURE TO YIELD RIGHT OF WAY,3RD & CURRY PARK,39.16265734,-86.582995
2003,7,3,Weekday,1400,2-Car,No injury/unknown,IMPROPER PASSING,BIRDIE GAYLAN & SR46,39.162656,-86.413296
2003,6,6,Weekday,1200,1-Car,No injury/unknown,ANIMAL/OBJECT IN ROADWAY,BIRDIE GALYAN & SR46,39.162656,-86.413296
2003,1,5,Weekday,1700,2-Car,No injury/unknown,UNSAFE BACKING,DUNN,39.16241698,-86.52836571
2003,11,6,Weekday,1600,2-Car,No injury/unknown,FOLLOWING TOO CLOSELY,2ND & ROGERS ST,39.162399,-86.538699
2003,8,6,Weekday,1200,3+ Cars,No injury/unknown,FOLLOWING TOO CLOSELY,HOWE & ROGERS,39.16231763,-86.538592
2003,1,4,Weekday,800,2-Car,Non-incapacitating,FAILURE TO YIELD RIGHT OF WAY,HUNTER & JORDAN AVE,39.16224,-86.516368
2003,2,1,Weekday,1900,2-Car,No injury/unknown,OTHER (DRIVER) - EXPLAIN IN NARRATIVE,HUNTER & WOODLAWN,39.16224,-86.522576
2003,9,2,Weekday,1100,2-Car,No injury/unknown,FAILURE TO YIELD RIGHT OF WAY,HUNTER & JORDAN ST,39.16224,-86.516368
2003,10,4,Weekday,1100,2-Car,No injury/unknown,FAILURE TO YIELD RIGHT OF WAY,E HUNTER & WOODLAWN,39.16224,-86.522576
2003,4,6,Weekday,900,2-Car,No injury/unknown,UNSAFE BACKING,HUNTER AVE & WOODLAWN,39.16224,-86.522576
2003,4,6,Weekday,100,Moped/Motorcycle,Non-incapacitating,FAILURE TO YIELD RIGHT OF WAY,HUNTER & JORDAN,39.16224,-86.516368
2003,11,6,Weekend,2000,2-Car,No injury/unknown,IMPROPER TURNING,2ND & COLLEGE MALL RD,39.16223127,-86.49796591
2003,9,1,Weekend,1800,2-Car,No injury/unknown,UNSAFE BACKING,3RD & JORDAN AVE,39.1622286,-86.516399
2003,11,5,Weekday,800,2-Car,No injury/unknown,OTHER (DRIVER) - EXPLAIN IN NARRATIVE,HENDERSON,39.1622227,-86.509872
2003,10,6,Weekday,1800,1-Car,Non-incapacitating,FAILURE TO YIELD RIGHT OF WAY,HUNTER & PARK,39.1622,-86.525896
2003,4,3,Weekday,1900,2-Car,No injury/unknown,OTHER (DRIVER) - EXPLAIN IN NARRATIVE,HUNTER & PARK,39.1622,-86.52589816
2003,11,3,Weekday,1400,2-Car,No injury/unknown,ROADWAY SURFACE CONDITION,HUNTER,39.1622,-86.518967
2003,11,3,Weekday,1400,2-Car,No injury/unknown,OTHER TELEMATICS IN USE,HUNTER,39.1622,-86.518967
2003,10,4,Weekday,700,1-Car,Non-incapacitating,RAN OFF ROAD RIGHT,BLUERIDGE & WALNUT ST,39.16215594,-86.533397
2003,11,7,Weekend,200,3+ Cars,No injury/unknown,ALCOHOLIC BEVERAGES,7TH ST & 8TH,39.1621547,-86.526984
2003,9,2,Weekday,1500,Bus,No injury/unknown,OTHER (DRIVER) - EXPLAIN IN NARRATIVE,UNIVERSITY & WOODLAWN AVE,39.16206955,-86.522576
2003,10,2,Weekday,1700,Moped/Motorcycle,Incapacitating,FAILURE TO YIELD RIGHT OF WAY,2ND ST & CORY,39.162048,-86.56
2003,12,3,Weekday,800,1-Car,Non-incapacitating,PRESCRIPTION DRUGS,SR37 & SR48,39.16200702,-86.57316607
2003,5,2,Weekday,1500,2-Car,No injury/unknown,,COLLEGE MALL RD,39.161936,-86.497904
2003,2,4,Weekday,1400,2-Car,No injury/unknown,FAILURE TO YIELD RIGHT OF WAY,2ND ST & WALKER,39.161648,-86.546128
2003,2,7,Weekend,1000,2-Car,No injury/unknown,OTHER (DRIVER) - EXPLAIN IN NARRATIVE,2ND ST & WALKER,39.161648,-86.546128
2003,7,5,Weekday,1500,2-Car,No injury/unknown,FOLLOWING TOO CLOSELY,2ND ST & WALKER,39.161648,-86.546128
2003,6,3,Weekday,1000,2-Car,No injury/unknown,FOLLOWING TOO CLOSELY,2ND ST & WALKER,39.161648,-86.546128
2003,5,5,Weekday,1000,2-Car,Non-incapacitating,DISREGARD SIGNAL/REG SIGN,SECOND & WALKER,39.161648,-86.546128
2003,5,5,Weekday,800,2-Car,Non-incapacitating,,2ND ST & WALKER,39.161648,-86.546128
2003,11,5,Weekday,700,2-Car,No injury/unknown,FOLLOWING TOO CLOSELY,2ND ST & WALKER,39.161648,-86.546128
2003,9,6,Weekday,1700,3+ Cars,Incapacitating,FOLLOWING TOO CLOSELY,2ND ST & MAPLE,39.16156895,-86.54213144
2003,2,7,Weekend,2300,2-Car,Non-incapacitating,DISREGARD SIGNAL/REG SIGN,S ROGERS & W 2ND ST,39.16152,-86.538592
2003,1,3,Weekday,1700,3+ Cars,No injury/unknown,OTHER (DRIVER) - EXPLAIN IN NARRATIVE,2ND & ROGERS ST,39.16152,-86.538592
2003,11,5,Weekday,200,2-Car,No injury/unknown,UNSAFE BACKING,2ND HOSPITAL PARKING LOT ST & ROGERS,39.16152,-86.538592
2003,11,5,Weekday,600,2-Car,No injury/unknown,UNSAFE SPEED,2ND & ROGERS,39.16152,-86.538592
2003,11,1,Weekend,1300,2-Car,Non-incapacitating,FOLLOWING TOO CLOSELY,2ND ST & ROGERS,39.16152,-86.538592
2003,5,5,Weekday,1400,2-Car,No injury/unknown,DISREGARD SIGNAL/REG SIGN,2ND & ROGERS,39.16152,-86.538592
2003,5,4,Weekday,900,2-Car,No injury/unknown,BRAKE FAILURE OR DEFECTIVE,2ND & ROGER ST,39.16152,-86.538592
2003,5,6,Weekday,1200,1-Car,No injury/unknown,ACCELERATOR FAILURE OR DEFECTIVE,2ND ST & ROGERS,39.16152,-86.538592
2003,7,1,Weekend,1200,2-Car,Non-incapacitating,DISREGARD SIGNAL/REG SIGN,2ND ST & ROGERS,39.16152,-86.538592
2003,8,6,Weekday,1500,2-Car,No injury/unknown,FAILURE TO YIELD RIGHT OF WAY,2ND ST & ROGERS,39.16152,-86.538592
2003,2,4,Weekday,1500,2-Car,No injury/unknown,FOLLOWING TOO CLOSELY,2ND ST & ROGERS,39.16152,-86.538592
2003,4,2,Weekday,2200,2-Car,No injury/unknown,DISREGARD SIGNAL/REG SIGN,2ND & ROGERS ST,39.16152,-86.538592
2003,3,7,Weekend,1100,2-Car,No injury/unknown,FOLLOWING TOO CLOSELY,ROGERS & W 2ND ST,39.16152,-86.538592
2003,6,6,Weekend,2000,2-Car,Non-incapacitating,FOLLOWING TOO CLOSELY,2ND & ROGERS,39.16152,-86.538592
2003,9,5,Weekday,1300,2-Car,No injury/unknown,FOLLOWING TOO CLOSELY,2ND ST & ROGERS,39.16152,-86.538592
2003,11,7,Weekend,1500,2-Car,No injury/unknown,BRAKE FAILURE OR DEFECTIVE,MADISON & W2ND ST,39.161488,-86.537296
2003,11,4,Weekday,1400,2-Car,No injury/unknown,FOLLOWING TOO CLOSELY,2ND ST & MORTON,39.16147308,-86.53631091
2003,12,5,Weekday,700,3+ Cars,Non-incapacitating,OTHER (DRIVER) - EXPLAIN IN NARRATIVE,2ND ST & MORTON,39.161472,-86.53624
2003,8,4,Weekday,1200,2-Car,No injury/unknown,FOLLOWING TOO CLOSELY,2ND ST & S MORTON ST,39.161472,-86.53624
2003,9,3,Weekday,1700,2-Car,No injury/unknown,FOLLOWING TOO CLOSELY,S MORTON & W SECOND ST,39.161472,-86.53624
2003,9,3,Weekday,1700,2-Car,No injury/unknown,FOLLOWING TOO CLOSELY,SOUTH MORTON & W SECOND ST,39.161472,-86.53624
2003,9,6,Weekday,1600,2-Car,No injury/unknown,FOLLOWING TOO CLOSELY,2ND ST & MORTON,39.161472,-86.53624
2003,7,3,Weekday,1300,2-Car,No injury/unknown,FOLLOWING TOO CLOSELY,2ND & COLLEGE AVE,39.16146745,-86.53484771
2003,6,3,Weekday,1700,2-Car,Non-incapacitating,FOLLOWING TOO CLOSELY,2ND ST & COLLEGE,39.16144985,-86.53520237
2003,9,2,Weekday,1100,2-Car,No injury/unknown,IMPROPER TURNING,2ND ST & COLLEGE,39.16144738,-86.53511378
2003,10,2,Weekday,1300,2-Car,No injury/unknown,OVERCORRECTING/OVERSTEERING,2ND,39.16144727,-86.53510982
2003,3,4,Weekday,1100,2-Car,No injury/unknown,,2ND ST & COLLEGE,39.16144148,-86.53490116