Year,Month,Day,Weekend?,Hour,Collision Type,Injury Type,Primary Factor,Reported_Location,Latitude,Longitude
2003,1,4,Weekday,900,2-Car,No injury/unknown,OTHER (DRIVER) - EXPLAIN IN NARRATIVE,2ND ST & PARK,39.16144,-86.52405838
2003,9,7,Weekend,300,2-Car,No injury/unknown,OTHER (DRIVER) - EXPLAIN IN NARRATIVE,2ND ST & FESS,39.16144,-86.5261946
2003,8,7,Weekend,100,2-Car,No injury/unknown,,2ND ST & LINCOLN,39.16144,-86.53132195
2003,10,4,Weekday,2300,2-Car,No injury/unknown,DISREGARD SIGNAL/REG SIGN,2ND ST & COLLEGE,39.16144,-86.534848
2003,1,5,Weekday,1800,Bus,Non-incapacitating,FAILURE TO YIELD RIGHT OF WAY,2ND ST & COLLEGE,39.16144,-86.5344934
2003,3,5,Weekday,2000,2-Car,No injury/unknown,FAILURE TO YIELD RIGHT OF WAY,PONDEROSA PARKING LOT & WALNUT,39.16144,-86.5336
2003,2,4,Weekday,1900,2-Car,No injury/unknown,DISREGARD SIGNAL/REG SIGN,2ND ST & GRANT,39.16144,-86.52976
2003,2,5,Weekday,,2-Car,No injury/unknown,,2ND & DUNN,39.16144,-86.528288
2003,3,3,Weekday,1100,2-Car,No injury/unknown,FAILURE TO YIELD RIGHT OF WAY,2ND ST & LINCOLN,39.16144,-86.531056
2003,2,1,Weekend,,2-Car,No injury/unknown,FAILURE TO YIELD RIGHT OF WAY,E 2ND & S WALNUT ST,39.16144,-86.5336
2003,2,2,Weekday,1900,2-Car,No injury/unknown,FAILURE TO YIELD RIGHT OF WAY,2ND & WASHINGTON,39.16144,-86.5324
2003,12,6,Weekend,1900,1-Car,Non-incapacitating,PEDESTRIAN ACTION,2ND ST & WASHINGTON,39.16144,-86.53247092
2003,11,2,Weekday,1100,3+ Cars,No injury/unknown,OTHER (DRIVER) - EXPLAIN IN NARRATIVE,2ND ST & COLLEGE,39.16144,-86.534848
2003,11,3,Weekday,1400,3+ Cars,No injury/unknown,FAILURE TO YIELD RIGHT OF WAY,2ND ST & HENDERSON,39.16144,-86.527152
2003,10,6,Weekday,800,2-Car,No injury/unknown,UNSAFE BACKING,2ND ST,39.16144,-86.5253391
2003,10,7,Weekend,1400,2-Car,No injury/unknown,FOLLOWING TOO CLOSELY,2ND ST & PARK,39.16144,-86.523952
2003,12,5,Weekday,900,3+ Cars,No injury/unknown,FAILURE TO YIELD RIGHT OF WAY,2ND ST & LINCOLN,39.16144,-86.531056
2003,8,6,Weekday,1500,3+ Cars,No injury/unknown,FOLLOWING TOO CLOSELY,S WALNUT ST & SECOND,39.16144,-86.5336
2003,8,3,Weekday,1700,3+ Cars,Non-incapacitating,FOLLOWING TOO CLOSELY,2ND & S COLLEGE AVE,39.16144,-86.534848
2003,9,2,Weekday,1500,2-Car,No injury/unknown,FOLLOWING TOO CLOSELY,2ND ST & COLLEGE MALL,39.16144,-86.534848
2003,4,3,Weekday,900,1-Car,No injury/unknown,UNSAFE BACKING,WALNUT,39.16144,-86.5336
2003,11,2,Weekday,1000,2-Car,No injury/unknown,OTHER (DRIVER) - EXPLAIN IN NARRATIVE,2ND ST & WALNUT,39.16144,-86.5336
2003,6,2,Weekday,,2-Car,Non-incapacitating,OTHER (DRIVER) - EXPLAIN IN NARRATIVE,2ND ST,39.16144,-86.527152
2003,9,5,Weekday,800,2-Car,No injury/unknown,UNSAFE BACKING,2ND & 2ND ST,39.16144,-86.5324
2003,7,6,,,2-Car,No injury/unknown,OTHER (DRIVER) - EXPLAIN IN NARRATIVE,2ND ST,39.16144,-86.5324
2003,6,6,Weekday,1200,2-Car,No injury/unknown,OTHER (ENVIRONMENTAL) - EXPLAIN IN NARR,2ND & WALNUT,39.16144,-86.5336
2003,6,6,Weekday,1800,2-Car,No injury/unknown,DISREGARD SIGNAL/REG SIGN,2ND ST & COLLEGE,39.16144,-86.534848
2003,6,6,Weekday,1600,2-Car,No injury/unknown,DISREGARD SIGNAL/REG SIGN,2ND & COLLEGE MALL,39.16144,-86.534848
2003,8,7,Weekend,2200,1-Car,No injury/unknown,OVERCORRECTING/OVERSTEERING,2ND & PARK AVE,39.16144,-86.523952
2003,6,5,Weekday,1500,2-Car,No injury/unknown,FAILURE TO YIELD RIGHT OF WAY,2ND & LINCOLN,39.16144,-86.531056
2003,8,2,Weekday,1500,3+ Cars,No injury/unknown,FOLLOWING TOO CLOSELY,COLLEGE AVE & SECOND,39.16144,-86.534848
2003,3,6,Weekend,2100,2-Car,No injury/unknown,FAILURE TO YIELD RIGHT OF WAY,2ND & COLLEGE RD,39.16144,-86.534848
2003,2,4,Weekday,1200,2-Car,Non-incapacitating,FAILURE TO YIELD RIGHT OF WAY,2ND ST & LINCOLN,39.16144,-86.531056
2003,2,6,Weekday,1800,2-Car,No injury/unknown,,2ND ST,39.16144,-86.52691102
2003,4,7,Weekend,500,2-Car,Non-incapacitating,FAILURE TO YIELD RIGHT OF WAY,E 2ND ST & HIGH,39.16144,-86.5324
2003,5,4,Weekday,1400,2-Car,No injury/unknown,FAILURE TO YIELD RIGHT OF WAY,2ND ST & LINCOLN,39.16144,-86.531056
2003,3,6,Weekday,1700,2-Car,No injury/unknown,FAILURE TO YIELD RIGHT OF WAY,LINCOLN & SECOND ST,39.16144,-86.531056
2003,4,7,Weekend,2200,1-Car,Non-incapacitating,,2ND ST,39.16144,-86.53084441
2003,10,2,Weekday,1700,1-Car,Non-incapacitating,VIEW OBSTRUCTED,2ND ST,39.16144,-86.533
2003,2,2,Weekday,700,2-Car,No injury/unknown,ROADWAY SURFACE CONDITION,2ND ST,39.16144,-86.52709845
2003,6,6,Weekend,2300,2-Car,Non-incapacitating,FAILURE TO YIELD RIGHT OF WAY,2ND & GRANT,39.16144,-86.52976
2003,8,6,Weekday,1300,2-Car,No injury/unknown,FAILURE TO YIELD RIGHT OF WAY,2ND & WASHINGTON,39.16144,-86.5324
2003,9,2,Weekday,500,3+ Cars,No injury/unknown,RAN OFF ROAD RIGHT,2ND ST,39.16144,-86.527152
2003,10,3,Weekday,700,2-Car,No injury/unknown,UNSAFE SPEED,2ND & PARK ST,39.16144,-86.523952
2003,11,4,Weekday,2000,2-Car,No injury/unknown,FAILURE TO YIELD RIGHT OF WAY,2ND ST & COLLEGE,39.16144,-86.534848
2003,6,7,Weekend,1200,3+ Cars,No injury/unknown,LEFT OF CENTER,2ND ST & ROTERS,39.16140529,-86.53867956
2003,1,5,Weekday,1600,2-Car,No injury/unknown,DISREGARD SIGNAL/REG SIGN,2ND ST & PATTERSON,39.1614,-86.546198
2003,7,3,Weekday,1300,2-Car,No injury/unknown,FOLLOWING TOO CLOSELY,2ND ST & PATTERSON,39.1614,-86.546198
2003,11,3,Weekday,1300,2-Car,No injury/unknown,FOLLOWING TOO CLOSELY,2ND & PATTERSON,39.1614,-86.54619367
2003,10,7,Weekend,2000,1-Car,No injury/unknown,RAN OFF ROAD RIGHT,2ND ST & PATTERSON,39.1614,-86.54619973
2003,11,5,Weekday,1600,2-Car,No injury/unknown,ALCOHOLIC BEVERAGES,2ND ST & PATTERSON,39.1614,-86.546198
2003,9,2,Weekday,1100,2-Car,Non-incapacitating,OTHER (DRIVER) - EXPLAIN IN NARRATIVE,2ND ST & EUCLID,39.1614,-86.54338935
2003,9,7,Weekend,1900,2-Car,No injury/unknown,ALCOHOLIC BEVERAGES,2ND ST & PATTERSON,39.1614,-86.5461967
2003,5,4,Weekday,1400,2-Car,No injury/unknown,FOLLOWING TOO CLOSELY,2ND ST & PATTERSON,39.1614,-86.546198
2003,9,3,Weekday,700,2-Car,No injury/unknown,FAILURE TO YIELD RIGHT OF WAY,2ND ST & PATTERSON,39.1614,-86.54618502
2003,2,2,Weekday,1100,1-Car,No injury/unknown,ROADWAY SURFACE CONDITION,2ND ST,39.1614,-86.539881
2003,5,6,Weekday,700,2-Car,No injury/unknown,OTHER (DRIVER) - EXPLAIN IN NARRATIVE,PATTERSON & W2ND,39.1614,-86.54621531
2003,6,3,Weekday,1500,2-Car,No injury/unknown,,2ND,39.1614,-86.533523
2003,6,5,Weekday,500,2-Car,No injury/unknown,FAILURE TO YIELD RIGHT OF WAY,2ND ST & PATTERSON,39.1614,-86.546198
2003,8,5,Weekday,1700,3+ Cars,Non-incapacitating,FOLLOWING TOO CLOSELY,2ND ST & ROGERS,39.1614,-86.53737404
2003,11,3,Weekday,1100,2-Car,No injury/unknown,FOLLOWING TOO CLOSELY,2ND ST & PATTERSON,39.1614,-86.54620103
2003,2,5,Weekday,2200,2-Car,Non-incapacitating,OTHER (DRIVER) - EXPLAIN IN NARRATIVE,HARVEY DR & SUNSET,39.16138528,-86.587792
2003,6,4,Weekday,1300,2-Car,No injury/unknown,FAILURE TO YIELD RIGHT OF WAY,PARK SQUARE DR & SUNSET,39.161344,-86.591872
2003,6,5,Weekday,900,Bus,No injury/unknown,UNSAFE BACKING,2ND ST,39.16134008,-86.52378351
2003,11,2,Weekday,1500,2-Car,No injury/unknown,UNSAFE BACKING,COLLEGE MALL,39.16131879,-86.53484994
2003,9,7,Weekend,1600,2-Car,No injury/unknown,DISREGARD SIGNAL/REG SIGN,2ND ST & WOODLAWN,39.161312,-86.522576
2003,6,7,Weekend,300,2-Car,No injury/unknown,OVERCORRECTING/OVERSTEERING,2ND & WOODLAWN,39.161312,-86.522576
2003,8,6,Weekday,1800,2-Car,Non-incapacitating,DISREGARD SIGNAL/REG SIGN,2ND & WOODLAWN,39.161312,-86.522576
2003,9,4,Weekday,1000,2-Car,No injury/unknown,OTHER (DRIVER) - EXPLAIN IN NARRATIVE,EYE CENTER & SECOND ST,39.16128533,-86.521216
2003,7,2,Weekday,600,2-Car,No injury/unknown,OTHER (DRIVER) - EXPLAIN IN NARRATIVE,2ND & WOODLAWN,39.16125709,-86.52257513
2003,9,2,Weekday,1000,2-Car,No injury/unknown,UNSAFE BACKING,2ND ST,39.16123069,-86.51899592
2003,9,6,Weekday,700,2-Car,No injury/unknown,DISREGARD SIGNAL/REG SIGN,2ND & JORDAN AVE,39.161168,-86.516352
2003,3,3,Weekday,1700,2-Car,No injury/unknown,IMPROPER TURNING,COLLEGE AVE,39.16115717,-86.53485253
2003,10,1,Weekend,1200,2-Car,No injury/unknown,UNSAFE BACKING,COLLEGE,39.16115717,-86.53485253
2003,8,6,Weekday,1500,2-Car,No injury/unknown,FAILURE TO YIELD RIGHT OF WAY,E 2ND & WOODLAWN,39.1611,-86.52353435
2003,4,6,Weekday,1300,2-Car,No injury/unknown,FOLLOWING TOO CLOSELY,2ND & PARK,39.1611,-86.523994
2003,10,3,Weekday,1800,2-Car,Non-incapacitating,FOLLOWING TOO CLOSELY,2ND ST & EASTSIDE,39.161088,-86.512592
2003,9,6,Weekend,2100,2-Car,No injury/unknown,IMPROPER PASSING,2ND ST & EASTSIDE,39.161088,-86.512592
2003,3,1,Weekend,1300,2-Car,No injury/unknown,FAILURE TO YIELD RIGHT OF WAY,2ND ST & ROSE,39.16104,-86.5108
2003,6,5,Weekday,1800,2-Car,No injury/unknown,FOLLOWING TOO CLOSELY,2ND ST & ROSERS,39.161,-86.5120976
2003,12,4,Weekday,1200,2-Car,No injury/unknown,FAILURE TO YIELD RIGHT OF WAY,2ND ST & COLLEGE MALL,39.16094401,-86.4980506
2003,2,7,Weekend,1100,2-Car,No injury/unknown,LEFT OF CENTER,2ND & COLLMALL APTS,39.160944,-86.49969164
2003,2,6,Weekday,900,3+ Cars,No injury/unknown,VIEW OBSTRUCTED,E 2ND ST,39.160944,-86.49950158
2003,10,5,Weekday,2100,2-Car,Non-incapacitating,FAILURE TO YIELD RIGHT OF WAY,2ND ST & WOODSCREST,39.160944,-86.5024
2003,12,6,Weekend,1900,2-Car,No injury/unknown,FAILURE TO YIELD RIGHT OF WAY,2ND & COLLEGE MALL RD,39.160944,-86.497696
2003,11,4,Weekday,1000,1-Car,No injury/unknown,UNSAFE SPEED,E2ND ST & HIGH,39.160944,-86.508288
2003,12,5,Weekday,1200,2-Car,No injury/unknown,FAILURE TO YIELD RIGHT OF WAY,2ND ST & WOODSCREST,39.160944,-86.5024
2003,5,2,Weekday,1200,2-Car,Non-incapacitating,FOLLOWING TOO CLOSELY,2ND & COLLEGE MALL RD,39.160944,-86.497696
2003,9,2,Weekday,2100,2-Car,No injury/unknown,FAILURE TO YIELD RIGHT OF WAY,COLLEGE MALL RD & SECOND,39.160944,-86.497696
2003,9,3,Weekday,2200,2-Car,No injury/unknown,UNSAFE BACKING,2ND ST,39.160944,-86.50192485
2003,9,7,Weekend,2300,2-Car,No injury/unknown,CELL PHONE USAGE,2ND & COLLEGE MALL RD,39.160944,-86.497696
2003,6,2,Weekday,800,2-Car,Non-incapacitating,FAILURE TO YIELD RIGHT OF WAY,2ND & COLLEGE MALL RD,39.160944,-86.497696
2003,6,2,Weekday,1200,2-Car,No injury/unknown,FOLLOWING TOO CLOSELY,COLLEGE MALL RD & E 2ND,39.160944,-86.497696
2003,9,2,Weekday,1000,2-Car,No injury/unknown,FAILURE TO YIELD RIGHT OF WAY,2ND & COLLEGE MALL RD,39.160944,-86.497696
2003,3,5,Weekday,800,1-Car,No injury/unknown,,2ND & S HIGH ST,39.160944,-86.508288
2003,12,2,Weekday,1600,2-Car,No injury/unknown,FOLLOWING TOO CLOSELY,2ND & HIGH ST,39.160944,-86.508288
2003,12,7,Weekend,1800,2-Car,Non-incapacitating,ROADWAY SURFACE CONDITION,2ND ST & HIGH,39.160944,-86.508288
2003,12,7,Weekend,1800,2-Car,No injury/unknown,ROADWAY SURFACE CONDITION,2ND & HIGH ST,39.160944,-86.508288
2003,10,5,Weekday,1100,2-Car,No injury/unknown,UNSAFE BACKING,2ND,39.1609,-86.505778
2003,8,5,Weekday,1200,2-Car,Non-incapacitating,FAILURE TO YIELD RIGHT OF WAY,E 2ND ST & WOODSCREST,39.1609,-86.50578202
2003,10,7,Weekend,2100,2-Car,No injury/unknown,FAILURE TO YIELD RIGHT OF WAY,2ND & COLLEGE AVE,39.16089094,-86.53485679
2003,10,4,Weekday,2200,2-Car,No injury/unknown,FAILURE TO YIELD RIGHT OF WAY,2ND & COLLEGE MALL RD,39.16088911,-86.49769789
2003,12,6,Weekday,1300,2-Car,No injury/unknown,UNSAFE BACKING,S COLLEGE MALL RD,39.160886,-86.497701
2003,12,5,Weekday,1100,2-Car,No injury/unknown,UNSAFE BACKING,COLLEGE MALL RD,39.160886,-86.497701
2003,6,7,Weekend,2100,1-Car,No injury/unknown,UNSAFE SPEED,1ST & ROGERS,39.16087676,-86.538592
2003,12,5,Weekday,1800,2-Car,No injury/unknown,FAILURE TO YIELD RIGHT OF WAY,2ND & COLLEGE MALL RD,39.16073816,-86.4977031
2003,11,5,Weekday,2000,2-Car,No injury/unknown,FAILURE TO YIELD RIGHT OF WAY,2ND & COLLEGE MALL RD,39.16069699,-86.49770452
2003,7,7,Weekend,1600,1-Car,No injury/unknown,OTHER (ENVIRONMENTAL) - EXPLAIN IN NARR,ADAMS ST & BLOOMFIELD,39.160544,-86.5508
2003,11,7,Weekend,1600,2-Car,No injury/unknown,UNSAFE BACKING,COLLEGE MALL,39.1604299,-86.53486416
2003,12,7,Weekend,1900,2-Car,No injury/unknown,ROADWAY SURFACE CONDITION,LINGLEBACH & UNION,39.160352,-86.531072
2003,6,2,Weekday,1000,2-Car,No injury/unknown,UNSAFE BACKING,REBOUND & S WALKER,39.160352,-86.546048
2003,1,4,Weekday,2000,3+ Cars,No injury/unknown,ROADWAY SURFACE CONDITION,LINGLEBACH & UNION,39.160352,-86.531072
2003,7,1,Weekday,1900,2-Car,No injury/unknown,FAILURE TO YIELD RIGHT OF WAY,LINGELBACH & UNION,39.160352,-86.531072
2003,12,2,Weekday,1600,2-Car,No injury/unknown,UNSAFE BACKING,2ND & WALKER,39.160352,-86.546048
2003,11,5,Weekday,,2-Car,No injury/unknown,OTHER (DRIVER) - EXPLAIN IN NARRATIVE,FESS & UNIVERSITY,39.16032,-86.527136
2003,8,6,Weekday,1400,1-Car,No injury/unknown,RAN OFF ROAD RIGHT,BOLIN & ROCKPORT RD,39.16029613,-86.575895
2003,5,6,Weekday,1200,2-Car,No injury/unknown,OTHER (ENVIRONMENTAL) - EXPLAIN IN NARR,HIGHLAND & UNIVERSITY,39.160272,-86.51749362
2003,2,2,Weekday,1700,2-Car,No injury/unknown,FAILURE TO YIELD RIGHT OF WAY,JORDAN & UNIVERSITY,39.160272,-86.516336
2003,10,7,Weekend,1400,2-Car,No injury/unknown,IMPROPER TURNING,JORDAN AVE & TENTH,39.160272,-86.516336
2003,10,1,Weekend,1500,2-Car,No injury/unknown,DISREGARD SIGNAL/REG SIGN,JORDAN & UNIVERSITY,39.160272,-86.516336
2003,12,2,Weekday,100,2-Car,No injury/unknown,,UNIVERSITY & WOODLAWN AVE,39.16022163,-86.52256
2003,7,4,Weekday,1300,1-Car,No injury/unknown,UNSAFE SPEED,WOODCREST DR & WYNN WOOD,39.160199,-86.50197005
2003,10,4,Weekday,700,2-Car,No injury/unknown,IMPROPER TURNING,2ND & SR37,39.16009741,-86.57320781
2003,12,3,Weekday,1600,2-Car,No injury/unknown,FAILURE TO YIELD RIGHT OF WAY,BLOOMFIELD RD & LANDMARK,39.15994021,-86.55379641
2003,9,3,Weekday,1200,2-Car,No injury/unknown,IMPROPER TURNING,1ST & COLLEGE AVE,39.1598518,-86.53487341
2003,11,6,Weekday,800,2-Car,Non-incapacitating,FAILURE TO YIELD RIGHT OF WAY,1ST & ROGERS,39.15983346,-86.538592
2003,5,2,Weekday,1700,3+ Cars,No injury/unknown,OTHER (DRIVER) - EXPLAIN IN NARRATIVE,GIFFORD,39.15965945,-86.59171079
2003,12,5,Weekday,800,1-Car,No injury/unknown,UNSAFE SPEED,1ST ST & WALKER,39.159648,-86.546
2003,1,2,Weekday,1500,2-Car,No injury/unknown,FAILURE TO YIELD RIGHT OF WAY,1ST ST & WYLIE,39.1596,-86.543392
2003,2,5,Weekday,1100,2-Car,No injury/unknown,FAILURE TO YIELD RIGHT OF WAY,1ST ST & FAIRVIEW,39.15958609,-86.5426684
2003,6,3,Weekday,1200,2-Car,No injury/unknown,FAILURE TO YIELD RIGHT OF WAY,1ST & COLLEGE AVE,39.15957727,-86.5348778
2003,9,7,Weekend,,2-Car,No injury/unknown,,1ST & WOODLAWN AVE,39.15956364,-86.52256
2003,1,2,Weekday,1400,2-Car,Non-incapacitating,DISREGARD SIGNAL/REG SIGN,1ST & ROGERS ST,39.159504,-86.538592
2003,12,5,Weekday,1300,2-Car,Non-incapacitating,FOLLOWING TOO CLOSELY,1ST & ROGERS,39.159504,-86.538592
2003,11,3,Weekday,1900,1-Car,Non-incapacitating,PEDESTRIAN ACTION,1ST ST & ROGERS,39.15949911,-86.53823747
2003,3,3,Weekday,1600,2-Car,No injury/unknown,OTHER (DRIVER) - EXPLAIN IN NARRATIVE,W 1ST,39.15947592,-86.53655608
2003,3,7,Weekend,0,2-Car,No injury/unknown,DISREGARD SIGNAL/REG SIGN,1ST ST & MORTON,39.159472,-86.536272
2003,11,4,Weekday,1100,2-Car,No injury/unknown,OTHER (DRIVER) - EXPLAIN IN NARRATIVE,1ST & S COLLEGE AVE,39.15944,-86.53488
2003,2,6,Weekday,400,1-Car,Non-incapacitating,ALCOHOLIC BEVERAGES,1ST & COLLEGE AVE,39.15944,-86.53488
2003,5,6,Weekday,1100,2-Car,No injury/unknown,DISREGARD SIGNAL/REG SIGN,1ST & COLLEGE AVE,39.15944,-86.53488
2003,10,6,Weekday,1400,2-Car,Non-incapacitating,DISREGARD SIGNAL/REG SIGN,1ST & COLLEGE AVE,39.15944,-86.53488
2003,10,7,Weekend,1900,2-Car,No injury/unknown,OTHER (DRIVER) - EXPLAIN IN NARRATIVE,1ST & WOODLAWN,39.15942637,-86.52256
2003,9,5,Weekday,1400,2-Car,No injury/unknown,UNSAFE SPEED,BLOOMFIELD RD & RANSOM,39.15942345,-86.55532429
2003,11,2,Weekday,100,3+ Cars,No injury/unknown,,1ST ST & HAWTHORNE,39.15934401,-86.52080518
2003,3,2,Weekday,1300,2-Car,No injury/unknown,FAILURE TO YIELD RIGHT OF WAY,1ST ST & HAWTHORNE,39.159344,-86.520096
2003,9,3,Weekday,1700,2-Car,No injury/unknown,OTHER (DRIVER) - EXPLAIN IN NARRATIVE,FIRST & WASHINGTON ST,39.159344,-86.5324
2003,11,2,Weekday,100,2-Car,No injury/unknown,OTHER (DRIVER) - EXPLAIN IN NARRATIVE,1ST ST & WOODLAWN,39.159344,-86.52256
2003,11,3,Weekday,900,2-Car,No injury/unknown,OTHER (DRIVER) - EXPLAIN IN NARRATIVE,1ST ST,39.159344,-86.52689078
2003,11,3,Weekday,2200,2-Car,No injury/unknown,FAILURE TO YIELD RIGHT OF WAY,1ST ST & FESS,39.159344,-86.525872
2003,11,6,Weekday,1600,2-Car,Non-incapacitating,FAILURE TO YIELD RIGHT OF WAY,1ST ST & GRANT,39.159344,-86.529792
2003,5,4,Weekday,1500,2-Car,No injury/unknown,FAILURE TO YIELD RIGHT OF WAY,1ST & HENDERSON ST,39.159344,-86.52712
2003,5,4,Weekday,2300,2-Car,No injury/unknown,UNSAFE BACKING,1ST ST,39.159344,-86.53074416
2003,6,6,Weekend,2000,2-Car,No injury/unknown,IMPROPER TURNING,1ST & HENDERSON,39.159344,-86.52712
2003,1,6,Weekend,2000,2-Car,No injury/unknown,OTHER (ENVIRONMENTAL) - EXPLAIN IN NARR,1ST ST & WASHINGTON,39.159344,-86.53247092
2003,6,6,Weekday,1400,2-Car,No injury/unknown,FAILURE TO YIELD RIGHT OF WAY,FIRST ST & HAWTHORNE,39.159344,-86.520096
2003,10,4,Weekday,1500,2-Car,No injury/unknown,DISREGARD SIGNAL/REG SIGN,1ST & WOODLAWN,39.159344,-86.52256
2003,1,2,Weekday,900,2-Car,No injury/unknown,GLARE,ROGERS,39.15931004,-86.538592
2003,3,2,Weekday,1600,2-Car,No injury/unknown,UNSAFE BACKING,BALLANTINE,39.15930842,-86.51916302
2003,1,5,Weekday,2300,2-Car,No injury/unknown,FAILURE TO YIELD RIGHT OF WAY,1ST ST & HENDERSON,39.1593,-86.529896
2003,10,6,Weekday,1700,2-Car,No injury/unknown,FAILURE TO YIELD RIGHT OF WAY,LINCOLN ST & WYLIE,39.159299,-86.531299
2003,10,5,Weekday,1500,2-Car,Non-incapacitating,FAILURE TO YIELD RIGHT OF WAY,BUICK CADILLAC & COLLEGE MALL,39.159246,-86.494051
2003,7,3,Weekday,1200,2-Car,No injury/unknown,UNSAFE BACKING,S WALKER ST,39.159185,-86.545995
2003,1,2,Weekday,1500,2-Car,No injury/unknown,FOLLOWING TOO CLOSELY,1ST & HIGH ST,39.15897345,-86.508288
2003,6,4,Weekday,1900,2-Car,No injury/unknown,UNSAFE BACKING,FESS ST & UNIVERSITY,39.15894733,-86.52587651
2003,1,5,Weekday,1600,1-Car,Non-incapacitating,IMPROPER PASSING,BLOOMFIELD & RANSOM,39.158856,-86.55593034
2003,4,6,Weekend,2100,2-Car,No injury/unknown,FOLLOWING TOO CLOSELY,GARRISON CHAPEL & HENDRICK,39.158848,-86.647104
2003,3,3,Weekday,1500,2-Car,No injury/unknown,VIEW OBSTRUCTED,FAIRVIEW & WYLIE ST,39.15853673,-86.54075096
2003,3,6,Weekday,700,2-Car,No injury/unknown,OTHER (DRIVER) - EXPLAIN IN NARRATIVE,ROGERS & WYLIE,39.15845164,-86.53868052
2003,8,5,Weekday,1600,2-Car,No injury/unknown,FAILURE TO YIELD RIGHT OF WAY,LINCOLN ST & WYLIE,39.158448,-86.531088
2003,8,1,Weekend,1200,3+ Cars,Non-incapacitating,FAILURE TO YIELD RIGHT OF WAY,LINCOLN & WYLIE,39.158448,-86.531088
2003,5,4,Weekday,1300,2-Car,No injury/unknown,FAILURE TO YIELD RIGHT OF WAY,WASHINGTON & WYLIE,39.158448,-86.5324
2003,5,2,Weekday,2300,2-Car,No injury/unknown,UNSAFE BACKING,KENNEDY & WILLOW CT,39.158448,-86.53301225
2003,1,4,Weekday,1400,2-Car,No injury/unknown,FAILURE TO YIELD RIGHT OF WAY,S WASHINGTON & WYLIE,39.158448,-86.5324
2003,1,6,Weekday,1500,1-Car,Non-incapacitating,RAN OFF ROAD RIGHT,WASHINGTON & WYLIE,39.158448,-86.5324
2003,1,7,Weekend,100,2-Car,No injury/unknown,FAILURE TO YIELD RIGHT OF WAY,S LINCOLN & WYLE,39.158448,-86.531088
2003,3,3,Weekday,1400,Bus,No injury/unknown,UNSAFE BACKING,S WALKER ST & WALKER,39.15841035,-86.54481124
2003,11,4,Weekday,1300,1-Car,No injury/unknown,OTHER (DRIVER) - EXPLAIN IN NARRATIVE,WALKERS ST,39.15841035,-86.54481124
2003,2,5,Weekday,1500,3+ Cars,Incapacitating,FAILURE TO YIELD RIGHT OF WAY,DODDS & WASHINGTON,39.158399,-86.532399
2003,3,4,Weekday,1400,2-Car,No injury/unknown,FAILURE TO YIELD RIGHT OF WAY,AUTO MALL RD & BUICK CADILLAC,39.158299,-86.496099
2003,10,3,Weekday,2200,2-Car,No injury/unknown,IMPROPER TURNING,AUTO MALL RD & BUICK CADILAC,39.158299,-86.496099
2003,8,6,Weekday,1300,2-Car,No injury/unknown,FAILURE TO YIELD RIGHT OF WAY,BUICK CADILLAC BLVD & COLLEGE MALL,39.15827791,-86.49686837
2003,1,4,Weekday,900,2-Car,No injury/unknown,FOLLOWING TOO CLOSELY,JONES & S JORDAN AVE,39.15826785,-86.516399
2003,7,2,Weekday,2100,2-Car,No injury/unknown,FAILURE TO YIELD RIGHT OF WAY,AUTOMALL & BUICK CADILLAC,39.1582,-86.49689727
2003,7,3,Weekday,900,2-Car,No injury/unknown,UNSAFE BACKING,BUICK CADILLIAC DR,39.1582,-86.496922
2003,4,4,Weekday,1400,2-Car,No injury/unknown,,AUTO MALL & BUICK CADILLAC BLVD,39.1582,-86.496899
2003,2,2,Weekday,900,2-Car,No injury/unknown,FAILURE TO YIELD RIGHT OF WAY,BUICK CADILLAC & COLLEGE MALL RD,39.15816,-86.497792
2003,10,6,Weekday,1000,2-Car,No injury/unknown,UNSAFE BACKING,BUICK CAD BLVD,39.15816,-86.497792
2003,9,3,Weekday,1100,3+ Cars,Non-incapacitating,OTHER (DRIVER) - EXPLAIN IN NARRATIVE,BUICK CADILLAC & COLLEGE MALL RD,39.15816,-86.497792
2003,8,5,Weekday,1200,2-Car,No injury/unknown,OTHER (DRIVER) - EXPLAIN IN NARRATIVE,BUICK CADILLAC,39.15816,-86.497792
2003,5,5,Weekday,1400,2-Car,No injury/unknown,UNSAFE BACKING,BUICK CADILLAC & BUICK CADILLAC BLVD,39.15816,-86.497792
2003,3,4,Weekday,1100,1-Car,No injury/unknown,RAN OFF ROAD LEFT,BUICK  CADILLAC & COLLEGE MALL RD,39.15816,-86.497792
2003,5,3,Weekday,1200,2-Car,Non-incapacitating,FOLLOWING TOO CLOSELY,BUICK CADILLAC,39.15816,-86.497792
2003,12,6,Weekday,1300,2-Car,No injury/unknown,FAILURE TO YIELD RIGHT OF WAY,COLLEGE MALL RD,39.15816,-86.497792
2003,6,3,Weekday,1600,2-Car,No injury/unknown,DISREGARD SIGNAL/REG SIGN,COLLEGE MALL RD & COVENATER,39.158101,-86.497897
2003,12,3,Weekday,1700,2-Car,No injury/unknown,FOLLOWING TOO CLOSELY,BLOOMFIELD & CORRY,39.157999,-86.55759873
2003,7,6,Weekday,500,2-Car,No injury/unknown,FAILURE TO YIELD RIGHT OF WAY,CORY & W BLOOMFIELD RD,39.157999,-86.55760566
2003,7,4,Weekday,800,2-Car,Non-incapacitating,FAILURE TO YIELD RIGHT OF WAY,BLOOMFIELD RD & CURRY,39.157999,-86.557597