Year,Month,Day,Weekend?,Hour,Collision Type,Injury Type,Primary Factor,Reported_Location,Latitude,Longitude
2003,8,5,Weekday,1500,2-Car,No injury/unknown,FAILURE TO YIELD RIGHT OF WAY,FESS & MAXWELL LN,39.157936,-86.525888
2003,12,3,Weekday,1100,2-Car,No injury/unknown,FAILURE TO YIELD RIGHT OF WAY,3RD & CURRY,39.15789876,-86.582995
2003,12,1,Weekend,500,2-Car,No injury/unknown,FOLLOWING TOO CLOSELY,BUICK CADILLAC & COLLEGE MALL RD,39.15788553,-86.49780076
2003,2,6,Weekday,800,2-Car,No injury/unknown,FAILURE TO YIELD RIGHT OF WAY,E MAXWELL LN & JORDAN,39.15787037,-86.51755233
2003,7,6,Weekday,1800,2-Car,No injury/unknown,FAILURE TO YIELD RIGHT OF WAY,MAXWELL LN & MITCHELL,39.157824,-86.5136
2003,8,6,Weekday,900,2-Car,No injury/unknown,DISREGARD SIGNAL/REG SIGN,EASTSIDE DR & MAXWELL,39.157824,-86.512528
2003,12,3,Weekday,1300,2-Car,No injury/unknown,,,39.15781943,-86.58572571
2003,2,7,Weekend,1200,3+ Cars,No injury/unknown,,CURRY & DOYLE,39.15780307,-86.5827339
2003,7,4,Weekday,2100,1-Car,Non-incapacitating,DRIVER ILLNESS,BLOOMFIELD & CORY LN,39.15779505,-86.55983743
2003,9,7,Weekend,200,2-Car,No injury/unknown,OTHER (DRIVER) - EXPLAIN IN NARRATIVE,DODDS & LINCOLN ST,39.15777853,-86.53109935
2003,12,2,Weekday,900,2-Car,No injury/unknown,UNSAFE BACKING,AUTO MALL RD,39.157653,-86.496099
2003,2,3,Weekday,1100,2-Car,No injury/unknown,,DODDS & ROGERS ST,39.157616,-86.538592
2003,10,6,Weekday,1700,2-Car,No injury/unknown,FAILURE TO YIELD RIGHT OF WAY,DODDS & ROGERS ST,39.157616,-86.538592
2003,10,5,Weekday,1100,2-Car,No injury/unknown,DISREGARD SIGNAL/REG SIGN,DODDS & ROGERS ST,39.157616,-86.538592
2003,10,3,Weekday,1300,2-Car,No injury/unknown,PASSENGER DISTRACTION,ALLEN & PATTERSON,39.1576,-86.545199
2003,10,7,Weekend,2200,2-Car,No injury/unknown,IMPROPER LANE USAGE,BLOOMFIELD,39.15759543,-86.55894204
2003,2,2,Weekday,900,1-Car,No injury/unknown,,DODDS & MORTON,39.157584,-86.536288
2003,12,5,Weekday,700,1-Car,No injury/unknown,OTHER (DRIVER) - EXPLAIN IN NARRATIVE,DODDS ST & MORTON,39.157584,-86.53625254
2003,12,7,Weekend,200,2-Car,No injury/unknown,IMPROPER LANE USAGE,COLLEGE AVE & DODDS,39.157568,-86.534896
2003,12,7,Weekend,500,1-Car,No injury/unknown,UNSAFE SPEED,COLLEGE AVE & DODDS,39.157568,-86.534896
2003,4,3,Weekday,1900,1-Car,Non-incapacitating,OTHER (ENVIRONMENTAL) - EXPLAIN IN NARR,COLLEGE AVE & DODDS,39.157568,-86.534896
2003,11,3,Weekday,1000,2-Car,No injury/unknown,FAILURE TO YIELD RIGHT OF WAY,DODDS & WASHINGTON,39.157536,-86.5324
2003,10,2,Weekday,1600,1-Car,Non-incapacitating,FAILURE TO YIELD RIGHT OF WAY,DODDS & WASHINGTON ST,39.157536,-86.5324
2003,12,1,Weekend,1200,2-Car,Non-incapacitating,UNSAFE SPEED,DODDS & LINCOLN,39.157504,-86.531104
2003,9,4,Weekday,1100,2-Car,Non-incapacitating,FAILURE TO YIELD RIGHT OF WAY,DODD & LINCOLN ST,39.157504,-86.531104
2003,3,2,Weekday,1800,2-Car,No injury/unknown,OTHER (DRIVER) - EXPLAIN IN NARRATIVE,S ROGERS,39.15743674,-86.538592
2003,7,3,Weekday,1200,2-Car,No injury/unknown,OTHER (ENVIRONMENTAL) - EXPLAIN IN NARR,BUICK CADILLAC & COLLEGE MALL RD,39.1574354,-86.49781513
2003,8,7,Weekend,1400,2-Car,No injury/unknown,FOLLOWING TOO CLOSELY,DIXIE & WALNUT ST,39.1574,-86.533599
2003,12,1,Weekend,200,2-Car,No injury/unknown,RAN OFF ROAD LEFT,KINGS & OLCOTT BLVD,39.15725227,-86.485997
2003,11,6,Weekday,800,2-Car,Non-incapacitating,FOLLOWING TOO CLOSELY,BLOOMFIELD RD & CORY,39.157248,-86.559792
2003,11,2,Weekday,1300,2-Car,No injury/unknown,FAILURE TO YIELD RIGHT OF WAY,BLOOMFIELD & CORY,39.157248,-86.559792
2003,1,5,Weekday,,2-Car,No injury/unknown,,FESS,39.15716032,-86.52594617
2003,10,7,Weekend,1700,2-Car,No injury/unknown,FAILURE TO YIELD RIGHT OF WAY,PAPER BIRCH CT & WOODSIDE,39.15704,-86.590992
2003,4,4,Weekday,,2-Car,No injury/unknown,UNSAFE BACKING,CARRINGTON & CRICKET,39.156896,-86.473728
2003,2,4,Weekday,1400,2-Car,No injury/unknown,FOLLOWING TOO CLOSELY,CURRY & GIFFORD,39.156896,-86.582704
2003,9,7,Weekend,1600,Cyclist,Non-incapacitating,IMPROPER TURNING,GRIMES & S WOODLAWN,39.1567419,-86.522599
2003,6,3,Weekday,1000,3+ Cars,Non-incapacitating,FOLLOWING TOO CLOSELY,DIXIE & HENDERSON,39.15670863,-86.52707337
2003,11,6,Weekday,1800,2-Car,No injury/unknown,FAILURE TO YIELD RIGHT OF WAY,3RD & LIBERTY DR,39.15666817,-86.5791
2003,11,3,Weekday,1300,2-Car,No injury/unknown,FOLLOWING TOO CLOSELY,ALLEN & ROGERS,39.15664,-86.538592
2003,8,5,Weekday,1200,2-Car,No injury/unknown,FOLLOWING TOO CLOSELY,DIXIE ST & HENDERSON ST,39.15664,-86.527072
2003,10,3,Weekday,1400,2-Car,No injury/unknown,DISREGARD SIGNAL/REG SIGN,DIXIE & WASHINGTON,39.15656,-86.5324
2003,12,4,Weekday,1200,2-Car,No injury/unknown,FAILURE TO YIELD RIGHT OF WAY,DIXIE & WALNUT,39.156544,-86.5336
2003,12,6,Weekday,1100,1-Car,No injury/unknown,ALCOHOLIC BEVERAGES,WALNUT,39.156544,-86.5336
2003,11,3,Weekday,2100,1-Car,No injury/unknown,ANIMAL/OBJECT IN ROADWAY,BRIGHTON & SMITH RD,39.15617938,-86.48056622
2003,5,7,Weekend,1400,2-Car,No injury/unknown,UNSAFE BACKING,SHERWOOD HILLS,39.156144,-86.522528
2003,2,2,Weekday,2200,1-Car,No injury/unknown,,2ND & 2ND ST,39.15611321,-86.544905
2003,5,4,Weekday,2000,1-Car,Non-incapacitating,,CURRY PIKE & GIFFORD RD,39.15596218,-86.584336
2003,2,5,Weekday,2000,2-Car,No injury/unknown,DISREGARD SIGNAL/REG SIGN,ADAMS & ALLEN ST,39.155952,-86.550592
2003,2,7,Weekend,1900,1-Car,Non-incapacitating,ROADWAY SURFACE CONDITION,ALLEN & RANSOM,39.155952,-86.555104
2003,8,6,Weekday,1500,2-Car,No injury/unknown,UNSAFE SPEED,ADAMS & ADAMS HILL CIR,39.155952,-86.550592
2003,12,7,Weekend,900,1-Car,No injury/unknown,RAN OFF ROAD RIGHT,W ALLEN ST,39.15594157,-86.5511818
2003,2,7,Weekend,2200,2-Car,No injury/unknown,UNSAFE BACKING,WOOODSIDE DR,39.15586708,-86.58880739
2003,10,3,Weekday,1700,2-Car,No injury/unknown,FAILURE TO YIELD RIGHT OF WAY,ALLEN & ROGERS ST,39.155776,-86.538592
2003,7,2,Weekday,2000,2-Car,No injury/unknown,FAILURE TO YIELD RIGHT OF WAY,ALLEN & ROGERS ST,39.155776,-86.538592
2003,5,2,Weekday,1200,2-Car,No injury/unknown,UNSAFE BACKING,ALLEN & ROGERS ST,39.155776,-86.538592
2003,6,5,Weekday,1500,2-Car,No injury/unknown,FAILURE TO YIELD RIGHT OF WAY,ALLEN & ROGERS,39.155776,-86.538592
2003,6,1,Weekend,1300,2-Car,Non-incapacitating,DISREGARD SIGNAL/REG SIGN,ALLEN & ROGERS ST,39.155776,-86.538592
2003,10,1,Weekend,1500,Moped/Motorcycle,Non-incapacitating,RAN OFF ROAD RIGHT,ALLEN CREEK & ROGERS,39.155776,-86.538592
2003,3,1,Weekend,1200,2-Car,No injury/unknown,IMPROPER TURNING,BLOOMFIELD & SHADELAND,39.15568,-86.561888
2003,9,4,Weekday,1000,2-Car,No injury/unknown,FAILURE TO YIELD RIGHT OF WAY,ALLEN & WASHINGTON,39.155664,-86.5324
2003,7,5,Weekday,1000,2-Car,Non-incapacitating,FOLLOWING TOO CLOSELY,ALLEN & WALNUT ST,39.155648,-86.5336
2003,9,2,Weekday,1300,2-Car,No injury/unknown,IMPROPER LANE USAGE,ALLEN & WALNUT ST,39.155648,-86.5336
2003,6,7,Weekend,1600,2-Car,No injury/unknown,ACCELERATOR FAILURE OR DEFECTIVE,ALLEN & PATTERSON,39.1556,-86.54318702
2003,6,7,Weekend,1000,2-Car,No injury/unknown,OTHER (DRIVER) - EXPLAIN IN NARRATIVE,COVENANTER & HIGH ST,39.15544,-86.508288
2003,11,6,Weekend,2000,2-Car,No injury/unknown,FAILURE TO YIELD RIGHT OF WAY,HIGH ST & SOUTHDOWNS,39.15544,-86.508288
2003,6,5,Weekday,1300,2-Car,No injury/unknown,IMPROPER PASSING,AUTO MALL RD & COVENANTER,39.155414,-86.496099
2003,11,1,Weekday,1900,2-Car,No injury/unknown,FAILURE TO YIELD RIGHT OF WAY,COLLEGE MALL RD & COVENANTER,39.155152,-86.497888
2003,1,3,Weekday,1800,2-Car,Non-incapacitating,OTHER TELEMATICS IN USE,COLLEGE MALL RD & COVENATER,39.155152,-86.497888
2003,3,6,Weekday,1700,2-Car,Non-incapacitating,OTHER (DRIVER) - EXPLAIN IN NARRATIVE,COLLEDGE MOIL RD & COVENANTER,39.155152,-86.497888
2003,10,2,Weekday,1700,2-Car,No injury/unknown,FOLLOWING TOO CLOSELY,COLLEGE MALL RD & COVENANTOR,39.155152,-86.497888
2003,9,5,Weekday,200,1-Car,No injury/unknown,ALCOHOLIC BEVERAGES,AUTO MALL & COVENANTER,39.155099,-86.4968133
2003,1,5,Weekday,1600,2-Car,No injury/unknown,ROADWAY SURFACE CONDITION,AUTO MALL & COVENANTER,39.155099,-86.49682195
2003,2,7,Weekend,100,2-Car,No injury/unknown,OTHER (DRIVER) - EXPLAIN IN NARRATIVE,CHERRY ORCHARD CT & WOODSIDE,39.154896,-86.590912
2003,10,1,Weekend,1800,2-Car,No injury/unknown,UNSAFE BACKING,CHERRYORCHARD & WOODSIDE,39.154896,-86.590912
2003,8,5,Weekday,1200,2-Car,No injury/unknown,FAILURE TO YIELD RIGHT OF WAY,E 3RD & S COLLEGE MALL RD,39.1546821,-86.498296
2003,11,3,Weekday,2000,2-Car,No injury/unknown,OTHER (DRIVER) - EXPLAIN IN NARRATIVE,JORDAN,39.15467072,-86.51522997
2003,4,5,Weekday,1600,2-Car,No injury/unknown,IMPROPER LANE USAGE,JORDAN,39.15467072,-86.51520834
2003,7,3,Weekday,1100,2-Car,No injury/unknown,FOLLOWING TOO CLOSELY,HIGH ST & MEADOW BLUFF,39.15466991,-86.508299
2003,12,7,Weekend,0,2-Car,No injury/unknown,UNSAFE BACKING,COVENENTEN,39.15464,-86.5092
2003,2,7,Weekend,200,1-Car,No injury/unknown,,GREENTREE & LARKSPUR LN,39.15458554,-86.547498
2003,1,4,Weekday,800,2-Car,Non-incapacitating,LEFT OF CENTER,CURRY & GIFFORD RD,39.15456487,-86.58734329
2003,8,2,Weekday,700,2-Car,No injury/unknown,UNSAFE BACKING,KELLIS WAY,39.154549,-86.57005
2003,9,4,Weekday,1700,2-Car,Non-incapacitating,FOLLOWING TOO CLOSELY,DAVIS & ROGERS,39.1545438,-86.538699
2003,10,4,Weekday,1300,2-Car,Non-incapacitating,FOLLOWING TOO CLOSELY,DAVIS & WALNUT,39.15448928,-86.5336
2003,8,6,Weekday,1200,2-Car,No injury/unknown,UNSAFE SPEED,GIFFORD RD & WOODSIDE,39.15445377,-86.5914895
2003,11,4,Weekday,1100,1-Car,No injury/unknown,OTHER (DRIVER) - EXPLAIN IN NARRATIVE,GIFFORD & PARK SQ,39.154448,-86.591696
2003,12,5,Weekday,1700,2-Car,No injury/unknown,FAILURE TO YIELD RIGHT OF WAY,DAVIS & WALNUT ST,39.15440691,-86.5336
2003,3,7,Weekend,1500,2-Car,No injury/unknown,OTHER (ENVIRONMENTAL) - EXPLAIN IN NARR,BLOOMFIELD RD & WEIMER,39.15440493,-86.5639502
2003,3,3,Weekday,800,2-Car,No injury/unknown,FAILURE TO YIELD RIGHT OF WAY,DAVIS & WASHINGTON ST,39.154352,-86.5324
2003,7,4,Weekday,700,2-Car,No injury/unknown,FOLLOWING TOO CLOSELY,BLOMFIELD RD & WEIMER,39.154272,-86.564176
2003,1,3,Weekday,2000,1-Car,No injury/unknown,ANIMAL/OBJECT IN ROADWAY,W BLOOMFIELD RD & WEIMER,39.154272,-86.564176
2003,9,3,Weekday,900,2-Car,No injury/unknown,UNSAFE BACKING,WOODLAWN,39.15424,-86.522512
2003,10,3,Weekday,1300,2-Car,No injury/unknown,FOLLOWING TOO CLOSELY,COVENANTER & HIGH ST,39.15424,-86.508288
2003,2,5,Weekday,,2-Car,No injury/unknown,UNSAFE BACKING,S WALNUT ST,39.15422171,-86.5336
2003,6,1,Weekday,2000,2-Car,No injury/unknown,UNSAFE BACKING,WALNUT ST,39.15422171,-86.5336
2003,5,6,Weekday,1600,2-Car,No injury/unknown,DISREGARD SIGNAL/REG SIGN,GRIMES & WALNUT,39.1542,-86.533799
2003,2,6,Weekend,1900,2-Car,No injury/unknown,UNSAFE BACKING,COLLEGE MALL RD & COVENANTER,39.15412578,-86.49786768
2003,5,2,Weekday,1400,2-Car,No injury/unknown,FAILURE TO YIELD RIGHT OF WAY,COLLEGE MALL RD & KROGERS,39.15412578,-86.49786768
2003,5,5,Weekday,600,3+ Cars,Non-incapacitating,OTHER (DRIVER) - EXPLAIN IN NARRATIVE,JULIES WAY,39.154062,-86.570999
2003,12,4,Weekday,800,2-Car,No injury/unknown,OTHER (DRIVER) - EXPLAIN IN NARRATIVE,BROOKS DR & COVENANTER,39.15406126,-86.50644792
2003,8,6,Weekday,1600,2-Car,No injury/unknown,FAILURE TO YIELD RIGHT OF WAY,3RD & LIBERTY,39.15402456,-86.5791
2003,8,2,Weekday,1200,2-Car,No injury/unknown,FAILURE TO YIELD RIGHT OF WAY,E THIRD & LIBERTY DR,39.15402456,-86.5791
2003,1,5,Weekday,2100,2-Car,Non-incapacitating,FAILURE TO YIELD RIGHT OF WAY,PATTERSON & ROGERS,39.153899,-86.538699
2003,6,2,Weekday,1400,3+ Cars,No injury/unknown,FOLLOWING TOO CLOSELY,BLOOMFIELD,39.153874,-86.564834
2003,10,1,Weekday,2000,1-Car,No injury/unknown,ANIMAL/OBJECT IN ROADWAY,FRIENDSHIP & SR46,39.153856,-86.406688
2003,9,3,Weekday,700,2-Car,No injury/unknown,FOLLOWING TOO CLOSELY,E PATTERSON & S ROGERS,39.1538,-86.54109467
2003,9,7,Weekend,2300,2-Car,No injury/unknown,FOLLOWING TOO CLOSELY,PATTERSON DR & ROGERS,39.1538,-86.541099
2003,3,3,Weekday,1900,2-Car,Non-incapacitating,LEFT OF CENTER,PATTERSON & ROGERS,39.1538,-86.54109467
2003,6,2,Weekday,1600,2-Car,No injury/unknown,FOLLOWING TOO CLOSELY,COLLEGE MALL RD & COVENANTER,39.1537794,-86.49786082
2003,7,3,Weekday,1700,2-Car,Non-incapacitating,FOLLOWING TOO CLOSELY,BLOOMFIELD & WEIMER,39.15377314,-86.5650224
2003,12,4,Weekday,1700,2-Car,No injury/unknown,OTHER (DRIVER) - EXPLAIN IN NARRATIVE,COLLEGE MALL RD,39.15377191,-86.49786067
2003,8,2,Weekday,,2-Car,No injury/unknown,OBSTRUCTION NOT MARKED,FENBROOK,39.153728,-86.484729
2003,3,1,Weekend,1000,2-Car,No injury/unknown,OTHER (DRIVER) - EXPLAIN IN NARRATIVE,COLLEGE MALL RD,39.15365396,-86.49785834
2003,7,6,Weekend,2200,2-Car,No injury/unknown,,BLOOMFIELD RD,39.15354547,-86.56540865
2003,7,7,Weekend,1300,1-Car,No injury/unknown,OTHER (DRIVER) - EXPLAIN IN NARRATIVE,COLLEGE MALL RD,39.153536,-86.497856
2003,4,3,Weekday,1600,2-Car,No injury/unknown,UNSAFE BACKING,HIGH ST,39.15351771,-86.508288
2003,2,4,Weekday,900,2-Car,No injury/unknown,PEDESTRIAN ACTION,CURRY PIKE & HERITAGE,39.153504,-86.58272
2003,11,4,Weekday,1400,2-Car,No injury/unknown,UNSAFE SPEED,CURRY PIKE & HERITAGE,39.153504,-86.58272
2003,10,4,Weekday,2100,2-Car,Non-incapacitating,FAILURE TO YIELD RIGHT OF WAY,GRIMES & WALNUT ST,39.15349491,-86.5336
2003,10,4,Weekday,,2-Car,No injury/unknown,NONE (DRIVER),120 GRIMES,39.15344,-86.5338449
2003,10,3,Weekday,1300,2-Car,No injury/unknown,DISREGARD SIGNAL/REG SIGN,GRIMES & WASHINGTON,39.15344,-86.5324
2003,10,7,Weekend,1600,2-Car,No injury/unknown,DISREGARD SIGNAL/REG SIGN,GRIMES & WASHINGTON,39.15344,-86.5324
2003,10,4,Weekday,1400,Cyclist,Non-incapacitating,FAILURE TO YIELD RIGHT OF WAY,GRIMES LN & WALNUT,39.15344,-86.5336
2003,7,7,Weekend,300,2-Car,Incapacitating,DISREGARD SIGNAL/REG SIGN,GRIMES & WALNUT ST,39.15344,-86.5336
2003,6,5,Weekday,1500,2-Car,Non-incapacitating,DISREGARD SIGNAL/REG SIGN,GRIMES & WALNUT,39.15344,-86.5336
2003,8,6,Weekday,1100,2-Car,No injury/unknown,OTHER (ENVIRONMENTAL) - EXPLAIN IN NARR,GRIMES & WALNUT ST,39.15344,-86.5336
2003,3,5,Weekday,500,2-Car,Non-incapacitating,ROADWAY SURFACE CONDITION,GRIMES & WALNUT,39.15344,-86.5348
2003,10,3,Weekday,1600,2-Car,No injury/unknown,DISREGARD SIGNAL/REG SIGN,GRIMES & WASHINGTON ST,39.15344,-86.5324
2003,9,6,Weekday,1500,2-Car,No injury/unknown,DISREGARD SIGNAL/REG SIGN,GRIMES & WASHINGTON,39.15344,-86.5324
2003,3,2,Weekday,800,2-Car,No injury/unknown,FAILURE TO YIELD RIGHT OF WAY,GRIMES & MADISON,39.1534,-86.538199
2003,10,4,Weekday,800,2-Car,Non-incapacitating,DISREGARD SIGNAL/REG SIGN,GRIMES & HENDERSON,39.153392,-86.527008
2003,7,4,Weekday,900,2-Car,No injury/unknown,OTHER (ENVIRONMENTAL) - EXPLAIN IN NARR,GRIMES & HENDERSON,39.153392,-86.527008
2003,10,5,Weekday,1200,2-Car,No injury/unknown,DISREGARD SIGNAL/REG SIGN,GRIMES & HENDERSON,39.153392,-86.527008
2003,5,6,Weekday,1600,2-Car,No injury/unknown,FAILURE TO YIELD RIGHT OF WAY,GRIMES & HENDERSON,39.153392,-86.527008
2003,10,3,Weekday,1700,1-Car,No injury/unknown,ALCOHOLIC BEVERAGES,GRIMES & HENDERSON,39.15336455,-86.52700748
2003,6,1,Weekday,1900,2-Car,Non-incapacitating,LEFT OF CENTER,GRIMES & WOODLAWN AVE,39.153344,-86.522512
2003,4,1,Weekend,1500,1-Car,No injury/unknown,OVERCORRECTING/OVERSTEERING,GRIMES & WALNUT,39.153332,-86.53364506
2003,9,6,Weekday,1400,2-Car,No injury/unknown,OTHER (DRIVER) - EXPLAIN IN NARRATIVE,GRIMES & WALNUT,39.153332,-86.53369698
2003,5,4,Weekday,900,2-Car,No injury/unknown,FAILURE TO YIELD RIGHT OF WAY,GRIMES LN & SOUTH WALNUT,39.153332,-86.53368227
2003,11,7,Weekend,1500,2-Car,No injury/unknown,PASSENGER DISTRACTION,GRIMES & LINCOLN,39.1533,-86.532495
2003,12,3,Weekday,900,2-Car,No injury/unknown,FOLLOWING TOO CLOSELY,GRIMES & WALNUT ST,39.15324781,-86.5336
2003,1,1,Weekday,2200,1-Car,No injury/unknown,ALCOHOLIC BEVERAGES,MADISON,39.15304,-86.537552
2003,1,4,Weekday,1700,2-Car,No injury/unknown,,RIDGE CREST CT & SUMMITVIEW,39.15295521,-86.525497
2003,8,4,Weekday,2100,2-Car,No injury/unknown,IMPROPER PASSING,10TH & CAMPBELL,39.15283668,-86.513899
2003,9,1,Weekend,600,1-Car,No injury/unknown,RAN OFF ROAD RIGHT,BROWN CO LINE RD & SR 46,39.1527,-86.37572625
2003,5,3,Weekday,1000,2-Car,Non-incapacitating,FAILURE TO YIELD RIGHT OF WAY,DRISCELL & S WALNUT,39.152544,-86.5336
2003,9,4,Weekday,1600,2-Car,No injury/unknown,FAILURE TO YIELD RIGHT OF WAY,DRISCOLL & WALNUT ST,39.152544,-86.5336
2003,9,4,Weekday,2200,2-Car,No injury/unknown,IMPROPER TURNING,COLLEGE MALL RD,39.15250667,-86.497904
2003,8,6,Weekday,1500,2-Car,No injury/unknown,FAILURE TO YIELD RIGHT OF WAY,CLARIZZ BLVD & COVENANTER,39.1525,-86.4905
2003,2,4,Weekday,2100,Bus,No injury/unknown,ROADWAY SURFACE CONDITION,CLARIZZ & COVENENTER DR,39.152499,-86.4904777
2003,2,4,Weekday,2100,Bus,No injury/unknown,LEFT OF CENTER,CLARIZZ & COVENANTER DR,39.152499,-86.4904777
2003,3,1,Weekend,1700,Moped/Motorcycle,No injury/unknown,ACCELERATOR FAILURE OR DEFECTIVE,SCURRY,39.1524,-86.582704
2003,2,1,Weekend,400,2-Car,No injury/unknown,,CURRY & SIERRA DR,39.1524,-86.582704
2003,11,7,Weekend,1400,2-Car,No injury/unknown,BRAKE FAILURE OR DEFECTIVE,CURRY & SIERRA,39.1524,-86.582704
2003,12,5,Weekday,1300,2-Car,No injury/unknown,OTHER (DRIVER) - EXPLAIN IN NARRATIVE,WALNUT ST & WILSON,39.15224,-86.5336
2003,5,6,Weekday,1100,2-Car,No injury/unknown,FAILURE TO YIELD RIGHT OF WAY,MONON & WALNUT ST,39.15224,-86.5336
2003,2,2,Weekday,1200,2-Car,No injury/unknown,FAILURE TO YIELD RIGHT OF WAY,MONON & WALNUT ST,39.15224,-86.5336
2003,3,3,Weekday,600,1-Car,Non-incapacitating,OTHER (DRIVER) - EXPLAIN IN NARRATIVE,WALNUT ST,39.15211918,-86.5336
2003,10,6,Weekday,1000,2-Car,No injury/unknown,UNSAFE BACKING,COVANANTER & COVENANTER,39.152099,-86.488697
2003,6,4,Weekday,1700,2-Car,No injury/unknown,FOLLOWING TOO CLOSELY,SR 46 & WOODVIEW,39.152,-86.3812
2003,4,6,Weekday,1000,1-Car,No injury/unknown,ANIMAL/OBJECT IN ROADWAY,SR46 & WOODVIEW,39.15195736,-86.38140548
2003,2,6,Weekday,800,Bus,No injury/unknown,OTHER (DRIVER) - EXPLAIN IN NARRATIVE,BRENDA LN,39.151952,-86.525888
2003,6,1,Weekday,2100,2-Car,No injury/unknown,UNSAFE BACKING,MADISON ST & WILSON,39.15186755,-86.537504
2003,10,3,Weekday,1900,2-Car,Non-incapacitating,FOLLOWING TOO CLOSELY,WALNUT ST & WILSON,39.15182646,-86.5336
2003,3,3,Weekday,1700,2-Car,No injury/unknown,FAILURE TO YIELD RIGHT OF WAY,2ND & MADISON,39.15182515,-86.537399
2003,2,7,Weekend,1500,1-Car,Non-incapacitating,DRIVER ASLEEP OR FATIGUED,FRIENDSHIP & SR46,39.15174857,-86.40480421
2003,7,6,Weekday,1500,2-Car,No injury/unknown,FOLLOWING TOO CLOSELY,WALNUT ST & WILSON,39.15167546,-86.5336
2003,2,5,Weekday,1400,2-Car,No injury/unknown,FOLLOWING TOO CLOSELY,WALNUT ST & WILSON,39.151648,-86.5336
2003,3,5,Weekday,1500,2-Car,Non-incapacitating,FAILURE TO YIELD RIGHT OF WAY,GARRISON CHAPEL RD & GIFFORD,39.151552,-86.643504
2003,11,3,Weekday,1400,1-Car,No injury/unknown,OVERCORRECTING/OVERSTEERING,GIFFORD RD & PARK SQUARE,39.15144,-86.6232
2003,9,3,Weekday,1300,2-Car,No injury/unknown,FAILURE TO YIELD RIGHT OF WAY,BASSWOOD & BLOOMFIELD,39.151344,-86.567792
2003,6,1,Weekend,300,1-Car,Non-incapacitating,ALCOHOLIC BEVERAGES,HILLSIDE & WALNUT ST,39.15076364,-86.5336
2003,10,5,Weekday,1300,2-Car,No injury/unknown,FAILURE TO YIELD RIGHT OF WAY,PATTERSON & ROGERS ST,39.15072753,-86.538699
2003,8,6,Weekday,1700,2-Car,No injury/unknown,OTHER (ENVIRONMENTAL) - EXPLAIN IN NARR,HILLSIDE & WOODLAWN AVE,39.15072,-86.522496
2003,7,3,Weekday,1100,2-Car,No injury/unknown,DISREGARD SIGNAL/REG SIGN,HILLSIDE DR & WOODLAWN,39.15072,-86.522496
2003,10,6,Weekday,200,2-Car,No injury/unknown,DISREGARD SIGNAL/REG SIGN,HILLSIDE DR & WOODLAWN,39.15072,-86.522496
2003,2,6,Weekday,1100,Bus,No injury/unknown,OTHER (ENVIRONMENTAL) - EXPLAIN IN NARR,HILLS SIDE,39.15069899,-86.5214455
2003,8,6,Weekday,1700,3+ Cars,Non-incapacitating,FOLLOWING TOO CLOSELY,HILLSIDE DR & HUNTINGTON,39.15069155,-86.52107321
2003,5,5,Weekday,700,2-Car,No injury/unknown,OTHER (DRIVER) - EXPLAIN IN NARRATIVE,HILLSIDE & PARK,39.150688,-86.525696
2003,8,5,Weekday,800,2-Car,Non-incapacitating,ALCOHOLIC BEVERAGES,HILLSIDE DR & HUNTINGTON,39.15068692,-86.52082511
2003,4,3,Weekday,2000,2-Car,No injury/unknown,DRIVER ASLEEP OR FATIGUED,HILLSIDE & WOODLAWN,39.15064814,-86.52657291
2003,6,1,Weekend,1000,2-Car,No injury/unknown,STEERING FAILURE,HENDERSON & HILLSIDE DR,39.15064,-86.52696
2003,7,7,Weekend,900,2-Car,No injury/unknown,FOLLOWING TOO CLOSELY,HENDERSON & HILLSIDE AVE,39.15064,-86.52696
2003,9,6,Weekday,1400,2-Car,No injury/unknown,FAILURE TO YIELD RIGHT OF WAY,HENDERSON & HILLSIDE,39.15064,-86.52696
2003,11,1,Weekend,1000,2-Car,No injury/unknown,DISREGARD SIGNAL/REG SIGN,E HILLSIDE & S HENDERSON ST,39.15064,-86.52696
2003,6,5,Weekday,200,1-Car,No injury/unknown,FOLLOWING TOO CLOSELY,HILLSIDE & ROGERS ST,39.15064,-86.538592
2003,1,4,Weekday,1500,2-Car,No injury/unknown,OTHER (DRIVER) - EXPLAIN IN NARRATIVE,HILLSIDE & MAXWELL,39.15057676,-86.51512344
2003,4,4,Weekday,900,2-Car,No injury/unknown,FOLLOWING TOO CLOSELY,HILLSIDE & MAXWELL,39.150576,-86.515088
2003,2,6,Weekday,700,2-Car,No injury/unknown,OTHER (DRIVER) - EXPLAIN IN NARRATIVE,HILLSIDE DR & MAXWELL,39.15057067,-86.51483991
2003,8,4,Weekday,1700,2-Car,No injury/unknown,FOLLOWING TOO CLOSELY,E HILLSIDE & S MAXWELL,39.15056,-86.5324
2003,9,6,Weekday,900,2-Car,No injury/unknown,FAILURE TO YIELD RIGHT OF WAY,HILLSIDE & WASHINGTON,39.15056,-86.5324
2003,10,6,Weekday,1400,2-Car,No injury/unknown,FAILURE TO YIELD RIGHT OF WAY,HILLSIDE DR & WASHINGTON,39.15056,-86.5324
2003,9,1,Weekday,1900,1-Car,Non-incapacitating,DRIVER ILLNESS,HENDERSON ST & HILLSIDE,39.15055764,-86.52695835