Year,Month,Day,Weekend?,Hour,Collision Type,Injury Type,Primary Factor,Reported_Location,Latitude,Longitude
2003,4,7,Weekend,1800,3+ Cars,No injury/unknown,UNSAFE SPEED,HILLSIDE DR & NANCY,39.150544,-86.51215163
2003,1,2,Weekday,1400,2-Car,Non-incapacitating,OTHER (DRIVER) - EXPLAIN IN NARRATIVE,HIGH & HILLSIDE DR,39.150544,-86.50839436
2003,4,7,Weekend,1900,2-Car,No injury/unknown,OTHER (DRIVER) - EXPLAIN IN NARRATIVE,HILLSIDE DR & NANCY,39.150544,-86.51126527
2003,1,5,Weekday,1300,2-Car,No injury/unknown,FAILURE TO YIELD RIGHT OF WAY,HIGH ST & HILLSIDE,39.150544,-86.508288
2003,2,2,Weekday,1400,2-Car,Non-incapacitating,FAILURE TO YIELD RIGHT OF WAY,E HILLSIDE & S WALNUT,39.150544,-86.5336
2003,10,6,Weekday,1800,2-Car,No injury/unknown,FAILURE TO YIELD RIGHT OF WAY,HILLSIDE DR & NANCY,39.150544,-86.511088
2003,8,5,Weekday,600,2-Car,No injury/unknown,UNSAFE BACKING,1424 WALNUT & WALNUT,39.150544,-86.5336
2003,8,6,Weekday,1700,2-Car,No injury/unknown,OTHER (ENVIRONMENTAL) - EXPLAIN IN NARR,HILLSIDE DR & LONGWOOD,39.150544,-86.51312382
2003,7,5,Weekday,1200,2-Car,No injury/unknown,OTHER (DRIVER) - EXPLAIN IN NARRATIVE,HIGH ST & HILLSIDE MOORES,39.150544,-86.508288
2003,9,2,Weekday,1400,2-Car,No injury/unknown,FOLLOWING TOO CLOSELY,HILLSIDE & WALNUT ST,39.150544,-86.5336
2003,9,3,Weekday,1500,2-Car,No injury/unknown,FOLLOWING TOO CLOSELY,CLIFTON & HILLSICLE DR,39.150544,-86.5096
2003,5,2,Weekday,700,3+ Cars,Non-incapacitating,OTHER (ENVIRONMENTAL) - EXPLAIN IN NARR,HILLSICLE & NANCY,39.150544,-86.511088
2003,5,4,Weekday,,2-Car,No injury/unknown,FAILURE TO YIELD RIGHT OF WAY,HIGH & HILLSIDE DR,39.150544,-86.508288
2003,6,2,Weekday,800,2-Car,No injury/unknown,OTHER (DRIVER) - EXPLAIN IN NARRATIVE,HIGH ST & MOORES,39.150544,-86.508288
2003,4,1,Weekend,0,1-Car,No injury/unknown,ANIMAL/OBJECT IN ROADWAY,HILLCREST & WALNUT ST,39.150544,-86.5336
2003,3,2,Weekday,1600,2-Car,Non-incapacitating,FOLLOWING TOO CLOSELY,HILLSIDE & NANCY,39.150544,-86.511088
2003,3,5,Weekday,600,2-Car,No injury/unknown,OTHER (ENVIRONMENTAL) - EXPLAIN IN NARR,HILLSIDE & WALNUT,39.150544,-86.5336
2003,3,5,Weekday,2100,2-Car,Non-incapacitating,FAILURE TO YIELD RIGHT OF WAY,HILLSIDE & WALNUT ST,39.150544,-86.5336
2003,9,6,Weekday,1700,3+ Cars,Non-incapacitating,FOLLOWING TOO CLOSELY,CLIFTON & HILLSIDE,39.150544,-86.5096
2003,10,6,Weekday,1500,2-Car,No injury/unknown,FAILURE TO YIELD RIGHT OF WAY,HIGHLAND & HILLSIDE DR,39.15050089,-86.51693388
2003,2,3,Weekday,2000,2-Car,No injury/unknown,FAILURE TO YIELD RIGHT OF WAY,HIGHLAND & HILLSIDE,39.15050089,-86.51693388
2003,4,4,Weekday,800,1-Car,Non-incapacitating,FAILURE TO YIELD RIGHT OF WAY,HIGHLAND & HILLSIDE,39.15050089,-86.51693388
2003,9,4,Weekday,1400,1-Car,No injury/unknown,RAN OFF ROAD RIGHT,MOORSE & VALLEY FORGE,39.1505,-86.50339554
2003,4,4,Weekday,2200,2-Car,No injury/unknown,FOLLOWING TOO CLOSELY,COLLEGE MALL & MOORES,39.1505,-86.4982
2003,9,5,Weekday,1600,3+ Cars,No injury/unknown,DISREGARD SIGNAL/REG SIGN,HILLSIDE & MAXWELL,39.1505,-86.516999
2003,2,5,Weekday,2200,2-Car,No injury/unknown,,MOORES PIKE & WINFIELD,39.1504933,-86.50098169
2003,6,7,Weekend,1100,2-Car,No injury/unknown,FAILURE TO YIELD RIGHT OF WAY,HILLSIDE & WALNUT ST,39.15049047,-86.53358419
2003,10,4,Weekday,1100,2-Car,No injury/unknown,OTHER (DRIVER) - EXPLAIN IN NARRATIVE,MOORES & SARE RD,39.150448,-86.4992
2003,10,3,Weekday,1700,2-Car,No injury/unknown,FOLLOWING TOO CLOSELY,COLLEGE MALL & MOORSE PIKE,39.150448,-86.498
2003,5,1,Weekend,800,2-Car,Non-incapacitating,DISREGARD SIGNAL/REG SIGN,COLLEGE MALL RD & MOORES,39.150448,-86.498
2003,1,2,Weekday,1000,2-Car,No injury/unknown,OTHER (DRIVER) - EXPLAIN IN NARRATIVE,MOORES & SARE RD,39.150448,-86.4992
2003,1,1,Weekend,700,2-Car,No injury/unknown,OTHER (DRIVER) - EXPLAIN IN NARRATIVE,MOORES & SARE RD,39.150448,-86.4992
2003,4,1,Weekend,1200,2-Car,No injury/unknown,FOLLOWING TOO CLOSELY,MOORES & SARE RD,39.150448,-86.4992
2003,11,2,Weekday,1800,2-Car,No injury/unknown,OTHER (DRIVER) - EXPLAIN IN NARRATIVE,HIGH & MOURE PIKE,39.1504,-86.50780995
2003,5,1,Weekday,2200,2-Car,No injury/unknown,LEFT OF CENTER,CLARIZZ & MOORES,39.150399,-86.494895
2003,5,6,Weekday,1500,2-Car,No injury/unknown,UNSAFE BACKING,BASSWOOD,39.15036741,-86.57226524
2003,11,2,Weekday,1900,2-Car,Non-incapacitating,LEFT OF CENTER,MOORES,39.15036073,-86.49516655
2003,6,6,Weekday,1300,2-Car,Non-incapacitating,OTHER (DRIVER) - EXPLAIN IN NARRATIVE,MOORES & SR446,39.150352,-86.471296
2003,10,7,Weekend,1100,2-Car,Non-incapacitating,DRIVER DISTRACTED - EXPLAIN IN NARRATIVE,MOORES & SR446,39.150352,-86.471296
2003,10,3,Weekday,2200,2-Car,No injury/unknown,ALCOHOLIC BEVERAGES,MOORES & SR 446,39.150352,-86.471296
2003,11,7,Weekend,2200,2-Car,No injury/unknown,FAILURE TO YIELD RIGHT OF WAY,MOORES & SR446,39.150352,-86.471296
2003,10,6,Weekday,300,1-Car,Non-incapacitating,UNSAFE SPEED,MOORES PIKE & SR446,39.150352,-86.471296
2003,10,6,Weekday,300,1-Car,Fatal,ALCOHOLIC BEVERAGES,MOORES & SR446,39.150352,-86.471296
2003,6,3,Weekday,1600,2-Car,No injury/unknown,,MOORES & SR446,39.150352,-86.471296
2003,8,5,Weekday,1600,2-Car,No injury/unknown,FOLLOWING TOO CLOSELY,MOORES PIKE & SR446,39.150352,-86.471296
2003,8,4,Weekday,1400,2-Car,No injury/unknown,FAILURE TO YIELD RIGHT OF WAY,MOORES & SR46,39.150352,-86.471296
2003,9,6,Weekday,1500,2-Car,No injury/unknown,DISREGARD SIGNAL/REG SIGN,MOORES PIKE & SMITH,39.150224,-86.480464
2003,10,3,Weekday,800,2-Car,No injury/unknown,FOLLOWING TOO CLOSELY,MOORES & SMITH RD,39.150224,-86.480464
2003,12,1,Weekend,0,1-Car,No injury/unknown,ROADWAY SURFACE CONDITION,MOORES PIKE & WINGFIELD,39.1502,-86.48036441
2003,10,6,Weekday,1600,2-Car,No injury/unknown,OTHER (DRIVER) - EXPLAIN IN NARRATIVE,MOORES & STERLING WOODS,39.15019343,-86.48324561
2003,9,1,Weekend,1200,2-Car,No injury/unknown,FOLLOWING TOO CLOSELY,MOORES & SARE RD,39.14989984,-86.49915843
2003,6,4,Weekday,1200,2-Car,No injury/unknown,OTHER (ENVIRONMENTAL) - EXPLAIN IN NARR,S WALNUT ST & SOUTHERN,39.14984,-86.533392
2003,2,5,Weekday,700,1-Car,No injury/unknown,UNSAFE SPEED,BASSWOOD DR,39.14968,-86.57104
2003,10,6,Weekday,1700,2-Car,Non-incapacitating,ROADWAY SURFACE CONDITION,CONSTITUTION & LIBERTY DR,39.149552,-86.575936
2003,10,7,Weekend,1700,2-Car,No injury/unknown,UNSAFE SPEED,CONSTITUTION & LIBERTY,39.149552,-86.575936
2003,1,5,Weekday,1700,2-Car,Non-incapacitating,OTHER (DRIVER) - EXPLAIN IN NARRATIVE,CONSTITUTION & LIBERTY,39.149552,-86.575936
2003,6,2,Weekday,1500,2-Car,No injury/unknown,FOLLOWING TOO CLOSELY,CONSTITUTION & LIBERTY,39.1495109,-86.57593258
2003,5,5,Weekday,1500,2-Car,No injury/unknown,,CONSTITUTION & CURRY,39.1494,-86.582599
2003,8,6,Weekday,1600,2-Car,Non-incapacitating,FAILURE TO YIELD RIGHT OF WAY,CONSTITUTION & CURRY PIKE,39.1494,-86.582599
2003,3,1,Weekend,900,2-Car,No injury/unknown,IMPROPER TURNING,CURRY PARK & ROLL,39.149152,-86.582704
2003,8,6,Weekend,1900,2-Car,No injury/unknown,FOLLOWING TOO CLOSELY,BLOOMFIELD RD & SR37,39.14912494,-86.5704902
2003,9,2,Weekday,900,2-Car,No injury/unknown,IMPROPER PASSING,VERMILYA & WALNUT,39.148928,-86.53312
2003,5,4,Weekday,2200,2-Car,No injury/unknown,IMPROPER LANE USAGE,VERMILYA & WALNUT,39.1489,-86.533297
2003,4,4,Weekday,300,1-Car,No injury/unknown,RAN OFF ROAD RIGHT,OAKDALE DR,39.14888,-86.569775
2003,6,6,Weekday,1500,2-Car,No injury/unknown,LEFT OF CENTER,SARE RD,39.14876,-86.499072
2003,5,6,Weekday,1000,2-Car,No injury/unknown,UNSAFE BACKING,CONSTITUTION & LIBERTY DR,39.14872922,-86.57591445
2003,4,2,Weekday,900,1-Car,Non-incapacitating,FAILURE TO YIELD RIGHT OF WAY,RHORER & SARE RD,39.14870655,-86.511397
2003,9,7,Weekend,2200,2-Car,No injury/unknown,OTHER (DRIVER) - EXPLAIN IN NARRATIVE,PINETONE CT & THORNTON,39.148592,-86.525632
2003,5,7,Weekend,2200,2-Car,No injury/unknown,ALCOHOLIC BEVERAGES,CURRY & ROLL,39.14855374,-86.58267339
2003,10,5,Weekday,600,1-Car,No injury/unknown,OTHER (DRIVER) - EXPLAIN IN NARRATIVE,SR45,39.148448,-86.573
2003,7,6,Weekday,1100,2-Car,No injury/unknown,FOLLOWING TOO CLOSELY,HENDERSON & THORNTON,39.14840672,-86.526912
2003,5,2,Weekday,1700,2-Car,No injury/unknown,FAILURE TO YIELD RIGHT OF WAY,MAXWELL & THORNTON,39.148336,-86.515024
2003,12,5,Weekday,1900,2-Car,No injury/unknown,OTHER (DRIVER) - EXPLAIN IN NARRATIVE,BLOOMFIELD RD & SR37,39.14818902,-86.57282454
2003,10,4,Weekday,1600,2-Car,No injury/unknown,FOLLOWING TOO CLOSELY,CONSTITUTION & LIBERTY DR,39.14818109,-86.57595149
2003,11,6,Weekday,800,2-Car,No injury/unknown,ROADWAY SURFACE CONDITION,BLOOMFIELD RD & SR37,39.148144,-86.572992
2003,7,7,Weekend,2000,2-Car,No injury/unknown,FAILURE TO YIELD RIGHT OF WAY,SR37 & SR45,39.148144,-86.572992
2003,5,5,Weekday,1300,2-Car,No injury/unknown,DISREGARD SIGNAL/REG SIGN,SR45 & W BLOOMFIELD,39.148144,-86.572992
2003,6,6,Weekday,900,2-Car,No injury/unknown,IMPROPER LANE USAGE,BLOOMFIELD RD & SR37,39.148144,-86.572992
2003,2,6,Weekday,1500,2-Car,No injury/unknown,,BLOOMFIELD & SR37,39.148144,-86.572992
2003,3,4,Weekday,1500,2-Car,No injury/unknown,FOLLOWING TOO CLOSELY,BLOOMFIELD RD & SR37,39.148144,-86.572992
2003,4,4,Weekday,,1-Car,No injury/unknown,ALCOHOLIC BEVERAGES,SR37 & SR45,39.148144,-86.572992
2003,6,5,Weekday,100,Moped/Motorcycle,Incapacitating,FAILURE TO YIELD RIGHT OF WAY,BLOOMFIELD RD & SR37,39.148144,-86.572992
2003,9,1,Weekend,1700,2-Car,No injury/unknown,FAILURE TO YIELD RIGHT OF WAY,BLOOMFIELD & SR37,39.148144,-86.572992
2003,10,2,Weekday,900,3+ Cars,No injury/unknown,UNSAFE SPEED,HENDERSON ST & MOODY,39.14813264,-86.526912
2003,2,3,Weekday,800,2-Car,No injury/unknown,ROADWAY SURFACE CONDITION,FARMER & YOST AVE,39.148128,-86.580736
2003,3,6,Weekday,1500,2-Car,No injury/unknown,OTHER (ENVIRONMENTAL) - EXPLAIN IN NARR,FARMERS & FARMERS AVE PARKING LOT,39.148128,-86.581536
2003,5,3,Weekday,1700,2-Car,No injury/unknown,FAILURE TO YIELD RIGHT OF WAY,HENDERSON ST & MOODY,39.148064,-86.526912
2003,7,4,Weekday,1300,2-Car,No injury/unknown,OTHER (ENVIRONMENTAL) - EXPLAIN IN NARR,MILLER & WALNUT,39.14802351,-86.5328542
2003,3,6,Weekday,1800,1-Car,Non-incapacitating,OTHER (DRIVER) - EXPLAIN IN NARRATIVE,WALNUT ST,39.14802351,-86.5328542
2003,10,3,Weekday,1200,1-Car,No injury/unknown,RAN OFF ROAD RIGHT,HENDERSON & MOODY,39.14789928,-86.52690911
2003,12,5,Weekday,2100,1-Car,No injury/unknown,,SMITH RD & ST REMEY,39.14768422,-86.480399
2003,10,6,Weekend,1900,2-Car,No injury/unknown,FAILURE TO YIELD RIGHT OF WAY,CURRY PIKE & ROLL,39.14757682,-86.5826064
2003,6,7,Weekend,700,1-Car,No injury/unknown,RAN OFF ROAD RIGHT,MOORES & SARE RD,39.14755371,-86.49898053
2003,3,1,Weekend,1500,2-Car,No injury/unknown,OTHER (DRIVER) - EXPLAIN IN NARRATIVE,CURRY PIKE & ROLL,39.14744,-86.582592
2003,10,7,Weekend,2100,2-Car,Non-incapacitating,IMPROPER TURNING,2ND ST & SR37,39.14741364,-86.57320781
2003,5,7,Weekend,1400,2-Car,No injury/unknown,IMPROPER TURNING,2ND ST & SR37,39.14741364,-86.57320781
2003,3,7,Weekend,1000,2-Car,Non-incapacitating,FOLLOWING TOO CLOSELY,2ND ST & SR37,39.14741364,-86.57320781
2003,3,5,Weekday,800,2-Car,No injury/unknown,ROADWAY SURFACE CONDITION,OAKDALE & OAKDALE DR,39.14739622,-86.5708211
2003,3,5,Weekday,700,2-Car,No injury/unknown,ROADWAY SURFACE CONDITION,OAKDALE,39.147232,-86.571408
2003,3,5,Weekday,700,2-Car,Non-incapacitating,OTHER (DRIVER) - EXPLAIN IN NARRATIVE,MILLER & WALNUT,39.147212,-86.53262101
2003,9,2,Weekday,2000,2-Car,No injury/unknown,FAILURE TO YIELD RIGHT OF WAY,OAKDALE & OAKDALE DR,39.147168,-86.570624
2003,8,4,Weekday,2200,2-Car,No injury/unknown,,MILLER DR & PARK,39.147152,-86.526896
2003,9,3,Weekday,1600,2-Car,Non-incapacitating,FAILURE TO YIELD RIGHT OF WAY,MILLER & WALNUT ST,39.147145,-86.53260176
2003,2,3,Weekday,1100,1-Car,Non-incapacitating,UNSAFE SPEED,MILLER,39.14713362,-86.52739502
2003,2,5,Weekday,600,2-Car,Incapacitating,ROADWAY SURFACE CONDITION,EDWARD & OLCOTT BLVD,39.1471,-86.484999
2003,2,5,Weekday,700,2-Car,No injury/unknown,LEFT OF CENTER,EDWARD & OLCOTT BLVD,39.1471,-86.484999
2003,4,4,Weekday,1400,2-Car,No injury/unknown,FAILURE TO YIELD RIGHT OF WAY,MILLER & WALNUT ST,39.147078,-86.53258251
2003,1,5,Weekday,1000,2-Car,No injury/unknown,UNSAFE BACKING,MILLER DR,39.1470693,-86.52914159
2003,12,7,Weekend,,2-Car,No injury/unknown,OTHER (DRIVER) - EXPLAIN IN NARRATIVE,MELROSE AVE,39.14706178,-86.52934574
2003,12,5,Weekday,700,2-Car,No injury/unknown,LEFT OF CENTER,HUNTINGTON & MILLER DR,39.14704,-86.5208
2003,2,5,Weekday,1000,2-Car,No injury/unknown,FAILURE TO YIELD RIGHT OF WAY,MILLER DR & WALNUT,39.14700924,-86.53077337
2003,2,4,Weekday,1800,2-Car,No injury/unknown,OTHER (DRIVER) - EXPLAIN IN NARRATIVE,E MILLER & S OLIVE ST,39.147008,-86.51864
2003,2,5,Weekday,2000,2-Car,No injury/unknown,IMPROPER TURNING,HIGHLAND & MILLER,39.146992,-86.517392
2003,6,4,Weekday,1500,2-Car,Non-incapacitating,OTHER (DRIVER) - EXPLAIN IN NARRATIVE,HWY 37 & HWY 45,39.14698676,-86.57321213
2003,9,4,Weekday,1800,2-Car,No injury/unknown,UNSAFE BACKING,COVEY & MILLER DR,39.14696182,-86.51512858
2003,9,3,Weekday,1100,2-Car,Non-incapacitating,FAILURE TO YIELD RIGHT OF WAY,MILLER DR & WALNUT,39.14695705,-86.53218987
2003,3,5,Weekday,600,2-Car,No injury/unknown,,MILLER DR & WALNUT,39.14695705,-86.53218987
2003,3,5,Weekday,1100,2-Car,No injury/unknown,OTHER (DRIVER) - EXPLAIN IN NARRATIVE,MILLER DR,39.14695235,-86.53231717
2003,6,5,Weekday,900,Moped/Motorcycle,No injury/unknown,OTHER (DRIVER) - EXPLAIN IN NARRATIVE,MILLER & WALNUT ST,39.146944,-86.532544
2003,3,7,Weekend,1000,2-Car,Non-incapacitating,FAILURE TO YIELD RIGHT OF WAY,E MILLER & S WALNUT ST,39.146944,-86.532544
2003,7,3,Weekday,1200,2-Car,No injury/unknown,FAILURE TO YIELD RIGHT OF WAY,MILLER & S WALNUT ST,39.146944,-86.532544
2003,2,3,Weekday,1000,2-Car,No injury/unknown,OTHER (DRIVER) - EXPLAIN IN NARRATIVE,MILLER & WALNUT ST,39.146944,-86.532544
2003,2,5,Weekday,700,2-Car,No injury/unknown,UNSAFE SPEED,MILLER & WALNUT ST,39.146944,-86.532544
2003,4,4,Weekday,1100,2-Car,No injury/unknown,DISREGARD SIGNAL/REG SIGN,MILLER & WALNUT,39.146944,-86.532544
2003,7,2,Weekday,1700,2-Car,No injury/unknown,FAILURE TO YIELD RIGHT OF WAY,3RD & LIBERTY,39.14693807,-86.579195
2003,10,5,Weekday,1700,2-Car,No injury/unknown,FAILURE TO YIELD RIGHT OF WAY,HENDERSON & SUMMIT VIEW,39.1469,-86.5269
2003,4,4,Weekday,1700,2-Car,Non-incapacitating,UNSAFE BACKING,OAKDALE DR,39.146843,-86.571167
2003,11,3,Weekday,900,2-Car,No injury/unknown,UNSAFE BACKING,OAKDALE AVE,39.146819,-86.571156
2003,3,5,Weekday,600,2-Car,No injury/unknown,OTHER (DRIVER) - EXPLAIN IN NARRATIVE,MILLER & WALNUT,39.14667654,-86.53246395
2003,6,4,Weekday,1500,2-Car,No injury/unknown,FAILURE TO YIELD RIGHT OF WAY,MILLER & WALNUT,39.14667654,-86.53246395
2003,7,6,Weekend,1900,1-Car,No injury/unknown,IMPROPER LANE USAGE,CANADA & SARE,39.14654893,-86.501797
2003,6,2,Weekday,2200,2-Car,Non-incapacitating,FAILURE TO YIELD RIGHT OF WAY,MILLER & WALNUT ST,39.14654281,-86.53242393
2003,9,1,Weekday,2200,1-Car,No injury/unknown,RAN OFF ROAD LEFT,ROCKPORT RD & ROGERS,39.146448,-86.5388
2003,11,7,Weekend,300,1-Car,No injury/unknown,ALCOHOLIC BEVERAGES,CHAMBERS & ROGERS ST,39.146448,-86.5388
2003,2,1,Weekend,1400,2-Car,No injury/unknown,OTHER (DRIVER) - EXPLAIN IN NARRATIVE,S ROGERS,39.14637689,-86.53879644
2003,3,7,Weekend,1200,1-Car,No injury/unknown,UNSAFE BACKING,WALNUT,39.14633511,-86.53236178
2003,6,2,Weekday,1700,2-Car,Non-incapacitating,FOLLOWING TOO CLOSELY,ROCKPORT & ROGERS ST,39.14631083,-86.53879314
2003,3,4,Weekday,1900,2-Car,No injury/unknown,FAILURE TO YIELD RIGHT OF WAY,ROCKPORT & ROGERS,39.14631083,-86.53879314
2003,10,6,Weekday,1800,2-Car,Non-incapacitating,FOLLOWING TOO CLOSELY,CURRY PIKE & ROLL,39.14606724,-86.582592
2003,7,4,Weekday,700,3+ Cars,No injury/unknown,OTHER (DRIVER) - EXPLAIN IN NARRATIVE,WALNUT,39.145848,-86.532216
2003,4,3,Weekday,2000,3+ Cars,No injury/unknown,RAN OFF ROAD RIGHT,WOODLAND SPRINGS,39.145792,-86.584592
2003,2,3,Weekday,600,1-Car,No injury/unknown,ROADWAY SURFACE CONDITION,ROBINS BOW & WINSTON,39.1454,-86.492699
2003,3,5,Weekday,600,2-Car,No injury/unknown,OTHER (DRIVER) - EXPLAIN IN NARRATIVE,LIBERTY,39.145264,-86.577616
2003,2,6,Weekday,1000,2-Car,No injury/unknown,UNSAFE BACKING,KROGER PARKING LOT & LIBERTY DR,39.145264,-86.577616
2003,10,4,Weekday,1200,2-Car,No injury/unknown,FAILURE TO YIELD RIGHT OF WAY,LIBERTY DR,39.145264,-86.577616
2003,1,4,Weekday,1900,1-Car,No injury/unknown,RAN OFF ROAD RIGHT,CONSTITUTION & LIBERTY DR,39.145264,-86.577616
2003,1,7,Weekend,,2-Car,No injury/unknown,UNSAFE BACKING,W BLOOPFIELD & W LIBERTY DR,39.145264,-86.577616
2003,7,3,Weekday,1800,2-Car,No injury/unknown,IMPROPER TURNING,KROGERS & LIBERTY,39.145264,-86.577616
2003,9,4,Weekday,1400,2-Car,Non-incapacitating,FAILURE TO YIELD RIGHT OF WAY,LIBERTY DR,39.145208,-86.577608
2003,10,5,Weekday,1900,1-Car,No injury/unknown,ANIMAL/OBJECT IN ROADWAY,BURKS & SR 37,39.14517557,-86.554399
2003,2,1,Weekend,1400,2-Car,No injury/unknown,ROADWAY SURFACE CONDITION,LIBERTY & SR45 W,39.145152,-86.5776
2003,2,4,Weekday,1900,2-Car,No injury/unknown,LEFT OF CENTER,FRONTAGE DR,39.145144,-86.586248
2003,12,7,Weekend,,2-Car,No injury/unknown,ROADWAY SURFACE CONDITION,SARE & WINSTON ST,39.1451,-86.496999
2003,5,6,Weekday,1300,2-Car,No injury/unknown,FOLLOWING TOO CLOSELY,LIBERTY & SR45,39.14500942,-86.57779384
2003,1,4,Weekday,2000,2-Car,No injury/unknown,UNSAFE BACKING,PINE HURST & PINE MEADOW,39.14489192,-86.54863962
2003,4,6,Weekday,700,2-Car,No injury/unknown,,GARRISON CHAPEL & HENDRICKS,39.14487595,-86.64303409
2003,2,3,Weekday,700,2-Car,No injury/unknown,ROADWAY SURFACE CONDITION,HENDERSON & NORTH DR,39.144848,-86.526848
2003,9,6,Weekday,1600,2-Car,No injury/unknown,IMPROPER LANE USAGE,NORTH & NORTH DR,39.144832,-86.527392
2003,11,3,Weekday,700,2-Car,Non-incapacitating,FAILURE TO YIELD RIGHT OF WAY,NORTH & WALNUT ST,39.144752,-86.531888
2003,7,5,Weekday,1000,2-Car,No injury/unknown,DISREGARD SIGNAL/REG SIGN,S HENDERSON & WYLIE FARM,39.144601,-86.526999
2003,7,4,Weekday,1700,2-Car,No injury/unknown,FAILURE TO YIELD RIGHT OF WAY,HENDERSON & WYLIE FARM,39.144601,-86.526999
2003,3,7,Weekend,2100,2-Car,No injury/unknown,FOLLOWING TOO CLOSELY,MILLER & WALNUT,39.14426909,-86.53174512
2003,1,7,Weekend,1200,3+ Cars,Non-incapacitating,FOLLOWING TOO CLOSELY,GREENBRIAR & HIGH ST,39.14424,-86.508208
2003,11,1,Weekend,1100,2-Car,Non-incapacitating,OTHER (DRIVER) - EXPLAIN IN NARRATIVE,3RD & CURRY PIKE,39.14415174,-86.582995
2003,2,6,Weekday,1400,2-Car,Non-incapacitating,UNSAFE SPEED,CURRY PIKE & INDUSTRIAL,39.143808,-86.582592
2003,6,6,Weekday,1600,2-Car,No injury/unknown,FOLLOWING TOO CLOSELY,INDUSTRIAL & SR45,39.1436335,-86.58038537
2003,5,6,Weekend,2200,2-Car,No injury/unknown,ALCOHOLIC BEVERAGES,INDUSTRIAL & SR45,39.1436009,-86.58044242
2003,8,4,Weekday,1000,2-Car,Non-incapacitating,OTHER (DRIVER) - EXPLAIN IN NARRATIVE,INDUSTRIAL & SR45,39.143552,-86.580528
2003,6,4,Weekday,1500,2-Car,Non-incapacitating,FAILURE TO YIELD RIGHT OF WAY,INDUSTRIAL & SR45,39.143552,-86.580528
2003,7,4,Weekday,1700,2-Car,No injury/unknown,FOLLOWING TOO CLOSELY,CURRY & INDUSTRIAL,39.1435226,-86.582592
2003,7,3,Weekday,1800,2-Car,No injury/unknown,OTHER (ENVIRONMENTAL) - EXPLAIN IN NARR,3RD & LIBERTY,39.14345112,-86.5774
2003,10,2,Weekday,2100,2-Car,No injury/unknown,OVERCORRECTING/OVERSTEERING,3RD & EAST DR,39.14315028,-86.513199
2003,7,4,Weekday,1200,2-Car,No injury/unknown,FAILURE TO YIELD RIGHT OF WAY,JOY & ROGERS ST,39.14291388,-86.5386649
2003,10,6,Weekday,1100,2-Car,No injury/unknown,UNSAFE BACKING,GRASSTREE CT & HEATHER,39.1427464,-86.522599
2003,6,4,Weekday,1800,1-Car,No injury/unknown,,MOORES & SMITH RD,39.14273464,-86.48031125
2003,9,5,Weekday,1700,2-Car,Non-incapacitating,GLARE,JOY & ROGERS,39.14264,-86.53864
2003,1,4,Weekday,800,2-Car,No injury/unknown,OTHER (ENVIRONMENTAL) - EXPLAIN IN NARR,PARKING LOT & WALNUT ST,39.142555,-86.531238
2003,2,5,Weekday,,2-Car,No injury/unknown,ROADWAY SURFACE CONDITION,SOUTH & WALNUT ST,39.142555,-86.531238
2003,9,2,Weekday,800,2-Car,No injury/unknown,UNSAFE SPEED,WALNUT,39.142555,-86.531238
2003,2,5,Weekday,2100,2-Car,No injury/unknown,ROADWAY SURFACE CONDITION,WALNUT ST,39.142555,-86.531238
2003,10,4,Weekday,1500,2-Car,No injury/unknown,UNSAFE BACKING,1965 S HENDEROSN ST & SOUTH,39.142144,-86.5268
2003,4,2,Weekday,1600,2-Car,No injury/unknown,LEFT OF CENTER,CURRY & SR45,39.14214207,-86.58246291
2003,4,2,Weekday,1600,2-Car,No injury/unknown,,CURRY & SR45,39.14214207,-86.58246291
2003,4,6,Weekday,1400,Bus,No injury/unknown,UNSAFE SPEED,HENDERSON & SOUTH DR,39.14213443,-86.52715429
2003,12,2,Weekday,1200,2-Car,No injury/unknown,UNSAFE BACKING,S COLLEGE,39.14211152,-86.52818327
2003,7,6,Weekday,1600,2-Car,No injury/unknown,FOLLOWING TOO CLOSELY,CURRY & SR45,39.14210444,-86.58251455
2003,2,6,Weekday,1400,2-Car,Non-incapacitating,DISREGARD SIGNAL/REG SIGN,LEONARD SPRINGS & SR45,39.142048,-86.582592
2003,3,5,Weekday,800,2-Car,No injury/unknown,OTHER (DRIVER) - EXPLAIN IN NARRATIVE,SOUTH & WALNUT,39.142048,-86.531088
2003,9,6,Weekday,1800,2-Car,No injury/unknown,UNSAFE BACKING,SOUTH DR & WALNUT,39.142048,-86.531088
2003,5,5,Weekday,1400,3+ Cars,No injury/unknown,FOLLOWING TOO CLOSELY,CURRY PK & SR45,39.142048,-86.582592
2003,8,1,Weekend,1100,2-Car,No injury/unknown,IMPROPER PASSING,SOUTH & WALNUT,39.142048,-86.531088
2003,5,4,Weekday,1300,2-Car,No injury/unknown,DISREGARD SIGNAL/REG SIGN,LEANORD SPRINGS & SR45,39.142048,-86.582592
2003,5,6,Weekday,1600,2-Car,No injury/unknown,FAILURE TO YIELD RIGHT OF WAY,LEONARD SPRINGS & SR45,39.142048,-86.582592
2003,9,5,Weekday,700,2-Car,No injury/unknown,OTHER (DRIVER) - EXPLAIN IN NARRATIVE,LEONARD SPRINGS & SR 45,39.142048,-86.582592