Year,Month,Day,Weekend?,Hour,Collision Type,Injury Type,Primary Factor,Reported_Location,Latitude,Longitude
2003,11,7,Weekend,1200,2-Car,No injury/unknown,FAILURE TO YIELD RIGHT OF WAY,LEONARD SPRINGS & SR45,39.142048,-86.582592
2003,2,2,Weekday,2000,3+ Cars,Incapacitating,ALCOHOLIC BEVERAGES,CURRY PIKE & SR45,39.142048,-86.582592
2003,4,5,Weekday,1200,2-Car,Non-incapacitating,FAILURE TO YIELD RIGHT OF WAY,CURRY PIKE & SR45,39.142048,-86.582592
2003,4,6,Weekday,700,2-Car,No injury/unknown,FAILURE TO YIELD RIGHT OF WAY,LEONARD SPRINGS & SR45,39.142048,-86.582592
2003,6,6,Weekday,1700,3+ Cars,No injury/unknown,DISREGARD SIGNAL/REG SIGN,LEONARD SPRINGS & SR45,39.142048,-86.582592
2003,6,6,Weekday,1500,2-Car,No injury/unknown,FOLLOWING TOO CLOSELY,LEONARD SPG & SR45,39.142048,-86.582592
2003,7,6,Weekday,600,2-Car,No injury/unknown,OTHER (DRIVER) - EXPLAIN IN NARRATIVE,LEONARD SPRINGS & SR 45,39.142048,-86.582592
2003,9,4,Weekday,1600,2-Car,No injury/unknown,DISREGARD SIGNAL/REG SIGN,CURRY & SR45,39.142048,-86.582592
2003,10,2,Weekday,,2-Car,No injury/unknown,OTHER (DRIVER) - EXPLAIN IN NARRATIVE,S245 & SAMS CLUB,39.141938,-86.530172
2003,6,7,Weekend,1400,2-Car,No injury/unknown,,HENDERSON & WYNE FARM,39.14190851,-86.52690595
2003,11,6,Weekend,2300,2-Car,No injury/unknown,UNSAFE BACKING,LEONARD SPRINGS,39.14187494,-86.58259037
2003,10,6,Weekday,1700,2-Car,No injury/unknown,OTHER (DRIVER) - EXPLAIN IN NARRATIVE,LEONARD SPRINGS & SR45,39.14177345,-86.58258941
2003,10,7,Weekend,1300,2-Car,No injury/unknown,IMPROPER TURNING,LEONARD SPRINGS & SR 45,39.14167866,-86.58353842
2003,9,6,Weekday,500,1-Car,Non-incapacitating,DRIVER ASLEEP OR FATIGUED,LEONARD SPRINGS & SR45,39.14167866,-86.58353842
2003,7,5,Weekday,1100,2-Car,No injury/unknown,FOLLOWING TOO CLOSELY,COOLIDGE & ROGERS ST,39.14165675,-86.53855606
2003,5,6,Weekday,1300,2-Car,No injury/unknown,IMPROPER LANE USAGE,LEONARD SPRINGS & SR45,39.14145704,-86.58418711
2003,10,5,Weekday,1900,2-Car,No injury/unknown,FAILURE TO YIELD RIGHT OF WAY,COOLIDGE & ROCKPORT RD,39.14141849,-86.54365404
2003,2,4,Weekday,2000,2-Car,Non-incapacitating,,BLOOMFELD & S LEONARD SPRINGS,39.14135576,-86.58258547
2003,12,3,Weekday,1400,2-Car,No injury/unknown,FOLLOWING TOO CLOSELY,COOLIDGE & ROCKPORT RD,39.14133247,-86.54374219
2003,12,3,Weekday,1000,2-Car,No injury/unknown,FAILURE TO YIELD RIGHT OF WAY,COOLIDGE & ROGERS ST,39.141328,-86.538528
2003,5,3,Weekday,1400,2-Car,No injury/unknown,DISREGARD SIGNAL/REG SIGN,GRAHAM & S ROGERS,39.1412,-86.538795
2003,6,6,Weekday,800,2-Car,No injury/unknown,UNSAFE BACKING,2230 BENT TREE & BENT TREE DR,39.141,-86.521699
2003,2,5,Weekday,700,2-Car,No injury/unknown,FAILURE TO YIELD RIGHT OF WAY,LEONARD SPRINGS RD & SR45,39.14067527,-86.58257905
2003,11,4,Weekday,700,3+ Cars,Non-incapacitating,FOLLOWING TOO CLOSELY,GRAHAM & HENDERSON,39.14040575,-86.5268
2003,7,5,Weekday,1200,2-Car,Non-incapacitating,OTHER (DRIVER) - EXPLAIN IN NARRATIVE,CURRY & SR45,39.14034888,-86.58743049
2003,2,2,Weekday,800,2-Car,No injury/unknown,VIOLATION OF LICENSE RESTRICTION,GRAHAM & ROCKPORT RD,39.140144,-86.54496
2003,11,7,Weekend,1300,1-Car,Non-incapacitating,OTHER (DRIVER) - EXPLAIN IN NARRATIVE,BANTA & GRAHAM,39.140144,-86.544688
2003,11,6,Weekday,1800,2-Car,No injury/unknown,UNSAFE SPEED,BOUND & VICTOR,39.140144,-86.544688
2003,9,7,Weekend,500,2-Car,No injury/unknown,UNSAFE BACKING,GRAHAM PL,39.13993567,-86.53883918
2003,5,6,Weekend,2200,1-Car,No injury/unknown,ALCOHOLIC BEVERAGES,GRAHAM DR & ROGERS,39.13992,-86.538416
2003,3,2,Weekday,1600,1-Car,Non-incapacitating,OTHER (DRIVER) - EXPLAIN IN NARRATIVE,GRAHAM & ROGERS ST,39.13992,-86.538416
2003,5,1,Weekend,300,1-Car,No injury/unknown,OTHER (ENVIRONMENTAL) - EXPLAIN IN NARR,LEONARD SPRINGS & WALNUT LEAF,39.13980299,-86.58256293
2003,12,5,Weekday,1600,2-Car,No injury/unknown,,JONES & JORDAN,39.13976182,-86.516399
2003,5,6,Weekday,1200,2-Car,No injury/unknown,,GRAHAM & HENDERSON,39.139584,-86.526768
2003,9,2,Weekday,1500,2-Car,Non-incapacitating,OTHER (DRIVER) - EXPLAIN IN NARRATIVE,GRAHAM & HENDERSON,39.139584,-86.526768
2003,4,6,Weekend,1900,1-Car,No injury/unknown,ACCELERATOR FAILURE OR DEFECTIVE,HICKORY LEAF & MAPLE LEAF DR,39.139552,-86.57742745
2003,12,5,Weekday,1400,2-Car,No injury/unknown,IMPROPER PASSING,WALNUT & WINSLOW,39.139552,-86.523968
2003,1,6,Weekend,,2-Car,No injury/unknown,OTHER (DRIVER) - EXPLAIN IN NARRATIVE,GRAHAM PL,39.1394748,-86.52827855
2003,12,3,Weekday,700,2-Car,No injury/unknown,FOLLOWING TOO CLOSELY,SOUTH & WALNUT,39.13943525,-86.53054507
2003,5,7,Weekend,1600,1-Car,No injury/unknown,TIRE FAILURE OR DEFECTIVE,SOUTH & WALNUT ST,39.13943525,-86.53054507
2003,6,2,Weekday,1600,2-Car,No injury/unknown,FAILURE TO YIELD RIGHT OF WAY,WALNUT,39.13943525,-86.53054507
2003,9,5,Weekday,0,2-Car,Non-incapacitating,FAILURE TO YIELD RIGHT OF WAY,GRAHAM & HENDERSON ST,39.1390349,-86.52677117
2003,9,2,Weekday,1400,3+ Cars,No injury/unknown,OTHER (DRIVER) - EXPLAIN IN NARRATIVE,GRAHAM & HENDERSON,39.13876035,-86.52677276
2003,4,6,Weekday,1400,Bus,Non-incapacitating,FAILURE TO YIELD RIGHT OF WAY,WALNUT & WINSLOW,39.13846079,-86.53039695
2003,12,7,Weekend,2000,1-Car,No injury/unknown,ROADWAY SURFACE CONDITION,RALSTON & ROGERS ST,39.138448,-86.538288
2003,9,4,Weekday,800,2-Car,No injury/unknown,UNSAFE BACKING,HENDERSON ST,39.138429,-86.526899
2003,11,5,Weekday,1800,1-Car,No injury/unknown,RAN OFF ROAD RIGHT,LEONARD SRPINGS & STAPLETON,39.138336,-86.582528
2003,12,2,Weekday,2100,1-Car,No injury/unknown,OTHER (DRIVER) - EXPLAIN IN NARRATIVE,AIRPORT & KIRBY RD,39.13822026,-86.61024003
2003,7,2,Weekday,1300,1-Car,No injury/unknown,UNSAFE SPEED,AIRPORT & SR45,39.13805642,-86.59176769
2003,12,6,Weekday,900,2-Car,No injury/unknown,OTHER (DRIVER) - EXPLAIN IN NARRATIVE,MARSH & WALNUT,39.137744,-86.530288
2003,4,2,Weekday,1200,2-Car,Non-incapacitating,FAILURE TO YIELD RIGHT OF WAY,S WALNUT ST & WINSLOW,39.137744,-86.530288
2003,9,6,Weekday,1500,2-Car,No injury/unknown,IMPROPER LANE USAGE,WALNUT,39.137744,-86.530288
2003,1,5,Weekday,1200,2-Car,No injury/unknown,UNSAFE BACKING,WALNUT,39.137744,-86.530288
2003,12,6,Weekday,1500,2-Car,No injury/unknown,BRAKE FAILURE OR DEFECTIVE,SR37 & TAPP,39.13772635,-86.57290447
2003,12,6,Weekday,1200,2-Car,No injury/unknown,FOLLOWING TOO CLOSELY,AIRPORT & SR45,39.13751842,-86.59266895
2003,3,6,Weekday,900,2-Car,No injury/unknown,IMPROPER TURNING,SOUTH WALNUT PARKING LOT,39.13736,-86.529904
2003,9,4,Weekday,2200,2-Car,No injury/unknown,OTHER (DRIVER) - EXPLAIN IN NARRATIVE,WALNUT,39.13736,-86.529904
2003,10,6,Weekday,1100,2-Car,Non-incapacitating,DRIVER ASLEEP OR FATIGUED,SR37 & TAPP,39.13731454,-86.57289939
2003,10,7,Weekend,900,2-Car,Non-incapacitating,OTHER (DRIVER) - EXPLAIN IN NARRATIVE,LEONARD SPRINGS & TAPP,39.13731447,-86.58252058
2003,10,3,Weekday,800,2-Car,No injury/unknown,FOLLOWING TOO CLOSELY,TAPP & US37,39.13704,-86.572896
2003,10,5,Weekday,2300,1-Car,No injury/unknown,NONE (DRIVER),PINEHURS & R,39.13704,-86.572896
2003,11,1,Weekday,2100,2-Car,Non-incapacitating,FAILURE TO YIELD RIGHT OF WAY,LEONARD SPRINGS & TAPP,39.13704,-86.582512
2003,7,4,Weekday,1600,2-Car,No injury/unknown,FOLLOWING TOO CLOSELY,LEONARD SPRINGS & TAPP,39.13704,-86.582512
2003,3,7,Weekend,1500,2-Car,Non-incapacitating,FAILURE TO YIELD RIGHT OF WAY,SR 37 & TAPP,39.13704,-86.572896
2003,2,3,Weekday,700,2-Car,Non-incapacitating,ROADWAY SURFACE CONDITION,SR 37 & TAPP RD,39.13704,-86.572896
2003,4,4,Weekday,700,2-Car,No injury/unknown,FOLLOWING TOO CLOSELY,SR37 & TAPP,39.13704,-86.572896
2003,11,2,Weekday,900,2-Car,No injury/unknown,FOLLOWING TOO CLOSELY,TAPP RD & YONKERS,39.13704,-86.575296
2003,2,3,Weekday,1600,2-Car,Non-incapacitating,FOLLOWING TOO CLOSELY,SR37 & TAPP RD,39.13704,-86.572896
2003,8,4,Weekday,700,2-Car,No injury/unknown,,SR37 & TAPP,39.13704,-86.572896
2003,9,1,Weekend,1700,2-Car,Non-incapacitating,FAILURE TO YIELD RIGHT OF WAY,AIRPORT & GARRISON CHAPLE RD,39.13704,-86.642832
2003,8,1,Weekend,1800,2-Car,Non-incapacitating,FAILURE TO YIELD RIGHT OF WAY,AIRPORT & GARRISON CHPL,39.13704,-86.642832
2003,7,5,Weekday,1700,2-Car,No injury/unknown,FOLLOWING TOO CLOSELY,SR 37 & TAPP,39.13704,-86.572896
2003,8,4,Weekday,1500,2-Car,No injury/unknown,OTHER (DRIVER) - EXPLAIN IN NARRATIVE,SR37 & TAPP RD,39.13704,-86.572896
2003,1,3,Weekday,1700,1-Car,No injury/unknown,OTHER TELEMATICS IN USE,TAPP RD & YONKERS,39.13704,-86.575296
2003,2,2,Weekday,1600,2-Car,Non-incapacitating,OTHER (ENVIRONMENTAL) - EXPLAIN IN NARR,SR37 & TAPP RD,39.13704,-86.572896
2003,3,6,Weekday,800,2-Car,No injury/unknown,FOLLOWING TOO CLOSELY,ROLKPORT & TAPP RD,39.13704,-86.572896
2003,9,6,Weekday,1700,3+ Cars,No injury/unknown,GLARE,TAPP RD & YONKERS,39.13704,-86.575296
2003,10,4,Weekday,1600,2-Car,Non-incapacitating,FAILURE TO YIELD RIGHT OF WAY,AIRPORT RD & GARRISON CHAPEL,39.13704,-86.642832
2003,10,6,Weekend,2100,1-Car,No injury/unknown,ANIMAL/OBJECT IN ROADWAY,AIRPORT & SR45,39.1369318,-86.59365162
2003,11,2,Weekday,2000,1-Car,No injury/unknown,ANIMAL/OBJECT IN ROADWAY,AIRPORT RD & KIRBY,39.1369204,-86.61372946
2003,11,3,Weekday,2000,1-Car,No injury/unknown,ALCOHOLIC BEVERAGES,AIRPORT RD & CAVE,39.13688,-86.628768
2003,2,6,Weekday,900,1-Car,No injury/unknown,OTHER (ENVIRONMENTAL) - EXPLAIN IN NARR,AIRPORT RD & CAVE,39.13688,-86.628768
2003,7,4,Weekday,1600,2-Car,No injury/unknown,UNSAFE BACKING,BURGER & PARKING LOT W AIRPORT,39.13687798,-86.60158703
2003,11,6,Weekend,1900,2-Car,No injury/unknown,FAILURE TO YIELD RIGHT OF WAY,AIRPORT & BUNGER,39.136848,-86.606
2003,7,1,Weekend,1500,2-Car,No injury/unknown,OTHER (ENVIRONMENTAL) - EXPLAIN IN NARR,AIRPORT & SR45,39.136848,-86.593792
2003,6,6,Weekday,1600,2-Car,No injury/unknown,,AIRPORT RD & KIRBY,39.136848,-86.610192
2003,9,1,Weekend,1800,2-Car,No injury/unknown,UNSAFE SPEED,AIRPORT & SR 45,39.136848,-86.593792
2003,10,3,Weekday,1600,2-Car,No injury/unknown,FAILURE TO YIELD RIGHT OF WAY,AIRPORT RD & ENDWRIGHT,39.136848,-86.5964
2003,11,7,Weekend,1900,1-Car,No injury/unknown,ANIMAL/OBJECT IN ROADWAY,AIRPPORT & SR45,39.136848,-86.593792
2003,11,6,Weekday,1200,2-Car,No injury/unknown,FOLLOWING TOO CLOSELY,AIRPORT & SR45,39.136848,-86.593792
2003,12,2,Weekday,1700,2-Car,No injury/unknown,FAILURE TO YIELD RIGHT OF WAY,AIRPORT RD & BUNGER,39.136848,-86.606
2003,7,5,Weekday,1600,2-Car,No injury/unknown,OTHER (DRIVER) - EXPLAIN IN NARRATIVE,AIRPORT & SR 45,39.136848,-86.593792
2003,10,2,Weekday,0,2-Car,No injury/unknown,FAILURE TO YIELD RIGHT OF WAY,SR37 & TAPP RD,39.13676196,-86.57295509
2003,9,3,Weekday,2300,3+ Cars,No injury/unknown,ALCOHOLIC BEVERAGES,WINSLOW CT,39.136646,-86.524043
2003,2,1,Weekend,1200,1-Car,No injury/unknown,RAN OFF ROAD LEFT,HIGH & ROGERS RD,39.13664,-86.50756429
2003,10,7,Weekend,1100,2-Car,No injury/unknown,LEFT OF CENTER,HIGH & ROGERS,39.13664,-86.50703258
2003,2,7,Weekend,2100,1-Car,Non-incapacitating,ROADWAY SURFACE CONDITION,HIGH & ROGERS RD,39.13664,-86.508096
2003,10,7,Weekend,1700,2-Car,No injury/unknown,FAILURE TO YIELD RIGHT OF WAY,HIGH ST & ROGERS,39.13664,-86.508096
2003,11,3,Weekday,1100,1-Car,No injury/unknown,OTHER (DRIVER) - EXPLAIN IN NARRATIVE,HIGH & ROGERS RD,39.13664,-86.508096
2003,7,6,Weekday,900,2-Car,Non-incapacitating,FAILURE TO YIELD RIGHT OF WAY,HIGH ST & ROCKCREEK,39.13664,-86.508096
2003,4,3,Weekday,1100,2-Car,Non-incapacitating,UNSAFE BACKING,ROGERS,39.13664,-86.5064
2003,9,3,Weekday,1700,2-Car,No injury/unknown,FAILURE TO YIELD RIGHT OF WAY,HAYS & ROGERS,39.13664,-86.508096
2003,1,6,Weekday,700,1-Car,Non-incapacitating,ROADWAY SURFACE CONDITION,TAPP & WEIMER,39.13652949,-86.55989199
2003,11,3,Weekday,2000,1-Car,No injury/unknown,ALCOHOLIC BEVERAGES,TAPP RD & WEIMER,39.13652078,-86.56219287
2003,11,3,Weekday,1100,1-Car,No injury/unknown,STEERING FAILURE,TAPP RD & WEIMER,39.13651913,-86.56166176
2003,1,6,Weekday,1800,1-Car,Non-incapacitating,ROADWAY SURFACE CONDITION,TAPP & WIEMER RD,39.136512,-86.562016
2003,10,7,Weekend,1200,2-Car,No injury/unknown,UNSAFE SPEED,TAPP RD & WEIMER,39.136512,-86.562016
2003,2,7,Weekend,900,1-Car,No injury/unknown,,DEBORAH & TAPP RD,39.136504,-86.56202164
2003,4,2,Weekday,1800,2-Car,No injury/unknown,FOLLOWING TOO CLOSELY,ROGERS,39.136504,-86.505728
2003,1,1,Weekend,900,1-Car,No injury/unknown,ROADWAY SURFACE CONDITION,COUNTRYSIDE & ROCKPORT,39.136448,-86.548704
2003,12,3,Weekday,1300,1-Car,Non-incapacitating,RAN OFF ROAD RIGHT,COUNTRY CLUB & ROCKPORT,39.136448,-86.548704
2003,12,5,Weekday,1500,2-Car,No injury/unknown,ALCOHOLIC BEVERAGES,ROCKPORT & TAPP RD,39.136448,-86.548704
2003,12,7,Weekend,1800,2-Car,No injury/unknown,RAN OFF ROAD RIGHT,ROCKPORT & TAPP RD,39.136448,-86.548704
2003,1,3,Weekday,1600,3+ Cars,No injury/unknown,FAILURE TO YIELD RIGHT OF WAY,COUNTRY CLUB DR & ROCKPORT,39.136448,-86.548704
2003,6,4,Weekday,2100,Moped/Motorcycle,Non-incapacitating,OTHER (ENVIRONMENTAL) - EXPLAIN IN NARR,SOUTH ROCKPORT & WEST TAPP RD,39.136448,-86.548704
2003,1,2,Weekday,0,1-Car,No injury/unknown,RAN OFF ROAD RIGHT,COUNTRY CLB & ROCKPORT,39.136448,-86.548704
2003,5,1,Weekend,1600,2-Car,No injury/unknown,FOLLOWING TOO CLOSELY,ROCKPORT & TAPP RD,39.136448,-86.548704
2003,5,6,Weekday,700,2-Car,No injury/unknown,OTHER (ENVIRONMENTAL) - EXPLAIN IN NARR,BANTA & COUNTRY CLUB,39.13642802,-86.54813311
2003,5,6,Weekday,700,2-Car,No injury/unknown,,COUNTRY CLUB DR & ROCKPORT,39.13642321,-86.54799578
2003,7,2,Weekday,1600,1-Car,Non-incapacitating,RAN OFF ROAD RIGHT,ADAMS & TAPP RD,39.136404,-86.551599
2003,1,2,Weekday,1900,2-Car,No injury/unknown,FOLLOWING TOO CLOSELY,ADAMS & TAPP RD,39.136404,-86.55155572
2003,7,3,Weekday,1300,2-Car,No injury/unknown,FAILURE TO YIELD RIGHT OF WAY,ROGERS RD & THE STANDS,39.13639117,-86.50517049
2003,9,2,Weekday,900,1-Car,No injury/unknown,RAN OFF ROAD RIGHT,ROGERS & SARE RD,39.13638808,-86.49633127
2003,3,5,Weekday,500,2-Car,No injury/unknown,ROADWAY SURFACE CONDITION,COUNTRY CLUB DR,39.136376,-86.546648
2003,3,6,Weekend,2200,2-Car,Non-incapacitating,FAILURE TO YIELD RIGHT OF WAY,ROGERS RD & WINDING BROOK,39.136368,-86.505056
2003,3,7,Weekend,1700,2-Car,No injury/unknown,,ROGERS RD & WINDINGBROOK,39.136368,-86.505056
2003,2,3,Weekday,900,2-Car,No injury/unknown,LEFT OF CENTER,BANTA & COUNTRY CLUB DR,39.13632881,-86.54530022
2003,6,3,Weekday,900,3+ Cars,Non-incapacitating,FOLLOWING TOO CLOSELY,BANTA & COUNTRY CLUB DR,39.13632881,-86.54530022
2003,9,4,Weekday,1700,2-Car,Non-incapacitating,FOLLOWING TOO CLOSELY,BANTA & COUNTRY CLUB DR,39.13628672,-86.54406076
2003,3,6,Weekend,2200,1-Car,Non-incapacitating,RAN OFF ROAD RIGHT,BANTA & COUNTRY CLUB DR,39.13626944,-86.54352952
2003,5,5,Weekday,700,3+ Cars,No injury/unknown,FOLLOWING TOO CLOSELY,COUNTRY CLUB DR & MILTON,39.13624329,-86.5427256
2003,2,7,Weekend,700,2-Car,No injury/unknown,UNSAFE BACKING,CANADA & GOLDIN CT,39.13622348,-86.507897
2003,10,6,Weekday,1700,1-Car,No injury/unknown,ROADWAY SURFACE CONDITION,MILTON & W COUNTRY CLUB,39.13617576,-86.5406515
2003,3,5,Weekday,500,1-Car,Non-incapacitating,,COUNTRY CLUB DR,39.13617222,-86.54054279
2003,2,3,Weekday,800,1-Car,No injury/unknown,OTHER (ENVIRONMENTAL) - EXPLAIN IN NARR,ABBY & WINSLOW,39.136144,-86.51058706
2003,6,7,Weekend,600,1-Car,No injury/unknown,,S WALNUT & WINSLOW,39.136144,-86.528688
2003,3,2,Weekday,1400,2-Car,No injury/unknown,OTHER (DRIVER) - EXPLAIN IN NARRATIVE,HENDERSON & WINSLOW RD,39.136144,-86.524752
2003,2,5,Weekday,700,2-Car,Non-incapacitating,,FAIRINGTON & LEONARD SPRINGS,39.136144,-86.582496
2003,2,2,Weekday,1400,2-Car,No injury/unknown,IMPROPER TURNING,BUCKINGHAM & WESTMINSTER WAY,39.136144,-86.521888
2003,3,5,Weekday,600,1-Car,No injury/unknown,RAN OFF ROAD RIGHT,E WINSLOW & S HENDERSON,39.136144,-86.5268
2003,4,3,Weekday,1600,2-Car,No injury/unknown,FAILURE TO YIELD RIGHT OF WAY,WALNUT ST & WINSLOWN,39.136144,-86.528688
2003,12,7,Weekend,1800,2-Car,No injury/unknown,UNSAFE SPEED,WESTMINSTER & WINSLOW RD,39.136144,-86.521888
2003,11,6,Weekday,1200,2-Car,Non-incapacitating,FAILURE TO YIELD RIGHT OF WAY,HENDERSON & WINSLOW,39.136144,-86.5268
2003,11,3,Weekday,1100,2-Car,No injury/unknown,ROADWAY SURFACE CONDITION,WALNUT ST & WINSLOW,39.136144,-86.528688
2003,11,6,Weekend,2200,2-Car,No injury/unknown,FAILURE TO YIELD RIGHT OF WAY,WALNUT & WINSLOW,39.136144,-86.528688
2003,12,3,Weekday,1800,2-Car,No injury/unknown,IMPROPER LANE USAGE,WALNUT & WINSLOW RD,39.136144,-86.52861711
2003,12,5,Weekday,800,2-Car,No injury/unknown,OTHER (DRIVER) - EXPLAIN IN NARRATIVE,WINSLOW RD,39.136144,-86.524496
2003,9,6,Weekday,1600,2-Car,Non-incapacitating,DRIVER DISTRACTED - EXPLAIN IN NARRATIVE,WALNUT ST & WINSLOW,39.136144,-86.528688
2003,11,3,Weekday,1800,2-Car,No injury/unknown,FAILURE TO YIELD RIGHT OF WAY,WALNUT & WINSLOW,39.136144,-86.528688
2003,9,5,Weekday,1000,2-Car,No injury/unknown,FAILURE TO YIELD RIGHT OF WAY,PICADILLY & WINSLOW RD,39.136144,-86.52435421
2003,5,7,Weekend,300,2-Car,Non-incapacitating,ALCOHOLIC BEVERAGES,WALNUT ST & WINSLOW,39.136144,-86.528688
2003,6,7,Weekend,1900,2-Car,No injury/unknown,FAILURE TO YIELD RIGHT OF WAY,WALNUT & WINSLOW RD,39.136144,-86.528688
2003,7,7,Weekend,1200,2-Car,No injury/unknown,FOLLOWING TOO CLOSELY,WALNUT ST PIKE & WINSLOW,39.136144,-86.528688
2003,5,7,Weekend,2200,2-Car,Non-incapacitating,DISREGARD SIGNAL/REG SIGN,WALNUT & WINSLOW RD,39.136144,-86.528688
2003,5,4,Weekday,1200,2-Car,Non-incapacitating,FAILURE TO YIELD RIGHT OF WAY,COUNTRY CLUB & S WALNUT,39.136144,-86.528688
2003,11,2,Weekday,1900,2-Car,No injury/unknown,UNSAFE BACKING,WALNUT ST & WINSLOW,39.136144,-86.528688
2003,7,2,Weekday,2100,2-Car,Non-incapacitating,UNSAFE SPEED,WALNUT ST & WINSLOW,39.136144,-86.528688
2003,2,4,Weekday,1400,2-Car,No injury/unknown,IMPROPER PASSING,FARINGTON ST & MARKET,39.136144,-86.580704
2003,1,6,Weekday,900,2-Car,No injury/unknown,IMPROPER TURNING,WALNUT ST & WINSLOW MARATHON,39.136144,-86.528688
2003,1,5,Weekday,1800,2-Car,No injury/unknown,OTHER (DRIVER) - EXPLAIN IN NARRATIVE,WINSLOW RD,39.136144,-86.52405517
2003,7,4,Weekday,1700,2-Car,No injury/unknown,DISREGARD SIGNAL/REG SIGN,HENDERSON & WINSLOW RD,39.136144,-86.5268
2003,4,7,Weekend,2300,2-Car,No injury/unknown,LEFT OF CENTER,HENDERSON & WINSLOW,39.136144,-86.5268
2003,4,6,Weekday,900,2-Car,No injury/unknown,FAILURE TO YIELD RIGHT OF WAY,ABBY & WINSLOW,39.136144,-86.511296
2003,9,3,Weekday,1200,2-Car,Non-incapacitating,FAILURE TO YIELD RIGHT OF WAY,FAIRINGTON & LEONARD SPRINGS,39.136144,-86.582496
2003,4,1,Weekend,1400,2-Car,No injury/unknown,LEFT OF CENTER,WINSLOW & WINSLOW PLAZA,39.136144,-86.523744
2003,4,1,Weekend,1100,Moped/Motorcycle,Non-incapacitating,OVERCORRECTING/OVERSTEERING,HIGH & WINSLOW DR,39.136144,-86.508096
2003,7,3,Weekday,1200,2-Car,No injury/unknown,,WALNUT ST & WINSLOW,39.136144,-86.528688
2003,10,5,Weekday,1800,2-Car,No injury/unknown,FAILURE TO YIELD RIGHT OF WAY,WALNUT & WINSLOW,39.136144,-86.528688
2003,6,6,Weekday,700,2-Car,No injury/unknown,FOLLOWING TOO CLOSELY,COUNTRY CLUB DR & MILTON,39.13613953,-86.53953816
2003,3,6,Weekday,1200,2-Car,No injury/unknown,OTHER (DRIVER) - EXPLAIN IN NARRATIVE,WALNUT & WINSLOW RD,39.1361378,-86.5281564
2003,3,3,Weekday,500,2-Car,No injury/unknown,LEFT OF CENTER,COUNTRY CLUB DR & ROGERS,39.13612684,-86.5391577
2003,4,7,Weekend,1700,2-Car,No injury/unknown,FOLLOWING TOO CLOSELY,HENDERSON & WINSLOW,39.13611447,-86.52706
2003,6,7,Weekend,1700,3+ Cars,No injury/unknown,UNSAFE SPEED,HENDERSON & WINSLOW RD,39.13611258,-86.52697142
2003,11,3,Weekday,1800,2-Car,No injury/unknown,FAILURE TO YIELD RIGHT OF WAY,WALNUT ST & WINSLOW,39.13610828,-86.52866154
2003,10,6,Weekday,1700,2-Car,No injury/unknown,FAILURE TO YIELD RIGHT OF WAY,WALNUT ST & WINSLOW,39.13609637,-86.52865272
2003,11,7,Weekend,1200,2-Car,No injury/unknown,DISREGARD SIGNAL/REG SIGN,ALLENDALE & WINSLOW RD,39.136096,-86.516
2003,2,6,Weekday,1200,2-Car,No injury/unknown,FAILURE TO YIELD RIGHT OF WAY,COUNTRY CLUB DR & ROGERS,39.13608,-86.538096
2003,11,2,Weekday,1900,3+ Cars,Non-incapacitating,DISREGARD SIGNAL/REG SIGN,COUNTRY CLUB & ROGERS ST,39.13608,-86.538096
2003,9,7,Weekend,1100,2-Car,No injury/unknown,FAILURE TO YIELD RIGHT OF WAY,INDIANA CREDIT UNION BANK & WINSLOW RD,39.13608,-86.529792
2003,7,3,Weekday,1000,2-Car,No injury/unknown,FAILURE TO YIELD RIGHT OF WAY,COUNTRY CLUB & ROGERS,39.13608,-86.538096
2003,3,6,Weekend,1900,2-Car,Non-incapacitating,FOLLOWING TOO CLOSELY,COUNTRY CLUB DR & ROGERS,39.13608,-86.538096
2003,12,2,Weekday,1700,2-Car,No injury/unknown,FAILURE TO YIELD RIGHT OF WAY,COUNTRY CLUB & SOUTH ROGERS,39.13608,-86.538096
2003,7,6,Weekday,800,2-Car,No injury/unknown,FAILURE TO YIELD RIGHT OF WAY,COUNTRY CLUB & ROGERS ST,39.13608,-86.538096
2003,12,3,Weekday,1100,2-Car,No injury/unknown,DISREGARD SIGNAL/REG SIGN,COUNTRY CLUB & ROGERS ST,39.13608,-86.538096
2003,12,6,Weekday,1500,2-Car,Non-incapacitating,ROADWAY SURFACE CONDITION,WINSLOW RD & XAVIER,39.13606411,-86.51765842
2003,8,4,Weekday,700,2-Car,No injury/unknown,OTHER (DRIVER) - EXPLAIN IN NARRATIVE,COUNTRY CLUB DR & ROGERS,39.13605947,-86.53738755
2003,9,6,Weekend,2200,1-Car,No injury/unknown,ROADWAY SURFACE CONDITION,HIGHLAND & WINSLOW RD,39.13605657,-86.51876162
2003,7,5,Weekday,1600,Moped/Motorcycle,Non-incapacitating,PEDESTRIAN ACTION,COUNTRY CLUB & MADISON,39.136048,-86.536992
2003,10,3,Weekday,700,2-Car,No injury/unknown,FOLLOWING TOO CLOSELY,HIGHLAND & WINSLOW RD,39.136048,-86.518496
2003,8,2,Weekday,1700,2-Car,Non-incapacitating,UNSAFE SPEED,COUNTRY CLUB DR & MADISON ST,39.136048,-86.536992
2003,9,3,Weekday,700,2-Car,No injury/unknown,FOLLOWING TOO CLOSELY,COUNTRY CLUB DR & MADISON,39.136048,-86.536992