Year,Month,Day,Weekend?,Hour,Collision Type,Injury Type,Primary Factor,Reported_Location,Latitude,Longitude
2003,5,6,Weekday,1700,3+ Cars,Non-incapacitating,FAILURE TO YIELD RIGHT OF WAY,COUNTRY CLUB RD & MADISON,39.136048,-86.536992
2003,5,6,Weekday,1100,2-Car,No injury/unknown,FAILURE TO YIELD RIGHT OF WAY,COUNTRY CLUB DR & MADISON,39.136048,-86.536992
2003,7,4,Weekday,1700,2-Car,No injury/unknown,FAILURE TO YIELD RIGHT OF WAY,COUNTRY CLUB DR & MADISON,39.136048,-86.536992
2003,8,4,Weekday,1700,2-Car,No injury/unknown,FAILURE TO YIELD RIGHT OF WAY,HIGHLAND & WINSLOW RD,39.136048,-86.518496
2003,3,6,Weekday,1600,3+ Cars,No injury/unknown,IMPROPER PASSING,COUNTRY CLUB & MADISON,39.136048,-86.536992
2003,1,6,,,2-Car,No injury/unknown,UNSAFE BACKING,HENDERSON & WINSLOW RD,39.136,-86.52645231
2003,9,4,Weekday,1600,2-Car,No injury/unknown,BRAKE FAILURE OR DEFECTIVE,WALNUT ST & WINSLOW RD,39.136,-86.52980246
2003,2,2,Weekday,1000,2-Car,No injury/unknown,LEFT OF CENTER,COUNTRY CLUB & WALNUT ST,39.135999,-86.531
2003,9,1,Weekend,1800,3+ Cars,Non-incapacitating,FAILURE TO YIELD RIGHT OF WAY,COUNTRY CLUB & WALNUT ST,39.135999,-86.531
2003,9,3,Weekday,1200,2-Car,Non-incapacitating,FAILURE TO YIELD RIGHT OF WAY,COUNTRY CLUB & S WALNUT ST,39.135999,-86.531
2003,8,1,Weekend,1600,2-Car,No injury/unknown,FOLLOWING TOO CLOSELY,COUNTRY CLUB & WALNUT,39.135999,-86.531
2003,11,6,Weekday,700,1-Car,No injury/unknown,,E WINSLOW,39.135989,-86.529904
2003,3,3,Weekday,,2-Car,No injury/unknown,OTHER (DRIVER) - EXPLAIN IN NARRATIVE,ACATIA CT,39.135968,-86.518496
2003,9,6,Weekday,1600,2-Car,No injury/unknown,ROADWAY SURFACE CONDITION,ROGERS & SARE RD,39.13594962,-86.49629665
2003,3,2,Weekday,700,Bus,Non-incapacitating,FAILURE TO YIELD RIGHT OF WAY,COUNTRY CLUB DR & WALNUT,39.1359,-86.53108502
2003,2,5,Weekday,1700,3+ Cars,Non-incapacitating,NONE (VEHICLE),COUNTRY CLUB RD & WALNUT,39.1359,-86.53108069
2003,2,6,Weekday,1700,2-Car,No injury/unknown,OTHER (DRIVER) - EXPLAIN IN NARRATIVE,COUNTRY CLUB DR & WALNUT,39.1359,-86.53106339
2003,11,3,Weekday,1600,2-Car,No injury/unknown,UNSAFE SPEED,COUNTRY CLUB & WALNUT,39.1359,-86.531098
2003,8,6,Weekday,1700,2-Car,Non-incapacitating,IMPROPER LANE USAGE,COUNTRY CLUB & S WALNUT,39.1359,-86.53109973
2003,9,5,Weekday,1700,3+ Cars,No injury/unknown,FAILURE TO YIELD RIGHT OF WAY,COUNTRY CLUB & WALNUT,39.1359,-86.53108935
2003,7,3,Weekday,800,2-Car,Non-incapacitating,FOLLOWING TOO CLOSELY,COUNTRY CLUB DR & WALNUT,39.1359,-86.53109454
2003,11,3,Weekday,800,1-Car,No injury/unknown,RAN OFF ROAD RIGHT,COUNTRY CLUB DR & WALNUT,39.1359,-86.53105473
2003,3,7,Weekend,900,2-Car,No injury/unknown,FAILURE TO YIELD RIGHT OF WAY,COUNTRY CLUB DR & WALNUT,39.1359,-86.53110449
2003,5,2,Weekday,1500,2-Car,No injury/unknown,IMPROPER LANE USAGE,COUNTRY CLUB DR & WALNUT,39.1359,-86.53111531
2003,9,2,Weekday,1800,2-Car,No injury/unknown,FAILURE TO YIELD RIGHT OF WAY,COUNTRY CLUB RD & WALNUT,39.1359,-86.531098
2003,2,5,Weekday,600,2-Car,No injury/unknown,ROADWAY SURFACE CONDITION,ROGERS RD & SARE,39.13584,-86.49593353
2003,3,6,Weekday,1500,2-Car,No injury/unknown,FAILURE TO YIELD RIGHT OF WAY,ROGERS RD & SARE,39.13584,-86.496288
2003,12,5,Weekday,700,1-Car,No injury/unknown,OTHER (DRIVER) - EXPLAIN IN NARRATIVE,ROGERS & SARE RD,39.13584,-86.496288
2003,12,7,Weekend,1000,2-Car,No injury/unknown,FAILURE TO YIELD RIGHT OF WAY,ROGERS & SARE RD,39.13584,-86.496288
2003,6,4,Weekday,1200,3+ Cars,No injury/unknown,FOLLOWING TOO CLOSELY,ROGERS & SARE RD,39.13584,-86.496288
2003,6,4,Weekday,1200,2-Car,Non-incapacitating,FOLLOWING TOO CLOSELY,ROGERS & SARE RD,39.13584,-86.496288
2003,3,5,Weekday,800,1-Car,No injury/unknown,,ROGERS & SMITH RD,39.13584,-86.480496
2003,3,5,Weekday,800,2-Car,No injury/unknown,ROADWAY SURFACE CONDITION,ROGERS & SMITH RD,39.13584,-86.480496
2003,5,7,Weekend,1400,2-Car,Non-incapacitating,OTHER (ENVIRONMENTAL) - EXPLAIN IN NARR,ROGERS RD & SMITH,39.13584,-86.480496
2003,8,2,Weekday,1600,2-Car,No injury/unknown,FAILURE TO YIELD RIGHT OF WAY,ROGERS & SARE,39.13584,-86.496288
2003,5,7,Weekend,2000,2-Car,No injury/unknown,FAILURE TO YIELD RIGHT OF WAY,ROGERS & SARE,39.13584,-86.496288
2003,6,3,Weekday,2100,2-Car,No injury/unknown,FAILURE TO YIELD RIGHT OF WAY,ROGERS RD & SARE,39.13584,-86.496288
2003,7,5,Weekday,1600,Moped/Motorcycle,Non-incapacitating,ROADWAY SURFACE CONDITION,ROGERS RD & SMITH,39.13584,-86.480496
2003,8,6,Weekday,1300,1-Car,No injury/unknown,UNSAFE SPEED,ROGERS RD & SMITH,39.13583872,-86.48067323
2003,9,2,Weekday,1800,2-Car,No injury/unknown,DISREGARD SIGNAL/REG SIGN,ROGERS RD & SNODDY,39.13576,-86.489488
2003,1,7,Weekend,1200,1-Car,No injury/unknown,ANIMAL/OBJECT IN ROADWAY,KNIGHTRIDGE & SR446,39.135648,-86.462
2003,5,3,Weekday,1700,1-Car,No injury/unknown,RAN OFF ROAD LEFT,SR446,39.135648,-86.462248
2003,11,2,Weekday,900,1-Car,No injury/unknown,ANIMAL/OBJECT IN ROADWAY,KNIGHTRIDGE & SR446,39.135648,-86.462
2003,6,1,Weekend,1200,2-Car,No injury/unknown,OTHER (DRIVER) - EXPLAIN IN NARRATIVE,CARNABY,39.135536,-86.52128
2003,7,7,Weekend,1700,2-Car,Non-incapacitating,OTHER (DRIVER) - EXPLAIN IN NARRATIVE,CAMPGROUND RD & CAMPGROUND RD AND PAYNE,39.13544,-86.510512
2003,5,3,Weekday,1800,2-Car,No injury/unknown,UNSAFE BACKING,LEONARD SPRINGS RD,39.13514057,-86.58250286
2003,12,1,Weekend,1300,2-Car,No injury/unknown,FAILURE TO YIELD RIGHT OF WAY,BARGE & LEONARD SPRINGS RD,39.13511089,-86.58250475
2003,2,6,Weekday,1500,2-Car,No injury/unknown,,DUNCAN & SR45,39.13511001,-86.59613599
2003,2,6,Weekday,1600,2-Car,No injury/unknown,FOLLOWING TOO CLOSELY,DUNCAN & SR45,39.13504,-86.596192
2003,11,7,Weekend,2200,2-Car,No injury/unknown,OTHER (DRIVER) - EXPLAIN IN NARRATIVE,INDIANA & YOUNG PARKING LOT,39.13504,-86.574192
2003,7,3,Weekday,1100,2-Car,No injury/unknown,FOLLOWING TOO CLOSELY,DUNCAN & SR 45,39.13500309,-86.59624449
2003,10,3,Weekday,1400,2-Car,No injury/unknown,FOLLOWING TOO CLOSELY,AIRPORT & SR45,39.13494133,-86.59633232
2003,4,5,Weekday,700,2-Car,No injury/unknown,UNSAFE BACKING,WALNUT & WINSLOW MARATHON,39.13493114,-86.52778394
2003,5,2,Weekday,700,2-Car,Non-incapacitating,FOLLOWING TOO CLOSELY,WALNUT & WINSLOW,39.13471757,-86.52762418
2003,8,2,Weekday,1600,3+ Cars,Non-incapacitating,OTHER (ENVIRONMENTAL) - EXPLAIN IN NARR,HOOSIER & SOUTH WALNUT,39.134701,-86.531399
2003,11,6,Weekday,1100,1-Car,Non-incapacitating,DRIVER ILLNESS,PINEWOOD & WALNUT ST,39.13464141,-86.531399
2003,2,1,Weekend,1600,2-Car,No injury/unknown,LEFT OF CENTER,GROSS & GROSS RD,39.1345995,-86.4271221
2003,8,5,Weekday,800,2-Car,No injury/unknown,OTHER (ENVIRONMENTAL) - EXPLAIN IN NARR,FAIRINGTON & INDIAN CREEK DR,39.134544,-86.575312
2003,2,3,Weekday,1400,2-Car,No injury/unknown,LEFT OF CENTER,GARDNER RD & GARRISON CHAPEL,39.13414423,-86.64286753
2003,9,4,Weekday,1500,3+ Cars,Non-incapacitating,FOLLOWING TOO CLOSELY,DUNCAN & SR45,39.13411725,-86.5975042
2003,4,6,Weekday,1400,2-Car,Non-incapacitating,FOLLOWING TOO CLOSELY,WALNUT & WINSLOW,39.13376731,-86.52691343
2003,3,1,Weekend,700,2-Car,No injury/unknown,UNSAFE BACKING,ROLLING ROCK,39.133744,-86.50592
2003,1,7,Weekend,1000,2-Car,No injury/unknown,,ALLEN,39.133248,-86.517488
2003,12,7,Weekend,1800,2-Car,No injury/unknown,UNSAFE SPEED,SHERWOODHILLS & WALNUT PIKE,39.133101,-86.526799
2003,11,6,Weekday,1200,2-Car,No injury/unknown,DISREGARD SIGNAL/REG SIGN,COUNTRY CLUB & ROGERS ST,39.13304,-86.5384
2003,2,3,Weekday,900,2-Car,No injury/unknown,,COUNTRY CLUB & ROGERS,39.13304,-86.5384
2003,8,1,Weekend,1300,2-Car,No injury/unknown,FOLLOWING TOO CLOSELY,COUNTRY CLUB & ROGERS,39.13304,-86.5384
2003,10,4,Weekday,1600,2-Car,Non-incapacitating,FAILURE TO YIELD RIGHT OF WAY,COUNTRY CLUB & ROGERS,39.13304,-86.5384
2003,2,3,Weekday,1700,1-Car,No injury/unknown,UNSAFE SPEED,ROCKPORT RD & TAPP,39.1329335,-86.55362265
2003,8,6,Weekday,1300,2-Car,No injury/unknown,FOLLOWING TOO CLOSELY,3RD ST & LIBERTY DRIVE DR,39.13287568,-86.5791
2003,9,3,Weekday,700,1-Car,No injury/unknown,ANIMAL/OBJECT IN ROADWAY,RHORER & SARE,39.13286202,-86.511397
2003,11,1,Weekend,1600,2-Car,No injury/unknown,FAILURE TO YIELD RIGHT OF WAY,CURRY & CURRY PK,39.132848,-86.532
2003,11,5,Weekday,2300,1-Car,No injury/unknown,ANIMAL/OBJECT IN ROADWAY,OAK RIDGE & SR446,39.13283223,-86.45148881
2003,4,5,Weekday,1700,3+ Cars,No injury/unknown,FAILURE TO YIELD RIGHT OF WAY,COUNTRY CLUB,39.132728,-86.543712
2003,9,3,Weekday,1700,2-Car,No injury/unknown,UNSAFE SPEED,COUNTRY CLUB,39.132728,-86.543712
2003,5,5,Weekday,1500,Moped/Motorcycle,Non-incapacitating,ROADWAY SURFACE CONDITION,LEONARD SPRINGS RD & MAYBURY MALL,39.131648,-86.582496
2003,1,2,Weekday,1300,2-Car,No injury/unknown,FAILURE TO YIELD RIGHT OF WAY,LEONARD SPRING RD & MAYBURY MALL,39.131648,-86.582496
2003,10,2,Weekday,1600,1-Car,Non-incapacitating,OTHER (DRIVER) - EXPLAIN IN NARRATIVE,GARDNER RD,39.13152,-86.677664
2003,6,7,Weekend,2300,2-Car,No injury/unknown,,CUFFERS DR & LADD,39.1311311,-86.54436838
2003,11,2,Weekday,1900,2-Car,No injury/unknown,FOLLOWING TOO CLOSELY,GREEN & ROGERS ST,39.13111072,-86.538496
2003,7,4,Weekday,1400,1-Car,No injury/unknown,ANIMAL/OBJECT IN ROADWAY,MCCARTNEY & SARE RD,39.13107288,-86.49752248
2003,12,2,Weekday,1000,2-Car,No injury/unknown,FAILURE TO YIELD RIGHT OF WAY,ALLENDALE & WALNUT ST,39.130944,-86.526688
2003,10,6,Weekday,1600,2-Car,Non-incapacitating,FAILURE TO YIELD RIGHT OF WAY,ALLENDALE & WALNUT ST PIKE,39.130944,-86.526688
2003,4,2,Weekday,700,2-Car,Non-incapacitating,FAILURE TO YIELD RIGHT OF WAY,ALLENDALE & BAINBRIDGE,39.130928,-86.519792
2003,1,2,Weekday,800,2-Car,No injury/unknown,OTHER (ENVIRONMENTAL) - EXPLAIN IN NARR,3100 WALNUT,39.130883,-86.531399
2003,10,5,Weekday,900,2-Car,No injury/unknown,IMPROPER PASSING,CANADA & SARE RD,39.130701,-86.501797
2003,7,4,Weekday,1700,2-Car,Non-incapacitating,OVERCORRECTING/OVERSTEERING,ELLER & GARRISON CHAPEL,39.13065245,-86.64289458
2003,2,7,Weekend,1200,3+ Cars,No injury/unknown,,ALLENDALE & WALNUT ST,39.12984579,-86.526688
2003,9,1,Weekend,500,1-Car,Non-incapacitating,RAN OFF ROAD RIGHT,BUNGER & SR 45,39.12939534,-86.60428174
2003,3,3,Weekday,1500,2-Car,Non-incapacitating,OTHER (DRIVER) - EXPLAIN IN NARRATIVE,BUNGER & SR45,39.12936,-86.604336
2003,10,3,Weekday,1600,2-Car,No injury/unknown,FOLLOWING TOO CLOSELY,BUNGER RD & SR 45,39.12936,-86.604336
2003,7,6,Weekday,1700,2-Car,No injury/unknown,FAILURE TO YIELD RIGHT OF WAY,BUNGER & SR45,39.12936,-86.604336
2003,1,6,Weekend,2200,2-Car,No injury/unknown,UNSAFE BACKING,BAINBRIDGE & ELLISTON,39.129344,-86.519328
2003,9,7,Weekend,1200,2-Car,No injury/unknown,FAILURE TO YIELD RIGHT OF WAY,DAPHNE & SR45,39.12911215,-86.60448324
2003,4,4,Weekday,1500,2-Car,No injury/unknown,DISREGARD SIGNAL/REG SIGN,BURKS & WALNUT ST,39.12901992,-86.52678557
2003,1,1,Weekend,1800,2-Car,No injury/unknown,LEFT OF CENTER,LILAC,39.1288,-86.586464
2003,5,4,Weekday,700,2-Car,No injury/unknown,OTHER (ENVIRONMENTAL) - EXPLAIN IN NARR,CURRY PIKE & JONATHAN,39.12840292,-86.582999
2003,8,2,Weekday,1100,2-Car,No injury/unknown,UNSAFE BACKING,COLLEGE MALL & E 37TH ST,39.12824,-86.572896
2003,12,6,Weekday,1000,1-Car,No injury/unknown,RAN OFF ROAD RIGHT,FULLERTON & ROCKPORT RD,39.12805651,-86.5570747
2003,3,5,Weekday,800,2-Car,No injury/unknown,OTHER (ENVIRONMENTAL) - EXPLAIN IN NARR,FULLERTON & ROCKPORT RD,39.12803436,-86.55709564
2003,6,4,Weekday,1400,2-Car,No injury/unknown,OTHER (ENVIRONMENTAL) - EXPLAIN IN NARR,ISON & SR 45,39.128,-86.606432
2003,10,7,Weekend,800,2-Car,Non-incapacitating,RAN OFF ROAD RIGHT,ISAN & SR45,39.128,-86.606432
2003,9,3,Weekday,1800,2-Car,No injury/unknown,FAILURE TO YIELD RIGHT OF WAY,ISDD DR & US45,39.128,-86.606432
2003,4,6,Weekday,700,2-Car,No injury/unknown,OTHER (DRIVER) - EXPLAIN IN NARRATIVE,BURKS & WALNUT PIKE,39.1279,-86.526795
2003,1,2,Weekday,600,2-Car,No injury/unknown,OTHER (DRIVER) - EXPLAIN IN NARRATIVE,WOODHAVEN & YELLOWSTONE CT,39.12766851,-86.57734815
2003,6,4,Weekday,1700,2-Car,Incapacitating,FOLLOWING TOO CLOSELY,S WALNUT & S WALNUT ST,39.12766239,-86.52679022
2003,12,5,Weekday,2100,2-Car,No injury/unknown,,ROGERS & TERRACE DR,39.127616,-86.538688
2003,4,3,Weekday,1000,2-Car,No injury/unknown,OTHER (DRIVER) - EXPLAIN IN NARRATIVE,3RD,39.12721816,-86.57274394
2003,4,4,Weekday,400,2-Car,No injury/unknown,,HEATHERWOOD LN & LEONARD SPRINGS,39.12721251,-86.58420963
2003,1,5,Weekday,1200,2-Car,No injury/unknown,ALCOHOLIC BEVERAGES,WALNUT ST,39.12716835,-86.52677353
2003,2,7,Weekend,0,1-Car,No injury/unknown,RAN OFF ROAD RIGHT,LEONARD SPRINGS RD & SOUTH LEONARD SPRINGS,39.126976,-86.582464
2003,6,1,Weekend,1500,2-Car,Incapacitating,FAILURE TO YIELD RIGHT OF WAY,HEATHERWOOD & LEONARD SPRINGS RD,39.126976,-86.582464
2003,10,6,Weekday,1800,2-Car,No injury/unknown,OTHER (DRIVER) - EXPLAIN IN NARRATIVE,BURKS & WALNUT,39.1269,-86.531399
2003,4,4,Weekday,1400,2-Car,Incapacitating,FOLLOWING TOO CLOSELY,PINEWOOD & WALNUT ST,39.12671718,-86.531399
2003,10,2,Weekday,700,2-Car,No injury/unknown,FAILURE TO YIELD RIGHT OF WAY,LEONARD SPRINGS RD & SIMS,39.12664,-86.582512
2003,12,6,Weekday,1000,2-Car,No injury/unknown,UNSAFE SPEED,SR37,39.12660505,-86.5726527
2003,10,7,Weekend,1100,2-Car,No injury/unknown,UNSAFE BACKING,SR37,39.12660505,-86.5726527
2003,9,1,Weekend,1300,2-Car,No injury/unknown,OTHER (DRIVER) - EXPLAIN IN NARRATIVE,SR37,39.12660505,-86.5726527
2003,3,5,Weekday,900,2-Car,No injury/unknown,,SR37,39.12660505,-86.5726527
2003,6,7,Weekend,300,2-Car,No injury/unknown,UNSAFE BACKING,SR37,39.12660505,-86.5726527
2003,11,2,Weekday,1400,2-Car,No injury/unknown,UNSAFE BACKING,SR37,39.12660505,-86.5726527
2003,4,3,Weekday,1200,2-Car,No injury/unknown,FAILURE TO YIELD RIGHT OF WAY,ROGERS ST & SAN JUAN,39.126448,-86.5388
2003,12,6,Weekday,800,2-Car,No injury/unknown,LEFT OF CENTER,CHRISTA & HEATHER RD,39.1264,-86.521199
2003,9,3,Weekday,1800,1-Car,No injury/unknown,OTHER (DRIVER) - EXPLAIN IN NARRATIVE,BURKS & WALNUT PIKE,39.12631655,-86.52674475
2003,8,6,Weekday,600,2-Car,No injury/unknown,UNSAFE BACKING,S WALNUT ST,39.12631655,-86.52674475
2003,1,1,Weekend,1100,2-Car,No injury/unknown,OTHER (DRIVER) - EXPLAIN IN NARRATIVE,WALNUT ST,39.12631655,-86.52674475
2003,4,6,Weekday,1600,2-Car,No injury/unknown,FAILURE TO YIELD RIGHT OF WAY,BURKS & WALNUT SPRINGS,39.12548063,-86.52671031
2003,2,1,Weekend,1400,1-Car,No injury/unknown,OTHER (DRIVER) - EXPLAIN IN NARRATIVE,HAGAN & PARKRIDGE DR,39.125472,-86.538784
2003,1,2,Weekday,1600,2-Car,No injury/unknown,ROADWAY SURFACE CONDITION,SR45,39.125312,-86.610496
2003,2,1,Weekend,1800,2-Car,No injury/unknown,OTHER (DRIVER) - EXPLAIN IN NARRATIVE,SR45,39.125312,-86.610496
2003,12,1,Weekend,100,2-Car,No injury/unknown,ROADWAY SURFACE CONDITION,SR45,39.125312,-86.610496
2003,12,2,Weekday,2100,2-Car,No injury/unknown,ALCOHOLIC BEVERAGES,SR45,39.125312,-86.610496
2003,11,4,Weekday,2100,2-Car,No injury/unknown,FAILURE TO YIELD RIGHT OF WAY,SR45,39.125312,-86.610496
2003,8,3,Weekday,1900,1-Car,No injury/unknown,OTHER (VEHICLE) - EXPLAIN IN NARRATIVE,SR45,39.125312,-86.610496
2003,5,1,Weekend,1200,2-Car,No injury/unknown,OTHER (DRIVER) - EXPLAIN IN NARRATIVE,SR45,39.125312,-86.610496
2003,7,4,Weekday,1700,2-Car,No injury/unknown,DISREGARD SIGNAL/REG SIGN,150N & SR45,39.125312,-86.610496
2003,3,3,Weekday,1200,2-Car,No injury/unknown,UNSAFE BACKING,SR 45,39.125312,-86.610496
2003,4,4,Weekday,1700,2-Car,No injury/unknown,OTHER (ENVIRONMENTAL) - EXPLAIN IN NARR,SR45,39.125312,-86.610496
2003,8,7,Weekend,1500,2-Car,No injury/unknown,FAILURE TO YIELD RIGHT OF WAY,SR45,39.125312,-86.610496
2003,8,7,Weekend,1500,2-Car,No injury/unknown,UNSAFE BACKING,SR45,39.125312,-86.610496
2003,7,2,Weekday,1200,2-Car,No injury/unknown,UNSAFE BACKING,SR45,39.125312,-86.610496
2003,8,7,Weekend,1200,2-Car,No injury/unknown,UNSAFE BACKING,SR45,39.125312,-86.610496
2003,3,3,Weekday,1100,1-Car,No injury/unknown,OTHER (DRIVER) - EXPLAIN IN NARRATIVE,HENSONBURG & INDUSTRIAL PARK DR,39.12471823,-86.562593
2003,10,7,Weekend,1600,1-Car,No injury/unknown,RAN OFF ROAD RIGHT,HEATHER & LAUREL,39.12446175,-86.52406876
2003,12,7,Weekend,1800,2-Car,Non-incapacitating,FOLLOWING TOO CLOSELY,HEATHER DR & WALNUT STREET,39.123856,-86.526656
2003,5,3,Weekday,700,2-Car,Non-incapacitating,FAILURE TO YIELD RIGHT OF WAY,FULLERTON & LEONARD SPRINGS,39.123376,-86.582592
2003,6,1,Weekend,1100,2-Car,No injury/unknown,ROADWAY SURFACE CONDITION,FULLERTON & LEONARD SPRINGS RD,39.123376,-86.582592
2003,11,7,Weekend,1000,1-Car,No injury/unknown,ROADWAY SURFACE CONDITION,RHORER & SNODDY RD,39.12303317,-86.48969623
2003,7,7,Weekend,800,2-Car,No injury/unknown,FOLLOWING TOO CLOSELY,RHORER & WALNUT ST,39.12281097,-86.52658679
2003,4,7,Weekend,1700,2-Car,No injury/unknown,FAILURE TO YIELD RIGHT OF WAY,ELLER & GARISON CHAPEL RD,39.122416,-86.64296
2003,4,7,Weekend,900,2-Car,No injury/unknown,FAILURE TO YIELD RIGHT OF WAY,ELLER & GARRISON CHAPEL,39.122416,-86.64296
2003,9,3,Weekday,1700,2-Car,No injury/unknown,FAILURE TO YIELD RIGHT OF WAY,GARRISON CHAPEL RD & W ELLER,39.122416,-86.64296
2003,8,7,Weekend,2100,2-Car,No injury/unknown,LEFT OF CENTER,ELLER & GARRISON CHAPEL,39.122416,-86.64296
2003,3,4,Weekday,1000,2-Car,No injury/unknown,UNSAFE BACKING,LEONARD SPRINGS,39.12237297,-86.5900062
2003,7,5,Weekday,1800,2-Car,No injury/unknown,FAILURE TO YIELD RIGHT OF WAY,FULLERTON & SR37,39.122352,-86.5712
2003,8,2,Weekday,1400,2-Car,Incapacitating,FAILURE TO YIELD RIGHT OF WAY,FULLERTON & SR37,39.122352,-86.5712
2003,10,6,Weekend,1900,2-Car,No injury/unknown,FAILURE TO YIELD RIGHT OF WAY,FULLERTON & SR37,39.122352,-86.5712
2003,8,2,Weekday,1300,2-Car,No injury/unknown,FAILURE TO YIELD RIGHT OF WAY,FULLERTON & SR37,39.122352,-86.5712
2003,4,4,Weekday,1400,2-Car,Non-incapacitating,FAILURE TO YIELD RIGHT OF WAY,FULLERTON & SR37,39.122352,-86.5712
2003,6,5,Weekday,700,2-Car,Fatal,LEFT OF CENTER,FULLERTON PIKE & SR 37,39.12233233,-86.56988896
2003,7,7,Weekend,1400,2-Car,No injury/unknown,FOLLOWING TOO CLOSELY,ISOM & LEONARD SPRINGS,39.12233103,-86.60737178
2003,6,2,Weekday,1700,2-Car,No injury/unknown,OVERCORRECTING/OVERSTEERING,ELLER RD & SR45,39.12224,-86.6144
2003,11,3,Weekday,1300,2-Car,No injury/unknown,FAILURE TO YIELD RIGHT OF WAY,ELLER & SR45,39.12224,-86.6144
2003,2,1,Weekend,1800,2-Car,Non-incapacitating,LEFT OF CENTER,FULERTON & ROCKPORT RD,39.122224,-86.562688
2003,4,6,Weekday,1200,2-Car,No injury/unknown,FOLLOWING TOO CLOSELY,GORDON & ROGER ST,39.122201,-86.539099
2003,9,7,Weekend,2000,1-Car,Non-incapacitating,ALCOHOLIC BEVERAGES,FULLERTON PIKE & JUDD,39.122199,-86.57349567
2003,11,1,Weekday,2300,1-Car,Non-incapacitating,OTHER (ENVIRONMENTAL) - EXPLAIN IN NARR,DUNLAP & SR45,39.12197695,-86.61480841
2003,10,4,Weekday,1500,2-Car,No injury/unknown,FOLLOWING TOO CLOSELY,RHORER & WALNUT STREET PIKE,39.12190608,-86.52652687
2003,2,3,Weekday,1100,2-Car,No injury/unknown,ROADWAY SURFACE CONDITION,HARRELL RD & RHORER,39.121808,-86.498784
2003,3,2,Weekday,1400,2-Car,No injury/unknown,OTHER (DRIVER) - EXPLAIN IN NARRATIVE,HARRELL RD & RHORER,39.121808,-86.498784
2003,2,3,Weekday,1000,1-Car,No injury/unknown,HOLES/RUTS IN SURFACE,FULLERTON PIKE & THAT,39.121799,-86.57508329
2003,9,2,Weekday,1500,Bus,No injury/unknown,FOLLOWING TOO CLOSELY,FALCON & GORDON PIKE,39.121704,-86.544299
2003,11,1,Weekend,100,1-Car,No injury/unknown,RAN OFF ROAD LEFT,FULLERTON & THAT RD,39.12168147,-86.57458148
2003,9,1,Weekend,1000,2-Car,No injury/unknown,LEFT OF CENTER,GORDON & ROGERS,39.121648,-86.539088
2003,1,3,Weekday,2300,2-Car,No injury/unknown,IMPROPER TURNING,RHORER & SNODDY RD,39.121584,-86.489744
2003,1,6,Weekday,700,1-Car,No injury/unknown,ROADWAY SURFACE CONDITION,GORDON PIKE & ROGERS,39.12156686,-86.53767442
2003,2,1,Weekend,600,Bus,Non-incapacitating,OTHER (DRIVER) - EXPLAIN IN NARRATIVE,GORDON & OLD SR 37 SOUTH,39.121552,-86.531296
2003,10,2,Weekday,1600,2-Car,No injury/unknown,FOLLOWING TOO CLOSELY,RHORER RD & SARE,39.1215,-86.512499
2003,1,4,Weekday,2100,1-Car,Non-incapacitating,RAN OFF ROAD RIGHT,RHORER RD & SARA,39.1215,-86.51247305
2003,12,5,Weekday,1500,2-Car,Non-incapacitating,ROADWAY SURFACE CONDITION,RHOER RD & SARE,39.1215,-86.51258551
2003,12,5,Weekday,1400,2-Car,No injury/unknown,UNSAFE SPEED,RHORER & SARE,39.1215,-86.51254226
2003,10,6,Weekday,1800,2-Car,No injury/unknown,IMPROPER TURNING,RHORER RD & SR 37,39.121499,-86.53140565
2003,6,7,Weekend,1500,2-Car,No injury/unknown,IMPROPER TURNING,BENSON & RHORER RD,39.121488,-86.52048
2003,1,3,Weekday,1500,2-Car,No injury/unknown,OTHER (DRIVER) - EXPLAIN IN NARRATIVE,KENNEDY & RHORER RD,39.1214692,-86.52759562
2003,10,7,Weekend,1300,2-Car,No injury/unknown,ROADWAY SURFACE CONDITION,RHORER & WALNUT ST,39.12144,-86.526496
2003,9,3,Weekday,700,2-Car,No injury/unknown,FAILURE TO YIELD RIGHT OF WAY,RHORER & WALNUT ST PIKE,39.12144,-86.526496
2003,10,4,Weekday,900,2-Car,No injury/unknown,LEFT OF CENTER,FULERTON & WEST THAT RD,39.121203,-86.57455471
2003,8,6,Weekday,1500,1-Car,No injury/unknown,RAN OFF ROAD LEFT,ROCKPORT RD & SR 37,39.12094641,-86.56392099
2003,6,5,Weekday,,1-Car,No injury/unknown,RAN OFF ROAD RIGHT,HUGHES & MOORES CREEK,39.1202,-86.483599
2003,5,7,Weekend,2300,2-Car,No injury/unknown,OTHER (ENVIRONMENTAL) - EXPLAIN IN NARR,ESTATE & FALCON DR,39.120199,-86.546897
2003,4,6,Weekday,600,2-Car,No injury/unknown,OTHER (DRIVER) - EXPLAIN IN NARRATIVE,DUNLAP & SR45,39.11969507,-86.61835101
2003,1,5,Weekday,1700,2-Car,Incapacitating,FAILURE TO YIELD RIGHT OF WAY,DUNLAP & SR45,39.119344,-86.618896
2003,6,7,Weekend,800,1-Car,No injury/unknown,ALCOHOLIC BEVERAGES,PINE GROVE & SR446,39.11908981,-86.42933837