Year,Month,Day,Weekend?,Hour,Collision Type,Injury Type,Primary Factor,Reported_Location,Latitude,Longitude
2003,10,4,Weekday,1300,1-Car,No injury/unknown,OTHER (DRIVER) - EXPLAIN IN NARRATIVE,CYPRESS & HEDGEWOOD DR,39.119008,-86.540128
2003,4,4,Weekday,2000,1-Car,No injury/unknown,ANIMAL/OBJECT IN ROADWAY,ROCKPORT & SR37,39.11878605,-86.56809489
2003,5,3,Weekday,1600,3+ Cars,No injury/unknown,FOLLOWING TOO CLOSELY,DUNLAP & SR45,39.11854057,-86.62033276
2003,2,3,Weekday,700,3+ Cars,Non-incapacitating,OTHER (DRIVER) - EXPLAIN IN NARRATIVE,DUNLAP & SR45,39.11854057,-86.62033276
2003,2,7,Weekend,1800,1-Car,No injury/unknown,ACCELERATOR FAILURE OR DEFECTIVE,HOLLAND & WALNUT ST,39.118048,-86.526496
2003,10,1,Weekend,600,1-Car,No injury/unknown,ROADWAY SURFACE CONDITION,ROCKPORT & SR37,39.11787561,-86.56730218
2003,12,6,Weekday,700,2-Car,No injury/unknown,UNSAFE SPEED,DUNLAP & SR45,39.11773712,-86.62176948
2003,8,6,Weekday,700,2-Car,No injury/unknown,IMPROPER LANE USAGE,ROCKPORT & SR37,39.117648,-86.567104
2003,7,4,Weekday,1400,2-Car,No injury/unknown,,PINE GROVE & SR 446,39.116464,-86.428672
2003,1,3,Weekday,1100,1-Car,No injury/unknown,RAN OFF ROAD LEFT,PINE GROVE & SR446,39.11632725,-86.42868748
2003,8,3,Weekday,1100,1-Car,Non-incapacitating,,HILL CREST & WALNUT PIKE,39.11567374,-86.526496
2003,3,6,Weekend,2000,1-Car,No injury/unknown,FAILURE TO YIELD RIGHT OF WAY,SR37 & THAT,39.115552,-86.564592
2003,4,6,Weekday,1600,2-Car,No injury/unknown,OTHER (ENVIRONMENTAL) - EXPLAIN IN NARR,DARRELL & SR45,39.11534931,-86.62603898
2003,1,6,Weekday,700,2-Car,No injury/unknown,,ALLEN & PATTERSON,39.11530979,-86.545199
2003,2,5,Weekday,1000,2-Car,No injury/unknown,LEFT OF CENTER,PATTERSON DR,39.115248,-86.573504
2003,5,2,Weekday,2200,1-Car,No injury/unknown,ROADWAY SURFACE CONDITION,DARRELL & SR45,39.11500761,-86.62732621
2003,4,4,Weekday,700,1-Car,Non-incapacitating,RAN OFF ROAD RIGHT,DARRELL & SR45,39.114992,-86.62768
2003,4,5,Weekday,800,2-Car,Non-incapacitating,OTHER (DRIVER) - EXPLAIN IN NARRATIVE,DARRELL & SR45,39.114992,-86.62768
2003,12,1,Weekend,1600,1-Car,No injury/unknown,OTHER (DRIVER) - EXPLAIN IN NARRATIVE,ROGERS ST & THAT,39.11491455,-86.539392
2003,7,4,Weekday,1100,2-Car,No injury/unknown,UNSAFE SPEED,ROGERS & THAT RD,39.11464,-86.539392
2003,2,2,Weekday,800,2-Car,No injury/unknown,OTHER (ENVIRONMENTAL) - EXPLAIN IN NARR,EAGLEVIEW & W THAT RD,39.1146,-86.540798
2003,12,2,Weekday,1900,2-Car,No injury/unknown,FOLLOWING TOO CLOSELY,SR37 & THAT,39.11459222,-86.56332519
2003,1,1,Weekend,700,1-Car,No injury/unknown,RAN OFF ROAD RIGHT,SR37 & WINSLOW,39.11451256,-86.57288679
2003,9,3,Weekday,1600,2-Car,No injury/unknown,UNSAFE BACKING,ROGERS ST & THAT,39.11423531,-86.53949058
2003,10,7,Weekend,1400,Moped/Motorcycle,Non-incapacitating,RAN OFF ROAD RIGHT,PINE GROVE & SR446,39.11407036,-86.43017557
2003,3,6,Weekday,1400,2-Car,No injury/unknown,UNSAFE BACKING,GATES DR & THIRD,39.11389886,-86.575999
2003,5,4,Weekday,1800,1-Car,No injury/unknown,UNSAFE SPEED,HOLLY & PINE GROVE RD,39.1138,-86.42545579
2003,10,2,Weekday,2000,1-Car,No injury/unknown,ANIMAL/OBJECT IN ROADWAY,SR37 & THAT,39.11363243,-86.56205842
2003,10,5,Weekday,1700,1-Car,No injury/unknown,ANIMAL/OBJECT IN ROADWAY,SR37 & THAT,39.11363243,-86.56205842
2003,5,2,Weekday,1700,1-Car,No injury/unknown,UNSAFE SPEED,MOORES CR RD & SWARTZ,39.11327084,-86.46620668
2003,7,4,Weekday,1100,2-Car,No injury/unknown,OTHER (ENVIRONMENTAL) - EXPLAIN IN NARR,ROGERS ST & THAT,39.11275146,-86.53985203
2003,9,6,Weekday,1100,2-Car,No injury/unknown,IMPROPER TURNING,FAIRFAX & WALNUT ST PIKE,39.111899,-86.526499
2003,1,5,Weekday,1300,1-Car,No injury/unknown,ROADWAY SURFACE CONDITION,PINE GROVE & SR446,39.11174315,-86.43094491
2003,7,6,Weekday,1200,2-Car,No injury/unknown,FOLLOWING TOO CLOSELY,3RD & LIBERTY DR,39.11172679,-86.5791
2003,12,6,Weekday,1100,2-Car,No injury/unknown,FAILURE TO YIELD RIGHT OF WAY,3RD & LIBERTY DR,39.11172679,-86.5791
2003,2,7,Weekend,2300,2-Car,No injury/unknown,OTHER (DRIVER) - EXPLAIN IN NARRATIVE,WALNUT,39.11137415,-86.53111335
2003,10,1,Weekend,1700,1-Car,Non-incapacitating,NONE (DRIVER),HARMONY & SR45,39.11111077,-86.63816671
2003,2,3,Weekday,1700,2-Car,No injury/unknown,FOLLOWING TOO CLOSELY,GARRISON CHAPEL & SR45,39.11111077,-86.63816671
2003,9,5,Weekday,1900,2-Car,No injury/unknown,FAILURE TO YIELD RIGHT OF WAY,HARMONY & SR 45,39.111024,-86.638304
2003,4,7,Weekend,1200,2-Car,No injury/unknown,IMPROPER TURNING,HARMONY GENERAL STORE & SR45,39.111024,-86.638304
2003,5,6,Weekend,2100,2-Car,No injury/unknown,FOLLOWING TOO CLOSELY,HARMONEY & SR45,39.111024,-86.638304
2003,8,5,Weekday,1100,2-Car,No injury/unknown,UNSAFE BACKING,HARMONY STORE PARKING & SR45W,39.111024,-86.638304
2003,9,3,Weekday,1700,2-Car,No injury/unknown,IMPROPER TURNING,HARMONY & SR45,39.111024,-86.638304
2003,2,1,Weekend,900,3+ Cars,Non-incapacitating,UNSAFE SPEED,GARRISON CHAPEL & SR45,39.111024,-86.638304
2003,9,1,Weekend,600,1-Car,No injury/unknown,UNSAFE SPEED,GARRISON CHAPEL & SR45,39.111024,-86.638304
2003,9,3,Weekday,900,2-Car,No injury/unknown,FAILURE TO YIELD RIGHT OF WAY,GARRISON CHAPEL & SR45,39.111024,-86.638304
2003,9,3,Weekday,800,1-Car,Non-incapacitating,ALCOHOLIC BEVERAGES,CHURCH & VICTOR PIKE,39.11075658,-86.54916241
2003,11,6,Weekday,1700,2-Car,Non-incapacitating,OTHER (DRIVER) - EXPLAIN IN NARRATIVE,CIANA & HARRELL RD,39.11035912,-86.49855384
2003,2,3,Weekday,600,1-Car,No injury/unknown,ROADWAY SURFACE CONDITION,SR337 & VICTOR,39.10932492,-86.55625284
2003,4,1,Weekend,400,1-Car,No injury/unknown,LEFT OF CENTER,MOSS & ROCKPORT RD,39.10931903,-86.577399
2003,4,7,Weekend,500,1-Car,No injury/unknown,ALCOHOLIC BEVERAGES,SR45 & WOODBINE,39.1084002,-86.64249697
2003,2,5,Weekday,800,1-Car,No injury/unknown,ROADWAY SURFACE CONDITION,SR37 & VICTOR,39.10838171,-86.55496558
2003,1,7,Weekend,1100,1-Car,No injury/unknown,OTHER (ENVIRONMENTAL) - EXPLAIN IN NARR,ELWRON RD & STANFORD,39.10824,-86.666192
2003,11,7,Weekend,800,1-Car,No injury/unknown,ROADWAY SURFACE CONDITION,ELWRREN RD & STANFORD,39.10824,-86.666192
2003,4,1,Weekend,1800,1-Car,No injury/unknown,,TOWER RD,39.10795538,-86.61014191
2003,9,6,Weekday,1400,2-Car,No injury/unknown,OTHER (DRIVER) - EXPLAIN IN NARRATIVE,ELWREN & SR 45,39.107648,-86.643696
2003,1,3,Weekday,1800,2-Car,No injury/unknown,DISREGARD SIGNAL/REG SIGN,ELWREN & SR45,39.107648,-86.643696
2003,12,7,Weekend,1300,2-Car,No injury/unknown,LEFT OF CENTER,ELWREN & SR45,39.107648,-86.643696
2003,9,4,Weekday,1600,2-Car,No injury/unknown,FAILURE TO YIELD RIGHT OF WAY,CHURCH LANE & VICTOR PIKE,39.107552,-86.549792
2003,4,3,Weekday,700,2-Car,No injury/unknown,,CHURCH LN & ROGERS,39.107456,-86.540064
2003,2,2,Weekday,1400,1-Car,No injury/unknown,ROADWAY SURFACE CONDITION,CHURCH LN & ROGERS,39.107456,-86.540064
2003,8,4,Weekday,2000,2-Car,No injury/unknown,FAILURE TO YIELD RIGHT OF WAY,S WALNUT ST & WALNUT ST PIKE,39.107344,-86.5264
2003,10,3,Weekday,1400,2-Car,No injury/unknown,IMPROPER LANE USAGE,WALNUT ST & WALUNT ST,39.107344,-86.5264
2003,6,7,Weekend,900,2-Car,No injury/unknown,OTHER (DRIVER) - EXPLAIN IN NARRATIVE,WALNUT & WALNUT ST PIKE,39.107344,-86.5264
2003,7,1,Weekend,1700,2-Car,No injury/unknown,FAILURE TO YIELD RIGHT OF WAY,WALNUT & WALNUT ST PIKE,39.107344,-86.5264
2003,4,4,Weekday,1300,Moped/Motorcycle,Non-incapacitating,FAILURE TO YIELD RIGHT OF WAY,WALNUT ST,39.107344,-86.5264
2003,10,3,Weekday,1100,2-Car,No injury/unknown,OTHER (DRIVER) - EXPLAIN IN NARRATIVE,FAIRFAX RD & WALNUT,39.1072,-86.531497
2003,12,5,Weekday,1400,2-Car,No injury/unknown,FOLLOWING TOO CLOSELY,FAIRFAX & MARIE,39.106899,-86.523797
2003,9,2,Weekday,1000,2-Car,Non-incapacitating,UNSAFE BACKING,SUNMART LOT & VICTOR PIKE,39.10649041,-86.55034722
2003,12,7,Weekend,1700,2-Car,Non-incapacitating,LEFT OF CENTER,FAIRFAX & SCHACHT,39.10634476,-86.52291802
2003,7,2,Weekday,1100,2-Car,No injury/unknown,FAILURE TO YIELD RIGHT OF WAY,HARMONY & INDIAN VALLEY,39.106048,-86.6384
2003,12,2,Weekday,600,2-Car,Non-incapacitating,FAILURE TO YIELD RIGHT OF WAY,SR37 & VICTOR,39.105552,-86.551104
2003,11,7,Weekend,1000,2-Car,Non-incapacitating,FAILURE TO YIELD RIGHT OF WAY,SR37 & VICTOR PIKE,39.105552,-86.551104
2003,1,5,Weekday,1400,2-Car,Non-incapacitating,FAILURE TO YIELD RIGHT OF WAY,SR37 & VICTOR,39.105552,-86.551104
2003,6,2,Weekday,800,1-Car,No injury/unknown,OVERCORRECTING/OVERSTEERING,SR 37 & VICTOR PIKE,39.105552,-86.551104
2003,10,4,Weekday,2000,1-Car,No injury/unknown,OTHER (DRIVER) - EXPLAIN IN NARRATIVE,BOLEN & ROCKPORT RD,39.10344,-86.574992
2003,11,3,Weekday,800,2-Car,Non-incapacitating,LEFT OF CENTER,BOLIN & ROCKPORT RD,39.10344,-86.574992
2003,7,1,,,1-Car,No injury/unknown,OTHER (DRIVER) - EXPLAIN IN NARRATIVE,MARSH PARKING LOT,39.10319265,-86.46180089
2003,1,5,Weekday,1400,1-Car,No injury/unknown,ROADWAY SURFACE CONDITION,COCKRELL RD & ROCKPORT,39.10295836,-86.57708411
2003,4,1,Weekend,1100,1-Car,Non-incapacitating,STEERING FAILURE,SR37 & VICTOR,39.10282923,-86.54871004
2003,1,7,Weekend,1200,1-Car,No injury/unknown,RAN OFF ROAD LEFT,PAYNETOWN & SR446,39.10278086,-86.42883982
2003,1,7,Weekend,1200,1-Car,No injury/unknown,RAN OFF ROAD LEFT,PAYNETOWN & SR446,39.10278086,-86.42883982
2003,6,2,Weekday,1600,1-Car,No injury/unknown,UNSAFE SPEED,MORRIS CREEK & STIPP RD,39.102704,-86.461792
2003,12,6,Weekday,1600,2-Car,No injury/unknown,UNSAFE SPEED,HINDS & SR45,39.10243587,-86.64879287
2003,2,1,Weekend,300,1-Car,Non-incapacitating,RAN OFF ROAD LEFT,COCKRELL & S ROCKPORT RD,39.101776,-86.576864
2003,5,6,Weekday,1500,3+ Cars,No injury/unknown,FOLLOWING TOO CLOSELY,HINDS & SR45,39.10134126,-86.64986194
2003,10,6,Weekday,700,1-Car,No injury/unknown,RAN OFF ROAD RIGHT,SR446,39.1011339,-86.42800648
2003,1,3,Weekday,1400,2-Car,No injury/unknown,LEFT OF CENTER,FOWLER & LEONARDS SPGS,39.100752,-86.593504
2003,2,6,Weekday,700,1-Car,No injury/unknown,ROADWAY SURFACE CONDITION,BOLIN & VICTOR,39.100448,-86.558096
2003,3,3,Weekday,500,1-Car,Non-incapacitating,RAN OFF ROAD RIGHT,PINE GROVE & SR446,39.09991809,-86.42596265
2003,2,3,Weekday,800,3+ Cars,No injury/unknown,,FAIRFAX RD & MOFFETT,39.09984,-86.5176
2003,2,7,Weekend,2100,1-Car,No injury/unknown,ROADWAY SURFACE CONDITION,FAIRFAX RD & MOFFETT,39.09984,-86.5176
2003,12,4,Weekday,1400,2-Car,No injury/unknown,FOLLOWING TOO CLOSELY,FAIRFAX RD & MOFFETT,39.09984,-86.5176
2003,12,2,Weekday,1700,1-Car,No injury/unknown,BRAKE FAILURE OR DEFECTIVE,MOSS & ROCKPORT RD,39.09981739,-86.577399
2003,6,6,Weekday,900,1-Car,Non-incapacitating,OVERCORRECTING/OVERSTEERING,HINDS & SR 45,39.09958985,-86.6515724
2003,1,2,Weekday,1000,2-Car,No injury/unknown,UNSAFE BACKING,ROGERS & ROGERS ST,39.099408,-86.537904
2003,3,7,Weekend,1400,2-Car,Non-incapacitating,OTHER (ENVIRONMENTAL) - EXPLAIN IN NARR,HINDS & SR45,39.099152,-86.652
2003,10,6,Weekday,1400,1-Car,No injury/unknown,RAN OFF ROAD RIGHT,HINDS RD & SR45,39.099152,-86.652
2003,3,5,Weekday,100,1-Car,Non-incapacitating,ROADWAY SURFACE CONDITION,DILLMAN & SR37,39.09729786,-86.54619993
2003,1,5,Weekday,800,1-Car,No injury/unknown,UNSAFE SPEED,DILLMAN & SR37,39.09707772,-86.5461112
2003,1,7,Weekend,1300,3+ Cars,Non-incapacitating,,FAIRFAX RD & HUPP,39.09464,-86.516896
2003,6,5,Weekday,1700,2-Car,No injury/unknown,UNSAFE SPEED,DECKARD & HARMONY RD,39.094144,-86.6384
2003,12,5,Weekday,1400,2-Car,Non-incapacitating,FAILURE TO YIELD RIGHT OF WAY,DECKARD & HARMONY RD,39.094144,-86.6384
2003,6,1,Weekend,900,2-Car,Non-incapacitating,OTHER (ENVIRONMENTAL) - EXPLAIN IN NARR,HARMONY RD & MAY,39.093744,-86.638304
2003,12,7,Weekend,1800,2-Car,No injury/unknown,,HARMONY RD & MAY,39.093744,-86.638304
2003,7,4,Weekday,0,1-Car,No injury/unknown,RAN OFF ROAD LEFT,HARMONY & MAY RD,39.09373137,-86.63476144
2003,2,3,Weekday,700,1-Car,No injury/unknown,ROADWAY SURFACE CONDITION,HARMONY & MAY RD,39.09372395,-86.63269259
2003,11,7,Weekend,1400,2-Car,Non-incapacitating,UNSAFE BACKING,HARMONY & MAY RD,39.093696,-86.624992
2003,6,7,Weekend,1200,1-Car,Non-incapacitating,OVERCORRECTING/OVERSTEERING,SR45 & STANFORD,39.09359534,-86.66113493
2003,11,2,Weekday,1900,1-Car,No injury/unknown,RAN OFF ROAD RIGHT,DILLMAN RD & VICTOR,39.0930762,-86.56002035
2003,10,2,Weekday,1900,2-Car,No injury/unknown,IMPROPER TURNING,DILLMAN & DILLMAN RD,39.093072,-86.552288
2003,10,3,Weekday,1300,1-Car,No injury/unknown,RAN OFF ROAD RIGHT,SALT CREEK & SR446,39.09306636,-86.42243138
2003,10,4,Weekday,1400,2-Car,No injury/unknown,FAILURE TO YIELD RIGHT OF WAY,DILLMAN & SR37,39.092976,-86.545648
2003,3,5,Weekday,200,1-Car,No injury/unknown,ROADWAY SURFACE CONDITION,DILLMAN & SR37,39.092976,-86.545648
2003,3,3,Weekday,1000,3+ Cars,No injury/unknown,FAILURE TO YIELD RIGHT OF WAY,DILLMAN & SR37,39.092976,-86.545648
2003,4,3,Weekday,1500,2-Car,No injury/unknown,OTHER (DRIVER) - EXPLAIN IN NARRATIVE,DILLMAN & SR37S,39.092976,-86.545648
2003,11,6,Weekday,1800,1-Car,Non-incapacitating,ROADWAY SURFACE CONDITION,DILLMAN & SR37,39.092976,-86.545648
2003,3,2,Weekday,1500,2-Car,Non-incapacitating,FAILURE TO YIELD RIGHT OF WAY,DILLMAN & SR37,39.092976,-86.545648
2003,2,7,Weekend,1600,2-Car,No injury/unknown,OTHER (DRIVER) - EXPLAIN IN NARRATIVE,DILLMAN RD & SR37,39.092976,-86.545648
2003,2,4,Weekday,1700,2-Car,No injury/unknown,FAILURE TO YIELD RIGHT OF WAY,DILLMAN & SR37,39.092976,-86.545648
2003,9,6,Weekday,1700,2-Car,No injury/unknown,FAILURE TO YIELD RIGHT OF WAY,DILLMAN & SR37,39.092976,-86.545648
2003,10,2,Weekday,1200,2-Car,Non-incapacitating,FAILURE TO YIELD RIGHT OF WAY,DILLMAN & SR37,39.092976,-86.545648
2003,10,5,Weekday,1600,2-Car,No injury/unknown,FAILURE TO YIELD RIGHT OF WAY,DILLMAN & SR37,39.092976,-86.545648
2003,12,6,Weekday,200,2-Car,No injury/unknown,FAILURE TO YIELD RIGHT OF WAY,DILLMAN & OLD SR 37,39.092976,-86.545648
2003,6,4,Weekday,2000,1-Car,No injury/unknown,OTHER (DRIVER) - EXPLAIN IN NARRATIVE,DILLMAN & SR37,39.09270241,-86.54561831
2003,8,3,Weekday,2000,1-Car,Non-incapacitating,UNSAFE SPEED,DILLMAN RD & FAIRFAX,39.09264792,-86.51742843
2003,4,6,Weekday,1500,2-Car,No injury/unknown,FOLLOWING TOO CLOSELY,DILLMAN RD & FAIRFAX,39.09264,-86.51672
2003,2,1,Weekend,900,1-Car,Non-incapacitating,,DILLMAN & FAIRFAY RD,39.09264,-86.51672
2003,7,7,Weekend,1700,2-Car,No injury/unknown,IMPROPER PASSING,HARMONY RD & MAY,39.09237154,-86.63834222
2003,6,4,Weekday,2200,1-Car,No injury/unknown,OTHER (DRIVER) - EXPLAIN IN NARRATIVE,DILLMAN & SR37,39.09215523,-86.54555892
2003,12,7,Weekend,1700,2-Car,No injury/unknown,OTHER (DRIVER) - EXPLAIN IN NARRATIVE,DILLMAN & SR37,39.09188164,-86.54552923
2003,1,5,Weekday,600,2-Car,Non-incapacitating,UNSAFE SPEED,CROSSOVER & SR37,39.09178812,-86.51702267
2003,3,4,Weekday,1600,2-Car,No injury/unknown,OTHER (DRIVER) - EXPLAIN IN NARRATIVE,SR45 & STANFORD,39.0917177,-86.66371953
2003,9,1,Weekday,1900,2-Car,Non-incapacitating,LEFT OF CENTER,SR 45 & STANFORD,39.0917177,-86.66371953
2003,2,5,Weekday,2000,2-Car,No injury/unknown,LEFT OF CENTER,AZALEVA & HIGHLAND AVE,39.09164526,-86.51736418
2003,1,7,Weekend,2100,2-Car,Non-incapacitating,LEFT OF CENTER,DILLMAN & SR37,39.09160805,-86.54549954
2003,11,6,Weekday,1500,3+ Cars,Non-incapacitating,FAILURE TO YIELD RIGHT OF WAY,DILLMAN & SR37,39.09160805,-86.54549954
2003,2,5,Weekday,1400,2-Car,No injury/unknown,FOLLOWING TOO CLOSELY,DILLMAN & SR37 S,39.09024011,-86.54535108
2003,1,5,Weekday,700,2-Car,No injury/unknown,ROADWAY SURFACE CONDITION,DILLMAN & SR37,39.09024011,-86.54535108
2003,5,4,Weekday,1100,3+ Cars,No injury/unknown,FAILURE TO YIELD RIGHT OF WAY,SR45 & STANFORD,39.09012166,-86.66591634
2003,5,6,Weekday,700,1-Car,No injury/unknown,OTHER (DRIVER) - EXPLAIN IN NARRATIVE,SR 45 & STANFORD,39.08984,-86.666304
2003,1,5,Weekday,100,1-Car,Non-incapacitating,,BURCH RD & HINDS,39.08984,-86.666304
2003,7,2,Weekday,1000,2-Car,Non-incapacitating,OTHER (DRIVER) - EXPLAIN IN NARRATIVE,SR45 & STANFORD,39.08984,-86.666304
2003,9,4,Weekday,1500,1-Car,Non-incapacitating,IMPROPER PASSING,SR 45 & STANFORD RD,39.08984,-86.666304
2003,4,4,Weekday,1500,3+ Cars,No injury/unknown,OTHER (DRIVER) - EXPLAIN IN NARRATIVE,BURCH & SR45,39.08949654,-86.66685678
2003,10,7,Weekend,1500,Moped/Motorcycle,No injury/unknown,OVERCORRECTING/OVERSTEERING,SALT CREEK & SR 446,39.089101,-86.423297
2003,7,7,Weekend,1800,2-Car,No injury/unknown,OTHER (ENVIRONMENTAL) - EXPLAIN IN NARR,PAYNETOWN RD & SR 446,39.088732,-86.429588
2003,4,4,Weekday,1600,3+ Cars,No injury/unknown,OTHER (ENVIRONMENTAL) - EXPLAIN IN NARR,BREEDEN & SR45,39.08685711,-86.67127964
2003,6,5,Weekday,1600,1-Car,No injury/unknown,TIRE FAILURE OR DEFECTIVE,BREEDON & SR 45,39.086832,-86.671984
2003,9,6,Weekday,600,2-Car,No injury/unknown,FOLLOWING TOO CLOSELY,BREEDEN & SR45,39.08682892,-86.6723382
2003,12,4,Weekday,1600,2-Car,No injury/unknown,,BREEDEN & SR45,39.08680112,-86.67552602
2003,5,5,Weekday,1300,1-Car,Non-incapacitating,RAN OFF ROAD RIGHT,BREEDEN & SR45,39.08675719,-86.68133502
2003,12,6,Weekday,1000,1-Car,Non-incapacitating,ROADWAY SURFACE CONDITION,BURCH RD & SPARKS,39.086736,-86.666384
2003,4,7,Weekend,800,2-Car,Non-incapacitating,OTHER (ENVIRONMENTAL) - EXPLAIN IN NARR,COUNTY LINE & SR45,39.08666936,-86.68240676
2003,1,2,Weekday,1600,2-Car,No injury/unknown,ROADWAY SURFACE CONDITION,DUVALL RD & ROCKPORT,39.0861725,-86.60969447
2003,8,1,Weekday,1900,1-Car,Non-incapacitating,ALCOHOLIC BEVERAGES,TRAM & VICTOR PIKE,39.085952,-86.566096
2003,4,7,Weekend,900,2-Car,Non-incapacitating,DISREGARD SIGNAL/REG SIGN,OLD SR 37 & SR37,39.085632,-86.542304
2003,7,7,Weekend,1400,1-Car,No injury/unknown,FOLLOWING TOO CLOSELY,OLD STATE RD 37 & SR 37,39.085632,-86.542304
2003,1,5,Weekday,1800,1-Car,No injury/unknown,RAN OFF ROAD RIGHT,RUSH & SR446,39.08472,-86.420688
2003,7,1,Weekend,1300,1-Car,No injury/unknown,,RUSH RIDGE & SR446,39.08459886,-86.4206567
2003,9,2,Weekday,800,2-Car,No injury/unknown,OTHER (DRIVER) - EXPLAIN IN NARRATIVE,OLD & SR37,39.08384,-86.540768
2003,11,4,Weekday,2100,1-Car,No injury/unknown,ANIMAL/OBJECT IN ROADWAY,OLD & SR37,39.08384,-86.540768
2003,1,6,Weekday,1000,2-Car,No injury/unknown,ROADWAY SURFACE CONDITION,SR37,39.08384,-86.540768
2003,7,5,Weekday,1300,2-Car,No injury/unknown,OTHER (ENVIRONMENTAL) - EXPLAIN IN NARR,SR37,39.08384,-86.540768
2003,7,2,Weekday,1600,1-Car,No injury/unknown,TOW HITCH FAILURE,ROCKPORT RD & TRAMWAY,39.083744,-86.592592
2003,1,7,Weekend,1700,2-Car,No injury/unknown,,BREEDEN RD & SR45,39.0830809,-86.67345073
2003,7,2,Weekday,1600,2-Car,Non-incapacitating,,HANDY RD & SHIELDS RIDGE,39.083024,-86.472912
2003,12,6,Weekday,1000,2-Car,Non-incapacitating,ROADWAY SURFACE CONDITION,BURCH RD & EVANS,39.08229697,-86.6665187
2003,6,5,Weekday,1600,3+ Cars,Non-incapacitating,FOLLOWING TOO CLOSELY,4546 & EAST GATE,39.08225671,-86.565895
2003,1,1,Weekend,1800,1-Car,No injury/unknown,ROADWAY SURFACE CONDITION,2ND SANDERS & FAIRFAX RD,39.082144,-86.515488
2003,7,1,Weekend,200,1-Car,Non-incapacitating,ANIMAL/OBJECT IN ROADWAY,FAIRFAX RD & SECOND ST SANDERS,39.082144,-86.515488
2003,11,1,Weekend,1700,1-Car,No injury/unknown,RAN OFF ROAD LEFT,2ND & FAIRFAX RD,39.082144,-86.515488
2003,5,6,Weekday,1000,3+ Cars,Non-incapacitating,FAILURE TO YIELD RIGHT OF WAY,FAIRFAX & SR37,39.080448,-86.514416
2003,2,3,Weekday,600,Bus,No injury/unknown,ROADWAY SURFACE CONDITION,FAIRFAX & SR37,39.080448,-86.514416
2003,8,6,Weekend,1900,2-Car,No injury/unknown,LEFT OF CENTER,EVANS & S BURCH,39.079552,-86.666592
2003,10,2,Weekday,700,2-Car,No injury/unknown,UNSAFE SPEED,DUVALL & KOONTY RD,39.079248,-86.619792
2003,2,7,Weekend,700,1-Car,No injury/unknown,,FIRST ST SANDERS & S FAIRFAX RD,39.07902139,-86.51280425
2003,11,2,Weekday,1000,1-Car,Non-incapacitating,DRIVER ILLNESS,RUSH RIDGE & SR446,39.0770995,-86.41713493
2003,2,7,Weekend,1200,1-Car,No injury/unknown,OTHER (ENVIRONMENTAL) - EXPLAIN IN NARR,S HARMONY,39.07689806,-86.62828021
2003,2,2,Weekday,1300,2-Car,No injury/unknown,ROADWAY SURFACE CONDITION,SMITHVILLE & SR37,39.07516336,-86.53598776
2003,8,4,Weekday,800,2-Car,No injury/unknown,FAILURE TO YIELD RIGHT OF WAY,FAIRFAX & STRAIN RIDGE,39.074448,-86.5056
2003,8,2,Weekday,1500,2-Car,No injury/unknown,LEFT OF CENTER,FLUCKMILL & VICTOR PIKE,39.073952,-86.570896
2003,1,5,Weekday,,1-Car,No injury/unknown,,FLUCK MILL & VICTOR PIKE,39.073952,-86.570896
2003,2,5,Weekday,700,2-Car,No injury/unknown,FOLLOWING TOO CLOSELY,SMITHVILLE & SR 37,39.0721513,-86.5357034
2003,3,4,Weekday,1800,1-Car,No injury/unknown,,SMITHVILLE RD & SR37,39.07131696,-86.52581748
2003,1,1,Weekend,300,1-Car,No injury/unknown,ALCOHOLIC BEVERAGES,SMITHVILLE & ZIKES,39.07126658,-86.52696792
2003,12,7,Weekend,1800,2-Car,No injury/unknown,ROADWAY SURFACE CONDITION,SMITHVILLE RD & SR37,39.07126071,-86.52710184
2003,12,7,Weekend,1800,2-Car,No injury/unknown,ROADWAY SURFACE CONDITION,SMITHVILLE RD & SR37,39.07126071,-86.52710184
2003,2,7,Weekend,1200,1-Car,No injury/unknown,,FLUCK MILL & S KETCHAM RD,39.0712,-86.55261325
2003,9,2,Weekday,700,2-Car,No injury/unknown,FAILURE TO YIELD RIGHT OF WAY,FAIRFAX RD & SMITHVILLE,39.071152,-86.503088
2003,8,1,Weekend,1000,2-Car,No injury/unknown,FAILURE TO YIELD RIGHT OF WAY,FAIRFAX & RAMP CREEK,39.071152,-86.503088
2003,10,2,Weekday,2000,2-Car,No injury/unknown,FAILURE TO YIELD RIGHT OF WAY,FAIRFAX & SMITHVILLE,39.071152,-86.503088
2003,5,2,Weekday,2000,2-Car,No injury/unknown,,STRAIN RIDGE RD,39.07112,-86.507008
2003,8,4,Weekday,1500,Moped/Motorcycle,Non-incapacitating,FAILURE TO YIELD RIGHT OF WAY,SMITHVILLE & STRAIN RIDGE RD,39.07112,-86.507008
2003,2,2,Weekday,1000,1-Car,No injury/unknown,ROADWAY SURFACE CONDITION,BAKERSFIELD & SMITHVILLE RD,39.071101,-86.52539211