Year,Month,Day,Weekend?,Hour,Collision Type,Injury Type,Primary Factor,Reported_Location,Latitude,Longitude
2003,5,6,Weekday,1300,2-Car,No injury/unknown,FAILURE TO YIELD RIGHT OF WAY,SMITHVILLE & SR37,39.071056,-86.5356
2003,11,5,Weekday,1200,2-Car,Non-incapacitating,FAILURE TO YIELD RIGHT OF WAY,SMITHVILLE & SR37,39.071056,-86.5356
2003,8,1,Weekend,1800,2-Car,No injury/unknown,OTHER (DRIVER) - EXPLAIN IN NARRATIVE,SMITHVILLE RD & SR37,39.071056,-86.5356
2003,4,3,Weekday,1200,2-Car,No injury/unknown,FAILURE TO YIELD RIGHT OF WAY,SMITHVILLE & SR37,39.071056,-86.5356
2003,4,3,Weekday,700,2-Car,No injury/unknown,,SMITHVILLE RD & SR37,39.071056,-86.5356
2003,6,4,Weekday,1600,2-Car,No injury/unknown,,KETCHAM & SR37,39.07093943,-86.5364409
2003,8,2,Weekday,1800,1-Car,No injury/unknown,UNSAFE SPEED,FLUCKMILL & KETCHUM,39.070048,-86.561392
2003,10,7,Weekend,1000,1-Car,No injury/unknown,ROADWAY SURFACE CONDITION,EVANS & ROCKPORT RD,39.06984566,-86.60064173
2003,12,4,Weekday,1700,2-Car,No injury/unknown,FAILURE TO YIELD RIGHT OF WAY,WALNUT PLZ,39.069344,-86.507696
2003,2,3,Weekday,800,1-Car,Non-incapacitating,ROADWAY SURFACE CONDITION,SMITHVILLE & SR37,39.06762421,-86.53564386
2003,2,3,Weekday,700,1-Car,Non-incapacitating,ROADWAY SURFACE CONDITION,SMITHVILLE & SR 37,39.06762421,-86.53564386
2003,10,4,Weekday,1300,1-Car,No injury/unknown,UNSAFE SPEED,FAIRFAX RD & SMITHVILLE,39.06759378,-86.50304354
2003,11,5,Weekday,1700,1-Car,Non-incapacitating,ALCOHOLIC BEVERAGES,BERNICE & FAIRFAX RD,39.06714054,-86.502894
2003,6,2,Weekday,1300,2-Car,No injury/unknown,DRIVER ASLEEP OR FATIGUED,SMITHVILLE & SR37,39.06556514,-86.53567018
2003,11,4,Weekday,1200,2-Car,No injury/unknown,IMPROPER TURNING,VICTOR,39.06439142,-86.60640253
2003,10,7,Weekend,700,1-Car,Non-incapacitating,RAN OFF ROAD RIGHT,SR446 & WALDRIP,39.06392725,-86.41456111
2003,10,6,Weekday,1700,1-Car,No injury/unknown,ALCOHOLIC BEVERAGES,MILTON & VICTOR PIKE,39.06287642,-86.57958737
2003,4,7,Weekend,0,Moped/Motorcycle,Fatal,ALCOHOLIC BEVERAGES,CLEVE BUTCHER & FAIRFAX,39.06003891,-86.49843283
2003,7,7,Weekend,1900,1-Car,Non-incapacitating,ALCOHOLIC BEVERAGES,CHANDLER & SR446,39.05715698,-86.4095556
2003,9,5,Weekday,2200,1-Car,No injury/unknown,ANIMAL/OBJECT IN ROADWAY,SCOTT RD & STRAINRIDGE,39.056848,-86.507776
2003,12,3,Weekday,1900,1-Car,No injury/unknown,OTHER (DRIVER) - EXPLAIN IN NARRATIVE,SCOTT & STRAIN RIDGE RD,39.056848,-86.507776
2003,9,1,Weekday,1900,1-Car,Non-incapacitating,ANIMAL/OBJECT IN ROADWAY,SR446 & WALDRIP,39.05590226,-86.40889345
2003,12,6,Weekday,1500,1-Car,Non-incapacitating,OTHER (DRIVER) - EXPLAIN IN NARRATIVE,446 STATE RD & BURGOON CHURCH,39.055584,-86.408752
2003,7,7,Weekend,1100,2-Car,No injury/unknown,VIEW OBSTRUCTED,STONERIDGE & STRAIN RIDGE RD,39.054799,-86.507899
2003,2,3,Weekday,900,1-Car,No injury/unknown,ROADWAY SURFACE CONDITION,ROCKPORT RD & VICTOR,39.05414981,-86.6062135
2003,1,4,Weekday,1400,1-Car,Non-incapacitating,UNSAFE SPEED,BURGOON CHURCH & SR446,39.05301002,-86.40776916
2003,11,4,Weekday,2300,3+ Cars,No injury/unknown,ALCOHOLIC BEVERAGES,HARMONY & ROCKPORT RD,39.05047338,-86.60891752
2003,5,4,Weekday,1700,1-Car,No injury/unknown,UNSAFE SPEED,HARMONEY & ROCKPORT RD,39.05024,-86.609104
2003,5,7,Weekend,,1-Car,No injury/unknown,UNSAFE SPEED,ANNE & STRAIN RDG,39.0498,-86.507899
2003,1,6,Weekend,2000,1-Car,No injury/unknown,,SR37 & ZIKES,39.04953836,-86.53588689
2003,9,5,Weekday,600,2-Car,Non-incapacitating,FAILURE TO YIELD RIGHT OF WAY,SR 37S & W CEDAR BLUFF,39.049401,-86.540998
2003,3,1,Weekend,1400,1-Car,Non-incapacitating,DRIVER ASLEEP OR FATIGUED,MOORMAN & SR37,39.0486738,-86.53588214
2003,1,5,Weekday,1100,1-Car,No injury/unknown,UNSAFE SPEED,MOORES & SMITH RD,39.04609014,-86.480495
2003,2,3,Weekday,500,1-Car,No injury/unknown,ANIMAL/OBJECT IN ROADWAY,SR 37 & ZIKES,39.04533771,-86.53585715
2003,6,1,Weekend,600,1-Car,Non-incapacitating,DRIVER ASLEEP OR FATIGUED,HAYS & SR446,39.04362786,-86.40675829
2003,8,7,Weekend,300,1-Car,No injury/unknown,,FOX & STRAIN RDG,39.042512,-86.511808
2003,2,5,Weekday,,2-Car,Non-incapacitating,ROADWAY SURFACE CONDITION,SR37 & ZIKES,39.04220784,-86.53582731
2003,10,2,Weekday,1800,1-Car,No injury/unknown,ANIMAL/OBJECT IN ROADWAY,SR37 & ZIKES,39.04121946,-86.53581779
2003,6,5,Weekday,1200,2-Car,No injury/unknown,ROADWAY SURFACE CONDITION,SAINT REMY & SMITH RD,39.03671552,-86.480399
2003,3,6,Weekday,1000,1-Car,No injury/unknown,UNSAFE SPEED,ALLENS CREEK & SR446,39.03495733,-86.40761883
2003,12,6,Weekday,1400,2-Car,No injury/unknown,FAILURE TO YIELD RIGHT OF WAY,POINTE RD & POINTE VIEW,39.0349,-86.512196
2003,3,7,Weekend,1300,Moped/Motorcycle,Non-incapacitating,,ALLENS CREEK & SR446,39.03459505,-86.40787134
2003,4,3,Weekday,1800,Moped/Motorcycle,Non-incapacitating,UNSAFE SPEED,ALLENS CREEK & SR446,39.034112,-86.408208
2003,2,3,Weekday,1700,1-Car,Non-incapacitating,UNSAFE SPEED,ALLENS & SR446,39.034112,-86.408208
2003,7,1,,,1-Car,No injury/unknown,,ALLEN CREEK & SR446,39.034112,-86.408208
2003,12,3,Weekday,2100,1-Car,No injury/unknown,ANIMAL/OBJECT IN ROADWAY,FAIRFAX RD & MOUNT EBAL,39.03373596,-86.49025963
2003,3,2,Weekday,1600,1-Car,No injury/unknown,RAN OFF ROAD RIGHT,ALLENS CREEK RD & SR446,39.03292113,-86.41631607
2003,11,4,Weekday,2100,1-Car,Non-incapacitating,ALCOHOLIC BEVERAGES,FAIRFAX RD & POINTE,39.0325,-86.490099
2003,1,4,Weekday,2200,1-Car,Non-incapacitating,UNSAFE SPEED,FAIRFAX & POINTE RD,39.0323,-86.49802567
2003,8,6,Weekday,1300,1-Car,No injury/unknown,RAN OFF ROAD RIGHT,HAYS & SR 446,39.03145092,-86.40763363
2003,9,2,Weekday,1700,1-Car,No injury/unknown,RAN OFF ROAD RIGHT,ALLENS CREEK & SR446,39.02880385,-86.40804598
2003,6,1,Weekend,1000,1-Car,No injury/unknown,UNSAFE SPEED,CHAPEL HILL & SR446,39.02867915,-86.40796617
2003,9,1,Weekend,300,1-Car,Non-incapacitating,ALCOHOLIC BEVERAGES,CHAPEL HILL & SR 446,39.02843323,-86.40780878
2003,4,4,Weekday,1600,Moped/Motorcycle,Non-incapacitating,UNSAFE SPEED,CARMICHAEL & ROCK EAST,39.027104,-86.668992
2003,8,1,Weekend,1300,1-Car,No injury/unknown,OTHER (ENVIRONMENTAL) - EXPLAIN IN NARR,CHAPEL HILL & SR446,39.02614711,-86.40588904
2003,10,7,Weekend,400,1-Car,Non-incapacitating,RAN OFF ROAD RIGHT,CHAPEL HILL & SR446,39.02614711,-86.40588904
2003,2,5,Weekday,2100,2-Car,No injury/unknown,FOLLOWING TOO CLOSELY,MONROE DAM & STRAIN RIDGE RD,39.02373178,-86.52156654
2003,2,2,Weekday,,1-Car,No injury/unknown,OTHER (DRIVER) - EXPLAIN IN NARRATIVE,CHAPEL & SR446,39.023472,-86.405296
2003,4,3,Weekday,1200,2-Car,No injury/unknown,UNSAFE BACKING,MONROE DAM & SR37,39.02032148,-86.53608062
2003,3,2,Weekday,1500,2-Car,No injury/unknown,OTHER (DRIVER) - EXPLAIN IN NARRATIVE,3RD & MEMORIAL HALL,39.020048,-86.536096
2003,2,5,Weekday,,1-Car,No injury/unknown,ROADWAY SURFACE CONDITION,POPCORN & ROCKPORT RD,39.01993011,-86.59432131
2003,9,1,Weekend,700,1-Car,Non-incapacitating,IMPROPER LANE USAGE,E AUDUBON DR & SR 37,39.01754863,-86.525899
2003,8,2,Weekday,1700,1-Car,No injury/unknown,RAN OFF ROAD RIGHT,POPCORN & ROCKPORT RD,39.01602913,-86.59171775
2003,1,1,Weekend,900,2-Car,No injury/unknown,ROADWAY SURFACE CONDITION,SR 37,39.01586093,-86.53700545
2003,6,1,Weekend,900,2-Car,No injury/unknown,LEFT OF CENTER,SR 446 & TOWER BRIDGE RD,39.015088,-86.401232
2003,10,2,Weekday,0,1-Car,Non-incapacitating,RAN OFF ROAD LEFT,SR445 & TOWER RIDGE RD,39.015088,-86.401232
2003,11,6,Weekend,2100,1-Car,Non-incapacitating,ALCOHOLIC BEVERAGES,POINTE & POINTE CLUB DR,39.01252386,-86.510295
2003,12,2,Weekday,1800,2-Car,Non-incapacitating,UNSAFE SPEED,POPCORN RD & THIRD,39.011984,-86.549232
2003,11,3,Weekday,1400,2-Car,No injury/unknown,UNSAFE SPEED,D & KETCHAM,39.01169095,-86.56192569
2003,11,5,Weekday,2200,2-Car,No injury/unknown,UNSAFE BACKING,MONROE DAM,39.00668002,-86.51532592
2003,2,6,Weekday,1100,2-Car,Non-incapacitating,IMPROPER LANE USAGE,INGRAM & SR37,39.00604421,-86.53718607
2003,11,3,Weekday,1300,1-Car,No injury/unknown,UNSAFE SPEED,VALLEY MISSION & VALLEY MISSION LN,39.005008,-86.5
2003,4,7,Weekend,2000,1-Car,No injury/unknown,UNSAFE SPEED,POPCORN RD & ROCKPORT,39.00427482,-86.58137523
2003,5,7,Weekend,1500,1-Car,Non-incapacitating,UNSAFE SPEED,GUTHERIE RD & PRINCE,39.002752,-86.463856
2003,11,3,Weekday,2300,1-Car,No injury/unknown,ROADWAY SURFACE CONDITION,INGRAM & SR37,38.99232624,-86.53725171
2003,12,7,Weekend,1700,1-Car,Non-incapacitating,UNSAFE SPEED,BARTLETTSVILLE & CHAPLE HILL RD,38.99152,-86.448784
2003,6,7,Weekend,800,1-Car,No injury/unknown,,OLD & SR446,38.990848,-86.368864
2003,2,5,Weekday,2300,2-Car,No injury/unknown,OTHER (DRIVER) - EXPLAIN IN NARRATIVE,45 46 BYPASS & E 10TH,0,0
2003,1,5,Weekday,900,2-Car,No injury/unknown,OTHER (ENVIRONMENTAL) - EXPLAIN IN NARR,COLLEGE MALL RD & EASTLAND PLAZA,0,0
2003,1,6,Weekday,800,1-Car,No injury/unknown,RAN OFF ROAD RIGHT,STATE COURT ST & SWAIN,0,0
2003,1,2,Weekday,1300,2-Car,No injury/unknown,FAILURE TO YIELD RIGHT OF WAY,JORDAN AVE & JORDAN EAST THIRD,0,0
2003,1,5,Weekday,1800,1-Car,No injury/unknown,,RED OAK & SR446,0,0
2003,6,6,Weekend,2300,1-Car,No injury/unknown,RAN OFF ROAD RIGHT,OLD RICHARDSON & SR446,0,0
2003,7,3,Weekday,,2-Car,No injury/unknown,FAILURE TO YIELD RIGHT OF WAY,SR37,0,0
2003,10,1,Weekday,2300,2-Car,No injury/unknown,UNSAFE BACKING,OPTOMETRY PARKING LOT & WOODLAWN,0,0
2003,6,7,Weekend,,2-Car,No injury/unknown,,CUTRITE & SR 446,0,0
2003,10,6,Weekday,1500,2-Car,No injury/unknown,UNSAFE BACKING,BEACH AND CAMPGROUND & MAIN PAYNETOWN SRA RD,0,0
2003,2,3,Weekday,700,1-Car,No injury/unknown,UNSAFE SPEED,SR 37 NB & ZIKES,0,0
2003,2,6,Weekday,1600,2-Car,No injury/unknown,FAILURE TO YIELD RIGHT OF WAY,17TH ST & LINBERG,0,0
2003,7,6,Weekday,1600,1-Car,No injury/unknown,UNSAFE SPEED,FOGGY MORNING DR & MONROE DAM,0,0
2003,1,5,Weekday,700,1-Car,Non-incapacitating,ANIMAL/OBJECT IN ROADWAY,OLD & ROBINSON RD,0,0
2003,2,5,Weekday,1400,2-Car,No injury/unknown,UNSAFE BACKING,3RD & FOREST CIRCLE,0,0
2003,1,4,Weekday,1900,Bus,Non-incapacitating,OTHER (ENVIRONMENTAL) - EXPLAIN IN NARR,ASSEMBLY HALL & FEE,0,0
2003,1,2,Weekday,800,1-Car,No injury/unknown,UNSAFE BACKING,JORDAN & MAIN LIBRARY DOCK,0,0
2003,2,4,Weekday,1600,1-Car,No injury/unknown,UNSAFE BACKING,801 RANGE & IU MOTOR POOL PARKING LOT,0,0
2003,2,5,Weekday,1400,2-Car,No injury/unknown,UNSAFE BACKING,EDUCATION PARKING LOT & ROSE,0,0
2003,2,6,Weekday,900,2-Car,No injury/unknown,UNSAFE SPEED,FOSTER EAST PARKING & LAW,0,0
2003,1,6,Weekend,1900,2-Car,No injury/unknown,UNSAFE BACKING,LAW & SRSC PARKING LOT,0,0
2003,1,2,Weekday,1800,2-Car,No injury/unknown,IMPROPER LANE USAGE,FOREST EAST PARKING & JONES,0,0
2003,1,4,Weekday,0,2-Car,No injury/unknown,,13TH & MCNUT PARKING LOT,0,0
2003,4,6,Weekend,2000,1-Car,No injury/unknown,UNSAFE BACKING,FEE & TENNIS PARKING,0,0
2003,10,7,Weekend,1800,2-Car,No injury/unknown,UNSAFE BACKING,ATWATER & OPTOMETRY LOT,0,0
2003,2,2,Weekday,1400,2-Car,No injury/unknown,IMPROPER TURNING,BLOOMINGTON HS LOT & KINSER PIKE,0,0
2003,5,3,Weekday,0,1-Car,Non-incapacitating,UNSAFE SPEED,GOURLEY & SR37,0,0
2003,2,7,Weekend,1700,2-Car,Non-incapacitating,ROADWAY SURFACE CONDITION,2ND & E ATWATER,0,0
2003,1,6,Weekday,1600,2-Car,No injury/unknown,FAILURE TO YIELD RIGHT OF WAY,KROGERS LOT & LIBERTY,0,0
2003,1,6,Weekend,2200,2-Car,No injury/unknown,FOLLOWING TOO CLOSELY,COLLEGE MALL RD & LOVEMANTER,0,0
2003,3,6,Weekday,1500,2-Car,No injury/unknown,IMPROPER TURNING,DOWNS & WOODLAWN,0,0
2003,1,2,Weekday,2000,1-Car,No injury/unknown,UNSAFE SPEED,BENT TREE,0,0
2003,1,5,Weekday,1900,2-Car,Non-incapacitating,FAILURE TO YIELD RIGHT OF WAY,RAMBLE & WALNUT,0,0
2003,1,6,Weekday,1700,2-Car,No injury/unknown,FAILURE TO YIELD RIGHT OF WAY,MARSH & WALNUT,0,0
2003,2,3,Weekday,800,1-Car,Non-incapacitating,UNSAFE SPEED,HARRODSBURG & SR37,0,0
2003,8,3,Weekday,700,2-Car,No injury/unknown,FAILURE TO YIELD RIGHT OF WAY,HARTSTRAIGHT & Temperance,0,0
2003,7,3,Weekday,1900,1-Car,No injury/unknown,UNSAFE SPEED,OLD WALNUT ST,0,0
2003,3,5,Weekday,1700,2-Car,No injury/unknown,FAILURE TO YIELD RIGHT OF WAY,DONATOS ENTRANCE & E 3RD ST,0,0
2003,2,4,Weekday,1700,2-Car,Non-incapacitating,FOLLOWING TOO CLOSELY,BLOOMINGTON & SR37,0,0
2003,1,6,Weekday,900,3+ Cars,No injury/unknown,OTHER (DRIVER) - EXPLAIN IN NARRATIVE,0LD SR37 & PINEWOOD,0,0
2003,2,2,Weekday,1600,2-Car,Non-incapacitating,LEFT OF CENTER,EW ALLEY 400 BLK & S ROGERS,0,0
2003,2,2,Weekday,1500,2-Car,No injury/unknown,FAILURE TO YIELD RIGHT OF WAY,COLLEGE MALL RD & EASTGATE PLAZA,0,0
2003,2,2,Weekday,1500,Bus,No injury/unknown,IMPROPER PASSING,BRYAN PARK PARKING LOT & WOODLAWN,0,0
2003,2,2,Weekday,700,1-Car,Non-incapacitating,RAN OFF ROAD RIGHT,AUTO MALL & E CONVENANTER DR,0,0
2003,2,4,Weekday,1700,2-Car,No injury/unknown,OTHER (DRIVER) - EXPLAIN IN NARRATIVE,422 EAST & PARKING LOT,0,0
2003,3,2,Weekday,1400,2-Car,No injury/unknown,VIEW OBSTRUCTED,W 3RD ST & WEIMER,0,0
2003,12,7,Weekend,900,2-Car,No injury/unknown,LEFT OF CENTER,3201 & WALMART PARKING LOT,0,0
2003,2,6,Weekend,2100,2-Car,No injury/unknown,IMPROPER TURNING,3RD & WALNUT,0,0
2003,2,3,Weekday,1100,2-Car,No injury/unknown,ROADWAY SURFACE CONDITION,HENDERSON & SMITH SOUTH ALLEY,0,0
2003,2,6,Weekday,1300,2-Car,No injury/unknown,FAILURE TO YIELD RIGHT OF WAY,BLOOMFIELD & INDUSTRIAL,0,0
2003,5,2,Weekday,1000,2-Car,No injury/unknown,FAILURE TO YIELD RIGHT OF WAY,STERLING APTS & UNIVERSITY PARKING LOT,0,0
2003,5,3,Weekday,1100,2-Car,No injury/unknown,LEFT OF CENTER,GORDON & SR37,0,0
2003,2,5,Weekday,700,2-Car,No injury/unknown,ROADWAY SURFACE CONDITION,3RD ST & CURRY,0,0
2003,3,1,Weekend,1200,2-Car,No injury/unknown,OTHER (DRIVER) - EXPLAIN IN NARRATIVE,HIGH & WINDSLOW RD,0,0
2003,2,5,Weekday,1000,2-Car,No injury/unknown,FAILURE TO YIELD RIGHT OF WAY,HIGHLAND & PK YMCA LOT,0,0
2003,2,6,Weekday,700,2-Car,No injury/unknown,FAILURE TO YIELD RIGHT OF WAY,2700 E COVENARTER & NS ALLEY BLMGTON HARDWARE,0,0
2003,2,1,Weekend,1800,2-Car,No injury/unknown,DISREGARD SIGNAL/REG SIGN,COLLEGE MALL RD & EASTLAND,0,0
2003,3,6,Weekday,1600,2-Car,No injury/unknown,IMPROPER TURNING,KINGSTON AVE & MARSH PK LOT,0,0
2003,6,5,Weekday,,2-Car,No injury/unknown,OTHER (DRIVER) - EXPLAIN IN NARRATIVE,20TH & VARSITY LN,0,0
2003,3,1,Weekend,1500,Moped/Motorcycle,No injury/unknown,OTHER (DRIVER) - EXPLAIN IN NARRATIVE,5TH & WALNUT,0,0
2003,3,1,Weekend,1700,2-Car,No injury/unknown,FAILURE TO YIELD RIGHT OF WAY,FRONTAGE & W 2ND ST,0,0
2003,3,1,Weekend,1500,2-Car,No injury/unknown,FOLLOWING TOO CLOSELY,FRONTAGE & W 2ND ST,0,0
2003,5,2,Weekday,1100,2-Car,No injury/unknown,FAILURE TO YIELD RIGHT OF WAY,S DRIVE I U CREDIT UNION & WINSLOW RD,0,0
2003,1,6,Weekday,1700,1-Car,No injury/unknown,RAN OFF ROAD LEFT,JOH HINKLE PL & PETE ELLIS,0,0
2003,9,5,Weekday,1600,2-Car,Non-incapacitating,FAILURE TO YIELD RIGHT OF WAY,HARTSTRAIT & Temperance,0,0
2003,10,6,Weekday,1100,2-Car,No injury/unknown,FAILURE TO YIELD RIGHT OF WAY,HARTSTRAIGHT & Temperance,0,0
2003,4,2,Weekday,1700,3+ Cars,No injury/unknown,FOLLOWING TOO CLOSELY,CHANDLER & SR46,0,0
2003,3,5,Weekday,1600,Moped/Motorcycle,No injury/unknown,FOLLOWING TOO CLOSELY,HARTSTRAIT & Temperance,0,0
2003,8,5,Weekday,1900,2-Car,No injury/unknown,,CEDAR & RIDGESPRINGS DR,0,0
2003,5,6,Weekend,1900,2-Car,No injury/unknown,OTHER (DRIVER) - EXPLAIN IN NARRATIVE,HARTSTRAIT & Temperance,0,0
2003,6,2,Weekday,1300,3+ Cars,No injury/unknown,OTHER (DRIVER) - EXPLAIN IN NARRATIVE,HART STRAIT & SR46,0,0
2003,4,7,Weekend,1200,3+ Cars,No injury/unknown,,KELLI & SR46W,0,0
2003,6,1,Weekend,1200,2-Car,No injury/unknown,OTHER (DRIVER) - EXPLAIN IN NARRATIVE,GRANT & SR46,0,0
2003,6,6,Weekday,700,2-Car,No injury/unknown,OTHER (DRIVER) - EXPLAIN IN NARRATIVE,KELLI & SR46,0,0
2003,5,6,Weekend,1900,3+ Cars,Non-incapacitating,OTHER (DRIVER) - EXPLAIN IN NARRATIVE,HARTSTRAIT & Temperance,0,0
2003,7,2,Weekday,1700,2-Car,No injury/unknown,FAILURE TO YIELD RIGHT OF WAY,HARTSTRAIT & Temperance,0,0
2003,10,7,Weekend,1400,2-Car,Incapacitating,LEFT OF CENTER,HEDRICK & SR46,0,0
2003,12,5,Weekday,1500,2-Car,No injury/unknown,OTHER (DRIVER) - EXPLAIN IN NARRATIVE,3RD & PARKING LOT,0,0
2003,12,5,Weekday,1200,3+ Cars,No injury/unknown,,DUNN & MEMORIAL STADIUM WHITE LOT W,0,0
2003,12,7,Weekend,1700,2-Car,No injury/unknown,,7TH & IMU NORTHWEST DOCK,0,0
2003,12,6,Weekday,400,2-Car,No injury/unknown,ROADWAY SURFACE CONDITION,3RD & FORREST QUAD DORM DR,0,0
2003,12,3,Weekday,100,2-Car,No injury/unknown,IMPROPER LANE USAGE,,0,0
2003,10,7,Weekend,700,1-Car,No injury/unknown,UNSAFE SPEED,2ND & FRONTAGE RD,0,0
2003,11,7,Weekend,1100,2-Car,Non-incapacitating,FOLLOWING TOO CLOSELY,BLOOMFIELD RD & LIBERTY,0,0
2003,10,3,Weekday,1300,2-Car,No injury/unknown,OTHER (DRIVER) - EXPLAIN IN NARRATIVE,2ND & LANDMARK AVE,0,0
2003,9,6,Weekday,1500,2-Car,No injury/unknown,FAILURE TO YIELD RIGHT OF WAY,15TH & WALNUT,0,0
2003,9,3,Weekday,1100,2-Car,Non-incapacitating,FAILURE TO YIELD RIGHT OF WAY,2ND & LANDMARK,0,0
2003,9,2,Weekday,500,2-Car,No injury/unknown,IMPROPER TURNING,3RD & WALNUT,0,0
2003,9,6,Weekday,1600,2-Car,No injury/unknown,FOLLOWING TOO CLOSELY,3RD ST & WRRY,0,0
2003,11,3,Weekday,1300,2-Car,No injury/unknown,,6TH & POPLARS GARAGE,0,0
2003,10,4,Weekday,1400,2-Car,No injury/unknown,OTHER (DRIVER) - EXPLAIN IN NARRATIVE,FOSTER & JORDAN,0,0
2003,12,7,Weekend,1700,2-Car,No injury/unknown,ROADWAY SURFACE CONDITION,JORDAN & LIBRARY PARKING LOT,0,0
2003,11,3,Weekday,1700,2-Car,No injury/unknown,UNSAFE BACKING,10TH & PRIVATE PARKING LOT,0,0
2003,10,4,Weekday,1700,1-Car,Non-incapacitating,FAILURE TO YIELD RIGHT OF WAY,DUNN & SR45SR46,0,0
2003,11,6,Weekend,2100,2-Car,No injury/unknown,UNSAFE BACKING,FEE & GREEN LOT,0,0
2003,12,5,Weekday,1400,2-Car,No injury/unknown,FAILURE TO YIELD RIGHT OF WAY,FRANK SOUTHERN CTR & NORTH,0,0
2003,12,5,Weekday,,2-Car,No injury/unknown,FAILURE TO YIELD RIGHT OF WAY,BASSWOOD & SR45,0,0
2003,11,4,Weekday,900,2-Car,No injury/unknown,UNSAFE BACKING,B H S S NW PARKING LOT & NORTH,0,0
2003,11,1,Weekday,2000,2-Car,No injury/unknown,OTHER (DRIVER) - EXPLAIN IN NARRATIVE,OATES & W3RD,0,0
2003,12,6,Weekday,900,2-Car,No injury/unknown,FOLLOWING TOO CLOSELY,KIMMEL & WEST 3RD ST,0,0
2003,12,5,Weekday,1700,2-Car,No injury/unknown,FAILURE TO YIELD RIGHT OF WAY,19TH & DURR ST,0,0
2003,11,7,Weekend,1400,2-Car,No injury/unknown,IMPROPER PASSING,NICHOLSONS TRAILER PARK,0,0
2003,10,6,Weekend,2200,2-Car,Non-incapacitating,FAILURE TO YIELD RIGHT OF WAY,3RD ST & CLARILL,0,0
2003,11,2,Weekday,1000,2-Car,Non-incapacitating,OTHER (DRIVER) - EXPLAIN IN NARRATIVE,LANDMARK & W3RD ST,0,0
2003,11,2,Weekday,1700,2-Car,No injury/unknown,FAILURE TO YIELD RIGHT OF WAY,15TH & WALNUT ST,0,0
2003,11,6,Weekday,1800,2-Car,No injury/unknown,FOLLOWING TOO CLOSELY,COLLEGE MALL RD & EASTLAND,0,0
2003,11,3,Weekday,1500,2-Car,No injury/unknown,UNSAFE BACKING,HEATHERWOOD LN & POPPY,0,0
2003,11,7,Weekend,1700,3+ Cars,Non-incapacitating,FAILURE TO YIELD RIGHT OF WAY,COLLEGE MALL RD & EASTLAND PLAZA,0,0
2003,12,5,Weekday,1200,2-Car,No injury/unknown,FAILURE TO YIELD RIGHT OF WAY,2ND ST & WALNUT,0,0
2003,11,7,Weekend,300,2-Car,No injury/unknown,UNSAFE BACKING,LEGENDS LOT & OLD,0,0
2003,10,1,Weekend,1500,2-Car,No injury/unknown,FOLLOWING TOO CLOSELY,ROOSEVELT & SR46,0,0
2003,10,7,Weekend,1300,2-Car,No injury/unknown,FOLLOWING TOO CLOSELY,2ND ST & WEIMER,0,0
2003,10,6,Weekday,1200,2-Car,No injury/unknown,FAILURE TO YIELD RIGHT OF WAY,3RD & WALNUT,0,0
2003,9,3,Weekday,1800,2-Car,No injury/unknown,,11TH & FEELN PARKING GARAGE,0,0
2003,9,2,Weekday,1700,2-Car,No injury/unknown,OTHER (DRIVER) - EXPLAIN IN NARRATIVE,ATWATER & OPTOMETRY PARKING LOT ALY,0,0
2003,9,5,Weekday,1700,2-Car,No injury/unknown,OTHER (DRIVER) - EXPLAIN IN NARRATIVE,SR45 & UITS LOT,0,0
2003,10,6,Weekday,1500,2-Car,No injury/unknown,UNSAFE BACKING,FOSTER PARKING LOT & LAW,0,0
2003,10,3,Weekday,1700,2-Car,No injury/unknown,UNSAFE SPEED,MATLOCK & SR45SR46,0,0
2003,10,3,Weekday,1900,2-Car,No injury/unknown,OTHER (VEHICLE) - EXPLAIN IN NARRATIVE,DUNN & WHITE,0,0
2003,10,7,Weekend,2200,2-Car,No injury/unknown,OTHER (DRIVER) - EXPLAIN IN NARRATIVE,JONES & WILKE CIRCLE DR,0,0
2003,9,3,Weekday,1300,2-Car,No injury/unknown,NONE (ENVIRONMENTAL),LIBRARY PARKING LOT & SEVENTH,0,0
2003,9,2,Weekday,1200,2-Car,No injury/unknown,OTHER (DRIVER) - EXPLAIN IN NARRATIVE,DUNN & WHITTE,0,0
2003,11,4,Weekday,1000,2-Car,No injury/unknown,UNSAFE BACKING,RECREATIONAL SPORTS CENTER LOT & UNION,0,0
2003,10,3,Weekday,1600,2-Car,No injury/unknown,FOLLOWING TOO CLOSELY,DUNN & SR46 BYPASS,0,0
2003,11,7,Weekend,1100,2-Car,No injury/unknown,UNSAFE BACKING,HASIA AVE,0,0
2003,12,5,Weekday,1200,2-Car,No injury/unknown,FAILURE TO YIELD RIGHT OF WAY,2ND & WALNUT,0,0
2003,11,3,Weekday,1600,2-Car,No injury/unknown,FAILURE TO YIELD RIGHT OF WAY,PIKE & WALNUT,0,0
2003,11,3,Weekday,1600,1-Car,No injury/unknown,UNSAFE SPEED,CLUB HOUSE DR & OLD,0,0
2003,11,6,Weekday,1400,3+ Cars,No injury/unknown,FOLLOWING TOO CLOSELY,COUNTRY CLUB & ROSE,0,0
2003,11,2,Weekday,1500,Bus,No injury/unknown,UNSAFE BACKING,HIGHLAND & YMCA PARKING LOT,0,0
2003,11,6,Weekday,1800,2-Car,No injury/unknown,FOLLOWING TOO CLOSELY,3RD ST & WHITEHALL,0,0
2003,11,2,Weekday,800,2-Car,Non-incapacitating,DISREGARD SIGNAL/REG SIGN,3RD & WALNUT ST,0,0
2003,10,7,Weekend,1400,3+ Cars,Non-incapacitating,FAILURE TO YIELD RIGHT OF WAY,WALNUT,0,0
2003,11,7,Weekend,1500,1-Car,No injury/unknown,,AUTO MALL & COLENANTER,0,0
2003,10,1,Weekend,300,2-Car,No injury/unknown,RAN OFF ROAD RIGHT,HOOSIER CT PARKING LOT,0,0
2003,12,4,Weekday,1100,3+ Cars,Non-incapacitating,UNSAFE SPEED,3RD & DT 45,0,0
2003,11,6,Weekday,1500,3+ Cars,Non-incapacitating,ROADWAY SURFACE CONDITION,SR45 & US45,0,0
2003,12,5,Weekday,1200,2-Car,Non-incapacitating,FAILURE TO YIELD RIGHT OF WAY,2ND & LANDMARK AVE,0,0