Year,Month,Day,Weekend?,Hour,Collision Type,Injury Type,Primary Factor,Reported_Location,Latitude,Longitude
2003,12,4,Weekday,1200,2-Car,No injury/unknown,FAILURE TO YIELD RIGHT OF WAY,CVS PARKING,0,0
2003,7,4,Weekday,2200,1-Car,No injury/unknown,,HARRODSBURG & SR37,0,0
2003,10,4,Weekday,900,2-Car,No injury/unknown,DISREGARD SIGNAL/REG SIGN,HENDERSON & WINDOW,0,0
2003,8,2,Weekday,2200,2-Car,No injury/unknown,FAILURE TO YIELD RIGHT OF WAY,CHI CHI PARKING LOT & E 3RD,0,0
2003,8,4,Weekday,1200,2-Car,Non-incapacitating,FAILURE TO YIELD RIGHT OF WAY,BLOOMFIELD & LIBERTY DR,0,0
2003,8,3,Weekday,1300,1-Car,No injury/unknown,STEERING FAILURE,PARKING LOT & TERRY,0,0
2003,9,6,Weekday,1700,2-Car,Non-incapacitating,FAILURE TO YIELD RIGHT OF WAY,GOVRLEY & SR45 46,0,0
2003,10,4,Weekday,1700,2-Car,No injury/unknown,FOLLOWING TOO CLOSELY,KINGSTON & LONVIEW,0,0
2003,10,4,Weekday,1800,2-Car,No injury/unknown,UNSAFE BACKING,3RD & LOT OF 2600 E 3RD,0,0
2003,11,3,Weekday,1900,2-Car,No injury/unknown,ROADWAY SURFACE CONDITION,CLARIZZ BLVD & COVENANTER,0,0
2003,9,2,Weekday,1600,2-Car,No injury/unknown,FAILURE TO YIELD RIGHT OF WAY,MEADOW PARK & SMITH RD,0,0
2003,7,7,Weekend,400,2-Car,No injury/unknown,,,0,0
2003,8,1,Weekend,1800,2-Car,No injury/unknown,OTHER (DRIVER) - EXPLAIN IN NARRATIVE,GOURLEY & SR37,0,0
2003,7,5,Weekday,1600,2-Car,No injury/unknown,FAILURE TO YIELD RIGHT OF WAY,SHORT STOP ENTRANCE & SMITH RD,0,0
2003,8,6,Weekday,1400,2-Car,No injury/unknown,OTHER (ENVIRONMENTAL) - EXPLAIN IN NARR,GRAY BROTHERS PARKING LOT & LIBERTY,0,0
2003,8,1,Weekend,1600,2-Car,Non-incapacitating,DISREGARD SIGNAL/REG SIGN,4TH & WALNUT,0,0
2003,7,7,Weekend,1100,2-Car,No injury/unknown,OTHER (ENVIRONMENTAL) - EXPLAIN IN NARR,KIASER & State Road 45 46 Bypass,0,0
2003,5,5,Weekday,1800,2-Car,No injury/unknown,FOLLOWING TOO CLOSELY,COLLEGE MALL & EASTLAND,0,0
2003,4,5,Weekday,2200,2-Car,No injury/unknown,UNSAFE SPEED,501 NORTHLANE & NORTHLANE,0,0
2003,10,5,Weekday,900,1-Car,Non-incapacitating,PEDESTRIAN ACTION,BALFOUR & JORDAN AVE,0,0
2003,12,3,Weekday,1300,2-Car,No injury/unknown,,BRISCOE CIRCLE & FEE,0,0
2003,12,4,Weekday,800,2-Car,No injury/unknown,UNSAFE BACKING,MUSIC DOCK & THIRD,0,0
2003,12,4,Weekday,1300,2-Car,No injury/unknown,OTHER (DRIVER) - EXPLAIN IN NARRATIVE,FINE ARTS DR & JORDAN,0,0
2003,6,6,Weekday,300,1-Car,No injury/unknown,ALCOHOLIC BEVERAGES,ATWATER GARAGE,0,0
2003,6,6,Weekday,1200,2-Car,No injury/unknown,OTHER (ENVIRONMENTAL) - EXPLAIN IN NARR,IMU CIR & SEVENTH,0,0
2003,10,3,Weekday,1200,2-Car,No injury/unknown,FAILURE TO YIELD RIGHT OF WAY,10TH ST & TENTH SUNRISE,0,0
2003,7,5,Weekday,1600,2-Car,No injury/unknown,OTHER (DRIVER) - EXPLAIN IN NARRATIVE,JORDAN & READ CIR,0,0
2003,8,5,Weekday,1500,2-Car,No injury/unknown,FAILURE TO YIELD RIGHT OF WAY,3RD ST & PARK,0,0
2003,7,3,Weekday,1700,1-Car,No injury/unknown,OTHER (ENVIRONMENTAL) - EXPLAIN IN NARR,11TH & FEELANE GARAGE,0,0
2003,8,1,Weekday,2100,2-Car,No injury/unknown,,10TH & CROSSTOWN PLAZA PARKING LOT,0,0
2003,9,6,Weekday,1700,2-Car,No injury/unknown,VIEW OBSTRUCTED,LINGELBACH & REDBUD APTS LOT,0,0
2003,9,2,Weekday,1600,2-Car,No injury/unknown,OTHER (VEHICLE) - EXPLAIN IN NARRATIVE,EIGENMANN CIRCLE DR & UNION,0,0
2003,9,3,Weekday,1000,2-Car,No injury/unknown,OTHER LIGHTS DEFECTIVE,MEMORIAL STADIUM & SOUTH SERVICE DR,0,0
2003,10,3,Weekday,700,2-Car,No injury/unknown,UNSAFE BACKING,17TH & ENDZONE SERV DR,0,0
2003,11,1,Weekend,1600,2-Car,Non-incapacitating,FOLLOWING TOO CLOSELY,PURPLE LOT GATE 2 & SR 45 46,0,0
2003,8,5,Weekday,1400,2-Car,Non-incapacitating,FOLLOWING TOO CLOSELY,10TH ST & WRIGHT QUAD EAST,0,0
2003,9,5,Weekday,900,2-Car,No injury/unknown,UNSAFE BACKING,17TH & EVERMAN WEST,0,0
2003,9,3,Weekday,1600,2-Car,No injury/unknown,UNSAFE BACKING,INDIANA & VON LEE,0,0
2003,9,4,Weekday,2000,2-Car,No injury/unknown,,FEE & FOSTER CIRCLE DR,0,0
2003,8,1,Weekday,2200,2-Car,No injury/unknown,UNSAFE BACKING,FOSTER FIRE DR & LAW,0,0
2003,7,6,Weekday,800,2-Car,No injury/unknown,INSECURE/LEAKY LOAD,IMU SRVE DR & KIRKWOOD,0,0
2003,9,5,Weekday,1700,2-Car,No injury/unknown,FAILURE TO YIELD RIGHT OF WAY,DUNN & INDIANA AVE,0,0
2003,10,5,Weekday,2200,2-Car,No injury/unknown,UNSAFE BACKING,10TH & CROSS TOWN II SHOPING CENTER,0,0
2003,8,4,Weekday,1700,2-Car,No injury/unknown,FOLLOWING TOO CLOSELY,NORTON AVE & W KIRKWOOD,0,0
2003,8,6,Weekday,1600,2-Car,Non-incapacitating,FOLLOWING TOO CLOSELY,2ND & ROSERGS,0,0
2003,8,6,Weekday,1400,2-Car,No injury/unknown,DISREGARD SIGNAL/REG SIGN,COLLEGE MALL & EASTLAND,0,0
2003,10,3,Weekday,1400,2-Car,No injury/unknown,FOLLOWING TOO CLOSELY,3RD ST & LANDMARK,0,0
2003,11,7,Weekend,1900,2-Car,No injury/unknown,FAILURE TO YIELD RIGHT OF WAY,ENTRANCE EXIT TO WALLMART & SR 45,0,0
2003,9,2,Weekday,1600,2-Car,Non-incapacitating,DISREGARD SIGNAL/REG SIGN,ALEXANDER & GATES DR,0,0
2003,4,4,Weekday,,2-Car,No injury/unknown,,,0,0
2003,4,4,Weekday,900,2-Car,No injury/unknown,FAILURE TO YIELD RIGHT OF WAY,1ST & WALNUT ST,0,0
2003,5,1,Weekend,300,1-Car,No injury/unknown,OTHER (DRIVER) - EXPLAIN IN NARRATIVE,BLOOMFIELD & WALMART PARKING LOT,0,0
2003,12,2,Weekday,1800,2-Car,No injury/unknown,DISREGARD SIGNAL/REG SIGN,BLOOMFIELD RD & LENOARD,0,0
2003,8,7,Weekend,2100,1-Car,No injury/unknown,RAN OFF ROAD RIGHT,HIGHLAND AVE & OLD MILL,0,0
2003,6,7,Weekend,200,1-Car,No injury/unknown,OTHER (ENVIRONMENTAL) - EXPLAIN IN NARR,HIGHLAND & SOUTH DOWNS,0,0
2003,6,4,Weekday,1000,2-Car,No injury/unknown,OTHER (DRIVER) - EXPLAIN IN NARRATIVE,SR45,0,0
2003,6,2,Weekday,1300,2-Car,Non-incapacitating,OTHER (ENVIRONMENTAL) - EXPLAIN IN NARR,PIKE & S WALNUT ST,0,0
2003,7,1,Weekend,200,2-Car,No injury/unknown,OTHER (ENVIRONMENTAL) - EXPLAIN IN NARR,OLD & SR37,0,0
2003,6,5,Weekday,800,2-Car,No injury/unknown,,HEADLEY RD & SR45 46,0,0
2003,5,6,Weekday,1500,2-Car,No injury/unknown,,3RD & PARKING LOT,0,0
2003,7,3,Weekday,1300,2-Car,Non-incapacitating,FAILURE TO YIELD RIGHT OF WAY,GATES & JACOBS DR,0,0
2003,8,4,Weekday,1100,2-Car,No injury/unknown,FOLLOWING TOO CLOSELY,FRANKLIN WYNNEDALE & W 3RD ST,0,0
2003,5,5,Weekday,1500,3+ Cars,No injury/unknown,FOLLOWING TOO CLOSELY,COLLEGE AVE & GLENDORA,0,0
2003,5,3,Weekday,2000,2-Car,No injury/unknown,OTHER (DRIVER) - EXPLAIN IN NARRATIVE,3RD & K MART PARKING LOT,0,0
2003,5,4,Weekday,1600,3+ Cars,No injury/unknown,FOLLOWING TOO CLOSELY,4TH & WALNUT ST,0,0
2003,6,2,Weekday,1700,2-Car,Non-incapacitating,UNSAFE BACKING,E 10TH & WOODBRIDGE DR,0,0
2003,9,2,Weekday,800,2-Car,No injury/unknown,DISREGARD SIGNAL/REG SIGN,1ST & WALNUT ST,0,0
2003,5,7,Weekend,1300,2-Car,No injury/unknown,FAILURE TO YIELD RIGHT OF WAY,COLLEGE MALL RD & EASTLAND,0,0
2003,11,6,Weekday,1200,2-Car,No injury/unknown,FAILURE TO YIELD RIGHT OF WAY,3RD ST & ST CHARLES SCHOOL DRIVEWAY,0,0
2003,5,6,Weekday,1000,2-Car,No injury/unknown,OTHER (ENVIRONMENTAL) - EXPLAIN IN NARR,PARKING LOT LANDMARK,0,0
2003,5,6,Weekday,1400,2-Car,No injury/unknown,FOLLOWING TOO CLOSELY,BLOOMINGTON H S LOT & KINSER PARK,0,0
2003,5,2,Weekday,1600,2-Car,No injury/unknown,FOLLOWING TOO CLOSELY,3RD ST & GATES,0,0
2003,5,4,Weekday,1200,2-Car,Non-incapacitating,FAILURE TO YIELD RIGHT OF WAY,K MORT DR & SR 48,0,0
2003,5,7,Weekend,1000,2-Car,No injury/unknown,OTHER (ENVIRONMENTAL) - EXPLAIN IN NARR,LIBERTY DR & WHITEHALL PLAZA,0,0
2003,6,6,Weekday,1300,Bus,Non-incapacitating,DRIVER ILLNESS,KROGER LOT S COLLEGE,0,0
2003,6,6,Weekday,1500,2-Car,No injury/unknown,OTHER (ENVIRONMENTAL) - EXPLAIN IN NARR,BLK WILEY & ROGER,0,0
2003,10,7,Weekend,1200,2-Car,Non-incapacitating,ROADWAY SURFACE CONDITION,ROGERS RD & STANDS,0,0
2003,6,1,Weekend,1600,2-Car,No injury/unknown,UNSAFE BACKING,COLLEGE MALL,0,0
2003,6,4,Weekday,1200,2-Car,No injury/unknown,FOLLOWING TOO CLOSELY,BURKS DR & SR37,0,0
2003,6,4,Weekday,900,2-Car,No injury/unknown,,BLOOMINGTON RD & SR37,0,0
2003,6,4,Weekday,1600,2-Car,No injury/unknown,UNSAFE SPEED,BLOOMFIELD & PARKING LOT,0,0
2003,6,5,Weekday,1200,3+ Cars,Non-incapacitating,FOLLOWING TOO CLOSELY,6TH & WALMART,0,0
2003,7,4,Weekday,1400,2-Car,No injury/unknown,FOLLOWING TOO CLOSELY,2ND ST & INDIANA,0,0
2003,6,5,Weekday,700,2-Car,No injury/unknown,DISREGARD SIGNAL/REG SIGN,3RD ST & WALNUT,0,0
2003,10,6,Weekday,1600,2-Car,No injury/unknown,FAILURE TO YIELD RIGHT OF WAY,15TH & WALNUT,0,0
2003,6,2,Weekday,2200,2-Car,No injury/unknown,IMPROPER PASSING,BALFOUR & SR 45,0,0
2003,7,4,Weekday,2200,3+ Cars,No injury/unknown,UNSAFE SPEED,LINSER,0,0
2003,7,3,Weekday,1400,2-Car,No injury/unknown,OTHER (ENVIRONMENTAL) - EXPLAIN IN NARR,FORTEENTH ST & MONROE,0,0
2003,7,3,Weekday,1200,2-Car,No injury/unknown,,3RD & WALNUT,0,0
2003,6,4,Weekday,1500,2-Car,Non-incapacitating,DISREGARD SIGNAL/REG SIGN,3RD & WALNUT,0,0
2003,4,6,Weekday,1400,2-Car,No injury/unknown,FAILURE TO YIELD RIGHT OF WAY,3RD & FOREST GROVE,0,0
2003,9,2,Weekday,1800,2-Car,No injury/unknown,ALCOHOLIC BEVERAGES,INDIANA AVE & VON LEE PARKING LOT,0,0
2003,4,6,Weekday,1700,2-Car,No injury/unknown,FOLLOWING TOO CLOSELY,17TH & 45 46 BYPASS,0,0
2003,5,5,Weekday,2200,2-Car,No injury/unknown,UNSAFE BACKING,10TH JORDAN & WEST DR,0,0
2003,5,2,Weekday,1400,2-Car,No injury/unknown,UNSAFE BACKING,17TH FOREST & BLUE LOT,0,0
2003,5,5,Weekday,2000,2-Car,No injury/unknown,,10TH & EIGENMANN CIR,0,0
2003,5,6,Weekday,1500,2-Car,No injury/unknown,IMPROPER LANE USAGE,ELGENMANN E LOT & JEFFERSON,0,0
2003,4,6,Weekend,2100,2-Car,No injury/unknown,UNSAFE BACKING,6TH & POPLARS GARAGE,0,0
2003,6,5,Weekday,1600,1-Car,No injury/unknown,UNSAFE BACKING,13TH FEE & FOSTER QUAD,0,0
2003,7,2,Weekday,1500,2-Car,No injury/unknown,OTHER (DRIVER) - EXPLAIN IN NARRATIVE,10TH & WRUBEL PARKING LOT,0,0
2003,5,4,Weekday,2000,2-Car,No injury/unknown,UNSAFE BACKING,UNION & WILKIE N PARKING LOT,0,0
2003,8,2,Weekday,1800,2-Car,No injury/unknown,UNSAFE BACKING,HAWTHORNE & LWR LEVEL BALLANTINS GAR,0,0
2003,8,4,Weekday,2200,2-Car,No injury/unknown,IMPROPER LANE USAGE,JORDAN & WRIGHT WEST DR,0,0
2003,5,5,Weekday,1200,Bus,No injury/unknown,IMPROPER TURNING,17TH & WHITE LOT MEMORIAL STADIUM,0,0
2003,5,5,Weekday,1300,Bus,No injury/unknown,IMPROPER TURNING,17TH & WHITE LOT MEMORIAL STADIUM,0,0
2003,5,6,Weekday,1100,3+ Cars,No injury/unknown,OTHER (DRIVER) - EXPLAIN IN NARRATIVE,BRISLOE CIRCLE & FEE,0,0
2003,6,4,Weekday,1100,2-Car,No injury/unknown,OTHER (DRIVER) - EXPLAIN IN NARRATIVE,FEE & IU MOMORIAL STADIUM,0,0
2003,6,5,Weekday,1100,Bus,No injury/unknown,OTHER (DRIVER) - EXPLAIN IN NARRATIVE,FEE & FOSTER NORTH DR,0,0
2003,6,5,Weekday,1300,2-Car,No injury/unknown,UNSAFE BACKING,FEE & KELLY SCHOOL OF BUSINESS,0,0
2003,6,5,Weekday,1100,2-Car,No injury/unknown,UNSAFE BACKING,10TH & IIDC LOT,0,0
2003,6,4,Weekday,1200,2-Car,No injury/unknown,UNSAFE BACKING,10TH & 10TH STREET PARKING LOT,0,0
2003,8,4,Weekday,,2-Car,No injury/unknown,UNSAFE BACKING,,0,0
2003,9,2,Weekday,700,1-Car,Non-incapacitating,DRIVER ILLNESS,HART & SR46,0,0
2003,9,5,Weekday,700,2-Car,No injury/unknown,LEFT OF CENTER,CHESTER DR & THE WOODS,0,0
2003,11,2,Weekday,700,2-Car,No injury/unknown,FOLLOWING TOO CLOSELY,HARTSTRAIT & Temperance,0,0
2003,6,4,Weekday,2100,2-Car,No injury/unknown,OTHER (ENVIRONMENTAL) - EXPLAIN IN NARR,35TH & MISSION DR,0,0
2003,5,7,Weekend,100,1-Car,No injury/unknown,,ROGERS & TAPP RD,0,0
2003,5,7,Weekend,1000,2-Car,Non-incapacitating,UNSAFE SPEED,PHOREN & SMITH RD,0,0
2003,6,1,Weekend,1500,Moped/Motorcycle,Non-incapacitating,ROADWAY SURFACE CONDITION,ANDERSON RD & LOWGAP,0,0
2003,1,1,Weekend,1100,2-Car,Non-incapacitating,OTHER (DRIVER) - EXPLAIN IN NARRATIVE,BURCH & SR4,0,0
2003,1,1,Weekend,1400,1-Car,No injury/unknown,OTHER (ENVIRONMENTAL) - EXPLAIN IN NARR,SR45W & YARD AT 7190 WSR45,0,0
2003,2,6,Weekday,1400,2-Car,No injury/unknown,FAILURE TO YIELD RIGHT OF WAY,37 & BETHEL,0,0
2003,2,5,Weekday,800,1-Car,Non-incapacitating,ROADWAY SURFACE CONDITION,INDUSTRIAL PARK DR & VERNAL,0,0
2003,7,2,Weekday,1100,2-Car,No injury/unknown,,8951 & BABY CREEK RD,0,0
2003,2,7,Weekend,900,1-Car,No injury/unknown,,4010 RAMP CREEK & RAMP CREEK RD,0,0
2003,2,5,Weekday,900,2-Car,No injury/unknown,LEFT OF CENTER,BOULTINGHOUSE RD & SR37,0,0
2003,3,2,Weekday,1800,1-Car,No injury/unknown,ANIMAL/OBJECT IN ROADWAY,SR37 & W ZIKES,0,0
2003,2,6,Weekday,1100,2-Car,No injury/unknown,,CURRY & PRIVATE DRIVEWAY,0,0
2003,2,7,Weekend,1600,1-Car,Non-incapacitating,,BUSINESS 37 & State Road 37 ramp,0,0
2003,3,7,Weekend,1100,1-Car,No injury/unknown,OTHER (DRIVER) - EXPLAIN IN NARRATIVE,GIFFORD & ONE STEP ABOVE DANCE STUDIO,0,0
2003,5,5,Weekday,800,2-Car,No injury/unknown,FAILURE TO YIELD RIGHT OF WAY,SAFFORD & WAMPLER RD,0,0
2003,5,5,Weekday,1900,2-Car,No injury/unknown,UNSAFE BACKING,UNKNOWN,0,0
2003,3,4,Weekday,2000,1-Car,Non-incapacitating,ALCOHOLIC BEVERAGES,STIPP MOFFETT SHIELDS & STIPP RD,0,0
2003,1,2,Weekday,1500,2-Car,No injury/unknown,UNSAFE BACKING,DANIELS & PARKING LOT IVY TECH,0,0
2003,1,2,Weekday,900,2-Car,No injury/unknown,FAILURE TO YIELD RIGHT OF WAY,RHAVER RD & WALNUT,0,0
2003,1,6,Weekday,900,2-Car,No injury/unknown,OTHER (DRIVER) - EXPLAIN IN NARRATIVE,ARBYS PARKING LOT & SR46,0,0
2003,3,2,Weekday,1400,3+ Cars,Non-incapacitating,OTHER TELEMATICS IN USE,10 TH ST & WOODBRIDGE,0,0
2003,4,7,Weekend,1000,Moped/Motorcycle,Non-incapacitating,,CEDAR BLUFF & SR37,0,0
2003,5,4,Weekday,2000,1-Car,Non-incapacitating,OVERCORRECTING/OVERSTEERING,OLD SR37 & SR 37,0,0
2003,4,1,Weekend,1400,2-Car,Non-incapacitating,FAILURE TO YIELD RIGHT OF WAY,RAPPEL & SR45,0,0
2003,8,7,Weekend,1700,2-Car,No injury/unknown,FAILURE TO YIELD RIGHT OF WAY,FAIRFAX RD & OLD WALNUT ST,0,0
2003,8,3,Weekday,1900,Moped/Motorcycle,No injury/unknown,OTHER (DRIVER) - EXPLAIN IN NARRATIVE,SR46 & Temperance,0,0
2003,8,4,Weekday,1700,2-Car,No injury/unknown,UNSAFE BACKING,,0,0
2003,4,4,Weekday,1700,2-Car,Non-incapacitating,DISREGARD SIGNAL/REG SIGN,SR 45 46 BYP & SR137,0,0
2003,4,4,Weekday,1100,2-Car,No injury/unknown,UNSAFE BACKING,ALLEN & PARKING LOT,0,0
2003,5,3,Weekday,700,2-Car,No injury/unknown,FOLLOWING TOO CLOSELY,OLD & SR45,0,0
2003,5,3,Weekday,1500,2-Car,Non-incapacitating,UNSAFE BACKING,,0,0
2003,5,7,Weekend,1500,2-Car,Non-incapacitating,OTHER (DRIVER) - EXPLAIN IN NARRATIVE,HARVEST & UNION VALLEY,0,0
2003,5,4,Weekday,1100,2-Car,No injury/unknown,FOLLOWING TOO CLOSELY,SRHWY37 & TAPP,0,0
2003,5,6,Weekend,2300,1-Car,No injury/unknown,UNSAFE SPEED,BOLTINGHOUSE & EARLYOUNG,0,0
2003,6,3,Weekday,200,2-Car,Non-incapacitating,OTHER (ENVIRONMENTAL) - EXPLAIN IN NARR,CLEAR CREEK & S ROCKPORT RD,0,0
2003,5,2,Weekday,800,1-Car,No injury/unknown,RAN OFF ROAD RIGHT,SR37 & WAYSIDE DR,0,0
2003,6,3,Weekday,800,2-Car,No injury/unknown,LEFT OF CENTER,OLD MYERS & SR37,0,0
2003,6,5,Weekday,1400,2-Car,Non-incapacitating,FAILURE TO YIELD RIGHT OF WAY,5601 & SR37,0,0
2003,8,4,Weekday,1200,1-Car,No injury/unknown,RAN OFF ROAD RIGHT,5520 & SR46,0,0
2003,11,3,Weekday,800,2-Car,Non-incapacitating,LEFT OF CENTER,SR37 & US37,0,0
2003,6,1,Weekend,1300,Moped/Motorcycle,No injury/unknown,OTHER (ENVIRONMENTAL) - EXPLAIN IN NARR,CAUSEWAY & SR 446,0,0
2003,8,5,Weekday,600,2-Car,No injury/unknown,OTHER (DRIVER) - EXPLAIN IN NARRATIVE,5601 & US37,0,0
2003,9,7,Weekend,1100,2-Car,No injury/unknown,FAILURE TO YIELD RIGHT OF WAY,STILLWATER & STRAIN RIDGE,0,0
2003,10,7,Weekend,1100,2-Car,No injury/unknown,LEFT OF CENTER,GOODEHOLLOW & TUNNEL RD,0,0
2003,7,7,Weekend,0,1-Car,Non-incapacitating,ALCOHOLIC BEVERAGES,ANDERSON RD & OLD,0,0
2003,7,3,Weekday,1300,1-Car,No injury/unknown,OTHER (ENVIRONMENTAL) - EXPLAIN IN NARR,LOESOM & WOODYARD RD,0,0
2003,6,2,Weekday,1700,2-Car,No injury/unknown,UNSAFE BACKING,PARKING LOT,0,0
2003,7,4,Weekday,800,2-Car,No injury/unknown,OTHER (DRIVER) - EXPLAIN IN NARRATIVE,SR 37 & WEST 2ND,0,0
2003,9,1,Weekend,1300,1-Car,Non-incapacitating,OTHER (DRIVER) - EXPLAIN IN NARRATIVE,RUSSELL & TIMBERTRACE CREST DR,0,0
2003,11,4,Weekday,1300,2-Car,Non-incapacitating,BRAKE FAILURE OR DEFECTIVE,SR37,0,0
2003,7,4,Weekday,1600,2-Car,No injury/unknown,IMPROPER LANE USAGE,SR 37 & VERNAL,0,0
2003,7,5,Weekday,1700,2-Car,No injury/unknown,FAILURE TO YIELD RIGHT OF WAY,PARKING LOT,0,0
2003,7,7,Weekend,1100,1-Car,No injury/unknown,RAN OFF ROAD LEFT,CURRY & GE PARKING LOT,0,0
2003,10,6,Weekday,800,2-Car,Non-incapacitating,FOLLOWING TOO CLOSELY,ELLIS & SR37,0,0
2003,9,1,Weekend,1700,2-Car,No injury/unknown,ROADWAY SURFACE CONDITION,HILLVIEW & SR37,0,0
2003,9,2,Weekday,1900,1-Car,Non-incapacitating,UNSAFE SPEED,RATLIFF & THOMAS RD,0,0
2003,9,6,Weekday,1500,1-Car,Non-incapacitating,UNSAFE SPEED,HOADLEY & STINESVILLE RD,0,0
2003,10,6,Weekday,1800,1-Car,No injury/unknown,UNSAFE SPEED,GORE & SR37,0,0
2003,11,1,Weekend,1100,1-Car,Non-incapacitating,UNSAFE SPEED,SR 37,0,0
2003,10,7,Weekend,1900,1-Car,Non-incapacitating,UNSAFE SPEED,SR 37,0,0
2003,10,1,Weekday,2300,1-Car,No injury/unknown,DRIVER DISTRACTED - EXPLAIN IN NARRATIVE,MCNEALY & UNION VALLEY,0,0
2003,10,2,Weekday,1800,1-Car,No injury/unknown,ANIMAL/OBJECT IN ROADWAY,HART ST & RATLIFF,0,0
2003,10,6,Weekday,400,1-Car,Fatal,RAN OFF ROAD LEFT,CEDAR BLUFF & SR37,0,0
2003,11,4,Weekday,1500,2-Car,No injury/unknown,OTHER (DRIVER) - EXPLAIN IN NARRATIVE,OLD & SR37,0,0
2003,11,4,Weekday,1800,1-Car,No injury/unknown,OTHER (ENVIRONMENTAL) - EXPLAIN IN NARR,POPCORN & POPCORN RD,0,0
2003,11,2,Weekday,700,2-Car,No injury/unknown,FOLLOWING TOO CLOSELY,SR374 & YERNAI PK,0,0
2003,10,4,Weekday,1100,2-Car,Non-incapacitating,FAILURE TO YIELD RIGHT OF WAY,RICHLAND PLAZA SHOPPING CENTER & UNION VALLEY,0,0
2003,10,4,Weekday,1500,1-Car,No injury/unknown,RAN OFF ROAD RIGHT,3RD & THOMAS RD,0,0
2003,11,4,Weekday,2100,1-Car,No injury/unknown,ANIMAL/OBJECT IN ROADWAY,OLD & SR37,0,0
2003,1,6,Weekend,2100,1-Car,No injury/unknown,RAN OFF ROAD RIGHT,BETHEL & SR37,0,0
2003,4,3,Weekday,1600,2-Car,No injury/unknown,FOLLOWING TOO CLOSELY,MELSON & N SMITH PIKE,0,0
2003,1,4,Weekday,800,1-Car,No injury/unknown,ROADWAY SURFACE CONDITION,HEDRICK RD & SR46,0,0
2003,4,5,Weekday,1100,2-Car,No injury/unknown,UNSAFE BACKING,4 WINDS MARINA PARKING LOT & FAIRFAX,0,0
2003,4,6,Weekday,1200,2-Car,No injury/unknown,VIEW OBSTRUCTED,LIBERTY & MENARDS PARKING LOT,0,0
2003,4,3,Weekday,1300,2-Car,No injury/unknown,OTHER (DRIVER) - EXPLAIN IN NARRATIVE,BOONES & KIRBY RD,0,0
2003,7,3,Weekday,1200,1-Car,No injury/unknown,RAN OFF ROAD RIGHT,N BUSKIRK RD & WIFRY,0,0
2003,2,1,Weekend,1200,2-Car,No injury/unknown,UNSAFE SPEED,CONNAUGHT & SR37,0,0
2003,8,6,Weekday,1300,2-Car,No injury/unknown,,N SMITH & W MERRYWAY LN,0,0
2003,5,4,Weekday,1700,2-Car,Fatal,LEFT OF CENTER,BURGOON CHAPEL & SR446,0,0
2003,7,3,Weekday,1200,2-Car,No injury/unknown,,BUNGER & SR 15,0,0
2003,5,7,Weekend,200,2-Car,No injury/unknown,UNSAFE SPEED,HARTSTRAIGHT & RATLIFF,0,0
2003,2,1,Weekend,1400,1-Car,No injury/unknown,OVERCORRECTING/OVERSTEERING,1620 E SMITH VILLE DRIVE WAY & SMITHVILLE RD,0,0
2003,7,5,Weekday,500,1-Car,Fatal,PEDESTRIAN ACTION,RHORER RED & SR37,0,0
2003,5,3,Weekday,1700,2-Car,No injury/unknown,OTHER (ENVIRONMENTAL) - EXPLAIN IN NARR,7380 CHAFIN CHAPEL & CHAFIN CHAPEL,0,0
2003,1,6,Weekend,2300,1-Car,Non-incapacitating,,FAIRFAX & OLD WALNUT ST,0,0
2003,1,6,Weekday,1700,2-Car,No injury/unknown,FAILURE TO YIELD RIGHT OF WAY,FULTERTON & LEONARD SPRING RD,0,0
2003,2,5,Weekday,1500,2-Car,No injury/unknown,FAILURE TO YIELD RIGHT OF WAY,NORWAY & SMITH PIKE,0,0
2003,4,5,Weekday,2100,2-Car,No injury/unknown,UNSAFE BACKING,TAPP & TRAILER PARK,0,0
2003,2,6,Weekday,1800,2-Car,No injury/unknown,OTHER (DRIVER) - EXPLAIN IN NARRATIVE,KROGER & WALNUT,0,0
2003,2,4,Weekday,1400,2-Car,No injury/unknown,UNSAFE BACKING,TIEMAN TIRES PARKING LOT & YOST,0,0
2003,5,7,Weekend,1100,1-Car,No injury/unknown,ALCOHOLIC BEVERAGES,BEECHWOOD & SHUFFLE CRK,0,0
2003,6,7,Weekend,100,2-Car,Non-incapacitating,ALCOHOLIC BEVERAGES,MT TABER & MT TABOR RD,0,0
2003,4,1,Weekday,1900,2-Car,Non-incapacitating,OTHER (DRIVER) - EXPLAIN IN NARRATIVE,3RD & CURRY,0,0
2003,5,3,Weekday,1700,2-Car,Non-incapacitating,LEFT OF CENTER,SR37,0,0
2003,8,2,Weekday,1900,1-Car,No injury/unknown,UNSAFE SPEED,ANDERSON RD & US37,0,0
2003,8,7,Weekend,1800,2-Car,No injury/unknown,IMPROPER LANE USAGE,COOPER & LAMKES RIDGE,0,0
2003,11,6,Weekend,1900,1-Car,Non-incapacitating,OTHER (DRIVER) - EXPLAIN IN NARRATIVE,CHURCH & SR37,0,0
2003,6,6,Weekday,1500,2-Car,No injury/unknown,IMPROPER TURNING,7854 & SR 37,0,0
2003,7,6,Weekday,0,2-Car,No injury/unknown,FAILURE TO YIELD RIGHT OF WAY,CURRY PIKE & LIBERTY,0,0
2003,8,2,Weekday,1700,3+ Cars,No injury/unknown,OTHER (DRIVER) - EXPLAIN IN NARRATIVE,DRIVEWAY T0 LOWES & SR 37,0,0
2003,12,7,Weekend,1500,1-Car,No injury/unknown,OTHER (DRIVER) - EXPLAIN IN NARRATIVE,BRIGHTON CRES & CORIANDER,0,0
2003,10,6,Weekday,1700,2-Car,No injury/unknown,UNSAFE SPEED,DUNN & MONROE,0,0
2003,11,6,Weekend,1900,2-Car,No injury/unknown,OTHER (DRIVER) - EXPLAIN IN NARRATIVE,ANDERSON RD & DOYAL,0,0
2003,6,6,Weekday,1500,2-Car,No injury/unknown,OTHER (DRIVER) - EXPLAIN IN NARRATIVE,FAIRFAX RD & OLD WALNUT,0,0
2003,7,3,Weekday,1600,1-Car,No injury/unknown,OTHER (ENVIRONMENTAL) - EXPLAIN IN NARR,4800 & SR 37,0,0
2003,5,6,Weekday,1800,2-Car,No injury/unknown,,PARKING LOT CVS & UNION VALLEY,0,0
2003,6,3,Weekday,1500,3+ Cars,No injury/unknown,,ELLER & SR 5,0,0
2003,6,2,Weekday,1700,2-Car,No injury/unknown,,BAYLES & SR 37,0,0
2003,6,6,Weekday,1200,Moped/Motorcycle,No injury/unknown,OTHER (DRIVER) - EXPLAIN IN NARRATIVE,ENTRANCE TO K MART E & THIRD E ST,0,0
2003,7,7,Weekend,1400,Moped/Motorcycle,Non-incapacitating,OTHER (ENVIRONMENTAL) - EXPLAIN IN NARR,ENTRANCE OF TRUE VALUE & RICHLAND PLZ,0,0
2003,7,6,Weekday,1700,2-Car,Non-incapacitating,FAILURE TO YIELD RIGHT OF WAY,MAEFIELD & UNION VALLEY RD,0,0